{"type": "FeatureCollection", "features": [{"type": "Feature", "geometry": {"type": "Point", "coordinates": [2.36062, 40.989101]}, "properties": {"var_data": [-0.057, 0.166, 0.031, 0.077, 1.032, 0.002, 1, 1, 1, 1, 1]}}, {"type": "Feature", "geometry": {"type": "Point", "coordinates": [2.39596, 40.989101]}, "properties": {"var_data": [-0.051, 0.175, 0.023, 0.021, 0.769, 0.0, 1, 1, 1, 1, 1]}}, {"type": "Feature", "geometry": {"type": "Point", "coordinates": [2.4313, 40.989101]}, "properties": {"var_data": [-0.046, 0.171, 0.026, 0.01, 0.774, -0.0, 1, 1, 1, 1, 1]}}, {"type": "Feature", "geometry": {"type": "Point", "coordinates": [2.46664, 40.989101]}, "properties": {"var_data": [-0.077, 0.193, 0.032, 0.022, 1.064, 0.0, 1, 1, 1, 1, 1]}}, {"type": "Feature", "geometry": {"type": "Point", "coordinates": [2.32528, 41.016102]}, "properties": {"var_data": [-0.073, 0.183, 0.031, 0.077, 1.032, 0.002, 1, 1, 1, 1, 1]}}, {"type": "Feature", "geometry": {"type": "Point", "coordinates": [2.36062, 41.016102]}, "properties": {"var_data": [-0.093, 0.198, 0.021, 0.011, 0.764, -0.0, 1, 1, 1, 1, 1]}}, {"type": "Feature", "geometry": {"type": "Point", "coordinates": [2.39596, 41.016102]}, "properties": {"var_data": [-0.12, 0.204, 0.022, 0.008, 0.631, -0.0, 1, 1, 1, 1, 1]}}, {"type": "Feature", "geometry": {"type": "Point", "coordinates": [2.4313, 41.016102]}, "properties": {"var_data": [-0.127, 0.2, 0.022, 0.01, 0.67, -0.0, 1, 1, 1, 1, 1]}}, {"type": "Feature", "geometry": {"type": "Point", "coordinates": [2.46664, 41.016102]}, "properties": {"var_data": [-0.126, 0.19, 0.025, 0.01, 0.771, -0.0, 1, 1, 1, 1, 1]}}, {"type": "Feature", "geometry": {"type": "Point", "coordinates": [2.50198, 41.016102]}, "properties": {"var_data": [-0.111, 0.183, 0.019, 0.022, 1.037, 0.0, 1, 1, 1, 1, 1]}}, {"type": "Feature", "geometry": {"type": "Point", "coordinates": [2.64334, 41.016102]}, "properties": {"var_data": [-0.025, 0.047, 0.019, 0.021, 1.049, -0.0, 1, 1, 1, 1, 1]}}, {"type": "Feature", "geometry": {"type": "Point", "coordinates": [2.67868, 41.016102]}, "properties": {"var_data": [0.035, 0.036, 0.024, 0.021, 1.1, -0.0, 1, 1, 1, 1, 1]}}, {"type": "Feature", "geometry": {"type": "Point", "coordinates": [2.28994, 41.043098]}, "properties": {"var_data": [-0.118, 0.174, 0.019, 0.011, 0.75, -0.0, 1, 1, 1, 1, 1]}}, {"type": "Feature", "geometry": {"type": "Point", "coordinates": [2.32528, 41.043098]}, "properties": {"var_data": [-0.126, 0.202, 0.019, 0.009, 0.577, -0.0, 1, 1, 1, 1, 1]}}, {"type": "Feature", "geometry": {"type": "Point", "coordinates": [2.36062, 41.043098]}, "properties": {"var_data": [-0.121, 0.2, 0.019, 0.008, 0.5, -0.0, 1, 1, 1, 1, 1]}}, {"type": "Feature", "geometry": {"type": "Point", "coordinates": [2.39596, 41.043098]}, "properties": {"var_data": [-0.151, 0.205, 0.017, 0.007, 0.5, -0.0, 1, 1, 1, 1, 1]}}, {"type": "Feature", "geometry": {"type": "Point", "coordinates": [2.4313, 41.043098]}, "properties": {"var_data": [-0.149, 0.192, 0.02, 0.007, 0.501, -0.0, 1, 1, 1, 1, 1]}}, {"type": "Feature", "geometry": {"type": "Point", "coordinates": [2.46664, 41.043098]}, "properties": {"var_data": [-0.155, 0.183, 0.019, 0.008, 0.647, -0.0, 1, 1, 1, 1, 1]}}, {"type": "Feature", "geometry": {"type": "Point", "coordinates": [2.50198, 41.043098]}, "properties": {"var_data": [-0.131, 0.19, 0.019, 0.01, 0.769, -0.0, 1, 1, 1, 1, 1]}}, {"type": "Feature", "geometry": {"type": "Point", "coordinates": [2.608, 41.043098]}, "properties": {"var_data": [-0.079, 0.068, 0.019, 0.021, 1.073, -0.0, 1, 1, 1, 1, 1]}}, {"type": "Feature", "geometry": {"type": "Point", "coordinates": [2.64334, 41.043098]}, "properties": {"var_data": [-0.034, 0.055, 0.022, 0.021, 1.084, -0.0, 1, 1, 1, 1, 1]}}, {"type": "Feature", "geometry": {"type": "Point", "coordinates": [2.67868, 41.043098]}, "properties": {"var_data": [0.035, 0.036, 0.024, 0.021, 1.1, -0.0, 1, 1, 1, 1, 1]}}, {"type": "Feature", "geometry": {"type": "Point", "coordinates": [2.71402, 41.043098]}, "properties": {"var_data": [0.062, 0.028, 0.026, 0.021, 1.122, -0.0, 1, 1, 1, 1, 1]}}, {"type": "Feature", "geometry": {"type": "Point", "coordinates": [2.82004, 41.043098]}, "properties": {"var_data": [-0.207, -0.106, 0.173, 0.043, 1.419, -0.0, 4, 1, 1, 4, 1]}}, {"type": "Feature", "geometry": {"type": "Point", "coordinates": [2.21926, 41.070099]}, "properties": {"var_data": [-0.14, 0.357, 0.022, 0.044, 1.038, 0.0, 1, 1, 1, 1, 1]}}, {"type": "Feature", "geometry": {"type": "Point", "coordinates": [2.2546, 41.070099]}, "properties": {"var_data": [-0.151, 0.287, 0.019, 0.009, 0.639, -0.0, 1, 1, 1, 1, 1]}}, {"type": "Feature", "geometry": {"type": "Point", "coordinates": [2.28994, 41.070099]}, "properties": {"var_data": [-0.132, 0.272, 0.02, 0.008, 0.523, -0.0, 1, 1, 1, 1, 1]}}, {"type": "Feature", "geometry": {"type": "Point", "coordinates": [2.32528, 41.070099]}, "properties": {"var_data": [-0.135, 0.232, 0.019, 0.007, 0.457, -0.0, 1, 1, 1, 1, 1]}}, {"type": "Feature", "geometry": {"type": "Point", "coordinates": [2.36062, 41.070099]}, "properties": {"var_data": [-0.137, 0.21, 0.017, 0.006, 0.457, -0.0, 1, 1, 1, 1, 1]}}, {"type": "Feature", "geometry": {"type": "Point", "coordinates": [2.39596, 41.070099]}, "properties": {"var_data": [-0.147, 0.197, 0.018, 0.006, 0.475, -0.0, 1, 1, 1, 1, 1]}}, {"type": "Feature", "geometry": {"type": "Point", "coordinates": [2.4313, 41.070099]}, "properties": {"var_data": [-0.185, 0.201, 0.024, 0.006, 0.518, -0.0, 1, 1, 1, 1, 1]}}, {"type": "Feature", "geometry": {"type": "Point", "coordinates": [2.46664, 41.070099]}, "properties": {"var_data": [-0.187, 0.19, 0.019, 0.006, 0.601, -0.0, 1, 1, 1, 1, 1]}}, {"type": "Feature", "geometry": {"type": "Point", "coordinates": [2.50198, 41.070099]}, "properties": {"var_data": [-0.184, 0.151, 0.018, 0.011, 1.044, -0.0, 1, 1, 1, 1, 1]}}, {"type": "Feature", "geometry": {"type": "Point", "coordinates": [2.608, 41.070099]}, "properties": {"var_data": [-0.109, 0.059, 0.011, 0.021, 1.043, 0.0, 1, 1, 1, 1, 1]}}, {"type": "Feature", "geometry": {"type": "Point", "coordinates": [2.64334, 41.070099]}, "properties": {"var_data": [-0.031, 0.056, 0.008, 0.021, 1.048, 0.0, 1, 1, 1, 1, 1]}}, {"type": "Feature", "geometry": {"type": "Point", "coordinates": [2.67868, 41.070099]}, "properties": {"var_data": [0.019, 0.034, 0.008, 0.021, 1.055, 0.0, 1, 1, 1, 1, 1]}}, {"type": "Feature", "geometry": {"type": "Point", "coordinates": [2.71402, 41.070099]}, "properties": {"var_data": [0.055, 0.077, 0.01, 0.006, 0.849, 0.0, 1, 1, 1, 1, 1]}}, {"type": "Feature", "geometry": {"type": "Point", "coordinates": [2.7847, 41.070099]}, "properties": {"var_data": [-0.194, 0.017, 0.181, 0.077, 1.612, 0.014, 4, 1, 1, 4, 1]}}, {"type": "Feature", "geometry": {"type": "Point", "coordinates": [2.82004, 41.070099]}, "properties": {"var_data": [-0.193, 0.036, 0.174, 0.098, 1.419, 0.0, 4, 1, 1, 4, 1]}}, {"type": "Feature", "geometry": {"type": "Point", "coordinates": [2.85538, 41.070099]}, "properties": {"var_data": [-0.192, 0.037, 0.173, 0.01, 1.122, -0.001, 1, 1, 1, 1, 1]}}, {"type": "Feature", "geometry": {"type": "Point", "coordinates": [2.04256, 41.097099]}, "properties": {"var_data": [-0.088, 0.259, 0.012, 0.022, 1.057, 0.0, 1, 1, 1, 1, 1]}}, {"type": "Feature", "geometry": {"type": "Point", "coordinates": [2.0779, 41.097099]}, "properties": {"var_data": [-0.101, 0.259, 0.012, 0.022, 1.063, -0.0, 1, 1, 1, 1, 1]}}, {"type": "Feature", "geometry": {"type": "Point", "coordinates": [2.11324, 41.097099]}, "properties": {"var_data": [-0.126, 0.358, 0.012, 0.022, 1.1, -0.0, 1, 1, 1, 1, 1]}}, {"type": "Feature", "geometry": {"type": "Point", "coordinates": [2.21926, 41.097099]}, "properties": {"var_data": [-0.156, 0.351, 0.016, 0.008, 0.636, -0.0, 1, 1, 1, 1, 1]}}, {"type": "Feature", "geometry": {"type": "Point", "coordinates": [2.2546, 41.097099]}, "properties": {"var_data": [-0.174, 0.297, 0.018, 0.008, 0.523, -0.0, 1, 1, 1, 1, 1]}}, {"type": "Feature", "geometry": {"type": "Point", "coordinates": [2.28994, 41.097099]}, "properties": {"var_data": [-0.182, 0.299, 0.021, 0.009, 0.509, -0.0, 1, 1, 1, 1, 1]}}, {"type": "Feature", "geometry": {"type": "Point", "coordinates": [2.32528, 41.097099]}, "properties": {"var_data": [-0.189, 0.263, 0.017, 0.006, 0.418, -0.0, 1, 1, 1, 1, 1]}}, {"type": "Feature", "geometry": {"type": "Point", "coordinates": [2.36062, 41.097099]}, "properties": {"var_data": [-0.206, 0.225, 0.018, 0.006, 0.471, -0.0, 1, 1, 1, 1, 1]}}, {"type": "Feature", "geometry": {"type": "Point", "coordinates": [2.39596, 41.097099]}, "properties": {"var_data": [-0.205, 0.213, 0.016, 0.005, 0.434, -0.0, 1, 1, 1, 1, 1]}}, {"type": "Feature", "geometry": {"type": "Point", "coordinates": [2.4313, 41.097099]}, "properties": {"var_data": [-0.214, 0.196, 0.017, 0.005, 0.456, -0.0, 1, 1, 1, 1, 1]}}, {"type": "Feature", "geometry": {"type": "Point", "coordinates": [2.46664, 41.097099]}, "properties": {"var_data": [-0.202, 0.174, 0.018, 0.006, 0.576, -0.0, 1, 1, 1, 1, 1]}}, {"type": "Feature", "geometry": {"type": "Point", "coordinates": [2.50198, 41.097099]}, "properties": {"var_data": [-0.203, 0.173, 0.017, 0.008, 0.644, -0.0, 1, 1, 1, 1, 1]}}, {"type": "Feature", "geometry": {"type": "Point", "coordinates": [2.608, 41.097099]}, "properties": {"var_data": [-0.133, 0.09, 0.013, 0.021, 1.068, 0.0, 1, 1, 1, 1, 1]}}, {"type": "Feature", "geometry": {"type": "Point", "coordinates": [2.64334, 41.097099]}, "properties": {"var_data": [-0.066, 0.096, 0.008, 0.005, 0.652, 0.0, 1, 1, 1, 1, 1]}}, {"type": "Feature", "geometry": {"type": "Point", "coordinates": [2.67868, 41.097099]}, "properties": {"var_data": [-0.031, 0.101, 0.008, 0.004, 0.606, 0.0, 1, 1, 1, 1, 1]}}, {"type": "Feature", "geometry": {"type": "Point", "coordinates": [2.71402, 41.097099]}, "properties": {"var_data": [0.044, 0.122, 0.01, 0.006, 0.701, 0.0, 1, 1, 1, 1, 1]}}, {"type": "Feature", "geometry": {"type": "Point", "coordinates": [2.74936, 41.097099]}, "properties": {"var_data": [-0.028, 0.107, 0.011, 0.006, 0.816, 0.0, 1, 1, 1, 1, 1]}}, {"type": "Feature", "geometry": {"type": "Point", "coordinates": [2.7847, 41.097099]}, "properties": {"var_data": [-0.127, 0.04, 0.081, 0.036, 1.139, 0.003, 1, 1, 1, 1, 1]}}, {"type": "Feature", "geometry": {"type": "Point", "coordinates": [2.82004, 41.097099]}, "properties": {"var_data": [-0.15, 0.058, 0.031, 0.009, 1.007, 0.0, 1, 1, 1, 1, 1]}}, {"type": "Feature", "geometry": {"type": "Point", "coordinates": [2.85538, 41.097099]}, "properties": {"var_data": [-0.162, 0.07, 0.056, 0.009, 1.013, 0.0, 1, 1, 1, 1, 1]}}, {"type": "Feature", "geometry": {"type": "Point", "coordinates": [2.89072, 41.097099]}, "properties": {"var_data": [0.034, 0.036, 0.041, 0.009, 1.96, 0.0, 1, 1, 1, 1, 1]}}, {"type": "Feature", "geometry": {"type": "Point", "coordinates": [2.9614, 41.097099]}, "properties": {"var_data": [-0.151, -0.092, 0.166, 0.081, 2.206, 0.01, 4, 1, 4, 4, 1]}}, {"type": "Feature", "geometry": {"type": "Point", "coordinates": [2.00722, 41.1241]}, "properties": {"var_data": [-0.088, 0.317, 0.014, 0.068, 1.134, 0.001, 1, 1, 1, 1, 1]}}, {"type": "Feature", "geometry": {"type": "Point", "coordinates": [2.04256, 41.1241]}, "properties": {"var_data": [-0.094, 0.317, 0.009, 0.019, 0.707, -0.0, 1, 1, 1, 1, 1]}}, {"type": "Feature", "geometry": {"type": "Point", "coordinates": [2.0779, 41.1241]}, "properties": {"var_data": [-0.107, 0.357, 0.012, 0.022, 0.833, -0.0, 1, 1, 1, 1, 1]}}, {"type": "Feature", "geometry": {"type": "Point", "coordinates": [2.11324, 41.1241]}, "properties": {"var_data": [-0.118, 0.371, 0.011, 0.023, 1.106, -0.0, 1, 1, 1, 1, 1]}}, {"type": "Feature", "geometry": {"type": "Point", "coordinates": [2.14858, 41.1241]}, "properties": {"var_data": [-0.139, 0.367, 0.011, 0.021, 0.827, -0.0, 1, 1, 1, 1, 1]}}, {"type": "Feature", "geometry": {"type": "Point", "coordinates": [2.18392, 41.1241]}, "properties": {"var_data": [-0.156, 0.356, 0.014, 0.013, 0.807, -0.0, 1, 1, 1, 1, 1]}}, {"type": "Feature", "geometry": {"type": "Point", "coordinates": [2.21926, 41.1241]}, "properties": {"var_data": [-0.17, 0.356, 0.015, 0.008, 0.511, -0.0, 1, 1, 1, 1, 1]}}, {"type": "Feature", "geometry": {"type": "Point", "coordinates": [2.2546, 41.1241]}, "properties": {"var_data": [-0.18, 0.369, 0.018, 0.008, 0.488, -0.0, 1, 1, 1, 1, 1]}}, {"type": "Feature", "geometry": {"type": "Point", "coordinates": [2.28994, 41.1241]}, "properties": {"var_data": [-0.186, 0.321, 0.017, 0.007, 0.426, -0.0, 1, 1, 1, 1, 1]}}, {"type": "Feature", "geometry": {"type": "Point", "coordinates": [2.32528, 41.1241]}, "properties": {"var_data": [-0.192, 0.296, 0.018, 0.007, 0.437, -0.0, 1, 1, 1, 1, 1]}}, {"type": "Feature", "geometry": {"type": "Point", "coordinates": [2.36062, 41.1241]}, "properties": {"var_data": [-0.215, 0.244, 0.019, 0.007, 0.472, -0.0, 1, 1, 1, 1, 1]}}, {"type": "Feature", "geometry": {"type": "Point", "coordinates": [2.39596, 41.1241]}, "properties": {"var_data": [-0.226, 0.21, 0.017, 0.005, 0.439, -0.0, 1, 1, 1, 1, 1]}}, {"type": "Feature", "geometry": {"type": "Point", "coordinates": [2.4313, 41.1241]}, "properties": {"var_data": [-0.239, 0.19, 0.019, 0.005, 0.501, -0.0, 1, 1, 1, 1, 1]}}, {"type": "Feature", "geometry": {"type": "Point", "coordinates": [2.46664, 41.1241]}, "properties": {"var_data": [-0.225, 0.194, 0.021, 0.006, 0.536, -0.0, 1, 1, 1, 1, 1]}}, {"type": "Feature", "geometry": {"type": "Point", "coordinates": [2.50198, 41.1241]}, "properties": {"var_data": [-0.211, 0.175, 0.02, 0.008, 0.627, -0.0, 1, 1, 1, 1, 1]}}, {"type": "Feature", "geometry": {"type": "Point", "coordinates": [2.53732, 41.1241]}, "properties": {"var_data": [-0.183, 0.294, 0.022, 0.039, 1.139, -0.0, 1, 1, 1, 1, 1]}}, {"type": "Feature", "geometry": {"type": "Point", "coordinates": [2.57266, 41.1241]}, "properties": {"var_data": [-0.174, 0.182, 0.012, 0.022, 1.108, -0.0, 1, 1, 1, 1, 1]}}, {"type": "Feature", "geometry": {"type": "Point", "coordinates": [2.608, 41.1241]}, "properties": {"var_data": [-0.129, 0.141, 0.012, 0.006, 0.639, 0.0, 1, 1, 1, 1, 1]}}, {"type": "Feature", "geometry": {"type": "Point", "coordinates": [2.64334, 41.1241]}, "properties": {"var_data": [-0.056, 0.135, 0.008, 0.005, 0.535, 0.0, 1, 1, 1, 1, 1]}}, {"type": "Feature", "geometry": {"type": "Point", "coordinates": [2.67868, 41.1241]}, "properties": {"var_data": [-0.019, 0.128, 0.008, 0.004, 0.562, 0.0, 1, 1, 1, 1, 1]}}, {"type": "Feature", "geometry": {"type": "Point", "coordinates": [2.71402, 41.1241]}, "properties": {"var_data": [0.05, 0.128, 0.01, 0.004, 0.604, 0.0, 1, 1, 1, 1, 1]}}, {"type": "Feature", "geometry": {"type": "Point", "coordinates": [2.74936, 41.1241]}, "properties": {"var_data": [0.049, 0.135, 0.011, 0.005, 0.809, 0.0, 1, 1, 1, 1, 1]}}, {"type": "Feature", "geometry": {"type": "Point", "coordinates": [2.7847, 41.1241]}, "properties": {"var_data": [-0.09, 0.094, 0.048, 0.018, 0.855, 0.001, 1, 1, 1, 1, 1]}}, {"type": "Feature", "geometry": {"type": "Point", "coordinates": [2.82004, 41.1241]}, "properties": {"var_data": [-0.117, 0.088, 0.026, 0.009, 0.916, 0.0, 1, 1, 1, 1, 1]}}, {"type": "Feature", "geometry": {"type": "Point", "coordinates": [2.85538, 41.1241]}, "properties": {"var_data": [-0.105, 0.091, 0.034, 0.009, 0.916, 0.0, 1, 1, 1, 1, 1]}}, {"type": "Feature", "geometry": {"type": "Point", "coordinates": [2.89072, 41.1241]}, "properties": {"var_data": [-0.003, 0.062, 0.035, 0.009, 1.536, 0.0, 1, 1, 1, 1, 1]}}, {"type": "Feature", "geometry": {"type": "Point", "coordinates": [2.92606, 41.1241]}, "properties": {"var_data": [0.0, 0.053, 0.032, 0.009, 1.044, 0.0, 1, 1, 1, 1, 1]}}, {"type": "Feature", "geometry": {"type": "Point", "coordinates": [2.9614, 41.1241]}, "properties": {"var_data": [-0.112, -0.023, 0.081, 0.049, 1.47, 0.003, 1, 1, 1, 1, 1]}}, {"type": "Feature", "geometry": {"type": "Point", "coordinates": [2.99674, 41.1241]}, "properties": {"var_data": [-0.092, -0.022, 0.084, 0.049, 1.644, 0.003, 1, 1, 1, 1, 1]}}, {"type": "Feature", "geometry": {"type": "Point", "coordinates": [1.97188, 41.1511]}, "properties": {"var_data": [-0.088, 0.291, 0.013, 0.062, 1.106, 0.001, 1, 1, 1, 1, 1]}}, {"type": "Feature", "geometry": {"type": "Point", "coordinates": [2.00722, 41.1511]}, "properties": {"var_data": [-0.097, 0.289, 0.009, 0.019, 0.732, -0.0, 1, 1, 1, 1, 1]}}, {"type": "Feature", "geometry": {"type": "Point", "coordinates": [2.04256, 41.1511]}, "properties": {"var_data": [-0.1, 0.326, 0.01, 0.014, 0.609, -0.0, 1, 1, 1, 1, 1]}}, {"type": "Feature", "geometry": {"type": "Point", "coordinates": [2.0779, 41.1511]}, "properties": {"var_data": [-0.112, 0.338, 0.011, 0.015, 0.606, -0.0, 1, 1, 1, 1, 1]}}, {"type": "Feature", "geometry": {"type": "Point", "coordinates": [2.11324, 41.1511]}, "properties": {"var_data": [-0.114, 0.391, 0.011, 0.023, 1.147, -0.0, 1, 1, 1, 1, 1]}}, {"type": "Feature", "geometry": {"type": "Point", "coordinates": [2.14858, 41.1511]}, "properties": {"var_data": [-0.14, 0.289, 0.011, 0.022, 0.735, -0.0, 1, 1, 1, 1, 1]}}, {"type": "Feature", "geometry": {"type": "Point", "coordinates": [2.18392, 41.1511]}, "properties": {"var_data": [-0.148, 0.283, 0.011, 0.011, 0.548, -0.0, 1, 1, 1, 1, 1]}}, {"type": "Feature", "geometry": {"type": "Point", "coordinates": [2.21926, 41.1511]}, "properties": {"var_data": [-0.177, 0.325, 0.013, 0.007, 0.46, -0.0, 1, 1, 1, 1, 1]}}, {"type": "Feature", "geometry": {"type": "Point", "coordinates": [2.2546, 41.1511]}, "properties": {"var_data": [-0.166, 0.348, 0.017, 0.008, 0.443, -0.0, 1, 1, 1, 1, 1]}}, {"type": "Feature", "geometry": {"type": "Point", "coordinates": [2.28994, 41.1511]}, "properties": {"var_data": [-0.181, 0.345, 0.022, 0.01, 0.427, -0.0, 1, 1, 1, 1, 1]}}, {"type": "Feature", "geometry": {"type": "Point", "coordinates": [2.32528, 41.1511]}, "properties": {"var_data": [-0.185, 0.317, 0.017, 0.007, 0.438, -0.0, 1, 1, 1, 1, 1]}}, {"type": "Feature", "geometry": {"type": "Point", "coordinates": [2.36062, 41.1511]}, "properties": {"var_data": [-0.222, 0.287, 0.015, 0.005, 0.408, -0.0, 1, 1, 1, 1, 1]}}, {"type": "Feature", "geometry": {"type": "Point", "coordinates": [2.39596, 41.1511]}, "properties": {"var_data": [-0.232, 0.212, 0.015, 0.005, 0.4, -0.0, 1, 1, 1, 1, 1]}}, {"type": "Feature", "geometry": {"type": "Point", "coordinates": [2.4313, 41.1511]}, "properties": {"var_data": [-0.215, 0.189, 0.013, 0.005, 0.407, -0.0, 1, 1, 1, 1, 1]}}, {"type": "Feature", "geometry": {"type": "Point", "coordinates": [2.46664, 41.1511]}, "properties": {"var_data": [-0.19, 0.18, 0.014, 0.005, 0.415, -0.0, 1, 1, 1, 1, 1]}}, {"type": "Feature", "geometry": {"type": "Point", "coordinates": [2.50198, 41.1511]}, "properties": {"var_data": [-0.185, 0.204, 0.013, 0.006, 0.451, -0.0, 1, 1, 1, 1, 1]}}, {"type": "Feature", "geometry": {"type": "Point", "coordinates": [2.53732, 41.1511]}, "properties": {"var_data": [-0.181, 0.277, 0.014, 0.034, 0.832, -0.0, 1, 1, 1, 1, 1]}}, {"type": "Feature", "geometry": {"type": "Point", "coordinates": [2.57266, 41.1511]}, "properties": {"var_data": [-0.168, 0.241, 0.018, 0.018, 0.601, -0.0, 1, 1, 1, 1, 1]}}, {"type": "Feature", "geometry": {"type": "Point", "coordinates": [2.608, 41.1511]}, "properties": {"var_data": [-0.119, 0.169, 0.013, 0.006, 0.584, 0.0, 1, 1, 1, 1, 1]}}, {"type": "Feature", "geometry": {"type": "Point", "coordinates": [2.64334, 41.1511]}, "properties": {"var_data": [-0.072, 0.14, 0.012, 0.005, 0.543, 0.0, 1, 1, 1, 1, 1]}}, {"type": "Feature", "geometry": {"type": "Point", "coordinates": [2.67868, 41.1511]}, "properties": {"var_data": [0.014, 0.131, 0.008, 0.004, 0.534, 0.0, 1, 1, 1, 1, 1]}}, {"type": "Feature", "geometry": {"type": "Point", "coordinates": [2.71402, 41.1511]}, "properties": {"var_data": [0.046, 0.124, 0.01, 0.004, 0.583, 0.0, 1, 1, 1, 1, 1]}}, {"type": "Feature", "geometry": {"type": "Point", "coordinates": [2.74936, 41.1511]}, "properties": {"var_data": [-0.009, 0.135, 0.021, 0.007, 0.777, 0.0, 1, 1, 1, 1, 1]}}, {"type": "Feature", "geometry": {"type": "Point", "coordinates": [2.7847, 41.1511]}, "properties": {"var_data": [0.159, 0.194, 0.036, 0.015, 1.619, 0.0, 1, 1, 1, 1, 1]}}, {"type": "Feature", "geometry": {"type": "Point", "coordinates": [2.82004, 41.1511]}, "properties": {"var_data": [-0.076, 0.106, 0.033, 0.014, 0.848, 0.0, 1, 1, 1, 1, 1]}}, {"type": "Feature", "geometry": {"type": "Point", "coordinates": [2.85538, 41.1511]}, "properties": {"var_data": [0.039, 0.119, 0.026, 0.008, 1.261, 0.0, 1, 1, 1, 1, 1]}}, {"type": "Feature", "geometry": {"type": "Point", "coordinates": [2.89072, 41.1511]}, "properties": {"var_data": [0.046, 0.103, 0.025, 0.009, 0.837, 0.0, 1, 1, 1, 1, 1]}}, {"type": "Feature", "geometry": {"type": "Point", "coordinates": [2.92606, 41.1511]}, "properties": {"var_data": [-0.017, 0.051, 0.05, 0.031, 0.887, 0.001, 1, 1, 1, 1, 1]}}, {"type": "Feature", "geometry": {"type": "Point", "coordinates": [2.9614, 41.1511]}, "properties": {"var_data": [-0.159, -0.06, 0.047, 0.024, 1.188, 0.001, 1, 1, 1, 1, 1]}}, {"type": "Feature", "geometry": {"type": "Point", "coordinates": [2.99674, 41.1511]}, "properties": {"var_data": [-0.154, -0.061, 0.058, 0.025, 1.443, 0.001, 1, 1, 1, 1, 1]}}, {"type": "Feature", "geometry": {"type": "Point", "coordinates": [3.03208, 41.1511]}, "properties": {"var_data": [-0.192, -0.077, 0.092, 0.028, 1.827, 0.002, 1, 1, 1, 1, 1]}}, {"type": "Feature", "geometry": {"type": "Point", "coordinates": [1.97188, 41.178101]}, "properties": {"var_data": [-0.106, 0.295, 0.009, 0.028, 0.781, 0.0, 1, 1, 1, 1, 1]}}, {"type": "Feature", "geometry": {"type": "Point", "coordinates": [2.00722, 41.178101]}, "properties": {"var_data": [-0.108, 0.295, 0.011, 0.016, 0.612, -0.0, 1, 1, 1, 1, 1]}}, {"type": "Feature", "geometry": {"type": "Point", "coordinates": [2.04256, 41.178101]}, "properties": {"var_data": [-0.098, 0.296, 0.005, 0.014, 0.6, -0.0, 1, 1, 1, 1, 1]}}, {"type": "Feature", "geometry": {"type": "Point", "coordinates": [2.0779, 41.178101]}, "properties": {"var_data": [-0.113, 0.32, 0.006, 0.014, 0.652, -0.0, 1, 1, 1, 1, 1]}}, {"type": "Feature", "geometry": {"type": "Point", "coordinates": [2.11324, 41.178101]}, "properties": {"var_data": [-0.119, 0.334, 0.006, 0.013, 0.652, -0.0, 1, 1, 1, 1, 1]}}, {"type": "Feature", "geometry": {"type": "Point", "coordinates": [2.14858, 41.178101]}, "properties": {"var_data": [-0.136, 0.258, 0.013, 0.016, 0.63, -0.0, 1, 1, 1, 1, 1]}}, {"type": "Feature", "geometry": {"type": "Point", "coordinates": [2.18392, 41.178101]}, "properties": {"var_data": [-0.144, 0.311, 0.012, 0.008, 0.468, -0.0, 1, 1, 1, 1, 1]}}, {"type": "Feature", "geometry": {"type": "Point", "coordinates": [2.21926, 41.178101]}, "properties": {"var_data": [-0.176, 0.319, 0.005, 0.005, 0.449, -0.0, 1, 1, 1, 1, 1]}}, {"type": "Feature", "geometry": {"type": "Point", "coordinates": [2.2546, 41.178101]}, "properties": {"var_data": [-0.165, 0.323, 0.005, 0.004, 0.398, -0.0, 1, 1, 1, 1, 1]}}, {"type": "Feature", "geometry": {"type": "Point", "coordinates": [2.28994, 41.178101]}, "properties": {"var_data": [-0.162, 0.328, 0.019, 0.009, 0.407, -0.0, 1, 1, 1, 1, 1]}}, {"type": "Feature", "geometry": {"type": "Point", "coordinates": [2.32528, 41.178101]}, "properties": {"var_data": [-0.196, 0.328, 0.018, 0.008, 0.411, -0.0, 1, 1, 1, 1, 1]}}, {"type": "Feature", "geometry": {"type": "Point", "coordinates": [2.36062, 41.178101]}, "properties": {"var_data": [-0.2, 0.28, 0.015, 0.006, 0.411, -0.0, 1, 1, 1, 1, 1]}}, {"type": "Feature", "geometry": {"type": "Point", "coordinates": [2.39596, 41.178101]}, "properties": {"var_data": [-0.207, 0.213, 0.014, 0.006, 0.382, -0.0, 1, 1, 1, 1, 1]}}, {"type": "Feature", "geometry": {"type": "Point", "coordinates": [2.4313, 41.178101]}, "properties": {"var_data": [-0.198, 0.209, 0.013, 0.005, 0.386, -0.0, 1, 1, 1, 1, 1]}}, {"type": "Feature", "geometry": {"type": "Point", "coordinates": [2.46664, 41.178101]}, "properties": {"var_data": [-0.159, 0.165, 0.014, 0.005, 0.431, -0.0, 1, 1, 1, 1, 1]}}, {"type": "Feature", "geometry": {"type": "Point", "coordinates": [2.50198, 41.178101]}, "properties": {"var_data": [-0.143, 0.158, 0.016, 0.008, 0.514, -0.0, 1, 1, 1, 1, 1]}}, {"type": "Feature", "geometry": {"type": "Point", "coordinates": [2.53732, 41.178101]}, "properties": {"var_data": [-0.146, 0.224, 0.017, 0.019, 0.72, -0.0, 1, 1, 1, 1, 1]}}, {"type": "Feature", "geometry": {"type": "Point", "coordinates": [2.57266, 41.178101]}, "properties": {"var_data": [-0.127, 0.189, 0.026, 0.017, 0.702, -0.0, 1, 1, 1, 1, 1]}}, {"type": "Feature", "geometry": {"type": "Point", "coordinates": [2.608, 41.178101]}, "properties": {"var_data": [-0.035, 0.113, 0.02, 0.006, 0.803, 0.0, 1, 1, 1, 1, 1]}}, {"type": "Feature", "geometry": {"type": "Point", "coordinates": [2.64334, 41.178101]}, "properties": {"var_data": [0.153, 0.088, 0.018, 0.005, 0.941, 0.0, 1, 1, 1, 1, 1]}}, {"type": "Feature", "geometry": {"type": "Point", "coordinates": [2.67868, 41.178101]}, "properties": {"var_data": [0.082, 0.104, 0.017, 0.005, 0.841, 0.0, 1, 1, 1, 1, 1]}}, {"type": "Feature", "geometry": {"type": "Point", "coordinates": [2.71402, 41.178101]}, "properties": {"var_data": [0.049, 0.12, 0.022, 0.008, 1.025, 0.0, 1, 1, 1, 1, 1]}}, {"type": "Feature", "geometry": {"type": "Point", "coordinates": [2.74936, 41.178101]}, "properties": {"var_data": [0.015, 0.146, 0.02, 0.009, 0.882, 0.0, 1, 1, 1, 1, 1]}}, {"type": "Feature", "geometry": {"type": "Point", "coordinates": [2.7847, 41.178101]}, "properties": {"var_data": [0.116, 0.197, 0.026, 0.013, 1.066, 0.0, 1, 1, 1, 1, 1]}}, {"type": "Feature", "geometry": {"type": "Point", "coordinates": [2.82004, 41.178101]}, "properties": {"var_data": [0.055, 0.162, 0.021, 0.01, 0.965, 0.0, 1, 1, 1, 1, 1]}}, {"type": "Feature", "geometry": {"type": "Point", "coordinates": [2.85538, 41.178101]}, "properties": {"var_data": [0.003, 0.113, 0.021, 0.011, 0.783, 0.0, 1, 1, 1, 1, 1]}}, {"type": "Feature", "geometry": {"type": "Point", "coordinates": [2.89072, 41.178101]}, "properties": {"var_data": [-0.018, 0.082, 0.026, 0.015, 0.773, 0.0, 1, 1, 1, 1, 1]}}, {"type": "Feature", "geometry": {"type": "Point", "coordinates": [2.92606, 41.178101]}, "properties": {"var_data": [-0.104, 0.019, 0.032, 0.028, 0.753, 0.001, 1, 1, 1, 1, 1]}}, {"type": "Feature", "geometry": {"type": "Point", "coordinates": [2.9614, 41.178101]}, "properties": {"var_data": [-0.199, -0.066, 0.025, 0.021, 0.979, 0.0, 1, 1, 1, 1, 1]}}, {"type": "Feature", "geometry": {"type": "Point", "coordinates": [2.99674, 41.178101]}, "properties": {"var_data": [-0.186, -0.067, 0.05, 0.024, 1.077, 0.001, 1, 1, 1, 1, 1]}}, {"type": "Feature", "geometry": {"type": "Point", "coordinates": [3.03208, 41.178101]}, "properties": {"var_data": [-0.048, -0.003, 0.096, 0.027, 0.995, 0.002, 1, 1, 1, 1, 1]}}, {"type": "Feature", "geometry": {"type": "Point", "coordinates": [1.93654, 41.205101]}, "properties": {"var_data": [-0.133, 0.284, 0.017, 0.048, 1.419, -0.0, 1, 1, 1, 1, 1]}}, {"type": "Feature", "geometry": {"type": "Point", "coordinates": [1.97188, 41.205101]}, "properties": {"var_data": [-0.108, 0.462, 0.014, 0.042, 0.977, -0.0, 1, 1, 1, 1, 1]}}, {"type": "Feature", "geometry": {"type": "Point", "coordinates": [2.00722, 41.205101]}, "properties": {"var_data": [-0.119, 0.362, 0.014, 0.019, 0.663, -0.0, 1, 1, 1, 1, 1]}}, {"type": "Feature", "geometry": {"type": "Point", "coordinates": [2.04256, 41.205101]}, "properties": {"var_data": [-0.121, 0.302, 0.006, 0.017, 0.675, -0.0, 1, 1, 1, 1, 1]}}, {"type": "Feature", "geometry": {"type": "Point", "coordinates": [2.0779, 41.205101]}, "properties": {"var_data": [-0.161, 0.322, 0.004, 0.013, 0.683, -0.0, 1, 1, 1, 1, 1]}}, {"type": "Feature", "geometry": {"type": "Point", "coordinates": [2.11324, 41.205101]}, "properties": {"var_data": [-0.18, 0.358, 0.004, 0.011, 0.732, -0.0, 1, 1, 1, 1, 1]}}, {"type": "Feature", "geometry": {"type": "Point", "coordinates": [2.14858, 41.205101]}, "properties": {"var_data": [-0.13, 0.282, 0.005, 0.008, 0.576, -0.0, 1, 1, 1, 1, 1]}}, {"type": "Feature", "geometry": {"type": "Point", "coordinates": [2.18392, 41.205101]}, "properties": {"var_data": [-0.165, 0.313, 0.005, 0.006, 0.528, -0.0, 1, 1, 1, 1, 1]}}, {"type": "Feature", "geometry": {"type": "Point", "coordinates": [2.21926, 41.205101]}, "properties": {"var_data": [-0.175, 0.324, 0.005, 0.005, 0.455, -0.0, 1, 1, 1, 1, 1]}}, {"type": "Feature", "geometry": {"type": "Point", "coordinates": [2.2546, 41.205101]}, "properties": {"var_data": [-0.162, 0.307, 0.005, 0.004, 0.432, -0.0, 1, 1, 1, 1, 1]}}, {"type": "Feature", "geometry": {"type": "Point", "coordinates": [2.28994, 41.205101]}, "properties": {"var_data": [-0.166, 0.321, 0.005, 0.004, 0.418, -0.0, 1, 1, 1, 1, 1]}}, {"type": "Feature", "geometry": {"type": "Point", "coordinates": [2.32528, 41.205101]}, "properties": {"var_data": [-0.166, 0.292, 0.022, 0.01, 0.406, -0.0, 1, 1, 1, 1, 1]}}, {"type": "Feature", "geometry": {"type": "Point", "coordinates": [2.36062, 41.205101]}, "properties": {"var_data": [-0.173, 0.25, 0.013, 0.006, 0.399, -0.0, 1, 1, 1, 1, 1]}}, {"type": "Feature", "geometry": {"type": "Point", "coordinates": [2.39596, 41.205101]}, "properties": {"var_data": [-0.173, 0.211, 0.013, 0.006, 0.398, -0.0, 1, 1, 1, 1, 1]}}, {"type": "Feature", "geometry": {"type": "Point", "coordinates": [2.4313, 41.205101]}, "properties": {"var_data": [-0.182, 0.196, 0.011, 0.006, 0.358, -0.0, 1, 1, 1, 1, 1]}}, {"type": "Feature", "geometry": {"type": "Point", "coordinates": [2.46664, 41.205101]}, "properties": {"var_data": [-0.148, 0.155, 0.013, 0.006, 0.381, -0.0, 1, 1, 1, 1, 1]}}, {"type": "Feature", "geometry": {"type": "Point", "coordinates": [2.50198, 41.205101]}, "properties": {"var_data": [-0.162, 0.138, 0.014, 0.008, 0.431, -0.0, 1, 1, 1, 1, 1]}}, {"type": "Feature", "geometry": {"type": "Point", "coordinates": [2.53732, 41.205101]}, "properties": {"var_data": [-0.133, 0.154, 0.014, 0.012, 0.58, -0.0, 1, 1, 1, 1, 1]}}, {"type": "Feature", "geometry": {"type": "Point", "coordinates": [2.57266, 41.205101]}, "properties": {"var_data": [-0.027, 0.119, 0.021, 0.009, 0.667, -0.0, 1, 1, 1, 1, 1]}}, {"type": "Feature", "geometry": {"type": "Point", "coordinates": [2.608, 41.205101]}, "properties": {"var_data": [0.024, 0.097, 0.016, 0.006, 0.614, -0.0, 1, 1, 1, 1, 1]}}, {"type": "Feature", "geometry": {"type": "Point", "coordinates": [2.64334, 41.205101]}, "properties": {"var_data": [0.086, 0.083, 0.018, 0.006, 0.562, 0.0, 1, 1, 1, 1, 1]}}, {"type": "Feature", "geometry": {"type": "Point", "coordinates": [2.67868, 41.205101]}, "properties": {"var_data": [0.088, 0.082, 0.016, 0.006, 0.651, 0.0, 1, 1, 1, 1, 1]}}, {"type": "Feature", "geometry": {"type": "Point", "coordinates": [2.71402, 41.205101]}, "properties": {"var_data": [0.092, 0.11, 0.014, 0.007, 0.815, 0.0, 1, 1, 1, 1, 1]}}, {"type": "Feature", "geometry": {"type": "Point", "coordinates": [2.74936, 41.205101]}, "properties": {"var_data": [0.036, 0.131, 0.023, 0.011, 0.877, 0.0, 1, 1, 1, 1, 1]}}, {"type": "Feature", "geometry": {"type": "Point", "coordinates": [2.7847, 41.205101]}, "properties": {"var_data": [0.114, 0.187, 0.019, 0.01, 0.877, 0.0, 1, 1, 1, 1, 1]}}, {"type": "Feature", "geometry": {"type": "Point", "coordinates": [2.82004, 41.205101]}, "properties": {"var_data": [0.059, 0.155, 0.018, 0.009, 0.716, 0.0, 1, 1, 1, 1, 1]}}, {"type": "Feature", "geometry": {"type": "Point", "coordinates": [2.85538, 41.205101]}, "properties": {"var_data": [-0.002, 0.13, 0.019, 0.01, 0.709, 0.0, 1, 1, 1, 1, 1]}}, {"type": "Feature", "geometry": {"type": "Point", "coordinates": [2.89072, 41.205101]}, "properties": {"var_data": [-0.053, 0.067, 0.014, 0.012, 0.686, 0.0, 1, 1, 1, 1, 1]}}, {"type": "Feature", "geometry": {"type": "Point", "coordinates": [2.92606, 41.205101]}, "properties": {"var_data": [-0.068, 0.054, 0.019, 0.017, 0.65, 0.0, 1, 1, 1, 1, 1]}}, {"type": "Feature", "geometry": {"type": "Point", "coordinates": [2.9614, 41.205101]}, "properties": {"var_data": [-0.14, -0.021, 0.02, 0.017, 0.784, 0.0, 1, 1, 1, 1, 1]}}, {"type": "Feature", "geometry": {"type": "Point", "coordinates": [2.99674, 41.205101]}, "properties": {"var_data": [-0.107, -0.008, 0.015, 0.012, 0.739, 0.0, 1, 1, 1, 1, 1]}}, {"type": "Feature", "geometry": {"type": "Point", "coordinates": [3.03208, 41.205101]}, "properties": {"var_data": [-0.073, 0.01, 0.073, 0.02, 0.907, 0.001, 1, 1, 1, 1, 1]}}, {"type": "Feature", "geometry": {"type": "Point", "coordinates": [1.93654, 41.232101]}, "properties": {"var_data": [-0.096, 0.561, 0.059, 0.081, 1.757, -0.004, 1, 1, 1, 1, 1]}}, {"type": "Feature", "geometry": {"type": "Point", "coordinates": [1.97188, 41.232101]}, "properties": {"var_data": [-0.158, 0.494, 0.029, 0.055, 1.157, -0.001, 1, 1, 1, 1, 1]}}, {"type": "Feature", "geometry": {"type": "Point", "coordinates": [2.00722, 41.232101]}, "properties": {"var_data": [-0.135, 0.473, 0.03, 0.056, 1.147, -0.001, 1, 1, 1, 1, 1]}}, {"type": "Feature", "geometry": {"type": "Point", "coordinates": [2.04256, 41.232101]}, "properties": {"var_data": [-0.188, 0.455, 0.005, 0.018, 0.834, -0.0, 1, 1, 1, 1, 1]}}, {"type": "Feature", "geometry": {"type": "Point", "coordinates": [2.0779, 41.232101]}, "properties": {"var_data": [-0.2, 0.366, 0.005, 0.014, 0.869, -0.0, 1, 1, 1, 1, 1]}}, {"type": "Feature", "geometry": {"type": "Point", "coordinates": [2.11324, 41.232101]}, "properties": {"var_data": [-0.173, 0.371, 0.004, 0.012, 0.805, -0.0, 1, 1, 1, 1, 1]}}, {"type": "Feature", "geometry": {"type": "Point", "coordinates": [2.14858, 41.232101]}, "properties": {"var_data": [-0.176, 0.288, 0.006, 0.01, 0.692, -0.0, 1, 1, 1, 1, 1]}}, {"type": "Feature", "geometry": {"type": "Point", "coordinates": [2.18392, 41.232101]}, "properties": {"var_data": [-0.176, 0.334, 0.005, 0.006, 0.521, -0.0, 1, 1, 1, 1, 1]}}, {"type": "Feature", "geometry": {"type": "Point", "coordinates": [2.21926, 41.232101]}, "properties": {"var_data": [-0.147, 0.303, 0.005, 0.006, 0.451, -0.0, 1, 1, 1, 1, 1]}}, {"type": "Feature", "geometry": {"type": "Point", "coordinates": [2.2546, 41.232101]}, "properties": {"var_data": [-0.169, 0.302, 0.005, 0.006, 0.43, -0.0, 1, 1, 1, 1, 1]}}, {"type": "Feature", "geometry": {"type": "Point", "coordinates": [2.28994, 41.232101]}, "properties": {"var_data": [-0.177, 0.31, 0.006, 0.005, 0.449, -0.0, 1, 1, 1, 1, 1]}}, {"type": "Feature", "geometry": {"type": "Point", "coordinates": [2.32528, 41.232101]}, "properties": {"var_data": [-0.146, 0.275, 0.027, 0.012, 0.455, -0.0, 1, 1, 1, 1, 1]}}, {"type": "Feature", "geometry": {"type": "Point", "coordinates": [2.36062, 41.232101]}, "properties": {"var_data": [-0.174, 0.259, 0.015, 0.008, 0.446, -0.0, 1, 1, 1, 1, 1]}}, {"type": "Feature", "geometry": {"type": "Point", "coordinates": [2.39596, 41.232101]}, "properties": {"var_data": [-0.176, 0.234, 0.013, 0.006, 0.409, -0.0, 1, 1, 1, 1, 1]}}, {"type": "Feature", "geometry": {"type": "Point", "coordinates": [2.4313, 41.232101]}, "properties": {"var_data": [-0.151, 0.183, 0.014, 0.006, 0.4, -0.0, 1, 1, 1, 1, 1]}}, {"type": "Feature", "geometry": {"type": "Point", "coordinates": [2.46664, 41.232101]}, "properties": {"var_data": [-0.121, 0.125, 0.011, 0.007, 0.4, -0.0, 1, 1, 1, 1, 1]}}, {"type": "Feature", "geometry": {"type": "Point", "coordinates": [2.50198, 41.232101]}, "properties": {"var_data": [-0.107, 0.107, 0.014, 0.007, 0.452, -0.0, 1, 1, 1, 1, 1]}}, {"type": "Feature", "geometry": {"type": "Point", "coordinates": [2.53732, 41.232101]}, "properties": {"var_data": [-0.106, 0.106, 0.018, 0.008, 0.554, -0.0, 1, 1, 1, 1, 1]}}, {"type": "Feature", "geometry": {"type": "Point", "coordinates": [2.57266, 41.232101]}, "properties": {"var_data": [-0.003, 0.055, 0.014, 0.005, 0.553, 0.0, 1, 1, 1, 1, 1]}}, {"type": "Feature", "geometry": {"type": "Point", "coordinates": [2.608, 41.232101]}, "properties": {"var_data": [0.099, 0.046, 0.016, 0.005, 0.546, 0.0, 1, 1, 1, 1, 1]}}, {"type": "Feature", "geometry": {"type": "Point", "coordinates": [2.64334, 41.232101]}, "properties": {"var_data": [0.1, 0.058, 0.013, 0.004, 0.513, 0.0, 1, 1, 1, 1, 1]}}, {"type": "Feature", "geometry": {"type": "Point", "coordinates": [2.67868, 41.232101]}, "properties": {"var_data": [0.09, 0.071, 0.016, 0.006, 0.533, 0.0, 1, 1, 1, 1, 1]}}, {"type": "Feature", "geometry": {"type": "Point", "coordinates": [2.71402, 41.232101]}, "properties": {"var_data": [0.084, 0.093, 0.014, 0.007, 0.61, 0.0, 1, 1, 1, 1, 1]}}, {"type": "Feature", "geometry": {"type": "Point", "coordinates": [2.74936, 41.232101]}, "properties": {"var_data": [-0.072, 0.112, 0.005, 0.004, 0.634, 0.0, 1, 1, 1, 1, 1]}}, {"type": "Feature", "geometry": {"type": "Point", "coordinates": [2.7847, 41.232101]}, "properties": {"var_data": [-0.084, 0.145, 0.005, 0.005, 0.623, 0.0, 1, 1, 1, 1, 1]}}, {"type": "Feature", "geometry": {"type": "Point", "coordinates": [2.82004, 41.232101]}, "properties": {"var_data": [-0.041, 0.149, 0.005, 0.005, 0.549, 0.0, 1, 1, 1, 1, 1]}}, {"type": "Feature", "geometry": {"type": "Point", "coordinates": [2.85538, 41.232101]}, "properties": {"var_data": [-0.06, 0.105, 0.005, 0.006, 0.568, 0.0, 1, 1, 1, 1, 1]}}, {"type": "Feature", "geometry": {"type": "Point", "coordinates": [2.89072, 41.232101]}, "properties": {"var_data": [-0.002, 0.106, 0.013, 0.01, 0.579, 0.0, 1, 1, 1, 1, 1]}}, {"type": "Feature", "geometry": {"type": "Point", "coordinates": [2.92606, 41.232101]}, "properties": {"var_data": [-0.085, 0.038, 0.019, 0.016, 0.666, 0.0, 1, 1, 1, 1, 1]}}, {"type": "Feature", "geometry": {"type": "Point", "coordinates": [2.9614, 41.232101]}, "properties": {"var_data": [-0.143, -0.027, 0.021, 0.018, 0.746, 0.0, 1, 1, 1, 1, 1]}}, {"type": "Feature", "geometry": {"type": "Point", "coordinates": [2.99674, 41.232101]}, "properties": {"var_data": [-0.164, -0.01, 0.014, 0.011, 0.917, 0.0, 1, 1, 1, 1, 1]}}, {"type": "Feature", "geometry": {"type": "Point", "coordinates": [3.03208, 41.232101]}, "properties": {"var_data": [-0.096, 0.019, 0.029, 0.012, 0.751, 0.0, 1, 1, 1, 1, 1]}}, {"type": "Feature", "geometry": {"type": "Point", "coordinates": [3.06742, 41.232101]}, "properties": {"var_data": [-0.049, 0.069, 0.031, 0.015, 0.829, 0.0, 1, 1, 1, 1, 1]}}, {"type": "Feature", "geometry": {"type": "Point", "coordinates": [3.10276, 41.232101]}, "properties": {"var_data": [-0.019, 0.096, 0.035, 0.015, 0.969, 0.0, 1, 1, 1, 1, 1]}}, {"type": "Feature", "geometry": {"type": "Point", "coordinates": [1.93654, 41.259102]}, "properties": {"var_data": [-0.241, 1.265, 0.108, 1.006, 2.843, -0.09, 4, 4, 4, 4, 1]}}, {"type": "Feature", "geometry": {"type": "Point", "coordinates": [1.97188, 41.259102]}, "properties": {"var_data": [-0.264, 0.646, 0.059, 0.081, 1.752, -0.004, 4, 4, 1, 1, 1]}}, {"type": "Feature", "geometry": {"type": "Point", "coordinates": [2.00722, 41.259102]}, "properties": {"var_data": [-0.223, 0.608, 0.044, 0.069, 1.42, -0.002, 1, 1, 1, 1, 1]}}, {"type": "Feature", "geometry": {"type": "Point", "coordinates": [2.04256, 41.259102]}, "properties": {"var_data": [-0.301, 0.822, 0.01, 0.068, 1.539, -0.001, 4, 4, 1, 1, 1]}}, {"type": "Feature", "geometry": {"type": "Point", "coordinates": [2.0779, 41.259102]}, "properties": {"var_data": [-0.262, 0.396, 0.005, 0.019, 1.395, -0.0, 1, 1, 1, 1, 1]}}, {"type": "Feature", "geometry": {"type": "Point", "coordinates": [2.11324, 41.259102]}, "properties": {"var_data": [-0.21, 0.237, 0.005, 0.019, 1.544, -0.0, 1, 1, 1, 1, 1]}}, {"type": "Feature", "geometry": {"type": "Point", "coordinates": [2.14858, 41.259102]}, "properties": {"var_data": [-0.241, 0.379, 0.006, 0.011, 0.692, -0.0, 1, 1, 1, 1, 1]}}, {"type": "Feature", "geometry": {"type": "Point", "coordinates": [2.18392, 41.259102]}, "properties": {"var_data": [-0.181, 0.354, 0.005, 0.007, 0.606, -0.0, 1, 1, 1, 1, 1]}}, {"type": "Feature", "geometry": {"type": "Point", "coordinates": [2.21926, 41.259102]}, "properties": {"var_data": [-0.162, 0.315, 0.005, 0.006, 0.519, -0.0, 1, 1, 1, 1, 1]}}, {"type": "Feature", "geometry": {"type": "Point", "coordinates": [2.2546, 41.259102]}, "properties": {"var_data": [-0.153, 0.291, 0.006, 0.006, 0.494, -0.0, 1, 1, 1, 1, 1]}}, {"type": "Feature", "geometry": {"type": "Point", "coordinates": [2.28994, 41.259102]}, "properties": {"var_data": [-0.185, 0.316, 0.027, 0.015, 0.495, -0.0, 1, 1, 1, 1, 1]}}, {"type": "Feature", "geometry": {"type": "Point", "coordinates": [2.32528, 41.259102]}, "properties": {"var_data": [-0.162, 0.279, 0.015, 0.01, 0.465, -0.0, 1, 1, 1, 1, 1]}}, {"type": "Feature", "geometry": {"type": "Point", "coordinates": [2.36062, 41.259102]}, "properties": {"var_data": [-0.147, 0.248, 0.013, 0.009, 0.443, -0.0, 1, 1, 1, 1, 1]}}, {"type": "Feature", "geometry": {"type": "Point", "coordinates": [2.39596, 41.259102]}, "properties": {"var_data": [-0.149, 0.223, 0.012, 0.006, 0.414, -0.0, 1, 1, 1, 1, 1]}}, {"type": "Feature", "geometry": {"type": "Point", "coordinates": [2.4313, 41.259102]}, "properties": {"var_data": [-0.154, 0.179, 0.015, 0.006, 0.395, -0.0, 1, 1, 1, 1, 1]}}, {"type": "Feature", "geometry": {"type": "Point", "coordinates": [2.46664, 41.259102]}, "properties": {"var_data": [-0.124, 0.116, 0.013, 0.006, 0.375, -0.0, 1, 1, 1, 1, 1]}}, {"type": "Feature", "geometry": {"type": "Point", "coordinates": [2.50198, 41.259102]}, "properties": {"var_data": [-0.093, 0.09, 0.019, 0.007, 0.466, -0.0, 1, 1, 1, 1, 1]}}, {"type": "Feature", "geometry": {"type": "Point", "coordinates": [2.53732, 41.259102]}, "properties": {"var_data": [-0.066, 0.088, 0.02, 0.008, 0.57, -0.0, 1, 1, 1, 1, 1]}}, {"type": "Feature", "geometry": {"type": "Point", "coordinates": [2.57266, 41.259102]}, "properties": {"var_data": [0.096, 0.016, 0.015, 0.004, 0.577, 0.0, 1, 1, 1, 1, 1]}}, {"type": "Feature", "geometry": {"type": "Point", "coordinates": [2.608, 41.259102]}, "properties": {"var_data": [0.143, 0.013, 0.009, 0.003, 0.493, -0.0, 1, 1, 1, 1, 1]}}, {"type": "Feature", "geometry": {"type": "Point", "coordinates": [2.64334, 41.259102]}, "properties": {"var_data": [0.143, 0.017, 0.007, 0.003, 0.464, 0.0, 1, 1, 1, 1, 1]}}, {"type": "Feature", "geometry": {"type": "Point", "coordinates": [2.67868, 41.259102]}, "properties": {"var_data": [0.126, 0.038, 0.007, 0.003, 0.458, 0.0, 1, 1, 1, 1, 1]}}, {"type": "Feature", "geometry": {"type": "Point", "coordinates": [2.71402, 41.259102]}, "properties": {"var_data": [0.14, 0.054, 0.023, 0.01, 0.525, 0.0, 1, 1, 1, 1, 1]}}, {"type": "Feature", "geometry": {"type": "Point", "coordinates": [2.74936, 41.259102]}, "properties": {"var_data": [0.02, 0.078, 0.005, 0.004, 0.566, 0.0, 1, 1, 1, 1, 1]}}, {"type": "Feature", "geometry": {"type": "Point", "coordinates": [2.7847, 41.259102]}, "properties": {"var_data": [-0.032, 0.128, 0.005, 0.005, 0.495, 0.0, 1, 1, 1, 1, 1]}}, {"type": "Feature", "geometry": {"type": "Point", "coordinates": [2.82004, 41.259102]}, "properties": {"var_data": [-0.018, 0.136, 0.005, 0.005, 0.512, 0.0, 1, 1, 1, 1, 1]}}, {"type": "Feature", "geometry": {"type": "Point", "coordinates": [2.85538, 41.259102]}, "properties": {"var_data": [-0.026, 0.116, 0.005, 0.006, 0.54, 0.0, 1, 1, 1, 1, 1]}}, {"type": "Feature", "geometry": {"type": "Point", "coordinates": [2.89072, 41.259102]}, "properties": {"var_data": [0.019, 0.097, 0.015, 0.013, 0.52, 0.0, 1, 1, 1, 1, 1]}}, {"type": "Feature", "geometry": {"type": "Point", "coordinates": [2.92606, 41.259102]}, "properties": {"var_data": [-0.02, 0.07, 0.016, 0.015, 0.599, 0.0, 1, 1, 1, 1, 1]}}, {"type": "Feature", "geometry": {"type": "Point", "coordinates": [2.9614, 41.259102]}, "properties": {"var_data": [-0.112, -0.009, 0.021, 0.019, 0.754, 0.0, 1, 1, 1, 1, 1]}}, {"type": "Feature", "geometry": {"type": "Point", "coordinates": [2.99674, 41.259102]}, "properties": {"var_data": [-0.083, 0.017, 0.014, 0.011, 0.634, 0.0, 1, 1, 1, 1, 1]}}, {"type": "Feature", "geometry": {"type": "Point", "coordinates": [3.03208, 41.259102]}, "properties": {"var_data": [-0.049, 0.056, 0.026, 0.013, 0.806, 0.0, 1, 1, 1, 1, 1]}}, {"type": "Feature", "geometry": {"type": "Point", "coordinates": [3.06742, 41.259102]}, "properties": {"var_data": [-0.0, 0.101, 0.028, 0.014, 0.818, 0.0, 1, 1, 1, 1, 1]}}, {"type": "Feature", "geometry": {"type": "Point", "coordinates": [3.10276, 41.259102]}, "properties": {"var_data": [-0.053, 0.042, 0.032, 0.015, 1.281, 0.0, 1, 1, 1, 1, 1]}}, {"type": "Feature", "geometry": {"type": "Point", "coordinates": [2.11324, 41.286098]}, "properties": {"var_data": [-0.304, 0.474, 0.007, 0.021, 1.455, -0.0, 1, 1, 1, 1, 1]}}, {"type": "Feature", "geometry": {"type": "Point", "coordinates": [2.14858, 41.286098]}, "properties": {"var_data": [-0.301, 0.443, 0.023, 0.027, 0.924, -0.001, 1, 1, 1, 1, 1]}}, {"type": "Feature", "geometry": {"type": "Point", "coordinates": [2.18392, 41.286098]}, "properties": {"var_data": [-0.204, 0.34, 0.024, 0.027, 0.9, -0.001, 1, 1, 1, 1, 1]}}, {"type": "Feature", "geometry": {"type": "Point", "coordinates": [2.21926, 41.286098]}, "properties": {"var_data": [-0.137, 0.287, 0.022, 0.022, 0.718, -0.0, 1, 1, 1, 1, 1]}}, {"type": "Feature", "geometry": {"type": "Point", "coordinates": [2.2546, 41.286098]}, "properties": {"var_data": [-0.147, 0.295, 0.023, 0.02, 0.695, -0.0, 1, 1, 1, 1, 1]}}, {"type": "Feature", "geometry": {"type": "Point", "coordinates": [2.28994, 41.286098]}, "properties": {"var_data": [-0.168, 0.315, 0.015, 0.01, 0.568, -0.0, 1, 1, 1, 1, 1]}}, {"type": "Feature", "geometry": {"type": "Point", "coordinates": [2.32528, 41.286098]}, "properties": {"var_data": [-0.154, 0.284, 0.014, 0.01, 0.592, -0.0, 1, 1, 1, 1, 1]}}, {"type": "Feature", "geometry": {"type": "Point", "coordinates": [2.36062, 41.286098]}, "properties": {"var_data": [-0.127, 0.246, 0.013, 0.007, 0.536, -0.0, 1, 1, 1, 1, 1]}}, {"type": "Feature", "geometry": {"type": "Point", "coordinates": [2.39596, 41.286098]}, "properties": {"var_data": [-0.156, 0.224, 0.011, 0.006, 0.41, -0.0, 1, 1, 1, 1, 1]}}, {"type": "Feature", "geometry": {"type": "Point", "coordinates": [2.4313, 41.286098]}, "properties": {"var_data": [-0.125, 0.162, 0.016, 0.007, 0.406, -0.0, 1, 1, 1, 1, 1]}}, {"type": "Feature", "geometry": {"type": "Point", "coordinates": [2.46664, 41.286098]}, "properties": {"var_data": [-0.128, 0.123, 0.022, 0.007, 0.409, -0.0, 1, 1, 1, 1, 1]}}, {"type": "Feature", "geometry": {"type": "Point", "coordinates": [2.50198, 41.286098]}, "properties": {"var_data": [-0.146, 0.102, 0.02, 0.007, 0.421, -0.0, 1, 1, 1, 1, 1]}}, {"type": "Feature", "geometry": {"type": "Point", "coordinates": [2.53732, 41.286098]}, "properties": {"var_data": [0.006, 0.035, 0.021, 0.009, 0.544, -0.0, 1, 1, 1, 1, 1]}}, {"type": "Feature", "geometry": {"type": "Point", "coordinates": [2.57266, 41.286098]}, "properties": {"var_data": [0.121, -0.011, 0.01, 0.004, 0.562, -0.0, 1, 1, 1, 1, 1]}}, {"type": "Feature", "geometry": {"type": "Point", "coordinates": [2.608, 41.286098]}, "properties": {"var_data": [0.176, -0.025, 0.01, 0.004, 0.47, -0.0, 1, 1, 1, 1, 1]}}, {"type": "Feature", "geometry": {"type": "Point", "coordinates": [2.64334, 41.286098]}, "properties": {"var_data": [0.152, -0.011, 0.008, 0.003, 0.458, 0.0, 1, 1, 1, 1, 1]}}, {"type": "Feature", "geometry": {"type": "Point", "coordinates": [2.67868, 41.286098]}, "properties": {"var_data": [0.14, 0.013, 0.008, 0.003, 0.42, 0.0, 1, 1, 1, 1, 1]}}, {"type": "Feature", "geometry": {"type": "Point", "coordinates": [2.71402, 41.286098]}, "properties": {"var_data": [0.188, 0.018, 0.026, 0.011, 0.472, 0.0, 1, 1, 1, 1, 1]}}, {"type": "Feature", "geometry": {"type": "Point", "coordinates": [2.74936, 41.286098]}, "properties": {"var_data": [0.048, 0.05, 0.005, 0.004, 0.454, 0.0, 1, 1, 1, 1, 1]}}, {"type": "Feature", "geometry": {"type": "Point", "coordinates": [2.7847, 41.286098]}, "properties": {"var_data": [0.034, 0.096, 0.005, 0.009, 0.466, 0.0, 1, 1, 1, 1, 1]}}, {"type": "Feature", "geometry": {"type": "Point", "coordinates": [2.82004, 41.286098]}, "properties": {"var_data": [0.014, 0.119, 0.005, 0.006, 0.469, 0.0, 1, 1, 1, 1, 1]}}, {"type": "Feature", "geometry": {"type": "Point", "coordinates": [2.85538, 41.286098]}, "properties": {"var_data": [0.012, 0.134, 0.005, 0.006, 0.472, 0.0, 1, 1, 1, 1, 1]}}, {"type": "Feature", "geometry": {"type": "Point", "coordinates": [2.89072, 41.286098]}, "properties": {"var_data": [0.07, 0.133, 0.016, 0.013, 0.526, 0.0, 1, 1, 1, 1, 1]}}, {"type": "Feature", "geometry": {"type": "Point", "coordinates": [2.92606, 41.286098]}, "properties": {"var_data": [0.042, 0.088, 0.014, 0.014, 0.575, 0.0, 1, 1, 1, 1, 1]}}, {"type": "Feature", "geometry": {"type": "Point", "coordinates": [2.9614, 41.286098]}, "properties": {"var_data": [0.014, 0.072, 0.015, 0.017, 0.617, 0.0, 1, 1, 1, 1, 1]}}, {"type": "Feature", "geometry": {"type": "Point", "coordinates": [2.99674, 41.286098]}, "properties": {"var_data": [-0.012, 0.073, 0.018, 0.022, 0.634, 0.0, 1, 1, 1, 1, 1]}}, {"type": "Feature", "geometry": {"type": "Point", "coordinates": [3.03208, 41.286098]}, "properties": {"var_data": [-0.032, 0.05, 0.024, 0.013, 0.757, 0.0, 1, 1, 1, 1, 1]}}, {"type": "Feature", "geometry": {"type": "Point", "coordinates": [3.06742, 41.286098]}, "properties": {"var_data": [0.008, 0.097, 0.027, 0.014, 0.958, 0.0, 1, 1, 1, 1, 1]}}, {"type": "Feature", "geometry": {"type": "Point", "coordinates": [3.10276, 41.286098]}, "properties": {"var_data": [-0.007, 0.055, 0.035, 0.029, 1.11, 0.001, 1, 1, 1, 1, 1]}}, {"type": "Feature", "geometry": {"type": "Point", "coordinates": [2.18392, 41.313099]}, "properties": {"var_data": [-0.255, 0.38, 0.027, 0.033, 1.027, -0.001, 1, 1, 1, 1, 1]}}, {"type": "Feature", "geometry": {"type": "Point", "coordinates": [2.21926, 41.313099]}, "properties": {"var_data": [-0.144, 0.318, 0.037, 0.041, 0.901, -0.001, 1, 1, 1, 1, 1]}}, {"type": "Feature", "geometry": {"type": "Point", "coordinates": [2.2546, 41.313099]}, "properties": {"var_data": [-0.153, 0.313, 0.028, 0.027, 0.757, -0.001, 1, 1, 1, 1, 1]}}, {"type": "Feature", "geometry": {"type": "Point", "coordinates": [2.28994, 41.313099]}, "properties": {"var_data": [-0.174, 0.335, 0.015, 0.013, 0.682, -0.0, 1, 1, 1, 1, 1]}}, {"type": "Feature", "geometry": {"type": "Point", "coordinates": [2.32528, 41.313099]}, "properties": {"var_data": [-0.18, 0.321, 0.014, 0.011, 0.679, -0.0, 1, 1, 1, 1, 1]}}, {"type": "Feature", "geometry": {"type": "Point", "coordinates": [2.36062, 41.313099]}, "properties": {"var_data": [-0.134, 0.252, 0.013, 0.007, 0.546, -0.0, 1, 1, 1, 1, 1]}}, {"type": "Feature", "geometry": {"type": "Point", "coordinates": [2.39596, 41.313099]}, "properties": {"var_data": [-0.156, 0.223, 0.012, 0.006, 0.447, -0.0, 1, 1, 1, 1, 1]}}, {"type": "Feature", "geometry": {"type": "Point", "coordinates": [2.4313, 41.313099]}, "properties": {"var_data": [-0.138, 0.165, 0.019, 0.008, 0.426, -0.0, 1, 1, 1, 1, 1]}}, {"type": "Feature", "geometry": {"type": "Point", "coordinates": [2.46664, 41.313099]}, "properties": {"var_data": [-0.152, 0.128, 0.018, 0.006, 0.418, -0.0, 1, 1, 1, 1, 1]}}, {"type": "Feature", "geometry": {"type": "Point", "coordinates": [2.50198, 41.313099]}, "properties": {"var_data": [-0.071, 0.087, 0.02, 0.008, 0.472, -0.0, 1, 1, 1, 1, 1]}}, {"type": "Feature", "geometry": {"type": "Point", "coordinates": [2.53732, 41.313099]}, "properties": {"var_data": [0.101, -0.023, 0.025, 0.005, 0.52, 0.0, 1, 1, 1, 1, 1]}}, {"type": "Feature", "geometry": {"type": "Point", "coordinates": [2.57266, 41.313099]}, "properties": {"var_data": [0.157, -0.038, 0.01, 0.003, 0.473, -0.0, 1, 1, 1, 1, 1]}}, {"type": "Feature", "geometry": {"type": "Point", "coordinates": [2.608, 41.313099]}, "properties": {"var_data": [0.244, -0.055, 0.01, 0.003, 0.513, -0.0, 1, 1, 1, 1, 1]}}, {"type": "Feature", "geometry": {"type": "Point", "coordinates": [2.64334, 41.313099]}, "properties": {"var_data": [0.199, -0.034, 0.008, 0.003, 0.45, 0.0, 1, 1, 1, 1, 1]}}, {"type": "Feature", "geometry": {"type": "Point", "coordinates": [2.67868, 41.313099]}, "properties": {"var_data": [0.191, -0.028, 0.009, 0.004, 0.428, -0.0, 1, 1, 1, 1, 1]}}, {"type": "Feature", "geometry": {"type": "Point", "coordinates": [2.71402, 41.313099]}, "properties": {"var_data": [0.146, -0.007, 0.02, 0.009, 0.434, 0.0, 1, 1, 1, 1, 1]}}, {"type": "Feature", "geometry": {"type": "Point", "coordinates": [2.74936, 41.313099]}, "properties": {"var_data": [0.121, 0.048, 0.034, 0.015, 0.441, 0.0, 1, 1, 1, 1, 1]}}, {"type": "Feature", "geometry": {"type": "Point", "coordinates": [2.7847, 41.313099]}, "properties": {"var_data": [0.054, 0.064, 0.005, 0.01, 0.428, 0.0, 1, 1, 1, 1, 1]}}, {"type": "Feature", "geometry": {"type": "Point", "coordinates": [2.82004, 41.313099]}, "properties": {"var_data": [0.064, 0.095, 0.005, 0.007, 0.434, 0.0, 1, 1, 1, 1, 1]}}, {"type": "Feature", "geometry": {"type": "Point", "coordinates": [2.85538, 41.313099]}, "properties": {"var_data": [0.107, 0.146, 0.019, 0.016, 0.502, 0.0, 1, 1, 1, 1, 1]}}, {"type": "Feature", "geometry": {"type": "Point", "coordinates": [2.89072, 41.313099]}, "properties": {"var_data": [0.091, 0.147, 0.021, 0.02, 0.53, 0.0, 1, 1, 1, 1, 1]}}, {"type": "Feature", "geometry": {"type": "Point", "coordinates": [2.92606, 41.313099]}, "properties": {"var_data": [0.06, 0.124, 0.018, 0.019, 0.525, 0.0, 1, 1, 1, 1, 1]}}, {"type": "Feature", "geometry": {"type": "Point", "coordinates": [2.9614, 41.313099]}, "properties": {"var_data": [0.027, 0.095, 0.018, 0.023, 0.553, 0.0, 1, 1, 1, 1, 1]}}, {"type": "Feature", "geometry": {"type": "Point", "coordinates": [2.99674, 41.313099]}, "properties": {"var_data": [-0.006, 0.071, 0.018, 0.023, 0.579, 0.0, 1, 1, 1, 1, 1]}}, {"type": "Feature", "geometry": {"type": "Point", "coordinates": [3.03208, 41.313099]}, "properties": {"var_data": [-0.021, 0.054, 0.018, 0.022, 0.667, 0.0, 1, 1, 1, 1, 1]}}, {"type": "Feature", "geometry": {"type": "Point", "coordinates": [3.06742, 41.313099]}, "properties": {"var_data": [-0.011, 0.056, 0.036, 0.032, 0.873, 0.001, 1, 1, 1, 1, 1]}}, {"type": "Feature", "geometry": {"type": "Point", "coordinates": [3.10276, 41.313099]}, "properties": {"var_data": [-0.098, 0.016, 0.041, 0.033, 1.349, 0.001, 1, 1, 1, 1, 1]}}, {"type": "Feature", "geometry": {"type": "Point", "coordinates": [2.18392, 41.340099]}, "properties": {"var_data": [-0.338, 0.443, 0.258, 0.312, 3.399, -0.08, 4, 4, 4, 1, 1]}}, {"type": "Feature", "geometry": {"type": "Point", "coordinates": [2.21926, 41.340099]}, "properties": {"var_data": [-0.403, 0.537, 0.078, 0.091, 2.071, -0.007, 4, 4, 4, 1, 1]}}, {"type": "Feature", "geometry": {"type": "Point", "coordinates": [2.2546, 41.340099]}, "properties": {"var_data": [-0.303, 0.437, 0.044, 0.038, 1.661, -0.002, 1, 1, 1, 1, 1]}}, {"type": "Feature", "geometry": {"type": "Point", "coordinates": [2.28994, 41.340099]}, "properties": {"var_data": [-0.281, 0.399, 0.027, 0.021, 1.257, -0.001, 1, 1, 1, 1, 1]}}, {"type": "Feature", "geometry": {"type": "Point", "coordinates": [2.32528, 41.340099]}, "properties": {"var_data": [-0.17, 0.298, 0.026, 0.019, 1.057, -0.0, 1, 1, 1, 1, 1]}}, {"type": "Feature", "geometry": {"type": "Point", "coordinates": [2.36062, 41.340099]}, "properties": {"var_data": [-0.166, 0.265, 0.012, 0.006, 0.612, -0.0, 1, 1, 1, 1, 1]}}, {"type": "Feature", "geometry": {"type": "Point", "coordinates": [2.39596, 41.340099]}, "properties": {"var_data": [-0.164, 0.222, 0.015, 0.007, 0.488, -0.0, 1, 1, 1, 1, 1]}}, {"type": "Feature", "geometry": {"type": "Point", "coordinates": [2.4313, 41.340099]}, "properties": {"var_data": [-0.18, 0.18, 0.019, 0.008, 0.442, -0.0, 1, 1, 1, 1, 1]}}, {"type": "Feature", "geometry": {"type": "Point", "coordinates": [2.46664, 41.340099]}, "properties": {"var_data": [-0.152, 0.145, 0.018, 0.007, 0.404, -0.0, 1, 1, 1, 1, 1]}}, {"type": "Feature", "geometry": {"type": "Point", "coordinates": [2.50198, 41.340099]}, "properties": {"var_data": [-0.087, 0.061, 0.013, 0.003, 0.435, -0.0, 1, 1, 1, 1, 1]}}, {"type": "Feature", "geometry": {"type": "Point", "coordinates": [2.53732, 41.340099]}, "properties": {"var_data": [0.044, -0.004, 0.015, 0.003, 0.452, -0.0, 1, 1, 1, 1, 1]}}, {"type": "Feature", "geometry": {"type": "Point", "coordinates": [2.57266, 41.340099]}, "properties": {"var_data": [0.219, -0.057, 0.028, 0.006, 0.506, 0.0, 1, 1, 1, 1, 1]}}, {"type": "Feature", "geometry": {"type": "Point", "coordinates": [2.608, 41.340099]}, "properties": {"var_data": [0.188, -0.058, 0.011, 0.004, 0.418, -0.0, 1, 1, 1, 1, 1]}}, {"type": "Feature", "geometry": {"type": "Point", "coordinates": [2.64334, 41.340099]}, "properties": {"var_data": [0.18, -0.059, 0.017, 0.008, 0.402, -0.0, 1, 1, 1, 1, 1]}}, {"type": "Feature", "geometry": {"type": "Point", "coordinates": [2.67868, 41.340099]}, "properties": {"var_data": [0.152, -0.054, 0.019, 0.008, 0.398, 0.0, 1, 1, 1, 1, 1]}}, {"type": "Feature", "geometry": {"type": "Point", "coordinates": [2.71402, 41.340099]}, "properties": {"var_data": [0.138, -0.03, 0.023, 0.012, 0.397, 0.0, 1, 1, 1, 1, 1]}}, {"type": "Feature", "geometry": {"type": "Point", "coordinates": [2.74936, 41.340099]}, "properties": {"var_data": [0.126, -0.002, 0.032, 0.021, 0.386, 0.0, 1, 1, 1, 1, 1]}}, {"type": "Feature", "geometry": {"type": "Point", "coordinates": [2.7847, 41.340099]}, "properties": {"var_data": [0.15, 0.04, 0.026, 0.021, 0.396, 0.0, 1, 1, 1, 1, 1]}}, {"type": "Feature", "geometry": {"type": "Point", "coordinates": [2.82004, 41.340099]}, "properties": {"var_data": [0.122, 0.083, 0.024, 0.02, 0.414, 0.0, 1, 1, 1, 1, 1]}}, {"type": "Feature", "geometry": {"type": "Point", "coordinates": [2.85538, 41.340099]}, "properties": {"var_data": [0.115, 0.131, 0.023, 0.021, 0.438, 0.0, 1, 1, 1, 1, 1]}}, {"type": "Feature", "geometry": {"type": "Point", "coordinates": [2.89072, 41.340099]}, "properties": {"var_data": [0.13, 0.187, 0.023, 0.021, 0.491, 0.0, 1, 1, 1, 1, 1]}}, {"type": "Feature", "geometry": {"type": "Point", "coordinates": [2.92606, 41.340099]}, "properties": {"var_data": [0.096, 0.197, 0.02, 0.026, 0.504, 0.001, 1, 1, 1, 1, 1]}}, {"type": "Feature", "geometry": {"type": "Point", "coordinates": [2.9614, 41.340099]}, "properties": {"var_data": [0.089, 0.162, 0.021, 0.028, 0.525, 0.001, 1, 1, 1, 1, 1]}}, {"type": "Feature", "geometry": {"type": "Point", "coordinates": [2.99674, 41.340099]}, "properties": {"var_data": [0.045, 0.129, 0.024, 0.031, 0.632, 0.001, 1, 1, 1, 1, 1]}}, {"type": "Feature", "geometry": {"type": "Point", "coordinates": [3.03208, 41.340099]}, "properties": {"var_data": [0.016, 0.054, 0.019, 0.023, 0.686, 0.0, 1, 1, 1, 1, 1]}}, {"type": "Feature", "geometry": {"type": "Point", "coordinates": [2.21926, 41.3671]}, "properties": {"var_data": [-0.236, 0.323, 0.307, 0.306, 3.865, -0.094, 4, 1, 4, 1, 1]}}, {"type": "Feature", "geometry": {"type": "Point", "coordinates": [2.2546, 41.3671]}, "properties": {"var_data": [-0.436, 0.552, 0.069, 0.066, 2.169, -0.004, 4, 4, 4, 1, 1]}}, {"type": "Feature", "geometry": {"type": "Point", "coordinates": [2.28994, 41.3671]}, "properties": {"var_data": [-0.465, 0.566, 0.051, 0.044, 1.552, -0.002, 4, 4, 1, 1, 1]}}, {"type": "Feature", "geometry": {"type": "Point", "coordinates": [2.32528, 41.3671]}, "properties": {"var_data": [-0.34, 0.427, 0.033, 0.028, 1.143, -0.001, 1, 1, 1, 1, 1]}}, {"type": "Feature", "geometry": {"type": "Point", "coordinates": [2.36062, 41.3671]}, "properties": {"var_data": [-0.27, 0.344, 0.028, 0.022, 0.864, -0.001, 1, 1, 1, 1, 1]}}, {"type": "Feature", "geometry": {"type": "Point", "coordinates": [2.39596, 41.3671]}, "properties": {"var_data": [-0.225, 0.255, 0.023, 0.011, 0.606, -0.0, 1, 1, 1, 1, 1]}}, {"type": "Feature", "geometry": {"type": "Point", "coordinates": [2.4313, 41.3671]}, "properties": {"var_data": [-0.145, 0.171, 0.018, 0.008, 0.506, -0.0, 1, 1, 1, 1, 1]}}, {"type": "Feature", "geometry": {"type": "Point", "coordinates": [2.46664, 41.3671]}, "properties": {"var_data": [-0.058, 0.089, 0.014, 0.004, 0.448, -0.0, 1, 1, 1, 1, 1]}}, {"type": "Feature", "geometry": {"type": "Point", "coordinates": [2.50198, 41.3671]}, "properties": {"var_data": [0.012, 0.046, 0.013, 0.003, 0.457, -0.0, 1, 1, 1, 1, 1]}}, {"type": "Feature", "geometry": {"type": "Point", "coordinates": [2.53732, 41.3671]}, "properties": {"var_data": [0.113, -0.037, 0.016, 0.003, 0.49, -0.0, 1, 1, 1, 1, 1]}}, {"type": "Feature", "geometry": {"type": "Point", "coordinates": [2.57266, 41.3671]}, "properties": {"var_data": [0.183, -0.057, 0.019, 0.003, 0.419, 0.0, 1, 1, 1, 1, 1]}}, {"type": "Feature", "geometry": {"type": "Point", "coordinates": [2.608, 41.3671]}, "properties": {"var_data": [0.133, -0.063, 0.019, 0.005, 0.396, 0.0, 1, 1, 1, 1, 1]}}, {"type": "Feature", "geometry": {"type": "Point", "coordinates": [2.64334, 41.3671]}, "properties": {"var_data": [0.092, -0.063, 0.019, 0.009, 0.385, 0.0, 1, 1, 1, 1, 1]}}, {"type": "Feature", "geometry": {"type": "Point", "coordinates": [2.67868, 41.3671]}, "properties": {"var_data": [0.087, -0.055, 0.02, 0.01, 0.366, 0.0, 1, 1, 1, 1, 1]}}, {"type": "Feature", "geometry": {"type": "Point", "coordinates": [2.71402, 41.3671]}, "properties": {"var_data": [0.109, -0.04, 0.019, 0.012, 0.363, 0.0, 1, 1, 1, 1, 1]}}, {"type": "Feature", "geometry": {"type": "Point", "coordinates": [2.74936, 41.3671]}, "properties": {"var_data": [0.154, -0.026, 0.027, 0.023, 0.352, 0.0, 1, 1, 1, 1, 1]}}, {"type": "Feature", "geometry": {"type": "Point", "coordinates": [2.7847, 41.3671]}, "properties": {"var_data": [0.139, 0.014, 0.028, 0.025, 0.353, 0.001, 1, 1, 1, 1, 1]}}, {"type": "Feature", "geometry": {"type": "Point", "coordinates": [2.82004, 41.3671]}, "properties": {"var_data": [0.111, 0.068, 0.028, 0.025, 0.375, 0.001, 1, 1, 1, 1, 1]}}, {"type": "Feature", "geometry": {"type": "Point", "coordinates": [2.85538, 41.3671]}, "properties": {"var_data": [0.155, 0.138, 0.023, 0.02, 0.403, 0.0, 1, 1, 1, 1, 1]}}, {"type": "Feature", "geometry": {"type": "Point", "coordinates": [2.89072, 41.3671]}, "properties": {"var_data": [0.133, 0.216, 0.02, 0.026, 0.479, 0.0, 1, 1, 1, 1, 1]}}, {"type": "Feature", "geometry": {"type": "Point", "coordinates": [2.92606, 41.3671]}, "properties": {"var_data": [0.104, 0.243, 0.019, 0.025, 0.521, 0.0, 1, 1, 1, 1, 1]}}, {"type": "Feature", "geometry": {"type": "Point", "coordinates": [2.9614, 41.3671]}, "properties": {"var_data": [0.131, 0.241, 0.016, 0.021, 0.563, 0.0, 1, 1, 1, 1, 1]}}, {"type": "Feature", "geometry": {"type": "Point", "coordinates": [2.99674, 41.3671]}, "properties": {"var_data": [0.128, 0.188, 0.016, 0.02, 0.65, 0.0, 1, 1, 1, 1, 1]}}, {"type": "Feature", "geometry": {"type": "Point", "coordinates": [3.03208, 41.3671]}, "properties": {"var_data": [0.081, 0.131, 0.015, 0.02, 0.653, 0.0, 1, 1, 1, 1, 1]}}, {"type": "Feature", "geometry": {"type": "Point", "coordinates": [3.06742, 41.3671]}, "properties": {"var_data": [0.011, 0.058, 0.019, 0.026, 0.823, 0.0, 1, 1, 1, 1, 1]}}, {"type": "Feature", "geometry": {"type": "Point", "coordinates": [3.10276, 41.3671]}, "properties": {"var_data": [0.016, 0.048, 0.021, 0.03, 1.024, 0.0, 1, 1, 1, 1, 1]}}, {"type": "Feature", "geometry": {"type": "Point", "coordinates": [3.1381, 41.3671]}, "properties": {"var_data": [0.023, 0.043, 0.088, 0.063, 1.465, 0.005, 1, 1, 1, 1, 1]}}, {"type": "Feature", "geometry": {"type": "Point", "coordinates": [3.59752, 41.3671]}, "properties": {"var_data": [-0.23, -0.128, 0.032, 0.013, 1.302, 0.0, 1, 0, 1, 1, 1]}}, {"type": "Feature", "geometry": {"type": "Point", "coordinates": [3.63286, 41.3671]}, "properties": {"var_data": [-0.183, -0.124, 0.065, 0.021, 1.473, 0.001, 1, 0, 1, 1, 1]}}, {"type": "Feature", "geometry": {"type": "Point", "coordinates": [3.6682, 41.3671]}, "properties": {"var_data": [-0.214, -0.132, 0.085, 0.026, 1.804, 0.002, 4, 0, 1, 4, 1]}}, {"type": "Feature", "geometry": {"type": "Point", "coordinates": [2.21926, 41.3941]}, "properties": {"var_data": [-0.501, 0.592, 0.332, 0.33, 4.56, -0.109, 4, 4, 4, 1, 1]}}, {"type": "Feature", "geometry": {"type": "Point", "coordinates": [2.2546, 41.3941]}, "properties": {"var_data": [-0.339, 0.458, 0.05, 0.056, 2.491, -0.003, 4, 1, 4, 1, 1]}}, {"type": "Feature", "geometry": {"type": "Point", "coordinates": [2.28994, 41.3941]}, "properties": {"var_data": [-0.46, 0.563, 0.033, 0.035, 1.604, -0.001, 4, 4, 1, 1, 1]}}, {"type": "Feature", "geometry": {"type": "Point", "coordinates": [2.32528, 41.3941]}, "properties": {"var_data": [-0.369, 0.447, 0.023, 0.023, 1.054, -0.001, 1, 1, 1, 1, 1]}}, {"type": "Feature", "geometry": {"type": "Point", "coordinates": [2.36062, 41.3941]}, "properties": {"var_data": [-0.274, 0.346, 0.024, 0.021, 0.739, -0.0, 1, 1, 1, 1, 1]}}, {"type": "Feature", "geometry": {"type": "Point", "coordinates": [2.39596, 41.3941]}, "properties": {"var_data": [-0.227, 0.283, 0.022, 0.012, 0.713, -0.0, 1, 1, 1, 1, 1]}}, {"type": "Feature", "geometry": {"type": "Point", "coordinates": [2.4313, 41.3941]}, "properties": {"var_data": [-0.143, 0.165, 0.017, 0.007, 0.474, -0.0, 1, 1, 1, 1, 1]}}, {"type": "Feature", "geometry": {"type": "Point", "coordinates": [2.46664, 41.3941]}, "properties": {"var_data": [-0.052, 0.088, 0.012, 0.004, 0.439, -0.0, 1, 1, 1, 1, 1]}}, {"type": "Feature", "geometry": {"type": "Point", "coordinates": [2.50198, 41.3941]}, "properties": {"var_data": [-0.05, 0.06, 0.015, 0.003, 0.46, -0.0, 1, 1, 1, 1, 1]}}, {"type": "Feature", "geometry": {"type": "Point", "coordinates": [2.53732, 41.3941]}, "properties": {"var_data": [0.088, -0.026, 0.019, 0.003, 0.411, -0.0, 1, 1, 1, 1, 1]}}, {"type": "Feature", "geometry": {"type": "Point", "coordinates": [2.57266, 41.3941]}, "properties": {"var_data": [0.099, -0.034, 0.013, 0.003, 0.379, 0.0, 1, 1, 1, 1, 1]}}, {"type": "Feature", "geometry": {"type": "Point", "coordinates": [2.608, 41.3941]}, "properties": {"var_data": [0.089, -0.041, 0.022, 0.006, 0.354, 0.0, 1, 1, 1, 1, 1]}}, {"type": "Feature", "geometry": {"type": "Point", "coordinates": [2.64334, 41.3941]}, "properties": {"var_data": [0.059, -0.05, 0.019, 0.009, 0.342, 0.0, 1, 1, 1, 1, 1]}}, {"type": "Feature", "geometry": {"type": "Point", "coordinates": [2.67868, 41.3941]}, "properties": {"var_data": [0.105, -0.036, 0.019, 0.01, 0.344, 0.0, 1, 1, 1, 1, 1]}}, {"type": "Feature", "geometry": {"type": "Point", "coordinates": [2.71402, 41.3941]}, "properties": {"var_data": [0.119, -0.029, 0.024, 0.019, 0.336, 0.0, 1, 1, 1, 1, 1]}}, {"type": "Feature", "geometry": {"type": "Point", "coordinates": [2.74936, 41.3941]}, "properties": {"var_data": [0.115, -0.019, 0.024, 0.021, 0.331, 0.0, 1, 1, 1, 1, 1]}}, {"type": "Feature", "geometry": {"type": "Point", "coordinates": [2.7847, 41.3941]}, "properties": {"var_data": [0.125, 0.009, 0.022, 0.019, 0.337, 0.0, 1, 1, 1, 1, 1]}}, {"type": "Feature", "geometry": {"type": "Point", "coordinates": [2.82004, 41.3941]}, "properties": {"var_data": [0.164, 0.054, 0.02, 0.019, 0.36, 0.0, 1, 1, 1, 1, 1]}}, {"type": "Feature", "geometry": {"type": "Point", "coordinates": [2.85538, 41.3941]}, "properties": {"var_data": [0.182, 0.14, 0.021, 0.019, 0.391, 0.0, 1, 1, 1, 1, 1]}}, {"type": "Feature", "geometry": {"type": "Point", "coordinates": [2.89072, 41.3941]}, "properties": {"var_data": [0.208, 0.225, 0.019, 0.024, 0.429, 0.0, 1, 1, 1, 1, 1]}}, {"type": "Feature", "geometry": {"type": "Point", "coordinates": [2.92606, 41.3941]}, "properties": {"var_data": [0.143, 0.249, 0.019, 0.025, 0.508, 0.0, 1, 1, 1, 1, 1]}}, {"type": "Feature", "geometry": {"type": "Point", "coordinates": [2.9614, 41.3941]}, "properties": {"var_data": [0.172, 0.257, 0.011, 0.017, 0.474, 0.0, 1, 1, 1, 1, 1]}}, {"type": "Feature", "geometry": {"type": "Point", "coordinates": [2.99674, 41.3941]}, "properties": {"var_data": [0.162, 0.217, 0.011, 0.016, 0.497, 0.0, 1, 1, 1, 1, 1]}}, {"type": "Feature", "geometry": {"type": "Point", "coordinates": [3.03208, 41.3941]}, "properties": {"var_data": [0.101, 0.154, 0.012, 0.017, 0.552, 0.0, 1, 1, 1, 1, 1]}}, {"type": "Feature", "geometry": {"type": "Point", "coordinates": [3.06742, 41.3941]}, "properties": {"var_data": [0.069, 0.084, 0.014, 0.021, 0.673, 0.0, 1, 1, 1, 1, 1]}}, {"type": "Feature", "geometry": {"type": "Point", "coordinates": [3.10276, 41.3941]}, "properties": {"var_data": [0.029, 0.038, 0.018, 0.029, 0.781, 0.0, 1, 1, 1, 1, 1]}}, {"type": "Feature", "geometry": {"type": "Point", "coordinates": [3.1381, 41.3941]}, "properties": {"var_data": [0.085, 0.082, 0.027, 0.049, 1.121, 0.001, 1, 1, 1, 1, 1]}}, {"type": "Feature", "geometry": {"type": "Point", "coordinates": [3.56218, 41.3941]}, "properties": {"var_data": [-0.264, -0.135, 0.025, 0.012, 1.234, 0.0, 1, 0, 1, 1, 1]}}, {"type": "Feature", "geometry": {"type": "Point", "coordinates": [3.59752, 41.3941]}, "properties": {"var_data": [-0.23, -0.128, 0.032, 0.013, 1.302, 0.0, 1, 0, 1, 1, 1]}}, {"type": "Feature", "geometry": {"type": "Point", "coordinates": [3.63286, 41.3941]}, "properties": {"var_data": [-0.169, -0.119, 0.008, 0.01, 1.301, 0.0, 1, 0, 1, 1, 1]}}, {"type": "Feature", "geometry": {"type": "Point", "coordinates": [3.6682, 41.3941]}, "properties": {"var_data": [-0.176, -0.12, 0.008, 0.01, 1.406, 0.0, 1, 0, 1, 1, 1]}}, {"type": "Feature", "geometry": {"type": "Point", "coordinates": [3.70354, 41.3941]}, "properties": {"var_data": [-0.147, -0.114, 0.008, 0.01, 1.655, 0.0, 4, 0, 1, 4, 1]}}, {"type": "Feature", "geometry": {"type": "Point", "coordinates": [2.2546, 41.421101]}, "properties": {"var_data": [-0.247, 0.368, 0.065, 0.079, 3.536, -0.005, 4, 1, 4, 1, 1]}}, {"type": "Feature", "geometry": {"type": "Point", "coordinates": [2.28994, 41.421101]}, "properties": {"var_data": [-0.382, 0.536, 0.032, 0.038, 1.934, -0.001, 4, 4, 1, 1, 1]}}, {"type": "Feature", "geometry": {"type": "Point", "coordinates": [2.32528, 41.421101]}, "properties": {"var_data": [-0.338, 0.45, 0.024, 0.027, 1.224, -0.001, 1, 1, 1, 1, 1]}}, {"type": "Feature", "geometry": {"type": "Point", "coordinates": [2.36062, 41.421101]}, "properties": {"var_data": [-0.218, 0.32, 0.018, 0.019, 0.884, -0.0, 1, 1, 1, 1, 1]}}, {"type": "Feature", "geometry": {"type": "Point", "coordinates": [2.39596, 41.421101]}, "properties": {"var_data": [-0.207, 0.277, 0.019, 0.009, 0.735, -0.0, 1, 1, 1, 1, 1]}}, {"type": "Feature", "geometry": {"type": "Point", "coordinates": [2.4313, 41.421101]}, "properties": {"var_data": [-0.071, 0.139, 0.018, 0.007, 0.523, -0.0, 1, 1, 1, 1, 1]}}, {"type": "Feature", "geometry": {"type": "Point", "coordinates": [2.46664, 41.421101]}, "properties": {"var_data": [0.035, 0.064, 0.011, 0.003, 0.472, -0.0, 1, 1, 1, 1, 1]}}, {"type": "Feature", "geometry": {"type": "Point", "coordinates": [2.50198, 41.421101]}, "properties": {"var_data": [0.022, 0.04, 0.006, 0.001, 0.439, 0.0, 1, 1, 1, 1, 1]}}, {"type": "Feature", "geometry": {"type": "Point", "coordinates": [2.53732, 41.421101]}, "properties": {"var_data": [0.037, 0.006, 0.009, 0.002, 0.376, 0.0, 1, 1, 1, 1, 1]}}, {"type": "Feature", "geometry": {"type": "Point", "coordinates": [2.57266, 41.421101]}, "properties": {"var_data": [0.063, -0.009, 0.012, 0.003, 0.341, 0.0, 1, 1, 1, 1, 1]}}, {"type": "Feature", "geometry": {"type": "Point", "coordinates": [2.608, 41.421101]}, "properties": {"var_data": [0.055, -0.012, 0.016, 0.004, 0.317, 0.0, 1, 1, 1, 1, 1]}}, {"type": "Feature", "geometry": {"type": "Point", "coordinates": [2.64334, 41.421101]}, "properties": {"var_data": [0.053, -0.022, 0.022, 0.012, 0.298, 0.0, 1, 1, 1, 1, 1]}}, {"type": "Feature", "geometry": {"type": "Point", "coordinates": [2.67868, 41.421101]}, "properties": {"var_data": [0.087, -0.008, 0.02, 0.014, 0.299, 0.0, 1, 1, 1, 1, 1]}}, {"type": "Feature", "geometry": {"type": "Point", "coordinates": [2.71402, 41.421101]}, "properties": {"var_data": [0.103, 0.007, 0.019, 0.017, 0.32, 0.0, 1, 1, 1, 1, 1]}}, {"type": "Feature", "geometry": {"type": "Point", "coordinates": [2.74936, 41.421101]}, "properties": {"var_data": [0.112, 0.012, 0.016, 0.015, 0.316, 0.0, 1, 1, 1, 1, 1]}}, {"type": "Feature", "geometry": {"type": "Point", "coordinates": [2.7847, 41.421101]}, "properties": {"var_data": [0.154, 0.02, 0.015, 0.013, 0.332, 0.0, 1, 1, 1, 1, 1]}}, {"type": "Feature", "geometry": {"type": "Point", "coordinates": [2.82004, 41.421101]}, "properties": {"var_data": [0.16, 0.074, 0.017, 0.014, 0.351, 0.0, 1, 1, 1, 1, 1]}}, {"type": "Feature", "geometry": {"type": "Point", "coordinates": [2.85538, 41.421101]}, "properties": {"var_data": [0.152, 0.134, 0.016, 0.014, 0.364, 0.0, 1, 1, 1, 1, 1]}}, {"type": "Feature", "geometry": {"type": "Point", "coordinates": [2.89072, 41.421101]}, "properties": {"var_data": [0.188, 0.204, 0.015, 0.015, 0.388, 0.0, 1, 1, 1, 1, 1]}}, {"type": "Feature", "geometry": {"type": "Point", "coordinates": [2.92606, 41.421101]}, "properties": {"var_data": [0.246, 0.254, 0.011, 0.016, 0.451, 0.0, 1, 1, 1, 1, 1]}}, {"type": "Feature", "geometry": {"type": "Point", "coordinates": [2.9614, 41.421101]}, "properties": {"var_data": [0.19, 0.238, 0.009, 0.01, 0.501, 0.0, 1, 1, 1, 1, 1]}}, {"type": "Feature", "geometry": {"type": "Point", "coordinates": [2.99674, 41.421101]}, "properties": {"var_data": [0.149, 0.186, 0.01, 0.01, 0.477, 0.0, 1, 1, 1, 1, 1]}}, {"type": "Feature", "geometry": {"type": "Point", "coordinates": [3.03208, 41.421101]}, "properties": {"var_data": [0.104, 0.137, 0.01, 0.016, 0.491, 0.0, 1, 1, 1, 1, 1]}}, {"type": "Feature", "geometry": {"type": "Point", "coordinates": [3.06742, 41.421101]}, "properties": {"var_data": [0.079, 0.111, 0.013, 0.019, 0.589, 0.0, 1, 1, 1, 1, 1]}}, {"type": "Feature", "geometry": {"type": "Point", "coordinates": [3.10276, 41.421101]}, "properties": {"var_data": [0.051, 0.043, 0.023, 0.043, 0.798, 0.001, 1, 1, 1, 1, 1]}}, {"type": "Feature", "geometry": {"type": "Point", "coordinates": [3.1381, 41.421101]}, "properties": {"var_data": [0.013, 0.032, 0.029, 0.052, 1.124, 0.001, 1, 1, 1, 1, 1]}}, {"type": "Feature", "geometry": {"type": "Point", "coordinates": [3.59752, 41.421101]}, "properties": {"var_data": [-0.17, -0.113, 0.008, 0.01, 1.16, 0.0, 1, 0, 1, 1, 1]}}, {"type": "Feature", "geometry": {"type": "Point", "coordinates": [3.63286, 41.421101]}, "properties": {"var_data": [-0.143, -0.109, 0.008, 0.01, 1.183, 0.0, 1, 0, 1, 1, 1]}}, {"type": "Feature", "geometry": {"type": "Point", "coordinates": [3.6682, 41.421101]}, "properties": {"var_data": [-0.137, -0.108, 0.008, 0.01, 1.264, 0.0, 1, 0, 1, 1, 1]}}, {"type": "Feature", "geometry": {"type": "Point", "coordinates": [2.28994, 41.448101]}, "properties": {"var_data": [-0.316, 0.496, 0.049, 0.06, 2.759, -0.003, 4, 1, 4, 1, 1]}}, {"type": "Feature", "geometry": {"type": "Point", "coordinates": [2.32528, 41.448101]}, "properties": {"var_data": [-0.258, 0.419, 0.035, 0.042, 1.686, -0.001, 1, 1, 1, 1, 1]}}, {"type": "Feature", "geometry": {"type": "Point", "coordinates": [2.36062, 41.448101]}, "properties": {"var_data": [-0.22, 0.335, 0.019, 0.02, 0.951, -0.0, 1, 1, 1, 1, 1]}}, {"type": "Feature", "geometry": {"type": "Point", "coordinates": [2.39596, 41.448101]}, "properties": {"var_data": [-0.176, 0.258, 0.015, 0.008, 0.747, -0.0, 1, 1, 1, 1, 1]}}, {"type": "Feature", "geometry": {"type": "Point", "coordinates": [2.4313, 41.448101]}, "properties": {"var_data": [-0.0, 0.118, 0.015, 0.007, 0.527, -0.0, 1, 1, 1, 1, 1]}}, {"type": "Feature", "geometry": {"type": "Point", "coordinates": [2.46664, 41.448101]}, "properties": {"var_data": [0.031, 0.081, 0.009, 0.003, 0.444, -0.0, 1, 1, 1, 1, 1]}}, {"type": "Feature", "geometry": {"type": "Point", "coordinates": [2.50198, 41.448101]}, "properties": {"var_data": [0.0, 0.064, 0.004, 0.001, 0.398, -0.0, 1, 1, 1, 1, 1]}}, {"type": "Feature", "geometry": {"type": "Point", "coordinates": [2.53732, 41.448101]}, "properties": {"var_data": [0.027, 0.028, 0.004, 0.001, 0.322, 0.0, 1, 1, 1, 1, 1]}}, {"type": "Feature", "geometry": {"type": "Point", "coordinates": [2.57266, 41.448101]}, "properties": {"var_data": [0.027, 0.003, 0.01, 0.003, 0.302, 0.0, 1, 1, 1, 1, 1]}}, {"type": "Feature", "geometry": {"type": "Point", "coordinates": [2.608, 41.448101]}, "properties": {"var_data": [0.045, -0.006, 0.012, 0.004, 0.279, 0.0, 1, 1, 1, 1, 1]}}, {"type": "Feature", "geometry": {"type": "Point", "coordinates": [2.64334, 41.448101]}, "properties": {"var_data": [0.064, 0.002, 0.013, 0.007, 0.28, 0.0, 1, 1, 1, 1, 1]}}, {"type": "Feature", "geometry": {"type": "Point", "coordinates": [2.67868, 41.448101]}, "properties": {"var_data": [0.074, 0.017, 0.014, 0.014, 0.273, 0.0, 1, 1, 1, 1, 1]}}, {"type": "Feature", "geometry": {"type": "Point", "coordinates": [2.71402, 41.448101]}, "properties": {"var_data": [0.099, 0.026, 0.01, 0.011, 0.279, 0.0, 1, 1, 1, 1, 1]}}, {"type": "Feature", "geometry": {"type": "Point", "coordinates": [2.74936, 41.448101]}, "properties": {"var_data": [0.122, 0.036, 0.011, 0.011, 0.307, 0.0, 1, 1, 1, 1, 1]}}, {"type": "Feature", "geometry": {"type": "Point", "coordinates": [2.7847, 41.448101]}, "properties": {"var_data": [0.166, 0.054, 0.013, 0.011, 0.329, 0.0, 1, 1, 1, 1, 1]}}, {"type": "Feature", "geometry": {"type": "Point", "coordinates": [2.82004, 41.448101]}, "properties": {"var_data": [0.148, 0.096, 0.017, 0.011, 0.342, 0.0, 1, 1, 1, 1, 1]}}, {"type": "Feature", "geometry": {"type": "Point", "coordinates": [2.85538, 41.448101]}, "properties": {"var_data": [0.178, 0.125, 0.016, 0.011, 0.346, 0.0, 1, 1, 1, 1, 1]}}, {"type": "Feature", "geometry": {"type": "Point", "coordinates": [2.89072, 41.448101]}, "properties": {"var_data": [0.211, 0.156, 0.006, 0.011, 0.365, 0.0, 1, 1, 1, 1, 1]}}, {"type": "Feature", "geometry": {"type": "Point", "coordinates": [2.92606, 41.448101]}, "properties": {"var_data": [0.195, 0.188, 0.006, 0.009, 0.409, 0.0, 1, 1, 1, 1, 1]}}, {"type": "Feature", "geometry": {"type": "Point", "coordinates": [2.9614, 41.448101]}, "properties": {"var_data": [0.178, 0.201, 0.006, 0.007, 0.425, 0.0, 1, 1, 1, 1, 1]}}, {"type": "Feature", "geometry": {"type": "Point", "coordinates": [2.99674, 41.448101]}, "properties": {"var_data": [0.162, 0.195, 0.009, 0.008, 0.45, 0.0, 1, 1, 1, 1, 1]}}, {"type": "Feature", "geometry": {"type": "Point", "coordinates": [3.03208, 41.448101]}, "properties": {"var_data": [0.096, 0.118, 0.009, 0.009, 0.521, 0.0, 1, 1, 1, 1, 1]}}, {"type": "Feature", "geometry": {"type": "Point", "coordinates": [3.06742, 41.448101]}, "properties": {"var_data": [0.042, 0.056, 0.017, 0.031, 0.582, 0.0, 1, 1, 1, 1, 1]}}, {"type": "Feature", "geometry": {"type": "Point", "coordinates": [3.10276, 41.448101]}, "properties": {"var_data": [-0.0, 0.029, 0.024, 0.04, 0.819, 0.001, 1, 1, 1, 1, 1]}}, {"type": "Feature", "geometry": {"type": "Point", "coordinates": [3.63286, 41.448101]}, "properties": {"var_data": [-0.141, -0.115, 0.008, 0.009, 1.2, 0.0, 1, 0, 1, 1, 1]}}, {"type": "Feature", "geometry": {"type": "Point", "coordinates": [2.32528, 41.475101]}, "properties": {"var_data": [-0.365, 0.536, 0.043, 0.052, 2.262, -0.002, 4, 4, 4, 1, 1]}}, {"type": "Feature", "geometry": {"type": "Point", "coordinates": [2.36062, 41.475101]}, "properties": {"var_data": [-0.282, 0.388, 0.026, 0.03, 1.253, -0.001, 1, 1, 1, 1, 1]}}, {"type": "Feature", "geometry": {"type": "Point", "coordinates": [2.39596, 41.475101]}, "properties": {"var_data": [-0.187, 0.262, 0.014, 0.008, 0.77, -0.0, 1, 1, 1, 1, 1]}}, {"type": "Feature", "geometry": {"type": "Point", "coordinates": [2.4313, 41.475101]}, "properties": {"var_data": [-0.112, 0.183, 0.008, 0.003, 0.547, -0.0, 1, 1, 1, 1, 1]}}, {"type": "Feature", "geometry": {"type": "Point", "coordinates": [2.46664, 41.475101]}, "properties": {"var_data": [-0.033, 0.109, 0.008, 0.002, 0.398, -0.0, 1, 1, 1, 1, 1]}}, {"type": "Feature", "geometry": {"type": "Point", "coordinates": [2.50198, 41.475101]}, "properties": {"var_data": [0.008, 0.08, 0.004, 0.001, 0.327, -0.0, 1, 1, 1, 1, 1]}}, {"type": "Feature", "geometry": {"type": "Point", "coordinates": [2.53732, 41.475101]}, "properties": {"var_data": [0.025, 0.046, 0.004, 0.001, 0.276, 0.0, 1, 1, 1, 1, 1]}}, {"type": "Feature", "geometry": {"type": "Point", "coordinates": [2.57266, 41.475101]}, "properties": {"var_data": [0.037, 0.017, 0.008, 0.003, 0.263, 0.0, 1, 1, 1, 1, 1]}}, {"type": "Feature", "geometry": {"type": "Point", "coordinates": [2.608, 41.475101]}, "properties": {"var_data": [0.067, 0.006, 0.008, 0.003, 0.244, 0.0, 1, 1, 1, 1, 1]}}, {"type": "Feature", "geometry": {"type": "Point", "coordinates": [2.64334, 41.475101]}, "properties": {"var_data": [0.078, 0.007, 0.008, 0.006, 0.242, 0.0, 1, 1, 1, 1, 1]}}, {"type": "Feature", "geometry": {"type": "Point", "coordinates": [2.67868, 41.475101]}, "properties": {"var_data": [0.102, 0.016, 0.008, 0.01, 0.248, 0.0, 1, 1, 1, 1, 1]}}, {"type": "Feature", "geometry": {"type": "Point", "coordinates": [2.71402, 41.475101]}, "properties": {"var_data": [0.119, 0.038, 0.008, 0.009, 0.266, 0.0, 1, 1, 1, 1, 1]}}, {"type": "Feature", "geometry": {"type": "Point", "coordinates": [2.74936, 41.475101]}, "properties": {"var_data": [0.148, 0.041, 0.007, 0.01, 0.285, 0.0, 1, 1, 1, 1, 1]}}, {"type": "Feature", "geometry": {"type": "Point", "coordinates": [2.7847, 41.475101]}, "properties": {"var_data": [0.154, 0.053, 0.007, 0.008, 0.303, 0.0, 1, 1, 1, 1, 1]}}, {"type": "Feature", "geometry": {"type": "Point", "coordinates": [2.82004, 41.475101]}, "properties": {"var_data": [0.208, 0.063, 0.012, 0.007, 0.336, -0.0, 1, 1, 1, 1, 1]}}, {"type": "Feature", "geometry": {"type": "Point", "coordinates": [2.85538, 41.475101]}, "properties": {"var_data": [0.211, 0.096, 0.006, 0.007, 0.369, 0.0, 1, 1, 1, 1, 1]}}, {"type": "Feature", "geometry": {"type": "Point", "coordinates": [2.89072, 41.475101]}, "properties": {"var_data": [0.174, 0.116, 0.006, 0.008, 0.383, 0.0, 1, 1, 1, 1, 1]}}, {"type": "Feature", "geometry": {"type": "Point", "coordinates": [2.92606, 41.475101]}, "properties": {"var_data": [0.16, 0.121, 0.005, 0.007, 0.401, 0.0, 1, 1, 1, 1, 1]}}, {"type": "Feature", "geometry": {"type": "Point", "coordinates": [2.9614, 41.475101]}, "properties": {"var_data": [0.154, 0.141, 0.005, 0.007, 0.405, 0.0, 1, 1, 1, 1, 1]}}, {"type": "Feature", "geometry": {"type": "Point", "coordinates": [2.99674, 41.475101]}, "properties": {"var_data": [0.134, 0.145, 0.009, 0.008, 0.475, 0.0, 1, 1, 1, 1, 1]}}, {"type": "Feature", "geometry": {"type": "Point", "coordinates": [3.03208, 41.475101]}, "properties": {"var_data": [0.111, 0.111, 0.015, 0.009, 0.583, 0.0, 1, 1, 1, 1, 1]}}, {"type": "Feature", "geometry": {"type": "Point", "coordinates": [3.06742, 41.475101]}, "properties": {"var_data": [0.07, 0.06, 0.039, 0.019, 0.909, 0.001, 1, 1, 1, 1, 1]}}, {"type": "Feature", "geometry": {"type": "Point", "coordinates": [3.10276, 41.475101]}, "properties": {"var_data": [-0.034, -0.026, 0.083, 0.062, 1.274, 0.005, 1, 1, 1, 1, 1]}}, {"type": "Feature", "geometry": {"type": "Point", "coordinates": [3.17344, 41.475101]}, "properties": {"var_data": [-0.241, -0.066, 0.082, 0.068, 0.962, 0.005, 1, 1, 1, 1, 1]}}, {"type": "Feature", "geometry": {"type": "Point", "coordinates": [3.20878, 41.475101]}, "properties": {"var_data": [-0.199, 0.031, 0.081, 0.071, 0.964, 0.005, 1, 1, 1, 1, 1]}}, {"type": "Feature", "geometry": {"type": "Point", "coordinates": [3.24412, 41.475101]}, "properties": {"var_data": [-0.261, 0.012, 0.071, 0.07, 0.907, 0.004, 1, 1, 1, 1, 1]}}, {"type": "Feature", "geometry": {"type": "Point", "coordinates": [2.39596, 41.502102]}, "properties": {"var_data": [-0.212, 0.288, 0.016, 0.01, 0.968, -0.0, 1, 1, 1, 1, 1]}}, {"type": "Feature", "geometry": {"type": "Point", "coordinates": [2.4313, 41.502102]}, "properties": {"var_data": [-0.161, 0.216, 0.007, 0.002, 0.58, -0.0, 1, 1, 1, 1, 1]}}, {"type": "Feature", "geometry": {"type": "Point", "coordinates": [2.46664, 41.502102]}, "properties": {"var_data": [-0.06, 0.124, 0.007, 0.002, 0.389, -0.0, 1, 1, 1, 1, 1]}}, {"type": "Feature", "geometry": {"type": "Point", "coordinates": [2.50198, 41.502102]}, "properties": {"var_data": [0.009, 0.075, 0.005, 0.002, 0.266, -0.0, 1, 1, 1, 1, 1]}}, {"type": "Feature", "geometry": {"type": "Point", "coordinates": [2.53732, 41.502102]}, "properties": {"var_data": [0.075, 0.045, 0.003, 0.001, 0.221, -0.0, 1, 1, 1, 1, 1]}}, {"type": "Feature", "geometry": {"type": "Point", "coordinates": [2.57266, 41.502102]}, "properties": {"var_data": [0.06, 0.016, 0.008, 0.003, 0.221, 0.0, 1, 1, 1, 1, 1]}}, {"type": "Feature", "geometry": {"type": "Point", "coordinates": [2.608, 41.502102]}, "properties": {"var_data": [0.095, 0.005, 0.005, 0.003, 0.225, 0.0, 1, 1, 1, 1, 1]}}, {"type": "Feature", "geometry": {"type": "Point", "coordinates": [2.64334, 41.502102]}, "properties": {"var_data": [0.101, 0.0, 0.006, 0.007, 0.231, 0.0, 1, 1, 1, 1, 1]}}, {"type": "Feature", "geometry": {"type": "Point", "coordinates": [2.67868, 41.502102]}, "properties": {"var_data": [0.13, 0.015, 0.004, 0.009, 0.245, 0.0, 1, 1, 1, 1, 1]}}, {"type": "Feature", "geometry": {"type": "Point", "coordinates": [2.71402, 41.502102]}, "properties": {"var_data": [0.152, 0.037, 0.003, 0.008, 0.258, 0.0, 1, 1, 1, 1, 1]}}, {"type": "Feature", "geometry": {"type": "Point", "coordinates": [2.74936, 41.502102]}, "properties": {"var_data": [0.164, 0.063, 0.004, 0.007, 0.279, 0.0, 1, 1, 1, 1, 1]}}, {"type": "Feature", "geometry": {"type": "Point", "coordinates": [2.7847, 41.502102]}, "properties": {"var_data": [0.224, 0.048, 0.006, 0.007, 0.312, 0.0, 1, 1, 1, 1, 1]}}, {"type": "Feature", "geometry": {"type": "Point", "coordinates": [2.82004, 41.502102]}, "properties": {"var_data": [0.199, 0.074, 0.008, 0.006, 0.389, -0.0, 1, 1, 1, 1, 1]}}, {"type": "Feature", "geometry": {"type": "Point", "coordinates": [2.85538, 41.502102]}, "properties": {"var_data": [0.179, 0.091, 0.005, 0.005, 0.388, 0.0, 1, 1, 1, 1, 1]}}, {"type": "Feature", "geometry": {"type": "Point", "coordinates": [2.89072, 41.502102]}, "properties": {"var_data": [0.161, 0.085, 0.005, 0.006, 0.402, 0.0, 1, 1, 1, 1, 1]}}, {"type": "Feature", "geometry": {"type": "Point", "coordinates": [2.92606, 41.502102]}, "properties": {"var_data": [0.135, 0.099, 0.005, 0.006, 0.437, 0.0, 1, 1, 1, 1, 1]}}, {"type": "Feature", "geometry": {"type": "Point", "coordinates": [2.9614, 41.502102]}, "properties": {"var_data": [0.146, 0.103, 0.006, 0.006, 0.518, 0.0, 1, 1, 1, 1, 1]}}, {"type": "Feature", "geometry": {"type": "Point", "coordinates": [2.99674, 41.502102]}, "properties": {"var_data": [0.1, 0.091, 0.02, 0.009, 0.616, 0.0, 1, 1, 1, 1, 1]}}, {"type": "Feature", "geometry": {"type": "Point", "coordinates": [3.03208, 41.502102]}, "properties": {"var_data": [0.099, 0.101, 0.026, 0.011, 0.731, 0.0, 1, 1, 1, 1, 1]}}, {"type": "Feature", "geometry": {"type": "Point", "coordinates": [3.06742, 41.502102]}, "properties": {"var_data": [0.116, 0.095, 0.035, 0.018, 0.917, 0.001, 1, 1, 1, 1, 1]}}, {"type": "Feature", "geometry": {"type": "Point", "coordinates": [3.1381, 41.502102]}, "properties": {"var_data": [-0.068, 0.001, 0.058, 0.053, 0.946, 0.003, 1, 1, 1, 1, 1]}}, {"type": "Feature", "geometry": {"type": "Point", "coordinates": [3.17344, 41.502102]}, "properties": {"var_data": [-0.124, 0.025, 0.063, 0.062, 0.907, 0.004, 1, 1, 1, 1, 1]}}, {"type": "Feature", "geometry": {"type": "Point", "coordinates": [3.20878, 41.502102]}, "properties": {"var_data": [-0.132, 0.06, 0.068, 0.069, 0.892, 0.004, 1, 1, 1, 1, 1]}}, {"type": "Feature", "geometry": {"type": "Point", "coordinates": [3.24412, 41.502102]}, "properties": {"var_data": [-0.17, 0.075, 0.062, 0.07, 0.857, 0.004, 1, 1, 1, 1, 1]}}, {"type": "Feature", "geometry": {"type": "Point", "coordinates": [2.46664, 41.529099]}, "properties": {"var_data": [-0.076, 0.131, 0.007, 0.002, 0.414, -0.0, 1, 1, 1, 1, 1]}}, {"type": "Feature", "geometry": {"type": "Point", "coordinates": [2.50198, 41.529099]}, "properties": {"var_data": [0.035, 0.05, 0.004, 0.002, 0.24, -0.0, 1, 1, 1, 1, 1]}}, {"type": "Feature", "geometry": {"type": "Point", "coordinates": [2.53732, 41.529099]}, "properties": {"var_data": [0.077, 0.035, 0.004, 0.001, 0.22, -0.0, 1, 1, 1, 1, 1]}}, {"type": "Feature", "geometry": {"type": "Point", "coordinates": [2.57266, 41.529099]}, "properties": {"var_data": [0.087, 0.014, 0.004, 0.004, 0.216, 0.0, 1, 1, 1, 1, 1]}}, {"type": "Feature", "geometry": {"type": "Point", "coordinates": [2.608, 41.529099]}, "properties": {"var_data": [0.092, -0.012, 0.004, 0.005, 0.22, 0.0, 1, 1, 1, 1, 1]}}, {"type": "Feature", "geometry": {"type": "Point", "coordinates": [2.64334, 41.529099]}, "properties": {"var_data": [0.116, -0.021, 0.003, 0.007, 0.234, 0.0, 1, 1, 1, 1, 1]}}, {"type": "Feature", "geometry": {"type": "Point", "coordinates": [2.67868, 41.529099]}, "properties": {"var_data": [0.15, 0.024, 0.003, 0.009, 0.245, 0.0, 1, 1, 1, 1, 1]}}, {"type": "Feature", "geometry": {"type": "Point", "coordinates": [2.71402, 41.529099]}, "properties": {"var_data": [0.17, 0.063, 0.003, 0.007, 0.264, 0.0, 1, 1, 1, 1, 1]}}, {"type": "Feature", "geometry": {"type": "Point", "coordinates": [2.74936, 41.529099]}, "properties": {"var_data": [0.209, 0.06, 0.003, 0.007, 0.313, 0.0, 1, 1, 1, 1, 1]}}, {"type": "Feature", "geometry": {"type": "Point", "coordinates": [2.7847, 41.529099]}, "properties": {"var_data": [0.241, 0.061, 0.004, 0.006, 0.341, 0.0, 1, 1, 1, 1, 1]}}, {"type": "Feature", "geometry": {"type": "Point", "coordinates": [2.82004, 41.529099]}, "properties": {"var_data": [0.255, 0.065, 0.007, 0.005, 0.398, -0.0, 1, 1, 1, 1, 1]}}, {"type": "Feature", "geometry": {"type": "Point", "coordinates": [2.85538, 41.529099]}, "properties": {"var_data": [0.227, 0.072, 0.014, 0.005, 0.449, -0.0, 1, 1, 1, 1, 1]}}, {"type": "Feature", "geometry": {"type": "Point", "coordinates": [2.89072, 41.529099]}, "properties": {"var_data": [0.199, 0.065, 0.005, 0.004, 0.539, 0.0, 1, 1, 1, 1, 1]}}, {"type": "Feature", "geometry": {"type": "Point", "coordinates": [2.92606, 41.529099]}, "properties": {"var_data": [0.153, 0.067, 0.004, 0.005, 0.47, 0.0, 1, 1, 1, 1, 1]}}, {"type": "Feature", "geometry": {"type": "Point", "coordinates": [2.9614, 41.529099]}, "properties": {"var_data": [0.12, 0.069, 0.004, 0.005, 0.422, 0.0, 1, 1, 1, 1, 1]}}, {"type": "Feature", "geometry": {"type": "Point", "coordinates": [2.99674, 41.529099]}, "properties": {"var_data": [0.1, 0.073, 0.005, 0.006, 0.54, 0.0, 1, 1, 1, 1, 1]}}, {"type": "Feature", "geometry": {"type": "Point", "coordinates": [3.03208, 41.529099]}, "properties": {"var_data": [0.144, 0.093, 0.005, 0.007, 0.651, 0.0, 1, 1, 1, 1, 1]}}, {"type": "Feature", "geometry": {"type": "Point", "coordinates": [3.10276, 41.529099]}, "properties": {"var_data": [0.203, 0.131, 0.014, 0.007, 0.844, 0.0, 1, 1, 1, 1, 1]}}, {"type": "Feature", "geometry": {"type": "Point", "coordinates": [3.1381, 41.529099]}, "properties": {"var_data": [0.058, 0.064, 0.014, 0.007, 0.64, 0.0, 1, 1, 1, 1, 1]}}, {"type": "Feature", "geometry": {"type": "Point", "coordinates": [3.17344, 41.529099]}, "properties": {"var_data": [-0.088, -0.005, 0.044, 0.045, 0.649, 0.002, 1, 1, 1, 1, 1]}}, {"type": "Feature", "geometry": {"type": "Point", "coordinates": [3.20878, 41.529099]}, "properties": {"var_data": [-0.117, 0.025, 0.044, 0.048, 0.636, 0.002, 1, 1, 1, 1, 1]}}, {"type": "Feature", "geometry": {"type": "Point", "coordinates": [3.24412, 41.529099]}, "properties": {"var_data": [-0.168, 0.013, 0.034, 0.048, 0.633, 0.001, 1, 1, 1, 1, 1]}}, {"type": "Feature", "geometry": {"type": "Point", "coordinates": [3.27946, 41.529099]}, "properties": {"var_data": [-0.251, -0.057, 0.026, 0.03, 0.851, 0.001, 1, 0, 1, 1, 1]}}, {"type": "Feature", "geometry": {"type": "Point", "coordinates": [3.3148, 41.529099]}, "properties": {"var_data": [-0.288, -0.053, 0.042, 0.03, 0.872, 0.001, 1, 0, 1, 1, 1]}}, {"type": "Feature", "geometry": {"type": "Point", "coordinates": [2.53732, 41.556099]}, "properties": {"var_data": [0.088, 0.028, 0.005, 0.003, 0.242, 0.0, 1, 1, 1, 1, 1]}}, {"type": "Feature", "geometry": {"type": "Point", "coordinates": [2.57266, 41.556099]}, "properties": {"var_data": [0.082, -0.002, 0.004, 0.004, 0.25, 0.0, 1, 1, 1, 1, 1]}}, {"type": "Feature", "geometry": {"type": "Point", "coordinates": [2.608, 41.556099]}, "properties": {"var_data": [0.107, -0.022, 0.004, 0.006, 0.246, 0.0, 1, 1, 1, 1, 1]}}, {"type": "Feature", "geometry": {"type": "Point", "coordinates": [2.64334, 41.556099]}, "properties": {"var_data": [0.133, -0.027, 0.002, 0.006, 0.269, 0.0, 1, 1, 1, 1, 1]}}, {"type": "Feature", "geometry": {"type": "Point", "coordinates": [2.67868, 41.556099]}, "properties": {"var_data": [0.165, 0.034, 0.002, 0.006, 0.291, 0.0, 1, 1, 1, 1, 1]}}, {"type": "Feature", "geometry": {"type": "Point", "coordinates": [2.71402, 41.556099]}, "properties": {"var_data": [0.19, 0.083, 0.003, 0.008, 0.312, 0.0, 1, 1, 1, 1, 1]}}, {"type": "Feature", "geometry": {"type": "Point", "coordinates": [2.74936, 41.556099]}, "properties": {"var_data": [0.197, 0.102, 0.003, 0.006, 0.322, 0.0, 1, 1, 1, 1, 1]}}, {"type": "Feature", "geometry": {"type": "Point", "coordinates": [2.7847, 41.556099]}, "properties": {"var_data": [0.205, 0.096, 0.004, 0.005, 0.429, -0.0, 1, 1, 1, 1, 1]}}, {"type": "Feature", "geometry": {"type": "Point", "coordinates": [2.82004, 41.556099]}, "properties": {"var_data": [0.266, 0.069, 0.008, 0.005, 0.594, -0.0, 1, 1, 1, 1, 1]}}, {"type": "Feature", "geometry": {"type": "Point", "coordinates": [2.85538, 41.556099]}, "properties": {"var_data": [0.259, 0.065, 0.022, 0.006, 0.705, -0.0, 1, 1, 1, 1, 1]}}, {"type": "Feature", "geometry": {"type": "Point", "coordinates": [2.89072, 41.556099]}, "properties": {"var_data": [0.196, 0.063, 0.008, 0.004, 0.504, 0.0, 1, 1, 1, 1, 1]}}, {"type": "Feature", "geometry": {"type": "Point", "coordinates": [2.92606, 41.556099]}, "properties": {"var_data": [0.152, 0.058, 0.005, 0.004, 0.507, 0.0, 1, 1, 1, 1, 1]}}, {"type": "Feature", "geometry": {"type": "Point", "coordinates": [2.9614, 41.556099]}, "properties": {"var_data": [0.105, 0.047, 0.005, 0.004, 0.526, 0.0, 1, 1, 1, 1, 1]}}, {"type": "Feature", "geometry": {"type": "Point", "coordinates": [2.99674, 41.556099]}, "properties": {"var_data": [0.108, 0.053, 0.005, 0.005, 0.524, 0.0, 1, 1, 1, 1, 1]}}, {"type": "Feature", "geometry": {"type": "Point", "coordinates": [3.03208, 41.556099]}, "properties": {"var_data": [0.152, 0.074, 0.005, 0.007, 0.62, 0.0, 1, 1, 1, 1, 1]}}, {"type": "Feature", "geometry": {"type": "Point", "coordinates": [3.06742, 41.556099]}, "properties": {"var_data": [0.199, 0.101, 0.012, 0.006, 0.672, 0.0, 1, 1, 1, 1, 1]}}, {"type": "Feature", "geometry": {"type": "Point", "coordinates": [3.10276, 41.556099]}, "properties": {"var_data": [0.227, 0.135, 0.013, 0.007, 0.613, 0.0, 1, 1, 1, 1, 1]}}, {"type": "Feature", "geometry": {"type": "Point", "coordinates": [3.1381, 41.556099]}, "properties": {"var_data": [0.167, 0.119, 0.013, 0.007, 0.596, 0.0, 1, 1, 1, 1, 1]}}, {"type": "Feature", "geometry": {"type": "Point", "coordinates": [3.17344, 41.556099]}, "properties": {"var_data": [0.082, 0.087, 0.014, 0.006, 0.401, 0.0, 1, 1, 1, 1, 1]}}, {"type": "Feature", "geometry": {"type": "Point", "coordinates": [3.20878, 41.556099]}, "properties": {"var_data": [-0.0, 0.071, 0.016, 0.012, 0.463, 0.0, 1, 1, 1, 1, 1]}}, {"type": "Feature", "geometry": {"type": "Point", "coordinates": [3.24412, 41.556099]}, "properties": {"var_data": [-0.067, 0.047, 0.018, 0.011, 0.433, 0.0, 1, 1, 1, 1, 1]}}, {"type": "Feature", "geometry": {"type": "Point", "coordinates": [3.27946, 41.556099]}, "properties": {"var_data": [-0.122, 0.023, 0.024, 0.027, 0.528, 0.0, 1, 0, 1, 1, 1]}}, {"type": "Feature", "geometry": {"type": "Point", "coordinates": [3.3148, 41.556099]}, "properties": {"var_data": [-0.126, 0.058, 0.021, 0.029, 0.62, 0.0, 1, 0, 1, 1, 1]}}, {"type": "Feature", "geometry": {"type": "Point", "coordinates": [3.35014, 41.556099]}, "properties": {"var_data": [-0.192, -0.05, 0.028, 0.03, 0.825, 0.0, 1, 0, 1, 1, 1]}}, {"type": "Feature", "geometry": {"type": "Point", "coordinates": [2.608, 41.583099]}, "properties": {"var_data": [0.114, -0.076, 0.003, 0.006, 0.342, 0.0, 1, 1, 1, 1, 1]}}, {"type": "Feature", "geometry": {"type": "Point", "coordinates": [2.64334, 41.583099]}, "properties": {"var_data": [0.163, -0.052, 0.002, 0.006, 0.392, 0.0, 1, 1, 1, 1, 1]}}, {"type": "Feature", "geometry": {"type": "Point", "coordinates": [2.67868, 41.583099]}, "properties": {"var_data": [0.176, 0.049, 0.002, 0.006, 0.391, 0.0, 1, 1, 1, 1, 1]}}, {"type": "Feature", "geometry": {"type": "Point", "coordinates": [2.71402, 41.583099]}, "properties": {"var_data": [0.163, 0.154, 0.002, 0.006, 0.417, -0.0, 1, 1, 1, 1, 1]}}, {"type": "Feature", "geometry": {"type": "Point", "coordinates": [2.74936, 41.583099]}, "properties": {"var_data": [0.155, 0.177, 0.003, 0.006, 0.526, 0.0, 1, 1, 1, 1, 1]}}, {"type": "Feature", "geometry": {"type": "Point", "coordinates": [2.7847, 41.583099]}, "properties": {"var_data": [0.223, 0.12, 0.025, 0.016, 0.724, -0.0, 1, 1, 1, 1, 1]}}, {"type": "Feature", "geometry": {"type": "Point", "coordinates": [2.82004, 41.583099]}, "properties": {"var_data": [0.197, 0.108, 0.021, 0.01, 0.654, -0.0, 1, 1, 1, 1, 1]}}, {"type": "Feature", "geometry": {"type": "Point", "coordinates": [2.92606, 41.583099]}, "properties": {"var_data": [0.167, 0.049, 0.005, 0.003, 0.508, 0.0, 1, 1, 1, 1, 1]}}, {"type": "Feature", "geometry": {"type": "Point", "coordinates": [2.9614, 41.583099]}, "properties": {"var_data": [0.129, 0.032, 0.005, 0.004, 0.491, 0.0, 1, 1, 1, 1, 1]}}, {"type": "Feature", "geometry": {"type": "Point", "coordinates": [2.99674, 41.583099]}, "properties": {"var_data": [0.142, 0.039, 0.005, 0.004, 0.532, 0.0, 1, 1, 1, 1, 1]}}, {"type": "Feature", "geometry": {"type": "Point", "coordinates": [3.03208, 41.583099]}, "properties": {"var_data": [0.184, 0.066, 0.005, 0.006, 0.655, 0.0, 1, 1, 1, 1, 1]}}, {"type": "Feature", "geometry": {"type": "Point", "coordinates": [3.06742, 41.583099]}, "properties": {"var_data": [0.229, 0.114, 0.011, 0.006, 0.532, 0.0, 1, 1, 1, 1, 1]}}, {"type": "Feature", "geometry": {"type": "Point", "coordinates": [3.10276, 41.583099]}, "properties": {"var_data": [0.24, 0.114, 0.01, 0.006, 0.478, 0.0, 1, 1, 1, 1, 1]}}, {"type": "Feature", "geometry": {"type": "Point", "coordinates": [3.1381, 41.583099]}, "properties": {"var_data": [0.193, 0.107, 0.012, 0.006, 0.483, 0.0, 1, 1, 1, 1, 1]}}, {"type": "Feature", "geometry": {"type": "Point", "coordinates": [3.17344, 41.583099]}, "properties": {"var_data": [0.163, 0.118, 0.014, 0.005, 0.361, -0.0, 1, 1, 1, 1, 1]}}, {"type": "Feature", "geometry": {"type": "Point", "coordinates": [3.20878, 41.583099]}, "properties": {"var_data": [0.134, 0.131, 0.015, 0.011, 0.414, 0.0, 1, 1, 1, 1, 1]}}, {"type": "Feature", "geometry": {"type": "Point", "coordinates": [3.24412, 41.583099]}, "properties": {"var_data": [0.052, 0.119, 0.018, 0.01, 0.367, 0.0, 1, 0, 1, 1, 1]}}, {"type": "Feature", "geometry": {"type": "Point", "coordinates": [3.27946, 41.583099]}, "properties": {"var_data": [0.001, 0.116, 0.02, 0.011, 0.397, 0.0, 1, 0, 1, 1, 1]}}, {"type": "Feature", "geometry": {"type": "Point", "coordinates": [3.3148, 41.583099]}, "properties": {"var_data": [-0.048, 0.149, 0.021, 0.027, 0.481, 0.0, 1, 0, 1, 1, 1]}}, {"type": "Feature", "geometry": {"type": "Point", "coordinates": [3.35014, 41.583099]}, "properties": {"var_data": [-0.015, 0.173, 0.013, 0.026, 0.472, 0.0, 1, 0, 1, 1, 1]}}, {"type": "Feature", "geometry": {"type": "Point", "coordinates": [3.38548, 41.583099]}, "properties": {"var_data": [-0.014, 0.306, 0.031, 0.096, 0.681, 0.003, 1, 0, 1, 1, 1]}}, {"type": "Feature", "geometry": {"type": "Point", "coordinates": [3.42082, 41.583099]}, "properties": {"var_data": [-0.029, 0.201, 0.02, 0.057, 0.715, 0.001, 1, 0, 1, 1, 1]}}, {"type": "Feature", "geometry": {"type": "Point", "coordinates": [3.45616, 41.583099]}, "properties": {"var_data": [-0.011, 0.254, 0.022, 0.067, 0.966, 0.001, 1, 0, 1, 1, 1]}}, {"type": "Feature", "geometry": {"type": "Point", "coordinates": [3.4915, 41.583099]}, "properties": {"var_data": [-0.064, 0.216, 0.019, 0.053, 0.796, 0.001, 1, 0, 1, 1, 1]}}, {"type": "Feature", "geometry": {"type": "Point", "coordinates": [3.52684, 41.583099]}, "properties": {"var_data": [-0.093, 0.185, 0.028, 0.085, 1.051, 0.002, 1, 0, 1, 1, 1]}}, {"type": "Feature", "geometry": {"type": "Point", "coordinates": [3.56218, 41.583099]}, "properties": {"var_data": [-0.093, 0.185, 0.028, 0.088, 1.182, 0.002, 1, 0, 1, 1, 1]}}, {"type": "Feature", "geometry": {"type": "Point", "coordinates": [3.59752, 41.583099]}, "properties": {"var_data": [-0.007, 0.209, 0.028, 0.088, 1.448, 0.002, 4, 0, 1, 4, 1]}}, {"type": "Feature", "geometry": {"type": "Point", "coordinates": [2.67868, 41.6101]}, "properties": {"var_data": [0.072, 0.253, 0.008, 0.014, 0.829, -0.0, 1, 1, 1, 1, 1]}}, {"type": "Feature", "geometry": {"type": "Point", "coordinates": [2.71402, 41.6101]}, "properties": {"var_data": [0.074, 0.308, 0.008, 0.012, 0.687, -0.0, 1, 1, 1, 1, 1]}}, {"type": "Feature", "geometry": {"type": "Point", "coordinates": [2.74936, 41.6101]}, "properties": {"var_data": [0.071, 0.278, 0.012, 0.012, 0.703, -0.0, 1, 1, 1, 1, 1]}}, {"type": "Feature", "geometry": {"type": "Point", "coordinates": [2.7847, 41.6101]}, "properties": {"var_data": [0.133, 0.187, 0.023, 0.013, 0.679, -0.0, 1, 1, 1, 1, 1]}}, {"type": "Feature", "geometry": {"type": "Point", "coordinates": [2.82004, 41.6101]}, "properties": {"var_data": [0.137, 0.145, 0.019, 0.01, 0.515, -0.0, 1, 1, 1, 1, 1]}}, {"type": "Feature", "geometry": {"type": "Point", "coordinates": [2.92606, 41.6101]}, "properties": {"var_data": [0.237, 0.071, 0.008, 0.004, 0.441, 0.0, 1, 1, 1, 1, 1]}}, {"type": "Feature", "geometry": {"type": "Point", "coordinates": [2.9614, 41.6101]}, "properties": {"var_data": [0.163, 0.035, 0.004, 0.004, 0.431, 0.0, 1, 1, 1, 1, 1]}}, {"type": "Feature", "geometry": {"type": "Point", "coordinates": [2.99674, 41.6101]}, "properties": {"var_data": [0.186, 0.046, 0.005, 0.004, 0.489, 0.0, 1, 1, 1, 1, 1]}}, {"type": "Feature", "geometry": {"type": "Point", "coordinates": [3.03208, 41.6101]}, "properties": {"var_data": [0.256, 0.104, 0.013, 0.012, 0.669, 0.0, 1, 1, 1, 1, 1]}}, {"type": "Feature", "geometry": {"type": "Point", "coordinates": [3.06742, 41.6101]}, "properties": {"var_data": [0.273, 0.122, 0.008, 0.005, 0.449, 0.0, 1, 1, 1, 1, 1]}}, {"type": "Feature", "geometry": {"type": "Point", "coordinates": [3.10276, 41.6101]}, "properties": {"var_data": [0.258, 0.104, 0.008, 0.005, 0.407, 0.0, 1, 1, 1, 1, 1]}}, {"type": "Feature", "geometry": {"type": "Point", "coordinates": [3.1381, 41.6101]}, "properties": {"var_data": [0.237, 0.108, 0.013, 0.006, 0.408, -0.0, 1, 1, 1, 1, 1]}}, {"type": "Feature", "geometry": {"type": "Point", "coordinates": [3.17344, 41.6101]}, "properties": {"var_data": [0.196, 0.116, 0.013, 0.005, 0.308, -0.0, 1, 1, 1, 1, 1]}}, {"type": "Feature", "geometry": {"type": "Point", "coordinates": [3.20878, 41.6101]}, "properties": {"var_data": [0.155, 0.121, 0.016, 0.011, 0.357, 0.0, 1, 1, 1, 1, 1]}}, {"type": "Feature", "geometry": {"type": "Point", "coordinates": [3.24412, 41.6101]}, "properties": {"var_data": [0.103, 0.162, 0.017, 0.011, 0.343, 0.0, 1, 1, 1, 1, 1]}}, {"type": "Feature", "geometry": {"type": "Point", "coordinates": [3.27946, 41.6101]}, "properties": {"var_data": [0.069, 0.161, 0.019, 0.011, 0.381, 0.0, 1, 0, 1, 1, 1]}}, {"type": "Feature", "geometry": {"type": "Point", "coordinates": [3.3148, 41.6101]}, "properties": {"var_data": [0.015, 0.179, 0.024, 0.025, 0.408, 0.0, 1, 0, 1, 1, 1]}}, {"type": "Feature", "geometry": {"type": "Point", "coordinates": [3.35014, 41.6101]}, "properties": {"var_data": [0.069, 0.233, 0.016, 0.042, 0.446, 0.001, 1, 0, 1, 1, 1]}}, {"type": "Feature", "geometry": {"type": "Point", "coordinates": [3.38548, 41.6101]}, "properties": {"var_data": [0.057, 0.253, 0.022, 0.065, 0.55, 0.001, 1, 0, 1, 1, 1]}}, {"type": "Feature", "geometry": {"type": "Point", "coordinates": [3.42082, 41.6101]}, "properties": {"var_data": [0.035, 0.259, 0.017, 0.045, 0.595, 0.001, 1, 0, 1, 1, 1]}}, {"type": "Feature", "geometry": {"type": "Point", "coordinates": [3.45616, 41.6101]}, "properties": {"var_data": [0.049, 0.302, 0.021, 0.061, 0.918, 0.001, 1, 0, 1, 1, 1]}}, {"type": "Feature", "geometry": {"type": "Point", "coordinates": [3.4915, 41.6101]}, "properties": {"var_data": [-0.041, 0.321, 0.019, 0.052, 0.93, 0.001, 1, 0, 1, 1, 1]}}, {"type": "Feature", "geometry": {"type": "Point", "coordinates": [3.52684, 41.6101]}, "properties": {"var_data": [-0.085, 0.197, 0.013, 0.017, 0.946, 0.0, 1, 0, 1, 1, 1]}}, {"type": "Feature", "geometry": {"type": "Point", "coordinates": [3.56218, 41.6101]}, "properties": {"var_data": [-0.011, 0.197, 0.013, 0.017, 1.322, 0.0, 1, 0, 1, 1, 1]}}, {"type": "Feature", "geometry": {"type": "Point", "coordinates": [2.74936, 41.6371]}, "properties": {"var_data": [-0.199, 0.56, 0.06, 0.053, 1.21, -0.003, 1, 1, 1, 1, 1]}}, {"type": "Feature", "geometry": {"type": "Point", "coordinates": [2.7847, 41.6371]}, "properties": {"var_data": [-0.059, 0.32, 0.022, 0.013, 0.733, -0.0, 1, 1, 1, 1, 1]}}, {"type": "Feature", "geometry": {"type": "Point", "coordinates": [3.06742, 41.6371]}, "properties": {"var_data": [0.275, 0.095, 0.006, 0.008, 0.46, 0.0, 1, 1, 1, 1, 1]}}, {"type": "Feature", "geometry": {"type": "Point", "coordinates": [3.10276, 41.6371]}, "properties": {"var_data": [0.264, 0.085, 0.007, 0.008, 0.387, 0.0, 1, 1, 1, 1, 1]}}, {"type": "Feature", "geometry": {"type": "Point", "coordinates": [3.1381, 41.6371]}, "properties": {"var_data": [0.25, 0.083, 0.009, 0.008, 0.393, 0.0, 1, 1, 1, 1, 1]}}, {"type": "Feature", "geometry": {"type": "Point", "coordinates": [3.17344, 41.6371]}, "properties": {"var_data": [0.21, 0.101, 0.01, 0.007, 0.308, 0.0, 1, 1, 1, 1, 1]}}, {"type": "Feature", "geometry": {"type": "Point", "coordinates": [3.20878, 41.6371]}, "properties": {"var_data": [0.191, 0.112, 0.012, 0.009, 0.334, 0.0, 1, 1, 1, 1, 1]}}, {"type": "Feature", "geometry": {"type": "Point", "coordinates": [3.24412, 41.6371]}, "properties": {"var_data": [0.139, 0.142, 0.015, 0.011, 0.32, 0.0, 1, 1, 1, 1, 1]}}, {"type": "Feature", "geometry": {"type": "Point", "coordinates": [3.27946, 41.6371]}, "properties": {"var_data": [0.091, 0.163, 0.03, 0.009, 0.368, 0.0, 1, 1, 1, 1, 1]}}, {"type": "Feature", "geometry": {"type": "Point", "coordinates": [3.3148, 41.6371]}, "properties": {"var_data": [0.111, 0.196, 0.042, 0.009, 0.397, 0.0, 1, 1, 1, 1, 1]}}, {"type": "Feature", "geometry": {"type": "Point", "coordinates": [3.35014, 41.6371]}, "properties": {"var_data": [0.12, 0.214, 0.037, 0.039, 0.427, 0.0, 1, 0, 1, 1, 1]}}, {"type": "Feature", "geometry": {"type": "Point", "coordinates": [3.38548, 41.6371]}, "properties": {"var_data": [0.149, 0.283, 0.02, 0.06, 0.563, 0.001, 1, 0, 1, 1, 1]}}, {"type": "Feature", "geometry": {"type": "Point", "coordinates": [3.42082, 41.6371]}, "properties": {"var_data": [0.093, 0.246, 0.013, 0.022, 0.666, 0.0, 1, 0, 1, 1, 1]}}, {"type": "Feature", "geometry": {"type": "Point", "coordinates": [3.45616, 41.6371]}, "properties": {"var_data": [0.09, 0.239, 0.013, 0.023, 0.732, 0.0, 1, 0, 1, 1, 1]}}, {"type": "Feature", "geometry": {"type": "Point", "coordinates": [3.4915, 41.6371]}, "properties": {"var_data": [-0.035, 0.251, 0.106, 0.034, 0.847, 0.003, 1, 0, 1, 1, 1]}}, {"type": "Feature", "geometry": {"type": "Point", "coordinates": [3.10276, 41.664101]}, "properties": {"var_data": [0.28, 0.102, 0.007, 0.009, 0.39, 0.0, 1, 1, 1, 1, 1]}}, {"type": "Feature", "geometry": {"type": "Point", "coordinates": [3.1381, 41.664101]}, "properties": {"var_data": [0.284, 0.144, 0.007, 0.009, 0.367, 0.0, 1, 1, 1, 1, 1]}}, {"type": "Feature", "geometry": {"type": "Point", "coordinates": [3.17344, 41.664101]}, "properties": {"var_data": [0.244, 0.128, 0.011, 0.009, 0.302, 0.0, 1, 1, 1, 1, 1]}}, {"type": "Feature", "geometry": {"type": "Point", "coordinates": [3.20878, 41.664101]}, "properties": {"var_data": [0.182, 0.145, 0.014, 0.028, 0.344, 0.0, 1, 1, 1, 1, 1]}}, {"type": "Feature", "geometry": {"type": "Point", "coordinates": [3.24412, 41.664101]}, "properties": {"var_data": [0.141, 0.161, 0.013, 0.009, 0.329, 0.0, 1, 1, 1, 1, 1]}}, {"type": "Feature", "geometry": {"type": "Point", "coordinates": [3.27946, 41.664101]}, "properties": {"var_data": [0.091, 0.147, 0.028, 0.009, 0.365, 0.0, 1, 1, 1, 1, 1]}}, {"type": "Feature", "geometry": {"type": "Point", "coordinates": [3.3148, 41.664101]}, "properties": {"var_data": [0.098, 0.178, 0.038, 0.009, 0.401, 0.0, 1, 1, 1, 1, 1]}}, {"type": "Feature", "geometry": {"type": "Point", "coordinates": [3.35014, 41.664101]}, "properties": {"var_data": [0.133, 0.18, 0.034, 0.009, 0.427, 0.0, 1, 1, 1, 1, 1]}}, {"type": "Feature", "geometry": {"type": "Point", "coordinates": [3.38548, 41.664101]}, "properties": {"var_data": [0.049, 0.158, 0.03, 0.023, 0.5, 0.0, 1, 0, 1, 1, 1]}}, {"type": "Feature", "geometry": {"type": "Point", "coordinates": [3.42082, 41.664101]}, "properties": {"var_data": [0.033, 0.26, 0.028, 0.022, 0.465, 0.0, 1, 0, 1, 1, 1]}}, {"type": "Feature", "geometry": {"type": "Point", "coordinates": [3.45616, 41.664101]}, "properties": {"var_data": [-0.005, 0.243, 0.043, 0.023, 0.568, 0.0, 1, 0, 1, 1, 1]}}, {"type": "Feature", "geometry": {"type": "Point", "coordinates": [3.4915, 41.664101]}, "properties": {"var_data": [0.046, 0.218, 0.086, 0.025, 0.778, 0.002, 1, 0, 1, 1, 1]}}, {"type": "Feature", "geometry": {"type": "Point", "coordinates": [3.10276, 41.691101]}, "properties": {"var_data": [0.293, 0.173, 0.012, 0.035, 0.451, 0.0, 1, 1, 1, 1, 1]}}, {"type": "Feature", "geometry": {"type": "Point", "coordinates": [3.1381, 41.691101]}, "properties": {"var_data": [0.235, 0.153, 0.008, 0.014, 0.378, 0.0, 1, 1, 1, 1, 1]}}, {"type": "Feature", "geometry": {"type": "Point", "coordinates": [3.17344, 41.691101]}, "properties": {"var_data": [0.177, 0.149, 0.011, 0.027, 0.329, 0.0, 1, 1, 1, 1, 1]}}, {"type": "Feature", "geometry": {"type": "Point", "coordinates": [3.20878, 41.691101]}, "properties": {"var_data": [0.122, 0.122, 0.015, 0.035, 0.331, 0.0, 1, 1, 1, 1, 1]}}, {"type": "Feature", "geometry": {"type": "Point", "coordinates": [3.24412, 41.691101]}, "properties": {"var_data": [0.076, 0.093, 0.017, 0.009, 0.33, 0.0, 1, 1, 1, 1, 1]}}, {"type": "Feature", "geometry": {"type": "Point", "coordinates": [3.27946, 41.691101]}, "properties": {"var_data": [0.063, 0.117, 0.025, 0.009, 0.355, 0.0, 1, 1, 1, 1, 1]}}, {"type": "Feature", "geometry": {"type": "Point", "coordinates": [3.3148, 41.691101]}, "properties": {"var_data": [0.078, 0.135, 0.03, 0.009, 0.405, 0.0, 1, 1, 1, 1, 1]}}, {"type": "Feature", "geometry": {"type": "Point", "coordinates": [3.35014, 41.691101]}, "properties": {"var_data": [0.097, 0.125, 0.029, 0.009, 0.412, 0.0, 1, 1, 1, 1, 1]}}, {"type": "Feature", "geometry": {"type": "Point", "coordinates": [3.38548, 41.691101]}, "properties": {"var_data": [0.077, 0.165, 0.026, 0.022, 0.423, 0.0, 1, 1, 1, 1, 1]}}, {"type": "Feature", "geometry": {"type": "Point", "coordinates": [3.42082, 41.691101]}, "properties": {"var_data": [0.002, 0.159, 0.027, 0.023, 0.436, 0.0, 1, 1, 1, 1, 1]}}, {"type": "Feature", "geometry": {"type": "Point", "coordinates": [3.45616, 41.691101]}, "properties": {"var_data": [-0.004, 0.194, 0.034, 0.023, 0.475, 0.0, 1, 1, 1, 1, 1]}}, {"type": "Feature", "geometry": {"type": "Point", "coordinates": [3.4915, 41.691101]}, "properties": {"var_data": [0.016, 0.135, 0.073, 0.022, 0.662, 0.001, 1, 0, 1, 1, 1]}}, {"type": "Feature", "geometry": {"type": "Point", "coordinates": [3.52684, 41.691101]}, "properties": {"var_data": [0.014, 0.147, 0.098, 0.032, 1.131, 0.003, 1, 0, 1, 1, 1]}}, {"type": "Feature", "geometry": {"type": "Point", "coordinates": [3.10276, 41.718102]}, "properties": {"var_data": [0.171, 0.184, 0.007, 0.024, 0.47, 0.0, 1, 1, 1, 1, 1]}}, {"type": "Feature", "geometry": {"type": "Point", "coordinates": [3.1381, 41.718102]}, "properties": {"var_data": [0.049, 0.166, 0.007, 0.026, 0.403, -0.0, 1, 1, 1, 1, 1]}}, {"type": "Feature", "geometry": {"type": "Point", "coordinates": [3.17344, 41.718102]}, "properties": {"var_data": [-0.013, 0.142, 0.009, 0.026, 0.346, -0.0, 1, 1, 1, 1, 1]}}, {"type": "Feature", "geometry": {"type": "Point", "coordinates": [3.20878, 41.718102]}, "properties": {"var_data": [0.051, 0.144, 0.014, 0.028, 0.331, 0.0, 1, 1, 1, 1, 1]}}, {"type": "Feature", "geometry": {"type": "Point", "coordinates": [3.24412, 41.718102]}, "properties": {"var_data": [0.008, 0.084, 0.019, 0.009, 0.33, 0.0, 1, 1, 1, 1, 1]}}, {"type": "Feature", "geometry": {"type": "Point", "coordinates": [3.27946, 41.718102]}, "properties": {"var_data": [0.01, 0.069, 0.021, 0.009, 0.354, -0.0, 1, 1, 1, 1, 1]}}, {"type": "Feature", "geometry": {"type": "Point", "coordinates": [3.3148, 41.718102]}, "properties": {"var_data": [0.035, 0.035, 0.02, 0.009, 0.366, 0.0, 1, 1, 1, 1, 1]}}, {"type": "Feature", "geometry": {"type": "Point", "coordinates": [3.35014, 41.718102]}, "properties": {"var_data": [0.045, 0.061, 0.024, 0.009, 0.404, 0.0, 1, 1, 1, 1, 1]}}, {"type": "Feature", "geometry": {"type": "Point", "coordinates": [3.38548, 41.718102]}, "properties": {"var_data": [0.034, 0.1, 0.03, 0.021, 0.433, 0.0, 1, 1, 1, 1, 1]}}, {"type": "Feature", "geometry": {"type": "Point", "coordinates": [3.42082, 41.718102]}, "properties": {"var_data": [0.001, 0.13, 0.032, 0.021, 0.446, 0.0, 1, 1, 1, 1, 1]}}, {"type": "Feature", "geometry": {"type": "Point", "coordinates": [3.45616, 41.718102]}, "properties": {"var_data": [-0.013, 0.12, 0.033, 0.019, 0.455, 0.0, 1, 1, 1, 1, 1]}}, {"type": "Feature", "geometry": {"type": "Point", "coordinates": [3.4915, 41.718102]}, "properties": {"var_data": [-0.014, 0.085, 0.069, 0.024, 0.58, 0.001, 1, 1, 1, 1, 1]}}, {"type": "Feature", "geometry": {"type": "Point", "coordinates": [3.52684, 41.718102]}, "properties": {"var_data": [-0.09, 0.063, 0.011, 0.035, 0.845, -0.0, 1, 0, 1, 1, 1]}}, {"type": "Feature", "geometry": {"type": "Point", "coordinates": [3.56218, 41.718102]}, "properties": {"var_data": [-0.188, 0.037, 0.011, 0.035, 1.105, -0.0, 1, 0, 1, 1, 1]}}, {"type": "Feature", "geometry": {"type": "Point", "coordinates": [3.59752, 41.718102]}, "properties": {"var_data": [-0.21, 0.395, 0.011, 0.017, 1.282, 0.0, 4, 0, 1, 4, 1]}}, {"type": "Feature", "geometry": {"type": "Point", "coordinates": [3.63286, 41.718102]}, "properties": {"var_data": [-0.22, 0.391, 0.042, 0.023, 1.283, 0.001, 4, 0, 1, 4, 1]}}, {"type": "Feature", "geometry": {"type": "Point", "coordinates": [3.10276, 41.745098]}, "properties": {"var_data": [-0.232, 0.311, 0.013, 0.035, 0.536, -0.0, 1, 1, 1, 1, 1]}}, {"type": "Feature", "geometry": {"type": "Point", "coordinates": [3.1381, 41.745098]}, "properties": {"var_data": [-0.212, 0.289, 0.012, 0.034, 0.421, -0.0, 1, 1, 1, 1, 1]}}, {"type": "Feature", "geometry": {"type": "Point", "coordinates": [3.17344, 41.745098]}, "properties": {"var_data": [-0.162, 0.19, 0.011, 0.03, 0.341, -0.0, 1, 1, 1, 1, 1]}}, {"type": "Feature", "geometry": {"type": "Point", "coordinates": [3.20878, 41.745098]}, "properties": {"var_data": [-0.095, 0.117, 0.014, 0.027, 0.313, -0.0, 1, 1, 1, 1, 1]}}, {"type": "Feature", "geometry": {"type": "Point", "coordinates": [3.24412, 41.745098]}, "properties": {"var_data": [-0.088, -0.024, 0.017, 0.034, 0.351, -0.0, 1, 1, 1, 1, 1]}}, {"type": "Feature", "geometry": {"type": "Point", "coordinates": [3.27946, 41.745098]}, "properties": {"var_data": [-0.057, -0.039, 0.014, 0.028, 0.359, -0.0, 1, 1, 1, 1, 1]}}, {"type": "Feature", "geometry": {"type": "Point", "coordinates": [3.3148, 41.745098]}, "properties": {"var_data": [-0.042, -0.036, 0.015, 0.033, 0.367, -0.0, 1, 1, 1, 1, 1]}}, {"type": "Feature", "geometry": {"type": "Point", "coordinates": [3.35014, 41.745098]}, "properties": {"var_data": [-0.03, -0.039, 0.027, 0.05, 0.434, -0.0, 1, 1, 1, 1, 1]}}, {"type": "Feature", "geometry": {"type": "Point", "coordinates": [3.38548, 41.745098]}, "properties": {"var_data": [-0.019, -0.014, 0.032, 0.007, 0.43, 0.0, 1, 1, 1, 1, 1]}}, {"type": "Feature", "geometry": {"type": "Point", "coordinates": [3.42082, 41.745098]}, "properties": {"var_data": [-0.022, 0.049, 0.031, 0.007, 0.431, 0.0, 1, 1, 1, 1, 1]}}, {"type": "Feature", "geometry": {"type": "Point", "coordinates": [3.45616, 41.745098]}, "properties": {"var_data": [-0.056, 0.018, 0.048, 0.01, 0.44, 0.0, 1, 1, 1, 1, 1]}}, {"type": "Feature", "geometry": {"type": "Point", "coordinates": [3.4915, 41.745098]}, "properties": {"var_data": [-0.056, 0.036, 0.011, 0.026, 0.498, -0.0, 1, 1, 1, 1, 1]}}, {"type": "Feature", "geometry": {"type": "Point", "coordinates": [3.52684, 41.745098]}, "properties": {"var_data": [-0.067, -0.05, 0.011, 0.02, 0.782, 0.0, 1, 1, 1, 1, 1]}}, {"type": "Feature", "geometry": {"type": "Point", "coordinates": [3.56218, 41.745098]}, "properties": {"var_data": [-0.133, -0.067, 0.011, 0.02, 1.108, 0.0, 1, 0, 1, 1, 1]}}, {"type": "Feature", "geometry": {"type": "Point", "coordinates": [3.59752, 41.745098]}, "properties": {"var_data": [-0.163, -0.37, 0.011, 0.025, 1.282, 0.0, 4, 0, 1, 4, 1]}}, {"type": "Feature", "geometry": {"type": "Point", "coordinates": [3.1381, 41.772099]}, "properties": {"var_data": [-0.237, 0.261, 0.012, 0.029, 0.444, -0.0, 1, 1, 1, 1, 1]}}, {"type": "Feature", "geometry": {"type": "Point", "coordinates": [3.17344, 41.772099]}, "properties": {"var_data": [-0.181, 0.088, 0.012, 0.027, 0.341, -0.0, 1, 1, 1, 1, 1]}}, {"type": "Feature", "geometry": {"type": "Point", "coordinates": [3.20878, 41.772099]}, "properties": {"var_data": [-0.154, 0.062, 0.013, 0.029, 0.326, -0.0, 1, 1, 1, 1, 1]}}, {"type": "Feature", "geometry": {"type": "Point", "coordinates": [3.24412, 41.772099]}, "properties": {"var_data": [-0.08, -0.097, 0.012, 0.014, 0.306, -0.0, 1, 1, 1, 1, 1]}}, {"type": "Feature", "geometry": {"type": "Point", "coordinates": [3.27946, 41.772099]}, "properties": {"var_data": [-0.078, -0.093, 0.013, 0.014, 0.322, -0.0, 1, 1, 1, 1, 1]}}, {"type": "Feature", "geometry": {"type": "Point", "coordinates": [3.3148, 41.772099]}, "properties": {"var_data": [-0.096, -0.132, 0.012, 0.015, 0.347, -0.0, 1, 1, 1, 1, 1]}}, {"type": "Feature", "geometry": {"type": "Point", "coordinates": [3.35014, 41.772099]}, "properties": {"var_data": [-0.046, -0.152, 0.017, 0.005, 0.385, 0.0, 1, 1, 1, 1, 1]}}, {"type": "Feature", "geometry": {"type": "Point", "coordinates": [3.38548, 41.772099]}, "properties": {"var_data": [-0.043, -0.13, 0.028, 0.007, 0.373, 0.0, 1, 1, 1, 1, 1]}}, {"type": "Feature", "geometry": {"type": "Point", "coordinates": [3.42082, 41.772099]}, "properties": {"var_data": [-0.012, -0.166, 0.036, 0.008, 0.383, 0.0, 1, 1, 1, 1, 1]}}, {"type": "Feature", "geometry": {"type": "Point", "coordinates": [3.45616, 41.772099]}, "properties": {"var_data": [-0.043, -0.134, 0.047, 0.01, 0.427, 0.0, 1, 1, 1, 1, 1]}}, {"type": "Feature", "geometry": {"type": "Point", "coordinates": [3.4915, 41.772099]}, "properties": {"var_data": [-0.085, -0.173, 0.011, 0.004, 0.518, 0.0, 1, 1, 1, 1, 1]}}, {"type": "Feature", "geometry": {"type": "Point", "coordinates": [3.52684, 41.772099]}, "properties": {"var_data": [-0.145, -0.198, 0.011, 0.018, 1.071, 0.0, 1, 1, 1, 1, 1]}}, {"type": "Feature", "geometry": {"type": "Point", "coordinates": [3.56218, 41.772099]}, "properties": {"var_data": [-0.145, -0.188, 0.011, 0.02, 1.108, 0.0, 1, 1, 1, 1, 1]}}, {"type": "Feature", "geometry": {"type": "Point", "coordinates": [3.59752, 41.772099]}, "properties": {"var_data": [-0.163, -0.37, 0.011, 0.025, 1.282, 0.0, 4, 1, 1, 4, 1]}}, {"type": "Feature", "geometry": {"type": "Point", "coordinates": [3.6682, 41.772099]}, "properties": {"var_data": [-0.173, -0.387, 0.042, 0.05, 1.378, 0.001, 4, 1, 1, 4, 1]}}, {"type": "Feature", "geometry": {"type": "Point", "coordinates": [3.70354, 41.772099]}, "properties": {"var_data": [-0.173, -0.387, 0.042, 0.05, 1.378, 0.001, 4, 0, 1, 4, 1]}}, {"type": "Feature", "geometry": {"type": "Point", "coordinates": [3.17344, 41.799099]}, "properties": {"var_data": [-0.194, 0.035, 0.012, 0.026, 0.344, -0.0, 1, 1, 1, 1, 1]}}, {"type": "Feature", "geometry": {"type": "Point", "coordinates": [3.20878, 41.799099]}, "properties": {"var_data": [-0.18, 0.0, 0.014, 0.026, 0.336, -0.0, 1, 1, 1, 1, 1]}}, {"type": "Feature", "geometry": {"type": "Point", "coordinates": [3.24412, 41.799099]}, "properties": {"var_data": [-0.135, -0.11, 0.013, 0.013, 0.312, -0.0, 1, 1, 1, 1, 1]}}, {"type": "Feature", "geometry": {"type": "Point", "coordinates": [3.27946, 41.799099]}, "properties": {"var_data": [-0.111, -0.148, 0.011, 0.013, 0.317, -0.0, 1, 1, 1, 1, 1]}}, {"type": "Feature", "geometry": {"type": "Point", "coordinates": [3.3148, 41.799099]}, "properties": {"var_data": [-0.099, -0.171, 0.01, 0.009, 0.321, -0.0, 1, 1, 1, 1, 1]}}, {"type": "Feature", "geometry": {"type": "Point", "coordinates": [3.35014, 41.799099]}, "properties": {"var_data": [-0.036, -0.19, 0.012, 0.008, 0.328, -0.0, 1, 1, 1, 1, 1]}}, {"type": "Feature", "geometry": {"type": "Point", "coordinates": [3.38548, 41.799099]}, "properties": {"var_data": [-0.018, -0.169, 0.024, 0.006, 0.351, 0.0, 1, 1, 1, 1, 1]}}, {"type": "Feature", "geometry": {"type": "Point", "coordinates": [3.42082, 41.799099]}, "properties": {"var_data": [0.007, -0.182, 0.029, 0.007, 0.364, 0.0, 1, 1, 1, 1, 1]}}, {"type": "Feature", "geometry": {"type": "Point", "coordinates": [3.45616, 41.799099]}, "properties": {"var_data": [-0.01, -0.196, 0.05, 0.01, 0.465, 0.0, 1, 1, 1, 1, 1]}}, {"type": "Feature", "geometry": {"type": "Point", "coordinates": [3.4915, 41.799099]}, "properties": {"var_data": [-0.05, -0.205, 0.018, 0.014, 0.568, 0.0, 1, 1, 1, 1, 1]}}, {"type": "Feature", "geometry": {"type": "Point", "coordinates": [3.52684, 41.799099]}, "properties": {"var_data": [-0.109, -0.219, 0.019, 0.016, 0.762, 0.0, 1, 1, 1, 1, 1]}}, {"type": "Feature", "geometry": {"type": "Point", "coordinates": [3.56218, 41.799099]}, "properties": {"var_data": [-0.122, -0.282, 0.009, 0.017, 0.777, 0.0, 1, 1, 1, 1, 1]}}, {"type": "Feature", "geometry": {"type": "Point", "coordinates": [3.59752, 41.799099]}, "properties": {"var_data": [-0.117, -0.352, 0.041, 0.027, 1.235, 0.001, 4, 1, 1, 4, 1]}}, {"type": "Feature", "geometry": {"type": "Point", "coordinates": [3.6682, 41.799099]}, "properties": {"var_data": [-0.173, -0.387, 0.042, 0.05, 1.378, 0.001, 4, 1, 1, 4, 1]}}, {"type": "Feature", "geometry": {"type": "Point", "coordinates": [3.70354, 41.799099]}, "properties": {"var_data": [-0.173, -0.387, 0.042, 0.05, 1.378, 0.001, 4, 0, 1, 4, 1]}}, {"type": "Feature", "geometry": {"type": "Point", "coordinates": [3.17344, 41.826099]}, "properties": {"var_data": [-0.154, -0.027, 0.015, 0.025, 0.379, -0.0, 1, 1, 1, 1, 1]}}, {"type": "Feature", "geometry": {"type": "Point", "coordinates": [3.20878, 41.826099]}, "properties": {"var_data": [-0.143, -0.078, 0.018, 0.021, 0.348, -0.0, 1, 1, 1, 1, 1]}}, {"type": "Feature", "geometry": {"type": "Point", "coordinates": [3.24412, 41.826099]}, "properties": {"var_data": [-0.13, -0.156, 0.01, 0.012, 0.326, -0.0, 1, 1, 1, 1, 1]}}, {"type": "Feature", "geometry": {"type": "Point", "coordinates": [3.27946, 41.826099]}, "properties": {"var_data": [-0.123, -0.173, 0.009, 0.008, 0.31, -0.0, 1, 1, 1, 1, 1]}}, {"type": "Feature", "geometry": {"type": "Point", "coordinates": [3.3148, 41.826099]}, "properties": {"var_data": [-0.111, -0.17, 0.009, 0.007, 0.32, -0.0, 1, 1, 1, 1, 1]}}, {"type": "Feature", "geometry": {"type": "Point", "coordinates": [3.35014, 41.826099]}, "properties": {"var_data": [-0.051, -0.172, 0.012, 0.007, 0.319, -0.0, 1, 1, 1, 1, 1]}}, {"type": "Feature", "geometry": {"type": "Point", "coordinates": [3.38548, 41.826099]}, "properties": {"var_data": [-0.01, -0.156, 0.015, 0.008, 0.352, 0.0, 1, 1, 1, 1, 1]}}, {"type": "Feature", "geometry": {"type": "Point", "coordinates": [3.42082, 41.826099]}, "properties": {"var_data": [0.001, -0.203, 0.023, 0.006, 0.34, 0.0, 1, 1, 1, 1, 1]}}, {"type": "Feature", "geometry": {"type": "Point", "coordinates": [3.45616, 41.826099]}, "properties": {"var_data": [-0.054, -0.198, 0.017, 0.011, 0.381, 0.0, 1, 1, 1, 1, 1]}}, {"type": "Feature", "geometry": {"type": "Point", "coordinates": [3.4915, 41.826099]}, "properties": {"var_data": [-0.103, -0.196, 0.013, 0.013, 0.425, -0.0, 1, 1, 1, 1, 1]}}, {"type": "Feature", "geometry": {"type": "Point", "coordinates": [3.52684, 41.826099]}, "properties": {"var_data": [-0.146, -0.234, 0.012, 0.012, 0.512, 0.0, 1, 1, 1, 1, 1]}}, {"type": "Feature", "geometry": {"type": "Point", "coordinates": [3.56218, 41.826099]}, "properties": {"var_data": [-0.105, -0.258, 0.018, 0.017, 0.823, 0.0, 1, 1, 1, 1, 1]}}, {"type": "Feature", "geometry": {"type": "Point", "coordinates": [3.59752, 41.826099]}, "properties": {"var_data": [-0.117, -0.352, 0.041, 0.027, 1.235, 0.001, 4, 1, 1, 4, 1]}}, {"type": "Feature", "geometry": {"type": "Point", "coordinates": [3.63286, 41.826099]}, "properties": {"var_data": [-0.117, -0.353, 0.04, 0.046, 1.282, 0.001, 4, 1, 1, 4, 1]}}, {"type": "Feature", "geometry": {"type": "Point", "coordinates": [3.17344, 41.8531]}, "properties": {"var_data": [-0.101, -0.107, 0.02, 0.023, 0.456, -0.0, 1, 1, 1, 1, 1]}}, {"type": "Feature", "geometry": {"type": "Point", "coordinates": [3.20878, 41.8531]}, "properties": {"var_data": [-0.124, -0.159, 0.015, 0.02, 0.422, -0.0, 1, 1, 1, 1, 1]}}, {"type": "Feature", "geometry": {"type": "Point", "coordinates": [3.24412, 41.8531]}, "properties": {"var_data": [-0.148, -0.162, 0.012, 0.014, 0.363, -0.0, 1, 1, 1, 1, 1]}}, {"type": "Feature", "geometry": {"type": "Point", "coordinates": [3.27946, 41.8531]}, "properties": {"var_data": [-0.138, -0.173, 0.008, 0.007, 0.337, -0.0, 1, 1, 1, 1, 1]}}, {"type": "Feature", "geometry": {"type": "Point", "coordinates": [3.3148, 41.8531]}, "properties": {"var_data": [-0.085, -0.154, 0.009, 0.007, 0.349, -0.0, 1, 1, 1, 1, 1]}}, {"type": "Feature", "geometry": {"type": "Point", "coordinates": [3.35014, 41.8531]}, "properties": {"var_data": [-0.058, -0.136, 0.009, 0.008, 0.322, -0.0, 1, 1, 1, 1, 1]}}, {"type": "Feature", "geometry": {"type": "Point", "coordinates": [3.38548, 41.8531]}, "properties": {"var_data": [-0.012, -0.158, 0.02, 0.008, 0.342, 0.0, 1, 1, 1, 1, 1]}}, {"type": "Feature", "geometry": {"type": "Point", "coordinates": [3.42082, 41.8531]}, "properties": {"var_data": [-0.034, -0.172, 0.02, 0.011, 0.355, 0.0, 1, 1, 1, 1, 1]}}, {"type": "Feature", "geometry": {"type": "Point", "coordinates": [3.45616, 41.8531]}, "properties": {"var_data": [-0.064, -0.162, 0.012, 0.01, 0.345, 0.0, 1, 1, 1, 1, 1]}}, {"type": "Feature", "geometry": {"type": "Point", "coordinates": [3.4915, 41.8531]}, "properties": {"var_data": [-0.087, -0.197, 0.013, 0.012, 0.418, 0.0, 1, 1, 1, 1, 1]}}, {"type": "Feature", "geometry": {"type": "Point", "coordinates": [3.52684, 41.8531]}, "properties": {"var_data": [-0.156, -0.207, 0.013, 0.014, 0.578, -0.0, 1, 1, 1, 1, 1]}}, {"type": "Feature", "geometry": {"type": "Point", "coordinates": [3.56218, 41.8531]}, "properties": {"var_data": [-0.094, -0.193, 0.009, 0.019, 0.648, -0.0, 1, 1, 1, 1, 1]}}, {"type": "Feature", "geometry": {"type": "Point", "coordinates": [3.63286, 41.8531]}, "properties": {"var_data": [-0.061, -0.317, 0.015, 0.038, 1.034, -0.0, 1, 1, 1, 1, 1]}}, {"type": "Feature", "geometry": {"type": "Point", "coordinates": [3.20878, 41.8801]}, "properties": {"var_data": [-0.099, -0.172, 0.013, 0.017, 0.51, -0.0, 1, 1, 1, 1, 1]}}, {"type": "Feature", "geometry": {"type": "Point", "coordinates": [3.24412, 41.8801]}, "properties": {"var_data": [-0.134, -0.19, 0.011, 0.012, 0.389, -0.0, 1, 1, 1, 1, 1]}}, {"type": "Feature", "geometry": {"type": "Point", "coordinates": [3.27946, 41.8801]}, "properties": {"var_data": [-0.107, -0.176, 0.01, 0.01, 0.387, -0.0, 1, 1, 1, 1, 1]}}, {"type": "Feature", "geometry": {"type": "Point", "coordinates": [3.3148, 41.8801]}, "properties": {"var_data": [-0.131, -0.12, 0.009, 0.008, 0.402, -0.0, 1, 1, 1, 1, 1]}}, {"type": "Feature", "geometry": {"type": "Point", "coordinates": [3.35014, 41.8801]}, "properties": {"var_data": [-0.047, -0.108, 0.01, 0.008, 0.361, -0.0, 1, 1, 1, 1, 1]}}, {"type": "Feature", "geometry": {"type": "Point", "coordinates": [3.38548, 41.8801]}, "properties": {"var_data": [-0.031, -0.106, 0.01, 0.007, 0.334, -0.0, 1, 1, 1, 1, 1]}}, {"type": "Feature", "geometry": {"type": "Point", "coordinates": [3.42082, 41.8801]}, "properties": {"var_data": [-0.077, -0.14, 0.011, 0.01, 0.361, -0.0, 1, 1, 1, 1, 1]}}, {"type": "Feature", "geometry": {"type": "Point", "coordinates": [3.45616, 41.8801]}, "properties": {"var_data": [-0.091, -0.154, 0.009, 0.01, 0.384, -0.0, 1, 1, 1, 1, 1]}}, {"type": "Feature", "geometry": {"type": "Point", "coordinates": [3.4915, 41.8801]}, "properties": {"var_data": [-0.107, -0.188, 0.008, 0.01, 0.409, -0.0, 1, 1, 1, 1, 1]}}, {"type": "Feature", "geometry": {"type": "Point", "coordinates": [3.52684, 41.8801]}, "properties": {"var_data": [-0.115, -0.182, 0.01, 0.017, 0.54, -0.0, 1, 1, 1, 1, 1]}}, {"type": "Feature", "geometry": {"type": "Point", "coordinates": [3.56218, 41.8801]}, "properties": {"var_data": [-0.095, -0.18, 0.009, 0.016, 0.548, -0.0, 1, 1, 1, 1, 1]}}, {"type": "Feature", "geometry": {"type": "Point", "coordinates": [3.59752, 41.8801]}, "properties": {"var_data": [-0.095, -0.198, 0.016, 0.043, 1.034, -0.001, 1, 1, 1, 1, 1]}}, {"type": "Feature", "geometry": {"type": "Point", "coordinates": [3.63286, 41.8801]}, "properties": {"var_data": [-0.045, -0.171, 0.017, 0.043, 1.253, -0.001, 4, 1, 1, 4, 1]}}, {"type": "Feature", "geometry": {"type": "Point", "coordinates": [3.6682, 41.8801]}, "properties": {"var_data": [-0.045, -0.171, 0.017, 0.043, 1.253, -0.001, 4, 1, 1, 4, 1]}}, {"type": "Feature", "geometry": {"type": "Point", "coordinates": [3.24412, 41.907101]}, "properties": {"var_data": [-0.124, -0.189, 0.011, 0.012, 0.502, -0.0, 1, 1, 1, 1, 1]}}, {"type": "Feature", "geometry": {"type": "Point", "coordinates": [3.27946, 41.907101]}, "properties": {"var_data": [-0.13, -0.158, 0.011, 0.011, 0.473, -0.0, 1, 1, 1, 1, 1]}}, {"type": "Feature", "geometry": {"type": "Point", "coordinates": [3.3148, 41.907101]}, "properties": {"var_data": [-0.131, -0.119, 0.011, 0.013, 0.437, -0.0, 1, 1, 1, 1, 1]}}, {"type": "Feature", "geometry": {"type": "Point", "coordinates": [3.35014, 41.907101]}, "properties": {"var_data": [-0.048, -0.088, 0.011, 0.01, 0.444, -0.0, 1, 1, 1, 1, 1]}}, {"type": "Feature", "geometry": {"type": "Point", "coordinates": [3.38548, 41.907101]}, "properties": {"var_data": [-0.041, -0.076, 0.01, 0.009, 0.391, -0.0, 1, 1, 1, 1, 1]}}, {"type": "Feature", "geometry": {"type": "Point", "coordinates": [3.42082, 41.907101]}, "properties": {"var_data": [-0.087, -0.114, 0.009, 0.012, 0.43, -0.0, 1, 1, 1, 1, 1]}}, {"type": "Feature", "geometry": {"type": "Point", "coordinates": [3.45616, 41.907101]}, "properties": {"var_data": [-0.119, -0.141, 0.009, 0.012, 0.388, -0.0, 1, 1, 1, 1, 1]}}, {"type": "Feature", "geometry": {"type": "Point", "coordinates": [3.4915, 41.907101]}, "properties": {"var_data": [-0.12, -0.165, 0.009, 0.013, 0.472, -0.0, 1, 1, 1, 1, 1]}}, {"type": "Feature", "geometry": {"type": "Point", "coordinates": [3.52684, 41.907101]}, "properties": {"var_data": [-0.114, -0.146, 0.013, 0.026, 0.54, -0.0, 1, 1, 1, 1, 1]}}, {"type": "Feature", "geometry": {"type": "Point", "coordinates": [3.56218, 41.907101]}, "properties": {"var_data": [-0.08, -0.155, 0.012, 0.024, 0.706, -0.0, 1, 1, 1, 1, 1]}}, {"type": "Feature", "geometry": {"type": "Point", "coordinates": [3.59752, 41.907101]}, "properties": {"var_data": [-0.026, -0.159, 0.017, 0.042, 0.924, -0.001, 1, 1, 1, 1, 1]}}, {"type": "Feature", "geometry": {"type": "Point", "coordinates": [3.63286, 41.907101]}, "properties": {"var_data": [-0.033, -0.164, 0.017, 0.042, 1.015, -0.001, 1, 1, 1, 1, 1]}}, {"type": "Feature", "geometry": {"type": "Point", "coordinates": [3.6682, 41.907101]}, "properties": {"var_data": [-0.045, -0.171, 0.017, 0.043, 1.253, -0.001, 4, 1, 1, 4, 1]}}, {"type": "Feature", "geometry": {"type": "Point", "coordinates": [3.24412, 41.934101]}, "properties": {"var_data": [-0.182, -0.189, 0.016, 0.012, 0.763, -0.0, 1, 1, 1, 1, 1]}}, {"type": "Feature", "geometry": {"type": "Point", "coordinates": [3.27946, 41.934101]}, "properties": {"var_data": [-0.278, -0.135, 0.074, 0.012, 0.831, -0.0, 1, 1, 1, 1, 1]}}, {"type": "Feature", "geometry": {"type": "Point", "coordinates": [3.3148, 41.934101]}, "properties": {"var_data": [-0.094, -0.09, 0.011, 0.009, 0.457, -0.0, 1, 1, 1, 1, 1]}}, {"type": "Feature", "geometry": {"type": "Point", "coordinates": [3.35014, 41.934101]}, "properties": {"var_data": [-0.043, -0.066, 0.01, 0.006, 0.448, -0.0, 1, 1, 1, 1, 1]}}, {"type": "Feature", "geometry": {"type": "Point", "coordinates": [3.38548, 41.934101]}, "properties": {"var_data": [-0.046, -0.056, 0.009, 0.006, 0.409, -0.0, 1, 1, 1, 1, 1]}}, {"type": "Feature", "geometry": {"type": "Point", "coordinates": [3.42082, 41.934101]}, "properties": {"var_data": [-0.04, -0.086, 0.008, 0.006, 0.403, 0.0, 1, 1, 1, 1, 1]}}, {"type": "Feature", "geometry": {"type": "Point", "coordinates": [3.45616, 41.934101]}, "properties": {"var_data": [-0.099, -0.095, 0.009, 0.007, 0.498, 0.0, 1, 1, 1, 1, 1]}}, {"type": "Feature", "geometry": {"type": "Point", "coordinates": [3.4915, 41.934101]}, "properties": {"var_data": [-0.086, -0.097, 0.011, 0.015, 0.568, -0.0, 1, 1, 1, 1, 1]}}, {"type": "Feature", "geometry": {"type": "Point", "coordinates": [3.52684, 41.934101]}, "properties": {"var_data": [-0.087, -0.09, 0.019, 0.039, 0.708, -0.001, 1, 1, 1, 1, 1]}}, {"type": "Feature", "geometry": {"type": "Point", "coordinates": [3.56218, 41.934101]}, "properties": {"var_data": [-0.058, -0.18, 0.017, 0.041, 0.875, -0.001, 1, 1, 1, 1, 1]}}, {"type": "Feature", "geometry": {"type": "Point", "coordinates": [3.59752, 41.934101]}, "properties": {"var_data": [-0.026, -0.159, 0.017, 0.042, 0.924, -0.001, 1, 1, 1, 1, 1]}}, {"type": "Feature", "geometry": {"type": "Point", "coordinates": [3.63286, 41.934101]}, "properties": {"var_data": [0.007, -0.23, 0.011, 0.024, 0.892, -0.0, 1, 1, 1, 1, 1]}}, {"type": "Feature", "geometry": {"type": "Point", "coordinates": [3.6682, 41.934101]}, "properties": {"var_data": [0.033, -0.213, 0.04, 0.038, 1.13, 0.001, 1, 1, 1, 1, 1]}}, {"type": "Feature", "geometry": {"type": "Point", "coordinates": [3.24412, 41.961102]}, "properties": {"var_data": [-0.278, -0.182, 0.092, 0.013, 1.217, -0.001, 1, 1, 1, 1, 1]}}, {"type": "Feature", "geometry": {"type": "Point", "coordinates": [3.27946, 41.961102]}, "properties": {"var_data": [-0.525, -0.155, 0.072, 0.009, 1.158, 0.0, 1, 1, 1, 1, 1]}}, {"type": "Feature", "geometry": {"type": "Point", "coordinates": [3.3148, 41.961102]}, "properties": {"var_data": [-0.193, -0.094, 0.017, 0.006, 0.663, 0.0, 1, 1, 1, 1, 1]}}, {"type": "Feature", "geometry": {"type": "Point", "coordinates": [3.35014, 41.961102]}, "properties": {"var_data": [0.007, -0.066, 0.018, 0.007, 0.625, 0.0, 1, 1, 1, 1, 1]}}, {"type": "Feature", "geometry": {"type": "Point", "coordinates": [3.38548, 41.961102]}, "properties": {"var_data": [0.007, -0.055, 0.017, 0.007, 0.551, 0.0, 1, 1, 1, 1, 1]}}, {"type": "Feature", "geometry": {"type": "Point", "coordinates": [3.42082, 41.961102]}, "properties": {"var_data": [-0.028, -0.033, 0.016, 0.006, 0.616, 0.0, 1, 1, 1, 1, 1]}}, {"type": "Feature", "geometry": {"type": "Point", "coordinates": [3.45616, 41.961102]}, "properties": {"var_data": [-0.187, -0.09, 0.011, 0.007, 0.745, 0.0, 1, 1, 1, 1, 1]}}, {"type": "Feature", "geometry": {"type": "Point", "coordinates": [3.4915, 41.961102]}, "properties": {"var_data": [-0.21, -0.081, 0.007, 0.007, 0.648, -0.0, 1, 1, 1, 1, 1]}}, {"type": "Feature", "geometry": {"type": "Point", "coordinates": [3.52684, 41.961102]}, "properties": {"var_data": [-0.141, -0.071, 0.024, 0.035, 0.815, -0.0, 1, 1, 1, 1, 1]}}, {"type": "Feature", "geometry": {"type": "Point", "coordinates": [3.59752, 41.961102]}, "properties": {"var_data": [-0.016, -0.154, 0.045, 0.047, 1.008, 0.0, 1, 1, 1, 1, 1]}}, {"type": "Feature", "geometry": {"type": "Point", "coordinates": [3.63286, 41.961102]}, "properties": {"var_data": [0.044, -0.306, 0.04, 0.042, 1.282, 0.001, 4, 1, 1, 4, 1]}}, {"type": "Feature", "geometry": {"type": "Point", "coordinates": [3.6682, 41.961102]}, "properties": {"var_data": [0.044, -0.306, 0.04, 0.042, 1.282, 0.001, 4, 1, 1, 4, 1]}}, {"type": "Feature", "geometry": {"type": "Point", "coordinates": [3.24412, 41.988098]}, "properties": {"var_data": [-0.283, -0.188, 0.088, 0.011, 1.182, -0.0, 1, 1, 1, 1, 1]}}, {"type": "Feature", "geometry": {"type": "Point", "coordinates": [3.27946, 41.988098]}, "properties": {"var_data": [-0.396, -0.156, 0.073, 0.008, 1.128, -0.0, 1, 1, 1, 1, 1]}}, {"type": "Feature", "geometry": {"type": "Point", "coordinates": [3.3148, 41.988098]}, "properties": {"var_data": [-0.083, -0.143, 0.061, 0.01, 1.022, 0.0, 1, 1, 1, 1, 1]}}, {"type": "Feature", "geometry": {"type": "Point", "coordinates": [3.35014, 41.988098]}, "properties": {"var_data": [0.031, -0.101, 0.018, 0.007, 0.733, 0.0, 1, 1, 1, 1, 1]}}, {"type": "Feature", "geometry": {"type": "Point", "coordinates": [3.38548, 41.988098]}, "properties": {"var_data": [-0.017, -0.033, 0.016, 0.006, 0.726, 0.0, 1, 1, 1, 1, 1]}}, {"type": "Feature", "geometry": {"type": "Point", "coordinates": [3.42082, 41.988098]}, "properties": {"var_data": [-0.161, -0.078, 0.009, 0.005, 0.73, 0.0, 1, 1, 1, 1, 1]}}, {"type": "Feature", "geometry": {"type": "Point", "coordinates": [3.45616, 41.988098]}, "properties": {"var_data": [-0.297, -0.117, 0.011, 0.007, 1.018, 0.0, 1, 1, 1, 1, 1]}}, {"type": "Feature", "geometry": {"type": "Point", "coordinates": [3.4915, 41.988098]}, "properties": {"var_data": [-0.293, -0.043, 0.011, 0.008, 1.032, 0.0, 1, 1, 1, 1, 1]}}, {"type": "Feature", "geometry": {"type": "Point", "coordinates": [3.52684, 41.988098]}, "properties": {"var_data": [-0.291, -0.072, 0.02, 0.027, 1.076, -0.0, 1, 1, 1, 1, 1]}}, {"type": "Feature", "geometry": {"type": "Point", "coordinates": [3.56218, 41.988098]}, "properties": {"var_data": [-0.086, -0.009, 0.047, 0.043, 1.226, 0.0, 4, 1, 1, 4, 1]}}, {"type": "Feature", "geometry": {"type": "Point", "coordinates": [3.63286, 41.988098]}, "properties": {"var_data": [0.044, -0.306, 0.04, 0.042, 1.282, 0.001, 4, 1, 1, 4, 1]}}, {"type": "Feature", "geometry": {"type": "Point", "coordinates": [3.6682, 41.988098]}, "properties": {"var_data": [-0.004, -0.237, 0.037, 0.038, 1.11, 0.001, 1, 1, 1, 1, 1]}}, {"type": "Feature", "geometry": {"type": "Point", "coordinates": [3.42082, 42.015099]}, "properties": {"var_data": [-0.288, -0.141, 0.011, 0.006, 1.003, 0.0, 1, 1, 1, 1, 1]}}, {"type": "Feature", "geometry": {"type": "Point", "coordinates": [3.45616, 42.015099]}, "properties": {"var_data": [-0.357, -0.14, 0.011, 0.007, 0.981, 0.0, 1, 1, 1, 1, 1]}}, {"type": "Feature", "geometry": {"type": "Point", "coordinates": [3.4915, 42.015099]}, "properties": {"var_data": [-0.294, -0.025, 0.011, 0.007, 1.032, 0.0, 1, 1, 1, 1, 1]}}, {"type": "Feature", "geometry": {"type": "Point", "coordinates": [3.52684, 42.015099]}, "properties": {"var_data": [-0.294, -0.032, 0.021, 0.028, 1.12, -0.0, 1, 1, 1, 1, 1]}}, {"type": "Feature", "geometry": {"type": "Point", "coordinates": [3.45616, 42.042099]}, "properties": {"var_data": [-0.342, -0.12, 0.013, 0.011, 1.0, -0.0, 1, 1, 1, 1, 1]}}, {"type": "Feature", "geometry": {"type": "Point", "coordinates": [3.4915, 42.042099]}, "properties": {"var_data": [-0.297, 0.008, 0.014, 0.015, 1.054, -0.0, 1, 1, 1, 1, 1]}}, {"type": "Feature", "geometry": {"type": "Point", "coordinates": [3.52684, 42.042099]}, "properties": {"var_data": [-0.294, -0.032, 0.021, 0.028, 1.12, -0.0, 1, 1, 1, 1, 1]}}, {"type": "Feature", "geometry": {"type": "Point", "coordinates": [3.35014, 42.177101]}, "properties": {"var_data": [-0.472, -0.224, 0.026, 0.01, 1.001, 0.0, 1, 1, 1, 1, 1]}}, {"type": "Feature", "geometry": {"type": "Point", "coordinates": [3.38548, 42.177101]}, "properties": {"var_data": [0.161, -0.032, 0.141, 0.083, 0.905, 0.012, 1, 1, 1, 1, 1]}}, {"type": "Feature", "geometry": {"type": "Point", "coordinates": [3.42082, 42.177101]}, "properties": {"var_data": [0.354, 0.148, 0.161, 0.097, 1.365, 0.016, 1, 1, 1, 1, 1]}}, {"type": "Feature", "geometry": {"type": "Point", "coordinates": [3.3148, 42.204102]}, "properties": {"var_data": [-0.139, -0.185, 0.022, 0.009, 0.6, 0.0, 1, 1, 1, 1, 1]}}, {"type": "Feature", "geometry": {"type": "Point", "coordinates": [3.35014, 42.204102]}, "properties": {"var_data": [0.135, -0.162, 0.024, 0.01, 0.598, 0.0, 1, 1, 1, 1, 1]}}, {"type": "Feature", "geometry": {"type": "Point", "coordinates": [3.38548, 42.204102]}, "properties": {"var_data": [0.451, 0.081, 0.02, 0.018, 0.661, 0.0, 1, 1, 1, 1, 1]}}, {"type": "Feature", "geometry": {"type": "Point", "coordinates": [3.42082, 42.204102]}, "properties": {"var_data": [0.546, 0.263, 0.02, 0.019, 1.176, 0.0, 1, 1, 1, 1, 1]}}, {"type": "Feature", "geometry": {"type": "Point", "coordinates": [3.3148, 42.231098]}, "properties": {"var_data": [0.167, -0.162, 0.025, 0.006, 0.35, 0.0, 1, 1, 1, 1, 1]}}, {"type": "Feature", "geometry": {"type": "Point", "coordinates": [3.35014, 42.231098]}, "properties": {"var_data": [0.274, -0.126, 0.011, 0.006, 0.415, 0.0, 1, 1, 1, 1, 1]}}, {"type": "Feature", "geometry": {"type": "Point", "coordinates": [3.38548, 42.231098]}, "properties": {"var_data": [0.454, 0.066, 0.015, 0.015, 0.579, 0.0, 1, 1, 1, 1, 1]}}, {"type": "Feature", "geometry": {"type": "Point", "coordinates": [3.42082, 42.231098]}, "properties": {"var_data": [0.154, -0.17, 0.018, 0.018, 0.717, 0.0, 1, 1, 1, 1, 1]}}, {"type": "Feature", "geometry": {"type": "Point", "coordinates": [3.35014, 42.258099]}, "properties": {"var_data": [0.199, -0.098, 0.01, 0.009, 0.256, 0.0, 1, 1, 1, 1, 1]}}, {"type": "Feature", "geometry": {"type": "Point", "coordinates": [3.38548, 42.258099]}, "properties": {"var_data": [0.099, -0.314, 0.02, 0.029, 0.482, 0.001, 1, 1, 1, 1, 1]}}, {"type": "Feature", "geometry": {"type": "Point", "coordinates": [3.42082, 42.258099]}, "properties": {"var_data": [-0.024, -0.518, 0.019, 0.027, 0.516, 0.0, 1, 1, 1, 1, 1]}}, {"type": "Feature", "geometry": {"type": "Point", "coordinates": [3.59752, 42.258099]}, "properties": {"var_data": [-0.214, -0.67, 0.022, 0.093, 1.005, 0.002, 1, 0, 1, 1, 1]}}, {"type": "Feature", "geometry": {"type": "Point", "coordinates": [3.63286, 42.258099]}, "properties": {"var_data": [-0.182, -0.506, 0.024, 0.111, 1.126, 0.002, 1, 0, 1, 1, 1]}}, {"type": "Feature", "geometry": {"type": "Point", "coordinates": [3.6682, 42.258099]}, "properties": {"var_data": [-0.158, -0.45, 0.027, 0.142, 1.25, 0.004, 1, 1, 1, 1, 1]}}, {"type": "Feature", "geometry": {"type": "Point", "coordinates": [3.59752, 42.285099]}, "properties": {"var_data": [-0.107, -0.208, 0.023, 0.12, 0.969, 0.002, 1, 0, 1, 1, 1]}}, {"type": "Feature", "geometry": {"type": "Point", "coordinates": [3.63286, 42.285099]}, "properties": {"var_data": [-0.087, -0.168, 0.025, 0.139, 1.047, 0.003, 1, 0, 1, 1, 1]}}, {"type": "Feature", "geometry": {"type": "Point", "coordinates": [3.6682, 42.285099]}, "properties": {"var_data": [-0.101, -0.256, 0.026, 0.174, 1.207, 0.004, 1, 0, 1, 1, 1]}}, {"type": "Feature", "geometry": {"type": "Point", "coordinates": [3.70354, 42.285099]}, "properties": {"var_data": [-0.07, -0.15, 0.014, 0.057, 1.082, 0.001, 1, 1, 1, 1, 1]}}, {"type": "Feature", "geometry": {"type": "Point", "coordinates": [3.73888, 42.285099]}, "properties": {"var_data": [-0.028, 0.168, 0.011, 0.05, 1.393, 0.0, 1, 1, 1, 1, 1]}}, {"type": "Feature", "geometry": {"type": "Point", "coordinates": [3.3148, 42.312099]}, "properties": {"var_data": [0.09, -0.111, 0.005, 0.003, 0.154, -0.0, 1, 1, 1, 1, 1]}}, {"type": "Feature", "geometry": {"type": "Point", "coordinates": [3.35014, 42.312099]}, "properties": {"var_data": [0.081, -0.192, 0.005, 0.007, 0.195, -0.0, 1, 1, 1, 1, 1]}}, {"type": "Feature", "geometry": {"type": "Point", "coordinates": [3.59752, 42.312099]}, "properties": {"var_data": [-0.064, 0.012, 0.011, 0.075, 0.884, 0.0, 1, 0, 1, 1, 1]}}, {"type": "Feature", "geometry": {"type": "Point", "coordinates": [3.63286, 42.312099]}, "properties": {"var_data": [-0.066, -0.045, 0.013, 0.035, 0.941, 0.0, 1, 0, 1, 1, 1]}}, {"type": "Feature", "geometry": {"type": "Point", "coordinates": [3.6682, 42.312099]}, "properties": {"var_data": [-0.073, -0.107, 0.012, 0.032, 0.869, 0.0, 1, 0, 1, 1, 1]}}, {"type": "Feature", "geometry": {"type": "Point", "coordinates": [3.70354, 42.312099]}, "properties": {"var_data": [-0.029, -0.027, 0.013, 0.032, 0.874, 0.0, 1, 0, 1, 1, 1]}}, {"type": "Feature", "geometry": {"type": "Point", "coordinates": [3.73888, 42.312099]}, "properties": {"var_data": [0.013, 0.357, 0.011, 0.049, 1.277, 0.0, 1, 0, 1, 1, 1]}}, {"type": "Feature", "geometry": {"type": "Point", "coordinates": [3.77422, 42.312099]}, "properties": {"var_data": [0.035, 0.247, 0.01, 0.018, 1.115, 0.0, 1, 1, 1, 1, 1]}}, {"type": "Feature", "geometry": {"type": "Point", "coordinates": [3.80956, 42.312099]}, "properties": {"var_data": [0.053, 0.084, 0.01, 0.018, 1.704, 0.0, 1, 1, 1, 1, 1]}}, {"type": "Feature", "geometry": {"type": "Point", "coordinates": [3.8449, 42.312099]}, "properties": {"var_data": [0.071, 0.348, 0.011, 0.019, 1.696, 0.0, 1, 1, 1, 1, 1]}}, {"type": "Feature", "geometry": {"type": "Point", "coordinates": [3.88024, 42.312099]}, "properties": {"var_data": [0.014, 0.232, 0.015, 0.026, 1.797, 0.0, 1, 1, 1, 1, 1]}}, {"type": "Feature", "geometry": {"type": "Point", "coordinates": [3.27946, 42.3391]}, "properties": {"var_data": [0.068, -0.089, 0.006, 0.003, 0.173, -0.0, 1, 1, 1, 1, 1]}}, {"type": "Feature", "geometry": {"type": "Point", "coordinates": [3.3148, 42.3391]}, "properties": {"var_data": [0.065, -0.118, 0.005, 0.003, 0.154, -0.0, 1, 1, 1, 1, 1]}}, {"type": "Feature", "geometry": {"type": "Point", "coordinates": [3.35014, 42.3391]}, "properties": {"var_data": [0.066, -0.178, 0.004, 0.003, 0.175, -0.0, 1, 1, 1, 1, 1]}}, {"type": "Feature", "geometry": {"type": "Point", "coordinates": [3.38548, 42.3391]}, "properties": {"var_data": [0.074, -0.294, 0.006, 0.011, 0.25, -0.0, 1, 1, 1, 1, 1]}}, {"type": "Feature", "geometry": {"type": "Point", "coordinates": [3.63286, 42.3391]}, "properties": {"var_data": [-0.036, -0.165, 0.009, 0.025, 0.831, 0.0, 1, 0, 1, 1, 1]}}, {"type": "Feature", "geometry": {"type": "Point", "coordinates": [3.6682, 42.3391]}, "properties": {"var_data": [-0.029, -0.137, 0.015, 0.03, 0.801, 0.0, 1, 0, 1, 1, 1]}}, {"type": "Feature", "geometry": {"type": "Point", "coordinates": [3.70354, 42.3391]}, "properties": {"var_data": [-0.016, -0.055, 0.014, 0.029, 0.942, 0.0, 1, 0, 1, 1, 1]}}, {"type": "Feature", "geometry": {"type": "Point", "coordinates": [3.73888, 42.3391]}, "properties": {"var_data": [0.005, -0.055, 0.009, 0.025, 0.973, 0.0, 1, 1, 1, 1, 1]}}, {"type": "Feature", "geometry": {"type": "Point", "coordinates": [3.77422, 42.3391]}, "properties": {"var_data": [0.041, -0.057, 0.007, 0.012, 1.041, 0.0, 1, 1, 1, 1, 1]}}, {"type": "Feature", "geometry": {"type": "Point", "coordinates": [3.80956, 42.3391]}, "properties": {"var_data": [0.082, 0.065, 0.001, 0.003, 1.485, 0.0, 1, 1, 1, 1, 1]}}, {"type": "Feature", "geometry": {"type": "Point", "coordinates": [3.8449, 42.3391]}, "properties": {"var_data": [0.048, 0.117, 0.01, 0.017, 1.613, 0.0, 1, 1, 1, 1, 1]}}, {"type": "Feature", "geometry": {"type": "Point", "coordinates": [3.88024, 42.3391]}, "properties": {"var_data": [-0.015, 0.076, 0.014, 0.024, 1.682, 0.0, 1, 1, 1, 1, 1]}}, {"type": "Feature", "geometry": {"type": "Point", "coordinates": [3.20878, 42.3661]}, "properties": {"var_data": [0.169, -0.119, 0.068, 0.028, 0.886, 0.002, 1, 1, 1, 1, 1]}}, {"type": "Feature", "geometry": {"type": "Point", "coordinates": [3.24412, 42.3661]}, "properties": {"var_data": [0.282, -0.07, 0.013, 0.003, 0.39, -0.0, 1, 1, 1, 1, 1]}}, {"type": "Feature", "geometry": {"type": "Point", "coordinates": [3.27946, 42.3661]}, "properties": {"var_data": [0.055, -0.114, 0.006, 0.003, 0.2, -0.0, 1, 1, 1, 1, 1]}}, {"type": "Feature", "geometry": {"type": "Point", "coordinates": [3.3148, 42.3661]}, "properties": {"var_data": [0.029, -0.115, 0.004, 0.003, 0.16, -0.0, 1, 1, 1, 1, 1]}}, {"type": "Feature", "geometry": {"type": "Point", "coordinates": [3.35014, 42.3661]}, "properties": {"var_data": [0.011, -0.115, 0.004, 0.003, 0.197, -0.0, 1, 1, 1, 1, 1]}}, {"type": "Feature", "geometry": {"type": "Point", "coordinates": [3.38548, 42.3661]}, "properties": {"var_data": [0.066, -0.292, 0.006, 0.008, 0.278, -0.0, 1, 1, 1, 1, 1]}}, {"type": "Feature", "geometry": {"type": "Point", "coordinates": [3.42082, 42.3661]}, "properties": {"var_data": [0.083, -0.37, 0.007, 0.013, 0.396, -0.0, 1, 1, 1, 1, 1]}}, {"type": "Feature", "geometry": {"type": "Point", "coordinates": [3.45616, 42.3661]}, "properties": {"var_data": [0.064, -0.323, 0.009, 0.024, 0.461, -0.0, 1, 1, 1, 1, 1]}}, {"type": "Feature", "geometry": {"type": "Point", "coordinates": [3.4915, 42.3661]}, "properties": {"var_data": [0.06, -0.34, 0.009, 0.027, 0.549, -0.0, 1, 1, 1, 1, 1]}}, {"type": "Feature", "geometry": {"type": "Point", "coordinates": [3.52684, 42.3661]}, "properties": {"var_data": [0.041, -0.279, 0.01, 0.03, 0.709, -0.0, 1, 1, 1, 1, 1]}}, {"type": "Feature", "geometry": {"type": "Point", "coordinates": [3.63286, 42.3661]}, "properties": {"var_data": [-0.023, -0.178, 0.007, 0.02, 0.975, -0.0, 1, 1, 1, 1, 1]}}, {"type": "Feature", "geometry": {"type": "Point", "coordinates": [3.6682, 42.3661]}, "properties": {"var_data": [-0.034, -0.099, 0.005, 0.013, 0.779, -0.0, 1, 0, 1, 1, 1]}}, {"type": "Feature", "geometry": {"type": "Point", "coordinates": [3.70354, 42.3661]}, "properties": {"var_data": [-0.017, -0.096, 0.006, 0.014, 0.814, 0.0, 1, 1, 1, 1, 1]}}, {"type": "Feature", "geometry": {"type": "Point", "coordinates": [3.73888, 42.3661]}, "properties": {"var_data": [-0.004, -0.157, 0.004, 0.018, 0.923, -0.0, 1, 1, 1, 1, 1]}}, {"type": "Feature", "geometry": {"type": "Point", "coordinates": [3.77422, 42.3661]}, "properties": {"var_data": [0.038, -0.103, 0.001, 0.003, 1.471, 0.0, 1, 1, 1, 1, 1]}}, {"type": "Feature", "geometry": {"type": "Point", "coordinates": [3.80956, 42.3661]}, "properties": {"var_data": [0.063, -0.062, 0.001, 0.003, 1.224, 0.0, 1, 1, 1, 1, 1]}}, {"type": "Feature", "geometry": {"type": "Point", "coordinates": [3.8449, 42.3661]}, "properties": {"var_data": [0.067, -0.179, 0.001, 0.003, 1.568, 0.0, 1, 1, 1, 1, 1]}}, {"type": "Feature", "geometry": {"type": "Point", "coordinates": [3.88024, 42.3661]}, "properties": {"var_data": [-0.026, -0.141, 0.014, 0.025, 1.642, 0.0, 1, 1, 1, 1, 1]}}, {"type": "Feature", "geometry": {"type": "Point", "coordinates": [3.17344, 42.393101]}, "properties": {"var_data": [0.007, -0.238, 0.179, 0.082, 3.707, 0.014, 4, 4, 4, 1, 1]}}, {"type": "Feature", "geometry": {"type": "Point", "coordinates": [3.20878, 42.393101]}, "properties": {"var_data": [0.401, -0.055, 0.044, 0.02, 0.768, 0.001, 1, 1, 1, 1, 1]}}, {"type": "Feature", "geometry": {"type": "Point", "coordinates": [3.24412, 42.393101]}, "properties": {"var_data": [0.356, -0.055, 0.012, 0.003, 0.409, -0.0, 1, 1, 1, 1, 1]}}, {"type": "Feature", "geometry": {"type": "Point", "coordinates": [3.27946, 42.393101]}, "properties": {"var_data": [0.132, -0.107, 0.008, 0.003, 0.287, -0.0, 1, 1, 1, 1, 1]}}, {"type": "Feature", "geometry": {"type": "Point", "coordinates": [3.3148, 42.393101]}, "properties": {"var_data": [-0.003, -0.115, 0.005, 0.003, 0.222, -0.0, 1, 1, 1, 1, 1]}}, {"type": "Feature", "geometry": {"type": "Point", "coordinates": [3.35014, 42.393101]}, "properties": {"var_data": [-0.045, -0.095, 0.006, 0.006, 0.248, -0.0, 1, 1, 1, 1, 1]}}, {"type": "Feature", "geometry": {"type": "Point", "coordinates": [3.38548, 42.393101]}, "properties": {"var_data": [0.02, -0.222, 0.007, 0.008, 0.321, -0.0, 1, 1, 1, 1, 1]}}, {"type": "Feature", "geometry": {"type": "Point", "coordinates": [3.42082, 42.393101]}, "properties": {"var_data": [0.053, -0.317, 0.007, 0.011, 0.365, -0.0, 1, 1, 1, 1, 1]}}, {"type": "Feature", "geometry": {"type": "Point", "coordinates": [3.45616, 42.393101]}, "properties": {"var_data": [0.038, -0.293, 0.007, 0.011, 0.378, -0.0, 1, 1, 1, 1, 1]}}, {"type": "Feature", "geometry": {"type": "Point", "coordinates": [3.4915, 42.393101]}, "properties": {"var_data": [0.063, -0.297, 0.007, 0.011, 0.489, -0.0, 1, 1, 1, 1, 1]}}, {"type": "Feature", "geometry": {"type": "Point", "coordinates": [3.52684, 42.393101]}, "properties": {"var_data": [0.061, -0.284, 0.013, 0.021, 0.611, -0.0, 1, 1, 1, 1, 1]}}, {"type": "Feature", "geometry": {"type": "Point", "coordinates": [3.59752, 42.393101]}, "properties": {"var_data": [-0.023, -0.061, 0.006, 0.014, 0.794, -0.0, 1, 1, 1, 1, 1]}}, {"type": "Feature", "geometry": {"type": "Point", "coordinates": [3.63286, 42.393101]}, "properties": {"var_data": [-0.04, -0.074, 0.004, 0.01, 0.704, -0.0, 1, 1, 1, 1, 1]}}, {"type": "Feature", "geometry": {"type": "Point", "coordinates": [3.6682, 42.393101]}, "properties": {"var_data": [-0.048, -0.143, 0.004, 0.01, 0.682, -0.0, 1, 1, 1, 1, 1]}}, {"type": "Feature", "geometry": {"type": "Point", "coordinates": [3.70354, 42.393101]}, "properties": {"var_data": [-0.028, -0.177, 0.004, 0.012, 0.751, -0.0, 1, 1, 1, 1, 1]}}, {"type": "Feature", "geometry": {"type": "Point", "coordinates": [3.73888, 42.393101]}, "properties": {"var_data": [-0.002, -0.114, 0.003, 0.014, 0.848, -0.0, 1, 1, 1, 1, 1]}}, {"type": "Feature", "geometry": {"type": "Point", "coordinates": [3.77422, 42.393101]}, "properties": {"var_data": [0.028, -0.148, 0.005, 0.024, 0.976, -0.0, 1, 1, 1, 1, 1]}}, {"type": "Feature", "geometry": {"type": "Point", "coordinates": [3.80956, 42.393101]}, "properties": {"var_data": [0.038, -0.069, 0.001, 0.003, 0.964, 0.0, 1, 1, 1, 1, 1]}}, {"type": "Feature", "geometry": {"type": "Point", "coordinates": [3.8449, 42.393101]}, "properties": {"var_data": [0.021, -0.011, 0.001, 0.003, 1.156, 0.0, 1, 1, 1, 1, 1]}}, {"type": "Feature", "geometry": {"type": "Point", "coordinates": [3.88024, 42.393101]}, "properties": {"var_data": [-0.041, -0.326, 0.015, 0.048, 1.854, 0.0, 1, 1, 1, 1, 1]}}, {"type": "Feature", "geometry": {"type": "Point", "coordinates": [3.17344, 42.420101]}, "properties": {"var_data": [0.026, -0.213, 0.103, 0.044, 2.249, 0.004, 4, 1, 4, 1, 1]}}, {"type": "Feature", "geometry": {"type": "Point", "coordinates": [3.20878, 42.420101]}, "properties": {"var_data": [0.352, -0.07, 0.035, 0.015, 0.685, 0.001, 1, 1, 1, 1, 1]}}, {"type": "Feature", "geometry": {"type": "Point", "coordinates": [3.24412, 42.420101]}, "properties": {"var_data": [0.33, -0.071, 0.02, 0.007, 0.482, 0.0, 1, 1, 1, 1, 1]}}, {"type": "Feature", "geometry": {"type": "Point", "coordinates": [3.27946, 42.420101]}, "properties": {"var_data": [0.205, -0.107, 0.012, 0.004, 0.329, 0.0, 1, 1, 1, 1, 1]}}, {"type": "Feature", "geometry": {"type": "Point", "coordinates": [3.3148, 42.420101]}, "properties": {"var_data": [0.095, -0.109, 0.01, 0.005, 0.31, -0.0, 1, 1, 1, 1, 1]}}, {"type": "Feature", "geometry": {"type": "Point", "coordinates": [3.35014, 42.420101]}, "properties": {"var_data": [-0.005, -0.126, 0.008, 0.007, 0.294, -0.0, 1, 1, 1, 1, 1]}}, {"type": "Feature", "geometry": {"type": "Point", "coordinates": [3.38548, 42.420101]}, "properties": {"var_data": [0.014, -0.184, 0.007, 0.007, 0.303, -0.0, 1, 1, 1, 1, 1]}}, {"type": "Feature", "geometry": {"type": "Point", "coordinates": [3.42082, 42.420101]}, "properties": {"var_data": [0.039, -0.256, 0.006, 0.008, 0.307, -0.0, 1, 1, 1, 1, 1]}}, {"type": "Feature", "geometry": {"type": "Point", "coordinates": [3.45616, 42.420101]}, "properties": {"var_data": [0.053, -0.276, 0.008, 0.012, 0.343, -0.0, 1, 1, 1, 1, 1]}}, {"type": "Feature", "geometry": {"type": "Point", "coordinates": [3.4915, 42.420101]}, "properties": {"var_data": [0.07, -0.273, 0.008, 0.012, 0.384, -0.0, 1, 1, 1, 1, 1]}}, {"type": "Feature", "geometry": {"type": "Point", "coordinates": [3.52684, 42.420101]}, "properties": {"var_data": [0.091, -0.29, 0.017, 0.025, 0.534, -0.0, 1, 1, 1, 1, 1]}}, {"type": "Feature", "geometry": {"type": "Point", "coordinates": [3.56218, 42.420101]}, "properties": {"var_data": [0.042, -0.149, 0.017, 0.026, 0.899, -0.0, 1, 1, 1, 1, 1]}}, {"type": "Feature", "geometry": {"type": "Point", "coordinates": [3.59752, 42.420101]}, "properties": {"var_data": [-0.046, 0.059, 0.006, 0.014, 0.795, -0.0, 1, 1, 1, 1, 1]}}, {"type": "Feature", "geometry": {"type": "Point", "coordinates": [3.63286, 42.420101]}, "properties": {"var_data": [-0.062, 0.021, 0.004, 0.01, 0.672, -0.0, 1, 1, 1, 1, 1]}}, {"type": "Feature", "geometry": {"type": "Point", "coordinates": [3.6682, 42.420101]}, "properties": {"var_data": [-0.065, -0.116, 0.004, 0.01, 0.666, -0.0, 1, 1, 1, 1, 1]}}, {"type": "Feature", "geometry": {"type": "Point", "coordinates": [3.70354, 42.420101]}, "properties": {"var_data": [-0.061, -0.134, 0.004, 0.01, 0.688, -0.0, 1, 1, 1, 1, 1]}}, {"type": "Feature", "geometry": {"type": "Point", "coordinates": [3.73888, 42.420101]}, "properties": {"var_data": [-0.038, -0.055, 0.003, 0.013, 0.855, -0.0, 1, 1, 1, 1, 1]}}, {"type": "Feature", "geometry": {"type": "Point", "coordinates": [3.77422, 42.420101]}, "properties": {"var_data": [-0.002, -0.138, 0.005, 0.024, 0.906, -0.0, 1, 1, 1, 1, 1]}}, {"type": "Feature", "geometry": {"type": "Point", "coordinates": [3.80956, 42.420101]}, "properties": {"var_data": [0.008, -0.111, 0.005, 0.024, 0.974, -0.0, 1, 1, 1, 1, 1]}}, {"type": "Feature", "geometry": {"type": "Point", "coordinates": [3.8449, 42.420101]}, "properties": {"var_data": [-0.0, -0.026, 0.005, 0.027, 1.036, -0.0, 1, 1, 1, 1, 1]}}, {"type": "Feature", "geometry": {"type": "Point", "coordinates": [3.88024, 42.420101]}, "properties": {"var_data": [-0.088, -0.196, 0.018, 0.048, 1.239, 0.0, 1, 1, 1, 1, 1]}}, {"type": "Feature", "geometry": {"type": "Point", "coordinates": [3.91558, 42.420101]}, "properties": {"var_data": [-0.126, -0.399, 0.018, 0.083, 1.765, -0.001, 1, 1, 1, 1, 1]}}, {"type": "Feature", "geometry": {"type": "Point", "coordinates": [3.95092, 42.420101]}, "properties": {"var_data": [-0.149, -0.389, 0.016, 0.078, 1.653, -0.001, 1, 1, 1, 1, 1]}}, {"type": "Feature", "geometry": {"type": "Point", "coordinates": [3.98626, 42.420101]}, "properties": {"var_data": [-0.171, -0.53, 0.016, 0.077, 1.628, -0.001, 1, 1, 1, 1, 1]}}, {"type": "Feature", "geometry": {"type": "Point", "coordinates": [3.17344, 42.447102]}, "properties": {"var_data": [0.121, -0.152, 0.049, 0.021, 1.229, 0.001, 1, 1, 1, 1, 1]}}, {"type": "Feature", "geometry": {"type": "Point", "coordinates": [3.20878, 42.447102]}, "properties": {"var_data": [0.278, -0.103, 0.021, 0.008, 0.669, 0.0, 1, 1, 1, 1, 1]}}, {"type": "Feature", "geometry": {"type": "Point", "coordinates": [3.24412, 42.447102]}, "properties": {"var_data": [0.367, -0.062, 0.02, 0.007, 0.469, 0.0, 1, 1, 1, 1, 1]}}, {"type": "Feature", "geometry": {"type": "Point", "coordinates": [3.27946, 42.447102]}, "properties": {"var_data": [0.287, -0.08, 0.017, 0.006, 0.351, 0.0, 1, 1, 1, 1, 1]}}, {"type": "Feature", "geometry": {"type": "Point", "coordinates": [3.3148, 42.447102]}, "properties": {"var_data": [0.258, -0.064, 0.013, 0.006, 0.316, 0.0, 1, 1, 1, 1, 1]}}, {"type": "Feature", "geometry": {"type": "Point", "coordinates": [3.35014, 42.447102]}, "properties": {"var_data": [0.172, -0.089, 0.012, 0.007, 0.33, -0.0, 1, 1, 1, 1, 1]}}, {"type": "Feature", "geometry": {"type": "Point", "coordinates": [3.38548, 42.447102]}, "properties": {"var_data": [0.1, -0.154, 0.01, 0.007, 0.299, -0.0, 1, 1, 1, 1, 1]}}, {"type": "Feature", "geometry": {"type": "Point", "coordinates": [3.42082, 42.447102]}, "properties": {"var_data": [0.071, -0.215, 0.008, 0.007, 0.325, -0.0, 1, 1, 1, 1, 1]}}, {"type": "Feature", "geometry": {"type": "Point", "coordinates": [3.45616, 42.447102]}, "properties": {"var_data": [0.054, -0.266, 0.006, 0.008, 0.321, -0.0, 1, 1, 1, 1, 1]}}, {"type": "Feature", "geometry": {"type": "Point", "coordinates": [3.4915, 42.447102]}, "properties": {"var_data": [0.087, -0.242, 0.008, 0.011, 0.348, -0.0, 1, 1, 1, 1, 1]}}, {"type": "Feature", "geometry": {"type": "Point", "coordinates": [3.52684, 42.447102]}, "properties": {"var_data": [0.114, -0.245, 0.013, 0.018, 0.497, -0.0, 1, 1, 1, 1, 1]}}, {"type": "Feature", "geometry": {"type": "Point", "coordinates": [3.56218, 42.447102]}, "properties": {"var_data": [0.12, -0.225, 0.014, 0.021, 0.661, -0.0, 1, 1, 1, 1, 1]}}, {"type": "Feature", "geometry": {"type": "Point", "coordinates": [3.59752, 42.447102]}, "properties": {"var_data": [0.058, -0.158, 0.005, 0.011, 0.475, -0.0, 1, 1, 1, 1, 1]}}, {"type": "Feature", "geometry": {"type": "Point", "coordinates": [3.63286, 42.447102]}, "properties": {"var_data": [0.007, -0.14, 0.004, 0.01, 0.51, -0.0, 1, 1, 1, 1, 1]}}, {"type": "Feature", "geometry": {"type": "Point", "coordinates": [3.6682, 42.447102]}, "properties": {"var_data": [-0.029, -0.097, 0.004, 0.01, 0.507, -0.0, 1, 1, 1, 1, 1]}}, {"type": "Feature", "geometry": {"type": "Point", "coordinates": [3.70354, 42.447102]}, "properties": {"var_data": [-0.047, -0.103, 0.004, 0.01, 0.556, -0.0, 1, 1, 1, 1, 1]}}, {"type": "Feature", "geometry": {"type": "Point", "coordinates": [3.73888, 42.447102]}, "properties": {"var_data": [0.009, -0.192, 0.01, 0.025, 0.951, -0.0, 1, 1, 1, 1, 1]}}, {"type": "Feature", "geometry": {"type": "Point", "coordinates": [3.77422, 42.447102]}, "properties": {"var_data": [0.035, -0.219, 0.009, 0.024, 0.696, -0.0, 1, 1, 1, 1, 1]}}, {"type": "Feature", "geometry": {"type": "Point", "coordinates": [3.80956, 42.447102]}, "properties": {"var_data": [0.059, -0.057, 0.011, 0.028, 0.816, 0.0, 1, 1, 1, 1, 1]}}, {"type": "Feature", "geometry": {"type": "Point", "coordinates": [3.8449, 42.447102]}, "properties": {"var_data": [0.061, -0.065, 0.011, 0.03, 0.87, 0.0, 1, 1, 1, 1, 1]}}, {"type": "Feature", "geometry": {"type": "Point", "coordinates": [3.88024, 42.447102]}, "properties": {"var_data": [-0.062, -0.233, 0.017, 0.05, 1.061, -0.001, 1, 1, 1, 1, 1]}}, {"type": "Feature", "geometry": {"type": "Point", "coordinates": [3.91558, 42.447102]}, "properties": {"var_data": [-0.154, -0.285, 0.016, 0.052, 1.259, -0.001, 1, 1, 1, 1, 1]}}, {"type": "Feature", "geometry": {"type": "Point", "coordinates": [3.95092, 42.447102]}, "properties": {"var_data": [-0.136, -0.479, 0.017, 0.078, 1.746, -0.001, 1, 1, 1, 1, 1]}}, {"type": "Feature", "geometry": {"type": "Point", "coordinates": [3.98626, 42.447102]}, "properties": {"var_data": [-0.16, -0.434, 0.017, 0.075, 1.698, -0.001, 1, 1, 1, 1, 1]}}, {"type": "Feature", "geometry": {"type": "Point", "coordinates": [3.17344, 42.474098]}, "properties": {"var_data": [0.164, -0.118, 0.041, 0.018, 0.983, 0.001, 1, 1, 1, 1, 1]}}, {"type": "Feature", "geometry": {"type": "Point", "coordinates": [3.20878, 42.474098]}, "properties": {"var_data": [0.191, -0.115, 0.019, 0.007, 0.565, 0.0, 1, 1, 1, 1, 1]}}, {"type": "Feature", "geometry": {"type": "Point", "coordinates": [3.24412, 42.474098]}, "properties": {"var_data": [0.319, -0.069, 0.019, 0.007, 0.424, 0.0, 1, 1, 1, 1, 1]}}, {"type": "Feature", "geometry": {"type": "Point", "coordinates": [3.27946, 42.474098]}, "properties": {"var_data": [0.307, -0.055, 0.018, 0.007, 0.338, 0.0, 1, 1, 1, 1, 1]}}, {"type": "Feature", "geometry": {"type": "Point", "coordinates": [3.3148, 42.474098]}, "properties": {"var_data": [0.243, -0.048, 0.015, 0.005, 0.297, -0.0, 1, 1, 1, 1, 1]}}, {"type": "Feature", "geometry": {"type": "Point", "coordinates": [3.35014, 42.474098]}, "properties": {"var_data": [0.195, -0.067, 0.01, 0.005, 0.277, -0.0, 1, 1, 1, 1, 1]}}, {"type": "Feature", "geometry": {"type": "Point", "coordinates": [3.38548, 42.474098]}, "properties": {"var_data": [0.142, -0.113, 0.009, 0.005, 0.277, -0.0, 1, 1, 1, 1, 1]}}, {"type": "Feature", "geometry": {"type": "Point", "coordinates": [3.42082, 42.474098]}, "properties": {"var_data": [0.105, -0.14, 0.011, 0.006, 0.299, -0.0, 1, 1, 1, 1, 1]}}, {"type": "Feature", "geometry": {"type": "Point", "coordinates": [3.45616, 42.474098]}, "properties": {"var_data": [0.042, -0.259, 0.006, 0.007, 0.336, -0.0, 1, 1, 1, 1, 1]}}, {"type": "Feature", "geometry": {"type": "Point", "coordinates": [3.4915, 42.474098]}, "properties": {"var_data": [0.088, -0.201, 0.009, 0.012, 0.409, -0.0, 1, 1, 1, 1, 1]}}, {"type": "Feature", "geometry": {"type": "Point", "coordinates": [3.52684, 42.474098]}, "properties": {"var_data": [0.122, -0.172, 0.011, 0.016, 0.421, -0.0, 1, 1, 1, 1, 1]}}, {"type": "Feature", "geometry": {"type": "Point", "coordinates": [3.56218, 42.474098]}, "properties": {"var_data": [0.139, -0.188, 0.007, 0.014, 0.441, -0.0, 1, 1, 1, 1, 1]}}, {"type": "Feature", "geometry": {"type": "Point", "coordinates": [3.59752, 42.474098]}, "properties": {"var_data": [0.089, -0.19, 0.006, 0.012, 0.446, 0.0, 1, 1, 1, 1, 1]}}, {"type": "Feature", "geometry": {"type": "Point", "coordinates": [3.63286, 42.474098]}, "properties": {"var_data": [0.039, -0.154, 0.005, 0.01, 0.477, -0.0, 1, 1, 1, 1, 1]}}, {"type": "Feature", "geometry": {"type": "Point", "coordinates": [3.6682, 42.474098]}, "properties": {"var_data": [0.011, -0.142, 0.005, 0.011, 0.472, -0.0, 1, 1, 1, 1, 1]}}, {"type": "Feature", "geometry": {"type": "Point", "coordinates": [3.70354, 42.474098]}, "properties": {"var_data": [-0.011, -0.152, 0.011, 0.026, 0.606, -0.0, 1, 1, 1, 1, 1]}}, {"type": "Feature", "geometry": {"type": "Point", "coordinates": [3.73888, 42.474098]}, "properties": {"var_data": [-0.005, -0.113, 0.011, 0.025, 0.688, -0.0, 1, 1, 1, 1, 1]}}, {"type": "Feature", "geometry": {"type": "Point", "coordinates": [3.77422, 42.474098]}, "properties": {"var_data": [0.043, -0.195, 0.011, 0.031, 0.683, -0.0, 1, 1, 1, 1, 1]}}, {"type": "Feature", "geometry": {"type": "Point", "coordinates": [3.80956, 42.474098]}, "properties": {"var_data": [0.009, -0.262, 0.009, 0.02, 0.719, -0.0, 1, 1, 1, 1, 1]}}, {"type": "Feature", "geometry": {"type": "Point", "coordinates": [3.8449, 42.474098]}, "properties": {"var_data": [-0.003, -0.329, 0.017, 0.038, 0.949, -0.001, 1, 1, 1, 1, 1]}}, {"type": "Feature", "geometry": {"type": "Point", "coordinates": [3.88024, 42.474098]}, "properties": {"var_data": [-0.057, -0.292, 0.008, 0.027, 0.846, 0.0, 1, 1, 1, 1, 1]}}, {"type": "Feature", "geometry": {"type": "Point", "coordinates": [3.91558, 42.474098]}, "properties": {"var_data": [-0.13, -0.279, 0.006, 0.017, 0.935, -0.0, 1, 1, 1, 1, 1]}}, {"type": "Feature", "geometry": {"type": "Point", "coordinates": [3.95092, 42.474098]}, "properties": {"var_data": [-0.154, -0.394, 0.022, 0.059, 1.583, -0.001, 1, 1, 1, 1, 1]}}, {"type": "Feature", "geometry": {"type": "Point", "coordinates": [3.98626, 42.474098]}, "properties": {"var_data": [-0.139, -0.473, 0.018, 0.049, 1.548, -0.001, 1, 1, 1, 1, 1]}}, {"type": "Feature", "geometry": {"type": "Point", "coordinates": [3.1381, 42.501099]}, "properties": {"var_data": [0.228, -0.065, 0.041, 0.021, 1.398, 0.001, 1, 1, 1, 1, 1]}}, {"type": "Feature", "geometry": {"type": "Point", "coordinates": [3.17344, 42.501099]}, "properties": {"var_data": [0.124, -0.128, 0.029, 0.014, 0.741, 0.0, 1, 1, 1, 1, 1]}}, {"type": "Feature", "geometry": {"type": "Point", "coordinates": [3.20878, 42.501099]}, "properties": {"var_data": [0.178, -0.097, 0.024, 0.011, 0.507, 0.0, 1, 1, 1, 1, 1]}}, {"type": "Feature", "geometry": {"type": "Point", "coordinates": [3.24412, 42.501099]}, "properties": {"var_data": [0.267, -0.062, 0.017, 0.007, 0.377, 0.0, 1, 1, 1, 1, 1]}}, {"type": "Feature", "geometry": {"type": "Point", "coordinates": [3.27946, 42.501099]}, "properties": {"var_data": [0.266, -0.045, 0.018, 0.007, 0.324, 0.0, 1, 1, 1, 1, 1]}}, {"type": "Feature", "geometry": {"type": "Point", "coordinates": [3.3148, 42.501099]}, "properties": {"var_data": [0.225, -0.039, 0.016, 0.006, 0.281, 0.0, 1, 1, 1, 1, 1]}}, {"type": "Feature", "geometry": {"type": "Point", "coordinates": [3.35014, 42.501099]}, "properties": {"var_data": [0.164, -0.049, 0.012, 0.005, 0.267, -0.0, 1, 1, 1, 1, 1]}}, {"type": "Feature", "geometry": {"type": "Point", "coordinates": [3.38548, 42.501099]}, "properties": {"var_data": [0.142, -0.068, 0.011, 0.005, 0.286, -0.0, 1, 1, 1, 1, 1]}}, {"type": "Feature", "geometry": {"type": "Point", "coordinates": [3.42082, 42.501099]}, "properties": {"var_data": [0.118, -0.102, 0.011, 0.005, 0.289, -0.0, 1, 1, 1, 1, 1]}}, {"type": "Feature", "geometry": {"type": "Point", "coordinates": [3.45616, 42.501099]}, "properties": {"var_data": [0.096, -0.126, 0.012, 0.007, 0.349, -0.0, 1, 1, 1, 1, 1]}}, {"type": "Feature", "geometry": {"type": "Point", "coordinates": [3.4915, 42.501099]}, "properties": {"var_data": [0.126, -0.141, 0.013, 0.012, 0.729, -0.0, 1, 1, 1, 1, 1]}}, {"type": "Feature", "geometry": {"type": "Point", "coordinates": [3.52684, 42.501099]}, "properties": {"var_data": [0.128, -0.158, 0.035, 0.062, 0.843, 0.002, 1, 1, 1, 1, 1]}}, {"type": "Feature", "geometry": {"type": "Point", "coordinates": [3.56218, 42.501099]}, "properties": {"var_data": [0.161, -0.11, 0.026, 0.053, 0.573, 0.001, 1, 1, 1, 1, 1]}}, {"type": "Feature", "geometry": {"type": "Point", "coordinates": [3.59752, 42.501099]}, "properties": {"var_data": [0.115, -0.153, 0.021, 0.045, 0.475, 0.001, 1, 1, 1, 1, 1]}}, {"type": "Feature", "geometry": {"type": "Point", "coordinates": [3.63286, 42.501099]}, "properties": {"var_data": [0.083, -0.158, 0.013, 0.028, 0.475, 0.0, 1, 1, 1, 1, 1]}}, {"type": "Feature", "geometry": {"type": "Point", "coordinates": [3.6682, 42.501099]}, "properties": {"var_data": [0.034, -0.185, 0.008, 0.017, 0.5, 0.0, 1, 1, 1, 1, 1]}}, {"type": "Feature", "geometry": {"type": "Point", "coordinates": [3.70354, 42.501099]}, "properties": {"var_data": [0.004, -0.136, 0.014, 0.029, 0.576, -0.0, 1, 1, 1, 1, 1]}}, {"type": "Feature", "geometry": {"type": "Point", "coordinates": [3.73888, 42.501099]}, "properties": {"var_data": [0.005, -0.109, 0.028, 0.059, 0.964, -0.002, 1, 1, 1, 1, 1]}}, {"type": "Feature", "geometry": {"type": "Point", "coordinates": [3.77422, 42.501099]}, "properties": {"var_data": [0.024, -0.209, 0.025, 0.052, 0.758, -0.001, 1, 1, 1, 1, 1]}}, {"type": "Feature", "geometry": {"type": "Point", "coordinates": [3.80956, 42.501099]}, "properties": {"var_data": [0.0, -0.248, 0.017, 0.035, 0.736, -0.001, 1, 1, 1, 1, 1]}}, {"type": "Feature", "geometry": {"type": "Point", "coordinates": [3.8449, 42.501099]}, "properties": {"var_data": [-0.022, -0.291, 0.006, 0.014, 0.699, -0.0, 1, 1, 1, 1, 1]}}, {"type": "Feature", "geometry": {"type": "Point", "coordinates": [3.88024, 42.501099]}, "properties": {"var_data": [-0.046, -0.339, 0.007, 0.014, 0.811, -0.0, 1, 1, 1, 1, 1]}}, {"type": "Feature", "geometry": {"type": "Point", "coordinates": [3.91558, 42.501099]}, "properties": {"var_data": [-0.143, -0.254, 0.006, 0.017, 0.994, -0.0, 1, 1, 1, 1, 1]}}, {"type": "Feature", "geometry": {"type": "Point", "coordinates": [3.95092, 42.501099]}, "properties": {"var_data": [-0.147, -0.365, 0.006, 0.017, 1.242, -0.0, 1, 1, 1, 1, 1]}}, {"type": "Feature", "geometry": {"type": "Point", "coordinates": [3.10276, 42.528099]}, "properties": {"var_data": [0.075, -0.111, 0.063, 0.035, 1.555, 0.002, 1, 1, 1, 1, 1]}}, {"type": "Feature", "geometry": {"type": "Point", "coordinates": [3.1381, 42.528099]}, "properties": {"var_data": [0.178, -0.057, 0.031, 0.017, 0.949, 0.001, 1, 1, 1, 1, 1]}}, {"type": "Feature", "geometry": {"type": "Point", "coordinates": [3.17344, 42.528099]}, "properties": {"var_data": [0.127, -0.104, 0.026, 0.014, 0.621, 0.0, 1, 1, 1, 1, 1]}}, {"type": "Feature", "geometry": {"type": "Point", "coordinates": [3.20878, 42.528099]}, "properties": {"var_data": [0.201, -0.063, 0.022, 0.012, 0.434, 0.0, 1, 1, 1, 1, 1]}}, {"type": "Feature", "geometry": {"type": "Point", "coordinates": [3.24412, 42.528099]}, "properties": {"var_data": [0.207, -0.058, 0.014, 0.01, 0.337, 0.0, 1, 1, 1, 1, 1]}}, {"type": "Feature", "geometry": {"type": "Point", "coordinates": [3.27946, 42.528099]}, "properties": {"var_data": [0.218, -0.032, 0.01, 0.006, 0.29, 0.0, 1, 1, 1, 1, 1]}}, {"type": "Feature", "geometry": {"type": "Point", "coordinates": [3.3148, 42.528099]}, "properties": {"var_data": [0.192, -0.013, 0.014, 0.006, 0.275, -0.0, 1, 1, 1, 1, 1]}}, {"type": "Feature", "geometry": {"type": "Point", "coordinates": [3.35014, 42.528099]}, "properties": {"var_data": [0.137, -0.021, 0.013, 0.005, 0.266, -0.0, 1, 1, 1, 1, 1]}}, {"type": "Feature", "geometry": {"type": "Point", "coordinates": [3.38548, 42.528099]}, "properties": {"var_data": [0.111, -0.05, 0.011, 0.004, 0.271, -0.0, 1, 1, 1, 1, 1]}}, {"type": "Feature", "geometry": {"type": "Point", "coordinates": [3.42082, 42.528099]}, "properties": {"var_data": [0.099, -0.059, 0.012, 0.005, 0.291, -0.0, 1, 1, 1, 1, 1]}}, {"type": "Feature", "geometry": {"type": "Point", "coordinates": [3.45616, 42.528099]}, "properties": {"var_data": [0.107, -0.049, 0.013, 0.006, 0.342, -0.0, 1, 1, 1, 1, 1]}}, {"type": "Feature", "geometry": {"type": "Point", "coordinates": [3.4915, 42.528099]}, "properties": {"var_data": [0.093, -0.128, 0.016, 0.013, 0.732, -0.0, 1, 1, 1, 1, 1]}}, {"type": "Feature", "geometry": {"type": "Point", "coordinates": [3.63286, 42.528099]}, "properties": {"var_data": [0.079, -0.177, 0.023, 0.049, 0.551, 0.001, 1, 1, 1, 1, 1]}}, {"type": "Feature", "geometry": {"type": "Point", "coordinates": [3.6682, 42.528099]}, "properties": {"var_data": [0.043, -0.164, 0.025, 0.055, 0.535, 0.0, 1, 1, 1, 1, 1]}}, {"type": "Feature", "geometry": {"type": "Point", "coordinates": [3.70354, 42.528099]}, "properties": {"var_data": [0.028, -0.149, 0.025, 0.056, 0.681, -0.0, 1, 1, 1, 1, 1]}}, {"type": "Feature", "geometry": {"type": "Point", "coordinates": [3.73888, 42.528099]}, "properties": {"var_data": [-0.014, -0.066, 0.058, 0.112, 0.862, -0.005, 1, 1, 1, 1, 1]}}, {"type": "Feature", "geometry": {"type": "Point", "coordinates": [3.77422, 42.528099]}, "properties": {"var_data": [-0.018, -0.221, 0.019, 0.04, 0.704, -0.001, 1, 1, 1, 1, 1]}}, {"type": "Feature", "geometry": {"type": "Point", "coordinates": [3.80956, 42.528099]}, "properties": {"var_data": [0.008, -0.372, 0.019, 0.04, 0.785, -0.001, 1, 1, 1, 1, 1]}}, {"type": "Feature", "geometry": {"type": "Point", "coordinates": [3.8449, 42.528099]}, "properties": {"var_data": [-0.006, -0.333, 0.007, 0.015, 0.746, -0.0, 1, 1, 1, 1, 1]}}, {"type": "Feature", "geometry": {"type": "Point", "coordinates": [3.88024, 42.528099]}, "properties": {"var_data": [-0.06, -0.269, 0.007, 0.015, 0.894, -0.0, 1, 1, 1, 1, 1]}}, {"type": "Feature", "geometry": {"type": "Point", "coordinates": [3.91558, 42.528099]}, "properties": {"var_data": [-0.059, -0.488, 0.005, 0.014, 0.868, -0.0, 1, 1, 1, 1, 1]}}, {"type": "Feature", "geometry": {"type": "Point", "coordinates": [3.95092, 42.528099]}, "properties": {"var_data": [-0.043, -0.561, 0.004, 0.012, 0.859, -0.0, 1, 1, 1, 1, 1]}}, {"type": "Feature", "geometry": {"type": "Point", "coordinates": [3.98626, 42.528099]}, "properties": {"var_data": [0.001, -0.665, 0.007, 0.021, 1.375, -0.0, 1, 1, 1, 1, 1]}}, {"type": "Feature", "geometry": {"type": "Point", "coordinates": [4.0216, 42.528099]}, "properties": {"var_data": [-0.013, -0.779, 0.007, 0.021, 1.513, -0.0, 1, 1, 1, 1, 1]}}, {"type": "Feature", "geometry": {"type": "Point", "coordinates": [3.06742, 42.555099]}, "properties": {"var_data": [-0.215, -0.185, 0.058, 0.032, 1.39, 0.002, 1, 1, 1, 1, 1]}}, {"type": "Feature", "geometry": {"type": "Point", "coordinates": [3.10276, 42.555099]}, "properties": {"var_data": [0.079, -0.07, 0.049, 0.028, 1.024, 0.001, 1, 1, 1, 1, 1]}}, {"type": "Feature", "geometry": {"type": "Point", "coordinates": [3.1381, 42.555099]}, "properties": {"var_data": [0.165, -0.036, 0.026, 0.015, 0.701, 0.0, 1, 1, 1, 1, 1]}}, {"type": "Feature", "geometry": {"type": "Point", "coordinates": [3.17344, 42.555099]}, "properties": {"var_data": [0.116, -0.081, 0.018, 0.011, 0.466, 0.0, 1, 1, 1, 1, 1]}}, {"type": "Feature", "geometry": {"type": "Point", "coordinates": [3.20878, 42.555099]}, "properties": {"var_data": [0.109, -0.086, 0.013, 0.008, 0.35, 0.0, 1, 1, 1, 1, 1]}}, {"type": "Feature", "geometry": {"type": "Point", "coordinates": [3.24412, 42.555099]}, "properties": {"var_data": [0.119, -0.083, 0.012, 0.008, 0.314, 0.0, 1, 1, 1, 1, 1]}}, {"type": "Feature", "geometry": {"type": "Point", "coordinates": [3.27946, 42.555099]}, "properties": {"var_data": [0.095, -0.067, 0.011, 0.007, 0.275, 0.0, 1, 1, 1, 1, 1]}}, {"type": "Feature", "geometry": {"type": "Point", "coordinates": [3.3148, 42.555099]}, "properties": {"var_data": [0.095, -0.041, 0.008, 0.004, 0.27, -0.0, 1, 1, 1, 1, 1]}}, {"type": "Feature", "geometry": {"type": "Point", "coordinates": [3.35014, 42.555099]}, "properties": {"var_data": [0.077, -0.044, 0.012, 0.004, 0.266, -0.0, 1, 1, 1, 1, 1]}}, {"type": "Feature", "geometry": {"type": "Point", "coordinates": [3.38548, 42.555099]}, "properties": {"var_data": [0.072, -0.024, 0.012, 0.005, 0.273, -0.0, 1, 1, 1, 1, 1]}}, {"type": "Feature", "geometry": {"type": "Point", "coordinates": [3.42082, 42.555099]}, "properties": {"var_data": [0.077, -0.014, 0.016, 0.006, 0.309, -0.0, 1, 1, 1, 1, 1]}}, {"type": "Feature", "geometry": {"type": "Point", "coordinates": [3.45616, 42.555099]}, "properties": {"var_data": [0.097, -0.049, 0.014, 0.006, 0.348, -0.0, 1, 1, 1, 1, 1]}}, {"type": "Feature", "geometry": {"type": "Point", "coordinates": [3.4915, 42.555099]}, "properties": {"var_data": [0.109, -0.037, 0.015, 0.013, 0.54, -0.0, 1, 1, 1, 1, 1]}}, {"type": "Feature", "geometry": {"type": "Point", "coordinates": [3.70354, 42.555099]}, "properties": {"var_data": [0.033, -0.072, 0.036, 0.09, 0.683, 0.002, 1, 1, 1, 1, 1]}}, {"type": "Feature", "geometry": {"type": "Point", "coordinates": [3.73888, 42.555099]}, "properties": {"var_data": [0.009, -0.066, 0.059, 0.137, 0.819, -0.001, 1, 1, 1, 1, 1]}}, {"type": "Feature", "geometry": {"type": "Point", "coordinates": [3.77422, 42.555099]}, "properties": {"var_data": [0.034, -0.182, 0.026, 0.06, 0.732, -0.0, 1, 1, 1, 1, 1]}}, {"type": "Feature", "geometry": {"type": "Point", "coordinates": [3.80956, 42.555099]}, "properties": {"var_data": [-0.007, -0.196, 0.009, 0.019, 0.745, -0.0, 1, 1, 1, 1, 1]}}, {"type": "Feature", "geometry": {"type": "Point", "coordinates": [3.8449, 42.555099]}, "properties": {"var_data": [-0.006, -0.254, 0.006, 0.013, 0.622, -0.0, 1, 1, 1, 1, 1]}}, {"type": "Feature", "geometry": {"type": "Point", "coordinates": [3.88024, 42.555099]}, "properties": {"var_data": [-0.005, -0.384, 0.006, 0.022, 0.613, 0.0, 1, 1, 1, 1, 1]}}, {"type": "Feature", "geometry": {"type": "Point", "coordinates": [3.91558, 42.555099]}, "properties": {"var_data": [-0.0, -0.389, 0.006, 0.021, 0.676, 0.0, 1, 1, 1, 1, 1]}}, {"type": "Feature", "geometry": {"type": "Point", "coordinates": [3.95092, 42.555099]}, "properties": {"var_data": [-0.037, -0.606, 0.005, 0.015, 0.762, -0.0, 1, 1, 1, 1, 1]}}, {"type": "Feature", "geometry": {"type": "Point", "coordinates": [3.98626, 42.555099]}, "properties": {"var_data": [0.002, -0.656, 0.005, 0.015, 1.054, -0.0, 1, 1, 1, 1, 1]}}, {"type": "Feature", "geometry": {"type": "Point", "coordinates": [4.0216, 42.555099]}, "properties": {"var_data": [0.014, -0.556, 0.009, 0.032, 1.393, -0.0, 1, 1, 1, 1, 1]}}, {"type": "Feature", "geometry": {"type": "Point", "coordinates": [4.05694, 42.555099]}, "properties": {"var_data": [0.007, -0.421, 0.051, 0.139, 1.867, -0.007, 1, 1, 1, 1, 1]}}, {"type": "Feature", "geometry": {"type": "Point", "coordinates": [3.06742, 42.5821]}, "properties": {"var_data": [-0.244, -0.177, 0.043, 0.025, 0.971, 0.001, 1, 1, 1, 1, 1]}}, {"type": "Feature", "geometry": {"type": "Point", "coordinates": [3.10276, 42.5821]}, "properties": {"var_data": [0.055, -0.046, 0.022, 0.013, 0.665, 0.0, 1, 1, 1, 1, 1]}}, {"type": "Feature", "geometry": {"type": "Point", "coordinates": [3.1381, 42.5821]}, "properties": {"var_data": [0.016, -0.08, 0.021, 0.012, 0.5, 0.0, 1, 1, 1, 1, 1]}}, {"type": "Feature", "geometry": {"type": "Point", "coordinates": [3.17344, 42.5821]}, "properties": {"var_data": [0.011, -0.104, 0.016, 0.009, 0.382, 0.0, 1, 1, 1, 1, 1]}}, {"type": "Feature", "geometry": {"type": "Point", "coordinates": [3.20878, 42.5821]}, "properties": {"var_data": [0.028, -0.098, 0.012, 0.008, 0.309, 0.0, 1, 1, 1, 1, 1]}}, {"type": "Feature", "geometry": {"type": "Point", "coordinates": [3.24412, 42.5821]}, "properties": {"var_data": [0.036, -0.094, 0.011, 0.007, 0.278, 0.0, 1, 1, 1, 1, 1]}}, {"type": "Feature", "geometry": {"type": "Point", "coordinates": [3.27946, 42.5821]}, "properties": {"var_data": [0.025, -0.077, 0.009, 0.007, 0.271, 0.0, 1, 1, 1, 1, 1]}}, {"type": "Feature", "geometry": {"type": "Point", "coordinates": [3.3148, 42.5821]}, "properties": {"var_data": [0.023, -0.061, 0.01, 0.008, 0.305, 0.0, 1, 1, 1, 1, 1]}}, {"type": "Feature", "geometry": {"type": "Point", "coordinates": [3.35014, 42.5821]}, "properties": {"var_data": [0.034, -0.052, 0.01, 0.004, 0.311, -0.0, 1, 1, 1, 1, 1]}}, {"type": "Feature", "geometry": {"type": "Point", "coordinates": [3.38548, 42.5821]}, "properties": {"var_data": [0.023, -0.016, 0.013, 0.005, 0.301, -0.0, 1, 1, 1, 1, 1]}}, {"type": "Feature", "geometry": {"type": "Point", "coordinates": [3.42082, 42.5821]}, "properties": {"var_data": [0.059, 0.009, 0.012, 0.005, 0.355, -0.0, 1, 1, 1, 1, 1]}}, {"type": "Feature", "geometry": {"type": "Point", "coordinates": [3.45616, 42.5821]}, "properties": {"var_data": [0.079, -0.015, 0.014, 0.006, 0.359, -0.0, 1, 1, 1, 1, 1]}}, {"type": "Feature", "geometry": {"type": "Point", "coordinates": [3.4915, 42.5821]}, "properties": {"var_data": [0.098, -0.033, 0.015, 0.011, 0.543, -0.0, 1, 1, 1, 1, 1]}}, {"type": "Feature", "geometry": {"type": "Point", "coordinates": [3.73888, 42.5821]}, "properties": {"var_data": [0.04, 0.12, 0.055, 0.248, 1.095, 0.011, 1, 1, 1, 1, 1]}}, {"type": "Feature", "geometry": {"type": "Point", "coordinates": [3.77422, 42.5821]}, "properties": {"var_data": [-0.009, -0.246, 0.02, 0.06, 0.774, 0.0, 1, 1, 1, 1, 1]}}, {"type": "Feature", "geometry": {"type": "Point", "coordinates": [3.80956, 42.5821]}, "properties": {"var_data": [0.056, -0.247, 0.01, 0.029, 0.688, -0.0, 1, 1, 1, 1, 1]}}, {"type": "Feature", "geometry": {"type": "Point", "coordinates": [3.8449, 42.5821]}, "properties": {"var_data": [0.02, -0.27, 0.01, 0.028, 0.664, -0.0, 1, 1, 1, 1, 1]}}, {"type": "Feature", "geometry": {"type": "Point", "coordinates": [3.88024, 42.5821]}, "properties": {"var_data": [0.016, -0.453, 0.008, 0.025, 0.695, 0.0, 1, 1, 1, 1, 1]}}, {"type": "Feature", "geometry": {"type": "Point", "coordinates": [3.91558, 42.5821]}, "properties": {"var_data": [0.026, -0.466, 0.007, 0.025, 0.721, 0.0, 1, 1, 1, 1, 1]}}, {"type": "Feature", "geometry": {"type": "Point", "coordinates": [3.95092, 42.5821]}, "properties": {"var_data": [0.008, -0.53, 0.008, 0.039, 0.755, 0.0, 1, 1, 1, 1, 1]}}, {"type": "Feature", "geometry": {"type": "Point", "coordinates": [3.98626, 42.5821]}, "properties": {"var_data": [0.04, -0.559, 0.01, 0.046, 0.88, 0.0, 1, 1, 1, 1, 1]}}, {"type": "Feature", "geometry": {"type": "Point", "coordinates": [4.0216, 42.5821]}, "properties": {"var_data": [0.064, -0.519, 0.013, 0.059, 1.223, 0.0, 1, 1, 1, 1, 1]}}, {"type": "Feature", "geometry": {"type": "Point", "coordinates": [4.05694, 42.5821]}, "properties": {"var_data": [0.065, -0.145, 0.055, 0.163, 1.822, -0.005, 4, 4, 1, 1, 1]}}, {"type": "Feature", "geometry": {"type": "Point", "coordinates": [3.06742, 42.6091]}, "properties": {"var_data": [-0.269, -0.138, 0.019, 0.014, 0.584, 0.0, 1, 1, 1, 1, 1]}}, {"type": "Feature", "geometry": {"type": "Point", "coordinates": [3.10276, 42.6091]}, "properties": {"var_data": [-0.167, -0.098, 0.017, 0.012, 0.431, 0.0, 1, 1, 1, 1, 1]}}, {"type": "Feature", "geometry": {"type": "Point", "coordinates": [3.1381, 42.6091]}, "properties": {"var_data": [-0.12, -0.098, 0.009, 0.005, 0.357, 0.0, 1, 1, 1, 1, 1]}}, {"type": "Feature", "geometry": {"type": "Point", "coordinates": [3.17344, 42.6091]}, "properties": {"var_data": [-0.084, -0.102, 0.012, 0.005, 0.306, 0.0, 1, 1, 1, 1, 1]}}, {"type": "Feature", "geometry": {"type": "Point", "coordinates": [3.20878, 42.6091]}, "properties": {"var_data": [-0.071, -0.116, 0.01, 0.004, 0.277, 0.0, 1, 1, 1, 1, 1]}}, {"type": "Feature", "geometry": {"type": "Point", "coordinates": [3.24412, 42.6091]}, "properties": {"var_data": [-0.037, -0.109, 0.01, 0.004, 0.264, 0.0, 1, 1, 1, 1, 1]}}, {"type": "Feature", "geometry": {"type": "Point", "coordinates": [3.27946, 42.6091]}, "properties": {"var_data": [-0.021, -0.094, 0.01, 0.008, 0.268, 0.0, 1, 1, 1, 1, 1]}}, {"type": "Feature", "geometry": {"type": "Point", "coordinates": [3.3148, 42.6091]}, "properties": {"var_data": [-0.027, -0.07, 0.011, 0.008, 0.282, 0.0, 1, 1, 1, 1, 1]}}, {"type": "Feature", "geometry": {"type": "Point", "coordinates": [3.35014, 42.6091]}, "properties": {"var_data": [-0.002, -0.05, 0.013, 0.021, 0.347, 0.0, 1, 1, 1, 1, 1]}}, {"type": "Feature", "geometry": {"type": "Point", "coordinates": [3.38548, 42.6091]}, "properties": {"var_data": [0.019, 0.009, 0.01, 0.005, 0.347, -0.0, 1, 1, 1, 1, 1]}}, {"type": "Feature", "geometry": {"type": "Point", "coordinates": [3.42082, 42.6091]}, "properties": {"var_data": [0.033, 0.026, 0.011, 0.005, 0.402, -0.0, 1, 1, 1, 1, 1]}}, {"type": "Feature", "geometry": {"type": "Point", "coordinates": [3.45616, 42.6091]}, "properties": {"var_data": [0.04, 0.008, 0.009, 0.01, 0.417, -0.0, 1, 1, 1, 1, 1]}}, {"type": "Feature", "geometry": {"type": "Point", "coordinates": [3.4915, 42.6091]}, "properties": {"var_data": [0.031, -0.106, 0.009, 0.012, 0.547, -0.0, 1, 1, 1, 1, 1]}}, {"type": "Feature", "geometry": {"type": "Point", "coordinates": [3.52684, 42.6091]}, "properties": {"var_data": [0.039, -0.106, 0.01, 0.012, 0.555, -0.0, 1, 1, 1, 1, 1]}}, {"type": "Feature", "geometry": {"type": "Point", "coordinates": [3.73888, 42.6091]}, "properties": {"var_data": [0.065, 0.116, 0.05, 0.243, 1.065, 0.01, 1, 1, 1, 1, 1]}}, {"type": "Feature", "geometry": {"type": "Point", "coordinates": [3.77422, 42.6091]}, "properties": {"var_data": [0.068, 0.075, 0.042, 0.233, 1.097, 0.008, 1, 1, 1, 1, 1]}}, {"type": "Feature", "geometry": {"type": "Point", "coordinates": [3.80956, 42.6091]}, "properties": {"var_data": [0.051, -0.244, 0.004, 0.028, 0.668, 0.0, 1, 1, 1, 1, 1]}}, {"type": "Feature", "geometry": {"type": "Point", "coordinates": [3.8449, 42.6091]}, "properties": {"var_data": [0.039, -0.276, 0.004, 0.029, 0.697, 0.0, 1, 1, 1, 1, 1]}}, {"type": "Feature", "geometry": {"type": "Point", "coordinates": [3.88024, 42.6091]}, "properties": {"var_data": [0.032, -0.484, 0.003, 0.011, 0.65, -0.0, 1, 1, 1, 1, 1]}}, {"type": "Feature", "geometry": {"type": "Point", "coordinates": [3.91558, 42.6091]}, "properties": {"var_data": [0.031, -0.527, 0.005, 0.013, 0.663, -0.0, 1, 1, 1, 1, 1]}}, {"type": "Feature", "geometry": {"type": "Point", "coordinates": [3.95092, 42.6091]}, "properties": {"var_data": [0.013, -0.574, 0.005, 0.013, 0.673, -0.0, 1, 1, 1, 1, 1]}}, {"type": "Feature", "geometry": {"type": "Point", "coordinates": [3.98626, 42.6091]}, "properties": {"var_data": [0.04, -0.584, 0.009, 0.046, 0.84, 0.0, 1, 1, 1, 1, 1]}}, {"type": "Feature", "geometry": {"type": "Point", "coordinates": [4.0216, 42.6091]}, "properties": {"var_data": [0.085, -0.351, 0.034, 0.18, 1.189, 0.006, 1, 1, 1, 1, 1]}}, {"type": "Feature", "geometry": {"type": "Point", "coordinates": [4.05694, 42.6091]}, "properties": {"var_data": [0.084, 0.081, 0.051, 0.249, 1.94, 0.001, 1, 1, 1, 1, 1]}}, {"type": "Feature", "geometry": {"type": "Point", "coordinates": [3.06742, 42.636101]}, "properties": {"var_data": [-0.224, -0.078, 0.012, 0.011, 0.334, 0.0, 1, 1, 1, 1, 1]}}, {"type": "Feature", "geometry": {"type": "Point", "coordinates": [3.10276, 42.636101]}, "properties": {"var_data": [-0.18, -0.055, 0.012, 0.011, 0.306, 0.0, 1, 1, 1, 1, 1]}}, {"type": "Feature", "geometry": {"type": "Point", "coordinates": [3.1381, 42.636101]}, "properties": {"var_data": [-0.194, -0.088, 0.008, 0.004, 0.278, 0.0, 1, 1, 1, 1, 1]}}, {"type": "Feature", "geometry": {"type": "Point", "coordinates": [3.17344, 42.636101]}, "properties": {"var_data": [-0.152, -0.089, 0.009, 0.004, 0.255, 0.0, 1, 1, 1, 1, 1]}}, {"type": "Feature", "geometry": {"type": "Point", "coordinates": [3.20878, 42.636101]}, "properties": {"var_data": [-0.131, -0.103, 0.011, 0.004, 0.24, 0.0, 1, 1, 1, 1, 1]}}, {"type": "Feature", "geometry": {"type": "Point", "coordinates": [3.24412, 42.636101]}, "properties": {"var_data": [-0.105, -0.108, 0.01, 0.004, 0.253, 0.0, 1, 1, 1, 1, 1]}}, {"type": "Feature", "geometry": {"type": "Point", "coordinates": [3.27946, 42.636101]}, "properties": {"var_data": [-0.081, -0.092, 0.012, 0.008, 0.252, 0.0, 1, 1, 1, 1, 1]}}, {"type": "Feature", "geometry": {"type": "Point", "coordinates": [3.3148, 42.636101]}, "properties": {"var_data": [-0.079, -0.105, 0.012, 0.011, 0.279, 0.0, 1, 1, 1, 1, 1]}}, {"type": "Feature", "geometry": {"type": "Point", "coordinates": [3.35014, 42.636101]}, "properties": {"var_data": [-0.078, -0.11, 0.013, 0.022, 0.34, 0.0, 1, 1, 1, 1, 1]}}, {"type": "Feature", "geometry": {"type": "Point", "coordinates": [3.38548, 42.636101]}, "properties": {"var_data": [-0.036, 0.001, 0.014, 0.03, 0.446, 0.0, 1, 1, 1, 1, 1]}}, {"type": "Feature", "geometry": {"type": "Point", "coordinates": [3.42082, 42.636101]}, "properties": {"var_data": [-0.017, -0.008, 0.008, 0.009, 0.373, -0.0, 1, 1, 1, 1, 1]}}, {"type": "Feature", "geometry": {"type": "Point", "coordinates": [3.45616, 42.636101]}, "properties": {"var_data": [-0.018, -0.037, 0.009, 0.009, 0.412, -0.0, 1, 1, 1, 1, 1]}}, {"type": "Feature", "geometry": {"type": "Point", "coordinates": [3.4915, 42.636101]}, "properties": {"var_data": [-0.012, -0.105, 0.009, 0.009, 0.466, -0.0, 1, 1, 1, 1, 1]}}, {"type": "Feature", "geometry": {"type": "Point", "coordinates": [3.52684, 42.636101]}, "properties": {"var_data": [0.01, -0.096, 0.009, 0.012, 0.556, -0.0, 1, 1, 1, 1, 1]}}, {"type": "Feature", "geometry": {"type": "Point", "coordinates": [3.63286, 42.636101]}, "properties": {"var_data": [-0.013, -0.212, 0.019, 0.036, 0.87, -0.0, 1, 0, 1, 1, 1]}}, {"type": "Feature", "geometry": {"type": "Point", "coordinates": [3.6682, 42.636101]}, "properties": {"var_data": [-0.017, -0.204, 0.02, 0.036, 0.872, -0.0, 1, 0, 1, 1, 1]}}, {"type": "Feature", "geometry": {"type": "Point", "coordinates": [3.70354, 42.636101]}, "properties": {"var_data": [0.06, -0.031, 0.024, 0.037, 0.68, -0.0, 1, 0, 1, 1, 1]}}, {"type": "Feature", "geometry": {"type": "Point", "coordinates": [3.73888, 42.636101]}, "properties": {"var_data": [0.069, 0.246, 0.031, 0.144, 0.937, 0.002, 1, 1, 1, 1, 1]}}, {"type": "Feature", "geometry": {"type": "Point", "coordinates": [3.77422, 42.636101]}, "properties": {"var_data": [0.074, 0.169, 0.013, 0.13, 0.781, 0.002, 1, 1, 1, 1, 1]}}, {"type": "Feature", "geometry": {"type": "Point", "coordinates": [3.80956, 42.636101]}, "properties": {"var_data": [0.081, 0.061, 0.02, 0.194, 1.133, 0.004, 1, 1, 1, 1, 1]}}, {"type": "Feature", "geometry": {"type": "Point", "coordinates": [3.8449, 42.636101]}, "properties": {"var_data": [0.044, -0.274, 0.003, 0.012, 0.852, 0.0, 1, 1, 1, 1, 1]}}, {"type": "Feature", "geometry": {"type": "Point", "coordinates": [3.88024, 42.636101]}, "properties": {"var_data": [0.011, -0.66, 0.003, 0.012, 0.767, 0.0, 1, 1, 1, 1, 1]}}, {"type": "Feature", "geometry": {"type": "Point", "coordinates": [3.91558, 42.636101]}, "properties": {"var_data": [0.048, -0.619, 0.003, 0.012, 0.903, 0.0, 1, 1, 1, 1, 1]}}, {"type": "Feature", "geometry": {"type": "Point", "coordinates": [3.95092, 42.636101]}, "properties": {"var_data": [0.05, -0.622, 0.008, 0.016, 0.974, -0.0, 1, 1, 1, 1, 1]}}, {"type": "Feature", "geometry": {"type": "Point", "coordinates": [3.98626, 42.636101]}, "properties": {"var_data": [0.073, -0.519, 0.012, 0.087, 1.293, 0.001, 1, 1, 1, 1, 1]}}, {"type": "Feature", "geometry": {"type": "Point", "coordinates": [4.0216, 42.636101]}, "properties": {"var_data": [0.082, -0.111, 0.021, 0.194, 1.408, 0.004, 1, 1, 1, 1, 1]}}, {"type": "Feature", "geometry": {"type": "Point", "coordinates": [4.05694, 42.636101]}, "properties": {"var_data": [0.075, 0.139, 0.048, 0.171, 1.86, -0.002, 1, 1, 1, 1, 1]}}, {"type": "Feature", "geometry": {"type": "Point", "coordinates": [3.06742, 42.663101]}, "properties": {"var_data": [-0.096, 0.037, 0.007, 0.008, 0.232, 0.0, 1, 1, 1, 1, 1]}}, {"type": "Feature", "geometry": {"type": "Point", "coordinates": [3.10276, 42.663101]}, "properties": {"var_data": [-0.118, 0.028, 0.006, 0.008, 0.235, 0.0, 1, 1, 1, 1, 1]}}, {"type": "Feature", "geometry": {"type": "Point", "coordinates": [3.1381, 42.663101]}, "properties": {"var_data": [-0.152, -0.024, 0.006, 0.004, 0.236, 0.0, 1, 1, 1, 1, 1]}}, {"type": "Feature", "geometry": {"type": "Point", "coordinates": [3.17344, 42.663101]}, "properties": {"var_data": [-0.156, -0.05, 0.008, 0.004, 0.225, 0.0, 1, 1, 1, 1, 1]}}, {"type": "Feature", "geometry": {"type": "Point", "coordinates": [3.20878, 42.663101]}, "properties": {"var_data": [-0.169, -0.077, 0.009, 0.004, 0.223, 0.0, 1, 1, 1, 1, 1]}}, {"type": "Feature", "geometry": {"type": "Point", "coordinates": [3.24412, 42.663101]}, "properties": {"var_data": [-0.144, -0.076, 0.01, 0.004, 0.232, 0.0, 1, 1, 1, 1, 1]}}, {"type": "Feature", "geometry": {"type": "Point", "coordinates": [3.27946, 42.663101]}, "properties": {"var_data": [-0.116, -0.063, 0.01, 0.008, 0.252, 0.0, 1, 1, 1, 1, 1]}}, {"type": "Feature", "geometry": {"type": "Point", "coordinates": [3.3148, 42.663101]}, "properties": {"var_data": [-0.108, -0.057, 0.01, 0.009, 0.279, 0.0, 1, 1, 1, 1, 1]}}, {"type": "Feature", "geometry": {"type": "Point", "coordinates": [3.35014, 42.663101]}, "properties": {"var_data": [-0.119, -0.059, 0.012, 0.013, 0.338, 0.0, 1, 1, 1, 1, 1]}}, {"type": "Feature", "geometry": {"type": "Point", "coordinates": [3.38548, 42.663101]}, "properties": {"var_data": [-0.114, -0.097, 0.012, 0.011, 0.369, -0.0, 1, 1, 1, 1, 1]}}, {"type": "Feature", "geometry": {"type": "Point", "coordinates": [3.42082, 42.663101]}, "properties": {"var_data": [-0.099, -0.118, 0.012, 0.009, 0.408, -0.0, 1, 1, 1, 1, 1]}}, {"type": "Feature", "geometry": {"type": "Point", "coordinates": [3.45616, 42.663101]}, "properties": {"var_data": [-0.075, -0.089, 0.008, 0.009, 0.463, -0.0, 1, 1, 1, 1, 1]}}, {"type": "Feature", "geometry": {"type": "Point", "coordinates": [3.4915, 42.663101]}, "properties": {"var_data": [-0.057, -0.086, 0.008, 0.009, 0.481, -0.0, 1, 1, 1, 1, 1]}}, {"type": "Feature", "geometry": {"type": "Point", "coordinates": [3.52684, 42.663101]}, "properties": {"var_data": [-0.034, -0.075, 0.009, 0.012, 0.572, -0.0, 1, 1, 1, 1, 1]}}, {"type": "Feature", "geometry": {"type": "Point", "coordinates": [3.63286, 42.663101]}, "properties": {"var_data": [0.015, -0.233, 0.016, 0.037, 0.873, -0.0, 1, 0, 1, 1, 1]}}, {"type": "Feature", "geometry": {"type": "Point", "coordinates": [3.6682, 42.663101]}, "properties": {"var_data": [0.039, -0.264, 0.019, 0.037, 0.893, -0.0, 1, 0, 1, 1, 1]}}, {"type": "Feature", "geometry": {"type": "Point", "coordinates": [3.70354, 42.663101]}, "properties": {"var_data": [0.062, -0.031, 0.02, 0.037, 0.715, -0.0, 1, 1, 1, 1, 1]}}, {"type": "Feature", "geometry": {"type": "Point", "coordinates": [3.73888, 42.663101]}, "properties": {"var_data": [0.067, -0.045, 0.02, 0.038, 0.728, -0.0, 1, 1, 1, 1, 1]}}, {"type": "Feature", "geometry": {"type": "Point", "coordinates": [3.77422, 42.663101]}, "properties": {"var_data": [0.086, 0.221, 0.019, 0.155, 1.007, 0.0, 1, 1, 1, 1, 1]}}, {"type": "Feature", "geometry": {"type": "Point", "coordinates": [3.80956, 42.663101]}, "properties": {"var_data": [0.102, 0.211, 0.013, 0.134, 0.997, 0.002, 1, 1, 1, 1, 1]}}, {"type": "Feature", "geometry": {"type": "Point", "coordinates": [3.8449, 42.663101]}, "properties": {"var_data": [0.049, -0.617, 0.003, 0.012, 1.192, -0.0, 1, 1, 1, 1, 1]}}, {"type": "Feature", "geometry": {"type": "Point", "coordinates": [3.88024, 42.663101]}, "properties": {"var_data": [0.075, -0.66, 0.003, 0.012, 1.204, -0.0, 1, 1, 1, 1, 1]}}, {"type": "Feature", "geometry": {"type": "Point", "coordinates": [3.91558, 42.663101]}, "properties": {"var_data": [0.068, -0.672, 0.003, 0.012, 1.219, 0.0, 1, 1, 1, 1, 1]}}, {"type": "Feature", "geometry": {"type": "Point", "coordinates": [3.95092, 42.663101]}, "properties": {"var_data": [0.079, -0.593, 0.007, 0.016, 0.91, -0.0, 1, 1, 1, 1, 1]}}, {"type": "Feature", "geometry": {"type": "Point", "coordinates": [3.98626, 42.663101]}, "properties": {"var_data": [0.097, -0.265, 0.016, 0.183, 1.442, 0.002, 1, 1, 1, 1, 1]}}, {"type": "Feature", "geometry": {"type": "Point", "coordinates": [4.0216, 42.663101]}, "properties": {"var_data": [0.147, 0.007, 0.021, 0.212, 1.27, 0.004, 4, 4, 1, 1, 1]}}, {"type": "Feature", "geometry": {"type": "Point", "coordinates": [4.05694, 42.663101]}, "properties": {"var_data": [0.175, 0.207, 0.046, 0.196, 1.559, -0.0, 1, 1, 1, 1, 1]}}, {"type": "Feature", "geometry": {"type": "Point", "coordinates": [4.09228, 42.663101]}, "properties": {"var_data": [0.205, 0.198, 0.115, 0.281, 2.146, -0.023, 4, 1, 4, 1, 1]}}, {"type": "Feature", "geometry": {"type": "Point", "coordinates": [4.12762, 42.663101]}, "properties": {"var_data": [-0.036, 0.564, 0.064, 0.233, 2.155, -0.006, 4, 1, 4, 1, 1]}}, {"type": "Feature", "geometry": {"type": "Point", "coordinates": [4.16296, 42.663101]}, "properties": {"var_data": [-0.037, 0.459, 0.064, 0.249, 2.362, -0.006, 4, 1, 4, 4, 1]}}, {"type": "Feature", "geometry": {"type": "Point", "coordinates": [3.06742, 42.690102]}, "properties": {"var_data": [-0.015, 0.162, 0.005, 0.007, 0.18, 0.0, 1, 1, 1, 1, 1]}}, {"type": "Feature", "geometry": {"type": "Point", "coordinates": [3.10276, 42.690102]}, "properties": {"var_data": [-0.046, 0.128, 0.005, 0.008, 0.196, 0.0, 1, 1, 1, 1, 1]}}, {"type": "Feature", "geometry": {"type": "Point", "coordinates": [3.1381, 42.690102]}, "properties": {"var_data": [-0.092, 0.058, 0.006, 0.011, 0.207, 0.0, 1, 1, 1, 1, 1]}}, {"type": "Feature", "geometry": {"type": "Point", "coordinates": [3.17344, 42.690102]}, "properties": {"var_data": [-0.123, -0.015, 0.007, 0.004, 0.217, 0.0, 1, 1, 1, 1, 1]}}, {"type": "Feature", "geometry": {"type": "Point", "coordinates": [3.20878, 42.690102]}, "properties": {"var_data": [-0.129, -0.022, 0.009, 0.004, 0.216, 0.0, 1, 1, 1, 1, 1]}}, {"type": "Feature", "geometry": {"type": "Point", "coordinates": [3.24412, 42.690102]}, "properties": {"var_data": [-0.142, -0.029, 0.01, 0.007, 0.225, 0.0, 1, 1, 1, 1, 1]}}, {"type": "Feature", "geometry": {"type": "Point", "coordinates": [3.27946, 42.690102]}, "properties": {"var_data": [-0.14, -0.026, 0.01, 0.007, 0.237, 0.0, 1, 1, 1, 1, 1]}}, {"type": "Feature", "geometry": {"type": "Point", "coordinates": [3.3148, 42.690102]}, "properties": {"var_data": [-0.148, -0.01, 0.01, 0.008, 0.255, -0.0, 1, 1, 1, 1, 1]}}, {"type": "Feature", "geometry": {"type": "Point", "coordinates": [3.35014, 42.690102]}, "properties": {"var_data": [-0.184, 0.003, 0.01, 0.011, 0.313, -0.0, 1, 1, 1, 1, 1]}}, {"type": "Feature", "geometry": {"type": "Point", "coordinates": [3.38548, 42.690102]}, "properties": {"var_data": [-0.164, -0.038, 0.012, 0.009, 0.345, -0.0, 1, 1, 1, 1, 1]}}, {"type": "Feature", "geometry": {"type": "Point", "coordinates": [3.42082, 42.690102]}, "properties": {"var_data": [-0.149, -0.187, 0.013, 0.012, 0.533, -0.0, 1, 1, 1, 1, 1]}}, {"type": "Feature", "geometry": {"type": "Point", "coordinates": [3.45616, 42.690102]}, "properties": {"var_data": [-0.122, -0.11, 0.013, 0.013, 0.556, -0.0, 1, 1, 1, 1, 1]}}, {"type": "Feature", "geometry": {"type": "Point", "coordinates": [3.4915, 42.690102]}, "properties": {"var_data": [-0.089, -0.113, 0.008, 0.012, 0.562, -0.0, 1, 1, 1, 1, 1]}}, {"type": "Feature", "geometry": {"type": "Point", "coordinates": [3.63286, 42.690102]}, "properties": {"var_data": [0.024, -0.252, 0.016, 0.038, 0.918, -0.0, 1, 0, 1, 1, 1]}}, {"type": "Feature", "geometry": {"type": "Point", "coordinates": [3.6682, 42.690102]}, "properties": {"var_data": [0.047, -0.26, 0.015, 0.038, 0.918, -0.0, 1, 0, 1, 1, 1]}}, {"type": "Feature", "geometry": {"type": "Point", "coordinates": [3.70354, 42.690102]}, "properties": {"var_data": [0.078, -0.061, 0.019, 0.038, 0.725, -0.0, 1, 1, 1, 1, 1]}}, {"type": "Feature", "geometry": {"type": "Point", "coordinates": [3.73888, 42.690102]}, "properties": {"var_data": [0.087, -0.069, 0.02, 0.039, 0.736, -0.0, 1, 1, 1, 1, 1]}}, {"type": "Feature", "geometry": {"type": "Point", "coordinates": [3.77422, 42.690102]}, "properties": {"var_data": [0.086, 0.228, 0.019, 0.155, 1.021, 0.0, 1, 1, 1, 1, 1]}}, {"type": "Feature", "geometry": {"type": "Point", "coordinates": [3.80956, 42.690102]}, "properties": {"var_data": [0.086, 0.233, 0.012, 0.124, 1.009, 0.001, 1, 1, 1, 1, 1]}}, {"type": "Feature", "geometry": {"type": "Point", "coordinates": [3.88024, 42.690102]}, "properties": {"var_data": [0.091, -0.7, 0.003, 0.012, 1.247, -0.0, 1, 0, 1, 1, 1]}}, {"type": "Feature", "geometry": {"type": "Point", "coordinates": [3.91558, 42.690102]}, "properties": {"var_data": [0.082, -0.697, 0.007, 0.016, 1.313, -0.0, 1, 0, 1, 1, 1]}}, {"type": "Feature", "geometry": {"type": "Point", "coordinates": [3.95092, 42.690102]}, "properties": {"var_data": [0.085, -0.702, 0.006, 0.015, 1.289, -0.0, 1, 0, 1, 1, 1]}}, {"type": "Feature", "geometry": {"type": "Point", "coordinates": [4.0216, 42.690102]}, "properties": {"var_data": [0.121, 0.404, 0.027, 0.526, 1.765, 0.002, 1, 1, 1, 1, 1]}}, {"type": "Feature", "geometry": {"type": "Point", "coordinates": [4.05694, 42.690102]}, "properties": {"var_data": [0.166, 0.221, 0.031, 0.213, 1.674, -0.001, 1, 1, 1, 1, 1]}}, {"type": "Feature", "geometry": {"type": "Point", "coordinates": [4.09228, 42.690102]}, "properties": {"var_data": [0.076, 0.375, 0.056, 0.227, 1.672, -0.005, 1, 1, 1, 1, 1]}}, {"type": "Feature", "geometry": {"type": "Point", "coordinates": [4.12762, 42.690102]}, "properties": {"var_data": [-0.036, 0.564, 0.064, 0.233, 2.155, -0.006, 4, 1, 4, 1, 1]}}, {"type": "Feature", "geometry": {"type": "Point", "coordinates": [4.16296, 42.690102]}, "properties": {"var_data": [-0.037, 0.459, 0.064, 0.249, 2.362, -0.006, 4, 1, 4, 4, 1]}}, {"type": "Feature", "geometry": {"type": "Point", "coordinates": [3.06742, 42.717098]}, "properties": {"var_data": [0.014, 0.216, 0.004, 0.006, 0.175, 0.0, 1, 1, 1, 1, 1]}}, {"type": "Feature", "geometry": {"type": "Point", "coordinates": [3.10276, 42.717098]}, "properties": {"var_data": [0.003, 0.147, 0.005, 0.006, 0.182, 0.0, 1, 1, 1, 1, 1]}}, {"type": "Feature", "geometry": {"type": "Point", "coordinates": [3.1381, 42.717098]}, "properties": {"var_data": [-0.022, 0.076, 0.005, 0.007, 0.201, 0.0, 1, 1, 1, 1, 1]}}, {"type": "Feature", "geometry": {"type": "Point", "coordinates": [3.17344, 42.717098]}, "properties": {"var_data": [-0.062, 0.059, 0.007, 0.012, 0.218, -0.0, 1, 1, 1, 1, 1]}}, {"type": "Feature", "geometry": {"type": "Point", "coordinates": [3.20878, 42.717098]}, "properties": {"var_data": [-0.095, 0.046, 0.01, 0.009, 0.22, 0.0, 1, 1, 1, 1, 1]}}, {"type": "Feature", "geometry": {"type": "Point", "coordinates": [3.24412, 42.717098]}, "properties": {"var_data": [-0.123, 0.02, 0.009, 0.007, 0.229, -0.0, 1, 1, 1, 1, 1]}}, {"type": "Feature", "geometry": {"type": "Point", "coordinates": [3.27946, 42.717098]}, "properties": {"var_data": [-0.151, 0.027, 0.009, 0.006, 0.24, -0.0, 1, 1, 1, 1, 1]}}, {"type": "Feature", "geometry": {"type": "Point", "coordinates": [3.3148, 42.717098]}, "properties": {"var_data": [-0.179, 0.017, 0.008, 0.007, 0.262, -0.0, 1, 1, 1, 1, 1]}}, {"type": "Feature", "geometry": {"type": "Point", "coordinates": [3.35014, 42.717098]}, "properties": {"var_data": [-0.21, 0.015, 0.008, 0.008, 0.327, -0.0, 1, 1, 1, 1, 1]}}, {"type": "Feature", "geometry": {"type": "Point", "coordinates": [3.38548, 42.717098]}, "properties": {"var_data": [-0.215, 0.022, 0.008, 0.012, 0.4, -0.0, 1, 1, 1, 1, 1]}}, {"type": "Feature", "geometry": {"type": "Point", "coordinates": [3.42082, 42.717098]}, "properties": {"var_data": [-0.193, -0.115, 0.01, 0.013, 0.74, -0.0, 1, 1, 1, 1, 1]}}, {"type": "Feature", "geometry": {"type": "Point", "coordinates": [3.45616, 42.717098]}, "properties": {"var_data": [-0.161, -0.131, 0.014, 0.013, 0.751, -0.0, 1, 1, 1, 1, 1]}}, {"type": "Feature", "geometry": {"type": "Point", "coordinates": [3.63286, 42.717098]}, "properties": {"var_data": [0.034, -0.269, 0.014, 0.039, 0.988, -0.0, 1, 0, 1, 1, 1]}}, {"type": "Feature", "geometry": {"type": "Point", "coordinates": [3.6682, 42.717098]}, "properties": {"var_data": [0.065, -0.286, 0.017, 0.04, 0.995, -0.0, 1, 0, 1, 1, 1]}}, {"type": "Feature", "geometry": {"type": "Point", "coordinates": [3.70354, 42.717098]}, "properties": {"var_data": [0.085, -0.058, 0.017, 0.039, 0.78, -0.0, 1, 1, 1, 1, 1]}}, {"type": "Feature", "geometry": {"type": "Point", "coordinates": [3.73888, 42.717098]}, "properties": {"var_data": [0.088, 0.224, 0.016, 0.154, 1.079, -0.001, 1, 1, 1, 1, 1]}}, {"type": "Feature", "geometry": {"type": "Point", "coordinates": [3.77422, 42.717098]}, "properties": {"var_data": [0.108, 0.205, 0.016, 0.154, 1.079, -0.001, 1, 1, 1, 1, 1]}}, {"type": "Feature", "geometry": {"type": "Point", "coordinates": [4.05694, 42.717098]}, "properties": {"var_data": [0.146, 0.252, 0.029, 0.21, 1.545, -0.001, 1, 1, 1, 1, 1]}}, {"type": "Feature", "geometry": {"type": "Point", "coordinates": [4.09228, 42.717098]}, "properties": {"var_data": [0.186, 0.079, 0.116, 0.298, 2.368, -0.022, 4, 1, 4, 4, 1]}}, {"type": "Feature", "geometry": {"type": "Point", "coordinates": [4.12762, 42.717098]}, "properties": {"var_data": [-0.037, 0.459, 0.064, 0.249, 2.362, -0.006, 4, 1, 4, 4, 1]}}, {"type": "Feature", "geometry": {"type": "Point", "coordinates": [3.06742, 42.744099]}, "properties": {"var_data": [0.048, 0.247, 0.006, 0.005, 0.208, -0.0, 1, 1, 1, 1, 1]}}, {"type": "Feature", "geometry": {"type": "Point", "coordinates": [3.10276, 42.744099]}, "properties": {"var_data": [0.06, 0.175, 0.005, 0.006, 0.201, -0.0, 1, 1, 1, 1, 1]}}, {"type": "Feature", "geometry": {"type": "Point", "coordinates": [3.1381, 42.744099]}, "properties": {"var_data": [0.049, 0.089, 0.006, 0.006, 0.219, -0.0, 1, 1, 1, 1, 1]}}, {"type": "Feature", "geometry": {"type": "Point", "coordinates": [3.17344, 42.744099]}, "properties": {"var_data": [0.023, 0.059, 0.01, 0.007, 0.218, 0.0, 1, 1, 1, 1, 1]}}, {"type": "Feature", "geometry": {"type": "Point", "coordinates": [3.20878, 42.744099]}, "properties": {"var_data": [-0.026, 0.061, 0.012, 0.009, 0.223, -0.0, 1, 1, 1, 1, 1]}}, {"type": "Feature", "geometry": {"type": "Point", "coordinates": [3.24412, 42.744099]}, "properties": {"var_data": [-0.058, 0.051, 0.011, 0.009, 0.249, -0.0, 1, 1, 1, 1, 1]}}, {"type": "Feature", "geometry": {"type": "Point", "coordinates": [3.27946, 42.744099]}, "properties": {"var_data": [-0.105, 0.08, 0.009, 0.006, 0.244, -0.0, 1, 1, 1, 1, 1]}}, {"type": "Feature", "geometry": {"type": "Point", "coordinates": [3.3148, 42.744099]}, "properties": {"var_data": [-0.153, 0.097, 0.007, 0.007, 0.281, -0.0, 1, 1, 1, 1, 1]}}, {"type": "Feature", "geometry": {"type": "Point", "coordinates": [3.35014, 42.744099]}, "properties": {"var_data": [-0.206, 0.158, 0.008, 0.008, 0.372, -0.0, 1, 1, 1, 1, 1]}}, {"type": "Feature", "geometry": {"type": "Point", "coordinates": [3.38548, 42.744099]}, "properties": {"var_data": [-0.249, 0.108, 0.009, 0.01, 0.454, -0.0, 1, 1, 1, 1, 1]}}, {"type": "Feature", "geometry": {"type": "Point", "coordinates": [3.52684, 42.744099]}, "properties": {"var_data": [-0.1, -0.26, 0.012, 0.043, 0.826, -0.0, 1, 1, 1, 1, 1]}}, {"type": "Feature", "geometry": {"type": "Point", "coordinates": [3.56218, 42.744099]}, "properties": {"var_data": [-0.059, -0.293, 0.011, 0.019, 0.62, -0.0, 1, 1, 1, 1, 1]}}, {"type": "Feature", "geometry": {"type": "Point", "coordinates": [3.59752, 42.744099]}, "properties": {"var_data": [-0.017, -0.299, 0.012, 0.043, 0.831, -0.0, 1, 1, 1, 1, 1]}}, {"type": "Feature", "geometry": {"type": "Point", "coordinates": [3.06742, 42.771099]}, "properties": {"var_data": [0.137, 0.224, 0.008, 0.005, 0.255, -0.0, 1, 1, 1, 1, 1]}}, {"type": "Feature", "geometry": {"type": "Point", "coordinates": [3.10276, 42.771099]}, "properties": {"var_data": [0.118, 0.194, 0.008, 0.006, 0.226, -0.0, 1, 1, 1, 1, 1]}}, {"type": "Feature", "geometry": {"type": "Point", "coordinates": [3.1381, 42.771099]}, "properties": {"var_data": [0.084, 0.158, 0.009, 0.007, 0.241, -0.0, 1, 1, 1, 1, 1]}}, {"type": "Feature", "geometry": {"type": "Point", "coordinates": [3.17344, 42.771099]}, "properties": {"var_data": [0.06, 0.106, 0.011, 0.007, 0.233, 0.0, 1, 1, 1, 1, 1]}}, {"type": "Feature", "geometry": {"type": "Point", "coordinates": [3.20878, 42.771099]}, "properties": {"var_data": [0.04, 0.091, 0.013, 0.014, 0.24, -0.0, 1, 1, 1, 1, 1]}}, {"type": "Feature", "geometry": {"type": "Point", "coordinates": [3.24412, 42.771099]}, "properties": {"var_data": [0.01, 0.066, 0.013, 0.012, 0.264, -0.0, 1, 1, 1, 1, 1]}}, {"type": "Feature", "geometry": {"type": "Point", "coordinates": [3.27946, 42.771099]}, "properties": {"var_data": [-0.037, 0.081, 0.014, 0.008, 0.269, -0.0, 1, 1, 1, 1, 1]}}, {"type": "Feature", "geometry": {"type": "Point", "coordinates": [3.3148, 42.771099]}, "properties": {"var_data": [-0.123, 0.105, 0.008, 0.008, 0.297, -0.0, 1, 1, 1, 1, 1]}}, {"type": "Feature", "geometry": {"type": "Point", "coordinates": [3.35014, 42.771099]}, "properties": {"var_data": [-0.151, 0.123, 0.01, 0.01, 0.383, -0.0, 1, 1, 1, 1, 1]}}, {"type": "Feature", "geometry": {"type": "Point", "coordinates": [3.38548, 42.771099]}, "properties": {"var_data": [-0.182, -0.036, 0.008, 0.01, 0.396, -0.0, 1, 1, 1, 1, 1]}}, {"type": "Feature", "geometry": {"type": "Point", "coordinates": [3.42082, 42.771099]}, "properties": {"var_data": [-0.18, -0.182, 0.01, 0.024, 0.493, -0.0, 1, 1, 1, 1, 1]}}, {"type": "Feature", "geometry": {"type": "Point", "coordinates": [3.45616, 42.771099]}, "properties": {"var_data": [-0.143, -0.169, 0.013, 0.024, 0.509, -0.0, 1, 1, 1, 1, 1]}}, {"type": "Feature", "geometry": {"type": "Point", "coordinates": [3.4915, 42.771099]}, "properties": {"var_data": [-0.15, -0.199, 0.018, 0.022, 0.469, -0.0, 1, 1, 1, 1, 1]}}, {"type": "Feature", "geometry": {"type": "Point", "coordinates": [3.52684, 42.771099]}, "properties": {"var_data": [-0.11, -0.239, 0.015, 0.019, 0.547, -0.0, 1, 1, 1, 1, 1]}}, {"type": "Feature", "geometry": {"type": "Point", "coordinates": [3.56218, 42.771099]}, "properties": {"var_data": [-0.075, -0.258, 0.013, 0.017, 0.498, -0.0, 1, 1, 1, 1, 1]}}, {"type": "Feature", "geometry": {"type": "Point", "coordinates": [3.59752, 42.771099]}, "properties": {"var_data": [-0.027, -0.32, 0.014, 0.017, 0.513, -0.0, 1, 1, 1, 1, 1]}}, {"type": "Feature", "geometry": {"type": "Point", "coordinates": [3.63286, 42.771099]}, "properties": {"var_data": [0.023, -0.32, 0.016, 0.02, 0.661, -0.0, 1, 1, 1, 1, 1]}}, {"type": "Feature", "geometry": {"type": "Point", "coordinates": [3.06742, 42.7981]}, "properties": {"var_data": [0.192, 0.224, 0.012, 0.005, 0.352, -0.0, 1, 1, 1, 1, 1]}}, {"type": "Feature", "geometry": {"type": "Point", "coordinates": [3.10276, 42.7981]}, "properties": {"var_data": [0.182, 0.18, 0.012, 0.006, 0.304, -0.0, 1, 1, 1, 1, 1]}}, {"type": "Feature", "geometry": {"type": "Point", "coordinates": [3.1381, 42.7981]}, "properties": {"var_data": [0.16, 0.153, 0.013, 0.006, 0.266, 0.0, 1, 1, 1, 1, 1]}}, {"type": "Feature", "geometry": {"type": "Point", "coordinates": [3.17344, 42.7981]}, "properties": {"var_data": [0.093, 0.145, 0.018, 0.016, 0.28, -0.0, 1, 1, 1, 1, 1]}}, {"type": "Feature", "geometry": {"type": "Point", "coordinates": [3.20878, 42.7981]}, "properties": {"var_data": [0.078, 0.102, 0.02, 0.017, 0.26, -0.0, 1, 1, 1, 1, 1]}}, {"type": "Feature", "geometry": {"type": "Point", "coordinates": [3.24412, 42.7981]}, "properties": {"var_data": [0.068, 0.085, 0.015, 0.02, 0.288, -0.0, 1, 1, 1, 1, 1]}}, {"type": "Feature", "geometry": {"type": "Point", "coordinates": [3.27946, 42.7981]}, "properties": {"var_data": [0.048, 0.062, 0.014, 0.01, 0.296, -0.0, 1, 1, 1, 1, 1]}}, {"type": "Feature", "geometry": {"type": "Point", "coordinates": [3.3148, 42.7981]}, "properties": {"var_data": [0.036, 0.032, 0.014, 0.01, 0.328, -0.0, 1, 1, 1, 1, 1]}}, {"type": "Feature", "geometry": {"type": "Point", "coordinates": [3.35014, 42.7981]}, "properties": {"var_data": [-0.035, 0.004, 0.008, 0.01, 0.382, -0.0, 1, 1, 1, 1, 1]}}, {"type": "Feature", "geometry": {"type": "Point", "coordinates": [3.38548, 42.7981]}, "properties": {"var_data": [-0.066, -0.08, 0.01, 0.02, 0.401, -0.0, 1, 1, 1, 1, 1]}}, {"type": "Feature", "geometry": {"type": "Point", "coordinates": [3.42082, 42.7981]}, "properties": {"var_data": [-0.058, -0.188, 0.011, 0.015, 0.425, -0.0, 1, 1, 1, 1, 1]}}, {"type": "Feature", "geometry": {"type": "Point", "coordinates": [3.45616, 42.7981]}, "properties": {"var_data": [-0.078, -0.195, 0.012, 0.016, 0.443, -0.0, 1, 1, 1, 1, 1]}}, {"type": "Feature", "geometry": {"type": "Point", "coordinates": [3.4915, 42.7981]}, "properties": {"var_data": [-0.067, -0.221, 0.019, 0.012, 0.424, -0.0, 1, 1, 1, 1, 1]}}, {"type": "Feature", "geometry": {"type": "Point", "coordinates": [3.52684, 42.7981]}, "properties": {"var_data": [-0.065, -0.264, 0.019, 0.013, 0.443, -0.0, 1, 1, 1, 1, 1]}}, {"type": "Feature", "geometry": {"type": "Point", "coordinates": [3.56218, 42.7981]}, "properties": {"var_data": [-0.038, -0.287, 0.017, 0.012, 0.441, -0.0, 1, 1, 1, 1, 1]}}, {"type": "Feature", "geometry": {"type": "Point", "coordinates": [3.59752, 42.7981]}, "properties": {"var_data": [-0.025, -0.324, 0.02, 0.017, 0.54, -0.0, 1, 1, 1, 1, 1]}}, {"type": "Feature", "geometry": {"type": "Point", "coordinates": [3.63286, 42.7981]}, "properties": {"var_data": [0.036, -0.351, 0.019, 0.017, 0.528, -0.0, 1, 1, 1, 1, 1]}}, {"type": "Feature", "geometry": {"type": "Point", "coordinates": [3.06742, 42.8251]}, "properties": {"var_data": [0.296, 0.147, 0.037, 0.012, 0.479, -0.0, 1, 1, 1, 1, 1]}}, {"type": "Feature", "geometry": {"type": "Point", "coordinates": [3.10276, 42.8251]}, "properties": {"var_data": [0.192, 0.153, 0.019, 0.008, 0.345, -0.0, 1, 1, 1, 1, 1]}}, {"type": "Feature", "geometry": {"type": "Point", "coordinates": [3.1381, 42.8251]}, "properties": {"var_data": [0.146, 0.181, 0.018, 0.009, 0.312, -0.0, 1, 1, 1, 1, 1]}}, {"type": "Feature", "geometry": {"type": "Point", "coordinates": [3.17344, 42.8251]}, "properties": {"var_data": [0.134, 0.151, 0.018, 0.009, 0.313, -0.0, 1, 1, 1, 1, 1]}}, {"type": "Feature", "geometry": {"type": "Point", "coordinates": [3.20878, 42.8251]}, "properties": {"var_data": [0.133, 0.112, 0.026, 0.024, 0.305, -0.0, 1, 1, 1, 1, 1]}}, {"type": "Feature", "geometry": {"type": "Point", "coordinates": [3.24412, 42.8251]}, "properties": {"var_data": [0.126, 0.089, 0.03, 0.03, 0.326, -0.001, 1, 1, 1, 1, 1]}}, {"type": "Feature", "geometry": {"type": "Point", "coordinates": [3.27946, 42.8251]}, "properties": {"var_data": [0.115, 0.079, 0.029, 0.03, 0.328, -0.001, 1, 1, 1, 1, 1]}}, {"type": "Feature", "geometry": {"type": "Point", "coordinates": [3.3148, 42.8251]}, "properties": {"var_data": [0.155, -0.005, 0.031, 0.024, 0.339, -0.0, 1, 1, 1, 1, 1]}}, {"type": "Feature", "geometry": {"type": "Point", "coordinates": [3.35014, 42.8251]}, "properties": {"var_data": [0.095, -0.037, 0.011, 0.008, 0.387, -0.0, 1, 1, 1, 1, 1]}}, {"type": "Feature", "geometry": {"type": "Point", "coordinates": [3.38548, 42.8251]}, "properties": {"var_data": [0.071, -0.131, 0.011, 0.008, 0.375, -0.0, 1, 1, 1, 1, 1]}}, {"type": "Feature", "geometry": {"type": "Point", "coordinates": [3.42082, 42.8251]}, "properties": {"var_data": [0.072, -0.236, 0.01, 0.008, 0.427, -0.0, 1, 1, 1, 1, 1]}}, {"type": "Feature", "geometry": {"type": "Point", "coordinates": [3.45616, 42.8251]}, "properties": {"var_data": [0.042, -0.251, 0.011, 0.011, 0.416, -0.0, 1, 1, 1, 1, 1]}}, {"type": "Feature", "geometry": {"type": "Point", "coordinates": [3.4915, 42.8251]}, "properties": {"var_data": [0.051, -0.262, 0.011, 0.01, 0.443, -0.0, 1, 1, 1, 1, 1]}}, {"type": "Feature", "geometry": {"type": "Point", "coordinates": [3.52684, 42.8251]}, "properties": {"var_data": [0.07, -0.316, 0.018, 0.009, 0.429, -0.0, 1, 1, 1, 1, 1]}}, {"type": "Feature", "geometry": {"type": "Point", "coordinates": [3.56218, 42.8251]}, "properties": {"var_data": [0.005, -0.302, 0.017, 0.009, 0.437, -0.0, 1, 1, 1, 1, 1]}}, {"type": "Feature", "geometry": {"type": "Point", "coordinates": [3.59752, 42.8251]}, "properties": {"var_data": [0.02, -0.342, 0.018, 0.017, 0.541, -0.0, 1, 1, 1, 1, 1]}}, {"type": "Feature", "geometry": {"type": "Point", "coordinates": [3.63286, 42.8251]}, "properties": {"var_data": [0.066, -0.335, 0.018, 0.018, 0.542, -0.0, 1, 1, 1, 1, 1]}}, {"type": "Feature", "geometry": {"type": "Point", "coordinates": [3.6682, 42.8251]}, "properties": {"var_data": [0.127, -0.185, 0.046, 0.165, 1.004, -0.007, 1, 1, 1, 1, 1]}}, {"type": "Feature", "geometry": {"type": "Point", "coordinates": [3.70354, 42.8251]}, "properties": {"var_data": [0.166, -0.194, 0.046, 0.181, 0.994, -0.008, 1, 1, 1, 1, 1]}}, {"type": "Feature", "geometry": {"type": "Point", "coordinates": [3.73888, 42.8251]}, "properties": {"var_data": [0.212, -0.214, 0.045, 0.178, 0.994, -0.008, 1, 1, 1, 1, 1]}}, {"type": "Feature", "geometry": {"type": "Point", "coordinates": [3.06742, 42.8521]}, "properties": {"var_data": [0.279, 0.081, 0.028, 0.007, 0.537, -0.0, 1, 1, 1, 1, 1]}}, {"type": "Feature", "geometry": {"type": "Point", "coordinates": [3.10276, 42.8521]}, "properties": {"var_data": [0.252, 0.083, 0.026, 0.008, 0.427, -0.0, 1, 1, 1, 1, 1]}}, {"type": "Feature", "geometry": {"type": "Point", "coordinates": [3.1381, 42.8521]}, "properties": {"var_data": [0.166, 0.166, 0.023, 0.009, 0.371, 0.0, 1, 1, 1, 1, 1]}}, {"type": "Feature", "geometry": {"type": "Point", "coordinates": [3.17344, 42.8521]}, "properties": {"var_data": [0.207, 0.134, 0.021, 0.009, 0.349, -0.0, 1, 1, 1, 1, 1]}}, {"type": "Feature", "geometry": {"type": "Point", "coordinates": [3.20878, 42.8521]}, "properties": {"var_data": [0.174, 0.133, 0.022, 0.009, 0.359, 0.0, 1, 1, 1, 1, 1]}}, {"type": "Feature", "geometry": {"type": "Point", "coordinates": [3.24412, 42.8521]}, "properties": {"var_data": [0.168, 0.108, 0.043, 0.045, 0.374, -0.002, 1, 1, 1, 1, 1]}}, {"type": "Feature", "geometry": {"type": "Point", "coordinates": [3.27946, 42.8521]}, "properties": {"var_data": [0.187, 0.056, 0.041, 0.042, 0.38, -0.001, 1, 1, 1, 1, 1]}}, {"type": "Feature", "geometry": {"type": "Point", "coordinates": [3.3148, 42.8521]}, "properties": {"var_data": [0.165, 0.056, 0.044, 0.05, 0.391, -0.002, 1, 1, 1, 1, 1]}}, {"type": "Feature", "geometry": {"type": "Point", "coordinates": [3.35014, 42.8521]}, "properties": {"var_data": [0.239, -0.108, 0.034, 0.01, 0.435, -0.0, 1, 1, 1, 1, 1]}}, {"type": "Feature", "geometry": {"type": "Point", "coordinates": [3.38548, 42.8521]}, "properties": {"var_data": [0.158, -0.135, 0.01, 0.008, 0.391, -0.0, 1, 1, 1, 1, 1]}}, {"type": "Feature", "geometry": {"type": "Point", "coordinates": [3.42082, 42.8521]}, "properties": {"var_data": [0.187, -0.256, 0.01, 0.008, 0.431, -0.0, 1, 1, 1, 1, 1]}}, {"type": "Feature", "geometry": {"type": "Point", "coordinates": [3.45616, 42.8521]}, "properties": {"var_data": [0.179, -0.291, 0.01, 0.007, 0.437, -0.0, 1, 1, 1, 1, 1]}}, {"type": "Feature", "geometry": {"type": "Point", "coordinates": [3.4915, 42.8521]}, "properties": {"var_data": [0.159, -0.294, 0.015, 0.008, 0.424, -0.0, 1, 1, 1, 1, 1]}}, {"type": "Feature", "geometry": {"type": "Point", "coordinates": [3.52684, 42.8521]}, "properties": {"var_data": [0.098, -0.303, 0.016, 0.008, 0.454, -0.0, 1, 1, 1, 1, 1]}}, {"type": "Feature", "geometry": {"type": "Point", "coordinates": [3.56218, 42.8521]}, "properties": {"var_data": [0.119, -0.348, 0.017, 0.009, 0.455, -0.0, 1, 1, 1, 1, 1]}}, {"type": "Feature", "geometry": {"type": "Point", "coordinates": [3.59752, 42.8521]}, "properties": {"var_data": [0.107, -0.366, 0.019, 0.01, 0.498, -0.0, 1, 1, 1, 1, 1]}}, {"type": "Feature", "geometry": {"type": "Point", "coordinates": [3.63286, 42.8521]}, "properties": {"var_data": [0.137, -0.383, 0.021, 0.029, 0.618, -0.0, 1, 1, 1, 1, 1]}}, {"type": "Feature", "geometry": {"type": "Point", "coordinates": [3.6682, 42.8521]}, "properties": {"var_data": [0.185, -0.341, 0.03, 0.073, 0.785, -0.002, 1, 1, 1, 1, 1]}}, {"type": "Feature", "geometry": {"type": "Point", "coordinates": [3.70354, 42.8521]}, "properties": {"var_data": [0.17, -0.221, 0.056, 0.188, 1.073, -0.01, 1, 1, 1, 1, 1]}}, {"type": "Feature", "geometry": {"type": "Point", "coordinates": [3.73888, 42.8521]}, "properties": {"var_data": [0.213, -0.245, 0.054, 0.19, 1.075, -0.01, 1, 1, 1, 1, 1]}}, {"type": "Feature", "geometry": {"type": "Point", "coordinates": [3.06742, 42.879101]}, "properties": {"var_data": [0.396, -0.049, 0.088, 0.023, 0.728, -0.002, 1, 1, 1, 1, 1]}}, {"type": "Feature", "geometry": {"type": "Point", "coordinates": [3.10276, 42.879101]}, "properties": {"var_data": [0.425, -0.045, 0.028, 0.007, 0.557, -0.0, 1, 1, 1, 1, 1]}}, {"type": "Feature", "geometry": {"type": "Point", "coordinates": [3.1381, 42.879101]}, "properties": {"var_data": [0.433, -0.005, 0.027, 0.008, 0.48, 0.0, 1, 1, 1, 1, 1]}}, {"type": "Feature", "geometry": {"type": "Point", "coordinates": [3.17344, 42.879101]}, "properties": {"var_data": [0.36, 0.035, 0.027, 0.009, 0.414, 0.0, 1, 1, 1, 1, 1]}}, {"type": "Feature", "geometry": {"type": "Point", "coordinates": [3.20878, 42.879101]}, "properties": {"var_data": [0.331, 0.037, 0.059, 0.044, 0.41, -0.002, 1, 1, 1, 1, 1]}}, {"type": "Feature", "geometry": {"type": "Point", "coordinates": [3.24412, 42.879101]}, "properties": {"var_data": [0.326, 0.023, 0.053, 0.047, 0.379, -0.002, 1, 1, 1, 1, 1]}}, {"type": "Feature", "geometry": {"type": "Point", "coordinates": [3.27946, 42.879101]}, "properties": {"var_data": [0.311, 0.013, 0.056, 0.052, 0.448, -0.002, 1, 1, 1, 1, 1]}}, {"type": "Feature", "geometry": {"type": "Point", "coordinates": [3.3148, 42.879101]}, "properties": {"var_data": [0.316, -0.036, 0.05, 0.048, 0.398, -0.002, 1, 1, 1, 1, 1]}}, {"type": "Feature", "geometry": {"type": "Point", "coordinates": [3.35014, 42.879101]}, "properties": {"var_data": [0.366, -0.186, 0.038, 0.01, 0.424, -0.0, 1, 1, 1, 1, 1]}}, {"type": "Feature", "geometry": {"type": "Point", "coordinates": [3.38548, 42.879101]}, "properties": {"var_data": [0.299, -0.196, 0.019, 0.008, 0.428, -0.0, 1, 1, 1, 1, 1]}}, {"type": "Feature", "geometry": {"type": "Point", "coordinates": [3.42082, 42.879101]}, "properties": {"var_data": [0.293, -0.311, 0.012, 0.008, 0.456, -0.0, 1, 1, 1, 1, 1]}}, {"type": "Feature", "geometry": {"type": "Point", "coordinates": [3.45616, 42.879101]}, "properties": {"var_data": [0.234, -0.292, 0.012, 0.006, 0.455, -0.0, 1, 1, 1, 1, 1]}}, {"type": "Feature", "geometry": {"type": "Point", "coordinates": [3.4915, 42.879101]}, "properties": {"var_data": [0.208, -0.296, 0.015, 0.007, 0.436, -0.0, 1, 1, 1, 1, 1]}}, {"type": "Feature", "geometry": {"type": "Point", "coordinates": [3.52684, 42.879101]}, "properties": {"var_data": [0.205, -0.304, 0.018, 0.008, 0.466, -0.0, 1, 1, 1, 1, 1]}}, {"type": "Feature", "geometry": {"type": "Point", "coordinates": [3.56218, 42.879101]}, "properties": {"var_data": [0.223, -0.37, 0.022, 0.011, 0.557, -0.0, 1, 1, 1, 1, 1]}}, {"type": "Feature", "geometry": {"type": "Point", "coordinates": [3.59752, 42.879101]}, "properties": {"var_data": [0.156, -0.369, 0.019, 0.011, 0.574, -0.0, 1, 1, 1, 1, 1]}}, {"type": "Feature", "geometry": {"type": "Point", "coordinates": [3.63286, 42.879101]}, "properties": {"var_data": [0.169, -0.361, 0.021, 0.033, 0.712, -0.001, 1, 1, 1, 1, 1]}}, {"type": "Feature", "geometry": {"type": "Point", "coordinates": [3.6682, 42.879101]}, "properties": {"var_data": [0.183, -0.341, 0.03, 0.069, 0.804, -0.002, 1, 1, 1, 1, 1]}}, {"type": "Feature", "geometry": {"type": "Point", "coordinates": [3.70354, 42.879101]}, "properties": {"var_data": [0.189, -0.236, 0.058, 0.185, 1.097, -0.01, 1, 1, 1, 1, 1]}}, {"type": "Feature", "geometry": {"type": "Point", "coordinates": [3.73888, 42.879101]}, "properties": {"var_data": [0.213, -0.249, 0.056, 0.187, 1.079, -0.01, 1, 1, 1, 1, 1]}}, {"type": "Feature", "geometry": {"type": "Point", "coordinates": [3.06742, 42.906101]}, "properties": {"var_data": [0.317, -0.126, 0.06, 0.013, 0.842, -0.0, 1, 1, 1, 1, 1]}}, {"type": "Feature", "geometry": {"type": "Point", "coordinates": [3.10276, 42.906101]}, "properties": {"var_data": [0.624, -0.169, 0.052, 0.013, 0.748, -0.0, 1, 1, 1, 1, 1]}}, {"type": "Feature", "geometry": {"type": "Point", "coordinates": [3.1381, 42.906101]}, "properties": {"var_data": [0.555, -0.131, 0.046, 0.016, 0.521, -0.0, 1, 1, 1, 1, 1]}}, {"type": "Feature", "geometry": {"type": "Point", "coordinates": [3.17344, 42.906101]}, "properties": {"var_data": [0.55, -0.13, 0.04, 0.018, 0.454, -0.0, 1, 1, 1, 1, 1]}}, {"type": "Feature", "geometry": {"type": "Point", "coordinates": [3.20878, 42.906101]}, "properties": {"var_data": [0.467, -0.09, 0.062, 0.041, 0.43, -0.002, 1, 1, 1, 1, 1]}}, {"type": "Feature", "geometry": {"type": "Point", "coordinates": [3.24412, 42.906101]}, "properties": {"var_data": [0.5, -0.094, 0.056, 0.044, 0.421, -0.002, 1, 1, 1, 1, 1]}}, {"type": "Feature", "geometry": {"type": "Point", "coordinates": [3.27946, 42.906101]}, "properties": {"var_data": [0.51, -0.12, 0.054, 0.045, 0.455, -0.002, 1, 1, 1, 1, 1]}}, {"type": "Feature", "geometry": {"type": "Point", "coordinates": [3.3148, 42.906101]}, "properties": {"var_data": [0.493, -0.133, 0.042, 0.033, 0.429, -0.001, 1, 1, 1, 1, 1]}}, {"type": "Feature", "geometry": {"type": "Point", "coordinates": [3.35014, 42.906101]}, "properties": {"var_data": [0.487, -0.26, 0.035, 0.009, 0.45, -0.0, 1, 1, 1, 1, 1]}}, {"type": "Feature", "geometry": {"type": "Point", "coordinates": [3.38548, 42.906101]}, "properties": {"var_data": [0.437, -0.325, 0.014, 0.008, 0.44, -0.0, 1, 1, 1, 1, 1]}}, {"type": "Feature", "geometry": {"type": "Point", "coordinates": [3.42082, 42.906101]}, "properties": {"var_data": [0.409, -0.332, 0.014, 0.007, 0.461, -0.0, 1, 1, 1, 1, 1]}}, {"type": "Feature", "geometry": {"type": "Point", "coordinates": [3.45616, 42.906101]}, "properties": {"var_data": [0.292, -0.313, 0.013, 0.008, 0.455, -0.0, 1, 1, 1, 1, 1]}}, {"type": "Feature", "geometry": {"type": "Point", "coordinates": [3.4915, 42.906101]}, "properties": {"var_data": [0.284, -0.287, 0.015, 0.008, 0.534, -0.0, 1, 1, 1, 1, 1]}}, {"type": "Feature", "geometry": {"type": "Point", "coordinates": [3.52684, 42.906101]}, "properties": {"var_data": [0.278, -0.304, 0.026, 0.01, 0.527, -0.0, 1, 1, 1, 1, 1]}}, {"type": "Feature", "geometry": {"type": "Point", "coordinates": [3.56218, 42.906101]}, "properties": {"var_data": [0.238, -0.356, 0.02, 0.011, 0.65, -0.0, 1, 1, 1, 1, 1]}}, {"type": "Feature", "geometry": {"type": "Point", "coordinates": [3.59752, 42.906101]}, "properties": {"var_data": [0.162, -0.316, 0.038, 0.076, 0.822, -0.003, 1, 1, 1, 1, 1]}}, {"type": "Feature", "geometry": {"type": "Point", "coordinates": [3.63286, 42.906101]}, "properties": {"var_data": [0.249, -0.473, 0.039, 0.081, 1.102, -0.003, 1, 1, 1, 1, 1]}}, {"type": "Feature", "geometry": {"type": "Point", "coordinates": [3.6682, 42.906101]}, "properties": {"var_data": [0.164, -0.328, 0.038, 0.078, 0.863, -0.003, 1, 1, 1, 1, 1]}}, {"type": "Feature", "geometry": {"type": "Point", "coordinates": [3.70354, 42.906101]}, "properties": {"var_data": [0.1, -0.182, 0.083, 0.185, 1.182, -0.015, 1, 1, 1, 1, 1]}}, {"type": "Feature", "geometry": {"type": "Point", "coordinates": [3.06742, 42.933102]}, "properties": {"var_data": [0.686, -0.33, 0.063, 0.013, 1.131, -0.0, 4, 4, 1, 1, 1]}}, {"type": "Feature", "geometry": {"type": "Point", "coordinates": [3.10276, 42.933102]}, "properties": {"var_data": [0.665, -0.289, 0.059, 0.014, 0.806, -0.0, 1, 1, 1, 1, 1]}}, {"type": "Feature", "geometry": {"type": "Point", "coordinates": [3.1381, 42.933102]}, "properties": {"var_data": [0.523, -0.213, 0.049, 0.016, 0.535, -0.0, 1, 1, 1, 1, 1]}}, {"type": "Feature", "geometry": {"type": "Point", "coordinates": [3.17344, 42.933102]}, "properties": {"var_data": [0.487, -0.164, 0.041, 0.017, 0.482, -0.0, 1, 1, 1, 1, 1]}}, {"type": "Feature", "geometry": {"type": "Point", "coordinates": [3.20878, 42.933102]}, "properties": {"var_data": [0.541, -0.177, 0.073, 0.045, 0.479, -0.003, 1, 1, 1, 1, 1]}}, {"type": "Feature", "geometry": {"type": "Point", "coordinates": [3.24412, 42.933102]}, "properties": {"var_data": [0.601, -0.182, 0.067, 0.047, 0.448, -0.003, 1, 1, 1, 1, 1]}}, {"type": "Feature", "geometry": {"type": "Point", "coordinates": [3.27946, 42.933102]}, "properties": {"var_data": [0.694, -0.234, 0.048, 0.032, 0.48, -0.001, 1, 1, 1, 1, 1]}}, {"type": "Feature", "geometry": {"type": "Point", "coordinates": [3.3148, 42.933102]}, "properties": {"var_data": [0.718, -0.303, 0.044, 0.03, 0.496, -0.001, 1, 1, 1, 1, 1]}}, {"type": "Feature", "geometry": {"type": "Point", "coordinates": [3.35014, 42.933102]}, "properties": {"var_data": [0.65, -0.324, 0.034, 0.016, 0.456, -0.0, 1, 1, 1, 1, 1]}}, {"type": "Feature", "geometry": {"type": "Point", "coordinates": [3.38548, 42.933102]}, "properties": {"var_data": [0.546, -0.328, 0.019, 0.015, 0.457, -0.0, 1, 1, 1, 1, 1]}}, {"type": "Feature", "geometry": {"type": "Point", "coordinates": [3.42082, 42.933102]}, "properties": {"var_data": [0.451, -0.339, 0.014, 0.009, 0.503, -0.0, 1, 1, 1, 1, 1]}}, {"type": "Feature", "geometry": {"type": "Point", "coordinates": [3.45616, 42.933102]}, "properties": {"var_data": [0.398, -0.336, 0.014, 0.009, 0.487, -0.0, 1, 1, 1, 1, 1]}}, {"type": "Feature", "geometry": {"type": "Point", "coordinates": [3.4915, 42.933102]}, "properties": {"var_data": [0.364, -0.292, 0.018, 0.01, 0.639, -0.0, 1, 0, 1, 1, 1]}}, {"type": "Feature", "geometry": {"type": "Point", "coordinates": [3.52684, 42.933102]}, "properties": {"var_data": [0.275, -0.266, 0.023, 0.011, 0.63, -0.0, 1, 1, 1, 1, 1]}}, {"type": "Feature", "geometry": {"type": "Point", "coordinates": [3.56218, 42.933102]}, "properties": {"var_data": [0.206, -0.223, 0.039, 0.067, 0.8, -0.002, 1, 1, 1, 1, 1]}}, {"type": "Feature", "geometry": {"type": "Point", "coordinates": [3.59752, 42.933102]}, "properties": {"var_data": [0.172, -0.238, 0.097, 0.199, 1.105, -0.019, 1, 1, 1, 1, 1]}}, {"type": "Feature", "geometry": {"type": "Point", "coordinates": [3.63286, 42.933102]}, "properties": {"var_data": [0.248, -0.474, 0.042, 0.082, 1.204, -0.003, 1, 1, 1, 1, 1]}}, {"type": "Feature", "geometry": {"type": "Point", "coordinates": [3.06742, 42.960098]}, "properties": {"var_data": [0.501, -0.314, 0.062, 0.012, 1.04, -0.001, 1, 1, 1, 1, 1]}}, {"type": "Feature", "geometry": {"type": "Point", "coordinates": [3.10276, 42.960098]}, "properties": {"var_data": [0.481, -0.324, 0.053, 0.012, 0.859, -0.0, 1, 1, 1, 1, 1]}}, {"type": "Feature", "geometry": {"type": "Point", "coordinates": [3.1381, 42.960098]}, "properties": {"var_data": [0.278, -0.246, 0.05, 0.015, 0.602, -0.0, 1, 1, 1, 1, 1]}}, {"type": "Feature", "geometry": {"type": "Point", "coordinates": [3.17344, 42.960098]}, "properties": {"var_data": [0.423, -0.247, 0.042, 0.015, 0.527, -0.0, 1, 1, 1, 1, 1]}}, {"type": "Feature", "geometry": {"type": "Point", "coordinates": [3.20878, 42.960098]}, "properties": {"var_data": [0.469, -0.207, 0.058, 0.029, 0.497, -0.001, 1, 0, 1, 1, 1]}}, {"type": "Feature", "geometry": {"type": "Point", "coordinates": [3.24412, 42.960098]}, "properties": {"var_data": [0.607, -0.223, 0.036, 0.007, 0.484, -0.0, 1, 1, 1, 1, 1]}}, {"type": "Feature", "geometry": {"type": "Point", "coordinates": [3.27946, 42.960098]}, "properties": {"var_data": [0.789, -0.299, 0.016, 0.007, 0.508, -0.0, 1, 1, 1, 1, 1]}}, {"type": "Feature", "geometry": {"type": "Point", "coordinates": [3.3148, 42.960098]}, "properties": {"var_data": [0.73, -0.267, 0.016, 0.004, 0.479, -0.0, 1, 1, 1, 1, 1]}}, {"type": "Feature", "geometry": {"type": "Point", "coordinates": [3.35014, 42.960098]}, "properties": {"var_data": [0.687, -0.312, 0.014, 0.004, 0.529, -0.0, 1, 1, 1, 1, 1]}}, {"type": "Feature", "geometry": {"type": "Point", "coordinates": [3.38548, 42.960098]}, "properties": {"var_data": [0.558, -0.335, 0.012, 0.004, 0.497, -0.0, 1, 1, 1, 1, 1]}}, {"type": "Feature", "geometry": {"type": "Point", "coordinates": [3.42082, 42.960098]}, "properties": {"var_data": [0.563, -0.421, 0.017, 0.017, 0.694, -0.0, 1, 1, 1, 1, 1]}}, {"type": "Feature", "geometry": {"type": "Point", "coordinates": [3.45616, 42.960098]}, "properties": {"var_data": [0.496, -0.358, 0.011, 0.01, 0.671, -0.0, 1, 1, 1, 1, 1]}}, {"type": "Feature", "geometry": {"type": "Point", "coordinates": [3.4915, 42.960098]}, "properties": {"var_data": [0.412, -0.283, 0.019, 0.011, 0.858, -0.0, 1, 0, 1, 1, 1]}}, {"type": "Feature", "geometry": {"type": "Point", "coordinates": [3.52684, 42.960098]}, "properties": {"var_data": [0.27, -0.192, 0.054, 0.074, 1.102, -0.004, 1, 0, 1, 1, 1]}}, {"type": "Feature", "geometry": {"type": "Point", "coordinates": [3.10276, 42.987099]}, "properties": {"var_data": [0.37, -0.318, 0.132, 0.029, 1.079, -0.004, 1, 1, 1, 1, 1]}}, {"type": "Feature", "geometry": {"type": "Point", "coordinates": [3.1381, 42.987099]}, "properties": {"var_data": [0.195, -0.241, 0.082, 0.019, 0.716, -0.001, 1, 1, 1, 1, 1]}}, {"type": "Feature", "geometry": {"type": "Point", "coordinates": [3.17344, 42.987099]}, "properties": {"var_data": [0.191, -0.223, 0.074, 0.029, 0.608, -0.002, 1, 0, 1, 1, 1]}}, {"type": "Feature", "geometry": {"type": "Point", "coordinates": [3.20878, 42.987099]}, "properties": {"var_data": [0.373, -0.192, 0.039, 0.007, 0.557, -0.0, 1, 0, 1, 1, 1]}}, {"type": "Feature", "geometry": {"type": "Point", "coordinates": [3.24412, 42.987099]}, "properties": {"var_data": [0.57, -0.192, 0.038, 0.007, 0.534, -0.0, 1, 0, 1, 1, 1]}}, {"type": "Feature", "geometry": {"type": "Point", "coordinates": [3.27946, 42.987099]}, "properties": {"var_data": [0.762, -0.251, 0.015, 0.004, 0.576, -0.0, 1, 1, 1, 1, 1]}}, {"type": "Feature", "geometry": {"type": "Point", "coordinates": [3.3148, 42.987099]}, "properties": {"var_data": [0.758, -0.264, 0.014, 0.004, 0.535, -0.0, 1, 1, 1, 1, 1]}}, {"type": "Feature", "geometry": {"type": "Point", "coordinates": [3.35014, 42.987099]}, "properties": {"var_data": [0.648, -0.271, 0.015, 0.004, 0.63, -0.0, 1, 1, 1, 1, 1]}}, {"type": "Feature", "geometry": {"type": "Point", "coordinates": [3.38548, 42.987099]}, "properties": {"var_data": [0.537, -0.293, 0.006, 0.004, 0.561, -0.0, 1, 1, 1, 1, 1]}}, {"type": "Feature", "geometry": {"type": "Point", "coordinates": [3.42082, 42.987099]}, "properties": {"var_data": [0.621, -0.418, 0.08, 0.08, 1.178, -0.006, 1, 1, 1, 1, 1]}}, {"type": "Feature", "geometry": {"type": "Point", "coordinates": [3.10276, 43.014099]}, "properties": {"var_data": [0.372, -0.323, 0.146, 0.031, 1.166, -0.004, 1, 0, 1, 1, 1]}}, {"type": "Feature", "geometry": {"type": "Point", "coordinates": [3.1381, 43.014099]}, "properties": {"var_data": [0.215, -0.24, 0.081, 0.019, 0.778, -0.001, 1, 0, 1, 1, 1]}}, {"type": "Feature", "geometry": {"type": "Point", "coordinates": [3.17344, 43.014099]}, "properties": {"var_data": [0.211, -0.173, 0.074, 0.031, 0.814, -0.002, 1, 0, 1, 1, 1]}}, {"type": "Feature", "geometry": {"type": "Point", "coordinates": [3.20878, 43.014099]}, "properties": {"var_data": [0.379, -0.177, 0.037, 0.007, 0.671, -0.0, 1, 0, 1, 1, 1]}}, {"type": "Feature", "geometry": {"type": "Point", "coordinates": [3.24412, 43.014099]}, "properties": {"var_data": [0.615, -0.188, 0.032, 0.007, 0.626, -0.0, 1, 0, 1, 1, 1]}}, {"type": "Feature", "geometry": {"type": "Point", "coordinates": [3.27946, 43.014099]}, "properties": {"var_data": [0.777, -0.228, 0.015, 0.004, 0.637, -0.0, 1, 0, 1, 1, 1]}}, {"type": "Feature", "geometry": {"type": "Point", "coordinates": [3.3148, 43.014099]}, "properties": {"var_data": [0.739, -0.232, 0.014, 0.004, 0.605, -0.0, 1, 1, 1, 1, 1]}}, {"type": "Feature", "geometry": {"type": "Point", "coordinates": [3.35014, 43.014099]}, "properties": {"var_data": [0.563, -0.211, 0.006, 0.004, 0.652, -0.0, 1, 1, 1, 1, 1]}}, {"type": "Feature", "geometry": {"type": "Point", "coordinates": [3.38548, 43.014099]}, "properties": {"var_data": [0.576, -0.266, 0.006, 0.004, 0.774, -0.0, 1, 1, 1, 1, 1]}}, {"type": "Feature", "geometry": {"type": "Point", "coordinates": [3.42082, 43.014099]}, "properties": {"var_data": [0.452, -0.233, 0.067, 0.067, 1.087, -0.004, 1, 1, 1, 1, 1]}}, {"type": "Feature", "geometry": {"type": "Point", "coordinates": [3.1381, 43.0411]}, "properties": {"var_data": [0.252, -0.228, 0.115, 0.025, 1.058, -0.003, 1, 0, 1, 1, 1]}}, {"type": "Feature", "geometry": {"type": "Point", "coordinates": [3.17344, 43.0411]}, "properties": {"var_data": [0.401, -0.187, 0.086, 0.033, 1.061, -0.002, 1, 0, 1, 1, 1]}}, {"type": "Feature", "geometry": {"type": "Point", "coordinates": [3.20878, 43.0411]}, "properties": {"var_data": [0.662, -0.189, 0.041, 0.007, 0.786, -0.0, 1, 0, 1, 1, 1]}}, {"type": "Feature", "geometry": {"type": "Point", "coordinates": [3.24412, 43.0411]}, "properties": {"var_data": [0.725, -0.185, 0.036, 0.007, 0.813, -0.0, 1, 0, 1, 1, 1]}}, {"type": "Feature", "geometry": {"type": "Point", "coordinates": [3.27946, 43.0411]}, "properties": {"var_data": [0.839, -0.217, 0.016, 0.007, 0.806, -0.0, 1, 0, 1, 1, 1]}}, {"type": "Feature", "geometry": {"type": "Point", "coordinates": [3.3148, 43.0411]}, "properties": {"var_data": [0.684, -0.19, 0.01, 0.004, 0.715, -0.0, 1, 0, 1, 1, 1]}}, {"type": "Feature", "geometry": {"type": "Point", "coordinates": [3.35014, 43.0411]}, "properties": {"var_data": [0.593, -0.176, 0.015, 0.004, 0.89, -0.0, 1, 0, 1, 1, 1]}}, {"type": "Feature", "geometry": {"type": "Point", "coordinates": [3.38548, 43.0411]}, "properties": {"var_data": [0.329, -0.082, 0.036, 0.036, 0.918, -0.001, 1, 1, 1, 1, 1]}}, {"type": "Feature", "geometry": {"type": "Point", "coordinates": [3.17344, 43.0681]}, "properties": {"var_data": [0.549, -0.144, 0.166, 0.068, 1.628, -0.011, 1, 0, 1, 1, 1]}}, {"type": "Feature", "geometry": {"type": "Point", "coordinates": [3.20878, 43.0681]}, "properties": {"var_data": [0.696, -0.125, 0.069, 0.027, 1.172, -0.002, 1, 0, 1, 1, 1]}}, {"type": "Feature", "geometry": {"type": "Point", "coordinates": [3.24412, 43.0681]}, "properties": {"var_data": [0.801, -0.137, 0.049, 0.027, 1.502, -0.001, 1, 1, 1, 1, 1]}}, {"type": "Feature", "geometry": {"type": "Point", "coordinates": [3.27946, 43.0681]}, "properties": {"var_data": [0.578, -0.037, 0.043, 0.024, 1.099, -0.001, 1, 1, 1, 1, 1]}}, {"type": "Feature", "geometry": {"type": "Point", "coordinates": [3.3148, 43.0681]}, "properties": {"var_data": [0.621, -0.109, 0.042, 0.024, 0.95, -0.001, 1, 0, 1, 1, 1]}}, {"type": "Feature", "geometry": {"type": "Point", "coordinates": [3.35014, 43.0681]}, "properties": {"var_data": [0.437, -0.076, 0.056, 0.034, 1.045, -0.002, 1, 0, 1, 1, 1]}}, {"type": "Feature", "geometry": {"type": "Point", "coordinates": [3.38548, 43.0681]}, "properties": {"var_data": [0.321, -0.095, 0.068, 0.04, 1.041, -0.002, 1, 0, 1, 1, 1]}}, {"type": "Feature", "geometry": {"type": "Point", "coordinates": [3.42082, 43.0681]}, "properties": {"var_data": [0.072, 0.043, 0.044, 0.041, 1.217, -0.002, 1, 0, 1, 1, 1]}}, {"type": "Feature", "geometry": {"type": "Point", "coordinates": [3.3148, 43.0951]}, "properties": {"var_data": [0.295, 0.057, 0.074, 0.043, 1.521, -0.003, 1, 1, 1, 1, 1]}}, {"type": "Feature", "geometry": {"type": "Point", "coordinates": [3.35014, 43.0951]}, "properties": {"var_data": [0.219, 0.054, 0.078, 0.045, 1.514, -0.004, 1, 0, 1, 1, 1]}}, {"type": "Feature", "geometry": {"type": "Point", "coordinates": [3.38548, 43.0951]}, "properties": {"var_data": [0.092, 0.053, 0.074, 0.044, 1.352, -0.003, 1, 0, 1, 1, 1]}}], "metadata": {"acknowledgment": "ICATMAR HF Radar Network has been established with the support of the European Maritime and Fisheries Fund, the European Maritime, Fisheries and Aquaculture Fund, the Government of Catalonia and funds from the Interreg POCTEFA AFLE program through the OPALE project (EFA146/03, 2025-2027). The network has been designed, implemented and managed through the efforts of: the Direcci\u00f3 General de Pol\u00edtica Mar\u00edtima i Pesca Sostenible (Government of Catalonia), the Institut de Ci\u00e8ncies del Mar (CSIC, Barcelona), and Centre de Formation et de Recherche sur l'Environnement Marin (CEFREM, Perpignan).", "area": "Mediterranean Sea", "citation": "These data were collected and made freely available by ICATMAR and the programs that contribute to it. Data was collected by the Government of Catalonia and CEFREM (France), and processed by ICATMAR with the support of the European Maritime, Fisheries and Aquaculture Fund (EMFAF) and the Climatic Funds Program of the Government of Catalonia.", "Conventions": "CF-1.10", "date_created": "2026-09-16T16:31:21Z", "date_modified": "2026-09-16T16:31:21Z", "distribution_statement": "These data follow Copernicus standards; they are public and free of charge. User assumes all risk for use of data. User must display citation in any publication or product using data. User must contact ICATMAR prior to any commercial use of data.", "doi": "https://doi.org/10.20350/digitalCSIC/18102", "dataset_version": "v2", "geospatial_lat_min": "39.5851", "geospatial_lat_max": "43.4731", "geospatial_lat_resolution": "0.027", "geospatial_lat_units": "degrees_north", "geospatial_lon_min": "0.06352", "geospatial_lon_max": "4.26898", "geospatial_lon_resolution": "0.03534", "geospatial_lon_units": "degrees_east", "geospatial_vertical_min": "0", "geospatial_vertical_max": "0.75", "geospatial_vertical_units": "m", "history": "2026-09-16T16:31:21Z data collected.2026-09-16T16:31:21Z NetCDF file created", "id": "HFR_ICATMAR_Total_2026-09-16T16:31:21Z", "institution": "Catalan Institute of Research for the Governance of the Sea", "institution_edmo_code": "5801", "L2_source_files": "RDLm_CREU_2026_09_16_1500_l2b.ruv; RDLm_CREU_2026_09_16_1500_l2b.ruv; RDLm_AREN_2026_09_16_1500_l2b.ruv; RDLm_TOSS_2026_09_16_1500_l2b.ruv; RDLm_SCAL_2026_09_16_1500_l2b.ruv; RDLm_CNET_2026_09_16_1500_l2b.ruv", "license": "HF radar sea surface current velocity dataset by ICATMAR is licensed under a Creative Commons Attribution 4.0 International License. You should have received a copy of the license along with this work. If not, see http://creativecommons.org/licenses/by/4.0/.", "processing_level": "3B", "publisher_name": "ICATMAR", "publisher_email": "info@icatmar.cat", "publisher_url": "https://icatmar.cat", "references": "Quir\u00f3s-Collazos, L.; Bueno-Herrero, C.; Mart\u00ednez, J.; Llorach-T\u00f3, G.; Gonz\u00e1lez-Haro, C.; Ribera-Altamir, J.; Ballabrera, J.; Garc\u00eda-Ladona, E.; Isern-Fontanet, J.: Level 3 velocity products from ICATMAR High-Frequency Radar network. 2024, ICATMAR Technical Report, number 3, pp:27. https://doi.org/10.20350/digitalCSIC/17191", "radials_combination_software": "merge_radials version 0.6 release 2026-02-23", "radials_combination_method": "unweighted least squares", "radials_combination_averaging_radius": "6100 m", "radials_combination_distance_method": "haversine version 1.0 release 2023-02-27 as defined in merge_radials 0.6", "radials_combination_grid": "hfradar_totals_grid_icatmar.nc version 2.1 release 2026-03-05", "source": "Surface ocean velocity field from HF-radar", "time_coverage_start": "2026-09-16T14:25:00Z", "time_coverage_end": "2026-09-16T15:40:00Z", "time_coverage_resolution": "PT1H", "title": "Near Real Time Surface Ocean Velocity", "var_names": ["u", "v", "stdu", "stdv", "gdop", "cov", "qcflag", "vart_qc", "gdop_qc", "ddns_qc", "cspd_qc"], "var_lnames": ["Surface Eastward Sea Water Velocity", "Surface Nortward Sea Water Velocity", "Standard Deviation Of Surface Eastward Sea Water Velocity", "Standard Deviation Of Surface Northward Sea Water Velocity", "Geometrical Dilution Of Precision", "Covariance Of Surface Sea Water Velocity", "Overall quality flag", "Variance threshold quality flag", "GDOP threshold quality flag", "Data density threshold quality flag", "Velocity threshold quality flag"], "var_units": ["m s-1", "m s-1", "m s-1", "m s-1", "1", "m2 s-2", "1", "1", "1", "1", "1"], "var_time": "2026-09-16T15:00:00Z"}}