{"type": "FeatureCollection", "features": [{"type": "Feature", "geometry": {"type": "Point", "coordinates": [1.40644, 40.503101]}, "properties": {"var_data": [1.421, -0.567, 0.415, 0.192, 5.194, -0.079, 4, 0, 4, 4, 1]}}, {"type": "Feature", "geometry": {"type": "Point", "coordinates": [1.44178, 40.503101]}, "properties": {"var_data": [1.411, -0.566, 0.398, 0.191, 4.498, -0.076, 4, 0, 4, 4, 1]}}, {"type": "Feature", "geometry": {"type": "Point", "coordinates": [1.5478, 40.503101]}, "properties": {"var_data": [0.584, -0.167, 0.563, 0.059, 3.09, -0.009, 4, 0, 4, 1, 1]}}, {"type": "Feature", "geometry": {"type": "Point", "coordinates": [1.58314, 40.503101]}, "properties": {"var_data": [0.481, -0.207, 0.676, 0.05, 3.602, -0.008, 4, 0, 4, 1, 1]}}, {"type": "Feature", "geometry": {"type": "Point", "coordinates": [1.61848, 40.503101]}, "properties": {"var_data": [0.981, -0.207, 0.576, 0.057, 2.784, -0.011, 4, 0, 4, 1, 1]}}, {"type": "Feature", "geometry": {"type": "Point", "coordinates": [1.65382, 40.503101]}, "properties": {"var_data": [1.355, -0.316, 1.032, 0.2, 3.425, -0.206, 4, 0, 4, 1, 1]}}, {"type": "Feature", "geometry": {"type": "Point", "coordinates": [1.68916, 40.503101]}, "properties": {"var_data": [1.159, -0.108, 0.333, 0.064, 2.35, -0.021, 4, 0, 4, 1, 1]}}, {"type": "Feature", "geometry": {"type": "Point", "coordinates": [1.7245, 40.503101]}, "properties": {"var_data": [1.002, -0.049, 0.316, 0.061, 2.298, -0.019, 4, 0, 4, 1, 1]}}, {"type": "Feature", "geometry": {"type": "Point", "coordinates": [1.3711, 40.530102]}, "properties": {"var_data": [1.421, -0.567, 0.415, 0.192, 5.194, -0.079, 4, 0, 4, 4, 1]}}, {"type": "Feature", "geometry": {"type": "Point", "coordinates": [1.40644, 40.530102]}, "properties": {"var_data": [0.765, -0.234, 0.185, 0.089, 3.352, -0.016, 4, 0, 4, 1, 1]}}, {"type": "Feature", "geometry": {"type": "Point", "coordinates": [1.44178, 40.530102]}, "properties": {"var_data": [0.711, -0.224, 0.185, 0.089, 3.18, -0.016, 4, 0, 4, 1, 1]}}, {"type": "Feature", "geometry": {"type": "Point", "coordinates": [1.47712, 40.530102]}, "properties": {"var_data": [1.399, -0.543, 0.39, 0.188, 4.071, -0.073, 4, 0, 4, 1, 1]}}, {"type": "Feature", "geometry": {"type": "Point", "coordinates": [1.51246, 40.530102]}, "properties": {"var_data": [0.844, -0.163, 0.177, 0.067, 2.442, -0.012, 4, 0, 4, 1, 1]}}, {"type": "Feature", "geometry": {"type": "Point", "coordinates": [1.5478, 40.530102]}, "properties": {"var_data": [0.647, -0.154, 0.118, 0.044, 2.087, -0.005, 4, 0, 4, 1, 1]}}, {"type": "Feature", "geometry": {"type": "Point", "coordinates": [1.58314, 40.530102]}, "properties": {"var_data": [1.002, -0.178, 0.11, 0.042, 1.765, -0.005, 1, 0, 1, 1, 1]}}, {"type": "Feature", "geometry": {"type": "Point", "coordinates": [1.61848, 40.530102]}, "properties": {"var_data": [1.24, -0.176, 0.184, 0.044, 2.171, -0.007, 4, 0, 4, 1, 1]}}, {"type": "Feature", "geometry": {"type": "Point", "coordinates": [1.65382, 40.530102]}, "properties": {"var_data": [1.205, -0.159, 0.262, 0.054, 1.813, -0.014, 1, 0, 1, 1, 1]}}, {"type": "Feature", "geometry": {"type": "Point", "coordinates": [1.68916, 40.530102]}, "properties": {"var_data": [1.367, -0.081, 0.275, 0.053, 1.807, -0.014, 1, 0, 1, 1, 1]}}, {"type": "Feature", "geometry": {"type": "Point", "coordinates": [1.7245, 40.530102]}, "properties": {"var_data": [1.225, -0.027, 0.234, 0.044, 1.714, -0.01, 1, 0, 1, 1, 1]}}, {"type": "Feature", "geometry": {"type": "Point", "coordinates": [1.75984, 40.530102]}, "properties": {"var_data": [1.196, -0.024, 0.136, 0.02, 1.719, -0.003, 1, 0, 1, 1, 1]}}, {"type": "Feature", "geometry": {"type": "Point", "coordinates": [1.22974, 40.557098]}, "properties": {"var_data": [0.439, -0.298, 0.186, 0.132, 4.968, -0.025, 4, 0, 4, 1, 1]}}, {"type": "Feature", "geometry": {"type": "Point", "coordinates": [1.26508, 40.557098]}, "properties": {"var_data": [0.557, -0.431, 0.379, 0.271, 5.004, -0.103, 4, 0, 4, 1, 1]}}, {"type": "Feature", "geometry": {"type": "Point", "coordinates": [1.30042, 40.557098]}, "properties": {"var_data": [0.537, -0.278, 0.45, 0.322, 5.066, -0.145, 4, 0, 4, 4, 1]}}, {"type": "Feature", "geometry": {"type": "Point", "coordinates": [1.33576, 40.557098]}, "properties": {"var_data": [1.131, -0.523, 1.419, 0.831, 7.518, -1.176, 4, 0, 4, 4, 1]}}, {"type": "Feature", "geometry": {"type": "Point", "coordinates": [1.3711, 40.557098]}, "properties": {"var_data": [0.64, -0.208, 0.175, 0.084, 2.982, -0.015, 4, 0, 4, 1, 1]}}, {"type": "Feature", "geometry": {"type": "Point", "coordinates": [1.40644, 40.557098]}, "properties": {"var_data": [0.662, -0.211, 0.175, 0.084, 2.83, -0.015, 4, 0, 4, 1, 1]}}, {"type": "Feature", "geometry": {"type": "Point", "coordinates": [1.44178, 40.557098]}, "properties": {"var_data": [0.571, -0.166, 0.18, 0.086, 2.687, -0.016, 4, 0, 4, 1, 1]}}, {"type": "Feature", "geometry": {"type": "Point", "coordinates": [1.47712, 40.557098]}, "properties": {"var_data": [0.677, -0.191, 0.066, 0.027, 2.985, -0.002, 4, 0, 4, 1, 1]}}, {"type": "Feature", "geometry": {"type": "Point", "coordinates": [1.51246, 40.557098]}, "properties": {"var_data": [0.625, -0.134, 0.131, 0.05, 1.517, -0.006, 1, 0, 1, 1, 1]}}, {"type": "Feature", "geometry": {"type": "Point", "coordinates": [1.5478, 40.557098]}, "properties": {"var_data": [0.8, -0.126, 0.134, 0.051, 1.946, -0.007, 1, 0, 1, 1, 1]}}, {"type": "Feature", "geometry": {"type": "Point", "coordinates": [1.58314, 40.557098]}, "properties": {"var_data": [0.931, -0.119, 0.122, 0.046, 1.673, -0.006, 1, 0, 1, 1, 1]}}, {"type": "Feature", "geometry": {"type": "Point", "coordinates": [1.61848, 40.557098]}, "properties": {"var_data": [1.468, -0.199, 0.179, 0.044, 1.845, -0.007, 1, 0, 1, 1, 1]}}, {"type": "Feature", "geometry": {"type": "Point", "coordinates": [1.65382, 40.557098]}, "properties": {"var_data": [1.208, -0.111, 0.193, 0.039, 1.439, -0.007, 1, 0, 1, 1, 1]}}, {"type": "Feature", "geometry": {"type": "Point", "coordinates": [1.68916, 40.557098]}, "properties": {"var_data": [1.189, -0.063, 0.211, 0.043, 1.306, -0.009, 1, 0, 1, 1, 1]}}, {"type": "Feature", "geometry": {"type": "Point", "coordinates": [1.7245, 40.557098]}, "properties": {"var_data": [1.2, -0.016, 0.13, 0.02, 1.409, -0.002, 1, 0, 1, 1, 1]}}, {"type": "Feature", "geometry": {"type": "Point", "coordinates": [1.75984, 40.557098]}, "properties": {"var_data": [1.175, 0.009, 0.131, 0.02, 1.532, -0.002, 1, 0, 1, 1, 1]}}, {"type": "Feature", "geometry": {"type": "Point", "coordinates": [1.79518, 40.557098]}, "properties": {"var_data": [0.918, 0.11, 0.702, 0.073, 3.086, -0.051, 4, 0, 4, 1, 1]}}, {"type": "Feature", "geometry": {"type": "Point", "coordinates": [1.83052, 40.557098]}, "properties": {"var_data": [0.618, 0.162, 0.092, 0.011, 1.742, -0.001, 1, 0, 1, 1, 1]}}, {"type": "Feature", "geometry": {"type": "Point", "coordinates": [1.86586, 40.557098]}, "properties": {"var_data": [0.656, 0.214, 0.218, 0.068, 2.57, 0.012, 4, 0, 4, 1, 1]}}, {"type": "Feature", "geometry": {"type": "Point", "coordinates": [1.9012, 40.557098]}, "properties": {"var_data": [0.526, 0.164, 0.176, 0.028, 1.82, 0.003, 1, 0, 1, 1, 1]}}, {"type": "Feature", "geometry": {"type": "Point", "coordinates": [1.93654, 40.557098]}, "properties": {"var_data": [0.478, 0.116, 0.188, 0.03, 2.134, 0.004, 4, 0, 4, 1, 1]}}, {"type": "Feature", "geometry": {"type": "Point", "coordinates": [1.97188, 40.557098]}, "properties": {"var_data": [0.185, 0.075, 0.16, 0.026, 1.667, 0.004, 1, 0, 1, 1, 1]}}, {"type": "Feature", "geometry": {"type": "Point", "coordinates": [2.00722, 40.557098]}, "properties": {"var_data": [0.128, 0.059, 0.175, 0.029, 1.728, 0.005, 1, 0, 1, 1, 1]}}, {"type": "Feature", "geometry": {"type": "Point", "coordinates": [1.1944, 40.584099]}, "properties": {"var_data": [0.329, -0.206, 0.122, 0.086, 5.826, -0.011, 4, 0, 4, 1, 1]}}, {"type": "Feature", "geometry": {"type": "Point", "coordinates": [1.22974, 40.584099]}, "properties": {"var_data": [0.384, -0.237, 0.121, 0.086, 4.929, -0.01, 4, 0, 4, 1, 1]}}, {"type": "Feature", "geometry": {"type": "Point", "coordinates": [1.26508, 40.584099]}, "properties": {"var_data": [0.424, -0.254, 0.121, 0.086, 3.851, -0.01, 4, 0, 4, 1, 1]}}, {"type": "Feature", "geometry": {"type": "Point", "coordinates": [1.30042, 40.584099]}, "properties": {"var_data": [0.426, -0.232, 0.449, 0.321, 4.224, -0.144, 4, 0, 4, 1, 1]}}, {"type": "Feature", "geometry": {"type": "Point", "coordinates": [1.33576, 40.584099]}, "properties": {"var_data": [1.131, -0.523, 1.419, 0.831, 7.518, -1.176, 4, 0, 4, 4, 1]}}, {"type": "Feature", "geometry": {"type": "Point", "coordinates": [1.3711, 40.584099]}, "properties": {"var_data": [0.499, -0.187, 0.139, 0.08, 2.821, -0.011, 4, 0, 4, 1, 1]}}, {"type": "Feature", "geometry": {"type": "Point", "coordinates": [1.40644, 40.584099]}, "properties": {"var_data": [0.522, -0.159, 0.084, 0.042, 1.969, -0.003, 1, 0, 1, 1, 1]}}, {"type": "Feature", "geometry": {"type": "Point", "coordinates": [1.44178, 40.584099]}, "properties": {"var_data": [0.566, -0.171, 0.114, 0.054, 2.304, -0.006, 4, 0, 4, 1, 1]}}, {"type": "Feature", "geometry": {"type": "Point", "coordinates": [1.47712, 40.584099]}, "properties": {"var_data": [0.911, -0.295, 0.063, 0.026, 1.995, -0.002, 1, 0, 1, 1, 1]}}, {"type": "Feature", "geometry": {"type": "Point", "coordinates": [1.51246, 40.584099]}, "properties": {"var_data": [0.627, -0.151, 0.138, 0.052, 1.387, -0.007, 1, 0, 1, 1, 1]}}, {"type": "Feature", "geometry": {"type": "Point", "coordinates": [1.5478, 40.584099]}, "properties": {"var_data": [0.849, -0.152, 0.145, 0.055, 1.692, -0.008, 1, 0, 1, 1, 1]}}, {"type": "Feature", "geometry": {"type": "Point", "coordinates": [1.58314, 40.584099]}, "properties": {"var_data": [1.058, -0.147, 0.109, 0.041, 1.367, -0.004, 1, 0, 1, 1, 1]}}, {"type": "Feature", "geometry": {"type": "Point", "coordinates": [1.61848, 40.584099]}, "properties": {"var_data": [1.163, -0.143, 0.153, 0.043, 1.561, -0.006, 1, 0, 1, 1, 1]}}, {"type": "Feature", "geometry": {"type": "Point", "coordinates": [1.65382, 40.584099]}, "properties": {"var_data": [1.181, -0.056, 0.166, 0.04, 1.308, -0.006, 1, 0, 1, 1, 1]}}, {"type": "Feature", "geometry": {"type": "Point", "coordinates": [1.68916, 40.584099]}, "properties": {"var_data": [1.134, -0.036, 0.148, 0.031, 1.166, -0.004, 1, 0, 1, 1, 1]}}, {"type": "Feature", "geometry": {"type": "Point", "coordinates": [1.7245, 40.584099]}, "properties": {"var_data": [1.035, 0.022, 0.222, 0.043, 1.339, -0.009, 1, 0, 1, 1, 1]}}, {"type": "Feature", "geometry": {"type": "Point", "coordinates": [1.75984, 40.584099]}, "properties": {"var_data": [1.208, 0.047, 0.18, 0.023, 1.48, -0.004, 1, 0, 1, 1, 1]}}, {"type": "Feature", "geometry": {"type": "Point", "coordinates": [1.79518, 40.584099]}, "properties": {"var_data": [0.626, 0.168, 0.092, 0.011, 1.502, -0.001, 1, 0, 1, 1, 1]}}, {"type": "Feature", "geometry": {"type": "Point", "coordinates": [1.83052, 40.584099]}, "properties": {"var_data": [0.666, 0.197, 0.091, 0.011, 1.47, -0.001, 1, 0, 1, 1, 1]}}, {"type": "Feature", "geometry": {"type": "Point", "coordinates": [1.86586, 40.584099]}, "properties": {"var_data": [0.851, 0.243, 0.15, 0.042, 1.638, 0.004, 1, 0, 1, 1, 1]}}, {"type": "Feature", "geometry": {"type": "Point", "coordinates": [1.9012, 40.584099]}, "properties": {"var_data": [0.838, 0.242, 0.07, 0.029, 1.468, 0.002, 1, 0, 1, 1, 1]}}, {"type": "Feature", "geometry": {"type": "Point", "coordinates": [1.93654, 40.584099]}, "properties": {"var_data": [0.875, 0.239, 0.063, 0.026, 1.757, 0.002, 1, 1, 1, 1, 1]}}, {"type": "Feature", "geometry": {"type": "Point", "coordinates": [1.97188, 40.584099]}, "properties": {"var_data": [0.437, 0.188, 0.148, 0.024, 1.4, 0.003, 1, 1, 1, 1, 1]}}, {"type": "Feature", "geometry": {"type": "Point", "coordinates": [2.00722, 40.584099]}, "properties": {"var_data": [0.294, 0.176, 0.166, 0.027, 1.569, 0.004, 1, 1, 1, 1, 1]}}, {"type": "Feature", "geometry": {"type": "Point", "coordinates": [2.04256, 40.584099]}, "properties": {"var_data": [0.353, 0.183, 0.241, 0.039, 1.833, 0.009, 1, 0, 1, 1, 1]}}, {"type": "Feature", "geometry": {"type": "Point", "coordinates": [2.0779, 40.584099]}, "properties": {"var_data": [-0.1, 0.046, 0.224, 0.037, 1.552, 0.008, 1, 0, 1, 1, 1]}}, {"type": "Feature", "geometry": {"type": "Point", "coordinates": [1.1944, 40.611099]}, "properties": {"var_data": [0.329, -0.206, 0.122, 0.086, 5.826, -0.011, 4, 0, 4, 1, 1]}}, {"type": "Feature", "geometry": {"type": "Point", "coordinates": [1.22974, 40.611099]}, "properties": {"var_data": [0.319, -0.165, 0.121, 0.085, 3.818, -0.01, 4, 0, 4, 1, 1]}}, {"type": "Feature", "geometry": {"type": "Point", "coordinates": [1.26508, 40.611099]}, "properties": {"var_data": [0.067, -0.003, 0.125, 0.088, 3.099, -0.011, 4, 0, 4, 1, 1]}}, {"type": "Feature", "geometry": {"type": "Point", "coordinates": [1.30042, 40.611099]}, "properties": {"var_data": [0.336, -0.195, 0.449, 0.321, 3.972, -0.144, 4, 0, 4, 1, 1]}}, {"type": "Feature", "geometry": {"type": "Point", "coordinates": [1.33576, 40.611099]}, "properties": {"var_data": [0.336, -0.183, 0.147, 0.098, 4.047, -0.014, 4, 0, 4, 1, 1]}}, {"type": "Feature", "geometry": {"type": "Point", "coordinates": [1.3711, 40.611099]}, "properties": {"var_data": [0.227, -0.039, 0.582, 0.345, 3.168, -0.201, 4, 0, 4, 1, 1]}}, {"type": "Feature", "geometry": {"type": "Point", "coordinates": [1.40644, 40.611099]}, "properties": {"var_data": [0.402, -0.104, 0.089, 0.049, 1.84, -0.004, 1, 0, 1, 1, 1]}}, {"type": "Feature", "geometry": {"type": "Point", "coordinates": [1.44178, 40.611099]}, "properties": {"var_data": [0.645, -0.23, 0.09, 0.049, 1.714, -0.004, 1, 0, 1, 1, 1]}}, {"type": "Feature", "geometry": {"type": "Point", "coordinates": [1.47712, 40.611099]}, "properties": {"var_data": [0.834, -0.271, 0.141, 0.057, 2.005, -0.008, 4, 0, 4, 1, 1]}}, {"type": "Feature", "geometry": {"type": "Point", "coordinates": [1.51246, 40.611099]}, "properties": {"var_data": [0.64, -0.145, 0.172, 0.066, 1.477, -0.011, 1, 0, 1, 1, 1]}}, {"type": "Feature", "geometry": {"type": "Point", "coordinates": [1.5478, 40.611099]}, "properties": {"var_data": [0.729, -0.129, 0.147, 0.056, 1.405, -0.008, 1, 0, 1, 1, 1]}}, {"type": "Feature", "geometry": {"type": "Point", "coordinates": [1.58314, 40.611099]}, "properties": {"var_data": [1.027, -0.111, 0.11, 0.041, 1.311, -0.005, 1, 0, 1, 1, 1]}}, {"type": "Feature", "geometry": {"type": "Point", "coordinates": [1.61848, 40.611099]}, "properties": {"var_data": [1.069, -0.103, 0.147, 0.045, 1.349, -0.006, 1, 0, 1, 1, 1]}}, {"type": "Feature", "geometry": {"type": "Point", "coordinates": [1.65382, 40.611099]}, "properties": {"var_data": [0.916, 0.002, 0.17, 0.046, 1.152, -0.007, 1, 0, 1, 1, 1]}}, {"type": "Feature", "geometry": {"type": "Point", "coordinates": [1.68916, 40.611099]}, "properties": {"var_data": [0.958, 0.022, 0.164, 0.037, 1.135, -0.006, 1, 0, 1, 1, 1]}}, {"type": "Feature", "geometry": {"type": "Point", "coordinates": [1.7245, 40.611099]}, "properties": {"var_data": [0.908, 0.079, 0.231, 0.045, 1.409, -0.01, 1, 0, 1, 1, 1]}}, {"type": "Feature", "geometry": {"type": "Point", "coordinates": [1.75984, 40.611099]}, "properties": {"var_data": [1.088, 0.093, 0.211, 0.038, 1.42, -0.007, 1, 0, 1, 1, 1]}}, {"type": "Feature", "geometry": {"type": "Point", "coordinates": [1.79518, 40.611099]}, "properties": {"var_data": [0.733, 0.176, 0.098, 0.022, 1.363, 0.0, 1, 0, 1, 1, 1]}}, {"type": "Feature", "geometry": {"type": "Point", "coordinates": [1.83052, 40.611099]}, "properties": {"var_data": [0.515, 0.252, 0.112, 0.024, 1.407, 0.001, 1, 0, 1, 1, 1]}}, {"type": "Feature", "geometry": {"type": "Point", "coordinates": [1.86586, 40.611099]}, "properties": {"var_data": [0.908, 0.264, 0.056, 0.024, 1.229, 0.001, 1, 0, 1, 1, 1]}}, {"type": "Feature", "geometry": {"type": "Point", "coordinates": [1.9012, 40.611099]}, "properties": {"var_data": [0.974, 0.326, 0.059, 0.024, 1.293, 0.001, 1, 0, 1, 1, 1]}}, {"type": "Feature", "geometry": {"type": "Point", "coordinates": [1.93654, 40.611099]}, "properties": {"var_data": [0.824, 0.311, 0.062, 0.026, 1.362, 0.001, 1, 1, 1, 1, 1]}}, {"type": "Feature", "geometry": {"type": "Point", "coordinates": [1.97188, 40.611099]}, "properties": {"var_data": [0.777, 0.337, 0.058, 0.022, 1.345, 0.001, 1, 1, 1, 1, 1]}}, {"type": "Feature", "geometry": {"type": "Point", "coordinates": [2.00722, 40.611099]}, "properties": {"var_data": [0.539, 0.296, 0.215, 0.034, 1.647, 0.007, 1, 1, 1, 1, 1]}}, {"type": "Feature", "geometry": {"type": "Point", "coordinates": [2.04256, 40.611099]}, "properties": {"var_data": [0.359, 0.25, 0.161, 0.027, 1.281, 0.004, 1, 0, 1, 1, 1]}}, {"type": "Feature", "geometry": {"type": "Point", "coordinates": [2.0779, 40.611099]}, "properties": {"var_data": [0.299, 0.265, 0.17, 0.04, 1.31, 0.006, 1, 0, 1, 1, 1]}}, {"type": "Feature", "geometry": {"type": "Point", "coordinates": [2.11324, 40.611099]}, "properties": {"var_data": [0.302, 0.283, 0.298, 0.113, 1.692, 0.03, 1, 0, 1, 1, 1]}}, {"type": "Feature", "geometry": {"type": "Point", "coordinates": [1.22974, 40.6381]}, "properties": {"var_data": [0.05, 0.006, 0.125, 0.089, 3.673, -0.011, 4, 0, 4, 1, 1]}}, {"type": "Feature", "geometry": {"type": "Point", "coordinates": [1.26508, 40.6381]}, "properties": {"var_data": [-0.146, 0.129, 0.126, 0.09, 3.223, -0.011, 4, 0, 4, 1, 1]}}, {"type": "Feature", "geometry": {"type": "Point", "coordinates": [1.30042, 40.6381]}, "properties": {"var_data": [-0.12, 0.114, 0.157, 0.112, 3.437, -0.018, 4, 0, 4, 1, 1]}}, {"type": "Feature", "geometry": {"type": "Point", "coordinates": [1.3711, 40.6381]}, "properties": {"var_data": [-0.578, 0.448, 0.179, 0.115, 3.129, -0.02, 4, 0, 4, 1, 1]}}, {"type": "Feature", "geometry": {"type": "Point", "coordinates": [1.40644, 40.6381]}, "properties": {"var_data": [0.396, -0.094, 0.107, 0.061, 1.989, -0.006, 1, 0, 1, 1, 1]}}, {"type": "Feature", "geometry": {"type": "Point", "coordinates": [1.44178, 40.6381]}, "properties": {"var_data": [0.711, -0.269, 0.034, 0.01, 1.568, -0.0, 1, 0, 1, 1, 1]}}, {"type": "Feature", "geometry": {"type": "Point", "coordinates": [1.47712, 40.6381]}, "properties": {"var_data": [0.825, -0.288, 0.061, 0.014, 1.696, -0.001, 1, 0, 1, 1, 1]}}, {"type": "Feature", "geometry": {"type": "Point", "coordinates": [1.51246, 40.6381]}, "properties": {"var_data": [0.848, -0.218, 0.13, 0.053, 1.567, -0.007, 1, 0, 1, 1, 1]}}, {"type": "Feature", "geometry": {"type": "Point", "coordinates": [1.5478, 40.6381]}, "properties": {"var_data": [0.718, -0.132, 0.156, 0.066, 1.282, -0.01, 1, 0, 1, 1, 1]}}, {"type": "Feature", "geometry": {"type": "Point", "coordinates": [1.58314, 40.6381]}, "properties": {"var_data": [0.881, -0.074, 0.121, 0.04, 1.205, -0.004, 1, 0, 1, 1, 1]}}, {"type": "Feature", "geometry": {"type": "Point", "coordinates": [1.61848, 40.6381]}, "properties": {"var_data": [0.936, -0.066, 0.144, 0.048, 1.252, -0.007, 1, 0, 1, 1, 1]}}, {"type": "Feature", "geometry": {"type": "Point", "coordinates": [1.65382, 40.6381]}, "properties": {"var_data": [0.795, 0.03, 0.173, 0.048, 1.208, -0.008, 1, 0, 1, 1, 1]}}, {"type": "Feature", "geometry": {"type": "Point", "coordinates": [1.68916, 40.6381]}, "properties": {"var_data": [0.899, 0.039, 0.154, 0.038, 1.128, -0.006, 1, 0, 1, 1, 1]}}, {"type": "Feature", "geometry": {"type": "Point", "coordinates": [1.7245, 40.6381]}, "properties": {"var_data": [0.812, 0.093, 0.208, 0.043, 1.201, -0.008, 1, 0, 1, 1, 1]}}, {"type": "Feature", "geometry": {"type": "Point", "coordinates": [1.75984, 40.6381]}, "properties": {"var_data": [0.667, 0.178, 0.231, 0.041, 1.324, -0.009, 1, 0, 1, 1, 1]}}, {"type": "Feature", "geometry": {"type": "Point", "coordinates": [1.79518, 40.6381]}, "properties": {"var_data": [0.653, 0.22, 0.087, 0.018, 1.315, -0.001, 1, 0, 1, 1, 1]}}, {"type": "Feature", "geometry": {"type": "Point", "coordinates": [1.83052, 40.6381]}, "properties": {"var_data": [0.596, 0.271, 0.105, 0.021, 1.208, 0.001, 1, 0, 1, 1, 1]}}, {"type": "Feature", "geometry": {"type": "Point", "coordinates": [1.86586, 40.6381]}, "properties": {"var_data": [0.677, 0.308, 0.06, 0.026, 1.114, 0.001, 1, 0, 1, 1, 1]}}, {"type": "Feature", "geometry": {"type": "Point", "coordinates": [1.9012, 40.6381]}, "properties": {"var_data": [0.946, 0.36, 0.056, 0.022, 1.219, 0.001, 1, 0, 1, 1, 1]}}, {"type": "Feature", "geometry": {"type": "Point", "coordinates": [1.93654, 40.6381]}, "properties": {"var_data": [0.913, 0.378, 0.06, 0.024, 1.361, 0.001, 4, 4, 1, 1, 1]}}, {"type": "Feature", "geometry": {"type": "Point", "coordinates": [1.97188, 40.6381]}, "properties": {"var_data": [1.154, 0.457, 0.059, 0.023, 1.485, 0.001, 1, 1, 1, 1, 1]}}, {"type": "Feature", "geometry": {"type": "Point", "coordinates": [2.00722, 40.6381]}, "properties": {"var_data": [0.675, 0.402, 0.144, 0.029, 1.107, 0.003, 1, 1, 1, 1, 1]}}, {"type": "Feature", "geometry": {"type": "Point", "coordinates": [2.04256, 40.6381]}, "properties": {"var_data": [0.639, 0.416, 0.149, 0.036, 1.15, 0.005, 1, 0, 1, 1, 1]}}, {"type": "Feature", "geometry": {"type": "Point", "coordinates": [2.0779, 40.6381]}, "properties": {"var_data": [0.642, 0.443, 0.173, 0.042, 1.315, 0.006, 1, 0, 1, 1, 1]}}, {"type": "Feature", "geometry": {"type": "Point", "coordinates": [2.11324, 40.6381]}, "properties": {"var_data": [0.436, 0.337, 0.126, 0.049, 1.232, 0.006, 1, 0, 1, 1, 1]}}, {"type": "Feature", "geometry": {"type": "Point", "coordinates": [2.14858, 40.6381]}, "properties": {"var_data": [0.346, 0.316, 0.055, 0.031, 1.287, 0.002, 1, 0, 1, 1, 1]}}, {"type": "Feature", "geometry": {"type": "Point", "coordinates": [2.18392, 40.6381]}, "properties": {"var_data": [1.086, 0.817, 0.062, 0.035, 2.107, 0.002, 4, 0, 4, 1, 1]}}, {"type": "Feature", "geometry": {"type": "Point", "coordinates": [2.21926, 40.6381]}, "properties": {"var_data": [0.771, 0.576, 0.059, 0.03, 1.602, 0.002, 1, 0, 1, 1, 1]}}, {"type": "Feature", "geometry": {"type": "Point", "coordinates": [2.2546, 40.6381]}, "properties": {"var_data": [0.286, 0.179, 0.042, 0.019, 1.275, 0.001, 1, 0, 1, 1, 1]}}, {"type": "Feature", "geometry": {"type": "Point", "coordinates": [2.28994, 40.6381]}, "properties": {"var_data": [0.188, 0.125, 0.058, 0.024, 1.369, 0.001, 1, 1, 1, 1, 1]}}, {"type": "Feature", "geometry": {"type": "Point", "coordinates": [2.32528, 40.6381]}, "properties": {"var_data": [0.146, 0.01, 0.065, 0.024, 1.538, 0.001, 4, 4, 1, 1, 1]}}, {"type": "Feature", "geometry": {"type": "Point", "coordinates": [2.36062, 40.6381]}, "properties": {"var_data": [0.313, 0.128, 0.023, 0.017, 1.54, 0.0, 1, 1, 1, 1, 1]}}, {"type": "Feature", "geometry": {"type": "Point", "coordinates": [1.26508, 40.6651]}, "properties": {"var_data": [-0.061, 0.072, 0.16, 0.112, 3.367, -0.018, 4, 0, 4, 1, 1]}}, {"type": "Feature", "geometry": {"type": "Point", "coordinates": [1.30042, 40.6651]}, "properties": {"var_data": [0.077, -0.009, 0.965, 0.691, 3.335, -0.666, 4, 0, 4, 1, 1]}}, {"type": "Feature", "geometry": {"type": "Point", "coordinates": [1.33576, 40.6651]}, "properties": {"var_data": [-0.502, 0.413, 2.162, 1.549, 3.017, -3.348, 4, 0, 4, 1, 1]}}, {"type": "Feature", "geometry": {"type": "Point", "coordinates": [1.3711, 40.6651]}, "properties": {"var_data": [-0.5, 0.418, 0.169, 0.109, 2.984, -0.018, 4, 0, 4, 1, 1]}}, {"type": "Feature", "geometry": {"type": "Point", "coordinates": [1.40644, 40.6651]}, "properties": {"var_data": [0.295, -0.08, 0.03, 0.009, 1.608, -0.0, 1, 0, 1, 1, 1]}}, {"type": "Feature", "geometry": {"type": "Point", "coordinates": [1.44178, 40.6651]}, "properties": {"var_data": [0.338, -0.071, 0.055, 0.013, 1.582, -0.001, 1, 0, 1, 1, 1]}}, {"type": "Feature", "geometry": {"type": "Point", "coordinates": [1.47712, 40.6651]}, "properties": {"var_data": [0.697, -0.252, 0.051, 0.012, 1.559, -0.001, 1, 0, 1, 1, 1]}}, {"type": "Feature", "geometry": {"type": "Point", "coordinates": [1.51246, 40.6651]}, "properties": {"var_data": [0.665, -0.167, 0.078, 0.016, 1.448, -0.001, 1, 0, 1, 1, 1]}}, {"type": "Feature", "geometry": {"type": "Point", "coordinates": [1.5478, 40.6651]}, "properties": {"var_data": [0.493, -0.028, 0.124, 0.05, 1.292, -0.006, 1, 0, 1, 1, 1]}}, {"type": "Feature", "geometry": {"type": "Point", "coordinates": [1.58314, 40.6651]}, "properties": {"var_data": [0.516, 0.001, 0.133, 0.051, 1.206, -0.006, 1, 0, 1, 1, 1]}}, {"type": "Feature", "geometry": {"type": "Point", "coordinates": [1.61848, 40.6651]}, "properties": {"var_data": [0.782, -0.021, 0.149, 0.048, 1.293, -0.007, 1, 0, 1, 1, 1]}}, {"type": "Feature", "geometry": {"type": "Point", "coordinates": [1.65382, 40.6651]}, "properties": {"var_data": [0.47, 0.094, 0.154, 0.048, 0.98, -0.007, 1, 0, 1, 1, 1]}}, {"type": "Feature", "geometry": {"type": "Point", "coordinates": [1.68916, 40.6651]}, "properties": {"var_data": [0.421, 0.165, 0.025, 0.006, 1.053, 0.0, 1, 0, 1, 1, 1]}}, {"type": "Feature", "geometry": {"type": "Point", "coordinates": [1.7245, 40.6651]}, "properties": {"var_data": [0.476, 0.174, 0.027, 0.007, 1.098, 0.0, 1, 0, 1, 1, 1]}}, {"type": "Feature", "geometry": {"type": "Point", "coordinates": [1.75984, 40.6651]}, "properties": {"var_data": [0.425, 0.23, 0.035, 0.009, 1.287, 0.0, 1, 0, 1, 1, 1]}}, {"type": "Feature", "geometry": {"type": "Point", "coordinates": [1.79518, 40.6651]}, "properties": {"var_data": [0.333, 0.269, 0.049, 0.013, 1.543, 0.001, 1, 0, 1, 1, 1]}}, {"type": "Feature", "geometry": {"type": "Point", "coordinates": [1.83052, 40.6651]}, "properties": {"var_data": [0.339, 0.337, 0.174, 0.026, 1.18, -0.001, 1, 0, 1, 1, 1]}}, {"type": "Feature", "geometry": {"type": "Point", "coordinates": [1.86586, 40.6651]}, "properties": {"var_data": [0.567, 0.332, 0.064, 0.027, 1.069, 0.002, 1, 0, 1, 1, 1]}}, {"type": "Feature", "geometry": {"type": "Point", "coordinates": [1.9012, 40.6651]}, "properties": {"var_data": [0.271, 0.313, 0.056, 0.023, 1.091, 0.001, 1, 0, 1, 1, 1]}}, {"type": "Feature", "geometry": {"type": "Point", "coordinates": [1.93654, 40.6651]}, "properties": {"var_data": [0.274, 0.294, 0.056, 0.023, 1.173, 0.001, 4, 4, 1, 1, 1]}}, {"type": "Feature", "geometry": {"type": "Point", "coordinates": [1.97188, 40.6651]}, "properties": {"var_data": [0.371, 0.332, 0.132, 0.021, 1.079, 0.001, 4, 4, 1, 1, 1]}}, {"type": "Feature", "geometry": {"type": "Point", "coordinates": [2.00722, 40.6651]}, "properties": {"var_data": [0.51, 0.356, 0.106, 0.023, 0.982, 0.001, 4, 4, 1, 1, 1]}}, {"type": "Feature", "geometry": {"type": "Point", "coordinates": [2.04256, 40.6651]}, "properties": {"var_data": [0.826, 0.535, 0.171, 0.047, 1.136, 0.007, 1, 0, 1, 1, 1]}}, {"type": "Feature", "geometry": {"type": "Point", "coordinates": [2.0779, 40.6651]}, "properties": {"var_data": [0.655, 0.432, 0.137, 0.054, 1.022, 0.006, 1, 0, 1, 1, 1]}}, {"type": "Feature", "geometry": {"type": "Point", "coordinates": [2.11324, 40.6651]}, "properties": {"var_data": [0.673, 0.476, 0.113, 0.043, 1.045, 0.005, 1, 0, 1, 1, 1]}}, {"type": "Feature", "geometry": {"type": "Point", "coordinates": [2.14858, 40.6651]}, "properties": {"var_data": [0.599, 0.445, 0.132, 0.049, 1.26, 0.006, 1, 0, 1, 1, 1]}}, {"type": "Feature", "geometry": {"type": "Point", "coordinates": [2.18392, 40.6651]}, "properties": {"var_data": [0.456, 0.451, 0.101, 0.042, 1.098, 0.004, 1, 0, 1, 1, 1]}}, {"type": "Feature", "geometry": {"type": "Point", "coordinates": [2.21926, 40.6651]}, "properties": {"var_data": [0.729, 0.624, 0.128, 0.056, 1.388, 0.007, 1, 0, 1, 1, 1]}}, {"type": "Feature", "geometry": {"type": "Point", "coordinates": [2.2546, 40.6651]}, "properties": {"var_data": [0.004, 0.119, 0.065, 0.025, 1.363, 0.002, 1, 0, 1, 1, 1]}}, {"type": "Feature", "geometry": {"type": "Point", "coordinates": [2.28994, 40.6651]}, "properties": {"var_data": [0.105, 0.165, 0.065, 0.025, 1.378, 0.002, 1, 0, 1, 1, 1]}}, {"type": "Feature", "geometry": {"type": "Point", "coordinates": [2.32528, 40.6651]}, "properties": {"var_data": [0.019, -0.008, 0.067, 0.023, 1.351, 0.001, 4, 4, 1, 1, 1]}}, {"type": "Feature", "geometry": {"type": "Point", "coordinates": [2.36062, 40.6651]}, "properties": {"var_data": [-0.112, -0.082, 0.054, 0.021, 1.536, 0.001, 1, 1, 1, 1, 1]}}, {"type": "Feature", "geometry": {"type": "Point", "coordinates": [2.39596, 40.6651]}, "properties": {"var_data": [0.309, 0.163, 0.029, 0.024, 1.786, 0.001, 1, 1, 1, 1, 1]}}, {"type": "Feature", "geometry": {"type": "Point", "coordinates": [1.05304, 40.692101]}, "properties": {"var_data": [0.499, -0.457, 0.092, 0.09, 5.204, -0.008, 4, 0, 4, 4, 1]}}, {"type": "Feature", "geometry": {"type": "Point", "coordinates": [1.22974, 40.692101]}, "properties": {"var_data": [0.061, 0.057, 0.543, 0.436, 4.035, -0.233, 4, 0, 4, 1, 1]}}, {"type": "Feature", "geometry": {"type": "Point", "coordinates": [1.26508, 40.692101]}, "properties": {"var_data": [-0.142, 0.152, 0.108, 0.072, 2.642, -0.008, 4, 0, 4, 1, 1]}}, {"type": "Feature", "geometry": {"type": "Point", "coordinates": [1.30042, 40.692101]}, "properties": {"var_data": [-0.039, 0.068, 0.087, 0.062, 2.34, -0.005, 4, 0, 4, 1, 1]}}, {"type": "Feature", "geometry": {"type": "Point", "coordinates": [1.33576, 40.692101]}, "properties": {"var_data": [-0.308, 0.261, 0.106, 0.072, 2.222, -0.007, 4, 0, 4, 1, 1]}}, {"type": "Feature", "geometry": {"type": "Point", "coordinates": [1.3711, 40.692101]}, "properties": {"var_data": [-0.46, 0.392, 0.324, 0.22, 2.943, -0.071, 4, 0, 4, 1, 1]}}, {"type": "Feature", "geometry": {"type": "Point", "coordinates": [1.40644, 40.692101]}, "properties": {"var_data": [0.188, -0.027, 0.041, 0.011, 1.491, -0.0, 1, 0, 1, 1, 1]}}, {"type": "Feature", "geometry": {"type": "Point", "coordinates": [1.44178, 40.692101]}, "properties": {"var_data": [0.187, -0.006, 0.062, 0.014, 1.716, -0.001, 1, 0, 1, 1, 1]}}, {"type": "Feature", "geometry": {"type": "Point", "coordinates": [1.47712, 40.692101]}, "properties": {"var_data": [0.197, 0.016, 0.054, 0.013, 1.609, -0.001, 1, 0, 1, 1, 1]}}, {"type": "Feature", "geometry": {"type": "Point", "coordinates": [1.51246, 40.692101]}, "properties": {"var_data": [0.267, -0.025, 0.059, 0.013, 1.172, -0.001, 1, 0, 1, 1, 1]}}, {"type": "Feature", "geometry": {"type": "Point", "coordinates": [1.5478, 40.692101]}, "properties": {"var_data": [0.45, -0.023, 0.134, 0.055, 1.407, -0.007, 1, 0, 1, 1, 1]}}, {"type": "Feature", "geometry": {"type": "Point", "coordinates": [1.58314, 40.692101]}, "properties": {"var_data": [0.402, 0.013, 0.143, 0.056, 1.289, -0.008, 1, 0, 1, 1, 1]}}, {"type": "Feature", "geometry": {"type": "Point", "coordinates": [1.61848, 40.692101]}, "properties": {"var_data": [0.512, 0.061, 0.127, 0.042, 1.08, -0.005, 1, 0, 1, 1, 1]}}, {"type": "Feature", "geometry": {"type": "Point", "coordinates": [1.65382, 40.692101]}, "properties": {"var_data": [0.438, 0.114, 0.154, 0.049, 0.943, -0.007, 1, 0, 1, 1, 1]}}, {"type": "Feature", "geometry": {"type": "Point", "coordinates": [1.68916, 40.692101]}, "properties": {"var_data": [0.49, 0.167, 0.026, 0.007, 1.046, 0.0, 1, 0, 1, 1, 1]}}, {"type": "Feature", "geometry": {"type": "Point", "coordinates": [1.7245, 40.692101]}, "properties": {"var_data": [0.48, 0.181, 0.023, 0.006, 1.008, 0.0, 1, 0, 1, 1, 1]}}, {"type": "Feature", "geometry": {"type": "Point", "coordinates": [1.75984, 40.692101]}, "properties": {"var_data": [0.326, 0.265, 0.043, 0.011, 1.338, 0.0, 1, 0, 1, 1, 1]}}, {"type": "Feature", "geometry": {"type": "Point", "coordinates": [1.79518, 40.692101]}, "properties": {"var_data": [0.33, 0.27, 0.048, 0.013, 1.511, 0.001, 1, 0, 1, 1, 1]}}, {"type": "Feature", "geometry": {"type": "Point", "coordinates": [1.83052, 40.692101]}, "properties": {"var_data": [0.315, 0.34, 0.169, 0.03, 1.122, 0.0, 1, 0, 1, 1, 1]}}, {"type": "Feature", "geometry": {"type": "Point", "coordinates": [1.86586, 40.692101]}, "properties": {"var_data": [0.021, 0.282, 0.103, 0.024, 1.052, -0.002, 1, 0, 1, 1, 1]}}, {"type": "Feature", "geometry": {"type": "Point", "coordinates": [1.9012, 40.692101]}, "properties": {"var_data": [-0.023, 0.288, 0.083, 0.018, 0.979, -0.001, 1, 0, 1, 1, 1]}}, {"type": "Feature", "geometry": {"type": "Point", "coordinates": [1.93654, 40.692101]}, "properties": {"var_data": [-0.266, 0.257, 0.078, 0.016, 1.007, -0.001, 1, 0, 1, 1, 1]}}, {"type": "Feature", "geometry": {"type": "Point", "coordinates": [1.97188, 40.692101]}, "properties": {"var_data": [0.022, 0.25, 0.075, 0.016, 0.95, -0.0, 1, 0, 1, 1, 1]}}, {"type": "Feature", "geometry": {"type": "Point", "coordinates": [2.00722, 40.692101]}, "properties": {"var_data": [0.505, 0.377, 0.114, 0.024, 1.061, 0.001, 1, 0, 1, 1, 1]}}, {"type": "Feature", "geometry": {"type": "Point", "coordinates": [2.04256, 40.692101]}, "properties": {"var_data": [0.715, 0.433, 0.077, 0.027, 0.883, 0.001, 1, 0, 1, 1, 1]}}, {"type": "Feature", "geometry": {"type": "Point", "coordinates": [2.0779, 40.692101]}, "properties": {"var_data": [0.923, 0.563, 0.115, 0.047, 1.035, 0.005, 1, 0, 1, 1, 1]}}, {"type": "Feature", "geometry": {"type": "Point", "coordinates": [2.11324, 40.692101]}, "properties": {"var_data": [0.817, 0.559, 0.12, 0.044, 1.149, 0.005, 1, 0, 1, 1, 1]}}, {"type": "Feature", "geometry": {"type": "Point", "coordinates": [2.14858, 40.692101]}, "properties": {"var_data": [0.767, 0.569, 0.096, 0.04, 1.035, 0.003, 1, 0, 1, 1, 1]}}, {"type": "Feature", "geometry": {"type": "Point", "coordinates": [2.18392, 40.692101]}, "properties": {"var_data": [0.501, 0.432, 0.06, 0.018, 0.961, 0.001, 1, 0, 1, 1, 1]}}, {"type": "Feature", "geometry": {"type": "Point", "coordinates": [2.21926, 40.692101]}, "properties": {"var_data": [0.566, 0.544, 0.06, 0.019, 1.275, 0.001, 1, 0, 1, 1, 1]}}, {"type": "Feature", "geometry": {"type": "Point", "coordinates": [2.2546, 40.692101]}, "properties": {"var_data": [0.106, 0.232, 0.076, 0.025, 1.098, 0.002, 1, 0, 1, 1, 1]}}, {"type": "Feature", "geometry": {"type": "Point", "coordinates": [2.28994, 40.692101]}, "properties": {"var_data": [-0.106, 0.055, 0.114, 0.029, 1.242, 0.003, 1, 0, 1, 1, 1]}}, {"type": "Feature", "geometry": {"type": "Point", "coordinates": [2.32528, 40.692101]}, "properties": {"var_data": [-0.566, -0.223, 0.083, 0.024, 1.71, 0.002, 1, 1, 1, 1, 1]}}, {"type": "Feature", "geometry": {"type": "Point", "coordinates": [2.36062, 40.692101]}, "properties": {"var_data": [-0.414, -0.172, 0.093, 0.044, 1.946, 0.004, 1, 1, 1, 1, 1]}}, {"type": "Feature", "geometry": {"type": "Point", "coordinates": [2.39596, 40.692101]}, "properties": {"var_data": [0.058, 0.032, 0.074, 0.033, 1.297, 0.002, 1, 1, 1, 1, 1]}}, {"type": "Feature", "geometry": {"type": "Point", "coordinates": [2.4313, 40.692101]}, "properties": {"var_data": [0.226, 0.094, 0.046, 0.024, 1.216, 0.001, 1, 1, 1, 1, 1]}}, {"type": "Feature", "geometry": {"type": "Point", "coordinates": [2.46664, 40.692101]}, "properties": {"var_data": [0.191, 0.064, 0.047, 0.024, 1.659, 0.001, 1, 1, 1, 1, 1]}}, {"type": "Feature", "geometry": {"type": "Point", "coordinates": [1.08838, 40.719101]}, "properties": {"var_data": [0.388, -0.304, 0.082, 0.084, 3.681, -0.007, 4, 0, 4, 1, 1]}}, {"type": "Feature", "geometry": {"type": "Point", "coordinates": [1.12372, 40.719101]}, "properties": {"var_data": [0.388, -0.304, 0.082, 0.084, 3.681, -0.007, 4, 0, 4, 1, 1]}}, {"type": "Feature", "geometry": {"type": "Point", "coordinates": [1.15906, 40.719101]}, "properties": {"var_data": [-0.074, 0.223, 0.503, 0.48, 4.227, -0.238, 4, 0, 4, 1, 1]}}, {"type": "Feature", "geometry": {"type": "Point", "coordinates": [1.1944, 40.719101]}, "properties": {"var_data": [-0.053, 0.211, 0.494, 0.476, 3.34, -0.232, 4, 0, 4, 1, 1]}}, {"type": "Feature", "geometry": {"type": "Point", "coordinates": [1.22974, 40.719101]}, "properties": {"var_data": [0.156, -0.012, 0.108, 0.068, 2.065, -0.007, 4, 0, 4, 1, 1]}}, {"type": "Feature", "geometry": {"type": "Point", "coordinates": [1.26508, 40.719101]}, "properties": {"var_data": [0.013, 0.057, 0.085, 0.06, 2.594, -0.005, 4, 0, 4, 1, 1]}}, {"type": "Feature", "geometry": {"type": "Point", "coordinates": [1.30042, 40.719101]}, "properties": {"var_data": [0.037, 0.006, 0.075, 0.056, 2.159, -0.004, 4, 0, 4, 1, 1]}}, {"type": "Feature", "geometry": {"type": "Point", "coordinates": [1.33576, 40.719101]}, "properties": {"var_data": [-0.056, 0.084, 0.075, 0.056, 2.259, -0.004, 4, 0, 4, 1, 1]}}, {"type": "Feature", "geometry": {"type": "Point", "coordinates": [1.3711, 40.719101]}, "properties": {"var_data": [-0.437, 0.396, 2.161, 1.55, 3.013, -3.348, 4, 0, 4, 1, 1]}}, {"type": "Feature", "geometry": {"type": "Point", "coordinates": [1.40644, 40.719101]}, "properties": {"var_data": [-0.061, 0.136, 0.044, 0.011, 1.349, -0.0, 1, 0, 1, 1, 1]}}, {"type": "Feature", "geometry": {"type": "Point", "coordinates": [1.44178, 40.719101]}, "properties": {"var_data": [-0.1, 0.142, 0.053, 0.012, 1.394, -0.001, 1, 0, 1, 1, 1]}}, {"type": "Feature", "geometry": {"type": "Point", "coordinates": [1.47712, 40.719101]}, "properties": {"var_data": [-0.08, 0.134, 0.058, 0.013, 1.585, -0.001, 1, 0, 1, 1, 1]}}, {"type": "Feature", "geometry": {"type": "Point", "coordinates": [1.51246, 40.719101]}, "properties": {"var_data": [0.01, 0.089, 0.124, 0.063, 1.341, -0.007, 1, 0, 1, 1, 1]}}, {"type": "Feature", "geometry": {"type": "Point", "coordinates": [1.5478, 40.719101]}, "properties": {"var_data": [0.342, 0.01, 0.142, 0.058, 1.308, -0.008, 1, 0, 1, 1, 1]}}, {"type": "Feature", "geometry": {"type": "Point", "coordinates": [1.58314, 40.719101]}, "properties": {"var_data": [0.293, 0.038, 0.134, 0.056, 1.17, -0.007, 1, 0, 1, 1, 1]}}, {"type": "Feature", "geometry": {"type": "Point", "coordinates": [1.61848, 40.719101]}, "properties": {"var_data": [0.249, 0.103, 0.132, 0.048, 0.972, -0.006, 1, 0, 1, 1, 1]}}, {"type": "Feature", "geometry": {"type": "Point", "coordinates": [1.65382, 40.719101]}, "properties": {"var_data": [0.441, 0.109, 0.176, 0.054, 1.006, -0.009, 1, 0, 1, 1, 1]}}, {"type": "Feature", "geometry": {"type": "Point", "coordinates": [1.68916, 40.719101]}, "properties": {"var_data": [0.369, 0.172, 0.023, 0.006, 0.929, 0.0, 1, 0, 1, 1, 1]}}, {"type": "Feature", "geometry": {"type": "Point", "coordinates": [1.7245, 40.719101]}, "properties": {"var_data": [0.453, 0.19, 0.027, 0.007, 1.107, 0.0, 1, 0, 1, 1, 1]}}, {"type": "Feature", "geometry": {"type": "Point", "coordinates": [1.75984, 40.719101]}, "properties": {"var_data": [0.079, 0.309, 0.037, 0.01, 1.807, 0.0, 1, 0, 1, 1, 1]}}, {"type": "Feature", "geometry": {"type": "Point", "coordinates": [1.79518, 40.719101]}, "properties": {"var_data": [0.128, 0.311, 0.044, 0.012, 1.075, 0.0, 1, 0, 1, 1, 1]}}, {"type": "Feature", "geometry": {"type": "Point", "coordinates": [1.83052, 40.719101]}, "properties": {"var_data": [0.256, 0.371, 0.068, 0.023, 1.049, 0.001, 1, 0, 1, 1, 1]}}, {"type": "Feature", "geometry": {"type": "Point", "coordinates": [1.86586, 40.719101]}, "properties": {"var_data": [-0.02, 0.308, 0.044, 0.014, 0.837, 0.0, 1, 0, 1, 1, 1]}}, {"type": "Feature", "geometry": {"type": "Point", "coordinates": [1.9012, 40.719101]}, "properties": {"var_data": [-0.058, 0.308, 0.08, 0.017, 0.919, -0.001, 1, 0, 1, 1, 1]}}, {"type": "Feature", "geometry": {"type": "Point", "coordinates": [1.93654, 40.719101]}, "properties": {"var_data": [-0.288, 0.284, 0.079, 0.016, 0.992, -0.001, 1, 0, 1, 1, 1]}}, {"type": "Feature", "geometry": {"type": "Point", "coordinates": [1.97188, 40.719101]}, "properties": {"var_data": [-0.043, 0.258, 0.075, 0.016, 0.904, -0.0, 1, 0, 1, 1, 1]}}, {"type": "Feature", "geometry": {"type": "Point", "coordinates": [2.00722, 40.719101]}, "properties": {"var_data": [0.641, 0.432, 0.086, 0.025, 0.934, 0.001, 1, 0, 1, 1, 1]}}, {"type": "Feature", "geometry": {"type": "Point", "coordinates": [2.04256, 40.719101]}, "properties": {"var_data": [0.591, 0.397, 0.065, 0.016, 0.803, 0.0, 1, 0, 1, 1, 1]}}, {"type": "Feature", "geometry": {"type": "Point", "coordinates": [2.0779, 40.719101]}, "properties": {"var_data": [0.947, 0.594, 0.067, 0.019, 1.009, 0.0, 1, 0, 1, 1, 1]}}, {"type": "Feature", "geometry": {"type": "Point", "coordinates": [2.11324, 40.719101]}, "properties": {"var_data": [0.661, 0.476, 0.05, 0.017, 0.789, 0.0, 1, 0, 1, 1, 1]}}, {"type": "Feature", "geometry": {"type": "Point", "coordinates": [2.14858, 40.719101]}, "properties": {"var_data": [0.553, 0.44, 0.054, 0.013, 0.85, 0.001, 1, 0, 1, 1, 1]}}, {"type": "Feature", "geometry": {"type": "Point", "coordinates": [2.18392, 40.719101]}, "properties": {"var_data": [0.352, 0.38, 0.058, 0.014, 0.921, 0.001, 1, 0, 1, 1, 1]}}, {"type": "Feature", "geometry": {"type": "Point", "coordinates": [2.21926, 40.719101]}, "properties": {"var_data": [0.382, 0.386, 0.062, 0.014, 0.879, 0.001, 1, 0, 1, 1, 1]}}, {"type": "Feature", "geometry": {"type": "Point", "coordinates": [2.2546, 40.719101]}, "properties": {"var_data": [0.136, 0.22, 0.066, 0.014, 0.863, 0.001, 1, 0, 1, 1, 1]}}, {"type": "Feature", "geometry": {"type": "Point", "coordinates": [2.28994, 40.719101]}, "properties": {"var_data": [-0.118, 0.042, 0.094, 0.034, 1.264, 0.003, 1, 0, 1, 1, 1]}}, {"type": "Feature", "geometry": {"type": "Point", "coordinates": [2.32528, 40.719101]}, "properties": {"var_data": [-0.082, 0.038, 0.105, 0.044, 1.229, 0.004, 1, 0, 1, 1, 1]}}, {"type": "Feature", "geometry": {"type": "Point", "coordinates": [2.36062, 40.719101]}, "properties": {"var_data": [0.092, 0.063, 0.108, 0.047, 1.355, 0.005, 4, 4, 1, 1, 1]}}, {"type": "Feature", "geometry": {"type": "Point", "coordinates": [2.39596, 40.719101]}, "properties": {"var_data": [-0.059, -0.029, 0.078, 0.032, 1.074, 0.002, 4, 4, 1, 1, 1]}}, {"type": "Feature", "geometry": {"type": "Point", "coordinates": [2.4313, 40.719101]}, "properties": {"var_data": [0.09, 0.036, 0.053, 0.025, 1.056, 0.001, 1, 1, 1, 1, 1]}}, {"type": "Feature", "geometry": {"type": "Point", "coordinates": [2.46664, 40.719101]}, "properties": {"var_data": [0.162, 0.039, 0.049, 0.024, 1.307, 0.001, 1, 1, 1, 1, 1]}}, {"type": "Feature", "geometry": {"type": "Point", "coordinates": [2.50198, 40.719101]}, "properties": {"var_data": [0.327, 0.148, 0.042, 0.022, 1.069, 0.001, 1, 1, 1, 1, 1]}}, {"type": "Feature", "geometry": {"type": "Point", "coordinates": [1.0177, 40.746101]}, "properties": {"var_data": [-0.843, 1.17, 0.506, 0.604, 13.977, -0.305, 4, 0, 4, 4, 1]}}, {"type": "Feature", "geometry": {"type": "Point", "coordinates": [1.05304, 40.746101]}, "properties": {"var_data": [-1.012, 1.392, 0.494, 0.592, 9.874, -0.292, 4, 0, 4, 1, 4]}}, {"type": "Feature", "geometry": {"type": "Point", "coordinates": [1.08838, 40.746101]}, "properties": {"var_data": [-0.16, 0.47, 0.376, 0.453, 3.86, -0.17, 4, 0, 4, 1, 1]}}, {"type": "Feature", "geometry": {"type": "Point", "coordinates": [1.12372, 40.746101]}, "properties": {"var_data": [-0.165, 0.443, 0.588, 0.712, 3.871, -0.418, 4, 0, 4, 1, 1]}}, {"type": "Feature", "geometry": {"type": "Point", "coordinates": [1.15906, 40.746101]}, "properties": {"var_data": [-0.077, 0.342, 0.167, 0.197, 2.485, -0.033, 4, 0, 4, 1, 1]}}, {"type": "Feature", "geometry": {"type": "Point", "coordinates": [1.1944, 40.746101]}, "properties": {"var_data": [-0.081, 0.255, 0.243, 0.227, 2.778, -0.054, 4, 0, 4, 1, 1]}}, {"type": "Feature", "geometry": {"type": "Point", "coordinates": [1.22974, 40.746101]}, "properties": {"var_data": [-0.107, 0.236, 0.074, 0.055, 2.085, -0.004, 4, 0, 4, 1, 1]}}, {"type": "Feature", "geometry": {"type": "Point", "coordinates": [1.26508, 40.746101]}, "properties": {"var_data": [-0.068, 0.136, 0.063, 0.051, 1.564, -0.003, 1, 0, 1, 1, 1]}}, {"type": "Feature", "geometry": {"type": "Point", "coordinates": [1.30042, 40.746101]}, "properties": {"var_data": [-0.185, 0.177, 0.072, 0.054, 2.037, -0.004, 4, 0, 4, 1, 1]}}, {"type": "Feature", "geometry": {"type": "Point", "coordinates": [1.33576, 40.746101]}, "properties": {"var_data": [-0.187, 0.196, 0.071, 0.053, 2.015, -0.004, 4, 0, 4, 1, 1]}}, {"type": "Feature", "geometry": {"type": "Point", "coordinates": [1.3711, 40.746101]}, "properties": {"var_data": [-0.181, 0.204, 0.154, 0.126, 2.662, -0.019, 4, 0, 4, 1, 1]}}, {"type": "Feature", "geometry": {"type": "Point", "coordinates": [1.40644, 40.746101]}, "properties": {"var_data": [-0.101, 0.155, 0.21, 0.137, 1.573, -0.028, 1, 0, 1, 1, 1]}}, {"type": "Feature", "geometry": {"type": "Point", "coordinates": [1.44178, 40.746101]}, "properties": {"var_data": [-0.133, 0.152, 0.069, 0.033, 1.297, -0.002, 1, 0, 1, 1, 1]}}, {"type": "Feature", "geometry": {"type": "Point", "coordinates": [1.47712, 40.746101]}, "properties": {"var_data": [-0.152, 0.155, 0.073, 0.033, 1.38, -0.002, 1, 0, 1, 1, 1]}}, {"type": "Feature", "geometry": {"type": "Point", "coordinates": [1.51246, 40.746101]}, "properties": {"var_data": [-0.046, 0.098, 0.084, 0.035, 1.231, -0.003, 1, 0, 1, 1, 1]}}, {"type": "Feature", "geometry": {"type": "Point", "coordinates": [1.5478, 40.746101]}, "properties": {"var_data": [0.117, -0.002, 0.207, 0.105, 1.125, -0.021, 1, 0, 1, 1, 1]}}, {"type": "Feature", "geometry": {"type": "Point", "coordinates": [1.58314, 40.746101]}, "properties": {"var_data": [0.296, 0.01, 0.21, 0.093, 1.295, -0.019, 1, 0, 1, 1, 1]}}, {"type": "Feature", "geometry": {"type": "Point", "coordinates": [1.61848, 40.746101]}, "properties": {"var_data": [0.279, 0.032, 0.169, 0.074, 0.877, -0.012, 1, 0, 1, 1, 1]}}, {"type": "Feature", "geometry": {"type": "Point", "coordinates": [1.65382, 40.746101]}, "properties": {"var_data": [0.318, 0.139, 0.17, 0.053, 0.966, -0.009, 1, 0, 1, 1, 1]}}, {"type": "Feature", "geometry": {"type": "Point", "coordinates": [1.68916, 40.746101]}, "properties": {"var_data": [0.353, 0.163, 0.158, 0.044, 0.901, -0.007, 1, 0, 1, 1, 1]}}, {"type": "Feature", "geometry": {"type": "Point", "coordinates": [1.7245, 40.746101]}, "properties": {"var_data": [0.482, 0.169, 0.026, 0.007, 0.951, 0.0, 1, 0, 1, 1, 1]}}, {"type": "Feature", "geometry": {"type": "Point", "coordinates": [1.75984, 40.746101]}, "properties": {"var_data": [0.331, 0.242, 0.027, 0.007, 1.178, 0.0, 1, 0, 1, 1, 1]}}, {"type": "Feature", "geometry": {"type": "Point", "coordinates": [1.79518, 40.746101]}, "properties": {"var_data": [0.263, 0.291, 0.046, 0.014, 0.953, 0.0, 1, 0, 1, 1, 1]}}, {"type": "Feature", "geometry": {"type": "Point", "coordinates": [1.83052, 40.746101]}, "properties": {"var_data": [0.192, 0.368, 0.067, 0.023, 1.06, 0.001, 1, 0, 1, 1, 1]}}, {"type": "Feature", "geometry": {"type": "Point", "coordinates": [1.86586, 40.746101]}, "properties": {"var_data": [-0.094, 0.326, 0.044, 0.013, 0.905, 0.0, 1, 0, 1, 1, 1]}}, {"type": "Feature", "geometry": {"type": "Point", "coordinates": [1.9012, 40.746101]}, "properties": {"var_data": [-0.071, 0.317, 0.083, 0.017, 0.88, -0.001, 1, 0, 1, 1, 1]}}, {"type": "Feature", "geometry": {"type": "Point", "coordinates": [1.93654, 40.746101]}, "properties": {"var_data": [-0.329, 0.284, 0.074, 0.014, 0.974, -0.0, 1, 0, 1, 1, 1]}}, {"type": "Feature", "geometry": {"type": "Point", "coordinates": [1.97188, 40.746101]}, "properties": {"var_data": [0.344, 0.324, 0.068, 0.015, 0.78, -0.0, 1, 0, 1, 1, 1]}}, {"type": "Feature", "geometry": {"type": "Point", "coordinates": [2.00722, 40.746101]}, "properties": {"var_data": [0.496, 0.389, 0.069, 0.015, 0.835, 0.0, 1, 0, 1, 1, 1]}}, {"type": "Feature", "geometry": {"type": "Point", "coordinates": [2.04256, 40.746101]}, "properties": {"var_data": [0.54, 0.417, 0.065, 0.016, 0.845, 0.0, 1, 0, 1, 1, 1]}}, {"type": "Feature", "geometry": {"type": "Point", "coordinates": [2.0779, 40.746101]}, "properties": {"var_data": [0.76, 0.574, 0.054, 0.018, 0.84, 0.0, 1, 0, 1, 1, 1]}}, {"type": "Feature", "geometry": {"type": "Point", "coordinates": [2.11324, 40.746101]}, "properties": {"var_data": [0.817, 0.607, 0.051, 0.018, 0.823, 0.0, 1, 0, 1, 1, 1]}}, {"type": "Feature", "geometry": {"type": "Point", "coordinates": [2.14858, 40.746101]}, "properties": {"var_data": [0.602, 0.536, 0.056, 0.014, 0.901, 0.0, 1, 1, 1, 1, 1]}}, {"type": "Feature", "geometry": {"type": "Point", "coordinates": [2.18392, 40.746101]}, "properties": {"var_data": [0.438, 0.436, 0.05, 0.013, 0.768, 0.0, 1, 1, 1, 1, 1]}}, {"type": "Feature", "geometry": {"type": "Point", "coordinates": [2.21926, 40.746101]}, "properties": {"var_data": [0.272, 0.301, 0.055, 0.013, 0.761, 0.0, 1, 1, 1, 1, 1]}}, {"type": "Feature", "geometry": {"type": "Point", "coordinates": [2.2546, 40.746101]}, "properties": {"var_data": [0.109, 0.257, 0.069, 0.014, 0.936, 0.001, 1, 1, 1, 1, 1]}}, {"type": "Feature", "geometry": {"type": "Point", "coordinates": [2.28994, 40.746101]}, "properties": {"var_data": [0.207, 0.232, 0.051, 0.028, 0.986, 0.001, 1, 0, 1, 1, 1]}}, {"type": "Feature", "geometry": {"type": "Point", "coordinates": [2.32528, 40.746101]}, "properties": {"var_data": [0.095, 0.143, 0.05, 0.028, 0.916, 0.001, 1, 0, 1, 1, 1]}}, {"type": "Feature", "geometry": {"type": "Point", "coordinates": [2.36062, 40.746101]}, "properties": {"var_data": [0.018, 0.02, 0.055, 0.029, 1.015, 0.001, 1, 0, 1, 1, 1]}}, {"type": "Feature", "geometry": {"type": "Point", "coordinates": [2.39596, 40.746101]}, "properties": {"var_data": [-0.055, -0.035, 0.072, 0.031, 1.034, 0.002, 1, 1, 1, 1, 1]}}, {"type": "Feature", "geometry": {"type": "Point", "coordinates": [2.4313, 40.746101]}, "properties": {"var_data": [0.058, -0.003, 0.083, 0.036, 1.041, 0.003, 1, 1, 1, 1, 1]}}, {"type": "Feature", "geometry": {"type": "Point", "coordinates": [2.46664, 40.746101]}, "properties": {"var_data": [0.184, 0.068, 0.048, 0.023, 0.936, 0.001, 1, 1, 1, 1, 1]}}, {"type": "Feature", "geometry": {"type": "Point", "coordinates": [2.50198, 40.746101]}, "properties": {"var_data": [0.357, 0.199, 0.049, 0.026, 1.185, 0.001, 1, 1, 1, 1, 1]}}, {"type": "Feature", "geometry": {"type": "Point", "coordinates": [2.53732, 40.746101]}, "properties": {"var_data": [0.307, 0.128, 0.064, 0.034, 1.257, 0.002, 1, 1, 1, 1, 1]}}, {"type": "Feature", "geometry": {"type": "Point", "coordinates": [0.98236, 40.773102]}, "properties": {"var_data": [-0.351, 0.794, 0.404, 0.471, 7.532, -0.188, 4, 0, 4, 1, 1]}}, {"type": "Feature", "geometry": {"type": "Point", "coordinates": [1.0177, 40.773102]}, "properties": {"var_data": [-0.516, 0.957, 0.378, 0.454, 5.792, -0.171, 4, 0, 4, 1, 1]}}, {"type": "Feature", "geometry": {"type": "Point", "coordinates": [1.05304, 40.773102]}, "properties": {"var_data": [-0.919, 1.371, 0.374, 0.453, 5.297, -0.169, 4, 0, 4, 1, 1]}}, {"type": "Feature", "geometry": {"type": "Point", "coordinates": [1.08838, 40.773102]}, "properties": {"var_data": [-1.357, 1.803, 0.396, 0.477, 5.516, -0.189, 4, 0, 4, 1, 4]}}, {"type": "Feature", "geometry": {"type": "Point", "coordinates": [1.12372, 40.773102]}, "properties": {"var_data": [-1.763, 2.269, 1.126, 1.365, 5.425, -1.537, 4, 0, 4, 1, 4]}}, {"type": "Feature", "geometry": {"type": "Point", "coordinates": [1.15906, 40.773102]}, "properties": {"var_data": [-0.663, 0.926, 0.183, 0.217, 2.83, -0.04, 4, 0, 4, 1, 1]}}, {"type": "Feature", "geometry": {"type": "Point", "coordinates": [1.1944, 40.773102]}, "properties": {"var_data": [-0.426, 0.626, 0.196, 0.199, 2.222, -0.039, 4, 0, 4, 1, 1]}}, {"type": "Feature", "geometry": {"type": "Point", "coordinates": [1.22974, 40.773102]}, "properties": {"var_data": [-0.419, 0.538, 0.24, 0.239, 2.728, -0.057, 4, 0, 4, 1, 1]}}, {"type": "Feature", "geometry": {"type": "Point", "coordinates": [1.26508, 40.773102]}, "properties": {"var_data": [-0.097, 0.19, 0.058, 0.047, 1.467, -0.003, 1, 0, 1, 1, 1]}}, {"type": "Feature", "geometry": {"type": "Point", "coordinates": [1.30042, 40.773102]}, "properties": {"var_data": [-0.122, 0.159, 0.048, 0.042, 1.451, -0.002, 1, 0, 1, 1, 1]}}, {"type": "Feature", "geometry": {"type": "Point", "coordinates": [1.33576, 40.773102]}, "properties": {"var_data": [-0.159, 0.167, 0.067, 0.05, 1.901, -0.003, 1, 0, 1, 1, 1]}}, {"type": "Feature", "geometry": {"type": "Point", "coordinates": [1.3711, 40.773102]}, "properties": {"var_data": [-0.121, 0.151, 0.107, 0.083, 2.066, -0.009, 4, 0, 4, 1, 1]}}, {"type": "Feature", "geometry": {"type": "Point", "coordinates": [1.40644, 40.773102]}, "properties": {"var_data": [-0.189, 0.203, 0.083, 0.067, 2.122, -0.005, 4, 0, 4, 1, 1]}}, {"type": "Feature", "geometry": {"type": "Point", "coordinates": [1.44178, 40.773102]}, "properties": {"var_data": [-0.183, 0.185, 0.072, 0.033, 1.408, -0.002, 1, 0, 1, 1, 1]}}, {"type": "Feature", "geometry": {"type": "Point", "coordinates": [1.47712, 40.773102]}, "properties": {"var_data": [-0.195, 0.186, 0.071, 0.033, 1.424, -0.002, 1, 0, 1, 1, 1]}}, {"type": "Feature", "geometry": {"type": "Point", "coordinates": [1.51246, 40.773102]}, "properties": {"var_data": [0.004, 0.057, 0.073, 0.033, 1.021, -0.002, 1, 0, 1, 1, 1]}}, {"type": "Feature", "geometry": {"type": "Point", "coordinates": [1.5478, 40.773102]}, "properties": {"var_data": [0.092, 0.01, 0.077, 0.034, 1.073, -0.002, 1, 0, 1, 1, 1]}}, {"type": "Feature", "geometry": {"type": "Point", "coordinates": [1.58314, 40.773102]}, "properties": {"var_data": [0.337, -0.044, 0.168, 0.08, 1.102, -0.013, 1, 0, 1, 1, 1]}}, {"type": "Feature", "geometry": {"type": "Point", "coordinates": [1.61848, 40.773102]}, "properties": {"var_data": [0.241, 0.021, 0.146, 0.067, 0.864, -0.01, 1, 0, 1, 1, 1]}}, {"type": "Feature", "geometry": {"type": "Point", "coordinates": [1.65382, 40.773102]}, "properties": {"var_data": [0.323, 0.076, 0.164, 0.056, 0.914, -0.009, 1, 0, 1, 1, 1]}}, {"type": "Feature", "geometry": {"type": "Point", "coordinates": [1.68916, 40.773102]}, "properties": {"var_data": [0.299, 0.129, 0.211, 0.067, 0.939, -0.014, 1, 0, 1, 1, 1]}}, {"type": "Feature", "geometry": {"type": "Point", "coordinates": [1.7245, 40.773102]}, "properties": {"var_data": [0.465, 0.169, 0.209, 0.052, 1.032, -0.01, 1, 0, 1, 1, 1]}}, {"type": "Feature", "geometry": {"type": "Point", "coordinates": [1.75984, 40.773102]}, "properties": {"var_data": [0.254, 0.25, 0.041, 0.012, 0.957, -0.0, 1, 0, 1, 1, 1]}}, {"type": "Feature", "geometry": {"type": "Point", "coordinates": [1.79518, 40.773102]}, "properties": {"var_data": [0.236, 0.285, 0.046, 0.013, 0.986, 0.0, 1, 0, 1, 1, 1]}}, {"type": "Feature", "geometry": {"type": "Point", "coordinates": [1.83052, 40.773102]}, "properties": {"var_data": [0.183, 0.332, 0.049, 0.014, 0.894, 0.0, 1, 0, 1, 1, 1]}}, {"type": "Feature", "geometry": {"type": "Point", "coordinates": [1.86586, 40.773102]}, "properties": {"var_data": [0.277, 0.374, 0.058, 0.016, 0.976, 0.0, 1, 0, 1, 1, 1]}}, {"type": "Feature", "geometry": {"type": "Point", "coordinates": [1.9012, 40.773102]}, "properties": {"var_data": [0.033, 0.327, 0.044, 0.013, 0.879, 0.0, 4, 4, 1, 1, 1]}}, {"type": "Feature", "geometry": {"type": "Point", "coordinates": [1.93654, 40.773102]}, "properties": {"var_data": [0.028, 0.342, 0.074, 0.015, 0.943, -0.0, 4, 4, 1, 1, 1]}}, {"type": "Feature", "geometry": {"type": "Point", "coordinates": [1.97188, 40.773102]}, "properties": {"var_data": [0.298, 0.327, 0.065, 0.011, 0.765, -0.001, 4, 4, 1, 1, 1]}}, {"type": "Feature", "geometry": {"type": "Point", "coordinates": [2.00722, 40.773102]}, "properties": {"var_data": [0.284, 0.333, 0.058, 0.01, 0.837, -0.0, 1, 0, 1, 1, 1]}}, {"type": "Feature", "geometry": {"type": "Point", "coordinates": [2.04256, 40.773102]}, "properties": {"var_data": [0.506, 0.396, 0.042, 0.008, 0.651, -0.0, 1, 0, 1, 1, 1]}}, {"type": "Feature", "geometry": {"type": "Point", "coordinates": [2.0779, 40.773102]}, "properties": {"var_data": [0.568, 0.474, 0.046, 0.009, 0.754, -0.0, 1, 0, 1, 1, 1]}}, {"type": "Feature", "geometry": {"type": "Point", "coordinates": [2.11324, 40.773102]}, "properties": {"var_data": [0.486, 0.471, 0.046, 0.018, 0.74, 0.0, 1, 0, 1, 1, 1]}}, {"type": "Feature", "geometry": {"type": "Point", "coordinates": [2.14858, 40.773102]}, "properties": {"var_data": [0.377, 0.42, 0.054, 0.017, 0.748, 0.001, 4, 4, 1, 1, 1]}}, {"type": "Feature", "geometry": {"type": "Point", "coordinates": [2.18392, 40.773102]}, "properties": {"var_data": [0.207, 0.276, 0.046, 0.009, 0.697, 0.0, 1, 1, 1, 1, 1]}}, {"type": "Feature", "geometry": {"type": "Point", "coordinates": [2.21926, 40.773102]}, "properties": {"var_data": [-0.006, 0.154, 0.059, 0.01, 0.74, 0.0, 4, 4, 1, 1, 1]}}, {"type": "Feature", "geometry": {"type": "Point", "coordinates": [2.2546, 40.773102]}, "properties": {"var_data": [0.083, 0.1, 0.051, 0.012, 0.664, 0.0, 1, 1, 1, 1, 1]}}, {"type": "Feature", "geometry": {"type": "Point", "coordinates": [2.28994, 40.773102]}, "properties": {"var_data": [0.13, 0.125, 0.05, 0.028, 0.791, 0.001, 4, 4, 1, 1, 1]}}, {"type": "Feature", "geometry": {"type": "Point", "coordinates": [2.32528, 40.773102]}, "properties": {"var_data": [0.04, 0.006, 0.049, 0.028, 0.886, 0.001, 4, 4, 1, 1, 1]}}, {"type": "Feature", "geometry": {"type": "Point", "coordinates": [2.36062, 40.773102]}, "properties": {"var_data": [0.056, 0.04, 0.056, 0.034, 0.935, 0.002, 1, 1, 1, 1, 1]}}, {"type": "Feature", "geometry": {"type": "Point", "coordinates": [2.39596, 40.773102]}, "properties": {"var_data": [0.032, -0.008, 0.056, 0.032, 0.853, 0.002, 4, 4, 1, 1, 1]}}, {"type": "Feature", "geometry": {"type": "Point", "coordinates": [2.4313, 40.773102]}, "properties": {"var_data": [-0.035, -0.039, 0.059, 0.033, 0.915, 0.002, 1, 1, 1, 1, 1]}}, {"type": "Feature", "geometry": {"type": "Point", "coordinates": [2.46664, 40.773102]}, "properties": {"var_data": [0.057, 0.014, 0.057, 0.032, 1.016, 0.002, 1, 1, 1, 1, 1]}}, {"type": "Feature", "geometry": {"type": "Point", "coordinates": [2.50198, 40.773102]}, "properties": {"var_data": [0.277, 0.102, 0.067, 0.034, 1.145, 0.002, 1, 1, 1, 1, 1]}}, {"type": "Feature", "geometry": {"type": "Point", "coordinates": [2.53732, 40.773102]}, "properties": {"var_data": [0.219, 0.085, 0.046, 0.025, 1.151, 0.001, 1, 1, 1, 1, 1]}}, {"type": "Feature", "geometry": {"type": "Point", "coordinates": [2.57266, 40.773102]}, "properties": {"var_data": [0.321, 0.193, 0.047, 0.04, 1.315, 0.002, 1, 1, 1, 1, 1]}}, {"type": "Feature", "geometry": {"type": "Point", "coordinates": [0.98236, 40.800098]}, "properties": {"var_data": [-0.358, 0.765, 0.404, 0.471, 7.527, -0.188, 4, 0, 4, 1, 1]}}, {"type": "Feature", "geometry": {"type": "Point", "coordinates": [1.0177, 40.800098]}, "properties": {"var_data": [-0.575, 1.058, 0.228, 0.311, 4.568, -0.07, 4, 0, 4, 1, 1]}}, {"type": "Feature", "geometry": {"type": "Point", "coordinates": [1.05304, 40.800098]}, "properties": {"var_data": [-0.544, 0.958, 0.183, 0.228, 4.285, -0.042, 4, 0, 4, 1, 1]}}, {"type": "Feature", "geometry": {"type": "Point", "coordinates": [1.08838, 40.800098]}, "properties": {"var_data": [-0.78, 1.219, 0.087, 0.123, 3.286, -0.011, 4, 0, 4, 1, 1]}}, {"type": "Feature", "geometry": {"type": "Point", "coordinates": [1.12372, 40.800098]}, "properties": {"var_data": [-0.868, 1.287, 0.09, 0.127, 3.203, -0.011, 4, 0, 4, 1, 1]}}, {"type": "Feature", "geometry": {"type": "Point", "coordinates": [1.15906, 40.800098]}, "properties": {"var_data": [-0.643, 0.885, 0.191, 0.229, 2.761, -0.044, 4, 0, 4, 1, 1]}}, {"type": "Feature", "geometry": {"type": "Point", "coordinates": [1.1944, 40.800098]}, "properties": {"var_data": [-0.628, 0.811, 0.151, 0.166, 2.404, -0.025, 4, 0, 4, 1, 1]}}, {"type": "Feature", "geometry": {"type": "Point", "coordinates": [1.22974, 40.800098]}, "properties": {"var_data": [-0.332, 0.48, 0.134, 0.145, 2.152, -0.019, 4, 0, 4, 1, 1]}}, {"type": "Feature", "geometry": {"type": "Point", "coordinates": [1.26508, 40.800098]}, "properties": {"var_data": [-0.13, 0.245, 0.113, 0.112, 1.823, -0.013, 1, 0, 1, 1, 1]}}, {"type": "Feature", "geometry": {"type": "Point", "coordinates": [1.30042, 40.800098]}, "properties": {"var_data": [-0.062, 0.121, 0.067, 0.06, 1.441, -0.004, 1, 0, 1, 1, 1]}}, {"type": "Feature", "geometry": {"type": "Point", "coordinates": [1.33576, 40.800098]}, "properties": {"var_data": [-0.06, 0.112, 0.068, 0.061, 1.455, -0.004, 1, 0, 1, 1, 1]}}, {"type": "Feature", "geometry": {"type": "Point", "coordinates": [1.3711, 40.800098]}, "properties": {"var_data": [-0.121, 0.161, 0.103, 0.083, 1.881, -0.008, 1, 0, 1, 1, 1]}}, {"type": "Feature", "geometry": {"type": "Point", "coordinates": [1.40644, 40.800098]}, "properties": {"var_data": [-0.026, 0.083, 0.119, 0.096, 2.524, -0.011, 4, 0, 4, 1, 1]}}, {"type": "Feature", "geometry": {"type": "Point", "coordinates": [1.44178, 40.800098]}, "properties": {"var_data": [-0.097, 0.145, 0.043, 0.03, 1.622, -0.001, 1, 0, 1, 1, 1]}}, {"type": "Feature", "geometry": {"type": "Point", "coordinates": [1.47712, 40.800098]}, "properties": {"var_data": [-0.068, 0.107, 0.066, 0.033, 1.562, -0.002, 1, 0, 1, 1, 1]}}, {"type": "Feature", "geometry": {"type": "Point", "coordinates": [1.51246, 40.800098]}, "properties": {"var_data": [0.064, 0.009, 0.067, 0.032, 0.992, -0.002, 1, 0, 1, 1, 1]}}, {"type": "Feature", "geometry": {"type": "Point", "coordinates": [1.5478, 40.800098]}, "properties": {"var_data": [0.117, -0.022, 0.077, 0.036, 0.922, -0.003, 1, 0, 1, 1, 1]}}, {"type": "Feature", "geometry": {"type": "Point", "coordinates": [1.58314, 40.800098]}, "properties": {"var_data": [0.172, -0.021, 0.152, 0.075, 0.976, -0.011, 1, 0, 1, 1, 1]}}, {"type": "Feature", "geometry": {"type": "Point", "coordinates": [1.61848, 40.800098]}, "properties": {"var_data": [0.206, 0.014, 0.142, 0.065, 0.918, -0.009, 1, 0, 1, 1, 1]}}, {"type": "Feature", "geometry": {"type": "Point", "coordinates": [1.65382, 40.800098]}, "properties": {"var_data": [0.224, 0.073, 0.136, 0.058, 0.911, -0.008, 1, 0, 1, 1, 1]}}, {"type": "Feature", "geometry": {"type": "Point", "coordinates": [1.68916, 40.800098]}, "properties": {"var_data": [0.28, 0.12, 0.217, 0.073, 0.985, -0.015, 1, 0, 1, 1, 1]}}, {"type": "Feature", "geometry": {"type": "Point", "coordinates": [1.7245, 40.800098]}, "properties": {"var_data": [0.344, 0.14, 0.125, 0.035, 0.964, -0.004, 1, 0, 1, 1, 1]}}, {"type": "Feature", "geometry": {"type": "Point", "coordinates": [1.75984, 40.800098]}, "properties": {"var_data": [0.396, 0.192, 0.174, 0.036, 1.043, -0.006, 1, 0, 1, 1, 1]}}, {"type": "Feature", "geometry": {"type": "Point", "coordinates": [1.79518, 40.800098]}, "properties": {"var_data": [0.251, 0.27, 0.042, 0.011, 0.912, -0.0, 1, 0, 1, 1, 1]}}, {"type": "Feature", "geometry": {"type": "Point", "coordinates": [1.83052, 40.800098]}, "properties": {"var_data": [0.173, 0.315, 0.044, 0.011, 0.826, 0.0, 1, 0, 1, 1, 1]}}, {"type": "Feature", "geometry": {"type": "Point", "coordinates": [1.86586, 40.800098]}, "properties": {"var_data": [0.206, 0.336, 0.031, 0.009, 0.863, -0.0, 1, 0, 1, 1, 1]}}, {"type": "Feature", "geometry": {"type": "Point", "coordinates": [1.9012, 40.800098]}, "properties": {"var_data": [0.121, 0.31, 0.054, 0.017, 1.048, -0.001, 4, 4, 1, 1, 1]}}, {"type": "Feature", "geometry": {"type": "Point", "coordinates": [1.93654, 40.800098]}, "properties": {"var_data": [0.336, 0.328, 0.043, 0.013, 0.69, -0.0, 4, 4, 1, 1, 1]}}, {"type": "Feature", "geometry": {"type": "Point", "coordinates": [1.97188, 40.800098]}, "properties": {"var_data": [0.138, 0.287, 0.056, 0.011, 0.704, -0.0, 4, 4, 1, 1, 1]}}, {"type": "Feature", "geometry": {"type": "Point", "coordinates": [2.00722, 40.800098]}, "properties": {"var_data": [0.194, 0.251, 0.038, 0.008, 0.56, -0.0, 4, 4, 1, 1, 1]}}, {"type": "Feature", "geometry": {"type": "Point", "coordinates": [2.04256, 40.800098]}, "properties": {"var_data": [0.255, 0.283, 0.036, 0.007, 0.571, -0.0, 1, 1, 1, 1, 1]}}, {"type": "Feature", "geometry": {"type": "Point", "coordinates": [2.0779, 40.800098]}, "properties": {"var_data": [0.233, 0.265, 0.043, 0.008, 0.567, -0.0, 1, 1, 1, 1, 1]}}, {"type": "Feature", "geometry": {"type": "Point", "coordinates": [2.11324, 40.800098]}, "properties": {"var_data": [0.341, 0.371, 0.035, 0.008, 0.683, 0.0, 1, 0, 1, 1, 1]}}, {"type": "Feature", "geometry": {"type": "Point", "coordinates": [2.14858, 40.800098]}, "properties": {"var_data": [0.233, 0.321, 0.041, 0.01, 0.67, 0.0, 4, 4, 1, 1, 1]}}, {"type": "Feature", "geometry": {"type": "Point", "coordinates": [2.18392, 40.800098]}, "properties": {"var_data": [0.088, 0.242, 0.051, 0.009, 0.648, 0.0, 4, 4, 1, 1, 1]}}, {"type": "Feature", "geometry": {"type": "Point", "coordinates": [2.21926, 40.800098]}, "properties": {"var_data": [0.094, 0.164, 0.052, 0.01, 0.61, 0.0, 1, 1, 1, 1, 1]}}, {"type": "Feature", "geometry": {"type": "Point", "coordinates": [2.2546, 40.800098]}, "properties": {"var_data": [0.036, 0.054, 0.045, 0.011, 0.615, 0.0, 4, 4, 1, 1, 1]}}, {"type": "Feature", "geometry": {"type": "Point", "coordinates": [2.28994, 40.800098]}, "properties": {"var_data": [-0.054, 0.007, 0.041, 0.022, 0.637, 0.001, 4, 4, 1, 1, 1]}}, {"type": "Feature", "geometry": {"type": "Point", "coordinates": [2.32528, 40.800098]}, "properties": {"var_data": [-0.001, -0.032, 0.038, 0.022, 0.623, 0.001, 4, 4, 1, 1, 1]}}, {"type": "Feature", "geometry": {"type": "Point", "coordinates": [2.36062, 40.800098]}, "properties": {"var_data": [-0.053, -0.071, 0.037, 0.022, 0.685, 0.001, 4, 4, 1, 1, 1]}}, {"type": "Feature", "geometry": {"type": "Point", "coordinates": [2.39596, 40.800098]}, "properties": {"var_data": [-0.1, -0.109, 0.039, 0.028, 0.708, 0.001, 1, 1, 1, 1, 1]}}, {"type": "Feature", "geometry": {"type": "Point", "coordinates": [2.4313, 40.800098]}, "properties": {"var_data": [-0.202, -0.156, 0.046, 0.024, 0.776, 0.001, 1, 1, 1, 1, 1]}}, {"type": "Feature", "geometry": {"type": "Point", "coordinates": [2.46664, 40.800098]}, "properties": {"var_data": [-0.127, -0.118, 0.058, 0.03, 1.103, 0.002, 1, 1, 1, 1, 1]}}, {"type": "Feature", "geometry": {"type": "Point", "coordinates": [2.50198, 40.800098]}, "properties": {"var_data": [0.075, 0.021, 0.054, 0.036, 1.146, 0.002, 1, 1, 1, 1, 1]}}, {"type": "Feature", "geometry": {"type": "Point", "coordinates": [2.53732, 40.800098]}, "properties": {"var_data": [0.144, 0.057, 0.052, 0.037, 1.127, 0.002, 1, 1, 1, 1, 1]}}, {"type": "Feature", "geometry": {"type": "Point", "coordinates": [2.57266, 40.800098]}, "properties": {"var_data": [0.261, 0.104, 0.051, 0.04, 1.17, 0.002, 1, 1, 1, 1, 1]}}, {"type": "Feature", "geometry": {"type": "Point", "coordinates": [2.608, 40.800098]}, "properties": {"var_data": [0.024, -0.089, 0.045, 0.037, 1.134, 0.002, 1, 1, 1, 1, 1]}}, {"type": "Feature", "geometry": {"type": "Point", "coordinates": [0.98236, 40.827099]}, "properties": {"var_data": [0.101, 0.29, 0.532, 0.746, 8.104, -0.397, 4, 0, 4, 1, 1]}}, {"type": "Feature", "geometry": {"type": "Point", "coordinates": [1.0177, 40.827099]}, "properties": {"var_data": [-0.316, 0.788, 0.213, 0.286, 4.173, -0.061, 4, 0, 4, 1, 1]}}, {"type": "Feature", "geometry": {"type": "Point", "coordinates": [1.05304, 40.827099]}, "properties": {"var_data": [-0.446, 0.872, 0.17, 0.246, 3.88, -0.042, 4, 0, 4, 1, 1]}}, {"type": "Feature", "geometry": {"type": "Point", "coordinates": [1.08838, 40.827099]}, "properties": {"var_data": [-0.644, 1.071, 0.037, 0.05, 2.912, -0.002, 4, 0, 4, 1, 1]}}, {"type": "Feature", "geometry": {"type": "Point", "coordinates": [1.12372, 40.827099]}, "properties": {"var_data": [-0.519, 0.86, 0.036, 0.049, 2.433, -0.002, 4, 0, 4, 1, 1]}}, {"type": "Feature", "geometry": {"type": "Point", "coordinates": [1.15906, 40.827099]}, "properties": {"var_data": [-0.439, 0.696, 0.036, 0.048, 2.211, -0.002, 4, 0, 4, 1, 1]}}, {"type": "Feature", "geometry": {"type": "Point", "coordinates": [1.1944, 40.827099]}, "properties": {"var_data": [-0.474, 0.651, 0.122, 0.127, 2.393, -0.015, 4, 0, 4, 1, 1]}}, {"type": "Feature", "geometry": {"type": "Point", "coordinates": [1.22974, 40.827099]}, "properties": {"var_data": [-0.455, 0.612, 0.14, 0.155, 2.384, -0.022, 4, 0, 4, 1, 1]}}, {"type": "Feature", "geometry": {"type": "Point", "coordinates": [1.26508, 40.827099]}, "properties": {"var_data": [-0.302, 0.427, 0.149, 0.16, 2.973, -0.024, 4, 0, 4, 1, 1]}}, {"type": "Feature", "geometry": {"type": "Point", "coordinates": [1.30042, 40.827099]}, "properties": {"var_data": [-0.039, 0.131, 0.068, 0.067, 1.339, -0.004, 1, 0, 1, 1, 1]}}, {"type": "Feature", "geometry": {"type": "Point", "coordinates": [1.33576, 40.827099]}, "properties": {"var_data": [-0.017, 0.101, 0.065, 0.062, 1.451, -0.004, 1, 0, 1, 1, 1]}}, {"type": "Feature", "geometry": {"type": "Point", "coordinates": [1.3711, 40.827099]}, "properties": {"var_data": [0.053, 0.035, 0.065, 0.062, 1.471, -0.004, 1, 0, 1, 1, 1]}}, {"type": "Feature", "geometry": {"type": "Point", "coordinates": [1.40644, 40.827099]}, "properties": {"var_data": [0.146, -0.033, 0.087, 0.08, 1.951, -0.007, 1, 0, 1, 1, 1]}}, {"type": "Feature", "geometry": {"type": "Point", "coordinates": [1.44178, 40.827099]}, "properties": {"var_data": [-0.01, 0.088, 0.028, 0.013, 1.339, -0.0, 1, 0, 1, 1, 1]}}, {"type": "Feature", "geometry": {"type": "Point", "coordinates": [1.47712, 40.827099]}, "properties": {"var_data": [-0.014, 0.071, 0.042, 0.015, 1.044, -0.0, 1, 0, 1, 1, 1]}}, {"type": "Feature", "geometry": {"type": "Point", "coordinates": [1.51246, 40.827099]}, "properties": {"var_data": [-0.001, 0.025, 0.042, 0.015, 0.879, -0.001, 1, 0, 1, 1, 1]}}, {"type": "Feature", "geometry": {"type": "Point", "coordinates": [1.5478, 40.827099]}, "properties": {"var_data": [0.003, 0.022, 0.039, 0.015, 0.839, -0.001, 1, 0, 1, 1, 1]}}, {"type": "Feature", "geometry": {"type": "Point", "coordinates": [1.58314, 40.827099]}, "properties": {"var_data": [0.08, -0.024, 0.081, 0.041, 0.882, -0.003, 1, 0, 1, 1, 1]}}, {"type": "Feature", "geometry": {"type": "Point", "coordinates": [1.61848, 40.827099]}, "properties": {"var_data": [0.12, 0.005, 0.102, 0.049, 0.793, -0.005, 1, 0, 1, 1, 1]}}, {"type": "Feature", "geometry": {"type": "Point", "coordinates": [1.65382, 40.827099]}, "properties": {"var_data": [0.234, 0.023, 0.159, 0.071, 0.96, -0.011, 1, 0, 1, 1, 1]}}, {"type": "Feature", "geometry": {"type": "Point", "coordinates": [1.68916, 40.827099]}, "properties": {"var_data": [0.205, 0.093, 0.133, 0.05, 0.938, -0.006, 1, 0, 1, 1, 1]}}, {"type": "Feature", "geometry": {"type": "Point", "coordinates": [1.7245, 40.827099]}, "properties": {"var_data": [0.217, 0.15, 0.024, 0.009, 0.921, 0.0, 1, 0, 1, 1, 1]}}, {"type": "Feature", "geometry": {"type": "Point", "coordinates": [1.75984, 40.827099]}, "properties": {"var_data": [0.235, 0.196, 0.025, 0.009, 0.966, 0.0, 1, 0, 1, 1, 1]}}, {"type": "Feature", "geometry": {"type": "Point", "coordinates": [1.79518, 40.827099]}, "properties": {"var_data": [0.24, 0.223, 0.025, 0.009, 0.816, 0.0, 1, 0, 1, 1, 1]}}, {"type": "Feature", "geometry": {"type": "Point", "coordinates": [1.83052, 40.827099]}, "properties": {"var_data": [0.397, 0.246, 0.045, 0.012, 0.736, -0.0, 1, 0, 1, 1, 1]}}, {"type": "Feature", "geometry": {"type": "Point", "coordinates": [1.86586, 40.827099]}, "properties": {"var_data": [0.451, 0.295, 0.043, 0.012, 0.8, -0.0, 1, 0, 1, 1, 1]}}, {"type": "Feature", "geometry": {"type": "Point", "coordinates": [1.9012, 40.827099]}, "properties": {"var_data": [0.434, 0.259, 0.043, 0.013, 0.693, -0.0, 4, 4, 1, 1, 1]}}, {"type": "Feature", "geometry": {"type": "Point", "coordinates": [1.93654, 40.827099]}, "properties": {"var_data": [0.313, 0.268, 0.043, 0.014, 0.687, -0.0, 4, 4, 1, 1, 1]}}, {"type": "Feature", "geometry": {"type": "Point", "coordinates": [1.97188, 40.827099]}, "properties": {"var_data": [0.222, 0.233, 0.025, 0.007, 0.524, -0.0, 4, 4, 1, 1, 1]}}, {"type": "Feature", "geometry": {"type": "Point", "coordinates": [2.00722, 40.827099]}, "properties": {"var_data": [0.021, 0.167, 0.024, 0.006, 0.507, -0.0, 4, 4, 1, 1, 1]}}, {"type": "Feature", "geometry": {"type": "Point", "coordinates": [2.04256, 40.827099]}, "properties": {"var_data": [0.147, 0.208, 0.027, 0.006, 0.483, -0.0, 4, 4, 1, 1, 1]}}, {"type": "Feature", "geometry": {"type": "Point", "coordinates": [2.0779, 40.827099]}, "properties": {"var_data": [0.061, 0.173, 0.019, 0.006, 0.469, -0.0, 4, 4, 1, 1, 1]}}, {"type": "Feature", "geometry": {"type": "Point", "coordinates": [2.11324, 40.827099]}, "properties": {"var_data": [0.123, 0.204, 0.022, 0.006, 0.573, -0.0, 4, 4, 1, 1, 1]}}, {"type": "Feature", "geometry": {"type": "Point", "coordinates": [2.14858, 40.827099]}, "properties": {"var_data": [0.043, 0.215, 0.022, 0.005, 0.523, -0.0, 4, 4, 1, 1, 1]}}, {"type": "Feature", "geometry": {"type": "Point", "coordinates": [2.18392, 40.827099]}, "properties": {"var_data": [0.045, 0.177, 0.022, 0.006, 0.535, -0.0, 1, 1, 1, 1, 1]}}, {"type": "Feature", "geometry": {"type": "Point", "coordinates": [2.21926, 40.827099]}, "properties": {"var_data": [0.074, 0.138, 0.052, 0.012, 0.636, 0.0, 1, 1, 1, 1, 1]}}, {"type": "Feature", "geometry": {"type": "Point", "coordinates": [2.2546, 40.827099]}, "properties": {"var_data": [-0.008, 0.048, 0.044, 0.011, 0.533, 0.0, 4, 4, 1, 1, 1]}}, {"type": "Feature", "geometry": {"type": "Point", "coordinates": [2.28994, 40.827099]}, "properties": {"var_data": [-0.014, -0.021, 0.042, 0.021, 0.51, 0.001, 4, 4, 1, 1, 1]}}, {"type": "Feature", "geometry": {"type": "Point", "coordinates": [2.32528, 40.827099]}, "properties": {"var_data": [0.002, -0.017, 0.038, 0.025, 0.552, 0.001, 4, 4, 1, 1, 1]}}, {"type": "Feature", "geometry": {"type": "Point", "coordinates": [2.36062, 40.827099]}, "properties": {"var_data": [-0.066, -0.078, 0.031, 0.023, 0.535, 0.001, 1, 1, 1, 1, 1]}}, {"type": "Feature", "geometry": {"type": "Point", "coordinates": [2.39596, 40.827099]}, "properties": {"var_data": [-0.178, -0.14, 0.043, 0.024, 0.772, 0.001, 1, 1, 1, 1, 1]}}, {"type": "Feature", "geometry": {"type": "Point", "coordinates": [2.4313, 40.827099]}, "properties": {"var_data": [-0.131, -0.136, 0.043, 0.024, 0.676, 0.001, 4, 4, 1, 1, 1]}}, {"type": "Feature", "geometry": {"type": "Point", "coordinates": [2.46664, 40.827099]}, "properties": {"var_data": [-0.138, -0.142, 0.04, 0.023, 0.729, 0.001, 1, 1, 1, 1, 1]}}, {"type": "Feature", "geometry": {"type": "Point", "coordinates": [2.50198, 40.827099]}, "properties": {"var_data": [-0.02, -0.056, 0.048, 0.028, 0.98, 0.001, 4, 4, 1, 1, 1]}}, {"type": "Feature", "geometry": {"type": "Point", "coordinates": [2.53732, 40.827099]}, "properties": {"var_data": [0.091, 0.05, 0.078, 0.067, 1.33, 0.005, 1, 1, 1, 1, 1]}}, {"type": "Feature", "geometry": {"type": "Point", "coordinates": [2.57266, 40.827099]}, "properties": {"var_data": [-0.025, -0.07, 0.068, 0.056, 1.423, 0.004, 1, 1, 1, 1, 1]}}, {"type": "Feature", "geometry": {"type": "Point", "coordinates": [2.608, 40.827099]}, "properties": {"var_data": [-0.018, -0.085, 0.077, 0.066, 1.477, 0.005, 1, 1, 1, 1, 1]}}, {"type": "Feature", "geometry": {"type": "Point", "coordinates": [2.64334, 40.827099]}, "properties": {"var_data": [0.036, -0.084, 0.03, 0.028, 1.385, 0.001, 1, 1, 1, 1, 1]}}, {"type": "Feature", "geometry": {"type": "Point", "coordinates": [0.98236, 40.854099]}, "properties": {"var_data": [0.291, 0.022, 1.276, 1.793, 9.282, -2.288, 4, 0, 4, 1, 1]}}, {"type": "Feature", "geometry": {"type": "Point", "coordinates": [1.0177, 40.854099]}, "properties": {"var_data": [0.07, 0.287, 0.388, 0.544, 8.079, -0.21, 4, 0, 4, 1, 1]}}, {"type": "Feature", "geometry": {"type": "Point", "coordinates": [1.05304, 40.854099]}, "properties": {"var_data": [-0.455, 0.892, 0.087, 0.128, 3.369, -0.011, 4, 0, 4, 1, 1]}}, {"type": "Feature", "geometry": {"type": "Point", "coordinates": [1.08838, 40.854099]}, "properties": {"var_data": [-0.354, 0.711, 0.037, 0.05, 3.372, -0.002, 4, 0, 4, 1, 1]}}, {"type": "Feature", "geometry": {"type": "Point", "coordinates": [1.12372, 40.854099]}, "properties": {"var_data": [-0.241, 0.539, 0.036, 0.05, 2.532, -0.002, 4, 0, 4, 1, 1]}}, {"type": "Feature", "geometry": {"type": "Point", "coordinates": [1.15906, 40.854099]}, "properties": {"var_data": [-0.286, 0.505, 0.036, 0.049, 2.511, -0.002, 4, 0, 4, 1, 1]}}, {"type": "Feature", "geometry": {"type": "Point", "coordinates": [1.1944, 40.854099]}, "properties": {"var_data": [-0.308, 0.518, 0.049, 0.06, 2.114, -0.003, 4, 0, 4, 1, 1]}}, {"type": "Feature", "geometry": {"type": "Point", "coordinates": [1.22974, 40.854099]}, "properties": {"var_data": [-0.317, 0.494, 0.217, 0.266, 2.612, -0.057, 4, 0, 4, 1, 1]}}, {"type": "Feature", "geometry": {"type": "Point", "coordinates": [1.26508, 40.854099]}, "properties": {"var_data": [-0.345, 0.483, 0.154, 0.166, 3.327, -0.025, 4, 0, 4, 1, 1]}}, {"type": "Feature", "geometry": {"type": "Point", "coordinates": [1.30042, 40.854099]}, "properties": {"var_data": [0.035, 0.062, 0.089, 0.093, 1.4, -0.008, 1, 0, 1, 1, 1]}}, {"type": "Feature", "geometry": {"type": "Point", "coordinates": [1.33576, 40.854099]}, "properties": {"var_data": [0.051, 0.032, 0.058, 0.056, 1.226, -0.003, 1, 0, 1, 1, 1]}}, {"type": "Feature", "geometry": {"type": "Point", "coordinates": [1.3711, 40.854099]}, "properties": {"var_data": [0.082, 0.023, 0.065, 0.06, 1.386, -0.004, 1, 0, 1, 1, 1]}}, {"type": "Feature", "geometry": {"type": "Point", "coordinates": [1.40644, 40.854099]}, "properties": {"var_data": [0.056, 0.04, 0.075, 0.069, 1.585, -0.005, 1, 0, 1, 1, 1]}}, {"type": "Feature", "geometry": {"type": "Point", "coordinates": [1.44178, 40.854099]}, "properties": {"var_data": [0.001, 0.06, 0.024, 0.014, 1.215, -0.0, 1, 0, 1, 1, 1]}}, {"type": "Feature", "geometry": {"type": "Point", "coordinates": [1.47712, 40.854099]}, "properties": {"var_data": [-0.058, 0.099, 0.027, 0.014, 1.067, -0.0, 1, 0, 1, 1, 1]}}, {"type": "Feature", "geometry": {"type": "Point", "coordinates": [1.51246, 40.854099]}, "properties": {"var_data": [-0.093, 0.088, 0.026, 0.014, 0.823, -0.0, 1, 0, 1, 1, 1]}}, {"type": "Feature", "geometry": {"type": "Point", "coordinates": [1.5478, 40.854099]}, "properties": {"var_data": [-0.066, 0.047, 0.042, 0.015, 0.823, -0.001, 1, 0, 1, 1, 1]}}, {"type": "Feature", "geometry": {"type": "Point", "coordinates": [1.58314, 40.854099]}, "properties": {"var_data": [0.028, -0.007, 0.065, 0.034, 0.733, -0.002, 1, 0, 1, 1, 1]}}, {"type": "Feature", "geometry": {"type": "Point", "coordinates": [1.61848, 40.854099]}, "properties": {"var_data": [0.152, -0.012, 0.07, 0.033, 0.77, -0.002, 1, 0, 1, 1, 1]}}, {"type": "Feature", "geometry": {"type": "Point", "coordinates": [1.65382, 40.854099]}, "properties": {"var_data": [0.304, -0.026, 0.15, 0.067, 0.94, -0.01, 1, 0, 1, 1, 1]}}, {"type": "Feature", "geometry": {"type": "Point", "coordinates": [1.68916, 40.854099]}, "properties": {"var_data": [0.364, 0.008, 0.118, 0.047, 0.916, -0.005, 1, 0, 1, 1, 1]}}, {"type": "Feature", "geometry": {"type": "Point", "coordinates": [1.7245, 40.854099]}, "properties": {"var_data": [0.041, 0.181, 0.022, 0.009, 0.939, 0.0, 1, 0, 1, 1, 1]}}, {"type": "Feature", "geometry": {"type": "Point", "coordinates": [1.75984, 40.854099]}, "properties": {"var_data": [0.05, 0.205, 0.024, 0.008, 0.863, 0.0, 1, 0, 1, 1, 1]}}, {"type": "Feature", "geometry": {"type": "Point", "coordinates": [1.79518, 40.854099]}, "properties": {"var_data": [0.076, 0.215, 0.024, 0.008, 1.026, 0.0, 1, 0, 1, 1, 1]}}, {"type": "Feature", "geometry": {"type": "Point", "coordinates": [1.83052, 40.854099]}, "properties": {"var_data": [0.274, 0.226, 0.019, 0.006, 0.738, -0.0, 1, 0, 1, 1, 1]}}, {"type": "Feature", "geometry": {"type": "Point", "coordinates": [1.86586, 40.854099]}, "properties": {"var_data": [0.461, 0.262, 0.038, 0.01, 0.66, -0.0, 1, 0, 1, 1, 1]}}, {"type": "Feature", "geometry": {"type": "Point", "coordinates": [1.9012, 40.854099]}, "properties": {"var_data": [0.402, 0.252, 0.038, 0.01, 0.625, -0.0, 1, 1, 1, 1, 1]}}, {"type": "Feature", "geometry": {"type": "Point", "coordinates": [1.93654, 40.854099]}, "properties": {"var_data": [0.311, 0.262, 0.024, 0.008, 0.533, -0.0, 4, 4, 1, 1, 1]}}, {"type": "Feature", "geometry": {"type": "Point", "coordinates": [1.97188, 40.854099]}, "properties": {"var_data": [0.069, 0.2, 0.024, 0.007, 0.501, -0.0, 4, 4, 1, 1, 1]}}, {"type": "Feature", "geometry": {"type": "Point", "coordinates": [2.00722, 40.854099]}, "properties": {"var_data": [0.088, 0.208, 0.021, 0.006, 0.457, -0.0, 4, 4, 1, 1, 1]}}, {"type": "Feature", "geometry": {"type": "Point", "coordinates": [2.04256, 40.854099]}, "properties": {"var_data": [0.047, 0.173, 0.019, 0.006, 0.479, -0.0, 4, 4, 1, 1, 1]}}, {"type": "Feature", "geometry": {"type": "Point", "coordinates": [2.0779, 40.854099]}, "properties": {"var_data": [-0.033, 0.136, 0.017, 0.005, 0.423, -0.0, 4, 4, 1, 1, 1]}}, {"type": "Feature", "geometry": {"type": "Point", "coordinates": [2.11324, 40.854099]}, "properties": {"var_data": [0.028, 0.212, 0.021, 0.005, 0.514, -0.0, 1, 1, 1, 1, 1]}}, {"type": "Feature", "geometry": {"type": "Point", "coordinates": [2.14858, 40.854099]}, "properties": {"var_data": [0.06, 0.204, 0.022, 0.006, 0.532, -0.0, 1, 1, 1, 1, 1]}}, {"type": "Feature", "geometry": {"type": "Point", "coordinates": [2.18392, 40.854099]}, "properties": {"var_data": [0.017, 0.19, 0.022, 0.006, 0.554, -0.0, 1, 1, 1, 1, 1]}}, {"type": "Feature", "geometry": {"type": "Point", "coordinates": [2.21926, 40.854099]}, "properties": {"var_data": [0.111, 0.19, 0.044, 0.012, 0.607, 0.0, 1, 1, 1, 1, 1]}}, {"type": "Feature", "geometry": {"type": "Point", "coordinates": [2.2546, 40.854099]}, "properties": {"var_data": [-0.013, 0.043, 0.036, 0.01, 0.453, 0.0, 1, 1, 1, 1, 1]}}, {"type": "Feature", "geometry": {"type": "Point", "coordinates": [2.28994, 40.854099]}, "properties": {"var_data": [-0.028, -0.017, 0.039, 0.021, 0.504, 0.0, 1, 1, 1, 1, 1]}}, {"type": "Feature", "geometry": {"type": "Point", "coordinates": [2.32528, 40.854099]}, "properties": {"var_data": [-0.078, -0.041, 0.023, 0.006, 0.544, -0.0, 1, 1, 1, 1, 1]}}, {"type": "Feature", "geometry": {"type": "Point", "coordinates": [2.36062, 40.854099]}, "properties": {"var_data": [-0.06, -0.074, 0.02, 0.006, 0.472, -0.0, 1, 1, 1, 1, 1]}}, {"type": "Feature", "geometry": {"type": "Point", "coordinates": [2.39596, 40.854099]}, "properties": {"var_data": [-0.079, -0.106, 0.038, 0.023, 0.617, 0.001, 1, 1, 1, 1, 1]}}, {"type": "Feature", "geometry": {"type": "Point", "coordinates": [2.4313, 40.854099]}, "properties": {"var_data": [-0.125, -0.142, 0.041, 0.024, 0.655, 0.001, 1, 1, 1, 1, 1]}}, {"type": "Feature", "geometry": {"type": "Point", "coordinates": [2.46664, 40.854099]}, "properties": {"var_data": [-0.172, -0.176, 0.041, 0.024, 0.687, 0.001, 1, 1, 1, 1, 1]}}, {"type": "Feature", "geometry": {"type": "Point", "coordinates": [2.50198, 40.854099]}, "properties": {"var_data": [-0.079, -0.113, 0.052, 0.03, 1.105, 0.001, 1, 1, 1, 1, 1]}}, {"type": "Feature", "geometry": {"type": "Point", "coordinates": [2.53732, 40.854099]}, "properties": {"var_data": [-0.021, -0.038, 0.071, 0.058, 1.276, 0.004, 1, 1, 1, 1, 1]}}, {"type": "Feature", "geometry": {"type": "Point", "coordinates": [2.57266, 40.854099]}, "properties": {"var_data": [-0.053, -0.086, 0.077, 0.062, 1.179, 0.005, 1, 1, 1, 1, 1]}}, {"type": "Feature", "geometry": {"type": "Point", "coordinates": [2.608, 40.854099]}, "properties": {"var_data": [0.106, 0.043, 0.114, 0.094, 1.245, 0.011, 1, 1, 1, 1, 1]}}, {"type": "Feature", "geometry": {"type": "Point", "coordinates": [2.64334, 40.854099]}, "properties": {"var_data": [0.126, 0.03, 0.027, 0.025, 1.245, 0.001, 1, 1, 1, 1, 1]}}, {"type": "Feature", "geometry": {"type": "Point", "coordinates": [1.0177, 40.8811]}, "properties": {"var_data": [0.005, 0.384, 0.164, 0.283, 4.932, -0.046, 4, 0, 4, 1, 1]}}, {"type": "Feature", "geometry": {"type": "Point", "coordinates": [1.05304, 40.8811]}, "properties": {"var_data": [-0.303, 0.669, 0.087, 0.13, 5.331, -0.011, 4, 0, 4, 1, 1]}}, {"type": "Feature", "geometry": {"type": "Point", "coordinates": [1.08838, 40.8811]}, "properties": {"var_data": [-0.194, 0.46, 0.032, 0.045, 3.102, -0.001, 4, 0, 4, 1, 1]}}, {"type": "Feature", "geometry": {"type": "Point", "coordinates": [1.12372, 40.8811]}, "properties": {"var_data": [-0.227, 0.469, 0.036, 0.049, 2.782, -0.002, 4, 0, 4, 1, 1]}}, {"type": "Feature", "geometry": {"type": "Point", "coordinates": [1.15906, 40.8811]}, "properties": {"var_data": [-0.172, 0.384, 0.037, 0.05, 2.724, -0.002, 4, 0, 4, 1, 1]}}, {"type": "Feature", "geometry": {"type": "Point", "coordinates": [1.1944, 40.8811]}, "properties": {"var_data": [-0.309, 0.51, 0.048, 0.059, 2.49, -0.003, 4, 0, 4, 1, 1]}}, {"type": "Feature", "geometry": {"type": "Point", "coordinates": [1.22974, 40.8811]}, "properties": {"var_data": [-0.288, 0.47, 0.139, 0.183, 2.225, -0.025, 4, 0, 4, 1, 1]}}, {"type": "Feature", "geometry": {"type": "Point", "coordinates": [1.26508, 40.8811]}, "properties": {"var_data": [-0.324, 0.492, 0.153, 0.201, 2.62, -0.031, 4, 0, 4, 1, 1]}}, {"type": "Feature", "geometry": {"type": "Point", "coordinates": [1.30042, 40.8811]}, "properties": {"var_data": [-0.46, 0.63, 0.164, 0.172, 4.811, -0.028, 4, 0, 4, 1, 1]}}, {"type": "Feature", "geometry": {"type": "Point", "coordinates": [1.33576, 40.8811]}, "properties": {"var_data": [0.003, 0.086, 0.067, 0.068, 1.216, -0.005, 1, 0, 1, 1, 1]}}, {"type": "Feature", "geometry": {"type": "Point", "coordinates": [1.3711, 40.8811]}, "properties": {"var_data": [-0.041, 0.109, 0.034, 0.027, 1.18, -0.001, 1, 0, 1, 1, 1]}}, {"type": "Feature", "geometry": {"type": "Point", "coordinates": [1.40644, 40.8811]}, "properties": {"var_data": [0.022, 0.067, 0.036, 0.029, 1.459, -0.001, 1, 0, 1, 1, 1]}}, {"type": "Feature", "geometry": {"type": "Point", "coordinates": [1.44178, 40.8811]}, "properties": {"var_data": [-0.087, 0.123, 0.026, 0.014, 0.984, -0.0, 1, 0, 1, 1, 1]}}, {"type": "Feature", "geometry": {"type": "Point", "coordinates": [1.47712, 40.8811]}, "properties": {"var_data": [-0.188, 0.158, 0.024, 0.014, 1.041, -0.0, 1, 0, 1, 1, 1]}}, {"type": "Feature", "geometry": {"type": "Point", "coordinates": [1.51246, 40.8811]}, "properties": {"var_data": [-0.111, 0.069, 0.023, 0.013, 0.756, -0.0, 1, 0, 1, 1, 1]}}, {"type": "Feature", "geometry": {"type": "Point", "coordinates": [1.5478, 40.8811]}, "properties": {"var_data": [-0.026, -0.006, 0.025, 0.011, 0.712, -0.0, 1, 0, 1, 1, 1]}}, {"type": "Feature", "geometry": {"type": "Point", "coordinates": [1.58314, 40.8811]}, "properties": {"var_data": [0.115, -0.075, 0.035, 0.015, 0.65, -0.0, 1, 0, 1, 1, 1]}}, {"type": "Feature", "geometry": {"type": "Point", "coordinates": [1.61848, 40.8811]}, "properties": {"var_data": [0.21, -0.098, 0.07, 0.035, 0.672, -0.002, 1, 0, 1, 1, 1]}}, {"type": "Feature", "geometry": {"type": "Point", "coordinates": [1.65382, 40.8811]}, "properties": {"var_data": [0.34, -0.097, 0.134, 0.062, 0.752, -0.008, 1, 0, 1, 1, 1]}}, {"type": "Feature", "geometry": {"type": "Point", "coordinates": [1.68916, 40.8811]}, "properties": {"var_data": [0.259, 0.01, 0.107, 0.042, 0.724, -0.004, 1, 0, 1, 1, 1]}}, {"type": "Feature", "geometry": {"type": "Point", "coordinates": [1.7245, 40.8811]}, "properties": {"var_data": [0.125, 0.097, 0.021, 0.008, 0.856, 0.0, 1, 0, 1, 1, 1]}}, {"type": "Feature", "geometry": {"type": "Point", "coordinates": [1.75984, 40.8811]}, "properties": {"var_data": [0.017, 0.159, 0.022, 0.008, 0.972, 0.0, 1, 0, 1, 1, 1]}}, {"type": "Feature", "geometry": {"type": "Point", "coordinates": [1.79518, 40.8811]}, "properties": {"var_data": [0.083, 0.177, 0.025, 0.008, 0.747, 0.0, 1, 0, 1, 1, 1]}}, {"type": "Feature", "geometry": {"type": "Point", "coordinates": [1.83052, 40.8811]}, "properties": {"var_data": [0.325, 0.198, 0.026, 0.009, 0.612, 0.0, 1, 0, 1, 1, 1]}}, {"type": "Feature", "geometry": {"type": "Point", "coordinates": [1.86586, 40.8811]}, "properties": {"var_data": [0.327, 0.215, 0.038, 0.01, 0.578, -0.0, 1, 0, 1, 1, 1]}}, {"type": "Feature", "geometry": {"type": "Point", "coordinates": [1.9012, 40.8811]}, "properties": {"var_data": [0.27, 0.229, 0.035, 0.01, 0.515, -0.0, 1, 1, 1, 1, 1]}}, {"type": "Feature", "geometry": {"type": "Point", "coordinates": [1.93654, 40.8811]}, "properties": {"var_data": [0.302, 0.264, 0.024, 0.008, 0.561, -0.0, 1, 1, 1, 1, 1]}}, {"type": "Feature", "geometry": {"type": "Point", "coordinates": [1.97188, 40.8811]}, "properties": {"var_data": [0.239, 0.265, 0.023, 0.008, 0.453, 0.0, 1, 1, 1, 1, 1]}}, {"type": "Feature", "geometry": {"type": "Point", "coordinates": [2.00722, 40.8811]}, "properties": {"var_data": [0.023, 0.201, 0.017, 0.007, 0.425, -0.0, 1, 1, 1, 1, 1]}}, {"type": "Feature", "geometry": {"type": "Point", "coordinates": [2.04256, 40.8811]}, "properties": {"var_data": [-0.021, 0.158, 0.018, 0.005, 0.404, -0.0, 4, 4, 1, 1, 1]}}, {"type": "Feature", "geometry": {"type": "Point", "coordinates": [2.0779, 40.8811]}, "properties": {"var_data": [-0.064, 0.133, 0.018, 0.005, 0.414, -0.0, 4, 4, 1, 1, 1]}}, {"type": "Feature", "geometry": {"type": "Point", "coordinates": [2.11324, 40.8811]}, "properties": {"var_data": [-0.052, 0.159, 0.019, 0.005, 0.444, -0.0, 1, 1, 1, 1, 1]}}, {"type": "Feature", "geometry": {"type": "Point", "coordinates": [2.14858, 40.8811]}, "properties": {"var_data": [0.087, 0.251, 0.022, 0.006, 0.519, -0.0, 1, 0, 1, 1, 1]}}, {"type": "Feature", "geometry": {"type": "Point", "coordinates": [2.18392, 40.8811]}, "properties": {"var_data": [0.052, 0.2, 0.025, 0.009, 0.549, -0.0, 1, 0, 1, 1, 1]}}, {"type": "Feature", "geometry": {"type": "Point", "coordinates": [2.21926, 40.8811]}, "properties": {"var_data": [0.04, 0.175, 0.04, 0.017, 0.533, 0.0, 1, 1, 1, 1, 1]}}, {"type": "Feature", "geometry": {"type": "Point", "coordinates": [2.2546, 40.8811]}, "properties": {"var_data": [-0.003, 0.069, 0.043, 0.013, 0.501, 0.001, 1, 1, 1, 1, 1]}}, {"type": "Feature", "geometry": {"type": "Point", "coordinates": [2.28994, 40.8811]}, "properties": {"var_data": [-0.053, -0.01, 0.014, 0.004, 0.423, 0.0, 1, 1, 1, 1, 1]}}, {"type": "Feature", "geometry": {"type": "Point", "coordinates": [2.32528, 40.8811]}, "properties": {"var_data": [-0.003, -0.003, 0.014, 0.004, 0.445, 0.0, 1, 1, 1, 1, 1]}}, {"type": "Feature", "geometry": {"type": "Point", "coordinates": [2.36062, 40.8811]}, "properties": {"var_data": [-0.03, -0.03, 0.016, 0.005, 0.438, -0.0, 1, 1, 1, 1, 1]}}, {"type": "Feature", "geometry": {"type": "Point", "coordinates": [2.39596, 40.8811]}, "properties": {"var_data": [-0.084, -0.098, 0.014, 0.005, 0.519, -0.0, 1, 1, 1, 1, 1]}}, {"type": "Feature", "geometry": {"type": "Point", "coordinates": [2.4313, 40.8811]}, "properties": {"var_data": [-0.094, -0.139, 0.041, 0.023, 0.614, 0.001, 1, 1, 1, 1, 1]}}, {"type": "Feature", "geometry": {"type": "Point", "coordinates": [2.46664, 40.8811]}, "properties": {"var_data": [-0.162, -0.186, 0.05, 0.029, 0.789, 0.001, 1, 1, 1, 1, 1]}}, {"type": "Feature", "geometry": {"type": "Point", "coordinates": [2.50198, 40.8811]}, "properties": {"var_data": [-0.219, -0.247, 0.06, 0.049, 0.884, 0.003, 1, 1, 1, 1, 1]}}, {"type": "Feature", "geometry": {"type": "Point", "coordinates": [2.53732, 40.8811]}, "properties": {"var_data": [-0.13, -0.173, 0.07, 0.054, 0.873, 0.004, 1, 1, 1, 1, 1]}}, {"type": "Feature", "geometry": {"type": "Point", "coordinates": [2.57266, 40.8811]}, "properties": {"var_data": [-0.103, -0.164, 0.091, 0.076, 1.178, 0.007, 1, 1, 1, 1, 1]}}, {"type": "Feature", "geometry": {"type": "Point", "coordinates": [2.608, 40.8811]}, "properties": {"var_data": [0.008, -0.063, 0.067, 0.056, 1.073, 0.004, 1, 1, 1, 1, 1]}}, {"type": "Feature", "geometry": {"type": "Point", "coordinates": [2.64334, 40.8811]}, "properties": {"var_data": [0.064, 0.002, 0.037, 0.032, 1.243, 0.001, 1, 1, 1, 1, 1]}}, {"type": "Feature", "geometry": {"type": "Point", "coordinates": [2.67868, 40.8811]}, "properties": {"var_data": [-0.038, -0.173, 0.025, 0.024, 1.301, 0.001, 1, 1, 1, 1, 1]}}, {"type": "Feature", "geometry": {"type": "Point", "coordinates": [2.71402, 40.8811]}, "properties": {"var_data": [-0.047, -0.212, 0.022, 0.022, 1.439, 0.0, 1, 1, 1, 1, 1]}}, {"type": "Feature", "geometry": {"type": "Point", "coordinates": [2.74936, 40.8811]}, "properties": {"var_data": [-0.293, -0.606, 0.027, 0.046, 2.067, 0.001, 4, 4, 4, 1, 1]}}, {"type": "Feature", "geometry": {"type": "Point", "coordinates": [0.98236, 40.9081]}, "properties": {"var_data": [-0.592, 1.492, 0.425, 0.682, 6.369, -0.285, 4, 0, 4, 1, 1]}}, {"type": "Feature", "geometry": {"type": "Point", "coordinates": [1.0177, 40.9081]}, "properties": {"var_data": [-0.915, 2.142, 0.372, 0.654, 7.454, -0.243, 4, 0, 4, 1, 4]}}, {"type": "Feature", "geometry": {"type": "Point", "coordinates": [1.05304, 40.9081]}, "properties": {"var_data": [0.176, 0.149, 0.176, 0.306, 4.599, -0.054, 4, 0, 4, 1, 1]}}, {"type": "Feature", "geometry": {"type": "Point", "coordinates": [1.08838, 40.9081]}, "properties": {"var_data": [-0.341, 0.679, 0.235, 0.406, 5.634, -0.095, 4, 0, 4, 1, 1]}}, {"type": "Feature", "geometry": {"type": "Point", "coordinates": [1.12372, 40.9081]}, "properties": {"var_data": [-0.213, 0.457, 0.032, 0.044, 2.39, -0.001, 4, 0, 4, 1, 1]}}, {"type": "Feature", "geometry": {"type": "Point", "coordinates": [1.15906, 40.9081]}, "properties": {"var_data": [-0.294, 0.55, 0.04, 0.05, 2.471, -0.002, 4, 0, 4, 1, 1]}}, {"type": "Feature", "geometry": {"type": "Point", "coordinates": [1.1944, 40.9081]}, "properties": {"var_data": [-0.231, 0.391, 0.108, 0.161, 2.253, -0.017, 4, 0, 4, 1, 1]}}, {"type": "Feature", "geometry": {"type": "Point", "coordinates": [1.22974, 40.9081]}, "properties": {"var_data": [-0.193, 0.322, 0.186, 0.253, 3.029, -0.047, 4, 0, 4, 1, 1]}}, {"type": "Feature", "geometry": {"type": "Point", "coordinates": [1.26508, 40.9081]}, "properties": {"var_data": [-0.185, 0.285, 0.165, 0.223, 3.308, -0.037, 4, 0, 4, 1, 1]}}, {"type": "Feature", "geometry": {"type": "Point", "coordinates": [1.30042, 40.9081]}, "properties": {"var_data": [-0.227, 0.316, 0.158, 0.217, 3.395, -0.034, 4, 0, 4, 1, 1]}}, {"type": "Feature", "geometry": {"type": "Point", "coordinates": [1.33576, 40.9081]}, "properties": {"var_data": [-0.07, 0.131, 0.03, 0.026, 1.292, -0.001, 1, 0, 1, 1, 1]}}, {"type": "Feature", "geometry": {"type": "Point", "coordinates": [1.3711, 40.9081]}, "properties": {"var_data": [-0.075, 0.121, 0.032, 0.026, 1.137, -0.001, 1, 0, 1, 1, 1]}}, {"type": "Feature", "geometry": {"type": "Point", "coordinates": [1.40644, 40.9081]}, "properties": {"var_data": [-0.159, 0.162, 0.031, 0.025, 1.134, -0.001, 1, 0, 1, 1, 1]}}, {"type": "Feature", "geometry": {"type": "Point", "coordinates": [1.44178, 40.9081]}, "properties": {"var_data": [-0.238, 0.2, 0.047, 0.031, 1.034, -0.001, 1, 0, 1, 1, 1]}}, {"type": "Feature", "geometry": {"type": "Point", "coordinates": [1.47712, 40.9081]}, "properties": {"var_data": [-0.311, 0.195, 0.024, 0.014, 1.037, -0.0, 1, 0, 1, 1, 1]}}, {"type": "Feature", "geometry": {"type": "Point", "coordinates": [1.51246, 40.9081]}, "properties": {"var_data": [-0.021, -0.04, 0.02, 0.011, 0.753, -0.0, 1, 0, 1, 1, 1]}}, {"type": "Feature", "geometry": {"type": "Point", "coordinates": [1.5478, 40.9081]}, "properties": {"var_data": [0.054, -0.088, 0.025, 0.015, 0.704, -0.0, 1, 0, 1, 1, 1]}}, {"type": "Feature", "geometry": {"type": "Point", "coordinates": [1.58314, 40.9081]}, "properties": {"var_data": [0.167, -0.171, 0.024, 0.015, 0.591, -0.0, 1, 0, 1, 1, 1]}}, {"type": "Feature", "geometry": {"type": "Point", "coordinates": [1.61848, 40.9081]}, "properties": {"var_data": [0.241, -0.165, 0.025, 0.015, 0.575, -0.0, 1, 0, 1, 1, 1]}}, {"type": "Feature", "geometry": {"type": "Point", "coordinates": [1.65382, 40.9081]}, "properties": {"var_data": [0.27, -0.117, 0.107, 0.048, 0.689, -0.005, 1, 0, 1, 1, 1]}}, {"type": "Feature", "geometry": {"type": "Point", "coordinates": [1.68916, 40.9081]}, "properties": {"var_data": [0.161, -0.03, 0.019, 0.008, 0.663, 0.0, 1, 0, 1, 1, 1]}}, {"type": "Feature", "geometry": {"type": "Point", "coordinates": [1.7245, 40.9081]}, "properties": {"var_data": [0.063, 0.068, 0.021, 0.009, 0.908, 0.0, 1, 0, 1, 1, 1]}}, {"type": "Feature", "geometry": {"type": "Point", "coordinates": [1.75984, 40.9081]}, "properties": {"var_data": [0.054, 0.112, 0.021, 0.008, 0.757, 0.0, 1, 0, 1, 1, 1]}}, {"type": "Feature", "geometry": {"type": "Point", "coordinates": [1.79518, 40.9081]}, "properties": {"var_data": [0.179, 0.122, 0.025, 0.009, 0.622, 0.0, 1, 0, 1, 1, 1]}}, {"type": "Feature", "geometry": {"type": "Point", "coordinates": [1.83052, 40.9081]}, "properties": {"var_data": [0.236, 0.136, 0.086, 0.013, 0.618, -0.001, 1, 0, 1, 1, 1]}}, {"type": "Feature", "geometry": {"type": "Point", "coordinates": [1.86586, 40.9081]}, "properties": {"var_data": [0.134, 0.165, 0.012, 0.008, 0.465, -0.0, 1, 0, 1, 1, 1]}}, {"type": "Feature", "geometry": {"type": "Point", "coordinates": [1.9012, 40.9081]}, "properties": {"var_data": [0.151, 0.21, 0.011, 0.007, 0.44, -0.0, 1, 0, 1, 1, 1]}}, {"type": "Feature", "geometry": {"type": "Point", "coordinates": [1.93654, 40.9081]}, "properties": {"var_data": [0.117, 0.229, 0.014, 0.009, 0.414, -0.0, 1, 0, 1, 1, 1]}}, {"type": "Feature", "geometry": {"type": "Point", "coordinates": [1.97188, 40.9081]}, "properties": {"var_data": [0.141, 0.235, 0.027, 0.01, 0.431, 0.0, 1, 1, 1, 1, 1]}}, {"type": "Feature", "geometry": {"type": "Point", "coordinates": [2.00722, 40.9081]}, "properties": {"var_data": [0.078, 0.202, 0.02, 0.008, 0.401, 0.0, 1, 0, 1, 1, 1]}}, {"type": "Feature", "geometry": {"type": "Point", "coordinates": [2.04256, 40.9081]}, "properties": {"var_data": [-0.041, 0.156, 0.019, 0.005, 0.39, -0.0, 1, 0, 1, 1, 1]}}, {"type": "Feature", "geometry": {"type": "Point", "coordinates": [2.0779, 40.9081]}, "properties": {"var_data": [-0.018, 0.136, 0.021, 0.006, 0.38, -0.0, 1, 1, 1, 1, 1]}}, {"type": "Feature", "geometry": {"type": "Point", "coordinates": [2.11324, 40.9081]}, "properties": {"var_data": [0.011, 0.177, 0.025, 0.006, 0.434, -0.0, 1, 0, 1, 1, 1]}}, {"type": "Feature", "geometry": {"type": "Point", "coordinates": [2.14858, 40.9081]}, "properties": {"var_data": [-0.031, 0.184, 0.024, 0.006, 0.504, -0.0, 1, 0, 1, 1, 1]}}, {"type": "Feature", "geometry": {"type": "Point", "coordinates": [2.18392, 40.9081]}, "properties": {"var_data": [0.026, 0.177, 0.04, 0.015, 0.535, 0.0, 1, 1, 1, 1, 1]}}, {"type": "Feature", "geometry": {"type": "Point", "coordinates": [2.21926, 40.9081]}, "properties": {"var_data": [-0.007, 0.137, 0.039, 0.011, 0.49, 0.0, 1, 1, 1, 1, 1]}}, {"type": "Feature", "geometry": {"type": "Point", "coordinates": [2.2546, 40.9081]}, "properties": {"var_data": [-0.025, 0.076, 0.033, 0.01, 0.457, 0.0, 1, 1, 1, 1, 1]}}, {"type": "Feature", "geometry": {"type": "Point", "coordinates": [2.28994, 40.9081]}, "properties": {"var_data": [0.02, 0.046, 0.014, 0.004, 0.394, 0.0, 1, 1, 1, 1, 1]}}, {"type": "Feature", "geometry": {"type": "Point", "coordinates": [2.32528, 40.9081]}, "properties": {"var_data": [0.006, 0.044, 0.013, 0.004, 0.428, 0.0, 1, 1, 1, 1, 1]}}, {"type": "Feature", "geometry": {"type": "Point", "coordinates": [2.36062, 40.9081]}, "properties": {"var_data": [0.021, 0.014, 0.016, 0.005, 0.451, -0.0, 1, 1, 1, 1, 1]}}, {"type": "Feature", "geometry": {"type": "Point", "coordinates": [2.39596, 40.9081]}, "properties": {"var_data": [0.013, 0.013, 0.015, 0.005, 0.504, -0.0, 1, 1, 1, 1, 1]}}, {"type": "Feature", "geometry": {"type": "Point", "coordinates": [2.4313, 40.9081]}, "properties": {"var_data": [-0.076, -0.106, 0.058, 0.035, 0.701, 0.002, 1, 1, 1, 1, 1]}}, {"type": "Feature", "geometry": {"type": "Point", "coordinates": [2.46664, 40.9081]}, "properties": {"var_data": [-0.153, -0.203, 0.054, 0.035, 0.702, 0.002, 1, 1, 1, 1, 1]}}, {"type": "Feature", "geometry": {"type": "Point", "coordinates": [2.50198, 40.9081]}, "properties": {"var_data": [-0.149, -0.214, 0.061, 0.042, 0.779, 0.002, 1, 1, 1, 1, 1]}}, {"type": "Feature", "geometry": {"type": "Point", "coordinates": [2.53732, 40.9081]}, "properties": {"var_data": [-0.193, -0.286, 0.069, 0.052, 0.794, 0.003, 1, 1, 1, 1, 1]}}, {"type": "Feature", "geometry": {"type": "Point", "coordinates": [2.57266, 40.9081]}, "properties": {"var_data": [-0.143, -0.236, 0.076, 0.068, 1.087, 0.005, 1, 1, 1, 1, 1]}}, {"type": "Feature", "geometry": {"type": "Point", "coordinates": [2.608, 40.9081]}, "properties": {"var_data": [0.012, -0.065, 0.07, 0.059, 1.093, 0.004, 1, 1, 1, 1, 1]}}, {"type": "Feature", "geometry": {"type": "Point", "coordinates": [2.64334, 40.9081]}, "properties": {"var_data": [0.036, -0.082, 0.038, 0.033, 1.138, 0.001, 1, 1, 1, 1, 1]}}, {"type": "Feature", "geometry": {"type": "Point", "coordinates": [2.67868, 40.9081]}, "properties": {"var_data": [0.134, 0.015, 0.032, 0.029, 1.028, 0.001, 1, 1, 1, 1, 1]}}, {"type": "Feature", "geometry": {"type": "Point", "coordinates": [2.71402, 40.9081]}, "properties": {"var_data": [-0.12, -0.305, 0.025, 0.023, 1.169, 0.001, 1, 1, 1, 1, 1]}}, {"type": "Feature", "geometry": {"type": "Point", "coordinates": [2.74936, 40.9081]}, "properties": {"var_data": [-0.322, -0.619, 0.041, 0.051, 1.415, 0.002, 4, 4, 1, 1, 1]}}, {"type": "Feature", "geometry": {"type": "Point", "coordinates": [2.7847, 40.9081]}, "properties": {"var_data": [-0.33, -0.661, 0.047, 0.056, 1.592, 0.003, 4, 4, 1, 1, 1]}}, {"type": "Feature", "geometry": {"type": "Point", "coordinates": [2.82004, 40.9081]}, "properties": {"var_data": [-0.039, -0.211, 0.027, 0.035, 1.057, 0.001, 1, 1, 1, 1, 1]}}, {"type": "Feature", "geometry": {"type": "Point", "coordinates": [2.85538, 40.9081]}, "properties": {"var_data": [-0.055, -0.215, 0.026, 0.035, 1.054, 0.001, 1, 1, 1, 1, 1]}}, {"type": "Feature", "geometry": {"type": "Point", "coordinates": [0.94702, 40.935101]}, "properties": {"var_data": [0.597, -0.432, 0.813, 1.593, 7.436, -1.286, 4, 0, 4, 1, 1]}}, {"type": "Feature", "geometry": {"type": "Point", "coordinates": [0.98236, 40.935101]}, "properties": {"var_data": [0.237, 0.379, 0.845, 1.665, 7.793, -1.398, 4, 0, 4, 1, 1]}}, {"type": "Feature", "geometry": {"type": "Point", "coordinates": [1.0177, 40.935101]}, "properties": {"var_data": [0.29, 0.179, 0.641, 1.133, 8.388, -0.726, 4, 0, 4, 1, 1]}}, {"type": "Feature", "geometry": {"type": "Point", "coordinates": [1.05304, 40.935101]}, "properties": {"var_data": [-1.168, 2.503, 0.47, 0.833, 8.601, -0.392, 4, 0, 4, 1, 4]}}, {"type": "Feature", "geometry": {"type": "Point", "coordinates": [1.08838, 40.935101]}, "properties": {"var_data": [-0.271, 0.755, 0.363, 0.644, 3.918, -0.233, 4, 0, 4, 1, 1]}}, {"type": "Feature", "geometry": {"type": "Point", "coordinates": [1.12372, 40.935101]}, "properties": {"var_data": [-0.321, 0.736, 1.227, 2.17, 5.094, -2.662, 4, 0, 4, 1, 1]}}, {"type": "Feature", "geometry": {"type": "Point", "coordinates": [1.15906, 40.935101]}, "properties": {"var_data": [-0.548, 0.911, 0.18, 0.304, 3.363, -0.054, 4, 0, 4, 1, 1]}}, {"type": "Feature", "geometry": {"type": "Point", "coordinates": [1.1944, 40.935101]}, "properties": {"var_data": [-0.263, 0.439, 0.139, 0.225, 2.824, -0.031, 4, 0, 4, 1, 1]}}, {"type": "Feature", "geometry": {"type": "Point", "coordinates": [1.22974, 40.935101]}, "properties": {"var_data": [-0.364, 0.536, 0.119, 0.191, 2.266, -0.023, 4, 0, 4, 1, 1]}}, {"type": "Feature", "geometry": {"type": "Point", "coordinates": [1.26508, 40.935101]}, "properties": {"var_data": [-0.422, 0.584, 0.103, 0.152, 2.454, -0.016, 4, 0, 4, 1, 1]}}, {"type": "Feature", "geometry": {"type": "Point", "coordinates": [1.30042, 40.935101]}, "properties": {"var_data": [-0.311, 0.418, 0.165, 0.23, 2.924, -0.038, 4, 0, 4, 1, 1]}}, {"type": "Feature", "geometry": {"type": "Point", "coordinates": [1.33576, 40.935101]}, "properties": {"var_data": [-0.298, 0.41, 0.086, 0.116, 2.125, -0.01, 4, 0, 4, 1, 1]}}, {"type": "Feature", "geometry": {"type": "Point", "coordinates": [1.3711, 40.935101]}, "properties": {"var_data": [-0.129, 0.146, 0.024, 0.021, 1.021, -0.0, 1, 0, 1, 1, 1]}}, {"type": "Feature", "geometry": {"type": "Point", "coordinates": [1.40644, 40.935101]}, "properties": {"var_data": [-0.24, 0.187, 0.041, 0.027, 1.117, -0.001, 1, 0, 1, 1, 1]}}, {"type": "Feature", "geometry": {"type": "Point", "coordinates": [1.44178, 40.935101]}, "properties": {"var_data": [-0.271, 0.203, 0.036, 0.027, 1.168, -0.001, 1, 0, 1, 1, 1]}}, {"type": "Feature", "geometry": {"type": "Point", "coordinates": [1.47712, 40.935101]}, "properties": {"var_data": [-0.355, 0.245, 0.057, 0.047, 1.069, -0.003, 1, 0, 1, 1, 1]}}, {"type": "Feature", "geometry": {"type": "Point", "coordinates": [1.51246, 40.935101]}, "properties": {"var_data": [0.149, -0.195, 0.024, 0.016, 0.812, -0.0, 1, 0, 1, 1, 1]}}, {"type": "Feature", "geometry": {"type": "Point", "coordinates": [1.5478, 40.935101]}, "properties": {"var_data": [0.157, -0.196, 0.023, 0.016, 0.716, -0.0, 1, 0, 1, 1, 1]}}, {"type": "Feature", "geometry": {"type": "Point", "coordinates": [1.58314, 40.935101]}, "properties": {"var_data": [0.18, -0.193, 0.023, 0.015, 0.555, -0.0, 1, 0, 1, 1, 1]}}, {"type": "Feature", "geometry": {"type": "Point", "coordinates": [1.61848, 40.935101]}, "properties": {"var_data": [0.218, -0.2, 0.026, 0.015, 0.551, -0.0, 1, 0, 1, 1, 1]}}, {"type": "Feature", "geometry": {"type": "Point", "coordinates": [1.65382, 40.935101]}, "properties": {"var_data": [0.116, -0.118, 0.013, 0.007, 0.516, -0.0, 1, 0, 1, 1, 1]}}, {"type": "Feature", "geometry": {"type": "Point", "coordinates": [1.68916, 40.935101]}, "properties": {"var_data": [0.12, -0.079, 0.016, 0.008, 0.565, -0.0, 1, 0, 1, 1, 1]}}, {"type": "Feature", "geometry": {"type": "Point", "coordinates": [1.7245, 40.935101]}, "properties": {"var_data": [0.08, 0.024, 0.017, 0.007, 0.594, 0.0, 1, 0, 1, 1, 1]}}, {"type": "Feature", "geometry": {"type": "Point", "coordinates": [1.75984, 40.935101]}, "properties": {"var_data": [0.116, 0.046, 0.017, 0.007, 0.502, 0.0, 1, 0, 1, 1, 1]}}, {"type": "Feature", "geometry": {"type": "Point", "coordinates": [1.79518, 40.935101]}, "properties": {"var_data": [0.104, 0.072, 0.026, 0.011, 0.501, -0.0, 1, 0, 1, 1, 1]}}, {"type": "Feature", "geometry": {"type": "Point", "coordinates": [1.83052, 40.935101]}, "properties": {"var_data": [0.046, 0.111, 0.006, 0.005, 0.412, 0.0, 1, 0, 1, 1, 1]}}, {"type": "Feature", "geometry": {"type": "Point", "coordinates": [1.86586, 40.935101]}, "properties": {"var_data": [0.054, 0.14, 0.005, 0.004, 0.398, -0.0, 1, 0, 1, 1, 1]}}, {"type": "Feature", "geometry": {"type": "Point", "coordinates": [1.9012, 40.935101]}, "properties": {"var_data": [0.066, 0.165, 0.005, 0.004, 0.385, -0.0, 1, 0, 1, 1, 1]}}, {"type": "Feature", "geometry": {"type": "Point", "coordinates": [1.93654, 40.935101]}, "properties": {"var_data": [0.058, 0.201, 0.008, 0.005, 0.356, -0.0, 1, 0, 1, 1, 1]}}, {"type": "Feature", "geometry": {"type": "Point", "coordinates": [1.97188, 40.935101]}, "properties": {"var_data": [0.077, 0.221, 0.012, 0.007, 0.383, -0.0, 1, 0, 1, 1, 1]}}, {"type": "Feature", "geometry": {"type": "Point", "coordinates": [2.00722, 40.935101]}, "properties": {"var_data": [0.085, 0.223, 0.023, 0.008, 0.407, 0.0, 1, 0, 1, 1, 1]}}, {"type": "Feature", "geometry": {"type": "Point", "coordinates": [2.04256, 40.935101]}, "properties": {"var_data": [-0.037, 0.143, 0.018, 0.005, 0.361, 0.0, 1, 0, 1, 1, 1]}}, {"type": "Feature", "geometry": {"type": "Point", "coordinates": [2.0779, 40.935101]}, "properties": {"var_data": [-0.068, 0.133, 0.02, 0.006, 0.401, -0.0, 1, 0, 1, 1, 1]}}, {"type": "Feature", "geometry": {"type": "Point", "coordinates": [2.11324, 40.935101]}, "properties": {"var_data": [-0.052, 0.102, 0.023, 0.006, 0.395, -0.0, 1, 0, 1, 1, 1]}}, {"type": "Feature", "geometry": {"type": "Point", "coordinates": [2.14858, 40.935101]}, "properties": {"var_data": [0.006, 0.171, 0.027, 0.009, 0.471, 0.0, 1, 0, 1, 1, 1]}}, {"type": "Feature", "geometry": {"type": "Point", "coordinates": [2.18392, 40.935101]}, "properties": {"var_data": [0.007, 0.166, 0.036, 0.02, 0.555, 0.0, 1, 1, 1, 1, 1]}}, {"type": "Feature", "geometry": {"type": "Point", "coordinates": [2.21926, 40.935101]}, "properties": {"var_data": [-0.007, 0.115, 0.029, 0.009, 0.44, 0.0, 1, 1, 1, 1, 1]}}, {"type": "Feature", "geometry": {"type": "Point", "coordinates": [2.2546, 40.935101]}, "properties": {"var_data": [0.009, 0.109, 0.024, 0.008, 0.42, 0.0, 1, 1, 1, 1, 1]}}, {"type": "Feature", "geometry": {"type": "Point", "coordinates": [2.28994, 40.935101]}, "properties": {"var_data": [0.012, 0.082, 0.012, 0.004, 0.35, 0.0, 1, 1, 1, 1, 1]}}, {"type": "Feature", "geometry": {"type": "Point", "coordinates": [2.32528, 40.935101]}, "properties": {"var_data": [0.049, 0.082, 0.013, 0.004, 0.356, 0.0, 1, 1, 1, 1, 1]}}, {"type": "Feature", "geometry": {"type": "Point", "coordinates": [2.36062, 40.935101]}, "properties": {"var_data": [0.04, 0.047, 0.016, 0.005, 0.411, -0.0, 1, 1, 1, 1, 1]}}, {"type": "Feature", "geometry": {"type": "Point", "coordinates": [2.39596, 40.935101]}, "properties": {"var_data": [0.069, 0.04, 0.027, 0.015, 0.416, 0.0, 1, 1, 1, 1, 1]}}, {"type": "Feature", "geometry": {"type": "Point", "coordinates": [2.4313, 40.935101]}, "properties": {"var_data": [-0.042, -0.073, 0.039, 0.022, 0.566, 0.001, 1, 1, 1, 1, 1]}}, {"type": "Feature", "geometry": {"type": "Point", "coordinates": [2.46664, 40.935101]}, "properties": {"var_data": [-0.178, -0.207, 0.06, 0.037, 0.712, 0.002, 1, 1, 1, 1, 1]}}, {"type": "Feature", "geometry": {"type": "Point", "coordinates": [2.50198, 40.935101]}, "properties": {"var_data": [-0.2, -0.269, 0.067, 0.047, 0.789, 0.003, 1, 1, 1, 1, 1]}}, {"type": "Feature", "geometry": {"type": "Point", "coordinates": [2.53732, 40.935101]}, "properties": {"var_data": [-0.206, -0.302, 0.076, 0.062, 0.811, 0.005, 1, 1, 1, 1, 1]}}, {"type": "Feature", "geometry": {"type": "Point", "coordinates": [2.57266, 40.935101]}, "properties": {"var_data": [-0.131, -0.25, 0.069, 0.058, 0.86, 0.004, 1, 1, 1, 1, 1]}}, {"type": "Feature", "geometry": {"type": "Point", "coordinates": [2.608, 40.935101]}, "properties": {"var_data": [0.023, -0.072, 0.048, 0.048, 0.745, 0.002, 1, 1, 1, 1, 1]}}, {"type": "Feature", "geometry": {"type": "Point", "coordinates": [2.64334, 40.935101]}, "properties": {"var_data": [0.114, 0.005, 0.047, 0.045, 0.739, 0.002, 1, 1, 1, 1, 1]}}, {"type": "Feature", "geometry": {"type": "Point", "coordinates": [2.67868, 40.935101]}, "properties": {"var_data": [-0.025, -0.165, 0.06, 0.063, 1.032, 0.004, 1, 1, 1, 1, 1]}}, {"type": "Feature", "geometry": {"type": "Point", "coordinates": [2.71402, 40.935101]}, "properties": {"var_data": [-0.081, -0.275, 0.073, 0.085, 1.218, 0.006, 1, 1, 1, 1, 1]}}, {"type": "Feature", "geometry": {"type": "Point", "coordinates": [2.74936, 40.935101]}, "properties": {"var_data": [-0.196, -0.439, 0.072, 0.084, 1.307, 0.006, 1, 1, 1, 1, 1]}}, {"type": "Feature", "geometry": {"type": "Point", "coordinates": [2.7847, 40.935101]}, "properties": {"var_data": [-0.218, -0.55, 0.049, 0.06, 1.616, 0.003, 1, 1, 1, 1, 1]}}, {"type": "Feature", "geometry": {"type": "Point", "coordinates": [2.82004, 40.935101]}, "properties": {"var_data": [0.027, -0.178, 0.036, 0.046, 1.005, 0.002, 1, 1, 1, 1, 1]}}, {"type": "Feature", "geometry": {"type": "Point", "coordinates": [2.85538, 40.935101]}, "properties": {"var_data": [0.051, -0.064, 0.013, 0.03, 0.785, 0.0, 1, 1, 1, 1, 1]}}, {"type": "Feature", "geometry": {"type": "Point", "coordinates": [2.89072, 40.935101]}, "properties": {"var_data": [0.086, -0.05, 0.013, 0.03, 0.796, 0.0, 1, 1, 1, 1, 1]}}, {"type": "Feature", "geometry": {"type": "Point", "coordinates": [2.92606, 40.935101]}, "properties": {"var_data": [0.066, -0.122, 0.007, 0.014, 0.757, 0.0, 1, 1, 1, 1, 1]}}, {"type": "Feature", "geometry": {"type": "Point", "coordinates": [0.94702, 40.962101]}, "properties": {"var_data": [-0.011, 0.882, 0.285, 0.752, 6.726, -0.214, 4, 0, 4, 1, 1]}}, {"type": "Feature", "geometry": {"type": "Point", "coordinates": [0.98236, 40.962101]}, "properties": {"var_data": [0.237, 0.577, 0.871, 1.751, 7.886, -1.517, 4, 0, 4, 1, 1]}}, {"type": "Feature", "geometry": {"type": "Point", "coordinates": [1.0177, 40.962101]}, "properties": {"var_data": [-0.412, 1.706, 0.774, 1.603, 7.808, -1.235, 4, 0, 4, 1, 4]}}, {"type": "Feature", "geometry": {"type": "Point", "coordinates": [1.05304, 40.962101]}, "properties": {"var_data": [-0.626, 1.839, 0.357, 0.694, 6.286, -0.246, 4, 0, 4, 1, 4]}}, {"type": "Feature", "geometry": {"type": "Point", "coordinates": [1.08838, 40.962101]}, "properties": {"var_data": [-0.009, 0.44, 0.242, 0.475, 4.154, -0.114, 4, 0, 4, 1, 1]}}, {"type": "Feature", "geometry": {"type": "Point", "coordinates": [1.12372, 40.962101]}, "properties": {"var_data": [-0.602, 1.279, 0.19, 0.352, 3.826, -0.067, 4, 0, 4, 1, 1]}}, {"type": "Feature", "geometry": {"type": "Point", "coordinates": [1.15906, 40.962101]}, "properties": {"var_data": [-0.572, 1.182, 0.168, 0.294, 3.265, -0.049, 4, 0, 4, 1, 1]}}, {"type": "Feature", "geometry": {"type": "Point", "coordinates": [1.1944, 40.962101]}, "properties": {"var_data": [-0.033, 0.141, 0.145, 0.245, 2.906, -0.035, 4, 0, 4, 1, 1]}}, {"type": "Feature", "geometry": {"type": "Point", "coordinates": [1.22974, 40.962101]}, "properties": {"var_data": [-0.311, 0.446, 0.12, 0.195, 2.699, -0.023, 4, 0, 4, 1, 1]}}, {"type": "Feature", "geometry": {"type": "Point", "coordinates": [1.26508, 40.962101]}, "properties": {"var_data": [-0.424, 0.584, 0.136, 0.21, 2.068, -0.028, 4, 0, 4, 1, 1]}}, {"type": "Feature", "geometry": {"type": "Point", "coordinates": [1.30042, 40.962101]}, "properties": {"var_data": [-0.285, 0.4, 0.154, 0.228, 2.166, -0.035, 4, 0, 4, 1, 1]}}, {"type": "Feature", "geometry": {"type": "Point", "coordinates": [1.33576, 40.962101]}, "properties": {"var_data": [-0.207, 0.26, 0.076, 0.107, 1.627, -0.008, 1, 0, 1, 1, 1]}}, {"type": "Feature", "geometry": {"type": "Point", "coordinates": [1.3711, 40.962101]}, "properties": {"var_data": [-0.087, 0.102, 0.022, 0.021, 0.844, -0.0, 1, 0, 1, 1, 1]}}, {"type": "Feature", "geometry": {"type": "Point", "coordinates": [1.40644, 40.962101]}, "properties": {"var_data": [-0.142, 0.107, 0.024, 0.021, 0.803, -0.0, 1, 0, 1, 1, 1]}}, {"type": "Feature", "geometry": {"type": "Point", "coordinates": [1.44178, 40.962101]}, "properties": {"var_data": [-0.156, 0.121, 0.047, 0.04, 0.874, -0.002, 1, 0, 1, 1, 1]}}, {"type": "Feature", "geometry": {"type": "Point", "coordinates": [1.47712, 40.962101]}, "properties": {"var_data": [-0.306, 0.233, 0.049, 0.042, 1.231, -0.002, 1, 0, 1, 1, 1]}}, {"type": "Feature", "geometry": {"type": "Point", "coordinates": [1.51246, 40.962101]}, "properties": {"var_data": [0.151, -0.225, 0.024, 0.016, 0.854, -0.0, 1, 0, 1, 1, 1]}}, {"type": "Feature", "geometry": {"type": "Point", "coordinates": [1.5478, 40.962101]}, "properties": {"var_data": [0.196, -0.249, 0.02, 0.016, 0.695, -0.0, 1, 0, 1, 1, 1]}}, {"type": "Feature", "geometry": {"type": "Point", "coordinates": [1.58314, 40.962101]}, "properties": {"var_data": [0.12, -0.185, 0.023, 0.015, 0.498, -0.0, 1, 0, 1, 1, 1]}}, {"type": "Feature", "geometry": {"type": "Point", "coordinates": [1.61848, 40.962101]}, "properties": {"var_data": [0.1, -0.166, 0.023, 0.015, 0.487, -0.0, 1, 0, 1, 1, 1]}}, {"type": "Feature", "geometry": {"type": "Point", "coordinates": [1.65382, 40.962101]}, "properties": {"var_data": [0.064, -0.129, 0.013, 0.008, 0.472, -0.0, 1, 0, 1, 1, 1]}}, {"type": "Feature", "geometry": {"type": "Point", "coordinates": [1.68916, 40.962101]}, "properties": {"var_data": [0.04, -0.075, 0.015, 0.007, 0.509, -0.0, 1, 0, 1, 1, 1]}}, {"type": "Feature", "geometry": {"type": "Point", "coordinates": [1.7245, 40.962101]}, "properties": {"var_data": [0.016, -0.01, 0.015, 0.007, 0.492, -0.0, 1, 0, 1, 1, 1]}}, {"type": "Feature", "geometry": {"type": "Point", "coordinates": [1.75984, 40.962101]}, "properties": {"var_data": [0.077, 0.022, 0.015, 0.007, 0.468, -0.0, 1, 0, 1, 1, 1]}}, {"type": "Feature", "geometry": {"type": "Point", "coordinates": [1.79518, 40.962101]}, "properties": {"var_data": [0.047, 0.055, 0.008, 0.006, 0.382, 0.0, 1, 0, 1, 1, 1]}}, {"type": "Feature", "geometry": {"type": "Point", "coordinates": [1.83052, 40.962101]}, "properties": {"var_data": [0.016, 0.094, 0.006, 0.004, 0.36, 0.0, 1, 0, 1, 1, 1]}}, {"type": "Feature", "geometry": {"type": "Point", "coordinates": [1.86586, 40.962101]}, "properties": {"var_data": [-0.008, 0.11, 0.005, 0.004, 0.347, -0.0, 1, 0, 1, 1, 1]}}, {"type": "Feature", "geometry": {"type": "Point", "coordinates": [1.9012, 40.962101]}, "properties": {"var_data": [-0.006, 0.138, 0.005, 0.004, 0.348, -0.0, 1, 0, 1, 1, 1]}}, {"type": "Feature", "geometry": {"type": "Point", "coordinates": [1.93654, 40.962101]}, "properties": {"var_data": [0.018, 0.169, 0.005, 0.004, 0.345, -0.0, 1, 0, 1, 1, 1]}}, {"type": "Feature", "geometry": {"type": "Point", "coordinates": [1.97188, 40.962101]}, "properties": {"var_data": [0.027, 0.187, 0.008, 0.005, 0.339, -0.0, 1, 0, 1, 1, 1]}}, {"type": "Feature", "geometry": {"type": "Point", "coordinates": [2.00722, 40.962101]}, "properties": {"var_data": [0.025, 0.202, 0.015, 0.006, 0.36, 0.0, 1, 0, 1, 1, 1]}}, {"type": "Feature", "geometry": {"type": "Point", "coordinates": [2.04256, 40.962101]}, "properties": {"var_data": [-0.033, 0.17, 0.019, 0.008, 0.358, 0.0, 1, 0, 1, 1, 1]}}, {"type": "Feature", "geometry": {"type": "Point", "coordinates": [2.0779, 40.962101]}, "properties": {"var_data": [-0.033, 0.135, 0.018, 0.007, 0.347, 0.0, 1, 0, 1, 1, 1]}}, {"type": "Feature", "geometry": {"type": "Point", "coordinates": [2.11324, 40.962101]}, "properties": {"var_data": [-0.047, 0.123, 0.018, 0.007, 0.405, 0.0, 1, 0, 1, 1, 1]}}, {"type": "Feature", "geometry": {"type": "Point", "coordinates": [2.14858, 40.962101]}, "properties": {"var_data": [-0.027, 0.107, 0.019, 0.012, 0.45, 0.0, 1, 0, 1, 1, 1]}}, {"type": "Feature", "geometry": {"type": "Point", "coordinates": [2.18392, 40.962101]}, "properties": {"var_data": [-0.08, 0.044, 0.018, 0.01, 0.444, -0.0, 1, 1, 1, 1, 1]}}, {"type": "Feature", "geometry": {"type": "Point", "coordinates": [2.21926, 40.962101]}, "properties": {"var_data": [-0.055, 0.065, 0.021, 0.01, 0.387, 0.0, 1, 1, 1, 1, 1]}}, {"type": "Feature", "geometry": {"type": "Point", "coordinates": [2.2546, 40.962101]}, "properties": {"var_data": [-0.016, 0.073, 0.018, 0.006, 0.355, 0.0, 1, 1, 1, 1, 1]}}, {"type": "Feature", "geometry": {"type": "Point", "coordinates": [2.28994, 40.962101]}, "properties": {"var_data": [0.023, 0.095, 0.019, 0.007, 0.338, 0.0, 1, 1, 1, 1, 1]}}, {"type": "Feature", "geometry": {"type": "Point", "coordinates": [2.32528, 40.962101]}, "properties": {"var_data": [0.036, 0.084, 0.019, 0.007, 0.336, 0.0, 1, 1, 1, 1, 1]}}, {"type": "Feature", "geometry": {"type": "Point", "coordinates": [2.36062, 40.962101]}, "properties": {"var_data": [0.019, 0.031, 0.025, 0.014, 0.396, 0.0, 1, 1, 1, 1, 1]}}, {"type": "Feature", "geometry": {"type": "Point", "coordinates": [2.39596, 40.962101]}, "properties": {"var_data": [-0.014, 0.014, 0.025, 0.014, 0.401, 0.0, 1, 1, 1, 1, 1]}}, {"type": "Feature", "geometry": {"type": "Point", "coordinates": [2.4313, 40.962101]}, "properties": {"var_data": [-0.103, -0.113, 0.034, 0.021, 0.526, 0.001, 1, 1, 1, 1, 1]}}, {"type": "Feature", "geometry": {"type": "Point", "coordinates": [2.46664, 40.962101]}, "properties": {"var_data": [-0.183, -0.183, 0.036, 0.024, 0.604, 0.001, 1, 1, 1, 1, 1]}}, {"type": "Feature", "geometry": {"type": "Point", "coordinates": [2.50198, 40.962101]}, "properties": {"var_data": [-0.268, -0.315, 0.069, 0.048, 0.713, 0.003, 1, 1, 1, 1, 1]}}, {"type": "Feature", "geometry": {"type": "Point", "coordinates": [2.53732, 40.962101]}, "properties": {"var_data": [-0.223, -0.319, 0.08, 0.064, 0.735, 0.005, 1, 1, 1, 1, 1]}}, {"type": "Feature", "geometry": {"type": "Point", "coordinates": [2.57266, 40.962101]}, "properties": {"var_data": [-0.024, -0.132, 0.049, 0.043, 0.657, 0.002, 1, 1, 1, 1, 1]}}, {"type": "Feature", "geometry": {"type": "Point", "coordinates": [2.608, 40.962101]}, "properties": {"var_data": [0.027, -0.089, 0.049, 0.049, 0.714, 0.002, 1, 1, 1, 1, 1]}}, {"type": "Feature", "geometry": {"type": "Point", "coordinates": [2.64334, 40.962101]}, "properties": {"var_data": [0.079, -0.062, 0.043, 0.044, 0.683, 0.002, 1, 1, 1, 1, 1]}}, {"type": "Feature", "geometry": {"type": "Point", "coordinates": [2.67868, 40.962101]}, "properties": {"var_data": [0.038, -0.09, 0.028, 0.024, 0.653, 0.001, 1, 1, 1, 1, 1]}}, {"type": "Feature", "geometry": {"type": "Point", "coordinates": [2.71402, 40.962101]}, "properties": {"var_data": [0.024, -0.13, 0.022, 0.025, 0.791, 0.001, 1, 1, 1, 1, 1]}}, {"type": "Feature", "geometry": {"type": "Point", "coordinates": [2.74936, 40.962101]}, "properties": {"var_data": [0.021, -0.187, 0.038, 0.046, 0.996, 0.002, 1, 1, 1, 1, 1]}}, {"type": "Feature", "geometry": {"type": "Point", "coordinates": [2.7847, 40.962101]}, "properties": {"var_data": [-0.116, -0.436, 0.042, 0.051, 1.801, 0.002, 1, 1, 1, 1, 1]}}, {"type": "Feature", "geometry": {"type": "Point", "coordinates": [2.82004, 40.962101]}, "properties": {"var_data": [0.098, -0.057, 0.026, 0.031, 0.786, 0.001, 1, 1, 1, 1, 1]}}, {"type": "Feature", "geometry": {"type": "Point", "coordinates": [2.85538, 40.962101]}, "properties": {"var_data": [0.103, 0.0, 0.008, 0.016, 0.71, 0.0, 1, 1, 1, 1, 1]}}, {"type": "Feature", "geometry": {"type": "Point", "coordinates": [2.89072, 40.962101]}, "properties": {"var_data": [0.113, -0.019, 0.006, 0.009, 0.63, 0.0, 1, 1, 1, 1, 1]}}, {"type": "Feature", "geometry": {"type": "Point", "coordinates": [2.92606, 40.962101]}, "properties": {"var_data": [0.13, -0.052, 0.006, 0.01, 0.601, 0.0, 1, 1, 1, 1, 1]}}, {"type": "Feature", "geometry": {"type": "Point", "coordinates": [0.94702, 40.989101]}, "properties": {"var_data": [0.477, 0.039, 0.454, 1.206, 9.841, -0.547, 4, 0, 4, 1, 1]}}, {"type": "Feature", "geometry": {"type": "Point", "coordinates": [0.98236, 40.989101]}, "properties": {"var_data": [0.335, 0.423, 0.281, 0.74, 6.789, -0.207, 4, 0, 4, 1, 1]}}, {"type": "Feature", "geometry": {"type": "Point", "coordinates": [1.0177, 40.989101]}, "properties": {"var_data": [0.231, 0.546, 0.739, 1.545, 6.64, -1.136, 4, 0, 4, 1, 1]}}, {"type": "Feature", "geometry": {"type": "Point", "coordinates": [1.05304, 40.989101]}, "properties": {"var_data": [-0.333, 1.359, 1.454, 3.165, 5.793, -4.598, 4, 0, 4, 1, 1]}}, {"type": "Feature", "geometry": {"type": "Point", "coordinates": [1.08838, 40.989101]}, "properties": {"var_data": [-0.103, 0.789, 0.3, 0.626, 3.809, -0.187, 4, 0, 4, 1, 1]}}, {"type": "Feature", "geometry": {"type": "Point", "coordinates": [1.12372, 40.989101]}, "properties": {"var_data": [-0.32, 0.883, 0.143, 0.251, 3.333, -0.036, 4, 0, 4, 1, 1]}}, {"type": "Feature", "geometry": {"type": "Point", "coordinates": [1.15906, 40.989101]}, "properties": {"var_data": [-0.356, 0.854, 0.138, 0.243, 2.756, -0.033, 4, 0, 4, 1, 1]}}, {"type": "Feature", "geometry": {"type": "Point", "coordinates": [1.1944, 40.989101]}, "properties": {"var_data": [-0.751, 1.386, 0.145, 0.254, 3.156, -0.037, 4, 0, 4, 1, 1]}}, {"type": "Feature", "geometry": {"type": "Point", "coordinates": [1.22974, 40.989101]}, "properties": {"var_data": [-0.325, 0.463, 0.157, 0.273, 2.137, -0.043, 4, 0, 4, 1, 1]}}, {"type": "Feature", "geometry": {"type": "Point", "coordinates": [1.26508, 40.989101]}, "properties": {"var_data": [-0.375, 0.523, 0.114, 0.181, 1.755, -0.02, 1, 0, 1, 1, 1]}}, {"type": "Feature", "geometry": {"type": "Point", "coordinates": [1.30042, 40.989101]}, "properties": {"var_data": [-0.153, 0.14, 0.166, 0.248, 2.069, -0.041, 4, 0, 4, 1, 1]}}, {"type": "Feature", "geometry": {"type": "Point", "coordinates": [1.33576, 40.989101]}, "properties": {"var_data": [-0.017, -0.077, 0.109, 0.159, 1.221, -0.017, 1, 0, 1, 1, 1]}}, {"type": "Feature", "geometry": {"type": "Point", "coordinates": [1.3711, 40.989101]}, "properties": {"var_data": [0.009, -0.107, 0.075, 0.105, 0.996, -0.008, 1, 0, 1, 1, 1]}}, {"type": "Feature", "geometry": {"type": "Point", "coordinates": [1.40644, 40.989101]}, "properties": {"var_data": [-0.138, 0.073, 0.031, 0.035, 0.821, -0.001, 1, 0, 1, 1, 1]}}, {"type": "Feature", "geometry": {"type": "Point", "coordinates": [1.44178, 40.989101]}, "properties": {"var_data": [-0.157, 0.097, 0.032, 0.033, 0.802, -0.001, 1, 0, 1, 1, 1]}}, {"type": "Feature", "geometry": {"type": "Point", "coordinates": [1.47712, 40.989101]}, "properties": {"var_data": [-0.261, 0.219, 0.041, 0.046, 1.07, -0.002, 1, 0, 1, 1, 1]}}, {"type": "Feature", "geometry": {"type": "Point", "coordinates": [1.51246, 40.989101]}, "properties": {"var_data": [-0.128, 0.068, 0.046, 0.045, 0.867, -0.002, 1, 0, 1, 1, 1]}}, {"type": "Feature", "geometry": {"type": "Point", "coordinates": [1.5478, 40.989101]}, "properties": {"var_data": [0.002, -0.079, 0.023, 0.02, 0.538, -0.0, 1, 0, 1, 1, 1]}}, {"type": "Feature", "geometry": {"type": "Point", "coordinates": [1.58314, 40.989101]}, "properties": {"var_data": [0.036, -0.112, 0.025, 0.02, 0.448, -0.0, 1, 0, 1, 1, 1]}}, {"type": "Feature", "geometry": {"type": "Point", "coordinates": [1.61848, 40.989101]}, "properties": {"var_data": [-0.029, -0.075, 0.019, 0.015, 0.406, -0.0, 1, 0, 1, 1, 1]}}, {"type": "Feature", "geometry": {"type": "Point", "coordinates": [1.65382, 40.989101]}, "properties": {"var_data": [-0.032, -0.076, 0.047, 0.028, 0.423, -0.001, 1, 0, 1, 1, 1]}}, {"type": "Feature", "geometry": {"type": "Point", "coordinates": [1.68916, 40.989101]}, "properties": {"var_data": [-0.051, -0.052, 0.015, 0.008, 0.409, -0.0, 1, 0, 1, 1, 1]}}, {"type": "Feature", "geometry": {"type": "Point", "coordinates": [1.7245, 40.989101]}, "properties": {"var_data": [-0.024, -0.008, 0.015, 0.007, 0.414, -0.0, 1, 0, 1, 1, 1]}}, {"type": "Feature", "geometry": {"type": "Point", "coordinates": [1.75984, 40.989101]}, "properties": {"var_data": [0.003, 0.01, 0.015, 0.007, 0.357, -0.0, 1, 0, 1, 1, 1]}}, {"type": "Feature", "geometry": {"type": "Point", "coordinates": [1.79518, 40.989101]}, "properties": {"var_data": [0.026, 0.037, 0.019, 0.009, 0.334, -0.0, 1, 0, 1, 1, 1]}}, {"type": "Feature", "geometry": {"type": "Point", "coordinates": [1.83052, 40.989101]}, "properties": {"var_data": [0.009, 0.061, 0.004, 0.004, 0.326, 0.0, 1, 0, 1, 1, 1]}}, {"type": "Feature", "geometry": {"type": "Point", "coordinates": [1.86586, 40.989101]}, "properties": {"var_data": [-0.011, 0.088, 0.003, 0.003, 0.305, 0.0, 1, 0, 1, 1, 1]}}, {"type": "Feature", "geometry": {"type": "Point", "coordinates": [1.9012, 40.989101]}, "properties": {"var_data": [-0.022, 0.12, 0.003, 0.003, 0.288, 0.0, 1, 0, 1, 1, 1]}}, {"type": "Feature", "geometry": {"type": "Point", "coordinates": [1.93654, 40.989101]}, "properties": {"var_data": [-0.019, 0.143, 0.007, 0.004, 0.32, -0.0, 1, 0, 1, 1, 1]}}, {"type": "Feature", "geometry": {"type": "Point", "coordinates": [1.97188, 40.989101]}, "properties": {"var_data": [-0.005, 0.178, 0.006, 0.004, 0.32, -0.0, 1, 0, 1, 1, 1]}}, {"type": "Feature", "geometry": {"type": "Point", "coordinates": [2.00722, 40.989101]}, "properties": {"var_data": [-0.034, 0.191, 0.008, 0.004, 0.326, -0.0, 1, 0, 1, 1, 1]}}, {"type": "Feature", "geometry": {"type": "Point", "coordinates": [2.04256, 40.989101]}, "properties": {"var_data": [-0.05, 0.16, 0.014, 0.006, 0.352, 0.0, 1, 1, 1, 1, 1]}}, {"type": "Feature", "geometry": {"type": "Point", "coordinates": [2.0779, 40.989101]}, "properties": {"var_data": [-0.067, 0.134, 0.016, 0.008, 0.368, 0.0, 1, 1, 1, 1, 1]}}, {"type": "Feature", "geometry": {"type": "Point", "coordinates": [2.11324, 40.989101]}, "properties": {"var_data": [-0.078, 0.105, 0.016, 0.009, 0.358, 0.0, 1, 1, 1, 1, 1]}}, {"type": "Feature", "geometry": {"type": "Point", "coordinates": [2.14858, 40.989101]}, "properties": {"var_data": [-0.07, 0.088, 0.016, 0.011, 0.429, 0.0, 1, 1, 1, 1, 1]}}, {"type": "Feature", "geometry": {"type": "Point", "coordinates": [2.18392, 40.989101]}, "properties": {"var_data": [-0.051, 0.079, 0.015, 0.009, 0.381, -0.0, 1, 1, 1, 1, 1]}}, {"type": "Feature", "geometry": {"type": "Point", "coordinates": [2.21926, 40.989101]}, "properties": {"var_data": [-0.043, 0.083, 0.018, 0.01, 0.37, -0.0, 1, 1, 1, 1, 1]}}, {"type": "Feature", "geometry": {"type": "Point", "coordinates": [2.2546, 40.989101]}, "properties": {"var_data": [-0.025, 0.072, 0.017, 0.008, 0.334, 0.0, 1, 1, 1, 1, 1]}}, {"type": "Feature", "geometry": {"type": "Point", "coordinates": [2.28994, 40.989101]}, "properties": {"var_data": [-0.041, 0.048, 0.019, 0.011, 0.333, 0.0, 1, 1, 1, 1, 1]}}, {"type": "Feature", "geometry": {"type": "Point", "coordinates": [2.32528, 40.989101]}, "properties": {"var_data": [0.002, 0.071, 0.019, 0.01, 0.331, 0.0, 1, 1, 1, 1, 1]}}, {"type": "Feature", "geometry": {"type": "Point", "coordinates": [2.36062, 40.989101]}, "properties": {"var_data": [-0.004, 0.018, 0.02, 0.011, 0.346, 0.0, 1, 1, 1, 1, 1]}}, {"type": "Feature", "geometry": {"type": "Point", "coordinates": [2.39596, 40.989101]}, "properties": {"var_data": [-0.014, -0.009, 0.024, 0.016, 0.396, 0.0, 1, 1, 1, 1, 1]}}, {"type": "Feature", "geometry": {"type": "Point", "coordinates": [2.4313, 40.989101]}, "properties": {"var_data": [-0.122, -0.137, 0.034, 0.023, 0.534, 0.001, 1, 1, 1, 1, 1]}}, {"type": "Feature", "geometry": {"type": "Point", "coordinates": [2.46664, 40.989101]}, "properties": {"var_data": [-0.199, -0.214, 0.035, 0.024, 0.584, 0.001, 1, 1, 1, 1, 1]}}, {"type": "Feature", "geometry": {"type": "Point", "coordinates": [2.50198, 40.989101]}, "properties": {"var_data": [-0.289, -0.349, 0.073, 0.053, 0.79, 0.004, 1, 1, 1, 1, 1]}}, {"type": "Feature", "geometry": {"type": "Point", "coordinates": [2.53732, 40.989101]}, "properties": {"var_data": [-0.239, -0.337, 0.052, 0.041, 0.77, 0.002, 1, 1, 1, 1, 1]}}, {"type": "Feature", "geometry": {"type": "Point", "coordinates": [2.57266, 40.989101]}, "properties": {"var_data": [-0.072, -0.172, 0.055, 0.054, 0.747, 0.003, 1, 1, 1, 1, 1]}}, {"type": "Feature", "geometry": {"type": "Point", "coordinates": [2.608, 40.989101]}, "properties": {"var_data": [0.008, -0.133, 0.051, 0.053, 0.736, 0.003, 1, 1, 1, 1, 1]}}, {"type": "Feature", "geometry": {"type": "Point", "coordinates": [2.64334, 40.989101]}, "properties": {"var_data": [0.109, -0.05, 0.027, 0.024, 0.623, 0.001, 1, 1, 1, 1, 1]}}, {"type": "Feature", "geometry": {"type": "Point", "coordinates": [2.67868, 40.989101]}, "properties": {"var_data": [0.152, -0.008, 0.023, 0.02, 0.568, 0.0, 1, 1, 1, 1, 1]}}, {"type": "Feature", "geometry": {"type": "Point", "coordinates": [2.71402, 40.989101]}, "properties": {"var_data": [0.006, -0.137, 0.018, 0.021, 0.648, 0.0, 1, 1, 1, 1, 1]}}, {"type": "Feature", "geometry": {"type": "Point", "coordinates": [2.74936, 40.989101]}, "properties": {"var_data": [0.001, -0.149, 0.017, 0.02, 0.662, 0.0, 1, 1, 1, 1, 1]}}, {"type": "Feature", "geometry": {"type": "Point", "coordinates": [2.7847, 40.989101]}, "properties": {"var_data": [-0.144, -0.525, 0.04, 0.05, 1.62, 0.002, 1, 1, 1, 1, 1]}}, {"type": "Feature", "geometry": {"type": "Point", "coordinates": [2.82004, 40.989101]}, "properties": {"var_data": [0.222, 0.021, 0.023, 0.012, 0.787, 0.0, 1, 1, 1, 1, 1]}}, {"type": "Feature", "geometry": {"type": "Point", "coordinates": [2.85538, 40.989101]}, "properties": {"var_data": [0.195, 0.058, 0.014, 0.012, 0.752, 0.0, 1, 1, 1, 1, 1]}}, {"type": "Feature", "geometry": {"type": "Point", "coordinates": [2.89072, 40.989101]}, "properties": {"var_data": [0.162, 0.003, 0.005, 0.008, 0.59, 0.0, 1, 1, 1, 1, 1]}}, {"type": "Feature", "geometry": {"type": "Point", "coordinates": [2.92606, 40.989101]}, "properties": {"var_data": [0.169, 0.03, 0.006, 0.009, 0.566, 0.0, 1, 1, 1, 1, 1]}}, {"type": "Feature", "geometry": {"type": "Point", "coordinates": [2.9614, 40.989101]}, "properties": {"var_data": [0.182, -0.006, 0.006, 0.01, 0.67, 0.0, 1, 1, 1, 1, 1]}}, {"type": "Feature", "geometry": {"type": "Point", "coordinates": [1.05304, 41.016102]}, "properties": {"var_data": [0.511, -0.311, 1.057, 2.317, 4.855, -2.446, 4, 0, 4, 1, 1]}}, {"type": "Feature", "geometry": {"type": "Point", "coordinates": [1.08838, 41.016102]}, "properties": {"var_data": [-0.064, 0.741, 0.313, 0.657, 4.319, -0.205, 4, 0, 4, 1, 1]}}, {"type": "Feature", "geometry": {"type": "Point", "coordinates": [1.12372, 41.016102]}, "properties": {"var_data": [-0.261, 0.977, 0.142, 0.25, 4.36, -0.035, 4, 0, 4, 1, 1]}}, {"type": "Feature", "geometry": {"type": "Point", "coordinates": [1.15906, 41.016102]}, "properties": {"var_data": [-0.599, 1.45, 0.141, 0.248, 3.791, -0.035, 4, 0, 4, 1, 1]}}, {"type": "Feature", "geometry": {"type": "Point", "coordinates": [1.1944, 41.016102]}, "properties": {"var_data": [-0.533, 1.106, 0.132, 0.233, 4.278, -0.031, 4, 0, 4, 1, 1]}}, {"type": "Feature", "geometry": {"type": "Point", "coordinates": [1.22974, 41.016102]}, "properties": {"var_data": [-0.587, 1.029, 0.164, 0.288, 3.227, -0.047, 4, 0, 4, 1, 1]}}, {"type": "Feature", "geometry": {"type": "Point", "coordinates": [1.26508, 41.016102]}, "properties": {"var_data": [-0.3, 0.452, 0.134, 0.257, 2.118, -0.034, 4, 0, 4, 1, 1]}}, {"type": "Feature", "geometry": {"type": "Point", "coordinates": [1.30042, 41.016102]}, "properties": {"var_data": [0.108, -0.26, 0.103, 0.186, 1.75, -0.019, 1, 0, 1, 1, 1]}}, {"type": "Feature", "geometry": {"type": "Point", "coordinates": [1.33576, 41.016102]}, "properties": {"var_data": [-0.007, -0.122, 0.065, 0.097, 1.187, -0.006, 1, 0, 1, 1, 1]}}, {"type": "Feature", "geometry": {"type": "Point", "coordinates": [1.3711, 41.016102]}, "properties": {"var_data": [0.151, -0.394, 0.051, 0.059, 1.227, -0.003, 1, 0, 1, 1, 1]}}, {"type": "Feature", "geometry": {"type": "Point", "coordinates": [1.40644, 41.016102]}, "properties": {"var_data": [-0.125, 0.046, 0.033, 0.038, 0.777, -0.001, 1, 0, 1, 1, 1]}}, {"type": "Feature", "geometry": {"type": "Point", "coordinates": [1.44178, 41.016102]}, "properties": {"var_data": [-0.135, 0.098, 0.038, 0.041, 0.822, -0.002, 1, 0, 1, 1, 1]}}, {"type": "Feature", "geometry": {"type": "Point", "coordinates": [1.47712, 41.016102]}, "properties": {"var_data": [-0.253, 0.226, 0.041, 0.046, 1.079, -0.002, 1, 0, 1, 1, 1]}}, {"type": "Feature", "geometry": {"type": "Point", "coordinates": [1.51246, 41.016102]}, "properties": {"var_data": [-0.135, 0.095, 0.022, 0.023, 0.655, -0.0, 1, 0, 1, 1, 1]}}, {"type": "Feature", "geometry": {"type": "Point", "coordinates": [1.5478, 41.016102]}, "properties": {"var_data": [-0.082, 0.002, 0.018, 0.017, 0.484, -0.0, 1, 0, 1, 1, 1]}}, {"type": "Feature", "geometry": {"type": "Point", "coordinates": [1.58314, 41.016102]}, "properties": {"var_data": [-0.04, -0.05, 0.014, 0.012, 0.402, -0.0, 1, 0, 1, 1, 1]}}, {"type": "Feature", "geometry": {"type": "Point", "coordinates": [1.61848, 41.016102]}, "properties": {"var_data": [-0.027, -0.061, 0.017, 0.013, 0.388, -0.0, 1, 0, 1, 1, 1]}}, {"type": "Feature", "geometry": {"type": "Point", "coordinates": [1.65382, 41.016102]}, "properties": {"var_data": [-0.045, -0.066, 0.019, 0.012, 0.372, -0.0, 1, 0, 1, 1, 1]}}, {"type": "Feature", "geometry": {"type": "Point", "coordinates": [1.68916, 41.016102]}, "properties": {"var_data": [-0.1, -0.016, 0.025, 0.016, 0.376, -0.0, 1, 0, 1, 1, 1]}}, {"type": "Feature", "geometry": {"type": "Point", "coordinates": [1.7245, 41.016102]}, "properties": {"var_data": [-0.085, -0.013, 0.033, 0.017, 0.328, -0.0, 1, 0, 1, 1, 1]}}, {"type": "Feature", "geometry": {"type": "Point", "coordinates": [1.75984, 41.016102]}, "properties": {"var_data": [-0.047, -0.008, 0.017, 0.008, 0.311, -0.0, 1, 0, 1, 1, 1]}}, {"type": "Feature", "geometry": {"type": "Point", "coordinates": [1.79518, 41.016102]}, "properties": {"var_data": [-0.014, 0.013, 0.005, 0.005, 0.287, 0.0, 1, 0, 1, 1, 1]}}, {"type": "Feature", "geometry": {"type": "Point", "coordinates": [1.83052, 41.016102]}, "properties": {"var_data": [-0.039, 0.036, 0.005, 0.004, 0.284, 0.0, 1, 0, 1, 1, 1]}}, {"type": "Feature", "geometry": {"type": "Point", "coordinates": [1.86586, 41.016102]}, "properties": {"var_data": [-0.025, 0.066, 0.004, 0.004, 0.285, 0.0, 1, 0, 1, 1, 1]}}, {"type": "Feature", "geometry": {"type": "Point", "coordinates": [1.9012, 41.016102]}, "properties": {"var_data": [-0.033, 0.101, 0.004, 0.004, 0.286, -0.0, 1, 0, 1, 1, 1]}}, {"type": "Feature", "geometry": {"type": "Point", "coordinates": [1.93654, 41.016102]}, "properties": {"var_data": [-0.048, 0.121, 0.006, 0.004, 0.282, -0.0, 1, 0, 1, 1, 1]}}, {"type": "Feature", "geometry": {"type": "Point", "coordinates": [1.97188, 41.016102]}, "properties": {"var_data": [-0.031, 0.177, 0.008, 0.004, 0.326, -0.0, 1, 1, 1, 1, 1]}}, {"type": "Feature", "geometry": {"type": "Point", "coordinates": [2.00722, 41.016102]}, "properties": {"var_data": [-0.034, 0.188, 0.008, 0.004, 0.308, -0.0, 1, 1, 1, 1, 1]}}, {"type": "Feature", "geometry": {"type": "Point", "coordinates": [2.04256, 41.016102]}, "properties": {"var_data": [-0.036, 0.178, 0.008, 0.005, 0.325, -0.0, 1, 1, 1, 1, 1]}}, {"type": "Feature", "geometry": {"type": "Point", "coordinates": [2.0779, 41.016102]}, "properties": {"var_data": [-0.064, 0.132, 0.015, 0.008, 0.346, 0.0, 1, 1, 1, 1, 1]}}, {"type": "Feature", "geometry": {"type": "Point", "coordinates": [2.11324, 41.016102]}, "properties": {"var_data": [-0.079, 0.106, 0.015, 0.009, 0.368, 0.0, 1, 1, 1, 1, 1]}}, {"type": "Feature", "geometry": {"type": "Point", "coordinates": [2.14858, 41.016102]}, "properties": {"var_data": [-0.115, 0.063, 0.013, 0.009, 0.381, 0.0, 1, 1, 1, 1, 1]}}, {"type": "Feature", "geometry": {"type": "Point", "coordinates": [2.18392, 41.016102]}, "properties": {"var_data": [-0.075, 0.082, 0.012, 0.007, 0.322, -0.0, 1, 1, 1, 1, 1]}}, {"type": "Feature", "geometry": {"type": "Point", "coordinates": [2.21926, 41.016102]}, "properties": {"var_data": [-0.069, 0.067, 0.013, 0.007, 0.334, -0.0, 1, 1, 1, 1, 1]}}, {"type": "Feature", "geometry": {"type": "Point", "coordinates": [2.2546, 41.016102]}, "properties": {"var_data": [-0.048, 0.08, 0.014, 0.007, 0.312, -0.0, 1, 1, 1, 1, 1]}}, {"type": "Feature", "geometry": {"type": "Point", "coordinates": [2.28994, 41.016102]}, "properties": {"var_data": [-0.019, 0.075, 0.014, 0.007, 0.31, -0.0, 1, 1, 1, 1, 1]}}, {"type": "Feature", "geometry": {"type": "Point", "coordinates": [2.32528, 41.016102]}, "properties": {"var_data": [-0.027, 0.038, 0.018, 0.01, 0.315, 0.0, 1, 1, 1, 1, 1]}}, {"type": "Feature", "geometry": {"type": "Point", "coordinates": [2.36062, 41.016102]}, "properties": {"var_data": [-0.011, 0.013, 0.016, 0.007, 0.337, 0.0, 1, 1, 1, 1, 1]}}, {"type": "Feature", "geometry": {"type": "Point", "coordinates": [2.39596, 41.016102]}, "properties": {"var_data": [-0.027, -0.018, 0.012, 0.007, 0.369, 0.0, 1, 1, 1, 1, 1]}}, {"type": "Feature", "geometry": {"type": "Point", "coordinates": [2.4313, 41.016102]}, "properties": {"var_data": [-0.104, -0.107, 0.025, 0.017, 0.431, 0.0, 1, 1, 1, 1, 1]}}, {"type": "Feature", "geometry": {"type": "Point", "coordinates": [2.46664, 41.016102]}, "properties": {"var_data": [-0.193, -0.23, 0.034, 0.023, 0.584, 0.001, 1, 1, 1, 1, 1]}}, {"type": "Feature", "geometry": {"type": "Point", "coordinates": [2.50198, 41.016102]}, "properties": {"var_data": [-0.278, -0.368, 0.038, 0.03, 0.76, 0.001, 1, 1, 1, 1, 1]}}, {"type": "Feature", "geometry": {"type": "Point", "coordinates": [2.53732, 41.016102]}, "properties": {"var_data": [-0.131, -0.226, 0.035, 0.035, 0.674, 0.001, 1, 1, 1, 1, 1]}}, {"type": "Feature", "geometry": {"type": "Point", "coordinates": [2.57266, 41.016102]}, "properties": {"var_data": [-0.004, -0.128, 0.032, 0.032, 0.588, 0.001, 1, 1, 1, 1, 1]}}, {"type": "Feature", "geometry": {"type": "Point", "coordinates": [2.608, 41.016102]}, "properties": {"var_data": [0.053, -0.086, 0.032, 0.033, 0.646, 0.001, 1, 1, 1, 1, 1]}}, {"type": "Feature", "geometry": {"type": "Point", "coordinates": [2.64334, 41.016102]}, "properties": {"var_data": [0.129, -0.028, 0.025, 0.022, 0.536, 0.0, 1, 1, 1, 1, 1]}}, {"type": "Feature", "geometry": {"type": "Point", "coordinates": [2.67868, 41.016102]}, "properties": {"var_data": [0.163, -0.006, 0.021, 0.02, 0.578, 0.0, 1, 1, 1, 1, 1]}}, {"type": "Feature", "geometry": {"type": "Point", "coordinates": [2.71402, 41.016102]}, "properties": {"var_data": [0.072, -0.101, 0.018, 0.02, 0.651, 0.0, 1, 1, 1, 1, 1]}}, {"type": "Feature", "geometry": {"type": "Point", "coordinates": [2.74936, 41.016102]}, "properties": {"var_data": [0.1, -0.088, 0.017, 0.02, 0.664, 0.0, 1, 1, 1, 1, 1]}}, {"type": "Feature", "geometry": {"type": "Point", "coordinates": [2.7847, 41.016102]}, "properties": {"var_data": [0.095, -0.157, 0.015, 0.015, 0.731, 0.0, 1, 1, 1, 1, 1]}}, {"type": "Feature", "geometry": {"type": "Point", "coordinates": [2.82004, 41.016102]}, "properties": {"var_data": [0.104, -0.103, 0.012, 0.01, 0.651, 0.0, 1, 1, 1, 1, 1]}}, {"type": "Feature", "geometry": {"type": "Point", "coordinates": [2.85538, 41.016102]}, "properties": {"var_data": [0.208, -0.018, 0.012, 0.008, 0.552, 0.0, 1, 1, 1, 1, 1]}}, {"type": "Feature", "geometry": {"type": "Point", "coordinates": [2.89072, 41.016102]}, "properties": {"var_data": [0.217, 0.017, 0.012, 0.008, 0.587, 0.0, 1, 1, 1, 1, 1]}}, {"type": "Feature", "geometry": {"type": "Point", "coordinates": [2.92606, 41.016102]}, "properties": {"var_data": [0.209, 0.009, 0.011, 0.005, 0.557, 0.0, 1, 1, 1, 1, 1]}}, {"type": "Feature", "geometry": {"type": "Point", "coordinates": [2.9614, 41.016102]}, "properties": {"var_data": [0.19, -0.003, 0.012, 0.006, 0.698, 0.0, 1, 1, 1, 1, 1]}}, {"type": "Feature", "geometry": {"type": "Point", "coordinates": [2.99674, 41.016102]}, "properties": {"var_data": [0.199, 0.026, 0.023, 0.007, 0.804, 0.0, 1, 1, 1, 1, 1]}}, {"type": "Feature", "geometry": {"type": "Point", "coordinates": [3.03208, 41.016102]}, "properties": {"var_data": [0.178, 0.042, 0.03, 0.015, 0.755, 0.0, 1, 1, 1, 1, 1]}}, {"type": "Feature", "geometry": {"type": "Point", "coordinates": [3.06742, 41.016102]}, "properties": {"var_data": [0.272, 0.09, 0.04, 0.018, 1.278, 0.001, 1, 1, 1, 1, 1]}}, {"type": "Feature", "geometry": {"type": "Point", "coordinates": [3.10276, 41.016102]}, "properties": {"var_data": [0.246, 0.071, 0.067, 0.019, 1.377, 0.001, 1, 1, 1, 1, 1]}}, {"type": "Feature", "geometry": {"type": "Point", "coordinates": [1.12372, 41.043098]}, "properties": {"var_data": [0.036, 0.426, 0.154, 0.269, 4.681, -0.041, 4, 0, 4, 1, 1]}}, {"type": "Feature", "geometry": {"type": "Point", "coordinates": [1.15906, 41.043098]}, "properties": {"var_data": [0.336, -0.308, 0.144, 0.253, 5.693, -0.036, 4, 0, 4, 1, 1]}}, {"type": "Feature", "geometry": {"type": "Point", "coordinates": [1.1944, 41.043098]}, "properties": {"var_data": [0.176, -0.319, 0.162, 0.283, 6.457, -0.046, 4, 0, 4, 1, 1]}}, {"type": "Feature", "geometry": {"type": "Point", "coordinates": [1.22974, 41.043098]}, "properties": {"var_data": [0.324, -0.573, 0.17, 0.297, 5.07, -0.05, 4, 0, 4, 1, 1]}}, {"type": "Feature", "geometry": {"type": "Point", "coordinates": [1.26508, 41.043098]}, "properties": {"var_data": [0.151, -0.377, 0.173, 0.344, 3.252, -0.059, 4, 0, 4, 1, 1]}}, {"type": "Feature", "geometry": {"type": "Point", "coordinates": [1.30042, 41.043098]}, "properties": {"var_data": [0.599, -1.189, 0.106, 0.199, 2.093, -0.021, 4, 0, 4, 1, 1]}}, {"type": "Feature", "geometry": {"type": "Point", "coordinates": [1.33576, 41.043098]}, "properties": {"var_data": [0.455, -0.855, 0.047, 0.053, 1.575, -0.002, 1, 0, 1, 1, 1]}}, {"type": "Feature", "geometry": {"type": "Point", "coordinates": [1.3711, 41.043098]}, "properties": {"var_data": [0.17, -0.383, 0.045, 0.051, 1.075, -0.002, 1, 0, 1, 1, 1]}}, {"type": "Feature", "geometry": {"type": "Point", "coordinates": [1.40644, 41.043098]}, "properties": {"var_data": [0.05, -0.14, 0.046, 0.051, 0.877, -0.002, 1, 0, 1, 1, 1]}}, {"type": "Feature", "geometry": {"type": "Point", "coordinates": [1.44178, 41.043098]}, "properties": {"var_data": [-0.116, 0.111, 0.046, 0.048, 0.832, -0.002, 1, 0, 1, 1, 1]}}, {"type": "Feature", "geometry": {"type": "Point", "coordinates": [1.47712, 41.043098]}, "properties": {"var_data": [-0.183, 0.171, 0.047, 0.055, 0.954, -0.003, 1, 0, 1, 1, 1]}}, {"type": "Feature", "geometry": {"type": "Point", "coordinates": [1.51246, 41.043098]}, "properties": {"var_data": [-0.145, 0.114, 0.016, 0.016, 0.567, -0.0, 1, 0, 1, 1, 1]}}, {"type": "Feature", "geometry": {"type": "Point", "coordinates": [1.5478, 41.043098]}, "properties": {"var_data": [-0.072, 0.007, 0.016, 0.016, 0.424, -0.0, 1, 0, 1, 1, 1]}}, {"type": "Feature", "geometry": {"type": "Point", "coordinates": [1.58314, 41.043098]}, "properties": {"var_data": [-0.049, -0.029, 0.013, 0.012, 0.383, -0.0, 1, 0, 1, 1, 1]}}, {"type": "Feature", "geometry": {"type": "Point", "coordinates": [1.61848, 41.043098]}, "properties": {"var_data": [-0.047, -0.038, 0.013, 0.011, 0.351, -0.0, 1, 0, 1, 1, 1]}}, {"type": "Feature", "geometry": {"type": "Point", "coordinates": [1.65382, 41.043098]}, "properties": {"var_data": [-0.085, -0.021, 0.019, 0.013, 0.348, -0.0, 1, 0, 1, 1, 1]}}, {"type": "Feature", "geometry": {"type": "Point", "coordinates": [1.68916, 41.043098]}, "properties": {"var_data": [-0.12, 0.005, 0.015, 0.011, 0.31, -0.0, 1, 0, 1, 1, 1]}}, {"type": "Feature", "geometry": {"type": "Point", "coordinates": [1.7245, 41.043098]}, "properties": {"var_data": [-0.119, 0.008, 0.012, 0.007, 0.285, -0.0, 1, 0, 1, 1, 1]}}, {"type": "Feature", "geometry": {"type": "Point", "coordinates": [1.75984, 41.043098]}, "properties": {"var_data": [-0.086, 0.003, 0.012, 0.006, 0.266, -0.0, 1, 0, 1, 1, 1]}}, {"type": "Feature", "geometry": {"type": "Point", "coordinates": [1.79518, 41.043098]}, "properties": {"var_data": [-0.07, 0.007, 0.005, 0.004, 0.259, -0.0, 1, 0, 1, 1, 1]}}, {"type": "Feature", "geometry": {"type": "Point", "coordinates": [1.83052, 41.043098]}, "properties": {"var_data": [-0.053, 0.011, 0.005, 0.004, 0.255, 0.0, 1, 0, 1, 1, 1]}}, {"type": "Feature", "geometry": {"type": "Point", "coordinates": [1.86586, 41.043098]}, "properties": {"var_data": [-0.041, 0.036, 0.005, 0.004, 0.271, 0.0, 1, 0, 1, 1, 1]}}, {"type": "Feature", "geometry": {"type": "Point", "coordinates": [1.9012, 41.043098]}, "properties": {"var_data": [-0.066, 0.065, 0.005, 0.004, 0.268, 0.0, 1, 0, 1, 1, 1]}}, {"type": "Feature", "geometry": {"type": "Point", "coordinates": [1.93654, 41.043098]}, "properties": {"var_data": [-0.082, 0.103, 0.007, 0.004, 0.266, -0.0, 1, 1, 1, 1, 1]}}, {"type": "Feature", "geometry": {"type": "Point", "coordinates": [1.97188, 41.043098]}, "properties": {"var_data": [-0.063, 0.136, 0.007, 0.004, 0.286, -0.0, 1, 1, 1, 1, 1]}}, {"type": "Feature", "geometry": {"type": "Point", "coordinates": [2.00722, 41.043098]}, "properties": {"var_data": [-0.077, 0.13, 0.007, 0.004, 0.288, -0.0, 1, 1, 1, 1, 1]}}, {"type": "Feature", "geometry": {"type": "Point", "coordinates": [2.04256, 41.043098]}, "properties": {"var_data": [-0.076, 0.126, 0.008, 0.005, 0.285, -0.0, 1, 1, 1, 1, 1]}}, {"type": "Feature", "geometry": {"type": "Point", "coordinates": [2.0779, 41.043098]}, "properties": {"var_data": [-0.096, 0.08, 0.015, 0.009, 0.302, 0.0, 1, 1, 1, 1, 1]}}, {"type": "Feature", "geometry": {"type": "Point", "coordinates": [2.11324, 41.043098]}, "properties": {"var_data": [-0.101, 0.059, 0.013, 0.009, 0.309, 0.0, 1, 1, 1, 1, 1]}}, {"type": "Feature", "geometry": {"type": "Point", "coordinates": [2.14858, 41.043098]}, "properties": {"var_data": [-0.101, 0.073, 0.009, 0.005, 0.308, -0.0, 1, 1, 1, 1, 1]}}, {"type": "Feature", "geometry": {"type": "Point", "coordinates": [2.18392, 41.043098]}, "properties": {"var_data": [-0.058, 0.084, 0.01, 0.005, 0.295, -0.0, 1, 1, 1, 1, 1]}}, {"type": "Feature", "geometry": {"type": "Point", "coordinates": [2.21926, 41.043098]}, "properties": {"var_data": [-0.048, 0.072, 0.009, 0.005, 0.295, -0.0, 1, 1, 1, 1, 1]}}, {"type": "Feature", "geometry": {"type": "Point", "coordinates": [2.2546, 41.043098]}, "properties": {"var_data": [-0.059, 0.065, 0.011, 0.006, 0.285, -0.0, 1, 1, 1, 1, 1]}}, {"type": "Feature", "geometry": {"type": "Point", "coordinates": [2.28994, 41.043098]}, "properties": {"var_data": [-0.049, 0.067, 0.012, 0.006, 0.28, -0.0, 1, 1, 1, 1, 1]}}, {"type": "Feature", "geometry": {"type": "Point", "coordinates": [2.32528, 41.043098]}, "properties": {"var_data": [-0.045, 0.021, 0.013, 0.006, 0.304, -0.0, 1, 1, 1, 1, 1]}}, {"type": "Feature", "geometry": {"type": "Point", "coordinates": [2.36062, 41.043098]}, "properties": {"var_data": [-0.043, 0.011, 0.011, 0.006, 0.296, 0.0, 1, 1, 1, 1, 1]}}, {"type": "Feature", "geometry": {"type": "Point", "coordinates": [2.39596, 41.043098]}, "properties": {"var_data": [-0.046, -0.038, 0.01, 0.006, 0.325, 0.0, 1, 1, 1, 1, 1]}}, {"type": "Feature", "geometry": {"type": "Point", "coordinates": [2.4313, 41.043098]}, "properties": {"var_data": [-0.019, -0.04, 0.01, 0.007, 0.351, 0.0, 1, 1, 1, 1, 1]}}, {"type": "Feature", "geometry": {"type": "Point", "coordinates": [2.46664, 41.043098]}, "properties": {"var_data": [-0.123, -0.214, 0.016, 0.014, 0.506, 0.0, 1, 1, 1, 1, 1]}}, {"type": "Feature", "geometry": {"type": "Point", "coordinates": [2.50198, 41.043098]}, "properties": {"var_data": [-0.036, -0.152, 0.024, 0.02, 0.562, 0.0, 1, 1, 1, 1, 1]}}, {"type": "Feature", "geometry": {"type": "Point", "coordinates": [2.53732, 41.043098]}, "properties": {"var_data": [0.008, -0.156, 0.032, 0.032, 0.721, 0.001, 1, 1, 1, 1, 1]}}, {"type": "Feature", "geometry": {"type": "Point", "coordinates": [2.57266, 41.043098]}, "properties": {"var_data": [0.016, -0.146, 0.034, 0.035, 0.798, 0.001, 1, 1, 1, 1, 1]}}, {"type": "Feature", "geometry": {"type": "Point", "coordinates": [2.608, 41.043098]}, "properties": {"var_data": [0.118, -0.051, 0.021, 0.024, 0.559, 0.0, 1, 1, 1, 1, 1]}}, {"type": "Feature", "geometry": {"type": "Point", "coordinates": [2.64334, 41.043098]}, "properties": {"var_data": [0.144, -0.029, 0.019, 0.019, 0.543, 0.0, 1, 1, 1, 1, 1]}}, {"type": "Feature", "geometry": {"type": "Point", "coordinates": [2.67868, 41.043098]}, "properties": {"var_data": [0.175, -0.01, 0.016, 0.015, 0.435, 0.0, 1, 1, 1, 1, 1]}}, {"type": "Feature", "geometry": {"type": "Point", "coordinates": [2.71402, 41.043098]}, "properties": {"var_data": [0.136, -0.036, 0.012, 0.011, 0.453, 0.0, 1, 1, 1, 1, 1]}}, {"type": "Feature", "geometry": {"type": "Point", "coordinates": [2.74936, 41.043098]}, "properties": {"var_data": [0.125, -0.059, 0.013, 0.012, 0.518, 0.0, 1, 1, 1, 1, 1]}}, {"type": "Feature", "geometry": {"type": "Point", "coordinates": [2.7847, 41.043098]}, "properties": {"var_data": [0.15, -0.041, 0.011, 0.01, 0.496, 0.0, 1, 1, 1, 1, 1]}}, {"type": "Feature", "geometry": {"type": "Point", "coordinates": [2.82004, 41.043098]}, "properties": {"var_data": [0.098, -0.083, 0.014, 0.011, 0.558, 0.0, 1, 1, 1, 1, 1]}}, {"type": "Feature", "geometry": {"type": "Point", "coordinates": [2.85538, 41.043098]}, "properties": {"var_data": [0.225, -0.002, 0.012, 0.009, 0.534, 0.0, 1, 1, 1, 1, 1]}}, {"type": "Feature", "geometry": {"type": "Point", "coordinates": [2.89072, 41.043098]}, "properties": {"var_data": [0.22, -0.003, 0.01, 0.005, 0.55, 0.0, 1, 1, 1, 1, 1]}}, {"type": "Feature", "geometry": {"type": "Point", "coordinates": [2.92606, 41.043098]}, "properties": {"var_data": [0.219, 0.004, 0.008, 0.005, 0.497, 0.0, 1, 1, 1, 1, 1]}}, {"type": "Feature", "geometry": {"type": "Point", "coordinates": [2.9614, 41.043098]}, "properties": {"var_data": [0.191, -0.016, 0.013, 0.006, 0.648, 0.0, 1, 1, 1, 1, 1]}}, {"type": "Feature", "geometry": {"type": "Point", "coordinates": [2.99674, 41.043098]}, "properties": {"var_data": [0.177, 0.018, 0.03, 0.007, 0.696, 0.0, 1, 1, 1, 1, 1]}}, {"type": "Feature", "geometry": {"type": "Point", "coordinates": [3.03208, 41.043098]}, "properties": {"var_data": [0.173, 0.038, 0.035, 0.015, 0.804, 0.0, 1, 1, 1, 1, 1]}}, {"type": "Feature", "geometry": {"type": "Point", "coordinates": [3.06742, 41.043098]}, "properties": {"var_data": [0.186, 0.063, 0.067, 0.018, 1.185, 0.001, 1, 1, 1, 1, 1]}}, {"type": "Feature", "geometry": {"type": "Point", "coordinates": [3.10276, 41.043098]}, "properties": {"var_data": [0.272, 0.106, 0.025, 0.012, 1.088, 0.0, 1, 1, 1, 1, 1]}}, {"type": "Feature", "geometry": {"type": "Point", "coordinates": [3.1381, 41.043098]}, "properties": {"var_data": [0.315, 0.125, 0.027, 0.014, 1.274, 0.0, 1, 1, 1, 1, 1]}}, {"type": "Feature", "geometry": {"type": "Point", "coordinates": [1.1944, 41.070099]}, "properties": {"var_data": [0.282, -0.518, 0.92, 2.036, 6.164, -1.871, 4, 0, 4, 1, 1]}}, {"type": "Feature", "geometry": {"type": "Point", "coordinates": [1.22974, 41.070099]}, "properties": {"var_data": [0.239, -0.465, 0.23, 0.447, 4.863, -0.102, 4, 0, 4, 1, 1]}}, {"type": "Feature", "geometry": {"type": "Point", "coordinates": [1.26508, 41.070099]}, "properties": {"var_data": [-0.117, 0.225, 0.192, 0.391, 4.668, -0.075, 4, 0, 4, 1, 1]}}, {"type": "Feature", "geometry": {"type": "Point", "coordinates": [1.30042, 41.070099]}, "properties": {"var_data": [0.432, -0.901, 0.109, 0.205, 2.063, -0.022, 4, 0, 4, 1, 1]}}, {"type": "Feature", "geometry": {"type": "Point", "coordinates": [1.33576, 41.070099]}, "properties": {"var_data": [0.432, -0.802, 0.046, 0.052, 1.554, -0.002, 1, 0, 1, 1, 1]}}, {"type": "Feature", "geometry": {"type": "Point", "coordinates": [1.3711, 41.070099]}, "properties": {"var_data": [0.308, -0.515, 0.051, 0.056, 1.394, -0.003, 1, 0, 1, 1, 1]}}, {"type": "Feature", "geometry": {"type": "Point", "coordinates": [1.40644, 41.070099]}, "properties": {"var_data": [0.179, -0.294, 0.055, 0.061, 1.293, -0.003, 1, 0, 1, 1, 1]}}, {"type": "Feature", "geometry": {"type": "Point", "coordinates": [1.44178, 41.070099]}, "properties": {"var_data": [-0.033, 0.023, 0.046, 0.049, 0.903, -0.002, 1, 0, 1, 1, 1]}}, {"type": "Feature", "geometry": {"type": "Point", "coordinates": [1.47712, 41.070099]}, "properties": {"var_data": [-0.133, 0.133, 0.044, 0.056, 0.77, -0.002, 1, 0, 1, 1, 1]}}, {"type": "Feature", "geometry": {"type": "Point", "coordinates": [1.51246, 41.070099]}, "properties": {"var_data": [-0.155, 0.107, 0.016, 0.019, 0.553, -0.0, 1, 0, 1, 1, 1]}}, {"type": "Feature", "geometry": {"type": "Point", "coordinates": [1.5478, 41.070099]}, "properties": {"var_data": [-0.083, 0.025, 0.012, 0.014, 0.402, -0.0, 1, 0, 1, 1, 1]}}, {"type": "Feature", "geometry": {"type": "Point", "coordinates": [1.58314, 41.070099]}, "properties": {"var_data": [-0.071, 0.003, 0.011, 0.011, 0.382, -0.0, 1, 0, 1, 1, 1]}}, {"type": "Feature", "geometry": {"type": "Point", "coordinates": [1.61848, 41.070099]}, "properties": {"var_data": [-0.061, -0.004, 0.013, 0.01, 0.332, -0.0, 1, 0, 1, 1, 1]}}, {"type": "Feature", "geometry": {"type": "Point", "coordinates": [1.65382, 41.070099]}, "properties": {"var_data": [-0.098, 0.007, 0.012, 0.011, 0.314, -0.0, 1, 0, 1, 1, 1]}}, {"type": "Feature", "geometry": {"type": "Point", "coordinates": [1.68916, 41.070099]}, "properties": {"var_data": [-0.11, 0.02, 0.009, 0.01, 0.289, -0.0, 1, 0, 1, 1, 1]}}, {"type": "Feature", "geometry": {"type": "Point", "coordinates": [1.7245, 41.070099]}, "properties": {"var_data": [-0.114, 0.018, 0.008, 0.006, 0.274, -0.0, 1, 0, 1, 1, 1]}}, {"type": "Feature", "geometry": {"type": "Point", "coordinates": [1.75984, 41.070099]}, "properties": {"var_data": [-0.095, 0.009, 0.009, 0.005, 0.251, -0.0, 1, 0, 1, 1, 1]}}, {"type": "Feature", "geometry": {"type": "Point", "coordinates": [1.79518, 41.070099]}, "properties": {"var_data": [-0.078, -0.015, 0.012, 0.006, 0.242, -0.0, 1, 0, 1, 1, 1]}}, {"type": "Feature", "geometry": {"type": "Point", "coordinates": [1.83052, 41.070099]}, "properties": {"var_data": [-0.082, -0.007, 0.005, 0.003, 0.247, -0.0, 1, 1, 1, 1, 1]}}, {"type": "Feature", "geometry": {"type": "Point", "coordinates": [1.86586, 41.070099]}, "properties": {"var_data": [-0.068, 0.025, 0.005, 0.003, 0.244, 0.0, 1, 1, 1, 1, 1]}}, {"type": "Feature", "geometry": {"type": "Point", "coordinates": [1.9012, 41.070099]}, "properties": {"var_data": [-0.074, 0.06, 0.005, 0.003, 0.247, 0.0, 1, 1, 1, 1, 1]}}, {"type": "Feature", "geometry": {"type": "Point", "coordinates": [1.93654, 41.070099]}, "properties": {"var_data": [-0.083, 0.095, 0.007, 0.003, 0.265, 0.0, 1, 1, 1, 1, 1]}}, {"type": "Feature", "geometry": {"type": "Point", "coordinates": [1.97188, 41.070099]}, "properties": {"var_data": [-0.077, 0.113, 0.006, 0.003, 0.266, 0.0, 1, 1, 1, 1, 1]}}, {"type": "Feature", "geometry": {"type": "Point", "coordinates": [2.00722, 41.070099]}, "properties": {"var_data": [-0.074, 0.101, 0.006, 0.003, 0.27, 0.0, 1, 1, 1, 1, 1]}}, {"type": "Feature", "geometry": {"type": "Point", "coordinates": [2.04256, 41.070099]}, "properties": {"var_data": [-0.074, 0.084, 0.013, 0.007, 0.271, 0.0, 1, 1, 1, 1, 1]}}, {"type": "Feature", "geometry": {"type": "Point", "coordinates": [2.0779, 41.070099]}, "properties": {"var_data": [-0.081, 0.051, 0.011, 0.008, 0.265, 0.0, 1, 1, 1, 1, 1]}}, {"type": "Feature", "geometry": {"type": "Point", "coordinates": [2.11324, 41.070099]}, "properties": {"var_data": [-0.085, 0.051, 0.01, 0.004, 0.269, 0.0, 1, 1, 1, 1, 1]}}, {"type": "Feature", "geometry": {"type": "Point", "coordinates": [2.14858, 41.070099]}, "properties": {"var_data": [-0.092, 0.059, 0.008, 0.005, 0.273, -0.0, 1, 1, 1, 1, 1]}}, {"type": "Feature", "geometry": {"type": "Point", "coordinates": [2.18392, 41.070099]}, "properties": {"var_data": [-0.074, 0.065, 0.008, 0.005, 0.274, -0.0, 1, 1, 1, 1, 1]}}, {"type": "Feature", "geometry": {"type": "Point", "coordinates": [2.21926, 41.070099]}, "properties": {"var_data": [-0.076, 0.069, 0.009, 0.005, 0.287, -0.0, 1, 1, 1, 1, 1]}}, {"type": "Feature", "geometry": {"type": "Point", "coordinates": [2.2546, 41.070099]}, "properties": {"var_data": [-0.044, 0.062, 0.009, 0.004, 0.265, -0.0, 1, 1, 1, 1, 1]}}, {"type": "Feature", "geometry": {"type": "Point", "coordinates": [2.28994, 41.070099]}, "properties": {"var_data": [-0.045, 0.051, 0.009, 0.004, 0.271, -0.0, 1, 1, 1, 1, 1]}}, {"type": "Feature", "geometry": {"type": "Point", "coordinates": [2.32528, 41.070099]}, "properties": {"var_data": [-0.028, 0.03, 0.009, 0.004, 0.269, -0.0, 1, 1, 1, 1, 1]}}, {"type": "Feature", "geometry": {"type": "Point", "coordinates": [2.36062, 41.070099]}, "properties": {"var_data": [-0.005, 0.007, 0.009, 0.005, 0.273, 0.0, 1, 1, 1, 1, 1]}}, {"type": "Feature", "geometry": {"type": "Point", "coordinates": [2.39596, 41.070099]}, "properties": {"var_data": [-0.011, -0.037, 0.009, 0.006, 0.302, 0.0, 1, 1, 1, 1, 1]}}, {"type": "Feature", "geometry": {"type": "Point", "coordinates": [2.4313, 41.070099]}, "properties": {"var_data": [0.029, -0.043, 0.009, 0.006, 0.319, 0.0, 1, 1, 1, 1, 1]}}, {"type": "Feature", "geometry": {"type": "Point", "coordinates": [2.46664, 41.070099]}, "properties": {"var_data": [-0.002, -0.13, 0.015, 0.014, 0.422, 0.0, 1, 1, 1, 1, 1]}}, {"type": "Feature", "geometry": {"type": "Point", "coordinates": [2.50198, 41.070099]}, "properties": {"var_data": [-0.01, -0.181, 0.024, 0.025, 0.495, 0.001, 1, 1, 1, 1, 1]}}, {"type": "Feature", "geometry": {"type": "Point", "coordinates": [2.53732, 41.070099]}, "properties": {"var_data": [0.027, -0.148, 0.022, 0.023, 0.573, 0.0, 1, 1, 1, 1, 1]}}, {"type": "Feature", "geometry": {"type": "Point", "coordinates": [2.57266, 41.070099]}, "properties": {"var_data": [0.14, -0.063, 0.021, 0.023, 0.533, 0.0, 1, 1, 1, 1, 1]}}, {"type": "Feature", "geometry": {"type": "Point", "coordinates": [2.608, 41.070099]}, "properties": {"var_data": [0.147, -0.014, 0.016, 0.017, 0.418, 0.0, 1, 1, 1, 1, 1]}}, {"type": "Feature", "geometry": {"type": "Point", "coordinates": [2.64334, 41.070099]}, "properties": {"var_data": [0.16, -0.005, 0.016, 0.017, 0.419, 0.0, 1, 1, 1, 1, 1]}}, {"type": "Feature", "geometry": {"type": "Point", "coordinates": [2.67868, 41.070099]}, "properties": {"var_data": [0.168, -0.015, 0.016, 0.012, 0.411, 0.0, 1, 1, 1, 1, 1]}}, {"type": "Feature", "geometry": {"type": "Point", "coordinates": [2.71402, 41.070099]}, "properties": {"var_data": [0.173, -0.01, 0.016, 0.011, 0.391, 0.0, 1, 1, 1, 1, 1]}}, {"type": "Feature", "geometry": {"type": "Point", "coordinates": [2.74936, 41.070099]}, "properties": {"var_data": [0.121, -0.046, 0.014, 0.012, 0.452, 0.0, 1, 1, 1, 1, 1]}}, {"type": "Feature", "geometry": {"type": "Point", "coordinates": [2.7847, 41.070099]}, "properties": {"var_data": [0.083, -0.069, 0.014, 0.01, 0.458, 0.0, 1, 1, 1, 1, 1]}}, {"type": "Feature", "geometry": {"type": "Point", "coordinates": [2.82004, 41.070099]}, "properties": {"var_data": [0.172, -0.023, 0.014, 0.011, 0.474, 0.0, 1, 1, 1, 1, 1]}}, {"type": "Feature", "geometry": {"type": "Point", "coordinates": [2.85538, 41.070099]}, "properties": {"var_data": [0.169, -0.02, 0.017, 0.01, 0.47, 0.0, 1, 1, 1, 1, 1]}}, {"type": "Feature", "geometry": {"type": "Point", "coordinates": [2.89072, 41.070099]}, "properties": {"var_data": [0.195, -0.017, 0.008, 0.006, 0.493, 0.0, 1, 1, 1, 1, 1]}}, {"type": "Feature", "geometry": {"type": "Point", "coordinates": [2.92606, 41.070099]}, "properties": {"var_data": [0.184, -0.019, 0.009, 0.005, 0.475, 0.0, 1, 1, 1, 1, 1]}}, {"type": "Feature", "geometry": {"type": "Point", "coordinates": [2.9614, 41.070099]}, "properties": {"var_data": [0.183, -0.021, 0.009, 0.006, 0.565, 0.0, 1, 1, 1, 1, 1]}}, {"type": "Feature", "geometry": {"type": "Point", "coordinates": [2.99674, 41.070099]}, "properties": {"var_data": [0.191, 0.009, 0.01, 0.006, 0.556, 0.0, 1, 1, 1, 1, 1]}}, {"type": "Feature", "geometry": {"type": "Point", "coordinates": [3.03208, 41.070099]}, "properties": {"var_data": [0.199, 0.052, 0.02, 0.013, 0.716, 0.0, 1, 1, 1, 1, 1]}}, {"type": "Feature", "geometry": {"type": "Point", "coordinates": [3.06742, 41.070099]}, "properties": {"var_data": [0.223, 0.083, 0.025, 0.011, 0.798, 0.0, 1, 1, 1, 1, 1]}}, {"type": "Feature", "geometry": {"type": "Point", "coordinates": [3.10276, 41.070099]}, "properties": {"var_data": [0.252, 0.108, 0.029, 0.014, 1.025, 0.0, 1, 1, 1, 1, 1]}}, {"type": "Feature", "geometry": {"type": "Point", "coordinates": [3.1381, 41.070099]}, "properties": {"var_data": [0.357, 0.137, 0.024, 0.013, 1.339, 0.0, 1, 1, 1, 1, 1]}}, {"type": "Feature", "geometry": {"type": "Point", "coordinates": [3.17344, 41.070099]}, "properties": {"var_data": [0.405, 0.151, 0.026, 0.014, 1.282, 0.0, 1, 1, 1, 1, 1]}}, {"type": "Feature", "geometry": {"type": "Point", "coordinates": [1.26508, 41.097099]}, "properties": {"var_data": [0.196, -0.436, 0.202, 0.404, 4.849, -0.081, 4, 0, 4, 1, 1]}}, {"type": "Feature", "geometry": {"type": "Point", "coordinates": [1.30042, 41.097099]}, "properties": {"var_data": [0.314, -0.633, 0.191, 0.383, 4.155, -0.073, 4, 0, 4, 1, 1]}}, {"type": "Feature", "geometry": {"type": "Point", "coordinates": [1.33576, 41.097099]}, "properties": {"var_data": [0.401, -0.734, 0.323, 0.697, 3.006, -0.224, 4, 0, 4, 1, 1]}}, {"type": "Feature", "geometry": {"type": "Point", "coordinates": [1.3711, 41.097099]}, "properties": {"var_data": [0.107, -0.133, 0.032, 0.04, 1.495, -0.001, 1, 0, 1, 1, 1]}}, {"type": "Feature", "geometry": {"type": "Point", "coordinates": [1.40644, 41.097099]}, "properties": {"var_data": [-0.003, 0.093, 0.031, 0.04, 1.373, -0.001, 1, 0, 1, 1, 1]}}, {"type": "Feature", "geometry": {"type": "Point", "coordinates": [1.44178, 41.097099]}, "properties": {"var_data": [-0.059, 0.141, 0.03, 0.038, 0.883, -0.001, 1, 0, 1, 1, 1]}}, {"type": "Feature", "geometry": {"type": "Point", "coordinates": [1.47712, 41.097099]}, "properties": {"var_data": [-0.135, 0.175, 0.048, 0.076, 0.849, -0.004, 1, 0, 1, 1, 1]}}, {"type": "Feature", "geometry": {"type": "Point", "coordinates": [1.51246, 41.097099]}, "properties": {"var_data": [-0.131, 0.118, 0.014, 0.016, 0.506, -0.0, 1, 0, 1, 1, 1]}}, {"type": "Feature", "geometry": {"type": "Point", "coordinates": [1.5478, 41.097099]}, "properties": {"var_data": [-0.067, 0.011, 0.013, 0.013, 0.382, -0.0, 1, 0, 1, 1, 1]}}, {"type": "Feature", "geometry": {"type": "Point", "coordinates": [1.58314, 41.097099]}, "properties": {"var_data": [-0.087, 0.01, 0.011, 0.013, 0.334, -0.0, 1, 0, 1, 1, 1]}}, {"type": "Feature", "geometry": {"type": "Point", "coordinates": [1.61848, 41.097099]}, "properties": {"var_data": [-0.104, 0.005, 0.009, 0.01, 0.269, -0.0, 1, 0, 1, 1, 1]}}, {"type": "Feature", "geometry": {"type": "Point", "coordinates": [1.65382, 41.097099]}, "properties": {"var_data": [-0.114, 0.027, 0.006, 0.008, 0.263, -0.0, 1, 0, 1, 1, 1]}}, {"type": "Feature", "geometry": {"type": "Point", "coordinates": [1.68916, 41.097099]}, "properties": {"var_data": [-0.104, 0.033, 0.006, 0.007, 0.262, -0.0, 1, 0, 1, 1, 1]}}, {"type": "Feature", "geometry": {"type": "Point", "coordinates": [1.7245, 41.097099]}, "properties": {"var_data": [-0.097, 0.031, 0.007, 0.005, 0.266, -0.0, 1, 0, 1, 1, 1]}}, {"type": "Feature", "geometry": {"type": "Point", "coordinates": [1.75984, 41.097099]}, "properties": {"var_data": [-0.093, 0.019, 0.008, 0.005, 0.246, -0.0, 1, 0, 1, 1, 1]}}, {"type": "Feature", "geometry": {"type": "Point", "coordinates": [1.79518, 41.097099]}, "properties": {"var_data": [-0.077, -0.006, 0.01, 0.005, 0.233, -0.0, 1, 1, 1, 1, 1]}}, {"type": "Feature", "geometry": {"type": "Point", "coordinates": [1.83052, 41.097099]}, "properties": {"var_data": [-0.079, -0.004, 0.016, 0.005, 0.236, -0.0, 1, 1, 1, 1, 1]}}, {"type": "Feature", "geometry": {"type": "Point", "coordinates": [1.86586, 41.097099]}, "properties": {"var_data": [-0.091, 0.023, 0.011, 0.004, 0.233, -0.0, 1, 1, 1, 1, 1]}}, {"type": "Feature", "geometry": {"type": "Point", "coordinates": [1.9012, 41.097099]}, "properties": {"var_data": [-0.091, 0.052, 0.009, 0.003, 0.236, 0.0, 1, 1, 1, 1, 1]}}, {"type": "Feature", "geometry": {"type": "Point", "coordinates": [1.93654, 41.097099]}, "properties": {"var_data": [-0.093, 0.081, 0.009, 0.003, 0.25, 0.0, 1, 1, 1, 1, 1]}}, {"type": "Feature", "geometry": {"type": "Point", "coordinates": [1.97188, 41.097099]}, "properties": {"var_data": [-0.081, 0.095, 0.012, 0.005, 0.255, 0.0, 1, 1, 1, 1, 1]}}, {"type": "Feature", "geometry": {"type": "Point", "coordinates": [2.00722, 41.097099]}, "properties": {"var_data": [-0.058, 0.075, 0.01, 0.005, 0.252, 0.0, 1, 1, 1, 1, 1]}}, {"type": "Feature", "geometry": {"type": "Point", "coordinates": [2.04256, 41.097099]}, "properties": {"var_data": [-0.052, 0.054, 0.01, 0.006, 0.249, 0.0, 1, 1, 1, 1, 1]}}, {"type": "Feature", "geometry": {"type": "Point", "coordinates": [2.0779, 41.097099]}, "properties": {"var_data": [-0.054, 0.041, 0.009, 0.004, 0.235, 0.0, 1, 1, 1, 1, 1]}}, {"type": "Feature", "geometry": {"type": "Point", "coordinates": [2.11324, 41.097099]}, "properties": {"var_data": [-0.036, 0.037, 0.009, 0.003, 0.241, 0.0, 1, 1, 1, 1, 1]}}, {"type": "Feature", "geometry": {"type": "Point", "coordinates": [2.14858, 41.097099]}, "properties": {"var_data": [-0.073, 0.037, 0.008, 0.003, 0.255, -0.0, 1, 1, 1, 1, 1]}}, {"type": "Feature", "geometry": {"type": "Point", "coordinates": [2.18392, 41.097099]}, "properties": {"var_data": [-0.067, 0.031, 0.008, 0.003, 0.253, -0.0, 1, 1, 1, 1, 1]}}, {"type": "Feature", "geometry": {"type": "Point", "coordinates": [2.21926, 41.097099]}, "properties": {"var_data": [-0.072, 0.043, 0.008, 0.004, 0.25, -0.0, 1, 1, 1, 1, 1]}}, {"type": "Feature", "geometry": {"type": "Point", "coordinates": [2.2546, 41.097099]}, "properties": {"var_data": [-0.042, 0.035, 0.007, 0.004, 0.246, -0.0, 1, 1, 1, 1, 1]}}, {"type": "Feature", "geometry": {"type": "Point", "coordinates": [2.28994, 41.097099]}, "properties": {"var_data": [-0.01, 0.036, 0.008, 0.004, 0.256, -0.0, 1, 1, 1, 1, 1]}}, {"type": "Feature", "geometry": {"type": "Point", "coordinates": [2.32528, 41.097099]}, "properties": {"var_data": [-0.024, 0.009, 0.008, 0.003, 0.254, -0.0, 1, 1, 1, 1, 1]}}, {"type": "Feature", "geometry": {"type": "Point", "coordinates": [2.36062, 41.097099]}, "properties": {"var_data": [0.006, 0.004, 0.008, 0.005, 0.254, 0.0, 1, 1, 1, 1, 1]}}, {"type": "Feature", "geometry": {"type": "Point", "coordinates": [2.39596, 41.097099]}, "properties": {"var_data": [0.014, -0.023, 0.008, 0.005, 0.251, 0.0, 1, 1, 1, 1, 1]}}, {"type": "Feature", "geometry": {"type": "Point", "coordinates": [2.4313, 41.097099]}, "properties": {"var_data": [0.039, -0.045, 0.009, 0.007, 0.274, 0.0, 1, 1, 1, 1, 1]}}, {"type": "Feature", "geometry": {"type": "Point", "coordinates": [2.46664, 41.097099]}, "properties": {"var_data": [0.042, -0.097, 0.008, 0.007, 0.319, 0.0, 1, 1, 1, 1, 1]}}, {"type": "Feature", "geometry": {"type": "Point", "coordinates": [2.50198, 41.097099]}, "properties": {"var_data": [0.064, -0.114, 0.009, 0.006, 0.389, 0.0, 1, 1, 1, 1, 1]}}, {"type": "Feature", "geometry": {"type": "Point", "coordinates": [2.53732, 41.097099]}, "properties": {"var_data": [0.138, -0.049, 0.008, 0.006, 0.404, 0.0, 1, 1, 1, 1, 1]}}, {"type": "Feature", "geometry": {"type": "Point", "coordinates": [2.57266, 41.097099]}, "properties": {"var_data": [0.124, -0.045, 0.01, 0.01, 0.457, 0.0, 1, 1, 1, 1, 1]}}, {"type": "Feature", "geometry": {"type": "Point", "coordinates": [2.608, 41.097099]}, "properties": {"var_data": [0.142, -0.004, 0.011, 0.012, 0.361, 0.0, 1, 1, 1, 1, 1]}}, {"type": "Feature", "geometry": {"type": "Point", "coordinates": [2.64334, 41.097099]}, "properties": {"var_data": [0.161, 0.021, 0.012, 0.012, 0.358, 0.0, 1, 1, 1, 1, 1]}}, {"type": "Feature", "geometry": {"type": "Point", "coordinates": [2.67868, 41.097099]}, "properties": {"var_data": [0.14, -0.006, 0.015, 0.01, 0.359, 0.0, 1, 1, 1, 1, 1]}}, {"type": "Feature", "geometry": {"type": "Point", "coordinates": [2.71402, 41.097099]}, "properties": {"var_data": [0.162, 0.007, 0.015, 0.008, 0.354, 0.0, 1, 1, 1, 1, 1]}}, {"type": "Feature", "geometry": {"type": "Point", "coordinates": [2.74936, 41.097099]}, "properties": {"var_data": [0.132, 0.002, 0.014, 0.008, 0.416, 0.0, 1, 1, 1, 1, 1]}}, {"type": "Feature", "geometry": {"type": "Point", "coordinates": [2.7847, 41.097099]}, "properties": {"var_data": [0.152, -0.004, 0.014, 0.008, 0.396, 0.0, 1, 1, 1, 1, 1]}}, {"type": "Feature", "geometry": {"type": "Point", "coordinates": [2.82004, 41.097099]}, "properties": {"var_data": [0.159, -0.004, 0.016, 0.017, 0.445, 0.0, 1, 1, 1, 1, 1]}}, {"type": "Feature", "geometry": {"type": "Point", "coordinates": [2.85538, 41.097099]}, "properties": {"var_data": [0.125, -0.037, 0.015, 0.012, 0.441, 0.0, 1, 1, 1, 1, 1]}}, {"type": "Feature", "geometry": {"type": "Point", "coordinates": [2.89072, 41.097099]}, "properties": {"var_data": [0.176, -0.05, 0.012, 0.012, 0.54, 0.0, 1, 1, 1, 1, 1]}}, {"type": "Feature", "geometry": {"type": "Point", "coordinates": [2.92606, 41.097099]}, "properties": {"var_data": [0.167, -0.026, 0.009, 0.006, 0.488, 0.0, 1, 1, 1, 1, 1]}}, {"type": "Feature", "geometry": {"type": "Point", "coordinates": [2.9614, 41.097099]}, "properties": {"var_data": [0.167, -0.017, 0.009, 0.006, 0.522, 0.0, 1, 1, 1, 1, 1]}}, {"type": "Feature", "geometry": {"type": "Point", "coordinates": [2.99674, 41.097099]}, "properties": {"var_data": [0.181, 0.011, 0.009, 0.006, 0.52, 0.0, 1, 1, 1, 1, 1]}}, {"type": "Feature", "geometry": {"type": "Point", "coordinates": [3.03208, 41.097099]}, "properties": {"var_data": [0.241, 0.078, 0.019, 0.016, 0.691, 0.0, 1, 1, 1, 1, 1]}}, {"type": "Feature", "geometry": {"type": "Point", "coordinates": [3.06742, 41.097099]}, "properties": {"var_data": [0.249, 0.091, 0.026, 0.012, 0.776, 0.0, 1, 1, 1, 1, 1]}}, {"type": "Feature", "geometry": {"type": "Point", "coordinates": [3.10276, 41.097099]}, "properties": {"var_data": [0.275, 0.108, 0.012, 0.011, 1.005, 0.0, 1, 1, 1, 1, 1]}}, {"type": "Feature", "geometry": {"type": "Point", "coordinates": [3.1381, 41.097099]}, "properties": {"var_data": [0.38, 0.156, 0.022, 0.014, 1.064, 0.0, 1, 1, 1, 1, 1]}}, {"type": "Feature", "geometry": {"type": "Point", "coordinates": [3.17344, 41.097099]}, "properties": {"var_data": [0.412, 0.171, 0.026, 0.019, 1.123, 0.0, 1, 1, 1, 1, 1]}}, {"type": "Feature", "geometry": {"type": "Point", "coordinates": [3.20878, 41.097099]}, "properties": {"var_data": [0.485, 0.215, 0.038, 0.019, 1.165, 0.001, 1, 1, 1, 1, 1]}}, {"type": "Feature", "geometry": {"type": "Point", "coordinates": [1.33576, 41.1241]}, "properties": {"var_data": [0.286, -0.476, 0.459, 0.957, 4.683, -0.437, 4, 0, 4, 1, 1]}}, {"type": "Feature", "geometry": {"type": "Point", "coordinates": [1.3711, 41.1241]}, "properties": {"var_data": [0.379, -0.695, 0.204, 0.423, 4.675, -0.086, 4, 0, 4, 1, 1]}}, {"type": "Feature", "geometry": {"type": "Point", "coordinates": [1.40644, 41.1241]}, "properties": {"var_data": [0.104, -0.149, 0.066, 0.127, 2.696, -0.008, 4, 0, 4, 1, 1]}}, {"type": "Feature", "geometry": {"type": "Point", "coordinates": [1.44178, 41.1241]}, "properties": {"var_data": [-0.057, 0.167, 0.066, 0.126, 1.928, -0.008, 1, 0, 1, 1, 1]}}, {"type": "Feature", "geometry": {"type": "Point", "coordinates": [1.47712, 41.1241]}, "properties": {"var_data": [-0.075, 0.156, 0.027, 0.045, 0.852, -0.001, 1, 0, 1, 1, 1]}}, {"type": "Feature", "geometry": {"type": "Point", "coordinates": [1.51246, 41.1241]}, "properties": {"var_data": [-0.054, 0.031, 0.015, 0.017, 0.509, -0.0, 1, 0, 1, 1, 1]}}, {"type": "Feature", "geometry": {"type": "Point", "coordinates": [1.5478, 41.1241]}, "properties": {"var_data": [-0.034, -0.025, 0.012, 0.015, 0.367, -0.0, 1, 0, 1, 1, 1]}}, {"type": "Feature", "geometry": {"type": "Point", "coordinates": [1.58314, 41.1241]}, "properties": {"var_data": [-0.108, -0.007, 0.007, 0.009, 0.253, -0.0, 1, 0, 1, 1, 1]}}, {"type": "Feature", "geometry": {"type": "Point", "coordinates": [1.61848, 41.1241]}, "properties": {"var_data": [-0.131, -0.013, 0.006, 0.008, 0.232, -0.0, 1, 0, 1, 1, 1]}}, {"type": "Feature", "geometry": {"type": "Point", "coordinates": [1.65382, 41.1241]}, "properties": {"var_data": [-0.113, -0.007, 0.005, 0.007, 0.241, -0.0, 1, 0, 1, 1, 1]}}, {"type": "Feature", "geometry": {"type": "Point", "coordinates": [1.68916, 41.1241]}, "properties": {"var_data": [-0.103, 0.006, 0.005, 0.007, 0.247, -0.0, 1, 0, 1, 1, 1]}}, {"type": "Feature", "geometry": {"type": "Point", "coordinates": [1.7245, 41.1241]}, "properties": {"var_data": [-0.073, 0.023, 0.005, 0.007, 0.242, -0.0, 1, 0, 1, 1, 1]}}, {"type": "Feature", "geometry": {"type": "Point", "coordinates": [1.75984, 41.1241]}, "properties": {"var_data": [-0.072, 0.002, 0.007, 0.008, 0.251, -0.0, 1, 0, 1, 1, 1]}}, {"type": "Feature", "geometry": {"type": "Point", "coordinates": [1.79518, 41.1241]}, "properties": {"var_data": [-0.055, -0.012, 0.01, 0.008, 0.232, -0.0, 1, 1, 1, 1, 1]}}, {"type": "Feature", "geometry": {"type": "Point", "coordinates": [1.83052, 41.1241]}, "properties": {"var_data": [-0.051, -0.011, 0.01, 0.005, 0.222, -0.0, 1, 1, 1, 1, 1]}}, {"type": "Feature", "geometry": {"type": "Point", "coordinates": [1.86586, 41.1241]}, "properties": {"var_data": [-0.075, 0.016, 0.008, 0.004, 0.22, -0.0, 1, 1, 1, 1, 1]}}, {"type": "Feature", "geometry": {"type": "Point", "coordinates": [1.9012, 41.1241]}, "properties": {"var_data": [-0.086, 0.051, 0.008, 0.003, 0.227, 0.0, 1, 1, 1, 1, 1]}}, {"type": "Feature", "geometry": {"type": "Point", "coordinates": [1.93654, 41.1241]}, "properties": {"var_data": [-0.078, 0.08, 0.009, 0.004, 0.232, 0.0, 1, 1, 1, 1, 1]}}, {"type": "Feature", "geometry": {"type": "Point", "coordinates": [1.97188, 41.1241]}, "properties": {"var_data": [-0.091, 0.081, 0.012, 0.005, 0.247, 0.0, 1, 1, 1, 1, 1]}}, {"type": "Feature", "geometry": {"type": "Point", "coordinates": [2.00722, 41.1241]}, "properties": {"var_data": [-0.054, 0.057, 0.007, 0.005, 0.241, 0.0, 1, 1, 1, 1, 1]}}, {"type": "Feature", "geometry": {"type": "Point", "coordinates": [2.04256, 41.1241]}, "properties": {"var_data": [-0.041, 0.036, 0.006, 0.004, 0.229, 0.0, 1, 1, 1, 1, 1]}}, {"type": "Feature", "geometry": {"type": "Point", "coordinates": [2.0779, 41.1241]}, "properties": {"var_data": [-0.028, 0.038, 0.008, 0.003, 0.23, 0.0, 1, 1, 1, 1, 1]}}, {"type": "Feature", "geometry": {"type": "Point", "coordinates": [2.11324, 41.1241]}, "properties": {"var_data": [-0.024, 0.031, 0.009, 0.003, 0.229, -0.0, 1, 1, 1, 1, 1]}}, {"type": "Feature", "geometry": {"type": "Point", "coordinates": [2.14858, 41.1241]}, "properties": {"var_data": [-0.022, 0.04, 0.007, 0.003, 0.23, -0.0, 1, 1, 1, 1, 1]}}, {"type": "Feature", "geometry": {"type": "Point", "coordinates": [2.18392, 41.1241]}, "properties": {"var_data": [-0.008, 0.041, 0.007, 0.002, 0.23, -0.0, 1, 1, 1, 1, 1]}}, {"type": "Feature", "geometry": {"type": "Point", "coordinates": [2.21926, 41.1241]}, "properties": {"var_data": [-0.023, 0.032, 0.007, 0.003, 0.236, -0.0, 1, 1, 1, 1, 1]}}, {"type": "Feature", "geometry": {"type": "Point", "coordinates": [2.2546, 41.1241]}, "properties": {"var_data": [-0.02, 0.014, 0.007, 0.004, 0.239, -0.0, 1, 1, 1, 1, 1]}}, {"type": "Feature", "geometry": {"type": "Point", "coordinates": [2.28994, 41.1241]}, "properties": {"var_data": [0.014, 0.021, 0.007, 0.003, 0.226, -0.0, 1, 1, 1, 1, 1]}}, {"type": "Feature", "geometry": {"type": "Point", "coordinates": [2.32528, 41.1241]}, "properties": {"var_data": [0.037, 0.005, 0.007, 0.004, 0.252, -0.0, 1, 1, 1, 1, 1]}}, {"type": "Feature", "geometry": {"type": "Point", "coordinates": [2.36062, 41.1241]}, "properties": {"var_data": [0.059, -0.02, 0.008, 0.005, 0.25, -0.0, 1, 1, 1, 1, 1]}}, {"type": "Feature", "geometry": {"type": "Point", "coordinates": [2.39596, 41.1241]}, "properties": {"var_data": [0.066, -0.033, 0.008, 0.006, 0.248, -0.0, 1, 1, 1, 1, 1]}}, {"type": "Feature", "geometry": {"type": "Point", "coordinates": [2.4313, 41.1241]}, "properties": {"var_data": [0.089, -0.051, 0.012, 0.011, 0.272, 0.0, 1, 1, 1, 1, 1]}}, {"type": "Feature", "geometry": {"type": "Point", "coordinates": [2.46664, 41.1241]}, "properties": {"var_data": [0.079, -0.05, 0.009, 0.006, 0.279, 0.0, 1, 1, 1, 1, 1]}}, {"type": "Feature", "geometry": {"type": "Point", "coordinates": [2.50198, 41.1241]}, "properties": {"var_data": [0.093, -0.047, 0.008, 0.005, 0.314, 0.0, 1, 1, 1, 1, 1]}}, {"type": "Feature", "geometry": {"type": "Point", "coordinates": [2.53732, 41.1241]}, "properties": {"var_data": [0.11, -0.019, 0.008, 0.005, 0.347, 0.0, 1, 1, 1, 1, 1]}}, {"type": "Feature", "geometry": {"type": "Point", "coordinates": [2.57266, 41.1241]}, "properties": {"var_data": [0.109, -0.015, 0.008, 0.006, 0.361, 0.0, 1, 1, 1, 1, 1]}}, {"type": "Feature", "geometry": {"type": "Point", "coordinates": [2.608, 41.1241]}, "properties": {"var_data": [0.151, 0.016, 0.01, 0.007, 0.347, 0.0, 1, 1, 1, 1, 1]}}, {"type": "Feature", "geometry": {"type": "Point", "coordinates": [2.64334, 41.1241]}, "properties": {"var_data": [0.162, 0.026, 0.008, 0.008, 0.326, 0.0, 1, 1, 1, 1, 1]}}, {"type": "Feature", "geometry": {"type": "Point", "coordinates": [2.67868, 41.1241]}, "properties": {"var_data": [0.128, 0.004, 0.011, 0.011, 0.346, 0.0, 1, 1, 1, 1, 1]}}, {"type": "Feature", "geometry": {"type": "Point", "coordinates": [2.71402, 41.1241]}, "properties": {"var_data": [0.135, 0.016, 0.011, 0.007, 0.356, 0.0, 1, 1, 1, 1, 1]}}, {"type": "Feature", "geometry": {"type": "Point", "coordinates": [2.74936, 41.1241]}, "properties": {"var_data": [0.104, 0.014, 0.014, 0.007, 0.414, 0.0, 1, 1, 1, 1, 1]}}, {"type": "Feature", "geometry": {"type": "Point", "coordinates": [2.7847, 41.1241]}, "properties": {"var_data": [0.106, -0.003, 0.012, 0.01, 0.418, 0.0, 1, 1, 1, 1, 1]}}, {"type": "Feature", "geometry": {"type": "Point", "coordinates": [2.82004, 41.1241]}, "properties": {"var_data": [0.093, -0.049, 0.016, 0.019, 0.456, 0.0, 1, 1, 1, 1, 1]}}, {"type": "Feature", "geometry": {"type": "Point", "coordinates": [2.85538, 41.1241]}, "properties": {"var_data": [0.068, -0.085, 0.015, 0.019, 0.452, 0.0, 1, 1, 1, 1, 1]}}, {"type": "Feature", "geometry": {"type": "Point", "coordinates": [2.89072, 41.1241]}, "properties": {"var_data": [0.111, -0.061, 0.011, 0.016, 0.441, 0.0, 1, 1, 1, 1, 1]}}, {"type": "Feature", "geometry": {"type": "Point", "coordinates": [2.92606, 41.1241]}, "properties": {"var_data": [0.145, -0.067, 0.011, 0.016, 0.485, 0.0, 1, 1, 1, 1, 1]}}, {"type": "Feature", "geometry": {"type": "Point", "coordinates": [2.9614, 41.1241]}, "properties": {"var_data": [0.185, -0.013, 0.01, 0.008, 0.512, 0.0, 1, 1, 1, 1, 1]}}, {"type": "Feature", "geometry": {"type": "Point", "coordinates": [2.99674, 41.1241]}, "properties": {"var_data": [0.187, -0.003, 0.01, 0.014, 0.483, 0.0, 1, 1, 1, 1, 1]}}, {"type": "Feature", "geometry": {"type": "Point", "coordinates": [3.03208, 41.1241]}, "properties": {"var_data": [0.215, 0.043, 0.01, 0.016, 0.523, 0.0, 1, 1, 1, 1, 1]}}, {"type": "Feature", "geometry": {"type": "Point", "coordinates": [3.06742, 41.1241]}, "properties": {"var_data": [0.235, 0.059, 0.011, 0.016, 0.573, 0.0, 1, 1, 1, 1, 1]}}, {"type": "Feature", "geometry": {"type": "Point", "coordinates": [3.10276, 41.1241]}, "properties": {"var_data": [0.279, 0.116, 0.013, 0.02, 0.765, 0.0, 1, 1, 1, 1, 1]}}, {"type": "Feature", "geometry": {"type": "Point", "coordinates": [3.1381, 41.1241]}, "properties": {"var_data": [0.294, 0.113, 0.012, 0.013, 0.765, 0.0, 1, 1, 1, 1, 1]}}, {"type": "Feature", "geometry": {"type": "Point", "coordinates": [3.17344, 41.1241]}, "properties": {"var_data": [0.459, 0.226, 0.036, 0.023, 1.125, 0.001, 1, 1, 1, 1, 1]}}, {"type": "Feature", "geometry": {"type": "Point", "coordinates": [3.20878, 41.1241]}, "properties": {"var_data": [0.438, 0.207, 0.032, 0.021, 1.002, 0.001, 1, 1, 1, 1, 1]}}, {"type": "Feature", "geometry": {"type": "Point", "coordinates": [3.24412, 41.1241]}, "properties": {"var_data": [0.456, 0.225, 0.032, 0.02, 1.009, 0.001, 1, 1, 1, 1, 1]}}, {"type": "Feature", "geometry": {"type": "Point", "coordinates": [1.44178, 41.1511]}, "properties": {"var_data": [0.101, -0.168, 0.221, 0.46, 10.911, -0.101, 4, 0, 4, 1, 1]}}, {"type": "Feature", "geometry": {"type": "Point", "coordinates": [1.47712, 41.1511]}, "properties": {"var_data": [0.001, 0.101, 0.068, 0.038, 0.985, -0.002, 1, 0, 1, 1, 1]}}, {"type": "Feature", "geometry": {"type": "Point", "coordinates": [1.51246, 41.1511]}, "properties": {"var_data": [0.046, -0.079, 0.017, 0.019, 0.525, -0.0, 1, 0, 1, 1, 1]}}, {"type": "Feature", "geometry": {"type": "Point", "coordinates": [1.5478, 41.1511]}, "properties": {"var_data": [-0.064, -0.021, 0.01, 0.012, 0.317, -0.0, 1, 0, 1, 1, 1]}}, {"type": "Feature", "geometry": {"type": "Point", "coordinates": [1.58314, 41.1511]}, "properties": {"var_data": [-0.112, -0.013, 0.006, 0.009, 0.249, -0.0, 1, 0, 1, 1, 1]}}, {"type": "Feature", "geometry": {"type": "Point", "coordinates": [1.61848, 41.1511]}, "properties": {"var_data": [-0.108, -0.035, 0.005, 0.007, 0.23, -0.0, 1, 0, 1, 1, 1]}}, {"type": "Feature", "geometry": {"type": "Point", "coordinates": [1.65382, 41.1511]}, "properties": {"var_data": [-0.097, -0.026, 0.004, 0.007, 0.236, -0.0, 1, 0, 1, 1, 1]}}, {"type": "Feature", "geometry": {"type": "Point", "coordinates": [1.68916, 41.1511]}, "properties": {"var_data": [-0.087, -0.014, 0.004, 0.006, 0.244, -0.0, 1, 0, 1, 1, 1]}}, {"type": "Feature", "geometry": {"type": "Point", "coordinates": [1.7245, 41.1511]}, "properties": {"var_data": [-0.065, -0.023, 0.005, 0.007, 0.25, -0.0, 1, 0, 1, 1, 1]}}, {"type": "Feature", "geometry": {"type": "Point", "coordinates": [1.75984, 41.1511]}, "properties": {"var_data": [-0.05, -0.038, 0.006, 0.008, 0.246, -0.0, 1, 0, 1, 1, 1]}}, {"type": "Feature", "geometry": {"type": "Point", "coordinates": [1.79518, 41.1511]}, "properties": {"var_data": [-0.031, -0.034, 0.008, 0.007, 0.23, -0.0, 1, 0, 1, 1, 1]}}, {"type": "Feature", "geometry": {"type": "Point", "coordinates": [1.83052, 41.1511]}, "properties": {"var_data": [-0.009, -0.022, 0.007, 0.004, 0.216, -0.0, 1, 1, 1, 1, 1]}}, {"type": "Feature", "geometry": {"type": "Point", "coordinates": [1.86586, 41.1511]}, "properties": {"var_data": [-0.036, 0.005, 0.006, 0.004, 0.211, -0.0, 1, 1, 1, 1, 1]}}, {"type": "Feature", "geometry": {"type": "Point", "coordinates": [1.9012, 41.1511]}, "properties": {"var_data": [-0.052, 0.03, 0.008, 0.004, 0.224, 0.0, 1, 1, 1, 1, 1]}}, {"type": "Feature", "geometry": {"type": "Point", "coordinates": [1.93654, 41.1511]}, "properties": {"var_data": [-0.046, 0.053, 0.009, 0.004, 0.223, 0.0, 1, 1, 1, 1, 1]}}, {"type": "Feature", "geometry": {"type": "Point", "coordinates": [1.97188, 41.1511]}, "properties": {"var_data": [-0.058, 0.061, 0.004, 0.004, 0.241, 0.0, 1, 1, 1, 1, 1]}}, {"type": "Feature", "geometry": {"type": "Point", "coordinates": [2.00722, 41.1511]}, "properties": {"var_data": [-0.043, 0.038, 0.004, 0.005, 0.246, 0.0, 1, 1, 1, 1, 1]}}, {"type": "Feature", "geometry": {"type": "Point", "coordinates": [2.04256, 41.1511]}, "properties": {"var_data": [-0.028, 0.022, 0.004, 0.005, 0.229, 0.0, 1, 1, 1, 1, 1]}}, {"type": "Feature", "geometry": {"type": "Point", "coordinates": [2.0779, 41.1511]}, "properties": {"var_data": [-0.027, 0.011, 0.006, 0.003, 0.22, 0.0, 1, 1, 1, 1, 1]}}, {"type": "Feature", "geometry": {"type": "Point", "coordinates": [2.11324, 41.1511]}, "properties": {"var_data": [0.009, 0.032, 0.009, 0.003, 0.227, -0.0, 1, 1, 1, 1, 1]}}, {"type": "Feature", "geometry": {"type": "Point", "coordinates": [2.14858, 41.1511]}, "properties": {"var_data": [0.013, 0.04, 0.009, 0.003, 0.219, -0.0, 1, 1, 1, 1, 1]}}, {"type": "Feature", "geometry": {"type": "Point", "coordinates": [2.18392, 41.1511]}, "properties": {"var_data": [0.01, 0.024, 0.008, 0.003, 0.22, 0.0, 1, 1, 1, 1, 1]}}, {"type": "Feature", "geometry": {"type": "Point", "coordinates": [2.21926, 41.1511]}, "properties": {"var_data": [-0.006, 0.006, 0.006, 0.004, 0.226, -0.0, 1, 1, 1, 1, 1]}}, {"type": "Feature", "geometry": {"type": "Point", "coordinates": [2.2546, 41.1511]}, "properties": {"var_data": [0.01, -0.001, 0.005, 0.003, 0.226, -0.0, 1, 1, 1, 1, 1]}}, {"type": "Feature", "geometry": {"type": "Point", "coordinates": [2.28994, 41.1511]}, "properties": {"var_data": [0.023, -0.014, 0.005, 0.003, 0.224, -0.0, 1, 1, 1, 1, 1]}}, {"type": "Feature", "geometry": {"type": "Point", "coordinates": [2.32528, 41.1511]}, "properties": {"var_data": [0.045, -0.017, 0.006, 0.004, 0.233, -0.0, 1, 1, 1, 1, 1]}}, {"type": "Feature", "geometry": {"type": "Point", "coordinates": [2.36062, 41.1511]}, "properties": {"var_data": [0.072, -0.026, 0.007, 0.005, 0.237, -0.0, 1, 1, 1, 1, 1]}}, {"type": "Feature", "geometry": {"type": "Point", "coordinates": [2.39596, 41.1511]}, "properties": {"var_data": [0.077, -0.044, 0.007, 0.007, 0.236, 0.0, 1, 1, 1, 1, 1]}}, {"type": "Feature", "geometry": {"type": "Point", "coordinates": [2.4313, 41.1511]}, "properties": {"var_data": [0.097, -0.027, 0.008, 0.005, 0.249, 0.0, 1, 1, 1, 1, 1]}}, {"type": "Feature", "geometry": {"type": "Point", "coordinates": [2.46664, 41.1511]}, "properties": {"var_data": [0.074, -0.024, 0.007, 0.003, 0.265, -0.0, 1, 1, 1, 1, 1]}}, {"type": "Feature", "geometry": {"type": "Point", "coordinates": [2.50198, 41.1511]}, "properties": {"var_data": [0.075, -0.015, 0.007, 0.004, 0.285, -0.0, 1, 1, 1, 1, 1]}}, {"type": "Feature", "geometry": {"type": "Point", "coordinates": [2.53732, 41.1511]}, "properties": {"var_data": [0.102, -0.019, 0.008, 0.005, 0.344, 0.0, 1, 1, 1, 1, 1]}}, {"type": "Feature", "geometry": {"type": "Point", "coordinates": [2.57266, 41.1511]}, "properties": {"var_data": [0.121, 0.031, 0.008, 0.005, 0.317, -0.0, 1, 1, 1, 1, 1]}}, {"type": "Feature", "geometry": {"type": "Point", "coordinates": [2.608, 41.1511]}, "properties": {"var_data": [0.154, 0.031, 0.007, 0.006, 0.322, 0.0, 1, 1, 1, 1, 1]}}, {"type": "Feature", "geometry": {"type": "Point", "coordinates": [2.64334, 41.1511]}, "properties": {"var_data": [0.142, 0.045, 0.008, 0.008, 0.318, 0.0, 1, 1, 1, 1, 1]}}, {"type": "Feature", "geometry": {"type": "Point", "coordinates": [2.67868, 41.1511]}, "properties": {"var_data": [0.128, 0.045, 0.009, 0.009, 0.327, 0.0, 1, 1, 1, 1, 1]}}, {"type": "Feature", "geometry": {"type": "Point", "coordinates": [2.71402, 41.1511]}, "properties": {"var_data": [0.14, 0.046, 0.008, 0.007, 0.321, 0.0, 1, 1, 1, 1, 1]}}, {"type": "Feature", "geometry": {"type": "Point", "coordinates": [2.74936, 41.1511]}, "properties": {"var_data": [0.083, 0.019, 0.008, 0.008, 0.34, 0.0, 1, 1, 1, 1, 1]}}, {"type": "Feature", "geometry": {"type": "Point", "coordinates": [2.7847, 41.1511]}, "properties": {"var_data": [0.055, 0.018, 0.008, 0.009, 0.373, 0.0, 1, 1, 1, 1, 1]}}, {"type": "Feature", "geometry": {"type": "Point", "coordinates": [2.82004, 41.1511]}, "properties": {"var_data": [0.062, -0.044, 0.011, 0.009, 0.385, 0.0, 1, 1, 1, 1, 1]}}, {"type": "Feature", "geometry": {"type": "Point", "coordinates": [2.85538, 41.1511]}, "properties": {"var_data": [0.08, -0.066, 0.014, 0.013, 0.406, 0.0, 1, 1, 1, 1, 1]}}, {"type": "Feature", "geometry": {"type": "Point", "coordinates": [2.89072, 41.1511]}, "properties": {"var_data": [0.123, -0.084, 0.015, 0.009, 0.431, 0.0, 1, 1, 1, 1, 1]}}, {"type": "Feature", "geometry": {"type": "Point", "coordinates": [2.92606, 41.1511]}, "properties": {"var_data": [0.143, -0.065, 0.011, 0.009, 0.479, 0.0, 1, 1, 1, 1, 1]}}, {"type": "Feature", "geometry": {"type": "Point", "coordinates": [2.9614, 41.1511]}, "properties": {"var_data": [0.203, -0.002, 0.015, 0.008, 0.524, 0.0, 1, 1, 1, 1, 1]}}, {"type": "Feature", "geometry": {"type": "Point", "coordinates": [2.99674, 41.1511]}, "properties": {"var_data": [0.215, 0.016, 0.013, 0.008, 0.495, 0.0, 1, 1, 1, 1, 1]}}, {"type": "Feature", "geometry": {"type": "Point", "coordinates": [3.03208, 41.1511]}, "properties": {"var_data": [0.234, 0.054, 0.01, 0.016, 0.526, 0.0, 1, 1, 1, 1, 1]}}, {"type": "Feature", "geometry": {"type": "Point", "coordinates": [3.06742, 41.1511]}, "properties": {"var_data": [0.247, 0.061, 0.011, 0.015, 0.553, 0.0, 1, 1, 1, 1, 1]}}, {"type": "Feature", "geometry": {"type": "Point", "coordinates": [3.10276, 41.1511]}, "properties": {"var_data": [0.277, 0.097, 0.012, 0.014, 0.644, 0.0, 1, 1, 1, 1, 1]}}, {"type": "Feature", "geometry": {"type": "Point", "coordinates": [3.1381, 41.1511]}, "properties": {"var_data": [0.284, 0.101, 0.012, 0.013, 0.737, 0.0, 1, 1, 1, 1, 1]}}, {"type": "Feature", "geometry": {"type": "Point", "coordinates": [3.17344, 41.1511]}, "properties": {"var_data": [0.38, 0.173, 0.03, 0.018, 0.918, 0.0, 1, 1, 1, 1, 1]}}, {"type": "Feature", "geometry": {"type": "Point", "coordinates": [3.20878, 41.1511]}, "properties": {"var_data": [0.425, 0.213, 0.03, 0.02, 0.908, 0.001, 1, 1, 1, 1, 1]}}, {"type": "Feature", "geometry": {"type": "Point", "coordinates": [3.24412, 41.1511]}, "properties": {"var_data": [0.459, 0.243, 0.034, 0.022, 0.977, 0.001, 1, 1, 1, 1, 1]}}, {"type": "Feature", "geometry": {"type": "Point", "coordinates": [3.27946, 41.1511]}, "properties": {"var_data": [0.383, 0.223, 0.045, 0.026, 1.012, 0.001, 1, 1, 1, 1, 1]}}, {"type": "Feature", "geometry": {"type": "Point", "coordinates": [1.5478, 41.178101]}, "properties": {"var_data": [-0.035, -0.05, 0.017, 0.015, 0.381, -0.0, 1, 0, 1, 1, 1]}}, {"type": "Feature", "geometry": {"type": "Point", "coordinates": [1.58314, 41.178101]}, "properties": {"var_data": [-0.102, -0.048, 0.007, 0.011, 0.283, -0.0, 1, 0, 1, 1, 1]}}, {"type": "Feature", "geometry": {"type": "Point", "coordinates": [1.61848, 41.178101]}, "properties": {"var_data": [-0.109, -0.069, 0.005, 0.009, 0.276, -0.0, 1, 0, 1, 1, 1]}}, {"type": "Feature", "geometry": {"type": "Point", "coordinates": [1.65382, 41.178101]}, "properties": {"var_data": [-0.094, -0.019, 0.004, 0.008, 0.283, -0.0, 1, 0, 1, 1, 1]}}, {"type": "Feature", "geometry": {"type": "Point", "coordinates": [1.68916, 41.178101]}, "properties": {"var_data": [-0.074, -0.05, 0.005, 0.008, 0.292, -0.0, 1, 0, 1, 1, 1]}}, {"type": "Feature", "geometry": {"type": "Point", "coordinates": [1.7245, 41.178101]}, "properties": {"var_data": [-0.044, -0.098, 0.008, 0.012, 0.324, -0.0, 1, 0, 1, 1, 1]}}, {"type": "Feature", "geometry": {"type": "Point", "coordinates": [1.75984, 41.178101]}, "properties": {"var_data": [-0.021, -0.103, 0.008, 0.009, 0.292, -0.0, 1, 0, 1, 1, 1]}}, {"type": "Feature", "geometry": {"type": "Point", "coordinates": [1.79518, 41.178101]}, "properties": {"var_data": [-0.012, -0.068, 0.008, 0.007, 0.248, -0.0, 1, 0, 1, 1, 1]}}, {"type": "Feature", "geometry": {"type": "Point", "coordinates": [1.83052, 41.178101]}, "properties": {"var_data": [-0.008, -0.029, 0.006, 0.005, 0.213, -0.0, 1, 0, 1, 1, 1]}}, {"type": "Feature", "geometry": {"type": "Point", "coordinates": [1.86586, 41.178101]}, "properties": {"var_data": [0.002, 0.006, 0.005, 0.004, 0.203, -0.0, 1, 1, 1, 1, 1]}}, {"type": "Feature", "geometry": {"type": "Point", "coordinates": [1.9012, 41.178101]}, "properties": {"var_data": [-0.012, 0.034, 0.005, 0.004, 0.195, 0.0, 1, 1, 1, 1, 1]}}, {"type": "Feature", "geometry": {"type": "Point", "coordinates": [1.93654, 41.178101]}, "properties": {"var_data": [-0.015, 0.045, 0.004, 0.004, 0.214, 0.0, 1, 1, 1, 1, 1]}}, {"type": "Feature", "geometry": {"type": "Point", "coordinates": [1.97188, 41.178101]}, "properties": {"var_data": [-0.024, 0.043, 0.004, 0.005, 0.232, 0.0, 1, 1, 1, 1, 1]}}, {"type": "Feature", "geometry": {"type": "Point", "coordinates": [2.00722, 41.178101]}, "properties": {"var_data": [-0.025, 0.025, 0.004, 0.006, 0.238, 0.0, 1, 1, 1, 1, 1]}}, {"type": "Feature", "geometry": {"type": "Point", "coordinates": [2.04256, 41.178101]}, "properties": {"var_data": [-0.017, -0.003, 0.004, 0.006, 0.237, 0.0, 1, 1, 1, 1, 1]}}, {"type": "Feature", "geometry": {"type": "Point", "coordinates": [2.0779, 41.178101]}, "properties": {"var_data": [-0.0, -0.006, 0.004, 0.006, 0.225, 0.0, 1, 1, 1, 1, 1]}}, {"type": "Feature", "geometry": {"type": "Point", "coordinates": [2.11324, 41.178101]}, "properties": {"var_data": [0.027, 0.013, 0.006, 0.003, 0.215, 0.0, 1, 1, 1, 1, 1]}}, {"type": "Feature", "geometry": {"type": "Point", "coordinates": [2.14858, 41.178101]}, "properties": {"var_data": [0.027, 0.027, 0.009, 0.003, 0.22, 0.0, 1, 1, 1, 1, 1]}}, {"type": "Feature", "geometry": {"type": "Point", "coordinates": [2.18392, 41.178101]}, "properties": {"var_data": [0.034, 0.026, 0.006, 0.003, 0.213, 0.0, 1, 1, 1, 1, 1]}}, {"type": "Feature", "geometry": {"type": "Point", "coordinates": [2.21926, 41.178101]}, "properties": {"var_data": [0.012, 0.004, 0.005, 0.003, 0.213, 0.0, 1, 1, 1, 1, 1]}}, {"type": "Feature", "geometry": {"type": "Point", "coordinates": [2.2546, 41.178101]}, "properties": {"var_data": [0.013, -0.006, 0.005, 0.003, 0.212, 0.0, 1, 1, 1, 1, 1]}}, {"type": "Feature", "geometry": {"type": "Point", "coordinates": [2.28994, 41.178101]}, "properties": {"var_data": [0.006, -0.023, 0.005, 0.004, 0.222, 0.0, 1, 1, 1, 1, 1]}}, {"type": "Feature", "geometry": {"type": "Point", "coordinates": [2.32528, 41.178101]}, "properties": {"var_data": [0.044, -0.018, 0.003, 0.003, 0.223, 0.0, 1, 1, 1, 1, 1]}}, {"type": "Feature", "geometry": {"type": "Point", "coordinates": [2.36062, 41.178101]}, "properties": {"var_data": [0.064, -0.026, 0.006, 0.005, 0.228, -0.0, 1, 1, 1, 1, 1]}}, {"type": "Feature", "geometry": {"type": "Point", "coordinates": [2.39596, 41.178101]}, "properties": {"var_data": [0.077, -0.031, 0.004, 0.006, 0.235, 0.0, 1, 1, 1, 1, 1]}}, {"type": "Feature", "geometry": {"type": "Point", "coordinates": [2.4313, 41.178101]}, "properties": {"var_data": [0.087, -0.019, 0.004, 0.003, 0.234, -0.0, 1, 1, 1, 1, 1]}}, {"type": "Feature", "geometry": {"type": "Point", "coordinates": [2.46664, 41.178101]}, "properties": {"var_data": [0.093, -0.014, 0.004, 0.003, 0.263, -0.0, 1, 1, 1, 1, 1]}}, {"type": "Feature", "geometry": {"type": "Point", "coordinates": [2.50198, 41.178101]}, "properties": {"var_data": [0.116, 0.017, 0.006, 0.003, 0.281, -0.0, 1, 1, 1, 1, 1]}}, {"type": "Feature", "geometry": {"type": "Point", "coordinates": [2.53732, 41.178101]}, "properties": {"var_data": [0.106, 0.027, 0.006, 0.004, 0.314, -0.0, 1, 1, 1, 1, 1]}}, {"type": "Feature", "geometry": {"type": "Point", "coordinates": [2.57266, 41.178101]}, "properties": {"var_data": [0.128, 0.035, 0.004, 0.006, 0.321, 0.0, 1, 1, 1, 1, 1]}}, {"type": "Feature", "geometry": {"type": "Point", "coordinates": [2.608, 41.178101]}, "properties": {"var_data": [0.144, 0.047, 0.004, 0.006, 0.32, 0.0, 1, 1, 1, 1, 1]}}, {"type": "Feature", "geometry": {"type": "Point", "coordinates": [2.64334, 41.178101]}, "properties": {"var_data": [0.153, 0.045, 0.004, 0.008, 0.315, 0.0, 1, 1, 1, 1, 1]}}, {"type": "Feature", "geometry": {"type": "Point", "coordinates": [2.67868, 41.178101]}, "properties": {"var_data": [0.145, 0.061, 0.008, 0.008, 0.312, 0.0, 1, 1, 1, 1, 1]}}, {"type": "Feature", "geometry": {"type": "Point", "coordinates": [2.71402, 41.178101]}, "properties": {"var_data": [0.151, 0.061, 0.006, 0.007, 0.325, 0.0, 1, 1, 1, 1, 1]}}, {"type": "Feature", "geometry": {"type": "Point", "coordinates": [2.74936, 41.178101]}, "properties": {"var_data": [0.1, 0.045, 0.008, 0.006, 0.337, 0.0, 1, 1, 1, 1, 1]}}, {"type": "Feature", "geometry": {"type": "Point", "coordinates": [2.7847, 41.178101]}, "properties": {"var_data": [0.141, 0.033, 0.008, 0.007, 0.358, 0.0, 1, 1, 1, 1, 1]}}, {"type": "Feature", "geometry": {"type": "Point", "coordinates": [2.82004, 41.178101]}, "properties": {"var_data": [0.127, -0.016, 0.008, 0.008, 0.36, 0.0, 1, 1, 1, 1, 1]}}, {"type": "Feature", "geometry": {"type": "Point", "coordinates": [2.85538, 41.178101]}, "properties": {"var_data": [0.133, -0.083, 0.014, 0.011, 0.387, 0.0, 1, 1, 1, 1, 1]}}, {"type": "Feature", "geometry": {"type": "Point", "coordinates": [2.89072, 41.178101]}, "properties": {"var_data": [0.167, -0.068, 0.014, 0.007, 0.417, 0.0, 1, 1, 1, 1, 1]}}, {"type": "Feature", "geometry": {"type": "Point", "coordinates": [2.92606, 41.178101]}, "properties": {"var_data": [0.137, -0.082, 0.021, 0.009, 0.485, 0.0, 1, 1, 1, 1, 1]}}, {"type": "Feature", "geometry": {"type": "Point", "coordinates": [2.9614, 41.178101]}, "properties": {"var_data": [0.213, -0.007, 0.024, 0.009, 0.6, 0.0, 1, 1, 1, 1, 1]}}, {"type": "Feature", "geometry": {"type": "Point", "coordinates": [2.99674, 41.178101]}, "properties": {"var_data": [0.222, 0.013, 0.017, 0.009, 0.531, 0.0, 1, 1, 1, 1, 1]}}, {"type": "Feature", "geometry": {"type": "Point", "coordinates": [3.03208, 41.178101]}, "properties": {"var_data": [0.24, 0.049, 0.016, 0.015, 0.514, 0.0, 1, 1, 1, 1, 1]}}, {"type": "Feature", "geometry": {"type": "Point", "coordinates": [3.06742, 41.178101]}, "properties": {"var_data": [0.257, 0.064, 0.011, 0.016, 0.532, 0.0, 1, 1, 1, 1, 1]}}, {"type": "Feature", "geometry": {"type": "Point", "coordinates": [3.10276, 41.178101]}, "properties": {"var_data": [0.253, 0.087, 0.011, 0.014, 0.569, 0.0, 1, 1, 1, 1, 1]}}, {"type": "Feature", "geometry": {"type": "Point", "coordinates": [3.1381, 41.178101]}, "properties": {"var_data": [0.234, 0.091, 0.012, 0.014, 0.622, 0.0, 1, 1, 1, 1, 1]}}, {"type": "Feature", "geometry": {"type": "Point", "coordinates": [3.17344, 41.178101]}, "properties": {"var_data": [0.275, 0.106, 0.025, 0.018, 0.747, 0.0, 1, 1, 1, 1, 1]}}, {"type": "Feature", "geometry": {"type": "Point", "coordinates": [3.20878, 41.178101]}, "properties": {"var_data": [0.317, 0.147, 0.035, 0.021, 0.944, 0.001, 1, 1, 1, 1, 1]}}, {"type": "Feature", "geometry": {"type": "Point", "coordinates": [3.24412, 41.178101]}, "properties": {"var_data": [0.343, 0.177, 0.031, 0.02, 0.886, 0.001, 1, 1, 1, 1, 1]}}, {"type": "Feature", "geometry": {"type": "Point", "coordinates": [3.27946, 41.178101]}, "properties": {"var_data": [0.378, 0.214, 0.034, 0.026, 0.969, 0.001, 1, 1, 1, 1, 1]}}, {"type": "Feature", "geometry": {"type": "Point", "coordinates": [3.3148, 41.178101]}, "properties": {"var_data": [0.392, 0.239, 0.042, 0.028, 1.162, 0.001, 1, 1, 1, 1, 1]}}, {"type": "Feature", "geometry": {"type": "Point", "coordinates": [1.7245, 41.205101]}, "properties": {"var_data": [0.002, -0.217, 0.01, 0.016, 0.455, -0.0, 1, 0, 1, 1, 1]}}, {"type": "Feature", "geometry": {"type": "Point", "coordinates": [1.75984, 41.205101]}, "properties": {"var_data": [0.005, -0.16, 0.009, 0.01, 0.412, -0.0, 1, 0, 1, 1, 1]}}, {"type": "Feature", "geometry": {"type": "Point", "coordinates": [1.79518, 41.205101]}, "properties": {"var_data": [-0.002, -0.079, 0.009, 0.009, 0.321, -0.0, 1, 0, 1, 1, 1]}}, {"type": "Feature", "geometry": {"type": "Point", "coordinates": [1.83052, 41.205101]}, "properties": {"var_data": [0.006, -0.026, 0.006, 0.005, 0.238, -0.0, 1, 0, 1, 1, 1]}}, {"type": "Feature", "geometry": {"type": "Point", "coordinates": [1.86586, 41.205101]}, "properties": {"var_data": [-0.001, 0.001, 0.004, 0.003, 0.2, -0.0, 1, 0, 1, 1, 1]}}, {"type": "Feature", "geometry": {"type": "Point", "coordinates": [1.9012, 41.205101]}, "properties": {"var_data": [0.016, 0.024, 0.004, 0.004, 0.186, 0.0, 1, 0, 1, 1, 1]}}, {"type": "Feature", "geometry": {"type": "Point", "coordinates": [1.93654, 41.205101]}, "properties": {"var_data": [0.02, 0.06, 0.006, 0.006, 0.207, 0.0, 1, 1, 1, 1, 1]}}, {"type": "Feature", "geometry": {"type": "Point", "coordinates": [1.97188, 41.205101]}, "properties": {"var_data": [-0.014, 0.037, 0.004, 0.005, 0.256, 0.0, 1, 1, 1, 1, 1]}}, {"type": "Feature", "geometry": {"type": "Point", "coordinates": [2.00722, 41.205101]}, "properties": {"var_data": [-0.014, -0.002, 0.003, 0.006, 0.255, 0.0, 1, 1, 1, 1, 1]}}, {"type": "Feature", "geometry": {"type": "Point", "coordinates": [2.04256, 41.205101]}, "properties": {"var_data": [-0.006, -0.029, 0.003, 0.007, 0.264, 0.0, 1, 1, 1, 1, 1]}}, {"type": "Feature", "geometry": {"type": "Point", "coordinates": [2.0779, 41.205101]}, "properties": {"var_data": [-0.004, -0.013, 0.004, 0.005, 0.24, -0.0, 1, 1, 1, 1, 1]}}, {"type": "Feature", "geometry": {"type": "Point", "coordinates": [2.11324, 41.205101]}, "properties": {"var_data": [0.015, 0.003, 0.005, 0.001, 0.224, 0.0, 1, 1, 1, 1, 1]}}, {"type": "Feature", "geometry": {"type": "Point", "coordinates": [2.14858, 41.205101]}, "properties": {"var_data": [0.031, 0.024, 0.007, 0.001, 0.209, -0.0, 1, 1, 1, 1, 1]}}, {"type": "Feature", "geometry": {"type": "Point", "coordinates": [2.18392, 41.205101]}, "properties": {"var_data": [0.062, 0.032, 0.005, 0.001, 0.219, 0.0, 1, 1, 1, 1, 1]}}, {"type": "Feature", "geometry": {"type": "Point", "coordinates": [2.21926, 41.205101]}, "properties": {"var_data": [0.037, 0.007, 0.005, 0.003, 0.213, 0.0, 1, 1, 1, 1, 1]}}, {"type": "Feature", "geometry": {"type": "Point", "coordinates": [2.2546, 41.205101]}, "properties": {"var_data": [0.029, -0.012, 0.004, 0.003, 0.213, 0.0, 1, 1, 1, 1, 1]}}, {"type": "Feature", "geometry": {"type": "Point", "coordinates": [2.28994, 41.205101]}, "properties": {"var_data": [0.033, -0.024, 0.003, 0.003, 0.217, 0.0, 1, 1, 1, 1, 1]}}, {"type": "Feature", "geometry": {"type": "Point", "coordinates": [2.32528, 41.205101]}, "properties": {"var_data": [0.03, -0.036, 0.003, 0.003, 0.216, 0.0, 1, 1, 1, 1, 1]}}, {"type": "Feature", "geometry": {"type": "Point", "coordinates": [2.36062, 41.205101]}, "properties": {"var_data": [0.065, -0.032, 0.003, 0.003, 0.222, 0.0, 1, 1, 1, 1, 1]}}, {"type": "Feature", "geometry": {"type": "Point", "coordinates": [2.39596, 41.205101]}, "properties": {"var_data": [0.07, -0.018, 0.004, 0.004, 0.231, -0.0, 1, 1, 1, 1, 1]}}, {"type": "Feature", "geometry": {"type": "Point", "coordinates": [2.4313, 41.205101]}, "properties": {"var_data": [0.086, 0.002, 0.004, 0.003, 0.243, -0.0, 1, 1, 1, 1, 1]}}, {"type": "Feature", "geometry": {"type": "Point", "coordinates": [2.46664, 41.205101]}, "properties": {"var_data": [0.079, 0.011, 0.003, 0.003, 0.255, 0.0, 1, 1, 1, 1, 1]}}, {"type": "Feature", "geometry": {"type": "Point", "coordinates": [2.50198, 41.205101]}, "properties": {"var_data": [0.097, 0.021, 0.003, 0.003, 0.284, 0.0, 1, 1, 1, 1, 1]}}, {"type": "Feature", "geometry": {"type": "Point", "coordinates": [2.53732, 41.205101]}, "properties": {"var_data": [0.099, 0.029, 0.003, 0.004, 0.331, 0.0, 1, 1, 1, 1, 1]}}, {"type": "Feature", "geometry": {"type": "Point", "coordinates": [2.57266, 41.205101]}, "properties": {"var_data": [0.103, 0.026, 0.003, 0.006, 0.301, 0.0, 1, 1, 1, 1, 1]}}, {"type": "Feature", "geometry": {"type": "Point", "coordinates": [2.608, 41.205101]}, "properties": {"var_data": [0.143, 0.039, 0.003, 0.007, 0.307, 0.0, 1, 1, 1, 1, 1]}}, {"type": "Feature", "geometry": {"type": "Point", "coordinates": [2.64334, 41.205101]}, "properties": {"var_data": [0.188, 0.052, 0.003, 0.007, 0.292, 0.0, 1, 1, 1, 1, 1]}}, {"type": "Feature", "geometry": {"type": "Point", "coordinates": [2.67868, 41.205101]}, "properties": {"var_data": [0.19, 0.061, 0.004, 0.008, 0.298, 0.0, 1, 1, 1, 1, 1]}}, {"type": "Feature", "geometry": {"type": "Point", "coordinates": [2.71402, 41.205101]}, "properties": {"var_data": [0.161, 0.074, 0.006, 0.007, 0.299, 0.0, 1, 1, 1, 1, 1]}}, {"type": "Feature", "geometry": {"type": "Point", "coordinates": [2.74936, 41.205101]}, "properties": {"var_data": [0.146, 0.064, 0.007, 0.007, 0.32, 0.0, 1, 1, 1, 1, 1]}}, {"type": "Feature", "geometry": {"type": "Point", "coordinates": [2.7847, 41.205101]}, "properties": {"var_data": [0.153, 0.029, 0.007, 0.004, 0.322, 0.0, 1, 1, 1, 1, 1]}}, {"type": "Feature", "geometry": {"type": "Point", "coordinates": [2.82004, 41.205101]}, "properties": {"var_data": [0.16, -0.017, 0.008, 0.007, 0.327, 0.0, 1, 1, 1, 1, 1]}}, {"type": "Feature", "geometry": {"type": "Point", "coordinates": [2.85538, 41.205101]}, "properties": {"var_data": [0.171, -0.074, 0.012, 0.01, 0.357, 0.0, 1, 1, 1, 1, 1]}}, {"type": "Feature", "geometry": {"type": "Point", "coordinates": [2.89072, 41.205101]}, "properties": {"var_data": [0.201, -0.078, 0.014, 0.008, 0.393, 0.0, 1, 1, 1, 1, 1]}}, {"type": "Feature", "geometry": {"type": "Point", "coordinates": [2.92606, 41.205101]}, "properties": {"var_data": [0.21, -0.063, 0.018, 0.008, 0.476, 0.0, 1, 1, 1, 1, 1]}}, {"type": "Feature", "geometry": {"type": "Point", "coordinates": [2.9614, 41.205101]}, "properties": {"var_data": [0.239, -0.022, 0.024, 0.008, 0.567, 0.0, 1, 1, 1, 1, 1]}}, {"type": "Feature", "geometry": {"type": "Point", "coordinates": [2.99674, 41.205101]}, "properties": {"var_data": [0.245, 0.004, 0.018, 0.008, 0.5, 0.0, 1, 1, 1, 1, 1]}}, {"type": "Feature", "geometry": {"type": "Point", "coordinates": [3.03208, 41.205101]}, "properties": {"var_data": [0.254, 0.043, 0.019, 0.015, 0.534, 0.0, 1, 1, 1, 1, 1]}}, {"type": "Feature", "geometry": {"type": "Point", "coordinates": [3.06742, 41.205101]}, "properties": {"var_data": [0.223, 0.054, 0.016, 0.015, 0.478, 0.0, 1, 1, 1, 1, 1]}}, {"type": "Feature", "geometry": {"type": "Point", "coordinates": [3.10276, 41.205101]}, "properties": {"var_data": [0.237, 0.078, 0.027, 0.017, 0.67, 0.0, 1, 1, 1, 1, 1]}}, {"type": "Feature", "geometry": {"type": "Point", "coordinates": [3.1381, 41.205101]}, "properties": {"var_data": [0.238, 0.094, 0.027, 0.017, 0.658, 0.0, 1, 1, 1, 1, 1]}}, {"type": "Feature", "geometry": {"type": "Point", "coordinates": [3.17344, 41.205101]}, "properties": {"var_data": [0.221, 0.089, 0.031, 0.018, 0.732, 0.0, 1, 1, 1, 1, 1]}}, {"type": "Feature", "geometry": {"type": "Point", "coordinates": [3.20878, 41.205101]}, "properties": {"var_data": [0.297, 0.139, 0.026, 0.023, 0.816, 0.001, 1, 1, 1, 1, 1]}}, {"type": "Feature", "geometry": {"type": "Point", "coordinates": [3.24412, 41.205101]}, "properties": {"var_data": [0.299, 0.138, 0.024, 0.022, 0.827, 0.0, 1, 1, 1, 1, 1]}}, {"type": "Feature", "geometry": {"type": "Point", "coordinates": [3.27946, 41.205101]}, "properties": {"var_data": [0.346, 0.183, 0.027, 0.022, 1.068, 0.001, 1, 1, 1, 1, 1]}}, {"type": "Feature", "geometry": {"type": "Point", "coordinates": [3.3148, 41.205101]}, "properties": {"var_data": [0.312, 0.186, 0.046, 0.032, 1.402, 0.001, 1, 1, 1, 1, 1]}}, {"type": "Feature", "geometry": {"type": "Point", "coordinates": [1.83052, 41.232101]}, "properties": {"var_data": [0.003, -0.002, 0.008, 0.007, 0.305, -0.0, 1, 0, 1, 1, 1]}}, {"type": "Feature", "geometry": {"type": "Point", "coordinates": [1.86586, 41.232101]}, "properties": {"var_data": [-0.007, 0.015, 0.005, 0.005, 0.223, -0.0, 1, 0, 1, 1, 1]}}, {"type": "Feature", "geometry": {"type": "Point", "coordinates": [1.9012, 41.232101]}, "properties": {"var_data": [0.007, 0.031, 0.004, 0.004, 0.208, 0.0, 1, 0, 1, 1, 1]}}, {"type": "Feature", "geometry": {"type": "Point", "coordinates": [1.93654, 41.232101]}, "properties": {"var_data": [0.026, 0.07, 0.005, 0.006, 0.237, 0.0, 1, 1, 1, 1, 1]}}, {"type": "Feature", "geometry": {"type": "Point", "coordinates": [1.97188, 41.232101]}, "properties": {"var_data": [0.004, 0.033, 0.004, 0.005, 0.28, 0.0, 1, 1, 1, 1, 1]}}, {"type": "Feature", "geometry": {"type": "Point", "coordinates": [2.00722, 41.232101]}, "properties": {"var_data": [-0.012, -0.018, 0.004, 0.007, 0.33, 0.0, 1, 1, 1, 1, 1]}}, {"type": "Feature", "geometry": {"type": "Point", "coordinates": [2.04256, 41.232101]}, "properties": {"var_data": [0.0, -0.049, 0.003, 0.005, 0.32, -0.0, 1, 1, 1, 1, 1]}}, {"type": "Feature", "geometry": {"type": "Point", "coordinates": [2.0779, 41.232101]}, "properties": {"var_data": [-0.012, -0.038, 0.004, 0.001, 0.269, -0.0, 1, 1, 1, 1, 1]}}, {"type": "Feature", "geometry": {"type": "Point", "coordinates": [2.11324, 41.232101]}, "properties": {"var_data": [-0.0, 0.005, 0.004, 0.001, 0.232, -0.0, 1, 1, 1, 1, 1]}}, {"type": "Feature", "geometry": {"type": "Point", "coordinates": [2.14858, 41.232101]}, "properties": {"var_data": [-0.007, 0.015, 0.005, 0.001, 0.207, -0.0, 1, 1, 1, 1, 1]}}, {"type": "Feature", "geometry": {"type": "Point", "coordinates": [2.18392, 41.232101]}, "properties": {"var_data": [-0.003, 0.015, 0.005, 0.001, 0.203, 0.0, 1, 1, 1, 1, 1]}}, {"type": "Feature", "geometry": {"type": "Point", "coordinates": [2.21926, 41.232101]}, "properties": {"var_data": [0.035, 0.009, 0.004, 0.003, 0.205, 0.0, 1, 1, 1, 1, 1]}}, {"type": "Feature", "geometry": {"type": "Point", "coordinates": [2.2546, 41.232101]}, "properties": {"var_data": [0.031, -0.003, 0.003, 0.003, 0.213, 0.0, 1, 1, 1, 1, 1]}}, {"type": "Feature", "geometry": {"type": "Point", "coordinates": [2.28994, 41.232101]}, "properties": {"var_data": [0.05, -0.018, 0.004, 0.004, 0.222, 0.0, 1, 1, 1, 1, 1]}}, {"type": "Feature", "geometry": {"type": "Point", "coordinates": [2.32528, 41.232101]}, "properties": {"var_data": [0.064, -0.027, 0.004, 0.004, 0.222, 0.0, 1, 1, 1, 1, 1]}}, {"type": "Feature", "geometry": {"type": "Point", "coordinates": [2.36062, 41.232101]}, "properties": {"var_data": [0.088, -0.024, 0.003, 0.004, 0.22, 0.0, 1, 1, 1, 1, 1]}}, {"type": "Feature", "geometry": {"type": "Point", "coordinates": [2.39596, 41.232101]}, "properties": {"var_data": [0.089, -0.017, 0.004, 0.006, 0.232, 0.0, 1, 1, 1, 1, 1]}}, {"type": "Feature", "geometry": {"type": "Point", "coordinates": [2.4313, 41.232101]}, "properties": {"var_data": [0.093, -0.004, 0.003, 0.003, 0.253, 0.0, 1, 1, 1, 1, 1]}}, {"type": "Feature", "geometry": {"type": "Point", "coordinates": [2.46664, 41.232101]}, "properties": {"var_data": [0.11, 0.008, 0.002, 0.003, 0.276, 0.0, 1, 1, 1, 1, 1]}}, {"type": "Feature", "geometry": {"type": "Point", "coordinates": [2.50198, 41.232101]}, "properties": {"var_data": [0.101, 0.002, 0.003, 0.004, 0.296, 0.0, 1, 1, 1, 1, 1]}}, {"type": "Feature", "geometry": {"type": "Point", "coordinates": [2.53732, 41.232101]}, "properties": {"var_data": [0.102, 0.01, 0.002, 0.004, 0.321, 0.0, 1, 1, 1, 1, 1]}}, {"type": "Feature", "geometry": {"type": "Point", "coordinates": [2.57266, 41.232101]}, "properties": {"var_data": [0.129, 0.011, 0.004, 0.008, 0.321, 0.0, 1, 1, 1, 1, 1]}}, {"type": "Feature", "geometry": {"type": "Point", "coordinates": [2.608, 41.232101]}, "properties": {"var_data": [0.156, 0.028, 0.003, 0.008, 0.308, 0.0, 1, 1, 1, 1, 1]}}, {"type": "Feature", "geometry": {"type": "Point", "coordinates": [2.64334, 41.232101]}, "properties": {"var_data": [0.178, 0.047, 0.003, 0.008, 0.296, 0.0, 1, 1, 1, 1, 1]}}, {"type": "Feature", "geometry": {"type": "Point", "coordinates": [2.67868, 41.232101]}, "properties": {"var_data": [0.226, 0.074, 0.004, 0.009, 0.303, 0.0, 1, 1, 1, 1, 1]}}, {"type": "Feature", "geometry": {"type": "Point", "coordinates": [2.71402, 41.232101]}, "properties": {"var_data": [0.206, 0.079, 0.003, 0.007, 0.304, 0.0, 1, 1, 1, 1, 1]}}, {"type": "Feature", "geometry": {"type": "Point", "coordinates": [2.74936, 41.232101]}, "properties": {"var_data": [0.168, 0.069, 0.006, 0.004, 0.301, 0.0, 1, 1, 1, 1, 1]}}, {"type": "Feature", "geometry": {"type": "Point", "coordinates": [2.7847, 41.232101]}, "properties": {"var_data": [0.138, 0.034, 0.006, 0.004, 0.304, 0.0, 1, 1, 1, 1, 1]}}, {"type": "Feature", "geometry": {"type": "Point", "coordinates": [2.82004, 41.232101]}, "properties": {"var_data": [0.191, -0.011, 0.01, 0.004, 0.312, 0.0, 1, 1, 1, 1, 1]}}, {"type": "Feature", "geometry": {"type": "Point", "coordinates": [2.85538, 41.232101]}, "properties": {"var_data": [0.187, -0.094, 0.014, 0.012, 0.372, 0.0, 1, 1, 1, 1, 1]}}, {"type": "Feature", "geometry": {"type": "Point", "coordinates": [2.89072, 41.232101]}, "properties": {"var_data": [0.21, -0.087, 0.014, 0.009, 0.382, 0.0, 1, 1, 1, 1, 1]}}, {"type": "Feature", "geometry": {"type": "Point", "coordinates": [2.92606, 41.232101]}, "properties": {"var_data": [0.223, -0.084, 0.021, 0.011, 0.504, 0.0, 1, 1, 1, 1, 1]}}, {"type": "Feature", "geometry": {"type": "Point", "coordinates": [2.9614, 41.232101]}, "properties": {"var_data": [0.225, -0.062, 0.023, 0.011, 0.537, 0.0, 1, 1, 1, 1, 1]}}, {"type": "Feature", "geometry": {"type": "Point", "coordinates": [2.99674, 41.232101]}, "properties": {"var_data": [0.254, -0.004, 0.024, 0.01, 0.557, 0.0, 1, 1, 1, 1, 1]}}, {"type": "Feature", "geometry": {"type": "Point", "coordinates": [3.03208, 41.232101]}, "properties": {"var_data": [0.205, 0.016, 0.023, 0.012, 0.515, 0.0, 1, 1, 1, 1, 1]}}, {"type": "Feature", "geometry": {"type": "Point", "coordinates": [3.06742, 41.232101]}, "properties": {"var_data": [0.199, 0.051, 0.014, 0.011, 0.529, 0.0, 1, 1, 1, 1, 1]}}, {"type": "Feature", "geometry": {"type": "Point", "coordinates": [3.10276, 41.232101]}, "properties": {"var_data": [0.215, 0.074, 0.015, 0.012, 0.551, 0.0, 1, 1, 1, 1, 1]}}, {"type": "Feature", "geometry": {"type": "Point", "coordinates": [3.1381, 41.232101]}, "properties": {"var_data": [0.211, 0.085, 0.015, 0.02, 0.572, 0.0, 1, 1, 1, 1, 1]}}, {"type": "Feature", "geometry": {"type": "Point", "coordinates": [3.17344, 41.232101]}, "properties": {"var_data": [0.231, 0.093, 0.021, 0.02, 0.646, 0.0, 1, 1, 1, 1, 1]}}, {"type": "Feature", "geometry": {"type": "Point", "coordinates": [3.20878, 41.232101]}, "properties": {"var_data": [0.279, 0.12, 0.024, 0.022, 0.796, 0.0, 1, 1, 1, 1, 1]}}, {"type": "Feature", "geometry": {"type": "Point", "coordinates": [3.24412, 41.232101]}, "properties": {"var_data": [0.268, 0.121, 0.027, 0.022, 0.903, 0.001, 1, 1, 1, 1, 1]}}, {"type": "Feature", "geometry": {"type": "Point", "coordinates": [3.27946, 41.232101]}, "properties": {"var_data": [0.287, 0.133, 0.011, 0.014, 0.975, 0.0, 1, 1, 1, 1, 1]}}, {"type": "Feature", "geometry": {"type": "Point", "coordinates": [3.3148, 41.232101]}, "properties": {"var_data": [0.31, 0.164, 0.044, 0.031, 1.152, 0.001, 1, 1, 1, 1, 1]}}, {"type": "Feature", "geometry": {"type": "Point", "coordinates": [3.35014, 41.232101]}, "properties": {"var_data": [0.329, 0.19, 0.053, 0.039, 1.577, 0.002, 1, 1, 1, 1, 1]}}, {"type": "Feature", "geometry": {"type": "Point", "coordinates": [1.93654, 41.259102]}, "properties": {"var_data": [0.022, 0.086, 0.008, 0.008, 0.326, 0.0, 1, 0, 1, 1, 1]}}, {"type": "Feature", "geometry": {"type": "Point", "coordinates": [1.97188, 41.259102]}, "properties": {"var_data": [-0.005, 0.022, 0.007, 0.011, 0.4, 0.0, 1, 1, 1, 1, 1]}}, {"type": "Feature", "geometry": {"type": "Point", "coordinates": [2.00722, 41.259102]}, "properties": {"var_data": [-0.004, -0.047, 0.006, 0.013, 0.513, -0.0, 1, 1, 1, 1, 1]}}, {"type": "Feature", "geometry": {"type": "Point", "coordinates": [2.04256, 41.259102]}, "properties": {"var_data": [0.018, -0.059, 0.005, 0.005, 0.437, -0.0, 1, 1, 1, 1, 1]}}, {"type": "Feature", "geometry": {"type": "Point", "coordinates": [2.0779, 41.259102]}, "properties": {"var_data": [-0.028, -0.041, 0.005, 0.001, 0.295, -0.0, 1, 1, 1, 1, 1]}}, {"type": "Feature", "geometry": {"type": "Point", "coordinates": [2.11324, 41.259102]}, "properties": {"var_data": [-0.034, 0.013, 0.005, 0.001, 0.235, -0.0, 1, 1, 1, 1, 1]}}, {"type": "Feature", "geometry": {"type": "Point", "coordinates": [2.14858, 41.259102]}, "properties": {"var_data": [-0.065, 0.013, 0.005, 0.001, 0.206, 0.0, 1, 1, 1, 1, 1]}}, {"type": "Feature", "geometry": {"type": "Point", "coordinates": [2.18392, 41.259102]}, "properties": {"var_data": [-0.015, -0.0, 0.004, 0.001, 0.199, 0.0, 1, 1, 1, 1, 1]}}, {"type": "Feature", "geometry": {"type": "Point", "coordinates": [2.21926, 41.259102]}, "properties": {"var_data": [0.064, 0.012, 0.003, 0.003, 0.199, 0.0, 1, 1, 1, 1, 1]}}, {"type": "Feature", "geometry": {"type": "Point", "coordinates": [2.2546, 41.259102]}, "properties": {"var_data": [0.066, -0.018, 0.004, 0.004, 0.211, 0.0, 1, 1, 1, 1, 1]}}, {"type": "Feature", "geometry": {"type": "Point", "coordinates": [2.28994, 41.259102]}, "properties": {"var_data": [0.093, -0.036, 0.004, 0.005, 0.219, 0.0, 1, 1, 1, 1, 1]}}, {"type": "Feature", "geometry": {"type": "Point", "coordinates": [2.32528, 41.259102]}, "properties": {"var_data": [0.078, -0.049, 0.004, 0.005, 0.217, 0.0, 1, 1, 1, 1, 1]}}, {"type": "Feature", "geometry": {"type": "Point", "coordinates": [2.36062, 41.259102]}, "properties": {"var_data": [0.101, -0.041, 0.004, 0.005, 0.234, 0.0, 1, 1, 1, 1, 1]}}, {"type": "Feature", "geometry": {"type": "Point", "coordinates": [2.39596, 41.259102]}, "properties": {"var_data": [0.127, -0.03, 0.004, 0.007, 0.238, 0.0, 1, 1, 1, 1, 1]}}, {"type": "Feature", "geometry": {"type": "Point", "coordinates": [2.4313, 41.259102]}, "properties": {"var_data": [0.124, -0.024, 0.003, 0.006, 0.251, 0.0, 1, 1, 1, 1, 1]}}, {"type": "Feature", "geometry": {"type": "Point", "coordinates": [2.46664, 41.259102]}, "properties": {"var_data": [0.134, -0.004, 0.002, 0.004, 0.268, 0.0, 1, 1, 1, 1, 1]}}, {"type": "Feature", "geometry": {"type": "Point", "coordinates": [2.50198, 41.259102]}, "properties": {"var_data": [0.082, -0.004, 0.003, 0.008, 0.287, 0.0, 1, 1, 1, 1, 1]}}, {"type": "Feature", "geometry": {"type": "Point", "coordinates": [2.53732, 41.259102]}, "properties": {"var_data": [0.089, -0.008, 0.003, 0.009, 0.299, 0.0, 1, 1, 1, 1, 1]}}, {"type": "Feature", "geometry": {"type": "Point", "coordinates": [2.57266, 41.259102]}, "properties": {"var_data": [0.113, -0.012, 0.003, 0.008, 0.321, 0.0, 1, 1, 1, 1, 1]}}, {"type": "Feature", "geometry": {"type": "Point", "coordinates": [2.608, 41.259102]}, "properties": {"var_data": [0.159, 0.016, 0.003, 0.008, 0.296, 0.0, 1, 1, 1, 1, 1]}}, {"type": "Feature", "geometry": {"type": "Point", "coordinates": [2.64334, 41.259102]}, "properties": {"var_data": [0.205, 0.03, 0.003, 0.005, 0.295, 0.0, 1, 1, 1, 1, 1]}}, {"type": "Feature", "geometry": {"type": "Point", "coordinates": [2.67868, 41.259102]}, "properties": {"var_data": [0.263, 0.046, 0.003, 0.005, 0.305, 0.0, 1, 1, 1, 1, 1]}}, {"type": "Feature", "geometry": {"type": "Point", "coordinates": [2.71402, 41.259102]}, "properties": {"var_data": [0.253, 0.057, 0.003, 0.004, 0.296, 0.0, 1, 1, 1, 1, 1]}}, {"type": "Feature", "geometry": {"type": "Point", "coordinates": [2.74936, 41.259102]}, "properties": {"var_data": [0.218, 0.057, 0.004, 0.004, 0.309, 0.0, 1, 1, 1, 1, 1]}}, {"type": "Feature", "geometry": {"type": "Point", "coordinates": [2.7847, 41.259102]}, "properties": {"var_data": [0.201, 0.016, 0.004, 0.004, 0.294, 0.0, 1, 1, 1, 1, 1]}}, {"type": "Feature", "geometry": {"type": "Point", "coordinates": [2.82004, 41.259102]}, "properties": {"var_data": [0.201, -0.019, 0.008, 0.004, 0.316, 0.0, 1, 1, 1, 1, 1]}}, {"type": "Feature", "geometry": {"type": "Point", "coordinates": [2.85538, 41.259102]}, "properties": {"var_data": [0.175, -0.092, 0.013, 0.012, 0.356, 0.0, 1, 1, 1, 1, 1]}}, {"type": "Feature", "geometry": {"type": "Point", "coordinates": [2.89072, 41.259102]}, "properties": {"var_data": [0.215, -0.094, 0.013, 0.009, 0.365, 0.0, 1, 1, 1, 1, 1]}}, {"type": "Feature", "geometry": {"type": "Point", "coordinates": [2.92606, 41.259102]}, "properties": {"var_data": [0.223, -0.09, 0.018, 0.01, 0.469, 0.0, 1, 1, 1, 1, 1]}}, {"type": "Feature", "geometry": {"type": "Point", "coordinates": [2.9614, 41.259102]}, "properties": {"var_data": [0.191, -0.083, 0.02, 0.011, 0.523, 0.0, 1, 1, 1, 1, 1]}}, {"type": "Feature", "geometry": {"type": "Point", "coordinates": [2.99674, 41.259102]}, "properties": {"var_data": [0.181, -0.051, 0.019, 0.009, 0.446, 0.0, 1, 1, 1, 1, 1]}}, {"type": "Feature", "geometry": {"type": "Point", "coordinates": [3.03208, 41.259102]}, "properties": {"var_data": [0.183, -0.009, 0.013, 0.009, 0.462, 0.0, 1, 1, 1, 1, 1]}}, {"type": "Feature", "geometry": {"type": "Point", "coordinates": [3.06742, 41.259102]}, "properties": {"var_data": [0.172, 0.019, 0.01, 0.009, 0.43, 0.0, 1, 1, 1, 1, 1]}}, {"type": "Feature", "geometry": {"type": "Point", "coordinates": [3.10276, 41.259102]}, "properties": {"var_data": [0.173, 0.051, 0.011, 0.011, 0.477, 0.0, 1, 1, 1, 1, 1]}}, {"type": "Feature", "geometry": {"type": "Point", "coordinates": [3.1381, 41.259102]}, "properties": {"var_data": [0.198, 0.068, 0.015, 0.02, 0.559, 0.0, 1, 1, 1, 1, 1]}}, {"type": "Feature", "geometry": {"type": "Point", "coordinates": [3.17344, 41.259102]}, "properties": {"var_data": [0.224, 0.076, 0.014, 0.016, 0.592, 0.0, 1, 1, 1, 1, 1]}}, {"type": "Feature", "geometry": {"type": "Point", "coordinates": [3.20878, 41.259102]}, "properties": {"var_data": [0.279, 0.115, 0.023, 0.022, 0.821, 0.0, 1, 1, 1, 1, 1]}}, {"type": "Feature", "geometry": {"type": "Point", "coordinates": [3.24412, 41.259102]}, "properties": {"var_data": [0.286, 0.123, 0.012, 0.017, 0.871, 0.0, 1, 1, 1, 1, 1]}}, {"type": "Feature", "geometry": {"type": "Point", "coordinates": [3.27946, 41.259102]}, "properties": {"var_data": [0.281, 0.121, 0.012, 0.018, 0.966, 0.0, 1, 1, 1, 1, 1]}}, {"type": "Feature", "geometry": {"type": "Point", "coordinates": [3.3148, 41.259102]}, "properties": {"var_data": [0.3, 0.133, 0.011, 0.014, 1.201, 0.0, 1, 1, 1, 1, 1]}}, {"type": "Feature", "geometry": {"type": "Point", "coordinates": [3.35014, 41.259102]}, "properties": {"var_data": [0.344, 0.177, 0.101, 0.071, 2.19, 0.007, 4, 0, 4, 1, 1]}}, {"type": "Feature", "geometry": {"type": "Point", "coordinates": [2.11324, 41.286098]}, "properties": {"var_data": [-0.129, 0.014, 0.005, 0.001, 0.262, 0.0, 1, 1, 1, 1, 1]}}, {"type": "Feature", "geometry": {"type": "Point", "coordinates": [2.14858, 41.286098]}, "properties": {"var_data": [-0.06, 0.002, 0.004, 0.001, 0.21, 0.0, 1, 1, 1, 1, 1]}}, {"type": "Feature", "geometry": {"type": "Point", "coordinates": [2.18392, 41.286098]}, "properties": {"var_data": [0.002, -0.003, 0.003, 0.002, 0.196, 0.0, 1, 1, 1, 1, 1]}}, {"type": "Feature", "geometry": {"type": "Point", "coordinates": [2.21926, 41.286098]}, "properties": {"var_data": [0.075, -0.004, 0.004, 0.004, 0.193, 0.0, 1, 1, 1, 1, 1]}}, {"type": "Feature", "geometry": {"type": "Point", "coordinates": [2.2546, 41.286098]}, "properties": {"var_data": [0.092, -0.044, 0.004, 0.005, 0.204, 0.0, 1, 1, 1, 1, 1]}}, {"type": "Feature", "geometry": {"type": "Point", "coordinates": [2.28994, 41.286098]}, "properties": {"var_data": [0.111, -0.076, 0.004, 0.006, 0.222, 0.0, 1, 1, 1, 1, 1]}}, {"type": "Feature", "geometry": {"type": "Point", "coordinates": [2.32528, 41.286098]}, "properties": {"var_data": [0.118, -0.073, 0.003, 0.004, 0.236, 0.0, 1, 1, 1, 1, 1]}}, {"type": "Feature", "geometry": {"type": "Point", "coordinates": [2.36062, 41.286098]}, "properties": {"var_data": [0.11, -0.07, 0.004, 0.002, 0.24, -0.0, 1, 1, 1, 1, 1]}}, {"type": "Feature", "geometry": {"type": "Point", "coordinates": [2.39596, 41.286098]}, "properties": {"var_data": [0.13, -0.057, 0.004, 0.002, 0.242, -0.0, 1, 1, 1, 1, 1]}}, {"type": "Feature", "geometry": {"type": "Point", "coordinates": [2.4313, 41.286098]}, "properties": {"var_data": [0.135, -0.039, 0.003, 0.002, 0.254, -0.0, 1, 1, 1, 1, 1]}}, {"type": "Feature", "geometry": {"type": "Point", "coordinates": [2.46664, 41.286098]}, "properties": {"var_data": [0.136, -0.035, 0.003, 0.007, 0.277, 0.0, 1, 1, 1, 1, 1]}}, {"type": "Feature", "geometry": {"type": "Point", "coordinates": [2.50198, 41.286098]}, "properties": {"var_data": [0.11, -0.028, 0.003, 0.008, 0.293, 0.0, 1, 1, 1, 1, 1]}}, {"type": "Feature", "geometry": {"type": "Point", "coordinates": [2.53732, 41.286098]}, "properties": {"var_data": [0.135, -0.047, 0.003, 0.009, 0.311, 0.0, 1, 1, 1, 1, 1]}}, {"type": "Feature", "geometry": {"type": "Point", "coordinates": [2.57266, 41.286098]}, "properties": {"var_data": [0.124, -0.02, 0.003, 0.011, 0.306, 0.0, 1, 1, 1, 1, 1]}}, {"type": "Feature", "geometry": {"type": "Point", "coordinates": [2.608, 41.286098]}, "properties": {"var_data": [0.169, -0.01, 0.004, 0.009, 0.285, 0.0, 1, 1, 1, 1, 1]}}, {"type": "Feature", "geometry": {"type": "Point", "coordinates": [2.64334, 41.286098]}, "properties": {"var_data": [0.215, 0.007, 0.003, 0.005, 0.287, 0.0, 1, 1, 1, 1, 1]}}, {"type": "Feature", "geometry": {"type": "Point", "coordinates": [2.67868, 41.286098]}, "properties": {"var_data": [0.269, 0.012, 0.003, 0.005, 0.287, 0.0, 1, 1, 1, 1, 1]}}, {"type": "Feature", "geometry": {"type": "Point", "coordinates": [2.71402, 41.286098]}, "properties": {"var_data": [0.285, 0.011, 0.004, 0.004, 0.309, 0.0, 1, 1, 1, 1, 1]}}, {"type": "Feature", "geometry": {"type": "Point", "coordinates": [2.74936, 41.286098]}, "properties": {"var_data": [0.235, 0.01, 0.004, 0.003, 0.303, 0.0, 1, 1, 1, 1, 1]}}, {"type": "Feature", "geometry": {"type": "Point", "coordinates": [2.7847, 41.286098]}, "properties": {"var_data": [0.18, -0.026, 0.004, 0.004, 0.31, -0.0, 1, 1, 1, 1, 1]}}, {"type": "Feature", "geometry": {"type": "Point", "coordinates": [2.82004, 41.286098]}, "properties": {"var_data": [0.198, -0.037, 0.005, 0.004, 0.317, -0.0, 1, 1, 1, 1, 1]}}, {"type": "Feature", "geometry": {"type": "Point", "coordinates": [2.85538, 41.286098]}, "properties": {"var_data": [0.191, -0.074, 0.01, 0.01, 0.336, 0.0, 1, 1, 1, 1, 1]}}, {"type": "Feature", "geometry": {"type": "Point", "coordinates": [2.89072, 41.286098]}, "properties": {"var_data": [0.181, -0.106, 0.013, 0.007, 0.37, 0.0, 1, 1, 1, 1, 1]}}, {"type": "Feature", "geometry": {"type": "Point", "coordinates": [2.92606, 41.286098]}, "properties": {"var_data": [0.202, -0.091, 0.013, 0.008, 0.429, 0.0, 1, 1, 1, 1, 1]}}, {"type": "Feature", "geometry": {"type": "Point", "coordinates": [2.9614, 41.286098]}, "properties": {"var_data": [0.186, -0.101, 0.015, 0.007, 0.479, 0.0, 1, 1, 1, 1, 1]}}, {"type": "Feature", "geometry": {"type": "Point", "coordinates": [2.99674, 41.286098]}, "properties": {"var_data": [0.165, -0.082, 0.013, 0.008, 0.443, 0.0, 1, 1, 1, 1, 1]}}, {"type": "Feature", "geometry": {"type": "Point", "coordinates": [3.03208, 41.286098]}, "properties": {"var_data": [0.149, -0.019, 0.012, 0.009, 0.43, 0.0, 1, 1, 1, 1, 1]}}, {"type": "Feature", "geometry": {"type": "Point", "coordinates": [3.06742, 41.286098]}, "properties": {"var_data": [0.145, 0.024, 0.01, 0.01, 0.445, 0.0, 1, 1, 1, 1, 1]}}, {"type": "Feature", "geometry": {"type": "Point", "coordinates": [3.10276, 41.286098]}, "properties": {"var_data": [0.147, 0.02, 0.01, 0.01, 0.461, 0.0, 1, 1, 1, 1, 1]}}, {"type": "Feature", "geometry": {"type": "Point", "coordinates": [3.1381, 41.286098]}, "properties": {"var_data": [0.172, 0.026, 0.008, 0.015, 0.483, 0.0, 1, 1, 1, 1, 1]}}, {"type": "Feature", "geometry": {"type": "Point", "coordinates": [3.17344, 41.286098]}, "properties": {"var_data": [0.221, 0.059, 0.008, 0.016, 0.637, 0.0, 1, 1, 1, 1, 1]}}, {"type": "Feature", "geometry": {"type": "Point", "coordinates": [3.20878, 41.286098]}, "properties": {"var_data": [0.255, 0.09, 0.012, 0.018, 0.816, 0.0, 1, 1, 1, 1, 1]}}, {"type": "Feature", "geometry": {"type": "Point", "coordinates": [3.24412, 41.286098]}, "properties": {"var_data": [0.27, 0.108, 0.011, 0.019, 0.955, 0.0, 1, 1, 1, 1, 1]}}, {"type": "Feature", "geometry": {"type": "Point", "coordinates": [3.27946, 41.286098]}, "properties": {"var_data": [0.306, 0.138, 0.013, 0.019, 0.974, 0.0, 1, 1, 1, 1, 1]}}, {"type": "Feature", "geometry": {"type": "Point", "coordinates": [3.3148, 41.286098]}, "properties": {"var_data": [0.278, 0.108, 0.015, 0.026, 0.945, 0.0, 1, 1, 1, 1, 1]}}, {"type": "Feature", "geometry": {"type": "Point", "coordinates": [3.35014, 41.286098]}, "properties": {"var_data": [0.275, 0.101, 0.014, 0.022, 0.92, 0.0, 1, 1, 1, 1, 1]}}, {"type": "Feature", "geometry": {"type": "Point", "coordinates": [3.38548, 41.286098]}, "properties": {"var_data": [0.26, 0.078, 0.029, 0.033, 1.064, 0.001, 1, 1, 1, 1, 1]}}, {"type": "Feature", "geometry": {"type": "Point", "coordinates": [3.42082, 41.286098]}, "properties": {"var_data": [0.267, 0.092, 0.03, 0.035, 1.08, 0.001, 1, 1, 1, 1, 1]}}, {"type": "Feature", "geometry": {"type": "Point", "coordinates": [3.45616, 41.286098]}, "properties": {"var_data": [0.239, 0.046, 0.041, 0.052, 1.286, 0.002, 1, 1, 1, 1, 1]}}, {"type": "Feature", "geometry": {"type": "Point", "coordinates": [3.4915, 41.286098]}, "properties": {"var_data": [0.188, -0.007, 0.044, 0.054, 1.259, 0.002, 1, 0, 1, 1, 1]}}, {"type": "Feature", "geometry": {"type": "Point", "coordinates": [2.18392, 41.313099]}, "properties": {"var_data": [0.01, -0.021, 0.003, 0.003, 0.191, 0.0, 1, 1, 1, 1, 1]}}, {"type": "Feature", "geometry": {"type": "Point", "coordinates": [2.21926, 41.313099]}, "properties": {"var_data": [0.028, -0.046, 0.003, 0.003, 0.186, 0.0, 1, 1, 1, 1, 1]}}, {"type": "Feature", "geometry": {"type": "Point", "coordinates": [2.2546, 41.313099]}, "properties": {"var_data": [0.073, -0.094, 0.004, 0.006, 0.217, 0.0, 1, 1, 1, 1, 1]}}, {"type": "Feature", "geometry": {"type": "Point", "coordinates": [2.28994, 41.313099]}, "properties": {"var_data": [0.095, -0.121, 0.003, 0.006, 0.233, 0.0, 1, 1, 1, 1, 1]}}, {"type": "Feature", "geometry": {"type": "Point", "coordinates": [2.32528, 41.313099]}, "properties": {"var_data": [0.102, -0.106, 0.003, 0.002, 0.24, -0.0, 1, 1, 1, 1, 1]}}, {"type": "Feature", "geometry": {"type": "Point", "coordinates": [2.36062, 41.313099]}, "properties": {"var_data": [0.102, -0.077, 0.003, 0.002, 0.25, -0.0, 1, 1, 1, 1, 1]}}, {"type": "Feature", "geometry": {"type": "Point", "coordinates": [2.39596, 41.313099]}, "properties": {"var_data": [0.118, -0.068, 0.004, 0.002, 0.243, -0.0, 1, 1, 1, 1, 1]}}, {"type": "Feature", "geometry": {"type": "Point", "coordinates": [2.4313, 41.313099]}, "properties": {"var_data": [0.123, -0.06, 0.004, 0.002, 0.255, -0.0, 1, 1, 1, 1, 1]}}, {"type": "Feature", "geometry": {"type": "Point", "coordinates": [2.46664, 41.313099]}, "properties": {"var_data": [0.141, -0.056, 0.002, 0.003, 0.272, 0.0, 1, 1, 1, 1, 1]}}, {"type": "Feature", "geometry": {"type": "Point", "coordinates": [2.50198, 41.313099]}, "properties": {"var_data": [0.136, -0.055, 0.002, 0.003, 0.281, 0.0, 1, 1, 1, 1, 1]}}, {"type": "Feature", "geometry": {"type": "Point", "coordinates": [2.53732, 41.313099]}, "properties": {"var_data": [0.152, -0.049, 0.002, 0.003, 0.297, 0.0, 1, 1, 1, 1, 1]}}, {"type": "Feature", "geometry": {"type": "Point", "coordinates": [2.57266, 41.313099]}, "properties": {"var_data": [0.192, -0.033, 0.003, 0.008, 0.291, 0.0, 1, 1, 1, 1, 1]}}, {"type": "Feature", "geometry": {"type": "Point", "coordinates": [2.608, 41.313099]}, "properties": {"var_data": [0.235, -0.035, 0.004, 0.006, 0.295, 0.0, 1, 1, 1, 1, 1]}}, {"type": "Feature", "geometry": {"type": "Point", "coordinates": [2.64334, 41.313099]}, "properties": {"var_data": [0.266, -0.028, 0.004, 0.004, 0.269, 0.0, 1, 1, 1, 1, 1]}}, {"type": "Feature", "geometry": {"type": "Point", "coordinates": [2.67868, 41.313099]}, "properties": {"var_data": [0.27, -0.03, 0.004, 0.004, 0.272, 0.0, 1, 1, 1, 1, 1]}}, {"type": "Feature", "geometry": {"type": "Point", "coordinates": [2.71402, 41.313099]}, "properties": {"var_data": [0.268, -0.039, 0.004, 0.004, 0.29, 0.0, 1, 1, 1, 1, 1]}}, {"type": "Feature", "geometry": {"type": "Point", "coordinates": [2.74936, 41.313099]}, "properties": {"var_data": [0.258, -0.042, 0.003, 0.003, 0.289, 0.0, 1, 1, 1, 1, 1]}}, {"type": "Feature", "geometry": {"type": "Point", "coordinates": [2.7847, 41.313099]}, "properties": {"var_data": [0.228, -0.04, 0.003, 0.004, 0.291, -0.0, 1, 1, 1, 1, 1]}}, {"type": "Feature", "geometry": {"type": "Point", "coordinates": [2.82004, 41.313099]}, "properties": {"var_data": [0.136, -0.095, 0.003, 0.005, 0.298, 0.0, 1, 1, 1, 1, 1]}}, {"type": "Feature", "geometry": {"type": "Point", "coordinates": [2.85538, 41.313099]}, "properties": {"var_data": [0.123, -0.108, 0.01, 0.006, 0.325, -0.0, 1, 1, 1, 1, 1]}}, {"type": "Feature", "geometry": {"type": "Point", "coordinates": [2.89072, 41.313099]}, "properties": {"var_data": [0.018, -0.158, 0.008, 0.007, 0.344, 0.0, 1, 1, 1, 1, 1]}}, {"type": "Feature", "geometry": {"type": "Point", "coordinates": [2.92606, 41.313099]}, "properties": {"var_data": [0.034, -0.16, 0.008, 0.007, 0.369, 0.0, 1, 1, 1, 1, 1]}}, {"type": "Feature", "geometry": {"type": "Point", "coordinates": [2.9614, 41.313099]}, "properties": {"var_data": [0.132, -0.103, 0.008, 0.007, 0.414, 0.0, 1, 1, 1, 1, 1]}}, {"type": "Feature", "geometry": {"type": "Point", "coordinates": [2.99674, 41.313099]}, "properties": {"var_data": [0.142, -0.084, 0.012, 0.007, 0.391, 0.0, 1, 1, 1, 1, 1]}}, {"type": "Feature", "geometry": {"type": "Point", "coordinates": [3.03208, 41.313099]}, "properties": {"var_data": [0.143, -0.034, 0.008, 0.008, 0.378, 0.0, 1, 1, 1, 1, 1]}}, {"type": "Feature", "geometry": {"type": "Point", "coordinates": [3.06742, 41.313099]}, "properties": {"var_data": [0.161, 0.013, 0.007, 0.01, 0.383, 0.0, 1, 1, 1, 1, 1]}}, {"type": "Feature", "geometry": {"type": "Point", "coordinates": [3.10276, 41.313099]}, "properties": {"var_data": [0.181, 0.024, 0.005, 0.01, 0.406, 0.0, 1, 1, 1, 1, 1]}}, {"type": "Feature", "geometry": {"type": "Point", "coordinates": [3.1381, 41.313099]}, "properties": {"var_data": [0.191, 0.016, 0.006, 0.012, 0.46, 0.0, 1, 1, 1, 1, 1]}}, {"type": "Feature", "geometry": {"type": "Point", "coordinates": [3.17344, 41.313099]}, "properties": {"var_data": [0.21, 0.015, 0.007, 0.014, 0.549, 0.0, 1, 1, 1, 1, 1]}}, {"type": "Feature", "geometry": {"type": "Point", "coordinates": [3.20878, 41.313099]}, "properties": {"var_data": [0.206, 0.026, 0.009, 0.017, 0.659, 0.0, 1, 1, 1, 1, 1]}}, {"type": "Feature", "geometry": {"type": "Point", "coordinates": [3.24412, 41.313099]}, "properties": {"var_data": [0.261, 0.1, 0.011, 0.018, 0.784, 0.0, 1, 1, 1, 1, 1]}}, {"type": "Feature", "geometry": {"type": "Point", "coordinates": [3.27946, 41.313099]}, "properties": {"var_data": [0.283, 0.121, 0.016, 0.028, 0.863, 0.0, 1, 1, 1, 1, 1]}}, {"type": "Feature", "geometry": {"type": "Point", "coordinates": [3.3148, 41.313099]}, "properties": {"var_data": [0.279, 0.107, 0.016, 0.027, 0.908, 0.0, 1, 1, 1, 1, 1]}}, {"type": "Feature", "geometry": {"type": "Point", "coordinates": [3.35014, 41.313099]}, "properties": {"var_data": [0.253, 0.061, 0.023, 0.034, 1.026, 0.001, 1, 1, 1, 1, 1]}}, {"type": "Feature", "geometry": {"type": "Point", "coordinates": [3.38548, 41.313099]}, "properties": {"var_data": [0.241, 0.046, 0.023, 0.029, 1.055, 0.001, 1, 1, 1, 1, 1]}}, {"type": "Feature", "geometry": {"type": "Point", "coordinates": [3.42082, 41.313099]}, "properties": {"var_data": [0.22, -0.004, 0.029, 0.037, 0.882, 0.001, 1, 1, 1, 1, 1]}}, {"type": "Feature", "geometry": {"type": "Point", "coordinates": [3.45616, 41.313099]}, "properties": {"var_data": [0.294, 0.091, 0.029, 0.038, 0.995, 0.001, 1, 1, 1, 1, 1]}}, {"type": "Feature", "geometry": {"type": "Point", "coordinates": [3.4915, 41.313099]}, "properties": {"var_data": [0.295, 0.104, 0.034, 0.042, 1.05, 0.001, 1, 0, 1, 1, 1]}}, {"type": "Feature", "geometry": {"type": "Point", "coordinates": [3.52684, 41.313099]}, "properties": {"var_data": [0.238, 0.002, 0.038, 0.044, 1.066, 0.002, 1, 1, 1, 1, 1]}}, {"type": "Feature", "geometry": {"type": "Point", "coordinates": [3.56218, 41.313099]}, "properties": {"var_data": [0.201, -0.036, 0.058, 0.067, 1.217, 0.004, 1, 1, 1, 1, 1]}}, {"type": "Feature", "geometry": {"type": "Point", "coordinates": [3.59752, 41.313099]}, "properties": {"var_data": [0.319, 0.079, 0.066, 0.075, 1.65, 0.005, 1, 1, 1, 1, 1]}}, {"type": "Feature", "geometry": {"type": "Point", "coordinates": [2.18392, 41.340099]}, "properties": {"var_data": [-0.002, -0.032, 0.003, 0.003, 0.205, 0.0, 1, 1, 1, 1, 1]}}, {"type": "Feature", "geometry": {"type": "Point", "coordinates": [2.21926, 41.340099]}, "properties": {"var_data": [0.015, -0.1, 0.003, 0.004, 0.197, 0.0, 1, 1, 1, 1, 1]}}, {"type": "Feature", "geometry": {"type": "Point", "coordinates": [2.2546, 41.340099]}, "properties": {"var_data": [0.065, -0.172, 0.003, 0.006, 0.229, 0.0, 1, 1, 1, 1, 1]}}, {"type": "Feature", "geometry": {"type": "Point", "coordinates": [2.28994, 41.340099]}, "properties": {"var_data": [0.076, -0.145, 0.003, 0.006, 0.253, 0.0, 1, 1, 1, 1, 1]}}, {"type": "Feature", "geometry": {"type": "Point", "coordinates": [2.32528, 41.340099]}, "properties": {"var_data": [0.084, -0.098, 0.004, 0.002, 0.26, -0.0, 1, 1, 1, 1, 1]}}, {"type": "Feature", "geometry": {"type": "Point", "coordinates": [2.36062, 41.340099]}, "properties": {"var_data": [0.075, -0.074, 0.004, 0.002, 0.258, -0.0, 1, 1, 1, 1, 1]}}, {"type": "Feature", "geometry": {"type": "Point", "coordinates": [2.39596, 41.340099]}, "properties": {"var_data": [0.097, -0.064, 0.005, 0.002, 0.257, -0.0, 1, 1, 1, 1, 1]}}, {"type": "Feature", "geometry": {"type": "Point", "coordinates": [2.4313, 41.340099]}, "properties": {"var_data": [0.11, -0.062, 0.004, 0.002, 0.256, -0.0, 1, 1, 1, 1, 1]}}, {"type": "Feature", "geometry": {"type": "Point", "coordinates": [2.46664, 41.340099]}, "properties": {"var_data": [0.132, -0.064, 0.002, 0.003, 0.259, -0.0, 1, 1, 1, 1, 1]}}, {"type": "Feature", "geometry": {"type": "Point", "coordinates": [2.50198, 41.340099]}, "properties": {"var_data": [0.165, -0.063, 0.002, 0.003, 0.295, 0.0, 1, 1, 1, 1, 1]}}, {"type": "Feature", "geometry": {"type": "Point", "coordinates": [2.53732, 41.340099]}, "properties": {"var_data": [0.173, -0.063, 0.002, 0.003, 0.296, 0.0, 1, 1, 1, 1, 1]}}, {"type": "Feature", "geometry": {"type": "Point", "coordinates": [2.57266, 41.340099]}, "properties": {"var_data": [0.23, -0.057, 0.003, 0.007, 0.296, 0.0, 1, 1, 1, 1, 1]}}, {"type": "Feature", "geometry": {"type": "Point", "coordinates": [2.608, 41.340099]}, "properties": {"var_data": [0.255, -0.055, 0.005, 0.006, 0.269, 0.0, 1, 1, 1, 1, 1]}}, {"type": "Feature", "geometry": {"type": "Point", "coordinates": [2.64334, 41.340099]}, "properties": {"var_data": [0.262, -0.051, 0.005, 0.004, 0.257, -0.0, 1, 1, 1, 1, 1]}}, {"type": "Feature", "geometry": {"type": "Point", "coordinates": [2.67868, 41.340099]}, "properties": {"var_data": [0.267, -0.056, 0.003, 0.004, 0.263, 0.0, 1, 1, 1, 1, 1]}}, {"type": "Feature", "geometry": {"type": "Point", "coordinates": [2.71402, 41.340099]}, "properties": {"var_data": [0.26, -0.069, 0.003, 0.005, 0.266, -0.0, 1, 1, 1, 1, 1]}}, {"type": "Feature", "geometry": {"type": "Point", "coordinates": [2.74936, 41.340099]}, "properties": {"var_data": [0.242, -0.063, 0.003, 0.004, 0.267, -0.0, 1, 1, 1, 1, 1]}}, {"type": "Feature", "geometry": {"type": "Point", "coordinates": [2.7847, 41.340099]}, "properties": {"var_data": [0.195, -0.081, 0.003, 0.005, 0.274, 0.0, 1, 1, 1, 1, 1]}}, {"type": "Feature", "geometry": {"type": "Point", "coordinates": [2.82004, 41.340099]}, "properties": {"var_data": [0.167, -0.091, 0.003, 0.005, 0.29, 0.0, 1, 1, 1, 1, 1]}}, {"type": "Feature", "geometry": {"type": "Point", "coordinates": [2.85538, 41.340099]}, "properties": {"var_data": [0.054, -0.129, 0.007, 0.005, 0.307, -0.0, 1, 1, 1, 1, 1]}}, {"type": "Feature", "geometry": {"type": "Point", "coordinates": [2.89072, 41.340099]}, "properties": {"var_data": [0.009, -0.16, 0.005, 0.004, 0.329, 0.0, 1, 1, 1, 1, 1]}}, {"type": "Feature", "geometry": {"type": "Point", "coordinates": [2.92606, 41.340099]}, "properties": {"var_data": [-0.026, -0.184, 0.005, 0.003, 0.383, 0.0, 1, 1, 1, 1, 1]}}, {"type": "Feature", "geometry": {"type": "Point", "coordinates": [2.9614, 41.340099]}, "properties": {"var_data": [0.117, -0.105, 0.005, 0.003, 0.395, 0.0, 1, 1, 1, 1, 1]}}, {"type": "Feature", "geometry": {"type": "Point", "coordinates": [2.99674, 41.340099]}, "properties": {"var_data": [0.123, -0.074, 0.008, 0.006, 0.392, 0.0, 1, 1, 1, 1, 1]}}, {"type": "Feature", "geometry": {"type": "Point", "coordinates": [3.03208, 41.340099]}, "properties": {"var_data": [0.155, -0.038, 0.009, 0.01, 0.397, 0.0, 1, 1, 1, 1, 1]}}, {"type": "Feature", "geometry": {"type": "Point", "coordinates": [3.06742, 41.340099]}, "properties": {"var_data": [0.162, 0.003, 0.007, 0.012, 0.416, 0.0, 1, 1, 1, 1, 1]}}, {"type": "Feature", "geometry": {"type": "Point", "coordinates": [3.10276, 41.340099]}, "properties": {"var_data": [0.182, 0.005, 0.006, 0.012, 0.465, 0.0, 1, 1, 1, 1, 1]}}, {"type": "Feature", "geometry": {"type": "Point", "coordinates": [3.1381, 41.340099]}, "properties": {"var_data": [0.177, -0.01, 0.006, 0.011, 0.447, 0.0, 1, 1, 1, 1, 1]}}, {"type": "Feature", "geometry": {"type": "Point", "coordinates": [3.17344, 41.340099]}, "properties": {"var_data": [0.178, -0.022, 0.007, 0.012, 0.511, 0.0, 1, 1, 1, 1, 1]}}, {"type": "Feature", "geometry": {"type": "Point", "coordinates": [3.20878, 41.340099]}, "properties": {"var_data": [0.179, -0.016, 0.01, 0.019, 0.59, 0.0, 1, 1, 1, 1, 1]}}, {"type": "Feature", "geometry": {"type": "Point", "coordinates": [3.24412, 41.340099]}, "properties": {"var_data": [0.208, 0.03, 0.013, 0.022, 0.65, 0.0, 1, 1, 1, 1, 1]}}, {"type": "Feature", "geometry": {"type": "Point", "coordinates": [3.27946, 41.340099]}, "properties": {"var_data": [0.209, 0.026, 0.01, 0.005, 0.751, 0.0, 1, 1, 1, 1, 1]}}, {"type": "Feature", "geometry": {"type": "Point", "coordinates": [3.3148, 41.340099]}, "properties": {"var_data": [0.21, 0.019, 0.01, 0.005, 0.792, 0.0, 1, 1, 1, 1, 1]}}, {"type": "Feature", "geometry": {"type": "Point", "coordinates": [3.35014, 41.340099]}, "properties": {"var_data": [0.233, 0.034, 0.021, 0.031, 0.869, 0.001, 1, 1, 1, 1, 1]}}, {"type": "Feature", "geometry": {"type": "Point", "coordinates": [3.38548, 41.340099]}, "properties": {"var_data": [0.219, -0.013, 0.024, 0.034, 0.898, 0.001, 1, 1, 1, 1, 1]}}, {"type": "Feature", "geometry": {"type": "Point", "coordinates": [3.42082, 41.340099]}, "properties": {"var_data": [0.209, -0.041, 0.034, 0.042, 1.016, 0.001, 1, 1, 1, 1, 1]}}, {"type": "Feature", "geometry": {"type": "Point", "coordinates": [3.45616, 41.340099]}, "properties": {"var_data": [0.247, 0.013, 0.035, 0.04, 0.911, 0.001, 1, 1, 1, 1, 1]}}, {"type": "Feature", "geometry": {"type": "Point", "coordinates": [3.4915, 41.340099]}, "properties": {"var_data": [0.408, 0.177, 0.051, 0.056, 1.565, 0.003, 1, 0, 1, 1, 1]}}, {"type": "Feature", "geometry": {"type": "Point", "coordinates": [3.52684, 41.340099]}, "properties": {"var_data": [0.375, 0.126, 0.034, 0.031, 1.165, 0.001, 1, 1, 1, 1, 1]}}, {"type": "Feature", "geometry": {"type": "Point", "coordinates": [3.56218, 41.340099]}, "properties": {"var_data": [0.377, 0.142, 0.035, 0.03, 1.077, 0.001, 1, 1, 1, 1, 1]}}, {"type": "Feature", "geometry": {"type": "Point", "coordinates": [3.59752, 41.340099]}, "properties": {"var_data": [0.415, 0.149, 0.036, 0.033, 1.203, 0.001, 1, 1, 1, 1, 1]}}, {"type": "Feature", "geometry": {"type": "Point", "coordinates": [3.63286, 41.340099]}, "properties": {"var_data": [0.385, 0.125, 0.052, 0.066, 1.281, 0.003, 1, 1, 1, 1, 1]}}, {"type": "Feature", "geometry": {"type": "Point", "coordinates": [3.6682, 41.340099]}, "properties": {"var_data": [0.412, 0.208, 0.082, 0.112, 1.65, 0.009, 1, 1, 1, 1, 1]}}, {"type": "Feature", "geometry": {"type": "Point", "coordinates": [2.21926, 41.3671]}, "properties": {"var_data": [0.042, -0.142, 0.003, 0.005, 0.29, -0.0, 1, 1, 1, 1, 1]}}, {"type": "Feature", "geometry": {"type": "Point", "coordinates": [2.2546, 41.3671]}, "properties": {"var_data": [0.07, -0.151, 0.003, 0.006, 0.294, -0.0, 1, 1, 1, 1, 1]}}, {"type": "Feature", "geometry": {"type": "Point", "coordinates": [2.28994, 41.3671]}, "properties": {"var_data": [0.061, -0.102, 0.004, 0.007, 0.339, -0.0, 1, 1, 1, 1, 1]}}, {"type": "Feature", "geometry": {"type": "Point", "coordinates": [2.32528, 41.3671]}, "properties": {"var_data": [0.058, -0.064, 0.004, 0.003, 0.312, -0.0, 1, 1, 1, 1, 1]}}, {"type": "Feature", "geometry": {"type": "Point", "coordinates": [2.36062, 41.3671]}, "properties": {"var_data": [0.067, -0.064, 0.004, 0.002, 0.299, -0.0, 1, 1, 1, 1, 1]}}, {"type": "Feature", "geometry": {"type": "Point", "coordinates": [2.39596, 41.3671]}, "properties": {"var_data": [0.076, -0.069, 0.005, 0.003, 0.274, -0.0, 1, 1, 1, 1, 1]}}, {"type": "Feature", "geometry": {"type": "Point", "coordinates": [2.4313, 41.3671]}, "properties": {"var_data": [0.103, -0.07, 0.005, 0.002, 0.27, -0.0, 1, 1, 1, 1, 1]}}, {"type": "Feature", "geometry": {"type": "Point", "coordinates": [2.46664, 41.3671]}, "properties": {"var_data": [0.143, -0.097, 0.005, 0.003, 0.275, -0.0, 1, 1, 1, 1, 1]}}, {"type": "Feature", "geometry": {"type": "Point", "coordinates": [2.50198, 41.3671]}, "properties": {"var_data": [0.184, -0.095, 0.003, 0.003, 0.271, -0.0, 1, 1, 1, 1, 1]}}, {"type": "Feature", "geometry": {"type": "Point", "coordinates": [2.53732, 41.3671]}, "properties": {"var_data": [0.212, -0.085, 0.003, 0.003, 0.301, -0.0, 1, 1, 1, 1, 1]}}, {"type": "Feature", "geometry": {"type": "Point", "coordinates": [2.57266, 41.3671]}, "properties": {"var_data": [0.242, -0.074, 0.003, 0.006, 0.272, 0.0, 1, 1, 1, 1, 1]}}, {"type": "Feature", "geometry": {"type": "Point", "coordinates": [2.608, 41.3671]}, "properties": {"var_data": [0.26, -0.071, 0.005, 0.007, 0.264, 0.0, 1, 1, 1, 1, 1]}}, {"type": "Feature", "geometry": {"type": "Point", "coordinates": [2.64334, 41.3671]}, "properties": {"var_data": [0.245, -0.082, 0.003, 0.007, 0.256, -0.0, 1, 1, 1, 1, 1]}}, {"type": "Feature", "geometry": {"type": "Point", "coordinates": [2.67868, 41.3671]}, "properties": {"var_data": [0.24, -0.085, 0.003, 0.005, 0.256, -0.0, 1, 1, 1, 1, 1]}}, {"type": "Feature", "geometry": {"type": "Point", "coordinates": [2.71402, 41.3671]}, "properties": {"var_data": [0.23, -0.087, 0.003, 0.004, 0.263, -0.0, 1, 1, 1, 1, 1]}}, {"type": "Feature", "geometry": {"type": "Point", "coordinates": [2.74936, 41.3671]}, "properties": {"var_data": [0.214, -0.096, 0.003, 0.004, 0.273, -0.0, 1, 1, 1, 1, 1]}}, {"type": "Feature", "geometry": {"type": "Point", "coordinates": [2.7847, 41.3671]}, "properties": {"var_data": [0.164, -0.102, 0.004, 0.004, 0.275, -0.0, 1, 1, 1, 1, 1]}}, {"type": "Feature", "geometry": {"type": "Point", "coordinates": [2.82004, 41.3671]}, "properties": {"var_data": [0.14, -0.097, 0.004, 0.005, 0.281, 0.0, 1, 1, 1, 1, 1]}}, {"type": "Feature", "geometry": {"type": "Point", "coordinates": [2.85538, 41.3671]}, "properties": {"var_data": [0.029, -0.128, 0.007, 0.007, 0.304, 0.0, 1, 1, 1, 1, 1]}}, {"type": "Feature", "geometry": {"type": "Point", "coordinates": [2.89072, 41.3671]}, "properties": {"var_data": [-0.017, -0.152, 0.005, 0.003, 0.335, 0.0, 1, 1, 1, 1, 1]}}, {"type": "Feature", "geometry": {"type": "Point", "coordinates": [2.92606, 41.3671]}, "properties": {"var_data": [0.004, -0.151, 0.005, 0.003, 0.352, 0.0, 1, 1, 1, 1, 1]}}, {"type": "Feature", "geometry": {"type": "Point", "coordinates": [2.9614, 41.3671]}, "properties": {"var_data": [0.108, -0.107, 0.005, 0.003, 0.379, 0.0, 1, 1, 1, 1, 1]}}, {"type": "Feature", "geometry": {"type": "Point", "coordinates": [2.99674, 41.3671]}, "properties": {"var_data": [0.136, -0.082, 0.006, 0.003, 0.355, 0.0, 1, 1, 1, 1, 1]}}, {"type": "Feature", "geometry": {"type": "Point", "coordinates": [3.03208, 41.3671]}, "properties": {"var_data": [0.147, -0.04, 0.007, 0.006, 0.369, 0.0, 1, 1, 1, 1, 1]}}, {"type": "Feature", "geometry": {"type": "Point", "coordinates": [3.06742, 41.3671]}, "properties": {"var_data": [0.178, -0.003, 0.004, 0.009, 0.386, 0.0, 1, 1, 1, 1, 1]}}, {"type": "Feature", "geometry": {"type": "Point", "coordinates": [3.10276, 41.3671]}, "properties": {"var_data": [0.206, 0.006, 0.004, 0.011, 0.436, 0.0, 1, 1, 1, 1, 1]}}, {"type": "Feature", "geometry": {"type": "Point", "coordinates": [3.1381, 41.3671]}, "properties": {"var_data": [0.191, -0.015, 0.004, 0.007, 0.442, 0.0, 1, 1, 1, 1, 1]}}, {"type": "Feature", "geometry": {"type": "Point", "coordinates": [3.17344, 41.3671]}, "properties": {"var_data": [0.188, -0.003, 0.007, 0.013, 0.482, 0.0, 1, 1, 1, 1, 1]}}, {"type": "Feature", "geometry": {"type": "Point", "coordinates": [3.20878, 41.3671]}, "properties": {"var_data": [0.174, -0.015, 0.009, 0.018, 0.539, 0.0, 1, 1, 1, 1, 1]}}, {"type": "Feature", "geometry": {"type": "Point", "coordinates": [3.24412, 41.3671]}, "properties": {"var_data": [0.167, -0.022, 0.007, 0.005, 0.542, 0.0, 1, 1, 1, 1, 1]}}, {"type": "Feature", "geometry": {"type": "Point", "coordinates": [3.27946, 41.3671]}, "properties": {"var_data": [0.202, 0.006, 0.007, 0.005, 0.764, 0.0, 1, 1, 1, 1, 1]}}, {"type": "Feature", "geometry": {"type": "Point", "coordinates": [3.3148, 41.3671]}, "properties": {"var_data": [0.192, -0.024, 0.007, 0.005, 0.823, 0.0, 1, 1, 1, 1, 1]}}, {"type": "Feature", "geometry": {"type": "Point", "coordinates": [3.35014, 41.3671]}, "properties": {"var_data": [0.171, -0.053, 0.008, 0.005, 0.693, 0.0, 1, 1, 1, 1, 1]}}, {"type": "Feature", "geometry": {"type": "Point", "coordinates": [3.38548, 41.3671]}, "properties": {"var_data": [0.169, -0.074, 0.025, 0.022, 0.976, 0.0, 1, 1, 1, 1, 1]}}, {"type": "Feature", "geometry": {"type": "Point", "coordinates": [3.42082, 41.3671]}, "properties": {"var_data": [0.206, -0.068, 0.028, 0.023, 1.088, 0.001, 1, 1, 1, 1, 1]}}, {"type": "Feature", "geometry": {"type": "Point", "coordinates": [3.45616, 41.3671]}, "properties": {"var_data": [0.276, -0.01, 0.027, 0.022, 0.9, 0.0, 1, 1, 1, 1, 1]}}, {"type": "Feature", "geometry": {"type": "Point", "coordinates": [3.4915, 41.3671]}, "properties": {"var_data": [0.423, 0.181, 0.038, 0.032, 1.165, 0.001, 1, 1, 1, 1, 1]}}, {"type": "Feature", "geometry": {"type": "Point", "coordinates": [3.52684, 41.3671]}, "properties": {"var_data": [0.438, 0.192, 0.036, 0.031, 1.147, 0.001, 1, 1, 1, 1, 1]}}, {"type": "Feature", "geometry": {"type": "Point", "coordinates": [3.56218, 41.3671]}, "properties": {"var_data": [0.426, 0.154, 0.029, 0.028, 0.983, 0.001, 1, 1, 1, 1, 1]}}, {"type": "Feature", "geometry": {"type": "Point", "coordinates": [3.59752, 41.3671]}, "properties": {"var_data": [0.403, 0.116, 0.031, 0.032, 0.963, 0.001, 1, 1, 1, 1, 1]}}, {"type": "Feature", "geometry": {"type": "Point", "coordinates": [3.63286, 41.3671]}, "properties": {"var_data": [0.359, 0.055, 0.057, 0.078, 1.146, 0.004, 1, 1, 1, 1, 1]}}, {"type": "Feature", "geometry": {"type": "Point", "coordinates": [3.6682, 41.3671]}, "properties": {"var_data": [0.347, 0.071, 0.052, 0.054, 1.218, 0.003, 1, 1, 1, 1, 1]}}, {"type": "Feature", "geometry": {"type": "Point", "coordinates": [3.70354, 41.3671]}, "properties": {"var_data": [0.385, 0.153, 0.046, 0.036, 1.27, 0.002, 1, 1, 1, 1, 1]}}, {"type": "Feature", "geometry": {"type": "Point", "coordinates": [2.21926, 41.3941]}, "properties": {"var_data": [0.003, -0.055, 0.005, 0.008, 0.483, -0.0, 1, 1, 1, 1, 1]}}, {"type": "Feature", "geometry": {"type": "Point", "coordinates": [2.2546, 41.3941]}, "properties": {"var_data": [-0.014, 0.033, 0.004, 0.008, 0.467, -0.0, 1, 1, 1, 1, 1]}}, {"type": "Feature", "geometry": {"type": "Point", "coordinates": [2.28994, 41.3941]}, "properties": {"var_data": [0.02, 0.001, 0.004, 0.008, 0.421, -0.0, 1, 1, 1, 1, 1]}}, {"type": "Feature", "geometry": {"type": "Point", "coordinates": [2.32528, 41.3941]}, "properties": {"var_data": [0.041, -0.026, 0.003, 0.003, 0.372, -0.0, 1, 1, 1, 1, 1]}}, {"type": "Feature", "geometry": {"type": "Point", "coordinates": [2.36062, 41.3941]}, "properties": {"var_data": [0.06, -0.055, 0.004, 0.003, 0.336, -0.0, 1, 1, 1, 1, 1]}}, {"type": "Feature", "geometry": {"type": "Point", "coordinates": [2.39596, 41.3941]}, "properties": {"var_data": [0.07, -0.075, 0.007, 0.004, 0.306, -0.0, 1, 1, 1, 1, 1]}}, {"type": "Feature", "geometry": {"type": "Point", "coordinates": [2.4313, 41.3941]}, "properties": {"var_data": [0.094, -0.108, 0.007, 0.004, 0.268, -0.0, 1, 1, 1, 1, 1]}}, {"type": "Feature", "geometry": {"type": "Point", "coordinates": [2.46664, 41.3941]}, "properties": {"var_data": [0.137, -0.115, 0.006, 0.006, 0.257, -0.0, 1, 1, 1, 1, 1]}}, {"type": "Feature", "geometry": {"type": "Point", "coordinates": [2.50198, 41.3941]}, "properties": {"var_data": [0.184, -0.124, 0.006, 0.007, 0.274, -0.0, 1, 1, 1, 1, 1]}}, {"type": "Feature", "geometry": {"type": "Point", "coordinates": [2.53732, 41.3941]}, "properties": {"var_data": [0.21, -0.108, 0.006, 0.007, 0.27, -0.0, 1, 1, 1, 1, 1]}}, {"type": "Feature", "geometry": {"type": "Point", "coordinates": [2.57266, 41.3941]}, "properties": {"var_data": [0.222, -0.085, 0.006, 0.006, 0.257, -0.0, 1, 1, 1, 1, 1]}}, {"type": "Feature", "geometry": {"type": "Point", "coordinates": [2.608, 41.3941]}, "properties": {"var_data": [0.226, -0.086, 0.006, 0.006, 0.245, 0.0, 1, 1, 1, 1, 1]}}, {"type": "Feature", "geometry": {"type": "Point", "coordinates": [2.64334, 41.3941]}, "properties": {"var_data": [0.218, -0.09, 0.003, 0.008, 0.242, -0.0, 1, 1, 1, 1, 1]}}, {"type": "Feature", "geometry": {"type": "Point", "coordinates": [2.67868, 41.3941]}, "properties": {"var_data": [0.191, -0.091, 0.004, 0.007, 0.253, -0.0, 1, 1, 1, 1, 1]}}, {"type": "Feature", "geometry": {"type": "Point", "coordinates": [2.71402, 41.3941]}, "properties": {"var_data": [0.187, -0.096, 0.003, 0.006, 0.261, -0.0, 1, 1, 1, 1, 1]}}, {"type": "Feature", "geometry": {"type": "Point", "coordinates": [2.74936, 41.3941]}, "properties": {"var_data": [0.183, -0.093, 0.003, 0.005, 0.261, -0.0, 1, 1, 1, 1, 1]}}, {"type": "Feature", "geometry": {"type": "Point", "coordinates": [2.7847, 41.3941]}, "properties": {"var_data": [0.173, -0.098, 0.003, 0.005, 0.267, 0.0, 1, 1, 1, 1, 1]}}, {"type": "Feature", "geometry": {"type": "Point", "coordinates": [2.82004, 41.3941]}, "properties": {"var_data": [0.117, -0.105, 0.004, 0.005, 0.278, 0.0, 1, 1, 1, 1, 1]}}, {"type": "Feature", "geometry": {"type": "Point", "coordinates": [2.85538, 41.3941]}, "properties": {"var_data": [0.089, -0.105, 0.005, 0.006, 0.307, 0.0, 1, 1, 1, 1, 1]}}, {"type": "Feature", "geometry": {"type": "Point", "coordinates": [2.89072, 41.3941]}, "properties": {"var_data": [0.018, -0.118, 0.005, 0.003, 0.343, 0.0, 1, 1, 1, 1, 1]}}, {"type": "Feature", "geometry": {"type": "Point", "coordinates": [2.92606, 41.3941]}, "properties": {"var_data": [-0.008, -0.117, 0.005, 0.003, 0.369, 0.0, 1, 1, 1, 1, 1]}}, {"type": "Feature", "geometry": {"type": "Point", "coordinates": [2.9614, 41.3941]}, "properties": {"var_data": [0.105, -0.074, 0.004, 0.003, 0.367, 0.0, 1, 1, 1, 1, 1]}}, {"type": "Feature", "geometry": {"type": "Point", "coordinates": [2.99674, 41.3941]}, "properties": {"var_data": [0.121, -0.064, 0.005, 0.003, 0.384, 0.0, 1, 1, 1, 1, 1]}}, {"type": "Feature", "geometry": {"type": "Point", "coordinates": [3.03208, 41.3941]}, "properties": {"var_data": [0.15, -0.017, 0.004, 0.006, 0.377, 0.0, 1, 1, 1, 1, 1]}}, {"type": "Feature", "geometry": {"type": "Point", "coordinates": [3.06742, 41.3941]}, "properties": {"var_data": [0.171, -0.011, 0.004, 0.008, 0.419, 0.0, 1, 1, 1, 1, 1]}}, {"type": "Feature", "geometry": {"type": "Point", "coordinates": [3.10276, 41.3941]}, "properties": {"var_data": [0.175, -0.004, 0.004, 0.008, 0.442, 0.0, 1, 1, 1, 1, 1]}}, {"type": "Feature", "geometry": {"type": "Point", "coordinates": [3.1381, 41.3941]}, "properties": {"var_data": [0.161, -0.023, 0.004, 0.01, 0.43, 0.0, 1, 1, 1, 1, 1]}}, {"type": "Feature", "geometry": {"type": "Point", "coordinates": [3.17344, 41.3941]}, "properties": {"var_data": [0.156, -0.019, 0.009, 0.015, 0.499, 0.0, 1, 1, 1, 1, 1]}}, {"type": "Feature", "geometry": {"type": "Point", "coordinates": [3.20878, 41.3941]}, "properties": {"var_data": [0.158, -0.017, 0.012, 0.017, 0.541, 0.0, 1, 1, 1, 1, 1]}}, {"type": "Feature", "geometry": {"type": "Point", "coordinates": [3.24412, 41.3941]}, "properties": {"var_data": [0.161, -0.028, 0.007, 0.005, 0.529, 0.0, 1, 1, 1, 1, 1]}}, {"type": "Feature", "geometry": {"type": "Point", "coordinates": [3.27946, 41.3941]}, "properties": {"var_data": [0.143, -0.08, 0.007, 0.005, 0.728, 0.0, 1, 1, 1, 1, 1]}}, {"type": "Feature", "geometry": {"type": "Point", "coordinates": [3.3148, 41.3941]}, "properties": {"var_data": [0.091, -0.128, 0.008, 0.005, 0.938, 0.0, 1, 1, 1, 1, 1]}}, {"type": "Feature", "geometry": {"type": "Point", "coordinates": [3.35014, 41.3941]}, "properties": {"var_data": [0.129, -0.116, 0.009, 0.005, 0.978, 0.0, 1, 1, 1, 1, 1]}}, {"type": "Feature", "geometry": {"type": "Point", "coordinates": [3.38548, 41.3941]}, "properties": {"var_data": [0.186, -0.07, 0.026, 0.023, 1.068, 0.0, 1, 1, 1, 1, 1]}}, {"type": "Feature", "geometry": {"type": "Point", "coordinates": [3.42082, 41.3941]}, "properties": {"var_data": [0.204, -0.077, 0.028, 0.023, 1.06, 0.0, 1, 1, 1, 1, 1]}}, {"type": "Feature", "geometry": {"type": "Point", "coordinates": [3.45616, 41.3941]}, "properties": {"var_data": [0.225, -0.078, 0.027, 0.023, 1.054, 0.0, 1, 1, 1, 1, 1]}}, {"type": "Feature", "geometry": {"type": "Point", "coordinates": [3.4915, 41.3941]}, "properties": {"var_data": [0.392, 0.123, 0.032, 0.03, 0.999, 0.001, 1, 1, 1, 1, 1]}}, {"type": "Feature", "geometry": {"type": "Point", "coordinates": [3.52684, 41.3941]}, "properties": {"var_data": [0.417, 0.135, 0.031, 0.029, 0.983, 0.001, 1, 1, 1, 1, 1]}}, {"type": "Feature", "geometry": {"type": "Point", "coordinates": [3.56218, 41.3941]}, "properties": {"var_data": [0.373, 0.063, 0.03, 0.03, 0.875, 0.001, 1, 1, 1, 1, 1]}}, {"type": "Feature", "geometry": {"type": "Point", "coordinates": [3.59752, 41.3941]}, "properties": {"var_data": [0.394, 0.08, 0.029, 0.022, 0.891, 0.001, 1, 1, 1, 1, 1]}}, {"type": "Feature", "geometry": {"type": "Point", "coordinates": [3.63286, 41.3941]}, "properties": {"var_data": [0.357, 0.045, 0.043, 0.056, 0.94, 0.002, 1, 1, 1, 1, 1]}}, {"type": "Feature", "geometry": {"type": "Point", "coordinates": [3.6682, 41.3941]}, "properties": {"var_data": [0.366, 0.075, 0.034, 0.029, 0.846, 0.001, 1, 1, 1, 1, 1]}}, {"type": "Feature", "geometry": {"type": "Point", "coordinates": [3.70354, 41.3941]}, "properties": {"var_data": [0.353, 0.101, 0.041, 0.033, 0.949, 0.001, 1, 1, 1, 1, 1]}}, {"type": "Feature", "geometry": {"type": "Point", "coordinates": [3.73888, 41.3941]}, "properties": {"var_data": [0.363, 0.134, 0.051, 0.039, 1.283, 0.002, 1, 0, 1, 1, 1]}}, {"type": "Feature", "geometry": {"type": "Point", "coordinates": [2.2546, 41.421101]}, "properties": {"var_data": [-0.036, 0.096, 0.005, 0.009, 0.756, -0.0, 1, 1, 1, 1, 1]}}, {"type": "Feature", "geometry": {"type": "Point", "coordinates": [2.28994, 41.421101]}, "properties": {"var_data": [-0.014, 0.092, 0.007, 0.011, 0.625, -0.0, 1, 1, 1, 1, 1]}}, {"type": "Feature", "geometry": {"type": "Point", "coordinates": [2.32528, 41.421101]}, "properties": {"var_data": [-0.007, 0.065, 0.007, 0.011, 0.506, -0.0, 1, 1, 1, 1, 1]}}, {"type": "Feature", "geometry": {"type": "Point", "coordinates": [2.36062, 41.421101]}, "properties": {"var_data": [0.033, -0.013, 0.005, 0.004, 0.427, -0.0, 1, 1, 1, 1, 1]}}, {"type": "Feature", "geometry": {"type": "Point", "coordinates": [2.39596, 41.421101]}, "properties": {"var_data": [0.052, -0.059, 0.008, 0.005, 0.346, -0.0, 1, 1, 1, 1, 1]}}, {"type": "Feature", "geometry": {"type": "Point", "coordinates": [2.4313, 41.421101]}, "properties": {"var_data": [0.091, -0.117, 0.008, 0.007, 0.288, -0.0, 1, 1, 1, 1, 1]}}, {"type": "Feature", "geometry": {"type": "Point", "coordinates": [2.46664, 41.421101]}, "properties": {"var_data": [0.139, -0.133, 0.008, 0.007, 0.27, -0.0, 1, 1, 1, 1, 1]}}, {"type": "Feature", "geometry": {"type": "Point", "coordinates": [2.50198, 41.421101]}, "properties": {"var_data": [0.157, -0.138, 0.008, 0.006, 0.258, -0.0, 1, 1, 1, 1, 1]}}, {"type": "Feature", "geometry": {"type": "Point", "coordinates": [2.53732, 41.421101]}, "properties": {"var_data": [0.188, -0.116, 0.007, 0.005, 0.249, -0.0, 1, 1, 1, 1, 1]}}, {"type": "Feature", "geometry": {"type": "Point", "coordinates": [2.57266, 41.421101]}, "properties": {"var_data": [0.191, -0.093, 0.007, 0.007, 0.244, -0.0, 1, 1, 1, 1, 1]}}, {"type": "Feature", "geometry": {"type": "Point", "coordinates": [2.608, 41.421101]}, "properties": {"var_data": [0.178, -0.075, 0.008, 0.006, 0.229, -0.0, 1, 1, 1, 1, 1]}}, {"type": "Feature", "geometry": {"type": "Point", "coordinates": [2.64334, 41.421101]}, "properties": {"var_data": [0.15, -0.084, 0.004, 0.006, 0.231, -0.0, 1, 1, 1, 1, 1]}}, {"type": "Feature", "geometry": {"type": "Point", "coordinates": [2.67868, 41.421101]}, "properties": {"var_data": [0.14, -0.092, 0.004, 0.007, 0.24, -0.0, 1, 1, 1, 1, 1]}}, {"type": "Feature", "geometry": {"type": "Point", "coordinates": [2.71402, 41.421101]}, "properties": {"var_data": [0.126, -0.092, 0.003, 0.006, 0.26, -0.0, 1, 1, 1, 1, 1]}}, {"type": "Feature", "geometry": {"type": "Point", "coordinates": [2.74936, 41.421101]}, "properties": {"var_data": [0.125, -0.092, 0.004, 0.005, 0.272, 0.0, 1, 1, 1, 1, 1]}}, {"type": "Feature", "geometry": {"type": "Point", "coordinates": [2.7847, 41.421101]}, "properties": {"var_data": [0.132, -0.093, 0.004, 0.004, 0.281, 0.0, 1, 1, 1, 1, 1]}}, {"type": "Feature", "geometry": {"type": "Point", "coordinates": [2.82004, 41.421101]}, "properties": {"var_data": [0.129, -0.107, 0.004, 0.005, 0.304, 0.0, 1, 1, 1, 1, 1]}}, {"type": "Feature", "geometry": {"type": "Point", "coordinates": [2.85538, 41.421101]}, "properties": {"var_data": [0.114, -0.092, 0.008, 0.005, 0.313, -0.0, 1, 1, 1, 1, 1]}}, {"type": "Feature", "geometry": {"type": "Point", "coordinates": [2.89072, 41.421101]}, "properties": {"var_data": [0.108, -0.082, 0.005, 0.004, 0.331, 0.0, 1, 1, 1, 1, 1]}}, {"type": "Feature", "geometry": {"type": "Point", "coordinates": [2.92606, 41.421101]}, "properties": {"var_data": [0.116, -0.075, 0.004, 0.003, 0.36, 0.0, 1, 1, 1, 1, 1]}}, {"type": "Feature", "geometry": {"type": "Point", "coordinates": [2.9614, 41.421101]}, "properties": {"var_data": [0.105, -0.056, 0.004, 0.003, 0.36, 0.0, 1, 1, 1, 1, 1]}}, {"type": "Feature", "geometry": {"type": "Point", "coordinates": [2.99674, 41.421101]}, "properties": {"var_data": [0.121, -0.01, 0.005, 0.005, 0.363, 0.0, 1, 1, 1, 1, 1]}}, {"type": "Feature", "geometry": {"type": "Point", "coordinates": [3.03208, 41.421101]}, "properties": {"var_data": [0.132, -0.019, 0.004, 0.008, 0.382, 0.0, 1, 1, 1, 1, 1]}}, {"type": "Feature", "geometry": {"type": "Point", "coordinates": [3.06742, 41.421101]}, "properties": {"var_data": [0.14, -0.014, 0.004, 0.008, 0.391, 0.0, 1, 1, 1, 1, 1]}}, {"type": "Feature", "geometry": {"type": "Point", "coordinates": [3.10276, 41.421101]}, "properties": {"var_data": [0.148, -0.008, 0.004, 0.008, 0.424, 0.0, 1, 1, 1, 1, 1]}}, {"type": "Feature", "geometry": {"type": "Point", "coordinates": [3.1381, 41.421101]}, "properties": {"var_data": [0.159, 0.0, 0.004, 0.01, 0.451, 0.0, 1, 1, 1, 1, 1]}}, {"type": "Feature", "geometry": {"type": "Point", "coordinates": [3.17344, 41.421101]}, "properties": {"var_data": [0.14, -0.02, 0.006, 0.012, 0.483, 0.0, 1, 1, 1, 1, 1]}}, {"type": "Feature", "geometry": {"type": "Point", "coordinates": [3.20878, 41.421101]}, "properties": {"var_data": [0.141, -0.027, 0.006, 0.013, 0.544, 0.0, 1, 1, 1, 1, 1]}}, {"type": "Feature", "geometry": {"type": "Point", "coordinates": [3.24412, 41.421101]}, "properties": {"var_data": [0.139, -0.051, 0.008, 0.005, 0.574, 0.0, 1, 1, 1, 1, 1]}}, {"type": "Feature", "geometry": {"type": "Point", "coordinates": [3.27946, 41.421101]}, "properties": {"var_data": [0.103, -0.127, 0.008, 0.005, 0.654, 0.0, 1, 1, 1, 1, 1]}}, {"type": "Feature", "geometry": {"type": "Point", "coordinates": [3.3148, 41.421101]}, "properties": {"var_data": [0.089, -0.152, 0.008, 0.005, 0.718, 0.0, 1, 1, 1, 1, 1]}}, {"type": "Feature", "geometry": {"type": "Point", "coordinates": [3.35014, 41.421101]}, "properties": {"var_data": [0.143, -0.112, 0.008, 0.005, 0.712, 0.0, 1, 1, 1, 1, 1]}}, {"type": "Feature", "geometry": {"type": "Point", "coordinates": [3.38548, 41.421101]}, "properties": {"var_data": [0.146, -0.134, 0.025, 0.023, 1.051, 0.0, 1, 1, 1, 1, 1]}}, {"type": "Feature", "geometry": {"type": "Point", "coordinates": [3.42082, 41.421101]}, "properties": {"var_data": [0.188, -0.116, 0.02, 0.022, 0.987, 0.0, 1, 1, 1, 1, 1]}}, {"type": "Feature", "geometry": {"type": "Point", "coordinates": [3.45616, 41.421101]}, "properties": {"var_data": [0.171, -0.182, 0.021, 0.023, 1.025, 0.0, 1, 1, 1, 1, 1]}}, {"type": "Feature", "geometry": {"type": "Point", "coordinates": [3.4915, 41.421101]}, "properties": {"var_data": [0.235, -0.097, 0.021, 0.021, 0.915, 0.0, 1, 1, 1, 1, 1]}}, {"type": "Feature", "geometry": {"type": "Point", "coordinates": [3.52684, 41.421101]}, "properties": {"var_data": [0.281, -0.048, 0.021, 0.018, 0.862, 0.0, 1, 1, 1, 1, 1]}}, {"type": "Feature", "geometry": {"type": "Point", "coordinates": [3.56218, 41.421101]}, "properties": {"var_data": [0.35, -0.015, 0.019, 0.017, 0.771, 0.0, 1, 1, 1, 1, 1]}}, {"type": "Feature", "geometry": {"type": "Point", "coordinates": [3.59752, 41.421101]}, "properties": {"var_data": [0.362, 0.017, 0.026, 0.02, 0.716, 0.0, 1, 1, 1, 1, 1]}}, {"type": "Feature", "geometry": {"type": "Point", "coordinates": [3.63286, 41.421101]}, "properties": {"var_data": [0.35, 0.006, 0.028, 0.023, 0.764, 0.001, 1, 1, 1, 1, 1]}}, {"type": "Feature", "geometry": {"type": "Point", "coordinates": [3.6682, 41.421101]}, "properties": {"var_data": [0.372, 0.081, 0.038, 0.031, 0.849, 0.001, 1, 1, 1, 1, 1]}}, {"type": "Feature", "geometry": {"type": "Point", "coordinates": [3.70354, 41.421101]}, "properties": {"var_data": [0.408, 0.159, 0.051, 0.039, 1.301, 0.002, 1, 1, 1, 1, 1]}}, {"type": "Feature", "geometry": {"type": "Point", "coordinates": [3.73888, 41.421101]}, "properties": {"var_data": [0.397, 0.165, 0.025, 0.022, 1.035, 0.001, 1, 1, 1, 1, 1]}}, {"type": "Feature", "geometry": {"type": "Point", "coordinates": [3.77422, 41.421101]}, "properties": {"var_data": [0.336, 0.12, 0.023, 0.023, 1.151, 0.0, 1, 1, 1, 1, 1]}}, {"type": "Feature", "geometry": {"type": "Point", "coordinates": [2.28994, 41.448101]}, "properties": {"var_data": [-0.243, 0.399, 0.009, 0.014, 1.168, -0.0, 1, 1, 1, 1, 1]}}, {"type": "Feature", "geometry": {"type": "Point", "coordinates": [2.32528, 41.448101]}, "properties": {"var_data": [-0.174, 0.283, 0.009, 0.014, 0.812, -0.0, 1, 1, 1, 1, 1]}}, {"type": "Feature", "geometry": {"type": "Point", "coordinates": [2.36062, 41.448101]}, "properties": {"var_data": [-0.041, 0.08, 0.012, 0.014, 0.56, -0.0, 1, 1, 1, 1, 1]}}, {"type": "Feature", "geometry": {"type": "Point", "coordinates": [2.39596, 41.448101]}, "properties": {"var_data": [0.031, -0.029, 0.01, 0.01, 0.407, -0.0, 1, 1, 1, 1, 1]}}, {"type": "Feature", "geometry": {"type": "Point", "coordinates": [2.4313, 41.448101]}, "properties": {"var_data": [0.086, -0.103, 0.009, 0.008, 0.326, -0.0, 1, 1, 1, 1, 1]}}, {"type": "Feature", "geometry": {"type": "Point", "coordinates": [2.46664, 41.448101]}, "properties": {"var_data": [0.133, -0.146, 0.007, 0.006, 0.289, -0.0, 1, 1, 1, 1, 1]}}, {"type": "Feature", "geometry": {"type": "Point", "coordinates": [2.50198, 41.448101]}, "properties": {"var_data": [0.144, -0.142, 0.008, 0.006, 0.253, -0.0, 1, 1, 1, 1, 1]}}, {"type": "Feature", "geometry": {"type": "Point", "coordinates": [2.53732, 41.448101]}, "properties": {"var_data": [0.142, -0.109, 0.007, 0.005, 0.23, -0.0, 1, 1, 1, 1, 1]}}, {"type": "Feature", "geometry": {"type": "Point", "coordinates": [2.57266, 41.448101]}, "properties": {"var_data": [0.141, -0.076, 0.007, 0.005, 0.222, 0.0, 1, 1, 1, 1, 1]}}, {"type": "Feature", "geometry": {"type": "Point", "coordinates": [2.608, 41.448101]}, "properties": {"var_data": [0.126, -0.065, 0.008, 0.006, 0.222, 0.0, 1, 1, 1, 1, 1]}}, {"type": "Feature", "geometry": {"type": "Point", "coordinates": [2.64334, 41.448101]}, "properties": {"var_data": [0.093, -0.086, 0.009, 0.008, 0.234, -0.0, 1, 1, 1, 1, 1]}}, {"type": "Feature", "geometry": {"type": "Point", "coordinates": [2.67868, 41.448101]}, "properties": {"var_data": [0.066, -0.076, 0.007, 0.009, 0.241, -0.0, 1, 1, 1, 1, 1]}}, {"type": "Feature", "geometry": {"type": "Point", "coordinates": [2.71402, 41.448101]}, "properties": {"var_data": [0.065, -0.083, 0.006, 0.007, 0.26, -0.0, 1, 1, 1, 1, 1]}}, {"type": "Feature", "geometry": {"type": "Point", "coordinates": [2.74936, 41.448101]}, "properties": {"var_data": [0.074, -0.095, 0.004, 0.005, 0.279, 0.0, 1, 1, 1, 1, 1]}}, {"type": "Feature", "geometry": {"type": "Point", "coordinates": [2.7847, 41.448101]}, "properties": {"var_data": [0.096, -0.108, 0.004, 0.005, 0.293, 0.0, 1, 1, 1, 1, 1]}}, {"type": "Feature", "geometry": {"type": "Point", "coordinates": [2.82004, 41.448101]}, "properties": {"var_data": [0.102, -0.119, 0.004, 0.005, 0.303, 0.0, 1, 1, 1, 1, 1]}}, {"type": "Feature", "geometry": {"type": "Point", "coordinates": [2.85538, 41.448101]}, "properties": {"var_data": [0.097, -0.105, 0.004, 0.005, 0.309, 0.0, 1, 1, 1, 1, 1]}}, {"type": "Feature", "geometry": {"type": "Point", "coordinates": [2.89072, 41.448101]}, "properties": {"var_data": [0.094, -0.094, 0.006, 0.005, 0.337, -0.0, 1, 1, 1, 1, 1]}}, {"type": "Feature", "geometry": {"type": "Point", "coordinates": [2.92606, 41.448101]}, "properties": {"var_data": [0.099, -0.078, 0.006, 0.005, 0.381, 0.0, 1, 1, 1, 1, 1]}}, {"type": "Feature", "geometry": {"type": "Point", "coordinates": [2.9614, 41.448101]}, "properties": {"var_data": [0.098, -0.059, 0.005, 0.006, 0.366, 0.0, 1, 1, 1, 1, 1]}}, {"type": "Feature", "geometry": {"type": "Point", "coordinates": [2.99674, 41.448101]}, "properties": {"var_data": [0.112, -0.044, 0.005, 0.011, 0.401, 0.0, 1, 1, 1, 1, 1]}}, {"type": "Feature", "geometry": {"type": "Point", "coordinates": [3.03208, 41.448101]}, "properties": {"var_data": [0.113, -0.035, 0.005, 0.008, 0.39, 0.0, 1, 1, 1, 1, 1]}}, {"type": "Feature", "geometry": {"type": "Point", "coordinates": [3.06742, 41.448101]}, "properties": {"var_data": [0.125, -0.044, 0.004, 0.007, 0.358, 0.0, 1, 1, 1, 1, 1]}}, {"type": "Feature", "geometry": {"type": "Point", "coordinates": [3.10276, 41.448101]}, "properties": {"var_data": [0.125, -0.039, 0.004, 0.008, 0.376, 0.0, 1, 1, 1, 1, 1]}}, {"type": "Feature", "geometry": {"type": "Point", "coordinates": [3.1381, 41.448101]}, "properties": {"var_data": [0.106, -0.051, 0.004, 0.008, 0.432, 0.0, 1, 1, 1, 1, 1]}}, {"type": "Feature", "geometry": {"type": "Point", "coordinates": [3.17344, 41.448101]}, "properties": {"var_data": [0.114, -0.049, 0.005, 0.008, 0.453, 0.0, 1, 1, 1, 1, 1]}}, {"type": "Feature", "geometry": {"type": "Point", "coordinates": [3.20878, 41.448101]}, "properties": {"var_data": [0.124, -0.049, 0.005, 0.008, 0.508, 0.0, 1, 1, 1, 1, 1]}}, {"type": "Feature", "geometry": {"type": "Point", "coordinates": [3.24412, 41.448101]}, "properties": {"var_data": [0.088, -0.118, 0.006, 0.009, 0.514, 0.0, 1, 1, 1, 1, 1]}}, {"type": "Feature", "geometry": {"type": "Point", "coordinates": [3.27946, 41.448101]}, "properties": {"var_data": [0.057, -0.183, 0.02, 0.021, 0.654, 0.0, 1, 1, 1, 1, 1]}}, {"type": "Feature", "geometry": {"type": "Point", "coordinates": [3.3148, 41.448101]}, "properties": {"var_data": [0.071, -0.188, 0.012, 0.018, 0.637, 0.0, 1, 1, 1, 1, 1]}}, {"type": "Feature", "geometry": {"type": "Point", "coordinates": [3.35014, 41.448101]}, "properties": {"var_data": [0.081, -0.193, 0.024, 0.027, 0.635, 0.001, 1, 1, 1, 1, 1]}}, {"type": "Feature", "geometry": {"type": "Point", "coordinates": [3.38548, 41.448101]}, "properties": {"var_data": [0.127, -0.181, 0.036, 0.048, 0.988, 0.002, 1, 1, 1, 1, 1]}}, {"type": "Feature", "geometry": {"type": "Point", "coordinates": [3.42082, 41.448101]}, "properties": {"var_data": [0.161, -0.17, 0.018, 0.022, 0.83, 0.0, 1, 1, 1, 1, 1]}}, {"type": "Feature", "geometry": {"type": "Point", "coordinates": [3.45616, 41.448101]}, "properties": {"var_data": [0.223, -0.095, 0.018, 0.014, 0.753, 0.0, 1, 1, 1, 1, 1]}}, {"type": "Feature", "geometry": {"type": "Point", "coordinates": [3.4915, 41.448101]}, "properties": {"var_data": [0.251, -0.073, 0.011, 0.012, 0.705, 0.0, 1, 1, 1, 1, 1]}}, {"type": "Feature", "geometry": {"type": "Point", "coordinates": [3.52684, 41.448101]}, "properties": {"var_data": [0.316, -0.038, 0.01, 0.01, 0.659, 0.0, 1, 1, 1, 1, 1]}}, {"type": "Feature", "geometry": {"type": "Point", "coordinates": [3.56218, 41.448101]}, "properties": {"var_data": [0.313, -0.056, 0.011, 0.013, 0.626, 0.0, 1, 1, 1, 1, 1]}}, {"type": "Feature", "geometry": {"type": "Point", "coordinates": [3.59752, 41.448101]}, "properties": {"var_data": [0.338, -0.048, 0.012, 0.017, 0.762, 0.0, 1, 1, 1, 1, 1]}}, {"type": "Feature", "geometry": {"type": "Point", "coordinates": [3.63286, 41.448101]}, "properties": {"var_data": [0.318, -0.04, 0.024, 0.02, 0.751, 0.0, 1, 1, 1, 1, 1]}}, {"type": "Feature", "geometry": {"type": "Point", "coordinates": [3.6682, 41.448101]}, "properties": {"var_data": [0.335, 0.023, 0.024, 0.023, 0.814, 0.0, 1, 1, 1, 1, 1]}}, {"type": "Feature", "geometry": {"type": "Point", "coordinates": [3.70354, 41.448101]}, "properties": {"var_data": [0.407, 0.181, 0.025, 0.022, 1.065, 0.001, 1, 1, 1, 1, 1]}}, {"type": "Feature", "geometry": {"type": "Point", "coordinates": [3.73888, 41.448101]}, "properties": {"var_data": [0.391, 0.17, 0.025, 0.022, 1.011, 0.001, 1, 1, 1, 1, 1]}}, {"type": "Feature", "geometry": {"type": "Point", "coordinates": [3.77422, 41.448101]}, "properties": {"var_data": [0.377, 0.181, 0.024, 0.024, 1.415, 0.001, 1, 1, 1, 1, 1]}}, {"type": "Feature", "geometry": {"type": "Point", "coordinates": [2.32528, 41.475101]}, "properties": {"var_data": [-0.511, 0.702, 0.031, 0.035, 1.583, -0.001, 4, 4, 1, 1, 1]}}, {"type": "Feature", "geometry": {"type": "Point", "coordinates": [2.36062, 41.475101]}, "properties": {"var_data": [-0.193, 0.273, 0.022, 0.024, 0.866, -0.001, 1, 1, 1, 1, 1]}}, {"type": "Feature", "geometry": {"type": "Point", "coordinates": [2.39596, 41.475101]}, "properties": {"var_data": [0.001, 0.024, 0.01, 0.012, 0.529, -0.0, 1, 1, 1, 1, 1]}}, {"type": "Feature", "geometry": {"type": "Point", "coordinates": [2.4313, 41.475101]}, "properties": {"var_data": [0.086, -0.081, 0.008, 0.008, 0.392, -0.0, 1, 1, 1, 1, 1]}}, {"type": "Feature", "geometry": {"type": "Point", "coordinates": [2.46664, 41.475101]}, "properties": {"var_data": [0.132, -0.116, 0.006, 0.005, 0.29, -0.0, 1, 1, 1, 1, 1]}}, {"type": "Feature", "geometry": {"type": "Point", "coordinates": [2.50198, 41.475101]}, "properties": {"var_data": [0.125, -0.109, 0.005, 0.004, 0.243, -0.0, 1, 1, 1, 1, 1]}}, {"type": "Feature", "geometry": {"type": "Point", "coordinates": [2.53732, 41.475101]}, "properties": {"var_data": [0.125, -0.104, 0.005, 0.004, 0.213, -0.0, 1, 1, 1, 1, 1]}}, {"type": "Feature", "geometry": {"type": "Point", "coordinates": [2.57266, 41.475101]}, "properties": {"var_data": [0.11, -0.082, 0.007, 0.005, 0.206, -0.0, 1, 1, 1, 1, 1]}}, {"type": "Feature", "geometry": {"type": "Point", "coordinates": [2.608, 41.475101]}, "properties": {"var_data": [0.076, -0.064, 0.006, 0.006, 0.213, -0.0, 1, 1, 1, 1, 1]}}, {"type": "Feature", "geometry": {"type": "Point", "coordinates": [2.64334, 41.475101]}, "properties": {"var_data": [0.054, -0.058, 0.007, 0.008, 0.227, -0.0, 1, 1, 1, 1, 1]}}, {"type": "Feature", "geometry": {"type": "Point", "coordinates": [2.67868, 41.475101]}, "properties": {"var_data": [0.017, -0.055, 0.008, 0.01, 0.244, -0.0, 1, 1, 1, 1, 1]}}, {"type": "Feature", "geometry": {"type": "Point", "coordinates": [2.71402, 41.475101]}, "properties": {"var_data": [0.039, -0.087, 0.006, 0.008, 0.257, -0.0, 1, 1, 1, 1, 1]}}, {"type": "Feature", "geometry": {"type": "Point", "coordinates": [2.74936, 41.475101]}, "properties": {"var_data": [0.058, -0.093, 0.004, 0.006, 0.281, 0.0, 1, 1, 1, 1, 1]}}, {"type": "Feature", "geometry": {"type": "Point", "coordinates": [2.7847, 41.475101]}, "properties": {"var_data": [0.071, -0.119, 0.004, 0.005, 0.279, 0.0, 1, 1, 1, 1, 1]}}, {"type": "Feature", "geometry": {"type": "Point", "coordinates": [2.82004, 41.475101]}, "properties": {"var_data": [0.111, -0.141, 0.004, 0.005, 0.309, 0.0, 1, 1, 1, 1, 1]}}, {"type": "Feature", "geometry": {"type": "Point", "coordinates": [2.85538, 41.475101]}, "properties": {"var_data": [0.084, -0.119, 0.004, 0.005, 0.322, 0.0, 1, 1, 1, 1, 1]}}, {"type": "Feature", "geometry": {"type": "Point", "coordinates": [2.89072, 41.475101]}, "properties": {"var_data": [0.093, -0.109, 0.006, 0.006, 0.335, -0.0, 1, 1, 1, 1, 1]}}, {"type": "Feature", "geometry": {"type": "Point", "coordinates": [2.92606, 41.475101]}, "properties": {"var_data": [0.082, -0.092, 0.006, 0.007, 0.348, -0.0, 1, 1, 1, 1, 1]}}, {"type": "Feature", "geometry": {"type": "Point", "coordinates": [2.9614, 41.475101]}, "properties": {"var_data": [0.085, -0.074, 0.004, 0.005, 0.335, 0.0, 1, 1, 1, 1, 1]}}, {"type": "Feature", "geometry": {"type": "Point", "coordinates": [2.99674, 41.475101]}, "properties": {"var_data": [0.097, -0.059, 0.005, 0.01, 0.371, 0.0, 1, 1, 1, 1, 1]}}, {"type": "Feature", "geometry": {"type": "Point", "coordinates": [3.03208, 41.475101]}, "properties": {"var_data": [0.099, -0.049, 0.005, 0.011, 0.385, 0.0, 1, 1, 1, 1, 1]}}, {"type": "Feature", "geometry": {"type": "Point", "coordinates": [3.06742, 41.475101]}, "properties": {"var_data": [0.106, -0.054, 0.005, 0.008, 0.38, 0.0, 1, 1, 1, 1, 1]}}, {"type": "Feature", "geometry": {"type": "Point", "coordinates": [3.10276, 41.475101]}, "properties": {"var_data": [0.105, -0.058, 0.006, 0.009, 0.389, 0.0, 1, 1, 1, 1, 1]}}, {"type": "Feature", "geometry": {"type": "Point", "coordinates": [3.1381, 41.475101]}, "properties": {"var_data": [0.092, -0.086, 0.004, 0.006, 0.375, 0.0, 1, 1, 1, 1, 1]}}, {"type": "Feature", "geometry": {"type": "Point", "coordinates": [3.17344, 41.475101]}, "properties": {"var_data": [0.088, -0.097, 0.004, 0.007, 0.43, 0.0, 1, 1, 1, 1, 1]}}, {"type": "Feature", "geometry": {"type": "Point", "coordinates": [3.20878, 41.475101]}, "properties": {"var_data": [0.075, -0.115, 0.005, 0.009, 0.517, 0.0, 1, 1, 1, 1, 1]}}, {"type": "Feature", "geometry": {"type": "Point", "coordinates": [3.24412, 41.475101]}, "properties": {"var_data": [0.047, -0.165, 0.006, 0.008, 0.508, 0.0, 1, 1, 1, 1, 1]}}, {"type": "Feature", "geometry": {"type": "Point", "coordinates": [3.27946, 41.475101]}, "properties": {"var_data": [0.038, -0.203, 0.025, 0.023, 0.586, 0.0, 1, 1, 1, 1, 1]}}, {"type": "Feature", "geometry": {"type": "Point", "coordinates": [3.3148, 41.475101]}, "properties": {"var_data": [0.065, -0.206, 0.024, 0.023, 0.561, 0.0, 1, 1, 1, 1, 1]}}, {"type": "Feature", "geometry": {"type": "Point", "coordinates": [3.35014, 41.475101]}, "properties": {"var_data": [0.093, -0.208, 0.019, 0.021, 0.53, 0.0, 1, 1, 1, 1, 1]}}, {"type": "Feature", "geometry": {"type": "Point", "coordinates": [3.38548, 41.475101]}, "properties": {"var_data": [0.116, -0.213, 0.032, 0.045, 0.814, 0.001, 1, 1, 1, 1, 1]}}, {"type": "Feature", "geometry": {"type": "Point", "coordinates": [3.42082, 41.475101]}, "properties": {"var_data": [0.134, -0.214, 0.027, 0.043, 0.804, 0.001, 1, 1, 1, 1, 1]}}, {"type": "Feature", "geometry": {"type": "Point", "coordinates": [3.45616, 41.475101]}, "properties": {"var_data": [0.184, -0.121, 0.013, 0.012, 0.63, 0.0, 1, 1, 1, 1, 1]}}, {"type": "Feature", "geometry": {"type": "Point", "coordinates": [3.4915, 41.475101]}, "properties": {"var_data": [0.26, -0.054, 0.009, 0.011, 0.663, 0.0, 1, 1, 1, 1, 1]}}, {"type": "Feature", "geometry": {"type": "Point", "coordinates": [3.52684, 41.475101]}, "properties": {"var_data": [0.276, -0.049, 0.01, 0.012, 0.654, 0.0, 1, 1, 1, 1, 1]}}, {"type": "Feature", "geometry": {"type": "Point", "coordinates": [3.56218, 41.475101]}, "properties": {"var_data": [0.326, -0.022, 0.009, 0.01, 0.568, 0.0, 1, 1, 1, 1, 1]}}, {"type": "Feature", "geometry": {"type": "Point", "coordinates": [3.59752, 41.475101]}, "properties": {"var_data": [0.329, -0.031, 0.01, 0.012, 0.612, 0.0, 1, 1, 1, 1, 1]}}, {"type": "Feature", "geometry": {"type": "Point", "coordinates": [3.63286, 41.475101]}, "properties": {"var_data": [0.337, -0.033, 0.013, 0.014, 0.649, 0.0, 1, 1, 1, 1, 1]}}, {"type": "Feature", "geometry": {"type": "Point", "coordinates": [3.6682, 41.475101]}, "properties": {"var_data": [0.29, -0.075, 0.02, 0.034, 0.765, 0.001, 1, 1, 1, 1, 1]}}, {"type": "Feature", "geometry": {"type": "Point", "coordinates": [3.70354, 41.475101]}, "properties": {"var_data": [0.319, -0.005, 0.022, 0.021, 0.873, 0.0, 1, 1, 1, 1, 1]}}, {"type": "Feature", "geometry": {"type": "Point", "coordinates": [3.73888, 41.475101]}, "properties": {"var_data": [0.337, 0.049, 0.028, 0.026, 1.013, 0.001, 1, 1, 1, 1, 1]}}, {"type": "Feature", "geometry": {"type": "Point", "coordinates": [3.77422, 41.475101]}, "properties": {"var_data": [0.365, 0.187, 0.015, 0.017, 1.062, 0.0, 1, 1, 1, 1, 1]}}, {"type": "Feature", "geometry": {"type": "Point", "coordinates": [2.39596, 41.502102]}, "properties": {"var_data": [-0.085, 0.141, 0.02, 0.022, 0.871, -0.0, 1, 1, 1, 1, 1]}}, {"type": "Feature", "geometry": {"type": "Point", "coordinates": [2.4313, 41.502102]}, "properties": {"var_data": [0.103, -0.058, 0.009, 0.008, 0.485, -0.0, 1, 1, 1, 1, 1]}}, {"type": "Feature", "geometry": {"type": "Point", "coordinates": [2.46664, 41.502102]}, "properties": {"var_data": [0.135, -0.092, 0.006, 0.006, 0.336, -0.0, 1, 1, 1, 1, 1]}}, {"type": "Feature", "geometry": {"type": "Point", "coordinates": [2.50198, 41.502102]}, "properties": {"var_data": [0.129, -0.086, 0.004, 0.003, 0.223, -0.0, 1, 1, 1, 1, 1]}}, {"type": "Feature", "geometry": {"type": "Point", "coordinates": [2.53732, 41.502102]}, "properties": {"var_data": [0.107, -0.075, 0.004, 0.003, 0.186, -0.0, 1, 1, 1, 1, 1]}}, {"type": "Feature", "geometry": {"type": "Point", "coordinates": [2.57266, 41.502102]}, "properties": {"var_data": [0.086, -0.076, 0.004, 0.004, 0.19, -0.0, 1, 1, 1, 1, 1]}}, {"type": "Feature", "geometry": {"type": "Point", "coordinates": [2.608, 41.502102]}, "properties": {"var_data": [0.064, -0.069, 0.005, 0.006, 0.204, 0.0, 1, 1, 1, 1, 1]}}, {"type": "Feature", "geometry": {"type": "Point", "coordinates": [2.64334, 41.502102]}, "properties": {"var_data": [0.052, -0.051, 0.005, 0.008, 0.224, -0.0, 1, 1, 1, 1, 1]}}, {"type": "Feature", "geometry": {"type": "Point", "coordinates": [2.67868, 41.502102]}, "properties": {"var_data": [0.017, -0.051, 0.006, 0.01, 0.25, -0.0, 1, 1, 1, 1, 1]}}, {"type": "Feature", "geometry": {"type": "Point", "coordinates": [2.71402, 41.502102]}, "properties": {"var_data": [0.021, -0.082, 0.006, 0.008, 0.263, -0.0, 1, 1, 1, 1, 1]}}, {"type": "Feature", "geometry": {"type": "Point", "coordinates": [2.74936, 41.502102]}, "properties": {"var_data": [0.017, -0.097, 0.006, 0.007, 0.28, -0.0, 1, 1, 1, 1, 1]}}, {"type": "Feature", "geometry": {"type": "Point", "coordinates": [2.7847, 41.502102]}, "properties": {"var_data": [0.066, -0.147, 0.004, 0.005, 0.321, 0.0, 1, 1, 1, 1, 1]}}, {"type": "Feature", "geometry": {"type": "Point", "coordinates": [2.82004, 41.502102]}, "properties": {"var_data": [0.076, -0.153, 0.006, 0.006, 0.333, -0.0, 1, 1, 1, 1, 1]}}, {"type": "Feature", "geometry": {"type": "Point", "coordinates": [2.85538, 41.502102]}, "properties": {"var_data": [0.055, -0.13, 0.006, 0.006, 0.318, -0.0, 1, 1, 1, 1, 1]}}, {"type": "Feature", "geometry": {"type": "Point", "coordinates": [2.89072, 41.502102]}, "properties": {"var_data": [0.06, -0.119, 0.005, 0.006, 0.335, -0.0, 1, 1, 1, 1, 1]}}, {"type": "Feature", "geometry": {"type": "Point", "coordinates": [2.92606, 41.502102]}, "properties": {"var_data": [0.08, -0.099, 0.005, 0.004, 0.362, 0.0, 1, 1, 1, 1, 1]}}, {"type": "Feature", "geometry": {"type": "Point", "coordinates": [2.9614, 41.502102]}, "properties": {"var_data": [0.082, -0.084, 0.006, 0.005, 0.353, 0.0, 1, 1, 1, 1, 1]}}, {"type": "Feature", "geometry": {"type": "Point", "coordinates": [2.99674, 41.502102]}, "properties": {"var_data": [0.089, -0.062, 0.005, 0.005, 0.38, 0.0, 1, 1, 1, 1, 1]}}, {"type": "Feature", "geometry": {"type": "Point", "coordinates": [3.03208, 41.502102]}, "properties": {"var_data": [0.092, -0.059, 0.005, 0.008, 0.415, 0.0, 1, 1, 1, 1, 1]}}, {"type": "Feature", "geometry": {"type": "Point", "coordinates": [3.06742, 41.502102]}, "properties": {"var_data": [0.085, -0.079, 0.006, 0.007, 0.376, 0.0, 1, 1, 1, 1, 1]}}, {"type": "Feature", "geometry": {"type": "Point", "coordinates": [3.10276, 41.502102]}, "properties": {"var_data": [0.087, -0.079, 0.007, 0.008, 0.438, 0.0, 1, 1, 1, 1, 1]}}, {"type": "Feature", "geometry": {"type": "Point", "coordinates": [3.1381, 41.502102]}, "properties": {"var_data": [0.087, -0.095, 0.004, 0.007, 0.386, 0.0, 1, 1, 1, 1, 1]}}, {"type": "Feature", "geometry": {"type": "Point", "coordinates": [3.17344, 41.502102]}, "properties": {"var_data": [0.075, -0.119, 0.005, 0.007, 0.403, 0.0, 1, 1, 1, 1, 1]}}, {"type": "Feature", "geometry": {"type": "Point", "coordinates": [3.20878, 41.502102]}, "properties": {"var_data": [0.057, -0.146, 0.005, 0.009, 0.487, 0.0, 1, 1, 1, 1, 1]}}, {"type": "Feature", "geometry": {"type": "Point", "coordinates": [3.24412, 41.502102]}, "properties": {"var_data": [0.052, -0.182, 0.017, 0.009, 0.472, 0.0, 1, 1, 1, 1, 1]}}, {"type": "Feature", "geometry": {"type": "Point", "coordinates": [3.27946, 41.502102]}, "properties": {"var_data": [0.053, -0.205, 0.024, 0.018, 0.525, 0.0, 1, 1, 1, 1, 1]}}, {"type": "Feature", "geometry": {"type": "Point", "coordinates": [3.3148, 41.502102]}, "properties": {"var_data": [0.076, -0.2, 0.01, 0.017, 0.519, 0.0, 1, 1, 1, 1, 1]}}, {"type": "Feature", "geometry": {"type": "Point", "coordinates": [3.35014, 41.502102]}, "properties": {"var_data": [0.081, -0.243, 0.012, 0.022, 0.489, 0.0, 1, 1, 1, 1, 1]}}, {"type": "Feature", "geometry": {"type": "Point", "coordinates": [3.38548, 41.502102]}, "properties": {"var_data": [0.089, -0.248, 0.024, 0.034, 0.701, 0.001, 1, 1, 1, 1, 1]}}, {"type": "Feature", "geometry": {"type": "Point", "coordinates": [3.42082, 41.502102]}, "properties": {"var_data": [0.12, -0.213, 0.013, 0.007, 0.608, 0.0, 1, 1, 1, 1, 1]}}, {"type": "Feature", "geometry": {"type": "Point", "coordinates": [3.45616, 41.502102]}, "properties": {"var_data": [0.145, -0.154, 0.011, 0.005, 0.568, 0.0, 1, 1, 1, 1, 1]}}, {"type": "Feature", "geometry": {"type": "Point", "coordinates": [3.4915, 41.502102]}, "properties": {"var_data": [0.229, -0.103, 0.008, 0.004, 0.569, 0.0, 1, 1, 1, 1, 1]}}, {"type": "Feature", "geometry": {"type": "Point", "coordinates": [3.52684, 41.502102]}, "properties": {"var_data": [0.282, -0.04, 0.01, 0.011, 0.565, 0.0, 1, 1, 1, 1, 1]}}, {"type": "Feature", "geometry": {"type": "Point", "coordinates": [3.56218, 41.502102]}, "properties": {"var_data": [0.312, -0.025, 0.01, 0.011, 0.578, 0.0, 1, 1, 1, 1, 1]}}, {"type": "Feature", "geometry": {"type": "Point", "coordinates": [3.59752, 41.502102]}, "properties": {"var_data": [0.338, -0.033, 0.01, 0.012, 0.655, 0.0, 1, 1, 1, 1, 1]}}, {"type": "Feature", "geometry": {"type": "Point", "coordinates": [3.63286, 41.502102]}, "properties": {"var_data": [0.301, -0.073, 0.014, 0.017, 0.626, 0.0, 1, 1, 1, 1, 1]}}, {"type": "Feature", "geometry": {"type": "Point", "coordinates": [3.6682, 41.502102]}, "properties": {"var_data": [0.332, -0.028, 0.011, 0.008, 0.681, 0.0, 1, 1, 1, 1, 1]}}, {"type": "Feature", "geometry": {"type": "Point", "coordinates": [3.70354, 41.502102]}, "properties": {"var_data": [0.333, -0.009, 0.014, 0.009, 0.705, 0.0, 1, 1, 1, 1, 1]}}, {"type": "Feature", "geometry": {"type": "Point", "coordinates": [3.73888, 41.502102]}, "properties": {"var_data": [0.323, -0.007, 0.015, 0.017, 0.759, 0.0, 1, 1, 1, 1, 1]}}, {"type": "Feature", "geometry": {"type": "Point", "coordinates": [3.77422, 41.502102]}, "properties": {"var_data": [0.399, 0.218, 0.016, 0.017, 1.091, 0.0, 1, 1, 1, 1, 1]}}, {"type": "Feature", "geometry": {"type": "Point", "coordinates": [3.80956, 41.502102]}, "properties": {"var_data": [0.34, 0.179, 0.019, 0.03, 1.415, 0.0, 1, 1, 1, 1, 1]}}, {"type": "Feature", "geometry": {"type": "Point", "coordinates": [2.46664, 41.529099]}, "properties": {"var_data": [0.126, -0.063, 0.005, 0.003, 0.363, -0.0, 1, 1, 1, 1, 1]}}, {"type": "Feature", "geometry": {"type": "Point", "coordinates": [2.50198, 41.529099]}, "properties": {"var_data": [0.122, -0.069, 0.004, 0.003, 0.216, -0.0, 1, 1, 1, 1, 1]}}, {"type": "Feature", "geometry": {"type": "Point", "coordinates": [2.53732, 41.529099]}, "properties": {"var_data": [0.103, -0.068, 0.004, 0.003, 0.187, -0.0, 1, 1, 1, 1, 1]}}, {"type": "Feature", "geometry": {"type": "Point", "coordinates": [2.57266, 41.529099]}, "properties": {"var_data": [0.09, -0.071, 0.004, 0.003, 0.19, -0.0, 1, 1, 1, 1, 1]}}, {"type": "Feature", "geometry": {"type": "Point", "coordinates": [2.608, 41.529099]}, "properties": {"var_data": [0.07, -0.08, 0.004, 0.005, 0.199, 0.0, 1, 1, 1, 1, 1]}}, {"type": "Feature", "geometry": {"type": "Point", "coordinates": [2.64334, 41.529099]}, "properties": {"var_data": [0.045, -0.064, 0.004, 0.008, 0.228, -0.0, 1, 1, 1, 1, 1]}}, {"type": "Feature", "geometry": {"type": "Point", "coordinates": [2.67868, 41.529099]}, "properties": {"var_data": [0.021, -0.059, 0.005, 0.01, 0.256, -0.0, 1, 1, 1, 1, 1]}}, {"type": "Feature", "geometry": {"type": "Point", "coordinates": [2.71402, 41.529099]}, "properties": {"var_data": [0.003, -0.078, 0.005, 0.008, 0.276, -0.0, 1, 1, 1, 1, 1]}}, {"type": "Feature", "geometry": {"type": "Point", "coordinates": [2.74936, 41.529099]}, "properties": {"var_data": [0.015, -0.108, 0.005, 0.008, 0.32, -0.0, 1, 1, 1, 1, 1]}}, {"type": "Feature", "geometry": {"type": "Point", "coordinates": [2.7847, 41.529099]}, "properties": {"var_data": [0.034, -0.139, 0.005, 0.007, 0.326, -0.0, 1, 1, 1, 1, 1]}}, {"type": "Feature", "geometry": {"type": "Point", "coordinates": [2.82004, 41.529099]}, "properties": {"var_data": [0.066, -0.166, 0.004, 0.006, 0.356, -0.0, 1, 1, 1, 1, 1]}}, {"type": "Feature", "geometry": {"type": "Point", "coordinates": [2.85538, 41.529099]}, "properties": {"var_data": [0.053, -0.142, 0.006, 0.006, 0.341, -0.0, 1, 1, 1, 1, 1]}}, {"type": "Feature", "geometry": {"type": "Point", "coordinates": [2.89072, 41.529099]}, "properties": {"var_data": [0.058, -0.127, 0.005, 0.004, 0.325, -0.0, 1, 1, 1, 1, 1]}}, {"type": "Feature", "geometry": {"type": "Point", "coordinates": [2.92606, 41.529099]}, "properties": {"var_data": [0.065, -0.1, 0.003, 0.003, 0.331, -0.0, 1, 1, 1, 1, 1]}}, {"type": "Feature", "geometry": {"type": "Point", "coordinates": [2.9614, 41.529099]}, "properties": {"var_data": [0.071, -0.083, 0.004, 0.004, 0.344, -0.0, 1, 1, 1, 1, 1]}}, {"type": "Feature", "geometry": {"type": "Point", "coordinates": [2.99674, 41.529099]}, "properties": {"var_data": [0.07, -0.07, 0.004, 0.005, 0.416, -0.0, 1, 1, 1, 1, 1]}}, {"type": "Feature", "geometry": {"type": "Point", "coordinates": [3.03208, 41.529099]}, "properties": {"var_data": [0.067, -0.072, 0.006, 0.005, 0.521, 0.0, 1, 1, 1, 1, 1]}}, {"type": "Feature", "geometry": {"type": "Point", "coordinates": [3.06742, 41.529099]}, "properties": {"var_data": [0.048, -0.108, 0.009, 0.008, 0.486, 0.0, 1, 1, 1, 1, 1]}}, {"type": "Feature", "geometry": {"type": "Point", "coordinates": [3.10276, 41.529099]}, "properties": {"var_data": [0.075, -0.097, 0.008, 0.008, 0.426, 0.0, 1, 1, 1, 1, 1]}}, {"type": "Feature", "geometry": {"type": "Point", "coordinates": [3.1381, 41.529099]}, "properties": {"var_data": [0.078, -0.111, 0.008, 0.008, 0.381, 0.0, 1, 1, 1, 1, 1]}}, {"type": "Feature", "geometry": {"type": "Point", "coordinates": [3.17344, 41.529099]}, "properties": {"var_data": [0.068, -0.136, 0.012, 0.009, 0.396, 0.0, 1, 1, 1, 1, 1]}}, {"type": "Feature", "geometry": {"type": "Point", "coordinates": [3.20878, 41.529099]}, "properties": {"var_data": [0.056, -0.162, 0.015, 0.01, 0.49, 0.0, 1, 1, 1, 1, 1]}}, {"type": "Feature", "geometry": {"type": "Point", "coordinates": [3.24412, 41.529099]}, "properties": {"var_data": [0.039, -0.197, 0.022, 0.018, 0.45, 0.0, 1, 1, 1, 1, 1]}}, {"type": "Feature", "geometry": {"type": "Point", "coordinates": [3.27946, 41.529099]}, "properties": {"var_data": [0.055, -0.214, 0.011, 0.019, 0.47, 0.0, 1, 1, 1, 1, 1]}}, {"type": "Feature", "geometry": {"type": "Point", "coordinates": [3.3148, 41.529099]}, "properties": {"var_data": [0.077, -0.219, 0.011, 0.02, 0.525, 0.0, 1, 1, 1, 1, 1]}}, {"type": "Feature", "geometry": {"type": "Point", "coordinates": [3.35014, 41.529099]}, "properties": {"var_data": [0.091, -0.234, 0.011, 0.019, 0.507, 0.0, 1, 1, 1, 1, 1]}}, {"type": "Feature", "geometry": {"type": "Point", "coordinates": [3.38548, 41.529099]}, "properties": {"var_data": [0.088, -0.273, 0.018, 0.034, 0.676, 0.001, 1, 1, 1, 1, 1]}}, {"type": "Feature", "geometry": {"type": "Point", "coordinates": [3.42082, 41.529099]}, "properties": {"var_data": [0.106, -0.236, 0.011, 0.005, 0.572, 0.0, 1, 1, 1, 1, 1]}}, {"type": "Feature", "geometry": {"type": "Point", "coordinates": [3.45616, 41.529099]}, "properties": {"var_data": [0.082, -0.22, 0.014, 0.007, 0.623, 0.0, 1, 1, 1, 1, 1]}}, {"type": "Feature", "geometry": {"type": "Point", "coordinates": [3.4915, 41.529099]}, "properties": {"var_data": [0.2, -0.108, 0.013, 0.006, 0.668, 0.0, 1, 1, 1, 1, 1]}}, {"type": "Feature", "geometry": {"type": "Point", "coordinates": [3.52684, 41.529099]}, "properties": {"var_data": [0.235, -0.113, 0.008, 0.004, 0.549, 0.0, 1, 1, 1, 1, 1]}}, {"type": "Feature", "geometry": {"type": "Point", "coordinates": [3.56218, 41.529099]}, "properties": {"var_data": [0.311, -0.07, 0.01, 0.008, 0.611, 0.0, 1, 1, 1, 1, 1]}}, {"type": "Feature", "geometry": {"type": "Point", "coordinates": [3.59752, 41.529099]}, "properties": {"var_data": [0.309, -0.064, 0.014, 0.01, 0.625, 0.0, 1, 1, 1, 1, 1]}}, {"type": "Feature", "geometry": {"type": "Point", "coordinates": [3.63286, 41.529099]}, "properties": {"var_data": [0.317, -0.056, 0.01, 0.006, 0.566, 0.0, 1, 1, 1, 1, 1]}}, {"type": "Feature", "geometry": {"type": "Point", "coordinates": [3.6682, 41.529099]}, "properties": {"var_data": [0.322, -0.064, 0.011, 0.006, 0.664, 0.0, 1, 1, 1, 1, 1]}}, {"type": "Feature", "geometry": {"type": "Point", "coordinates": [3.70354, 41.529099]}, "properties": {"var_data": [0.322, -0.041, 0.015, 0.007, 0.658, 0.0, 1, 1, 1, 1, 1]}}, {"type": "Feature", "geometry": {"type": "Point", "coordinates": [3.73888, 41.529099]}, "properties": {"var_data": [0.334, -0.003, 0.013, 0.008, 0.757, 0.0, 1, 1, 1, 1, 1]}}, {"type": "Feature", "geometry": {"type": "Point", "coordinates": [3.77422, 41.529099]}, "properties": {"var_data": [0.373, 0.126, 0.02, 0.042, 1.126, 0.001, 1, 1, 1, 1, 1]}}, {"type": "Feature", "geometry": {"type": "Point", "coordinates": [3.80956, 41.529099]}, "properties": {"var_data": [0.332, 0.084, 0.012, 0.022, 1.002, 0.0, 1, 1, 1, 1, 1]}}, {"type": "Feature", "geometry": {"type": "Point", "coordinates": [3.8449, 41.529099]}, "properties": {"var_data": [0.303, 0.104, 0.016, 0.025, 1.001, 0.0, 1, 1, 1, 1, 1]}}, {"type": "Feature", "geometry": {"type": "Point", "coordinates": [2.53732, 41.556099]}, "properties": {"var_data": [0.105, -0.066, 0.004, 0.003, 0.213, -0.0, 1, 1, 1, 1, 1]}}, {"type": "Feature", "geometry": {"type": "Point", "coordinates": [2.57266, 41.556099]}, "properties": {"var_data": [0.101, -0.067, 0.004, 0.003, 0.214, -0.0, 1, 1, 1, 1, 1]}}, {"type": "Feature", "geometry": {"type": "Point", "coordinates": [2.608, 41.556099]}, "properties": {"var_data": [0.081, -0.078, 0.004, 0.006, 0.219, 0.0, 1, 1, 1, 1, 1]}}, {"type": "Feature", "geometry": {"type": "Point", "coordinates": [2.64334, 41.556099]}, "properties": {"var_data": [0.069, -0.063, 0.004, 0.008, 0.263, -0.0, 1, 1, 1, 1, 1]}}, {"type": "Feature", "geometry": {"type": "Point", "coordinates": [2.67868, 41.556099]}, "properties": {"var_data": [0.05, -0.053, 0.005, 0.011, 0.298, -0.0, 1, 1, 1, 1, 1]}}, {"type": "Feature", "geometry": {"type": "Point", "coordinates": [2.71402, 41.556099]}, "properties": {"var_data": [0.017, -0.072, 0.006, 0.011, 0.336, -0.0, 1, 1, 1, 1, 1]}}, {"type": "Feature", "geometry": {"type": "Point", "coordinates": [2.74936, 41.556099]}, "properties": {"var_data": [0.046, -0.122, 0.005, 0.008, 0.324, -0.0, 1, 1, 1, 1, 1]}}, {"type": "Feature", "geometry": {"type": "Point", "coordinates": [2.7847, 41.556099]}, "properties": {"var_data": [0.071, -0.165, 0.005, 0.006, 0.364, -0.0, 1, 1, 1, 1, 1]}}, {"type": "Feature", "geometry": {"type": "Point", "coordinates": [2.82004, 41.556099]}, "properties": {"var_data": [0.058, -0.165, 0.005, 0.005, 0.376, -0.0, 1, 1, 1, 1, 1]}}, {"type": "Feature", "geometry": {"type": "Point", "coordinates": [2.85538, 41.556099]}, "properties": {"var_data": [0.049, -0.15, 0.005, 0.004, 0.377, -0.0, 1, 1, 1, 1, 1]}}, {"type": "Feature", "geometry": {"type": "Point", "coordinates": [2.89072, 41.556099]}, "properties": {"var_data": [0.05, -0.135, 0.005, 0.003, 0.377, -0.0, 1, 1, 1, 1, 1]}}, {"type": "Feature", "geometry": {"type": "Point", "coordinates": [2.92606, 41.556099]}, "properties": {"var_data": [0.056, -0.099, 0.004, 0.003, 0.361, -0.0, 1, 1, 1, 1, 1]}}, {"type": "Feature", "geometry": {"type": "Point", "coordinates": [2.9614, 41.556099]}, "properties": {"var_data": [0.072, -0.073, 0.004, 0.003, 0.359, 0.0, 1, 1, 1, 1, 1]}}, {"type": "Feature", "geometry": {"type": "Point", "coordinates": [2.99674, 41.556099]}, "properties": {"var_data": [0.077, -0.063, 0.004, 0.004, 0.397, 0.0, 1, 1, 1, 1, 1]}}, {"type": "Feature", "geometry": {"type": "Point", "coordinates": [3.03208, 41.556099]}, "properties": {"var_data": [0.099, -0.046, 0.003, 0.005, 0.454, 0.0, 1, 1, 1, 1, 1]}}, {"type": "Feature", "geometry": {"type": "Point", "coordinates": [3.06742, 41.556099]}, "properties": {"var_data": [0.074, -0.084, 0.005, 0.009, 0.501, 0.0, 1, 1, 1, 1, 1]}}, {"type": "Feature", "geometry": {"type": "Point", "coordinates": [3.10276, 41.556099]}, "properties": {"var_data": [0.078, -0.104, 0.005, 0.01, 0.432, 0.0, 1, 1, 1, 1, 1]}}, {"type": "Feature", "geometry": {"type": "Point", "coordinates": [3.1381, 41.556099]}, "properties": {"var_data": [0.043, -0.136, 0.014, 0.014, 0.431, 0.0, 1, 1, 1, 1, 1]}}, {"type": "Feature", "geometry": {"type": "Point", "coordinates": [3.17344, 41.556099]}, "properties": {"var_data": [0.027, -0.162, 0.014, 0.018, 0.378, 0.0, 1, 1, 1, 1, 1]}}, {"type": "Feature", "geometry": {"type": "Point", "coordinates": [3.20878, 41.556099]}, "properties": {"var_data": [0.012, -0.186, 0.016, 0.025, 0.456, 0.0, 1, 1, 1, 1, 1]}}, {"type": "Feature", "geometry": {"type": "Point", "coordinates": [3.24412, 41.556099]}, "properties": {"var_data": [0.008, -0.207, 0.021, 0.02, 0.412, 0.0, 1, 1, 1, 1, 1]}}, {"type": "Feature", "geometry": {"type": "Point", "coordinates": [3.27946, 41.556099]}, "properties": {"var_data": [-0.001, -0.243, 0.012, 0.022, 0.454, 0.0, 1, 1, 1, 1, 1]}}, {"type": "Feature", "geometry": {"type": "Point", "coordinates": [3.3148, 41.556099]}, "properties": {"var_data": [0.009, -0.25, 0.013, 0.024, 0.505, 0.0, 1, 1, 1, 1, 1]}}, {"type": "Feature", "geometry": {"type": "Point", "coordinates": [3.35014, 41.556099]}, "properties": {"var_data": [0.035, -0.241, 0.008, 0.012, 0.469, 0.0, 1, 1, 1, 1, 1]}}, {"type": "Feature", "geometry": {"type": "Point", "coordinates": [3.38548, 41.556099]}, "properties": {"var_data": [0.076, -0.248, 0.009, 0.013, 0.612, 0.0, 1, 1, 1, 1, 1]}}, {"type": "Feature", "geometry": {"type": "Point", "coordinates": [3.42082, 41.556099]}, "properties": {"var_data": [0.107, -0.195, 0.015, 0.007, 0.58, 0.0, 1, 1, 1, 1, 1]}}, {"type": "Feature", "geometry": {"type": "Point", "coordinates": [3.45616, 41.556099]}, "properties": {"var_data": [0.101, -0.193, 0.014, 0.007, 0.661, 0.0, 1, 1, 1, 1, 1]}}, {"type": "Feature", "geometry": {"type": "Point", "coordinates": [3.4915, 41.556099]}, "properties": {"var_data": [0.194, -0.125, 0.013, 0.006, 0.655, 0.0, 1, 1, 1, 1, 1]}}, {"type": "Feature", "geometry": {"type": "Point", "coordinates": [3.52684, 41.556099]}, "properties": {"var_data": [0.173, -0.196, 0.012, 0.006, 0.651, 0.0, 1, 1, 1, 1, 1]}}, {"type": "Feature", "geometry": {"type": "Point", "coordinates": [3.56218, 41.556099]}, "properties": {"var_data": [0.278, -0.108, 0.026, 0.018, 0.708, 0.0, 1, 1, 1, 1, 1]}}, {"type": "Feature", "geometry": {"type": "Point", "coordinates": [3.59752, 41.556099]}, "properties": {"var_data": [0.278, -0.109, 0.013, 0.008, 0.653, 0.0, 1, 1, 1, 1, 1]}}, {"type": "Feature", "geometry": {"type": "Point", "coordinates": [3.63286, 41.556099]}, "properties": {"var_data": [0.343, -0.067, 0.009, 0.006, 0.605, 0.0, 1, 1, 1, 1, 1]}}, {"type": "Feature", "geometry": {"type": "Point", "coordinates": [3.6682, 41.556099]}, "properties": {"var_data": [0.353, -0.028, 0.01, 0.006, 0.624, 0.0, 1, 1, 1, 1, 1]}}, {"type": "Feature", "geometry": {"type": "Point", "coordinates": [3.70354, 41.556099]}, "properties": {"var_data": [0.353, -0.031, 0.01, 0.006, 0.596, 0.0, 1, 1, 1, 1, 1]}}, {"type": "Feature", "geometry": {"type": "Point", "coordinates": [3.73888, 41.556099]}, "properties": {"var_data": [0.345, -0.036, 0.008, 0.005, 0.635, 0.0, 1, 1, 1, 1, 1]}}, {"type": "Feature", "geometry": {"type": "Point", "coordinates": [3.77422, 41.556099]}, "properties": {"var_data": [0.354, 0.044, 0.013, 0.034, 0.928, 0.0, 1, 1, 1, 1, 1]}}, {"type": "Feature", "geometry": {"type": "Point", "coordinates": [3.80956, 41.556099]}, "properties": {"var_data": [0.307, 0.002, 0.012, 0.027, 0.919, 0.0, 1, 1, 1, 1, 1]}}, {"type": "Feature", "geometry": {"type": "Point", "coordinates": [3.8449, 41.556099]}, "properties": {"var_data": [0.286, 0.018, 0.013, 0.031, 1.077, 0.0, 1, 1, 1, 1, 1]}}, {"type": "Feature", "geometry": {"type": "Point", "coordinates": [3.88024, 41.556099]}, "properties": {"var_data": [0.254, 0.069, 0.023, 0.036, 1.152, 0.001, 1, 1, 1, 1, 1]}}, {"type": "Feature", "geometry": {"type": "Point", "coordinates": [2.608, 41.583099]}, "properties": {"var_data": [0.089, -0.08, 0.005, 0.008, 0.307, 0.0, 1, 1, 1, 1, 1]}}, {"type": "Feature", "geometry": {"type": "Point", "coordinates": [2.64334, 41.583099]}, "properties": {"var_data": [0.086, -0.067, 0.005, 0.011, 0.382, -0.0, 1, 1, 1, 1, 1]}}, {"type": "Feature", "geometry": {"type": "Point", "coordinates": [2.67868, 41.583099]}, "properties": {"var_data": [0.062, -0.053, 0.005, 0.011, 0.381, -0.0, 1, 1, 1, 1, 1]}}, {"type": "Feature", "geometry": {"type": "Point", "coordinates": [2.71402, 41.583099]}, "properties": {"var_data": [0.059, -0.077, 0.011, 0.02, 0.391, -0.0, 1, 1, 1, 1, 1]}}, {"type": "Feature", "geometry": {"type": "Point", "coordinates": [2.74936, 41.583099]}, "properties": {"var_data": [0.077, -0.127, 0.008, 0.011, 0.44, -0.0, 1, 1, 1, 1, 1]}}, {"type": "Feature", "geometry": {"type": "Point", "coordinates": [2.7847, 41.583099]}, "properties": {"var_data": [0.098, -0.166, 0.007, 0.009, 0.449, -0.0, 1, 1, 1, 1, 1]}}, {"type": "Feature", "geometry": {"type": "Point", "coordinates": [2.82004, 41.583099]}, "properties": {"var_data": [0.109, -0.177, 0.005, 0.004, 0.372, -0.0, 1, 1, 1, 1, 1]}}, {"type": "Feature", "geometry": {"type": "Point", "coordinates": [2.85538, 41.583099]}, "properties": {"var_data": [0.064, -0.128, 0.005, 0.003, 0.363, -0.0, 1, 1, 1, 1, 1]}}, {"type": "Feature", "geometry": {"type": "Point", "coordinates": [2.89072, 41.583099]}, "properties": {"var_data": [0.039, -0.081, 0.005, 0.003, 0.317, -0.0, 1, 1, 1, 1, 1]}}, {"type": "Feature", "geometry": {"type": "Point", "coordinates": [2.92606, 41.583099]}, "properties": {"var_data": [0.049, -0.043, 0.004, 0.003, 0.308, -0.0, 1, 1, 1, 1, 1]}}, {"type": "Feature", "geometry": {"type": "Point", "coordinates": [2.9614, 41.583099]}, "properties": {"var_data": [0.068, -0.032, 0.004, 0.003, 0.319, 0.0, 1, 1, 1, 1, 1]}}, {"type": "Feature", "geometry": {"type": "Point", "coordinates": [2.99674, 41.583099]}, "properties": {"var_data": [0.102, -0.032, 0.003, 0.004, 0.425, 0.0, 1, 1, 1, 1, 1]}}, {"type": "Feature", "geometry": {"type": "Point", "coordinates": [3.03208, 41.583099]}, "properties": {"var_data": [0.112, -0.024, 0.003, 0.006, 0.459, 0.0, 1, 1, 1, 1, 1]}}, {"type": "Feature", "geometry": {"type": "Point", "coordinates": [3.06742, 41.583099]}, "properties": {"var_data": [0.043, -0.102, 0.005, 0.009, 0.468, 0.0, 1, 1, 1, 1, 1]}}, {"type": "Feature", "geometry": {"type": "Point", "coordinates": [3.10276, 41.583099]}, "properties": {"var_data": [0.041, -0.111, 0.005, 0.01, 0.427, 0.0, 1, 1, 1, 1, 1]}}, {"type": "Feature", "geometry": {"type": "Point", "coordinates": [3.1381, 41.583099]}, "properties": {"var_data": [0.035, -0.127, 0.014, 0.019, 0.453, 0.0, 1, 1, 1, 1, 1]}}, {"type": "Feature", "geometry": {"type": "Point", "coordinates": [3.17344, 41.583099]}, "properties": {"var_data": [-0.001, -0.164, 0.013, 0.019, 0.375, 0.0, 1, 1, 1, 1, 1]}}, {"type": "Feature", "geometry": {"type": "Point", "coordinates": [3.20878, 41.583099]}, "properties": {"var_data": [-0.03, -0.2, 0.019, 0.028, 0.451, 0.0, 1, 1, 1, 1, 1]}}, {"type": "Feature", "geometry": {"type": "Point", "coordinates": [3.24412, 41.583099]}, "properties": {"var_data": [-0.036, -0.22, 0.019, 0.02, 0.392, 0.0, 1, 1, 1, 1, 1]}}, {"type": "Feature", "geometry": {"type": "Point", "coordinates": [3.27946, 41.583099]}, "properties": {"var_data": [-0.05, -0.225, 0.008, 0.022, 0.421, 0.0, 1, 1, 1, 1, 1]}}, {"type": "Feature", "geometry": {"type": "Point", "coordinates": [3.3148, 41.583099]}, "properties": {"var_data": [-0.022, -0.233, 0.005, 0.011, 0.431, 0.0, 1, 1, 1, 1, 1]}}, {"type": "Feature", "geometry": {"type": "Point", "coordinates": [3.35014, 41.583099]}, "properties": {"var_data": [-0.001, -0.236, 0.005, 0.011, 0.461, 0.0, 1, 1, 1, 1, 1]}}, {"type": "Feature", "geometry": {"type": "Point", "coordinates": [3.38548, 41.583099]}, "properties": {"var_data": [0.029, -0.205, 0.008, 0.013, 0.558, 0.0, 1, 1, 1, 1, 1]}}, {"type": "Feature", "geometry": {"type": "Point", "coordinates": [3.42082, 41.583099]}, "properties": {"var_data": [0.124, -0.136, 0.023, 0.015, 0.604, 0.0, 1, 1, 1, 1, 1]}}, {"type": "Feature", "geometry": {"type": "Point", "coordinates": [3.45616, 41.583099]}, "properties": {"var_data": [0.132, -0.114, 0.017, 0.008, 0.722, 0.0, 1, 1, 1, 1, 1]}}, {"type": "Feature", "geometry": {"type": "Point", "coordinates": [3.4915, 41.583099]}, "properties": {"var_data": [0.196, -0.12, 0.013, 0.007, 0.732, 0.0, 1, 1, 1, 1, 1]}}, {"type": "Feature", "geometry": {"type": "Point", "coordinates": [3.52684, 41.583099]}, "properties": {"var_data": [0.188, -0.18, 0.018, 0.013, 0.747, 0.0, 1, 1, 1, 1, 1]}}, {"type": "Feature", "geometry": {"type": "Point", "coordinates": [3.56218, 41.583099]}, "properties": {"var_data": [0.303, -0.146, 0.02, 0.014, 0.861, 0.0, 1, 1, 1, 1, 1]}}, {"type": "Feature", "geometry": {"type": "Point", "coordinates": [3.59752, 41.583099]}, "properties": {"var_data": [0.322, -0.117, 0.016, 0.012, 0.726, 0.0, 1, 1, 1, 1, 1]}}, {"type": "Feature", "geometry": {"type": "Point", "coordinates": [3.63286, 41.583099]}, "properties": {"var_data": [0.335, -0.042, 0.009, 0.006, 0.628, 0.0, 1, 1, 1, 1, 1]}}, {"type": "Feature", "geometry": {"type": "Point", "coordinates": [3.6682, 41.583099]}, "properties": {"var_data": [0.371, 0.039, 0.009, 0.005, 0.692, 0.0, 1, 1, 1, 1, 1]}}, {"type": "Feature", "geometry": {"type": "Point", "coordinates": [3.70354, 41.583099]}, "properties": {"var_data": [0.37, 0.024, 0.01, 0.006, 0.694, 0.0, 1, 1, 1, 1, 1]}}, {"type": "Feature", "geometry": {"type": "Point", "coordinates": [3.73888, 41.583099]}, "properties": {"var_data": [0.372, 0.025, 0.012, 0.015, 0.938, 0.0, 1, 1, 1, 1, 1]}}, {"type": "Feature", "geometry": {"type": "Point", "coordinates": [3.77422, 41.583099]}, "properties": {"var_data": [0.354, -0.012, 0.015, 0.042, 1.051, 0.0, 1, 1, 1, 1, 1]}}, {"type": "Feature", "geometry": {"type": "Point", "coordinates": [3.80956, 41.583099]}, "properties": {"var_data": [0.324, 0.02, 0.015, 0.039, 1.066, 0.0, 1, 1, 1, 1, 1]}}, {"type": "Feature", "geometry": {"type": "Point", "coordinates": [3.8449, 41.583099]}, "properties": {"var_data": [0.288, -0.004, 0.01, 0.026, 1.059, 0.0, 1, 1, 1, 1, 1]}}, {"type": "Feature", "geometry": {"type": "Point", "coordinates": [3.88024, 41.583099]}, "properties": {"var_data": [0.209, -0.021, 0.023, 0.035, 1.096, 0.001, 1, 1, 1, 1, 1]}}, {"type": "Feature", "geometry": {"type": "Point", "coordinates": [3.91558, 41.583099]}, "properties": {"var_data": [0.243, 0.105, 0.019, 0.034, 1.285, 0.001, 1, 1, 1, 1, 1]}}, {"type": "Feature", "geometry": {"type": "Point", "coordinates": [3.95092, 41.583099]}, "properties": {"var_data": [0.248, 0.179, 0.02, 0.034, 1.377, 0.001, 1, 0, 1, 1, 1]}}, {"type": "Feature", "geometry": {"type": "Point", "coordinates": [2.67868, 41.6101]}, "properties": {"var_data": [0.078, -0.04, 0.007, 0.015, 0.671, -0.0, 1, 1, 1, 1, 1]}}, {"type": "Feature", "geometry": {"type": "Point", "coordinates": [2.71402, 41.6101]}, "properties": {"var_data": [0.053, -0.027, 0.022, 0.034, 0.657, -0.001, 1, 1, 1, 1, 1]}}, {"type": "Feature", "geometry": {"type": "Point", "coordinates": [2.74936, 41.6101]}, "properties": {"var_data": [0.096, -0.115, 0.009, 0.013, 0.551, -0.0, 1, 1, 1, 1, 1]}}, {"type": "Feature", "geometry": {"type": "Point", "coordinates": [2.7847, 41.6101]}, "properties": {"var_data": [0.097, -0.135, 0.005, 0.005, 0.459, -0.0, 1, 1, 1, 1, 1]}}, {"type": "Feature", "geometry": {"type": "Point", "coordinates": [2.82004, 41.6101]}, "properties": {"var_data": [0.113, -0.143, 0.005, 0.004, 0.389, -0.0, 1, 1, 1, 1, 1]}}, {"type": "Feature", "geometry": {"type": "Point", "coordinates": [2.85538, 41.6101]}, "properties": {"var_data": [-0.007, -0.049, 0.005, 0.004, 0.365, -0.0, 1, 1, 1, 1, 1]}}, {"type": "Feature", "geometry": {"type": "Point", "coordinates": [2.89072, 41.6101]}, "properties": {"var_data": [-0.008, -0.017, 0.007, 0.003, 0.327, -0.0, 1, 1, 1, 1, 1]}}, {"type": "Feature", "geometry": {"type": "Point", "coordinates": [2.92606, 41.6101]}, "properties": {"var_data": [0.036, 0.002, 0.004, 0.002, 0.282, -0.0, 1, 1, 1, 1, 1]}}, {"type": "Feature", "geometry": {"type": "Point", "coordinates": [2.9614, 41.6101]}, "properties": {"var_data": [0.077, 0.003, 0.004, 0.003, 0.318, 0.0, 1, 1, 1, 1, 1]}}, {"type": "Feature", "geometry": {"type": "Point", "coordinates": [2.99674, 41.6101]}, "properties": {"var_data": [0.091, -0.004, 0.003, 0.005, 0.357, 0.0, 1, 1, 1, 1, 1]}}, {"type": "Feature", "geometry": {"type": "Point", "coordinates": [3.03208, 41.6101]}, "properties": {"var_data": [0.097, -0.006, 0.005, 0.007, 0.461, 0.0, 1, 1, 1, 1, 1]}}, {"type": "Feature", "geometry": {"type": "Point", "coordinates": [3.06742, 41.6101]}, "properties": {"var_data": [0.011, -0.112, 0.005, 0.01, 0.469, 0.0, 1, 1, 1, 1, 1]}}, {"type": "Feature", "geometry": {"type": "Point", "coordinates": [3.10276, 41.6101]}, "properties": {"var_data": [0.005, -0.121, 0.005, 0.012, 0.43, 0.0, 1, 1, 1, 1, 1]}}, {"type": "Feature", "geometry": {"type": "Point", "coordinates": [3.1381, 41.6101]}, "properties": {"var_data": [0.007, -0.121, 0.012, 0.021, 0.45, 0.0, 1, 1, 1, 1, 1]}}, {"type": "Feature", "geometry": {"type": "Point", "coordinates": [3.17344, 41.6101]}, "properties": {"var_data": [-0.032, -0.178, 0.012, 0.023, 0.378, 0.0, 1, 1, 1, 1, 1]}}, {"type": "Feature", "geometry": {"type": "Point", "coordinates": [3.20878, 41.6101]}, "properties": {"var_data": [-0.055, -0.205, 0.014, 0.028, 0.413, 0.0, 1, 1, 1, 1, 1]}}, {"type": "Feature", "geometry": {"type": "Point", "coordinates": [3.24412, 41.6101]}, "properties": {"var_data": [-0.063, -0.201, 0.012, 0.024, 0.365, 0.0, 1, 1, 1, 1, 1]}}, {"type": "Feature", "geometry": {"type": "Point", "coordinates": [3.27946, 41.6101]}, "properties": {"var_data": [-0.069, -0.193, 0.009, 0.027, 0.394, 0.0, 1, 1, 1, 1, 1]}}, {"type": "Feature", "geometry": {"type": "Point", "coordinates": [3.3148, 41.6101]}, "properties": {"var_data": [-0.055, -0.212, 0.005, 0.012, 0.414, 0.0, 1, 1, 1, 1, 1]}}, {"type": "Feature", "geometry": {"type": "Point", "coordinates": [3.35014, 41.6101]}, "properties": {"var_data": [-0.039, -0.189, 0.005, 0.011, 0.431, 0.0, 1, 1, 1, 1, 1]}}, {"type": "Feature", "geometry": {"type": "Point", "coordinates": [3.38548, 41.6101]}, "properties": {"var_data": [-0.017, -0.163, 0.005, 0.012, 0.54, 0.0, 1, 1, 1, 1, 1]}}, {"type": "Feature", "geometry": {"type": "Point", "coordinates": [3.42082, 41.6101]}, "properties": {"var_data": [0.098, -0.111, 0.022, 0.014, 0.547, 0.0, 1, 1, 1, 1, 1]}}, {"type": "Feature", "geometry": {"type": "Point", "coordinates": [3.45616, 41.6101]}, "properties": {"var_data": [0.135, -0.045, 0.036, 0.035, 0.851, 0.001, 1, 1, 1, 1, 1]}}, {"type": "Feature", "geometry": {"type": "Point", "coordinates": [3.4915, 41.6101]}, "properties": {"var_data": [0.178, -0.059, 0.107, 0.06, 1.23, 0.006, 1, 1, 1, 1, 1]}}, {"type": "Feature", "geometry": {"type": "Point", "coordinates": [3.52684, 41.6101]}, "properties": {"var_data": [0.249, -0.068, 0.059, 0.041, 0.961, 0.002, 1, 1, 1, 1, 1]}}, {"type": "Feature", "geometry": {"type": "Point", "coordinates": [3.56218, 41.6101]}, "properties": {"var_data": [0.285, -0.161, 0.024, 0.017, 1.06, 0.0, 1, 1, 1, 1, 1]}}, {"type": "Feature", "geometry": {"type": "Point", "coordinates": [3.59752, 41.6101]}, "properties": {"var_data": [0.317, -0.021, 0.018, 0.013, 0.714, 0.0, 1, 1, 1, 1, 1]}}, {"type": "Feature", "geometry": {"type": "Point", "coordinates": [3.63286, 41.6101]}, "properties": {"var_data": [0.39, 0.145, 0.01, 0.007, 0.765, 0.0, 1, 1, 1, 1, 1]}}, {"type": "Feature", "geometry": {"type": "Point", "coordinates": [3.6682, 41.6101]}, "properties": {"var_data": [0.405, 0.151, 0.01, 0.006, 0.694, 0.0, 1, 1, 1, 1, 1]}}, {"type": "Feature", "geometry": {"type": "Point", "coordinates": [3.70354, 41.6101]}, "properties": {"var_data": [0.396, 0.104, 0.01, 0.006, 0.731, 0.0, 1, 1, 1, 1, 1]}}, {"type": "Feature", "geometry": {"type": "Point", "coordinates": [3.73888, 41.6101]}, "properties": {"var_data": [0.363, 0.029, 0.011, 0.014, 0.832, 0.0, 1, 1, 1, 1, 1]}}, {"type": "Feature", "geometry": {"type": "Point", "coordinates": [3.77422, 41.6101]}, "properties": {"var_data": [0.339, 0.012, 0.013, 0.033, 0.841, 0.0, 1, 1, 1, 1, 1]}}, {"type": "Feature", "geometry": {"type": "Point", "coordinates": [3.80956, 41.6101]}, "properties": {"var_data": [0.268, -0.068, 0.01, 0.029, 0.848, 0.0, 1, 1, 1, 1, 1]}}, {"type": "Feature", "geometry": {"type": "Point", "coordinates": [3.8449, 41.6101]}, "properties": {"var_data": [0.225, -0.121, 0.011, 0.034, 0.948, 0.0, 1, 1, 1, 1, 1]}}, {"type": "Feature", "geometry": {"type": "Point", "coordinates": [3.88024, 41.6101]}, "properties": {"var_data": [0.237, 0.036, 0.011, 0.025, 1.175, 0.0, 1, 1, 1, 1, 1]}}, {"type": "Feature", "geometry": {"type": "Point", "coordinates": [3.91558, 41.6101]}, "properties": {"var_data": [0.228, 0.06, 0.011, 0.024, 1.122, 0.0, 1, 0, 1, 1, 1]}}, {"type": "Feature", "geometry": {"type": "Point", "coordinates": [3.95092, 41.6101]}, "properties": {"var_data": [0.247, 0.155, 0.02, 0.035, 1.393, 0.001, 1, 0, 1, 1, 1]}}, {"type": "Feature", "geometry": {"type": "Point", "coordinates": [3.98626, 41.6101]}, "properties": {"var_data": [0.262, 0.223, 0.026, 0.042, 1.768, 0.001, 1, 0, 1, 1, 1]}}, {"type": "Feature", "geometry": {"type": "Point", "coordinates": [2.74936, 41.6371]}, "properties": {"var_data": [0.168, -0.18, 0.013, 0.018, 0.927, -0.0, 1, 1, 1, 1, 1]}}, {"type": "Feature", "geometry": {"type": "Point", "coordinates": [2.7847, 41.6371]}, "properties": {"var_data": [0.131, -0.147, 0.01, 0.014, 0.575, -0.0, 1, 1, 1, 1, 1]}}, {"type": "Feature", "geometry": {"type": "Point", "coordinates": [2.82004, 41.6371]}, "properties": {"var_data": [0.108, -0.112, 0.005, 0.004, 0.438, -0.0, 1, 1, 1, 1, 1]}}, {"type": "Feature", "geometry": {"type": "Point", "coordinates": [2.85538, 41.6371]}, "properties": {"var_data": [-0.022, 0.001, 0.005, 0.003, 0.312, -0.0, 1, 1, 1, 1, 1]}}, {"type": "Feature", "geometry": {"type": "Point", "coordinates": [2.89072, 41.6371]}, "properties": {"var_data": [-0.028, 0.029, 0.005, 0.002, 0.257, -0.0, 1, 1, 1, 1, 1]}}, {"type": "Feature", "geometry": {"type": "Point", "coordinates": [2.92606, 41.6371]}, "properties": {"var_data": [0.037, 0.027, 0.004, 0.002, 0.258, 0.0, 1, 1, 1, 1, 1]}}, {"type": "Feature", "geometry": {"type": "Point", "coordinates": [2.9614, 41.6371]}, "properties": {"var_data": [0.103, 0.064, 0.006, 0.004, 0.305, 0.0, 1, 1, 1, 1, 1]}}, {"type": "Feature", "geometry": {"type": "Point", "coordinates": [2.99674, 41.6371]}, "properties": {"var_data": [0.099, 0.05, 0.007, 0.006, 0.362, 0.0, 1, 1, 1, 1, 1]}}, {"type": "Feature", "geometry": {"type": "Point", "coordinates": [3.03208, 41.6371]}, "properties": {"var_data": [0.067, -0.01, 0.004, 0.008, 0.497, 0.0, 1, 1, 1, 1, 1]}}, {"type": "Feature", "geometry": {"type": "Point", "coordinates": [3.06742, 41.6371]}, "properties": {"var_data": [0.031, -0.065, 0.005, 0.011, 0.468, 0.0, 1, 1, 1, 1, 1]}}, {"type": "Feature", "geometry": {"type": "Point", "coordinates": [3.10276, 41.6371]}, "properties": {"var_data": [-0.012, -0.121, 0.005, 0.013, 0.494, 0.0, 1, 1, 1, 1, 1]}}, {"type": "Feature", "geometry": {"type": "Point", "coordinates": [3.1381, 41.6371]}, "properties": {"var_data": [-0.03, -0.138, 0.01, 0.027, 0.538, 0.0, 1, 1, 1, 1, 1]}}, {"type": "Feature", "geometry": {"type": "Point", "coordinates": [3.17344, 41.6371]}, "properties": {"var_data": [-0.059, -0.174, 0.009, 0.026, 0.394, 0.0, 1, 1, 1, 1, 1]}}, {"type": "Feature", "geometry": {"type": "Point", "coordinates": [3.20878, 41.6371]}, "properties": {"var_data": [-0.073, -0.193, 0.009, 0.028, 0.399, 0.0, 1, 1, 1, 1, 1]}}, {"type": "Feature", "geometry": {"type": "Point", "coordinates": [3.24412, 41.6371]}, "properties": {"var_data": [-0.069, -0.188, 0.01, 0.023, 0.35, 0.0, 1, 1, 1, 1, 1]}}, {"type": "Feature", "geometry": {"type": "Point", "coordinates": [3.27946, 41.6371]}, "properties": {"var_data": [-0.074, -0.172, 0.007, 0.023, 0.36, 0.0, 1, 1, 1, 1, 1]}}, {"type": "Feature", "geometry": {"type": "Point", "coordinates": [3.3148, 41.6371]}, "properties": {"var_data": [-0.067, -0.16, 0.008, 0.025, 0.373, 0.0, 1, 1, 1, 1, 1]}}, {"type": "Feature", "geometry": {"type": "Point", "coordinates": [3.35014, 41.6371]}, "properties": {"var_data": [-0.073, -0.166, 0.004, 0.009, 0.377, 0.0, 1, 1, 1, 1, 1]}}, {"type": "Feature", "geometry": {"type": "Point", "coordinates": [3.38548, 41.6371]}, "properties": {"var_data": [-0.03, -0.157, 0.004, 0.009, 0.445, 0.0, 1, 1, 1, 1, 1]}}, {"type": "Feature", "geometry": {"type": "Point", "coordinates": [3.42082, 41.6371]}, "properties": {"var_data": [0.003, -0.118, 0.011, 0.011, 0.457, 0.0, 1, 1, 1, 1, 1]}}, {"type": "Feature", "geometry": {"type": "Point", "coordinates": [3.45616, 41.6371]}, "properties": {"var_data": [0.032, -0.063, 0.023, 0.021, 0.629, 0.0, 1, 1, 1, 1, 1]}}, {"type": "Feature", "geometry": {"type": "Point", "coordinates": [3.4915, 41.6371]}, "properties": {"var_data": [0.103, -0.067, 0.036, 0.011, 0.669, 0.0, 1, 1, 1, 1, 1]}}, {"type": "Feature", "geometry": {"type": "Point", "coordinates": [3.52684, 41.6371]}, "properties": {"var_data": [0.102, -0.093, 0.037, 0.011, 0.745, 0.0, 1, 1, 1, 1, 1]}}, {"type": "Feature", "geometry": {"type": "Point", "coordinates": [3.56218, 41.6371]}, "properties": {"var_data": [0.286, -0.066, 0.02, 0.019, 0.708, 0.0, 1, 1, 1, 1, 1]}}, {"type": "Feature", "geometry": {"type": "Point", "coordinates": [3.59752, 41.6371]}, "properties": {"var_data": [0.3, -0.01, 0.019, 0.02, 0.771, 0.0, 1, 1, 1, 1, 1]}}, {"type": "Feature", "geometry": {"type": "Point", "coordinates": [3.63286, 41.6371]}, "properties": {"var_data": [0.379, 0.119, 0.016, 0.019, 0.764, 0.0, 1, 1, 1, 1, 1]}}, {"type": "Feature", "geometry": {"type": "Point", "coordinates": [3.6682, 41.6371]}, "properties": {"var_data": [0.428, 0.25, 0.015, 0.018, 0.767, 0.0, 1, 1, 1, 1, 1]}}, {"type": "Feature", "geometry": {"type": "Point", "coordinates": [3.70354, 41.6371]}, "properties": {"var_data": [0.41, 0.166, 0.017, 0.019, 0.808, 0.0, 1, 1, 1, 1, 1]}}, {"type": "Feature", "geometry": {"type": "Point", "coordinates": [3.73888, 41.6371]}, "properties": {"var_data": [0.388, 0.123, 0.018, 0.036, 0.851, 0.001, 1, 1, 1, 1, 1]}}, {"type": "Feature", "geometry": {"type": "Point", "coordinates": [3.77422, 41.6371]}, "properties": {"var_data": [0.35, 0.042, 0.021, 0.036, 0.872, 0.001, 1, 1, 1, 1, 1]}}, {"type": "Feature", "geometry": {"type": "Point", "coordinates": [3.80956, 41.6371]}, "properties": {"var_data": [0.259, -0.061, 0.012, 0.028, 0.983, 0.0, 1, 1, 1, 1, 1]}}, {"type": "Feature", "geometry": {"type": "Point", "coordinates": [3.8449, 41.6371]}, "properties": {"var_data": [0.237, -0.043, 0.013, 0.034, 1.167, 0.0, 1, 1, 1, 1, 1]}}, {"type": "Feature", "geometry": {"type": "Point", "coordinates": [3.88024, 41.6371]}, "properties": {"var_data": [0.231, -0.017, 0.012, 0.036, 1.185, 0.0, 1, 0, 1, 1, 1]}}, {"type": "Feature", "geometry": {"type": "Point", "coordinates": [3.91558, 41.6371]}, "properties": {"var_data": [0.213, 0.001, 0.012, 0.038, 1.3, 0.0, 1, 0, 1, 1, 1]}}, {"type": "Feature", "geometry": {"type": "Point", "coordinates": [3.95092, 41.6371]}, "properties": {"var_data": [0.246, 0.153, 0.027, 0.058, 1.986, 0.001, 1, 0, 1, 1, 1]}}, {"type": "Feature", "geometry": {"type": "Point", "coordinates": [3.98626, 41.6371]}, "properties": {"var_data": [0.235, 0.163, 0.027, 0.059, 1.976, 0.001, 1, 0, 1, 1, 1]}}, {"type": "Feature", "geometry": {"type": "Point", "coordinates": [4.0216, 41.6371]}, "properties": {"var_data": [0.237, 0.201, 0.138, 0.251, 2.631, 0.034, 4, 0, 4, 1, 1]}}, {"type": "Feature", "geometry": {"type": "Point", "coordinates": [2.82004, 41.664101]}, "properties": {"var_data": [-0.012, -0.0, 0.007, 0.007, 0.524, -0.0, 1, 1, 1, 1, 1]}}, {"type": "Feature", "geometry": {"type": "Point", "coordinates": [2.85538, 41.664101]}, "properties": {"var_data": [-0.039, 0.033, 0.004, 0.003, 0.292, -0.0, 1, 1, 1, 1, 1]}}, {"type": "Feature", "geometry": {"type": "Point", "coordinates": [2.89072, 41.664101]}, "properties": {"var_data": [-0.0, 0.024, 0.003, 0.002, 0.218, -0.0, 1, 1, 1, 1, 1]}}, {"type": "Feature", "geometry": {"type": "Point", "coordinates": [2.92606, 41.664101]}, "properties": {"var_data": [0.055, 0.039, 0.002, 0.002, 0.209, 0.0, 1, 1, 1, 1, 1]}}, {"type": "Feature", "geometry": {"type": "Point", "coordinates": [2.9614, 41.664101]}, "properties": {"var_data": [0.112, 0.076, 0.002, 0.003, 0.246, 0.0, 1, 1, 1, 1, 1]}}, {"type": "Feature", "geometry": {"type": "Point", "coordinates": [2.99674, 41.664101]}, "properties": {"var_data": [0.102, 0.061, 0.002, 0.005, 0.354, 0.0, 1, 1, 1, 1, 1]}}, {"type": "Feature", "geometry": {"type": "Point", "coordinates": [3.03208, 41.664101]}, "properties": {"var_data": [0.076, 0.028, 0.008, 0.016, 0.561, 0.0, 1, 1, 1, 1, 1]}}, {"type": "Feature", "geometry": {"type": "Point", "coordinates": [3.06742, 41.664101]}, "properties": {"var_data": [0.032, -0.03, 0.006, 0.02, 0.767, 0.0, 1, 1, 1, 1, 1]}}, {"type": "Feature", "geometry": {"type": "Point", "coordinates": [3.10276, 41.664101]}, "properties": {"var_data": [-0.006, -0.069, 0.006, 0.022, 0.533, 0.0, 1, 1, 1, 1, 1]}}, {"type": "Feature", "geometry": {"type": "Point", "coordinates": [3.1381, 41.664101]}, "properties": {"var_data": [-0.013, -0.064, 0.006, 0.025, 0.547, 0.0, 1, 1, 1, 1, 1]}}, {"type": "Feature", "geometry": {"type": "Point", "coordinates": [3.17344, 41.664101]}, "properties": {"var_data": [-0.048, -0.154, 0.006, 0.024, 0.383, 0.0, 1, 1, 1, 1, 1]}}, {"type": "Feature", "geometry": {"type": "Point", "coordinates": [3.20878, 41.664101]}, "properties": {"var_data": [-0.068, -0.19, 0.008, 0.029, 0.413, 0.0, 1, 1, 1, 1, 1]}}, {"type": "Feature", "geometry": {"type": "Point", "coordinates": [3.24412, 41.664101]}, "properties": {"var_data": [-0.063, -0.157, 0.006, 0.022, 0.346, 0.0, 1, 1, 1, 1, 1]}}, {"type": "Feature", "geometry": {"type": "Point", "coordinates": [3.27946, 41.664101]}, "properties": {"var_data": [-0.067, -0.119, 0.005, 0.019, 0.351, 0.0, 1, 1, 1, 1, 1]}}, {"type": "Feature", "geometry": {"type": "Point", "coordinates": [3.3148, 41.664101]}, "properties": {"var_data": [-0.064, -0.102, 0.003, 0.002, 0.365, 0.0, 1, 1, 1, 1, 1]}}, {"type": "Feature", "geometry": {"type": "Point", "coordinates": [3.35014, 41.664101]}, "properties": {"var_data": [-0.064, -0.108, 0.003, 0.002, 0.358, 0.0, 1, 1, 1, 1, 1]}}, {"type": "Feature", "geometry": {"type": "Point", "coordinates": [3.38548, 41.664101]}, "properties": {"var_data": [-0.049, -0.15, 0.006, 0.002, 0.417, 0.0, 1, 1, 1, 1, 1]}}, {"type": "Feature", "geometry": {"type": "Point", "coordinates": [3.42082, 41.664101]}, "properties": {"var_data": [-0.029, -0.128, 0.004, 0.002, 0.416, 0.0, 1, 1, 1, 1, 1]}}, {"type": "Feature", "geometry": {"type": "Point", "coordinates": [3.45616, 41.664101]}, "properties": {"var_data": [-0.019, -0.148, 0.004, 0.004, 0.511, 0.0, 1, 1, 1, 1, 1]}}, {"type": "Feature", "geometry": {"type": "Point", "coordinates": [3.4915, 41.664101]}, "properties": {"var_data": [0.104, -0.138, 0.037, 0.011, 0.679, 0.0, 1, 1, 1, 1, 1]}}, {"type": "Feature", "geometry": {"type": "Point", "coordinates": [3.52684, 41.664101]}, "properties": {"var_data": [0.124, -0.11, 0.011, 0.006, 0.678, 0.0, 1, 1, 1, 1, 1]}}, {"type": "Feature", "geometry": {"type": "Point", "coordinates": [3.56218, 41.664101]}, "properties": {"var_data": [0.166, -0.054, 0.011, 0.006, 0.643, 0.0, 1, 1, 1, 1, 1]}}, {"type": "Feature", "geometry": {"type": "Point", "coordinates": [3.59752, 41.664101]}, "properties": {"var_data": [0.243, -0.022, 0.027, 0.015, 0.707, 0.0, 1, 1, 1, 1, 1]}}, {"type": "Feature", "geometry": {"type": "Point", "coordinates": [3.63286, 41.664101]}, "properties": {"var_data": [0.354, 0.064, 0.024, 0.02, 0.715, 0.0, 1, 1, 1, 1, 1]}}, {"type": "Feature", "geometry": {"type": "Point", "coordinates": [3.6682, 41.664101]}, "properties": {"var_data": [0.389, 0.139, 0.008, 0.014, 0.677, 0.0, 1, 1, 1, 1, 1]}}, {"type": "Feature", "geometry": {"type": "Point", "coordinates": [3.70354, 41.664101]}, "properties": {"var_data": [0.422, 0.186, 0.008, 0.018, 0.836, 0.0, 1, 1, 1, 1, 1]}}, {"type": "Feature", "geometry": {"type": "Point", "coordinates": [3.73888, 41.664101]}, "properties": {"var_data": [0.382, 0.126, 0.007, 0.025, 0.766, 0.0, 1, 1, 1, 1, 1]}}, {"type": "Feature", "geometry": {"type": "Point", "coordinates": [3.77422, 41.664101]}, "properties": {"var_data": [0.339, 0.083, 0.012, 0.025, 0.873, 0.0, 1, 1, 1, 1, 1]}}, {"type": "Feature", "geometry": {"type": "Point", "coordinates": [3.80956, 41.664101]}, "properties": {"var_data": [0.32, 0.082, 0.005, 0.021, 0.933, 0.0, 1, 1, 1, 1, 1]}}, {"type": "Feature", "geometry": {"type": "Point", "coordinates": [3.8449, 41.664101]}, "properties": {"var_data": [0.261, 0.0, 0.005, 0.021, 0.976, 0.0, 1, 1, 1, 1, 1]}}, {"type": "Feature", "geometry": {"type": "Point", "coordinates": [3.88024, 41.664101]}, "properties": {"var_data": [0.268, 0.04, 0.005, 0.027, 1.024, 0.0, 1, 1, 1, 1, 1]}}, {"type": "Feature", "geometry": {"type": "Point", "coordinates": [3.91558, 41.664101]}, "properties": {"var_data": [0.215, 0.005, 0.021, 0.046, 1.441, 0.001, 1, 1, 1, 1, 1]}}, {"type": "Feature", "geometry": {"type": "Point", "coordinates": [3.95092, 41.664101]}, "properties": {"var_data": [0.252, 0.132, 0.022, 0.048, 1.573, 0.001, 1, 1, 1, 1, 1]}}, {"type": "Feature", "geometry": {"type": "Point", "coordinates": [3.98626, 41.664101]}, "properties": {"var_data": [0.245, 0.165, 0.027, 0.058, 2.004, 0.001, 4, 0, 4, 1, 1]}}, {"type": "Feature", "geometry": {"type": "Point", "coordinates": [2.85538, 41.691101]}, "properties": {"var_data": [-0.041, 0.036, 0.006, 0.003, 0.32, -0.0, 1, 1, 1, 1, 1]}}, {"type": "Feature", "geometry": {"type": "Point", "coordinates": [2.89072, 41.691101]}, "properties": {"var_data": [0.032, 0.023, 0.002, 0.002, 0.222, 0.0, 1, 1, 1, 1, 1]}}, {"type": "Feature", "geometry": {"type": "Point", "coordinates": [2.92606, 41.691101]}, "properties": {"var_data": [0.066, 0.045, 0.002, 0.003, 0.205, 0.0, 1, 1, 1, 1, 1]}}, {"type": "Feature", "geometry": {"type": "Point", "coordinates": [2.9614, 41.691101]}, "properties": {"var_data": [0.097, 0.065, 0.002, 0.003, 0.245, 0.0, 1, 1, 1, 1, 1]}}, {"type": "Feature", "geometry": {"type": "Point", "coordinates": [2.99674, 41.691101]}, "properties": {"var_data": [0.102, 0.063, 0.002, 0.005, 0.336, 0.0, 1, 0, 1, 1, 1]}}, {"type": "Feature", "geometry": {"type": "Point", "coordinates": [3.10276, 41.691101]}, "properties": {"var_data": [0.018, -0.035, 0.006, 0.024, 0.647, 0.0, 1, 1, 1, 1, 1]}}, {"type": "Feature", "geometry": {"type": "Point", "coordinates": [3.1381, 41.691101]}, "properties": {"var_data": [-0.026, -0.097, 0.005, 0.027, 0.505, 0.0, 1, 1, 1, 1, 1]}}, {"type": "Feature", "geometry": {"type": "Point", "coordinates": [3.17344, 41.691101]}, "properties": {"var_data": [-0.055, -0.17, 0.005, 0.027, 0.399, 0.0, 1, 1, 1, 1, 1]}}, {"type": "Feature", "geometry": {"type": "Point", "coordinates": [3.20878, 41.691101]}, "properties": {"var_data": [-0.055, -0.187, 0.006, 0.025, 0.385, 0.0, 1, 1, 1, 1, 1]}}, {"type": "Feature", "geometry": {"type": "Point", "coordinates": [3.24412, 41.691101]}, "properties": {"var_data": [-0.057, -0.171, 0.005, 0.022, 0.348, 0.0, 1, 1, 1, 1, 1]}}, {"type": "Feature", "geometry": {"type": "Point", "coordinates": [3.27946, 41.691101]}, "properties": {"var_data": [-0.055, -0.133, 0.005, 0.022, 0.345, 0.0, 1, 1, 1, 1, 1]}}, {"type": "Feature", "geometry": {"type": "Point", "coordinates": [3.3148, 41.691101]}, "properties": {"var_data": [-0.062, -0.126, 0.005, 0.002, 0.351, 0.0, 1, 1, 1, 1, 1]}}, {"type": "Feature", "geometry": {"type": "Point", "coordinates": [3.35014, 41.691101]}, "properties": {"var_data": [-0.058, -0.084, 0.005, 0.002, 0.346, 0.0, 1, 1, 1, 1, 1]}}, {"type": "Feature", "geometry": {"type": "Point", "coordinates": [3.38548, 41.691101]}, "properties": {"var_data": [-0.06, -0.095, 0.004, 0.002, 0.362, 0.0, 1, 1, 1, 1, 1]}}, {"type": "Feature", "geometry": {"type": "Point", "coordinates": [3.42082, 41.691101]}, "properties": {"var_data": [-0.072, -0.123, 0.004, 0.002, 0.391, 0.0, 1, 1, 1, 1, 1]}}, {"type": "Feature", "geometry": {"type": "Point", "coordinates": [3.45616, 41.691101]}, "properties": {"var_data": [-0.046, -0.181, 0.004, 0.004, 0.458, 0.0, 1, 1, 1, 1, 1]}}, {"type": "Feature", "geometry": {"type": "Point", "coordinates": [3.4915, 41.691101]}, "properties": {"var_data": [-0.036, -0.16, 0.004, 0.004, 0.514, 0.0, 1, 1, 1, 1, 1]}}, {"type": "Feature", "geometry": {"type": "Point", "coordinates": [3.52684, 41.691101]}, "properties": {"var_data": [0.059, -0.11, 0.005, 0.004, 0.559, 0.0, 1, 1, 1, 1, 1]}}, {"type": "Feature", "geometry": {"type": "Point", "coordinates": [3.56218, 41.691101]}, "properties": {"var_data": [0.143, -0.104, 0.005, 0.004, 0.609, 0.0, 1, 1, 1, 1, 1]}}, {"type": "Feature", "geometry": {"type": "Point", "coordinates": [3.59752, 41.691101]}, "properties": {"var_data": [0.158, 0.008, 0.006, 0.007, 0.663, 0.0, 1, 1, 1, 1, 1]}}, {"type": "Feature", "geometry": {"type": "Point", "coordinates": [3.63286, 41.691101]}, "properties": {"var_data": [0.316, 0.083, 0.012, 0.013, 0.647, 0.0, 1, 1, 1, 1, 1]}}, {"type": "Feature", "geometry": {"type": "Point", "coordinates": [3.6682, 41.691101]}, "properties": {"var_data": [0.364, 0.072, 0.008, 0.014, 0.783, 0.0, 1, 1, 1, 1, 1]}}, {"type": "Feature", "geometry": {"type": "Point", "coordinates": [3.70354, 41.691101]}, "properties": {"var_data": [0.419, 0.234, 0.007, 0.018, 0.822, 0.0, 1, 1, 1, 1, 1]}}, {"type": "Feature", "geometry": {"type": "Point", "coordinates": [3.73888, 41.691101]}, "properties": {"var_data": [0.409, 0.241, 0.007, 0.017, 0.827, 0.0, 1, 1, 1, 1, 1]}}, {"type": "Feature", "geometry": {"type": "Point", "coordinates": [3.77422, 41.691101]}, "properties": {"var_data": [0.345, 0.124, 0.005, 0.021, 0.907, 0.0, 1, 1, 1, 1, 1]}}, {"type": "Feature", "geometry": {"type": "Point", "coordinates": [3.80956, 41.691101]}, "properties": {"var_data": [0.313, 0.087, 0.005, 0.021, 1.051, 0.0, 1, 1, 1, 1, 1]}}, {"type": "Feature", "geometry": {"type": "Point", "coordinates": [3.8449, 41.691101]}, "properties": {"var_data": [0.304, 0.103, 0.005, 0.023, 1.198, 0.0, 1, 0, 1, 1, 1]}}, {"type": "Feature", "geometry": {"type": "Point", "coordinates": [3.88024, 41.691101]}, "properties": {"var_data": [0.304, 0.137, 0.006, 0.027, 1.403, 0.0, 1, 1, 1, 1, 1]}}, {"type": "Feature", "geometry": {"type": "Point", "coordinates": [3.91558, 41.691101]}, "properties": {"var_data": [0.298, 0.148, 0.025, 0.054, 1.668, 0.001, 1, 1, 1, 1, 1]}}, {"type": "Feature", "geometry": {"type": "Point", "coordinates": [3.95092, 41.691101]}, "properties": {"var_data": [0.257, 0.118, 0.033, 0.07, 2.293, 0.002, 4, 1, 4, 1, 1]}}, {"type": "Feature", "geometry": {"type": "Point", "coordinates": [4.05694, 41.691101]}, "properties": {"var_data": [0.109, -0.089, 0.091, 0.221, 2.731, 0.02, 4, 0, 4, 1, 1]}}, {"type": "Feature", "geometry": {"type": "Point", "coordinates": [2.99674, 41.718102]}, "properties": {"var_data": [0.108, 0.064, 0.002, 0.006, 0.347, 0.0, 1, 0, 1, 1, 1]}}, {"type": "Feature", "geometry": {"type": "Point", "coordinates": [3.10276, 41.718102]}, "properties": {"var_data": [0.057, -0.062, 0.004, 0.022, 0.539, 0.0, 1, 1, 1, 1, 1]}}, {"type": "Feature", "geometry": {"type": "Point", "coordinates": [3.1381, 41.718102]}, "properties": {"var_data": [0.003, -0.077, 0.005, 0.028, 0.518, 0.0, 1, 1, 1, 1, 1]}}, {"type": "Feature", "geometry": {"type": "Point", "coordinates": [3.17344, 41.718102]}, "properties": {"var_data": [-0.008, -0.165, 0.004, 0.023, 0.378, 0.0, 1, 1, 1, 1, 1]}}, {"type": "Feature", "geometry": {"type": "Point", "coordinates": [3.20878, 41.718102]}, "properties": {"var_data": [-0.029, -0.172, 0.005, 0.024, 0.374, 0.0, 1, 1, 1, 1, 1]}}, {"type": "Feature", "geometry": {"type": "Point", "coordinates": [3.24412, 41.718102]}, "properties": {"var_data": [-0.048, -0.203, 0.005, 0.019, 0.364, 0.0, 1, 1, 1, 1, 1]}}, {"type": "Feature", "geometry": {"type": "Point", "coordinates": [3.27946, 41.718102]}, "properties": {"var_data": [-0.041, -0.135, 0.005, 0.017, 0.357, 0.0, 1, 1, 1, 1, 1]}}, {"type": "Feature", "geometry": {"type": "Point", "coordinates": [3.3148, 41.718102]}, "properties": {"var_data": [-0.055, -0.047, 0.006, 0.002, 0.339, 0.0, 1, 1, 1, 1, 1]}}, {"type": "Feature", "geometry": {"type": "Point", "coordinates": [3.35014, 41.718102]}, "properties": {"var_data": [-0.067, -0.031, 0.004, 0.002, 0.332, 0.0, 1, 1, 1, 1, 1]}}, {"type": "Feature", "geometry": {"type": "Point", "coordinates": [3.38548, 41.718102]}, "properties": {"var_data": [-0.08, -0.053, 0.003, 0.002, 0.349, 0.0, 1, 1, 1, 1, 1]}}, {"type": "Feature", "geometry": {"type": "Point", "coordinates": [3.42082, 41.718102]}, "properties": {"var_data": [-0.072, -0.123, 0.004, 0.002, 0.407, 0.0, 1, 1, 1, 1, 1]}}, {"type": "Feature", "geometry": {"type": "Point", "coordinates": [3.45616, 41.718102]}, "properties": {"var_data": [-0.093, -0.143, 0.004, 0.005, 0.429, 0.0, 1, 1, 1, 1, 1]}}, {"type": "Feature", "geometry": {"type": "Point", "coordinates": [3.4915, 41.718102]}, "properties": {"var_data": [-0.046, -0.107, 0.004, 0.004, 0.439, 0.0, 1, 1, 1, 1, 1]}}, {"type": "Feature", "geometry": {"type": "Point", "coordinates": [3.52684, 41.718102]}, "properties": {"var_data": [-0.026, -0.127, 0.004, 0.004, 0.477, 0.0, 1, 1, 1, 1, 1]}}, {"type": "Feature", "geometry": {"type": "Point", "coordinates": [3.56218, 41.718102]}, "properties": {"var_data": [0.026, -0.113, 0.004, 0.004, 0.48, 0.0, 1, 1, 1, 1, 1]}}, {"type": "Feature", "geometry": {"type": "Point", "coordinates": [3.59752, 41.718102]}, "properties": {"var_data": [0.032, -0.125, 0.005, 0.007, 0.643, 0.0, 1, 1, 1, 1, 1]}}, {"type": "Feature", "geometry": {"type": "Point", "coordinates": [3.63286, 41.718102]}, "properties": {"var_data": [0.198, 0.012, 0.008, 0.01, 0.659, 0.0, 1, 1, 1, 1, 1]}}, {"type": "Feature", "geometry": {"type": "Point", "coordinates": [3.6682, 41.718102]}, "properties": {"var_data": [0.379, 0.259, 0.009, 0.019, 0.894, 0.0, 1, 1, 1, 1, 1]}}, {"type": "Feature", "geometry": {"type": "Point", "coordinates": [3.70354, 41.718102]}, "properties": {"var_data": [0.371, 0.238, 0.008, 0.018, 0.827, 0.0, 1, 1, 1, 1, 1]}}, {"type": "Feature", "geometry": {"type": "Point", "coordinates": [3.73888, 41.718102]}, "properties": {"var_data": [0.374, 0.193, 0.007, 0.017, 0.838, 0.0, 1, 1, 1, 1, 1]}}, {"type": "Feature", "geometry": {"type": "Point", "coordinates": [3.77422, 41.718102]}, "properties": {"var_data": [0.308, 0.103, 0.005, 0.021, 0.859, 0.0, 1, 1, 1, 1, 1]}}, {"type": "Feature", "geometry": {"type": "Point", "coordinates": [3.80956, 41.718102]}, "properties": {"var_data": [0.28, 0.093, 0.005, 0.024, 1.033, 0.0, 1, 1, 1, 1, 1]}}, {"type": "Feature", "geometry": {"type": "Point", "coordinates": [3.8449, 41.718102]}, "properties": {"var_data": [0.262, 0.059, 0.006, 0.023, 1.039, 0.0, 1, 1, 1, 1, 1]}}, {"type": "Feature", "geometry": {"type": "Point", "coordinates": [3.88024, 41.718102]}, "properties": {"var_data": [0.223, -0.027, 0.006, 0.029, 1.243, 0.0, 1, 1, 1, 1, 1]}}, {"type": "Feature", "geometry": {"type": "Point", "coordinates": [3.91558, 41.718102]}, "properties": {"var_data": [0.181, -0.056, 0.024, 0.056, 1.556, 0.001, 1, 1, 1, 1, 1]}}, {"type": "Feature", "geometry": {"type": "Point", "coordinates": [3.95092, 41.718102]}, "properties": {"var_data": [0.131, -0.16, 0.031, 0.07, 1.791, 0.002, 1, 1, 1, 1, 1]}}, {"type": "Feature", "geometry": {"type": "Point", "coordinates": [4.0216, 41.718102]}, "properties": {"var_data": [0.154, -0.024, 0.06, 0.132, 2.086, 0.008, 4, 1, 4, 1, 1]}}, {"type": "Feature", "geometry": {"type": "Point", "coordinates": [4.05694, 41.718102]}, "properties": {"var_data": [0.149, -0.022, 0.066, 0.16, 2.044, 0.01, 4, 1, 4, 1, 1]}}, {"type": "Feature", "geometry": {"type": "Point", "coordinates": [4.09228, 41.718102]}, "properties": {"var_data": [0.143, -0.088, 0.131, 0.344, 2.663, 0.045, 4, 1, 4, 1, 1]}}, {"type": "Feature", "geometry": {"type": "Point", "coordinates": [3.10276, 41.745098]}, "properties": {"var_data": [0.131, -0.122, 0.004, 0.012, 0.552, -0.0, 1, 1, 1, 1, 1]}}, {"type": "Feature", "geometry": {"type": "Point", "coordinates": [3.1381, 41.745098]}, "properties": {"var_data": [0.086, -0.119, 0.004, 0.02, 0.483, -0.0, 1, 1, 1, 1, 1]}}, {"type": "Feature", "geometry": {"type": "Point", "coordinates": [3.17344, 41.745098]}, "properties": {"var_data": [0.05, -0.164, 0.007, 0.023, 0.398, -0.0, 1, 1, 1, 1, 1]}}, {"type": "Feature", "geometry": {"type": "Point", "coordinates": [3.20878, 41.745098]}, "properties": {"var_data": [0.035, -0.163, 0.008, 0.024, 0.372, -0.0, 1, 1, 1, 1, 1]}}, {"type": "Feature", "geometry": {"type": "Point", "coordinates": [3.24412, 41.745098]}, "properties": {"var_data": [0.011, -0.195, 0.005, 0.019, 0.402, -0.0, 1, 1, 1, 1, 1]}}, {"type": "Feature", "geometry": {"type": "Point", "coordinates": [3.27946, 41.745098]}, "properties": {"var_data": [-0.019, -0.112, 0.006, 0.006, 0.378, 0.0, 1, 1, 1, 1, 1]}}, {"type": "Feature", "geometry": {"type": "Point", "coordinates": [3.3148, 41.745098]}, "properties": {"var_data": [-0.06, 0.019, 0.005, 0.004, 0.322, 0.0, 1, 1, 1, 1, 1]}}, {"type": "Feature", "geometry": {"type": "Point", "coordinates": [3.35014, 41.745098]}, "properties": {"var_data": [-0.078, 0.018, 0.004, 0.002, 0.33, 0.0, 1, 1, 1, 1, 1]}}, {"type": "Feature", "geometry": {"type": "Point", "coordinates": [3.38548, 41.745098]}, "properties": {"var_data": [-0.095, -0.006, 0.004, 0.002, 0.36, 0.0, 1, 1, 1, 1, 1]}}, {"type": "Feature", "geometry": {"type": "Point", "coordinates": [3.42082, 41.745098]}, "properties": {"var_data": [-0.126, -0.031, 0.004, 0.005, 0.425, 0.0, 1, 1, 1, 1, 1]}}, {"type": "Feature", "geometry": {"type": "Point", "coordinates": [3.45616, 41.745098]}, "properties": {"var_data": [-0.163, -0.15, 0.004, 0.005, 0.461, 0.0, 1, 1, 1, 1, 1]}}, {"type": "Feature", "geometry": {"type": "Point", "coordinates": [3.4915, 41.745098]}, "properties": {"var_data": [-0.13, -0.137, 0.004, 0.005, 0.489, 0.0, 1, 1, 1, 1, 1]}}, {"type": "Feature", "geometry": {"type": "Point", "coordinates": [3.52684, 41.745098]}, "properties": {"var_data": [-0.118, -0.159, 0.005, 0.006, 0.491, 0.0, 1, 1, 1, 1, 1]}}, {"type": "Feature", "geometry": {"type": "Point", "coordinates": [3.56218, 41.745098]}, "properties": {"var_data": [-0.08, -0.165, 0.005, 0.006, 0.481, 0.0, 1, 1, 1, 1, 1]}}, {"type": "Feature", "geometry": {"type": "Point", "coordinates": [3.59752, 41.745098]}, "properties": {"var_data": [-0.047, -0.174, 0.005, 0.007, 0.628, 0.0, 1, 1, 1, 1, 1]}}, {"type": "Feature", "geometry": {"type": "Point", "coordinates": [3.63286, 41.745098]}, "properties": {"var_data": [0.121, -0.032, 0.005, 0.008, 0.654, 0.0, 1, 1, 1, 1, 1]}}, {"type": "Feature", "geometry": {"type": "Point", "coordinates": [3.6682, 41.745098]}, "properties": {"var_data": [0.347, 0.357, 0.033, 0.049, 0.929, 0.002, 1, 1, 1, 1, 1]}}, {"type": "Feature", "geometry": {"type": "Point", "coordinates": [3.70354, 41.745098]}, "properties": {"var_data": [0.352, 0.308, 0.008, 0.018, 0.826, 0.0, 1, 1, 1, 1, 1]}}, {"type": "Feature", "geometry": {"type": "Point", "coordinates": [3.73888, 41.745098]}, "properties": {"var_data": [0.32, 0.191, 0.007, 0.018, 0.835, 0.0, 1, 1, 1, 1, 1]}}, {"type": "Feature", "geometry": {"type": "Point", "coordinates": [3.77422, 41.745098]}, "properties": {"var_data": [0.286, 0.107, 0.012, 0.03, 0.848, 0.0, 1, 1, 1, 1, 1]}}, {"type": "Feature", "geometry": {"type": "Point", "coordinates": [3.80956, 41.745098]}, "properties": {"var_data": [0.234, 0.052, 0.006, 0.024, 0.959, 0.0, 1, 1, 1, 1, 1]}}, {"type": "Feature", "geometry": {"type": "Point", "coordinates": [3.8449, 41.745098]}, "properties": {"var_data": [0.238, 0.06, 0.006, 0.025, 1.153, 0.0, 1, 1, 1, 1, 1]}}, {"type": "Feature", "geometry": {"type": "Point", "coordinates": [3.88024, 41.745098]}, "properties": {"var_data": [0.189, 0.001, 0.023, 0.06, 1.195, 0.001, 1, 1, 1, 1, 1]}}, {"type": "Feature", "geometry": {"type": "Point", "coordinates": [3.91558, 41.745098]}, "properties": {"var_data": [0.124, -0.178, 0.032, 0.079, 1.819, 0.002, 1, 1, 1, 1, 1]}}, {"type": "Feature", "geometry": {"type": "Point", "coordinates": [3.95092, 41.745098]}, "properties": {"var_data": [0.025, -0.396, 0.068, 0.149, 2.256, 0.01, 4, 1, 4, 1, 1]}}, {"type": "Feature", "geometry": {"type": "Point", "coordinates": [3.98626, 41.745098]}, "properties": {"var_data": [0.13, -0.115, 0.049, 0.11, 2.096, 0.005, 4, 1, 4, 1, 1]}}, {"type": "Feature", "geometry": {"type": "Point", "coordinates": [4.0216, 41.745098]}, "properties": {"var_data": [0.129, -0.104, 0.055, 0.134, 1.882, 0.007, 1, 1, 1, 1, 1]}}, {"type": "Feature", "geometry": {"type": "Point", "coordinates": [4.05694, 41.745098]}, "properties": {"var_data": [0.129, -0.104, 0.055, 0.134, 1.882, 0.007, 1, 1, 1, 1, 1]}}, {"type": "Feature", "geometry": {"type": "Point", "coordinates": [4.09228, 41.745098]}, "properties": {"var_data": [0.167, -0.014, 0.069, 0.175, 2.063, 0.012, 4, 1, 4, 1, 1]}}, {"type": "Feature", "geometry": {"type": "Point", "coordinates": [3.1381, 41.772099]}, "properties": {"var_data": [0.121, -0.138, 0.011, 0.024, 0.506, -0.0, 1, 1, 1, 1, 1]}}, {"type": "Feature", "geometry": {"type": "Point", "coordinates": [3.17344, 41.772099]}, "properties": {"var_data": [0.108, -0.165, 0.009, 0.025, 0.419, -0.0, 1, 1, 1, 1, 1]}}, {"type": "Feature", "geometry": {"type": "Point", "coordinates": [3.20878, 41.772099]}, "properties": {"var_data": [0.118, -0.159, 0.009, 0.024, 0.414, -0.0, 1, 1, 1, 1, 1]}}, {"type": "Feature", "geometry": {"type": "Point", "coordinates": [3.24412, 41.772099]}, "properties": {"var_data": [0.053, -0.102, 0.013, 0.008, 0.38, 0.0, 1, 1, 1, 1, 1]}}, {"type": "Feature", "geometry": {"type": "Point", "coordinates": [3.27946, 41.772099]}, "properties": {"var_data": [-0.056, 0.002, 0.009, 0.005, 0.349, 0.0, 1, 1, 1, 1, 1]}}, {"type": "Feature", "geometry": {"type": "Point", "coordinates": [3.3148, 41.772099]}, "properties": {"var_data": [-0.074, 0.078, 0.007, 0.004, 0.339, 0.0, 1, 1, 1, 1, 1]}}, {"type": "Feature", "geometry": {"type": "Point", "coordinates": [3.35014, 41.772099]}, "properties": {"var_data": [-0.078, 0.082, 0.006, 0.004, 0.338, 0.0, 1, 1, 1, 1, 1]}}, {"type": "Feature", "geometry": {"type": "Point", "coordinates": [3.38548, 41.772099]}, "properties": {"var_data": [-0.095, 0.066, 0.005, 0.004, 0.351, 0.0, 1, 1, 1, 1, 1]}}, {"type": "Feature", "geometry": {"type": "Point", "coordinates": [3.42082, 41.772099]}, "properties": {"var_data": [-0.127, 0.025, 0.005, 0.004, 0.405, 0.0, 1, 1, 1, 1, 1]}}, {"type": "Feature", "geometry": {"type": "Point", "coordinates": [3.45616, 41.772099]}, "properties": {"var_data": [-0.127, -0.039, 0.005, 0.005, 0.422, 0.0, 1, 1, 1, 1, 1]}}, {"type": "Feature", "geometry": {"type": "Point", "coordinates": [3.4915, 41.772099]}, "properties": {"var_data": [-0.158, -0.119, 0.006, 0.006, 0.505, 0.0, 1, 1, 1, 1, 1]}}, {"type": "Feature", "geometry": {"type": "Point", "coordinates": [3.52684, 41.772099]}, "properties": {"var_data": [-0.109, -0.129, 0.005, 0.006, 0.48, 0.0, 1, 1, 1, 1, 1]}}, {"type": "Feature", "geometry": {"type": "Point", "coordinates": [3.56218, 41.772099]}, "properties": {"var_data": [-0.086, -0.161, 0.005, 0.007, 0.527, 0.0, 1, 1, 1, 1, 1]}}, {"type": "Feature", "geometry": {"type": "Point", "coordinates": [3.59752, 41.772099]}, "properties": {"var_data": [-0.062, -0.172, 0.005, 0.007, 0.61, 0.0, 1, 1, 1, 1, 1]}}, {"type": "Feature", "geometry": {"type": "Point", "coordinates": [3.63286, 41.772099]}, "properties": {"var_data": [0.016, -0.115, 0.008, 0.014, 0.667, 0.0, 1, 1, 1, 1, 1]}}, {"type": "Feature", "geometry": {"type": "Point", "coordinates": [3.6682, 41.772099]}, "properties": {"var_data": [0.204, 0.249, 0.012, 0.02, 0.959, 0.0, 1, 1, 1, 1, 1]}}, {"type": "Feature", "geometry": {"type": "Point", "coordinates": [3.70354, 41.772099]}, "properties": {"var_data": [0.285, 0.383, 0.023, 0.049, 1.108, 0.001, 1, 1, 1, 1, 1]}}, {"type": "Feature", "geometry": {"type": "Point", "coordinates": [3.73888, 41.772099]}, "properties": {"var_data": [0.228, 0.174, 0.021, 0.052, 0.91, 0.001, 1, 1, 1, 1, 1]}}, {"type": "Feature", "geometry": {"type": "Point", "coordinates": [3.77422, 41.772099]}, "properties": {"var_data": [0.222, 0.084, 0.021, 0.051, 0.85, 0.001, 1, 1, 1, 1, 1]}}, {"type": "Feature", "geometry": {"type": "Point", "coordinates": [3.80956, 41.772099]}, "properties": {"var_data": [0.216, 0.081, 0.021, 0.054, 0.939, 0.001, 1, 1, 1, 1, 1]}}, {"type": "Feature", "geometry": {"type": "Point", "coordinates": [3.8449, 41.772099]}, "properties": {"var_data": [0.117, -0.097, 0.041, 0.09, 1.054, 0.003, 1, 1, 1, 1, 1]}}, {"type": "Feature", "geometry": {"type": "Point", "coordinates": [3.88024, 41.772099]}, "properties": {"var_data": [0.106, -0.129, 0.052, 0.125, 1.459, 0.006, 1, 1, 1, 1, 1]}}, {"type": "Feature", "geometry": {"type": "Point", "coordinates": [3.91558, 41.772099]}, "properties": {"var_data": [0.024, -0.344, 0.108, 0.29, 2.541, 0.031, 4, 0, 4, 1, 1]}}, {"type": "Feature", "geometry": {"type": "Point", "coordinates": [3.95092, 41.772099]}, "properties": {"var_data": [0.023, -0.35, 0.098, 0.263, 1.795, 0.025, 1, 0, 1, 1, 1]}}, {"type": "Feature", "geometry": {"type": "Point", "coordinates": [3.98626, 41.772099]}, "properties": {"var_data": [0.059, -0.241, 0.052, 0.126, 1.39, 0.006, 1, 0, 1, 1, 1]}}, {"type": "Feature", "geometry": {"type": "Point", "coordinates": [4.0216, 41.772099]}, "properties": {"var_data": [0.108, -0.125, 0.056, 0.134, 2.011, 0.007, 4, 1, 4, 1, 1]}}, {"type": "Feature", "geometry": {"type": "Point", "coordinates": [4.05694, 41.772099]}, "properties": {"var_data": [0.129, -0.104, 0.055, 0.134, 1.882, 0.007, 1, 1, 1, 1, 1]}}, {"type": "Feature", "geometry": {"type": "Point", "coordinates": [4.09228, 41.772099]}, "properties": {"var_data": [0.121, -0.112, 0.055, 0.134, 2.012, 0.007, 4, 1, 4, 1, 1]}}, {"type": "Feature", "geometry": {"type": "Point", "coordinates": [3.17344, 41.799099]}, "properties": {"var_data": [0.125, -0.119, 0.015, 0.032, 0.462, -0.0, 1, 1, 1, 1, 1]}}, {"type": "Feature", "geometry": {"type": "Point", "coordinates": [3.20878, 41.799099]}, "properties": {"var_data": [0.157, -0.115, 0.013, 0.028, 0.447, -0.0, 1, 1, 1, 1, 1]}}, {"type": "Feature", "geometry": {"type": "Point", "coordinates": [3.24412, 41.799099]}, "properties": {"var_data": [-0.009, 0.044, 0.008, 0.005, 0.343, 0.0, 1, 1, 1, 1, 1]}}, {"type": "Feature", "geometry": {"type": "Point", "coordinates": [3.27946, 41.799099]}, "properties": {"var_data": [-0.071, 0.084, 0.008, 0.005, 0.321, 0.0, 1, 1, 1, 1, 1]}}, {"type": "Feature", "geometry": {"type": "Point", "coordinates": [3.3148, 41.799099]}, "properties": {"var_data": [-0.099, 0.087, 0.007, 0.004, 0.315, 0.0, 1, 1, 1, 1, 1]}}, {"type": "Feature", "geometry": {"type": "Point", "coordinates": [3.35014, 41.799099]}, "properties": {"var_data": [-0.102, 0.098, 0.007, 0.004, 0.314, 0.0, 1, 1, 1, 1, 1]}}, {"type": "Feature", "geometry": {"type": "Point", "coordinates": [3.38548, 41.799099]}, "properties": {"var_data": [-0.119, 0.063, 0.005, 0.004, 0.337, 0.0, 1, 1, 1, 1, 1]}}, {"type": "Feature", "geometry": {"type": "Point", "coordinates": [3.42082, 41.799099]}, "properties": {"var_data": [-0.126, 0.039, 0.007, 0.005, 0.384, 0.0, 1, 1, 1, 1, 1]}}, {"type": "Feature", "geometry": {"type": "Point", "coordinates": [3.45616, 41.799099]}, "properties": {"var_data": [-0.121, 0.005, 0.007, 0.006, 0.439, 0.0, 1, 1, 1, 1, 1]}}, {"type": "Feature", "geometry": {"type": "Point", "coordinates": [3.4915, 41.799099]}, "properties": {"var_data": [-0.103, -0.011, 0.006, 0.006, 0.436, 0.0, 1, 1, 1, 1, 1]}}, {"type": "Feature", "geometry": {"type": "Point", "coordinates": [3.52684, 41.799099]}, "properties": {"var_data": [-0.084, -0.101, 0.01, 0.009, 0.428, 0.0, 1, 1, 1, 1, 1]}}, {"type": "Feature", "geometry": {"type": "Point", "coordinates": [3.56218, 41.799099]}, "properties": {"var_data": [-0.081, -0.138, 0.007, 0.008, 0.46, 0.0, 1, 1, 1, 1, 1]}}, {"type": "Feature", "geometry": {"type": "Point", "coordinates": [3.59752, 41.799099]}, "properties": {"var_data": [-0.102, -0.24, 0.007, 0.01, 0.588, 0.0, 1, 1, 1, 1, 1]}}, {"type": "Feature", "geometry": {"type": "Point", "coordinates": [3.63286, 41.799099]}, "properties": {"var_data": [0.003, -0.023, 0.007, 0.013, 0.954, 0.0, 1, 1, 1, 1, 1]}}, {"type": "Feature", "geometry": {"type": "Point", "coordinates": [3.6682, 41.799099]}, "properties": {"var_data": [0.178, 0.31, 0.012, 0.026, 1.172, 0.0, 1, 1, 1, 1, 1]}}, {"type": "Feature", "geometry": {"type": "Point", "coordinates": [3.70354, 41.799099]}, "properties": {"var_data": [0.196, 0.33, 0.012, 0.028, 1.115, 0.0, 1, 1, 1, 1, 1]}}, {"type": "Feature", "geometry": {"type": "Point", "coordinates": [3.73888, 41.799099]}, "properties": {"var_data": [0.218, 0.299, 0.022, 0.053, 1.117, 0.001, 1, 1, 1, 1, 1]}}, {"type": "Feature", "geometry": {"type": "Point", "coordinates": [3.77422, 41.799099]}, "properties": {"var_data": [0.177, 0.136, 0.018, 0.052, 0.881, 0.001, 1, 1, 1, 1, 1]}}, {"type": "Feature", "geometry": {"type": "Point", "coordinates": [3.80956, 41.799099]}, "properties": {"var_data": [0.148, 0.028, 0.03, 0.081, 1.012, 0.002, 1, 1, 1, 1, 1]}}, {"type": "Feature", "geometry": {"type": "Point", "coordinates": [3.8449, 41.799099]}, "properties": {"var_data": [0.191, 0.052, 0.041, 0.092, 1.045, 0.003, 1, 1, 1, 1, 1]}}, {"type": "Feature", "geometry": {"type": "Point", "coordinates": [3.88024, 41.799099]}, "properties": {"var_data": [0.036, -0.268, 0.113, 0.305, 2.679, 0.034, 4, 1, 4, 1, 1]}}, {"type": "Feature", "geometry": {"type": "Point", "coordinates": [3.91558, 41.799099]}, "properties": {"var_data": [0.102, -0.162, 0.03, 0.084, 1.416, 0.002, 1, 1, 1, 1, 1]}}, {"type": "Feature", "geometry": {"type": "Point", "coordinates": [3.95092, 41.799099]}, "properties": {"var_data": [0.11, -0.174, 0.03, 0.085, 1.446, 0.002, 1, 1, 1, 1, 1]}}, {"type": "Feature", "geometry": {"type": "Point", "coordinates": [3.98626, 41.799099]}, "properties": {"var_data": [0.206, -0.068, 0.031, 0.075, 1.379, 0.001, 1, 0, 1, 1, 1]}}, {"type": "Feature", "geometry": {"type": "Point", "coordinates": [3.17344, 41.826099]}, "properties": {"var_data": [0.118, -0.046, 0.015, 0.025, 0.509, -0.0, 1, 1, 1, 1, 1]}}, {"type": "Feature", "geometry": {"type": "Point", "coordinates": [3.20878, 41.826099]}, "properties": {"var_data": [0.014, 0.065, 0.008, 0.011, 0.405, -0.0, 1, 1, 1, 1, 1]}}, {"type": "Feature", "geometry": {"type": "Point", "coordinates": [3.24412, 41.826099]}, "properties": {"var_data": [-0.059, 0.141, 0.005, 0.006, 0.331, -0.0, 1, 1, 1, 1, 1]}}, {"type": "Feature", "geometry": {"type": "Point", "coordinates": [3.27946, 41.826099]}, "properties": {"var_data": [-0.102, 0.132, 0.006, 0.004, 0.308, 0.0, 1, 1, 1, 1, 1]}}, {"type": "Feature", "geometry": {"type": "Point", "coordinates": [3.3148, 41.826099]}, "properties": {"var_data": [-0.142, 0.104, 0.006, 0.004, 0.306, 0.0, 1, 1, 1, 1, 1]}}, {"type": "Feature", "geometry": {"type": "Point", "coordinates": [3.35014, 41.826099]}, "properties": {"var_data": [-0.137, 0.075, 0.007, 0.005, 0.306, 0.0, 1, 1, 1, 1, 1]}}, {"type": "Feature", "geometry": {"type": "Point", "coordinates": [3.38548, 41.826099]}, "properties": {"var_data": [-0.125, 0.057, 0.006, 0.005, 0.322, 0.0, 1, 1, 1, 1, 1]}}, {"type": "Feature", "geometry": {"type": "Point", "coordinates": [3.42082, 41.826099]}, "properties": {"var_data": [-0.117, 0.029, 0.008, 0.009, 0.362, 0.0, 1, 1, 1, 1, 1]}}, {"type": "Feature", "geometry": {"type": "Point", "coordinates": [3.45616, 41.826099]}, "properties": {"var_data": [-0.075, 0.067, 0.007, 0.008, 0.399, 0.0, 1, 1, 1, 1, 1]}}, {"type": "Feature", "geometry": {"type": "Point", "coordinates": [3.4915, 41.826099]}, "properties": {"var_data": [-0.073, -0.031, 0.007, 0.007, 0.376, 0.0, 1, 1, 1, 1, 1]}}, {"type": "Feature", "geometry": {"type": "Point", "coordinates": [3.52684, 41.826099]}, "properties": {"var_data": [-0.09, -0.084, 0.01, 0.01, 0.429, 0.0, 1, 1, 1, 1, 1]}}, {"type": "Feature", "geometry": {"type": "Point", "coordinates": [3.56218, 41.826099]}, "properties": {"var_data": [-0.082, -0.146, 0.009, 0.01, 0.486, 0.0, 1, 1, 1, 1, 1]}}, {"type": "Feature", "geometry": {"type": "Point", "coordinates": [3.59752, 41.826099]}, "properties": {"var_data": [-0.06, -0.134, 0.006, 0.01, 0.576, 0.0, 1, 1, 1, 1, 1]}}, {"type": "Feature", "geometry": {"type": "Point", "coordinates": [3.63286, 41.826099]}, "properties": {"var_data": [-0.041, -0.109, 0.007, 0.017, 0.898, 0.0, 1, 1, 1, 1, 1]}}, {"type": "Feature", "geometry": {"type": "Point", "coordinates": [3.6682, 41.826099]}, "properties": {"var_data": [0.02, -0.037, 0.006, 0.017, 0.891, 0.0, 1, 1, 1, 1, 1]}}, {"type": "Feature", "geometry": {"type": "Point", "coordinates": [3.70354, 41.826099]}, "properties": {"var_data": [0.006, -0.06, 0.006, 0.019, 0.971, 0.0, 1, 1, 1, 1, 1]}}, {"type": "Feature", "geometry": {"type": "Point", "coordinates": [3.73888, 41.826099]}, "properties": {"var_data": [0.029, 0.007, 0.007, 0.02, 0.883, 0.0, 1, 1, 1, 1, 1]}}, {"type": "Feature", "geometry": {"type": "Point", "coordinates": [3.77422, 41.826099]}, "properties": {"var_data": [0.008, -0.036, 0.008, 0.026, 1.008, 0.0, 1, 1, 1, 1, 1]}}, {"type": "Feature", "geometry": {"type": "Point", "coordinates": [3.80956, 41.826099]}, "properties": {"var_data": [0.104, 0.085, 0.033, 0.105, 1.37, 0.003, 1, 1, 1, 1, 1]}}, {"type": "Feature", "geometry": {"type": "Point", "coordinates": [3.8449, 41.826099]}, "properties": {"var_data": [0.176, 0.083, 0.038, 0.11, 1.396, 0.004, 1, 1, 1, 1, 1]}}, {"type": "Feature", "geometry": {"type": "Point", "coordinates": [3.88024, 41.826099]}, "properties": {"var_data": [0.248, 0.193, 0.031, 0.103, 1.896, 0.002, 1, 1, 1, 1, 1]}}, {"type": "Feature", "geometry": {"type": "Point", "coordinates": [3.91558, 41.826099]}, "properties": {"var_data": [0.242, -0.153, 0.056, 0.287, 1.776, -0.01, 4, 1, 1, 4, 1]}}, {"type": "Feature", "geometry": {"type": "Point", "coordinates": [3.95092, 41.826099]}, "properties": {"var_data": [0.246, -0.153, 0.025, 0.134, 1.691, 0.002, 4, 0, 1, 4, 1]}}, {"type": "Feature", "geometry": {"type": "Point", "coordinates": [3.98626, 41.826099]}, "properties": {"var_data": [0.22, -0.157, 0.025, 0.134, 1.652, 0.002, 1, 0, 1, 1, 1]}}, {"type": "Feature", "geometry": {"type": "Point", "coordinates": [4.0216, 41.826099]}, "properties": {"var_data": [0.203, -0.161, 0.037, 0.146, 1.791, 0.004, 1, 0, 1, 1, 1]}}, {"type": "Feature", "geometry": {"type": "Point", "coordinates": [4.05694, 41.826099]}, "properties": {"var_data": [0.15, -0.184, 0.113, 0.19, 2.533, 0.017, 4, 0, 4, 4, 1]}}, {"type": "Feature", "geometry": {"type": "Point", "coordinates": [3.17344, 41.8531]}, "properties": {"var_data": [0.051, 0.006, 0.022, 0.033, 0.609, -0.001, 1, 1, 1, 1, 1]}}, {"type": "Feature", "geometry": {"type": "Point", "coordinates": [3.20878, 41.8531]}, "properties": {"var_data": [-0.101, 0.179, 0.007, 0.009, 0.399, -0.0, 1, 1, 1, 1, 1]}}, {"type": "Feature", "geometry": {"type": "Point", "coordinates": [3.24412, 41.8531]}, "properties": {"var_data": [-0.14, 0.168, 0.005, 0.005, 0.299, -0.0, 1, 1, 1, 1, 1]}}, {"type": "Feature", "geometry": {"type": "Point", "coordinates": [3.27946, 41.8531]}, "properties": {"var_data": [-0.148, 0.129, 0.007, 0.005, 0.297, 0.0, 1, 1, 1, 1, 1]}}, {"type": "Feature", "geometry": {"type": "Point", "coordinates": [3.3148, 41.8531]}, "properties": {"var_data": [-0.139, 0.103, 0.007, 0.006, 0.299, 0.0, 1, 1, 1, 1, 1]}}, {"type": "Feature", "geometry": {"type": "Point", "coordinates": [3.35014, 41.8531]}, "properties": {"var_data": [-0.108, 0.059, 0.007, 0.007, 0.283, 0.0, 1, 1, 1, 1, 1]}}, {"type": "Feature", "geometry": {"type": "Point", "coordinates": [3.38548, 41.8531]}, "properties": {"var_data": [-0.104, 0.021, 0.011, 0.012, 0.301, 0.0, 1, 1, 1, 1, 1]}}, {"type": "Feature", "geometry": {"type": "Point", "coordinates": [3.42082, 41.8531]}, "properties": {"var_data": [-0.089, 0.019, 0.007, 0.01, 0.332, 0.0, 1, 1, 1, 1, 1]}}, {"type": "Feature", "geometry": {"type": "Point", "coordinates": [3.45616, 41.8531]}, "properties": {"var_data": [-0.069, -0.022, 0.007, 0.01, 0.336, 0.0, 1, 1, 1, 1, 1]}}, {"type": "Feature", "geometry": {"type": "Point", "coordinates": [3.4915, 41.8531]}, "properties": {"var_data": [-0.062, -0.04, 0.007, 0.01, 0.372, 0.0, 1, 1, 1, 1, 1]}}, {"type": "Feature", "geometry": {"type": "Point", "coordinates": [3.52684, 41.8531]}, "properties": {"var_data": [-0.088, -0.143, 0.009, 0.009, 0.398, 0.0, 1, 1, 1, 1, 1]}}, {"type": "Feature", "geometry": {"type": "Point", "coordinates": [3.56218, 41.8531]}, "properties": {"var_data": [-0.052, -0.176, 0.009, 0.009, 0.426, 0.0, 1, 1, 1, 1, 1]}}, {"type": "Feature", "geometry": {"type": "Point", "coordinates": [3.59752, 41.8531]}, "properties": {"var_data": [-0.038, -0.108, 0.007, 0.019, 0.631, 0.0, 1, 1, 1, 1, 1]}}, {"type": "Feature", "geometry": {"type": "Point", "coordinates": [3.63286, 41.8531]}, "properties": {"var_data": [-0.017, -0.146, 0.006, 0.019, 0.781, 0.0, 1, 1, 1, 1, 1]}}, {"type": "Feature", "geometry": {"type": "Point", "coordinates": [3.6682, 41.8531]}, "properties": {"var_data": [0.0, -0.074, 0.006, 0.017, 0.912, 0.0, 1, 1, 1, 1, 1]}}, {"type": "Feature", "geometry": {"type": "Point", "coordinates": [3.70354, 41.8531]}, "properties": {"var_data": [-0.0, -0.108, 0.006, 0.021, 1.031, -0.0, 1, 1, 1, 1, 1]}}, {"type": "Feature", "geometry": {"type": "Point", "coordinates": [3.73888, 41.8531]}, "properties": {"var_data": [0.0, -0.025, 0.007, 0.023, 1.125, 0.0, 1, 1, 1, 1, 1]}}, {"type": "Feature", "geometry": {"type": "Point", "coordinates": [3.77422, 41.8531]}, "properties": {"var_data": [0.015, 0.074, 0.007, 0.027, 1.108, 0.0, 1, 1, 1, 1, 1]}}, {"type": "Feature", "geometry": {"type": "Point", "coordinates": [3.80956, 41.8531]}, "properties": {"var_data": [0.026, 0.074, 0.03, 0.11, 1.36, 0.003, 1, 1, 1, 1, 1]}}, {"type": "Feature", "geometry": {"type": "Point", "coordinates": [3.8449, 41.8531]}, "properties": {"var_data": [0.042, 0.156, 0.038, 0.154, 1.872, 0.006, 1, 1, 1, 1, 1]}}, {"type": "Feature", "geometry": {"type": "Point", "coordinates": [3.91558, 41.8531]}, "properties": {"var_data": [0.247, -0.188, 0.026, 0.144, 4.382, 0.003, 4, 0, 4, 4, 1]}}, {"type": "Feature", "geometry": {"type": "Point", "coordinates": [3.95092, 41.8531]}, "properties": {"var_data": [0.221, -0.046, 0.024, 0.106, 1.417, 0.002, 1, 0, 1, 1, 1]}}, {"type": "Feature", "geometry": {"type": "Point", "coordinates": [3.98626, 41.8531]}, "properties": {"var_data": [0.221, -0.046, 0.024, 0.106, 1.417, 0.002, 1, 0, 1, 1, 1]}}, {"type": "Feature", "geometry": {"type": "Point", "coordinates": [4.0216, 41.8531]}, "properties": {"var_data": [0.215, -0.054, 0.041, 0.171, 1.908, 0.006, 1, 0, 1, 1, 1]}}, {"type": "Feature", "geometry": {"type": "Point", "coordinates": [4.05694, 41.8531]}, "properties": {"var_data": [0.264, 0.166, 0.043, 0.188, 2.531, 0.007, 4, 0, 4, 4, 1]}}, {"type": "Feature", "geometry": {"type": "Point", "coordinates": [3.20878, 41.8801]}, "properties": {"var_data": [-0.217, 0.214, 0.005, 0.006, 0.369, -0.0, 1, 1, 1, 1, 1]}}, {"type": "Feature", "geometry": {"type": "Point", "coordinates": [3.24412, 41.8801]}, "properties": {"var_data": [-0.168, 0.18, 0.004, 0.005, 0.272, -0.0, 1, 1, 1, 1, 1]}}, {"type": "Feature", "geometry": {"type": "Point", "coordinates": [3.27946, 41.8801]}, "properties": {"var_data": [-0.12, 0.15, 0.006, 0.006, 0.272, 0.0, 1, 1, 1, 1, 1]}}, {"type": "Feature", "geometry": {"type": "Point", "coordinates": [3.3148, 41.8801]}, "properties": {"var_data": [-0.066, 0.137, 0.006, 0.006, 0.265, 0.0, 1, 1, 1, 1, 1]}}, {"type": "Feature", "geometry": {"type": "Point", "coordinates": [3.35014, 41.8801]}, "properties": {"var_data": [-0.045, 0.054, 0.006, 0.007, 0.252, 0.0, 1, 1, 1, 1, 1]}}, {"type": "Feature", "geometry": {"type": "Point", "coordinates": [3.38548, 41.8801]}, "properties": {"var_data": [-0.019, 0.054, 0.008, 0.011, 0.275, 0.0, 1, 1, 1, 1, 1]}}, {"type": "Feature", "geometry": {"type": "Point", "coordinates": [3.42082, 41.8801]}, "properties": {"var_data": [-0.014, 0.045, 0.011, 0.019, 0.308, 0.0, 1, 1, 1, 1, 1]}}, {"type": "Feature", "geometry": {"type": "Point", "coordinates": [3.45616, 41.8801]}, "properties": {"var_data": [-0.068, -0.086, 0.009, 0.017, 0.328, 0.0, 1, 1, 1, 1, 1]}}, {"type": "Feature", "geometry": {"type": "Point", "coordinates": [3.4915, 41.8801]}, "properties": {"var_data": [-0.04, -0.098, 0.007, 0.01, 0.34, 0.0, 1, 1, 1, 1, 1]}}, {"type": "Feature", "geometry": {"type": "Point", "coordinates": [3.52684, 41.8801]}, "properties": {"var_data": [-0.068, -0.168, 0.008, 0.011, 0.399, 0.0, 1, 1, 1, 1, 1]}}, {"type": "Feature", "geometry": {"type": "Point", "coordinates": [3.56218, 41.8801]}, "properties": {"var_data": [-0.054, -0.207, 0.009, 0.012, 0.44, 0.0, 1, 1, 1, 1, 1]}}, {"type": "Feature", "geometry": {"type": "Point", "coordinates": [3.59752, 41.8801]}, "properties": {"var_data": [-0.044, -0.166, 0.007, 0.018, 0.603, 0.0, 1, 1, 1, 1, 1]}}, {"type": "Feature", "geometry": {"type": "Point", "coordinates": [3.63286, 41.8801]}, "properties": {"var_data": [0.005, -0.207, 0.007, 0.019, 0.772, -0.0, 1, 1, 1, 1, 1]}}, {"type": "Feature", "geometry": {"type": "Point", "coordinates": [3.6682, 41.8801]}, "properties": {"var_data": [0.022, -0.227, 0.006, 0.017, 0.726, -0.0, 1, 1, 1, 1, 1]}}, {"type": "Feature", "geometry": {"type": "Point", "coordinates": [3.70354, 41.8801]}, "properties": {"var_data": [0.018, -0.194, 0.007, 0.019, 0.764, 0.0, 1, 1, 1, 1, 1]}}, {"type": "Feature", "geometry": {"type": "Point", "coordinates": [3.73888, 41.8801]}, "properties": {"var_data": [0.032, -0.105, 0.006, 0.027, 1.051, 0.0, 1, 1, 1, 1, 1]}}, {"type": "Feature", "geometry": {"type": "Point", "coordinates": [3.77422, 41.8801]}, "properties": {"var_data": [0.003, -0.043, 0.007, 0.03, 1.389, 0.0, 1, 1, 1, 1, 1]}}, {"type": "Feature", "geometry": {"type": "Point", "coordinates": [3.80956, 41.8801]}, "properties": {"var_data": [0.006, -0.235, 0.016, 0.065, 1.158, 0.001, 1, 1, 1, 1, 1]}}, {"type": "Feature", "geometry": {"type": "Point", "coordinates": [3.8449, 41.8801]}, "properties": {"var_data": [-0.025, -0.03, 0.037, 0.15, 2.048, 0.005, 4, 1, 4, 1, 1]}}, {"type": "Feature", "geometry": {"type": "Point", "coordinates": [3.88024, 41.8801]}, "properties": {"var_data": [-0.023, -0.042, 0.045, 0.24, 3.036, 0.009, 4, 0, 4, 4, 1]}}, {"type": "Feature", "geometry": {"type": "Point", "coordinates": [3.95092, 41.8801]}, "properties": {"var_data": [0.239, 0.098, 0.023, 0.11, 1.779, 0.002, 1, 0, 1, 1, 1]}}, {"type": "Feature", "geometry": {"type": "Point", "coordinates": [3.98626, 41.8801]}, "properties": {"var_data": [0.223, 0.091, 0.023, 0.109, 1.735, 0.002, 1, 0, 1, 1, 1]}}, {"type": "Feature", "geometry": {"type": "Point", "coordinates": [4.0216, 41.8801]}, "properties": {"var_data": [0.232, 0.116, 0.038, 0.175, 2.111, 0.006, 4, 0, 4, 1, 1]}}, {"type": "Feature", "geometry": {"type": "Point", "coordinates": [4.05694, 41.8801]}, "properties": {"var_data": [0.193, 0.078, 0.084, 0.198, 2.329, 0.012, 4, 0, 4, 4, 1]}}, {"type": "Feature", "geometry": {"type": "Point", "coordinates": [3.24412, 41.907101]}, "properties": {"var_data": [-0.066, 0.205, 0.004, 0.004, 0.259, 0.0, 1, 1, 1, 1, 1]}}, {"type": "Feature", "geometry": {"type": "Point", "coordinates": [3.27946, 41.907101]}, "properties": {"var_data": [-0.025, 0.185, 0.006, 0.006, 0.246, 0.0, 1, 1, 1, 1, 1]}}, {"type": "Feature", "geometry": {"type": "Point", "coordinates": [3.3148, 41.907101]}, "properties": {"var_data": [-0.014, 0.132, 0.006, 0.007, 0.254, 0.0, 1, 1, 1, 1, 1]}}, {"type": "Feature", "geometry": {"type": "Point", "coordinates": [3.35014, 41.907101]}, "properties": {"var_data": [0.014, 0.073, 0.008, 0.01, 0.261, 0.0, 1, 1, 1, 1, 1]}}, {"type": "Feature", "geometry": {"type": "Point", "coordinates": [3.38548, 41.907101]}, "properties": {"var_data": [0.013, 0.032, 0.008, 0.014, 0.274, 0.0, 1, 1, 1, 1, 1]}}, {"type": "Feature", "geometry": {"type": "Point", "coordinates": [3.42082, 41.907101]}, "properties": {"var_data": [0.002, 0.016, 0.011, 0.02, 0.306, 0.0, 1, 1, 1, 1, 1]}}, {"type": "Feature", "geometry": {"type": "Point", "coordinates": [3.45616, 41.907101]}, "properties": {"var_data": [0.011, -0.031, 0.008, 0.017, 0.306, 0.0, 1, 1, 1, 1, 1]}}, {"type": "Feature", "geometry": {"type": "Point", "coordinates": [3.4915, 41.907101]}, "properties": {"var_data": [-0.023, -0.119, 0.009, 0.019, 0.342, 0.0, 1, 1, 1, 1, 1]}}, {"type": "Feature", "geometry": {"type": "Point", "coordinates": [3.52684, 41.907101]}, "properties": {"var_data": [-0.028, -0.193, 0.007, 0.018, 0.397, 0.0, 1, 1, 1, 1, 1]}}, {"type": "Feature", "geometry": {"type": "Point", "coordinates": [3.56218, 41.907101]}, "properties": {"var_data": [-0.015, -0.211, 0.01, 0.022, 0.457, 0.0, 1, 1, 1, 1, 1]}}, {"type": "Feature", "geometry": {"type": "Point", "coordinates": [3.59752, 41.907101]}, "properties": {"var_data": [-0.024, -0.201, 0.01, 0.019, 0.564, 0.0, 1, 1, 1, 1, 1]}}, {"type": "Feature", "geometry": {"type": "Point", "coordinates": [3.63286, 41.907101]}, "properties": {"var_data": [0.027, -0.206, 0.013, 0.017, 0.66, 0.0, 1, 1, 1, 1, 1]}}, {"type": "Feature", "geometry": {"type": "Point", "coordinates": [3.6682, 41.907101]}, "properties": {"var_data": [0.042, -0.205, 0.012, 0.016, 0.651, 0.0, 1, 1, 1, 1, 1]}}, {"type": "Feature", "geometry": {"type": "Point", "coordinates": [3.70354, 41.907101]}, "properties": {"var_data": [0.06, -0.257, 0.008, 0.018, 0.784, -0.0, 1, 1, 1, 1, 1]}}, {"type": "Feature", "geometry": {"type": "Point", "coordinates": [3.73888, 41.907101]}, "properties": {"var_data": [0.05, -0.218, 0.008, 0.023, 0.941, 0.0, 1, 1, 1, 1, 1]}}, {"type": "Feature", "geometry": {"type": "Point", "coordinates": [3.77422, 41.907101]}, "properties": {"var_data": [0.031, -0.358, 0.007, 0.021, 0.791, 0.0, 1, 1, 1, 1, 1]}}, {"type": "Feature", "geometry": {"type": "Point", "coordinates": [3.80956, 41.907101]}, "properties": {"var_data": [0.029, -0.343, 0.011, 0.028, 0.892, 0.0, 1, 1, 1, 1, 1]}}, {"type": "Feature", "geometry": {"type": "Point", "coordinates": [3.8449, 41.907101]}, "properties": {"var_data": [0.014, -0.344, 0.014, 0.033, 1.116, 0.0, 1, 1, 1, 1, 1]}}, {"type": "Feature", "geometry": {"type": "Point", "coordinates": [3.91558, 41.907101]}, "properties": {"var_data": [0.162, -0.633, 0.053, 0.402, 4.373, 0.007, 4, 0, 4, 4, 1]}}, {"type": "Feature", "geometry": {"type": "Point", "coordinates": [3.95092, 41.907101]}, "properties": {"var_data": [0.241, 0.122, 0.038, 0.175, 2.14, 0.006, 4, 0, 4, 1, 1]}}, {"type": "Feature", "geometry": {"type": "Point", "coordinates": [3.98626, 41.907101]}, "properties": {"var_data": [0.241, 0.122, 0.038, 0.175, 2.14, 0.006, 4, 0, 4, 1, 1]}}, {"type": "Feature", "geometry": {"type": "Point", "coordinates": [4.0216, 41.907101]}, "properties": {"var_data": [0.232, 0.116, 0.038, 0.175, 2.111, 0.006, 4, 0, 4, 1, 1]}}, {"type": "Feature", "geometry": {"type": "Point", "coordinates": [4.05694, 41.907101]}, "properties": {"var_data": [0.186, 0.072, 0.113, 0.212, 2.533, 0.018, 4, 0, 4, 4, 1]}}, {"type": "Feature", "geometry": {"type": "Point", "coordinates": [3.24412, 41.934101]}, "properties": {"var_data": [0.09, 0.289, 0.008, 0.007, 0.214, 0.0, 1, 1, 1, 1, 1]}}, {"type": "Feature", "geometry": {"type": "Point", "coordinates": [3.27946, 41.934101]}, "properties": {"var_data": [0.09, 0.269, 0.006, 0.007, 0.206, 0.0, 1, 1, 1, 1, 1]}}, {"type": "Feature", "geometry": {"type": "Point", "coordinates": [3.3148, 41.934101]}, "properties": {"var_data": [0.055, 0.114, 0.006, 0.01, 0.227, 0.0, 1, 1, 1, 1, 1]}}, {"type": "Feature", "geometry": {"type": "Point", "coordinates": [3.35014, 41.934101]}, "properties": {"var_data": [0.073, 0.027, 0.005, 0.008, 0.249, -0.0, 1, 1, 1, 1, 1]}}, {"type": "Feature", "geometry": {"type": "Point", "coordinates": [3.38548, 41.934101]}, "properties": {"var_data": [0.062, -0.01, 0.006, 0.009, 0.268, -0.0, 1, 1, 1, 1, 1]}}, {"type": "Feature", "geometry": {"type": "Point", "coordinates": [3.42082, 41.934101]}, "properties": {"var_data": [0.054, -0.019, 0.005, 0.009, 0.275, -0.0, 1, 1, 1, 1, 1]}}, {"type": "Feature", "geometry": {"type": "Point", "coordinates": [3.45616, 41.934101]}, "properties": {"var_data": [0.04, -0.06, 0.005, 0.009, 0.301, -0.0, 1, 1, 1, 1, 1]}}, {"type": "Feature", "geometry": {"type": "Point", "coordinates": [3.4915, 41.934101]}, "properties": {"var_data": [0.042, -0.082, 0.008, 0.011, 0.326, 0.0, 1, 1, 1, 1, 1]}}, {"type": "Feature", "geometry": {"type": "Point", "coordinates": [3.52684, 41.934101]}, "properties": {"var_data": [0.034, -0.175, 0.007, 0.011, 0.346, 0.0, 1, 1, 1, 1, 1]}}, {"type": "Feature", "geometry": {"type": "Point", "coordinates": [3.56218, 41.934101]}, "properties": {"var_data": [0.031, -0.264, 0.007, 0.022, 0.439, 0.0, 1, 1, 1, 1, 1]}}, {"type": "Feature", "geometry": {"type": "Point", "coordinates": [3.59752, 41.934101]}, "properties": {"var_data": [0.002, -0.254, 0.01, 0.016, 0.501, 0.0, 1, 1, 1, 1, 1]}}, {"type": "Feature", "geometry": {"type": "Point", "coordinates": [3.63286, 41.934101]}, "properties": {"var_data": [0.014, -0.217, 0.008, 0.013, 0.566, -0.0, 1, 1, 1, 1, 1]}}, {"type": "Feature", "geometry": {"type": "Point", "coordinates": [3.6682, 41.934101]}, "properties": {"var_data": [0.041, -0.199, 0.008, 0.012, 0.548, 0.0, 1, 1, 1, 1, 1]}}, {"type": "Feature", "geometry": {"type": "Point", "coordinates": [3.70354, 41.934101]}, "properties": {"var_data": [0.061, -0.199, 0.008, 0.015, 0.62, -0.0, 1, 1, 1, 1, 1]}}, {"type": "Feature", "geometry": {"type": "Point", "coordinates": [3.73888, 41.934101]}, "properties": {"var_data": [0.064, -0.238, 0.008, 0.016, 0.556, 0.0, 1, 1, 1, 1, 1]}}, {"type": "Feature", "geometry": {"type": "Point", "coordinates": [3.77422, 41.934101]}, "properties": {"var_data": [0.035, -0.382, 0.008, 0.021, 0.715, 0.0, 1, 1, 1, 1, 1]}}, {"type": "Feature", "geometry": {"type": "Point", "coordinates": [3.80956, 41.934101]}, "properties": {"var_data": [0.007, -0.385, 0.009, 0.023, 0.749, 0.0, 1, 1, 1, 1, 1]}}, {"type": "Feature", "geometry": {"type": "Point", "coordinates": [3.8449, 41.934101]}, "properties": {"var_data": [0.06, -0.34, 0.013, 0.027, 0.878, 0.0, 1, 1, 1, 1, 1]}}, {"type": "Feature", "geometry": {"type": "Point", "coordinates": [3.88024, 41.934101]}, "properties": {"var_data": [0.1, -0.3, 0.05, 0.082, 1.173, 0.003, 1, 1, 1, 1, 1]}}, {"type": "Feature", "geometry": {"type": "Point", "coordinates": [3.91558, 41.934101]}, "properties": {"var_data": [0.16, -0.404, 0.038, 0.307, 1.991, 0.006, 1, 1, 1, 1, 1]}}, {"type": "Feature", "geometry": {"type": "Point", "coordinates": [3.95092, 41.934101]}, "properties": {"var_data": [0.173, -0.373, 0.011, 0.275, 1.986, 0.001, 1, 0, 1, 1, 1]}}, {"type": "Feature", "geometry": {"type": "Point", "coordinates": [3.98626, 41.934101]}, "properties": {"var_data": [0.161, 0.022, 0.007, 0.141, 1.729, 0.0, 1, 0, 1, 1, 1]}}, {"type": "Feature", "geometry": {"type": "Point", "coordinates": [4.0216, 41.934101]}, "properties": {"var_data": [0.143, -0.006, 0.006, 0.141, 1.709, 0.0, 1, 0, 1, 1, 1]}}, {"type": "Feature", "geometry": {"type": "Point", "coordinates": [3.24412, 41.961102]}, "properties": {"var_data": [0.159, 0.31, 0.007, 0.006, 0.184, 0.0, 1, 1, 1, 1, 1]}}, {"type": "Feature", "geometry": {"type": "Point", "coordinates": [3.27946, 41.961102]}, "properties": {"var_data": [0.159, 0.283, 0.006, 0.008, 0.186, 0.0, 1, 1, 1, 1, 1]}}, {"type": "Feature", "geometry": {"type": "Point", "coordinates": [3.3148, 41.961102]}, "properties": {"var_data": [0.165, 0.101, 0.006, 0.012, 0.219, 0.0, 1, 1, 1, 1, 1]}}, {"type": "Feature", "geometry": {"type": "Point", "coordinates": [3.35014, 41.961102]}, "properties": {"var_data": [0.157, 0.021, 0.006, 0.011, 0.242, -0.0, 1, 1, 1, 1, 1]}}, {"type": "Feature", "geometry": {"type": "Point", "coordinates": [3.38548, 41.961102]}, "properties": {"var_data": [0.152, -0.005, 0.007, 0.012, 0.26, -0.0, 1, 1, 1, 1, 1]}}, {"type": "Feature", "geometry": {"type": "Point", "coordinates": [3.42082, 41.961102]}, "properties": {"var_data": [0.114, -0.011, 0.007, 0.012, 0.275, -0.0, 1, 1, 1, 1, 1]}}, {"type": "Feature", "geometry": {"type": "Point", "coordinates": [3.45616, 41.961102]}, "properties": {"var_data": [0.084, -0.043, 0.005, 0.008, 0.298, -0.0, 1, 1, 1, 1, 1]}}, {"type": "Feature", "geometry": {"type": "Point", "coordinates": [3.4915, 41.961102]}, "properties": {"var_data": [0.073, -0.093, 0.007, 0.011, 0.315, 0.0, 1, 1, 1, 1, 1]}}, {"type": "Feature", "geometry": {"type": "Point", "coordinates": [3.52684, 41.961102]}, "properties": {"var_data": [0.064, -0.156, 0.007, 0.011, 0.354, 0.0, 1, 1, 1, 1, 1]}}, {"type": "Feature", "geometry": {"type": "Point", "coordinates": [3.56218, 41.961102]}, "properties": {"var_data": [0.06, -0.209, 0.009, 0.01, 0.386, 0.0, 1, 1, 1, 1, 1]}}, {"type": "Feature", "geometry": {"type": "Point", "coordinates": [3.59752, 41.961102]}, "properties": {"var_data": [0.037, -0.256, 0.007, 0.014, 0.453, -0.0, 1, 1, 1, 1, 1]}}, {"type": "Feature", "geometry": {"type": "Point", "coordinates": [3.63286, 41.961102]}, "properties": {"var_data": [0.038, -0.243, 0.007, 0.011, 0.467, 0.0, 1, 1, 1, 1, 1]}}, {"type": "Feature", "geometry": {"type": "Point", "coordinates": [3.6682, 41.961102]}, "properties": {"var_data": [0.065, -0.215, 0.007, 0.011, 0.484, 0.0, 1, 1, 1, 1, 1]}}, {"type": "Feature", "geometry": {"type": "Point", "coordinates": [3.70354, 41.961102]}, "properties": {"var_data": [0.054, -0.175, 0.007, 0.011, 0.455, 0.0, 1, 1, 1, 1, 1]}}, {"type": "Feature", "geometry": {"type": "Point", "coordinates": [3.73888, 41.961102]}, "properties": {"var_data": [0.068, -0.181, 0.006, 0.013, 0.478, 0.0, 1, 1, 1, 1, 1]}}, {"type": "Feature", "geometry": {"type": "Point", "coordinates": [3.77422, 41.961102]}, "properties": {"var_data": [0.071, -0.233, 0.007, 0.017, 0.511, 0.0, 1, 1, 1, 1, 1]}}, {"type": "Feature", "geometry": {"type": "Point", "coordinates": [3.80956, 41.961102]}, "properties": {"var_data": [0.072, -0.32, 0.009, 0.021, 0.657, 0.0, 1, 1, 1, 1, 1]}}, {"type": "Feature", "geometry": {"type": "Point", "coordinates": [3.8449, 41.961102]}, "properties": {"var_data": [0.104, -0.283, 0.011, 0.023, 0.758, 0.0, 1, 1, 1, 1, 1]}}, {"type": "Feature", "geometry": {"type": "Point", "coordinates": [3.88024, 41.961102]}, "properties": {"var_data": [0.121, -0.215, 0.024, 0.094, 1.103, 0.0, 1, 0, 1, 1, 1]}}, {"type": "Feature", "geometry": {"type": "Point", "coordinates": [3.91558, 41.961102]}, "properties": {"var_data": [0.166, -0.376, 0.023, 0.249, 1.774, -0.003, 1, 0, 1, 1, 1]}}, {"type": "Feature", "geometry": {"type": "Point", "coordinates": [3.95092, 41.961102]}, "properties": {"var_data": [0.18, -0.374, 0.009, 0.134, 1.543, -0.0, 1, 0, 1, 1, 1]}}, {"type": "Feature", "geometry": {"type": "Point", "coordinates": [3.98626, 41.961102]}, "properties": {"var_data": [0.156, -0.396, 0.006, 0.143, 1.574, 0.0, 1, 0, 1, 1, 1]}}, {"type": "Feature", "geometry": {"type": "Point", "coordinates": [4.0216, 41.961102]}, "properties": {"var_data": [0.135, -0.314, 0.006, 0.167, 3.088, 0.0, 4, 0, 4, 1, 1]}}, {"type": "Feature", "geometry": {"type": "Point", "coordinates": [4.05694, 41.961102]}, "properties": {"var_data": [0.135, -0.304, 0.006, 0.169, 3.346, 0.0, 4, 0, 4, 1, 1]}}, {"type": "Feature", "geometry": {"type": "Point", "coordinates": [3.24412, 41.988098]}, "properties": {"var_data": [0.207, 0.263, 0.007, 0.007, 0.188, 0.0, 1, 1, 1, 1, 1]}}, {"type": "Feature", "geometry": {"type": "Point", "coordinates": [3.27946, 41.988098]}, "properties": {"var_data": [0.238, 0.254, 0.006, 0.009, 0.2, -0.0, 1, 1, 1, 1, 1]}}, {"type": "Feature", "geometry": {"type": "Point", "coordinates": [3.3148, 41.988098]}, "properties": {"var_data": [0.258, 0.119, 0.008, 0.017, 0.228, -0.0, 1, 1, 1, 1, 1]}}, {"type": "Feature", "geometry": {"type": "Point", "coordinates": [3.35014, 41.988098]}, "properties": {"var_data": [0.221, 0.063, 0.008, 0.014, 0.239, -0.0, 1, 1, 1, 1, 1]}}, {"type": "Feature", "geometry": {"type": "Point", "coordinates": [3.38548, 41.988098]}, "properties": {"var_data": [0.204, 0.033, 0.008, 0.014, 0.256, -0.0, 1, 1, 1, 1, 1]}}, {"type": "Feature", "geometry": {"type": "Point", "coordinates": [3.42082, 41.988098]}, "properties": {"var_data": [0.178, 0.005, 0.008, 0.014, 0.274, -0.0, 1, 1, 1, 1, 1]}}, {"type": "Feature", "geometry": {"type": "Point", "coordinates": [3.45616, 41.988098]}, "properties": {"var_data": [0.158, 0.017, 0.006, 0.008, 0.299, -0.0, 1, 1, 1, 1, 1]}}, {"type": "Feature", "geometry": {"type": "Point", "coordinates": [3.4915, 41.988098]}, "properties": {"var_data": [0.14, -0.101, 0.008, 0.011, 0.32, 0.0, 1, 1, 1, 1, 1]}}, {"type": "Feature", "geometry": {"type": "Point", "coordinates": [3.52684, 41.988098]}, "properties": {"var_data": [0.135, -0.168, 0.009, 0.011, 0.364, 0.0, 1, 1, 1, 1, 1]}}, {"type": "Feature", "geometry": {"type": "Point", "coordinates": [3.56218, 41.988098]}, "properties": {"var_data": [0.107, -0.197, 0.008, 0.011, 0.364, 0.0, 1, 1, 1, 1, 1]}}, {"type": "Feature", "geometry": {"type": "Point", "coordinates": [3.59752, 41.988098]}, "properties": {"var_data": [0.083, -0.266, 0.008, 0.014, 0.411, 0.0, 1, 1, 1, 1, 1]}}, {"type": "Feature", "geometry": {"type": "Point", "coordinates": [3.63286, 41.988098]}, "properties": {"var_data": [0.085, -0.225, 0.007, 0.012, 0.434, -0.0, 1, 1, 1, 1, 1]}}, {"type": "Feature", "geometry": {"type": "Point", "coordinates": [3.6682, 41.988098]}, "properties": {"var_data": [0.089, -0.211, 0.007, 0.011, 0.399, -0.0, 1, 1, 1, 1, 1]}}, {"type": "Feature", "geometry": {"type": "Point", "coordinates": [3.70354, 41.988098]}, "properties": {"var_data": [0.073, -0.165, 0.007, 0.014, 0.48, -0.0, 1, 1, 1, 1, 1]}}, {"type": "Feature", "geometry": {"type": "Point", "coordinates": [3.73888, 41.988098]}, "properties": {"var_data": [0.079, -0.178, 0.008, 0.015, 0.47, 0.0, 1, 1, 1, 1, 1]}}, {"type": "Feature", "geometry": {"type": "Point", "coordinates": [3.77422, 41.988098]}, "properties": {"var_data": [0.083, -0.2, 0.009, 0.017, 0.491, 0.0, 1, 1, 1, 1, 1]}}, {"type": "Feature", "geometry": {"type": "Point", "coordinates": [3.80956, 41.988098]}, "properties": {"var_data": [0.086, -0.233, 0.01, 0.018, 0.579, 0.0, 1, 1, 1, 1, 1]}}, {"type": "Feature", "geometry": {"type": "Point", "coordinates": [3.8449, 41.988098]}, "properties": {"var_data": [0.096, -0.124, 0.014, 0.053, 0.999, -0.0, 1, 0, 1, 1, 1]}}, {"type": "Feature", "geometry": {"type": "Point", "coordinates": [3.88024, 41.988098]}, "properties": {"var_data": [0.137, -0.2, 0.017, 0.056, 0.942, -0.001, 1, 0, 1, 1, 1]}}, {"type": "Feature", "geometry": {"type": "Point", "coordinates": [3.91558, 41.988098]}, "properties": {"var_data": [0.173, -0.121, 0.015, 0.172, 1.253, -0.002, 1, 0, 1, 1, 1]}}, {"type": "Feature", "geometry": {"type": "Point", "coordinates": [3.95092, 41.988098]}, "properties": {"var_data": [0.179, -0.379, 0.008, 0.111, 1.521, -0.001, 1, 0, 1, 1, 1]}}, {"type": "Feature", "geometry": {"type": "Point", "coordinates": [3.98626, 41.988098]}, "properties": {"var_data": [0.169, -0.36, 0.006, 0.096, 1.517, -0.0, 1, 0, 1, 1, 1]}}, {"type": "Feature", "geometry": {"type": "Point", "coordinates": [4.0216, 41.988098]}, "properties": {"var_data": [0.142, -0.247, 0.005, 0.095, 3.175, -0.0, 4, 0, 4, 1, 1]}}, {"type": "Feature", "geometry": {"type": "Point", "coordinates": [4.05694, 41.988098]}, "properties": {"var_data": [0.146, -0.264, 0.005, 0.119, 3.235, -0.0, 4, 0, 4, 1, 1]}}, {"type": "Feature", "geometry": {"type": "Point", "coordinates": [4.12762, 41.988098]}, "properties": {"var_data": [0.169, 0.095, 0.015, 0.208, 2.207, -0.002, 4, 0, 4, 1, 1]}}, {"type": "Feature", "geometry": {"type": "Point", "coordinates": [3.24412, 42.015099]}, "properties": {"var_data": [0.327, 0.178, 0.011, 0.01, 0.221, -0.0, 1, 1, 1, 1, 1]}}, {"type": "Feature", "geometry": {"type": "Point", "coordinates": [3.27946, 42.015099]}, "properties": {"var_data": [0.32, 0.205, 0.01, 0.011, 0.23, -0.0, 1, 1, 1, 1, 1]}}, {"type": "Feature", "geometry": {"type": "Point", "coordinates": [3.3148, 42.015099]}, "properties": {"var_data": [0.31, 0.186, 0.01, 0.013, 0.238, -0.0, 1, 1, 1, 1, 1]}}, {"type": "Feature", "geometry": {"type": "Point", "coordinates": [3.35014, 42.015099]}, "properties": {"var_data": [0.288, 0.135, 0.01, 0.018, 0.241, -0.0, 1, 1, 1, 1, 1]}}, {"type": "Feature", "geometry": {"type": "Point", "coordinates": [3.38548, 42.015099]}, "properties": {"var_data": [0.26, 0.09, 0.009, 0.015, 0.253, -0.0, 1, 1, 1, 1, 1]}}, {"type": "Feature", "geometry": {"type": "Point", "coordinates": [3.42082, 42.015099]}, "properties": {"var_data": [0.263, 0.016, 0.009, 0.014, 0.267, -0.0, 1, 1, 1, 1, 1]}}, {"type": "Feature", "geometry": {"type": "Point", "coordinates": [3.45616, 42.015099]}, "properties": {"var_data": [0.255, -0.008, 0.008, 0.01, 0.298, 0.0, 1, 1, 1, 1, 1]}}, {"type": "Feature", "geometry": {"type": "Point", "coordinates": [3.4915, 42.015099]}, "properties": {"var_data": [0.23, -0.091, 0.008, 0.01, 0.326, 0.0, 1, 1, 1, 1, 1]}}, {"type": "Feature", "geometry": {"type": "Point", "coordinates": [3.52684, 42.015099]}, "properties": {"var_data": [0.199, -0.159, 0.008, 0.009, 0.361, 0.0, 1, 1, 1, 1, 1]}}, {"type": "Feature", "geometry": {"type": "Point", "coordinates": [3.56218, 42.015099]}, "properties": {"var_data": [0.195, -0.206, 0.012, 0.029, 0.366, -0.0, 1, 1, 1, 1, 1]}}, {"type": "Feature", "geometry": {"type": "Point", "coordinates": [3.59752, 42.015099]}, "properties": {"var_data": [0.161, -0.204, 0.009, 0.02, 0.366, -0.0, 1, 1, 1, 1, 1]}}, {"type": "Feature", "geometry": {"type": "Point", "coordinates": [3.63286, 42.015099]}, "properties": {"var_data": [0.129, -0.202, 0.007, 0.017, 0.388, -0.0, 1, 1, 1, 1, 1]}}, {"type": "Feature", "geometry": {"type": "Point", "coordinates": [3.6682, 42.015099]}, "properties": {"var_data": [0.115, -0.202, 0.007, 0.016, 0.409, -0.0, 1, 1, 1, 1, 1]}}, {"type": "Feature", "geometry": {"type": "Point", "coordinates": [3.70354, 42.015099]}, "properties": {"var_data": [0.108, -0.194, 0.006, 0.013, 0.407, -0.0, 1, 1, 1, 1, 1]}}, {"type": "Feature", "geometry": {"type": "Point", "coordinates": [3.73888, 42.015099]}, "properties": {"var_data": [0.093, -0.171, 0.008, 0.019, 0.464, 0.0, 1, 1, 1, 1, 1]}}, {"type": "Feature", "geometry": {"type": "Point", "coordinates": [3.77422, 42.015099]}, "properties": {"var_data": [0.11, -0.132, 0.008, 0.019, 0.52, 0.0, 1, 1, 1, 1, 1]}}, {"type": "Feature", "geometry": {"type": "Point", "coordinates": [3.80956, 42.015099]}, "properties": {"var_data": [0.127, -0.166, 0.009, 0.022, 0.676, 0.0, 1, 1, 1, 1, 1]}}, {"type": "Feature", "geometry": {"type": "Point", "coordinates": [3.8449, 42.015099]}, "properties": {"var_data": [0.118, -0.047, 0.014, 0.055, 0.818, -0.0, 1, 0, 1, 1, 1]}}, {"type": "Feature", "geometry": {"type": "Point", "coordinates": [3.88024, 42.015099]}, "properties": {"var_data": [0.154, -0.102, 0.016, 0.058, 1.021, -0.001, 1, 0, 1, 1, 1]}}, {"type": "Feature", "geometry": {"type": "Point", "coordinates": [3.91558, 42.015099]}, "properties": {"var_data": [0.184, -0.16, 0.01, 0.064, 1.068, -0.0, 1, 0, 1, 1, 1]}}, {"type": "Feature", "geometry": {"type": "Point", "coordinates": [3.95092, 42.015099]}, "properties": {"var_data": [0.177, -0.137, 0.013, 0.119, 1.103, -0.001, 1, 0, 1, 1, 1]}}, {"type": "Feature", "geometry": {"type": "Point", "coordinates": [3.98626, 42.015099]}, "properties": {"var_data": [0.189, -0.33, 0.008, 0.108, 1.466, -0.001, 1, 0, 1, 1, 1]}}, {"type": "Feature", "geometry": {"type": "Point", "coordinates": [4.0216, 42.015099]}, "properties": {"var_data": [0.149, -0.251, 0.006, 0.101, 3.555, -0.0, 4, 0, 4, 1, 1]}}, {"type": "Feature", "geometry": {"type": "Point", "coordinates": [4.05694, 42.015099]}, "properties": {"var_data": [0.143, -0.237, 0.007, 0.121, 3.55, -0.0, 4, 0, 4, 1, 1]}}, {"type": "Feature", "geometry": {"type": "Point", "coordinates": [4.12762, 42.015099]}, "properties": {"var_data": [0.17, -0.227, 0.016, 0.169, 1.626, -0.002, 1, 0, 1, 1, 1]}}, {"type": "Feature", "geometry": {"type": "Point", "coordinates": [3.24412, 42.042099]}, "properties": {"var_data": [0.484, 0.124, 0.023, 0.014, 0.315, -0.0, 1, 1, 1, 1, 1]}}, {"type": "Feature", "geometry": {"type": "Point", "coordinates": [3.27946, 42.042099]}, "properties": {"var_data": [0.48, 0.136, 0.016, 0.013, 0.287, -0.0, 1, 1, 1, 1, 1]}}, {"type": "Feature", "geometry": {"type": "Point", "coordinates": [3.3148, 42.042099]}, "properties": {"var_data": [0.41, 0.186, 0.015, 0.014, 0.271, -0.0, 1, 1, 1, 1, 1]}}, {"type": "Feature", "geometry": {"type": "Point", "coordinates": [3.35014, 42.042099]}, "properties": {"var_data": [0.38, 0.168, 0.014, 0.018, 0.253, -0.0, 1, 1, 1, 1, 1]}}, {"type": "Feature", "geometry": {"type": "Point", "coordinates": [3.38548, 42.042099]}, "properties": {"var_data": [0.366, 0.134, 0.013, 0.019, 0.257, -0.0, 1, 1, 1, 1, 1]}}, {"type": "Feature", "geometry": {"type": "Point", "coordinates": [3.42082, 42.042099]}, "properties": {"var_data": [0.364, 0.086, 0.012, 0.019, 0.276, -0.0, 1, 1, 1, 1, 1]}}, {"type": "Feature", "geometry": {"type": "Point", "coordinates": [3.45616, 42.042099]}, "properties": {"var_data": [0.377, 0.031, 0.012, 0.02, 0.334, -0.0, 1, 1, 1, 1, 1]}}, {"type": "Feature", "geometry": {"type": "Point", "coordinates": [3.4915, 42.042099]}, "properties": {"var_data": [0.372, -0.135, 0.009, 0.01, 0.36, 0.0, 1, 1, 1, 1, 1]}}, {"type": "Feature", "geometry": {"type": "Point", "coordinates": [3.52684, 42.042099]}, "properties": {"var_data": [0.314, -0.15, 0.011, 0.011, 0.35, 0.0, 1, 1, 1, 1, 1]}}, {"type": "Feature", "geometry": {"type": "Point", "coordinates": [3.56218, 42.042099]}, "properties": {"var_data": [0.263, -0.144, 0.011, 0.013, 0.355, 0.0, 1, 1, 1, 1, 1]}}, {"type": "Feature", "geometry": {"type": "Point", "coordinates": [3.59752, 42.042099]}, "properties": {"var_data": [0.201, -0.146, 0.01, 0.026, 0.36, -0.0, 1, 1, 1, 1, 1]}}, {"type": "Feature", "geometry": {"type": "Point", "coordinates": [3.63286, 42.042099]}, "properties": {"var_data": [0.199, -0.16, 0.009, 0.021, 0.364, -0.0, 1, 1, 1, 1, 1]}}, {"type": "Feature", "geometry": {"type": "Point", "coordinates": [3.6682, 42.042099]}, "properties": {"var_data": [0.172, -0.192, 0.008, 0.018, 0.386, -0.0, 1, 1, 1, 1, 1]}}, {"type": "Feature", "geometry": {"type": "Point", "coordinates": [3.70354, 42.042099]}, "properties": {"var_data": [0.152, -0.209, 0.006, 0.016, 0.426, -0.0, 1, 1, 1, 1, 1]}}, {"type": "Feature", "geometry": {"type": "Point", "coordinates": [3.73888, 42.042099]}, "properties": {"var_data": [0.149, -0.207, 0.006, 0.016, 0.428, -0.0, 1, 1, 1, 1, 1]}}, {"type": "Feature", "geometry": {"type": "Point", "coordinates": [3.77422, 42.042099]}, "properties": {"var_data": [0.151, -0.236, 0.006, 0.017, 0.57, -0.0, 1, 1, 1, 1, 1]}}, {"type": "Feature", "geometry": {"type": "Point", "coordinates": [3.80956, 42.042099]}, "properties": {"var_data": [0.165, -0.207, 0.008, 0.02, 0.708, -0.0, 1, 1, 1, 1, 1]}}, {"type": "Feature", "geometry": {"type": "Point", "coordinates": [3.8449, 42.042099]}, "properties": {"var_data": [0.131, 0.011, 0.02, 0.075, 0.989, -0.001, 1, 0, 1, 1, 1]}}, {"type": "Feature", "geometry": {"type": "Point", "coordinates": [3.88024, 42.042099]}, "properties": {"var_data": [0.163, -0.012, 0.019, 0.079, 1.382, -0.001, 1, 0, 1, 1, 1]}}, {"type": "Feature", "geometry": {"type": "Point", "coordinates": [3.91558, 42.042099]}, "properties": {"var_data": [0.155, -0.011, 0.011, 0.066, 1.388, -0.001, 1, 0, 1, 1, 1]}}, {"type": "Feature", "geometry": {"type": "Point", "coordinates": [3.95092, 42.042099]}, "properties": {"var_data": [0.177, -0.082, 0.017, 0.174, 1.891, -0.003, 1, 0, 1, 1, 1]}}, {"type": "Feature", "geometry": {"type": "Point", "coordinates": [3.98626, 42.042099]}, "properties": {"var_data": [0.18, -0.155, 0.016, 0.146, 1.766, -0.002, 1, 0, 1, 1, 1]}}, {"type": "Feature", "geometry": {"type": "Point", "coordinates": [4.0216, 42.042099]}, "properties": {"var_data": [0.172, -0.27, 0.018, 0.187, 4.144, -0.003, 4, 0, 4, 1, 1]}}, {"type": "Feature", "geometry": {"type": "Point", "coordinates": [4.12762, 42.042099]}, "properties": {"var_data": [0.141, -0.02, 0.014, 0.12, 1.384, -0.001, 1, 0, 1, 1, 1]}}, {"type": "Feature", "geometry": {"type": "Point", "coordinates": [3.24412, 42.069099]}, "properties": {"var_data": [0.643, 0.066, 0.027, 0.014, 0.449, -0.0, 1, 1, 1, 1, 1]}}, {"type": "Feature", "geometry": {"type": "Point", "coordinates": [3.27946, 42.069099]}, "properties": {"var_data": [0.542, 0.102, 0.024, 0.015, 0.358, -0.0, 1, 1, 1, 1, 1]}}, {"type": "Feature", "geometry": {"type": "Point", "coordinates": [3.3148, 42.069099]}, "properties": {"var_data": [0.466, 0.175, 0.02, 0.016, 0.31, -0.0, 1, 1, 1, 1, 1]}}, {"type": "Feature", "geometry": {"type": "Point", "coordinates": [3.35014, 42.069099]}, "properties": {"var_data": [0.464, 0.196, 0.022, 0.02, 0.277, -0.0, 1, 1, 1, 1, 1]}}, {"type": "Feature", "geometry": {"type": "Point", "coordinates": [3.38548, 42.069099]}, "properties": {"var_data": [0.429, 0.148, 0.021, 0.025, 0.266, -0.0, 1, 1, 1, 1, 1]}}, {"type": "Feature", "geometry": {"type": "Point", "coordinates": [3.42082, 42.069099]}, "properties": {"var_data": [0.427, 0.102, 0.022, 0.031, 0.307, -0.001, 1, 1, 1, 1, 1]}}, {"type": "Feature", "geometry": {"type": "Point", "coordinates": [3.45616, 42.069099]}, "properties": {"var_data": [0.461, -0.042, 0.01, 0.01, 0.311, 0.0, 1, 1, 1, 1, 1]}}, {"type": "Feature", "geometry": {"type": "Point", "coordinates": [3.4915, 42.069099]}, "properties": {"var_data": [0.446, -0.092, 0.011, 0.01, 0.319, 0.0, 1, 1, 1, 1, 1]}}, {"type": "Feature", "geometry": {"type": "Point", "coordinates": [3.52684, 42.069099]}, "properties": {"var_data": [0.379, -0.11, 0.013, 0.012, 0.352, 0.0, 1, 1, 1, 1, 1]}}, {"type": "Feature", "geometry": {"type": "Point", "coordinates": [3.56218, 42.069099]}, "properties": {"var_data": [0.303, -0.105, 0.012, 0.012, 0.342, 0.0, 1, 1, 1, 1, 1]}}, {"type": "Feature", "geometry": {"type": "Point", "coordinates": [3.59752, 42.069099]}, "properties": {"var_data": [0.263, -0.134, 0.01, 0.012, 0.354, 0.0, 1, 1, 1, 1, 1]}}, {"type": "Feature", "geometry": {"type": "Point", "coordinates": [3.63286, 42.069099]}, "properties": {"var_data": [0.241, -0.161, 0.011, 0.026, 0.359, -0.0, 1, 1, 1, 1, 1]}}, {"type": "Feature", "geometry": {"type": "Point", "coordinates": [3.6682, 42.069099]}, "properties": {"var_data": [0.219, -0.2, 0.007, 0.018, 0.403, -0.0, 1, 1, 1, 1, 1]}}, {"type": "Feature", "geometry": {"type": "Point", "coordinates": [3.70354, 42.069099]}, "properties": {"var_data": [0.205, -0.21, 0.006, 0.014, 0.412, -0.0, 1, 1, 1, 1, 1]}}, {"type": "Feature", "geometry": {"type": "Point", "coordinates": [3.73888, 42.069099]}, "properties": {"var_data": [0.201, -0.268, 0.006, 0.015, 0.471, -0.0, 1, 1, 1, 1, 1]}}, {"type": "Feature", "geometry": {"type": "Point", "coordinates": [3.77422, 42.069099]}, "properties": {"var_data": [0.183, -0.225, 0.006, 0.015, 0.505, -0.0, 1, 1, 1, 1, 1]}}, {"type": "Feature", "geometry": {"type": "Point", "coordinates": [3.80956, 42.069099]}, "properties": {"var_data": [0.203, -0.333, 0.01, 0.034, 0.826, -0.0, 1, 1, 1, 1, 1]}}, {"type": "Feature", "geometry": {"type": "Point", "coordinates": [3.8449, 42.069099]}, "properties": {"var_data": [0.259, -0.563, 0.031, 0.11, 4.02, -0.003, 4, 0, 4, 1, 1]}}, {"type": "Feature", "geometry": {"type": "Point", "coordinates": [3.88024, 42.069099]}, "properties": {"var_data": [0.162, -0.127, 0.012, 0.039, 0.871, -0.0, 1, 1, 1, 1, 1]}}, {"type": "Feature", "geometry": {"type": "Point", "coordinates": [3.91558, 42.069099]}, "properties": {"var_data": [0.177, -0.132, 0.012, 0.045, 1.066, -0.0, 1, 1, 1, 1, 1]}}, {"type": "Feature", "geometry": {"type": "Point", "coordinates": [3.95092, 42.069099]}, "properties": {"var_data": [0.165, -0.064, 0.033, 0.145, 1.277, -0.005, 1, 1, 1, 1, 1]}}, {"type": "Feature", "geometry": {"type": "Point", "coordinates": [3.98626, 42.069099]}, "properties": {"var_data": [0.175, -0.129, 0.014, 0.1, 1.743, -0.001, 1, 1, 1, 1, 1]}}, {"type": "Feature", "geometry": {"type": "Point", "coordinates": [4.0216, 42.069099]}, "properties": {"var_data": [0.172, -0.128, 0.038, 0.244, 1.907, -0.008, 1, 1, 1, 1, 1]}}, {"type": "Feature", "geometry": {"type": "Point", "coordinates": [4.05694, 42.069099]}, "properties": {"var_data": [0.11, 0.17, 0.03, 0.22, 2.169, -0.006, 4, 1, 4, 1, 1]}}, {"type": "Feature", "geometry": {"type": "Point", "coordinates": [4.09228, 42.069099]}, "properties": {"var_data": [0.139, -0.073, 0.015, 0.103, 1.268, -0.001, 1, 1, 1, 1, 1]}}, {"type": "Feature", "geometry": {"type": "Point", "coordinates": [4.12762, 42.069099]}, "properties": {"var_data": [0.152, -0.191, 0.014, 0.098, 1.168, -0.001, 1, 1, 1, 1, 1]}}, {"type": "Feature", "geometry": {"type": "Point", "coordinates": [3.24412, 42.0961]}, "properties": {"var_data": [0.418, 0.073, 0.036, 0.013, 0.608, -0.0, 1, 1, 1, 1, 1]}}, {"type": "Feature", "geometry": {"type": "Point", "coordinates": [3.27946, 42.0961]}, "properties": {"var_data": [0.613, 0.081, 0.028, 0.014, 0.443, -0.0, 1, 1, 1, 1, 1]}}, {"type": "Feature", "geometry": {"type": "Point", "coordinates": [3.3148, 42.0961]}, "properties": {"var_data": [0.462, 0.191, 0.025, 0.016, 0.343, -0.0, 1, 1, 1, 1, 1]}}, {"type": "Feature", "geometry": {"type": "Point", "coordinates": [3.35014, 42.0961]}, "properties": {"var_data": [0.507, 0.209, 0.025, 0.022, 0.298, -0.0, 1, 1, 1, 1, 1]}}, {"type": "Feature", "geometry": {"type": "Point", "coordinates": [3.38548, 42.0961]}, "properties": {"var_data": [0.48, 0.222, 0.03, 0.028, 0.301, -0.001, 1, 1, 1, 1, 1]}}, {"type": "Feature", "geometry": {"type": "Point", "coordinates": [3.42082, 42.0961]}, "properties": {"var_data": [0.488, 0.108, 0.021, 0.023, 0.289, -0.0, 1, 1, 1, 1, 1]}}, {"type": "Feature", "geometry": {"type": "Point", "coordinates": [3.45616, 42.0961]}, "properties": {"var_data": [0.484, -0.026, 0.014, 0.016, 0.305, -0.0, 1, 1, 1, 1, 1]}}, {"type": "Feature", "geometry": {"type": "Point", "coordinates": [3.4915, 42.0961]}, "properties": {"var_data": [0.473, -0.061, 0.013, 0.011, 0.311, 0.0, 1, 1, 1, 1, 1]}}, {"type": "Feature", "geometry": {"type": "Point", "coordinates": [3.52684, 42.0961]}, "properties": {"var_data": [0.396, -0.067, 0.015, 0.013, 0.33, 0.0, 1, 1, 1, 1, 1]}}, {"type": "Feature", "geometry": {"type": "Point", "coordinates": [3.56218, 42.0961]}, "properties": {"var_data": [0.363, -0.094, 0.017, 0.014, 0.327, 0.0, 1, 1, 1, 1, 1]}}, {"type": "Feature", "geometry": {"type": "Point", "coordinates": [3.59752, 42.0961]}, "properties": {"var_data": [0.328, -0.08, 0.011, 0.019, 0.354, -0.0, 1, 1, 1, 1, 1]}}, {"type": "Feature", "geometry": {"type": "Point", "coordinates": [3.63286, 42.0961]}, "properties": {"var_data": [0.303, -0.1, 0.009, 0.019, 0.349, -0.0, 1, 1, 1, 1, 1]}}, {"type": "Feature", "geometry": {"type": "Point", "coordinates": [3.6682, 42.0961]}, "properties": {"var_data": [0.282, -0.16, 0.008, 0.017, 0.402, -0.0, 1, 1, 1, 1, 1]}}, {"type": "Feature", "geometry": {"type": "Point", "coordinates": [3.70354, 42.0961]}, "properties": {"var_data": [0.259, -0.239, 0.006, 0.015, 0.448, -0.0, 1, 1, 1, 1, 1]}}, {"type": "Feature", "geometry": {"type": "Point", "coordinates": [3.73888, 42.0961]}, "properties": {"var_data": [0.229, -0.25, 0.006, 0.014, 0.47, -0.0, 1, 1, 1, 1, 1]}}, {"type": "Feature", "geometry": {"type": "Point", "coordinates": [3.77422, 42.0961]}, "properties": {"var_data": [0.201, -0.222, 0.011, 0.035, 0.657, -0.0, 1, 1, 1, 1, 1]}}, {"type": "Feature", "geometry": {"type": "Point", "coordinates": [3.80956, 42.0961]}, "properties": {"var_data": [0.192, -0.236, 0.013, 0.04, 0.624, -0.0, 1, 1, 1, 1, 1]}}, {"type": "Feature", "geometry": {"type": "Point", "coordinates": [3.8449, 42.0961]}, "properties": {"var_data": [0.172, -0.231, 0.012, 0.04, 0.751, -0.0, 1, 1, 1, 1, 1]}}, {"type": "Feature", "geometry": {"type": "Point", "coordinates": [3.88024, 42.0961]}, "properties": {"var_data": [0.176, -0.26, 0.011, 0.041, 0.82, -0.0, 1, 1, 1, 1, 1]}}, {"type": "Feature", "geometry": {"type": "Point", "coordinates": [3.91558, 42.0961]}, "properties": {"var_data": [0.179, -0.167, 0.012, 0.044, 0.955, -0.0, 1, 1, 1, 1, 1]}}, {"type": "Feature", "geometry": {"type": "Point", "coordinates": [3.95092, 42.0961]}, "properties": {"var_data": [0.181, -0.188, 0.01, 0.039, 0.835, -0.0, 1, 1, 1, 1, 1]}}, {"type": "Feature", "geometry": {"type": "Point", "coordinates": [3.98626, 42.0961]}, "properties": {"var_data": [0.188, -0.274, 0.018, 0.07, 0.965, -0.001, 1, 1, 1, 1, 1]}}, {"type": "Feature", "geometry": {"type": "Point", "coordinates": [4.0216, 42.0961]}, "properties": {"var_data": [0.168, -0.197, 0.017, 0.071, 0.975, -0.001, 1, 1, 1, 1, 1]}}, {"type": "Feature", "geometry": {"type": "Point", "coordinates": [4.05694, 42.0961]}, "properties": {"var_data": [0.16, -0.172, 0.017, 0.072, 1.107, -0.001, 1, 1, 1, 1, 1]}}, {"type": "Feature", "geometry": {"type": "Point", "coordinates": [4.09228, 42.0961]}, "properties": {"var_data": [0.141, -0.066, 0.02, 0.088, 1.129, -0.001, 1, 1, 1, 1, 1]}}, {"type": "Feature", "geometry": {"type": "Point", "coordinates": [4.12762, 42.0961]}, "properties": {"var_data": [0.148, -0.114, 0.018, 0.078, 1.012, -0.001, 1, 1, 1, 1, 1]}}, {"type": "Feature", "geometry": {"type": "Point", "coordinates": [3.27946, 42.1231]}, "properties": {"var_data": [0.335, 0.128, 0.033, 0.013, 0.516, -0.0, 1, 1, 1, 1, 1]}}, {"type": "Feature", "geometry": {"type": "Point", "coordinates": [3.3148, 42.1231]}, "properties": {"var_data": [0.422, 0.215, 0.026, 0.014, 0.351, -0.0, 1, 1, 1, 1, 1]}}, {"type": "Feature", "geometry": {"type": "Point", "coordinates": [3.35014, 42.1231]}, "properties": {"var_data": [0.446, 0.279, 0.029, 0.02, 0.322, -0.0, 1, 1, 1, 1, 1]}}, {"type": "Feature", "geometry": {"type": "Point", "coordinates": [3.38548, 42.1231]}, "properties": {"var_data": [0.454, 0.263, 0.036, 0.03, 0.313, -0.001, 1, 1, 1, 1, 1]}}, {"type": "Feature", "geometry": {"type": "Point", "coordinates": [3.42082, 42.1231]}, "properties": {"var_data": [0.466, 0.17, 0.012, 0.011, 0.295, 0.0, 1, 1, 1, 1, 1]}}, {"type": "Feature", "geometry": {"type": "Point", "coordinates": [3.45616, 42.1231]}, "properties": {"var_data": [0.461, 0.075, 0.012, 0.011, 0.302, 0.0, 1, 1, 1, 1, 1]}}, {"type": "Feature", "geometry": {"type": "Point", "coordinates": [3.4915, 42.1231]}, "properties": {"var_data": [0.423, 0.012, 0.013, 0.012, 0.314, 0.0, 1, 1, 1, 1, 1]}}, {"type": "Feature", "geometry": {"type": "Point", "coordinates": [3.52684, 42.1231]}, "properties": {"var_data": [0.417, -0.051, 0.015, 0.014, 0.311, 0.0, 1, 1, 1, 1, 1]}}, {"type": "Feature", "geometry": {"type": "Point", "coordinates": [3.56218, 42.1231]}, "properties": {"var_data": [0.382, -0.032, 0.015, 0.017, 0.336, 0.0, 1, 1, 1, 1, 1]}}, {"type": "Feature", "geometry": {"type": "Point", "coordinates": [3.59752, 42.1231]}, "properties": {"var_data": [0.373, -0.068, 0.013, 0.018, 0.352, 0.0, 1, 1, 1, 1, 1]}}, {"type": "Feature", "geometry": {"type": "Point", "coordinates": [3.63286, 42.1231]}, "properties": {"var_data": [0.35, -0.097, 0.007, 0.012, 0.38, -0.0, 1, 1, 1, 1, 1]}}, {"type": "Feature", "geometry": {"type": "Point", "coordinates": [3.6682, 42.1231]}, "properties": {"var_data": [0.359, -0.159, 0.006, 0.012, 0.436, -0.0, 1, 1, 1, 1, 1]}}, {"type": "Feature", "geometry": {"type": "Point", "coordinates": [3.70354, 42.1231]}, "properties": {"var_data": [0.289, -0.186, 0.006, 0.012, 0.441, -0.0, 1, 1, 1, 1, 1]}}, {"type": "Feature", "geometry": {"type": "Point", "coordinates": [3.73888, 42.1231]}, "properties": {"var_data": [0.219, -0.197, 0.007, 0.016, 0.519, -0.0, 1, 1, 1, 1, 1]}}, {"type": "Feature", "geometry": {"type": "Point", "coordinates": [3.77422, 42.1231]}, "properties": {"var_data": [0.188, -0.201, 0.01, 0.024, 0.548, -0.0, 1, 1, 1, 1, 1]}}, {"type": "Feature", "geometry": {"type": "Point", "coordinates": [3.80956, 42.1231]}, "properties": {"var_data": [0.172, -0.201, 0.024, 0.069, 0.665, -0.002, 1, 1, 1, 1, 1]}}, {"type": "Feature", "geometry": {"type": "Point", "coordinates": [3.8449, 42.1231]}, "properties": {"var_data": [0.177, -0.263, 0.008, 0.024, 0.628, -0.0, 1, 1, 1, 1, 1]}}, {"type": "Feature", "geometry": {"type": "Point", "coordinates": [3.88024, 42.1231]}, "properties": {"var_data": [0.163, -0.24, 0.008, 0.025, 0.636, -0.0, 1, 1, 1, 1, 1]}}, {"type": "Feature", "geometry": {"type": "Point", "coordinates": [3.91558, 42.1231]}, "properties": {"var_data": [0.165, -0.228, 0.008, 0.025, 0.642, -0.0, 1, 1, 1, 1, 1]}}, {"type": "Feature", "geometry": {"type": "Point", "coordinates": [3.95092, 42.1231]}, "properties": {"var_data": [0.157, -0.224, 0.011, 0.033, 0.699, -0.0, 1, 1, 1, 1, 1]}}, {"type": "Feature", "geometry": {"type": "Point", "coordinates": [3.98626, 42.1231]}, "properties": {"var_data": [0.172, -0.242, 0.018, 0.059, 0.842, -0.001, 1, 1, 1, 1, 1]}}, {"type": "Feature", "geometry": {"type": "Point", "coordinates": [4.0216, 42.1231]}, "properties": {"var_data": [0.176, -0.228, 0.017, 0.064, 0.957, -0.001, 1, 1, 1, 1, 1]}}, {"type": "Feature", "geometry": {"type": "Point", "coordinates": [4.05694, 42.1231]}, "properties": {"var_data": [0.156, -0.186, 0.015, 0.06, 0.947, -0.001, 1, 1, 1, 1, 1]}}, {"type": "Feature", "geometry": {"type": "Point", "coordinates": [4.09228, 42.1231]}, "properties": {"var_data": [0.146, -0.098, 0.011, 0.047, 0.92, -0.0, 1, 1, 1, 1, 1]}}, {"type": "Feature", "geometry": {"type": "Point", "coordinates": [4.12762, 42.1231]}, "properties": {"var_data": [0.142, -0.069, 0.01, 0.041, 0.874, -0.0, 1, 1, 1, 1, 1]}}, {"type": "Feature", "geometry": {"type": "Point", "coordinates": [3.27946, 42.150101]}, "properties": {"var_data": [0.019, 0.167, 0.038, 0.011, 0.506, -0.0, 1, 1, 1, 1, 1]}}, {"type": "Feature", "geometry": {"type": "Point", "coordinates": [3.3148, 42.150101]}, "properties": {"var_data": [0.298, 0.231, 0.029, 0.012, 0.381, -0.0, 1, 1, 1, 1, 1]}}, {"type": "Feature", "geometry": {"type": "Point", "coordinates": [3.35014, 42.150101]}, "properties": {"var_data": [0.405, 0.28, 0.028, 0.017, 0.34, -0.0, 1, 1, 1, 1, 1]}}, {"type": "Feature", "geometry": {"type": "Point", "coordinates": [3.38548, 42.150101]}, "properties": {"var_data": [0.457, 0.265, 0.031, 0.024, 0.331, -0.001, 1, 1, 1, 1, 1]}}, {"type": "Feature", "geometry": {"type": "Point", "coordinates": [3.42082, 42.150101]}, "properties": {"var_data": [0.42, 0.235, 0.011, 0.01, 0.316, -0.0, 1, 1, 1, 1, 1]}}, {"type": "Feature", "geometry": {"type": "Point", "coordinates": [3.45616, 42.150101]}, "properties": {"var_data": [0.369, 0.161, 0.012, 0.01, 0.3, 0.0, 1, 1, 1, 1, 1]}}, {"type": "Feature", "geometry": {"type": "Point", "coordinates": [3.4915, 42.150101]}, "properties": {"var_data": [0.387, 0.109, 0.012, 0.011, 0.294, 0.0, 1, 1, 1, 1, 1]}}, {"type": "Feature", "geometry": {"type": "Point", "coordinates": [3.52684, 42.150101]}, "properties": {"var_data": [0.394, 0.041, 0.014, 0.014, 0.299, 0.0, 1, 1, 1, 1, 1]}}, {"type": "Feature", "geometry": {"type": "Point", "coordinates": [3.56218, 42.150101]}, "properties": {"var_data": [0.352, 0.021, 0.015, 0.021, 0.32, -0.0, 1, 1, 1, 1, 1]}}, {"type": "Feature", "geometry": {"type": "Point", "coordinates": [3.59752, 42.150101]}, "properties": {"var_data": [0.366, -0.028, 0.009, 0.015, 0.353, -0.0, 1, 1, 1, 1, 1]}}, {"type": "Feature", "geometry": {"type": "Point", "coordinates": [3.63286, 42.150101]}, "properties": {"var_data": [0.368, -0.038, 0.007, 0.012, 0.381, -0.0, 1, 1, 1, 1, 1]}}, {"type": "Feature", "geometry": {"type": "Point", "coordinates": [3.6682, 42.150101]}, "properties": {"var_data": [0.357, -0.074, 0.006, 0.011, 0.412, -0.0, 1, 1, 1, 1, 1]}}, {"type": "Feature", "geometry": {"type": "Point", "coordinates": [3.70354, 42.150101]}, "properties": {"var_data": [0.282, -0.081, 0.006, 0.012, 0.465, -0.0, 1, 1, 1, 1, 1]}}, {"type": "Feature", "geometry": {"type": "Point", "coordinates": [3.73888, 42.150101]}, "properties": {"var_data": [0.233, -0.13, 0.007, 0.014, 0.519, -0.0, 1, 1, 1, 1, 1]}}, {"type": "Feature", "geometry": {"type": "Point", "coordinates": [3.77422, 42.150101]}, "properties": {"var_data": [0.189, -0.207, 0.01, 0.024, 0.576, -0.0, 1, 1, 1, 1, 1]}}, {"type": "Feature", "geometry": {"type": "Point", "coordinates": [3.80956, 42.150101]}, "properties": {"var_data": [0.167, -0.231, 0.009, 0.024, 0.568, -0.0, 1, 1, 1, 1, 1]}}, {"type": "Feature", "geometry": {"type": "Point", "coordinates": [3.8449, 42.150101]}, "properties": {"var_data": [0.171, -0.277, 0.008, 0.022, 0.56, -0.0, 1, 1, 1, 1, 1]}}, {"type": "Feature", "geometry": {"type": "Point", "coordinates": [3.88024, 42.150101]}, "properties": {"var_data": [0.163, -0.249, 0.008, 0.025, 0.585, -0.0, 1, 1, 1, 1, 1]}}, {"type": "Feature", "geometry": {"type": "Point", "coordinates": [3.91558, 42.150101]}, "properties": {"var_data": [0.163, -0.239, 0.007, 0.022, 0.63, -0.0, 1, 1, 1, 1, 1]}}, {"type": "Feature", "geometry": {"type": "Point", "coordinates": [3.95092, 42.150101]}, "properties": {"var_data": [0.144, -0.208, 0.01, 0.031, 0.693, -0.0, 1, 1, 1, 1, 1]}}, {"type": "Feature", "geometry": {"type": "Point", "coordinates": [3.98626, 42.150101]}, "properties": {"var_data": [0.159, -0.257, 0.01, 0.032, 0.711, -0.0, 1, 1, 1, 1, 1]}}, {"type": "Feature", "geometry": {"type": "Point", "coordinates": [4.0216, 42.150101]}, "properties": {"var_data": [0.147, -0.216, 0.013, 0.042, 0.786, -0.0, 1, 1, 1, 1, 1]}}, {"type": "Feature", "geometry": {"type": "Point", "coordinates": [4.05694, 42.150101]}, "properties": {"var_data": [0.148, -0.135, 0.012, 0.042, 0.854, -0.0, 1, 1, 1, 1, 1]}}, {"type": "Feature", "geometry": {"type": "Point", "coordinates": [4.09228, 42.150101]}, "properties": {"var_data": [0.139, -0.058, 0.012, 0.046, 0.928, -0.0, 1, 1, 1, 1, 1]}}, {"type": "Feature", "geometry": {"type": "Point", "coordinates": [4.12762, 42.150101]}, "properties": {"var_data": [0.138, -0.081, 0.011, 0.042, 1.001, -0.0, 1, 1, 1, 1, 1]}}, {"type": "Feature", "geometry": {"type": "Point", "coordinates": [3.27946, 42.177101]}, "properties": {"var_data": [-0.141, 0.135, 0.046, 0.009, 0.496, -0.0, 1, 1, 1, 1, 1]}}, {"type": "Feature", "geometry": {"type": "Point", "coordinates": [3.3148, 42.177101]}, "properties": {"var_data": [0.176, 0.18, 0.035, 0.01, 0.41, -0.0, 1, 1, 1, 1, 1]}}, {"type": "Feature", "geometry": {"type": "Point", "coordinates": [3.35014, 42.177101]}, "properties": {"var_data": [0.334, 0.245, 0.026, 0.013, 0.351, -0.0, 1, 1, 1, 1, 1]}}, {"type": "Feature", "geometry": {"type": "Point", "coordinates": [3.38548, 42.177101]}, "properties": {"var_data": [0.341, 0.283, 0.023, 0.017, 0.314, -0.0, 1, 1, 1, 1, 1]}}, {"type": "Feature", "geometry": {"type": "Point", "coordinates": [3.42082, 42.177101]}, "properties": {"var_data": [0.323, 0.316, 0.01, 0.009, 0.308, -0.0, 1, 1, 1, 1, 1]}}, {"type": "Feature", "geometry": {"type": "Point", "coordinates": [3.45616, 42.177101]}, "properties": {"var_data": [0.315, 0.239, 0.011, 0.009, 0.307, -0.0, 1, 1, 1, 1, 1]}}, {"type": "Feature", "geometry": {"type": "Point", "coordinates": [3.4915, 42.177101]}, "properties": {"var_data": [0.307, 0.178, 0.011, 0.01, 0.287, -0.0, 1, 1, 1, 1, 1]}}, {"type": "Feature", "geometry": {"type": "Point", "coordinates": [3.52684, 42.177101]}, "properties": {"var_data": [0.288, 0.152, 0.011, 0.01, 0.301, 0.0, 1, 1, 1, 1, 1]}}, {"type": "Feature", "geometry": {"type": "Point", "coordinates": [3.56218, 42.177101]}, "properties": {"var_data": [0.337, 0.067, 0.017, 0.024, 0.329, -0.0, 1, 1, 1, 1, 1]}}, {"type": "Feature", "geometry": {"type": "Point", "coordinates": [3.59752, 42.177101]}, "properties": {"var_data": [0.345, 0.024, 0.015, 0.025, 0.364, -0.0, 1, 1, 1, 1, 1]}}, {"type": "Feature", "geometry": {"type": "Point", "coordinates": [3.63286, 42.177101]}, "properties": {"var_data": [0.324, 0.027, 0.009, 0.015, 0.387, -0.0, 1, 1, 1, 1, 1]}}, {"type": "Feature", "geometry": {"type": "Point", "coordinates": [3.6682, 42.177101]}, "properties": {"var_data": [0.301, 0.031, 0.008, 0.015, 0.427, -0.0, 1, 1, 1, 1, 1]}}, {"type": "Feature", "geometry": {"type": "Point", "coordinates": [3.70354, 42.177101]}, "properties": {"var_data": [0.29, -0.018, 0.009, 0.016, 0.495, -0.0, 1, 1, 1, 1, 1]}}, {"type": "Feature", "geometry": {"type": "Point", "coordinates": [3.73888, 42.177101]}, "properties": {"var_data": [0.251, -0.013, 0.012, 0.023, 0.622, -0.0, 1, 1, 1, 1, 1]}}, {"type": "Feature", "geometry": {"type": "Point", "coordinates": [3.77422, 42.177101]}, "properties": {"var_data": [0.184, -0.156, 0.016, 0.036, 0.566, -0.001, 1, 1, 1, 1, 1]}}, {"type": "Feature", "geometry": {"type": "Point", "coordinates": [3.80956, 42.177101]}, "properties": {"var_data": [0.154, -0.257, 0.011, 0.025, 0.552, -0.0, 1, 1, 1, 1, 1]}}, {"type": "Feature", "geometry": {"type": "Point", "coordinates": [3.8449, 42.177101]}, "properties": {"var_data": [0.164, -0.267, 0.009, 0.021, 0.582, -0.0, 1, 1, 1, 1, 1]}}, {"type": "Feature", "geometry": {"type": "Point", "coordinates": [3.88024, 42.177101]}, "properties": {"var_data": [0.173, -0.232, 0.008, 0.02, 0.602, -0.0, 1, 1, 1, 1, 1]}}, {"type": "Feature", "geometry": {"type": "Point", "coordinates": [3.91558, 42.177101]}, "properties": {"var_data": [0.172, -0.181, 0.008, 0.019, 0.647, -0.0, 1, 1, 1, 1, 1]}}, {"type": "Feature", "geometry": {"type": "Point", "coordinates": [3.95092, 42.177101]}, "properties": {"var_data": [0.158, -0.167, 0.011, 0.027, 0.719, -0.0, 1, 1, 1, 1, 1]}}, {"type": "Feature", "geometry": {"type": "Point", "coordinates": [3.98626, 42.177101]}, "properties": {"var_data": [0.149, -0.234, 0.011, 0.034, 0.777, -0.0, 1, 1, 1, 1, 1]}}, {"type": "Feature", "geometry": {"type": "Point", "coordinates": [4.0216, 42.177101]}, "properties": {"var_data": [0.159, -0.237, 0.011, 0.036, 0.745, -0.0, 1, 1, 1, 1, 1]}}, {"type": "Feature", "geometry": {"type": "Point", "coordinates": [4.05694, 42.177101]}, "properties": {"var_data": [0.147, -0.141, 0.011, 0.04, 0.85, -0.0, 1, 1, 1, 1, 1]}}, {"type": "Feature", "geometry": {"type": "Point", "coordinates": [4.09228, 42.177101]}, "properties": {"var_data": [0.148, -0.106, 0.011, 0.041, 0.874, -0.0, 1, 1, 1, 1, 1]}}, {"type": "Feature", "geometry": {"type": "Point", "coordinates": [3.27946, 42.204102]}, "properties": {"var_data": [-0.113, 0.064, 0.011, 0.003, 0.499, -0.0, 1, 1, 1, 1, 1]}}, {"type": "Feature", "geometry": {"type": "Point", "coordinates": [3.3148, 42.204102]}, "properties": {"var_data": [0.155, 0.101, 0.022, 0.006, 0.429, 0.0, 1, 1, 1, 1, 1]}}, {"type": "Feature", "geometry": {"type": "Point", "coordinates": [3.35014, 42.204102]}, "properties": {"var_data": [0.278, 0.158, 0.013, 0.006, 0.344, 0.0, 1, 1, 1, 1, 1]}}, {"type": "Feature", "geometry": {"type": "Point", "coordinates": [3.38548, 42.204102]}, "properties": {"var_data": [0.288, 0.218, 0.011, 0.009, 0.314, 0.0, 1, 1, 1, 1, 1]}}, {"type": "Feature", "geometry": {"type": "Point", "coordinates": [3.42082, 42.204102]}, "properties": {"var_data": [0.214, 0.306, 0.015, 0.013, 0.315, -0.0, 1, 1, 1, 1, 1]}}, {"type": "Feature", "geometry": {"type": "Point", "coordinates": [3.45616, 42.204102]}, "properties": {"var_data": [0.208, 0.316, 0.024, 0.021, 0.292, -0.0, 1, 1, 1, 1, 1]}}, {"type": "Feature", "geometry": {"type": "Point", "coordinates": [3.4915, 42.204102]}, "properties": {"var_data": [0.231, 0.239, 0.03, 0.026, 0.293, -0.001, 1, 1, 1, 1, 1]}}, {"type": "Feature", "geometry": {"type": "Point", "coordinates": [3.52684, 42.204102]}, "properties": {"var_data": [0.275, 0.171, 0.026, 0.025, 0.298, -0.001, 1, 1, 1, 1, 1]}}, {"type": "Feature", "geometry": {"type": "Point", "coordinates": [3.56218, 42.204102]}, "properties": {"var_data": [0.292, 0.086, 0.019, 0.024, 0.329, -0.0, 1, 1, 1, 1, 1]}}, {"type": "Feature", "geometry": {"type": "Point", "coordinates": [3.59752, 42.204102]}, "properties": {"var_data": [0.301, 0.015, 0.017, 0.023, 0.354, -0.0, 1, 1, 1, 1, 1]}}, {"type": "Feature", "geometry": {"type": "Point", "coordinates": [3.63286, 42.204102]}, "properties": {"var_data": [0.302, 0.006, 0.009, 0.016, 0.371, -0.0, 1, 1, 1, 1, 1]}}, {"type": "Feature", "geometry": {"type": "Point", "coordinates": [3.6682, 42.204102]}, "properties": {"var_data": [0.287, -0.015, 0.01, 0.018, 0.408, -0.0, 1, 1, 1, 1, 1]}}, {"type": "Feature", "geometry": {"type": "Point", "coordinates": [3.70354, 42.204102]}, "properties": {"var_data": [0.269, 0.003, 0.011, 0.019, 0.484, -0.0, 1, 1, 1, 1, 1]}}, {"type": "Feature", "geometry": {"type": "Point", "coordinates": [3.73888, 42.204102]}, "properties": {"var_data": [0.228, -0.032, 0.021, 0.039, 0.53, -0.001, 1, 1, 1, 1, 1]}}, {"type": "Feature", "geometry": {"type": "Point", "coordinates": [3.77422, 42.204102]}, "properties": {"var_data": [0.17, -0.194, 0.018, 0.038, 0.552, -0.001, 1, 1, 1, 1, 1]}}, {"type": "Feature", "geometry": {"type": "Point", "coordinates": [3.80956, 42.204102]}, "properties": {"var_data": [0.164, -0.256, 0.019, 0.038, 0.6, -0.0, 1, 1, 1, 1, 1]}}, {"type": "Feature", "geometry": {"type": "Point", "coordinates": [3.8449, 42.204102]}, "properties": {"var_data": [0.17, -0.252, 0.009, 0.021, 0.566, -0.0, 1, 1, 1, 1, 1]}}, {"type": "Feature", "geometry": {"type": "Point", "coordinates": [3.88024, 42.204102]}, "properties": {"var_data": [0.166, -0.208, 0.008, 0.02, 0.567, -0.0, 1, 1, 1, 1, 1]}}, {"type": "Feature", "geometry": {"type": "Point", "coordinates": [3.91558, 42.204102]}, "properties": {"var_data": [0.168, -0.152, 0.008, 0.019, 0.693, -0.0, 1, 1, 1, 1, 1]}}, {"type": "Feature", "geometry": {"type": "Point", "coordinates": [3.95092, 42.204102]}, "properties": {"var_data": [0.145, -0.132, 0.011, 0.026, 0.792, -0.0, 1, 1, 1, 1, 1]}}, {"type": "Feature", "geometry": {"type": "Point", "coordinates": [3.98626, 42.204102]}, "properties": {"var_data": [0.138, -0.203, 0.011, 0.036, 0.886, -0.0, 1, 1, 1, 1, 1]}}, {"type": "Feature", "geometry": {"type": "Point", "coordinates": [4.0216, 42.204102]}, "properties": {"var_data": [0.14, -0.236, 0.012, 0.036, 0.859, -0.0, 1, 1, 1, 1, 1]}}, {"type": "Feature", "geometry": {"type": "Point", "coordinates": [4.05694, 42.204102]}, "properties": {"var_data": [0.145, -0.182, 0.019, 0.052, 0.885, -0.001, 1, 1, 1, 1, 1]}}, {"type": "Feature", "geometry": {"type": "Point", "coordinates": [4.09228, 42.204102]}, "properties": {"var_data": [0.142, -0.127, 0.013, 0.046, 0.939, -0.0, 1, 1, 1, 1, 1]}}, {"type": "Feature", "geometry": {"type": "Point", "coordinates": [3.27946, 42.231098]}, "properties": {"var_data": [0.089, 0.015, 0.007, 0.002, 0.505, -0.0, 1, 1, 1, 1, 1]}}, {"type": "Feature", "geometry": {"type": "Point", "coordinates": [3.3148, 42.231098]}, "properties": {"var_data": [0.111, 0.024, 0.005, 0.002, 0.359, -0.0, 1, 1, 1, 1, 1]}}, {"type": "Feature", "geometry": {"type": "Point", "coordinates": [3.35014, 42.231098]}, "properties": {"var_data": [0.142, 0.072, 0.009, 0.006, 0.307, 0.0, 1, 1, 1, 1, 1]}}, {"type": "Feature", "geometry": {"type": "Point", "coordinates": [3.38548, 42.231098]}, "properties": {"var_data": [0.182, 0.133, 0.01, 0.01, 0.292, 0.0, 1, 1, 1, 1, 1]}}, {"type": "Feature", "geometry": {"type": "Point", "coordinates": [3.42082, 42.231098]}, "properties": {"var_data": [0.144, 0.268, 0.008, 0.008, 0.292, 0.0, 1, 1, 1, 1, 1]}}, {"type": "Feature", "geometry": {"type": "Point", "coordinates": [3.45616, 42.231098]}, "properties": {"var_data": [0.154, 0.292, 0.022, 0.019, 0.284, -0.0, 1, 1, 1, 1, 1]}}, {"type": "Feature", "geometry": {"type": "Point", "coordinates": [3.4915, 42.231098]}, "properties": {"var_data": [0.208, 0.282, 0.023, 0.021, 0.301, -0.0, 1, 1, 1, 1, 1]}}, {"type": "Feature", "geometry": {"type": "Point", "coordinates": [3.52684, 42.231098]}, "properties": {"var_data": [0.249, 0.168, 0.024, 0.024, 0.303, -0.0, 1, 1, 1, 1, 1]}}, {"type": "Feature", "geometry": {"type": "Point", "coordinates": [3.56218, 42.231098]}, "properties": {"var_data": [0.309, 0.052, 0.022, 0.026, 0.333, -0.0, 1, 1, 1, 1, 1]}}, {"type": "Feature", "geometry": {"type": "Point", "coordinates": [3.59752, 42.231098]}, "properties": {"var_data": [0.285, 0.011, 0.019, 0.026, 0.358, -0.0, 1, 1, 1, 1, 1]}}, {"type": "Feature", "geometry": {"type": "Point", "coordinates": [3.63286, 42.231098]}, "properties": {"var_data": [0.288, -0.032, 0.019, 0.025, 0.369, -0.0, 1, 1, 1, 1, 1]}}, {"type": "Feature", "geometry": {"type": "Point", "coordinates": [3.6682, 42.231098]}, "properties": {"var_data": [0.274, -0.057, 0.019, 0.03, 0.43, -0.0, 1, 1, 1, 1, 1]}}, {"type": "Feature", "geometry": {"type": "Point", "coordinates": [3.70354, 42.231098]}, "properties": {"var_data": [0.25, -0.074, 0.02, 0.031, 0.438, -0.0, 1, 1, 1, 1, 1]}}, {"type": "Feature", "geometry": {"type": "Point", "coordinates": [3.73888, 42.231098]}, "properties": {"var_data": [0.212, -0.12, 0.023, 0.042, 0.541, -0.001, 1, 1, 1, 1, 1]}}, {"type": "Feature", "geometry": {"type": "Point", "coordinates": [3.77422, 42.231098]}, "properties": {"var_data": [0.179, -0.16, 0.023, 0.041, 0.521, -0.001, 1, 1, 1, 1, 1]}}, {"type": "Feature", "geometry": {"type": "Point", "coordinates": [3.80956, 42.231098]}, "properties": {"var_data": [0.151, -0.192, 0.02, 0.037, 0.52, -0.001, 1, 1, 1, 1, 1]}}, {"type": "Feature", "geometry": {"type": "Point", "coordinates": [3.8449, 42.231098]}, "properties": {"var_data": [0.153, -0.18, 0.026, 0.056, 0.631, -0.001, 1, 1, 1, 1, 1]}}, {"type": "Feature", "geometry": {"type": "Point", "coordinates": [3.88024, 42.231098]}, "properties": {"var_data": [0.161, -0.111, 0.024, 0.053, 0.7, -0.001, 1, 1, 1, 1, 1]}}, {"type": "Feature", "geometry": {"type": "Point", "coordinates": [3.91558, 42.231098]}, "properties": {"var_data": [0.165, -0.099, 0.012, 0.028, 0.766, -0.0, 1, 1, 1, 1, 1]}}, {"type": "Feature", "geometry": {"type": "Point", "coordinates": [3.95092, 42.231098]}, "properties": {"var_data": [0.16, -0.098, 0.011, 0.026, 0.926, -0.0, 1, 1, 1, 1, 1]}}, {"type": "Feature", "geometry": {"type": "Point", "coordinates": [3.98626, 42.231098]}, "properties": {"var_data": [0.112, -0.238, 0.012, 0.039, 0.971, -0.0, 1, 1, 1, 1, 1]}}, {"type": "Feature", "geometry": {"type": "Point", "coordinates": [4.0216, 42.231098]}, "properties": {"var_data": [0.135, -0.182, 0.014, 0.042, 0.888, -0.0, 1, 1, 1, 1, 1]}}, {"type": "Feature", "geometry": {"type": "Point", "coordinates": [4.05694, 42.231098]}, "properties": {"var_data": [0.156, -0.195, 0.018, 0.051, 0.887, -0.001, 1, 1, 1, 1, 1]}}, {"type": "Feature", "geometry": {"type": "Point", "coordinates": [4.09228, 42.231098]}, "properties": {"var_data": [0.149, -0.13, 0.016, 0.047, 0.922, -0.001, 1, 1, 1, 1, 1]}}, {"type": "Feature", "geometry": {"type": "Point", "coordinates": [3.27946, 42.258099]}, "properties": {"var_data": [0.138, -0.003, 0.005, 0.002, 0.368, -0.0, 1, 1, 1, 1, 1]}}, {"type": "Feature", "geometry": {"type": "Point", "coordinates": [3.3148, 42.258099]}, "properties": {"var_data": [0.12, 0.008, 0.001, 0.001, 0.254, 0.0, 1, 1, 1, 1, 1]}}, {"type": "Feature", "geometry": {"type": "Point", "coordinates": [3.35014, 42.258099]}, "properties": {"var_data": [0.137, 0.024, 0.002, 0.004, 0.235, 0.0, 1, 1, 1, 1, 1]}}, {"type": "Feature", "geometry": {"type": "Point", "coordinates": [3.38548, 42.258099]}, "properties": {"var_data": [0.157, 0.113, 0.006, 0.009, 0.254, 0.0, 1, 1, 1, 1, 1]}}, {"type": "Feature", "geometry": {"type": "Point", "coordinates": [3.42082, 42.258099]}, "properties": {"var_data": [0.155, 0.184, 0.01, 0.011, 0.268, 0.0, 1, 1, 1, 1, 1]}}, {"type": "Feature", "geometry": {"type": "Point", "coordinates": [3.45616, 42.258099]}, "properties": {"var_data": [0.154, 0.218, 0.009, 0.011, 0.275, 0.0, 1, 1, 1, 1, 1]}}, {"type": "Feature", "geometry": {"type": "Point", "coordinates": [3.4915, 42.258099]}, "properties": {"var_data": [0.171, 0.211, 0.024, 0.022, 0.298, -0.0, 1, 1, 1, 1, 1]}}, {"type": "Feature", "geometry": {"type": "Point", "coordinates": [3.52684, 42.258099]}, "properties": {"var_data": [0.222, 0.142, 0.023, 0.025, 0.317, -0.0, 1, 1, 1, 1, 1]}}, {"type": "Feature", "geometry": {"type": "Point", "coordinates": [3.56218, 42.258099]}, "properties": {"var_data": [0.266, 0.042, 0.019, 0.023, 0.345, -0.0, 1, 1, 1, 1, 1]}}, {"type": "Feature", "geometry": {"type": "Point", "coordinates": [3.59752, 42.258099]}, "properties": {"var_data": [0.272, -0.019, 0.018, 0.017, 0.359, -0.0, 1, 1, 1, 1, 1]}}, {"type": "Feature", "geometry": {"type": "Point", "coordinates": [3.63286, 42.258099]}, "properties": {"var_data": [0.258, -0.06, 0.02, 0.026, 0.396, -0.0, 1, 1, 1, 1, 1]}}, {"type": "Feature", "geometry": {"type": "Point", "coordinates": [3.6682, 42.258099]}, "properties": {"var_data": [0.246, -0.081, 0.02, 0.027, 0.39, -0.0, 1, 1, 1, 1, 1]}}, {"type": "Feature", "geometry": {"type": "Point", "coordinates": [3.70354, 42.258099]}, "properties": {"var_data": [0.224, -0.106, 0.024, 0.037, 0.456, -0.001, 1, 1, 1, 1, 1]}}, {"type": "Feature", "geometry": {"type": "Point", "coordinates": [3.73888, 42.258099]}, "properties": {"var_data": [0.182, -0.095, 0.027, 0.045, 0.497, -0.001, 1, 1, 1, 1, 1]}}, {"type": "Feature", "geometry": {"type": "Point", "coordinates": [3.77422, 42.258099]}, "properties": {"var_data": [0.154, -0.141, 0.027, 0.045, 0.521, -0.001, 1, 1, 1, 1, 1]}}, {"type": "Feature", "geometry": {"type": "Point", "coordinates": [3.80956, 42.258099]}, "properties": {"var_data": [0.143, -0.143, 0.025, 0.037, 0.531, -0.001, 1, 1, 1, 1, 1]}}, {"type": "Feature", "geometry": {"type": "Point", "coordinates": [3.8449, 42.258099]}, "properties": {"var_data": [0.133, -0.159, 0.024, 0.036, 0.572, -0.001, 1, 1, 1, 1, 1]}}, {"type": "Feature", "geometry": {"type": "Point", "coordinates": [3.88024, 42.258099]}, "properties": {"var_data": [0.149, -0.143, 0.017, 0.028, 0.634, -0.0, 1, 1, 1, 1, 1]}}, {"type": "Feature", "geometry": {"type": "Point", "coordinates": [3.91558, 42.258099]}, "properties": {"var_data": [0.139, -0.086, 0.019, 0.043, 0.837, -0.001, 1, 1, 1, 1, 1]}}, {"type": "Feature", "geometry": {"type": "Point", "coordinates": [3.95092, 42.258099]}, "properties": {"var_data": [0.112, -0.134, 0.021, 0.047, 0.91, -0.001, 1, 1, 1, 1, 1]}}, {"type": "Feature", "geometry": {"type": "Point", "coordinates": [3.98626, 42.258099]}, "properties": {"var_data": [0.125, -0.159, 0.018, 0.042, 0.814, -0.001, 1, 1, 1, 1, 1]}}, {"type": "Feature", "geometry": {"type": "Point", "coordinates": [4.0216, 42.258099]}, "properties": {"var_data": [0.135, -0.142, 0.017, 0.048, 0.959, -0.0, 1, 1, 1, 1, 1]}}, {"type": "Feature", "geometry": {"type": "Point", "coordinates": [4.05694, 42.258099]}, "properties": {"var_data": [0.155, -0.217, 0.019, 0.053, 1.087, -0.001, 1, 1, 1, 1, 1]}}, {"type": "Feature", "geometry": {"type": "Point", "coordinates": [3.3148, 42.285099]}, "properties": {"var_data": [0.16, 0.024, 0.002, 0.002, 0.213, 0.0, 1, 1, 1, 1, 1]}}, {"type": "Feature", "geometry": {"type": "Point", "coordinates": [3.35014, 42.285099]}, "properties": {"var_data": [0.183, 0.051, 0.002, 0.003, 0.209, 0.0, 1, 1, 1, 1, 1]}}, {"type": "Feature", "geometry": {"type": "Point", "coordinates": [3.38548, 42.285099]}, "properties": {"var_data": [0.173, 0.112, 0.005, 0.007, 0.243, 0.0, 1, 1, 1, 1, 1]}}, {"type": "Feature", "geometry": {"type": "Point", "coordinates": [3.42082, 42.285099]}, "properties": {"var_data": [0.136, 0.14, 0.006, 0.01, 0.25, 0.0, 1, 1, 1, 1, 1]}}, {"type": "Feature", "geometry": {"type": "Point", "coordinates": [3.45616, 42.285099]}, "properties": {"var_data": [0.112, 0.15, 0.011, 0.014, 0.293, 0.0, 1, 1, 1, 1, 1]}}, {"type": "Feature", "geometry": {"type": "Point", "coordinates": [3.4915, 42.285099]}, "properties": {"var_data": [0.122, 0.151, 0.023, 0.024, 0.314, -0.0, 1, 1, 1, 1, 1]}}, {"type": "Feature", "geometry": {"type": "Point", "coordinates": [3.52684, 42.285099]}, "properties": {"var_data": [0.143, 0.123, 0.021, 0.019, 0.322, -0.0, 1, 1, 1, 1, 1]}}, {"type": "Feature", "geometry": {"type": "Point", "coordinates": [3.56218, 42.285099]}, "properties": {"var_data": [0.19, 0.076, 0.021, 0.02, 0.35, -0.0, 1, 1, 1, 1, 1]}}, {"type": "Feature", "geometry": {"type": "Point", "coordinates": [3.59752, 42.285099]}, "properties": {"var_data": [0.214, -0.01, 0.02, 0.019, 0.365, -0.0, 1, 1, 1, 1, 1]}}, {"type": "Feature", "geometry": {"type": "Point", "coordinates": [3.63286, 42.285099]}, "properties": {"var_data": [0.2, -0.025, 0.021, 0.021, 0.377, -0.0, 1, 1, 1, 1, 1]}}, {"type": "Feature", "geometry": {"type": "Point", "coordinates": [3.6682, 42.285099]}, "properties": {"var_data": [0.194, -0.059, 0.027, 0.035, 0.454, -0.001, 1, 1, 1, 1, 1]}}, {"type": "Feature", "geometry": {"type": "Point", "coordinates": [3.70354, 42.285099]}, "properties": {"var_data": [0.183, -0.055, 0.03, 0.042, 0.439, -0.001, 1, 1, 1, 1, 1]}}, {"type": "Feature", "geometry": {"type": "Point", "coordinates": [3.73888, 42.285099]}, "properties": {"var_data": [0.139, -0.042, 0.035, 0.052, 0.504, -0.002, 1, 1, 1, 1, 1]}}, {"type": "Feature", "geometry": {"type": "Point", "coordinates": [3.77422, 42.285099]}, "properties": {"var_data": [0.103, -0.028, 0.037, 0.054, 0.538, -0.002, 1, 1, 1, 1, 1]}}, {"type": "Feature", "geometry": {"type": "Point", "coordinates": [3.80956, 42.285099]}, "properties": {"var_data": [0.096, -0.08, 0.031, 0.046, 0.568, -0.001, 1, 1, 1, 1, 1]}}, {"type": "Feature", "geometry": {"type": "Point", "coordinates": [3.8449, 42.285099]}, "properties": {"var_data": [0.101, -0.12, 0.02, 0.031, 0.633, -0.001, 1, 1, 1, 1, 1]}}, {"type": "Feature", "geometry": {"type": "Point", "coordinates": [3.88024, 42.285099]}, "properties": {"var_data": [0.115, -0.12, 0.018, 0.028, 0.62, -0.0, 1, 1, 1, 1, 1]}}, {"type": "Feature", "geometry": {"type": "Point", "coordinates": [3.91558, 42.285099]}, "properties": {"var_data": [0.11, -0.097, 0.018, 0.033, 0.674, -0.0, 1, 1, 1, 1, 1]}}, {"type": "Feature", "geometry": {"type": "Point", "coordinates": [3.95092, 42.285099]}, "properties": {"var_data": [0.11, -0.109, 0.018, 0.046, 0.98, -0.0, 1, 1, 1, 1, 1]}}, {"type": "Feature", "geometry": {"type": "Point", "coordinates": [3.98626, 42.285099]}, "properties": {"var_data": [0.121, -0.142, 0.018, 0.042, 0.85, -0.001, 1, 1, 1, 1, 1]}}, {"type": "Feature", "geometry": {"type": "Point", "coordinates": [4.0216, 42.285099]}, "properties": {"var_data": [0.127, -0.117, 0.021, 0.055, 0.919, -0.001, 1, 1, 1, 1, 1]}}, {"type": "Feature", "geometry": {"type": "Point", "coordinates": [4.05694, 42.285099]}, "properties": {"var_data": [0.141, -0.13, 0.022, 0.058, 1.02, -0.001, 1, 1, 1, 1, 1]}}, {"type": "Feature", "geometry": {"type": "Point", "coordinates": [3.3148, 42.312099]}, "properties": {"var_data": [0.135, 0.014, 0.002, 0.004, 0.209, 0.0, 1, 1, 1, 1, 1]}}, {"type": "Feature", "geometry": {"type": "Point", "coordinates": [3.35014, 42.312099]}, "properties": {"var_data": [0.135, 0.042, 0.002, 0.004, 0.215, 0.0, 1, 1, 1, 1, 1]}}, {"type": "Feature", "geometry": {"type": "Point", "coordinates": [3.38548, 42.312099]}, "properties": {"var_data": [0.133, 0.066, 0.003, 0.006, 0.23, 0.0, 1, 1, 1, 1, 1]}}, {"type": "Feature", "geometry": {"type": "Point", "coordinates": [3.42082, 42.312099]}, "properties": {"var_data": [0.114, 0.1, 0.006, 0.009, 0.259, 0.0, 1, 1, 1, 1, 1]}}, {"type": "Feature", "geometry": {"type": "Point", "coordinates": [3.45616, 42.312099]}, "properties": {"var_data": [0.075, 0.103, 0.021, 0.013, 0.293, -0.0, 1, 1, 1, 1, 1]}}, {"type": "Feature", "geometry": {"type": "Point", "coordinates": [3.4915, 42.312099]}, "properties": {"var_data": [0.084, 0.092, 0.026, 0.016, 0.335, -0.0, 1, 1, 1, 1, 1]}}, {"type": "Feature", "geometry": {"type": "Point", "coordinates": [3.52684, 42.312099]}, "properties": {"var_data": [0.076, 0.109, 0.023, 0.016, 0.345, -0.0, 1, 1, 1, 1, 1]}}, {"type": "Feature", "geometry": {"type": "Point", "coordinates": [3.56218, 42.312099]}, "properties": {"var_data": [0.089, 0.11, 0.027, 0.023, 0.38, -0.001, 1, 1, 1, 1, 1]}}, {"type": "Feature", "geometry": {"type": "Point", "coordinates": [3.59752, 42.312099]}, "properties": {"var_data": [0.138, 0.063, 0.027, 0.023, 0.375, -0.001, 1, 1, 1, 1, 1]}}, {"type": "Feature", "geometry": {"type": "Point", "coordinates": [3.63286, 42.312099]}, "properties": {"var_data": [0.1, 0.086, 0.03, 0.027, 0.443, -0.001, 1, 1, 1, 1, 1]}}, {"type": "Feature", "geometry": {"type": "Point", "coordinates": [3.6682, 42.312099]}, "properties": {"var_data": [0.11, 0.054, 0.039, 0.044, 0.447, -0.001, 1, 1, 1, 1, 1]}}, {"type": "Feature", "geometry": {"type": "Point", "coordinates": [3.70354, 42.312099]}, "properties": {"var_data": [0.114, 0.021, 0.039, 0.05, 0.482, -0.002, 1, 1, 1, 1, 1]}}, {"type": "Feature", "geometry": {"type": "Point", "coordinates": [3.73888, 42.312099]}, "properties": {"var_data": [0.092, 0.028, 0.05, 0.064, 0.495, -0.003, 1, 1, 1, 1, 1]}}, {"type": "Feature", "geometry": {"type": "Point", "coordinates": [3.77422, 42.312099]}, "properties": {"var_data": [0.073, 0.009, 0.04, 0.058, 0.567, -0.002, 1, 1, 1, 1, 1]}}, {"type": "Feature", "geometry": {"type": "Point", "coordinates": [3.80956, 42.312099]}, "properties": {"var_data": [0.047, 0.022, 0.025, 0.036, 0.6, -0.001, 1, 1, 1, 1, 1]}}, {"type": "Feature", "geometry": {"type": "Point", "coordinates": [3.8449, 42.312099]}, "properties": {"var_data": [0.066, -0.022, 0.022, 0.032, 0.636, -0.001, 1, 1, 1, 1, 1]}}, {"type": "Feature", "geometry": {"type": "Point", "coordinates": [3.88024, 42.312099]}, "properties": {"var_data": [0.096, -0.049, 0.02, 0.03, 0.741, -0.001, 1, 1, 1, 1, 1]}}, {"type": "Feature", "geometry": {"type": "Point", "coordinates": [3.91558, 42.312099]}, "properties": {"var_data": [0.11, -0.078, 0.018, 0.033, 0.729, -0.0, 1, 1, 1, 1, 1]}}, {"type": "Feature", "geometry": {"type": "Point", "coordinates": [3.95092, 42.312099]}, "properties": {"var_data": [0.098, -0.04, 0.022, 0.049, 0.779, -0.001, 1, 1, 1, 1, 1]}}, {"type": "Feature", "geometry": {"type": "Point", "coordinates": [3.98626, 42.312099]}, "properties": {"var_data": [0.112, -0.064, 0.021, 0.05, 0.877, -0.001, 1, 1, 1, 1, 1]}}, {"type": "Feature", "geometry": {"type": "Point", "coordinates": [4.0216, 42.312099]}, "properties": {"var_data": [0.126, -0.085, 0.021, 0.073, 1.088, -0.001, 1, 1, 1, 1, 1]}}, {"type": "Feature", "geometry": {"type": "Point", "coordinates": [4.05694, 42.312099]}, "properties": {"var_data": [0.156, -0.164, 0.021, 0.038, 1.061, -0.001, 1, 1, 1, 1, 1]}}, {"type": "Feature", "geometry": {"type": "Point", "coordinates": [4.09228, 42.312099]}, "properties": {"var_data": [0.163, -0.25, 0.022, 0.04, 1.032, -0.001, 1, 1, 1, 1, 1]}}, {"type": "Feature", "geometry": {"type": "Point", "coordinates": [3.27946, 42.3391]}, "properties": {"var_data": [0.087, 0.018, 0.002, 0.004, 0.254, 0.0, 1, 1, 1, 1, 1]}}, {"type": "Feature", "geometry": {"type": "Point", "coordinates": [3.3148, 42.3391]}, "properties": {"var_data": [0.115, 0.008, 0.002, 0.004, 0.224, 0.0, 1, 1, 1, 1, 1]}}, {"type": "Feature", "geometry": {"type": "Point", "coordinates": [3.35014, 42.3391]}, "properties": {"var_data": [0.124, -0.031, 0.002, 0.005, 0.234, 0.0, 1, 1, 1, 1, 1]}}, {"type": "Feature", "geometry": {"type": "Point", "coordinates": [3.38548, 42.3391]}, "properties": {"var_data": [0.121, 0.044, 0.004, 0.003, 0.271, -0.0, 1, 1, 1, 1, 1]}}, {"type": "Feature", "geometry": {"type": "Point", "coordinates": [3.42082, 42.3391]}, "properties": {"var_data": [0.106, 0.056, 0.006, 0.003, 0.28, -0.0, 1, 1, 1, 1, 1]}}, {"type": "Feature", "geometry": {"type": "Point", "coordinates": [3.45616, 42.3391]}, "properties": {"var_data": [0.047, 0.077, 0.006, 0.005, 0.326, 0.0, 1, 1, 1, 1, 1]}}, {"type": "Feature", "geometry": {"type": "Point", "coordinates": [3.4915, 42.3391]}, "properties": {"var_data": [-0.013, 0.121, 0.008, 0.006, 0.339, -0.0, 1, 1, 1, 1, 1]}}, {"type": "Feature", "geometry": {"type": "Point", "coordinates": [3.52684, 42.3391]}, "properties": {"var_data": [-0.016, 0.136, 0.008, 0.006, 0.388, -0.0, 1, 1, 1, 1, 1]}}, {"type": "Feature", "geometry": {"type": "Point", "coordinates": [3.56218, 42.3391]}, "properties": {"var_data": [0.003, 0.152, 0.029, 0.022, 0.401, -0.001, 1, 1, 1, 1, 1]}}, {"type": "Feature", "geometry": {"type": "Point", "coordinates": [3.59752, 42.3391]}, "properties": {"var_data": [0.028, 0.134, 0.037, 0.031, 0.432, -0.001, 1, 1, 1, 1, 1]}}, {"type": "Feature", "geometry": {"type": "Point", "coordinates": [3.63286, 42.3391]}, "properties": {"var_data": [0.036, 0.119, 0.035, 0.031, 0.465, -0.001, 1, 1, 1, 1, 1]}}, {"type": "Feature", "geometry": {"type": "Point", "coordinates": [3.6682, 42.3391]}, "properties": {"var_data": [0.041, 0.102, 0.05, 0.055, 0.498, -0.002, 1, 1, 1, 1, 1]}}, {"type": "Feature", "geometry": {"type": "Point", "coordinates": [3.70354, 42.3391]}, "properties": {"var_data": [0.023, 0.094, 0.048, 0.057, 0.5, -0.002, 1, 1, 1, 1, 1]}}, {"type": "Feature", "geometry": {"type": "Point", "coordinates": [3.73888, 42.3391]}, "properties": {"var_data": [0.011, 0.112, 0.062, 0.076, 0.554, -0.004, 1, 1, 1, 1, 1]}}, {"type": "Feature", "geometry": {"type": "Point", "coordinates": [3.77422, 42.3391]}, "properties": {"var_data": [0.006, 0.126, 0.06, 0.076, 0.569, -0.004, 1, 1, 1, 1, 1]}}, {"type": "Feature", "geometry": {"type": "Point", "coordinates": [3.80956, 42.3391]}, "properties": {"var_data": [0.014, 0.065, 0.025, 0.036, 0.653, -0.001, 1, 1, 1, 1, 1]}}, {"type": "Feature", "geometry": {"type": "Point", "coordinates": [3.8449, 42.3391]}, "properties": {"var_data": [0.048, 0.027, 0.023, 0.034, 0.644, -0.001, 1, 1, 1, 1, 1]}}, {"type": "Feature", "geometry": {"type": "Point", "coordinates": [3.88024, 42.3391]}, "properties": {"var_data": [0.074, 0.021, 0.021, 0.031, 0.693, -0.001, 1, 1, 1, 1, 1]}}, {"type": "Feature", "geometry": {"type": "Point", "coordinates": [3.91558, 42.3391]}, "properties": {"var_data": [0.109, -0.072, 0.018, 0.034, 0.847, -0.0, 1, 1, 1, 1, 1]}}, {"type": "Feature", "geometry": {"type": "Point", "coordinates": [3.95092, 42.3391]}, "properties": {"var_data": [0.104, -0.045, 0.023, 0.051, 0.841, -0.001, 1, 1, 1, 1, 1]}}, {"type": "Feature", "geometry": {"type": "Point", "coordinates": [3.98626, 42.3391]}, "properties": {"var_data": [0.105, -0.028, 0.021, 0.063, 0.911, -0.001, 1, 1, 1, 1, 1]}}, {"type": "Feature", "geometry": {"type": "Point", "coordinates": [4.0216, 42.3391]}, "properties": {"var_data": [0.136, -0.077, 0.022, 0.079, 1.08, -0.001, 1, 1, 1, 1, 1]}}, {"type": "Feature", "geometry": {"type": "Point", "coordinates": [4.05694, 42.3391]}, "properties": {"var_data": [0.149, -0.186, 0.026, 0.047, 1.235, -0.001, 1, 1, 1, 1, 1]}}, {"type": "Feature", "geometry": {"type": "Point", "coordinates": [4.09228, 42.3391]}, "properties": {"var_data": [0.177, -0.258, 0.031, 0.055, 1.4, -0.002, 1, 1, 1, 1, 1]}}, {"type": "Feature", "geometry": {"type": "Point", "coordinates": [3.20878, 42.3661]}, "properties": {"var_data": [-0.127, 0.058, 0.067, 0.022, 1.126, 0.001, 1, 1, 1, 1, 1]}}, {"type": "Feature", "geometry": {"type": "Point", "coordinates": [3.24412, 42.3661]}, "properties": {"var_data": [-0.352, -0.038, 0.017, 0.006, 0.573, 0.0, 1, 1, 1, 1, 1]}}, {"type": "Feature", "geometry": {"type": "Point", "coordinates": [3.27946, 42.3661]}, "properties": {"var_data": [-0.067, 0.013, 0.007, 0.005, 0.341, -0.0, 1, 1, 1, 1, 1]}}, {"type": "Feature", "geometry": {"type": "Point", "coordinates": [3.3148, 42.3661]}, "properties": {"var_data": [0.088, 0.004, 0.006, 0.005, 0.255, -0.0, 1, 1, 1, 1, 1]}}, {"type": "Feature", "geometry": {"type": "Point", "coordinates": [3.35014, 42.3661]}, "properties": {"var_data": [0.14, -0.062, 0.006, 0.004, 0.289, -0.0, 1, 1, 1, 1, 1]}}, {"type": "Feature", "geometry": {"type": "Point", "coordinates": [3.38548, 42.3661]}, "properties": {"var_data": [0.091, 0.031, 0.004, 0.003, 0.308, -0.0, 1, 1, 1, 1, 1]}}, {"type": "Feature", "geometry": {"type": "Point", "coordinates": [3.42082, 42.3661]}, "properties": {"var_data": [0.013, 0.085, 0.004, 0.003, 0.322, -0.0, 1, 1, 1, 1, 1]}}, {"type": "Feature", "geometry": {"type": "Point", "coordinates": [3.45616, 42.3661]}, "properties": {"var_data": [-0.004, 0.074, 0.005, 0.003, 0.305, -0.0, 1, 1, 1, 1, 1]}}, {"type": "Feature", "geometry": {"type": "Point", "coordinates": [3.4915, 42.3661]}, "properties": {"var_data": [-0.04, 0.062, 0.005, 0.005, 0.334, 0.0, 1, 1, 1, 1, 1]}}, {"type": "Feature", "geometry": {"type": "Point", "coordinates": [3.52684, 42.3661]}, "properties": {"var_data": [-0.028, 0.046, 0.008, 0.006, 0.39, -0.0, 1, 1, 1, 1, 1]}}, {"type": "Feature", "geometry": {"type": "Point", "coordinates": [3.56218, 42.3661]}, "properties": {"var_data": [-0.064, 0.127, 0.009, 0.007, 0.416, -0.0, 1, 1, 1, 1, 1]}}, {"type": "Feature", "geometry": {"type": "Point", "coordinates": [3.59752, 42.3661]}, "properties": {"var_data": [-0.026, 0.137, 0.056, 0.042, 0.497, -0.002, 1, 1, 1, 1, 1]}}, {"type": "Feature", "geometry": {"type": "Point", "coordinates": [3.63286, 42.3661]}, "properties": {"var_data": [0.013, 0.097, 0.065, 0.053, 0.486, -0.003, 1, 1, 1, 1, 1]}}, {"type": "Feature", "geometry": {"type": "Point", "coordinates": [3.6682, 42.3661]}, "properties": {"var_data": [-0.02, 0.143, 0.08, 0.079, 0.533, -0.006, 1, 1, 1, 1, 1]}}, {"type": "Feature", "geometry": {"type": "Point", "coordinates": [3.70354, 42.3661]}, "properties": {"var_data": [-0.012, 0.131, 0.081, 0.083, 0.556, -0.006, 1, 1, 1, 1, 1]}}, {"type": "Feature", "geometry": {"type": "Point", "coordinates": [3.73888, 42.3661]}, "properties": {"var_data": [-0.063, 0.16, 0.068, 0.078, 0.577, -0.005, 1, 1, 1, 1, 1]}}, {"type": "Feature", "geometry": {"type": "Point", "coordinates": [3.77422, 42.3661]}, "properties": {"var_data": [-0.09, 0.215, 0.072, 0.087, 0.632, -0.006, 1, 1, 1, 1, 1]}}, {"type": "Feature", "geometry": {"type": "Point", "coordinates": [3.80956, 42.3661]}, "properties": {"var_data": [-0.0, 0.129, 0.05, 0.063, 0.632, -0.003, 1, 1, 1, 1, 1]}}, {"type": "Feature", "geometry": {"type": "Point", "coordinates": [3.8449, 42.3661]}, "properties": {"var_data": [0.012, 0.112, 0.024, 0.037, 0.777, -0.001, 1, 1, 1, 1, 1]}}, {"type": "Feature", "geometry": {"type": "Point", "coordinates": [3.88024, 42.3661]}, "properties": {"var_data": [0.094, 0.009, 0.021, 0.033, 0.723, -0.001, 1, 1, 1, 1, 1]}}, {"type": "Feature", "geometry": {"type": "Point", "coordinates": [3.91558, 42.3661]}, "properties": {"var_data": [0.122, -0.069, 0.027, 0.041, 0.759, -0.001, 1, 1, 1, 1, 1]}}, {"type": "Feature", "geometry": {"type": "Point", "coordinates": [3.95092, 42.3661]}, "properties": {"var_data": [0.131, -0.072, 0.022, 0.046, 0.861, -0.001, 1, 1, 1, 1, 1]}}, {"type": "Feature", "geometry": {"type": "Point", "coordinates": [3.98626, 42.3661]}, "properties": {"var_data": [0.128, -0.014, 0.022, 0.076, 1.025, -0.001, 1, 1, 1, 1, 1]}}, {"type": "Feature", "geometry": {"type": "Point", "coordinates": [4.0216, 42.3661]}, "properties": {"var_data": [0.121, -0.091, 0.024, 0.066, 1.058, -0.001, 1, 1, 1, 1, 1]}}, {"type": "Feature", "geometry": {"type": "Point", "coordinates": [4.05694, 42.3661]}, "properties": {"var_data": [0.146, -0.154, 0.024, 0.043, 0.986, -0.001, 1, 1, 1, 1, 1]}}, {"type": "Feature", "geometry": {"type": "Point", "coordinates": [4.09228, 42.3661]}, "properties": {"var_data": [0.145, -0.21, 0.027, 0.049, 1.212, -0.001, 1, 1, 1, 1, 1]}}, {"type": "Feature", "geometry": {"type": "Point", "coordinates": [4.12762, 42.3661]}, "properties": {"var_data": [0.146, -0.262, 0.039, 0.069, 1.688, -0.003, 1, 1, 1, 1, 1]}}, {"type": "Feature", "geometry": {"type": "Point", "coordinates": [3.17344, 42.393101]}, "properties": {"var_data": [-0.259, 0.021, 0.21, 0.112, 3.417, 0.023, 4, 4, 4, 1, 1]}}, {"type": "Feature", "geometry": {"type": "Point", "coordinates": [3.20878, 42.393101]}, "properties": {"var_data": [-0.267, 0.01, 0.055, 0.023, 0.94, 0.001, 1, 1, 1, 1, 1]}}, {"type": "Feature", "geometry": {"type": "Point", "coordinates": [3.24412, 42.393101]}, "properties": {"var_data": [-0.325, -0.036, 0.016, 0.006, 0.526, 0.0, 1, 1, 1, 1, 1]}}, {"type": "Feature", "geometry": {"type": "Point", "coordinates": [3.27946, 42.393101]}, "properties": {"var_data": [-0.288, -0.024, 0.016, 0.006, 0.483, 0.0, 1, 1, 1, 1, 1]}}, {"type": "Feature", "geometry": {"type": "Point", "coordinates": [3.3148, 42.393101]}, "properties": {"var_data": [-0.171, -0.018, 0.015, 0.006, 0.411, 0.0, 1, 1, 1, 1, 1]}}, {"type": "Feature", "geometry": {"type": "Point", "coordinates": [3.35014, 42.393101]}, "properties": {"var_data": [-0.007, 0.005, 0.006, 0.003, 0.345, -0.0, 1, 1, 1, 1, 1]}}, {"type": "Feature", "geometry": {"type": "Point", "coordinates": [3.38548, 42.393101]}, "properties": {"var_data": [0.006, 0.071, 0.004, 0.003, 0.354, 0.0, 1, 1, 1, 1, 1]}}, {"type": "Feature", "geometry": {"type": "Point", "coordinates": [3.42082, 42.393101]}, "properties": {"var_data": [0.008, 0.054, 0.004, 0.003, 0.322, 0.0, 1, 1, 1, 1, 1]}}, {"type": "Feature", "geometry": {"type": "Point", "coordinates": [3.45616, 42.393101]}, "properties": {"var_data": [-0.018, 0.044, 0.004, 0.003, 0.315, 0.0, 1, 1, 1, 1, 1]}}, {"type": "Feature", "geometry": {"type": "Point", "coordinates": [3.4915, 42.393101]}, "properties": {"var_data": [-0.011, 0.011, 0.005, 0.005, 0.31, 0.0, 1, 1, 1, 1, 1]}}, {"type": "Feature", "geometry": {"type": "Point", "coordinates": [3.52684, 42.393101]}, "properties": {"var_data": [-0.049, 0.03, 0.007, 0.006, 0.337, 0.0, 1, 1, 1, 1, 1]}}, {"type": "Feature", "geometry": {"type": "Point", "coordinates": [3.56218, 42.393101]}, "properties": {"var_data": [-0.038, 0.054, 0.008, 0.008, 0.414, 0.0, 1, 1, 1, 1, 1]}}, {"type": "Feature", "geometry": {"type": "Point", "coordinates": [3.59752, 42.393101]}, "properties": {"var_data": [-0.034, 0.106, 0.011, 0.013, 0.454, 0.0, 1, 1, 1, 1, 1]}}, {"type": "Feature", "geometry": {"type": "Point", "coordinates": [3.63286, 42.393101]}, "properties": {"var_data": [-0.013, 0.063, 0.022, 0.021, 0.526, -0.0, 1, 1, 1, 1, 1]}}, {"type": "Feature", "geometry": {"type": "Point", "coordinates": [3.6682, 42.393101]}, "properties": {"var_data": [-0.054, 0.075, 0.022, 0.021, 0.538, -0.0, 1, 1, 1, 1, 1]}}, {"type": "Feature", "geometry": {"type": "Point", "coordinates": [3.70354, 42.393101]}, "properties": {"var_data": [-0.082, 0.107, 0.022, 0.025, 0.568, -0.0, 1, 1, 1, 1, 1]}}, {"type": "Feature", "geometry": {"type": "Point", "coordinates": [3.73888, 42.393101]}, "properties": {"var_data": [-0.145, 0.178, 0.09, 0.085, 0.634, -0.007, 1, 1, 1, 1, 1]}}, {"type": "Feature", "geometry": {"type": "Point", "coordinates": [3.77422, 42.393101]}, "properties": {"var_data": [-0.173, 0.252, 0.092, 0.095, 0.731, -0.008, 1, 1, 1, 1, 1]}}, {"type": "Feature", "geometry": {"type": "Point", "coordinates": [3.80956, 42.393101]}, "properties": {"var_data": [-0.085, 0.167, 0.062, 0.076, 0.698, -0.005, 1, 1, 1, 1, 1]}}, {"type": "Feature", "geometry": {"type": "Point", "coordinates": [3.8449, 42.393101]}, "properties": {"var_data": [0.04, 0.015, 0.046, 0.059, 0.731, -0.003, 1, 1, 1, 1, 1]}}, {"type": "Feature", "geometry": {"type": "Point", "coordinates": [3.88024, 42.393101]}, "properties": {"var_data": [0.099, -0.047, 0.039, 0.054, 0.931, -0.002, 1, 1, 1, 1, 1]}}, {"type": "Feature", "geometry": {"type": "Point", "coordinates": [3.91558, 42.393101]}, "properties": {"var_data": [0.162, -0.132, 0.031, 0.042, 0.858, -0.001, 1, 1, 1, 1, 1]}}, {"type": "Feature", "geometry": {"type": "Point", "coordinates": [3.95092, 42.393101]}, "properties": {"var_data": [0.162, -0.129, 0.032, 0.044, 0.873, -0.001, 1, 1, 1, 1, 1]}}, {"type": "Feature", "geometry": {"type": "Point", "coordinates": [3.98626, 42.393101]}, "properties": {"var_data": [0.136, -0.107, 0.024, 0.036, 0.879, -0.001, 1, 1, 1, 1, 1]}}, {"type": "Feature", "geometry": {"type": "Point", "coordinates": [4.0216, 42.393101]}, "properties": {"var_data": [0.147, -0.106, 0.026, 0.068, 1.206, -0.001, 1, 1, 1, 1, 1]}}, {"type": "Feature", "geometry": {"type": "Point", "coordinates": [4.05694, 42.393101]}, "properties": {"var_data": [0.155, -0.137, 0.029, 0.052, 1.255, -0.002, 1, 1, 1, 1, 1]}}, {"type": "Feature", "geometry": {"type": "Point", "coordinates": [4.09228, 42.393101]}, "properties": {"var_data": [0.137, -0.161, 0.034, 0.06, 1.297, -0.002, 1, 1, 1, 1, 1]}}, {"type": "Feature", "geometry": {"type": "Point", "coordinates": [4.12762, 42.393101]}, "properties": {"var_data": [0.149, -0.194, 0.048, 0.085, 1.573, -0.004, 1, 1, 1, 1, 1]}}, {"type": "Feature", "geometry": {"type": "Point", "coordinates": [3.17344, 42.420101]}, "properties": {"var_data": [-0.355, -0.009, 0.153, 0.084, 2.212, 0.013, 4, 1, 4, 1, 1]}}, {"type": "Feature", "geometry": {"type": "Point", "coordinates": [3.20878, 42.420101]}, "properties": {"var_data": [-0.508, -0.109, 0.066, 0.037, 0.81, 0.002, 1, 1, 1, 1, 1]}}, {"type": "Feature", "geometry": {"type": "Point", "coordinates": [3.24412, 42.420101]}, "properties": {"var_data": [-0.41, -0.078, 0.04, 0.02, 0.551, 0.001, 1, 1, 1, 1, 1]}}, {"type": "Feature", "geometry": {"type": "Point", "coordinates": [3.27946, 42.420101]}, "properties": {"var_data": [-0.266, -0.059, 0.017, 0.007, 0.465, 0.0, 1, 1, 1, 1, 1]}}, {"type": "Feature", "geometry": {"type": "Point", "coordinates": [3.3148, 42.420101]}, "properties": {"var_data": [-0.14, -0.047, 0.013, 0.008, 0.495, 0.0, 1, 1, 1, 1, 1]}}, {"type": "Feature", "geometry": {"type": "Point", "coordinates": [3.35014, 42.420101]}, "properties": {"var_data": [-0.017, -0.04, 0.006, 0.003, 0.454, -0.0, 1, 1, 1, 1, 1]}}, {"type": "Feature", "geometry": {"type": "Point", "coordinates": [3.38548, 42.420101]}, "properties": {"var_data": [0.051, 0.062, 0.004, 0.003, 0.376, 0.0, 1, 1, 1, 1, 1]}}, {"type": "Feature", "geometry": {"type": "Point", "coordinates": [3.42082, 42.420101]}, "properties": {"var_data": [0.012, 0.057, 0.004, 0.003, 0.334, 0.0, 1, 1, 1, 1, 1]}}, {"type": "Feature", "geometry": {"type": "Point", "coordinates": [3.45616, 42.420101]}, "properties": {"var_data": [-0.009, 0.037, 0.004, 0.003, 0.32, 0.0, 1, 1, 1, 1, 1]}}, {"type": "Feature", "geometry": {"type": "Point", "coordinates": [3.4915, 42.420101]}, "properties": {"var_data": [-0.029, 0.037, 0.009, 0.01, 0.337, 0.0, 1, 1, 1, 1, 1]}}, {"type": "Feature", "geometry": {"type": "Point", "coordinates": [3.52684, 42.420101]}, "properties": {"var_data": [-0.064, 0.028, 0.011, 0.013, 0.361, 0.0, 1, 1, 1, 1, 1]}}, {"type": "Feature", "geometry": {"type": "Point", "coordinates": [3.56218, 42.420101]}, "properties": {"var_data": [-0.073, 0.061, 0.01, 0.011, 0.422, 0.0, 1, 1, 1, 1, 1]}}, {"type": "Feature", "geometry": {"type": "Point", "coordinates": [3.59752, 42.420101]}, "properties": {"var_data": [-0.096, 0.096, 0.011, 0.014, 0.518, 0.0, 1, 1, 1, 1, 1]}}, {"type": "Feature", "geometry": {"type": "Point", "coordinates": [3.63286, 42.420101]}, "properties": {"var_data": [-0.14, 0.088, 0.021, 0.019, 0.582, -0.0, 1, 1, 1, 1, 1]}}, {"type": "Feature", "geometry": {"type": "Point", "coordinates": [3.6682, 42.420101]}, "properties": {"var_data": [-0.057, -0.014, 0.012, 0.014, 0.505, -0.0, 1, 1, 1, 1, 1]}}, {"type": "Feature", "geometry": {"type": "Point", "coordinates": [3.70354, 42.420101]}, "properties": {"var_data": [-0.1, 0.002, 0.017, 0.017, 0.546, -0.0, 1, 1, 1, 1, 1]}}, {"type": "Feature", "geometry": {"type": "Point", "coordinates": [3.73888, 42.420101]}, "properties": {"var_data": [-0.185, 0.138, 0.023, 0.026, 0.645, -0.0, 1, 1, 1, 1, 1]}}, {"type": "Feature", "geometry": {"type": "Point", "coordinates": [3.77422, 42.420101]}, "properties": {"var_data": [-0.183, 0.118, 0.023, 0.025, 0.64, -0.0, 1, 1, 1, 1, 1]}}, {"type": "Feature", "geometry": {"type": "Point", "coordinates": [3.80956, 42.420101]}, "properties": {"var_data": [-0.159, 0.174, 0.082, 0.097, 0.942, -0.007, 1, 1, 1, 1, 1]}}, {"type": "Feature", "geometry": {"type": "Point", "coordinates": [3.8449, 42.420101]}, "properties": {"var_data": [0.056, -0.023, 0.049, 0.063, 0.863, -0.003, 1, 1, 1, 1, 1]}}, {"type": "Feature", "geometry": {"type": "Point", "coordinates": [3.88024, 42.420101]}, "properties": {"var_data": [0.129, -0.11, 0.049, 0.063, 0.889, -0.003, 1, 1, 1, 1, 1]}}, {"type": "Feature", "geometry": {"type": "Point", "coordinates": [3.91558, 42.420101]}, "properties": {"var_data": [0.195, -0.195, 0.043, 0.056, 1.088, -0.002, 1, 1, 1, 1, 1]}}, {"type": "Feature", "geometry": {"type": "Point", "coordinates": [3.95092, 42.420101]}, "properties": {"var_data": [0.185, -0.176, 0.023, 0.035, 0.926, -0.001, 1, 1, 1, 1, 1]}}, {"type": "Feature", "geometry": {"type": "Point", "coordinates": [3.98626, 42.420101]}, "properties": {"var_data": [0.131, -0.132, 0.021, 0.033, 0.865, -0.001, 1, 1, 1, 1, 1]}}, {"type": "Feature", "geometry": {"type": "Point", "coordinates": [4.0216, 42.420101]}, "properties": {"var_data": [0.166, -0.151, 0.023, 0.036, 0.914, -0.001, 1, 1, 1, 1, 1]}}, {"type": "Feature", "geometry": {"type": "Point", "coordinates": [4.05694, 42.420101]}, "properties": {"var_data": [0.154, -0.14, 0.031, 0.076, 1.608, -0.002, 1, 1, 1, 1, 1]}}, {"type": "Feature", "geometry": {"type": "Point", "coordinates": [4.09228, 42.420101]}, "properties": {"var_data": [0.133, -0.116, 0.038, 0.082, 1.607, -0.003, 1, 1, 1, 1, 1]}}, {"type": "Feature", "geometry": {"type": "Point", "coordinates": [4.12762, 42.420101]}, "properties": {"var_data": [0.145, -0.158, 0.04, 0.086, 1.666, -0.003, 1, 1, 1, 1, 1]}}, {"type": "Feature", "geometry": {"type": "Point", "coordinates": [3.17344, 42.447102]}, "properties": {"var_data": [-0.725, -0.194, 0.086, 0.048, 1.378, 0.004, 1, 1, 1, 1, 1]}}, {"type": "Feature", "geometry": {"type": "Point", "coordinates": [3.20878, 42.447102]}, "properties": {"var_data": [-0.796, -0.236, 0.064, 0.037, 0.776, 0.002, 1, 1, 1, 1, 1]}}, {"type": "Feature", "geometry": {"type": "Point", "coordinates": [3.24412, 42.447102]}, "properties": {"var_data": [-0.577, -0.159, 0.037, 0.022, 0.531, 0.001, 1, 1, 1, 1, 1]}}, {"type": "Feature", "geometry": {"type": "Point", "coordinates": [3.27946, 42.447102]}, "properties": {"var_data": [-0.231, -0.096, 0.021, 0.015, 0.454, 0.0, 1, 1, 1, 1, 1]}}, {"type": "Feature", "geometry": {"type": "Point", "coordinates": [3.3148, 42.447102]}, "properties": {"var_data": [-0.087, -0.087, 0.012, 0.009, 0.405, 0.0, 1, 1, 1, 1, 1]}}, {"type": "Feature", "geometry": {"type": "Point", "coordinates": [3.35014, 42.447102]}, "properties": {"var_data": [-0.054, -0.066, 0.01, 0.009, 0.417, 0.0, 1, 1, 1, 1, 1]}}, {"type": "Feature", "geometry": {"type": "Point", "coordinates": [3.38548, 42.447102]}, "properties": {"var_data": [0.039, 0.042, 0.007, 0.008, 0.385, 0.0, 1, 1, 1, 1, 1]}}, {"type": "Feature", "geometry": {"type": "Point", "coordinates": [3.42082, 42.447102]}, "properties": {"var_data": [0.098, 0.088, 0.008, 0.008, 0.389, 0.0, 1, 1, 1, 1, 1]}}, {"type": "Feature", "geometry": {"type": "Point", "coordinates": [3.45616, 42.447102]}, "properties": {"var_data": [0.011, 0.046, 0.008, 0.009, 0.361, 0.0, 1, 1, 1, 1, 1]}}, {"type": "Feature", "geometry": {"type": "Point", "coordinates": [3.4915, 42.447102]}, "properties": {"var_data": [-0.004, 0.034, 0.007, 0.007, 0.343, 0.0, 1, 1, 1, 1, 1]}}, {"type": "Feature", "geometry": {"type": "Point", "coordinates": [3.52684, 42.447102]}, "properties": {"var_data": [-0.094, 0.075, 0.008, 0.009, 0.424, 0.0, 1, 1, 1, 1, 1]}}, {"type": "Feature", "geometry": {"type": "Point", "coordinates": [3.56218, 42.447102]}, "properties": {"var_data": [-0.11, 0.048, 0.008, 0.009, 0.415, 0.0, 1, 1, 1, 1, 1]}}, {"type": "Feature", "geometry": {"type": "Point", "coordinates": [3.59752, 42.447102]}, "properties": {"var_data": [-0.084, 0.005, 0.006, 0.009, 0.449, 0.0, 1, 1, 1, 1, 1]}}, {"type": "Feature", "geometry": {"type": "Point", "coordinates": [3.63286, 42.447102]}, "properties": {"var_data": [-0.081, -0.068, 0.006, 0.01, 0.459, 0.0, 1, 1, 1, 1, 1]}}, {"type": "Feature", "geometry": {"type": "Point", "coordinates": [3.6682, 42.447102]}, "properties": {"var_data": [-0.04, -0.111, 0.007, 0.012, 0.45, 0.0, 1, 1, 1, 1, 1]}}, {"type": "Feature", "geometry": {"type": "Point", "coordinates": [3.70354, 42.447102]}, "properties": {"var_data": [-0.102, -0.065, 0.01, 0.013, 0.499, 0.0, 1, 1, 1, 1, 1]}}, {"type": "Feature", "geometry": {"type": "Point", "coordinates": [3.73888, 42.447102]}, "properties": {"var_data": [-0.149, -0.081, 0.01, 0.017, 0.596, 0.0, 1, 1, 1, 1, 1]}}, {"type": "Feature", "geometry": {"type": "Point", "coordinates": [3.77422, 42.447102]}, "properties": {"var_data": [-0.121, -0.009, 0.015, 0.019, 0.645, -0.0, 1, 1, 1, 1, 1]}}, {"type": "Feature", "geometry": {"type": "Point", "coordinates": [3.80956, 42.447102]}, "properties": {"var_data": [-0.109, 0.097, 0.069, 0.068, 0.894, -0.004, 1, 1, 1, 1, 1]}}, {"type": "Feature", "geometry": {"type": "Point", "coordinates": [3.8449, 42.447102]}, "properties": {"var_data": [0.097, -0.088, 0.054, 0.06, 0.976, -0.003, 1, 1, 1, 1, 1]}}, {"type": "Feature", "geometry": {"type": "Point", "coordinates": [3.88024, 42.447102]}, "properties": {"var_data": [0.174, -0.159, 0.046, 0.052, 0.885, -0.002, 1, 1, 1, 1, 1]}}, {"type": "Feature", "geometry": {"type": "Point", "coordinates": [3.91558, 42.447102]}, "properties": {"var_data": [0.206, -0.198, 0.028, 0.036, 0.888, -0.001, 1, 1, 1, 1, 1]}}, {"type": "Feature", "geometry": {"type": "Point", "coordinates": [3.95092, 42.447102]}, "properties": {"var_data": [0.204, -0.235, 0.025, 0.033, 1.047, -0.001, 1, 1, 1, 1, 1]}}, {"type": "Feature", "geometry": {"type": "Point", "coordinates": [3.98626, 42.447102]}, "properties": {"var_data": [0.118, -0.103, 0.026, 0.038, 1.091, -0.001, 1, 1, 1, 1, 1]}}, {"type": "Feature", "geometry": {"type": "Point", "coordinates": [4.0216, 42.447102]}, "properties": {"var_data": [0.14, -0.131, 0.025, 0.037, 0.974, -0.001, 1, 1, 1, 1, 1]}}, {"type": "Feature", "geometry": {"type": "Point", "coordinates": [4.05694, 42.447102]}, "properties": {"var_data": [0.113, -0.096, 0.035, 0.054, 1.101, -0.002, 1, 1, 1, 1, 1]}}, {"type": "Feature", "geometry": {"type": "Point", "coordinates": [4.09228, 42.447102]}, "properties": {"var_data": [0.132, -0.238, 0.054, 0.104, 2.047, -0.005, 4, 1, 4, 1, 1]}}, {"type": "Feature", "geometry": {"type": "Point", "coordinates": [4.12762, 42.447102]}, "properties": {"var_data": [0.098, -0.058, 0.076, 0.149, 2.304, -0.01, 4, 1, 4, 1, 1]}}, {"type": "Feature", "geometry": {"type": "Point", "coordinates": [3.17344, 42.474098]}, "properties": {"var_data": [-0.65, -0.133, 0.046, 0.029, 1.164, 0.001, 1, 1, 1, 1, 1]}}, {"type": "Feature", "geometry": {"type": "Point", "coordinates": [3.20878, 42.474098]}, "properties": {"var_data": [-0.779, -0.248, 0.043, 0.028, 0.69, 0.001, 1, 1, 1, 1, 1]}}, {"type": "Feature", "geometry": {"type": "Point", "coordinates": [3.24412, 42.474098]}, "properties": {"var_data": [-0.595, -0.204, 0.027, 0.02, 0.498, 0.001, 1, 1, 1, 1, 1]}}, {"type": "Feature", "geometry": {"type": "Point", "coordinates": [3.27946, 42.474098]}, "properties": {"var_data": [-0.225, -0.138, 0.012, 0.009, 0.397, 0.0, 1, 1, 1, 1, 1]}}, {"type": "Feature", "geometry": {"type": "Point", "coordinates": [3.3148, 42.474098]}, "properties": {"var_data": [-0.102, -0.116, 0.011, 0.009, 0.376, 0.0, 1, 1, 1, 1, 1]}}, {"type": "Feature", "geometry": {"type": "Point", "coordinates": [3.35014, 42.474098]}, "properties": {"var_data": [-0.064, -0.06, 0.007, 0.008, 0.354, 0.0, 1, 1, 1, 1, 1]}}, {"type": "Feature", "geometry": {"type": "Point", "coordinates": [3.38548, 42.474098]}, "properties": {"var_data": [-0.001, 0.014, 0.006, 0.006, 0.35, 0.0, 1, 1, 1, 1, 1]}}, {"type": "Feature", "geometry": {"type": "Point", "coordinates": [3.42082, 42.474098]}, "properties": {"var_data": [0.032, 0.052, 0.007, 0.008, 0.405, 0.0, 1, 1, 1, 1, 1]}}, {"type": "Feature", "geometry": {"type": "Point", "coordinates": [3.45616, 42.474098]}, "properties": {"var_data": [0.085, 0.091, 0.006, 0.007, 0.408, 0.0, 1, 1, 1, 1, 1]}}, {"type": "Feature", "geometry": {"type": "Point", "coordinates": [3.4915, 42.474098]}, "properties": {"var_data": [0.046, 0.054, 0.005, 0.007, 0.433, 0.0, 1, 1, 1, 1, 1]}}, {"type": "Feature", "geometry": {"type": "Point", "coordinates": [3.52684, 42.474098]}, "properties": {"var_data": [-0.022, 0.046, 0.006, 0.009, 0.448, 0.0, 1, 1, 1, 1, 1]}}, {"type": "Feature", "geometry": {"type": "Point", "coordinates": [3.56218, 42.474098]}, "properties": {"var_data": [-0.054, 0.02, 0.005, 0.008, 0.411, 0.0, 1, 1, 1, 1, 1]}}, {"type": "Feature", "geometry": {"type": "Point", "coordinates": [3.59752, 42.474098]}, "properties": {"var_data": [-0.054, -0.052, 0.006, 0.01, 0.459, 0.0, 1, 1, 1, 1, 1]}}, {"type": "Feature", "geometry": {"type": "Point", "coordinates": [3.63286, 42.474098]}, "properties": {"var_data": [-0.074, -0.038, 0.006, 0.01, 0.466, 0.0, 1, 1, 1, 1, 1]}}, {"type": "Feature", "geometry": {"type": "Point", "coordinates": [3.6682, 42.474098]}, "properties": {"var_data": [-0.065, -0.119, 0.006, 0.01, 0.458, 0.0, 1, 1, 1, 1, 1]}}, {"type": "Feature", "geometry": {"type": "Point", "coordinates": [3.70354, 42.474098]}, "properties": {"var_data": [-0.079, -0.134, 0.007, 0.012, 0.455, 0.0, 1, 1, 1, 1, 1]}}, {"type": "Feature", "geometry": {"type": "Point", "coordinates": [3.73888, 42.474098]}, "properties": {"var_data": [-0.122, -0.088, 0.008, 0.014, 0.515, 0.0, 1, 1, 1, 1, 1]}}, {"type": "Feature", "geometry": {"type": "Point", "coordinates": [3.77422, 42.474098]}, "properties": {"var_data": [-0.061, -0.157, 0.01, 0.019, 0.645, 0.0, 1, 1, 1, 1, 1]}}, {"type": "Feature", "geometry": {"type": "Point", "coordinates": [3.80956, 42.474098]}, "properties": {"var_data": [-0.028, -0.06, 0.01, 0.018, 0.677, 0.0, 1, 1, 1, 1, 1]}}, {"type": "Feature", "geometry": {"type": "Point", "coordinates": [3.8449, 42.474098]}, "properties": {"var_data": [0.092, -0.076, 0.056, 0.057, 0.991, -0.003, 1, 1, 1, 1, 1]}}, {"type": "Feature", "geometry": {"type": "Point", "coordinates": [3.88024, 42.474098]}, "properties": {"var_data": [0.181, -0.156, 0.064, 0.069, 1.264, -0.004, 1, 1, 1, 1, 1]}}, {"type": "Feature", "geometry": {"type": "Point", "coordinates": [3.91558, 42.474098]}, "properties": {"var_data": [0.173, -0.15, 0.03, 0.037, 1.107, -0.001, 1, 1, 1, 1, 1]}}, {"type": "Feature", "geometry": {"type": "Point", "coordinates": [3.95092, 42.474098]}, "properties": {"var_data": [0.241, -0.232, 0.03, 0.037, 1.206, -0.001, 1, 1, 1, 1, 1]}}, {"type": "Feature", "geometry": {"type": "Point", "coordinates": [3.98626, 42.474098]}, "properties": {"var_data": [0.089, -0.057, 0.014, 0.03, 1.228, -0.0, 1, 1, 1, 1, 1]}}, {"type": "Feature", "geometry": {"type": "Point", "coordinates": [4.0216, 42.474098]}, "properties": {"var_data": [0.064, -0.017, 0.019, 0.045, 1.216, -0.001, 1, 1, 1, 1, 1]}}, {"type": "Feature", "geometry": {"type": "Point", "coordinates": [4.05694, 42.474098]}, "properties": {"var_data": [0.099, -0.066, 0.06, 0.08, 1.327, -0.005, 1, 1, 1, 1, 1]}}, {"type": "Feature", "geometry": {"type": "Point", "coordinates": [4.09228, 42.474098]}, "properties": {"var_data": [0.003, 0.06, 0.048, 0.068, 1.273, -0.003, 1, 1, 1, 1, 1]}}, {"type": "Feature", "geometry": {"type": "Point", "coordinates": [4.12762, 42.474098]}, "properties": {"var_data": [0.002, 0.037, 0.061, 0.117, 2.034, -0.006, 4, 1, 4, 1, 1]}}, {"type": "Feature", "geometry": {"type": "Point", "coordinates": [3.1381, 42.501099]}, "properties": {"var_data": [-0.171, 0.182, 0.068, 0.04, 1.821, 0.003, 1, 1, 1, 1, 1]}}, {"type": "Feature", "geometry": {"type": "Point", "coordinates": [3.17344, 42.501099]}, "properties": {"var_data": [-0.473, -0.037, 0.033, 0.023, 0.908, 0.001, 1, 1, 1, 1, 1]}}, {"type": "Feature", "geometry": {"type": "Point", "coordinates": [3.20878, 42.501099]}, "properties": {"var_data": [-0.647, -0.186, 0.032, 0.024, 0.622, 0.001, 1, 1, 1, 1, 1]}}, {"type": "Feature", "geometry": {"type": "Point", "coordinates": [3.24412, 42.501099]}, "properties": {"var_data": [-0.465, -0.2, 0.027, 0.025, 0.453, 0.001, 1, 1, 1, 1, 1]}}, {"type": "Feature", "geometry": {"type": "Point", "coordinates": [3.27946, 42.501099]}, "properties": {"var_data": [-0.251, -0.166, 0.009, 0.009, 0.363, 0.0, 1, 1, 1, 1, 1]}}, {"type": "Feature", "geometry": {"type": "Point", "coordinates": [3.3148, 42.501099]}, "properties": {"var_data": [-0.128, -0.12, 0.008, 0.008, 0.334, 0.0, 1, 1, 1, 1, 1]}}, {"type": "Feature", "geometry": {"type": "Point", "coordinates": [3.35014, 42.501099]}, "properties": {"var_data": [-0.079, -0.057, 0.007, 0.008, 0.343, 0.0, 1, 1, 1, 1, 1]}}, {"type": "Feature", "geometry": {"type": "Point", "coordinates": [3.38548, 42.501099]}, "properties": {"var_data": [-0.021, 0.012, 0.006, 0.007, 0.351, 0.0, 1, 1, 1, 1, 1]}}, {"type": "Feature", "geometry": {"type": "Point", "coordinates": [3.42082, 42.501099]}, "properties": {"var_data": [0.011, 0.026, 0.008, 0.009, 0.382, 0.0, 1, 1, 1, 1, 1]}}, {"type": "Feature", "geometry": {"type": "Point", "coordinates": [3.45616, 42.501099]}, "properties": {"var_data": [0.061, 0.067, 0.006, 0.007, 0.423, 0.0, 1, 1, 1, 1, 1]}}, {"type": "Feature", "geometry": {"type": "Point", "coordinates": [3.4915, 42.501099]}, "properties": {"var_data": [0.125, 0.101, 0.005, 0.008, 0.444, 0.0, 1, 1, 1, 1, 1]}}, {"type": "Feature", "geometry": {"type": "Point", "coordinates": [3.52684, 42.501099]}, "properties": {"var_data": [0.109, 0.071, 0.006, 0.009, 0.533, 0.0, 1, 1, 1, 1, 1]}}, {"type": "Feature", "geometry": {"type": "Point", "coordinates": [3.56218, 42.501099]}, "properties": {"var_data": [0.023, 0.014, 0.004, 0.006, 0.471, 0.0, 1, 1, 1, 1, 1]}}, {"type": "Feature", "geometry": {"type": "Point", "coordinates": [3.59752, 42.501099]}, "properties": {"var_data": [-0.007, -0.051, 0.005, 0.011, 0.43, 0.0, 1, 1, 1, 1, 1]}}, {"type": "Feature", "geometry": {"type": "Point", "coordinates": [3.63286, 42.501099]}, "properties": {"var_data": [-0.02, -0.094, 0.005, 0.009, 0.442, 0.0, 1, 1, 1, 1, 1]}}, {"type": "Feature", "geometry": {"type": "Point", "coordinates": [3.6682, 42.501099]}, "properties": {"var_data": [-0.051, -0.077, 0.006, 0.009, 0.446, 0.0, 1, 1, 1, 1, 1]}}, {"type": "Feature", "geometry": {"type": "Point", "coordinates": [3.70354, 42.501099]}, "properties": {"var_data": [-0.036, -0.197, 0.008, 0.014, 0.468, 0.0, 1, 1, 1, 1, 1]}}, {"type": "Feature", "geometry": {"type": "Point", "coordinates": [3.73888, 42.501099]}, "properties": {"var_data": [-0.082, -0.11, 0.009, 0.015, 0.578, 0.0, 1, 1, 1, 1, 1]}}, {"type": "Feature", "geometry": {"type": "Point", "coordinates": [3.77422, 42.501099]}, "properties": {"var_data": [-0.069, -0.091, 0.009, 0.014, 0.661, 0.0, 1, 1, 1, 1, 1]}}, {"type": "Feature", "geometry": {"type": "Point", "coordinates": [3.80956, 42.501099]}, "properties": {"var_data": [-0.014, -0.112, 0.009, 0.015, 0.745, 0.0, 1, 1, 1, 1, 1]}}, {"type": "Feature", "geometry": {"type": "Point", "coordinates": [3.8449, 42.501099]}, "properties": {"var_data": [0.053, -0.047, 0.079, 0.076, 1.089, -0.006, 1, 1, 1, 1, 1]}}, {"type": "Feature", "geometry": {"type": "Point", "coordinates": [3.88024, 42.501099]}, "properties": {"var_data": [0.231, -0.221, 0.04, 0.042, 1.043, -0.002, 1, 1, 1, 1, 1]}}, {"type": "Feature", "geometry": {"type": "Point", "coordinates": [3.91558, 42.501099]}, "properties": {"var_data": [0.18, -0.138, 0.045, 0.052, 1.176, -0.002, 1, 1, 1, 1, 1]}}, {"type": "Feature", "geometry": {"type": "Point", "coordinates": [3.95092, 42.501099]}, "properties": {"var_data": [0.14, -0.126, 0.013, 0.027, 1.205, -0.0, 1, 1, 1, 1, 1]}}, {"type": "Feature", "geometry": {"type": "Point", "coordinates": [3.98626, 42.501099]}, "properties": {"var_data": [0.034, 0.024, 0.015, 0.035, 1.207, -0.001, 1, 1, 1, 1, 1]}}, {"type": "Feature", "geometry": {"type": "Point", "coordinates": [4.0216, 42.501099]}, "properties": {"var_data": [0.008, 0.058, 0.017, 0.038, 1.457, -0.001, 1, 1, 1, 1, 1]}}, {"type": "Feature", "geometry": {"type": "Point", "coordinates": [4.05694, 42.501099]}, "properties": {"var_data": [-0.036, 0.14, 0.02, 0.048, 1.621, -0.001, 1, 1, 1, 1, 1]}}, {"type": "Feature", "geometry": {"type": "Point", "coordinates": [4.09228, 42.501099]}, "properties": {"var_data": [-0.046, 0.179, 0.045, 0.069, 1.349, -0.003, 1, 1, 1, 1, 1]}}, {"type": "Feature", "geometry": {"type": "Point", "coordinates": [4.12762, 42.501099]}, "properties": {"var_data": [0.016, 0.131, 0.047, 0.094, 1.533, -0.004, 1, 1, 1, 1, 1]}}, {"type": "Feature", "geometry": {"type": "Point", "coordinates": [4.16296, 42.501099]}, "properties": {"var_data": [-0.049, 0.136, 0.091, 0.218, 2.123, -0.017, 4, 0, 4, 1, 1]}}, {"type": "Feature", "geometry": {"type": "Point", "coordinates": [3.10276, 42.528099]}, "properties": {"var_data": [0.023, 0.355, 0.062, 0.036, 2.033, 0.002, 4, 1, 4, 1, 1]}}, {"type": "Feature", "geometry": {"type": "Point", "coordinates": [3.1381, 42.528099]}, "properties": {"var_data": [-0.064, 0.267, 0.033, 0.022, 1.192, 0.001, 1, 1, 1, 1, 1]}}, {"type": "Feature", "geometry": {"type": "Point", "coordinates": [3.17344, 42.528099]}, "properties": {"var_data": [-0.197, 0.133, 0.021, 0.017, 0.748, 0.0, 1, 1, 1, 1, 1]}}, {"type": "Feature", "geometry": {"type": "Point", "coordinates": [3.20878, 42.528099]}, "properties": {"var_data": [-0.388, -0.067, 0.023, 0.021, 0.525, 0.0, 1, 1, 1, 1, 1]}}, {"type": "Feature", "geometry": {"type": "Point", "coordinates": [3.24412, 42.528099]}, "properties": {"var_data": [-0.349, -0.157, 0.02, 0.022, 0.394, 0.0, 1, 1, 1, 1, 1]}}, {"type": "Feature", "geometry": {"type": "Point", "coordinates": [3.27946, 42.528099]}, "properties": {"var_data": [-0.239, -0.153, 0.009, 0.009, 0.342, 0.0, 1, 1, 1, 1, 1]}}, {"type": "Feature", "geometry": {"type": "Point", "coordinates": [3.3148, 42.528099]}, "properties": {"var_data": [-0.156, -0.116, 0.009, 0.009, 0.331, 0.0, 1, 1, 1, 1, 1]}}, {"type": "Feature", "geometry": {"type": "Point", "coordinates": [3.35014, 42.528099]}, "properties": {"var_data": [-0.074, -0.046, 0.007, 0.007, 0.326, 0.0, 1, 1, 1, 1, 1]}}, {"type": "Feature", "geometry": {"type": "Point", "coordinates": [3.38548, 42.528099]}, "properties": {"var_data": [-0.043, -0.024, 0.008, 0.011, 0.339, 0.0, 1, 1, 1, 1, 1]}}, {"type": "Feature", "geometry": {"type": "Point", "coordinates": [3.42082, 42.528099]}, "properties": {"var_data": [0.018, 0.011, 0.007, 0.009, 0.389, 0.0, 1, 1, 1, 1, 1]}}, {"type": "Feature", "geometry": {"type": "Point", "coordinates": [3.45616, 42.528099]}, "properties": {"var_data": [0.035, 0.033, 0.007, 0.011, 0.401, 0.0, 1, 1, 1, 1, 1]}}, {"type": "Feature", "geometry": {"type": "Point", "coordinates": [3.4915, 42.528099]}, "properties": {"var_data": [0.094, 0.099, 0.005, 0.009, 0.457, 0.0, 1, 1, 1, 1, 1]}}, {"type": "Feature", "geometry": {"type": "Point", "coordinates": [3.52684, 42.528099]}, "properties": {"var_data": [0.11, 0.074, 0.005, 0.006, 0.476, 0.0, 1, 1, 1, 1, 1]}}, {"type": "Feature", "geometry": {"type": "Point", "coordinates": [3.56218, 42.528099]}, "properties": {"var_data": [0.123, 0.018, 0.004, 0.007, 0.585, 0.0, 1, 1, 1, 1, 1]}}, {"type": "Feature", "geometry": {"type": "Point", "coordinates": [3.59752, 42.528099]}, "properties": {"var_data": [0.115, 0.004, 0.004, 0.006, 0.451, 0.0, 1, 1, 1, 1, 1]}}, {"type": "Feature", "geometry": {"type": "Point", "coordinates": [3.63286, 42.528099]}, "properties": {"var_data": [0.027, -0.084, 0.006, 0.012, 0.487, 0.0, 1, 1, 1, 1, 1]}}, {"type": "Feature", "geometry": {"type": "Point", "coordinates": [3.6682, 42.528099]}, "properties": {"var_data": [-0.008, -0.084, 0.005, 0.009, 0.443, 0.0, 1, 1, 1, 1, 1]}}, {"type": "Feature", "geometry": {"type": "Point", "coordinates": [3.70354, 42.528099]}, "properties": {"var_data": [-0.074, -0.056, 0.009, 0.012, 0.584, 0.0, 1, 1, 1, 1, 1]}}, {"type": "Feature", "geometry": {"type": "Point", "coordinates": [3.73888, 42.528099]}, "properties": {"var_data": [-0.085, -0.131, 0.01, 0.017, 0.735, 0.0, 1, 1, 1, 1, 1]}}, {"type": "Feature", "geometry": {"type": "Point", "coordinates": [3.77422, 42.528099]}, "properties": {"var_data": [-0.03, -0.088, 0.009, 0.012, 0.689, -0.0, 1, 1, 1, 1, 1]}}, {"type": "Feature", "geometry": {"type": "Point", "coordinates": [3.80956, 42.528099]}, "properties": {"var_data": [0.061, -0.093, 0.018, 0.019, 0.9, -0.0, 1, 1, 1, 1, 1]}}, {"type": "Feature", "geometry": {"type": "Point", "coordinates": [3.8449, 42.528099]}, "properties": {"var_data": [0.213, -0.177, 0.05, 0.048, 1.201, -0.002, 1, 1, 1, 1, 1]}}, {"type": "Feature", "geometry": {"type": "Point", "coordinates": [3.88024, 42.528099]}, "properties": {"var_data": [0.182, -0.155, 0.048, 0.047, 1.071, -0.002, 1, 1, 1, 1, 1]}}, {"type": "Feature", "geometry": {"type": "Point", "coordinates": [3.91558, 42.528099]}, "properties": {"var_data": [0.209, -0.174, 0.05, 0.05, 1.155, -0.002, 1, 1, 1, 1, 1]}}, {"type": "Feature", "geometry": {"type": "Point", "coordinates": [3.95092, 42.528099]}, "properties": {"var_data": [0.086, -0.04, 0.018, 0.042, 1.377, -0.001, 1, 1, 1, 1, 1]}}, {"type": "Feature", "geometry": {"type": "Point", "coordinates": [3.98626, 42.528099]}, "properties": {"var_data": [0.086, -0.046, 0.017, 0.038, 1.398, -0.001, 1, 1, 1, 1, 1]}}, {"type": "Feature", "geometry": {"type": "Point", "coordinates": [4.0216, 42.528099]}, "properties": {"var_data": [-0.006, 0.089, 0.012, 0.022, 1.376, -0.0, 1, 1, 1, 1, 1]}}, {"type": "Feature", "geometry": {"type": "Point", "coordinates": [4.05694, 42.528099]}, "properties": {"var_data": [0.104, -0.039, 0.018, 0.04, 1.577, -0.001, 1, 1, 1, 1, 1]}}, {"type": "Feature", "geometry": {"type": "Point", "coordinates": [4.09228, 42.528099]}, "properties": {"var_data": [-0.001, 0.118, 0.05, 0.092, 1.439, -0.004, 1, 1, 1, 1, 1]}}, {"type": "Feature", "geometry": {"type": "Point", "coordinates": [4.12762, 42.528099]}, "properties": {"var_data": [0.01, 0.133, 0.047, 0.094, 1.526, -0.004, 1, 1, 1, 1, 1]}}, {"type": "Feature", "geometry": {"type": "Point", "coordinates": [4.16296, 42.528099]}, "properties": {"var_data": [-0.007, 0.222, 0.082, 0.216, 2.06, -0.017, 4, 0, 4, 1, 1]}}, {"type": "Feature", "geometry": {"type": "Point", "coordinates": [3.06742, 42.555099]}, "properties": {"var_data": [-0.309, 0.24, 0.063, 0.032, 1.94, 0.002, 1, 1, 1, 1, 1]}}, {"type": "Feature", "geometry": {"type": "Point", "coordinates": [3.10276, 42.555099]}, "properties": {"var_data": [-0.171, 0.262, 0.025, 0.015, 1.266, 0.0, 1, 1, 1, 1, 1]}}, {"type": "Feature", "geometry": {"type": "Point", "coordinates": [3.1381, 42.555099]}, "properties": {"var_data": [-0.068, 0.28, 0.023, 0.018, 0.812, 0.0, 1, 1, 1, 1, 1]}}, {"type": "Feature", "geometry": {"type": "Point", "coordinates": [3.17344, 42.555099]}, "properties": {"var_data": [-0.149, 0.155, 0.018, 0.016, 0.548, 0.0, 1, 1, 1, 1, 1]}}, {"type": "Feature", "geometry": {"type": "Point", "coordinates": [3.20878, 42.555099]}, "properties": {"var_data": [-0.25, -0.026, 0.017, 0.018, 0.416, 0.0, 1, 1, 1, 1, 1]}}, {"type": "Feature", "geometry": {"type": "Point", "coordinates": [3.24412, 42.555099]}, "properties": {"var_data": [-0.252, -0.105, 0.019, 0.022, 0.367, 0.0, 1, 1, 1, 1, 1]}}, {"type": "Feature", "geometry": {"type": "Point", "coordinates": [3.27946, 42.555099]}, "properties": {"var_data": [-0.205, -0.126, 0.014, 0.02, 0.324, 0.0, 1, 1, 1, 1, 1]}}, {"type": "Feature", "geometry": {"type": "Point", "coordinates": [3.3148, 42.555099]}, "properties": {"var_data": [-0.158, -0.123, 0.015, 0.022, 0.338, 0.0, 1, 1, 1, 1, 1]}}, {"type": "Feature", "geometry": {"type": "Point", "coordinates": [3.35014, 42.555099]}, "properties": {"var_data": [-0.07, -0.065, 0.01, 0.016, 0.323, 0.0, 1, 1, 1, 1, 1]}}, {"type": "Feature", "geometry": {"type": "Point", "coordinates": [3.38548, 42.555099]}, "properties": {"var_data": [-0.04, -0.05, 0.008, 0.011, 0.35, 0.0, 1, 1, 1, 1, 1]}}, {"type": "Feature", "geometry": {"type": "Point", "coordinates": [3.42082, 42.555099]}, "properties": {"var_data": [-0.003, -0.035, 0.008, 0.013, 0.399, 0.0, 1, 1, 1, 1, 1]}}, {"type": "Feature", "geometry": {"type": "Point", "coordinates": [3.45616, 42.555099]}, "properties": {"var_data": [0.003, 0.002, 0.006, 0.006, 0.443, 0.0, 1, 1, 1, 1, 1]}}, {"type": "Feature", "geometry": {"type": "Point", "coordinates": [3.4915, 42.555099]}, "properties": {"var_data": [0.068, 0.043, 0.005, 0.006, 0.526, 0.0, 1, 1, 1, 1, 1]}}, {"type": "Feature", "geometry": {"type": "Point", "coordinates": [3.52684, 42.555099]}, "properties": {"var_data": [0.1, 0.085, 0.005, 0.005, 0.532, 0.0, 1, 1, 1, 1, 1]}}, {"type": "Feature", "geometry": {"type": "Point", "coordinates": [3.56218, 42.555099]}, "properties": {"var_data": [0.125, 0.046, 0.004, 0.006, 0.541, 0.0, 1, 1, 1, 1, 1]}}, {"type": "Feature", "geometry": {"type": "Point", "coordinates": [3.59752, 42.555099]}, "properties": {"var_data": [0.126, 0.026, 0.005, 0.006, 0.538, 0.0, 1, 1, 1, 1, 1]}}, {"type": "Feature", "geometry": {"type": "Point", "coordinates": [3.63286, 42.555099]}, "properties": {"var_data": [0.063, -0.006, 0.005, 0.006, 0.53, 0.0, 1, 1, 1, 1, 1]}}, {"type": "Feature", "geometry": {"type": "Point", "coordinates": [3.6682, 42.555099]}, "properties": {"var_data": [0.026, -0.06, 0.006, 0.011, 0.548, 0.0, 1, 1, 1, 1, 1]}}, {"type": "Feature", "geometry": {"type": "Point", "coordinates": [3.70354, 42.555099]}, "properties": {"var_data": [-0.077, -0.035, 0.009, 0.011, 0.615, -0.0, 1, 1, 1, 1, 1]}}, {"type": "Feature", "geometry": {"type": "Point", "coordinates": [3.73888, 42.555099]}, "properties": {"var_data": [-0.443, 0.287, 0.147, 0.098, 1.265, -0.014, 1, 1, 1, 1, 1]}}, {"type": "Feature", "geometry": {"type": "Point", "coordinates": [3.77422, 42.555099]}, "properties": {"var_data": [-0.246, 0.185, 0.111, 0.084, 1.325, -0.009, 1, 1, 1, 1, 1]}}, {"type": "Feature", "geometry": {"type": "Point", "coordinates": [3.80956, 42.555099]}, "properties": {"var_data": [0.035, -0.018, 0.081, 0.064, 1.169, -0.005, 4, 4, 1, 1, 1]}}, {"type": "Feature", "geometry": {"type": "Point", "coordinates": [3.8449, 42.555099]}, "properties": {"var_data": [0.158, -0.132, 0.047, 0.046, 1.342, -0.002, 1, 1, 1, 1, 1]}}, {"type": "Feature", "geometry": {"type": "Point", "coordinates": [3.88024, 42.555099]}, "properties": {"var_data": [0.192, -0.151, 0.048, 0.047, 1.341, -0.002, 1, 1, 1, 1, 1]}}, {"type": "Feature", "geometry": {"type": "Point", "coordinates": [3.91558, 42.555099]}, "properties": {"var_data": [0.119, -0.074, 0.047, 0.048, 1.252, -0.002, 1, 1, 1, 1, 1]}}, {"type": "Feature", "geometry": {"type": "Point", "coordinates": [3.95092, 42.555099]}, "properties": {"var_data": [0.064, -0.019, 0.013, 0.027, 1.263, -0.0, 1, 1, 1, 1, 1]}}, {"type": "Feature", "geometry": {"type": "Point", "coordinates": [3.98626, 42.555099]}, "properties": {"var_data": [0.083, -0.019, 0.012, 0.022, 1.39, -0.0, 1, 1, 1, 1, 1]}}, {"type": "Feature", "geometry": {"type": "Point", "coordinates": [4.0216, 42.555099]}, "properties": {"var_data": [0.186, -0.134, 0.01, 0.012, 1.436, -0.0, 1, 1, 1, 1, 1]}}, {"type": "Feature", "geometry": {"type": "Point", "coordinates": [4.05694, 42.555099]}, "properties": {"var_data": [0.2, -0.151, 0.01, 0.012, 1.409, -0.0, 1, 1, 1, 1, 1]}}, {"type": "Feature", "geometry": {"type": "Point", "coordinates": [4.09228, 42.555099]}, "properties": {"var_data": [0.213, -0.136, 0.037, 0.039, 1.764, -0.001, 1, 1, 1, 1, 1]}}, {"type": "Feature", "geometry": {"type": "Point", "coordinates": [4.12762, 42.555099]}, "properties": {"var_data": [0.232, -0.156, 0.104, 0.258, 3.558, -0.026, 4, 0, 4, 1, 1]}}, {"type": "Feature", "geometry": {"type": "Point", "coordinates": [4.16296, 42.555099]}, "properties": {"var_data": [0.03, 0.168, 0.087, 0.228, 2.943, -0.019, 4, 0, 4, 1, 1]}}, {"type": "Feature", "geometry": {"type": "Point", "coordinates": [3.06742, 42.5821]}, "properties": {"var_data": [-0.174, 0.321, 0.028, 0.016, 1.159, 0.0, 1, 1, 1, 1, 1]}}, {"type": "Feature", "geometry": {"type": "Point", "coordinates": [3.10276, 42.5821]}, "properties": {"var_data": [-0.133, 0.299, 0.017, 0.011, 0.767, 0.0, 1, 1, 1, 1, 1]}}, {"type": "Feature", "geometry": {"type": "Point", "coordinates": [3.1381, 42.5821]}, "properties": {"var_data": [-0.122, 0.254, 0.014, 0.01, 0.557, 0.0, 1, 1, 1, 1, 1]}}, {"type": "Feature", "geometry": {"type": "Point", "coordinates": [3.17344, 42.5821]}, "properties": {"var_data": [-0.171, 0.125, 0.014, 0.014, 0.441, 0.0, 1, 1, 1, 1, 1]}}, {"type": "Feature", "geometry": {"type": "Point", "coordinates": [3.20878, 42.5821]}, "properties": {"var_data": [-0.178, 0.004, 0.015, 0.019, 0.36, 0.0, 1, 1, 1, 1, 1]}}, {"type": "Feature", "geometry": {"type": "Point", "coordinates": [3.24412, 42.5821]}, "properties": {"var_data": [-0.166, -0.052, 0.008, 0.014, 0.322, 0.0, 1, 1, 1, 1, 1]}}, {"type": "Feature", "geometry": {"type": "Point", "coordinates": [3.27946, 42.5821]}, "properties": {"var_data": [-0.152, -0.108, 0.008, 0.015, 0.306, 0.0, 1, 1, 1, 1, 1]}}, {"type": "Feature", "geometry": {"type": "Point", "coordinates": [3.3148, 42.5821]}, "properties": {"var_data": [-0.115, -0.113, 0.009, 0.018, 0.312, 0.0, 1, 1, 1, 1, 1]}}, {"type": "Feature", "geometry": {"type": "Point", "coordinates": [3.35014, 42.5821]}, "properties": {"var_data": [-0.075, -0.102, 0.007, 0.015, 0.314, 0.0, 1, 1, 1, 1, 1]}}, {"type": "Feature", "geometry": {"type": "Point", "coordinates": [3.38548, 42.5821]}, "properties": {"var_data": [-0.041, -0.101, 0.007, 0.017, 0.367, 0.0, 1, 1, 1, 1, 1]}}, {"type": "Feature", "geometry": {"type": "Point", "coordinates": [3.42082, 42.5821]}, "properties": {"var_data": [-0.006, -0.079, 0.009, 0.012, 0.402, 0.0, 1, 1, 1, 1, 1]}}, {"type": "Feature", "geometry": {"type": "Point", "coordinates": [3.45616, 42.5821]}, "properties": {"var_data": [0.019, -0.034, 0.006, 0.006, 0.436, 0.0, 1, 1, 1, 1, 1]}}, {"type": "Feature", "geometry": {"type": "Point", "coordinates": [3.4915, 42.5821]}, "properties": {"var_data": [0.047, 0.005, 0.007, 0.007, 0.489, -0.0, 1, 1, 1, 1, 1]}}, {"type": "Feature", "geometry": {"type": "Point", "coordinates": [3.52684, 42.5821]}, "properties": {"var_data": [0.071, 0.096, 0.009, 0.006, 0.648, -0.0, 1, 1, 1, 1, 1]}}, {"type": "Feature", "geometry": {"type": "Point", "coordinates": [3.56218, 42.5821]}, "properties": {"var_data": [0.112, 0.06, 0.007, 0.006, 0.657, -0.0, 1, 1, 1, 1, 1]}}, {"type": "Feature", "geometry": {"type": "Point", "coordinates": [3.59752, 42.5821]}, "properties": {"var_data": [0.126, 0.022, 0.005, 0.005, 0.527, -0.0, 1, 1, 1, 1, 1]}}, {"type": "Feature", "geometry": {"type": "Point", "coordinates": [3.63286, 42.5821]}, "properties": {"var_data": [0.121, 0.014, 0.004, 0.005, 0.467, -0.0, 1, 1, 1, 1, 1]}}, {"type": "Feature", "geometry": {"type": "Point", "coordinates": [3.6682, 42.5821]}, "properties": {"var_data": [0.036, -0.062, 0.008, 0.013, 0.595, -0.0, 1, 1, 1, 1, 1]}}, {"type": "Feature", "geometry": {"type": "Point", "coordinates": [3.70354, 42.5821]}, "properties": {"var_data": [0.002, -0.029, 0.008, 0.012, 0.682, -0.0, 1, 1, 1, 1, 1]}}, {"type": "Feature", "geometry": {"type": "Point", "coordinates": [3.73888, 42.5821]}, "properties": {"var_data": [-0.025, 0.018, 0.01, 0.011, 0.951, -0.0, 1, 1, 1, 1, 1]}}, {"type": "Feature", "geometry": {"type": "Point", "coordinates": [3.77422, 42.5821]}, "properties": {"var_data": [0.049, -0.068, 0.01, 0.015, 1.077, -0.0, 1, 1, 1, 1, 1]}}, {"type": "Feature", "geometry": {"type": "Point", "coordinates": [3.80956, 42.5821]}, "properties": {"var_data": [0.109, -0.039, 0.103, 0.079, 1.495, -0.008, 1, 1, 1, 1, 1]}}, {"type": "Feature", "geometry": {"type": "Point", "coordinates": [3.8449, 42.5821]}, "properties": {"var_data": [0.134, -0.054, 0.088, 0.07, 1.435, -0.006, 4, 4, 1, 1, 1]}}, {"type": "Feature", "geometry": {"type": "Point", "coordinates": [3.88024, 42.5821]}, "properties": {"var_data": [0.184, -0.114, 0.044, 0.046, 1.478, -0.002, 1, 1, 1, 1, 1]}}, {"type": "Feature", "geometry": {"type": "Point", "coordinates": [3.91558, 42.5821]}, "properties": {"var_data": [0.129, -0.057, 0.044, 0.047, 1.49, -0.002, 1, 1, 1, 1, 1]}}, {"type": "Feature", "geometry": {"type": "Point", "coordinates": [3.95092, 42.5821]}, "properties": {"var_data": [0.115, -0.042, 0.072, 0.072, 1.551, -0.005, 1, 1, 1, 1, 1]}}, {"type": "Feature", "geometry": {"type": "Point", "coordinates": [3.98626, 42.5821]}, "properties": {"var_data": [0.168, -0.095, 0.074, 0.076, 1.586, -0.006, 1, 1, 1, 1, 1]}}, {"type": "Feature", "geometry": {"type": "Point", "coordinates": [4.0216, 42.5821]}, "properties": {"var_data": [0.165, -0.125, 0.117, 0.12, 1.777, -0.014, 1, 1, 1, 1, 1]}}, {"type": "Feature", "geometry": {"type": "Point", "coordinates": [4.05694, 42.5821]}, "properties": {"var_data": [0.259, -0.219, 0.036, 0.037, 1.602, -0.001, 1, 1, 1, 1, 1]}}, {"type": "Feature", "geometry": {"type": "Point", "coordinates": [4.09228, 42.5821]}, "properties": {"var_data": [0.247, -0.157, 0.017, 0.019, 1.742, -0.0, 1, 0, 1, 1, 1]}}, {"type": "Feature", "geometry": {"type": "Point", "coordinates": [4.12762, 42.5821]}, "properties": {"var_data": [0.243, -0.146, 0.091, 0.196, 3.535, -0.018, 4, 0, 4, 1, 1]}}, {"type": "Feature", "geometry": {"type": "Point", "coordinates": [3.06742, 42.6091]}, "properties": {"var_data": [-0.015, 0.392, 0.01, 0.007, 0.654, 0.0, 1, 1, 1, 1, 1]}}, {"type": "Feature", "geometry": {"type": "Point", "coordinates": [3.10276, 42.6091]}, "properties": {"var_data": [-0.036, 0.36, 0.01, 0.008, 0.493, 0.0, 1, 1, 1, 1, 1]}}, {"type": "Feature", "geometry": {"type": "Point", "coordinates": [3.1381, 42.6091]}, "properties": {"var_data": [-0.09, 0.265, 0.01, 0.008, 0.408, 0.0, 1, 1, 1, 1, 1]}}, {"type": "Feature", "geometry": {"type": "Point", "coordinates": [3.17344, 42.6091]}, "properties": {"var_data": [-0.122, 0.145, 0.013, 0.016, 0.362, 0.0, 1, 1, 1, 1, 1]}}, {"type": "Feature", "geometry": {"type": "Point", "coordinates": [3.20878, 42.6091]}, "properties": {"var_data": [-0.136, 0.018, 0.008, 0.014, 0.322, 0.0, 1, 1, 1, 1, 1]}}, {"type": "Feature", "geometry": {"type": "Point", "coordinates": [3.24412, 42.6091]}, "properties": {"var_data": [-0.136, -0.069, 0.008, 0.015, 0.302, 0.0, 1, 1, 1, 1, 1]}}, {"type": "Feature", "geometry": {"type": "Point", "coordinates": [3.27946, 42.6091]}, "properties": {"var_data": [-0.129, -0.124, 0.009, 0.019, 0.296, 0.0, 1, 1, 1, 1, 1]}}, {"type": "Feature", "geometry": {"type": "Point", "coordinates": [3.3148, 42.6091]}, "properties": {"var_data": [-0.094, -0.129, 0.008, 0.022, 0.308, 0.0, 1, 1, 1, 1, 1]}}, {"type": "Feature", "geometry": {"type": "Point", "coordinates": [3.35014, 42.6091]}, "properties": {"var_data": [-0.082, -0.146, 0.009, 0.024, 0.336, 0.0, 1, 1, 1, 1, 1]}}, {"type": "Feature", "geometry": {"type": "Point", "coordinates": [3.38548, 42.6091]}, "properties": {"var_data": [-0.046, -0.141, 0.005, 0.014, 0.342, 0.0, 1, 1, 1, 1, 1]}}, {"type": "Feature", "geometry": {"type": "Point", "coordinates": [3.42082, 42.6091]}, "properties": {"var_data": [-0.028, -0.142, 0.006, 0.015, 0.408, 0.0, 1, 1, 1, 1, 1]}}, {"type": "Feature", "geometry": {"type": "Point", "coordinates": [3.45616, 42.6091]}, "properties": {"var_data": [0.032, -0.097, 0.002, 0.006, 0.47, 0.0, 1, 1, 1, 1, 1]}}, {"type": "Feature", "geometry": {"type": "Point", "coordinates": [3.4915, 42.6091]}, "properties": {"var_data": [0.036, -0.051, 0.002, 0.006, 0.515, 0.0, 1, 1, 1, 1, 1]}}, {"type": "Feature", "geometry": {"type": "Point", "coordinates": [3.52684, 42.6091]}, "properties": {"var_data": [0.057, 0.03, 0.002, 0.006, 0.572, 0.0, 1, 1, 1, 1, 1]}}, {"type": "Feature", "geometry": {"type": "Point", "coordinates": [3.56218, 42.6091]}, "properties": {"var_data": [0.121, 0.072, 0.01, 0.006, 0.587, -0.0, 1, 1, 1, 1, 1]}}, {"type": "Feature", "geometry": {"type": "Point", "coordinates": [3.59752, 42.6091]}, "properties": {"var_data": [0.122, 0.031, 0.008, 0.007, 0.603, -0.0, 1, 1, 1, 1, 1]}}, {"type": "Feature", "geometry": {"type": "Point", "coordinates": [3.63286, 42.6091]}, "properties": {"var_data": [0.117, 0.02, 0.009, 0.007, 0.55, -0.0, 1, 1, 1, 1, 1]}}, {"type": "Feature", "geometry": {"type": "Point", "coordinates": [3.6682, 42.6091]}, "properties": {"var_data": [0.124, 0.007, 0.007, 0.007, 0.529, -0.0, 1, 1, 1, 1, 1]}}, {"type": "Feature", "geometry": {"type": "Point", "coordinates": [3.70354, 42.6091]}, "properties": {"var_data": [0.144, -0.02, 0.009, 0.013, 0.76, -0.0, 1, 1, 1, 1, 1]}}, {"type": "Feature", "geometry": {"type": "Point", "coordinates": [3.73888, 42.6091]}, "properties": {"var_data": [0.09, -0.046, 0.007, 0.011, 0.651, -0.0, 1, 1, 1, 1, 1]}}, {"type": "Feature", "geometry": {"type": "Point", "coordinates": [3.77422, 42.6091]}, "properties": {"var_data": [0.149, -0.017, 0.007, 0.011, 0.865, -0.0, 1, 1, 1, 1, 1]}}, {"type": "Feature", "geometry": {"type": "Point", "coordinates": [3.80956, 42.6091]}, "properties": {"var_data": [0.154, -0.02, 0.116, 0.085, 1.492, -0.01, 1, 1, 1, 1, 1]}}, {"type": "Feature", "geometry": {"type": "Point", "coordinates": [3.8449, 42.6091]}, "properties": {"var_data": [0.184, -0.035, 0.085, 0.067, 1.433, -0.006, 1, 1, 1, 1, 1]}}, {"type": "Feature", "geometry": {"type": "Point", "coordinates": [3.88024, 42.6091]}, "properties": {"var_data": [0.179, -0.03, 0.058, 0.051, 1.472, -0.003, 1, 1, 1, 1, 1]}}, {"type": "Feature", "geometry": {"type": "Point", "coordinates": [3.91558, 42.6091]}, "properties": {"var_data": [0.154, -0.022, 0.068, 0.068, 1.966, -0.004, 1, 1, 1, 1, 1]}}, {"type": "Feature", "geometry": {"type": "Point", "coordinates": [3.95092, 42.6091]}, "properties": {"var_data": [0.109, 0.001, 0.068, 0.06, 1.743, -0.004, 1, 1, 1, 1, 1]}}, {"type": "Feature", "geometry": {"type": "Point", "coordinates": [3.98626, 42.6091]}, "properties": {"var_data": [0.156, -0.067, 0.046, 0.046, 1.517, -0.002, 1, 1, 1, 1, 1]}}, {"type": "Feature", "geometry": {"type": "Point", "coordinates": [4.0216, 42.6091]}, "properties": {"var_data": [0.145, -0.073, 0.052, 0.051, 1.514, -0.003, 1, 1, 1, 1, 1]}}, {"type": "Feature", "geometry": {"type": "Point", "coordinates": [4.05694, 42.6091]}, "properties": {"var_data": [0.266, -0.194, 0.019, 0.021, 1.911, -0.0, 1, 0, 1, 1, 1]}}, {"type": "Feature", "geometry": {"type": "Point", "coordinates": [4.09228, 42.6091]}, "properties": {"var_data": [0.284, -0.217, 0.019, 0.021, 2.466, -0.0, 4, 0, 4, 1, 1]}}, {"type": "Feature", "geometry": {"type": "Point", "coordinates": [4.12762, 42.6091]}, "properties": {"var_data": [0.146, -0.066, 0.019, 0.022, 3.075, -0.0, 4, 0, 4, 1, 1]}}, {"type": "Feature", "geometry": {"type": "Point", "coordinates": [3.06742, 42.636101]}, "properties": {"var_data": [0.024, 0.391, 0.004, 0.004, 0.377, 0.0, 1, 1, 1, 1, 1]}}, {"type": "Feature", "geometry": {"type": "Point", "coordinates": [3.10276, 42.636101]}, "properties": {"var_data": [-0.005, 0.361, 0.004, 0.005, 0.348, 0.0, 1, 1, 1, 1, 1]}}, {"type": "Feature", "geometry": {"type": "Point", "coordinates": [3.1381, 42.636101]}, "properties": {"var_data": [-0.064, 0.242, 0.005, 0.008, 0.331, 0.0, 1, 1, 1, 1, 1]}}, {"type": "Feature", "geometry": {"type": "Point", "coordinates": [3.17344, 42.636101]}, "properties": {"var_data": [-0.088, 0.131, 0.005, 0.011, 0.309, 0.0, 1, 1, 1, 1, 1]}}, {"type": "Feature", "geometry": {"type": "Point", "coordinates": [3.20878, 42.636101]}, "properties": {"var_data": [-0.105, 0.0, 0.007, 0.016, 0.288, 0.0, 1, 1, 1, 1, 1]}}, {"type": "Feature", "geometry": {"type": "Point", "coordinates": [3.24412, 42.636101]}, "properties": {"var_data": [-0.097, -0.07, 0.008, 0.019, 0.298, 0.0, 1, 1, 1, 1, 1]}}, {"type": "Feature", "geometry": {"type": "Point", "coordinates": [3.27946, 42.636101]}, "properties": {"var_data": [-0.096, -0.111, 0.01, 0.026, 0.311, 0.0, 1, 1, 1, 1, 1]}}, {"type": "Feature", "geometry": {"type": "Point", "coordinates": [3.3148, 42.636101]}, "properties": {"var_data": [-0.082, -0.14, 0.008, 0.024, 0.313, 0.0, 1, 1, 1, 1, 1]}}, {"type": "Feature", "geometry": {"type": "Point", "coordinates": [3.35014, 42.636101]}, "properties": {"var_data": [-0.08, -0.195, 0.009, 0.026, 0.358, 0.0, 1, 1, 1, 1, 1]}}, {"type": "Feature", "geometry": {"type": "Point", "coordinates": [3.38548, 42.636101]}, "properties": {"var_data": [-0.041, -0.21, 0.006, 0.018, 0.378, 0.0, 1, 1, 1, 1, 1]}}, {"type": "Feature", "geometry": {"type": "Point", "coordinates": [3.42082, 42.636101]}, "properties": {"var_data": [-0.006, -0.215, 0.004, 0.017, 0.38, 0.0, 1, 1, 1, 1, 1]}}, {"type": "Feature", "geometry": {"type": "Point", "coordinates": [3.45616, 42.636101]}, "properties": {"var_data": [0.049, -0.17, 0.003, 0.012, 0.425, 0.0, 1, 1, 1, 1, 1]}}, {"type": "Feature", "geometry": {"type": "Point", "coordinates": [3.4915, 42.636101]}, "properties": {"var_data": [0.04, -0.128, 0.002, 0.006, 0.473, 0.0, 1, 1, 1, 1, 1]}}, {"type": "Feature", "geometry": {"type": "Point", "coordinates": [3.52684, 42.636101]}, "properties": {"var_data": [0.046, -0.064, 0.002, 0.005, 0.584, 0.0, 1, 1, 1, 1, 1]}}, {"type": "Feature", "geometry": {"type": "Point", "coordinates": [3.56218, 42.636101]}, "properties": {"var_data": [0.093, 0.024, 0.002, 0.005, 0.508, 0.0, 1, 1, 1, 1, 1]}}, {"type": "Feature", "geometry": {"type": "Point", "coordinates": [3.59752, 42.636101]}, "properties": {"var_data": [0.092, -0.001, 0.01, 0.007, 0.674, -0.0, 1, 1, 1, 1, 1]}}, {"type": "Feature", "geometry": {"type": "Point", "coordinates": [3.63286, 42.636101]}, "properties": {"var_data": [0.12, 0.024, 0.009, 0.008, 0.672, -0.0, 1, 1, 1, 1, 1]}}, {"type": "Feature", "geometry": {"type": "Point", "coordinates": [3.6682, 42.636101]}, "properties": {"var_data": [0.132, 0.002, 0.007, 0.007, 0.546, -0.0, 1, 1, 1, 1, 1]}}, {"type": "Feature", "geometry": {"type": "Point", "coordinates": [3.70354, 42.636101]}, "properties": {"var_data": [0.143, -0.017, 0.007, 0.017, 0.725, 0.0, 1, 1, 1, 1, 1]}}, {"type": "Feature", "geometry": {"type": "Point", "coordinates": [3.73888, 42.636101]}, "properties": {"var_data": [0.147, 0.011, 0.007, 0.014, 0.725, 0.0, 1, 1, 1, 1, 1]}}, {"type": "Feature", "geometry": {"type": "Point", "coordinates": [3.77422, 42.636101]}, "properties": {"var_data": [0.156, 0.024, 0.01, 0.013, 0.903, -0.0, 1, 1, 1, 1, 1]}}, {"type": "Feature", "geometry": {"type": "Point", "coordinates": [3.80956, 42.636101]}, "properties": {"var_data": [0.211, -0.006, 0.01, 0.013, 1.198, -0.0, 1, 0, 1, 1, 1]}}, {"type": "Feature", "geometry": {"type": "Point", "coordinates": [3.8449, 42.636101]}, "properties": {"var_data": [0.374, -0.134, 0.129, 0.094, 2.245, -0.012, 4, 0, 4, 1, 1]}}, {"type": "Feature", "geometry": {"type": "Point", "coordinates": [3.88024, 42.636101]}, "properties": {"var_data": [0.228, -0.045, 0.059, 0.048, 1.572, -0.003, 1, 1, 1, 1, 1]}}, {"type": "Feature", "geometry": {"type": "Point", "coordinates": [3.91558, 42.636101]}, "properties": {"var_data": [0.238, -0.091, 0.06, 0.052, 1.631, -0.003, 1, 1, 1, 1, 1]}}, {"type": "Feature", "geometry": {"type": "Point", "coordinates": [3.95092, 42.636101]}, "properties": {"var_data": [0.155, -0.035, 0.071, 0.063, 2.038, -0.004, 4, 1, 4, 1, 1]}}, {"type": "Feature", "geometry": {"type": "Point", "coordinates": [3.98626, 42.636101]}, "properties": {"var_data": [0.163, -0.036, 0.081, 0.071, 2.247, -0.006, 4, 1, 4, 1, 1]}}, {"type": "Feature", "geometry": {"type": "Point", "coordinates": [4.0216, 42.636101]}, "properties": {"var_data": [0.188, -0.091, 0.052, 0.052, 1.805, -0.003, 1, 0, 1, 1, 1]}}, {"type": "Feature", "geometry": {"type": "Point", "coordinates": [4.05694, 42.636101]}, "properties": {"var_data": [0.266, -0.193, 0.009, 0.013, 2.499, -0.0, 4, 0, 4, 1, 1]}}, {"type": "Feature", "geometry": {"type": "Point", "coordinates": [4.09228, 42.636101]}, "properties": {"var_data": [0.321, -0.271, 0.009, 0.013, 3.296, -0.0, 4, 0, 4, 1, 1]}}, {"type": "Feature", "geometry": {"type": "Point", "coordinates": [3.06742, 42.663101]}, "properties": {"var_data": [-0.007, 0.35, 0.002, 0.004, 0.239, 0.0, 1, 1, 1, 1, 1]}}, {"type": "Feature", "geometry": {"type": "Point", "coordinates": [3.10276, 42.663101]}, "properties": {"var_data": [-0.004, 0.326, 0.003, 0.005, 0.265, 0.0, 1, 1, 1, 1, 1]}}, {"type": "Feature", "geometry": {"type": "Point", "coordinates": [3.1381, 42.663101]}, "properties": {"var_data": [-0.032, 0.231, 0.003, 0.007, 0.29, 0.0, 1, 1, 1, 1, 1]}}, {"type": "Feature", "geometry": {"type": "Point", "coordinates": [3.17344, 42.663101]}, "properties": {"var_data": [-0.05, 0.109, 0.003, 0.011, 0.281, 0.0, 1, 1, 1, 1, 1]}}, {"type": "Feature", "geometry": {"type": "Point", "coordinates": [3.20878, 42.663101]}, "properties": {"var_data": [-0.043, 0.023, 0.003, 0.012, 0.275, 0.0, 1, 1, 1, 1, 1]}}, {"type": "Feature", "geometry": {"type": "Point", "coordinates": [3.24412, 42.663101]}, "properties": {"var_data": [-0.052, -0.076, 0.003, 0.013, 0.29, 0.0, 1, 1, 1, 1, 1]}}, {"type": "Feature", "geometry": {"type": "Point", "coordinates": [3.27946, 42.663101]}, "properties": {"var_data": [-0.067, -0.123, 0.005, 0.017, 0.312, 0.0, 1, 1, 1, 1, 1]}}, {"type": "Feature", "geometry": {"type": "Point", "coordinates": [3.3148, 42.663101]}, "properties": {"var_data": [-0.069, -0.169, 0.005, 0.018, 0.339, 0.0, 1, 1, 1, 1, 1]}}, {"type": "Feature", "geometry": {"type": "Point", "coordinates": [3.35014, 42.663101]}, "properties": {"var_data": [-0.054, -0.223, 0.004, 0.017, 0.367, 0.0, 1, 1, 1, 1, 1]}}, {"type": "Feature", "geometry": {"type": "Point", "coordinates": [3.38548, 42.663101]}, "properties": {"var_data": [-0.015, -0.233, 0.003, 0.014, 0.355, 0.0, 1, 1, 1, 1, 1]}}, {"type": "Feature", "geometry": {"type": "Point", "coordinates": [3.42082, 42.663101]}, "properties": {"var_data": [0.031, -0.229, 0.004, 0.012, 0.373, 0.0, 1, 1, 1, 1, 1]}}, {"type": "Feature", "geometry": {"type": "Point", "coordinates": [3.45616, 42.663101]}, "properties": {"var_data": [0.049, -0.243, 0.003, 0.012, 0.361, 0.0, 1, 1, 1, 1, 1]}}, {"type": "Feature", "geometry": {"type": "Point", "coordinates": [3.4915, 42.663101]}, "properties": {"var_data": [0.056, -0.159, 0.002, 0.006, 0.372, 0.0, 1, 1, 1, 1, 1]}}, {"type": "Feature", "geometry": {"type": "Point", "coordinates": [3.52684, 42.663101]}, "properties": {"var_data": [0.06, -0.145, 0.002, 0.007, 0.431, 0.0, 1, 1, 1, 1, 1]}}, {"type": "Feature", "geometry": {"type": "Point", "coordinates": [3.56218, 42.663101]}, "properties": {"var_data": [0.085, -0.081, 0.006, 0.006, 0.45, -0.0, 1, 1, 1, 1, 1]}}, {"type": "Feature", "geometry": {"type": "Point", "coordinates": [3.59752, 42.663101]}, "properties": {"var_data": [0.121, -0.016, 0.004, 0.006, 0.523, -0.0, 1, 1, 1, 1, 1]}}, {"type": "Feature", "geometry": {"type": "Point", "coordinates": [3.63286, 42.663101]}, "properties": {"var_data": [0.138, 0.018, 0.004, 0.008, 0.617, -0.0, 1, 1, 1, 1, 1]}}, {"type": "Feature", "geometry": {"type": "Point", "coordinates": [3.6682, 42.663101]}, "properties": {"var_data": [0.141, 0.021, 0.005, 0.007, 0.603, -0.0, 1, 1, 1, 1, 1]}}, {"type": "Feature", "geometry": {"type": "Point", "coordinates": [3.70354, 42.663101]}, "properties": {"var_data": [0.174, 0.009, 0.007, 0.01, 0.677, -0.0, 1, 1, 1, 1, 1]}}, {"type": "Feature", "geometry": {"type": "Point", "coordinates": [3.73888, 42.663101]}, "properties": {"var_data": [0.183, 0.015, 0.006, 0.009, 0.715, -0.0, 1, 1, 1, 1, 1]}}, {"type": "Feature", "geometry": {"type": "Point", "coordinates": [3.77422, 42.663101]}, "properties": {"var_data": [0.182, 0.014, 0.006, 0.008, 0.644, -0.0, 1, 1, 1, 1, 1]}}, {"type": "Feature", "geometry": {"type": "Point", "coordinates": [3.80956, 42.663101]}, "properties": {"var_data": [0.201, 0.021, 0.008, 0.008, 0.725, -0.0, 1, 1, 1, 1, 1]}}, {"type": "Feature", "geometry": {"type": "Point", "coordinates": [3.8449, 42.663101]}, "properties": {"var_data": [0.235, -0.016, 0.024, 0.023, 1.264, -0.0, 1, 0, 1, 1, 1]}}, {"type": "Feature", "geometry": {"type": "Point", "coordinates": [3.88024, 42.663101]}, "properties": {"var_data": [0.387, -0.153, 0.129, 0.095, 2.349, -0.012, 4, 0, 4, 1, 1]}}, {"type": "Feature", "geometry": {"type": "Point", "coordinates": [3.91558, 42.663101]}, "properties": {"var_data": [0.47, -0.276, 0.108, 0.091, 2.582, -0.01, 4, 0, 4, 1, 1]}}, {"type": "Feature", "geometry": {"type": "Point", "coordinates": [3.95092, 42.663101]}, "properties": {"var_data": [0.182, -0.043, 0.081, 0.071, 2.442, -0.006, 4, 0, 4, 1, 1]}}, {"type": "Feature", "geometry": {"type": "Point", "coordinates": [3.98626, 42.663101]}, "properties": {"var_data": [0.142, -0.045, 0.154, 0.133, 2.664, -0.02, 4, 0, 4, 1, 1]}}, {"type": "Feature", "geometry": {"type": "Point", "coordinates": [4.0216, 42.663101]}, "properties": {"var_data": [0.266, -0.151, 0.011, 0.018, 2.571, -0.0, 4, 0, 4, 1, 1]}}, {"type": "Feature", "geometry": {"type": "Point", "coordinates": [3.06742, 42.690102]}, "properties": {"var_data": [-0.022, 0.283, 0.002, 0.003, 0.187, 0.0, 1, 1, 1, 1, 1]}}, {"type": "Feature", "geometry": {"type": "Point", "coordinates": [3.10276, 42.690102]}, "properties": {"var_data": [-0.008, 0.283, 0.002, 0.004, 0.213, 0.0, 1, 1, 1, 1, 1]}}, {"type": "Feature", "geometry": {"type": "Point", "coordinates": [3.1381, 42.690102]}, "properties": {"var_data": [-0.002, 0.202, 0.002, 0.007, 0.245, 0.0, 1, 1, 1, 1, 1]}}, {"type": "Feature", "geometry": {"type": "Point", "coordinates": [3.17344, 42.690102]}, "properties": {"var_data": [0.003, 0.094, 0.002, 0.01, 0.264, 0.0, 1, 1, 1, 1, 1]}}, {"type": "Feature", "geometry": {"type": "Point", "coordinates": [3.20878, 42.690102]}, "properties": {"var_data": [0.003, 0.019, 0.002, 0.011, 0.263, 0.0, 1, 1, 1, 1, 1]}}, {"type": "Feature", "geometry": {"type": "Point", "coordinates": [3.24412, 42.690102]}, "properties": {"var_data": [-0.006, -0.035, 0.002, 0.015, 0.289, 0.0, 1, 1, 1, 1, 1]}}, {"type": "Feature", "geometry": {"type": "Point", "coordinates": [3.27946, 42.690102]}, "properties": {"var_data": [-0.002, -0.104, 0.003, 0.021, 0.313, 0.0, 1, 1, 1, 1, 1]}}, {"type": "Feature", "geometry": {"type": "Point", "coordinates": [3.3148, 42.690102]}, "properties": {"var_data": [-0.012, -0.19, 0.003, 0.029, 0.334, -0.0, 1, 1, 1, 1, 1]}}, {"type": "Feature", "geometry": {"type": "Point", "coordinates": [3.35014, 42.690102]}, "properties": {"var_data": [0.016, -0.279, 0.003, 0.031, 0.364, -0.0, 1, 1, 1, 1, 1]}}, {"type": "Feature", "geometry": {"type": "Point", "coordinates": [3.38548, 42.690102]}, "properties": {"var_data": [0.044, -0.257, 0.003, 0.017, 0.341, -0.0, 1, 1, 1, 1, 1]}}, {"type": "Feature", "geometry": {"type": "Point", "coordinates": [3.42082, 42.690102]}, "properties": {"var_data": [0.069, -0.296, 0.004, 0.014, 0.355, -0.0, 1, 1, 1, 1, 1]}}, {"type": "Feature", "geometry": {"type": "Point", "coordinates": [3.45616, 42.690102]}, "properties": {"var_data": [0.071, -0.262, 0.004, 0.014, 0.347, -0.0, 1, 1, 1, 1, 1]}}, {"type": "Feature", "geometry": {"type": "Point", "coordinates": [3.4915, 42.690102]}, "properties": {"var_data": [0.073, -0.182, 0.002, 0.006, 0.352, 0.0, 1, 1, 1, 1, 1]}}, {"type": "Feature", "geometry": {"type": "Point", "coordinates": [3.52684, 42.690102]}, "properties": {"var_data": [0.086, -0.185, 0.006, 0.006, 0.378, -0.0, 1, 1, 1, 1, 1]}}, {"type": "Feature", "geometry": {"type": "Point", "coordinates": [3.56218, 42.690102]}, "properties": {"var_data": [0.102, -0.155, 0.004, 0.006, 0.424, -0.0, 1, 1, 1, 1, 1]}}, {"type": "Feature", "geometry": {"type": "Point", "coordinates": [3.59752, 42.690102]}, "properties": {"var_data": [0.13, -0.011, 0.003, 0.007, 0.502, -0.0, 1, 1, 1, 1, 1]}}, {"type": "Feature", "geometry": {"type": "Point", "coordinates": [3.63286, 42.690102]}, "properties": {"var_data": [0.145, 0.037, 0.004, 0.012, 0.636, -0.0, 1, 1, 1, 1, 1]}}, {"type": "Feature", "geometry": {"type": "Point", "coordinates": [3.6682, 42.690102]}, "properties": {"var_data": [0.159, 0.033, 0.004, 0.013, 0.686, -0.0, 1, 1, 1, 1, 1]}}, {"type": "Feature", "geometry": {"type": "Point", "coordinates": [3.70354, 42.690102]}, "properties": {"var_data": [0.176, 0.025, 0.006, 0.008, 0.578, -0.0, 1, 1, 1, 1, 1]}}, {"type": "Feature", "geometry": {"type": "Point", "coordinates": [3.73888, 42.690102]}, "properties": {"var_data": [0.183, 0.024, 0.006, 0.009, 0.758, -0.0, 1, 1, 1, 1, 1]}}, {"type": "Feature", "geometry": {"type": "Point", "coordinates": [3.77422, 42.690102]}, "properties": {"var_data": [0.186, 0.032, 0.006, 0.009, 0.833, -0.0, 1, 1, 1, 1, 1]}}, {"type": "Feature", "geometry": {"type": "Point", "coordinates": [3.80956, 42.690102]}, "properties": {"var_data": [0.195, -0.001, 0.008, 0.009, 0.763, -0.0, 1, 1, 1, 1, 1]}}, {"type": "Feature", "geometry": {"type": "Point", "coordinates": [3.8449, 42.690102]}, "properties": {"var_data": [0.198, -0.022, 0.012, 0.012, 1.038, -0.0, 1, 0, 1, 1, 1]}}, {"type": "Feature", "geometry": {"type": "Point", "coordinates": [3.88024, 42.690102]}, "properties": {"var_data": [0.201, -0.042, 0.024, 0.026, 1.425, -0.0, 1, 0, 1, 1, 1]}}, {"type": "Feature", "geometry": {"type": "Point", "coordinates": [3.91558, 42.690102]}, "properties": {"var_data": [0.244, -0.065, 0.15, 0.113, 3.767, -0.017, 4, 0, 4, 4, 1]}}, {"type": "Feature", "geometry": {"type": "Point", "coordinates": [3.95092, 42.690102]}, "properties": {"var_data": [0.084, 0.005, 0.203, 0.175, 5.097, -0.035, 4, 0, 4, 4, 1]}}, {"type": "Feature", "geometry": {"type": "Point", "coordinates": [3.98626, 42.690102]}, "properties": {"var_data": [0.292, -0.173, 0.216, 0.185, 3.765, -0.04, 4, 0, 4, 4, 1]}}, {"type": "Feature", "geometry": {"type": "Point", "coordinates": [4.0216, 42.690102]}, "properties": {"var_data": [0.296, -0.167, 0.012, 0.019, 3.435, -0.0, 4, 0, 4, 1, 1]}}, {"type": "Feature", "geometry": {"type": "Point", "coordinates": [3.06742, 42.717098]}, "properties": {"var_data": [-0.017, 0.248, 0.002, 0.003, 0.182, -0.0, 1, 1, 1, 1, 1]}}, {"type": "Feature", "geometry": {"type": "Point", "coordinates": [3.10276, 42.717098]}, "properties": {"var_data": [0.006, 0.214, 0.002, 0.004, 0.207, -0.0, 1, 1, 1, 1, 1]}}, {"type": "Feature", "geometry": {"type": "Point", "coordinates": [3.1381, 42.717098]}, "properties": {"var_data": [0.027, 0.171, 0.002, 0.006, 0.244, -0.0, 1, 1, 1, 1, 1]}}, {"type": "Feature", "geometry": {"type": "Point", "coordinates": [3.17344, 42.717098]}, "properties": {"var_data": [0.046, 0.09, 0.002, 0.01, 0.263, -0.0, 1, 1, 1, 1, 1]}}, {"type": "Feature", "geometry": {"type": "Point", "coordinates": [3.20878, 42.717098]}, "properties": {"var_data": [0.048, 0.022, 0.002, 0.013, 0.269, -0.0, 1, 1, 1, 1, 1]}}, {"type": "Feature", "geometry": {"type": "Point", "coordinates": [3.24412, 42.717098]}, "properties": {"var_data": [0.036, -0.011, 0.002, 0.017, 0.286, -0.0, 1, 1, 1, 1, 1]}}, {"type": "Feature", "geometry": {"type": "Point", "coordinates": [3.27946, 42.717098]}, "properties": {"var_data": [0.025, -0.049, 0.003, 0.022, 0.305, -0.0, 1, 1, 1, 1, 1]}}, {"type": "Feature", "geometry": {"type": "Point", "coordinates": [3.3148, 42.717098]}, "properties": {"var_data": [0.031, -0.134, 0.003, 0.022, 0.31, -0.0, 1, 1, 1, 1, 1]}}, {"type": "Feature", "geometry": {"type": "Point", "coordinates": [3.35014, 42.717098]}, "properties": {"var_data": [0.049, -0.224, 0.003, 0.02, 0.33, -0.0, 1, 1, 1, 1, 1]}}, {"type": "Feature", "geometry": {"type": "Point", "coordinates": [3.38548, 42.717098]}, "properties": {"var_data": [0.066, -0.292, 0.003, 0.025, 0.348, -0.0, 1, 1, 1, 1, 1]}}, {"type": "Feature", "geometry": {"type": "Point", "coordinates": [3.42082, 42.717098]}, "properties": {"var_data": [0.088, -0.214, 0.003, 0.007, 0.336, -0.0, 1, 1, 1, 1, 1]}}, {"type": "Feature", "geometry": {"type": "Point", "coordinates": [3.45616, 42.717098]}, "properties": {"var_data": [0.09, -0.245, 0.004, 0.006, 0.353, -0.0, 1, 1, 1, 1, 1]}}, {"type": "Feature", "geometry": {"type": "Point", "coordinates": [3.4915, 42.717098]}, "properties": {"var_data": [0.087, -0.174, 0.005, 0.005, 0.361, -0.0, 1, 1, 1, 1, 1]}}, {"type": "Feature", "geometry": {"type": "Point", "coordinates": [3.52684, 42.717098]}, "properties": {"var_data": [0.106, -0.184, 0.005, 0.005, 0.367, -0.0, 1, 1, 1, 1, 1]}}, {"type": "Feature", "geometry": {"type": "Point", "coordinates": [3.56218, 42.717098]}, "properties": {"var_data": [0.115, -0.172, 0.003, 0.006, 0.441, -0.0, 1, 1, 1, 1, 1]}}, {"type": "Feature", "geometry": {"type": "Point", "coordinates": [3.59752, 42.717098]}, "properties": {"var_data": [0.136, -0.038, 0.003, 0.006, 0.49, -0.0, 1, 1, 1, 1, 1]}}, {"type": "Feature", "geometry": {"type": "Point", "coordinates": [3.63286, 42.717098]}, "properties": {"var_data": [0.15, 0.052, 0.004, 0.011, 0.589, -0.0, 1, 1, 1, 1, 1]}}, {"type": "Feature", "geometry": {"type": "Point", "coordinates": [3.6682, 42.717098]}, "properties": {"var_data": [0.162, 0.034, 0.004, 0.009, 0.755, -0.0, 1, 1, 1, 1, 1]}}, {"type": "Feature", "geometry": {"type": "Point", "coordinates": [3.70354, 42.717098]}, "properties": {"var_data": [0.176, 0.036, 0.009, 0.008, 0.692, -0.0, 1, 1, 1, 1, 1]}}, {"type": "Feature", "geometry": {"type": "Point", "coordinates": [3.73888, 42.717098]}, "properties": {"var_data": [0.194, 0.029, 0.008, 0.008, 0.734, -0.0, 1, 1, 1, 1, 1]}}, {"type": "Feature", "geometry": {"type": "Point", "coordinates": [3.77422, 42.717098]}, "properties": {"var_data": [0.197, 0.024, 0.008, 0.01, 0.881, -0.0, 1, 0, 1, 1, 1]}}, {"type": "Feature", "geometry": {"type": "Point", "coordinates": [3.80956, 42.717098]}, "properties": {"var_data": [0.197, 0.006, 0.008, 0.01, 0.999, -0.0, 1, 0, 1, 1, 1]}}, {"type": "Feature", "geometry": {"type": "Point", "coordinates": [3.8449, 42.717098]}, "properties": {"var_data": [0.199, -0.012, 0.012, 0.013, 1.183, -0.0, 1, 0, 1, 1, 1]}}, {"type": "Feature", "geometry": {"type": "Point", "coordinates": [3.88024, 42.717098]}, "properties": {"var_data": [0.183, -0.021, 0.025, 0.027, 1.724, -0.0, 4, 0, 1, 4, 1]}}, {"type": "Feature", "geometry": {"type": "Point", "coordinates": [3.06742, 42.744099]}, "properties": {"var_data": [0.005, 0.206, 0.003, 0.005, 0.223, -0.0, 1, 1, 1, 1, 1]}}, {"type": "Feature", "geometry": {"type": "Point", "coordinates": [3.10276, 42.744099]}, "properties": {"var_data": [0.024, 0.181, 0.003, 0.007, 0.227, -0.0, 1, 1, 1, 1, 1]}}, {"type": "Feature", "geometry": {"type": "Point", "coordinates": [3.1381, 42.744099]}, "properties": {"var_data": [0.039, 0.18, 0.003, 0.008, 0.263, -0.0, 1, 1, 1, 1, 1]}}, {"type": "Feature", "geometry": {"type": "Point", "coordinates": [3.17344, 42.744099]}, "properties": {"var_data": [0.056, 0.124, 0.003, 0.008, 0.268, -0.0, 1, 1, 1, 1, 1]}}, {"type": "Feature", "geometry": {"type": "Point", "coordinates": [3.20878, 42.744099]}, "properties": {"var_data": [0.066, 0.06, 0.003, 0.011, 0.273, -0.0, 1, 1, 1, 1, 1]}}, {"type": "Feature", "geometry": {"type": "Point", "coordinates": [3.24412, 42.744099]}, "properties": {"var_data": [0.049, 0.034, 0.003, 0.011, 0.303, -0.0, 1, 1, 1, 1, 1]}}, {"type": "Feature", "geometry": {"type": "Point", "coordinates": [3.27946, 42.744099]}, "properties": {"var_data": [0.044, -0.012, 0.004, 0.014, 0.296, -0.0, 1, 1, 1, 1, 1]}}, {"type": "Feature", "geometry": {"type": "Point", "coordinates": [3.3148, 42.744099]}, "properties": {"var_data": [0.053, -0.111, 0.004, 0.019, 0.313, -0.0, 1, 1, 1, 1, 1]}}, {"type": "Feature", "geometry": {"type": "Point", "coordinates": [3.35014, 42.744099]}, "properties": {"var_data": [0.096, -0.219, 0.003, 0.019, 0.348, -0.0, 1, 1, 1, 1, 1]}}, {"type": "Feature", "geometry": {"type": "Point", "coordinates": [3.38548, 42.744099]}, "properties": {"var_data": [0.094, -0.236, 0.003, 0.019, 0.355, -0.0, 1, 1, 1, 1, 1]}}, {"type": "Feature", "geometry": {"type": "Point", "coordinates": [3.42082, 42.744099]}, "properties": {"var_data": [0.107, -0.223, 0.004, 0.007, 0.372, -0.0, 1, 1, 1, 1, 1]}}, {"type": "Feature", "geometry": {"type": "Point", "coordinates": [3.45616, 42.744099]}, "properties": {"var_data": [0.109, -0.153, 0.006, 0.007, 0.431, -0.0, 1, 1, 1, 1, 1]}}, {"type": "Feature", "geometry": {"type": "Point", "coordinates": [3.4915, 42.744099]}, "properties": {"var_data": [0.113, -0.205, 0.004, 0.006, 0.413, -0.0, 1, 1, 1, 1, 1]}}, {"type": "Feature", "geometry": {"type": "Point", "coordinates": [3.52684, 42.744099]}, "properties": {"var_data": [0.12, -0.101, 0.004, 0.006, 0.404, -0.0, 1, 1, 1, 1, 1]}}, {"type": "Feature", "geometry": {"type": "Point", "coordinates": [3.56218, 42.744099]}, "properties": {"var_data": [0.134, -0.089, 0.003, 0.008, 0.458, -0.0, 1, 1, 1, 1, 1]}}, {"type": "Feature", "geometry": {"type": "Point", "coordinates": [3.59752, 42.744099]}, "properties": {"var_data": [0.153, -0.064, 0.003, 0.007, 0.487, -0.0, 1, 1, 1, 1, 1]}}, {"type": "Feature", "geometry": {"type": "Point", "coordinates": [3.63286, 42.744099]}, "properties": {"var_data": [0.162, 0.048, 0.003, 0.008, 0.565, -0.0, 1, 1, 1, 1, 1]}}, {"type": "Feature", "geometry": {"type": "Point", "coordinates": [3.6682, 42.744099]}, "properties": {"var_data": [0.167, 0.039, 0.003, 0.005, 0.665, -0.0, 1, 1, 1, 1, 1]}}, {"type": "Feature", "geometry": {"type": "Point", "coordinates": [3.70354, 42.744099]}, "properties": {"var_data": [0.178, 0.034, 0.005, 0.006, 0.783, -0.0, 1, 1, 1, 1, 1]}}, {"type": "Feature", "geometry": {"type": "Point", "coordinates": [3.73888, 42.744099]}, "properties": {"var_data": [0.193, 0.023, 0.005, 0.006, 0.721, -0.0, 1, 1, 1, 1, 1]}}, {"type": "Feature", "geometry": {"type": "Point", "coordinates": [3.77422, 42.744099]}, "properties": {"var_data": [0.192, 0.008, 0.008, 0.01, 0.973, -0.0, 1, 0, 1, 1, 1]}}, {"type": "Feature", "geometry": {"type": "Point", "coordinates": [3.80956, 42.744099]}, "properties": {"var_data": [0.2, 0.005, 0.012, 0.014, 1.412, -0.0, 4, 0, 1, 4, 1]}}, {"type": "Feature", "geometry": {"type": "Point", "coordinates": [3.06742, 42.771099]}, "properties": {"var_data": [0.015, 0.181, 0.007, 0.008, 0.31, -0.0, 1, 1, 1, 1, 1]}}, {"type": "Feature", "geometry": {"type": "Point", "coordinates": [3.10276, 42.771099]}, "properties": {"var_data": [0.039, 0.163, 0.007, 0.008, 0.269, -0.0, 1, 1, 1, 1, 1]}}, {"type": "Feature", "geometry": {"type": "Point", "coordinates": [3.1381, 42.771099]}, "properties": {"var_data": [0.054, 0.149, 0.004, 0.007, 0.293, -0.0, 1, 1, 1, 1, 1]}}, {"type": "Feature", "geometry": {"type": "Point", "coordinates": [3.17344, 42.771099]}, "properties": {"var_data": [0.056, 0.146, 0.005, 0.009, 0.283, -0.0, 1, 1, 1, 1, 1]}}, {"type": "Feature", "geometry": {"type": "Point", "coordinates": [3.20878, 42.771099]}, "properties": {"var_data": [0.071, 0.095, 0.007, 0.012, 0.292, -0.0, 1, 1, 1, 1, 1]}}, {"type": "Feature", "geometry": {"type": "Point", "coordinates": [3.24412, 42.771099]}, "properties": {"var_data": [0.056, 0.076, 0.006, 0.014, 0.325, -0.0, 1, 1, 1, 1, 1]}}, {"type": "Feature", "geometry": {"type": "Point", "coordinates": [3.27946, 42.771099]}, "properties": {"var_data": [0.062, 0.016, 0.005, 0.014, 0.321, -0.0, 1, 1, 1, 1, 1]}}, {"type": "Feature", "geometry": {"type": "Point", "coordinates": [3.3148, 42.771099]}, "properties": {"var_data": [0.076, -0.054, 0.006, 0.017, 0.321, -0.0, 1, 1, 1, 1, 1]}}, {"type": "Feature", "geometry": {"type": "Point", "coordinates": [3.35014, 42.771099]}, "properties": {"var_data": [0.11, -0.141, 0.006, 0.019, 0.349, -0.0, 1, 1, 1, 1, 1]}}, {"type": "Feature", "geometry": {"type": "Point", "coordinates": [3.38548, 42.771099]}, "properties": {"var_data": [0.107, -0.143, 0.006, 0.022, 0.374, -0.0, 1, 1, 1, 1, 1]}}, {"type": "Feature", "geometry": {"type": "Point", "coordinates": [3.42082, 42.771099]}, "properties": {"var_data": [0.118, -0.13, 0.006, 0.006, 0.425, -0.0, 1, 1, 1, 1, 1]}}, {"type": "Feature", "geometry": {"type": "Point", "coordinates": [3.45616, 42.771099]}, "properties": {"var_data": [0.124, -0.092, 0.009, 0.005, 0.525, -0.0, 1, 1, 1, 1, 1]}}, {"type": "Feature", "geometry": {"type": "Point", "coordinates": [3.4915, 42.771099]}, "properties": {"var_data": [0.139, -0.106, 0.004, 0.005, 0.455, -0.0, 1, 1, 1, 1, 1]}}, {"type": "Feature", "geometry": {"type": "Point", "coordinates": [3.52684, 42.771099]}, "properties": {"var_data": [0.151, -0.095, 0.004, 0.005, 0.454, -0.0, 1, 1, 1, 1, 1]}}, {"type": "Feature", "geometry": {"type": "Point", "coordinates": [3.56218, 42.771099]}, "properties": {"var_data": [0.157, -0.093, 0.003, 0.005, 0.454, -0.0, 1, 1, 1, 1, 1]}}, {"type": "Feature", "geometry": {"type": "Point", "coordinates": [3.59752, 42.771099]}, "properties": {"var_data": [0.161, -0.037, 0.004, 0.009, 0.533, -0.0, 1, 1, 1, 1, 1]}}, {"type": "Feature", "geometry": {"type": "Point", "coordinates": [3.63286, 42.771099]}, "properties": {"var_data": [0.167, -0.003, 0.004, 0.008, 0.646, -0.0, 1, 1, 1, 1, 1]}}, {"type": "Feature", "geometry": {"type": "Point", "coordinates": [3.6682, 42.771099]}, "properties": {"var_data": [0.177, 0.033, 0.004, 0.006, 0.744, -0.0, 1, 1, 1, 1, 1]}}, {"type": "Feature", "geometry": {"type": "Point", "coordinates": [3.70354, 42.771099]}, "properties": {"var_data": [0.179, 0.034, 0.005, 0.006, 0.849, -0.0, 1, 1, 1, 1, 1]}}, {"type": "Feature", "geometry": {"type": "Point", "coordinates": [3.73888, 42.771099]}, "properties": {"var_data": [0.172, 0.034, 0.005, 0.006, 0.975, -0.0, 1, 0, 1, 1, 1]}}, {"type": "Feature", "geometry": {"type": "Point", "coordinates": [3.77422, 42.771099]}, "properties": {"var_data": [0.188, 0.021, 0.006, 0.007, 1.493, -0.0, 4, 0, 1, 4, 1]}}, {"type": "Feature", "geometry": {"type": "Point", "coordinates": [3.06742, 42.7981]}, "properties": {"var_data": [-0.004, 0.165, 0.009, 0.007, 0.421, -0.0, 1, 1, 1, 1, 1]}}, {"type": "Feature", "geometry": {"type": "Point", "coordinates": [3.10276, 42.7981]}, "properties": {"var_data": [0.033, 0.144, 0.01, 0.009, 0.36, -0.0, 1, 1, 1, 1, 1]}}, {"type": "Feature", "geometry": {"type": "Point", "coordinates": [3.1381, 42.7981]}, "properties": {"var_data": [0.058, 0.134, 0.009, 0.01, 0.331, -0.0, 1, 1, 1, 1, 1]}}, {"type": "Feature", "geometry": {"type": "Point", "coordinates": [3.17344, 42.7981]}, "properties": {"var_data": [0.079, 0.113, 0.011, 0.015, 0.341, -0.0, 1, 1, 1, 1, 1]}}, {"type": "Feature", "geometry": {"type": "Point", "coordinates": [3.20878, 42.7981]}, "properties": {"var_data": [0.076, 0.11, 0.009, 0.014, 0.315, -0.0, 1, 1, 1, 1, 1]}}, {"type": "Feature", "geometry": {"type": "Point", "coordinates": [3.24412, 42.7981]}, "properties": {"var_data": [0.069, 0.086, 0.007, 0.013, 0.338, -0.0, 1, 1, 1, 1, 1]}}, {"type": "Feature", "geometry": {"type": "Point", "coordinates": [3.27946, 42.7981]}, "properties": {"var_data": [0.069, 0.053, 0.008, 0.016, 0.338, -0.0, 1, 1, 1, 1, 1]}}, {"type": "Feature", "geometry": {"type": "Point", "coordinates": [3.3148, 42.7981]}, "properties": {"var_data": [0.093, -0.02, 0.008, 0.016, 0.35, -0.0, 1, 1, 1, 1, 1]}}, {"type": "Feature", "geometry": {"type": "Point", "coordinates": [3.35014, 42.7981]}, "properties": {"var_data": [0.107, -0.071, 0.008, 0.02, 0.382, -0.0, 1, 1, 1, 1, 1]}}, {"type": "Feature", "geometry": {"type": "Point", "coordinates": [3.38548, 42.7981]}, "properties": {"var_data": [0.114, -0.079, 0.006, 0.01, 0.413, -0.0, 1, 1, 1, 1, 1]}}, {"type": "Feature", "geometry": {"type": "Point", "coordinates": [3.42082, 42.7981]}, "properties": {"var_data": [0.12, -0.103, 0.009, 0.01, 0.526, -0.0, 1, 1, 1, 1, 1]}}, {"type": "Feature", "geometry": {"type": "Point", "coordinates": [3.45616, 42.7981]}, "properties": {"var_data": [0.129, -0.066, 0.011, 0.006, 0.592, -0.0, 1, 1, 1, 1, 1]}}, {"type": "Feature", "geometry": {"type": "Point", "coordinates": [3.4915, 42.7981]}, "properties": {"var_data": [0.174, -0.072, 0.005, 0.005, 0.637, -0.0, 1, 1, 1, 1, 1]}}, {"type": "Feature", "geometry": {"type": "Point", "coordinates": [3.52684, 42.7981]}, "properties": {"var_data": [0.183, -0.087, 0.005, 0.007, 0.608, -0.0, 1, 1, 1, 1, 1]}}, {"type": "Feature", "geometry": {"type": "Point", "coordinates": [3.56218, 42.7981]}, "properties": {"var_data": [0.161, -0.001, 0.005, 0.006, 0.586, -0.0, 1, 1, 1, 1, 1]}}, {"type": "Feature", "geometry": {"type": "Point", "coordinates": [3.59752, 42.7981]}, "properties": {"var_data": [0.168, 0.019, 0.005, 0.01, 0.708, -0.0, 1, 1, 1, 1, 1]}}, {"type": "Feature", "geometry": {"type": "Point", "coordinates": [3.63286, 42.7981]}, "properties": {"var_data": [0.164, -0.013, 0.007, 0.011, 0.792, -0.0, 1, 1, 1, 1, 1]}}, {"type": "Feature", "geometry": {"type": "Point", "coordinates": [3.6682, 42.7981]}, "properties": {"var_data": [0.182, -0.014, 0.005, 0.006, 0.848, -0.0, 1, 0, 1, 1, 1]}}, {"type": "Feature", "geometry": {"type": "Point", "coordinates": [3.70354, 42.7981]}, "properties": {"var_data": [0.186, -0.037, 0.005, 0.006, 0.858, -0.0, 1, 0, 1, 1, 1]}}, {"type": "Feature", "geometry": {"type": "Point", "coordinates": [3.73888, 42.7981]}, "properties": {"var_data": [0.173, 0.028, 0.005, 0.007, 1.219, -0.0, 1, 0, 1, 1, 1]}}, {"type": "Feature", "geometry": {"type": "Point", "coordinates": [3.77422, 42.7981]}, "properties": {"var_data": [0.189, 0.018, 0.006, 0.007, 1.724, -0.0, 4, 0, 1, 4, 1]}}, {"type": "Feature", "geometry": {"type": "Point", "coordinates": [3.06742, 42.8251]}, "properties": {"var_data": [-0.044, 0.156, 0.016, 0.009, 0.569, -0.0, 1, 1, 1, 1, 1]}}, {"type": "Feature", "geometry": {"type": "Point", "coordinates": [3.10276, 42.8251]}, "properties": {"var_data": [0.028, 0.137, 0.014, 0.009, 0.413, -0.0, 1, 1, 1, 1, 1]}}, {"type": "Feature", "geometry": {"type": "Point", "coordinates": [3.1381, 42.8251]}, "properties": {"var_data": [0.042, 0.136, 0.01, 0.009, 0.362, -0.0, 1, 1, 1, 1, 1]}}, {"type": "Feature", "geometry": {"type": "Point", "coordinates": [3.17344, 42.8251]}, "properties": {"var_data": [0.075, 0.128, 0.013, 0.014, 0.367, -0.0, 1, 1, 1, 1, 1]}}, {"type": "Feature", "geometry": {"type": "Point", "coordinates": [3.20878, 42.8251]}, "properties": {"var_data": [0.076, 0.12, 0.01, 0.013, 0.345, -0.0, 1, 1, 1, 1, 1]}}, {"type": "Feature", "geometry": {"type": "Point", "coordinates": [3.24412, 42.8251]}, "properties": {"var_data": [0.064, 0.114, 0.01, 0.014, 0.376, -0.0, 1, 1, 1, 1, 1]}}, {"type": "Feature", "geometry": {"type": "Point", "coordinates": [3.27946, 42.8251]}, "properties": {"var_data": [0.091, 0.042, 0.009, 0.016, 0.366, -0.0, 1, 1, 1, 1, 1]}}, {"type": "Feature", "geometry": {"type": "Point", "coordinates": [3.3148, 42.8251]}, "properties": {"var_data": [0.099, 0.018, 0.009, 0.016, 0.381, -0.0, 1, 1, 1, 1, 1]}}, {"type": "Feature", "geometry": {"type": "Point", "coordinates": [3.35014, 42.8251]}, "properties": {"var_data": [0.114, -0.042, 0.011, 0.02, 0.418, -0.0, 1, 1, 1, 1, 1]}}, {"type": "Feature", "geometry": {"type": "Point", "coordinates": [3.38548, 42.8251]}, "properties": {"var_data": [0.11, -0.043, 0.008, 0.01, 0.453, -0.0, 1, 1, 1, 1, 1]}}, {"type": "Feature", "geometry": {"type": "Point", "coordinates": [3.42082, 42.8251]}, "properties": {"var_data": [0.075, 0.016, 0.011, 0.01, 0.596, -0.0, 1, 1, 1, 1, 1]}}, {"type": "Feature", "geometry": {"type": "Point", "coordinates": [3.45616, 42.8251]}, "properties": {"var_data": [0.104, 0.01, 0.014, 0.008, 0.666, -0.0, 1, 1, 1, 1, 1]}}, {"type": "Feature", "geometry": {"type": "Point", "coordinates": [3.4915, 42.8251]}, "properties": {"var_data": [0.145, -0.02, 0.016, 0.008, 0.728, -0.0, 1, 1, 1, 1, 1]}}, {"type": "Feature", "geometry": {"type": "Point", "coordinates": [3.52684, 42.8251]}, "properties": {"var_data": [0.148, -0.005, 0.016, 0.009, 0.727, -0.0, 1, 1, 1, 1, 1]}}, {"type": "Feature", "geometry": {"type": "Point", "coordinates": [3.56218, 42.8251]}, "properties": {"var_data": [0.161, 0.006, 0.005, 0.006, 0.63, -0.0, 1, 1, 1, 1, 1]}}, {"type": "Feature", "geometry": {"type": "Point", "coordinates": [3.59752, 42.8251]}, "properties": {"var_data": [0.184, -0.004, 0.01, 0.009, 0.957, -0.0, 1, 1, 1, 1, 1]}}, {"type": "Feature", "geometry": {"type": "Point", "coordinates": [3.63286, 42.8251]}, "properties": {"var_data": [0.174, -0.01, 0.008, 0.009, 0.932, -0.0, 1, 1, 1, 1, 1]}}, {"type": "Feature", "geometry": {"type": "Point", "coordinates": [3.6682, 42.8251]}, "properties": {"var_data": [0.182, -0.022, 0.005, 0.007, 0.872, -0.0, 1, 0, 1, 1, 1]}}, {"type": "Feature", "geometry": {"type": "Point", "coordinates": [3.70354, 42.8251]}, "properties": {"var_data": [0.192, -0.112, 0.005, 0.007, 1.249, -0.0, 1, 0, 1, 1, 1]}}, {"type": "Feature", "geometry": {"type": "Point", "coordinates": [3.73888, 42.8251]}, "properties": {"var_data": [0.201, -0.117, 0.006, 0.007, 1.528, -0.0, 4, 0, 1, 4, 1]}}, {"type": "Feature", "geometry": {"type": "Point", "coordinates": [3.06742, 42.8521]}, "properties": {"var_data": [-0.054, 0.152, 0.017, 0.009, 0.616, -0.0, 1, 1, 1, 1, 1]}}, {"type": "Feature", "geometry": {"type": "Point", "coordinates": [3.10276, 42.8521]}, "properties": {"var_data": [0.038, 0.123, 0.015, 0.008, 0.483, -0.0, 1, 1, 1, 1, 1]}}, {"type": "Feature", "geometry": {"type": "Point", "coordinates": [3.1381, 42.8521]}, "properties": {"var_data": [0.026, 0.148, 0.009, 0.007, 0.417, -0.0, 1, 1, 1, 1, 1]}}, {"type": "Feature", "geometry": {"type": "Point", "coordinates": [3.17344, 42.8521]}, "properties": {"var_data": [0.062, 0.136, 0.01, 0.008, 0.4, -0.0, 1, 1, 1, 1, 1]}}, {"type": "Feature", "geometry": {"type": "Point", "coordinates": [3.20878, 42.8521]}, "properties": {"var_data": [0.076, 0.13, 0.013, 0.014, 0.4, -0.0, 1, 1, 1, 1, 1]}}, {"type": "Feature", "geometry": {"type": "Point", "coordinates": [3.24412, 42.8521]}, "properties": {"var_data": [0.05, 0.14, 0.014, 0.016, 0.424, -0.0, 1, 1, 1, 1, 1]}}, {"type": "Feature", "geometry": {"type": "Point", "coordinates": [3.27946, 42.8521]}, "properties": {"var_data": [0.08, 0.081, 0.012, 0.016, 0.426, -0.0, 1, 1, 1, 1, 1]}}, {"type": "Feature", "geometry": {"type": "Point", "coordinates": [3.3148, 42.8521]}, "properties": {"var_data": [0.068, 0.086, 0.012, 0.018, 0.443, -0.0, 1, 1, 1, 1, 1]}}, {"type": "Feature", "geometry": {"type": "Point", "coordinates": [3.35014, 42.8521]}, "properties": {"var_data": [0.074, 0.047, 0.013, 0.022, 0.47, -0.0, 1, 1, 1, 1, 1]}}, {"type": "Feature", "geometry": {"type": "Point", "coordinates": [3.38548, 42.8521]}, "properties": {"var_data": [0.062, 0.038, 0.014, 0.023, 0.507, -0.0, 1, 1, 1, 1, 1]}}, {"type": "Feature", "geometry": {"type": "Point", "coordinates": [3.42082, 42.8521]}, "properties": {"var_data": [0.016, 0.065, 0.013, 0.011, 0.692, -0.0, 1, 1, 1, 1, 1]}}, {"type": "Feature", "geometry": {"type": "Point", "coordinates": [3.45616, 42.8521]}, "properties": {"var_data": [0.005, 0.074, 0.014, 0.011, 0.798, -0.0, 1, 1, 1, 1, 1]}}, {"type": "Feature", "geometry": {"type": "Point", "coordinates": [3.4915, 42.8521]}, "properties": {"var_data": [0.092, 0.035, 0.012, 0.007, 0.763, -0.0, 1, 1, 1, 1, 1]}}, {"type": "Feature", "geometry": {"type": "Point", "coordinates": [3.52684, 42.8521]}, "properties": {"var_data": [0.131, 0.053, 0.021, 0.011, 0.82, -0.0, 1, 1, 1, 1, 1]}}, {"type": "Feature", "geometry": {"type": "Point", "coordinates": [3.56218, 42.8521]}, "properties": {"var_data": [0.162, 0.011, 0.055, 0.026, 1.28, -0.001, 1, 1, 1, 1, 1]}}, {"type": "Feature", "geometry": {"type": "Point", "coordinates": [3.59752, 42.8521]}, "properties": {"var_data": [0.528, -0.098, 0.223, 0.098, 8.006, -0.022, 4, 1, 4, 1, 1]}}, {"type": "Feature", "geometry": {"type": "Point", "coordinates": [3.63286, 42.8521]}, "properties": {"var_data": [0.153, 0.034, 0.04, 0.02, 1.483, -0.001, 1, 1, 1, 1, 1]}}, {"type": "Feature", "geometry": {"type": "Point", "coordinates": [3.6682, 42.8521]}, "properties": {"var_data": [0.208, -0.091, 0.04, 0.02, 1.637, -0.001, 1, 1, 1, 1, 1]}}, {"type": "Feature", "geometry": {"type": "Point", "coordinates": [3.70354, 42.8521]}, "properties": {"var_data": [0.309, -0.319, 0.093, 0.235, 2.147, -0.02, 4, 0, 4, 4, 1]}}, {"type": "Feature", "geometry": {"type": "Point", "coordinates": [3.73888, 42.8521]}, "properties": {"var_data": [0.309, -0.319, 0.093, 0.235, 2.147, -0.02, 4, 0, 4, 4, 1]}}, {"type": "Feature", "geometry": {"type": "Point", "coordinates": [3.06742, 42.879101]}, "properties": {"var_data": [-0.054, 0.144, 0.022, 0.01, 0.749, -0.0, 1, 1, 1, 1, 1]}}, {"type": "Feature", "geometry": {"type": "Point", "coordinates": [3.10276, 42.879101]}, "properties": {"var_data": [0.041, 0.115, 0.02, 0.01, 0.621, -0.0, 1, 1, 1, 1, 1]}}, {"type": "Feature", "geometry": {"type": "Point", "coordinates": [3.1381, 42.879101]}, "properties": {"var_data": [0.068, 0.121, 0.027, 0.015, 0.544, -0.0, 1, 1, 1, 1, 1]}}, {"type": "Feature", "geometry": {"type": "Point", "coordinates": [3.17344, 42.879101]}, "properties": {"var_data": [0.059, 0.137, 0.018, 0.012, 0.475, -0.0, 1, 1, 1, 1, 1]}}, {"type": "Feature", "geometry": {"type": "Point", "coordinates": [3.20878, 42.879101]}, "properties": {"var_data": [0.005, 0.174, 0.019, 0.014, 0.509, -0.0, 1, 1, 1, 1, 1]}}, {"type": "Feature", "geometry": {"type": "Point", "coordinates": [3.24412, 42.879101]}, "properties": {"var_data": [0.018, 0.165, 0.016, 0.016, 0.452, -0.0, 1, 1, 1, 1, 1]}}, {"type": "Feature", "geometry": {"type": "Point", "coordinates": [3.27946, 42.879101]}, "properties": {"var_data": [0.057, 0.117, 0.016, 0.018, 0.525, -0.0, 1, 1, 1, 1, 1]}}, {"type": "Feature", "geometry": {"type": "Point", "coordinates": [3.3148, 42.879101]}, "properties": {"var_data": [0.036, 0.119, 0.017, 0.019, 0.553, -0.0, 1, 1, 1, 1, 1]}}, {"type": "Feature", "geometry": {"type": "Point", "coordinates": [3.35014, 42.879101]}, "properties": {"var_data": [0.033, 0.1, 0.021, 0.027, 0.593, -0.0, 1, 1, 1, 1, 1]}}, {"type": "Feature", "geometry": {"type": "Point", "coordinates": [3.38548, 42.879101]}, "properties": {"var_data": [0.004, 0.091, 0.019, 0.03, 0.65, -0.0, 1, 1, 1, 1, 1]}}, {"type": "Feature", "geometry": {"type": "Point", "coordinates": [3.42082, 42.879101]}, "properties": {"var_data": [0.002, 0.092, 0.031, 0.053, 0.804, -0.002, 1, 1, 1, 1, 1]}}, {"type": "Feature", "geometry": {"type": "Point", "coordinates": [3.45616, 42.879101]}, "properties": {"var_data": [-0.013, 0.084, 0.021, 0.027, 1.018, -0.0, 1, 1, 1, 1, 1]}}, {"type": "Feature", "geometry": {"type": "Point", "coordinates": [3.4915, 42.879101]}, "properties": {"var_data": [-0.005, 0.065, 0.019, 0.022, 1.111, -0.0, 1, 1, 1, 1, 1]}}, {"type": "Feature", "geometry": {"type": "Point", "coordinates": [3.52684, 42.879101]}, "properties": {"var_data": [0.027, 0.082, 0.056, 0.027, 1.434, -0.001, 1, 1, 1, 1, 1]}}, {"type": "Feature", "geometry": {"type": "Point", "coordinates": [3.59752, 42.879101]}, "properties": {"var_data": [0.186, 0.043, 0.009, 0.01, 1.502, -0.0, 1, 1, 1, 1, 1]}}, {"type": "Feature", "geometry": {"type": "Point", "coordinates": [3.63286, 42.879101]}, "properties": {"var_data": [0.201, -0.032, 0.009, 0.011, 1.195, -0.0, 1, 1, 1, 1, 1]}}, {"type": "Feature", "geometry": {"type": "Point", "coordinates": [3.6682, 42.879101]}, "properties": {"var_data": [0.22, -0.076, 0.009, 0.011, 1.228, -0.0, 1, 1, 1, 1, 1]}}, {"type": "Feature", "geometry": {"type": "Point", "coordinates": [3.70354, 42.879101]}, "properties": {"var_data": [0.309, -0.319, 0.093, 0.235, 2.147, -0.02, 4, 0, 4, 4, 1]}}, {"type": "Feature", "geometry": {"type": "Point", "coordinates": [3.06742, 42.906101]}, "properties": {"var_data": [-0.021, 0.13, 0.027, 0.012, 1.047, -0.0, 1, 1, 1, 1, 1]}}, {"type": "Feature", "geometry": {"type": "Point", "coordinates": [3.10276, 42.906101]}, "properties": {"var_data": [-0.014, 0.139, 0.042, 0.022, 0.828, -0.001, 1, 1, 1, 1, 1]}}, {"type": "Feature", "geometry": {"type": "Point", "coordinates": [3.1381, 42.906101]}, "properties": {"var_data": [0.001, 0.156, 0.034, 0.018, 0.638, -0.001, 1, 1, 1, 1, 1]}}, {"type": "Feature", "geometry": {"type": "Point", "coordinates": [3.17344, 42.906101]}, "properties": {"var_data": [0.011, 0.163, 0.027, 0.016, 0.563, -0.0, 1, 1, 1, 1, 1]}}, {"type": "Feature", "geometry": {"type": "Point", "coordinates": [3.20878, 42.906101]}, "properties": {"var_data": [-0.021, 0.183, 0.025, 0.018, 0.583, -0.0, 1, 1, 1, 1, 1]}}, {"type": "Feature", "geometry": {"type": "Point", "coordinates": [3.24412, 42.906101]}, "properties": {"var_data": [-0.025, 0.174, 0.021, 0.017, 0.56, -0.0, 1, 1, 1, 1, 1]}}, {"type": "Feature", "geometry": {"type": "Point", "coordinates": [3.27946, 42.906101]}, "properties": {"var_data": [-0.019, 0.162, 0.022, 0.018, 0.605, -0.0, 1, 1, 1, 1, 1]}}, {"type": "Feature", "geometry": {"type": "Point", "coordinates": [3.3148, 42.906101]}, "properties": {"var_data": [-0.017, 0.151, 0.027, 0.024, 0.671, -0.001, 1, 1, 1, 1, 1]}}, {"type": "Feature", "geometry": {"type": "Point", "coordinates": [3.35014, 42.906101]}, "properties": {"var_data": [-0.055, 0.134, 0.097, 0.029, 1.611, -0.001, 1, 1, 1, 1, 1]}}, {"type": "Feature", "geometry": {"type": "Point", "coordinates": [3.38548, 42.906101]}, "properties": {"var_data": [-0.111, 0.135, 0.023, 0.032, 1.275, -0.001, 1, 1, 1, 1, 1]}}, {"type": "Feature", "geometry": {"type": "Point", "coordinates": [3.42082, 42.906101]}, "properties": {"var_data": [-0.061, 0.074, 0.022, 0.028, 1.419, -0.001, 1, 1, 1, 1, 1]}}, {"type": "Feature", "geometry": {"type": "Point", "coordinates": [3.45616, 42.906101]}, "properties": {"var_data": [-0.005, 0.078, 0.022, 0.029, 1.062, -0.001, 1, 1, 1, 1, 1]}}, {"type": "Feature", "geometry": {"type": "Point", "coordinates": [3.4915, 42.906101]}, "properties": {"var_data": [-0.039, 0.144, 0.019, 0.023, 1.164, -0.0, 1, 1, 1, 1, 1]}}, {"type": "Feature", "geometry": {"type": "Point", "coordinates": [3.56218, 42.906101]}, "properties": {"var_data": [0.185, 0.03, 0.009, 0.01, 1.183, -0.0, 1, 1, 1, 1, 1]}}, {"type": "Feature", "geometry": {"type": "Point", "coordinates": [3.59752, 42.906101]}, "properties": {"var_data": [0.191, 0.025, 0.009, 0.01, 1.204, -0.0, 1, 1, 1, 1, 1]}}, {"type": "Feature", "geometry": {"type": "Point", "coordinates": [3.63286, 42.906101]}, "properties": {"var_data": [0.184, 0.027, 0.009, 0.011, 1.185, -0.0, 1, 1, 1, 1, 1]}}, {"type": "Feature", "geometry": {"type": "Point", "coordinates": [3.6682, 42.906101]}, "properties": {"var_data": [0.198, 0.009, 0.032, 0.069, 1.32, -0.002, 1, 1, 1, 1, 1]}}, {"type": "Feature", "geometry": {"type": "Point", "coordinates": [3.70354, 42.906101]}, "properties": {"var_data": [0.191, 0.012, 0.047, 0.069, 1.6, -0.002, 1, 1, 1, 1, 1]}}, {"type": "Feature", "geometry": {"type": "Point", "coordinates": [3.06742, 42.933102]}, "properties": {"var_data": [-0.127, 0.163, 0.036, 0.007, 1.475, 0.0, 1, 1, 1, 1, 1]}}, {"type": "Feature", "geometry": {"type": "Point", "coordinates": [3.10276, 42.933102]}, "properties": {"var_data": [-0.014, 0.14, 0.01, 0.003, 1.102, 0.0, 1, 1, 1, 1, 1]}}, {"type": "Feature", "geometry": {"type": "Point", "coordinates": [3.1381, 42.933102]}, "properties": {"var_data": [-0.01, 0.155, 0.007, 0.003, 0.706, -0.0, 1, 1, 1, 1, 1]}}, {"type": "Feature", "geometry": {"type": "Point", "coordinates": [3.17344, 42.933102]}, "properties": {"var_data": [0.014, 0.146, 0.033, 0.02, 0.634, -0.001, 1, 1, 1, 1, 1]}}, {"type": "Feature", "geometry": {"type": "Point", "coordinates": [3.20878, 42.933102]}, "properties": {"var_data": [-0.007, 0.155, 0.026, 0.017, 0.642, -0.0, 1, 1, 1, 1, 1]}}, {"type": "Feature", "geometry": {"type": "Point", "coordinates": [3.24412, 42.933102]}, "properties": {"var_data": [-0.033, 0.161, 0.027, 0.018, 0.626, -0.0, 1, 1, 1, 1, 1]}}, {"type": "Feature", "geometry": {"type": "Point", "coordinates": [3.27946, 42.933102]}, "properties": {"var_data": [-0.052, 0.162, 0.028, 0.021, 0.68, -0.001, 1, 1, 1, 1, 1]}}, {"type": "Feature", "geometry": {"type": "Point", "coordinates": [3.3148, 42.933102]}, "properties": {"var_data": [-0.09, 0.154, 0.023, 0.017, 0.783, -0.0, 1, 1, 1, 1, 1]}}, {"type": "Feature", "geometry": {"type": "Point", "coordinates": [3.35014, 42.933102]}, "properties": {"var_data": [-0.117, 0.155, 0.028, 0.022, 0.943, -0.001, 1, 1, 1, 1, 1]}}, {"type": "Feature", "geometry": {"type": "Point", "coordinates": [3.38548, 42.933102]}, "properties": {"var_data": [-0.126, 0.158, 0.049, 0.022, 1.236, -0.001, 1, 1, 1, 1, 1]}}, {"type": "Feature", "geometry": {"type": "Point", "coordinates": [3.42082, 42.933102]}, "properties": {"var_data": [-0.077, 0.097, 0.02, 0.024, 1.419, -0.0, 1, 1, 1, 1, 1]}}, {"type": "Feature", "geometry": {"type": "Point", "coordinates": [3.45616, 42.933102]}, "properties": {"var_data": [-0.037, 0.037, 0.022, 0.03, 1.512, -0.001, 1, 1, 1, 1, 1]}}, {"type": "Feature", "geometry": {"type": "Point", "coordinates": [3.52684, 42.933102]}, "properties": {"var_data": [0.209, 0.025, 0.028, 0.024, 1.646, -0.0, 1, 1, 1, 1, 1]}}, {"type": "Feature", "geometry": {"type": "Point", "coordinates": [3.56218, 42.933102]}, "properties": {"var_data": [0.18, 0.059, 0.017, 0.032, 1.319, -0.0, 1, 1, 1, 1, 1]}}, {"type": "Feature", "geometry": {"type": "Point", "coordinates": [3.59752, 42.933102]}, "properties": {"var_data": [0.171, 0.062, 0.022, 0.044, 1.275, -0.001, 1, 1, 1, 1, 1]}}, {"type": "Feature", "geometry": {"type": "Point", "coordinates": [3.63286, 42.933102]}, "properties": {"var_data": [0.188, 0.035, 0.022, 0.045, 1.342, -0.001, 1, 1, 1, 1, 1]}}, {"type": "Feature", "geometry": {"type": "Point", "coordinates": [3.6682, 42.933102]}, "properties": {"var_data": [0.198, 0.009, 0.032, 0.069, 1.32, -0.002, 1, 1, 1, 1, 1]}}, {"type": "Feature", "geometry": {"type": "Point", "coordinates": [3.70354, 42.933102]}, "properties": {"var_data": [0.179, 0.046, 0.05, 0.085, 1.697, -0.003, 4, 1, 1, 4, 1]}}, {"type": "Feature", "geometry": {"type": "Point", "coordinates": [3.06742, 42.960098]}, "properties": {"var_data": [-0.211, 0.162, 0.049, 0.01, 1.615, 0.0, 1, 0, 1, 1, 1]}}, {"type": "Feature", "geometry": {"type": "Point", "coordinates": [3.10276, 42.960098]}, "properties": {"var_data": [-0.214, 0.161, 0.021, 0.005, 1.41, 0.0, 1, 1, 1, 1, 1]}}, {"type": "Feature", "geometry": {"type": "Point", "coordinates": [3.1381, 42.960098]}, "properties": {"var_data": [-0.114, 0.155, 0.018, 0.004, 1.115, 0.0, 1, 1, 1, 1, 1]}}, {"type": "Feature", "geometry": {"type": "Point", "coordinates": [3.17344, 42.960098]}, "properties": {"var_data": [-0.097, 0.182, 0.008, 0.003, 0.734, -0.0, 1, 1, 1, 1, 1]}}, {"type": "Feature", "geometry": {"type": "Point", "coordinates": [3.20878, 42.960098]}, "properties": {"var_data": [-0.041, 0.151, 0.025, 0.015, 0.726, -0.0, 1, 1, 1, 1, 1]}}, {"type": "Feature", "geometry": {"type": "Point", "coordinates": [3.24412, 42.960098]}, "properties": {"var_data": [-0.066, 0.146, 0.025, 0.016, 0.694, -0.0, 1, 1, 1, 1, 1]}}, {"type": "Feature", "geometry": {"type": "Point", "coordinates": [3.27946, 42.960098]}, "properties": {"var_data": [-0.064, 0.142, 0.023, 0.015, 0.732, -0.0, 1, 1, 1, 1, 1]}}, {"type": "Feature", "geometry": {"type": "Point", "coordinates": [3.3148, 42.960098]}, "properties": {"var_data": [-0.081, 0.138, 0.022, 0.016, 0.77, -0.0, 1, 1, 1, 1, 1]}}, {"type": "Feature", "geometry": {"type": "Point", "coordinates": [3.35014, 42.960098]}, "properties": {"var_data": [-0.109, 0.141, 0.03, 0.021, 1.014, -0.001, 1, 1, 1, 1, 1]}}, {"type": "Feature", "geometry": {"type": "Point", "coordinates": [3.38548, 42.960098]}, "properties": {"var_data": [-0.151, 0.16, 0.054, 0.02, 1.649, -0.001, 1, 1, 1, 1, 1]}}, {"type": "Feature", "geometry": {"type": "Point", "coordinates": [3.42082, 42.960098]}, "properties": {"var_data": [-0.12, 0.135, 0.067, 0.04, 2.076, -0.002, 4, 1, 4, 4, 1]}}, {"type": "Feature", "geometry": {"type": "Point", "coordinates": [3.52684, 42.960098]}, "properties": {"var_data": [0.141, 0.126, 0.043, 0.062, 1.86, -0.002, 4, 1, 1, 4, 1]}}, {"type": "Feature", "geometry": {"type": "Point", "coordinates": [3.56218, 42.960098]}, "properties": {"var_data": [0.141, 0.126, 0.043, 0.062, 1.86, -0.002, 4, 1, 1, 4, 1]}}, {"type": "Feature", "geometry": {"type": "Point", "coordinates": [3.59752, 42.960098]}, "properties": {"var_data": [0.161, 0.089, 0.023, 0.047, 1.307, -0.001, 1, 1, 1, 1, 1]}}, {"type": "Feature", "geometry": {"type": "Point", "coordinates": [3.63286, 42.960098]}, "properties": {"var_data": [0.243, -0.087, 0.022, 0.045, 1.304, -0.001, 1, 1, 1, 1, 1]}}, {"type": "Feature", "geometry": {"type": "Point", "coordinates": [3.10276, 42.987099]}, "properties": {"var_data": [-0.218, 0.16, 0.023, 0.005, 2.114, 0.0, 4, 0, 4, 1, 1]}}, {"type": "Feature", "geometry": {"type": "Point", "coordinates": [3.1381, 42.987099]}, "properties": {"var_data": [-0.218, 0.158, 0.023, 0.005, 2.094, 0.0, 4, 1, 4, 1, 1]}}, {"type": "Feature", "geometry": {"type": "Point", "coordinates": [3.17344, 42.987099]}, "properties": {"var_data": [-0.101, 0.155, 0.009, 0.003, 1.157, -0.0, 1, 1, 1, 1, 1]}}, {"type": "Feature", "geometry": {"type": "Point", "coordinates": [3.20878, 42.987099]}, "properties": {"var_data": [-0.052, 0.135, 0.03, 0.016, 0.821, -0.0, 1, 1, 1, 1, 1]}}, {"type": "Feature", "geometry": {"type": "Point", "coordinates": [3.24412, 42.987099]}, "properties": {"var_data": [-0.09, 0.148, 0.023, 0.015, 0.729, -0.0, 1, 1, 1, 1, 1]}}, {"type": "Feature", "geometry": {"type": "Point", "coordinates": [3.27946, 42.987099]}, "properties": {"var_data": [-0.074, 0.128, 0.021, 0.014, 0.81, -0.0, 1, 1, 1, 1, 1]}}, {"type": "Feature", "geometry": {"type": "Point", "coordinates": [3.3148, 42.987099]}, "properties": {"var_data": [-0.077, 0.125, 0.021, 0.015, 0.797, -0.0, 1, 1, 1, 1, 1]}}, {"type": "Feature", "geometry": {"type": "Point", "coordinates": [3.35014, 42.987099]}, "properties": {"var_data": [-0.139, 0.16, 0.028, 0.019, 1.107, -0.0, 1, 1, 1, 1, 1]}}, {"type": "Feature", "geometry": {"type": "Point", "coordinates": [3.38548, 42.987099]}, "properties": {"var_data": [-0.117, 0.133, 0.054, 0.02, 1.675, -0.001, 1, 1, 1, 1, 1]}}, {"type": "Feature", "geometry": {"type": "Point", "coordinates": [3.42082, 42.987099]}, "properties": {"var_data": [-0.12, 0.135, 0.067, 0.04, 2.076, -0.002, 4, 1, 4, 4, 1]}}, {"type": "Feature", "geometry": {"type": "Point", "coordinates": [3.56218, 42.987099]}, "properties": {"var_data": [0.152, 0.107, 0.026, 0.013, 1.86, -0.0, 4, 1, 1, 4, 1]}}, {"type": "Feature", "geometry": {"type": "Point", "coordinates": [3.59752, 42.987099]}, "properties": {"var_data": [0.152, 0.107, 0.026, 0.013, 1.86, -0.0, 4, 1, 1, 4, 1]}}, {"type": "Feature", "geometry": {"type": "Point", "coordinates": [3.10276, 43.014099]}, "properties": {"var_data": [-0.203, 0.155, 0.023, 0.005, 2.228, 0.0, 4, 0, 4, 1, 1]}}, {"type": "Feature", "geometry": {"type": "Point", "coordinates": [3.1381, 43.014099]}, "properties": {"var_data": [-0.194, 0.144, 0.023, 0.005, 2.176, 0.0, 4, 0, 4, 1, 1]}}, {"type": "Feature", "geometry": {"type": "Point", "coordinates": [3.17344, 43.014099]}, "properties": {"var_data": [-0.146, 0.153, 0.045, 0.024, 1.532, -0.001, 1, 0, 1, 1, 1]}}, {"type": "Feature", "geometry": {"type": "Point", "coordinates": [3.20878, 43.014099]}, "properties": {"var_data": [-0.109, 0.14, 0.038, 0.021, 1.809, -0.001, 1, 0, 1, 1, 1]}}, {"type": "Feature", "geometry": {"type": "Point", "coordinates": [3.24412, 43.014099]}, "properties": {"var_data": [-0.103, 0.135, 0.036, 0.02, 1.301, -0.001, 1, 1, 1, 1, 1]}}, {"type": "Feature", "geometry": {"type": "Point", "coordinates": [3.27946, 43.014099]}, "properties": {"var_data": [-0.105, 0.126, 0.029, 0.021, 1.065, -0.001, 1, 1, 1, 1, 1]}}, {"type": "Feature", "geometry": {"type": "Point", "coordinates": [3.3148, 43.014099]}, "properties": {"var_data": [-0.086, 0.133, 0.027, 0.018, 0.974, -0.0, 1, 1, 1, 1, 1]}}, {"type": "Feature", "geometry": {"type": "Point", "coordinates": [3.35014, 43.014099]}, "properties": {"var_data": [-0.078, 0.126, 0.031, 0.022, 1.191, -0.001, 1, 1, 1, 1, 1]}}, {"type": "Feature", "geometry": {"type": "Point", "coordinates": [3.38548, 43.014099]}, "properties": {"var_data": [0.033, 0.134, 0.175, 0.026, 2.109, -0.003, 4, 1, 4, 1, 1]}}, {"type": "Feature", "geometry": {"type": "Point", "coordinates": [3.27946, 43.0411]}, "properties": {"var_data": [-0.042, 0.126, 0.082, 0.025, 1.346, -0.001, 1, 1, 1, 1, 1]}}, {"type": "Feature", "geometry": {"type": "Point", "coordinates": [3.3148, 43.0411]}, "properties": {"var_data": [0.088, 0.114, 0.037, 0.024, 1.166, -0.001, 1, 1, 1, 1, 1]}}, {"type": "Feature", "geometry": {"type": "Point", "coordinates": [3.35014, 43.0411]}, "properties": {"var_data": [0.164, 0.095, 0.054, 0.037, 1.246, -0.002, 1, 1, 1, 1, 1]}}, {"type": "Feature", "geometry": {"type": "Point", "coordinates": [3.38548, 43.0411]}, "properties": {"var_data": [0.174, 0.088, 0.06, 0.041, 1.272, -0.002, 1, 1, 1, 1, 1]}}, {"type": "Feature", "geometry": {"type": "Point", "coordinates": [3.27946, 43.0681]}, "properties": {"var_data": [0.05, 0.118, 0.024, 0.012, 1.346, -0.0, 1, 1, 1, 1, 1]}}, {"type": "Feature", "geometry": {"type": "Point", "coordinates": [3.3148, 43.0681]}, "properties": {"var_data": [0.12, 0.12, 0.022, 0.012, 1.048, -0.0, 1, 1, 1, 1, 1]}}, {"type": "Feature", "geometry": {"type": "Point", "coordinates": [3.35014, 43.0681]}, "properties": {"var_data": [0.166, 0.093, 0.057, 0.039, 1.169, -0.002, 1, 1, 1, 1, 1]}}, {"type": "Feature", "geometry": {"type": "Point", "coordinates": [3.38548, 43.0681]}, "properties": {"var_data": [0.173, 0.092, 0.057, 0.039, 1.093, -0.002, 1, 1, 1, 1, 1]}}, {"type": "Feature", "geometry": {"type": "Point", "coordinates": [3.42082, 43.0681]}, "properties": {"var_data": [0.225, 0.071, 0.087, 0.06, 1.339, -0.005, 1, 1, 1, 1, 1]}}, {"type": "Feature", "geometry": {"type": "Point", "coordinates": [3.3148, 43.0951]}, "properties": {"var_data": [0.134, 0.108, 0.021, 0.012, 0.969, -0.0, 1, 1, 1, 1, 1]}}, {"type": "Feature", "geometry": {"type": "Point", "coordinates": [3.35014, 43.0951]}, "properties": {"var_data": [0.206, 0.069, 0.053, 0.036, 1.115, -0.002, 1, 1, 1, 1, 1]}}, {"type": "Feature", "geometry": {"type": "Point", "coordinates": [3.38548, 43.0951]}, "properties": {"var_data": [0.2, 0.071, 0.053, 0.036, 1.051, -0.002, 1, 1, 1, 1, 1]}}, {"type": "Feature", "geometry": {"type": "Point", "coordinates": [3.42082, 43.0951]}, "properties": {"var_data": [0.186, 0.091, 0.079, 0.054, 1.288, -0.004, 1, 1, 1, 1, 1]}}, {"type": "Feature", "geometry": {"type": "Point", "coordinates": [3.45616, 43.0951]}, "properties": {"var_data": [0.175, 0.09, 0.698, 0.492, 2.619, -0.343, 4, 1, 4, 1, 1]}}, {"type": "Feature", "geometry": {"type": "Point", "coordinates": [3.3148, 43.122101]}, "properties": {"var_data": [0.201, 0.124, 0.032, 0.011, 1.832, -0.0, 1, 1, 1, 1, 1]}}, {"type": "Feature", "geometry": {"type": "Point", "coordinates": [3.35014, 43.122101]}, "properties": {"var_data": [0.208, 0.077, 0.059, 0.04, 1.246, -0.002, 1, 1, 1, 1, 1]}}, {"type": "Feature", "geometry": {"type": "Point", "coordinates": [3.38548, 43.122101]}, "properties": {"var_data": [0.197, 0.078, 0.061, 0.04, 1.209, -0.002, 1, 1, 1, 1, 1]}}, {"type": "Feature", "geometry": {"type": "Point", "coordinates": [3.42082, 43.122101]}, "properties": {"var_data": [0.21, 0.068, 0.068, 0.045, 1.364, -0.003, 1, 1, 1, 1, 1]}}, {"type": "Feature", "geometry": {"type": "Point", "coordinates": [3.27946, 43.149101]}, "properties": {"var_data": [0.041, 0.149, 0.196, 0.012, 2.53, 0.0, 4, 0, 4, 1, 1]}}, {"type": "Feature", "geometry": {"type": "Point", "coordinates": [3.3148, 43.149101]}, "properties": {"var_data": [0.046, 0.116, 0.201, 0.025, 2.592, -0.002, 4, 1, 4, 1, 1]}}, {"type": "Feature", "geometry": {"type": "Point", "coordinates": [3.35014, 43.149101]}, "properties": {"var_data": [0.205, 0.069, 0.081, 0.044, 1.554, -0.003, 1, 1, 1, 1, 1]}}, {"type": "Feature", "geometry": {"type": "Point", "coordinates": [3.38548, 43.149101]}, "properties": {"var_data": [0.231, 0.036, 0.084, 0.051, 1.614, -0.004, 1, 1, 1, 1, 1]}}, {"type": "Feature", "geometry": {"type": "Point", "coordinates": [3.42082, 43.149101]}, "properties": {"var_data": [0.234, 0.034, 0.096, 0.061, 2.113, -0.005, 4, 1, 4, 1, 1]}}, {"type": "Feature", "geometry": {"type": "Point", "coordinates": [3.27946, 43.176102]}, "properties": {"var_data": [0.011, 0.163, 0.207, 0.033, 2.771, -0.002, 4, 0, 4, 4, 1]}}, {"type": "Feature", "geometry": {"type": "Point", "coordinates": [3.3148, 43.176102]}, "properties": {"var_data": [0.072, 0.134, 0.209, 0.037, 3.2, -0.002, 4, 1, 4, 4, 1]}}, {"type": "Feature", "geometry": {"type": "Point", "coordinates": [3.35014, 43.176102]}, "properties": {"var_data": [0.293, 0.03, 0.274, 0.066, 3.918, -0.013, 4, 1, 4, 4, 1]}}, {"type": "Feature", "geometry": {"type": "Point", "coordinates": [3.38548, 43.176102]}, "properties": {"var_data": [0.211, 0.043, 0.107, 0.06, 2.204, -0.005, 4, 1, 4, 1, 1]}}, {"type": "Feature", "geometry": {"type": "Point", "coordinates": [3.27946, 43.203098]}, "properties": {"var_data": [0.072, 0.134, 0.209, 0.037, 3.2, -0.002, 4, 0, 4, 4, 1]}}, {"type": "Feature", "geometry": {"type": "Point", "coordinates": [3.35014, 43.203098]}, "properties": {"var_data": [0.074, 0.133, 0.256, 0.048, 3.919, -0.008, 4, 1, 4, 4, 1]}}, {"type": "Feature", "geometry": {"type": "Point", "coordinates": [3.38548, 43.203098]}, "properties": {"var_data": [0.074, 0.133, 0.256, 0.048, 3.919, -0.008, 4, 0, 4, 4, 1]}}], "metadata": {"acknowledgment": "ICATMAR HF Radar Network has been established with the support of the European Maritime and Fisheries Fund, the European Maritime, Fisheries and Aquaculture Fund, the Government of Catalonia and funds from the Interreg POCTEFA AFLE program through the OPALE project (EFA146/03, 2025-2027). The network has been designed, implemented and managed through the efforts of: the Direcci\u00f3 General de Pol\u00edtica Mar\u00edtima i Pesca Sostenible (Government of Catalonia), the Institut de Ci\u00e8ncies del Mar (CSIC, Barcelona), and Centre de Formation et de Recherche sur l'Environnement Marin (CEFREM, Perpignan).", "area": "Mediterranean Sea", "citation": "These data were collected and made freely available by ICATMAR and the programs that contribute to it. Data was collected by the Government of Catalonia and CEFREM (France), and processed by ICATMAR with the support of the European Maritime, Fisheries and Aquaculture Fund (EMFAF) and the Climatic Funds Program of the Government of Catalonia.", "Conventions": "CF-1.10", "date_created": "2026-07-24T20:20:14Z", "date_modified": "2026-07-24T20:20:14Z", "distribution_statement": "These data follow Copernicus standards; they are public and free of charge. User assumes all risk for use of data. User must display citation in any publication or product using data. User must contact ICATMAR prior to any commercial use of data.", "doi": "https://doi.org/10.20350/digitalCSIC/18102", "dataset_version": "v2", "geospatial_lat_min": "39.5851", "geospatial_lat_max": "43.4731", "geospatial_lat_resolution": "0.027", "geospatial_lat_units": "degrees_north", "geospatial_lon_min": "0.06352", "geospatial_lon_max": "4.26898", "geospatial_lon_resolution": "0.03534", "geospatial_lon_units": "degrees_east", "geospatial_vertical_min": "0", "geospatial_vertical_max": "0.75", "geospatial_vertical_units": "m", "history": "2026-07-24T20:20:14Z data collected.2026-07-24T20:20:14Z NetCDF file created", "id": "HFR_ICATMAR_Total_2026-07-24T20:20:14Z", "institution": "Catalan Institute of Research for the Governance of the Sea", "institution_edmo_code": "5801", "L2_source_files": "RDLm_CREU_2026_07_24_1900_l2b.ruv; RDLm_BEGU_2026_07_24_1900_l2b.ruv; RDLm_AREN_2026_07_24_1900_l2b.ruv; RDLm_PBCN_2026_07_24_1900_l2b.ruv; RDLm_GNST_2026_07_24_1900_l2b.ruv; RDLm_TOSS_2026_07_24_1900_l2b.ruv; RDLm_SCAL_2026_07_24_1900_l2b.ruv; RDLm_CNET_2026_07_24_1900_l2b.ruv", "license": "HF radar sea surface current velocity dataset by ICATMAR is licensed under a Creative Commons Attribution 4.0 International License. You should have received a copy of the license along with this work. If not, see http://creativecommons.org/licenses/by/4.0/.", "processing_level": "3B", "publisher_name": "ICATMAR", "publisher_email": "info@icatmar.cat", "publisher_url": "https://icatmar.cat", "references": "Quir\u00f3s-Collazos, L.; Bueno-Herrero, C.; Mart\u00ednez, J.; Llorach-T\u00f3, G.; Gonz\u00e1lez-Haro, C.; Ribera-Altamir, J.; Ballabrera, J.; Garc\u00eda-Ladona, E.; Isern-Fontanet, J.: Level 3 velocity products from ICATMAR High-Frequency Radar network. 2024, ICATMAR Technical Report, number 3, pp:27. https://doi.org/10.20350/digitalCSIC/17191", "radials_combination_software": "merge_radials version 0.6 release 2026-02-23", "radials_combination_method": "unweighted least squares", "radials_combination_averaging_radius": "6100 m", "radials_combination_distance_method": "haversine version 1.0 release 2023-02-27 as defined in merge_radials 0.6", "radials_combination_grid": "hfradar_totals_grid_icatmar.nc version 2.1 release 2026-03-05", "source": "Surface ocean velocity field from HF-radar", "time_coverage_start": "2026-07-24T18:25:00Z", "time_coverage_end": "2026-07-24T19:40:00Z", "time_coverage_resolution": "PT1H", "title": "Near Real Time Surface Ocean Velocity", "var_names": ["u", "v", "stdu", "stdv", "gdop", "cov", "qcflag", "vart_qc", "gdop_qc", "ddns_qc", "cspd_qc"], "var_lnames": ["Surface Eastward Sea Water Velocity", "Surface Nortward Sea Water Velocity", "Standard Deviation Of Surface Eastward Sea Water Velocity", "Standard Deviation Of Surface Northward Sea Water Velocity", "Geometrical Dilution Of Precision", "Covariance Of Surface Sea Water Velocity", "Overall quality flag", "Variance threshold quality flag", "GDOP threshold quality flag", "Data density threshold quality flag", "Velocity threshold quality flag"], "var_units": ["m s-1", "m s-1", "m s-1", "m s-1", "1", "m2 s-2", "1", "1", "1", "1", "1"], "var_time": "2026-07-24T19:00:00Z"}}