{"type": "FeatureCollection", "features": [{"type": "Feature", "geometry": {"type": "Point", "coordinates": [2.53732, 40.827099]}, "properties": {"var_data": [0.177, -0.342, 0.228, 0.158, 1.596, 0.012, 4, 1, 1, 4, 1]}}, {"type": "Feature", "geometry": {"type": "Point", "coordinates": [2.57266, 40.827099]}, "properties": {"var_data": [0.08, -0.319, 0.076, 0.032, 1.001, -0.001, 1, 1, 1, 1, 1]}}, {"type": "Feature", "geometry": {"type": "Point", "coordinates": [2.608, 40.827099]}, "properties": {"var_data": [-0.043, -0.28, 0.124, 0.155, 1.252, 0.019, 1, 1, 1, 1, 1]}}, {"type": "Feature", "geometry": {"type": "Point", "coordinates": [2.64334, 40.827099]}, "properties": {"var_data": [-0.016, -0.323, 0.06, 0.082, 1.176, 0.005, 1, 1, 1, 1, 1]}}, {"type": "Feature", "geometry": {"type": "Point", "coordinates": [2.46664, 40.854099]}, "properties": {"var_data": [0.127, -0.152, 0.142, 0.131, 1.532, 0.013, 4, 1, 1, 4, 1]}}, {"type": "Feature", "geometry": {"type": "Point", "coordinates": [2.50198, 40.854099]}, "properties": {"var_data": [0.127, -0.152, 0.142, 0.131, 1.532, 0.013, 4, 1, 1, 4, 1]}}, {"type": "Feature", "geometry": {"type": "Point", "coordinates": [2.57266, 40.854099]}, "properties": {"var_data": [0.134, -0.272, 0.011, 0.012, 0.973, 0.0, 1, 1, 1, 1, 1]}}, {"type": "Feature", "geometry": {"type": "Point", "coordinates": [2.608, 40.854099]}, "properties": {"var_data": [0.075, -0.283, 0.01, 0.012, 0.759, 0.0, 1, 1, 1, 1, 1]}}, {"type": "Feature", "geometry": {"type": "Point", "coordinates": [2.64334, 40.854099]}, "properties": {"var_data": [0.072, -0.265, 0.017, 0.024, 0.677, 0.0, 1, 1, 1, 1, 1]}}, {"type": "Feature", "geometry": {"type": "Point", "coordinates": [2.11324, 40.8811]}, "properties": {"var_data": [0.021, -0.222, 0.089, 0.042, 1.158, 0.003, 1, 1, 1, 1, 1]}}, {"type": "Feature", "geometry": {"type": "Point", "coordinates": [2.14858, 40.8811]}, "properties": {"var_data": [0.023, -0.22, 0.09, 0.045, 1.173, 0.003, 1, 1, 1, 1, 1]}}, {"type": "Feature", "geometry": {"type": "Point", "coordinates": [2.18392, 40.8811]}, "properties": {"var_data": [0.001, -0.23, 0.074, 0.047, 1.092, 0.003, 1, 1, 1, 1, 1]}}, {"type": "Feature", "geometry": {"type": "Point", "coordinates": [2.39596, 40.8811]}, "properties": {"var_data": [0.134, -0.015, 0.043, 0.021, 1.187, -0.001, 1, 1, 1, 1, 1]}}, {"type": "Feature", "geometry": {"type": "Point", "coordinates": [2.4313, 40.8811]}, "properties": {"var_data": [0.127, -0.152, 0.142, 0.131, 1.532, 0.013, 4, 1, 1, 4, 1]}}, {"type": "Feature", "geometry": {"type": "Point", "coordinates": [2.46664, 40.8811]}, "properties": {"var_data": [0.127, -0.152, 0.142, 0.131, 1.532, 0.013, 4, 1, 1, 4, 1]}}, {"type": "Feature", "geometry": {"type": "Point", "coordinates": [2.50198, 40.8811]}, "properties": {"var_data": [0.075, -0.207, 0.095, 0.069, 1.327, 0.002, 4, 1, 1, 4, 1]}}, {"type": "Feature", "geometry": {"type": "Point", "coordinates": [2.53732, 40.8811]}, "properties": {"var_data": [0.176, -0.257, 0.011, 0.012, 0.796, 0.0, 1, 1, 1, 1, 1]}}, {"type": "Feature", "geometry": {"type": "Point", "coordinates": [2.57266, 40.8811]}, "properties": {"var_data": [0.191, -0.23, 0.011, 0.012, 0.802, 0.0, 1, 1, 1, 1, 1]}}, {"type": "Feature", "geometry": {"type": "Point", "coordinates": [2.608, 40.8811]}, "properties": {"var_data": [0.171, -0.225, 0.01, 0.012, 0.802, 0.0, 1, 1, 1, 1, 1]}}, {"type": "Feature", "geometry": {"type": "Point", "coordinates": [2.64334, 40.8811]}, "properties": {"var_data": [0.201, -0.202, 0.008, 0.007, 0.622, 0.0, 1, 1, 1, 1, 1]}}, {"type": "Feature", "geometry": {"type": "Point", "coordinates": [2.67868, 40.8811]}, "properties": {"var_data": [0.185, -0.15, 0.008, 0.009, 0.652, 0.0, 1, 1, 1, 1, 1]}}, {"type": "Feature", "geometry": {"type": "Point", "coordinates": [2.71402, 40.8811]}, "properties": {"var_data": [0.191, -0.151, 0.008, 0.009, 0.627, 0.0, 1, 1, 1, 1, 1]}}, {"type": "Feature", "geometry": {"type": "Point", "coordinates": [2.74936, 40.8811]}, "properties": {"var_data": [0.259, -0.079, 0.007, 0.005, 0.644, 0.0, 1, 1, 1, 1, 1]}}, {"type": "Feature", "geometry": {"type": "Point", "coordinates": [2.0779, 40.9081]}, "properties": {"var_data": [0.004, -0.208, 0.098, 0.039, 1.196, 0.003, 1, 1, 1, 1, 1]}}, {"type": "Feature", "geometry": {"type": "Point", "coordinates": [2.11324, 40.9081]}, "properties": {"var_data": [0.022, -0.216, 0.09, 0.044, 1.168, 0.003, 1, 1, 1, 1, 1]}}, {"type": "Feature", "geometry": {"type": "Point", "coordinates": [2.14858, 40.9081]}, "properties": {"var_data": [0.025, -0.215, 0.082, 0.048, 1.12, 0.003, 1, 1, 1, 1, 1]}}, {"type": "Feature", "geometry": {"type": "Point", "coordinates": [2.18392, 40.9081]}, "properties": {"var_data": [0.001, -0.22, 0.075, 0.053, 1.086, 0.004, 1, 1, 1, 1, 1]}}, {"type": "Feature", "geometry": {"type": "Point", "coordinates": [2.2546, 40.9081]}, "properties": {"var_data": [0.102, -0.102, 0.014, 0.01, 1.093, -0.0, 1, 1, 1, 1, 1]}}, {"type": "Feature", "geometry": {"type": "Point", "coordinates": [2.28994, 40.9081]}, "properties": {"var_data": [0.134, -0.084, 0.014, 0.01, 0.803, -0.0, 1, 1, 1, 1, 1]}}, {"type": "Feature", "geometry": {"type": "Point", "coordinates": [2.32528, 40.9081]}, "properties": {"var_data": [0.122, -0.071, 0.029, 0.018, 0.842, -0.0, 1, 1, 1, 1, 1]}}, {"type": "Feature", "geometry": {"type": "Point", "coordinates": [2.36062, 40.9081]}, "properties": {"var_data": [0.096, -0.107, 0.033, 0.016, 0.885, -0.001, 1, 1, 1, 1, 1]}}, {"type": "Feature", "geometry": {"type": "Point", "coordinates": [2.50198, 40.9081]}, "properties": {"var_data": [0.146, -0.168, 0.119, 0.064, 1.146, -0.004, 1, 1, 1, 1, 1]}}, {"type": "Feature", "geometry": {"type": "Point", "coordinates": [2.53732, 40.9081]}, "properties": {"var_data": [0.206, -0.213, 0.011, 0.012, 0.7, 0.0, 1, 1, 1, 1, 1]}}, {"type": "Feature", "geometry": {"type": "Point", "coordinates": [2.57266, 40.9081]}, "properties": {"var_data": [0.184, -0.241, 0.011, 0.012, 0.742, 0.0, 1, 1, 1, 1, 1]}}, {"type": "Feature", "geometry": {"type": "Point", "coordinates": [2.608, 40.9081]}, "properties": {"var_data": [0.169, -0.236, 0.01, 0.012, 0.577, 0.0, 1, 1, 1, 1, 1]}}, {"type": "Feature", "geometry": {"type": "Point", "coordinates": [2.64334, 40.9081]}, "properties": {"var_data": [0.197, -0.167, 0.007, 0.007, 0.495, 0.0, 1, 1, 1, 1, 1]}}, {"type": "Feature", "geometry": {"type": "Point", "coordinates": [2.67868, 40.9081]}, "properties": {"var_data": [0.229, -0.074, 0.011, 0.009, 0.634, 0.0, 1, 1, 1, 1, 1]}}, {"type": "Feature", "geometry": {"type": "Point", "coordinates": [2.71402, 40.9081]}, "properties": {"var_data": [0.228, -0.075, 0.025, 0.01, 0.645, -0.0, 1, 1, 1, 1, 1]}}, {"type": "Feature", "geometry": {"type": "Point", "coordinates": [2.74936, 40.9081]}, "properties": {"var_data": [0.239, -0.077, 0.027, 0.006, 0.653, -0.0, 1, 1, 1, 1, 1]}}, {"type": "Feature", "geometry": {"type": "Point", "coordinates": [2.7847, 40.9081]}, "properties": {"var_data": [0.226, -0.157, 0.027, 0.006, 0.704, -0.0, 1, 1, 1, 1, 1]}}, {"type": "Feature", "geometry": {"type": "Point", "coordinates": [2.82004, 40.9081]}, "properties": {"var_data": [0.259, -0.161, 0.023, 0.005, 0.55, -0.0, 1, 1, 1, 1, 1]}}, {"type": "Feature", "geometry": {"type": "Point", "coordinates": [2.85538, 40.9081]}, "properties": {"var_data": [0.275, -0.167, 0.01, 0.005, 0.552, 0.0, 1, 1, 1, 1, 1]}}, {"type": "Feature", "geometry": {"type": "Point", "coordinates": [2.0779, 40.935101]}, "properties": {"var_data": [0.051, -0.204, 0.081, 0.034, 1.199, 0.002, 1, 1, 1, 1, 1]}}, {"type": "Feature", "geometry": {"type": "Point", "coordinates": [2.11324, 40.935101]}, "properties": {"var_data": [0.067, -0.225, 0.084, 0.047, 1.189, 0.003, 1, 1, 1, 1, 1]}}, {"type": "Feature", "geometry": {"type": "Point", "coordinates": [2.14858, 40.935101]}, "properties": {"var_data": [0.019, -0.229, 0.078, 0.052, 1.091, 0.004, 1, 1, 1, 1, 1]}}, {"type": "Feature", "geometry": {"type": "Point", "coordinates": [2.18392, 40.935101]}, "properties": {"var_data": [0.116, -0.145, 0.06, 0.045, 0.789, 0.002, 1, 1, 1, 1, 1]}}, {"type": "Feature", "geometry": {"type": "Point", "coordinates": [2.21926, 40.935101]}, "properties": {"var_data": [0.158, -0.075, 0.016, 0.011, 0.786, -0.0, 1, 1, 1, 1, 1]}}, {"type": "Feature", "geometry": {"type": "Point", "coordinates": [2.2546, 40.935101]}, "properties": {"var_data": [0.103, -0.103, 0.016, 0.01, 0.671, -0.0, 1, 1, 1, 1, 1]}}, {"type": "Feature", "geometry": {"type": "Point", "coordinates": [2.28994, 40.935101]}, "properties": {"var_data": [0.108, -0.1, 0.02, 0.013, 0.613, -0.0, 1, 1, 1, 1, 1]}}, {"type": "Feature", "geometry": {"type": "Point", "coordinates": [2.32528, 40.935101]}, "properties": {"var_data": [0.107, -0.079, 0.027, 0.014, 0.615, -0.0, 1, 1, 1, 1, 1]}}, {"type": "Feature", "geometry": {"type": "Point", "coordinates": [2.36062, 40.935101]}, "properties": {"var_data": [0.096, -0.14, 0.044, 0.021, 0.892, -0.001, 1, 1, 1, 1, 1]}}, {"type": "Feature", "geometry": {"type": "Point", "coordinates": [2.50198, 40.935101]}, "properties": {"var_data": [0.158, -0.15, 0.116, 0.046, 1.123, -0.005, 1, 1, 1, 1, 1]}}, {"type": "Feature", "geometry": {"type": "Point", "coordinates": [2.53732, 40.935101]}, "properties": {"var_data": [0.14, -0.153, 0.043, 0.023, 0.578, -0.001, 1, 1, 1, 1, 1]}}, {"type": "Feature", "geometry": {"type": "Point", "coordinates": [2.57266, 40.935101]}, "properties": {"var_data": [0.174, -0.178, 0.009, 0.01, 0.478, 0.0, 1, 1, 1, 1, 1]}}, {"type": "Feature", "geometry": {"type": "Point", "coordinates": [2.608, 40.935101]}, "properties": {"var_data": [0.194, -0.187, 0.01, 0.013, 0.532, 0.0, 1, 1, 1, 1, 1]}}, {"type": "Feature", "geometry": {"type": "Point", "coordinates": [2.64334, 40.935101]}, "properties": {"var_data": [0.222, -0.145, 0.009, 0.009, 0.505, 0.0, 1, 1, 1, 1, 1]}}, {"type": "Feature", "geometry": {"type": "Point", "coordinates": [2.67868, 40.935101]}, "properties": {"var_data": [0.19, -0.147, 0.016, 0.009, 0.564, -0.0, 1, 1, 1, 1, 1]}}, {"type": "Feature", "geometry": {"type": "Point", "coordinates": [2.71402, 40.935101]}, "properties": {"var_data": [0.19, -0.116, 0.018, 0.009, 0.57, -0.0, 1, 1, 1, 1, 1]}}, {"type": "Feature", "geometry": {"type": "Point", "coordinates": [2.74936, 40.935101]}, "properties": {"var_data": [0.18, -0.147, 0.018, 0.005, 0.462, -0.0, 1, 1, 1, 1, 1]}}, {"type": "Feature", "geometry": {"type": "Point", "coordinates": [2.7847, 40.935101]}, "properties": {"var_data": [0.173, -0.224, 0.021, 0.005, 0.565, -0.0, 1, 1, 1, 1, 1]}}, {"type": "Feature", "geometry": {"type": "Point", "coordinates": [2.82004, 40.935101]}, "properties": {"var_data": [0.21, -0.221, 0.027, 0.005, 0.519, -0.0, 1, 1, 1, 1, 1]}}, {"type": "Feature", "geometry": {"type": "Point", "coordinates": [2.85538, 40.935101]}, "properties": {"var_data": [0.216, -0.251, 0.024, 0.011, 0.582, 0.0, 1, 1, 1, 1, 1]}}, {"type": "Feature", "geometry": {"type": "Point", "coordinates": [2.89072, 40.935101]}, "properties": {"var_data": [0.254, -0.246, 0.017, 0.011, 0.635, 0.0, 1, 1, 1, 1, 1]}}, {"type": "Feature", "geometry": {"type": "Point", "coordinates": [2.92606, 40.935101]}, "properties": {"var_data": [0.252, -0.239, 0.016, 0.01, 0.571, 0.0, 1, 1, 1, 1, 1]}}, {"type": "Feature", "geometry": {"type": "Point", "coordinates": [2.11324, 40.962101]}, "properties": {"var_data": [0.023, -0.24, 0.074, 0.051, 1.099, 0.003, 1, 1, 1, 1, 1]}}, {"type": "Feature", "geometry": {"type": "Point", "coordinates": [2.14858, 40.962101]}, "properties": {"var_data": [0.139, -0.159, 0.061, 0.045, 0.793, 0.003, 1, 1, 1, 1, 1]}}, {"type": "Feature", "geometry": {"type": "Point", "coordinates": [2.18392, 40.962101]}, "properties": {"var_data": [0.143, -0.147, 0.036, 0.027, 0.659, 0.001, 1, 1, 1, 1, 1]}}, {"type": "Feature", "geometry": {"type": "Point", "coordinates": [2.21926, 40.962101]}, "properties": {"var_data": [0.122, -0.085, 0.039, 0.031, 0.654, 0.001, 1, 1, 1, 1, 1]}}, {"type": "Feature", "geometry": {"type": "Point", "coordinates": [2.2546, 40.962101]}, "properties": {"var_data": [0.093, -0.079, 0.017, 0.011, 0.495, -0.0, 1, 1, 1, 1, 1]}}, {"type": "Feature", "geometry": {"type": "Point", "coordinates": [2.28994, 40.962101]}, "properties": {"var_data": [0.076, -0.077, 0.026, 0.016, 0.594, -0.0, 1, 1, 1, 1, 1]}}, {"type": "Feature", "geometry": {"type": "Point", "coordinates": [2.32528, 40.962101]}, "properties": {"var_data": [0.067, -0.068, 0.038, 0.023, 0.673, -0.001, 1, 1, 1, 1, 1]}}, {"type": "Feature", "geometry": {"type": "Point", "coordinates": [2.36062, 40.962101]}, "properties": {"var_data": [0.138, -0.12, 0.029, 0.015, 0.793, -0.0, 1, 1, 1, 1, 1]}}, {"type": "Feature", "geometry": {"type": "Point", "coordinates": [2.39596, 40.962101]}, "properties": {"var_data": [0.238, -0.123, 0.03, 0.015, 1.09, -0.0, 1, 1, 1, 1, 1]}}, {"type": "Feature", "geometry": {"type": "Point", "coordinates": [2.46664, 40.962101]}, "properties": {"var_data": [0.136, -0.121, 0.057, 0.027, 0.768, -0.001, 1, 1, 1, 1, 1]}}, {"type": "Feature", "geometry": {"type": "Point", "coordinates": [2.50198, 40.962101]}, "properties": {"var_data": [0.125, -0.16, 0.026, 0.019, 0.609, -0.0, 1, 1, 1, 1, 1]}}, {"type": "Feature", "geometry": {"type": "Point", "coordinates": [2.53732, 40.962101]}, "properties": {"var_data": [0.144, -0.165, 0.021, 0.018, 0.537, 0.0, 1, 1, 1, 1, 1]}}, {"type": "Feature", "geometry": {"type": "Point", "coordinates": [2.57266, 40.962101]}, "properties": {"var_data": [0.177, -0.171, 0.015, 0.014, 0.456, 0.0, 1, 1, 1, 1, 1]}}, {"type": "Feature", "geometry": {"type": "Point", "coordinates": [2.608, 40.962101]}, "properties": {"var_data": [0.174, -0.183, 0.019, 0.023, 0.51, 0.0, 1, 1, 1, 1, 1]}}, {"type": "Feature", "geometry": {"type": "Point", "coordinates": [2.64334, 40.962101]}, "properties": {"var_data": [0.189, -0.17, 0.015, 0.018, 0.438, 0.0, 1, 1, 1, 1, 1]}}, {"type": "Feature", "geometry": {"type": "Point", "coordinates": [2.67868, 40.962101]}, "properties": {"var_data": [0.165, -0.195, 0.016, 0.017, 0.452, 0.0, 1, 1, 1, 1, 1]}}, {"type": "Feature", "geometry": {"type": "Point", "coordinates": [2.71402, 40.962101]}, "properties": {"var_data": [0.158, -0.18, 0.02, 0.023, 0.516, 0.0, 1, 1, 1, 1, 1]}}, {"type": "Feature", "geometry": {"type": "Point", "coordinates": [2.74936, 40.962101]}, "properties": {"var_data": [0.141, -0.235, 0.021, 0.017, 0.493, 0.0, 1, 1, 1, 1, 1]}}, {"type": "Feature", "geometry": {"type": "Point", "coordinates": [2.7847, 40.962101]}, "properties": {"var_data": [0.165, -0.244, 0.024, 0.017, 0.598, 0.0, 1, 1, 1, 1, 1]}}, {"type": "Feature", "geometry": {"type": "Point", "coordinates": [2.82004, 40.962101]}, "properties": {"var_data": [0.17, -0.311, 0.025, 0.021, 0.593, 0.0, 1, 1, 1, 1, 1]}}, {"type": "Feature", "geometry": {"type": "Point", "coordinates": [2.85538, 40.962101]}, "properties": {"var_data": [0.171, -0.308, 0.02, 0.004, 0.476, -0.0, 1, 1, 1, 1, 1]}}, {"type": "Feature", "geometry": {"type": "Point", "coordinates": [2.89072, 40.962101]}, "properties": {"var_data": [0.184, -0.305, 0.019, 0.004, 0.541, 0.0, 1, 1, 1, 1, 1]}}, {"type": "Feature", "geometry": {"type": "Point", "coordinates": [2.92606, 40.962101]}, "properties": {"var_data": [0.205, -0.295, 0.014, 0.01, 0.472, 0.0, 1, 1, 1, 1, 1]}}, {"type": "Feature", "geometry": {"type": "Point", "coordinates": [2.11324, 40.989101]}, "properties": {"var_data": [0.1, -0.192, 0.074, 0.054, 1.041, 0.004, 1, 1, 1, 1, 1]}}, {"type": "Feature", "geometry": {"type": "Point", "coordinates": [2.14858, 40.989101]}, "properties": {"var_data": [0.171, -0.124, 0.037, 0.028, 0.654, 0.001, 1, 1, 1, 1, 1]}}, {"type": "Feature", "geometry": {"type": "Point", "coordinates": [2.18392, 40.989101]}, "properties": {"var_data": [0.103, -0.166, 0.037, 0.028, 0.58, 0.001, 1, 1, 1, 1, 1]}}, {"type": "Feature", "geometry": {"type": "Point", "coordinates": [2.21926, 40.989101]}, "properties": {"var_data": [0.092, -0.145, 0.035, 0.028, 0.541, 0.001, 1, 1, 1, 1, 1]}}, {"type": "Feature", "geometry": {"type": "Point", "coordinates": [2.2546, 40.989101]}, "properties": {"var_data": [0.074, -0.106, 0.023, 0.014, 0.518, -0.0, 1, 1, 1, 1, 1]}}, {"type": "Feature", "geometry": {"type": "Point", "coordinates": [2.28994, 40.989101]}, "properties": {"var_data": [0.039, -0.1, 0.029, 0.018, 0.576, -0.0, 1, 1, 1, 1, 1]}}, {"type": "Feature", "geometry": {"type": "Point", "coordinates": [2.32528, 40.989101]}, "properties": {"var_data": [0.132, -0.106, 0.027, 0.017, 0.616, -0.0, 1, 1, 1, 1, 1]}}, {"type": "Feature", "geometry": {"type": "Point", "coordinates": [2.36062, 40.989101]}, "properties": {"var_data": [0.149, -0.126, 0.03, 0.024, 0.659, -0.0, 1, 1, 1, 1, 1]}}, {"type": "Feature", "geometry": {"type": "Point", "coordinates": [2.39596, 40.989101]}, "properties": {"var_data": [0.162, -0.117, 0.03, 0.02, 0.776, -0.0, 1, 1, 1, 1, 1]}}, {"type": "Feature", "geometry": {"type": "Point", "coordinates": [2.4313, 40.989101]}, "properties": {"var_data": [0.147, -0.1, 0.027, 0.02, 0.628, -0.0, 1, 1, 1, 1, 1]}}, {"type": "Feature", "geometry": {"type": "Point", "coordinates": [2.46664, 40.989101]}, "properties": {"var_data": [0.157, -0.097, 0.026, 0.016, 0.578, -0.0, 1, 1, 1, 1, 1]}}, {"type": "Feature", "geometry": {"type": "Point", "coordinates": [2.50198, 40.989101]}, "properties": {"var_data": [0.142, -0.099, 0.025, 0.016, 0.553, -0.0, 1, 1, 1, 1, 1]}}, {"type": "Feature", "geometry": {"type": "Point", "coordinates": [2.53732, 40.989101]}, "properties": {"var_data": [0.145, -0.118, 0.014, 0.017, 0.492, 0.0, 1, 1, 1, 1, 1]}}, {"type": "Feature", "geometry": {"type": "Point", "coordinates": [2.57266, 40.989101]}, "properties": {"var_data": [0.16, -0.144, 0.011, 0.014, 0.428, 0.0, 1, 1, 1, 1, 1]}}, {"type": "Feature", "geometry": {"type": "Point", "coordinates": [2.608, 40.989101]}, "properties": {"var_data": [0.153, -0.176, 0.016, 0.023, 0.477, 0.0, 1, 1, 1, 1, 1]}}, {"type": "Feature", "geometry": {"type": "Point", "coordinates": [2.64334, 40.989101]}, "properties": {"var_data": [0.193, -0.166, 0.014, 0.019, 0.436, 0.0, 1, 1, 1, 1, 1]}}, {"type": "Feature", "geometry": {"type": "Point", "coordinates": [2.67868, 40.989101]}, "properties": {"var_data": [0.18, -0.187, 0.016, 0.018, 0.436, 0.0, 1, 1, 1, 1, 1]}}, {"type": "Feature", "geometry": {"type": "Point", "coordinates": [2.71402, 40.989101]}, "properties": {"var_data": [0.151, -0.222, 0.022, 0.026, 0.554, 0.0, 1, 1, 1, 1, 1]}}, {"type": "Feature", "geometry": {"type": "Point", "coordinates": [2.74936, 40.989101]}, "properties": {"var_data": [0.129, -0.24, 0.019, 0.014, 0.459, 0.0, 1, 1, 1, 1, 1]}}, {"type": "Feature", "geometry": {"type": "Point", "coordinates": [2.7847, 40.989101]}, "properties": {"var_data": [0.115, -0.265, 0.017, 0.016, 0.498, 0.0, 1, 1, 1, 1, 1]}}, {"type": "Feature", "geometry": {"type": "Point", "coordinates": [2.82004, 40.989101]}, "properties": {"var_data": [0.127, -0.299, 0.017, 0.004, 0.462, 0.0, 1, 1, 1, 1, 1]}}, {"type": "Feature", "geometry": {"type": "Point", "coordinates": [2.85538, 40.989101]}, "properties": {"var_data": [0.153, -0.312, 0.017, 0.004, 0.464, 0.0, 1, 1, 1, 1, 1]}}, {"type": "Feature", "geometry": {"type": "Point", "coordinates": [2.89072, 40.989101]}, "properties": {"var_data": [0.152, -0.294, 0.021, 0.005, 0.561, -0.0, 1, 1, 1, 1, 1]}}, {"type": "Feature", "geometry": {"type": "Point", "coordinates": [2.92606, 40.989101]}, "properties": {"var_data": [0.164, -0.34, 0.019, 0.004, 0.486, 0.0, 1, 1, 1, 1, 1]}}, {"type": "Feature", "geometry": {"type": "Point", "coordinates": [2.9614, 40.989101]}, "properties": {"var_data": [0.159, -0.351, 0.011, 0.007, 0.579, 0.0, 1, 1, 1, 1, 1]}}, {"type": "Feature", "geometry": {"type": "Point", "coordinates": [1.93654, 41.016102]}, "properties": {"var_data": [0.324, -0.184, 0.076, 0.013, 1.031, 0.001, 1, 1, 1, 1, 1]}}, {"type": "Feature", "geometry": {"type": "Point", "coordinates": [1.97188, 41.016102]}, "properties": {"var_data": [0.175, -0.213, 0.037, 0.011, 0.991, 0.0, 1, 1, 1, 1, 1]}}, {"type": "Feature", "geometry": {"type": "Point", "coordinates": [2.00722, 41.016102]}, "properties": {"var_data": [0.131, -0.218, 0.05, 0.02, 0.776, 0.001, 1, 1, 1, 1, 1]}}, {"type": "Feature", "geometry": {"type": "Point", "coordinates": [2.04256, 41.016102]}, "properties": {"var_data": [0.07, -0.191, 0.062, 0.032, 0.743, 0.002, 1, 1, 1, 1, 1]}}, {"type": "Feature", "geometry": {"type": "Point", "coordinates": [2.0779, 41.016102]}, "properties": {"var_data": [0.002, -0.214, 0.068, 0.047, 0.981, 0.003, 1, 1, 1, 1, 1]}}, {"type": "Feature", "geometry": {"type": "Point", "coordinates": [2.11324, 41.016102]}, "properties": {"var_data": [0.02, -0.217, 0.058, 0.044, 0.749, 0.002, 1, 1, 1, 1, 1]}}, {"type": "Feature", "geometry": {"type": "Point", "coordinates": [2.14858, 41.016102]}, "properties": {"var_data": [0.071, -0.167, 0.031, 0.024, 0.533, 0.0, 1, 1, 1, 1, 1]}}, {"type": "Feature", "geometry": {"type": "Point", "coordinates": [2.18392, 41.016102]}, "properties": {"var_data": [0.067, -0.155, 0.032, 0.025, 0.481, 0.001, 1, 1, 1, 1, 1]}}, {"type": "Feature", "geometry": {"type": "Point", "coordinates": [2.21926, 41.016102]}, "properties": {"var_data": [0.115, -0.144, 0.035, 0.029, 0.569, 0.0, 1, 1, 1, 1, 1]}}, {"type": "Feature", "geometry": {"type": "Point", "coordinates": [2.2546, 41.016102]}, "properties": {"var_data": [0.087, -0.111, 0.035, 0.029, 0.596, 0.0, 1, 1, 1, 1, 1]}}, {"type": "Feature", "geometry": {"type": "Point", "coordinates": [2.28994, 41.016102]}, "properties": {"var_data": [0.026, -0.075, 0.078, 0.051, 0.656, -0.003, 1, 1, 1, 1, 1]}}, {"type": "Feature", "geometry": {"type": "Point", "coordinates": [2.32528, 41.016102]}, "properties": {"var_data": [0.123, -0.118, 0.03, 0.027, 0.63, -0.0, 1, 1, 1, 1, 1]}}, {"type": "Feature", "geometry": {"type": "Point", "coordinates": [2.36062, 41.016102]}, "properties": {"var_data": [0.159, -0.115, 0.025, 0.026, 0.556, 0.0, 1, 1, 1, 1, 1]}}, {"type": "Feature", "geometry": {"type": "Point", "coordinates": [2.39596, 41.016102]}, "properties": {"var_data": [0.164, -0.076, 0.024, 0.019, 0.517, -0.0, 1, 1, 1, 1, 1]}}, {"type": "Feature", "geometry": {"type": "Point", "coordinates": [2.4313, 41.016102]}, "properties": {"var_data": [0.18, -0.049, 0.023, 0.017, 0.536, -0.0, 1, 1, 1, 1, 1]}}, {"type": "Feature", "geometry": {"type": "Point", "coordinates": [2.46664, 41.016102]}, "properties": {"var_data": [0.173, -0.056, 0.01, 0.014, 0.5, 0.0, 1, 1, 1, 1, 1]}}, {"type": "Feature", "geometry": {"type": "Point", "coordinates": [2.50198, 41.016102]}, "properties": {"var_data": [0.124, -0.076, 0.013, 0.012, 0.429, -0.0, 1, 1, 1, 1, 1]}}, {"type": "Feature", "geometry": {"type": "Point", "coordinates": [2.53732, 41.016102]}, "properties": {"var_data": [0.134, -0.095, 0.013, 0.017, 0.482, 0.0, 1, 1, 1, 1, 1]}}, {"type": "Feature", "geometry": {"type": "Point", "coordinates": [2.57266, 41.016102]}, "properties": {"var_data": [0.139, -0.111, 0.014, 0.021, 0.438, 0.0, 1, 1, 1, 1, 1]}}, {"type": "Feature", "geometry": {"type": "Point", "coordinates": [2.608, 41.016102]}, "properties": {"var_data": [0.175, -0.095, 0.013, 0.018, 0.428, 0.0, 1, 1, 1, 1, 1]}}, {"type": "Feature", "geometry": {"type": "Point", "coordinates": [2.64334, 41.016102]}, "properties": {"var_data": [0.165, -0.119, 0.016, 0.02, 0.467, 0.0, 1, 1, 1, 1, 1]}}, {"type": "Feature", "geometry": {"type": "Point", "coordinates": [2.67868, 41.016102]}, "properties": {"var_data": [0.142, -0.176, 0.016, 0.018, 0.412, 0.0, 1, 1, 1, 1, 1]}}, {"type": "Feature", "geometry": {"type": "Point", "coordinates": [2.71402, 41.016102]}, "properties": {"var_data": [0.11, -0.252, 0.019, 0.03, 0.507, 0.0, 1, 1, 1, 1, 1]}}, {"type": "Feature", "geometry": {"type": "Point", "coordinates": [2.74936, 41.016102]}, "properties": {"var_data": [0.103, -0.261, 0.017, 0.016, 0.475, 0.0, 1, 1, 1, 1, 1]}}, {"type": "Feature", "geometry": {"type": "Point", "coordinates": [2.7847, 41.016102]}, "properties": {"var_data": [0.103, -0.265, 0.017, 0.016, 0.529, 0.0, 1, 1, 1, 1, 1]}}, {"type": "Feature", "geometry": {"type": "Point", "coordinates": [2.82004, 41.016102]}, "properties": {"var_data": [0.106, -0.278, 0.021, 0.004, 0.536, -0.0, 1, 1, 1, 1, 1]}}, {"type": "Feature", "geometry": {"type": "Point", "coordinates": [2.85538, 41.016102]}, "properties": {"var_data": [0.128, -0.286, 0.018, 0.004, 0.494, -0.0, 1, 1, 1, 1, 1]}}, {"type": "Feature", "geometry": {"type": "Point", "coordinates": [2.89072, 41.016102]}, "properties": {"var_data": [0.136, -0.294, 0.019, 0.005, 0.561, 0.0, 1, 1, 1, 1, 1]}}, {"type": "Feature", "geometry": {"type": "Point", "coordinates": [2.92606, 41.016102]}, "properties": {"var_data": [0.165, -0.326, 0.019, 0.004, 0.466, 0.0, 1, 1, 1, 1, 1]}}, {"type": "Feature", "geometry": {"type": "Point", "coordinates": [2.9614, 41.016102]}, "properties": {"var_data": [0.147, -0.372, 0.017, 0.007, 0.526, 0.0, 1, 1, 1, 1, 1]}}, {"type": "Feature", "geometry": {"type": "Point", "coordinates": [2.99674, 41.016102]}, "properties": {"var_data": [0.137, -0.361, 0.011, 0.007, 0.495, 0.0, 1, 1, 1, 1, 1]}}, {"type": "Feature", "geometry": {"type": "Point", "coordinates": [3.03208, 41.016102]}, "properties": {"var_data": [0.157, -0.353, 0.011, 0.008, 0.588, 0.0, 1, 1, 1, 1, 1]}}, {"type": "Feature", "geometry": {"type": "Point", "coordinates": [3.06742, 41.016102]}, "properties": {"var_data": [0.186, -0.359, 0.101, 0.023, 1.174, 0.002, 1, 1, 1, 1, 1]}}, {"type": "Feature", "geometry": {"type": "Point", "coordinates": [1.83052, 41.043098]}, "properties": {"var_data": [0.059, -0.099, 0.046, 0.014, 1.018, -0.001, 1, 1, 1, 1, 1]}}, {"type": "Feature", "geometry": {"type": "Point", "coordinates": [1.86586, 41.043098]}, "properties": {"var_data": [-0.039, -0.134, 0.045, 0.011, 0.806, -0.0, 1, 1, 1, 1, 1]}}, {"type": "Feature", "geometry": {"type": "Point", "coordinates": [1.9012, 41.043098]}, "properties": {"var_data": [0.039, -0.19, 0.04, 0.011, 0.754, 0.0, 1, 1, 1, 1, 1]}}, {"type": "Feature", "geometry": {"type": "Point", "coordinates": [1.93654, 41.043098]}, "properties": {"var_data": [0.307, -0.187, 0.048, 0.014, 0.939, 0.001, 1, 1, 1, 1, 1]}}, {"type": "Feature", "geometry": {"type": "Point", "coordinates": [1.97188, 41.043098]}, "properties": {"var_data": [0.141, -0.23, 0.043, 0.016, 0.772, 0.001, 1, 1, 1, 1, 1]}}, {"type": "Feature", "geometry": {"type": "Point", "coordinates": [2.00722, 41.043098]}, "properties": {"var_data": [0.098, -0.221, 0.043, 0.017, 0.574, 0.001, 1, 1, 1, 1, 1]}}, {"type": "Feature", "geometry": {"type": "Point", "coordinates": [2.04256, 41.043098]}, "properties": {"var_data": [0.064, -0.191, 0.04, 0.023, 0.547, 0.001, 1, 1, 1, 1, 1]}}, {"type": "Feature", "geometry": {"type": "Point", "coordinates": [2.0779, 41.043098]}, "properties": {"var_data": [0.023, -0.184, 0.035, 0.022, 0.505, 0.001, 1, 1, 1, 1, 1]}}, {"type": "Feature", "geometry": {"type": "Point", "coordinates": [2.11324, 41.043098]}, "properties": {"var_data": [-0.032, -0.22, 0.038, 0.031, 0.63, 0.001, 1, 1, 1, 1, 1]}}, {"type": "Feature", "geometry": {"type": "Point", "coordinates": [2.14858, 41.043098]}, "properties": {"var_data": [0.019, -0.185, 0.037, 0.031, 0.568, 0.001, 1, 1, 1, 1, 1]}}, {"type": "Feature", "geometry": {"type": "Point", "coordinates": [2.18392, 41.043098]}, "properties": {"var_data": [0.012, -0.185, 0.035, 0.029, 0.479, -0.0, 1, 1, 1, 1, 1]}}, {"type": "Feature", "geometry": {"type": "Point", "coordinates": [2.21926, 41.043098]}, "properties": {"var_data": [0.092, -0.164, 0.044, 0.036, 0.579, -0.001, 1, 1, 1, 1, 1]}}, {"type": "Feature", "geometry": {"type": "Point", "coordinates": [2.2546, 41.043098]}, "properties": {"var_data": [-0.088, -0.005, 0.129, 0.094, 1.07, -0.011, 1, 1, 1, 1, 1]}}, {"type": "Feature", "geometry": {"type": "Point", "coordinates": [2.28994, 41.043098]}, "properties": {"var_data": [0.081, -0.111, 0.022, 0.034, 0.518, 0.0, 1, 1, 1, 1, 1]}}, {"type": "Feature", "geometry": {"type": "Point", "coordinates": [2.32528, 41.043098]}, "properties": {"var_data": [0.124, -0.097, 0.025, 0.03, 0.493, 0.0, 1, 1, 1, 1, 1]}}, {"type": "Feature", "geometry": {"type": "Point", "coordinates": [2.36062, 41.043098]}, "properties": {"var_data": [0.162, -0.106, 0.026, 0.03, 0.5, 0.0, 1, 1, 1, 1, 1]}}, {"type": "Feature", "geometry": {"type": "Point", "coordinates": [2.39596, 41.043098]}, "properties": {"var_data": [0.152, -0.083, 0.017, 0.017, 0.428, 0.0, 1, 1, 1, 1, 1]}}, {"type": "Feature", "geometry": {"type": "Point", "coordinates": [2.4313, 41.043098]}, "properties": {"var_data": [0.138, -0.071, 0.009, 0.014, 0.428, 0.0, 1, 1, 1, 1, 1]}}, {"type": "Feature", "geometry": {"type": "Point", "coordinates": [2.46664, 41.043098]}, "properties": {"var_data": [0.141, -0.063, 0.01, 0.014, 0.493, 0.0, 1, 1, 1, 1, 1]}}, {"type": "Feature", "geometry": {"type": "Point", "coordinates": [2.50198, 41.043098]}, "properties": {"var_data": [0.134, -0.077, 0.01, 0.016, 0.418, 0.0, 1, 1, 1, 1, 1]}}, {"type": "Feature", "geometry": {"type": "Point", "coordinates": [2.53732, 41.043098]}, "properties": {"var_data": [0.118, -0.071, 0.012, 0.018, 0.403, 0.0, 1, 1, 1, 1, 1]}}, {"type": "Feature", "geometry": {"type": "Point", "coordinates": [2.57266, 41.043098]}, "properties": {"var_data": [0.122, -0.049, 0.015, 0.027, 0.434, 0.0, 1, 1, 1, 1, 1]}}, {"type": "Feature", "geometry": {"type": "Point", "coordinates": [2.608, 41.043098]}, "properties": {"var_data": [0.136, -0.088, 0.012, 0.017, 0.401, 0.0, 1, 1, 1, 1, 1]}}, {"type": "Feature", "geometry": {"type": "Point", "coordinates": [2.64334, 41.043098]}, "properties": {"var_data": [0.139, -0.117, 0.014, 0.02, 0.47, 0.0, 1, 1, 1, 1, 1]}}, {"type": "Feature", "geometry": {"type": "Point", "coordinates": [2.67868, 41.043098]}, "properties": {"var_data": [0.124, -0.167, 0.015, 0.016, 0.431, 0.0, 1, 1, 1, 1, 1]}}, {"type": "Feature", "geometry": {"type": "Point", "coordinates": [2.71402, 41.043098]}, "properties": {"var_data": [0.128, -0.197, 0.019, 0.026, 0.496, 0.0, 1, 1, 1, 1, 1]}}, {"type": "Feature", "geometry": {"type": "Point", "coordinates": [2.74936, 41.043098]}, "properties": {"var_data": [0.089, -0.233, 0.022, 0.023, 0.594, 0.0, 1, 1, 1, 1, 1]}}, {"type": "Feature", "geometry": {"type": "Point", "coordinates": [2.7847, 41.043098]}, "properties": {"var_data": [0.075, -0.259, 0.016, 0.01, 0.555, 0.0, 1, 1, 1, 1, 1]}}, {"type": "Feature", "geometry": {"type": "Point", "coordinates": [2.82004, 41.043098]}, "properties": {"var_data": [0.089, -0.241, 0.017, 0.009, 0.513, -0.0, 1, 1, 1, 1, 1]}}, {"type": "Feature", "geometry": {"type": "Point", "coordinates": [2.85538, 41.043098]}, "properties": {"var_data": [0.11, -0.278, 0.017, 0.004, 0.455, 0.0, 1, 1, 1, 1, 1]}}, {"type": "Feature", "geometry": {"type": "Point", "coordinates": [2.89072, 41.043098]}, "properties": {"var_data": [0.13, -0.31, 0.016, 0.004, 0.459, 0.0, 1, 1, 1, 1, 1]}}, {"type": "Feature", "geometry": {"type": "Point", "coordinates": [2.92606, 41.043098]}, "properties": {"var_data": [0.137, -0.325, 0.019, 0.004, 0.441, 0.0, 1, 1, 1, 1, 1]}}, {"type": "Feature", "geometry": {"type": "Point", "coordinates": [2.9614, 41.043098]}, "properties": {"var_data": [0.135, -0.358, 0.022, 0.007, 0.545, 0.0, 1, 1, 1, 1, 1]}}, {"type": "Feature", "geometry": {"type": "Point", "coordinates": [2.99674, 41.043098]}, "properties": {"var_data": [0.133, -0.372, 0.025, 0.006, 0.571, 0.0, 1, 1, 1, 1, 1]}}, {"type": "Feature", "geometry": {"type": "Point", "coordinates": [3.03208, 41.043098]}, "properties": {"var_data": [0.131, -0.359, 0.029, 0.009, 0.675, 0.0, 1, 1, 1, 1, 1]}}, {"type": "Feature", "geometry": {"type": "Point", "coordinates": [3.06742, 41.043098]}, "properties": {"var_data": [0.168, -0.365, 0.036, 0.014, 0.889, 0.0, 1, 1, 1, 1, 1]}}, {"type": "Feature", "geometry": {"type": "Point", "coordinates": [1.83052, 41.070099]}, "properties": {"var_data": [-0.031, -0.081, 0.038, 0.015, 0.812, -0.0, 1, 1, 1, 1, 1]}}, {"type": "Feature", "geometry": {"type": "Point", "coordinates": [1.86586, 41.070099]}, "properties": {"var_data": [-0.02, -0.123, 0.035, 0.008, 0.629, -0.0, 1, 1, 1, 1, 1]}}, {"type": "Feature", "geometry": {"type": "Point", "coordinates": [1.9012, 41.070099]}, "properties": {"var_data": [0.088, -0.183, 0.027, 0.007, 0.562, 0.0, 1, 1, 1, 1, 1]}}, {"type": "Feature", "geometry": {"type": "Point", "coordinates": [1.93654, 41.070099]}, "properties": {"var_data": [0.071, -0.225, 0.03, 0.009, 0.519, 0.0, 1, 1, 1, 1, 1]}}, {"type": "Feature", "geometry": {"type": "Point", "coordinates": [1.97188, 41.070099]}, "properties": {"var_data": [0.089, -0.229, 0.039, 0.013, 0.639, 0.001, 1, 1, 1, 1, 1]}}, {"type": "Feature", "geometry": {"type": "Point", "coordinates": [2.00722, 41.070099]}, "properties": {"var_data": [0.019, -0.231, 0.031, 0.012, 0.498, 0.0, 1, 1, 1, 1, 1]}}, {"type": "Feature", "geometry": {"type": "Point", "coordinates": [2.04256, 41.070099]}, "properties": {"var_data": [0.015, -0.2, 0.032, 0.018, 0.459, 0.001, 1, 1, 1, 1, 1]}}, {"type": "Feature", "geometry": {"type": "Point", "coordinates": [2.0779, 41.070099]}, "properties": {"var_data": [-0.027, -0.185, 0.032, 0.021, 0.441, 0.001, 1, 1, 1, 1, 1]}}, {"type": "Feature", "geometry": {"type": "Point", "coordinates": [2.11324, 41.070099]}, "properties": {"var_data": [-0.037, -0.197, 0.034, 0.027, 0.479, 0.001, 1, 1, 1, 1, 1]}}, {"type": "Feature", "geometry": {"type": "Point", "coordinates": [2.14858, 41.070099]}, "properties": {"var_data": [0.0, -0.17, 0.033, 0.028, 0.496, 0.001, 1, 1, 1, 1, 1]}}, {"type": "Feature", "geometry": {"type": "Point", "coordinates": [2.18392, 41.070099]}, "properties": {"var_data": [-0.027, -0.19, 0.038, 0.034, 0.558, 0.001, 1, 1, 1, 1, 1]}}, {"type": "Feature", "geometry": {"type": "Point", "coordinates": [2.21926, 41.070099]}, "properties": {"var_data": [0.087, -0.217, 0.031, 0.038, 0.6, 0.0, 1, 1, 1, 1, 1]}}, {"type": "Feature", "geometry": {"type": "Point", "coordinates": [2.2546, 41.070099]}, "properties": {"var_data": [0.1, -0.136, 0.024, 0.038, 0.545, 0.001, 1, 1, 1, 1, 1]}}, {"type": "Feature", "geometry": {"type": "Point", "coordinates": [2.28994, 41.070099]}, "properties": {"var_data": [0.138, -0.097, 0.024, 0.042, 0.497, 0.001, 1, 1, 1, 1, 1]}}, {"type": "Feature", "geometry": {"type": "Point", "coordinates": [2.32528, 41.070099]}, "properties": {"var_data": [0.134, -0.092, 0.017, 0.028, 0.42, 0.0, 1, 1, 1, 1, 1]}}, {"type": "Feature", "geometry": {"type": "Point", "coordinates": [2.36062, 41.070099]}, "properties": {"var_data": [0.141, -0.083, 0.018, 0.028, 0.415, 0.0, 1, 1, 1, 1, 1]}}, {"type": "Feature", "geometry": {"type": "Point", "coordinates": [2.39596, 41.070099]}, "properties": {"var_data": [0.15, -0.09, 0.018, 0.026, 0.495, 0.0, 1, 1, 1, 1, 1]}}, {"type": "Feature", "geometry": {"type": "Point", "coordinates": [2.4313, 41.070099]}, "properties": {"var_data": [0.118, -0.062, 0.009, 0.015, 0.395, 0.0, 1, 1, 1, 1, 1]}}, {"type": "Feature", "geometry": {"type": "Point", "coordinates": [2.46664, 41.070099]}, "properties": {"var_data": [0.097, -0.056, 0.009, 0.015, 0.415, 0.0, 1, 1, 1, 1, 1]}}, {"type": "Feature", "geometry": {"type": "Point", "coordinates": [2.50198, 41.070099]}, "properties": {"var_data": [0.088, -0.034, 0.009, 0.014, 0.401, 0.0, 1, 1, 1, 1, 1]}}, {"type": "Feature", "geometry": {"type": "Point", "coordinates": [2.53732, 41.070099]}, "properties": {"var_data": [0.082, -0.062, 0.009, 0.014, 0.385, 0.0, 1, 1, 1, 1, 1]}}, {"type": "Feature", "geometry": {"type": "Point", "coordinates": [2.57266, 41.070099]}, "properties": {"var_data": [0.085, -0.088, 0.016, 0.03, 0.468, 0.0, 1, 1, 1, 1, 1]}}, {"type": "Feature", "geometry": {"type": "Point", "coordinates": [2.608, 41.070099]}, "properties": {"var_data": [0.097, -0.121, 0.011, 0.014, 0.408, 0.0, 1, 1, 1, 1, 1]}}, {"type": "Feature", "geometry": {"type": "Point", "coordinates": [2.64334, 41.070099]}, "properties": {"var_data": [0.088, -0.128, 0.014, 0.016, 0.449, 0.0, 1, 1, 1, 1, 1]}}, {"type": "Feature", "geometry": {"type": "Point", "coordinates": [2.67868, 41.070099]}, "properties": {"var_data": [0.086, -0.181, 0.014, 0.014, 0.484, 0.0, 1, 1, 1, 1, 1]}}, {"type": "Feature", "geometry": {"type": "Point", "coordinates": [2.71402, 41.070099]}, "properties": {"var_data": [0.087, -0.257, 0.011, 0.014, 0.476, 0.0, 1, 1, 1, 1, 1]}}, {"type": "Feature", "geometry": {"type": "Point", "coordinates": [2.74936, 41.070099]}, "properties": {"var_data": [0.075, -0.29, 0.012, 0.01, 0.58, 0.0, 1, 1, 1, 1, 1]}}, {"type": "Feature", "geometry": {"type": "Point", "coordinates": [2.7847, 41.070099]}, "properties": {"var_data": [0.075, -0.272, 0.013, 0.01, 0.581, 0.0, 1, 1, 1, 1, 1]}}, {"type": "Feature", "geometry": {"type": "Point", "coordinates": [2.82004, 41.070099]}, "properties": {"var_data": [0.068, -0.295, 0.018, 0.01, 0.552, -0.0, 1, 1, 1, 1, 1]}}, {"type": "Feature", "geometry": {"type": "Point", "coordinates": [2.85538, 41.070099]}, "properties": {"var_data": [0.081, -0.275, 0.02, 0.009, 0.517, -0.0, 1, 1, 1, 1, 1]}}, {"type": "Feature", "geometry": {"type": "Point", "coordinates": [2.89072, 41.070099]}, "properties": {"var_data": [0.112, -0.306, 0.027, 0.011, 0.52, 0.0, 1, 1, 1, 1, 1]}}, {"type": "Feature", "geometry": {"type": "Point", "coordinates": [2.92606, 41.070099]}, "properties": {"var_data": [0.126, -0.316, 0.026, 0.007, 0.493, 0.0, 1, 1, 1, 1, 1]}}, {"type": "Feature", "geometry": {"type": "Point", "coordinates": [2.9614, 41.070099]}, "properties": {"var_data": [0.135, -0.347, 0.022, 0.007, 0.527, 0.0, 1, 1, 1, 1, 1]}}, {"type": "Feature", "geometry": {"type": "Point", "coordinates": [2.99674, 41.070099]}, "properties": {"var_data": [0.137, -0.369, 0.024, 0.006, 0.532, 0.0, 1, 1, 1, 1, 1]}}, {"type": "Feature", "geometry": {"type": "Point", "coordinates": [3.03208, 41.070099]}, "properties": {"var_data": [0.126, -0.378, 0.03, 0.011, 0.679, 0.0, 1, 1, 1, 1, 1]}}, {"type": "Feature", "geometry": {"type": "Point", "coordinates": [3.06742, 41.070099]}, "properties": {"var_data": [0.16, -0.358, 0.036, 0.011, 0.862, 0.0, 1, 1, 1, 1, 1]}}, {"type": "Feature", "geometry": {"type": "Point", "coordinates": [1.75984, 41.097099]}, "properties": {"var_data": [0.053, -0.05, 0.018, 0.014, 1.031, -0.0, 1, 1, 1, 1, 1]}}, {"type": "Feature", "geometry": {"type": "Point", "coordinates": [1.79518, 41.097099]}, "properties": {"var_data": [0.064, -0.071, 0.039, 0.02, 0.875, -0.001, 1, 1, 1, 1, 1]}}, {"type": "Feature", "geometry": {"type": "Point", "coordinates": [1.83052, 41.097099]}, "properties": {"var_data": [0.001, -0.079, 0.027, 0.01, 0.672, -0.0, 1, 1, 1, 1, 1]}}, {"type": "Feature", "geometry": {"type": "Point", "coordinates": [1.86586, 41.097099]}, "properties": {"var_data": [0.028, -0.129, 0.025, 0.005, 0.571, -0.0, 1, 1, 1, 1, 1]}}, {"type": "Feature", "geometry": {"type": "Point", "coordinates": [1.9012, 41.097099]}, "properties": {"var_data": [0.096, -0.182, 0.021, 0.005, 0.496, 0.0, 1, 1, 1, 1, 1]}}, {"type": "Feature", "geometry": {"type": "Point", "coordinates": [1.93654, 41.097099]}, "properties": {"var_data": [0.106, -0.228, 0.027, 0.008, 0.494, 0.0, 1, 1, 1, 1, 1]}}, {"type": "Feature", "geometry": {"type": "Point", "coordinates": [1.97188, 41.097099]}, "properties": {"var_data": [0.093, -0.228, 0.029, 0.009, 0.425, 0.0, 1, 1, 1, 1, 1]}}, {"type": "Feature", "geometry": {"type": "Point", "coordinates": [2.00722, 41.097099]}, "properties": {"var_data": [0.027, -0.241, 0.024, 0.01, 0.417, 0.0, 1, 1, 1, 1, 1]}}, {"type": "Feature", "geometry": {"type": "Point", "coordinates": [2.04256, 41.097099]}, "properties": {"var_data": [0.007, -0.226, 0.03, 0.018, 0.493, 0.0, 1, 1, 1, 1, 1]}}, {"type": "Feature", "geometry": {"type": "Point", "coordinates": [2.0779, 41.097099]}, "properties": {"var_data": [0.013, -0.161, 0.029, 0.025, 0.504, 0.001, 1, 1, 1, 1, 1]}}, {"type": "Feature", "geometry": {"type": "Point", "coordinates": [2.11324, 41.097099]}, "properties": {"var_data": [-0.023, -0.191, 0.025, 0.022, 0.437, 0.0, 1, 1, 1, 1, 1]}}, {"type": "Feature", "geometry": {"type": "Point", "coordinates": [2.14858, 41.097099]}, "properties": {"var_data": [-0.016, -0.16, 0.018, 0.026, 0.472, 0.0, 1, 1, 1, 1, 1]}}, {"type": "Feature", "geometry": {"type": "Point", "coordinates": [2.18392, 41.097099]}, "properties": {"var_data": [0.012, -0.181, 0.023, 0.04, 0.51, 0.001, 1, 1, 1, 1, 1]}}, {"type": "Feature", "geometry": {"type": "Point", "coordinates": [2.21926, 41.097099]}, "properties": {"var_data": [0.044, -0.172, 0.021, 0.036, 0.451, 0.0, 1, 1, 1, 1, 1]}}, {"type": "Feature", "geometry": {"type": "Point", "coordinates": [2.2546, 41.097099]}, "properties": {"var_data": [0.083, -0.105, 0.02, 0.036, 0.417, 0.001, 1, 1, 1, 1, 1]}}, {"type": "Feature", "geometry": {"type": "Point", "coordinates": [2.28994, 41.097099]}, "properties": {"var_data": [0.121, -0.087, 0.02, 0.036, 0.469, 0.001, 1, 1, 1, 1, 1]}}, {"type": "Feature", "geometry": {"type": "Point", "coordinates": [2.32528, 41.097099]}, "properties": {"var_data": [0.111, -0.077, 0.017, 0.031, 0.428, 0.0, 1, 1, 1, 1, 1]}}, {"type": "Feature", "geometry": {"type": "Point", "coordinates": [2.36062, 41.097099]}, "properties": {"var_data": [0.115, -0.071, 0.014, 0.022, 0.377, 0.0, 1, 1, 1, 1, 1]}}, {"type": "Feature", "geometry": {"type": "Point", "coordinates": [2.39596, 41.097099]}, "properties": {"var_data": [0.118, -0.086, 0.012, 0.016, 0.432, 0.0, 1, 1, 1, 1, 1]}}, {"type": "Feature", "geometry": {"type": "Point", "coordinates": [2.4313, 41.097099]}, "properties": {"var_data": [0.098, -0.056, 0.008, 0.012, 0.397, 0.0, 1, 1, 1, 1, 1]}}, {"type": "Feature", "geometry": {"type": "Point", "coordinates": [2.46664, 41.097099]}, "properties": {"var_data": [0.076, -0.057, 0.008, 0.011, 0.391, 0.0, 1, 1, 1, 1, 1]}}, {"type": "Feature", "geometry": {"type": "Point", "coordinates": [2.50198, 41.097099]}, "properties": {"var_data": [0.06, -0.046, 0.009, 0.016, 0.451, 0.0, 1, 1, 1, 1, 1]}}, {"type": "Feature", "geometry": {"type": "Point", "coordinates": [2.53732, 41.097099]}, "properties": {"var_data": [0.038, -0.07, 0.012, 0.016, 0.383, 0.0, 1, 1, 1, 1, 1]}}, {"type": "Feature", "geometry": {"type": "Point", "coordinates": [2.57266, 41.097099]}, "properties": {"var_data": [0.019, -0.079, 0.014, 0.016, 0.43, -0.0, 1, 1, 1, 1, 1]}}, {"type": "Feature", "geometry": {"type": "Point", "coordinates": [2.608, 41.097099]}, "properties": {"var_data": [0.029, -0.162, 0.013, 0.014, 0.421, -0.0, 1, 1, 1, 1, 1]}}, {"type": "Feature", "geometry": {"type": "Point", "coordinates": [2.64334, 41.097099]}, "properties": {"var_data": [0.048, -0.206, 0.014, 0.014, 0.428, -0.0, 1, 1, 1, 1, 1]}}, {"type": "Feature", "geometry": {"type": "Point", "coordinates": [2.67868, 41.097099]}, "properties": {"var_data": [0.068, -0.238, 0.012, 0.014, 0.475, 0.0, 1, 1, 1, 1, 1]}}, {"type": "Feature", "geometry": {"type": "Point", "coordinates": [2.71402, 41.097099]}, "properties": {"var_data": [0.081, -0.26, 0.011, 0.009, 0.476, -0.0, 1, 1, 1, 1, 1]}}, {"type": "Feature", "geometry": {"type": "Point", "coordinates": [2.74936, 41.097099]}, "properties": {"var_data": [0.074, -0.267, 0.012, 0.007, 0.603, -0.0, 1, 1, 1, 1, 1]}}, {"type": "Feature", "geometry": {"type": "Point", "coordinates": [2.7847, 41.097099]}, "properties": {"var_data": [0.076, -0.275, 0.014, 0.007, 0.679, -0.0, 1, 1, 1, 1, 1]}}, {"type": "Feature", "geometry": {"type": "Point", "coordinates": [2.82004, 41.097099]}, "properties": {"var_data": [0.062, -0.296, 0.021, 0.01, 0.596, -0.0, 1, 1, 1, 1, 1]}}, {"type": "Feature", "geometry": {"type": "Point", "coordinates": [2.85538, 41.097099]}, "properties": {"var_data": [0.067, -0.307, 0.024, 0.009, 0.501, -0.0, 1, 1, 1, 1, 1]}}, {"type": "Feature", "geometry": {"type": "Point", "coordinates": [2.89072, 41.097099]}, "properties": {"var_data": [0.099, -0.319, 0.02, 0.01, 0.46, 0.0, 1, 1, 1, 1, 1]}}, {"type": "Feature", "geometry": {"type": "Point", "coordinates": [2.92606, 41.097099]}, "properties": {"var_data": [0.122, -0.332, 0.013, 0.008, 0.44, 0.0, 1, 1, 1, 1, 1]}}, {"type": "Feature", "geometry": {"type": "Point", "coordinates": [2.9614, 41.097099]}, "properties": {"var_data": [0.142, -0.342, 0.011, 0.007, 0.445, 0.0, 1, 1, 1, 1, 1]}}, {"type": "Feature", "geometry": {"type": "Point", "coordinates": [2.99674, 41.097099]}, "properties": {"var_data": [0.151, -0.347, 0.012, 0.008, 0.463, 0.0, 1, 1, 1, 1, 1]}}, {"type": "Feature", "geometry": {"type": "Point", "coordinates": [3.03208, 41.097099]}, "properties": {"var_data": [0.156, -0.351, 0.019, 0.01, 0.577, 0.0, 1, 1, 1, 1, 1]}}, {"type": "Feature", "geometry": {"type": "Point", "coordinates": [3.06742, 41.097099]}, "properties": {"var_data": [0.187, -0.327, 0.08, 0.017, 1.109, 0.001, 1, 1, 1, 1, 1]}}, {"type": "Feature", "geometry": {"type": "Point", "coordinates": [3.10276, 41.097099]}, "properties": {"var_data": [0.221, -0.241, 0.086, 0.03, 1.251, 0.002, 1, 1, 1, 1, 1]}}, {"type": "Feature", "geometry": {"type": "Point", "coordinates": [1.7245, 41.1241]}, "properties": {"var_data": [-0.037, 0.044, 0.021, 0.017, 1.392, -0.0, 1, 1, 1, 1, 1]}}, {"type": "Feature", "geometry": {"type": "Point", "coordinates": [1.75984, 41.1241]}, "properties": {"var_data": [0.126, -0.095, 0.017, 0.014, 0.89, -0.0, 1, 1, 1, 1, 1]}}, {"type": "Feature", "geometry": {"type": "Point", "coordinates": [1.79518, 41.1241]}, "properties": {"var_data": [0.113, -0.092, 0.024, 0.014, 0.714, -0.0, 1, 1, 1, 1, 1]}}, {"type": "Feature", "geometry": {"type": "Point", "coordinates": [1.83052, 41.1241]}, "properties": {"var_data": [-0.012, -0.085, 0.021, 0.008, 0.596, -0.0, 1, 1, 1, 1, 1]}}, {"type": "Feature", "geometry": {"type": "Point", "coordinates": [1.86586, 41.1241]}, "properties": {"var_data": [0.086, -0.135, 0.017, 0.004, 0.507, -0.0, 1, 1, 1, 1, 1]}}, {"type": "Feature", "geometry": {"type": "Point", "coordinates": [1.9012, 41.1241]}, "properties": {"var_data": [0.105, -0.176, 0.017, 0.004, 0.441, 0.0, 1, 1, 1, 1, 1]}}, {"type": "Feature", "geometry": {"type": "Point", "coordinates": [1.93654, 41.1241]}, "properties": {"var_data": [0.091, -0.217, 0.02, 0.005, 0.411, 0.0, 1, 1, 1, 1, 1]}}, {"type": "Feature", "geometry": {"type": "Point", "coordinates": [1.97188, 41.1241]}, "properties": {"var_data": [0.09, -0.244, 0.025, 0.008, 0.415, 0.0, 1, 1, 1, 1, 1]}}, {"type": "Feature", "geometry": {"type": "Point", "coordinates": [2.00722, 41.1241]}, "properties": {"var_data": [0.042, -0.251, 0.022, 0.009, 0.371, 0.0, 1, 1, 1, 1, 1]}}, {"type": "Feature", "geometry": {"type": "Point", "coordinates": [2.04256, 41.1241]}, "properties": {"var_data": [0.012, -0.233, 0.036, 0.031, 0.445, 0.001, 1, 1, 1, 1, 1]}}, {"type": "Feature", "geometry": {"type": "Point", "coordinates": [2.0779, 41.1241]}, "properties": {"var_data": [0.031, -0.178, 0.027, 0.025, 0.495, 0.001, 1, 1, 1, 1, 1]}}, {"type": "Feature", "geometry": {"type": "Point", "coordinates": [2.11324, 41.1241]}, "properties": {"var_data": [-0.001, -0.205, 0.02, 0.029, 0.509, 0.0, 1, 1, 1, 1, 1]}}, {"type": "Feature", "geometry": {"type": "Point", "coordinates": [2.14858, 41.1241]}, "properties": {"var_data": [0.007, -0.145, 0.018, 0.034, 0.456, 0.001, 1, 1, 1, 1, 1]}}, {"type": "Feature", "geometry": {"type": "Point", "coordinates": [2.18392, 41.1241]}, "properties": {"var_data": [0.028, -0.127, 0.022, 0.042, 0.423, 0.001, 1, 1, 1, 1, 1]}}, {"type": "Feature", "geometry": {"type": "Point", "coordinates": [2.21926, 41.1241]}, "properties": {"var_data": [0.022, -0.111, 0.02, 0.043, 0.453, 0.001, 1, 1, 1, 1, 1]}}, {"type": "Feature", "geometry": {"type": "Point", "coordinates": [2.2546, 41.1241]}, "properties": {"var_data": [0.054, -0.063, 0.017, 0.04, 0.397, 0.001, 1, 1, 1, 1, 1]}}, {"type": "Feature", "geometry": {"type": "Point", "coordinates": [2.28994, 41.1241]}, "properties": {"var_data": [0.081, -0.064, 0.017, 0.031, 0.376, 0.0, 1, 1, 1, 1, 1]}}, {"type": "Feature", "geometry": {"type": "Point", "coordinates": [2.32528, 41.1241]}, "properties": {"var_data": [0.071, -0.071, 0.015, 0.029, 0.446, 0.0, 1, 1, 1, 1, 1]}}, {"type": "Feature", "geometry": {"type": "Point", "coordinates": [2.36062, 41.1241]}, "properties": {"var_data": [0.061, -0.07, 0.014, 0.019, 0.385, 0.0, 1, 1, 1, 1, 1]}}, {"type": "Feature", "geometry": {"type": "Point", "coordinates": [2.39596, 41.1241]}, "properties": {"var_data": [0.06, -0.069, 0.011, 0.014, 0.379, -0.0, 1, 1, 1, 1, 1]}}, {"type": "Feature", "geometry": {"type": "Point", "coordinates": [2.4313, 41.1241]}, "properties": {"var_data": [0.041, -0.056, 0.012, 0.015, 0.455, 0.0, 1, 1, 1, 1, 1]}}, {"type": "Feature", "geometry": {"type": "Point", "coordinates": [2.46664, 41.1241]}, "properties": {"var_data": [0.04, -0.036, 0.01, 0.011, 0.384, -0.0, 1, 1, 1, 1, 1]}}, {"type": "Feature", "geometry": {"type": "Point", "coordinates": [2.50198, 41.1241]}, "properties": {"var_data": [0.018, -0.028, 0.012, 0.014, 0.422, -0.0, 1, 1, 1, 1, 1]}}, {"type": "Feature", "geometry": {"type": "Point", "coordinates": [2.53732, 41.1241]}, "properties": {"var_data": [0.006, -0.08, 0.012, 0.016, 0.407, 0.0, 1, 1, 1, 1, 1]}}, {"type": "Feature", "geometry": {"type": "Point", "coordinates": [2.57266, 41.1241]}, "properties": {"var_data": [0.012, -0.106, 0.013, 0.016, 0.413, -0.0, 1, 1, 1, 1, 1]}}, {"type": "Feature", "geometry": {"type": "Point", "coordinates": [2.608, 41.1241]}, "properties": {"var_data": [0.022, -0.197, 0.013, 0.015, 0.445, 0.0, 1, 1, 1, 1, 1]}}, {"type": "Feature", "geometry": {"type": "Point", "coordinates": [2.64334, 41.1241]}, "properties": {"var_data": [0.035, -0.23, 0.014, 0.014, 0.439, -0.0, 1, 1, 1, 1, 1]}}, {"type": "Feature", "geometry": {"type": "Point", "coordinates": [2.67868, 41.1241]}, "properties": {"var_data": [0.069, -0.245, 0.012, 0.008, 0.484, -0.0, 1, 1, 1, 1, 1]}}, {"type": "Feature", "geometry": {"type": "Point", "coordinates": [2.71402, 41.1241]}, "properties": {"var_data": [0.087, -0.265, 0.011, 0.006, 0.475, -0.0, 1, 1, 1, 1, 1]}}, {"type": "Feature", "geometry": {"type": "Point", "coordinates": [2.74936, 41.1241]}, "properties": {"var_data": [0.082, -0.287, 0.011, 0.007, 0.532, -0.0, 1, 1, 1, 1, 1]}}, {"type": "Feature", "geometry": {"type": "Point", "coordinates": [2.7847, 41.1241]}, "properties": {"var_data": [0.078, -0.281, 0.012, 0.006, 0.476, -0.0, 1, 1, 1, 1, 1]}}, {"type": "Feature", "geometry": {"type": "Point", "coordinates": [2.82004, 41.1241]}, "properties": {"var_data": [0.063, -0.302, 0.017, 0.009, 0.504, -0.0, 1, 1, 1, 1, 1]}}, {"type": "Feature", "geometry": {"type": "Point", "coordinates": [2.85538, 41.1241]}, "properties": {"var_data": [0.061, -0.3, 0.023, 0.008, 0.469, -0.0, 1, 1, 1, 1, 1]}}, {"type": "Feature", "geometry": {"type": "Point", "coordinates": [2.89072, 41.1241]}, "properties": {"var_data": [0.091, -0.317, 0.02, 0.01, 0.435, 0.0, 1, 1, 1, 1, 1]}}, {"type": "Feature", "geometry": {"type": "Point", "coordinates": [2.92606, 41.1241]}, "properties": {"var_data": [0.114, -0.324, 0.013, 0.008, 0.446, 0.0, 1, 1, 1, 1, 1]}}, {"type": "Feature", "geometry": {"type": "Point", "coordinates": [2.9614, 41.1241]}, "properties": {"var_data": [0.13, -0.349, 0.012, 0.009, 0.516, 0.0, 1, 1, 1, 1, 1]}}, {"type": "Feature", "geometry": {"type": "Point", "coordinates": [2.99674, 41.1241]}, "properties": {"var_data": [0.149, -0.349, 0.013, 0.008, 0.545, 0.0, 1, 1, 1, 1, 1]}}, {"type": "Feature", "geometry": {"type": "Point", "coordinates": [3.03208, 41.1241]}, "properties": {"var_data": [0.163, -0.332, 0.013, 0.009, 0.625, 0.0, 1, 1, 1, 1, 1]}}, {"type": "Feature", "geometry": {"type": "Point", "coordinates": [3.06742, 41.1241]}, "properties": {"var_data": [0.178, -0.323, 0.025, 0.01, 0.814, 0.0, 1, 1, 1, 1, 1]}}, {"type": "Feature", "geometry": {"type": "Point", "coordinates": [3.10276, 41.1241]}, "properties": {"var_data": [0.216, -0.253, 0.076, 0.025, 1.162, 0.002, 1, 1, 1, 1, 1]}}, {"type": "Feature", "geometry": {"type": "Point", "coordinates": [1.7245, 41.1511]}, "properties": {"var_data": [0.037, -0.016, 0.024, 0.027, 1.195, -0.001, 1, 1, 1, 1, 1]}}, {"type": "Feature", "geometry": {"type": "Point", "coordinates": [1.75984, 41.1511]}, "properties": {"var_data": [0.091, -0.06, 0.018, 0.018, 0.944, -0.0, 1, 1, 1, 1, 1]}}, {"type": "Feature", "geometry": {"type": "Point", "coordinates": [1.79518, 41.1511]}, "properties": {"var_data": [0.15, -0.1, 0.02, 0.014, 0.657, -0.0, 1, 1, 1, 1, 1]}}, {"type": "Feature", "geometry": {"type": "Point", "coordinates": [1.83052, 41.1511]}, "properties": {"var_data": [0.156, -0.109, 0.012, 0.005, 0.517, -0.0, 1, 1, 1, 1, 1]}}, {"type": "Feature", "geometry": {"type": "Point", "coordinates": [1.86586, 41.1511]}, "properties": {"var_data": [0.268, -0.141, 0.014, 0.004, 0.462, -0.0, 1, 1, 1, 1, 1]}}, {"type": "Feature", "geometry": {"type": "Point", "coordinates": [1.9012, 41.1511]}, "properties": {"var_data": [0.182, -0.156, 0.013, 0.003, 0.416, 0.0, 1, 1, 1, 1, 1]}}, {"type": "Feature", "geometry": {"type": "Point", "coordinates": [1.93654, 41.1511]}, "properties": {"var_data": [0.144, -0.195, 0.014, 0.004, 0.373, 0.0, 1, 1, 1, 1, 1]}}, {"type": "Feature", "geometry": {"type": "Point", "coordinates": [1.97188, 41.1511]}, "properties": {"var_data": [0.092, -0.252, 0.021, 0.01, 0.414, 0.0, 1, 1, 1, 1, 1]}}, {"type": "Feature", "geometry": {"type": "Point", "coordinates": [2.00722, 41.1511]}, "properties": {"var_data": [0.062, -0.281, 0.011, 0.015, 0.403, 0.0, 1, 1, 1, 1, 1]}}, {"type": "Feature", "geometry": {"type": "Point", "coordinates": [2.04256, 41.1511]}, "properties": {"var_data": [0.025, -0.268, 0.013, 0.02, 0.405, 0.0, 1, 1, 1, 1, 1]}}, {"type": "Feature", "geometry": {"type": "Point", "coordinates": [2.0779, 41.1511]}, "properties": {"var_data": [0.009, -0.227, 0.013, 0.02, 0.4, 0.0, 1, 1, 1, 1, 1]}}, {"type": "Feature", "geometry": {"type": "Point", "coordinates": [2.11324, 41.1511]}, "properties": {"var_data": [0.01, -0.168, 0.017, 0.029, 0.493, 0.0, 1, 1, 1, 1, 1]}}, {"type": "Feature", "geometry": {"type": "Point", "coordinates": [2.14858, 41.1511]}, "properties": {"var_data": [-0.017, -0.138, 0.018, 0.034, 0.49, 0.001, 1, 1, 1, 1, 1]}}, {"type": "Feature", "geometry": {"type": "Point", "coordinates": [2.18392, 41.1511]}, "properties": {"var_data": [-0.009, -0.097, 0.013, 0.029, 0.378, 0.0, 1, 1, 1, 1, 1]}}, {"type": "Feature", "geometry": {"type": "Point", "coordinates": [2.21926, 41.1511]}, "properties": {"var_data": [-0.009, -0.09, 0.016, 0.036, 0.392, 0.001, 1, 1, 1, 1, 1]}}, {"type": "Feature", "geometry": {"type": "Point", "coordinates": [2.2546, 41.1511]}, "properties": {"var_data": [-0.026, -0.089, 0.018, 0.046, 0.43, 0.001, 1, 1, 1, 1, 1]}}, {"type": "Feature", "geometry": {"type": "Point", "coordinates": [2.28994, 41.1511]}, "properties": {"var_data": [0.003, -0.039, 0.014, 0.033, 0.398, 0.0, 1, 1, 1, 1, 1]}}, {"type": "Feature", "geometry": {"type": "Point", "coordinates": [2.32528, 41.1511]}, "properties": {"var_data": [-0.01, -0.064, 0.013, 0.02, 0.402, 0.0, 1, 1, 1, 1, 1]}}, {"type": "Feature", "geometry": {"type": "Point", "coordinates": [2.36062, 41.1511]}, "properties": {"var_data": [-0.006, -0.062, 0.014, 0.02, 0.44, 0.0, 1, 1, 1, 1, 1]}}, {"type": "Feature", "geometry": {"type": "Point", "coordinates": [2.39596, 41.1511]}, "properties": {"var_data": [-0.025, -0.035, 0.012, 0.014, 0.399, -0.0, 1, 1, 1, 1, 1]}}, {"type": "Feature", "geometry": {"type": "Point", "coordinates": [2.4313, 41.1511]}, "properties": {"var_data": [-0.012, -0.058, 0.01, 0.012, 0.408, -0.0, 1, 1, 1, 1, 1]}}, {"type": "Feature", "geometry": {"type": "Point", "coordinates": [2.46664, 41.1511]}, "properties": {"var_data": [-0.002, -0.032, 0.01, 0.012, 0.391, -0.0, 1, 1, 1, 1, 1]}}, {"type": "Feature", "geometry": {"type": "Point", "coordinates": [2.50198, 41.1511]}, "properties": {"var_data": [-0.003, -0.036, 0.011, 0.012, 0.395, -0.0, 1, 1, 1, 1, 1]}}, {"type": "Feature", "geometry": {"type": "Point", "coordinates": [2.53732, 41.1511]}, "properties": {"var_data": [-0.016, -0.058, 0.012, 0.016, 0.444, -0.0, 1, 1, 1, 1, 1]}}, {"type": "Feature", "geometry": {"type": "Point", "coordinates": [2.57266, 41.1511]}, "properties": {"var_data": [0.006, -0.126, 0.013, 0.015, 0.401, -0.0, 1, 1, 1, 1, 1]}}, {"type": "Feature", "geometry": {"type": "Point", "coordinates": [2.608, 41.1511]}, "properties": {"var_data": [0.022, -0.167, 0.014, 0.018, 0.422, -0.0, 1, 1, 1, 1, 1]}}, {"type": "Feature", "geometry": {"type": "Point", "coordinates": [2.64334, 41.1511]}, "properties": {"var_data": [0.054, -0.202, 0.013, 0.009, 0.413, -0.0, 1, 1, 1, 1, 1]}}, {"type": "Feature", "geometry": {"type": "Point", "coordinates": [2.67868, 41.1511]}, "properties": {"var_data": [0.076, -0.212, 0.014, 0.009, 0.459, -0.0, 1, 1, 1, 1, 1]}}, {"type": "Feature", "geometry": {"type": "Point", "coordinates": [2.71402, 41.1511]}, "properties": {"var_data": [0.079, -0.23, 0.011, 0.006, 0.45, -0.0, 1, 1, 1, 1, 1]}}, {"type": "Feature", "geometry": {"type": "Point", "coordinates": [2.74936, 41.1511]}, "properties": {"var_data": [0.097, -0.257, 0.012, 0.005, 0.45, -0.0, 1, 1, 1, 1, 1]}}, {"type": "Feature", "geometry": {"type": "Point", "coordinates": [2.7847, 41.1511]}, "properties": {"var_data": [0.086, -0.282, 0.018, 0.007, 0.5, -0.0, 1, 1, 1, 1, 1]}}, {"type": "Feature", "geometry": {"type": "Point", "coordinates": [2.82004, 41.1511]}, "properties": {"var_data": [0.072, -0.293, 0.022, 0.007, 0.504, -0.0, 1, 1, 1, 1, 1]}}, {"type": "Feature", "geometry": {"type": "Point", "coordinates": [2.85538, 41.1511]}, "properties": {"var_data": [0.072, -0.306, 0.026, 0.01, 0.507, -0.0, 1, 1, 1, 1, 1]}}, {"type": "Feature", "geometry": {"type": "Point", "coordinates": [2.89072, 41.1511]}, "properties": {"var_data": [0.089, -0.324, 0.023, 0.009, 0.48, 0.0, 1, 1, 1, 1, 1]}}, {"type": "Feature", "geometry": {"type": "Point", "coordinates": [2.92606, 41.1511]}, "properties": {"var_data": [0.105, -0.326, 0.013, 0.009, 0.476, 0.0, 1, 1, 1, 1, 1]}}, {"type": "Feature", "geometry": {"type": "Point", "coordinates": [2.9614, 41.1511]}, "properties": {"var_data": [0.131, -0.348, 0.012, 0.012, 0.516, 0.0, 1, 1, 1, 1, 1]}}, {"type": "Feature", "geometry": {"type": "Point", "coordinates": [2.99674, 41.1511]}, "properties": {"var_data": [0.151, -0.352, 0.012, 0.011, 0.518, 0.0, 1, 1, 1, 1, 1]}}, {"type": "Feature", "geometry": {"type": "Point", "coordinates": [3.03208, 41.1511]}, "properties": {"var_data": [0.164, -0.333, 0.013, 0.01, 0.618, 0.0, 1, 1, 1, 1, 1]}}, {"type": "Feature", "geometry": {"type": "Point", "coordinates": [3.06742, 41.1511]}, "properties": {"var_data": [0.178, -0.318, 0.026, 0.011, 0.814, 0.0, 1, 1, 1, 1, 1]}}, {"type": "Feature", "geometry": {"type": "Point", "coordinates": [3.10276, 41.1511]}, "properties": {"var_data": [0.212, -0.256, 0.076, 0.024, 1.146, 0.002, 1, 1, 1, 1, 1]}}, {"type": "Feature", "geometry": {"type": "Point", "coordinates": [1.75984, 41.178101]}, "properties": {"var_data": [0.156, -0.102, 0.019, 0.021, 0.887, -0.0, 1, 1, 1, 1, 1]}}, {"type": "Feature", "geometry": {"type": "Point", "coordinates": [1.79518, 41.178101]}, "properties": {"var_data": [0.171, -0.101, 0.013, 0.01, 0.594, -0.0, 1, 1, 1, 1, 1]}}, {"type": "Feature", "geometry": {"type": "Point", "coordinates": [1.83052, 41.178101]}, "properties": {"var_data": [0.205, -0.117, 0.009, 0.004, 0.401, -0.0, 1, 1, 1, 1, 1]}}, {"type": "Feature", "geometry": {"type": "Point", "coordinates": [1.86586, 41.178101]}, "properties": {"var_data": [0.246, -0.12, 0.008, 0.003, 0.325, -0.0, 1, 1, 1, 1, 1]}}, {"type": "Feature", "geometry": {"type": "Point", "coordinates": [1.9012, 41.178101]}, "properties": {"var_data": [0.252, -0.122, 0.011, 0.003, 0.328, 0.0, 1, 1, 1, 1, 1]}}, {"type": "Feature", "geometry": {"type": "Point", "coordinates": [1.93654, 41.178101]}, "properties": {"var_data": [0.131, -0.183, 0.013, 0.004, 0.322, 0.0, 1, 1, 1, 1, 1]}}, {"type": "Feature", "geometry": {"type": "Point", "coordinates": [1.97188, 41.178101]}, "properties": {"var_data": [0.089, -0.257, 0.015, 0.008, 0.362, 0.0, 1, 1, 1, 1, 1]}}, {"type": "Feature", "geometry": {"type": "Point", "coordinates": [2.00722, 41.178101]}, "properties": {"var_data": [0.063, -0.264, 0.012, 0.017, 0.393, 0.0, 1, 1, 1, 1, 1]}}, {"type": "Feature", "geometry": {"type": "Point", "coordinates": [2.04256, 41.178101]}, "properties": {"var_data": [0.028, -0.28, 0.013, 0.021, 0.41, 0.0, 1, 1, 1, 1, 1]}}, {"type": "Feature", "geometry": {"type": "Point", "coordinates": [2.0779, 41.178101]}, "properties": {"var_data": [-0.012, -0.194, 0.012, 0.021, 0.434, 0.0, 1, 1, 1, 1, 1]}}, {"type": "Feature", "geometry": {"type": "Point", "coordinates": [2.11324, 41.178101]}, "properties": {"var_data": [-0.026, -0.164, 0.013, 0.025, 0.41, 0.0, 1, 1, 1, 1, 1]}}, {"type": "Feature", "geometry": {"type": "Point", "coordinates": [2.14858, 41.178101]}, "properties": {"var_data": [-0.053, -0.137, 0.014, 0.031, 0.479, 0.0, 1, 1, 1, 1, 1]}}, {"type": "Feature", "geometry": {"type": "Point", "coordinates": [2.18392, 41.178101]}, "properties": {"var_data": [-0.079, -0.126, 0.014, 0.035, 0.482, 0.0, 1, 1, 1, 1, 1]}}, {"type": "Feature", "geometry": {"type": "Point", "coordinates": [2.21926, 41.178101]}, "properties": {"var_data": [-0.073, -0.034, 0.011, 0.028, 0.389, 0.0, 1, 1, 1, 1, 1]}}, {"type": "Feature", "geometry": {"type": "Point", "coordinates": [2.2546, 41.178101]}, "properties": {"var_data": [-0.103, -0.027, 0.01, 0.03, 0.416, 0.0, 1, 1, 1, 1, 1]}}, {"type": "Feature", "geometry": {"type": "Point", "coordinates": [2.28994, 41.178101]}, "properties": {"var_data": [-0.095, -0.016, 0.01, 0.032, 0.469, 0.0, 1, 1, 1, 1, 1]}}, {"type": "Feature", "geometry": {"type": "Point", "coordinates": [2.32528, 41.178101]}, "properties": {"var_data": [-0.098, -0.026, 0.01, 0.02, 0.417, -0.0, 1, 1, 1, 1, 1]}}, {"type": "Feature", "geometry": {"type": "Point", "coordinates": [2.36062, 41.178101]}, "properties": {"var_data": [-0.088, -0.057, 0.012, 0.02, 0.427, -0.0, 1, 1, 1, 1, 1]}}, {"type": "Feature", "geometry": {"type": "Point", "coordinates": [2.39596, 41.178101]}, "properties": {"var_data": [-0.057, -0.067, 0.011, 0.015, 0.418, -0.0, 1, 1, 1, 1, 1]}}, {"type": "Feature", "geometry": {"type": "Point", "coordinates": [2.4313, 41.178101]}, "properties": {"var_data": [-0.057, -0.054, 0.012, 0.013, 0.407, -0.0, 1, 1, 1, 1, 1]}}, {"type": "Feature", "geometry": {"type": "Point", "coordinates": [2.46664, 41.178101]}, "properties": {"var_data": [-0.058, -0.048, 0.011, 0.013, 0.441, -0.0, 1, 1, 1, 1, 1]}}, {"type": "Feature", "geometry": {"type": "Point", "coordinates": [2.50198, 41.178101]}, "properties": {"var_data": [-0.033, -0.037, 0.007, 0.013, 0.404, -0.0, 1, 1, 1, 1, 1]}}, {"type": "Feature", "geometry": {"type": "Point", "coordinates": [2.53732, 41.178101]}, "properties": {"var_data": [-0.038, -0.055, 0.008, 0.013, 0.409, -0.0, 1, 1, 1, 1, 1]}}, {"type": "Feature", "geometry": {"type": "Point", "coordinates": [2.57266, 41.178101]}, "properties": {"var_data": [-0.018, -0.13, 0.013, 0.014, 0.406, -0.0, 1, 1, 1, 1, 1]}}, {"type": "Feature", "geometry": {"type": "Point", "coordinates": [2.608, 41.178101]}, "properties": {"var_data": [0.01, -0.148, 0.015, 0.017, 0.44, -0.0, 1, 1, 1, 1, 1]}}, {"type": "Feature", "geometry": {"type": "Point", "coordinates": [2.64334, 41.178101]}, "properties": {"var_data": [0.071, -0.207, 0.022, 0.01, 0.48, -0.0, 1, 1, 1, 1, 1]}}, {"type": "Feature", "geometry": {"type": "Point", "coordinates": [2.67868, 41.178101]}, "properties": {"var_data": [0.095, -0.217, 0.022, 0.01, 0.463, -0.0, 1, 1, 1, 1, 1]}}, {"type": "Feature", "geometry": {"type": "Point", "coordinates": [2.71402, 41.178101]}, "properties": {"var_data": [0.077, -0.239, 0.02, 0.007, 0.509, -0.0, 1, 1, 1, 1, 1]}}, {"type": "Feature", "geometry": {"type": "Point", "coordinates": [2.74936, 41.178101]}, "properties": {"var_data": [0.098, -0.231, 0.015, 0.006, 0.506, -0.0, 1, 1, 1, 1, 1]}}, {"type": "Feature", "geometry": {"type": "Point", "coordinates": [2.7847, 41.178101]}, "properties": {"var_data": [0.09, -0.288, 0.013, 0.006, 0.475, -0.0, 1, 1, 1, 1, 1]}}, {"type": "Feature", "geometry": {"type": "Point", "coordinates": [2.82004, 41.178101]}, "properties": {"var_data": [0.086, -0.291, 0.013, 0.006, 0.441, -0.0, 1, 1, 1, 1, 1]}}, {"type": "Feature", "geometry": {"type": "Point", "coordinates": [2.85538, 41.178101]}, "properties": {"var_data": [0.08, -0.31, 0.015, 0.01, 0.429, -0.0, 1, 1, 1, 1, 1]}}, {"type": "Feature", "geometry": {"type": "Point", "coordinates": [2.89072, 41.178101]}, "properties": {"var_data": [0.079, -0.327, 0.013, 0.009, 0.43, 0.0, 1, 1, 1, 1, 1]}}, {"type": "Feature", "geometry": {"type": "Point", "coordinates": [2.92606, 41.178101]}, "properties": {"var_data": [0.091, -0.334, 0.012, 0.009, 0.439, 0.0, 1, 1, 1, 1, 1]}}, {"type": "Feature", "geometry": {"type": "Point", "coordinates": [2.9614, 41.178101]}, "properties": {"var_data": [0.111, -0.367, 0.01, 0.011, 0.452, 0.0, 1, 1, 1, 1, 1]}}, {"type": "Feature", "geometry": {"type": "Point", "coordinates": [2.99674, 41.178101]}, "properties": {"var_data": [0.131, -0.364, 0.01, 0.013, 0.489, 0.0, 1, 1, 1, 1, 1]}}, {"type": "Feature", "geometry": {"type": "Point", "coordinates": [3.03208, 41.178101]}, "properties": {"var_data": [0.154, -0.333, 0.014, 0.012, 0.603, 0.0, 1, 1, 1, 1, 1]}}, {"type": "Feature", "geometry": {"type": "Point", "coordinates": [3.06742, 41.178101]}, "properties": {"var_data": [0.143, -0.32, 0.062, 0.019, 0.804, 0.001, 1, 1, 1, 1, 1]}}, {"type": "Feature", "geometry": {"type": "Point", "coordinates": [1.83052, 41.205101]}, "properties": {"var_data": [0.229, -0.11, 0.01, 0.005, 0.374, -0.0, 1, 1, 1, 1, 1]}}, {"type": "Feature", "geometry": {"type": "Point", "coordinates": [1.86586, 41.205101]}, "properties": {"var_data": [0.237, -0.11, 0.007, 0.003, 0.281, -0.0, 1, 1, 1, 1, 1]}}, {"type": "Feature", "geometry": {"type": "Point", "coordinates": [1.9012, 41.205101]}, "properties": {"var_data": [0.223, -0.117, 0.008, 0.003, 0.231, 0.0, 1, 1, 1, 1, 1]}}, {"type": "Feature", "geometry": {"type": "Point", "coordinates": [1.93654, 41.205101]}, "properties": {"var_data": [0.186, -0.138, 0.009, 0.004, 0.251, 0.0, 1, 1, 1, 1, 1]}}, {"type": "Feature", "geometry": {"type": "Point", "coordinates": [1.97188, 41.205101]}, "properties": {"var_data": [0.119, -0.231, 0.01, 0.007, 0.311, 0.0, 1, 1, 1, 1, 1]}}, {"type": "Feature", "geometry": {"type": "Point", "coordinates": [2.00722, 41.205101]}, "properties": {"var_data": [0.086, -0.282, 0.01, 0.015, 0.361, 0.0, 1, 1, 1, 1, 1]}}, {"type": "Feature", "geometry": {"type": "Point", "coordinates": [2.04256, 41.205101]}, "properties": {"var_data": [0.041, -0.292, 0.011, 0.022, 0.448, 0.0, 1, 1, 1, 1, 1]}}, {"type": "Feature", "geometry": {"type": "Point", "coordinates": [2.0779, 41.205101]}, "properties": {"var_data": [0.001, -0.242, 0.009, 0.021, 0.454, 0.0, 1, 1, 1, 1, 1]}}, {"type": "Feature", "geometry": {"type": "Point", "coordinates": [2.11324, 41.205101]}, "properties": {"var_data": [-0.041, -0.193, 0.01, 0.024, 0.41, 0.0, 1, 1, 1, 1, 1]}}, {"type": "Feature", "geometry": {"type": "Point", "coordinates": [2.14858, 41.205101]}, "properties": {"var_data": [-0.076, -0.156, 0.011, 0.037, 0.414, 0.0, 1, 1, 1, 1, 1]}}, {"type": "Feature", "geometry": {"type": "Point", "coordinates": [2.18392, 41.205101]}, "properties": {"var_data": [-0.112, -0.113, 0.009, 0.035, 0.478, 0.0, 1, 1, 1, 1, 1]}}, {"type": "Feature", "geometry": {"type": "Point", "coordinates": [2.21926, 41.205101]}, "properties": {"var_data": [-0.147, -0.081, 0.006, 0.02, 0.489, 0.0, 1, 1, 1, 1, 1]}}, {"type": "Feature", "geometry": {"type": "Point", "coordinates": [2.2546, 41.205101]}, "properties": {"var_data": [-0.17, -0.039, 0.006, 0.019, 0.413, 0.0, 1, 1, 1, 1, 1]}}, {"type": "Feature", "geometry": {"type": "Point", "coordinates": [2.28994, 41.205101]}, "properties": {"var_data": [-0.179, -0.05, 0.007, 0.019, 0.442, 0.0, 1, 1, 1, 1, 1]}}, {"type": "Feature", "geometry": {"type": "Point", "coordinates": [2.32528, 41.205101]}, "properties": {"var_data": [-0.165, -0.042, 0.007, 0.02, 0.46, 0.0, 1, 1, 1, 1, 1]}}, {"type": "Feature", "geometry": {"type": "Point", "coordinates": [2.36062, 41.205101]}, "properties": {"var_data": [-0.151, -0.055, 0.008, 0.018, 0.431, -0.0, 1, 1, 1, 1, 1]}}, {"type": "Feature", "geometry": {"type": "Point", "coordinates": [2.39596, 41.205101]}, "properties": {"var_data": [-0.126, -0.067, 0.009, 0.018, 0.436, -0.0, 1, 1, 1, 1, 1]}}, {"type": "Feature", "geometry": {"type": "Point", "coordinates": [2.4313, 41.205101]}, "properties": {"var_data": [-0.106, -0.043, 0.009, 0.008, 0.413, -0.0, 1, 1, 1, 1, 1]}}, {"type": "Feature", "geometry": {"type": "Point", "coordinates": [2.46664, 41.205101]}, "properties": {"var_data": [-0.082, -0.052, 0.007, 0.007, 0.413, -0.0, 1, 1, 1, 1, 1]}}, {"type": "Feature", "geometry": {"type": "Point", "coordinates": [2.50198, 41.205101]}, "properties": {"var_data": [-0.083, -0.032, 0.008, 0.012, 0.428, -0.0, 1, 1, 1, 1, 1]}}, {"type": "Feature", "geometry": {"type": "Point", "coordinates": [2.53732, 41.205101]}, "properties": {"var_data": [-0.071, -0.063, 0.008, 0.013, 0.432, -0.0, 1, 1, 1, 1, 1]}}, {"type": "Feature", "geometry": {"type": "Point", "coordinates": [2.57266, 41.205101]}, "properties": {"var_data": [-0.05, -0.103, 0.009, 0.014, 0.452, -0.0, 1, 1, 1, 1, 1]}}, {"type": "Feature", "geometry": {"type": "Point", "coordinates": [2.608, 41.205101]}, "properties": {"var_data": [0.008, -0.163, 0.023, 0.012, 0.452, -0.0, 1, 1, 1, 1, 1]}}, {"type": "Feature", "geometry": {"type": "Point", "coordinates": [2.64334, 41.205101]}, "properties": {"var_data": [0.051, -0.19, 0.024, 0.01, 0.462, -0.0, 1, 1, 1, 1, 1]}}, {"type": "Feature", "geometry": {"type": "Point", "coordinates": [2.67868, 41.205101]}, "properties": {"var_data": [0.095, -0.203, 0.023, 0.009, 0.516, -0.0, 1, 1, 1, 1, 1]}}, {"type": "Feature", "geometry": {"type": "Point", "coordinates": [2.71402, 41.205101]}, "properties": {"var_data": [0.109, -0.233, 0.026, 0.009, 0.543, -0.0, 1, 1, 1, 1, 1]}}, {"type": "Feature", "geometry": {"type": "Point", "coordinates": [2.74936, 41.205101]}, "properties": {"var_data": [0.111, -0.242, 0.016, 0.007, 0.543, -0.0, 1, 1, 1, 1, 1]}}, {"type": "Feature", "geometry": {"type": "Point", "coordinates": [2.7847, 41.205101]}, "properties": {"var_data": [0.092, -0.284, 0.013, 0.006, 0.5, -0.0, 1, 1, 1, 1, 1]}}, {"type": "Feature", "geometry": {"type": "Point", "coordinates": [2.82004, 41.205101]}, "properties": {"var_data": [0.095, -0.294, 0.013, 0.009, 0.468, -0.0, 1, 1, 1, 1, 1]}}, {"type": "Feature", "geometry": {"type": "Point", "coordinates": [2.85538, 41.205101]}, "properties": {"var_data": [0.105, -0.313, 0.014, 0.01, 0.571, -0.0, 1, 1, 1, 1, 1]}}, {"type": "Feature", "geometry": {"type": "Point", "coordinates": [2.89072, 41.205101]}, "properties": {"var_data": [0.077, -0.332, 0.016, 0.008, 0.561, 0.0, 1, 1, 1, 1, 1]}}, {"type": "Feature", "geometry": {"type": "Point", "coordinates": [2.92606, 41.205101]}, "properties": {"var_data": [0.096, -0.335, 0.013, 0.008, 0.568, 0.0, 1, 1, 1, 1, 1]}}, {"type": "Feature", "geometry": {"type": "Point", "coordinates": [2.9614, 41.205101]}, "properties": {"var_data": [0.099, -0.356, 0.014, 0.006, 0.579, 0.0, 1, 1, 1, 1, 1]}}, {"type": "Feature", "geometry": {"type": "Point", "coordinates": [2.99674, 41.205101]}, "properties": {"var_data": [0.096, -0.36, 0.014, 0.006, 0.576, 0.0, 1, 1, 1, 1, 1]}}, {"type": "Feature", "geometry": {"type": "Point", "coordinates": [3.03208, 41.205101]}, "properties": {"var_data": [0.129, -0.347, 0.016, 0.007, 0.796, 0.0, 1, 1, 1, 1, 1]}}, {"type": "Feature", "geometry": {"type": "Point", "coordinates": [3.06742, 41.205101]}, "properties": {"var_data": [0.124, -0.319, 0.016, 0.011, 0.795, 0.0, 1, 1, 1, 1, 1]}}, {"type": "Feature", "geometry": {"type": "Point", "coordinates": [1.86586, 41.232101]}, "properties": {"var_data": [0.219, -0.093, 0.008, 0.004, 0.272, 0.0, 1, 1, 1, 1, 1]}}, {"type": "Feature", "geometry": {"type": "Point", "coordinates": [1.9012, 41.232101]}, "properties": {"var_data": [0.205, -0.106, 0.008, 0.004, 0.239, 0.0, 1, 1, 1, 1, 1]}}, {"type": "Feature", "geometry": {"type": "Point", "coordinates": [1.93654, 41.232101]}, "properties": {"var_data": [0.188, -0.121, 0.009, 0.006, 0.261, 0.0, 1, 1, 1, 1, 1]}}, {"type": "Feature", "geometry": {"type": "Point", "coordinates": [1.97188, 41.232101]}, "properties": {"var_data": [0.143, -0.194, 0.009, 0.007, 0.392, 0.0, 1, 1, 1, 1, 1]}}, {"type": "Feature", "geometry": {"type": "Point", "coordinates": [2.00722, 41.232101]}, "properties": {"var_data": [0.099, -0.291, 0.01, 0.019, 0.479, 0.0, 1, 1, 1, 1, 1]}}, {"type": "Feature", "geometry": {"type": "Point", "coordinates": [2.04256, 41.232101]}, "properties": {"var_data": [0.048, -0.289, 0.009, 0.021, 0.5, 0.0, 1, 1, 1, 1, 1]}}, {"type": "Feature", "geometry": {"type": "Point", "coordinates": [2.0779, 41.232101]}, "properties": {"var_data": [0.001, -0.243, 0.009, 0.022, 0.479, 0.0, 1, 1, 1, 1, 1]}}, {"type": "Feature", "geometry": {"type": "Point", "coordinates": [2.11324, 41.232101]}, "properties": {"var_data": [-0.031, -0.185, 0.009, 0.044, 0.495, 0.0, 1, 1, 1, 1, 1]}}, {"type": "Feature", "geometry": {"type": "Point", "coordinates": [2.14858, 41.232101]}, "properties": {"var_data": [-0.078, -0.101, 0.009, 0.042, 0.464, 0.0, 1, 1, 1, 1, 1]}}, {"type": "Feature", "geometry": {"type": "Point", "coordinates": [2.18392, 41.232101]}, "properties": {"var_data": [-0.127, -0.063, 0.007, 0.03, 0.449, 0.0, 1, 1, 1, 1, 1]}}, {"type": "Feature", "geometry": {"type": "Point", "coordinates": [2.21926, 41.232101]}, "properties": {"var_data": [-0.177, -0.049, 0.006, 0.021, 0.507, 0.0, 1, 1, 1, 1, 1]}}, {"type": "Feature", "geometry": {"type": "Point", "coordinates": [2.2546, 41.232101]}, "properties": {"var_data": [-0.2, -0.035, 0.006, 0.021, 0.51, 0.0, 1, 1, 1, 1, 1]}}, {"type": "Feature", "geometry": {"type": "Point", "coordinates": [2.28994, 41.232101]}, "properties": {"var_data": [-0.214, -0.047, 0.006, 0.019, 0.455, -0.0, 1, 1, 1, 1, 1]}}, {"type": "Feature", "geometry": {"type": "Point", "coordinates": [2.32528, 41.232101]}, "properties": {"var_data": [-0.197, -0.064, 0.007, 0.011, 0.475, -0.0, 1, 1, 1, 1, 1]}}, {"type": "Feature", "geometry": {"type": "Point", "coordinates": [2.36062, 41.232101]}, "properties": {"var_data": [-0.174, -0.036, 0.008, 0.012, 0.455, -0.0, 1, 1, 1, 1, 1]}}, {"type": "Feature", "geometry": {"type": "Point", "coordinates": [2.39596, 41.232101]}, "properties": {"var_data": [-0.153, -0.046, 0.008, 0.008, 0.445, -0.0, 1, 1, 1, 1, 1]}}, {"type": "Feature", "geometry": {"type": "Point", "coordinates": [2.4313, 41.232101]}, "properties": {"var_data": [-0.122, -0.061, 0.008, 0.008, 0.432, -0.0, 1, 1, 1, 1, 1]}}, {"type": "Feature", "geometry": {"type": "Point", "coordinates": [2.46664, 41.232101]}, "properties": {"var_data": [-0.099, -0.054, 0.007, 0.007, 0.424, -0.0, 1, 1, 1, 1, 1]}}, {"type": "Feature", "geometry": {"type": "Point", "coordinates": [2.50198, 41.232101]}, "properties": {"var_data": [-0.081, -0.057, 0.007, 0.008, 0.432, -0.0, 1, 1, 1, 1, 1]}}, {"type": "Feature", "geometry": {"type": "Point", "coordinates": [2.53732, 41.232101]}, "properties": {"var_data": [-0.074, -0.081, 0.008, 0.011, 0.429, -0.0, 1, 1, 1, 1, 1]}}, {"type": "Feature", "geometry": {"type": "Point", "coordinates": [2.57266, 41.232101]}, "properties": {"var_data": [-0.059, -0.102, 0.008, 0.009, 0.442, -0.0, 1, 1, 1, 1, 1]}}, {"type": "Feature", "geometry": {"type": "Point", "coordinates": [2.608, 41.232101]}, "properties": {"var_data": [-0.036, -0.137, 0.017, 0.01, 0.49, -0.0, 1, 1, 1, 1, 1]}}, {"type": "Feature", "geometry": {"type": "Point", "coordinates": [2.64334, 41.232101]}, "properties": {"var_data": [0.047, -0.189, 0.007, 0.006, 0.564, -0.0, 1, 1, 1, 1, 1]}}, {"type": "Feature", "geometry": {"type": "Point", "coordinates": [2.67868, 41.232101]}, "properties": {"var_data": [0.099, -0.213, 0.007, 0.007, 0.678, -0.0, 1, 1, 1, 1, 1]}}, {"type": "Feature", "geometry": {"type": "Point", "coordinates": [2.71402, 41.232101]}, "properties": {"var_data": [0.094, -0.222, 0.007, 0.006, 0.775, -0.0, 1, 1, 1, 1, 1]}}, {"type": "Feature", "geometry": {"type": "Point", "coordinates": [2.74936, 41.232101]}, "properties": {"var_data": [0.163, -0.269, 0.02, 0.007, 0.59, -0.0, 1, 1, 1, 1, 1]}}, {"type": "Feature", "geometry": {"type": "Point", "coordinates": [2.7847, 41.232101]}, "properties": {"var_data": [0.142, -0.291, 0.014, 0.007, 0.487, -0.0, 1, 1, 1, 1, 1]}}, {"type": "Feature", "geometry": {"type": "Point", "coordinates": [2.82004, 41.232101]}, "properties": {"var_data": [0.113, -0.307, 0.013, 0.006, 0.459, -0.0, 1, 1, 1, 1, 1]}}, {"type": "Feature", "geometry": {"type": "Point", "coordinates": [2.85538, 41.232101]}, "properties": {"var_data": [0.099, -0.311, 0.014, 0.012, 0.493, 0.0, 1, 1, 1, 1, 1]}}, {"type": "Feature", "geometry": {"type": "Point", "coordinates": [2.89072, 41.232101]}, "properties": {"var_data": [0.059, -0.32, 0.013, 0.008, 0.51, 0.0, 1, 1, 1, 1, 1]}}, {"type": "Feature", "geometry": {"type": "Point", "coordinates": [2.92606, 41.232101]}, "properties": {"var_data": [0.059, -0.334, 0.009, 0.009, 0.533, 0.0, 1, 1, 1, 1, 1]}}, {"type": "Feature", "geometry": {"type": "Point", "coordinates": [2.9614, 41.232101]}, "properties": {"var_data": [0.106, -0.354, 0.008, 0.006, 0.513, 0.0, 1, 1, 1, 1, 1]}}, {"type": "Feature", "geometry": {"type": "Point", "coordinates": [2.99674, 41.232101]}, "properties": {"var_data": [0.126, -0.344, 0.013, 0.006, 0.513, 0.0, 1, 1, 1, 1, 1]}}, {"type": "Feature", "geometry": {"type": "Point", "coordinates": [3.03208, 41.232101]}, "properties": {"var_data": [0.138, -0.329, 0.016, 0.007, 0.692, 0.0, 1, 1, 1, 1, 1]}}, {"type": "Feature", "geometry": {"type": "Point", "coordinates": [3.06742, 41.232101]}, "properties": {"var_data": [0.106, -0.331, 0.064, 0.014, 1.089, 0.001, 1, 1, 1, 1, 1]}}, {"type": "Feature", "geometry": {"type": "Point", "coordinates": [1.93654, 41.259102]}, "properties": {"var_data": [0.163, -0.145, 0.011, 0.007, 0.356, 0.0, 1, 1, 1, 1, 1]}}, {"type": "Feature", "geometry": {"type": "Point", "coordinates": [1.97188, 41.259102]}, "properties": {"var_data": [0.129, -0.257, 0.014, 0.029, 0.573, 0.0, 1, 1, 1, 1, 1]}}, {"type": "Feature", "geometry": {"type": "Point", "coordinates": [2.00722, 41.259102]}, "properties": {"var_data": [0.101, -0.366, 0.017, 0.059, 0.939, 0.001, 1, 1, 1, 1, 1]}}, {"type": "Feature", "geometry": {"type": "Point", "coordinates": [2.04256, 41.259102]}, "properties": {"var_data": [0.033, -0.473, 0.011, 0.062, 0.717, 0.0, 1, 1, 1, 1, 1]}}, {"type": "Feature", "geometry": {"type": "Point", "coordinates": [2.0779, 41.259102]}, "properties": {"var_data": [0.004, -0.341, 0.01, 0.062, 0.597, 0.0, 1, 1, 1, 1, 1]}}, {"type": "Feature", "geometry": {"type": "Point", "coordinates": [2.11324, 41.259102]}, "properties": {"var_data": [-0.041, -0.234, 0.009, 0.059, 0.574, 0.0, 1, 1, 1, 1, 1]}}, {"type": "Feature", "geometry": {"type": "Point", "coordinates": [2.14858, 41.259102]}, "properties": {"var_data": [-0.081, -0.139, 0.009, 0.038, 0.595, 0.0, 1, 1, 1, 1, 1]}}, {"type": "Feature", "geometry": {"type": "Point", "coordinates": [2.18392, 41.259102]}, "properties": {"var_data": [-0.126, -0.08, 0.007, 0.032, 0.55, 0.0, 1, 1, 1, 1, 1]}}, {"type": "Feature", "geometry": {"type": "Point", "coordinates": [2.21926, 41.259102]}, "properties": {"var_data": [-0.187, -0.082, 0.007, 0.021, 0.526, -0.0, 1, 1, 1, 1, 1]}}, {"type": "Feature", "geometry": {"type": "Point", "coordinates": [2.2546, 41.259102]}, "properties": {"var_data": [-0.207, -0.09, 0.006, 0.019, 0.542, -0.0, 1, 1, 1, 1, 1]}}, {"type": "Feature", "geometry": {"type": "Point", "coordinates": [2.28994, 41.259102]}, "properties": {"var_data": [-0.213, -0.055, 0.006, 0.02, 0.564, -0.0, 1, 1, 1, 1, 1]}}, {"type": "Feature", "geometry": {"type": "Point", "coordinates": [2.32528, 41.259102]}, "properties": {"var_data": [-0.197, -0.049, 0.008, 0.012, 0.505, -0.0, 1, 1, 1, 1, 1]}}, {"type": "Feature", "geometry": {"type": "Point", "coordinates": [2.36062, 41.259102]}, "properties": {"var_data": [-0.163, -0.038, 0.009, 0.013, 0.56, -0.0, 1, 1, 1, 1, 1]}}, {"type": "Feature", "geometry": {"type": "Point", "coordinates": [2.39596, 41.259102]}, "properties": {"var_data": [-0.138, -0.046, 0.01, 0.01, 0.498, -0.0, 1, 1, 1, 1, 1]}}, {"type": "Feature", "geometry": {"type": "Point", "coordinates": [2.4313, 41.259102]}, "properties": {"var_data": [-0.11, -0.038, 0.01, 0.009, 0.488, -0.0, 1, 1, 1, 1, 1]}}, {"type": "Feature", "geometry": {"type": "Point", "coordinates": [2.46664, 41.259102]}, "properties": {"var_data": [-0.096, -0.035, 0.007, 0.008, 0.457, -0.0, 1, 1, 1, 1, 1]}}, {"type": "Feature", "geometry": {"type": "Point", "coordinates": [2.50198, 41.259102]}, "properties": {"var_data": [-0.098, -0.044, 0.007, 0.007, 0.454, -0.0, 1, 1, 1, 1, 1]}}, {"type": "Feature", "geometry": {"type": "Point", "coordinates": [2.53732, 41.259102]}, "properties": {"var_data": [-0.07, -0.076, 0.007, 0.009, 0.43, -0.0, 1, 1, 1, 1, 1]}}, {"type": "Feature", "geometry": {"type": "Point", "coordinates": [2.57266, 41.259102]}, "properties": {"var_data": [-0.061, -0.1, 0.008, 0.009, 0.484, -0.0, 1, 1, 1, 1, 1]}}, {"type": "Feature", "geometry": {"type": "Point", "coordinates": [2.608, 41.259102]}, "properties": {"var_data": [0.007, -0.152, 0.015, 0.009, 0.484, -0.0, 1, 1, 1, 1, 1]}}, {"type": "Feature", "geometry": {"type": "Point", "coordinates": [2.64334, 41.259102]}, "properties": {"var_data": [0.083, -0.2, 0.007, 0.005, 0.575, -0.0, 1, 1, 1, 1, 1]}}, {"type": "Feature", "geometry": {"type": "Point", "coordinates": [2.67868, 41.259102]}, "properties": {"var_data": [0.104, -0.212, 0.007, 0.005, 0.662, -0.0, 1, 1, 1, 1, 1]}}, {"type": "Feature", "geometry": {"type": "Point", "coordinates": [2.71402, 41.259102]}, "properties": {"var_data": [0.14, -0.234, 0.007, 0.005, 0.534, -0.0, 1, 1, 1, 1, 1]}}, {"type": "Feature", "geometry": {"type": "Point", "coordinates": [2.74936, 41.259102]}, "properties": {"var_data": [0.146, -0.251, 0.007, 0.007, 0.667, -0.0, 1, 1, 1, 1, 1]}}, {"type": "Feature", "geometry": {"type": "Point", "coordinates": [2.7847, 41.259102]}, "properties": {"var_data": [0.156, -0.269, 0.019, 0.007, 0.518, -0.0, 1, 1, 1, 1, 1]}}, {"type": "Feature", "geometry": {"type": "Point", "coordinates": [2.82004, 41.259102]}, "properties": {"var_data": [0.13, -0.287, 0.014, 0.007, 0.46, -0.0, 1, 1, 1, 1, 1]}}, {"type": "Feature", "geometry": {"type": "Point", "coordinates": [2.85538, 41.259102]}, "properties": {"var_data": [0.086, -0.305, 0.014, 0.009, 0.494, -0.0, 1, 1, 1, 1, 1]}}, {"type": "Feature", "geometry": {"type": "Point", "coordinates": [2.89072, 41.259102]}, "properties": {"var_data": [0.063, -0.309, 0.009, 0.006, 0.549, -0.0, 1, 1, 1, 1, 1]}}, {"type": "Feature", "geometry": {"type": "Point", "coordinates": [2.92606, 41.259102]}, "properties": {"var_data": [0.071, -0.324, 0.009, 0.008, 0.52, 0.0, 1, 1, 1, 1, 1]}}, {"type": "Feature", "geometry": {"type": "Point", "coordinates": [2.9614, 41.259102]}, "properties": {"var_data": [0.094, -0.338, 0.009, 0.006, 0.519, 0.0, 1, 1, 1, 1, 1]}}, {"type": "Feature", "geometry": {"type": "Point", "coordinates": [2.99674, 41.259102]}, "properties": {"var_data": [0.138, -0.345, 0.009, 0.006, 0.605, 0.0, 1, 1, 1, 1, 1]}}, {"type": "Feature", "geometry": {"type": "Point", "coordinates": [3.03208, 41.259102]}, "properties": {"var_data": [0.154, -0.337, 0.024, 0.008, 0.718, 0.0, 1, 1, 1, 1, 1]}}, {"type": "Feature", "geometry": {"type": "Point", "coordinates": [2.11324, 41.286098]}, "properties": {"var_data": [-0.027, -0.261, 0.011, 0.078, 0.779, 0.0, 1, 1, 1, 1, 1]}}, {"type": "Feature", "geometry": {"type": "Point", "coordinates": [2.14858, 41.286098]}, "properties": {"var_data": [-0.069, -0.162, 0.011, 0.039, 0.754, -0.0, 1, 1, 1, 1, 1]}}, {"type": "Feature", "geometry": {"type": "Point", "coordinates": [2.18392, 41.286098]}, "properties": {"var_data": [-0.104, -0.171, 0.009, 0.035, 0.754, -0.0, 1, 1, 1, 1, 1]}}, {"type": "Feature", "geometry": {"type": "Point", "coordinates": [2.21926, 41.286098]}, "properties": {"var_data": [-0.175, -0.122, 0.008, 0.022, 0.644, -0.0, 1, 1, 1, 1, 1]}}, {"type": "Feature", "geometry": {"type": "Point", "coordinates": [2.2546, 41.286098]}, "properties": {"var_data": [-0.201, -0.095, 0.008, 0.02, 0.648, -0.0, 1, 1, 1, 1, 1]}}, {"type": "Feature", "geometry": {"type": "Point", "coordinates": [2.28994, 41.286098]}, "properties": {"var_data": [-0.199, -0.094, 0.013, 0.024, 0.659, -0.0, 1, 1, 1, 1, 1]}}, {"type": "Feature", "geometry": {"type": "Point", "coordinates": [2.32528, 41.286098]}, "properties": {"var_data": [-0.182, -0.047, 0.014, 0.017, 0.617, -0.0, 1, 1, 1, 1, 1]}}, {"type": "Feature", "geometry": {"type": "Point", "coordinates": [2.36062, 41.286098]}, "properties": {"var_data": [-0.154, -0.03, 0.012, 0.015, 0.629, -0.0, 1, 1, 1, 1, 1]}}, {"type": "Feature", "geometry": {"type": "Point", "coordinates": [2.39596, 41.286098]}, "properties": {"var_data": [-0.11, -0.016, 0.013, 0.011, 0.616, -0.0, 1, 1, 1, 1, 1]}}, {"type": "Feature", "geometry": {"type": "Point", "coordinates": [2.4313, 41.286098]}, "properties": {"var_data": [-0.098, -0.025, 0.015, 0.012, 0.567, -0.0, 1, 1, 1, 1, 1]}}, {"type": "Feature", "geometry": {"type": "Point", "coordinates": [2.46664, 41.286098]}, "properties": {"var_data": [-0.081, -0.012, 0.012, 0.01, 0.577, -0.0, 1, 1, 1, 1, 1]}}, {"type": "Feature", "geometry": {"type": "Point", "coordinates": [2.50198, 41.286098]}, "properties": {"var_data": [-0.037, -0.074, 0.012, 0.01, 0.533, -0.0, 1, 1, 1, 1, 1]}}, {"type": "Feature", "geometry": {"type": "Point", "coordinates": [2.53732, 41.286098]}, "properties": {"var_data": [-0.005, -0.085, 0.012, 0.012, 0.52, -0.0, 1, 1, 1, 1, 1]}}, {"type": "Feature", "geometry": {"type": "Point", "coordinates": [2.57266, 41.286098]}, "properties": {"var_data": [0.015, -0.127, 0.014, 0.011, 0.519, -0.0, 1, 1, 1, 1, 1]}}, {"type": "Feature", "geometry": {"type": "Point", "coordinates": [2.608, 41.286098]}, "properties": {"var_data": [0.043, -0.166, 0.015, 0.01, 0.499, -0.0, 1, 1, 1, 1, 1]}}, {"type": "Feature", "geometry": {"type": "Point", "coordinates": [2.64334, 41.286098]}, "properties": {"var_data": [0.059, -0.178, 0.007, 0.005, 0.584, -0.0, 1, 1, 1, 1, 1]}}, {"type": "Feature", "geometry": {"type": "Point", "coordinates": [2.67868, 41.286098]}, "properties": {"var_data": [0.1, -0.197, 0.007, 0.005, 0.607, -0.0, 1, 1, 1, 1, 1]}}, {"type": "Feature", "geometry": {"type": "Point", "coordinates": [2.71402, 41.286098]}, "properties": {"var_data": [0.155, -0.229, 0.007, 0.006, 0.549, -0.0, 1, 1, 1, 1, 1]}}, {"type": "Feature", "geometry": {"type": "Point", "coordinates": [2.74936, 41.286098]}, "properties": {"var_data": [0.127, -0.225, 0.007, 0.005, 0.531, -0.0, 1, 1, 1, 1, 1]}}, {"type": "Feature", "geometry": {"type": "Point", "coordinates": [2.7847, 41.286098]}, "properties": {"var_data": [0.151, -0.251, 0.03, 0.009, 0.568, -0.0, 1, 1, 1, 1, 1]}}, {"type": "Feature", "geometry": {"type": "Point", "coordinates": [2.82004, 41.286098]}, "properties": {"var_data": [0.142, -0.262, 0.037, 0.008, 0.563, -0.0, 1, 1, 1, 1, 1]}}, {"type": "Feature", "geometry": {"type": "Point", "coordinates": [2.85538, 41.286098]}, "properties": {"var_data": [0.076, -0.27, 0.02, 0.006, 0.628, -0.0, 1, 1, 1, 1, 1]}}, {"type": "Feature", "geometry": {"type": "Point", "coordinates": [2.89072, 41.286098]}, "properties": {"var_data": [0.066, -0.285, 0.01, 0.006, 0.549, -0.0, 1, 1, 1, 1, 1]}}, {"type": "Feature", "geometry": {"type": "Point", "coordinates": [2.92606, 41.286098]}, "properties": {"var_data": [0.085, -0.291, 0.009, 0.006, 0.565, -0.0, 1, 1, 1, 1, 1]}}, {"type": "Feature", "geometry": {"type": "Point", "coordinates": [2.9614, 41.286098]}, "properties": {"var_data": [0.108, -0.295, 0.009, 0.006, 0.585, 0.0, 1, 1, 1, 1, 1]}}, {"type": "Feature", "geometry": {"type": "Point", "coordinates": [2.99674, 41.286098]}, "properties": {"var_data": [0.13, -0.295, 0.01, 0.006, 0.66, 0.0, 1, 1, 1, 1, 1]}}, {"type": "Feature", "geometry": {"type": "Point", "coordinates": [3.03208, 41.286098]}, "properties": {"var_data": [0.182, -0.307, 0.023, 0.007, 0.8, 0.0, 1, 1, 1, 1, 1]}}, {"type": "Feature", "geometry": {"type": "Point", "coordinates": [3.06742, 41.286098]}, "properties": {"var_data": [0.155, -0.34, 0.065, 0.023, 1.125, 0.001, 1, 1, 1, 1, 1]}}, {"type": "Feature", "geometry": {"type": "Point", "coordinates": [2.18392, 41.313099]}, "properties": {"var_data": [-0.103, -0.237, 0.032, 0.055, 1.105, -0.001, 1, 1, 1, 1, 1]}}, {"type": "Feature", "geometry": {"type": "Point", "coordinates": [2.21926, 41.313099]}, "properties": {"var_data": [-0.149, -0.103, 0.024, 0.046, 1.054, -0.001, 1, 1, 1, 1, 1]}}, {"type": "Feature", "geometry": {"type": "Point", "coordinates": [2.2546, 41.313099]}, "properties": {"var_data": [-0.212, -0.087, 0.026, 0.043, 0.945, -0.001, 1, 1, 1, 1, 1]}}, {"type": "Feature", "geometry": {"type": "Point", "coordinates": [2.28994, 41.313099]}, "properties": {"var_data": [-0.214, -0.017, 0.043, 0.055, 0.883, -0.002, 1, 1, 1, 1, 1]}}, {"type": "Feature", "geometry": {"type": "Point", "coordinates": [2.32528, 41.313099]}, "properties": {"var_data": [-0.144, -0.034, 0.043, 0.051, 0.862, -0.002, 1, 1, 1, 1, 1]}}, {"type": "Feature", "geometry": {"type": "Point", "coordinates": [2.36062, 41.313099]}, "properties": {"var_data": [-0.132, 0.03, 0.042, 0.038, 0.766, -0.002, 1, 1, 1, 1, 1]}}, {"type": "Feature", "geometry": {"type": "Point", "coordinates": [2.39596, 41.313099]}, "properties": {"var_data": [-0.095, 0.018, 0.025, 0.024, 0.758, -0.001, 1, 1, 1, 1, 1]}}, {"type": "Feature", "geometry": {"type": "Point", "coordinates": [2.4313, 41.313099]}, "properties": {"var_data": [-0.082, 0.011, 0.018, 0.017, 0.681, -0.0, 1, 1, 1, 1, 1]}}, {"type": "Feature", "geometry": {"type": "Point", "coordinates": [2.46664, 41.313099]}, "properties": {"var_data": [-0.065, 0.004, 0.016, 0.014, 0.682, -0.0, 1, 1, 1, 1, 1]}}, {"type": "Feature", "geometry": {"type": "Point", "coordinates": [2.50198, 41.313099]}, "properties": {"var_data": [-0.026, -0.038, 0.014, 0.013, 0.565, -0.0, 1, 1, 1, 1, 1]}}, {"type": "Feature", "geometry": {"type": "Point", "coordinates": [2.53732, 41.313099]}, "properties": {"var_data": [-0.012, -0.073, 0.015, 0.013, 0.561, -0.0, 1, 1, 1, 1, 1]}}, {"type": "Feature", "geometry": {"type": "Point", "coordinates": [2.57266, 41.313099]}, "properties": {"var_data": [0.02, -0.11, 0.014, 0.011, 0.518, -0.0, 1, 1, 1, 1, 1]}}, {"type": "Feature", "geometry": {"type": "Point", "coordinates": [2.608, 41.313099]}, "properties": {"var_data": [0.033, -0.139, 0.017, 0.012, 0.591, -0.0, 1, 1, 1, 1, 1]}}, {"type": "Feature", "geometry": {"type": "Point", "coordinates": [2.64334, 41.313099]}, "properties": {"var_data": [0.085, -0.176, 0.007, 0.005, 0.541, -0.0, 1, 1, 1, 1, 1]}}, {"type": "Feature", "geometry": {"type": "Point", "coordinates": [2.67868, 41.313099]}, "properties": {"var_data": [0.096, -0.181, 0.007, 0.005, 0.613, -0.0, 1, 1, 1, 1, 1]}}, {"type": "Feature", "geometry": {"type": "Point", "coordinates": [2.71402, 41.313099]}, "properties": {"var_data": [0.134, -0.205, 0.007, 0.005, 0.607, -0.0, 1, 1, 1, 1, 1]}}, {"type": "Feature", "geometry": {"type": "Point", "coordinates": [2.74936, 41.313099]}, "properties": {"var_data": [0.176, -0.229, 0.028, 0.011, 0.581, -0.0, 1, 1, 1, 1, 1]}}, {"type": "Feature", "geometry": {"type": "Point", "coordinates": [2.7847, 41.313099]}, "properties": {"var_data": [0.147, -0.236, 0.03, 0.008, 0.566, -0.0, 1, 1, 1, 1, 1]}}, {"type": "Feature", "geometry": {"type": "Point", "coordinates": [2.82004, 41.313099]}, "properties": {"var_data": [0.112, -0.251, 0.029, 0.006, 0.557, -0.0, 1, 1, 1, 1, 1]}}, {"type": "Feature", "geometry": {"type": "Point", "coordinates": [2.85538, 41.313099]}, "properties": {"var_data": [0.117, -0.25, 0.042, 0.006, 0.623, -0.0, 1, 1, 1, 1, 1]}}, {"type": "Feature", "geometry": {"type": "Point", "coordinates": [2.89072, 41.313099]}, "properties": {"var_data": [0.08, -0.258, 0.01, 0.006, 0.55, -0.0, 1, 1, 1, 1, 1]}}, {"type": "Feature", "geometry": {"type": "Point", "coordinates": [2.92606, 41.313099]}, "properties": {"var_data": [0.113, -0.263, 0.009, 0.006, 0.556, 0.0, 1, 1, 1, 1, 1]}}, {"type": "Feature", "geometry": {"type": "Point", "coordinates": [2.9614, 41.313099]}, "properties": {"var_data": [0.12, -0.258, 0.009, 0.007, 0.532, 0.0, 1, 1, 1, 1, 1]}}, {"type": "Feature", "geometry": {"type": "Point", "coordinates": [2.99674, 41.313099]}, "properties": {"var_data": [0.174, -0.256, 0.025, 0.013, 0.773, 0.0, 1, 1, 1, 1, 1]}}, {"type": "Feature", "geometry": {"type": "Point", "coordinates": [3.03208, 41.313099]}, "properties": {"var_data": [0.185, -0.282, 0.024, 0.01, 0.782, 0.0, 1, 1, 1, 1, 1]}}, {"type": "Feature", "geometry": {"type": "Point", "coordinates": [2.28994, 41.340099]}, "properties": {"var_data": [-0.165, -0.026, 0.11, 0.134, 1.855, -0.015, 1, 1, 1, 1, 1]}}, {"type": "Feature", "geometry": {"type": "Point", "coordinates": [2.32528, 41.340099]}, "properties": {"var_data": [-0.166, 0.055, 0.103, 0.118, 1.825, -0.012, 1, 1, 1, 1, 1]}}, {"type": "Feature", "geometry": {"type": "Point", "coordinates": [2.36062, 41.340099]}, "properties": {"var_data": [-0.047, -0.055, 0.09, 0.101, 1.795, -0.009, 1, 1, 1, 1, 1]}}, {"type": "Feature", "geometry": {"type": "Point", "coordinates": [2.39596, 41.340099]}, "properties": {"var_data": [-0.002, -0.002, 0.064, 0.059, 1.233, -0.004, 1, 1, 1, 1, 1]}}, {"type": "Feature", "geometry": {"type": "Point", "coordinates": [2.4313, 41.340099]}, "properties": {"var_data": [0.009, -0.013, 0.082, 0.074, 1.597, -0.006, 1, 1, 1, 1, 1]}}, {"type": "Feature", "geometry": {"type": "Point", "coordinates": [2.46664, 41.340099]}, "properties": {"var_data": [-0.013, -0.007, 0.032, 0.028, 1.068, -0.001, 1, 1, 1, 1, 1]}}, {"type": "Feature", "geometry": {"type": "Point", "coordinates": [2.50198, 41.340099]}, "properties": {"var_data": [0.032, -0.052, 0.032, 0.027, 1.055, -0.001, 1, 1, 1, 1, 1]}}, {"type": "Feature", "geometry": {"type": "Point", "coordinates": [2.53732, 41.340099]}, "properties": {"var_data": [0.036, -0.079, 0.029, 0.023, 0.828, -0.001, 1, 1, 1, 1, 1]}}, {"type": "Feature", "geometry": {"type": "Point", "coordinates": [2.57266, 41.340099]}, "properties": {"var_data": [0.022, -0.089, 0.026, 0.02, 0.734, -0.0, 1, 1, 1, 1, 1]}}, {"type": "Feature", "geometry": {"type": "Point", "coordinates": [2.608, 41.340099]}, "properties": {"var_data": [0.058, -0.134, 0.031, 0.017, 0.766, -0.001, 1, 1, 1, 1, 1]}}, {"type": "Feature", "geometry": {"type": "Point", "coordinates": [2.64334, 41.340099]}, "properties": {"var_data": [0.079, -0.162, 0.032, 0.015, 0.726, -0.0, 1, 1, 1, 1, 1]}}, {"type": "Feature", "geometry": {"type": "Point", "coordinates": [2.67868, 41.340099]}, "properties": {"var_data": [0.109, -0.177, 0.036, 0.016, 0.855, -0.001, 1, 1, 1, 1, 1]}}, {"type": "Feature", "geometry": {"type": "Point", "coordinates": [2.71402, 41.340099]}, "properties": {"var_data": [0.146, -0.201, 0.029, 0.012, 0.817, -0.0, 1, 1, 1, 1, 1]}}, {"type": "Feature", "geometry": {"type": "Point", "coordinates": [2.74936, 41.340099]}, "properties": {"var_data": [0.157, -0.216, 0.034, 0.011, 0.79, -0.0, 1, 1, 1, 1, 1]}}, {"type": "Feature", "geometry": {"type": "Point", "coordinates": [2.7847, 41.340099]}, "properties": {"var_data": [0.111, -0.221, 0.036, 0.011, 1.028, -0.0, 1, 1, 1, 1, 1]}}, {"type": "Feature", "geometry": {"type": "Point", "coordinates": [2.82004, 41.340099]}, "properties": {"var_data": [0.106, -0.231, 0.034, 0.009, 1.002, -0.0, 1, 1, 1, 1, 1]}}, {"type": "Feature", "geometry": {"type": "Point", "coordinates": [2.85538, 41.340099]}, "properties": {"var_data": [0.167, -0.245, 0.057, 0.007, 1.005, -0.0, 1, 1, 1, 1, 1]}}, {"type": "Feature", "geometry": {"type": "Point", "coordinates": [2.89072, 41.340099]}, "properties": {"var_data": [0.159, -0.241, 0.079, 0.006, 1.002, -0.0, 1, 1, 1, 1, 1]}}, {"type": "Feature", "geometry": {"type": "Point", "coordinates": [2.92606, 41.340099]}, "properties": {"var_data": [0.14, -0.224, 0.068, 0.006, 0.993, 0.0, 1, 1, 1, 1, 1]}}, {"type": "Feature", "geometry": {"type": "Point", "coordinates": [2.9614, 41.340099]}, "properties": {"var_data": [0.159, -0.22, 0.074, 0.013, 0.997, 0.001, 1, 1, 1, 1, 1]}}, {"type": "Feature", "geometry": {"type": "Point", "coordinates": [2.53732, 41.3671]}, "properties": {"var_data": [0.134, -0.13, 0.054, 0.043, 1.39, -0.002, 1, 1, 1, 1, 1]}}, {"type": "Feature", "geometry": {"type": "Point", "coordinates": [2.57266, 41.3671]}, "properties": {"var_data": [0.082, -0.114, 0.042, 0.032, 0.968, -0.001, 1, 1, 1, 1, 1]}}, {"type": "Feature", "geometry": {"type": "Point", "coordinates": [2.608, 41.3671]}, "properties": {"var_data": [0.029, -0.111, 0.034, 0.019, 0.918, -0.001, 1, 1, 1, 1, 1]}}, {"type": "Feature", "geometry": {"type": "Point", "coordinates": [2.64334, 41.3671]}, "properties": {"var_data": [0.043, -0.123, 0.039, 0.021, 1.195, -0.001, 1, 1, 1, 1, 1]}}, {"type": "Feature", "geometry": {"type": "Point", "coordinates": [2.67868, 41.3671]}, "properties": {"var_data": [0.117, -0.176, 0.035, 0.018, 0.857, -0.001, 1, 1, 1, 1, 1]}}, {"type": "Feature", "geometry": {"type": "Point", "coordinates": [2.71402, 41.3671]}, "properties": {"var_data": [0.218, -0.23, 0.036, 0.015, 1.105, -0.001, 1, 1, 1, 1, 1]}}, {"type": "Feature", "geometry": {"type": "Point", "coordinates": [2.74936, 41.3671]}, "properties": {"var_data": [0.122, -0.204, 0.034, 0.012, 1.05, -0.0, 1, 1, 1, 1, 1]}}, {"type": "Feature", "geometry": {"type": "Point", "coordinates": [2.7847, 41.3671]}, "properties": {"var_data": [0.126, -0.221, 0.034, 0.01, 1.014, -0.0, 1, 1, 1, 1, 1]}}, {"type": "Feature", "geometry": {"type": "Point", "coordinates": [2.82004, 41.3671]}, "properties": {"var_data": [0.102, -0.219, 0.034, 0.009, 0.994, -0.0, 1, 1, 1, 1, 1]}}, {"type": "Feature", "geometry": {"type": "Point", "coordinates": [2.85538, 41.3671]}, "properties": {"var_data": [0.169, -0.238, 0.068, 0.011, 1.005, -0.001, 1, 1, 1, 1, 1]}}, {"type": "Feature", "geometry": {"type": "Point", "coordinates": [2.89072, 41.3671]}, "properties": {"var_data": [0.162, -0.236, 0.066, 0.007, 0.992, -0.0, 1, 1, 1, 1, 1]}}, {"type": "Feature", "geometry": {"type": "Point", "coordinates": [2.92606, 41.3671]}, "properties": {"var_data": [0.137, -0.213, 0.079, 0.009, 0.997, 0.0, 1, 1, 1, 1, 1]}}, {"type": "Feature", "geometry": {"type": "Point", "coordinates": [2.9614, 41.3671]}, "properties": {"var_data": [0.16, -0.211, 0.067, 0.011, 0.974, 0.001, 1, 1, 1, 1, 1]}}, {"type": "Feature", "geometry": {"type": "Point", "coordinates": [2.89072, 41.3941]}, "properties": {"var_data": [0.158, -0.215, 0.066, 0.005, 0.991, -0.0, 1, 1, 1, 1, 1]}}, {"type": "Feature", "geometry": {"type": "Point", "coordinates": [2.92606, 41.3941]}, "properties": {"var_data": [0.138, -0.202, 0.054, 0.007, 0.977, 0.0, 1, 1, 1, 1, 1]}}, {"type": "Feature", "geometry": {"type": "Point", "coordinates": [3.45616, 41.448101]}, "properties": {"var_data": [0.124, -0.14, 0.04, 0.053, 0.797, 0.002, 1, 1, 1, 1, 1]}}, {"type": "Feature", "geometry": {"type": "Point", "coordinates": [3.4915, 41.448101]}, "properties": {"var_data": [0.094, -0.152, 0.034, 0.049, 0.745, 0.002, 1, 1, 1, 1, 1]}}, {"type": "Feature", "geometry": {"type": "Point", "coordinates": [3.52684, 41.448101]}, "properties": {"var_data": [0.08, -0.144, 0.032, 0.052, 0.742, 0.001, 1, 1, 1, 1, 1]}}, {"type": "Feature", "geometry": {"type": "Point", "coordinates": [3.45616, 41.475101]}, "properties": {"var_data": [0.052, -0.154, 0.036, 0.051, 0.739, 0.002, 1, 1, 1, 1, 1]}}, {"type": "Feature", "geometry": {"type": "Point", "coordinates": [3.4915, 41.475101]}, "properties": {"var_data": [0.053, -0.15, 0.032, 0.052, 0.738, 0.001, 1, 1, 1, 1, 1]}}, {"type": "Feature", "geometry": {"type": "Point", "coordinates": [3.52684, 41.475101]}, "properties": {"var_data": [0.062, -0.149, 0.031, 0.052, 0.729, 0.001, 1, 1, 1, 1, 1]}}, {"type": "Feature", "geometry": {"type": "Point", "coordinates": [3.56218, 41.475101]}, "properties": {"var_data": [0.016, -0.252, 0.057, 0.126, 0.921, 0.007, 1, 1, 1, 1, 1]}}, {"type": "Feature", "geometry": {"type": "Point", "coordinates": [3.42082, 41.502102]}, "properties": {"var_data": [0.074, -0.053, 0.035, 0.055, 0.972, 0.002, 1, 1, 1, 1, 1]}}, {"type": "Feature", "geometry": {"type": "Point", "coordinates": [3.45616, 41.502102]}, "properties": {"var_data": [0.018, -0.159, 0.029, 0.05, 0.703, 0.001, 1, 1, 1, 1, 1]}}, {"type": "Feature", "geometry": {"type": "Point", "coordinates": [3.4915, 41.502102]}, "properties": {"var_data": [0.023, -0.158, 0.027, 0.05, 0.691, 0.001, 1, 1, 1, 1, 1]}}, {"type": "Feature", "geometry": {"type": "Point", "coordinates": [3.52684, 41.502102]}, "properties": {"var_data": [0.034, -0.15, 0.025, 0.051, 0.695, 0.001, 1, 1, 1, 1, 1]}}, {"type": "Feature", "geometry": {"type": "Point", "coordinates": [3.56218, 41.502102]}, "properties": {"var_data": [0.043, -0.147, 0.025, 0.05, 0.687, 0.001, 1, 1, 1, 1, 1]}}, {"type": "Feature", "geometry": {"type": "Point", "coordinates": [3.35014, 41.529099]}, "properties": {"var_data": [0.055, -0.04, 0.025, 0.044, 0.872, 0.001, 1, 1, 1, 1, 1]}}, {"type": "Feature", "geometry": {"type": "Point", "coordinates": [3.38548, 41.529099]}, "properties": {"var_data": [0.045, -0.03, 0.024, 0.045, 0.858, 0.001, 1, 1, 1, 1, 1]}}, {"type": "Feature", "geometry": {"type": "Point", "coordinates": [3.42082, 41.529099]}, "properties": {"var_data": [0.055, -0.03, 0.025, 0.045, 0.856, 0.001, 1, 1, 1, 1, 1]}}, {"type": "Feature", "geometry": {"type": "Point", "coordinates": [3.45616, 41.529099]}, "properties": {"var_data": [0.035, -0.055, 0.029, 0.054, 0.918, 0.001, 1, 1, 1, 1, 1]}}, {"type": "Feature", "geometry": {"type": "Point", "coordinates": [3.4915, 41.529099]}, "properties": {"var_data": [0.005, -0.156, 0.028, 0.051, 0.691, 0.001, 1, 1, 1, 1, 1]}}, {"type": "Feature", "geometry": {"type": "Point", "coordinates": [3.52684, 41.529099]}, "properties": {"var_data": [0.024, -0.153, 0.021, 0.048, 0.657, 0.001, 1, 1, 1, 1, 1]}}, {"type": "Feature", "geometry": {"type": "Point", "coordinates": [3.17344, 41.556099]}, "properties": {"var_data": [0.081, -0.179, 0.019, 0.027, 0.821, 0.0, 1, 1, 1, 1, 1]}}, {"type": "Feature", "geometry": {"type": "Point", "coordinates": [3.20878, 41.556099]}, "properties": {"var_data": [0.033, -0.185, 0.019, 0.03, 0.804, 0.001, 1, 1, 1, 1, 1]}}, {"type": "Feature", "geometry": {"type": "Point", "coordinates": [3.24412, 41.556099]}, "properties": {"var_data": [-0.022, -0.22, 0.02, 0.03, 0.622, 0.0, 1, 1, 1, 1, 1]}}, {"type": "Feature", "geometry": {"type": "Point", "coordinates": [3.27946, 41.556099]}, "properties": {"var_data": [-0.082, -0.21, 0.02, 0.033, 0.61, 0.001, 1, 1, 1, 1, 1]}}, {"type": "Feature", "geometry": {"type": "Point", "coordinates": [3.3148, 41.556099]}, "properties": {"var_data": [-0.049, -0.142, 0.015, 0.027, 0.528, 0.0, 1, 1, 1, 1, 1]}}, {"type": "Feature", "geometry": {"type": "Point", "coordinates": [3.35014, 41.556099]}, "properties": {"var_data": [-0.044, -0.14, 0.016, 0.029, 0.537, 0.0, 1, 1, 1, 1, 1]}}, {"type": "Feature", "geometry": {"type": "Point", "coordinates": [3.38548, 41.556099]}, "properties": {"var_data": [0.012, -0.071, 0.012, 0.03, 0.628, 0.0, 1, 1, 1, 1, 1]}}, {"type": "Feature", "geometry": {"type": "Point", "coordinates": [3.42082, 41.556099]}, "properties": {"var_data": [-0.006, -0.096, 0.01, 0.026, 0.631, 0.0, 1, 1, 1, 1, 1]}}, {"type": "Feature", "geometry": {"type": "Point", "coordinates": [3.45616, 41.556099]}, "properties": {"var_data": [0.003, -0.094, 0.017, 0.028, 0.633, 0.0, 1, 1, 1, 1, 1]}}, {"type": "Feature", "geometry": {"type": "Point", "coordinates": [3.4915, 41.556099]}, "properties": {"var_data": [-0.018, -0.176, 0.018, 0.033, 0.861, 0.0, 1, 1, 1, 1, 1]}}, {"type": "Feature", "geometry": {"type": "Point", "coordinates": [3.52684, 41.556099]}, "properties": {"var_data": [0.008, -0.17, 0.016, 0.033, 0.864, 0.0, 1, 1, 1, 1, 1]}}, {"type": "Feature", "geometry": {"type": "Point", "coordinates": [3.17344, 41.583099]}, "properties": {"var_data": [0.042, -0.173, 0.014, 0.021, 0.611, 0.0, 1, 1, 1, 1, 1]}}, {"type": "Feature", "geometry": {"type": "Point", "coordinates": [3.20878, 41.583099]}, "properties": {"var_data": [0.017, -0.153, 0.012, 0.018, 0.505, 0.0, 1, 1, 1, 1, 1]}}, {"type": "Feature", "geometry": {"type": "Point", "coordinates": [3.24412, 41.583099]}, "properties": {"var_data": [-0.022, -0.158, 0.01, 0.015, 0.403, 0.0, 1, 1, 1, 1, 1]}}, {"type": "Feature", "geometry": {"type": "Point", "coordinates": [3.27946, 41.583099]}, "properties": {"var_data": [-0.065, -0.169, 0.011, 0.017, 0.425, 0.0, 1, 1, 1, 1, 1]}}, {"type": "Feature", "geometry": {"type": "Point", "coordinates": [3.3148, 41.583099]}, "properties": {"var_data": [-0.073, -0.169, 0.008, 0.017, 0.43, 0.0, 1, 1, 1, 1, 1]}}, {"type": "Feature", "geometry": {"type": "Point", "coordinates": [3.35014, 41.583099]}, "properties": {"var_data": [-0.054, -0.127, 0.007, 0.018, 0.4, 0.0, 1, 1, 1, 1, 1]}}, {"type": "Feature", "geometry": {"type": "Point", "coordinates": [3.38548, 41.583099]}, "properties": {"var_data": [-0.017, -0.087, 0.009, 0.025, 0.48, 0.0, 1, 1, 1, 1, 1]}}, {"type": "Feature", "geometry": {"type": "Point", "coordinates": [3.42082, 41.583099]}, "properties": {"var_data": [-0.009, -0.106, 0.009, 0.022, 0.453, 0.0, 1, 1, 1, 1, 1]}}, {"type": "Feature", "geometry": {"type": "Point", "coordinates": [3.45616, 41.583099]}, "properties": {"var_data": [-0.034, -0.173, 0.011, 0.03, 0.645, 0.0, 1, 1, 1, 1, 1]}}, {"type": "Feature", "geometry": {"type": "Point", "coordinates": [3.4915, 41.583099]}, "properties": {"var_data": [-0.023, -0.172, 0.014, 0.03, 0.632, 0.0, 1, 1, 1, 1, 1]}}, {"type": "Feature", "geometry": {"type": "Point", "coordinates": [3.52684, 41.583099]}, "properties": {"var_data": [0.002, -0.167, 0.014, 0.032, 0.826, 0.0, 1, 1, 1, 1, 1]}}, {"type": "Feature", "geometry": {"type": "Point", "coordinates": [3.59752, 41.583099]}, "properties": {"var_data": [0.094, 0.078, 0.021, 0.079, 0.918, 0.002, 1, 1, 1, 1, 1]}}, {"type": "Feature", "geometry": {"type": "Point", "coordinates": [3.63286, 41.583099]}, "properties": {"var_data": [0.115, 0.044, 0.016, 0.059, 0.7, 0.001, 1, 1, 1, 1, 1]}}, {"type": "Feature", "geometry": {"type": "Point", "coordinates": [3.6682, 41.583099]}, "properties": {"var_data": [0.148, 0.096, 0.021, 0.08, 0.932, 0.002, 1, 1, 1, 1, 1]}}, {"type": "Feature", "geometry": {"type": "Point", "coordinates": [3.10276, 41.6101]}, "properties": {"var_data": [-0.022, -0.22, 0.01, 0.01, 0.635, 0.0, 1, 1, 1, 1, 1]}}, {"type": "Feature", "geometry": {"type": "Point", "coordinates": [3.1381, 41.6101]}, "properties": {"var_data": [-0.021, -0.209, 0.01, 0.01, 0.633, 0.0, 1, 1, 1, 1, 1]}}, {"type": "Feature", "geometry": {"type": "Point", "coordinates": [3.17344, 41.6101]}, "properties": {"var_data": [-0.019, -0.169, 0.008, 0.009, 0.431, 0.0, 1, 1, 1, 1, 1]}}, {"type": "Feature", "geometry": {"type": "Point", "coordinates": [3.20878, 41.6101]}, "properties": {"var_data": [-0.027, -0.167, 0.011, 0.016, 0.445, 0.0, 1, 1, 1, 1, 1]}}, {"type": "Feature", "geometry": {"type": "Point", "coordinates": [3.24412, 41.6101]}, "properties": {"var_data": [-0.053, -0.168, 0.009, 0.012, 0.343, 0.0, 1, 1, 1, 1, 1]}}, {"type": "Feature", "geometry": {"type": "Point", "coordinates": [3.27946, 41.6101]}, "properties": {"var_data": [-0.091, -0.155, 0.01, 0.012, 0.36, 0.0, 1, 1, 1, 1, 1]}}, {"type": "Feature", "geometry": {"type": "Point", "coordinates": [3.3148, 41.6101]}, "properties": {"var_data": [-0.09, -0.154, 0.007, 0.014, 0.354, 0.0, 1, 1, 1, 1, 1]}}, {"type": "Feature", "geometry": {"type": "Point", "coordinates": [3.35014, 41.6101]}, "properties": {"var_data": [-0.074, -0.151, 0.006, 0.016, 0.36, 0.0, 1, 1, 1, 1, 1]}}, {"type": "Feature", "geometry": {"type": "Point", "coordinates": [3.38548, 41.6101]}, "properties": {"var_data": [-0.03, -0.112, 0.008, 0.024, 0.402, 0.0, 1, 1, 1, 1, 1]}}, {"type": "Feature", "geometry": {"type": "Point", "coordinates": [3.42082, 41.6101]}, "properties": {"var_data": [-0.032, -0.147, 0.007, 0.02, 0.389, 0.0, 1, 1, 1, 1, 1]}}, {"type": "Feature", "geometry": {"type": "Point", "coordinates": [3.45616, 41.6101]}, "properties": {"var_data": [-0.03, -0.166, 0.009, 0.026, 0.493, 0.0, 1, 1, 1, 1, 1]}}, {"type": "Feature", "geometry": {"type": "Point", "coordinates": [3.4915, 41.6101]}, "properties": {"var_data": [-0.016, -0.163, 0.012, 0.017, 0.517, 0.0, 1, 1, 1, 1, 1]}}, {"type": "Feature", "geometry": {"type": "Point", "coordinates": [3.52684, 41.6101]}, "properties": {"var_data": [0.004, -0.161, 0.013, 0.017, 0.523, 0.0, 1, 1, 1, 1, 1]}}, {"type": "Feature", "geometry": {"type": "Point", "coordinates": [3.56218, 41.6101]}, "properties": {"var_data": [0.025, -0.147, 0.01, 0.019, 0.646, 0.0, 1, 1, 1, 1, 1]}}, {"type": "Feature", "geometry": {"type": "Point", "coordinates": [3.59752, 41.6101]}, "properties": {"var_data": [0.067, -0.026, 0.006, 0.008, 0.493, 0.0, 1, 1, 1, 1, 1]}}, {"type": "Feature", "geometry": {"type": "Point", "coordinates": [3.63286, 41.6101]}, "properties": {"var_data": [0.085, 0.024, 0.005, 0.009, 0.526, 0.0, 1, 1, 1, 1, 1]}}, {"type": "Feature", "geometry": {"type": "Point", "coordinates": [3.6682, 41.6101]}, "properties": {"var_data": [0.103, 0.06, 0.008, 0.029, 0.612, 0.0, 1, 1, 1, 1, 1]}}, {"type": "Feature", "geometry": {"type": "Point", "coordinates": [3.70354, 41.6101]}, "properties": {"var_data": [0.116, 0.081, 0.011, 0.073, 0.897, 0.001, 1, 1, 1, 1, 1]}}, {"type": "Feature", "geometry": {"type": "Point", "coordinates": [3.06742, 41.6371]}, "properties": {"var_data": [-0.016, -0.18, 0.009, 0.01, 0.727, 0.0, 1, 1, 1, 1, 1]}}, {"type": "Feature", "geometry": {"type": "Point", "coordinates": [3.10276, 41.6371]}, "properties": {"var_data": [-0.037, -0.199, 0.011, 0.01, 0.66, 0.0, 1, 1, 1, 1, 1]}}, {"type": "Feature", "geometry": {"type": "Point", "coordinates": [3.1381, 41.6371]}, "properties": {"var_data": [-0.041, -0.174, 0.012, 0.01, 0.558, 0.0, 1, 1, 1, 1, 1]}}, {"type": "Feature", "geometry": {"type": "Point", "coordinates": [3.17344, 41.6371]}, "properties": {"var_data": [-0.04, -0.177, 0.008, 0.009, 0.422, 0.0, 1, 1, 1, 1, 1]}}, {"type": "Feature", "geometry": {"type": "Point", "coordinates": [3.20878, 41.6371]}, "properties": {"var_data": [-0.063, -0.179, 0.008, 0.009, 0.383, 0.0, 1, 1, 1, 1, 1]}}, {"type": "Feature", "geometry": {"type": "Point", "coordinates": [3.24412, 41.6371]}, "properties": {"var_data": [-0.087, -0.174, 0.007, 0.011, 0.325, 0.0, 1, 1, 1, 1, 1]}}, {"type": "Feature", "geometry": {"type": "Point", "coordinates": [3.27946, 41.6371]}, "properties": {"var_data": [-0.129, -0.177, 0.008, 0.011, 0.332, 0.0, 1, 1, 1, 1, 1]}}, {"type": "Feature", "geometry": {"type": "Point", "coordinates": [3.3148, 41.6371]}, "properties": {"var_data": [-0.124, -0.168, 0.007, 0.014, 0.337, 0.0, 1, 1, 1, 1, 1]}}, {"type": "Feature", "geometry": {"type": "Point", "coordinates": [3.35014, 41.6371]}, "properties": {"var_data": [-0.087, -0.14, 0.006, 0.014, 0.352, 0.0, 1, 1, 1, 1, 1]}}, {"type": "Feature", "geometry": {"type": "Point", "coordinates": [3.38548, 41.6371]}, "properties": {"var_data": [-0.043, -0.136, 0.008, 0.024, 0.388, 0.0, 1, 1, 1, 1, 1]}}, {"type": "Feature", "geometry": {"type": "Point", "coordinates": [3.42082, 41.6371]}, "properties": {"var_data": [-0.029, -0.143, 0.007, 0.023, 0.381, 0.0, 1, 1, 1, 1, 1]}}, {"type": "Feature", "geometry": {"type": "Point", "coordinates": [3.45616, 41.6371]}, "properties": {"var_data": [-0.033, -0.167, 0.009, 0.025, 0.461, 0.0, 1, 1, 1, 1, 1]}}, {"type": "Feature", "geometry": {"type": "Point", "coordinates": [3.4915, 41.6371]}, "properties": {"var_data": [-0.015, -0.156, 0.011, 0.017, 0.429, 0.0, 1, 1, 1, 1, 1]}}, {"type": "Feature", "geometry": {"type": "Point", "coordinates": [3.52684, 41.6371]}, "properties": {"var_data": [0.006, -0.14, 0.011, 0.018, 0.485, 0.0, 1, 1, 1, 1, 1]}}, {"type": "Feature", "geometry": {"type": "Point", "coordinates": [3.56218, 41.6371]}, "properties": {"var_data": [0.027, -0.078, 0.008, 0.008, 0.483, 0.0, 1, 1, 1, 1, 1]}}, {"type": "Feature", "geometry": {"type": "Point", "coordinates": [3.59752, 41.6371]}, "properties": {"var_data": [0.059, -0.039, 0.006, 0.008, 0.47, 0.0, 1, 1, 1, 1, 1]}}, {"type": "Feature", "geometry": {"type": "Point", "coordinates": [3.63286, 41.6371]}, "properties": {"var_data": [0.076, 0.021, 0.006, 0.009, 0.536, 0.0, 1, 1, 1, 1, 1]}}, {"type": "Feature", "geometry": {"type": "Point", "coordinates": [3.6682, 41.6371]}, "properties": {"var_data": [0.092, 0.026, 0.006, 0.009, 0.546, 0.0, 1, 1, 1, 1, 1]}}, {"type": "Feature", "geometry": {"type": "Point", "coordinates": [3.70354, 41.6371]}, "properties": {"var_data": [0.103, 0.037, 0.009, 0.058, 0.704, 0.0, 1, 1, 1, 1, 1]}}, {"type": "Feature", "geometry": {"type": "Point", "coordinates": [3.10276, 41.664101]}, "properties": {"var_data": [-0.086, -0.175, 0.012, 0.01, 0.699, 0.0, 1, 1, 1, 1, 1]}}, {"type": "Feature", "geometry": {"type": "Point", "coordinates": [3.1381, 41.664101]}, "properties": {"var_data": [-0.054, -0.196, 0.014, 0.01, 0.52, 0.0, 1, 1, 1, 1, 1]}}, {"type": "Feature", "geometry": {"type": "Point", "coordinates": [3.17344, 41.664101]}, "properties": {"var_data": [-0.045, -0.207, 0.012, 0.009, 0.406, 0.0, 1, 1, 1, 1, 1]}}, {"type": "Feature", "geometry": {"type": "Point", "coordinates": [3.20878, 41.664101]}, "properties": {"var_data": [-0.07, -0.216, 0.008, 0.015, 0.367, 0.0, 1, 1, 1, 1, 1]}}, {"type": "Feature", "geometry": {"type": "Point", "coordinates": [3.24412, 41.664101]}, "properties": {"var_data": [-0.097, -0.201, 0.007, 0.012, 0.322, 0.0, 1, 1, 1, 1, 1]}}, {"type": "Feature", "geometry": {"type": "Point", "coordinates": [3.27946, 41.664101]}, "properties": {"var_data": [-0.137, -0.197, 0.008, 0.013, 0.332, 0.0, 1, 1, 1, 1, 1]}}, {"type": "Feature", "geometry": {"type": "Point", "coordinates": [3.3148, 41.664101]}, "properties": {"var_data": [-0.137, -0.167, 0.009, 0.014, 0.342, 0.0, 1, 1, 1, 1, 1]}}, {"type": "Feature", "geometry": {"type": "Point", "coordinates": [3.35014, 41.664101]}, "properties": {"var_data": [-0.108, -0.16, 0.006, 0.014, 0.346, 0.0, 1, 1, 1, 1, 1]}}, {"type": "Feature", "geometry": {"type": "Point", "coordinates": [3.38548, 41.664101]}, "properties": {"var_data": [-0.046, -0.148, 0.008, 0.024, 0.408, 0.0, 1, 1, 1, 1, 1]}}, {"type": "Feature", "geometry": {"type": "Point", "coordinates": [3.42082, 41.664101]}, "properties": {"var_data": [-0.027, -0.152, 0.01, 0.014, 0.379, 0.0, 1, 1, 1, 1, 1]}}, {"type": "Feature", "geometry": {"type": "Point", "coordinates": [3.45616, 41.664101]}, "properties": {"var_data": [-0.025, -0.156, 0.009, 0.015, 0.408, 0.0, 1, 1, 1, 1, 1]}}, {"type": "Feature", "geometry": {"type": "Point", "coordinates": [3.4915, 41.664101]}, "properties": {"var_data": [-0.015, -0.144, 0.01, 0.016, 0.388, 0.0, 1, 1, 1, 1, 1]}}, {"type": "Feature", "geometry": {"type": "Point", "coordinates": [3.52684, 41.664101]}, "properties": {"var_data": [-0.011, -0.13, 0.01, 0.018, 0.473, 0.0, 1, 1, 1, 1, 1]}}, {"type": "Feature", "geometry": {"type": "Point", "coordinates": [3.56218, 41.664101]}, "properties": {"var_data": [0.019, -0.071, 0.007, 0.008, 0.412, 0.0, 1, 1, 1, 1, 1]}}, {"type": "Feature", "geometry": {"type": "Point", "coordinates": [3.59752, 41.664101]}, "properties": {"var_data": [0.047, -0.04, 0.007, 0.008, 0.431, 0.0, 1, 1, 1, 1, 1]}}, {"type": "Feature", "geometry": {"type": "Point", "coordinates": [3.63286, 41.664101]}, "properties": {"var_data": [0.045, 0.005, 0.007, 0.008, 0.528, 0.0, 1, 1, 1, 1, 1]}}, {"type": "Feature", "geometry": {"type": "Point", "coordinates": [3.6682, 41.664101]}, "properties": {"var_data": [0.06, -0.012, 0.007, 0.008, 0.532, 0.0, 1, 1, 1, 1, 1]}}, {"type": "Feature", "geometry": {"type": "Point", "coordinates": [3.70354, 41.664101]}, "properties": {"var_data": [0.045, -0.106, 0.008, 0.061, 0.931, 0.0, 1, 1, 1, 1, 1]}}, {"type": "Feature", "geometry": {"type": "Point", "coordinates": [3.73888, 41.664101]}, "properties": {"var_data": [0.061, -0.096, 0.014, 0.119, 1.068, 0.002, 1, 1, 1, 1, 1]}}, {"type": "Feature", "geometry": {"type": "Point", "coordinates": [3.77422, 41.664101]}, "properties": {"var_data": [0.052, -0.101, 0.015, 0.119, 1.035, 0.002, 1, 1, 1, 1, 1]}}, {"type": "Feature", "geometry": {"type": "Point", "coordinates": [3.80956, 41.664101]}, "properties": {"var_data": [0.023, -0.116, 0.013, 0.112, 0.976, 0.001, 1, 1, 1, 1, 1]}}, {"type": "Feature", "geometry": {"type": "Point", "coordinates": [3.10276, 41.691101]}, "properties": {"var_data": [-0.018, -0.218, 0.009, 0.017, 0.598, 0.0, 1, 1, 1, 1, 1]}}, {"type": "Feature", "geometry": {"type": "Point", "coordinates": [3.1381, 41.691101]}, "properties": {"var_data": [-0.011, -0.199, 0.009, 0.01, 0.48, -0.0, 1, 1, 1, 1, 1]}}, {"type": "Feature", "geometry": {"type": "Point", "coordinates": [3.17344, 41.691101]}, "properties": {"var_data": [-0.036, -0.235, 0.016, 0.012, 0.402, -0.0, 1, 1, 1, 1, 1]}}, {"type": "Feature", "geometry": {"type": "Point", "coordinates": [3.20878, 41.691101]}, "properties": {"var_data": [-0.064, -0.214, 0.008, 0.011, 0.351, 0.0, 1, 1, 1, 1, 1]}}, {"type": "Feature", "geometry": {"type": "Point", "coordinates": [3.24412, 41.691101]}, "properties": {"var_data": [-0.102, -0.211, 0.007, 0.012, 0.303, 0.0, 1, 1, 1, 1, 1]}}, {"type": "Feature", "geometry": {"type": "Point", "coordinates": [3.27946, 41.691101]}, "properties": {"var_data": [-0.153, -0.214, 0.007, 0.011, 0.303, 0.0, 1, 1, 1, 1, 1]}}, {"type": "Feature", "geometry": {"type": "Point", "coordinates": [3.3148, 41.691101]}, "properties": {"var_data": [-0.158, -0.179, 0.008, 0.014, 0.32, 0.0, 1, 1, 1, 1, 1]}}, {"type": "Feature", "geometry": {"type": "Point", "coordinates": [3.35014, 41.691101]}, "properties": {"var_data": [-0.118, -0.182, 0.011, 0.014, 0.34, 0.0, 1, 1, 1, 1, 1]}}, {"type": "Feature", "geometry": {"type": "Point", "coordinates": [3.38548, 41.691101]}, "properties": {"var_data": [-0.07, -0.167, 0.01, 0.012, 0.375, 0.0, 1, 1, 1, 1, 1]}}, {"type": "Feature", "geometry": {"type": "Point", "coordinates": [3.42082, 41.691101]}, "properties": {"var_data": [-0.016, -0.16, 0.01, 0.012, 0.376, 0.0, 1, 1, 1, 1, 1]}}, {"type": "Feature", "geometry": {"type": "Point", "coordinates": [3.45616, 41.691101]}, "properties": {"var_data": [-0.027, -0.136, 0.009, 0.013, 0.388, 0.0, 1, 1, 1, 1, 1]}}, {"type": "Feature", "geometry": {"type": "Point", "coordinates": [3.4915, 41.691101]}, "properties": {"var_data": [-0.029, -0.132, 0.012, 0.014, 0.423, 0.0, 1, 1, 1, 1, 1]}}, {"type": "Feature", "geometry": {"type": "Point", "coordinates": [3.52684, 41.691101]}, "properties": {"var_data": [-0.009, -0.092, 0.013, 0.017, 0.464, 0.0, 1, 1, 1, 1, 1]}}, {"type": "Feature", "geometry": {"type": "Point", "coordinates": [3.56218, 41.691101]}, "properties": {"var_data": [0.008, -0.077, 0.008, 0.008, 0.47, 0.0, 1, 1, 1, 1, 1]}}, {"type": "Feature", "geometry": {"type": "Point", "coordinates": [3.59752, 41.691101]}, "properties": {"var_data": [0.045, -0.001, 0.008, 0.008, 0.525, 0.0, 1, 1, 1, 1, 1]}}, {"type": "Feature", "geometry": {"type": "Point", "coordinates": [3.63286, 41.691101]}, "properties": {"var_data": [0.046, -0.019, 0.007, 0.008, 0.508, 0.0, 1, 1, 1, 1, 1]}}, {"type": "Feature", "geometry": {"type": "Point", "coordinates": [3.6682, 41.691101]}, "properties": {"var_data": [0.041, -0.078, 0.007, 0.009, 0.623, 0.0, 1, 1, 1, 1, 1]}}, {"type": "Feature", "geometry": {"type": "Point", "coordinates": [3.70354, 41.691101]}, "properties": {"var_data": [0.047, -0.105, 0.011, 0.055, 0.796, 0.0, 1, 1, 1, 1, 1]}}, {"type": "Feature", "geometry": {"type": "Point", "coordinates": [3.73888, 41.691101]}, "properties": {"var_data": [0.06, -0.111, 0.007, 0.038, 0.769, 0.0, 1, 1, 1, 1, 1]}}, {"type": "Feature", "geometry": {"type": "Point", "coordinates": [3.77422, 41.691101]}, "properties": {"var_data": [0.065, -0.116, 0.008, 0.047, 0.86, 0.0, 1, 1, 1, 1, 1]}}, {"type": "Feature", "geometry": {"type": "Point", "coordinates": [3.80956, 41.691101]}, "properties": {"var_data": [0.041, -0.109, 0.021, 0.118, 0.999, 0.001, 1, 1, 1, 1, 1]}}, {"type": "Feature", "geometry": {"type": "Point", "coordinates": [3.8449, 41.691101]}, "properties": {"var_data": [0.023, -0.112, 0.017, 0.115, 0.961, 0.001, 1, 1, 1, 1, 1]}}, {"type": "Feature", "geometry": {"type": "Point", "coordinates": [3.10276, 41.718102]}, "properties": {"var_data": [0.035, -0.196, 0.006, 0.016, 0.514, -0.0, 1, 1, 1, 1, 1]}}, {"type": "Feature", "geometry": {"type": "Point", "coordinates": [3.1381, 41.718102]}, "properties": {"var_data": [0.025, -0.185, 0.008, 0.017, 0.461, -0.0, 1, 1, 1, 1, 1]}}, {"type": "Feature", "geometry": {"type": "Point", "coordinates": [3.17344, 41.718102]}, "properties": {"var_data": [-0.001, -0.202, 0.007, 0.012, 0.335, -0.0, 1, 1, 1, 1, 1]}}, {"type": "Feature", "geometry": {"type": "Point", "coordinates": [3.20878, 41.718102]}, "properties": {"var_data": [-0.059, -0.196, 0.009, 0.01, 0.326, -0.0, 1, 1, 1, 1, 1]}}, {"type": "Feature", "geometry": {"type": "Point", "coordinates": [3.24412, 41.718102]}, "properties": {"var_data": [-0.096, -0.197, 0.007, 0.011, 0.299, 0.0, 1, 1, 1, 1, 1]}}, {"type": "Feature", "geometry": {"type": "Point", "coordinates": [3.27946, 41.718102]}, "properties": {"var_data": [-0.135, -0.201, 0.008, 0.013, 0.299, 0.0, 1, 1, 1, 1, 1]}}, {"type": "Feature", "geometry": {"type": "Point", "coordinates": [3.3148, 41.718102]}, "properties": {"var_data": [-0.156, -0.199, 0.008, 0.016, 0.317, 0.0, 1, 1, 1, 1, 1]}}, {"type": "Feature", "geometry": {"type": "Point", "coordinates": [3.35014, 41.718102]}, "properties": {"var_data": [-0.147, -0.193, 0.013, 0.016, 0.354, 0.0, 1, 1, 1, 1, 1]}}, {"type": "Feature", "geometry": {"type": "Point", "coordinates": [3.38548, 41.718102]}, "properties": {"var_data": [-0.078, -0.189, 0.012, 0.011, 0.394, 0.0, 1, 1, 1, 1, 1]}}, {"type": "Feature", "geometry": {"type": "Point", "coordinates": [3.42082, 41.718102]}, "properties": {"var_data": [-0.023, -0.173, 0.009, 0.012, 0.393, 0.0, 1, 1, 1, 1, 1]}}, {"type": "Feature", "geometry": {"type": "Point", "coordinates": [3.45616, 41.718102]}, "properties": {"var_data": [-0.024, -0.159, 0.01, 0.012, 0.386, 0.0, 1, 1, 1, 1, 1]}}, {"type": "Feature", "geometry": {"type": "Point", "coordinates": [3.4915, 41.718102]}, "properties": {"var_data": [-0.019, -0.154, 0.011, 0.011, 0.396, 0.0, 1, 1, 1, 1, 1]}}, {"type": "Feature", "geometry": {"type": "Point", "coordinates": [3.52684, 41.718102]}, "properties": {"var_data": [-0.025, -0.074, 0.015, 0.018, 0.493, 0.0, 1, 1, 1, 1, 1]}}, {"type": "Feature", "geometry": {"type": "Point", "coordinates": [3.56218, 41.718102]}, "properties": {"var_data": [-0.021, -0.058, 0.018, 0.019, 0.577, 0.0, 1, 1, 1, 1, 1]}}, {"type": "Feature", "geometry": {"type": "Point", "coordinates": [3.59752, 41.718102]}, "properties": {"var_data": [0.015, -0.013, 0.017, 0.021, 0.697, 0.0, 1, 1, 1, 1, 1]}}, {"type": "Feature", "geometry": {"type": "Point", "coordinates": [3.63286, 41.718102]}, "properties": {"var_data": [0.037, -0.026, 0.009, 0.021, 0.621, 0.0, 1, 1, 1, 1, 1]}}, {"type": "Feature", "geometry": {"type": "Point", "coordinates": [3.6682, 41.718102]}, "properties": {"var_data": [0.033, -0.108, 0.009, 0.057, 0.962, -0.0, 1, 1, 1, 1, 1]}}, {"type": "Feature", "geometry": {"type": "Point", "coordinates": [3.70354, 41.718102]}, "properties": {"var_data": [0.039, -0.129, 0.009, 0.037, 0.864, -0.0, 1, 1, 1, 1, 1]}}, {"type": "Feature", "geometry": {"type": "Point", "coordinates": [3.73888, 41.718102]}, "properties": {"var_data": [0.053, -0.115, 0.023, 0.039, 0.946, 0.0, 1, 1, 1, 1, 1]}}, {"type": "Feature", "geometry": {"type": "Point", "coordinates": [3.77422, 41.718102]}, "properties": {"var_data": [0.063, -0.117, 0.028, 0.048, 1.025, 0.001, 1, 1, 1, 1, 1]}}, {"type": "Feature", "geometry": {"type": "Point", "coordinates": [3.80956, 41.718102]}, "properties": {"var_data": [0.063, -0.114, 0.021, 0.047, 0.785, 0.0, 1, 1, 1, 1, 1]}}, {"type": "Feature", "geometry": {"type": "Point", "coordinates": [3.88024, 41.718102]}, "properties": {"var_data": [0.044, -0.034, 0.01, 0.022, 1.022, 0.0, 1, 1, 1, 1, 1]}}, {"type": "Feature", "geometry": {"type": "Point", "coordinates": [3.91558, 41.718102]}, "properties": {"var_data": [0.027, -0.057, 0.01, 0.022, 1.023, 0.0, 1, 1, 1, 1, 1]}}, {"type": "Feature", "geometry": {"type": "Point", "coordinates": [3.95092, 41.718102]}, "properties": {"var_data": [0.043, -0.042, 0.009, 0.022, 1.071, 0.0, 1, 1, 1, 1, 1]}}, {"type": "Feature", "geometry": {"type": "Point", "coordinates": [3.98626, 41.718102]}, "properties": {"var_data": [0.044, -0.039, 0.01, 0.022, 1.145, 0.0, 1, 1, 1, 1, 1]}}, {"type": "Feature", "geometry": {"type": "Point", "coordinates": [3.10276, 41.745098]}, "properties": {"var_data": [0.1, -0.205, 0.008, 0.018, 0.55, -0.0, 1, 1, 1, 1, 1]}}, {"type": "Feature", "geometry": {"type": "Point", "coordinates": [3.1381, 41.745098]}, "properties": {"var_data": [0.065, -0.178, 0.007, 0.015, 0.443, -0.0, 1, 1, 1, 1, 1]}}, {"type": "Feature", "geometry": {"type": "Point", "coordinates": [3.17344, 41.745098]}, "properties": {"var_data": [0.008, -0.171, 0.005, 0.01, 0.327, -0.0, 1, 1, 1, 1, 1]}}, {"type": "Feature", "geometry": {"type": "Point", "coordinates": [3.20878, 41.745098]}, "properties": {"var_data": [-0.035, -0.164, 0.004, 0.009, 0.297, -0.0, 1, 1, 1, 1, 1]}}, {"type": "Feature", "geometry": {"type": "Point", "coordinates": [3.24412, 41.745098]}, "properties": {"var_data": [-0.073, -0.172, 0.005, 0.011, 0.299, -0.0, 1, 1, 1, 1, 1]}}, {"type": "Feature", "geometry": {"type": "Point", "coordinates": [3.27946, 41.745098]}, "properties": {"var_data": [-0.106, -0.169, 0.008, 0.011, 0.298, -0.0, 1, 1, 1, 1, 1]}}, {"type": "Feature", "geometry": {"type": "Point", "coordinates": [3.3148, 41.745098]}, "properties": {"var_data": [-0.123, -0.199, 0.011, 0.015, 0.302, -0.0, 1, 1, 1, 1, 1]}}, {"type": "Feature", "geometry": {"type": "Point", "coordinates": [3.35014, 41.745098]}, "properties": {"var_data": [-0.154, -0.185, 0.012, 0.016, 0.354, -0.0, 1, 1, 1, 1, 1]}}, {"type": "Feature", "geometry": {"type": "Point", "coordinates": [3.38548, 41.745098]}, "properties": {"var_data": [-0.074, -0.201, 0.012, 0.01, 0.388, 0.0, 1, 1, 1, 1, 1]}}, {"type": "Feature", "geometry": {"type": "Point", "coordinates": [3.42082, 41.745098]}, "properties": {"var_data": [-0.032, -0.2, 0.012, 0.01, 0.464, 0.0, 1, 1, 1, 1, 1]}}, {"type": "Feature", "geometry": {"type": "Point", "coordinates": [3.45616, 41.745098]}, "properties": {"var_data": [-0.016, -0.188, 0.013, 0.01, 0.439, 0.0, 1, 1, 1, 1, 1]}}, {"type": "Feature", "geometry": {"type": "Point", "coordinates": [3.4915, 41.745098]}, "properties": {"var_data": [0.008, -0.168, 0.012, 0.011, 0.428, 0.0, 1, 1, 1, 1, 1]}}, {"type": "Feature", "geometry": {"type": "Point", "coordinates": [3.52684, 41.745098]}, "properties": {"var_data": [0.009, -0.101, 0.013, 0.013, 0.475, 0.0, 1, 1, 1, 1, 1]}}, {"type": "Feature", "geometry": {"type": "Point", "coordinates": [3.56218, 41.745098]}, "properties": {"var_data": [-0.021, -0.074, 0.018, 0.014, 0.579, 0.0, 1, 1, 1, 1, 1]}}, {"type": "Feature", "geometry": {"type": "Point", "coordinates": [3.59752, 41.745098]}, "properties": {"var_data": [0.036, -0.031, 0.01, 0.013, 0.674, 0.0, 1, 1, 1, 1, 1]}}, {"type": "Feature", "geometry": {"type": "Point", "coordinates": [3.63286, 41.745098]}, "properties": {"var_data": [0.034, -0.022, 0.009, 0.016, 0.684, 0.0, 1, 1, 1, 1, 1]}}, {"type": "Feature", "geometry": {"type": "Point", "coordinates": [3.6682, 41.745098]}, "properties": {"var_data": [0.038, -0.106, 0.009, 0.057, 1.011, -0.0, 1, 1, 1, 1, 1]}}, {"type": "Feature", "geometry": {"type": "Point", "coordinates": [3.70354, 41.745098]}, "properties": {"var_data": [0.039, -0.129, 0.009, 0.037, 0.864, -0.0, 1, 1, 1, 1, 1]}}, {"type": "Feature", "geometry": {"type": "Point", "coordinates": [3.73888, 41.745098]}, "properties": {"var_data": [0.052, -0.124, 0.033, 0.049, 1.321, 0.001, 1, 1, 1, 1, 1]}}, {"type": "Feature", "geometry": {"type": "Point", "coordinates": [3.77422, 41.745098]}, "properties": {"var_data": [0.104, -0.025, 0.031, 0.046, 0.954, 0.001, 1, 1, 1, 1, 1]}}, {"type": "Feature", "geometry": {"type": "Point", "coordinates": [3.80956, 41.745098]}, "properties": {"var_data": [0.06, -0.054, 0.027, 0.044, 0.756, 0.0, 1, 1, 1, 1, 1]}}, {"type": "Feature", "geometry": {"type": "Point", "coordinates": [3.88024, 41.745098]}, "properties": {"var_data": [0.042, -0.038, 0.023, 0.028, 1.032, 0.0, 1, 1, 1, 1, 1]}}, {"type": "Feature", "geometry": {"type": "Point", "coordinates": [3.91558, 41.745098]}, "properties": {"var_data": [0.03, -0.054, 0.009, 0.022, 1.022, 0.0, 1, 1, 1, 1, 1]}}, {"type": "Feature", "geometry": {"type": "Point", "coordinates": [3.95092, 41.745098]}, "properties": {"var_data": [0.042, -0.041, 0.009, 0.022, 1.057, 0.0, 1, 1, 1, 1, 1]}}, {"type": "Feature", "geometry": {"type": "Point", "coordinates": [3.98626, 41.745098]}, "properties": {"var_data": [0.045, -0.004, 0.019, 0.025, 1.015, 0.0, 1, 1, 1, 1, 1]}}, {"type": "Feature", "geometry": {"type": "Point", "coordinates": [4.0216, 41.745098]}, "properties": {"var_data": [0.042, 0.037, 0.021, 0.056, 1.654, 0.0, 4, 1, 1, 4, 1]}}, {"type": "Feature", "geometry": {"type": "Point", "coordinates": [3.1381, 41.772099]}, "properties": {"var_data": [0.044, -0.129, 0.006, 0.019, 0.522, -0.0, 1, 1, 1, 1, 1]}}, {"type": "Feature", "geometry": {"type": "Point", "coordinates": [3.17344, 41.772099]}, "properties": {"var_data": [0.016, -0.122, 0.005, 0.012, 0.358, -0.0, 1, 1, 1, 1, 1]}}, {"type": "Feature", "geometry": {"type": "Point", "coordinates": [3.20878, 41.772099]}, "properties": {"var_data": [-0.02, -0.132, 0.005, 0.011, 0.33, -0.0, 1, 1, 1, 1, 1]}}, {"type": "Feature", "geometry": {"type": "Point", "coordinates": [3.24412, 41.772099]}, "properties": {"var_data": [-0.054, -0.17, 0.005, 0.01, 0.28, -0.0, 1, 1, 1, 1, 1]}}, {"type": "Feature", "geometry": {"type": "Point", "coordinates": [3.27946, 41.772099]}, "properties": {"var_data": [-0.087, -0.171, 0.005, 0.011, 0.288, -0.0, 1, 1, 1, 1, 1]}}, {"type": "Feature", "geometry": {"type": "Point", "coordinates": [3.3148, 41.772099]}, "properties": {"var_data": [-0.102, -0.194, 0.012, 0.016, 0.31, -0.0, 1, 1, 1, 1, 1]}}, {"type": "Feature", "geometry": {"type": "Point", "coordinates": [3.35014, 41.772099]}, "properties": {"var_data": [-0.133, -0.194, 0.012, 0.013, 0.36, -0.0, 1, 1, 1, 1, 1]}}, {"type": "Feature", "geometry": {"type": "Point", "coordinates": [3.38548, 41.772099]}, "properties": {"var_data": [-0.079, -0.219, 0.012, 0.011, 0.422, 0.0, 1, 1, 1, 1, 1]}}, {"type": "Feature", "geometry": {"type": "Point", "coordinates": [3.42082, 41.772099]}, "properties": {"var_data": [-0.011, -0.233, 0.015, 0.011, 0.607, 0.0, 1, 1, 1, 1, 1]}}, {"type": "Feature", "geometry": {"type": "Point", "coordinates": [3.45616, 41.772099]}, "properties": {"var_data": [0.059, -0.224, 0.02, 0.011, 0.547, 0.0, 1, 1, 1, 1, 1]}}, {"type": "Feature", "geometry": {"type": "Point", "coordinates": [3.4915, 41.772099]}, "properties": {"var_data": [0.04, -0.172, 0.02, 0.011, 0.545, 0.0, 1, 1, 1, 1, 1]}}, {"type": "Feature", "geometry": {"type": "Point", "coordinates": [3.52684, 41.772099]}, "properties": {"var_data": [0.057, -0.101, 0.086, 0.032, 0.75, 0.003, 1, 1, 1, 1, 1]}}, {"type": "Feature", "geometry": {"type": "Point", "coordinates": [3.56218, 41.772099]}, "properties": {"var_data": [0.064, -0.062, 0.081, 0.033, 0.758, 0.002, 1, 1, 1, 1, 1]}}, {"type": "Feature", "geometry": {"type": "Point", "coordinates": [3.59752, 41.772099]}, "properties": {"var_data": [0.061, -0.037, 0.011, 0.013, 1.081, 0.0, 1, 1, 1, 1, 1]}}, {"type": "Feature", "geometry": {"type": "Point", "coordinates": [3.63286, 41.772099]}, "properties": {"var_data": [0.062, -0.032, 0.011, 0.014, 1.113, 0.0, 1, 1, 1, 1, 1]}}, {"type": "Feature", "geometry": {"type": "Point", "coordinates": [3.6682, 41.772099]}, "properties": {"var_data": [0.059, -0.061, 0.011, 0.026, 1.323, 0.0, 4, 1, 1, 4, 1]}}, {"type": "Feature", "geometry": {"type": "Point", "coordinates": [3.70354, 41.772099]}, "properties": {"var_data": [0.064, -0.14, 0.011, 0.047, 1.377, -0.0, 4, 1, 1, 4, 1]}}, {"type": "Feature", "geometry": {"type": "Point", "coordinates": [3.73888, 41.772099]}, "properties": {"var_data": [0.071, -0.023, 0.12, 0.084, 1.226, 0.009, 1, 1, 1, 1, 1]}}, {"type": "Feature", "geometry": {"type": "Point", "coordinates": [3.77422, 41.772099]}, "properties": {"var_data": [0.093, -0.011, 0.011, 0.041, 0.786, -0.0, 1, 1, 1, 1, 1]}}, {"type": "Feature", "geometry": {"type": "Point", "coordinates": [3.80956, 41.772099]}, "properties": {"var_data": [0.032, 0.068, 0.017, 0.094, 0.93, -0.001, 1, 1, 1, 1, 1]}}, {"type": "Feature", "geometry": {"type": "Point", "coordinates": [3.8449, 41.772099]}, "properties": {"var_data": [0.024, 0.059, 0.049, 0.105, 0.967, 0.001, 1, 1, 1, 1, 1]}}, {"type": "Feature", "geometry": {"type": "Point", "coordinates": [3.88024, 41.772099]}, "properties": {"var_data": [0.052, -0.032, 0.037, 0.037, 1.087, 0.001, 1, 1, 1, 1, 1]}}, {"type": "Feature", "geometry": {"type": "Point", "coordinates": [3.91558, 41.772099]}, "properties": {"var_data": [0.021, -0.059, 0.018, 0.025, 1.088, 0.0, 1, 1, 1, 1, 1]}}, {"type": "Feature", "geometry": {"type": "Point", "coordinates": [3.95092, 41.772099]}, "properties": {"var_data": [0.039, -0.02, 0.019, 0.024, 0.928, 0.0, 1, 1, 1, 1, 1]}}, {"type": "Feature", "geometry": {"type": "Point", "coordinates": [3.98626, 41.772099]}, "properties": {"var_data": [0.028, -0.03, 0.019, 0.024, 1.07, 0.0, 1, 1, 1, 1, 1]}}, {"type": "Feature", "geometry": {"type": "Point", "coordinates": [4.0216, 41.772099]}, "properties": {"var_data": [0.044, 0.001, 0.021, 0.045, 1.51, 0.0, 1, 1, 1, 1, 1]}}, {"type": "Feature", "geometry": {"type": "Point", "coordinates": [3.17344, 41.799099]}, "properties": {"var_data": [0.023, -0.137, 0.006, 0.014, 0.388, -0.0, 1, 1, 1, 1, 1]}}, {"type": "Feature", "geometry": {"type": "Point", "coordinates": [3.20878, 41.799099]}, "properties": {"var_data": [-0.003, -0.136, 0.005, 0.013, 0.352, -0.0, 1, 1, 1, 1, 1]}}, {"type": "Feature", "geometry": {"type": "Point", "coordinates": [3.24412, 41.799099]}, "properties": {"var_data": [-0.044, -0.171, 0.005, 0.011, 0.307, -0.0, 1, 1, 1, 1, 1]}}, {"type": "Feature", "geometry": {"type": "Point", "coordinates": [3.27946, 41.799099]}, "properties": {"var_data": [-0.055, -0.175, 0.008, 0.012, 0.307, -0.0, 1, 1, 1, 1, 1]}}, {"type": "Feature", "geometry": {"type": "Point", "coordinates": [3.3148, 41.799099]}, "properties": {"var_data": [-0.062, -0.196, 0.01, 0.012, 0.319, -0.0, 1, 1, 1, 1, 1]}}, {"type": "Feature", "geometry": {"type": "Point", "coordinates": [3.35014, 41.799099]}, "properties": {"var_data": [-0.076, -0.225, 0.015, 0.011, 0.397, -0.0, 1, 1, 1, 1, 1]}}, {"type": "Feature", "geometry": {"type": "Point", "coordinates": [3.38548, 41.799099]}, "properties": {"var_data": [-0.093, -0.239, 0.016, 0.01, 0.604, 0.0, 1, 1, 1, 1, 1]}}, {"type": "Feature", "geometry": {"type": "Point", "coordinates": [3.45616, 41.799099]}, "properties": {"var_data": [0.198, -0.211, 0.159, 0.039, 1.0, 0.006, 1, 1, 1, 1, 1]}}, {"type": "Feature", "geometry": {"type": "Point", "coordinates": [3.4915, 41.799099]}, "properties": {"var_data": [0.134, -0.159, 0.193, 0.059, 1.017, 0.011, 1, 1, 1, 1, 1]}}, {"type": "Feature", "geometry": {"type": "Point", "coordinates": [3.52684, 41.799099]}, "properties": {"var_data": [0.052, -0.155, 0.085, 0.03, 0.746, 0.002, 1, 1, 1, 1, 1]}}, {"type": "Feature", "geometry": {"type": "Point", "coordinates": [3.56218, 41.799099]}, "properties": {"var_data": [0.18, -0.01, 0.182, 0.074, 1.05, 0.013, 1, 1, 1, 1, 1]}}, {"type": "Feature", "geometry": {"type": "Point", "coordinates": [3.63286, 41.799099]}, "properties": {"var_data": [0.061, -0.068, 0.011, 0.013, 1.227, 0.0, 1, 1, 1, 1, 1]}}, {"type": "Feature", "geometry": {"type": "Point", "coordinates": [3.6682, 41.799099]}, "properties": {"var_data": [0.061, -0.068, 0.011, 0.013, 1.227, 0.0, 1, 1, 1, 1, 1]}}, {"type": "Feature", "geometry": {"type": "Point", "coordinates": [3.70354, 41.799099]}, "properties": {"var_data": [0.095, -0.056, 0.121, 0.073, 1.324, 0.009, 4, 1, 1, 4, 1]}}, {"type": "Feature", "geometry": {"type": "Point", "coordinates": [3.73888, 41.799099]}, "properties": {"var_data": [0.047, 0.083, 0.017, 0.095, 1.125, -0.001, 1, 1, 1, 1, 1]}}, {"type": "Feature", "geometry": {"type": "Point", "coordinates": [3.77422, 41.799099]}, "properties": {"var_data": [0.019, 0.063, 0.017, 0.095, 0.974, -0.001, 1, 1, 1, 1, 1]}}, {"type": "Feature", "geometry": {"type": "Point", "coordinates": [3.80956, 41.799099]}, "properties": {"var_data": [0.017, 0.052, 0.017, 0.094, 0.906, -0.001, 1, 1, 1, 1, 1]}}, {"type": "Feature", "geometry": {"type": "Point", "coordinates": [3.8449, 41.799099]}, "properties": {"var_data": [0.002, 0.039, 0.016, 0.094, 0.889, -0.001, 1, 1, 1, 1, 1]}}, {"type": "Feature", "geometry": {"type": "Point", "coordinates": [3.91558, 41.799099]}, "properties": {"var_data": [0.006, -0.084, 0.009, 0.016, 0.617, 0.0, 1, 1, 1, 1, 1]}}, {"type": "Feature", "geometry": {"type": "Point", "coordinates": [3.95092, 41.799099]}, "properties": {"var_data": [0.085, 0.014, 0.007, 0.015, 0.628, 0.0, 1, 1, 1, 1, 1]}}, {"type": "Feature", "geometry": {"type": "Point", "coordinates": [3.98626, 41.799099]}, "properties": {"var_data": [0.101, 0.056, 0.008, 0.025, 0.84, -0.0, 1, 1, 1, 1, 1]}}, {"type": "Feature", "geometry": {"type": "Point", "coordinates": [4.0216, 41.799099]}, "properties": {"var_data": [0.225, 0.184, 0.011, 0.038, 1.088, -0.0, 1, 1, 1, 1, 1]}}, {"type": "Feature", "geometry": {"type": "Point", "coordinates": [4.05694, 41.799099]}, "properties": {"var_data": [0.129, 0.087, 0.107, 0.115, 1.405, 0.011, 1, 1, 1, 1, 1]}}, {"type": "Feature", "geometry": {"type": "Point", "coordinates": [3.17344, 41.826099]}, "properties": {"var_data": [0.026, -0.151, 0.013, 0.023, 0.504, -0.0, 1, 1, 1, 1, 1]}}, {"type": "Feature", "geometry": {"type": "Point", "coordinates": [3.20878, 41.826099]}, "properties": {"var_data": [0.006, -0.142, 0.006, 0.011, 0.387, -0.0, 1, 1, 1, 1, 1]}}, {"type": "Feature", "geometry": {"type": "Point", "coordinates": [3.24412, 41.826099]}, "properties": {"var_data": [0.003, -0.182, 0.008, 0.012, 0.328, -0.0, 1, 1, 1, 1, 1]}}, {"type": "Feature", "geometry": {"type": "Point", "coordinates": [3.27946, 41.826099]}, "properties": {"var_data": [-0.008, -0.2, 0.009, 0.012, 0.324, -0.0, 1, 1, 1, 1, 1]}}, {"type": "Feature", "geometry": {"type": "Point", "coordinates": [3.3148, 41.826099]}, "properties": {"var_data": [-0.034, -0.211, 0.009, 0.011, 0.35, -0.0, 1, 1, 1, 1, 1]}}, {"type": "Feature", "geometry": {"type": "Point", "coordinates": [3.35014, 41.826099]}, "properties": {"var_data": [-0.06, -0.231, 0.013, 0.01, 0.421, -0.0, 1, 1, 1, 1, 1]}}, {"type": "Feature", "geometry": {"type": "Point", "coordinates": [3.38548, 41.826099]}, "properties": {"var_data": [-0.074, -0.24, 0.016, 0.011, 0.61, 0.0, 1, 1, 1, 1, 1]}}, {"type": "Feature", "geometry": {"type": "Point", "coordinates": [3.4915, 41.826099]}, "properties": {"var_data": [0.152, -0.175, 0.196, 0.061, 1.017, 0.012, 1, 1, 1, 1, 1]}}, {"type": "Feature", "geometry": {"type": "Point", "coordinates": [3.52684, 41.826099]}, "properties": {"var_data": [0.145, -0.162, 0.191, 0.061, 1.021, 0.011, 1, 1, 1, 1, 1]}}, {"type": "Feature", "geometry": {"type": "Point", "coordinates": [3.56218, 41.826099]}, "properties": {"var_data": [0.19, -0.065, 0.233, 0.09, 1.065, 0.021, 1, 1, 1, 1, 1]}}, {"type": "Feature", "geometry": {"type": "Point", "coordinates": [3.70354, 41.826099]}, "properties": {"var_data": [0.095, -0.056, 0.121, 0.073, 1.324, 0.009, 4, 1, 1, 4, 1]}}, {"type": "Feature", "geometry": {"type": "Point", "coordinates": [3.73888, 41.826099]}, "properties": {"var_data": [0.067, 0.008, 0.01, 0.014, 0.841, 0.0, 1, 1, 1, 1, 1]}}, {"type": "Feature", "geometry": {"type": "Point", "coordinates": [3.77422, 41.826099]}, "properties": {"var_data": [0.073, 0.116, 0.017, 0.092, 0.903, -0.001, 1, 1, 1, 1, 1]}}, {"type": "Feature", "geometry": {"type": "Point", "coordinates": [3.80956, 41.826099]}, "properties": {"var_data": [0.018, 0.072, 0.017, 0.093, 0.895, -0.001, 1, 1, 1, 1, 1]}}, {"type": "Feature", "geometry": {"type": "Point", "coordinates": [3.8449, 41.826099]}, "properties": {"var_data": [-0.016, 0.038, 0.016, 0.095, 0.902, -0.001, 1, 1, 1, 1, 1]}}, {"type": "Feature", "geometry": {"type": "Point", "coordinates": [3.88024, 41.826099]}, "properties": {"var_data": [-0.006, 0.005, 0.01, 0.017, 0.596, 0.0, 1, 1, 1, 1, 1]}}, {"type": "Feature", "geometry": {"type": "Point", "coordinates": [3.91558, 41.826099]}, "properties": {"var_data": [-0.002, -0.022, 0.01, 0.021, 0.679, 0.0, 1, 1, 1, 1, 1]}}, {"type": "Feature", "geometry": {"type": "Point", "coordinates": [3.95092, 41.826099]}, "properties": {"var_data": [0.083, 0.03, 0.007, 0.019, 0.688, 0.0, 1, 1, 1, 1, 1]}}, {"type": "Feature", "geometry": {"type": "Point", "coordinates": [3.98626, 41.826099]}, "properties": {"var_data": [0.133, 0.065, 0.009, 0.021, 0.77, 0.0, 1, 1, 1, 1, 1]}}, {"type": "Feature", "geometry": {"type": "Point", "coordinates": [4.0216, 41.826099]}, "properties": {"var_data": [0.225, 0.184, 0.011, 0.038, 1.088, -0.0, 1, 1, 1, 1, 1]}}, {"type": "Feature", "geometry": {"type": "Point", "coordinates": [4.05694, 41.826099]}, "properties": {"var_data": [0.22, 0.218, 0.012, 0.049, 1.256, -0.0, 1, 1, 1, 1, 1]}}, {"type": "Feature", "geometry": {"type": "Point", "coordinates": [3.17344, 41.8531]}, "properties": {"var_data": [0.003, -0.076, 0.017, 0.025, 0.589, -0.0, 1, 1, 1, 1, 1]}}, {"type": "Feature", "geometry": {"type": "Point", "coordinates": [3.20878, 41.8531]}, "properties": {"var_data": [-0.039, -0.083, 0.014, 0.021, 0.479, -0.0, 1, 1, 1, 1, 1]}}, {"type": "Feature", "geometry": {"type": "Point", "coordinates": [3.24412, 41.8531]}, "properties": {"var_data": [0.002, -0.147, 0.01, 0.016, 0.349, -0.0, 1, 1, 1, 1, 1]}}, {"type": "Feature", "geometry": {"type": "Point", "coordinates": [3.27946, 41.8531]}, "properties": {"var_data": [0.031, -0.193, 0.008, 0.012, 0.345, -0.0, 1, 1, 1, 1, 1]}}, {"type": "Feature", "geometry": {"type": "Point", "coordinates": [3.3148, 41.8531]}, "properties": {"var_data": [0.029, -0.22, 0.01, 0.011, 0.381, -0.0, 1, 1, 1, 1, 1]}}, {"type": "Feature", "geometry": {"type": "Point", "coordinates": [3.35014, 41.8531]}, "properties": {"var_data": [0.056, -0.224, 0.021, 0.01, 0.434, 0.0, 1, 1, 1, 1, 1]}}, {"type": "Feature", "geometry": {"type": "Point", "coordinates": [3.52684, 41.8531]}, "properties": {"var_data": [0.214, -0.145, 0.011, 0.014, 0.74, -0.0, 1, 0, 1, 1, 1]}}, {"type": "Feature", "geometry": {"type": "Point", "coordinates": [3.56218, 41.8531]}, "properties": {"var_data": [0.213, -0.093, 0.011, 0.017, 0.775, -0.0, 1, 0, 1, 1, 1]}}, {"type": "Feature", "geometry": {"type": "Point", "coordinates": [3.59752, 41.8531]}, "properties": {"var_data": [0.229, -0.139, 0.032, 0.09, 1.001, -0.003, 1, 0, 1, 1, 1]}}, {"type": "Feature", "geometry": {"type": "Point", "coordinates": [3.63286, 41.8531]}, "properties": {"var_data": [0.15, -0.023, 0.008, 0.012, 1.023, -0.0, 1, 0, 1, 1, 1]}}, {"type": "Feature", "geometry": {"type": "Point", "coordinates": [3.73888, 41.8531]}, "properties": {"var_data": [0.141, -0.003, 0.01, 0.013, 0.764, 0.0, 1, 1, 1, 1, 1]}}, {"type": "Feature", "geometry": {"type": "Point", "coordinates": [3.8449, 41.8531]}, "properties": {"var_data": [0.003, 0.088, 0.008, 0.017, 0.622, 0.0, 1, 1, 1, 1, 1]}}, {"type": "Feature", "geometry": {"type": "Point", "coordinates": [3.88024, 41.8531]}, "properties": {"var_data": [-0.023, -0.001, 0.01, 0.016, 0.569, 0.0, 1, 1, 1, 1, 1]}}, {"type": "Feature", "geometry": {"type": "Point", "coordinates": [3.91558, 41.8531]}, "properties": {"var_data": [-0.024, -0.002, 0.01, 0.016, 0.622, 0.0, 1, 1, 1, 1, 1]}}, {"type": "Feature", "geometry": {"type": "Point", "coordinates": [3.95092, 41.8531]}, "properties": {"var_data": [0.072, 0.072, 0.007, 0.018, 0.666, 0.0, 1, 1, 1, 1, 1]}}, {"type": "Feature", "geometry": {"type": "Point", "coordinates": [3.98626, 41.8531]}, "properties": {"var_data": [0.119, 0.104, 0.009, 0.019, 0.74, 0.0, 1, 1, 1, 1, 1]}}, {"type": "Feature", "geometry": {"type": "Point", "coordinates": [4.0216, 41.8531]}, "properties": {"var_data": [0.229, 0.151, 0.012, 0.05, 1.123, -0.0, 1, 1, 1, 1, 1]}}, {"type": "Feature", "geometry": {"type": "Point", "coordinates": [4.05694, 41.8531]}, "properties": {"var_data": [0.229, 0.152, 0.017, 0.096, 1.351, -0.001, 1, 1, 1, 1, 1]}}, {"type": "Feature", "geometry": {"type": "Point", "coordinates": [3.20878, 41.8801]}, "properties": {"var_data": [-0.032, -0.039, 0.015, 0.022, 0.534, -0.0, 1, 1, 1, 1, 1]}}, {"type": "Feature", "geometry": {"type": "Point", "coordinates": [3.24412, 41.8801]}, "properties": {"var_data": [-0.0, -0.102, 0.01, 0.015, 0.435, -0.0, 1, 1, 1, 1, 1]}}, {"type": "Feature", "geometry": {"type": "Point", "coordinates": [3.27946, 41.8801]}, "properties": {"var_data": [0.041, -0.167, 0.009, 0.013, 0.404, -0.0, 1, 1, 1, 1, 1]}}, {"type": "Feature", "geometry": {"type": "Point", "coordinates": [3.3148, 41.8801]}, "properties": {"var_data": [0.073, -0.199, 0.012, 0.012, 0.46, -0.0, 1, 1, 1, 1, 1]}}, {"type": "Feature", "geometry": {"type": "Point", "coordinates": [3.35014, 41.8801]}, "properties": {"var_data": [0.176, -0.203, 0.036, 0.011, 0.554, 0.0, 1, 1, 1, 1, 1]}}, {"type": "Feature", "geometry": {"type": "Point", "coordinates": [3.38548, 41.8801]}, "properties": {"var_data": [0.272, -0.2, 0.051, 0.013, 0.994, 0.0, 1, 1, 1, 1, 1]}}, {"type": "Feature", "geometry": {"type": "Point", "coordinates": [3.4915, 41.8801]}, "properties": {"var_data": [0.389, -0.148, 0.049, 0.019, 0.986, 0.001, 1, 0, 1, 1, 1]}}, {"type": "Feature", "geometry": {"type": "Point", "coordinates": [3.52684, 41.8801]}, "properties": {"var_data": [0.243, -0.177, 0.011, 0.016, 0.763, -0.0, 1, 0, 1, 1, 1]}}, {"type": "Feature", "geometry": {"type": "Point", "coordinates": [3.56218, 41.8801]}, "properties": {"var_data": [0.253, -0.2, 0.011, 0.016, 0.77, -0.0, 1, 0, 1, 1, 1]}}, {"type": "Feature", "geometry": {"type": "Point", "coordinates": [3.59752, 41.8801]}, "properties": {"var_data": [0.286, -0.192, 0.01, 0.024, 0.775, -0.0, 1, 0, 1, 1, 1]}}, {"type": "Feature", "geometry": {"type": "Point", "coordinates": [3.63286, 41.8801]}, "properties": {"var_data": [0.231, -0.061, 0.007, 0.008, 0.733, 0.0, 1, 0, 1, 1, 1]}}, {"type": "Feature", "geometry": {"type": "Point", "coordinates": [3.6682, 41.8801]}, "properties": {"var_data": [0.122, -0.038, 0.009, 0.009, 0.733, 0.0, 1, 1, 1, 1, 1]}}, {"type": "Feature", "geometry": {"type": "Point", "coordinates": [3.70354, 41.8801]}, "properties": {"var_data": [0.15, -0.022, 0.009, 0.008, 0.674, 0.0, 1, 1, 1, 1, 1]}}, {"type": "Feature", "geometry": {"type": "Point", "coordinates": [3.73888, 41.8801]}, "properties": {"var_data": [0.122, -0.009, 0.028, 0.031, 0.885, 0.0, 1, 1, 1, 1, 1]}}, {"type": "Feature", "geometry": {"type": "Point", "coordinates": [3.77422, 41.8801]}, "properties": {"var_data": [0.178, 0.038, 0.029, 0.032, 0.975, 0.0, 1, 1, 1, 1, 1]}}, {"type": "Feature", "geometry": {"type": "Point", "coordinates": [3.80956, 41.8801]}, "properties": {"var_data": [0.17, 0.219, 0.028, 0.029, 0.934, 0.001, 1, 1, 1, 1, 1]}}, {"type": "Feature", "geometry": {"type": "Point", "coordinates": [3.8449, 41.8801]}, "properties": {"var_data": [0.093, 0.167, 0.027, 0.028, 0.778, 0.001, 1, 1, 1, 1, 1]}}, {"type": "Feature", "geometry": {"type": "Point", "coordinates": [3.88024, 41.8801]}, "properties": {"var_data": [-0.049, -0.017, 0.012, 0.013, 0.714, 0.0, 1, 1, 1, 1, 1]}}, {"type": "Feature", "geometry": {"type": "Point", "coordinates": [3.91558, 41.8801]}, "properties": {"var_data": [0.053, 0.12, 0.012, 0.017, 0.636, 0.0, 1, 1, 1, 1, 1]}}, {"type": "Feature", "geometry": {"type": "Point", "coordinates": [3.95092, 41.8801]}, "properties": {"var_data": [0.132, 0.169, 0.008, 0.015, 0.603, 0.0, 1, 1, 1, 1, 1]}}, {"type": "Feature", "geometry": {"type": "Point", "coordinates": [3.98626, 41.8801]}, "properties": {"var_data": [0.2, 0.207, 0.009, 0.021, 0.768, 0.0, 1, 1, 1, 1, 1]}}, {"type": "Feature", "geometry": {"type": "Point", "coordinates": [4.0216, 41.8801]}, "properties": {"var_data": [0.217, 0.34, 0.011, 0.043, 0.919, -0.0, 1, 1, 1, 1, 1]}}, {"type": "Feature", "geometry": {"type": "Point", "coordinates": [4.05694, 41.8801]}, "properties": {"var_data": [0.136, 0.039, 0.105, 0.159, 1.656, 0.012, 4, 1, 1, 4, 1]}}, {"type": "Feature", "geometry": {"type": "Point", "coordinates": [3.24412, 41.907101]}, "properties": {"var_data": [0.019, -0.078, 0.01, 0.014, 0.524, -0.0, 1, 1, 1, 1, 1]}}, {"type": "Feature", "geometry": {"type": "Point", "coordinates": [3.27946, 41.907101]}, "properties": {"var_data": [0.065, -0.14, 0.014, 0.013, 0.498, -0.0, 1, 1, 1, 1, 1]}}, {"type": "Feature", "geometry": {"type": "Point", "coordinates": [3.3148, 41.907101]}, "properties": {"var_data": [0.097, -0.185, 0.013, 0.013, 0.575, -0.0, 1, 1, 1, 1, 1]}}, {"type": "Feature", "geometry": {"type": "Point", "coordinates": [3.35014, 41.907101]}, "properties": {"var_data": [0.224, -0.191, 0.05, 0.013, 0.756, 0.0, 1, 1, 1, 1, 1]}}, {"type": "Feature", "geometry": {"type": "Point", "coordinates": [3.38548, 41.907101]}, "properties": {"var_data": [0.255, -0.194, 0.05, 0.014, 0.989, 0.001, 1, 1, 1, 1, 1]}}, {"type": "Feature", "geometry": {"type": "Point", "coordinates": [3.52684, 41.907101]}, "properties": {"var_data": [0.255, -0.196, 0.011, 0.014, 0.742, -0.0, 1, 0, 1, 1, 1]}}, {"type": "Feature", "geometry": {"type": "Point", "coordinates": [3.56218, 41.907101]}, "properties": {"var_data": [0.258, -0.196, 0.011, 0.016, 0.749, -0.0, 1, 1, 1, 1, 1]}}, {"type": "Feature", "geometry": {"type": "Point", "coordinates": [3.59752, 41.907101]}, "properties": {"var_data": [0.26, -0.15, 0.007, 0.008, 0.69, 0.0, 1, 1, 1, 1, 1]}}, {"type": "Feature", "geometry": {"type": "Point", "coordinates": [3.63286, 41.907101]}, "properties": {"var_data": [0.14, -0.141, 0.007, 0.008, 0.733, 0.0, 1, 1, 1, 1, 1]}}, {"type": "Feature", "geometry": {"type": "Point", "coordinates": [3.6682, 41.907101]}, "properties": {"var_data": [0.134, -0.107, 0.009, 0.009, 0.703, 0.0, 1, 1, 1, 1, 1]}}, {"type": "Feature", "geometry": {"type": "Point", "coordinates": [3.70354, 41.907101]}, "properties": {"var_data": [0.125, -0.036, 0.009, 0.01, 0.74, 0.0, 1, 1, 1, 1, 1]}}, {"type": "Feature", "geometry": {"type": "Point", "coordinates": [3.73888, 41.907101]}, "properties": {"var_data": [0.113, -0.051, 0.026, 0.02, 0.682, 0.0, 1, 1, 1, 1, 1]}}, {"type": "Feature", "geometry": {"type": "Point", "coordinates": [3.77422, 41.907101]}, "properties": {"var_data": [0.105, 0.087, 0.023, 0.024, 0.617, 0.001, 1, 1, 1, 1, 1]}}, {"type": "Feature", "geometry": {"type": "Point", "coordinates": [3.80956, 41.907101]}, "properties": {"var_data": [0.115, 0.117, 0.023, 0.024, 0.59, 0.001, 1, 1, 1, 1, 1]}}, {"type": "Feature", "geometry": {"type": "Point", "coordinates": [3.8449, 41.907101]}, "properties": {"var_data": [0.031, 0.094, 0.026, 0.027, 0.59, 0.001, 1, 1, 1, 1, 1]}}, {"type": "Feature", "geometry": {"type": "Point", "coordinates": [3.88024, 41.907101]}, "properties": {"var_data": [-0.059, 0.009, 0.025, 0.025, 0.73, 0.001, 1, 1, 1, 1, 1]}}, {"type": "Feature", "geometry": {"type": "Point", "coordinates": [3.91558, 41.907101]}, "properties": {"var_data": [0.126, 0.236, 0.033, 0.034, 0.761, 0.001, 1, 1, 1, 1, 1]}}, {"type": "Feature", "geometry": {"type": "Point", "coordinates": [3.95092, 41.907101]}, "properties": {"var_data": [0.134, 0.229, 0.033, 0.042, 0.803, 0.001, 1, 0, 1, 1, 1]}}, {"type": "Feature", "geometry": {"type": "Point", "coordinates": [3.98626, 41.907101]}, "properties": {"var_data": [0.224, 0.367, 0.034, 0.047, 1.026, 0.001, 1, 0, 1, 1, 1]}}, {"type": "Feature", "geometry": {"type": "Point", "coordinates": [4.0216, 41.907101]}, "properties": {"var_data": [0.228, 0.352, 0.035, 0.056, 1.088, 0.001, 1, 0, 1, 1, 1]}}, {"type": "Feature", "geometry": {"type": "Point", "coordinates": [4.05694, 41.907101]}, "properties": {"var_data": [0.248, 0.174, 0.04, 0.097, 1.539, -0.0, 4, 0, 1, 4, 1]}}, {"type": "Feature", "geometry": {"type": "Point", "coordinates": [3.24412, 41.934101]}, "properties": {"var_data": [0.116, -0.063, 0.126, 0.012, 1.16, -0.0, 1, 1, 1, 1, 1]}}, {"type": "Feature", "geometry": {"type": "Point", "coordinates": [3.27946, 41.934101]}, "properties": {"var_data": [0.237, -0.122, 0.053, 0.011, 0.791, -0.0, 1, 1, 1, 1, 1]}}, {"type": "Feature", "geometry": {"type": "Point", "coordinates": [3.3148, 41.934101]}, "properties": {"var_data": [0.265, -0.158, 0.048, 0.01, 0.745, 0.0, 1, 1, 1, 1, 1]}}, {"type": "Feature", "geometry": {"type": "Point", "coordinates": [3.35014, 41.934101]}, "properties": {"var_data": [0.357, -0.17, 0.022, 0.011, 0.655, -0.0, 1, 1, 1, 1, 1]}}, {"type": "Feature", "geometry": {"type": "Point", "coordinates": [3.38548, 41.934101]}, "properties": {"var_data": [0.369, -0.175, 0.023, 0.009, 1.007, 0.0, 1, 1, 1, 1, 1]}}, {"type": "Feature", "geometry": {"type": "Point", "coordinates": [3.42082, 41.934101]}, "properties": {"var_data": [0.337, -0.183, 0.022, 0.009, 0.973, 0.0, 1, 1, 1, 1, 1]}}, {"type": "Feature", "geometry": {"type": "Point", "coordinates": [3.45616, 41.934101]}, "properties": {"var_data": [0.367, -0.165, 0.022, 0.01, 0.979, 0.0, 1, 1, 1, 1, 1]}}, {"type": "Feature", "geometry": {"type": "Point", "coordinates": [3.56218, 41.934101]}, "properties": {"var_data": [0.25, -0.213, 0.009, 0.007, 0.762, 0.0, 1, 1, 1, 1, 1]}}, {"type": "Feature", "geometry": {"type": "Point", "coordinates": [3.59752, 41.934101]}, "properties": {"var_data": [0.189, -0.211, 0.008, 0.014, 0.783, -0.0, 1, 1, 1, 1, 1]}}, {"type": "Feature", "geometry": {"type": "Point", "coordinates": [3.63286, 41.934101]}, "properties": {"var_data": [0.237, -0.125, 0.008, 0.008, 0.677, 0.0, 1, 1, 1, 1, 1]}}, {"type": "Feature", "geometry": {"type": "Point", "coordinates": [3.6682, 41.934101]}, "properties": {"var_data": [0.197, -0.132, 0.008, 0.008, 0.636, 0.0, 1, 1, 1, 1, 1]}}, {"type": "Feature", "geometry": {"type": "Point", "coordinates": [3.70354, 41.934101]}, "properties": {"var_data": [0.149, -0.097, 0.033, 0.026, 0.677, 0.001, 1, 1, 1, 1, 1]}}, {"type": "Feature", "geometry": {"type": "Point", "coordinates": [3.73888, 41.934101]}, "properties": {"var_data": [0.145, -0.123, 0.029, 0.024, 0.545, 0.001, 1, 1, 1, 1, 1]}}, {"type": "Feature", "geometry": {"type": "Point", "coordinates": [3.77422, 41.934101]}, "properties": {"var_data": [0.096, -0.005, 0.037, 0.039, 0.616, 0.001, 1, 1, 1, 1, 1]}}, {"type": "Feature", "geometry": {"type": "Point", "coordinates": [3.80956, 41.934101]}, "properties": {"var_data": [0.057, 0.002, 0.021, 0.022, 0.566, 0.0, 1, 1, 1, 1, 1]}}, {"type": "Feature", "geometry": {"type": "Point", "coordinates": [3.8449, 41.934101]}, "properties": {"var_data": [0.031, 0.026, 0.021, 0.022, 0.542, 0.0, 1, 1, 1, 1, 1]}}, {"type": "Feature", "geometry": {"type": "Point", "coordinates": [3.88024, 41.934101]}, "properties": {"var_data": [0.001, 0.057, 0.021, 0.022, 0.508, 0.0, 1, 1, 1, 1, 1]}}, {"type": "Feature", "geometry": {"type": "Point", "coordinates": [3.91558, 41.934101]}, "properties": {"var_data": [0.01, 0.166, 0.022, 0.031, 0.655, 0.0, 1, 1, 1, 1, 1]}}, {"type": "Feature", "geometry": {"type": "Point", "coordinates": [3.95092, 41.934101]}, "properties": {"var_data": [0.055, 0.255, 0.028, 0.041, 0.777, 0.001, 1, 1, 1, 1, 1]}}, {"type": "Feature", "geometry": {"type": "Point", "coordinates": [3.98626, 41.934101]}, "properties": {"var_data": [0.171, 0.298, 0.033, 0.046, 0.869, 0.001, 1, 1, 1, 1, 1]}}, {"type": "Feature", "geometry": {"type": "Point", "coordinates": [4.0216, 41.934101]}, "properties": {"var_data": [0.228, 0.352, 0.035, 0.056, 1.088, 0.001, 1, 0, 1, 1, 1]}}, {"type": "Feature", "geometry": {"type": "Point", "coordinates": [3.3148, 41.961102]}, "properties": {"var_data": [0.546, -0.12, 0.065, 0.01, 1.017, 0.0, 1, 1, 1, 1, 1]}}, {"type": "Feature", "geometry": {"type": "Point", "coordinates": [3.35014, 41.961102]}, "properties": {"var_data": [0.432, -0.15, 0.023, 0.009, 0.756, 0.0, 1, 1, 1, 1, 1]}}, {"type": "Feature", "geometry": {"type": "Point", "coordinates": [3.38548, 41.961102]}, "properties": {"var_data": [0.391, -0.166, 0.022, 0.009, 0.765, 0.0, 1, 1, 1, 1, 1]}}, {"type": "Feature", "geometry": {"type": "Point", "coordinates": [3.42082, 41.961102]}, "properties": {"var_data": [0.397, -0.174, 0.022, 0.009, 0.974, 0.0, 1, 1, 1, 1, 1]}}, {"type": "Feature", "geometry": {"type": "Point", "coordinates": [3.45616, 41.961102]}, "properties": {"var_data": [0.383, -0.168, 0.021, 0.01, 0.971, 0.0, 1, 0, 1, 1, 1]}}, {"type": "Feature", "geometry": {"type": "Point", "coordinates": [3.59752, 41.961102]}, "properties": {"var_data": [0.245, -0.072, 0.04, 0.025, 1.054, 0.001, 1, 1, 1, 1, 1]}}, {"type": "Feature", "geometry": {"type": "Point", "coordinates": [3.63286, 41.961102]}, "properties": {"var_data": [0.228, -0.042, 0.036, 0.028, 1.021, 0.001, 1, 1, 1, 1, 1]}}, {"type": "Feature", "geometry": {"type": "Point", "coordinates": [3.6682, 41.961102]}, "properties": {"var_data": [0.165, -0.062, 0.028, 0.023, 0.621, 0.001, 1, 1, 1, 1, 1]}}, {"type": "Feature", "geometry": {"type": "Point", "coordinates": [3.70354, 41.961102]}, "properties": {"var_data": [0.168, -0.098, 0.021, 0.017, 0.503, 0.0, 1, 1, 1, 1, 1]}}, {"type": "Feature", "geometry": {"type": "Point", "coordinates": [3.73888, 41.961102]}, "properties": {"var_data": [0.177, -0.139, 0.019, 0.019, 0.469, 0.0, 1, 1, 1, 1, 1]}}, {"type": "Feature", "geometry": {"type": "Point", "coordinates": [3.77422, 41.961102]}, "properties": {"var_data": [0.128, -0.066, 0.021, 0.023, 0.464, 0.0, 1, 1, 1, 1, 1]}}, {"type": "Feature", "geometry": {"type": "Point", "coordinates": [3.80956, 41.961102]}, "properties": {"var_data": [0.091, -0.014, 0.02, 0.022, 0.499, 0.0, 1, 1, 1, 1, 1]}}, {"type": "Feature", "geometry": {"type": "Point", "coordinates": [3.8449, 41.961102]}, "properties": {"var_data": [0.047, -0.027, 0.021, 0.022, 0.527, 0.0, 1, 1, 1, 1, 1]}}, {"type": "Feature", "geometry": {"type": "Point", "coordinates": [3.88024, 41.961102]}, "properties": {"var_data": [0.022, 0.07, 0.021, 0.026, 0.566, 0.0, 1, 1, 1, 1, 1]}}, {"type": "Feature", "geometry": {"type": "Point", "coordinates": [3.91558, 41.961102]}, "properties": {"var_data": [-0.011, 0.101, 0.023, 0.036, 0.763, 0.0, 1, 1, 1, 1, 1]}}, {"type": "Feature", "geometry": {"type": "Point", "coordinates": [3.95092, 41.961102]}, "properties": {"var_data": [0.03, 0.143, 0.041, 0.056, 0.769, 0.002, 1, 1, 1, 1, 1]}}, {"type": "Feature", "geometry": {"type": "Point", "coordinates": [3.27946, 41.988098]}, "properties": {"var_data": [0.61, -0.055, 0.064, 0.009, 1.061, -0.0, 1, 1, 1, 1, 1]}}, {"type": "Feature", "geometry": {"type": "Point", "coordinates": [3.3148, 41.988098]}, "properties": {"var_data": [0.603, -0.095, 0.066, 0.01, 1.016, 0.0, 1, 1, 1, 1, 1]}}, {"type": "Feature", "geometry": {"type": "Point", "coordinates": [3.35014, 41.988098]}, "properties": {"var_data": [0.427, -0.136, 0.022, 0.009, 0.738, 0.0, 1, 1, 1, 1, 1]}}, {"type": "Feature", "geometry": {"type": "Point", "coordinates": [3.38548, 41.988098]}, "properties": {"var_data": [0.422, -0.163, 0.021, 0.009, 0.722, 0.0, 1, 0, 1, 1, 1]}}, {"type": "Feature", "geometry": {"type": "Point", "coordinates": [3.42082, 41.988098]}, "properties": {"var_data": [0.388, -0.177, 0.021, 0.009, 0.715, 0.0, 1, 0, 1, 1, 1]}}, {"type": "Feature", "geometry": {"type": "Point", "coordinates": [3.45616, 41.988098]}, "properties": {"var_data": [0.382, -0.179, 0.021, 0.01, 0.963, 0.0, 1, 0, 1, 1, 1]}}, {"type": "Feature", "geometry": {"type": "Point", "coordinates": [3.63286, 41.988098]}, "properties": {"var_data": [0.274, 0.067, 0.037, 0.032, 1.059, 0.001, 1, 1, 1, 1, 1]}}, {"type": "Feature", "geometry": {"type": "Point", "coordinates": [3.6682, 41.988098]}, "properties": {"var_data": [0.267, 0.04, 0.029, 0.025, 0.634, 0.001, 1, 1, 1, 1, 1]}}, {"type": "Feature", "geometry": {"type": "Point", "coordinates": [3.70354, 41.988098]}, "properties": {"var_data": [0.235, -0.054, 0.021, 0.02, 0.535, 0.0, 1, 1, 1, 1, 1]}}, {"type": "Feature", "geometry": {"type": "Point", "coordinates": [3.73888, 41.988098]}, "properties": {"var_data": [0.177, -0.087, 0.024, 0.024, 0.584, 0.001, 1, 1, 1, 1, 1]}}, {"type": "Feature", "geometry": {"type": "Point", "coordinates": [3.77422, 41.988098]}, "properties": {"var_data": [0.13, -0.11, 0.008, 0.012, 0.46, 0.0, 1, 1, 1, 1, 1]}}, {"type": "Feature", "geometry": {"type": "Point", "coordinates": [3.80956, 41.988098]}, "properties": {"var_data": [0.078, -0.106, 0.008, 0.012, 0.453, 0.0, 1, 1, 1, 1, 1]}}, {"type": "Feature", "geometry": {"type": "Point", "coordinates": [3.8449, 41.988098]}, "properties": {"var_data": [0.038, -0.001, 0.01, 0.018, 0.563, -0.0, 1, 1, 1, 1, 1]}}, {"type": "Feature", "geometry": {"type": "Point", "coordinates": [3.88024, 41.988098]}, "properties": {"var_data": [0.048, 0.018, 0.02, 0.03, 0.566, 0.0, 1, 1, 1, 1, 1]}}, {"type": "Feature", "geometry": {"type": "Point", "coordinates": [3.91558, 41.988098]}, "properties": {"var_data": [0.021, 0.084, 0.038, 0.103, 0.811, -0.003, 1, 1, 1, 1, 1]}}, {"type": "Feature", "geometry": {"type": "Point", "coordinates": [3.95092, 41.988098]}, "properties": {"var_data": [0.001, 0.098, 0.082, 0.225, 1.026, -0.013, 1, 0, 1, 1, 1]}}, {"type": "Feature", "geometry": {"type": "Point", "coordinates": [3.3148, 42.015099]}, "properties": {"var_data": [0.596, -0.051, 0.064, 0.009, 0.983, 0.0, 1, 0, 1, 1, 1]}}, {"type": "Feature", "geometry": {"type": "Point", "coordinates": [3.35014, 42.015099]}, "properties": {"var_data": [0.473, -0.099, 0.06, 0.014, 0.95, 0.001, 1, 0, 1, 1, 1]}}, {"type": "Feature", "geometry": {"type": "Point", "coordinates": [3.38548, 42.015099]}, "properties": {"var_data": [0.419, -0.139, 0.022, 0.01, 0.714, 0.0, 1, 0, 1, 1, 1]}}, {"type": "Feature", "geometry": {"type": "Point", "coordinates": [3.42082, 42.015099]}, "properties": {"var_data": [0.371, -0.159, 0.022, 0.011, 0.904, 0.0, 1, 0, 1, 1, 1]}}, {"type": "Feature", "geometry": {"type": "Point", "coordinates": [3.63286, 42.015099]}, "properties": {"var_data": [0.249, 0.038, 0.038, 0.035, 0.741, 0.001, 1, 1, 1, 1, 1]}}, {"type": "Feature", "geometry": {"type": "Point", "coordinates": [3.6682, 42.015099]}, "properties": {"var_data": [0.244, 0.004, 0.029, 0.026, 0.639, 0.001, 1, 1, 1, 1, 1]}}, {"type": "Feature", "geometry": {"type": "Point", "coordinates": [3.70354, 42.015099]}, "properties": {"var_data": [0.206, -0.031, 0.021, 0.02, 0.515, 0.0, 1, 1, 1, 1, 1]}}, {"type": "Feature", "geometry": {"type": "Point", "coordinates": [3.73888, 42.015099]}, "properties": {"var_data": [0.192, -0.052, 0.025, 0.028, 0.538, 0.001, 1, 1, 1, 1, 1]}}, {"type": "Feature", "geometry": {"type": "Point", "coordinates": [3.77422, 42.015099]}, "properties": {"var_data": [0.116, -0.13, 0.008, 0.011, 0.504, 0.0, 1, 1, 1, 1, 1]}}, {"type": "Feature", "geometry": {"type": "Point", "coordinates": [3.80956, 42.015099]}, "properties": {"var_data": [0.087, -0.06, 0.009, 0.014, 0.547, 0.0, 1, 1, 1, 1, 1]}}, {"type": "Feature", "geometry": {"type": "Point", "coordinates": [3.8449, 42.015099]}, "properties": {"var_data": [0.065, 0.002, 0.01, 0.018, 0.612, -0.0, 1, 1, 1, 1, 1]}}, {"type": "Feature", "geometry": {"type": "Point", "coordinates": [3.88024, 42.015099]}, "properties": {"var_data": [0.022, -0.02, 0.01, 0.018, 0.586, -0.0, 1, 1, 1, 1, 1]}}, {"type": "Feature", "geometry": {"type": "Point", "coordinates": [3.91558, 42.015099]}, "properties": {"var_data": [0.04, 0.118, 0.046, 0.103, 0.732, -0.002, 1, 1, 1, 1, 1]}}, {"type": "Feature", "geometry": {"type": "Point", "coordinates": [3.95092, 42.015099]}, "properties": {"var_data": [0.03, 0.101, 0.048, 0.105, 0.765, -0.002, 1, 1, 1, 1, 1]}}, {"type": "Feature", "geometry": {"type": "Point", "coordinates": [4.0216, 42.015099]}, "properties": {"var_data": [0.011, 0.067, 0.073, 0.168, 1.472, 0.008, 1, 1, 1, 1, 1]}}, {"type": "Feature", "geometry": {"type": "Point", "coordinates": [4.05694, 42.015099]}, "properties": {"var_data": [-0.069, -0.002, 0.102, 0.225, 1.645, 0.022, 1, 0, 1, 1, 1]}}, {"type": "Feature", "geometry": {"type": "Point", "coordinates": [3.35014, 42.042099]}, "properties": {"var_data": [0.478, -0.064, 0.055, 0.013, 0.886, 0.001, 1, 0, 1, 1, 1]}}, {"type": "Feature", "geometry": {"type": "Point", "coordinates": [3.63286, 42.042099]}, "properties": {"var_data": [0.169, -0.085, 0.049, 0.047, 0.719, 0.002, 1, 1, 1, 1, 1]}}, {"type": "Feature", "geometry": {"type": "Point", "coordinates": [3.6682, 42.042099]}, "properties": {"var_data": [0.15, -0.048, 0.048, 0.053, 0.731, 0.002, 1, 1, 1, 1, 1]}}, {"type": "Feature", "geometry": {"type": "Point", "coordinates": [3.70354, 42.042099]}, "properties": {"var_data": [0.175, -0.041, 0.121, 0.145, 1.036, 0.017, 1, 1, 1, 1, 1]}}, {"type": "Feature", "geometry": {"type": "Point", "coordinates": [3.73888, 42.042099]}, "properties": {"var_data": [0.13, -0.037, 0.025, 0.035, 0.525, 0.001, 1, 1, 1, 1, 1]}}, {"type": "Feature", "geometry": {"type": "Point", "coordinates": [3.77422, 42.042099]}, "properties": {"var_data": [0.08, -0.1, 0.008, 0.012, 0.533, 0.0, 1, 1, 1, 1, 1]}}, {"type": "Feature", "geometry": {"type": "Point", "coordinates": [3.80956, 42.042099]}, "properties": {"var_data": [0.049, -0.15, 0.007, 0.012, 0.55, 0.0, 1, 1, 1, 1, 1]}}, {"type": "Feature", "geometry": {"type": "Point", "coordinates": [3.8449, 42.042099]}, "properties": {"var_data": [0.044, -0.087, 0.009, 0.015, 0.566, 0.0, 1, 1, 1, 1, 1]}}, {"type": "Feature", "geometry": {"type": "Point", "coordinates": [3.88024, 42.042099]}, "properties": {"var_data": [0.043, 0.014, 0.027, 0.061, 0.683, -0.001, 1, 1, 1, 1, 1]}}, {"type": "Feature", "geometry": {"type": "Point", "coordinates": [3.91558, 42.042099]}, "properties": {"var_data": [0.06, 0.142, 0.057, 0.109, 0.836, -0.001, 1, 1, 1, 1, 1]}}, {"type": "Feature", "geometry": {"type": "Point", "coordinates": [3.95092, 42.042099]}, "properties": {"var_data": [0.035, 0.148, 0.097, 0.209, 1.079, -0.014, 1, 1, 1, 1, 1]}}, {"type": "Feature", "geometry": {"type": "Point", "coordinates": [3.98626, 42.042099]}, "properties": {"var_data": [0.025, 0.005, 0.074, 0.164, 1.218, 0.012, 1, 1, 1, 1, 1]}}, {"type": "Feature", "geometry": {"type": "Point", "coordinates": [4.0216, 42.042099]}, "properties": {"var_data": [-0.03, -0.12, 0.102, 0.223, 1.646, 0.023, 1, 1, 1, 1, 1]}}, {"type": "Feature", "geometry": {"type": "Point", "coordinates": [3.59752, 42.069099]}, "properties": {"var_data": [0.053, -0.237, 0.052, 0.05, 0.951, 0.002, 1, 1, 1, 1, 1]}}, {"type": "Feature", "geometry": {"type": "Point", "coordinates": [3.63286, 42.069099]}, "properties": {"var_data": [0.219, 0.016, 0.039, 0.04, 0.617, 0.001, 1, 1, 1, 1, 1]}}, {"type": "Feature", "geometry": {"type": "Point", "coordinates": [3.6682, 42.069099]}, "properties": {"var_data": [0.196, 0.051, 0.037, 0.042, 0.63, 0.001, 1, 1, 1, 1, 1]}}, {"type": "Feature", "geometry": {"type": "Point", "coordinates": [3.70354, 42.069099]}, "properties": {"var_data": [0.206, 0.031, 0.033, 0.046, 0.631, 0.001, 1, 1, 1, 1, 1]}}, {"type": "Feature", "geometry": {"type": "Point", "coordinates": [3.73888, 42.069099]}, "properties": {"var_data": [0.128, -0.009, 0.058, 0.083, 0.796, 0.005, 1, 1, 1, 1, 1]}}, {"type": "Feature", "geometry": {"type": "Point", "coordinates": [3.77422, 42.069099]}, "properties": {"var_data": [-0.024, -0.187, 0.015, 0.021, 0.67, 0.0, 1, 1, 1, 1, 1]}}, {"type": "Feature", "geometry": {"type": "Point", "coordinates": [3.80956, 42.069099]}, "properties": {"var_data": [-0.008, -0.208, 0.007, 0.012, 0.645, 0.0, 1, 1, 1, 1, 1]}}, {"type": "Feature", "geometry": {"type": "Point", "coordinates": [3.8449, 42.069099]}, "properties": {"var_data": [0.07, -0.137, 0.016, 0.025, 0.724, 0.0, 1, 1, 1, 1, 1]}}, {"type": "Feature", "geometry": {"type": "Point", "coordinates": [3.88024, 42.069099]}, "properties": {"var_data": [0.053, -0.079, 0.027, 0.05, 0.693, -0.001, 1, 1, 1, 1, 1]}}, {"type": "Feature", "geometry": {"type": "Point", "coordinates": [3.95092, 42.069099]}, "properties": {"var_data": [0.085, 0.033, 0.039, 0.085, 1.232, 0.003, 1, 1, 1, 1, 1]}}, {"type": "Feature", "geometry": {"type": "Point", "coordinates": [3.98626, 42.069099]}, "properties": {"var_data": [0.073, 0.104, 0.109, 0.24, 1.509, 0.026, 1, 1, 1, 1, 1]}}, {"type": "Feature", "geometry": {"type": "Point", "coordinates": [3.42082, 42.0961]}, "properties": {"var_data": [0.147, -0.178, 0.051, 0.029, 1.173, 0.001, 1, 0, 1, 1, 1]}}, {"type": "Feature", "geometry": {"type": "Point", "coordinates": [3.45616, 42.0961]}, "properties": {"var_data": [0.108, -0.22, 0.057, 0.033, 1.257, 0.002, 1, 0, 1, 1, 1]}}, {"type": "Feature", "geometry": {"type": "Point", "coordinates": [3.4915, 42.0961]}, "properties": {"var_data": [0.245, -0.146, 0.059, 0.045, 1.23, 0.003, 1, 0, 1, 1, 1]}}, {"type": "Feature", "geometry": {"type": "Point", "coordinates": [3.59752, 42.0961]}, "properties": {"var_data": [0.081, -0.23, 0.049, 0.052, 0.996, 0.002, 1, 1, 1, 1, 1]}}, {"type": "Feature", "geometry": {"type": "Point", "coordinates": [3.63286, 42.0961]}, "properties": {"var_data": [0.234, -0.005, 0.038, 0.042, 0.745, 0.001, 1, 1, 1, 1, 1]}}, {"type": "Feature", "geometry": {"type": "Point", "coordinates": [3.6682, 42.0961]}, "properties": {"var_data": [0.185, 0.024, 0.04, 0.043, 0.757, 0.002, 1, 1, 1, 1, 1]}}, {"type": "Feature", "geometry": {"type": "Point", "coordinates": [3.70354, 42.0961]}, "properties": {"var_data": [0.173, 0.093, 0.033, 0.049, 0.794, 0.002, 1, 1, 1, 1, 1]}}, {"type": "Feature", "geometry": {"type": "Point", "coordinates": [3.73888, 42.0961]}, "properties": {"var_data": [0.186, 0.107, 0.029, 0.042, 0.67, 0.001, 1, 1, 1, 1, 1]}}, {"type": "Feature", "geometry": {"type": "Point", "coordinates": [3.77422, 42.0961]}, "properties": {"var_data": [0.069, -0.114, 0.014, 0.021, 0.661, 0.0, 1, 1, 1, 1, 1]}}, {"type": "Feature", "geometry": {"type": "Point", "coordinates": [3.80956, 42.0961]}, "properties": {"var_data": [0.047, -0.245, 0.014, 0.022, 0.733, 0.0, 1, 1, 1, 1, 1]}}, {"type": "Feature", "geometry": {"type": "Point", "coordinates": [3.8449, 42.0961]}, "properties": {"var_data": [0.04, -0.268, 0.016, 0.026, 0.776, 0.0, 1, 1, 1, 1, 1]}}, {"type": "Feature", "geometry": {"type": "Point", "coordinates": [3.88024, 42.0961]}, "properties": {"var_data": [0.05, -0.38, 0.02, 0.04, 0.981, -0.0, 1, 1, 1, 1, 1]}}, {"type": "Feature", "geometry": {"type": "Point", "coordinates": [3.91558, 42.0961]}, "properties": {"var_data": [0.078, -0.075, 0.052, 0.118, 1.352, 0.001, 1, 1, 1, 1, 1]}}, {"type": "Feature", "geometry": {"type": "Point", "coordinates": [3.95092, 42.0961]}, "properties": {"var_data": [0.09, 0.059, 0.107, 0.235, 1.527, 0.025, 1, 1, 1, 1, 1]}}, {"type": "Feature", "geometry": {"type": "Point", "coordinates": [3.98626, 42.0961]}, "properties": {"var_data": [0.111, 0.075, 0.089, 0.197, 1.462, 0.018, 1, 1, 1, 1, 1]}}, {"type": "Feature", "geometry": {"type": "Point", "coordinates": [3.38548, 42.1231]}, "properties": {"var_data": [0.584, 0.002, 0.033, 0.017, 1.094, 0.001, 1, 0, 1, 1, 1]}}, {"type": "Feature", "geometry": {"type": "Point", "coordinates": [3.42082, 42.1231]}, "properties": {"var_data": [0.248, -0.139, 0.042, 0.025, 0.937, 0.001, 1, 0, 1, 1, 1]}}, {"type": "Feature", "geometry": {"type": "Point", "coordinates": [3.45616, 42.1231]}, "properties": {"var_data": [0.188, -0.17, 0.047, 0.029, 1.053, 0.001, 1, 0, 1, 1, 1]}}, {"type": "Feature", "geometry": {"type": "Point", "coordinates": [3.4915, 42.1231]}, "properties": {"var_data": [0.19, -0.169, 0.02, 0.016, 1.252, 0.0, 1, 0, 1, 1, 1]}}, {"type": "Feature", "geometry": {"type": "Point", "coordinates": [3.59752, 42.1231]}, "properties": {"var_data": [0.076, -0.261, 0.046, 0.054, 1.011, 0.002, 1, 1, 1, 1, 1]}}, {"type": "Feature", "geometry": {"type": "Point", "coordinates": [3.63286, 42.1231]}, "properties": {"var_data": [0.227, -0.002, 0.027, 0.031, 0.642, 0.001, 1, 1, 1, 1, 1]}}, {"type": "Feature", "geometry": {"type": "Point", "coordinates": [3.6682, 42.1231]}, "properties": {"var_data": [0.195, 0.048, 0.055, 0.073, 0.734, -0.002, 1, 1, 1, 1, 1]}}, {"type": "Feature", "geometry": {"type": "Point", "coordinates": [3.70354, 42.1231]}, "properties": {"var_data": [0.192, 0.089, 0.027, 0.045, 0.705, 0.001, 1, 1, 1, 1, 1]}}, {"type": "Feature", "geometry": {"type": "Point", "coordinates": [3.73888, 42.1231]}, "properties": {"var_data": [0.284, 0.223, 0.029, 0.044, 0.841, 0.001, 1, 1, 1, 1, 1]}}, {"type": "Feature", "geometry": {"type": "Point", "coordinates": [3.77422, 42.1231]}, "properties": {"var_data": [0.105, -0.152, 0.013, 0.021, 0.651, 0.0, 1, 1, 1, 1, 1]}}, {"type": "Feature", "geometry": {"type": "Point", "coordinates": [3.80956, 42.1231]}, "properties": {"var_data": [0.112, -0.218, 0.014, 0.028, 0.693, 0.0, 1, 1, 1, 1, 1]}}, {"type": "Feature", "geometry": {"type": "Point", "coordinates": [3.8449, 42.1231]}, "properties": {"var_data": [0.045, -0.445, 0.016, 0.034, 0.968, 0.0, 1, 1, 1, 1, 1]}}, {"type": "Feature", "geometry": {"type": "Point", "coordinates": [3.88024, 42.1231]}, "properties": {"var_data": [0.053, -0.319, 0.02, 0.045, 1.325, 0.0, 1, 1, 1, 1, 1]}}, {"type": "Feature", "geometry": {"type": "Point", "coordinates": [3.35014, 42.150101]}, "properties": {"var_data": [0.523, 0.02, 0.04, 0.013, 0.791, 0.0, 1, 0, 1, 1, 1]}}, {"type": "Feature", "geometry": {"type": "Point", "coordinates": [3.38548, 42.150101]}, "properties": {"var_data": [0.443, -0.018, 0.026, 0.015, 0.776, 0.0, 1, 0, 1, 1, 1]}}, {"type": "Feature", "geometry": {"type": "Point", "coordinates": [3.42082, 42.150101]}, "properties": {"var_data": [0.259, -0.133, 0.039, 0.024, 0.825, 0.001, 1, 0, 1, 1, 1]}}, {"type": "Feature", "geometry": {"type": "Point", "coordinates": [3.45616, 42.150101]}, "properties": {"var_data": [0.151, -0.221, 0.036, 0.024, 1.098, 0.001, 1, 0, 1, 1, 1]}}, {"type": "Feature", "geometry": {"type": "Point", "coordinates": [3.4915, 42.150101]}, "properties": {"var_data": [0.144, -0.201, 0.02, 0.016, 1.397, 0.0, 1, 0, 1, 1, 1]}}, {"type": "Feature", "geometry": {"type": "Point", "coordinates": [3.59752, 42.150101]}, "properties": {"var_data": [0.186, -0.101, 0.035, 0.041, 1.025, 0.001, 1, 0, 1, 1, 1]}}, {"type": "Feature", "geometry": {"type": "Point", "coordinates": [3.63286, 42.150101]}, "properties": {"var_data": [0.181, 0.004, 0.016, 0.021, 0.79, 0.0, 1, 0, 1, 1, 1]}}, {"type": "Feature", "geometry": {"type": "Point", "coordinates": [3.6682, 42.150101]}, "properties": {"var_data": [0.247, 0.073, 0.029, 0.04, 0.72, -0.001, 1, 1, 1, 1, 1]}}, {"type": "Feature", "geometry": {"type": "Point", "coordinates": [3.70354, 42.150101]}, "properties": {"var_data": [0.245, 0.051, 0.015, 0.023, 0.647, -0.0, 1, 1, 1, 1, 1]}}, {"type": "Feature", "geometry": {"type": "Point", "coordinates": [3.73888, 42.150101]}, "properties": {"var_data": [0.226, 0.001, 0.014, 0.024, 0.848, 0.0, 1, 1, 1, 1, 1]}}, {"type": "Feature", "geometry": {"type": "Point", "coordinates": [3.77422, 42.150101]}, "properties": {"var_data": [0.241, 0.068, 0.031, 0.066, 1.172, 0.002, 1, 0, 1, 1, 1]}}, {"type": "Feature", "geometry": {"type": "Point", "coordinates": [3.80956, 42.150101]}, "properties": {"var_data": [0.247, 0.085, 0.03, 0.066, 1.167, 0.002, 1, 0, 1, 1, 1]}}, {"type": "Feature", "geometry": {"type": "Point", "coordinates": [3.8449, 42.150101]}, "properties": {"var_data": [0.088, -0.369, 0.019, 0.043, 1.293, 0.0, 1, 1, 1, 1, 1]}}, {"type": "Feature", "geometry": {"type": "Point", "coordinates": [3.35014, 42.177101]}, "properties": {"var_data": [0.325, 0.007, 0.026, 0.012, 0.568, 0.0, 1, 1, 1, 1, 1]}}, {"type": "Feature", "geometry": {"type": "Point", "coordinates": [3.38548, 42.177101]}, "properties": {"var_data": [0.406, 0.002, 0.027, 0.016, 0.615, 0.0, 1, 1, 1, 1, 1]}}, {"type": "Feature", "geometry": {"type": "Point", "coordinates": [3.42082, 42.177101]}, "properties": {"var_data": [0.277, -0.101, 0.028, 0.019, 0.776, 0.001, 1, 1, 1, 1, 1]}}, {"type": "Feature", "geometry": {"type": "Point", "coordinates": [3.45616, 42.177101]}, "properties": {"var_data": [0.183, -0.195, 0.03, 0.021, 1.272, 0.001, 1, 0, 1, 1, 1]}}, {"type": "Feature", "geometry": {"type": "Point", "coordinates": [3.59752, 42.177101]}, "properties": {"var_data": [0.206, -0.014, 0.027, 0.035, 0.975, 0.001, 1, 0, 1, 1, 1]}}, {"type": "Feature", "geometry": {"type": "Point", "coordinates": [3.63286, 42.177101]}, "properties": {"var_data": [0.205, -0.034, 0.015, 0.025, 0.793, 0.0, 1, 0, 1, 1, 1]}}, {"type": "Feature", "geometry": {"type": "Point", "coordinates": [3.6682, 42.177101]}, "properties": {"var_data": [0.201, -0.05, 0.019, 0.03, 0.833, -0.0, 1, 0, 1, 1, 1]}}, {"type": "Feature", "geometry": {"type": "Point", "coordinates": [3.70354, 42.177101]}, "properties": {"var_data": [0.219, -0.02, 0.015, 0.026, 0.711, -0.0, 1, 0, 1, 1, 1]}}, {"type": "Feature", "geometry": {"type": "Point", "coordinates": [3.73888, 42.177101]}, "properties": {"var_data": [0.224, -0.039, 0.014, 0.026, 0.851, 0.0, 1, 0, 1, 1, 1]}}, {"type": "Feature", "geometry": {"type": "Point", "coordinates": [3.77422, 42.177101]}, "properties": {"var_data": [0.208, -0.024, 0.029, 0.072, 1.153, 0.002, 1, 0, 1, 1, 1]}}, {"type": "Feature", "geometry": {"type": "Point", "coordinates": [3.3148, 42.204102]}, "properties": {"var_data": [0.356, 0.096, 0.013, 0.003, 0.386, 0.0, 1, 1, 1, 1, 1]}}, {"type": "Feature", "geometry": {"type": "Point", "coordinates": [3.35014, 42.204102]}, "properties": {"var_data": [0.286, 0.033, 0.017, 0.007, 0.465, 0.0, 1, 1, 1, 1, 1]}}, {"type": "Feature", "geometry": {"type": "Point", "coordinates": [3.38548, 42.204102]}, "properties": {"var_data": [0.337, 0.04, 0.027, 0.017, 0.564, 0.0, 1, 1, 1, 1, 1]}}, {"type": "Feature", "geometry": {"type": "Point", "coordinates": [3.42082, 42.204102]}, "properties": {"var_data": [0.308, -0.015, 0.029, 0.022, 0.803, 0.001, 1, 1, 1, 1, 1]}}, {"type": "Feature", "geometry": {"type": "Point", "coordinates": [3.45616, 42.204102]}, "properties": {"var_data": [0.167, -0.187, 0.031, 0.031, 0.839, 0.001, 1, 1, 1, 1, 1]}}, {"type": "Feature", "geometry": {"type": "Point", "coordinates": [3.4915, 42.204102]}, "properties": {"var_data": [0.105, -0.276, 0.031, 0.035, 0.955, 0.001, 1, 0, 1, 1, 1]}}, {"type": "Feature", "geometry": {"type": "Point", "coordinates": [3.52684, 42.204102]}, "properties": {"var_data": [0.168, -0.148, 0.03, 0.041, 0.943, 0.001, 1, 0, 1, 1, 1]}}, {"type": "Feature", "geometry": {"type": "Point", "coordinates": [3.56218, 42.204102]}, "properties": {"var_data": [0.252, 0.049, 0.031, 0.043, 1.39, 0.001, 1, 0, 1, 1, 1]}}, {"type": "Feature", "geometry": {"type": "Point", "coordinates": [3.59752, 42.204102]}, "properties": {"var_data": [0.189, -0.075, 0.022, 0.033, 0.846, 0.001, 1, 0, 1, 1, 1]}}, {"type": "Feature", "geometry": {"type": "Point", "coordinates": [3.63286, 42.204102]}, "properties": {"var_data": [0.195, -0.042, 0.012, 0.018, 0.699, 0.0, 1, 0, 1, 1, 1]}}, {"type": "Feature", "geometry": {"type": "Point", "coordinates": [3.6682, 42.204102]}, "properties": {"var_data": [0.218, -0.027, 0.011, 0.018, 0.732, 0.0, 1, 0, 1, 1, 1]}}, {"type": "Feature", "geometry": {"type": "Point", "coordinates": [3.70354, 42.204102]}, "properties": {"var_data": [0.195, -0.061, 0.012, 0.027, 1.072, 0.0, 1, 1, 1, 1, 1]}}, {"type": "Feature", "geometry": {"type": "Point", "coordinates": [3.73888, 42.204102]}, "properties": {"var_data": [0.182, -0.094, 0.011, 0.026, 1.094, 0.0, 1, 1, 1, 1, 1]}}, {"type": "Feature", "geometry": {"type": "Point", "coordinates": [3.3148, 42.231098]}, "properties": {"var_data": [0.18, 0.076, 0.006, 0.003, 0.281, 0.0, 1, 1, 1, 1, 1]}}, {"type": "Feature", "geometry": {"type": "Point", "coordinates": [3.35014, 42.231098]}, "properties": {"var_data": [0.253, 0.084, 0.006, 0.003, 0.319, 0.0, 1, 1, 1, 1, 1]}}, {"type": "Feature", "geometry": {"type": "Point", "coordinates": [3.38548, 42.231098]}, "properties": {"var_data": [0.223, 0.02, 0.009, 0.009, 0.443, 0.0, 1, 1, 1, 1, 1]}}, {"type": "Feature", "geometry": {"type": "Point", "coordinates": [3.42082, 42.231098]}, "properties": {"var_data": [0.178, -0.073, 0.01, 0.012, 0.496, 0.0, 1, 1, 1, 1, 1]}}, {"type": "Feature", "geometry": {"type": "Point", "coordinates": [3.45616, 42.231098]}, "properties": {"var_data": [0.118, -0.232, 0.023, 0.027, 0.63, 0.001, 1, 0, 1, 1, 1]}}, {"type": "Feature", "geometry": {"type": "Point", "coordinates": [3.4915, 42.231098]}, "properties": {"var_data": [0.138, -0.214, 0.023, 0.037, 0.693, 0.001, 1, 0, 1, 1, 1]}}, {"type": "Feature", "geometry": {"type": "Point", "coordinates": [3.52684, 42.231098]}, "properties": {"var_data": [0.14, -0.199, 0.026, 0.052, 1.026, 0.001, 1, 0, 1, 1, 1]}}, {"type": "Feature", "geometry": {"type": "Point", "coordinates": [3.56218, 42.231098]}, "properties": {"var_data": [0.116, -0.225, 0.021, 0.032, 0.834, 0.001, 1, 1, 1, 1, 1]}}, {"type": "Feature", "geometry": {"type": "Point", "coordinates": [3.59752, 42.231098]}, "properties": {"var_data": [0.13, -0.192, 0.021, 0.032, 0.753, 0.001, 4, 4, 1, 1, 1]}}, {"type": "Feature", "geometry": {"type": "Point", "coordinates": [3.63286, 42.231098]}, "properties": {"var_data": [0.175, -0.107, 0.018, 0.03, 0.854, 0.0, 1, 0, 1, 1, 1]}}, {"type": "Feature", "geometry": {"type": "Point", "coordinates": [3.6682, 42.231098]}, "properties": {"var_data": [0.177, -0.068, 0.01, 0.018, 0.692, 0.0, 1, 0, 1, 1, 1]}}, {"type": "Feature", "geometry": {"type": "Point", "coordinates": [3.70354, 42.231098]}, "properties": {"var_data": [0.162, -0.098, 0.01, 0.023, 0.763, 0.0, 1, 1, 1, 1, 1]}}, {"type": "Feature", "geometry": {"type": "Point", "coordinates": [3.73888, 42.231098]}, "properties": {"var_data": [0.087, -0.277, 0.018, 0.054, 1.351, 0.001, 1, 1, 1, 1, 1]}}, {"type": "Feature", "geometry": {"type": "Point", "coordinates": [3.27946, 42.258099]}, "properties": {"var_data": [-0.064, 0.063, 0.006, 0.003, 0.302, 0.0, 1, 1, 1, 1, 1]}}, {"type": "Feature", "geometry": {"type": "Point", "coordinates": [3.3148, 42.258099]}, "properties": {"var_data": [0.003, 0.048, 0.006, 0.003, 0.203, 0.0, 1, 1, 1, 1, 1]}}, {"type": "Feature", "geometry": {"type": "Point", "coordinates": [3.35014, 42.258099]}, "properties": {"var_data": [0.112, 0.082, 0.005, 0.003, 0.226, 0.0, 1, 1, 1, 1, 1]}}, {"type": "Feature", "geometry": {"type": "Point", "coordinates": [3.38548, 42.258099]}, "properties": {"var_data": [0.12, -0.008, 0.008, 0.01, 0.309, 0.0, 1, 1, 1, 1, 1]}}, {"type": "Feature", "geometry": {"type": "Point", "coordinates": [3.42082, 42.258099]}, "properties": {"var_data": [0.151, -0.055, 0.01, 0.015, 0.367, 0.0, 1, 1, 1, 1, 1]}}, {"type": "Feature", "geometry": {"type": "Point", "coordinates": [3.45616, 42.258099]}, "properties": {"var_data": [0.106, -0.198, 0.011, 0.021, 0.469, 0.0, 1, 0, 1, 1, 1]}}, {"type": "Feature", "geometry": {"type": "Point", "coordinates": [3.4915, 42.258099]}, "properties": {"var_data": [0.09, -0.259, 0.013, 0.028, 0.608, 0.0, 1, 0, 1, 1, 1]}}, {"type": "Feature", "geometry": {"type": "Point", "coordinates": [3.52684, 42.258099]}, "properties": {"var_data": [0.067, -0.333, 0.013, 0.027, 0.565, 0.0, 1, 1, 1, 1, 1]}}, {"type": "Feature", "geometry": {"type": "Point", "coordinates": [3.56218, 42.258099]}, "properties": {"var_data": [0.079, -0.301, 0.014, 0.025, 0.571, 0.0, 1, 1, 1, 1, 1]}}, {"type": "Feature", "geometry": {"type": "Point", "coordinates": [3.59752, 42.258099]}, "properties": {"var_data": [0.058, -0.347, 0.016, 0.026, 0.598, 0.0, 1, 1, 1, 1, 1]}}, {"type": "Feature", "geometry": {"type": "Point", "coordinates": [3.63286, 42.258099]}, "properties": {"var_data": [0.079, -0.265, 0.013, 0.021, 0.577, 0.0, 1, 1, 1, 1, 1]}}, {"type": "Feature", "geometry": {"type": "Point", "coordinates": [3.6682, 42.258099]}, "properties": {"var_data": [0.081, -0.249, 0.013, 0.023, 0.649, 0.0, 4, 4, 1, 1, 1]}}, {"type": "Feature", "geometry": {"type": "Point", "coordinates": [3.70354, 42.258099]}, "properties": {"var_data": [0.059, -0.346, 0.014, 0.031, 0.91, 0.0, 1, 1, 1, 1, 1]}}, {"type": "Feature", "geometry": {"type": "Point", "coordinates": [3.73888, 42.258099]}, "properties": {"var_data": [0.057, -0.295, 0.007, 0.038, 0.966, 0.0, 1, 1, 1, 1, 1]}}, {"type": "Feature", "geometry": {"type": "Point", "coordinates": [3.77422, 42.258099]}, "properties": {"var_data": [0.023, -0.289, 0.009, 0.077, 1.274, 0.001, 1, 1, 1, 1, 1]}}, {"type": "Feature", "geometry": {"type": "Point", "coordinates": [3.3148, 42.285099]}, "properties": {"var_data": [0.015, 0.053, 0.005, 0.003, 0.178, 0.0, 1, 1, 1, 1, 1]}}, {"type": "Feature", "geometry": {"type": "Point", "coordinates": [3.35014, 42.285099]}, "properties": {"var_data": [0.059, 0.068, 0.005, 0.003, 0.191, 0.0, 1, 1, 1, 1, 1]}}, {"type": "Feature", "geometry": {"type": "Point", "coordinates": [3.38548, 42.285099]}, "properties": {"var_data": [0.073, 0.0, 0.008, 0.01, 0.264, 0.0, 1, 1, 1, 1, 1]}}, {"type": "Feature", "geometry": {"type": "Point", "coordinates": [3.42082, 42.285099]}, "properties": {"var_data": [0.082, -0.103, 0.009, 0.016, 0.328, 0.0, 1, 1, 1, 1, 1]}}, {"type": "Feature", "geometry": {"type": "Point", "coordinates": [3.45616, 42.285099]}, "properties": {"var_data": [0.073, -0.185, 0.009, 0.02, 0.408, 0.0, 1, 1, 1, 1, 1]}}, {"type": "Feature", "geometry": {"type": "Point", "coordinates": [3.4915, 42.285099]}, "properties": {"var_data": [0.038, -0.349, 0.01, 0.027, 0.453, 0.0, 1, 1, 1, 1, 1]}}, {"type": "Feature", "geometry": {"type": "Point", "coordinates": [3.52684, 42.285099]}, "properties": {"var_data": [0.03, -0.403, 0.01, 0.023, 0.46, 0.0, 1, 1, 1, 1, 1]}}, {"type": "Feature", "geometry": {"type": "Point", "coordinates": [3.56218, 42.285099]}, "properties": {"var_data": [0.011, -0.4, 0.011, 0.025, 0.491, 0.0, 1, 1, 1, 1, 1]}}, {"type": "Feature", "geometry": {"type": "Point", "coordinates": [3.59752, 42.285099]}, "properties": {"var_data": [0.009, -0.389, 0.012, 0.019, 0.476, 0.0, 1, 1, 1, 1, 1]}}, {"type": "Feature", "geometry": {"type": "Point", "coordinates": [3.63286, 42.285099]}, "properties": {"var_data": [0.019, -0.369, 0.011, 0.019, 0.496, 0.0, 1, 1, 1, 1, 1]}}, {"type": "Feature", "geometry": {"type": "Point", "coordinates": [3.6682, 42.285099]}, "properties": {"var_data": [0.004, -0.4, 0.012, 0.027, 0.668, 0.0, 1, 1, 1, 1, 1]}}, {"type": "Feature", "geometry": {"type": "Point", "coordinates": [3.70354, 42.285099]}, "properties": {"var_data": [0.001, -0.364, 0.012, 0.026, 0.663, 0.0, 1, 1, 1, 1, 1]}}, {"type": "Feature", "geometry": {"type": "Point", "coordinates": [3.73888, 42.285099]}, "properties": {"var_data": [0.013, -0.292, 0.006, 0.03, 0.751, 0.0, 1, 0, 1, 1, 1]}}, {"type": "Feature", "geometry": {"type": "Point", "coordinates": [3.77422, 42.285099]}, "properties": {"var_data": [-0.002, -0.316, 0.01, 0.102, 1.542, 0.001, 1, 0, 1, 1, 1]}}, {"type": "Feature", "geometry": {"type": "Point", "coordinates": [3.80956, 42.285099]}, "properties": {"var_data": [0.019, -0.27, 0.009, 0.101, 1.552, 0.001, 1, 0, 1, 1, 1]}}, {"type": "Feature", "geometry": {"type": "Point", "coordinates": [3.3148, 42.312099]}, "properties": {"var_data": [-0.005, 0.015, 0.006, 0.005, 0.175, 0.0, 1, 1, 1, 1, 1]}}, {"type": "Feature", "geometry": {"type": "Point", "coordinates": [3.35014, 42.312099]}, "properties": {"var_data": [0.048, 0.078, 0.008, 0.008, 0.216, 0.0, 1, 1, 1, 1, 1]}}, {"type": "Feature", "geometry": {"type": "Point", "coordinates": [3.38548, 42.312099]}, "properties": {"var_data": [0.044, 0.011, 0.008, 0.011, 0.269, 0.0, 1, 1, 1, 1, 1]}}, {"type": "Feature", "geometry": {"type": "Point", "coordinates": [3.42082, 42.312099]}, "properties": {"var_data": [0.068, -0.088, 0.008, 0.016, 0.351, 0.0, 1, 1, 1, 1, 1]}}, {"type": "Feature", "geometry": {"type": "Point", "coordinates": [3.45616, 42.312099]}, "properties": {"var_data": [0.052, -0.197, 0.009, 0.023, 0.385, 0.0, 1, 1, 1, 1, 1]}}, {"type": "Feature", "geometry": {"type": "Point", "coordinates": [3.4915, 42.312099]}, "properties": {"var_data": [0.024, -0.311, 0.009, 0.027, 0.412, 0.0, 1, 1, 1, 1, 1]}}, {"type": "Feature", "geometry": {"type": "Point", "coordinates": [3.52684, 42.312099]}, "properties": {"var_data": [-0.005, -0.383, 0.009, 0.023, 0.391, 0.0, 1, 1, 1, 1, 1]}}, {"type": "Feature", "geometry": {"type": "Point", "coordinates": [3.56218, 42.312099]}, "properties": {"var_data": [-0.035, -0.414, 0.009, 0.02, 0.412, 0.0, 1, 1, 1, 1, 1]}}, {"type": "Feature", "geometry": {"type": "Point", "coordinates": [3.59752, 42.312099]}, "properties": {"var_data": [-0.051, -0.447, 0.009, 0.017, 0.423, 0.0, 1, 1, 1, 1, 1]}}, {"type": "Feature", "geometry": {"type": "Point", "coordinates": [3.63286, 42.312099]}, "properties": {"var_data": [-0.046, -0.411, 0.009, 0.019, 0.5, 0.0, 1, 1, 1, 1, 1]}}, {"type": "Feature", "geometry": {"type": "Point", "coordinates": [3.6682, 42.312099]}, "properties": {"var_data": [-0.054, -0.402, 0.008, 0.017, 0.504, 0.0, 1, 1, 1, 1, 1]}}, {"type": "Feature", "geometry": {"type": "Point", "coordinates": [3.70354, 42.312099]}, "properties": {"var_data": [-0.045, -0.371, 0.008, 0.019, 0.521, 0.0, 1, 1, 1, 1, 1]}}, {"type": "Feature", "geometry": {"type": "Point", "coordinates": [3.73888, 42.312099]}, "properties": {"var_data": [-0.041, -0.383, 0.005, 0.025, 0.754, 0.0, 1, 0, 1, 1, 1]}}, {"type": "Feature", "geometry": {"type": "Point", "coordinates": [3.77422, 42.312099]}, "properties": {"var_data": [-0.032, -0.363, 0.006, 0.038, 0.859, 0.0, 1, 0, 1, 1, 1]}}, {"type": "Feature", "geometry": {"type": "Point", "coordinates": [3.80956, 42.312099]}, "properties": {"var_data": [-0.008, -0.399, 0.008, 0.087, 1.487, 0.0, 1, 0, 1, 1, 1]}}, {"type": "Feature", "geometry": {"type": "Point", "coordinates": [3.27946, 42.3391]}, "properties": {"var_data": [-0.084, -0.043, 0.009, 0.005, 0.235, 0.0, 1, 1, 1, 1, 1]}}, {"type": "Feature", "geometry": {"type": "Point", "coordinates": [3.3148, 42.3391]}, "properties": {"var_data": [-0.06, -0.03, 0.009, 0.006, 0.192, 0.0, 1, 1, 1, 1, 1]}}, {"type": "Feature", "geometry": {"type": "Point", "coordinates": [3.35014, 42.3391]}, "properties": {"var_data": [-0.008, -0.012, 0.004, 0.005, 0.224, -0.0, 1, 1, 1, 1, 1]}}, {"type": "Feature", "geometry": {"type": "Point", "coordinates": [3.38548, 42.3391]}, "properties": {"var_data": [0.021, -0.048, 0.005, 0.007, 0.304, -0.0, 1, 1, 1, 1, 1]}}, {"type": "Feature", "geometry": {"type": "Point", "coordinates": [3.42082, 42.3391]}, "properties": {"var_data": [0.024, -0.159, 0.005, 0.008, 0.309, -0.0, 1, 1, 1, 1, 1]}}, {"type": "Feature", "geometry": {"type": "Point", "coordinates": [3.45616, 42.3391]}, "properties": {"var_data": [-0.001, -0.283, 0.006, 0.011, 0.343, -0.0, 1, 1, 1, 1, 1]}}, {"type": "Feature", "geometry": {"type": "Point", "coordinates": [3.4915, 42.3391]}, "properties": {"var_data": [-0.027, -0.229, 0.008, 0.018, 0.363, 0.0, 1, 1, 1, 1, 1]}}, {"type": "Feature", "geometry": {"type": "Point", "coordinates": [3.52684, 42.3391]}, "properties": {"var_data": [-0.042, -0.305, 0.009, 0.022, 0.387, 0.0, 1, 1, 1, 1, 1]}}, {"type": "Feature", "geometry": {"type": "Point", "coordinates": [3.56218, 42.3391]}, "properties": {"var_data": [-0.062, -0.357, 0.007, 0.019, 0.386, 0.0, 1, 1, 1, 1, 1]}}, {"type": "Feature", "geometry": {"type": "Point", "coordinates": [3.59752, 42.3391]}, "properties": {"var_data": [-0.083, -0.383, 0.007, 0.017, 0.436, 0.0, 1, 1, 1, 1, 1]}}, {"type": "Feature", "geometry": {"type": "Point", "coordinates": [3.63286, 42.3391]}, "properties": {"var_data": [-0.091, -0.412, 0.006, 0.014, 0.418, 0.0, 1, 1, 1, 1, 1]}}, {"type": "Feature", "geometry": {"type": "Point", "coordinates": [3.6682, 42.3391]}, "properties": {"var_data": [-0.095, -0.422, 0.006, 0.014, 0.475, 0.0, 1, 1, 1, 1, 1]}}, {"type": "Feature", "geometry": {"type": "Point", "coordinates": [3.70354, 42.3391]}, "properties": {"var_data": [-0.09, -0.426, 0.006, 0.018, 0.581, 0.0, 1, 1, 1, 1, 1]}}, {"type": "Feature", "geometry": {"type": "Point", "coordinates": [3.73888, 42.3391]}, "properties": {"var_data": [-0.077, -0.352, 0.008, 0.027, 0.606, 0.0, 1, 1, 1, 1, 1]}}, {"type": "Feature", "geometry": {"type": "Point", "coordinates": [3.77422, 42.3391]}, "properties": {"var_data": [-0.066, -0.374, 0.005, 0.032, 0.737, 0.0, 1, 0, 1, 1, 1]}}, {"type": "Feature", "geometry": {"type": "Point", "coordinates": [3.80956, 42.3391]}, "properties": {"var_data": [-0.039, -0.281, 0.007, 0.061, 0.97, 0.0, 1, 0, 1, 1, 1]}}, {"type": "Feature", "geometry": {"type": "Point", "coordinates": [3.8449, 42.3391]}, "properties": {"var_data": [-0.015, -0.343, 0.012, 0.096, 1.555, -0.0, 1, 0, 1, 1, 1]}}, {"type": "Feature", "geometry": {"type": "Point", "coordinates": [3.20878, 42.3661]}, "properties": {"var_data": [-0.526, -0.188, 0.031, 0.016, 0.719, 0.0, 1, 1, 1, 1, 1]}}, {"type": "Feature", "geometry": {"type": "Point", "coordinates": [3.24412, 42.3661]}, "properties": {"var_data": [-0.324, -0.12, 0.015, 0.008, 0.42, 0.0, 1, 1, 1, 1, 1]}}, {"type": "Feature", "geometry": {"type": "Point", "coordinates": [3.27946, 42.3661]}, "properties": {"var_data": [-0.146, -0.079, 0.013, 0.007, 0.307, 0.0, 1, 1, 1, 1, 1]}}, {"type": "Feature", "geometry": {"type": "Point", "coordinates": [3.3148, 42.3661]}, "properties": {"var_data": [-0.08, -0.094, 0.009, 0.005, 0.215, 0.0, 1, 1, 1, 1, 1]}}, {"type": "Feature", "geometry": {"type": "Point", "coordinates": [3.35014, 42.3661]}, "properties": {"var_data": [-0.032, -0.116, 0.004, 0.005, 0.237, -0.0, 1, 1, 1, 1, 1]}}, {"type": "Feature", "geometry": {"type": "Point", "coordinates": [3.38548, 42.3661]}, "properties": {"var_data": [-0.026, -0.11, 0.005, 0.008, 0.309, -0.0, 1, 1, 1, 1, 1]}}, {"type": "Feature", "geometry": {"type": "Point", "coordinates": [3.42082, 42.3661]}, "properties": {"var_data": [-0.09, -0.172, 0.008, 0.013, 0.322, -0.0, 1, 1, 1, 1, 1]}}, {"type": "Feature", "geometry": {"type": "Point", "coordinates": [3.45616, 42.3661]}, "properties": {"var_data": [-0.095, -0.197, 0.007, 0.012, 0.31, -0.0, 1, 1, 1, 1, 1]}}, {"type": "Feature", "geometry": {"type": "Point", "coordinates": [3.4915, 42.3661]}, "properties": {"var_data": [-0.093, -0.232, 0.009, 0.016, 0.337, 0.0, 1, 1, 1, 1, 1]}}, {"type": "Feature", "geometry": {"type": "Point", "coordinates": [3.52684, 42.3661]}, "properties": {"var_data": [-0.1, -0.245, 0.007, 0.015, 0.342, -0.0, 1, 1, 1, 1, 1]}}, {"type": "Feature", "geometry": {"type": "Point", "coordinates": [3.56218, 42.3661]}, "properties": {"var_data": [-0.091, -0.292, 0.007, 0.018, 0.405, -0.0, 1, 1, 1, 1, 1]}}, {"type": "Feature", "geometry": {"type": "Point", "coordinates": [3.59752, 42.3661]}, "properties": {"var_data": [-0.102, -0.352, 0.006, 0.014, 0.395, -0.0, 1, 1, 1, 1, 1]}}, {"type": "Feature", "geometry": {"type": "Point", "coordinates": [3.63286, 42.3661]}, "properties": {"var_data": [-0.101, -0.38, 0.005, 0.014, 0.405, -0.0, 1, 1, 1, 1, 1]}}, {"type": "Feature", "geometry": {"type": "Point", "coordinates": [3.6682, 42.3661]}, "properties": {"var_data": [-0.107, -0.414, 0.005, 0.016, 0.456, -0.0, 1, 1, 1, 1, 1]}}, {"type": "Feature", "geometry": {"type": "Point", "coordinates": [3.70354, 42.3661]}, "properties": {"var_data": [-0.11, -0.397, 0.005, 0.015, 0.47, -0.0, 1, 1, 1, 1, 1]}}, {"type": "Feature", "geometry": {"type": "Point", "coordinates": [3.73888, 42.3661]}, "properties": {"var_data": [-0.108, -0.388, 0.006, 0.022, 0.552, -0.0, 1, 1, 1, 1, 1]}}, {"type": "Feature", "geometry": {"type": "Point", "coordinates": [3.77422, 42.3661]}, "properties": {"var_data": [-0.093, -0.354, 0.012, 0.067, 0.84, -0.0, 1, 0, 1, 1, 1]}}, {"type": "Feature", "geometry": {"type": "Point", "coordinates": [3.80956, 42.3661]}, "properties": {"var_data": [-0.076, -0.411, 0.011, 0.026, 0.968, 0.0, 1, 0, 1, 1, 1]}}, {"type": "Feature", "geometry": {"type": "Point", "coordinates": [3.8449, 42.3661]}, "properties": {"var_data": [-0.054, -0.596, 0.013, 0.087, 1.402, -0.0, 1, 0, 1, 1, 1]}}, {"type": "Feature", "geometry": {"type": "Point", "coordinates": [3.17344, 42.393101]}, "properties": {"var_data": [-0.026, 0.059, 0.069, 0.04, 1.03, 0.003, 1, 1, 1, 1, 1]}}, {"type": "Feature", "geometry": {"type": "Point", "coordinates": [3.20878, 42.393101]}, "properties": {"var_data": [-0.439, -0.143, 0.024, 0.013, 0.634, 0.0, 1, 1, 1, 1, 1]}}, {"type": "Feature", "geometry": {"type": "Point", "coordinates": [3.24412, 42.393101]}, "properties": {"var_data": [-0.377, -0.135, 0.014, 0.007, 0.372, 0.0, 1, 1, 1, 1, 1]}}, {"type": "Feature", "geometry": {"type": "Point", "coordinates": [3.27946, 42.393101]}, "properties": {"var_data": [-0.328, -0.121, 0.011, 0.005, 0.301, 0.0, 1, 1, 1, 1, 1]}}, {"type": "Feature", "geometry": {"type": "Point", "coordinates": [3.3148, 42.393101]}, "properties": {"var_data": [-0.16, -0.126, 0.01, 0.005, 0.285, 0.0, 1, 1, 1, 1, 1]}}, {"type": "Feature", "geometry": {"type": "Point", "coordinates": [3.35014, 42.393101]}, "properties": {"var_data": [-0.146, -0.146, 0.004, 0.005, 0.285, -0.0, 1, 1, 1, 1, 1]}}, {"type": "Feature", "geometry": {"type": "Point", "coordinates": [3.38548, 42.393101]}, "properties": {"var_data": [-0.2, -0.153, 0.007, 0.01, 0.316, -0.0, 1, 1, 1, 1, 1]}}, {"type": "Feature", "geometry": {"type": "Point", "coordinates": [3.42082, 42.393101]}, "properties": {"var_data": [-0.177, -0.166, 0.007, 0.011, 0.333, -0.0, 1, 1, 1, 1, 1]}}, {"type": "Feature", "geometry": {"type": "Point", "coordinates": [3.45616, 42.393101]}, "properties": {"var_data": [-0.167, -0.176, 0.007, 0.012, 0.344, -0.0, 1, 1, 1, 1, 1]}}, {"type": "Feature", "geometry": {"type": "Point", "coordinates": [3.4915, 42.393101]}, "properties": {"var_data": [-0.136, -0.171, 0.01, 0.015, 0.333, 0.0, 1, 1, 1, 1, 1]}}, {"type": "Feature", "geometry": {"type": "Point", "coordinates": [3.52684, 42.393101]}, "properties": {"var_data": [-0.105, -0.182, 0.006, 0.012, 0.343, -0.0, 1, 1, 1, 1, 1]}}, {"type": "Feature", "geometry": {"type": "Point", "coordinates": [3.56218, 42.393101]}, "properties": {"var_data": [-0.084, -0.21, 0.007, 0.015, 0.366, -0.0, 1, 1, 1, 1, 1]}}, {"type": "Feature", "geometry": {"type": "Point", "coordinates": [3.59752, 42.393101]}, "properties": {"var_data": [-0.083, -0.247, 0.005, 0.011, 0.369, -0.0, 1, 1, 1, 1, 1]}}, {"type": "Feature", "geometry": {"type": "Point", "coordinates": [3.63286, 42.393101]}, "properties": {"var_data": [-0.088, -0.282, 0.005, 0.012, 0.393, -0.0, 1, 1, 1, 1, 1]}}, {"type": "Feature", "geometry": {"type": "Point", "coordinates": [3.6682, 42.393101]}, "properties": {"var_data": [-0.11, -0.392, 0.005, 0.015, 0.429, -0.0, 1, 1, 1, 1, 1]}}, {"type": "Feature", "geometry": {"type": "Point", "coordinates": [3.70354, 42.393101]}, "properties": {"var_data": [-0.117, -0.398, 0.005, 0.016, 0.467, -0.0, 1, 1, 1, 1, 1]}}, {"type": "Feature", "geometry": {"type": "Point", "coordinates": [3.73888, 42.393101]}, "properties": {"var_data": [-0.135, -0.418, 0.008, 0.031, 0.544, -0.0, 1, 1, 1, 1, 1]}}, {"type": "Feature", "geometry": {"type": "Point", "coordinates": [3.77422, 42.393101]}, "properties": {"var_data": [-0.138, -0.467, 0.006, 0.014, 0.563, 0.0, 1, 1, 1, 1, 1]}}, {"type": "Feature", "geometry": {"type": "Point", "coordinates": [3.80956, 42.393101]}, "properties": {"var_data": [-0.122, -0.487, 0.011, 0.024, 0.685, 0.0, 1, 1, 1, 1, 1]}}, {"type": "Feature", "geometry": {"type": "Point", "coordinates": [3.8449, 42.393101]}, "properties": {"var_data": [-0.097, -0.63, 0.012, 0.026, 0.916, 0.0, 1, 0, 1, 1, 1]}}, {"type": "Feature", "geometry": {"type": "Point", "coordinates": [3.88024, 42.393101]}, "properties": {"var_data": [-0.038, -0.736, 0.014, 0.033, 1.544, 0.0, 1, 0, 1, 1, 1]}}, {"type": "Feature", "geometry": {"type": "Point", "coordinates": [3.17344, 42.420101]}, "properties": {"var_data": [-0.031, 0.055, 0.047, 0.027, 0.93, 0.001, 1, 1, 1, 1, 1]}}, {"type": "Feature", "geometry": {"type": "Point", "coordinates": [3.20878, 42.420101]}, "properties": {"var_data": [-0.214, -0.039, 0.026, 0.014, 0.528, 0.0, 1, 1, 1, 1, 1]}}, {"type": "Feature", "geometry": {"type": "Point", "coordinates": [3.24412, 42.420101]}, "properties": {"var_data": [-0.401, -0.124, 0.014, 0.008, 0.372, 0.0, 1, 1, 1, 1, 1]}}, {"type": "Feature", "geometry": {"type": "Point", "coordinates": [3.27946, 42.420101]}, "properties": {"var_data": [-0.357, -0.118, 0.01, 0.005, 0.287, 0.0, 1, 1, 1, 1, 1]}}, {"type": "Feature", "geometry": {"type": "Point", "coordinates": [3.3148, 42.420101]}, "properties": {"var_data": [-0.287, -0.135, 0.01, 0.005, 0.314, 0.0, 1, 1, 1, 1, 1]}}, {"type": "Feature", "geometry": {"type": "Point", "coordinates": [3.35014, 42.420101]}, "properties": {"var_data": [-0.255, -0.154, 0.011, 0.006, 0.321, 0.0, 1, 1, 1, 1, 1]}}, {"type": "Feature", "geometry": {"type": "Point", "coordinates": [3.38548, 42.420101]}, "properties": {"var_data": [-0.238, -0.165, 0.006, 0.009, 0.306, -0.0, 1, 1, 1, 1, 1]}}, {"type": "Feature", "geometry": {"type": "Point", "coordinates": [3.42082, 42.420101]}, "properties": {"var_data": [-0.202, -0.155, 0.006, 0.01, 0.344, -0.0, 1, 1, 1, 1, 1]}}, {"type": "Feature", "geometry": {"type": "Point", "coordinates": [3.45616, 42.420101]}, "properties": {"var_data": [-0.174, -0.149, 0.01, 0.015, 0.344, 0.0, 1, 1, 1, 1, 1]}}, {"type": "Feature", "geometry": {"type": "Point", "coordinates": [3.4915, 42.420101]}, "properties": {"var_data": [-0.146, -0.134, 0.011, 0.016, 0.354, 0.0, 1, 1, 1, 1, 1]}}, {"type": "Feature", "geometry": {"type": "Point", "coordinates": [3.52684, 42.420101]}, "properties": {"var_data": [-0.112, -0.168, 0.006, 0.011, 0.346, -0.0, 1, 1, 1, 1, 1]}}, {"type": "Feature", "geometry": {"type": "Point", "coordinates": [3.56218, 42.420101]}, "properties": {"var_data": [-0.083, -0.146, 0.006, 0.012, 0.36, -0.0, 1, 1, 1, 1, 1]}}, {"type": "Feature", "geometry": {"type": "Point", "coordinates": [3.59752, 42.420101]}, "properties": {"var_data": [-0.074, -0.21, 0.006, 0.013, 0.363, -0.0, 1, 1, 1, 1, 1]}}, {"type": "Feature", "geometry": {"type": "Point", "coordinates": [3.63286, 42.420101]}, "properties": {"var_data": [-0.085, -0.273, 0.007, 0.016, 0.39, -0.0, 1, 1, 1, 1, 1]}}, {"type": "Feature", "geometry": {"type": "Point", "coordinates": [3.6682, 42.420101]}, "properties": {"var_data": [-0.082, -0.307, 0.006, 0.017, 0.423, -0.0, 1, 1, 1, 1, 1]}}, {"type": "Feature", "geometry": {"type": "Point", "coordinates": [3.70354, 42.420101]}, "properties": {"var_data": [-0.104, -0.394, 0.008, 0.021, 0.464, -0.0, 1, 1, 1, 1, 1]}}, {"type": "Feature", "geometry": {"type": "Point", "coordinates": [3.73888, 42.420101]}, "properties": {"var_data": [-0.15, -0.482, 0.005, 0.014, 0.492, -0.0, 1, 1, 1, 1, 1]}}, {"type": "Feature", "geometry": {"type": "Point", "coordinates": [3.77422, 42.420101]}, "properties": {"var_data": [-0.168, -0.515, 0.004, 0.011, 0.515, 0.0, 1, 1, 1, 1, 1]}}, {"type": "Feature", "geometry": {"type": "Point", "coordinates": [3.80956, 42.420101]}, "properties": {"var_data": [-0.146, -0.595, 0.005, 0.012, 0.721, 0.0, 1, 1, 1, 1, 1]}}, {"type": "Feature", "geometry": {"type": "Point", "coordinates": [3.8449, 42.420101]}, "properties": {"var_data": [-0.135, -0.596, 0.013, 0.029, 0.916, 0.0, 1, 0, 1, 1, 1]}}, {"type": "Feature", "geometry": {"type": "Point", "coordinates": [3.88024, 42.420101]}, "properties": {"var_data": [-0.12, -0.593, 0.018, 0.04, 1.61, 0.001, 1, 0, 1, 1, 1]}}, {"type": "Feature", "geometry": {"type": "Point", "coordinates": [3.17344, 42.447102]}, "properties": {"var_data": [0.115, 0.147, 0.064, 0.038, 0.8, 0.002, 1, 1, 1, 1, 1]}}, {"type": "Feature", "geometry": {"type": "Point", "coordinates": [3.20878, 42.447102]}, "properties": {"var_data": [-0.14, 0.005, 0.02, 0.013, 0.517, 0.0, 1, 1, 1, 1, 1]}}, {"type": "Feature", "geometry": {"type": "Point", "coordinates": [3.24412, 42.447102]}, "properties": {"var_data": [-0.336, -0.09, 0.011, 0.007, 0.375, 0.0, 1, 1, 1, 1, 1]}}, {"type": "Feature", "geometry": {"type": "Point", "coordinates": [3.27946, 42.447102]}, "properties": {"var_data": [-0.348, -0.108, 0.009, 0.005, 0.302, 0.0, 1, 1, 1, 1, 1]}}, {"type": "Feature", "geometry": {"type": "Point", "coordinates": [3.3148, 42.447102]}, "properties": {"var_data": [-0.285, -0.127, 0.008, 0.004, 0.284, -0.0, 1, 1, 1, 1, 1]}}, {"type": "Feature", "geometry": {"type": "Point", "coordinates": [3.35014, 42.447102]}, "properties": {"var_data": [-0.255, -0.138, 0.01, 0.004, 0.305, -0.0, 1, 1, 1, 1, 1]}}, {"type": "Feature", "geometry": {"type": "Point", "coordinates": [3.38548, 42.447102]}, "properties": {"var_data": [-0.239, -0.141, 0.011, 0.007, 0.321, -0.0, 1, 1, 1, 1, 1]}}, {"type": "Feature", "geometry": {"type": "Point", "coordinates": [3.42082, 42.447102]}, "properties": {"var_data": [-0.2, -0.128, 0.03, 0.034, 0.565, 0.001, 1, 1, 1, 1, 1]}}, {"type": "Feature", "geometry": {"type": "Point", "coordinates": [3.45616, 42.447102]}, "properties": {"var_data": [-0.181, -0.12, 0.027, 0.035, 0.471, 0.001, 1, 1, 1, 1, 1]}}, {"type": "Feature", "geometry": {"type": "Point", "coordinates": [3.4915, 42.447102]}, "properties": {"var_data": [-0.127, -0.116, 0.021, 0.03, 0.407, 0.001, 1, 1, 1, 1, 1]}}, {"type": "Feature", "geometry": {"type": "Point", "coordinates": [3.52684, 42.447102]}, "properties": {"var_data": [-0.114, -0.145, 0.007, 0.014, 0.422, -0.0, 1, 1, 1, 1, 1]}}, {"type": "Feature", "geometry": {"type": "Point", "coordinates": [3.56218, 42.447102]}, "properties": {"var_data": [-0.08, -0.125, 0.007, 0.014, 0.386, -0.0, 1, 1, 1, 1, 1]}}, {"type": "Feature", "geometry": {"type": "Point", "coordinates": [3.59752, 42.447102]}, "properties": {"var_data": [-0.083, -0.18, 0.007, 0.014, 0.359, -0.0, 1, 1, 1, 1, 1]}}, {"type": "Feature", "geometry": {"type": "Point", "coordinates": [3.63286, 42.447102]}, "properties": {"var_data": [-0.093, -0.234, 0.007, 0.016, 0.404, -0.0, 1, 1, 1, 1, 1]}}, {"type": "Feature", "geometry": {"type": "Point", "coordinates": [3.6682, 42.447102]}, "properties": {"var_data": [-0.06, -0.244, 0.007, 0.016, 0.414, -0.0, 1, 1, 1, 1, 1]}}, {"type": "Feature", "geometry": {"type": "Point", "coordinates": [3.70354, 42.447102]}, "properties": {"var_data": [-0.087, -0.339, 0.007, 0.018, 0.434, -0.0, 1, 1, 1, 1, 1]}}, {"type": "Feature", "geometry": {"type": "Point", "coordinates": [3.73888, 42.447102]}, "properties": {"var_data": [-0.121, -0.437, 0.004, 0.01, 0.512, 0.0, 1, 1, 1, 1, 1]}}, {"type": "Feature", "geometry": {"type": "Point", "coordinates": [3.77422, 42.447102]}, "properties": {"var_data": [-0.133, -0.468, 0.005, 0.011, 0.504, 0.0, 1, 1, 1, 1, 1]}}, {"type": "Feature", "geometry": {"type": "Point", "coordinates": [3.80956, 42.447102]}, "properties": {"var_data": [-0.168, -0.593, 0.003, 0.008, 0.592, -0.0, 1, 1, 1, 1, 1]}}, {"type": "Feature", "geometry": {"type": "Point", "coordinates": [3.8449, 42.447102]}, "properties": {"var_data": [-0.142, -0.59, 0.003, 0.008, 0.695, -0.0, 1, 0, 1, 1, 1]}}, {"type": "Feature", "geometry": {"type": "Point", "coordinates": [3.88024, 42.447102]}, "properties": {"var_data": [-0.167, -0.438, 0.055, 0.146, 1.534, -0.008, 1, 0, 1, 1, 1]}}, {"type": "Feature", "geometry": {"type": "Point", "coordinates": [3.17344, 42.474098]}, "properties": {"var_data": [0.112, 0.17, 0.029, 0.019, 0.742, 0.001, 1, 1, 1, 1, 1]}}, {"type": "Feature", "geometry": {"type": "Point", "coordinates": [3.20878, 42.474098]}, "properties": {"var_data": [-0.095, 0.05, 0.023, 0.015, 0.505, 0.0, 1, 1, 1, 1, 1]}}, {"type": "Feature", "geometry": {"type": "Point", "coordinates": [3.24412, 42.474098]}, "properties": {"var_data": [-0.298, -0.054, 0.012, 0.008, 0.392, 0.0, 1, 1, 1, 1, 1]}}, {"type": "Feature", "geometry": {"type": "Point", "coordinates": [3.27946, 42.474098]}, "properties": {"var_data": [-0.31, -0.083, 0.007, 0.004, 0.309, 0.0, 1, 1, 1, 1, 1]}}, {"type": "Feature", "geometry": {"type": "Point", "coordinates": [3.3148, 42.474098]}, "properties": {"var_data": [-0.27, -0.126, 0.007, 0.003, 0.282, -0.0, 1, 1, 1, 1, 1]}}, {"type": "Feature", "geometry": {"type": "Point", "coordinates": [3.35014, 42.474098]}, "properties": {"var_data": [-0.254, -0.134, 0.008, 0.004, 0.284, -0.0, 1, 1, 1, 1, 1]}}, {"type": "Feature", "geometry": {"type": "Point", "coordinates": [3.38548, 42.474098]}, "properties": {"var_data": [-0.245, -0.131, 0.009, 0.004, 0.3, -0.0, 1, 1, 1, 1, 1]}}, {"type": "Feature", "geometry": {"type": "Point", "coordinates": [3.42082, 42.474098]}, "properties": {"var_data": [-0.229, -0.138, 0.01, 0.008, 0.404, 0.0, 1, 1, 1, 1, 1]}}, {"type": "Feature", "geometry": {"type": "Point", "coordinates": [3.4915, 42.474098]}, "properties": {"var_data": [-0.09, -0.036, 0.039, 0.061, 0.625, 0.002, 1, 1, 1, 1, 1]}}, {"type": "Feature", "geometry": {"type": "Point", "coordinates": [3.52684, 42.474098]}, "properties": {"var_data": [-0.102, -0.125, 0.012, 0.021, 0.493, 0.0, 1, 1, 1, 1, 1]}}, {"type": "Feature", "geometry": {"type": "Point", "coordinates": [3.56218, 42.474098]}, "properties": {"var_data": [-0.078, -0.141, 0.007, 0.014, 0.445, -0.0, 1, 1, 1, 1, 1]}}, {"type": "Feature", "geometry": {"type": "Point", "coordinates": [3.59752, 42.474098]}, "properties": {"var_data": [-0.075, -0.173, 0.006, 0.013, 0.412, -0.0, 1, 1, 1, 1, 1]}}, {"type": "Feature", "geometry": {"type": "Point", "coordinates": [3.63286, 42.474098]}, "properties": {"var_data": [-0.087, -0.195, 0.005, 0.012, 0.422, -0.0, 1, 1, 1, 1, 1]}}, {"type": "Feature", "geometry": {"type": "Point", "coordinates": [3.6682, 42.474098]}, "properties": {"var_data": [-0.053, -0.224, 0.005, 0.012, 0.429, -0.0, 1, 1, 1, 1, 1]}}, {"type": "Feature", "geometry": {"type": "Point", "coordinates": [3.70354, 42.474098]}, "properties": {"var_data": [-0.075, -0.301, 0.004, 0.009, 0.473, 0.0, 1, 1, 1, 1, 1]}}, {"type": "Feature", "geometry": {"type": "Point", "coordinates": [3.73888, 42.474098]}, "properties": {"var_data": [-0.078, -0.377, 0.004, 0.011, 0.499, 0.0, 1, 1, 1, 1, 1]}}, {"type": "Feature", "geometry": {"type": "Point", "coordinates": [3.77422, 42.474098]}, "properties": {"var_data": [-0.127, -0.464, 0.003, 0.007, 0.504, -0.0, 1, 1, 1, 1, 1]}}, {"type": "Feature", "geometry": {"type": "Point", "coordinates": [3.80956, 42.474098]}, "properties": {"var_data": [-0.147, -0.457, 0.003, 0.007, 0.544, -0.0, 1, 1, 1, 1, 1]}}, {"type": "Feature", "geometry": {"type": "Point", "coordinates": [3.8449, 42.474098]}, "properties": {"var_data": [-0.152, -0.387, 0.028, 0.074, 0.803, -0.002, 1, 0, 1, 1, 1]}}, {"type": "Feature", "geometry": {"type": "Point", "coordinates": [3.88024, 42.474098]}, "properties": {"var_data": [-0.184, -0.294, 0.034, 0.09, 1.136, -0.003, 1, 0, 1, 1, 1]}}, {"type": "Feature", "geometry": {"type": "Point", "coordinates": [3.1381, 42.501099]}, "properties": {"var_data": [0.067, 0.146, 0.07, 0.039, 0.964, 0.003, 1, 1, 1, 1, 1]}}, {"type": "Feature", "geometry": {"type": "Point", "coordinates": [3.17344, 42.501099]}, "properties": {"var_data": [0.196, 0.219, 0.03, 0.022, 0.801, 0.001, 1, 1, 1, 1, 1]}}, {"type": "Feature", "geometry": {"type": "Point", "coordinates": [3.20878, 42.501099]}, "properties": {"var_data": [-0.153, 0.053, 0.024, 0.018, 0.549, 0.0, 1, 1, 1, 1, 1]}}, {"type": "Feature", "geometry": {"type": "Point", "coordinates": [3.24412, 42.501099]}, "properties": {"var_data": [-0.221, -0.017, 0.014, 0.011, 0.39, 0.0, 1, 1, 1, 1, 1]}}, {"type": "Feature", "geometry": {"type": "Point", "coordinates": [3.27946, 42.501099]}, "properties": {"var_data": [-0.246, -0.067, 0.006, 0.004, 0.301, 0.0, 1, 1, 1, 1, 1]}}, {"type": "Feature", "geometry": {"type": "Point", "coordinates": [3.3148, 42.501099]}, "properties": {"var_data": [-0.231, -0.112, 0.007, 0.003, 0.281, 0.0, 1, 1, 1, 1, 1]}}, {"type": "Feature", "geometry": {"type": "Point", "coordinates": [3.35014, 42.501099]}, "properties": {"var_data": [-0.246, -0.122, 0.007, 0.004, 0.27, -0.0, 1, 1, 1, 1, 1]}}, {"type": "Feature", "geometry": {"type": "Point", "coordinates": [3.38548, 42.501099]}, "properties": {"var_data": [-0.242, -0.126, 0.008, 0.004, 0.3, -0.0, 1, 1, 1, 1, 1]}}, {"type": "Feature", "geometry": {"type": "Point", "coordinates": [3.42082, 42.501099]}, "properties": {"var_data": [-0.23, -0.132, 0.008, 0.006, 0.336, 0.0, 1, 1, 1, 1, 1]}}, {"type": "Feature", "geometry": {"type": "Point", "coordinates": [3.45616, 42.501099]}, "properties": {"var_data": [-0.219, -0.178, 0.021, 0.035, 0.736, 0.001, 1, 1, 1, 1, 1]}}, {"type": "Feature", "geometry": {"type": "Point", "coordinates": [3.52684, 42.501099]}, "properties": {"var_data": [-0.097, -0.174, 0.013, 0.02, 0.81, 0.0, 1, 0, 1, 1, 1]}}, {"type": "Feature", "geometry": {"type": "Point", "coordinates": [3.56218, 42.501099]}, "properties": {"var_data": [-0.128, -0.255, 0.009, 0.015, 0.552, -0.0, 1, 1, 1, 1, 1]}}, {"type": "Feature", "geometry": {"type": "Point", "coordinates": [3.59752, 42.501099]}, "properties": {"var_data": [-0.124, -0.247, 0.009, 0.015, 0.501, 0.0, 1, 1, 1, 1, 1]}}, {"type": "Feature", "geometry": {"type": "Point", "coordinates": [3.63286, 42.501099]}, "properties": {"var_data": [-0.105, -0.24, 0.006, 0.013, 0.518, -0.0, 1, 1, 1, 1, 1]}}, {"type": "Feature", "geometry": {"type": "Point", "coordinates": [3.6682, 42.501099]}, "properties": {"var_data": [-0.06, -0.207, 0.006, 0.013, 0.51, -0.0, 1, 1, 1, 1, 1]}}, {"type": "Feature", "geometry": {"type": "Point", "coordinates": [3.70354, 42.501099]}, "properties": {"var_data": [-0.04, -0.22, 0.004, 0.011, 0.536, 0.0, 1, 1, 1, 1, 1]}}, {"type": "Feature", "geometry": {"type": "Point", "coordinates": [3.73888, 42.501099]}, "properties": {"var_data": [-0.073, -0.344, 0.004, 0.01, 0.493, 0.0, 1, 1, 1, 1, 1]}}, {"type": "Feature", "geometry": {"type": "Point", "coordinates": [3.77422, 42.501099]}, "properties": {"var_data": [-0.086, -0.345, 0.004, 0.011, 0.511, 0.0, 1, 1, 1, 1, 1]}}, {"type": "Feature", "geometry": {"type": "Point", "coordinates": [3.80956, 42.501099]}, "properties": {"var_data": [-0.113, -0.369, 0.002, 0.005, 0.527, -0.0, 1, 1, 1, 1, 1]}}, {"type": "Feature", "geometry": {"type": "Point", "coordinates": [3.8449, 42.501099]}, "properties": {"var_data": [-0.098, -0.355, 0.002, 0.006, 0.638, -0.0, 1, 0, 1, 1, 1]}}, {"type": "Feature", "geometry": {"type": "Point", "coordinates": [3.88024, 42.501099]}, "properties": {"var_data": [-0.11, -0.169, 0.002, 0.006, 0.815, -0.0, 1, 0, 1, 1, 1]}}, {"type": "Feature", "geometry": {"type": "Point", "coordinates": [3.91558, 42.501099]}, "properties": {"var_data": [-0.192, 0.151, 0.007, 0.025, 1.53, 0.0, 1, 0, 1, 1, 1]}}, {"type": "Feature", "geometry": {"type": "Point", "coordinates": [3.10276, 42.528099]}, "properties": {"var_data": [0.013, 0.085, 0.036, 0.016, 0.959, 0.001, 1, 1, 1, 1, 1]}}, {"type": "Feature", "geometry": {"type": "Point", "coordinates": [3.1381, 42.528099]}, "properties": {"var_data": [0.07, 0.141, 0.055, 0.031, 0.777, 0.002, 1, 1, 1, 1, 1]}}, {"type": "Feature", "geometry": {"type": "Point", "coordinates": [3.17344, 42.528099]}, "properties": {"var_data": [0.084, 0.175, 0.037, 0.022, 0.576, 0.001, 1, 1, 1, 1, 1]}}, {"type": "Feature", "geometry": {"type": "Point", "coordinates": [3.20878, 42.528099]}, "properties": {"var_data": [-0.11, 0.076, 0.018, 0.015, 0.461, 0.0, 1, 1, 1, 1, 1]}}, {"type": "Feature", "geometry": {"type": "Point", "coordinates": [3.24412, 42.528099]}, "properties": {"var_data": [-0.193, -0.008, 0.016, 0.013, 0.341, 0.0, 1, 1, 1, 1, 1]}}, {"type": "Feature", "geometry": {"type": "Point", "coordinates": [3.27946, 42.528099]}, "properties": {"var_data": [-0.21, -0.073, 0.007, 0.005, 0.288, 0.0, 1, 1, 1, 1, 1]}}, {"type": "Feature", "geometry": {"type": "Point", "coordinates": [3.3148, 42.528099]}, "properties": {"var_data": [-0.232, -0.107, 0.007, 0.003, 0.265, -0.0, 1, 1, 1, 1, 1]}}, {"type": "Feature", "geometry": {"type": "Point", "coordinates": [3.35014, 42.528099]}, "properties": {"var_data": [-0.229, -0.124, 0.006, 0.004, 0.262, -0.0, 1, 1, 1, 1, 1]}}, {"type": "Feature", "geometry": {"type": "Point", "coordinates": [3.38548, 42.528099]}, "properties": {"var_data": [-0.236, -0.139, 0.006, 0.004, 0.266, -0.0, 1, 1, 1, 1, 1]}}, {"type": "Feature", "geometry": {"type": "Point", "coordinates": [3.42082, 42.528099]}, "properties": {"var_data": [-0.244, -0.157, 0.007, 0.006, 0.314, 0.0, 1, 1, 1, 1, 1]}}, {"type": "Feature", "geometry": {"type": "Point", "coordinates": [3.45616, 42.528099]}, "properties": {"var_data": [-0.221, -0.168, 0.005, 0.007, 0.418, 0.0, 1, 1, 1, 1, 1]}}, {"type": "Feature", "geometry": {"type": "Point", "coordinates": [3.4915, 42.528099]}, "properties": {"var_data": [-0.161, -0.117, 0.008, 0.02, 0.8, 0.0, 1, 0, 1, 1, 1]}}, {"type": "Feature", "geometry": {"type": "Point", "coordinates": [3.52684, 42.528099]}, "properties": {"var_data": [-0.118, -0.157, 0.012, 0.021, 0.804, 0.0, 1, 0, 1, 1, 1]}}, {"type": "Feature", "geometry": {"type": "Point", "coordinates": [3.56218, 42.528099]}, "properties": {"var_data": [-0.095, -0.185, 0.014, 0.022, 0.834, 0.0, 1, 0, 1, 1, 1]}}, {"type": "Feature", "geometry": {"type": "Point", "coordinates": [3.59752, 42.528099]}, "properties": {"var_data": [-0.092, -0.188, 0.012, 0.022, 0.822, 0.0, 1, 0, 1, 1, 1]}}, {"type": "Feature", "geometry": {"type": "Point", "coordinates": [3.63286, 42.528099]}, "properties": {"var_data": [-0.095, -0.203, 0.009, 0.02, 0.566, 0.0, 1, 0, 1, 1, 1]}}, {"type": "Feature", "geometry": {"type": "Point", "coordinates": [3.6682, 42.528099]}, "properties": {"var_data": [-0.079, -0.241, 0.019, 0.05, 0.725, 0.001, 1, 1, 1, 1, 1]}}, {"type": "Feature", "geometry": {"type": "Point", "coordinates": [3.70354, 42.528099]}, "properties": {"var_data": [-0.06, -0.264, 0.006, 0.016, 0.63, 0.0, 1, 1, 1, 1, 1]}}, {"type": "Feature", "geometry": {"type": "Point", "coordinates": [3.73888, 42.528099]}, "properties": {"var_data": [-0.048, -0.291, 0.005, 0.015, 0.536, 0.0, 1, 1, 1, 1, 1]}}, {"type": "Feature", "geometry": {"type": "Point", "coordinates": [3.77422, 42.528099]}, "properties": {"var_data": [-0.024, -0.319, 0.01, 0.029, 0.518, 0.0, 1, 1, 1, 1, 1]}}, {"type": "Feature", "geometry": {"type": "Point", "coordinates": [3.80956, 42.528099]}, "properties": {"var_data": [-0.046, -0.214, 0.007, 0.024, 0.52, 0.0, 1, 1, 1, 1, 1]}}, {"type": "Feature", "geometry": {"type": "Point", "coordinates": [3.8449, 42.528099]}, "properties": {"var_data": [-0.071, -0.092, 0.002, 0.005, 0.607, -0.0, 1, 1, 1, 1, 1]}}, {"type": "Feature", "geometry": {"type": "Point", "coordinates": [3.88024, 42.528099]}, "properties": {"var_data": [-0.068, 0.048, 0.006, 0.021, 0.884, 0.0, 1, 0, 1, 1, 1]}}, {"type": "Feature", "geometry": {"type": "Point", "coordinates": [3.91558, 42.528099]}, "properties": {"var_data": [-0.115, 0.002, 0.007, 0.025, 1.211, 0.0, 1, 1, 1, 1, 1]}}, {"type": "Feature", "geometry": {"type": "Point", "coordinates": [3.95092, 42.528099]}, "properties": {"var_data": [-0.075, 0.061, 0.021, 0.054, 1.757, -0.001, 1, 1, 1, 1, 1]}}, {"type": "Feature", "geometry": {"type": "Point", "coordinates": [3.06742, 42.555099]}, "properties": {"var_data": [0.009, 0.048, 0.022, 0.011, 0.914, 0.0, 1, 1, 1, 1, 1]}}, {"type": "Feature", "geometry": {"type": "Point", "coordinates": [3.10276, 42.555099]}, "properties": {"var_data": [0.033, 0.104, 0.034, 0.013, 0.814, 0.0, 1, 1, 1, 1, 1]}}, {"type": "Feature", "geometry": {"type": "Point", "coordinates": [3.1381, 42.555099]}, "properties": {"var_data": [0.09, 0.176, 0.015, 0.009, 0.615, 0.0, 1, 1, 1, 1, 1]}}, {"type": "Feature", "geometry": {"type": "Point", "coordinates": [3.17344, 42.555099]}, "properties": {"var_data": [0.068, 0.187, 0.018, 0.014, 0.445, 0.0, 1, 1, 1, 1, 1]}}, {"type": "Feature", "geometry": {"type": "Point", "coordinates": [3.20878, 42.555099]}, "properties": {"var_data": [-0.068, 0.079, 0.017, 0.016, 0.371, 0.0, 1, 1, 1, 1, 1]}}, {"type": "Feature", "geometry": {"type": "Point", "coordinates": [3.24412, 42.555099]}, "properties": {"var_data": [-0.146, -0.002, 0.011, 0.01, 0.314, 0.0, 1, 1, 1, 1, 1]}}, {"type": "Feature", "geometry": {"type": "Point", "coordinates": [3.27946, 42.555099]}, "properties": {"var_data": [-0.194, -0.08, 0.01, 0.006, 0.27, 0.0, 1, 1, 1, 1, 1]}}, {"type": "Feature", "geometry": {"type": "Point", "coordinates": [3.3148, 42.555099]}, "properties": {"var_data": [-0.21, -0.119, 0.007, 0.005, 0.256, 0.0, 1, 1, 1, 1, 1]}}, {"type": "Feature", "geometry": {"type": "Point", "coordinates": [3.35014, 42.555099]}, "properties": {"var_data": [-0.231, -0.146, 0.005, 0.004, 0.256, 0.0, 1, 1, 1, 1, 1]}}, {"type": "Feature", "geometry": {"type": "Point", "coordinates": [3.38548, 42.555099]}, "properties": {"var_data": [-0.23, -0.144, 0.005, 0.005, 0.272, 0.0, 1, 1, 1, 1, 1]}}, {"type": "Feature", "geometry": {"type": "Point", "coordinates": [3.42082, 42.555099]}, "properties": {"var_data": [-0.229, -0.148, 0.004, 0.007, 0.311, 0.0, 1, 1, 1, 1, 1]}}, {"type": "Feature", "geometry": {"type": "Point", "coordinates": [3.45616, 42.555099]}, "properties": {"var_data": [-0.221, -0.181, 0.004, 0.007, 0.361, 0.0, 1, 1, 1, 1, 1]}}, {"type": "Feature", "geometry": {"type": "Point", "coordinates": [3.4915, 42.555099]}, "properties": {"var_data": [-0.218, -0.216, 0.005, 0.008, 0.575, 0.0, 1, 1, 1, 1, 1]}}, {"type": "Feature", "geometry": {"type": "Point", "coordinates": [3.52684, 42.555099]}, "properties": {"var_data": [-0.148, -0.134, 0.008, 0.021, 0.851, 0.0, 1, 0, 1, 1, 1]}}, {"type": "Feature", "geometry": {"type": "Point", "coordinates": [3.56218, 42.555099]}, "properties": {"var_data": [-0.098, -0.181, 0.014, 0.022, 0.86, 0.0, 1, 0, 1, 1, 1]}}, {"type": "Feature", "geometry": {"type": "Point", "coordinates": [3.59752, 42.555099]}, "properties": {"var_data": [-0.083, -0.193, 0.016, 0.024, 0.873, -0.0, 1, 0, 1, 1, 1]}}, {"type": "Feature", "geometry": {"type": "Point", "coordinates": [3.70354, 42.555099]}, "properties": {"var_data": [-0.123, -0.427, 0.016, 0.043, 0.675, 0.001, 1, 1, 1, 1, 1]}}, {"type": "Feature", "geometry": {"type": "Point", "coordinates": [3.73888, 42.555099]}, "properties": {"var_data": [-0.086, -0.355, 0.015, 0.052, 0.651, 0.001, 1, 1, 1, 1, 1]}}, {"type": "Feature", "geometry": {"type": "Point", "coordinates": [3.77422, 42.555099]}, "properties": {"var_data": [-0.065, -0.224, 0.01, 0.034, 0.631, 0.0, 1, 1, 1, 1, 1]}}, {"type": "Feature", "geometry": {"type": "Point", "coordinates": [3.80956, 42.555099]}, "properties": {"var_data": [-0.025, -0.154, 0.009, 0.03, 0.552, 0.0, 1, 1, 1, 1, 1]}}, {"type": "Feature", "geometry": {"type": "Point", "coordinates": [3.8449, 42.555099]}, "properties": {"var_data": [0.006, -0.028, 0.006, 0.021, 0.578, 0.0, 1, 1, 1, 1, 1]}}, {"type": "Feature", "geometry": {"type": "Point", "coordinates": [3.88024, 42.555099]}, "properties": {"var_data": [0.022, 0.019, 0.006, 0.019, 0.651, 0.0, 1, 1, 1, 1, 1]}}, {"type": "Feature", "geometry": {"type": "Point", "coordinates": [3.91558, 42.555099]}, "properties": {"var_data": [-0.058, 0.154, 0.005, 0.017, 0.937, 0.0, 1, 1, 1, 1, 1]}}, {"type": "Feature", "geometry": {"type": "Point", "coordinates": [3.95092, 42.555099]}, "properties": {"var_data": [-0.092, 0.196, 0.021, 0.049, 1.609, -0.001, 1, 1, 1, 1, 1]}}, {"type": "Feature", "geometry": {"type": "Point", "coordinates": [3.98626, 42.555099]}, "properties": {"var_data": [-0.023, 0.089, 0.025, 0.084, 1.82, 0.0, 1, 1, 1, 1, 1]}}, {"type": "Feature", "geometry": {"type": "Point", "coordinates": [3.06742, 42.5821]}, "properties": {"var_data": [0.009, 0.105, 0.023, 0.011, 0.845, 0.0, 1, 1, 1, 1, 1]}}, {"type": "Feature", "geometry": {"type": "Point", "coordinates": [3.10276, 42.5821]}, "properties": {"var_data": [0.051, 0.153, 0.02, 0.01, 0.622, 0.0, 1, 1, 1, 1, 1]}}, {"type": "Feature", "geometry": {"type": "Point", "coordinates": [3.1381, 42.5821]}, "properties": {"var_data": [0.092, 0.211, 0.014, 0.008, 0.472, 0.0, 1, 1, 1, 1, 1]}}, {"type": "Feature", "geometry": {"type": "Point", "coordinates": [3.17344, 42.5821]}, "properties": {"var_data": [0.029, 0.17, 0.016, 0.013, 0.381, 0.0, 1, 1, 1, 1, 1]}}, {"type": "Feature", "geometry": {"type": "Point", "coordinates": [3.20878, 42.5821]}, "properties": {"var_data": [-0.087, 0.067, 0.013, 0.012, 0.307, 0.0, 1, 1, 1, 1, 1]}}, {"type": "Feature", "geometry": {"type": "Point", "coordinates": [3.24412, 42.5821]}, "properties": {"var_data": [-0.13, -0.003, 0.01, 0.009, 0.271, 0.0, 1, 1, 1, 1, 1]}}, {"type": "Feature", "geometry": {"type": "Point", "coordinates": [3.27946, 42.5821]}, "properties": {"var_data": [-0.167, -0.072, 0.009, 0.007, 0.254, 0.0, 1, 1, 1, 1, 1]}}, {"type": "Feature", "geometry": {"type": "Point", "coordinates": [3.3148, 42.5821]}, "properties": {"var_data": [-0.196, -0.116, 0.006, 0.007, 0.258, 0.0, 1, 1, 1, 1, 1]}}, {"type": "Feature", "geometry": {"type": "Point", "coordinates": [3.35014, 42.5821]}, "properties": {"var_data": [-0.204, -0.132, 0.006, 0.007, 0.261, 0.0, 1, 1, 1, 1, 1]}}, {"type": "Feature", "geometry": {"type": "Point", "coordinates": [3.38548, 42.5821]}, "properties": {"var_data": [-0.22, -0.145, 0.005, 0.006, 0.284, 0.0, 1, 1, 1, 1, 1]}}, {"type": "Feature", "geometry": {"type": "Point", "coordinates": [3.42082, 42.5821]}, "properties": {"var_data": [-0.218, -0.15, 0.004, 0.006, 0.319, 0.0, 1, 1, 1, 1, 1]}}, {"type": "Feature", "geometry": {"type": "Point", "coordinates": [3.45616, 42.5821]}, "properties": {"var_data": [-0.213, -0.161, 0.005, 0.007, 0.385, 0.0, 1, 1, 1, 1, 1]}}, {"type": "Feature", "geometry": {"type": "Point", "coordinates": [3.4915, 42.5821]}, "properties": {"var_data": [-0.194, -0.169, 0.005, 0.01, 0.59, 0.0, 1, 1, 1, 1, 1]}}, {"type": "Feature", "geometry": {"type": "Point", "coordinates": [3.52684, 42.5821]}, "properties": {"var_data": [-0.115, -0.143, 0.008, 0.021, 0.916, 0.0, 1, 0, 1, 1, 1]}}, {"type": "Feature", "geometry": {"type": "Point", "coordinates": [3.56218, 42.5821]}, "properties": {"var_data": [-0.085, -0.175, 0.032, 0.038, 0.972, -0.001, 1, 0, 1, 1, 1]}}, {"type": "Feature", "geometry": {"type": "Point", "coordinates": [3.59752, 42.5821]}, "properties": {"var_data": [-0.066, -0.189, 0.023, 0.031, 0.884, -0.0, 1, 0, 1, 1, 1]}}, {"type": "Feature", "geometry": {"type": "Point", "coordinates": [3.6682, 42.5821]}, "properties": {"var_data": [-0.134, -0.266, 0.02, 0.021, 0.982, -0.0, 1, 0, 1, 1, 1]}}, {"type": "Feature", "geometry": {"type": "Point", "coordinates": [3.70354, 42.5821]}, "properties": {"var_data": [-0.176, -0.289, 0.02, 0.021, 0.834, -0.0, 1, 0, 1, 1, 1]}}, {"type": "Feature", "geometry": {"type": "Point", "coordinates": [3.73888, 42.5821]}, "properties": {"var_data": [-0.148, -0.273, 0.015, 0.053, 0.784, 0.001, 1, 1, 1, 1, 1]}}, {"type": "Feature", "geometry": {"type": "Point", "coordinates": [3.77422, 42.5821]}, "properties": {"var_data": [-0.071, -0.2, 0.014, 0.048, 0.68, 0.001, 1, 1, 1, 1, 1]}}, {"type": "Feature", "geometry": {"type": "Point", "coordinates": [3.80956, 42.5821]}, "properties": {"var_data": [0.002, -0.061, 0.01, 0.036, 0.577, 0.0, 1, 1, 1, 1, 1]}}, {"type": "Feature", "geometry": {"type": "Point", "coordinates": [3.8449, 42.5821]}, "properties": {"var_data": [0.035, 0.042, 0.007, 0.025, 0.621, 0.0, 1, 1, 1, 1, 1]}}, {"type": "Feature", "geometry": {"type": "Point", "coordinates": [3.88024, 42.5821]}, "properties": {"var_data": [0.047, 0.05, 0.02, 0.041, 0.846, -0.001, 1, 1, 1, 1, 1]}}, {"type": "Feature", "geometry": {"type": "Point", "coordinates": [3.91558, 42.5821]}, "properties": {"var_data": [0.045, 0.073, 0.02, 0.042, 0.978, -0.001, 1, 1, 1, 1, 1]}}, {"type": "Feature", "geometry": {"type": "Point", "coordinates": [3.95092, 42.5821]}, "properties": {"var_data": [0.001, 0.161, 0.022, 0.043, 1.591, -0.001, 1, 1, 1, 1, 1]}}, {"type": "Feature", "geometry": {"type": "Point", "coordinates": [3.98626, 42.5821]}, "properties": {"var_data": [0.012, 0.152, 0.022, 0.045, 1.658, -0.001, 1, 1, 1, 1, 1]}}, {"type": "Feature", "geometry": {"type": "Point", "coordinates": [3.06742, 42.6091]}, "properties": {"var_data": [0.041, 0.153, 0.02, 0.01, 0.606, 0.0, 1, 1, 1, 1, 1]}}, {"type": "Feature", "geometry": {"type": "Point", "coordinates": [3.10276, 42.6091]}, "properties": {"var_data": [0.047, 0.183, 0.014, 0.007, 0.484, 0.0, 1, 1, 1, 1, 1]}}, {"type": "Feature", "geometry": {"type": "Point", "coordinates": [3.1381, 42.6091]}, "properties": {"var_data": [0.051, 0.208, 0.012, 0.008, 0.363, 0.0, 1, 1, 1, 1, 1]}}, {"type": "Feature", "geometry": {"type": "Point", "coordinates": [3.17344, 42.6091]}, "properties": {"var_data": [0.016, 0.178, 0.011, 0.011, 0.309, 0.0, 1, 1, 1, 1, 1]}}, {"type": "Feature", "geometry": {"type": "Point", "coordinates": [3.20878, 42.6091]}, "properties": {"var_data": [-0.059, 0.094, 0.01, 0.011, 0.269, 0.0, 1, 1, 1, 1, 1]}}, {"type": "Feature", "geometry": {"type": "Point", "coordinates": [3.24412, 42.6091]}, "properties": {"var_data": [-0.117, 0.005, 0.01, 0.01, 0.251, 0.0, 1, 1, 1, 1, 1]}}, {"type": "Feature", "geometry": {"type": "Point", "coordinates": [3.27946, 42.6091]}, "properties": {"var_data": [-0.168, -0.08, 0.009, 0.009, 0.243, 0.0, 1, 1, 1, 1, 1]}}, {"type": "Feature", "geometry": {"type": "Point", "coordinates": [3.3148, 42.6091]}, "properties": {"var_data": [-0.192, -0.116, 0.006, 0.007, 0.246, 0.0, 1, 1, 1, 1, 1]}}, {"type": "Feature", "geometry": {"type": "Point", "coordinates": [3.35014, 42.6091]}, "properties": {"var_data": [-0.2, -0.125, 0.006, 0.007, 0.272, 0.0, 1, 1, 1, 1, 1]}}, {"type": "Feature", "geometry": {"type": "Point", "coordinates": [3.38548, 42.6091]}, "properties": {"var_data": [-0.218, -0.144, 0.004, 0.007, 0.294, 0.0, 1, 1, 1, 1, 1]}}, {"type": "Feature", "geometry": {"type": "Point", "coordinates": [3.42082, 42.6091]}, "properties": {"var_data": [-0.215, -0.142, 0.004, 0.009, 0.348, 0.0, 1, 1, 1, 1, 1]}}, {"type": "Feature", "geometry": {"type": "Point", "coordinates": [3.45616, 42.6091]}, "properties": {"var_data": [-0.216, -0.131, 0.004, 0.01, 0.438, 0.0, 1, 1, 1, 1, 1]}}, {"type": "Feature", "geometry": {"type": "Point", "coordinates": [3.4915, 42.6091]}, "properties": {"var_data": [-0.2, -0.107, 0.005, 0.013, 0.53, 0.0, 1, 1, 1, 1, 1]}}, {"type": "Feature", "geometry": {"type": "Point", "coordinates": [3.52684, 42.6091]}, "properties": {"var_data": [-0.14, -0.149, 0.006, 0.014, 0.823, 0.0, 1, 0, 1, 1, 1]}}, {"type": "Feature", "geometry": {"type": "Point", "coordinates": [3.63286, 42.6091]}, "properties": {"var_data": [-0.104, -0.29, 0.019, 0.021, 0.962, -0.0, 1, 0, 1, 1, 1]}}, {"type": "Feature", "geometry": {"type": "Point", "coordinates": [3.6682, 42.6091]}, "properties": {"var_data": [-0.134, -0.266, 0.02, 0.021, 0.982, -0.0, 1, 0, 1, 1, 1]}}, {"type": "Feature", "geometry": {"type": "Point", "coordinates": [3.70354, 42.6091]}, "properties": {"var_data": [-0.161, -0.304, 0.019, 0.02, 0.792, -0.0, 1, 0, 1, 1, 1]}}, {"type": "Feature", "geometry": {"type": "Point", "coordinates": [3.73888, 42.6091]}, "properties": {"var_data": [-0.135, -0.32, 0.02, 0.022, 0.825, -0.0, 1, 1, 1, 1, 1]}}, {"type": "Feature", "geometry": {"type": "Point", "coordinates": [3.77422, 42.6091]}, "properties": {"var_data": [-0.103, -0.46, 0.036, 0.183, 1.145, 0.005, 1, 1, 1, 1, 1]}}, {"type": "Feature", "geometry": {"type": "Point", "coordinates": [3.80956, 42.6091]}, "properties": {"var_data": [0.002, -0.011, 0.021, 0.053, 0.721, -0.0, 1, 1, 1, 1, 1]}}, {"type": "Feature", "geometry": {"type": "Point", "coordinates": [3.8449, 42.6091]}, "properties": {"var_data": [0.056, 0.146, 0.019, 0.043, 0.769, -0.0, 1, 1, 1, 1, 1]}}, {"type": "Feature", "geometry": {"type": "Point", "coordinates": [3.88024, 42.6091]}, "properties": {"var_data": [0.064, 0.121, 0.019, 0.04, 0.81, -0.0, 1, 1, 1, 1, 1]}}, {"type": "Feature", "geometry": {"type": "Point", "coordinates": [3.91558, 42.6091]}, "properties": {"var_data": [0.063, 0.118, 0.019, 0.037, 0.866, -0.001, 1, 1, 1, 1, 1]}}, {"type": "Feature", "geometry": {"type": "Point", "coordinates": [3.95092, 42.6091]}, "properties": {"var_data": [0.015, 0.149, 0.02, 0.039, 1.233, -0.001, 1, 1, 1, 1, 1]}}, {"type": "Feature", "geometry": {"type": "Point", "coordinates": [3.98626, 42.6091]}, "properties": {"var_data": [0.011, 0.185, 0.022, 0.044, 1.624, -0.001, 1, 1, 1, 1, 1]}}, {"type": "Feature", "geometry": {"type": "Point", "coordinates": [3.06742, 42.636101]}, "properties": {"var_data": [0.007, 0.161, 0.005, 0.005, 0.39, 0.0, 1, 1, 1, 1, 1]}}, {"type": "Feature", "geometry": {"type": "Point", "coordinates": [3.10276, 42.636101]}, "properties": {"var_data": [0.028, 0.208, 0.007, 0.006, 0.328, 0.0, 1, 1, 1, 1, 1]}}, {"type": "Feature", "geometry": {"type": "Point", "coordinates": [3.1381, 42.636101]}, "properties": {"var_data": [0.031, 0.227, 0.008, 0.006, 0.288, 0.0, 1, 1, 1, 1, 1]}}, {"type": "Feature", "geometry": {"type": "Point", "coordinates": [3.17344, 42.636101]}, "properties": {"var_data": [0.004, 0.194, 0.009, 0.01, 0.264, 0.0, 1, 1, 1, 1, 1]}}, {"type": "Feature", "geometry": {"type": "Point", "coordinates": [3.20878, 42.636101]}, "properties": {"var_data": [-0.043, 0.122, 0.009, 0.009, 0.241, 0.0, 1, 1, 1, 1, 1]}}, {"type": "Feature", "geometry": {"type": "Point", "coordinates": [3.24412, 42.636101]}, "properties": {"var_data": [-0.095, 0.015, 0.009, 0.011, 0.236, 0.0, 1, 1, 1, 1, 1]}}, {"type": "Feature", "geometry": {"type": "Point", "coordinates": [3.27946, 42.636101]}, "properties": {"var_data": [-0.148, -0.058, 0.008, 0.01, 0.235, 0.0, 1, 1, 1, 1, 1]}}, {"type": "Feature", "geometry": {"type": "Point", "coordinates": [3.3148, 42.636101]}, "properties": {"var_data": [-0.185, -0.101, 0.008, 0.011, 0.247, 0.0, 1, 1, 1, 1, 1]}}, {"type": "Feature", "geometry": {"type": "Point", "coordinates": [3.35014, 42.636101]}, "properties": {"var_data": [-0.204, -0.121, 0.007, 0.012, 0.277, 0.0, 1, 1, 1, 1, 1]}}, {"type": "Feature", "geometry": {"type": "Point", "coordinates": [3.38548, 42.636101]}, "properties": {"var_data": [-0.211, -0.107, 0.005, 0.015, 0.356, 0.0, 1, 1, 1, 1, 1]}}, {"type": "Feature", "geometry": {"type": "Point", "coordinates": [3.42082, 42.636101]}, "properties": {"var_data": [-0.211, -0.098, 0.005, 0.011, 0.379, 0.0, 1, 1, 1, 1, 1]}}, {"type": "Feature", "geometry": {"type": "Point", "coordinates": [3.45616, 42.636101]}, "properties": {"var_data": [-0.184, -0.096, 0.005, 0.013, 0.433, 0.0, 1, 1, 1, 1, 1]}}, {"type": "Feature", "geometry": {"type": "Point", "coordinates": [3.4915, 42.636101]}, "properties": {"var_data": [-0.143, -0.11, 0.005, 0.015, 0.617, 0.0, 1, 1, 1, 1, 1]}}, {"type": "Feature", "geometry": {"type": "Point", "coordinates": [3.52684, 42.636101]}, "properties": {"var_data": [-0.075, -0.091, 0.018, 0.068, 0.84, 0.001, 1, 1, 1, 1, 1]}}, {"type": "Feature", "geometry": {"type": "Point", "coordinates": [3.63286, 42.636101]}, "properties": {"var_data": [-0.094, -0.295, 0.032, 0.033, 1.018, -0.001, 1, 0, 1, 1, 1]}}, {"type": "Feature", "geometry": {"type": "Point", "coordinates": [3.6682, 42.636101]}, "properties": {"var_data": [-0.154, -0.24, 0.034, 0.034, 1.056, -0.001, 1, 0, 1, 1, 1]}}, {"type": "Feature", "geometry": {"type": "Point", "coordinates": [3.70354, 42.636101]}, "properties": {"var_data": [-0.124, -0.253, 0.028, 0.028, 0.986, -0.001, 1, 0, 1, 1, 1]}}, {"type": "Feature", "geometry": {"type": "Point", "coordinates": [3.73888, 42.636101]}, "properties": {"var_data": [-0.122, -0.255, 0.02, 0.022, 0.994, -0.0, 1, 0, 1, 1, 1]}}, {"type": "Feature", "geometry": {"type": "Point", "coordinates": [3.88024, 42.636101]}, "properties": {"var_data": [0.067, 0.051, 0.035, 0.067, 1.031, -0.002, 1, 1, 1, 1, 1]}}, {"type": "Feature", "geometry": {"type": "Point", "coordinates": [3.91558, 42.636101]}, "properties": {"var_data": [0.045, 0.117, 0.043, 0.076, 1.34, -0.003, 1, 0, 1, 1, 1]}}, {"type": "Feature", "geometry": {"type": "Point", "coordinates": [3.95092, 42.636101]}, "properties": {"var_data": [0.046, 0.127, 0.043, 0.076, 1.34, -0.003, 1, 0, 1, 1, 1]}}, {"type": "Feature", "geometry": {"type": "Point", "coordinates": [3.06742, 42.663101]}, "properties": {"var_data": [-0.04, 0.122, 0.002, 0.005, 0.265, 0.0, 1, 1, 1, 1, 1]}}, {"type": "Feature", "geometry": {"type": "Point", "coordinates": [3.10276, 42.663101]}, "properties": {"var_data": [-0.021, 0.173, 0.003, 0.006, 0.244, 0.0, 1, 1, 1, 1, 1]}}, {"type": "Feature", "geometry": {"type": "Point", "coordinates": [3.1381, 42.663101]}, "properties": {"var_data": [-0.001, 0.207, 0.004, 0.009, 0.248, 0.0, 1, 1, 1, 1, 1]}}, {"type": "Feature", "geometry": {"type": "Point", "coordinates": [3.17344, 42.663101]}, "properties": {"var_data": [-0.021, 0.183, 0.005, 0.009, 0.234, 0.0, 1, 1, 1, 1, 1]}}, {"type": "Feature", "geometry": {"type": "Point", "coordinates": [3.20878, 42.663101]}, "properties": {"var_data": [-0.058, 0.132, 0.005, 0.01, 0.227, 0.0, 1, 1, 1, 1, 1]}}, {"type": "Feature", "geometry": {"type": "Point", "coordinates": [3.24412, 42.663101]}, "properties": {"var_data": [-0.099, 0.051, 0.008, 0.011, 0.231, 0.0, 1, 1, 1, 1, 1]}}, {"type": "Feature", "geometry": {"type": "Point", "coordinates": [3.27946, 42.663101]}, "properties": {"var_data": [-0.139, -0.021, 0.009, 0.013, 0.238, 0.0, 1, 1, 1, 1, 1]}}, {"type": "Feature", "geometry": {"type": "Point", "coordinates": [3.3148, 42.663101]}, "properties": {"var_data": [-0.173, -0.072, 0.009, 0.013, 0.261, 0.0, 1, 1, 1, 1, 1]}}, {"type": "Feature", "geometry": {"type": "Point", "coordinates": [3.35014, 42.663101]}, "properties": {"var_data": [-0.201, -0.105, 0.008, 0.014, 0.29, 0.0, 1, 1, 1, 1, 1]}}, {"type": "Feature", "geometry": {"type": "Point", "coordinates": [3.38548, 42.663101]}, "properties": {"var_data": [-0.21, -0.107, 0.005, 0.013, 0.336, 0.0, 1, 1, 1, 1, 1]}}, {"type": "Feature", "geometry": {"type": "Point", "coordinates": [3.42082, 42.663101]}, "properties": {"var_data": [-0.196, -0.107, 0.005, 0.015, 0.376, 0.0, 1, 1, 1, 1, 1]}}, {"type": "Feature", "geometry": {"type": "Point", "coordinates": [3.45616, 42.663101]}, "properties": {"var_data": [-0.179, -0.085, 0.008, 0.036, 0.514, 0.0, 1, 1, 1, 1, 1]}}, {"type": "Feature", "geometry": {"type": "Point", "coordinates": [3.4915, 42.663101]}, "properties": {"var_data": [-0.16, -0.238, 0.007, 0.028, 0.658, 0.0, 1, 1, 1, 1, 1]}}, {"type": "Feature", "geometry": {"type": "Point", "coordinates": [3.52684, 42.663101]}, "properties": {"var_data": [-0.091, -0.262, 0.012, 0.026, 0.583, 0.0, 1, 1, 1, 1, 1]}}, {"type": "Feature", "geometry": {"type": "Point", "coordinates": [3.56218, 42.663101]}, "properties": {"var_data": [-0.072, -0.466, 0.012, 0.032, 0.879, 0.0, 1, 1, 1, 1, 1]}}, {"type": "Feature", "geometry": {"type": "Point", "coordinates": [3.63286, 42.663101]}, "properties": {"var_data": [-0.046, -0.329, 0.029, 0.03, 1.046, -0.001, 1, 0, 1, 1, 1]}}, {"type": "Feature", "geometry": {"type": "Point", "coordinates": [3.6682, 42.663101]}, "properties": {"var_data": [-0.057, -0.314, 0.026, 0.028, 1.033, -0.001, 1, 0, 1, 1, 1]}}, {"type": "Feature", "geometry": {"type": "Point", "coordinates": [3.70354, 42.663101]}, "properties": {"var_data": [-0.069, -0.288, 0.017, 0.02, 1.03, -0.0, 1, 0, 1, 1, 1]}}, {"type": "Feature", "geometry": {"type": "Point", "coordinates": [3.73888, 42.663101]}, "properties": {"var_data": [-0.037, -0.343, 0.016, 0.019, 1.037, -0.0, 1, 0, 1, 1, 1]}}, {"type": "Feature", "geometry": {"type": "Point", "coordinates": [3.95092, 42.663101]}, "properties": {"var_data": [0.053, 0.201, 0.043, 0.078, 1.469, -0.003, 1, 0, 1, 1, 1]}}, {"type": "Feature", "geometry": {"type": "Point", "coordinates": [3.06742, 42.690102]}, "properties": {"var_data": [-0.048, 0.107, 0.002, 0.004, 0.199, 0.0, 1, 1, 1, 1, 1]}}, {"type": "Feature", "geometry": {"type": "Point", "coordinates": [3.10276, 42.690102]}, "properties": {"var_data": [-0.041, 0.136, 0.002, 0.005, 0.201, 0.0, 1, 1, 1, 1, 1]}}, {"type": "Feature", "geometry": {"type": "Point", "coordinates": [3.1381, 42.690102]}, "properties": {"var_data": [-0.027, 0.182, 0.003, 0.008, 0.212, 0.0, 1, 1, 1, 1, 1]}}, {"type": "Feature", "geometry": {"type": "Point", "coordinates": [3.17344, 42.690102]}, "properties": {"var_data": [-0.027, 0.183, 0.004, 0.009, 0.219, 0.0, 1, 1, 1, 1, 1]}}, {"type": "Feature", "geometry": {"type": "Point", "coordinates": [3.20878, 42.690102]}, "properties": {"var_data": [-0.058, 0.121, 0.005, 0.01, 0.216, 0.0, 1, 1, 1, 1, 1]}}, {"type": "Feature", "geometry": {"type": "Point", "coordinates": [3.24412, 42.690102]}, "properties": {"var_data": [-0.096, 0.066, 0.008, 0.012, 0.223, 0.0, 1, 1, 1, 1, 1]}}, {"type": "Feature", "geometry": {"type": "Point", "coordinates": [3.27946, 42.690102]}, "properties": {"var_data": [-0.142, 0.02, 0.009, 0.013, 0.236, 0.0, 1, 1, 1, 1, 1]}}, {"type": "Feature", "geometry": {"type": "Point", "coordinates": [3.3148, 42.690102]}, "properties": {"var_data": [-0.168, -0.025, 0.009, 0.017, 0.255, 0.0, 1, 1, 1, 1, 1]}}, {"type": "Feature", "geometry": {"type": "Point", "coordinates": [3.35014, 42.690102]}, "properties": {"var_data": [-0.172, -0.061, 0.012, 0.014, 0.301, -0.0, 1, 1, 1, 1, 1]}}, {"type": "Feature", "geometry": {"type": "Point", "coordinates": [3.38548, 42.690102]}, "properties": {"var_data": [-0.182, -0.082, 0.011, 0.016, 0.363, -0.0, 1, 1, 1, 1, 1]}}, {"type": "Feature", "geometry": {"type": "Point", "coordinates": [3.42082, 42.690102]}, "properties": {"var_data": [-0.175, -0.156, 0.005, 0.012, 0.431, 0.0, 1, 1, 1, 1, 1]}}, {"type": "Feature", "geometry": {"type": "Point", "coordinates": [3.45616, 42.690102]}, "properties": {"var_data": [-0.185, -0.162, 0.006, 0.015, 0.447, 0.0, 1, 1, 1, 1, 1]}}, {"type": "Feature", "geometry": {"type": "Point", "coordinates": [3.4915, 42.690102]}, "properties": {"var_data": [-0.142, -0.14, 0.015, 0.026, 0.528, -0.0, 1, 1, 1, 1, 1]}}, {"type": "Feature", "geometry": {"type": "Point", "coordinates": [3.52684, 42.690102]}, "properties": {"var_data": [-0.087, -0.193, 0.015, 0.026, 0.511, -0.0, 1, 1, 1, 1, 1]}}, {"type": "Feature", "geometry": {"type": "Point", "coordinates": [3.56218, 42.690102]}, "properties": {"var_data": [-0.054, -0.23, 0.017, 0.03, 0.661, -0.0, 1, 1, 1, 1, 1]}}, {"type": "Feature", "geometry": {"type": "Point", "coordinates": [3.06742, 42.717098]}, "properties": {"var_data": [-0.065, 0.108, 0.002, 0.003, 0.186, -0.0, 1, 1, 1, 1, 1]}}, {"type": "Feature", "geometry": {"type": "Point", "coordinates": [3.10276, 42.717098]}, "properties": {"var_data": [-0.062, 0.149, 0.002, 0.004, 0.185, -0.0, 1, 1, 1, 1, 1]}}, {"type": "Feature", "geometry": {"type": "Point", "coordinates": [3.1381, 42.717098]}, "properties": {"var_data": [-0.048, 0.166, 0.003, 0.008, 0.203, -0.0, 1, 1, 1, 1, 1]}}, {"type": "Feature", "geometry": {"type": "Point", "coordinates": [3.17344, 42.717098]}, "properties": {"var_data": [-0.047, 0.17, 0.004, 0.01, 0.216, -0.0, 1, 1, 1, 1, 1]}}, {"type": "Feature", "geometry": {"type": "Point", "coordinates": [3.20878, 42.717098]}, "properties": {"var_data": [-0.062, 0.126, 0.005, 0.011, 0.221, 0.0, 1, 1, 1, 1, 1]}}, {"type": "Feature", "geometry": {"type": "Point", "coordinates": [3.24412, 42.717098]}, "properties": {"var_data": [-0.104, 0.088, 0.008, 0.013, 0.23, -0.0, 1, 1, 1, 1, 1]}}, {"type": "Feature", "geometry": {"type": "Point", "coordinates": [3.27946, 42.717098]}, "properties": {"var_data": [-0.148, 0.016, 0.008, 0.014, 0.236, -0.0, 1, 1, 1, 1, 1]}}, {"type": "Feature", "geometry": {"type": "Point", "coordinates": [3.3148, 42.717098]}, "properties": {"var_data": [-0.159, -0.049, 0.007, 0.016, 0.25, -0.0, 1, 1, 1, 1, 1]}}, {"type": "Feature", "geometry": {"type": "Point", "coordinates": [3.35014, 42.717098]}, "properties": {"var_data": [-0.171, -0.075, 0.007, 0.012, 0.287, -0.0, 1, 1, 1, 1, 1]}}, {"type": "Feature", "geometry": {"type": "Point", "coordinates": [3.38548, 42.717098]}, "properties": {"var_data": [-0.176, -0.114, 0.011, 0.01, 0.325, -0.0, 1, 1, 1, 1, 1]}}, {"type": "Feature", "geometry": {"type": "Point", "coordinates": [3.42082, 42.717098]}, "properties": {"var_data": [-0.161, -0.157, 0.012, 0.012, 0.362, -0.0, 1, 1, 1, 1, 1]}}, {"type": "Feature", "geometry": {"type": "Point", "coordinates": [3.45616, 42.717098]}, "properties": {"var_data": [-0.106, -0.18, 0.015, 0.012, 0.402, -0.0, 1, 1, 1, 1, 1]}}, {"type": "Feature", "geometry": {"type": "Point", "coordinates": [3.4915, 42.717098]}, "properties": {"var_data": [-0.094, -0.184, 0.015, 0.027, 0.469, -0.0, 1, 1, 1, 1, 1]}}, {"type": "Feature", "geometry": {"type": "Point", "coordinates": [3.52684, 42.717098]}, "properties": {"var_data": [-0.083, -0.186, 0.017, 0.027, 0.564, -0.0, 1, 1, 1, 1, 1]}}, {"type": "Feature", "geometry": {"type": "Point", "coordinates": [3.56218, 42.717098]}, "properties": {"var_data": [-0.06, -0.238, 0.018, 0.029, 0.653, -0.0, 1, 1, 1, 1, 1]}}, {"type": "Feature", "geometry": {"type": "Point", "coordinates": [3.59752, 42.717098]}, "properties": {"var_data": [-0.043, -0.159, 0.017, 0.132, 0.687, -0.0, 1, 1, 1, 1, 1]}}, {"type": "Feature", "geometry": {"type": "Point", "coordinates": [3.06742, 42.744099]}, "properties": {"var_data": [-0.076, 0.097, 0.002, 0.003, 0.205, -0.0, 1, 1, 1, 1, 1]}}, {"type": "Feature", "geometry": {"type": "Point", "coordinates": [3.10276, 42.744099]}, "properties": {"var_data": [-0.071, 0.122, 0.003, 0.005, 0.192, -0.0, 1, 1, 1, 1, 1]}}, {"type": "Feature", "geometry": {"type": "Point", "coordinates": [3.1381, 42.744099]}, "properties": {"var_data": [-0.067, 0.145, 0.004, 0.007, 0.216, -0.0, 1, 1, 1, 1, 1]}}, {"type": "Feature", "geometry": {"type": "Point", "coordinates": [3.17344, 42.744099]}, "properties": {"var_data": [-0.062, 0.147, 0.004, 0.01, 0.215, -0.0, 1, 1, 1, 1, 1]}}, {"type": "Feature", "geometry": {"type": "Point", "coordinates": [3.20878, 42.744099]}, "properties": {"var_data": [-0.079, 0.113, 0.007, 0.012, 0.222, -0.0, 1, 1, 1, 1, 1]}}, {"type": "Feature", "geometry": {"type": "Point", "coordinates": [3.24412, 42.744099]}, "properties": {"var_data": [-0.116, 0.083, 0.008, 0.015, 0.24, -0.0, 1, 1, 1, 1, 1]}}, {"type": "Feature", "geometry": {"type": "Point", "coordinates": [3.27946, 42.744099]}, "properties": {"var_data": [-0.152, 0.038, 0.007, 0.014, 0.237, -0.0, 1, 1, 1, 1, 1]}}, {"type": "Feature", "geometry": {"type": "Point", "coordinates": [3.3148, 42.744099]}, "properties": {"var_data": [-0.171, -0.027, 0.007, 0.013, 0.256, -0.0, 1, 1, 1, 1, 1]}}, {"type": "Feature", "geometry": {"type": "Point", "coordinates": [3.35014, 42.744099]}, "properties": {"var_data": [-0.174, -0.099, 0.008, 0.011, 0.311, -0.0, 1, 1, 1, 1, 1]}}, {"type": "Feature", "geometry": {"type": "Point", "coordinates": [3.38548, 42.744099]}, "properties": {"var_data": [-0.174, -0.11, 0.008, 0.01, 0.324, -0.0, 1, 1, 1, 1, 1]}}, {"type": "Feature", "geometry": {"type": "Point", "coordinates": [3.42082, 42.744099]}, "properties": {"var_data": [-0.145, -0.15, 0.013, 0.01, 0.362, -0.0, 1, 1, 1, 1, 1]}}, {"type": "Feature", "geometry": {"type": "Point", "coordinates": [3.45616, 42.744099]}, "properties": {"var_data": [-0.123, -0.148, 0.015, 0.012, 0.453, -0.0, 1, 1, 1, 1, 1]}}, {"type": "Feature", "geometry": {"type": "Point", "coordinates": [3.4915, 42.744099]}, "properties": {"var_data": [-0.058, -0.2, 0.017, 0.013, 0.482, -0.0, 1, 1, 1, 1, 1]}}, {"type": "Feature", "geometry": {"type": "Point", "coordinates": [3.52684, 42.744099]}, "properties": {"var_data": [-0.041, -0.185, 0.017, 0.026, 0.504, -0.0, 1, 1, 1, 1, 1]}}, {"type": "Feature", "geometry": {"type": "Point", "coordinates": [3.56218, 42.744099]}, "properties": {"var_data": [0.005, -0.213, 0.015, 0.044, 0.55, -0.0, 1, 1, 1, 1, 1]}}, {"type": "Feature", "geometry": {"type": "Point", "coordinates": [3.59752, 42.744099]}, "properties": {"var_data": [-0.01, -0.174, 0.022, 0.087, 0.576, -0.001, 1, 1, 1, 1, 1]}}, {"type": "Feature", "geometry": {"type": "Point", "coordinates": [3.06742, 42.771099]}, "properties": {"var_data": [-0.119, 0.108, 0.006, 0.004, 0.258, -0.0, 1, 1, 1, 1, 1]}}, {"type": "Feature", "geometry": {"type": "Point", "coordinates": [3.10276, 42.771099]}, "properties": {"var_data": [-0.118, 0.123, 0.007, 0.007, 0.226, -0.0, 1, 1, 1, 1, 1]}}, {"type": "Feature", "geometry": {"type": "Point", "coordinates": [3.1381, 42.771099]}, "properties": {"var_data": [-0.074, 0.117, 0.009, 0.011, 0.238, -0.0, 1, 1, 1, 1, 1]}}, {"type": "Feature", "geometry": {"type": "Point", "coordinates": [3.17344, 42.771099]}, "properties": {"var_data": [-0.077, 0.12, 0.008, 0.011, 0.229, -0.0, 1, 1, 1, 1, 1]}}, {"type": "Feature", "geometry": {"type": "Point", "coordinates": [3.20878, 42.771099]}, "properties": {"var_data": [-0.079, 0.103, 0.009, 0.013, 0.233, -0.0, 1, 1, 1, 1, 1]}}, {"type": "Feature", "geometry": {"type": "Point", "coordinates": [3.24412, 42.771099]}, "properties": {"var_data": [-0.112, 0.077, 0.01, 0.016, 0.258, -0.0, 1, 1, 1, 1, 1]}}, {"type": "Feature", "geometry": {"type": "Point", "coordinates": [3.27946, 42.771099]}, "properties": {"var_data": [-0.141, 0.052, 0.008, 0.015, 0.254, -0.0, 1, 1, 1, 1, 1]}}, {"type": "Feature", "geometry": {"type": "Point", "coordinates": [3.3148, 42.771099]}, "properties": {"var_data": [-0.163, 0.009, 0.008, 0.013, 0.266, -0.0, 1, 1, 1, 1, 1]}}, {"type": "Feature", "geometry": {"type": "Point", "coordinates": [3.35014, 42.771099]}, "properties": {"var_data": [-0.157, -0.037, 0.008, 0.014, 0.302, -0.0, 1, 1, 1, 1, 1]}}, {"type": "Feature", "geometry": {"type": "Point", "coordinates": [3.38548, 42.771099]}, "properties": {"var_data": [-0.163, -0.109, 0.008, 0.01, 0.337, -0.0, 1, 1, 1, 1, 1]}}, {"type": "Feature", "geometry": {"type": "Point", "coordinates": [3.42082, 42.771099]}, "properties": {"var_data": [-0.111, -0.155, 0.014, 0.012, 0.394, -0.0, 1, 1, 1, 1, 1]}}, {"type": "Feature", "geometry": {"type": "Point", "coordinates": [3.45616, 42.771099]}, "properties": {"var_data": [-0.077, -0.153, 0.02, 0.007, 0.531, -0.0, 1, 1, 1, 1, 1]}}, {"type": "Feature", "geometry": {"type": "Point", "coordinates": [3.4915, 42.771099]}, "properties": {"var_data": [-0.061, -0.128, 0.025, 0.009, 0.544, -0.0, 1, 1, 1, 1, 1]}}, {"type": "Feature", "geometry": {"type": "Point", "coordinates": [3.52684, 42.771099]}, "properties": {"var_data": [-0.029, -0.149, 0.022, 0.008, 0.501, -0.0, 1, 1, 1, 1, 1]}}, {"type": "Feature", "geometry": {"type": "Point", "coordinates": [3.56218, 42.771099]}, "properties": {"var_data": [0.014, -0.137, 0.018, 0.006, 0.541, -0.0, 1, 1, 1, 1, 1]}}, {"type": "Feature", "geometry": {"type": "Point", "coordinates": [3.59752, 42.771099]}, "properties": {"var_data": [0.007, -0.148, 0.023, 0.011, 0.577, -0.0, 1, 1, 1, 1, 1]}}, {"type": "Feature", "geometry": {"type": "Point", "coordinates": [3.63286, 42.771099]}, "properties": {"var_data": [0.002, -0.233, 0.036, 0.116, 0.805, -0.003, 1, 1, 1, 1, 1]}}, {"type": "Feature", "geometry": {"type": "Point", "coordinates": [3.06742, 42.7981]}, "properties": {"var_data": [-0.147, 0.089, 0.012, 0.006, 0.32, -0.0, 1, 1, 1, 1, 1]}}, {"type": "Feature", "geometry": {"type": "Point", "coordinates": [3.10276, 42.7981]}, "properties": {"var_data": [-0.12, 0.092, 0.01, 0.009, 0.276, -0.0, 1, 1, 1, 1, 1]}}, {"type": "Feature", "geometry": {"type": "Point", "coordinates": [3.1381, 42.7981]}, "properties": {"var_data": [-0.101, 0.094, 0.01, 0.009, 0.252, -0.0, 1, 1, 1, 1, 1]}}, {"type": "Feature", "geometry": {"type": "Point", "coordinates": [3.17344, 42.7981]}, "properties": {"var_data": [-0.095, 0.106, 0.011, 0.013, 0.264, -0.0, 1, 1, 1, 1, 1]}}, {"type": "Feature", "geometry": {"type": "Point", "coordinates": [3.20878, 42.7981]}, "properties": {"var_data": [-0.088, 0.101, 0.012, 0.014, 0.254, -0.0, 1, 1, 1, 1, 1]}}, {"type": "Feature", "geometry": {"type": "Point", "coordinates": [3.24412, 42.7981]}, "properties": {"var_data": [-0.094, 0.089, 0.011, 0.015, 0.271, -0.0, 1, 1, 1, 1, 1]}}, {"type": "Feature", "geometry": {"type": "Point", "coordinates": [3.27946, 42.7981]}, "properties": {"var_data": [-0.118, 0.061, 0.009, 0.015, 0.275, -0.0, 1, 1, 1, 1, 1]}}, {"type": "Feature", "geometry": {"type": "Point", "coordinates": [3.3148, 42.7981]}, "properties": {"var_data": [-0.128, 0.027, 0.01, 0.019, 0.306, -0.0, 1, 1, 1, 1, 1]}}, {"type": "Feature", "geometry": {"type": "Point", "coordinates": [3.35014, 42.7981]}, "properties": {"var_data": [-0.129, -0.041, 0.009, 0.014, 0.356, -0.0, 1, 1, 1, 1, 1]}}, {"type": "Feature", "geometry": {"type": "Point", "coordinates": [3.38548, 42.7981]}, "properties": {"var_data": [-0.135, -0.044, 0.01, 0.015, 0.391, -0.0, 1, 1, 1, 1, 1]}}, {"type": "Feature", "geometry": {"type": "Point", "coordinates": [3.42082, 42.7981]}, "properties": {"var_data": [-0.093, -0.097, 0.016, 0.016, 0.53, -0.0, 1, 1, 1, 1, 1]}}, {"type": "Feature", "geometry": {"type": "Point", "coordinates": [3.45616, 42.7981]}, "properties": {"var_data": [-0.025, -0.111, 0.025, 0.009, 0.501, -0.0, 1, 1, 1, 1, 1]}}, {"type": "Feature", "geometry": {"type": "Point", "coordinates": [3.4915, 42.7981]}, "properties": {"var_data": [-0.025, -0.103, 0.024, 0.008, 0.568, -0.0, 1, 1, 1, 1, 1]}}, {"type": "Feature", "geometry": {"type": "Point", "coordinates": [3.52684, 42.7981]}, "properties": {"var_data": [0.009, -0.101, 0.019, 0.007, 0.503, -0.0, 1, 1, 1, 1, 1]}}, {"type": "Feature", "geometry": {"type": "Point", "coordinates": [3.56218, 42.7981]}, "properties": {"var_data": [0.015, -0.097, 0.017, 0.006, 0.573, -0.0, 1, 1, 1, 1, 1]}}, {"type": "Feature", "geometry": {"type": "Point", "coordinates": [3.59752, 42.7981]}, "properties": {"var_data": [-0.012, -0.073, 0.023, 0.011, 0.639, -0.0, 1, 1, 1, 1, 1]}}, {"type": "Feature", "geometry": {"type": "Point", "coordinates": [3.63286, 42.7981]}, "properties": {"var_data": [0.004, -0.079, 0.024, 0.011, 0.644, -0.0, 1, 1, 1, 1, 1]}}, {"type": "Feature", "geometry": {"type": "Point", "coordinates": [3.06742, 42.8251]}, "properties": {"var_data": [-0.164, 0.074, 0.016, 0.01, 0.405, -0.0, 1, 1, 1, 1, 1]}}, {"type": "Feature", "geometry": {"type": "Point", "coordinates": [3.10276, 42.8251]}, "properties": {"var_data": [-0.145, 0.072, 0.013, 0.009, 0.301, -0.0, 1, 1, 1, 1, 1]}}, {"type": "Feature", "geometry": {"type": "Point", "coordinates": [3.1381, 42.8251]}, "properties": {"var_data": [-0.117, 0.085, 0.013, 0.01, 0.273, -0.0, 1, 1, 1, 1, 1]}}, {"type": "Feature", "geometry": {"type": "Point", "coordinates": [3.17344, 42.8251]}, "properties": {"var_data": [-0.073, 0.079, 0.015, 0.013, 0.287, -0.0, 1, 1, 1, 1, 1]}}, {"type": "Feature", "geometry": {"type": "Point", "coordinates": [3.20878, 42.8251]}, "properties": {"var_data": [-0.054, 0.078, 0.014, 0.012, 0.271, -0.0, 1, 1, 1, 1, 1]}}, {"type": "Feature", "geometry": {"type": "Point", "coordinates": [3.24412, 42.8251]}, "properties": {"var_data": [-0.03, 0.073, 0.012, 0.014, 0.296, -0.0, 1, 1, 1, 1, 1]}}, {"type": "Feature", "geometry": {"type": "Point", "coordinates": [3.27946, 42.8251]}, "properties": {"var_data": [-0.066, 0.063, 0.013, 0.016, 0.307, -0.0, 1, 1, 1, 1, 1]}}, {"type": "Feature", "geometry": {"type": "Point", "coordinates": [3.3148, 42.8251]}, "properties": {"var_data": [-0.078, 0.04, 0.012, 0.018, 0.326, -0.0, 1, 1, 1, 1, 1]}}, {"type": "Feature", "geometry": {"type": "Point", "coordinates": [3.35014, 42.8251]}, "properties": {"var_data": [-0.11, 0.027, 0.02, 0.034, 0.436, -0.001, 1, 1, 1, 1, 1]}}, {"type": "Feature", "geometry": {"type": "Point", "coordinates": [3.38548, 42.8251]}, "properties": {"var_data": [-0.109, 0.04, 0.031, 0.055, 0.531, -0.002, 1, 1, 1, 1, 1]}}, {"type": "Feature", "geometry": {"type": "Point", "coordinates": [3.42082, 42.8251]}, "properties": {"var_data": [-0.034, -0.106, 0.051, 0.109, 0.847, -0.005, 1, 1, 1, 1, 1]}}, {"type": "Feature", "geometry": {"type": "Point", "coordinates": [3.45616, 42.8251]}, "properties": {"var_data": [-0.015, -0.089, 0.031, 0.011, 0.714, -0.0, 1, 1, 1, 1, 1]}}, {"type": "Feature", "geometry": {"type": "Point", "coordinates": [3.4915, 42.8251]}, "properties": {"var_data": [-0.017, -0.052, 0.028, 0.01, 0.74, -0.0, 1, 1, 1, 1, 1]}}, {"type": "Feature", "geometry": {"type": "Point", "coordinates": [3.52684, 42.8251]}, "properties": {"var_data": [0.027, -0.078, 0.02, 0.007, 0.586, -0.0, 1, 1, 1, 1, 1]}}, {"type": "Feature", "geometry": {"type": "Point", "coordinates": [3.56218, 42.8251]}, "properties": {"var_data": [-0.006, -0.064, 0.019, 0.007, 0.565, -0.0, 1, 1, 1, 1, 1]}}, {"type": "Feature", "geometry": {"type": "Point", "coordinates": [3.59752, 42.8251]}, "properties": {"var_data": [0.022, -0.085, 0.022, 0.01, 0.59, -0.0, 1, 1, 1, 1, 1]}}, {"type": "Feature", "geometry": {"type": "Point", "coordinates": [3.63286, 42.8251]}, "properties": {"var_data": [0.029, -0.056, 0.018, 0.008, 0.656, -0.0, 1, 1, 1, 1, 1]}}, {"type": "Feature", "geometry": {"type": "Point", "coordinates": [3.06742, 42.8521]}, "properties": {"var_data": [-0.183, 0.073, 0.019, 0.009, 0.433, -0.0, 1, 1, 1, 1, 1]}}, {"type": "Feature", "geometry": {"type": "Point", "coordinates": [3.10276, 42.8521]}, "properties": {"var_data": [-0.166, 0.078, 0.016, 0.009, 0.353, -0.0, 1, 1, 1, 1, 1]}}, {"type": "Feature", "geometry": {"type": "Point", "coordinates": [3.1381, 42.8521]}, "properties": {"var_data": [-0.12, 0.078, 0.015, 0.009, 0.307, -0.0, 1, 1, 1, 1, 1]}}, {"type": "Feature", "geometry": {"type": "Point", "coordinates": [3.17344, 42.8521]}, "properties": {"var_data": [-0.055, 0.077, 0.016, 0.011, 0.308, -0.0, 1, 1, 1, 1, 1]}}, {"type": "Feature", "geometry": {"type": "Point", "coordinates": [3.20878, 42.8521]}, "properties": {"var_data": [-0.007, 0.068, 0.016, 0.012, 0.31, -0.0, 1, 1, 1, 1, 1]}}, {"type": "Feature", "geometry": {"type": "Point", "coordinates": [3.24412, 42.8521]}, "properties": {"var_data": [0.014, 0.068, 0.013, 0.013, 0.325, -0.0, 1, 1, 1, 1, 1]}}, {"type": "Feature", "geometry": {"type": "Point", "coordinates": [3.27946, 42.8521]}, "properties": {"var_data": [-0.01, 0.045, 0.014, 0.017, 0.343, -0.0, 1, 1, 1, 1, 1]}}, {"type": "Feature", "geometry": {"type": "Point", "coordinates": [3.3148, 42.8521]}, "properties": {"var_data": [-0.027, 0.024, 0.013, 0.018, 0.36, -0.0, 1, 1, 1, 1, 1]}}, {"type": "Feature", "geometry": {"type": "Point", "coordinates": [3.35014, 42.8521]}, "properties": {"var_data": [-0.031, -0.034, 0.022, 0.036, 0.486, -0.001, 1, 1, 1, 1, 1]}}, {"type": "Feature", "geometry": {"type": "Point", "coordinates": [3.38548, 42.8521]}, "properties": {"var_data": [-0.003, -0.081, 0.024, 0.038, 0.544, -0.001, 1, 1, 1, 1, 1]}}, {"type": "Feature", "geometry": {"type": "Point", "coordinates": [3.42082, 42.8521]}, "properties": {"var_data": [0.042, -0.13, 0.072, 0.126, 0.877, -0.009, 1, 1, 1, 1, 1]}}, {"type": "Feature", "geometry": {"type": "Point", "coordinates": [3.4915, 42.8521]}, "properties": {"var_data": [0.017, -0.015, 0.012, 0.004, 0.988, -0.0, 1, 1, 1, 1, 1]}}, {"type": "Feature", "geometry": {"type": "Point", "coordinates": [3.52684, 42.8521]}, "properties": {"var_data": [-0.001, 0.026, 0.021, 0.008, 0.759, -0.0, 1, 1, 1, 1, 1]}}, {"type": "Feature", "geometry": {"type": "Point", "coordinates": [3.56218, 42.8521]}, "properties": {"var_data": [0.023, -0.047, 0.027, 0.013, 0.698, -0.0, 1, 1, 1, 1, 1]}}, {"type": "Feature", "geometry": {"type": "Point", "coordinates": [3.59752, 42.8521]}, "properties": {"var_data": [-0.033, 0.096, 0.026, 0.012, 0.771, -0.0, 1, 1, 1, 1, 1]}}, {"type": "Feature", "geometry": {"type": "Point", "coordinates": [3.63286, 42.8521]}, "properties": {"var_data": [0.016, 0.077, 0.021, 0.01, 1.025, -0.0, 1, 1, 1, 1, 1]}}, {"type": "Feature", "geometry": {"type": "Point", "coordinates": [3.06742, 42.879101]}, "properties": {"var_data": [-0.184, 0.059, 0.021, 0.01, 0.496, -0.0, 1, 1, 1, 1, 1]}}, {"type": "Feature", "geometry": {"type": "Point", "coordinates": [3.10276, 42.879101]}, "properties": {"var_data": [-0.184, 0.066, 0.023, 0.01, 0.44, -0.0, 1, 1, 1, 1, 1]}}, {"type": "Feature", "geometry": {"type": "Point", "coordinates": [3.1381, 42.879101]}, "properties": {"var_data": [-0.128, 0.07, 0.02, 0.01, 0.388, -0.0, 1, 1, 1, 1, 1]}}, {"type": "Feature", "geometry": {"type": "Point", "coordinates": [3.17344, 42.879101]}, "properties": {"var_data": [-0.081, 0.083, 0.02, 0.012, 0.356, -0.0, 1, 1, 1, 1, 1]}}, {"type": "Feature", "geometry": {"type": "Point", "coordinates": [3.20878, 42.879101]}, "properties": {"var_data": [0.012, 0.069, 0.021, 0.014, 0.365, -0.0, 1, 1, 1, 1, 1]}}, {"type": "Feature", "geometry": {"type": "Point", "coordinates": [3.24412, 42.879101]}, "properties": {"var_data": [0.012, 0.075, 0.019, 0.013, 0.343, -0.0, 1, 1, 1, 1, 1]}}, {"type": "Feature", "geometry": {"type": "Point", "coordinates": [3.27946, 42.879101]}, "properties": {"var_data": [0.015, 0.038, 0.022, 0.017, 0.391, -0.0, 1, 1, 1, 1, 1]}}, {"type": "Feature", "geometry": {"type": "Point", "coordinates": [3.3148, 42.879101]}, "properties": {"var_data": [-0.018, 0.032, 0.014, 0.017, 0.391, -0.0, 1, 1, 1, 1, 1]}}, {"type": "Feature", "geometry": {"type": "Point", "coordinates": [3.35014, 42.879101]}, "properties": {"var_data": [0.026, -0.07, 0.024, 0.038, 0.674, -0.001, 1, 1, 1, 1, 1]}}, {"type": "Feature", "geometry": {"type": "Point", "coordinates": [3.38548, 42.879101]}, "properties": {"var_data": [0.037, -0.074, 0.024, 0.038, 0.652, -0.001, 1, 1, 1, 1, 1]}}, {"type": "Feature", "geometry": {"type": "Point", "coordinates": [3.59752, 42.879101]}, "properties": {"var_data": [-0.025, 0.085, 0.013, 0.007, 1.082, -0.0, 1, 1, 1, 1, 1]}}, {"type": "Feature", "geometry": {"type": "Point", "coordinates": [3.06742, 42.906101]}, "properties": {"var_data": [-0.245, 0.054, 0.033, 0.011, 0.682, -0.0, 1, 1, 1, 1, 1]}}, {"type": "Feature", "geometry": {"type": "Point", "coordinates": [3.10276, 42.906101]}, "properties": {"var_data": [-0.22, 0.064, 0.028, 0.011, 0.537, -0.0, 1, 1, 1, 1, 1]}}, {"type": "Feature", "geometry": {"type": "Point", "coordinates": [3.1381, 42.906101]}, "properties": {"var_data": [-0.183, 0.075, 0.028, 0.012, 0.459, -0.0, 1, 1, 1, 1, 1]}}, {"type": "Feature", "geometry": {"type": "Point", "coordinates": [3.17344, 42.906101]}, "properties": {"var_data": [-0.094, 0.079, 0.024, 0.012, 0.406, -0.0, 1, 1, 1, 1, 1]}}, {"type": "Feature", "geometry": {"type": "Point", "coordinates": [3.20878, 42.906101]}, "properties": {"var_data": [-0.007, 0.068, 0.026, 0.016, 0.409, -0.0, 1, 1, 1, 1, 1]}}, {"type": "Feature", "geometry": {"type": "Point", "coordinates": [3.24412, 42.906101]}, "properties": {"var_data": [0.005, 0.067, 0.024, 0.016, 0.389, -0.0, 1, 1, 1, 1, 1]}}, {"type": "Feature", "geometry": {"type": "Point", "coordinates": [3.27946, 42.906101]}, "properties": {"var_data": [0.025, 0.029, 0.027, 0.02, 0.42, -0.0, 1, 1, 1, 1, 1]}}, {"type": "Feature", "geometry": {"type": "Point", "coordinates": [3.3148, 42.906101]}, "properties": {"var_data": [-0.004, 0.038, 0.031, 0.028, 0.44, -0.001, 1, 1, 1, 1, 1]}}, {"type": "Feature", "geometry": {"type": "Point", "coordinates": [3.35014, 42.906101]}, "properties": {"var_data": [0.059, -0.064, 0.037, 0.039, 0.704, -0.001, 1, 1, 1, 1, 1]}}, {"type": "Feature", "geometry": {"type": "Point", "coordinates": [3.38548, 42.906101]}, "properties": {"var_data": [0.074, -0.071, 0.032, 0.038, 0.692, -0.001, 1, 1, 1, 1, 1]}}, {"type": "Feature", "geometry": {"type": "Point", "coordinates": [3.06742, 42.933102]}, "properties": {"var_data": [-0.409, 0.018, 0.048, 0.015, 0.923, -0.0, 1, 1, 1, 1, 1]}}, {"type": "Feature", "geometry": {"type": "Point", "coordinates": [3.10276, 42.933102]}, "properties": {"var_data": [-0.291, 0.062, 0.025, 0.008, 0.615, -0.0, 1, 1, 1, 1, 1]}}, {"type": "Feature", "geometry": {"type": "Point", "coordinates": [3.1381, 42.933102]}, "properties": {"var_data": [-0.203, 0.083, 0.017, 0.008, 0.486, -0.0, 1, 1, 1, 1, 1]}}, {"type": "Feature", "geometry": {"type": "Point", "coordinates": [3.17344, 42.933102]}, "properties": {"var_data": [-0.112, 0.075, 0.025, 0.012, 0.437, -0.0, 1, 1, 1, 1, 1]}}, {"type": "Feature", "geometry": {"type": "Point", "coordinates": [3.20878, 42.933102]}, "properties": {"var_data": [-0.045, 0.071, 0.031, 0.016, 0.452, -0.0, 1, 1, 1, 1, 1]}}, {"type": "Feature", "geometry": {"type": "Point", "coordinates": [3.24412, 42.933102]}, "properties": {"var_data": [-0.007, 0.082, 0.035, 0.022, 0.42, -0.001, 1, 1, 1, 1, 1]}}, {"type": "Feature", "geometry": {"type": "Point", "coordinates": [3.27946, 42.933102]}, "properties": {"var_data": [-0.032, 0.082, 0.042, 0.036, 0.478, -0.001, 1, 1, 1, 1, 1]}}, {"type": "Feature", "geometry": {"type": "Point", "coordinates": [3.3148, 42.933102]}, "properties": {"var_data": [-0.003, 0.053, 0.033, 0.029, 0.477, -0.001, 1, 1, 1, 1, 1]}}, {"type": "Feature", "geometry": {"type": "Point", "coordinates": [3.35014, 42.933102]}, "properties": {"var_data": [0.061, 0.002, 0.034, 0.034, 0.739, -0.001, 1, 1, 1, 1, 1]}}, {"type": "Feature", "geometry": {"type": "Point", "coordinates": [3.38548, 42.933102]}, "properties": {"var_data": [-0.035, 0.141, 0.047, 0.049, 0.976, -0.002, 1, 1, 1, 1, 1]}}, {"type": "Feature", "geometry": {"type": "Point", "coordinates": [3.06742, 42.960098]}, "properties": {"var_data": [-0.512, 0.025, 0.037, 0.008, 0.947, -0.0, 1, 1, 1, 1, 1]}}, {"type": "Feature", "geometry": {"type": "Point", "coordinates": [3.10276, 42.960098]}, "properties": {"var_data": [-0.339, 0.052, 0.019, 0.008, 0.705, -0.0, 1, 1, 1, 1, 1]}}, {"type": "Feature", "geometry": {"type": "Point", "coordinates": [3.1381, 42.960098]}, "properties": {"var_data": [-0.225, 0.067, 0.018, 0.008, 0.542, -0.0, 1, 1, 1, 1, 1]}}, {"type": "Feature", "geometry": {"type": "Point", "coordinates": [3.17344, 42.960098]}, "properties": {"var_data": [-0.131, 0.078, 0.014, 0.007, 0.481, -0.0, 1, 1, 1, 1, 1]}}, {"type": "Feature", "geometry": {"type": "Point", "coordinates": [3.20878, 42.960098]}, "properties": {"var_data": [-0.04, 0.058, 0.019, 0.009, 0.481, -0.0, 1, 1, 1, 1, 1]}}, {"type": "Feature", "geometry": {"type": "Point", "coordinates": [3.24412, 42.960098]}, "properties": {"var_data": [0.006, 0.069, 0.025, 0.013, 0.466, -0.0, 1, 1, 1, 1, 1]}}, {"type": "Feature", "geometry": {"type": "Point", "coordinates": [3.27946, 42.960098]}, "properties": {"var_data": [0.002, 0.075, 0.026, 0.015, 0.508, -0.0, 1, 1, 1, 1, 1]}}, {"type": "Feature", "geometry": {"type": "Point", "coordinates": [3.3148, 42.960098]}, "properties": {"var_data": [0.011, 0.068, 0.032, 0.031, 0.516, -0.001, 1, 1, 1, 1, 1]}}, {"type": "Feature", "geometry": {"type": "Point", "coordinates": [3.35014, 42.960098]}, "properties": {"var_data": [-0.067, 0.161, 0.054, 0.054, 1.069, -0.003, 1, 1, 1, 1, 1]}}, {"type": "Feature", "geometry": {"type": "Point", "coordinates": [3.38548, 42.960098]}, "properties": {"var_data": [-0.022, 0.137, 0.053, 0.054, 1.007, -0.003, 1, 1, 1, 1, 1]}}, {"type": "Feature", "geometry": {"type": "Point", "coordinates": [3.10276, 42.987099]}, "properties": {"var_data": [-0.378, 0.057, 0.019, 0.008, 0.847, -0.0, 1, 1, 1, 1, 1]}}, {"type": "Feature", "geometry": {"type": "Point", "coordinates": [3.1381, 42.987099]}, "properties": {"var_data": [-0.277, 0.068, 0.016, 0.006, 0.654, -0.0, 1, 1, 1, 1, 1]}}, {"type": "Feature", "geometry": {"type": "Point", "coordinates": [3.17344, 42.987099]}, "properties": {"var_data": [-0.171, 0.086, 0.014, 0.007, 0.577, -0.0, 1, 1, 1, 1, 1]}}, {"type": "Feature", "geometry": {"type": "Point", "coordinates": [3.20878, 42.987099]}, "properties": {"var_data": [-0.045, 0.08, 0.017, 0.008, 0.52, -0.0, 1, 1, 1, 1, 1]}}, {"type": "Feature", "geometry": {"type": "Point", "coordinates": [3.24412, 42.987099]}, "properties": {"var_data": [0.03, 0.064, 0.017, 0.008, 0.496, -0.0, 1, 1, 1, 1, 1]}}, {"type": "Feature", "geometry": {"type": "Point", "coordinates": [3.27946, 42.987099]}, "properties": {"var_data": [0.051, 0.066, 0.026, 0.015, 0.542, -0.0, 1, 1, 1, 1, 1]}}, {"type": "Feature", "geometry": {"type": "Point", "coordinates": [3.3148, 42.987099]}, "properties": {"var_data": [0.041, 0.077, 0.017, 0.016, 0.528, -0.0, 1, 1, 1, 1, 1]}}, {"type": "Feature", "geometry": {"type": "Point", "coordinates": [3.35014, 42.987099]}, "properties": {"var_data": [-0.044, 0.155, 0.041, 0.038, 1.136, -0.002, 1, 1, 1, 1, 1]}}, {"type": "Feature", "geometry": {"type": "Point", "coordinates": [3.38548, 42.987099]}, "properties": {"var_data": [0.0, 0.137, 0.049, 0.048, 1.07, -0.002, 1, 1, 1, 1, 1]}}, {"type": "Feature", "geometry": {"type": "Point", "coordinates": [3.10276, 43.014099]}, "properties": {"var_data": [-0.362, 0.08, 0.045, 0.009, 1.045, 0.0, 1, 1, 1, 1, 1]}}, {"type": "Feature", "geometry": {"type": "Point", "coordinates": [3.1381, 43.014099]}, "properties": {"var_data": [-0.224, 0.095, 0.016, 0.006, 0.724, -0.0, 1, 1, 1, 1, 1]}}, {"type": "Feature", "geometry": {"type": "Point", "coordinates": [3.17344, 43.014099]}, "properties": {"var_data": [-0.105, 0.096, 0.02, 0.009, 0.685, -0.0, 1, 1, 1, 1, 1]}}, {"type": "Feature", "geometry": {"type": "Point", "coordinates": [3.20878, 43.014099]}, "properties": {"var_data": [-0.042, 0.089, 0.017, 0.008, 0.602, -0.0, 1, 1, 1, 1, 1]}}, {"type": "Feature", "geometry": {"type": "Point", "coordinates": [3.24412, 43.014099]}, "properties": {"var_data": [0.017, 0.088, 0.017, 0.008, 0.565, -0.0, 1, 1, 1, 1, 1]}}, {"type": "Feature", "geometry": {"type": "Point", "coordinates": [3.27946, 43.014099]}, "properties": {"var_data": [0.05, 0.077, 0.027, 0.015, 0.612, -0.0, 1, 1, 1, 1, 1]}}, {"type": "Feature", "geometry": {"type": "Point", "coordinates": [3.3148, 43.014099]}, "properties": {"var_data": [0.055, 0.088, 0.023, 0.015, 0.605, -0.0, 1, 1, 1, 1, 1]}}, {"type": "Feature", "geometry": {"type": "Point", "coordinates": [3.35014, 43.014099]}, "properties": {"var_data": [-0.026, 0.155, 0.04, 0.038, 1.179, -0.002, 1, 1, 1, 1, 1]}}, {"type": "Feature", "geometry": {"type": "Point", "coordinates": [3.38548, 43.014099]}, "properties": {"var_data": [-0.027, 0.158, 0.046, 0.045, 1.173, -0.002, 1, 1, 1, 1, 1]}}, {"type": "Feature", "geometry": {"type": "Point", "coordinates": [3.1381, 43.0411]}, "properties": {"var_data": [-0.162, 0.098, 0.046, 0.01, 0.865, -0.0, 1, 1, 1, 1, 1]}}, {"type": "Feature", "geometry": {"type": "Point", "coordinates": [3.17344, 43.0411]}, "properties": {"var_data": [-0.082, 0.103, 0.026, 0.01, 0.833, -0.0, 1, 1, 1, 1, 1]}}, {"type": "Feature", "geometry": {"type": "Point", "coordinates": [3.20878, 43.0411]}, "properties": {"var_data": [-0.021, 0.097, 0.019, 0.008, 0.646, -0.0, 1, 1, 1, 1, 1]}}, {"type": "Feature", "geometry": {"type": "Point", "coordinates": [3.24412, 43.0411]}, "properties": {"var_data": [0.035, 0.089, 0.026, 0.013, 0.662, -0.0, 1, 1, 1, 1, 1]}}, {"type": "Feature", "geometry": {"type": "Point", "coordinates": [3.27946, 43.0411]}, "properties": {"var_data": [0.141, 0.052, 0.03, 0.016, 0.783, -0.0, 1, 1, 1, 1, 1]}}, {"type": "Feature", "geometry": {"type": "Point", "coordinates": [3.3148, 43.0411]}, "properties": {"var_data": [0.084, 0.08, 0.025, 0.016, 0.78, -0.0, 1, 1, 1, 1, 1]}}, {"type": "Feature", "geometry": {"type": "Point", "coordinates": [3.1381, 43.0681]}, "properties": {"var_data": [-0.181, 0.105, 0.105, 0.02, 1.291, -0.002, 1, 1, 1, 1, 1]}}, {"type": "Feature", "geometry": {"type": "Point", "coordinates": [3.17344, 43.0681]}, "properties": {"var_data": [-0.072, 0.122, 0.052, 0.023, 0.955, -0.001, 1, 1, 1, 1, 1]}}, {"type": "Feature", "geometry": {"type": "Point", "coordinates": [3.20878, 43.0681]}, "properties": {"var_data": [-0.02, 0.107, 0.044, 0.021, 0.808, -0.001, 1, 1, 1, 1, 1]}}, {"type": "Feature", "geometry": {"type": "Point", "coordinates": [3.24412, 43.0681]}, "properties": {"var_data": [0.039, 0.103, 0.061, 0.031, 0.846, -0.002, 1, 1, 1, 1, 1]}}, {"type": "Feature", "geometry": {"type": "Point", "coordinates": [3.27946, 43.0681]}, "properties": {"var_data": [0.118, 0.075, 0.065, 0.036, 1.03, -0.002, 1, 1, 1, 1, 1]}}, {"type": "Feature", "geometry": {"type": "Point", "coordinates": [3.3148, 43.0681]}, "properties": {"var_data": [0.191, 0.026, 0.093, 0.057, 1.319, -0.005, 1, 1, 1, 1, 1]}}, {"type": "Feature", "geometry": {"type": "Point", "coordinates": [3.1381, 43.0951]}, "properties": {"var_data": [-0.074, 0.111, 0.119, 0.023, 1.528, -0.003, 1, 1, 1, 1, 1]}}, {"type": "Feature", "geometry": {"type": "Point", "coordinates": [3.17344, 43.0951]}, "properties": {"var_data": [-0.044, 0.131, 0.1, 0.038, 1.254, -0.004, 1, 1, 1, 1, 1]}}, {"type": "Feature", "geometry": {"type": "Point", "coordinates": [3.20878, 43.0951]}, "properties": {"var_data": [-0.017, 0.13, 0.086, 0.036, 1.157, -0.003, 1, 1, 1, 1, 1]}}], "metadata": {"acknowledgment": "ICATMAR HF Radar Network has been established with the support of the European Maritime and Fisheries Fund, the European Maritime, Fisheries and Aquaculture Fund, the Government of Catalonia and funds from the Interreg POCTEFA AFLE program through the OPALE project (EFA146/03, 2025-2027). The network has been designed, implemented and managed through the efforts of: the Direcci\u00f3 General de Pol\u00edtica Mar\u00edtima i Pesca Sostenible (Government of Catalonia), the Institut de Ci\u00e8ncies del Mar (CSIC, Barcelona), and Centre de Formation et de Recherche sur l'Environnement Marin (CEFREM, Perpignan).", "area": "Mediterranean Sea", "citation": "These data were collected and made freely available by ICATMAR and the programs that contribute to it. Data was collected by the Government of Catalonia and CEFREM (France), and processed by ICATMAR with the support of the European Maritime, Fisheries and Aquaculture Fund (EMFAF) and the Climatic Funds Program of the Government of Catalonia.", "Conventions": "CF-1.10", "date_created": "2026-05-28T06:00:01Z", "date_modified": "2026-05-28T06:00:01Z", "distribution_statement": "These data follow Copernicus standards; they are public and free of charge. User assumes all risk for use of data. User must display citation in any publication or product using data. User must contact ICATMAR prior to any commercial use of data.", "doi": "https://doi.org/10.20350/digitalCSIC/18102", "dataset_version": "v2", "geospatial_lat_min": "39.5851", "geospatial_lat_max": "43.4731", "geospatial_lat_resolution": "0.027", "geospatial_lat_units": "degrees_north", "geospatial_lon_min": "0.06352", "geospatial_lon_max": "4.26898", "geospatial_lon_resolution": "0.03534", "geospatial_lon_units": "degrees_east", "geospatial_vertical_min": "0", "geospatial_vertical_max": "0.75", "geospatial_vertical_units": "m", "history": "2026-05-28T06:00:01Z data collected.2026-05-28T06:00:01Z NetCDF file created", "id": "HFR_ICATMAR_Total_2026-05-28T06:00:01Z", "institution": "Catalan Institute of Research for the Governance of the Sea", "institution_edmo_code": "5801", "L2_source_files": "RDLm_CREU_2026_05_28_0500_l2b.ruv; RDLm_CREU_2026_05_28_0500_l2b.ruv; RDLm_GNST_2026_05_28_0500_l2b.ruv; RDLm_TOSS_2026_05_28_0500_l2b.ruv; RDLm_CNET_2026_05_28_0500_l2b.ruv", "license": "HF radar sea surface current velocity dataset by ICATMAR is licensed under a Creative Commons Attribution 4.0 International License. You should have received a copy of the license along with this work. If not, see http://creativecommons.org/licenses/by/4.0/.", "processing_level": "3B", "publisher_name": "ICATMAR", "publisher_email": "info@icatmar.cat", "publisher_url": "https://icatmar.cat", "references": "Quir\u00f3s-Collazos, L.; Bueno-Herrero, C.; Mart\u00ednez, J.; Llorach-T\u00f3, G.; Gonz\u00e1lez-Haro, C.; Ribera-Altamir, J.; Ballabrera, J.; Garc\u00eda-Ladona, E.; Isern-Fontanet, J.: Level 3 velocity products from ICATMAR High-Frequency Radar network. 2024, ICATMAR Technical Report, number 3, pp:27. https://doi.org/10.20350/digitalCSIC/17191", "radials_combination_software": "merge_radials version 0.6 release 2026-02-23", "radials_combination_method": "unweighted least squares", "radials_combination_averaging_radius": "6100 m", "radials_combination_distance_method": "haversine version 1.0 release 2023-02-27 as defined in merge_radials 0.6", "radials_combination_grid": "hfradar_totals_grid_icatmar.nc version 2.1 release 2026-03-05", "source": "Surface ocean velocity field from HF-radar", "time_coverage_start": "2026-05-28T04:25:00Z", "time_coverage_end": "2026-05-28T05:40:00Z", "time_coverage_resolution": "PT1H", "title": "Near Real Time Surface Ocean Velocity", "var_names": ["u", "v", "stdu", "stdv", "gdop", "cov", "qcflag", "vart_qc", "gdop_qc", "ddns_qc", "cspd_qc"], "var_lnames": ["Surface Eastward Sea Water Velocity", "Surface Nortward Sea Water Velocity", "Standard Deviation Of Surface Eastward Sea Water Velocity", "Standard Deviation Of Surface Northward Sea Water Velocity", "Geometrical Dilution Of Precision", "Covariance Of Surface Sea Water Velocity", "Overall quality flag", "Variance threshold quality flag", "GDOP threshold quality flag", "Data density threshold quality flag", "Velocity threshold quality flag"], "var_units": ["m s-1", "m s-1", "m s-1", "m s-1", "1", "m2 s-2", "1", "1", "1", "1", "1"], "var_time": "2026-05-28T05:00:00Z"}}