"TOA5","BoiaSomorrostro_cr1000xs","CR1000X","27337","CR1000X.8.2.1","CPU:codi_BoiaSomorrostro.CR1X","45662","System"
"TIMESTAMP","RECORD","PTemp","Datalogg_Batt","Batt_Volt","Solar_Voltage","System_Current","CTD_PwrOff","ADP_PwrOff","SAMI_PwrOff","Meteo_PwrOff"
"TS","RN","Celsius","Volt","Volt","Volt","Amp","","","",""
"","","Smp","Smp","Smp","Smp","Smp","Smp","Smp","Smp","Smp"
"2026-06-02 17:15:00",0,27.54,13.04,13.09,13.1,0.126,0,0,0,0
"2026-06-02 17:30:00",1,27.59,13.02,13.07,13.08,0.125,0,0,0,0
"2026-06-02 17:45:00",2,27.6,12.98,13.02,13.03,0.121,0,0,0,0
"2026-06-02 18:00:00",3,27.55,12.92,12.96,12.98,0.124,0,0,0,0
"2026-06-02 18:15:00",4,27.44,12.9,12.94,12.96,0.121,0,0,0,0
"2026-06-02 18:30:00",5,27.32,12.88,12.93,12.94,0.122,0,0,0,0
"2026-06-02 18:45:00",6,27.19,12.85,12.89,12.88,0.197,0,0,0,0
"2026-06-02 19:00:00",7,27.07,12.85,12.9,12.92,0.122,0,0,0,0
"2026-06-02 19:15:00",8,26.95,12.83,12.88,12.9,0.12,0,0,0,0
"2026-06-02 19:30:00",9,26.83,12.81,12.86,12.87,0.124,0,0,0,0
"2026-06-02 19:45:00",10,26.65,12.8,12.84,12.86,0.124,0,0,0,0
"2026-06-02 20:00:00",11,26.46,12.79,12.84,12.86,0.128,0,0,0,0
"2026-06-02 20:15:00",12,26.27,12.8,12.84,12.86,0.121,0,0,0,0
"2026-06-02 20:30:00",13,26.12,12.75,12.8,12.77,0.144,0,0,0,0
"2026-06-02 20:45:00",14,25.95,12.77,12.82,12.83,0.136,0,0,0,0
"2026-06-02 21:00:00",15,25.79,12.76,12.8,12.82,0.128,0,0,0,0
"2026-06-02 21:15:00",16,25.63,12.75,12.8,12.82,0.121,0,0,0,0
"2026-06-02 21:30:00",17,25.48,12.75,12.79,8.42,0.121,0,0,0,0
"2026-06-02 21:45:00",18,25.35,12.74,12.79,1.356,0.137,0,0,0,0
"2026-06-02 22:00:00",19,25.23,12.75,12.8,0.27,0.12,0,0,0,0
"2026-06-02 22:15:00",20,25.12,12.72,12.78,0.179,0.122,0,0,0,0
"2026-06-02 22:30:00",21,25.04,12.75,12.79,0.185,0.123,0,0,0,0
"2026-06-02 22:45:00",22,24.94,12.73,12.78,0.171,0.14,0,0,0,0
"2026-06-02 23:00:00",23,24.82,12.74,12.79,0.189,0.123,0,0,0,0
"2026-06-02 23:15:00",24,24.73,12.74,12.79,0.179,0.123,0,0,0,0
"2026-06-02 23:30:00",25,24.65,12.74,12.79,0.197,0.119,0,0,0,0
"2026-06-02 23:45:00",26,24.57,12.74,12.78,0.188,0.131,0,0,0,0
"2026-06-03 00:00:00",27,24.49,12.73,12.78,0.17,0.126,0,0,0,0
"2026-06-03 00:15:00",28,24.42,12.74,12.78,0.184,0.124,0,0,0,0
"2026-06-03 00:30:00",29,24.34,12.74,12.78,0.211,0.122,0,0,0,0
"2026-06-03 00:45:00",30,24.24,12.74,12.8,0.202,0.095,0,0,0,0
"2026-06-03 01:00:00",31,24.14,12.74,12.79,0.208,0.094,0,0,0,0
"2026-06-03 01:15:00",32,24.05,12.74,12.79,0.213,0.097,0,0,0,0
"2026-06-03 01:30:00",33,23.97,12.73,12.79,0.211,0.1,0,0,0,0
"2026-06-03 01:45:00",34,23.87,12.73,12.79,0.218,0.097,0,0,0,0
"2026-06-03 02:00:00",35,23.78,12.73,12.78,0.223,0.098,0,0,0,0
"2026-06-03 02:15:00",36,23.69,12.73,12.78,0.227,0.092,0,0,0,0
"2026-06-03 02:30:00",37,23.64,12.72,12.77,0.215,0.095,0,0,0,0
"2026-06-03 02:45:00",38,23.55,12.72,12.77,0.223,0.1,0,0,0,0
"2026-06-03 03:00:00",39,23.47,12.72,12.77,0.21,0.098,0,0,0,0
"2026-06-03 03:15:00",40,23.4,12.72,12.77,0.228,0.091,0,0,0,0
"2026-06-03 03:30:00",41,23.38,12.71,12.77,0.211,0.093,0,0,0,0
"2026-06-03 03:45:00",42,23.33,12.71,12.77,0.212,0.11,0,0,0,0
"2026-06-03 04:00:00",43,23.27,12.7,12.75,0.199,0.113,0,0,0,0
"2026-06-03 04:15:00",44,23.21,12.71,12.76,0.214,0.096,0,0,0,0
"2026-06-03 04:30:00",45,23.18,12.7,12.75,0.226,0.094,0,0,0,0
"2026-06-03 04:45:00",46,23.13,12.7,12.75,0.242,0.093,0,0,0,0
"2026-06-03 05:00:00",47,23.08,12.7,12.75,0.221,0.094,0,0,0,0
"2026-06-03 05:15:00",48,23.05,12.67,12.71,0.167,0.186,0,0,0,0
"2026-06-03 05:30:00",49,23.05,12.69,12.75,0.251,0.102,0,0,0,0
"2026-06-03 05:45:00",50,23.01,12.69,12.75,0.46,0.097,0,0,0,0
"2026-06-03 06:00:00",51,22.95,12.69,12.74,4.343,0.106,0,0,0,0
"2026-06-03 06:15:00",52,22.87,12.69,12.74,12.57,0.096,0,0,0,0
"2026-06-03 06:30:00",53,22.81,12.69,12.73,12.82,0.1,0,0,0,0
"2026-06-03 06:45:00",54,22.7,12.69,12.74,12.77,0.095,0,0,0,0
"2026-06-03 07:00:00",55,22.6,12.7,12.74,12.78,0.093,0,0,0,0
"2026-06-03 07:15:00",56,22.53,12.7,12.76,12.78,0.103,0,0,0,0
"2026-06-03 07:30:00",57,22.51,12.7,12.75,12.78,0.094,0,0,0,0
"2026-06-03 07:45:00",58,22.47,12.74,12.79,12.82,0.105,0,0,0,0
"2026-06-03 08:00:00",59,22.45,12.75,12.82,12.79,0.108,0,0,0,0
"2026-06-03 08:15:00",60,22.47,12.82,12.85,12.91,0.113,0,0,0,0
"2026-06-03 08:30:00",61,22.59,12.99,13.04,13.07,0.093,0,0,0,0
"2026-06-03 08:45:00",62,22.76,12.98,13.01,13.01,0.138,0,0,0,0
"2026-06-03 09:00:00",63,23.06,13.03,13.07,13.11,0.14,0,0,0,0
"2026-06-03 09:15:00",64,23.49,13.05,13.1,13.13,0.112,0,0,0,0
"2026-06-03 09:30:00",65,24.02,13.08,13.13,13.17,0.09,0,0,0,0
"2026-06-03 09:45:00",66,24.43,13.1,13.15,13.18,0.098,0,0,0,0
"2026-06-03 10:00:00",67,24.7,13.17,13.22,13.26,0.09,0,0,0,0
"2026-06-03 10:15:00",68,24.87,13.19,13.24,13.28,0.092,0,0,0,0
"2026-06-03 10:30:00",69,25.07,13.21,13.25,13.3,0.091,0,0,0,0
"2026-06-03 10:45:00",70,25.31,13.93,13.97,14.04,0.088,0,0,0,0
"2026-06-03 11:00:00",71,25.73,13.99,14.04,23.7,0.087,0,0,0,0
"2026-06-03 11:15:00",72,26.25,14,14.04,14.1,0.088,0,0,0,0
"2026-06-03 11:30:00",73,26.78,13.96,13.95,14.07,0.099,0,0,0,0
"2026-06-03 11:45:00",74,27.28,13.96,13.95,14.07,0.087,0,0,0,0
"2026-06-03 12:00:00",75,27.69,13.96,13.96,14.06,0.091,0,0,0,0
"2026-06-03 12:15:00",76,28.02,13.92,13.97,14.59,0.087,0,0,0,0
"2026-06-03 12:30:00",77,28.36,13.63,13.68,13.73,0.09,0,0,0,0
"2026-06-03 12:45:00",78,28.64,13.2,13.23,13.25,0.178,0,0,0,0
"2026-06-03 13:00:00",79,28.51,13.12,13.15,13.16,0.17,0,0,0,0
"2026-06-03 13:15:00",80,28.15,13.15,13.2,13.24,0.091,0,0,0,0
"2026-06-03 13:30:00",81,28.23,13.5,13.53,13.53,0.132,0,0,0,0
"2026-06-03 13:45:00",82,28.58,13.18,13.23,13.27,0.093,0,0,0,0
"2026-06-03 14:00:00",83,28.42,13.07,13.12,13.13,0.157,0,0,0,0
"2026-06-03 14:15:00",84,27.96,13.02,13.06,13.05,0.173,0,0,0,0
"2026-06-03 14:30:00",85,27.52,13.02,13.06,13.09,0.102,0,0,0,0
"2026-06-03 14:45:00",86,27.06,12.96,12.99,13.01,0.134,0,0,0,0
"2026-06-03 15:00:00",87,26.7,12.94,12.98,12.98,0.129,0,0,0,0
"2026-06-03 15:15:00",88,26.79,12.97,13.02,13.05,0.096,0,0,0,0
"2026-06-03 15:30:00",89,27.34,13.14,13.19,13.22,0.099,0,0,0,0
"2026-06-03 15:45:00",90,27.78,12.97,13.01,13.05,0.149,0,0,0,0
"2026-06-03 16:00:00",91,27.45,12.9,12.94,12.95,0.168,0,0,0,0
"2026-06-03 16:15:00",92,26.96,12.85,12.86,12.88,0.158,0,0,0,0
"2026-06-03 16:30:00",93,26.53,12.84,12.89,12.92,0.096,0,0,0,0
"2026-06-03 16:45:00",94,26.15,12.8,12.84,12.83,0.142,0,0,0,0
"2026-06-03 17:00:00",95,25.85,12.79,12.83,12.82,0.145,0,0,0,0
"2026-06-03 17:15:00",96,25.61,12.81,12.86,12.89,0.097,0,0,0,0
"2026-06-03 17:30:00",97,25.44,12.78,12.82,12.8,0.136,0,0,0,0
"2026-06-03 17:45:00",98,25.27,12.78,12.84,12.79,0.119,0,0,0,0
"2026-06-03 18:00:00",99,25.12,12.76,12.82,12.82,0.15,0,0,0,0
"2026-06-03 18:15:00",100,25.02,12.75,12.8,12.83,0.141,0,0,0,0
"2026-06-03 18:30:00",101,24.99,12.75,12.79,12.82,0.155,0,0,0,0
"2026-06-03 18:45:00",102,24.96,12.78,12.84,12.87,0.094,0,0,0,0
"2026-06-03 19:00:00",103,24.94,12.78,12.83,12.86,0.096,0,0,0,0
"2026-06-03 19:15:00",104,24.91,12.78,12.83,12.84,0.103,0,0,0,0
"2026-06-03 19:30:00",105,24.92,12.78,12.83,12.84,0.092,0,0,0,0
"2026-06-03 19:45:00",106,24.89,12.77,12.83,12.84,0.104,0,0,0,0
"2026-06-03 20:00:00",107,24.85,12.77,12.82,12.85,0.091,0,0,0,0
"2026-06-03 20:15:00",108,24.8,12.74,12.77,12.77,0.134,0,0,0,0
"2026-06-03 20:30:00",109,24.78,12.76,12.78,12.82,0.143,0,0,0,0
"2026-06-03 20:45:00",110,24.71,12.75,12.8,12.81,0.121,0,0,0,0
"2026-06-03 21:00:00",111,24.61,12.74,12.78,12.8,0.12,0,0,0,0
"2026-06-03 21:15:00",112,24.51,12.72,12.75,12.74,0.179,0,0,0,0
"2026-06-03 21:30:00",113,24.44,12.68,12.73,7.302,0.19,0,0,0,0
"2026-06-03 21:45:00",114,24.34,12.72,12.77,0.897,0.122,0,0,0,0
"2026-06-03 22:00:00",115,24.23,12.72,12.77,0.242,0.137,0,0,0,0
"2026-06-03 22:15:00",116,24.13,12.71,12.76,0.19,0.119,0,0,0,0
"2026-06-03 22:30:00",117,24.06,12.69,12.72,0.112,0.188,0,0,0,0
"2026-06-03 22:45:00",118,23.96,12.67,12.68,0.127,0.186,0,0,0,0
"2026-06-03 23:00:00",119,23.86,12.68,12.7,0.119,0.165,0,0,0,0
"2026-06-03 23:15:00",120,23.78,12.67,12.7,0.125,0.17,0,0,0,0
"2026-06-03 23:30:00",121,23.73,12.68,12.74,0.189,0.122,0,0,0,0
"2026-06-03 23:45:00",122,23.66,12.69,12.74,0.187,0.121,0,0,0,0
"2026-06-04 00:00:00",123,23.6,12.69,12.73,0.181,0.121,0,0,0,0
"2026-06-04 00:15:00",124,23.55,12.68,12.71,0.196,0.142,0,0,0,0
"2026-06-04 00:30:00",125,23.53,12.65,12.69,0.141,0.182,0,0,0,0
"2026-06-04 00:45:00",126,23.51,12.66,12.69,0.208,0.169,0,0,0,0
"2026-06-04 01:00:00",127,23.49,12.67,12.71,0.209,0.124,0,0,0,0
"2026-06-04 01:15:00",128,23.49,12.63,12.68,0.154,0.174,0,0,0,0
"2026-06-04 01:30:00",129,23.52,12.65,12.7,0.203,0.125,0,0,0,0
"2026-06-04 01:45:00",130,23.52,12.65,12.7,0.215,0.119,0,0,0,0
"2026-06-04 02:00:00",131,23.52,12.63,12.65,0.174,0.188,0,0,0,0
"2026-06-04 02:15:00",132,23.52,12.61,12.64,0.157,0.183,0,0,0,0
"2026-06-04 02:30:00",133,23.56,12.61,12.65,0.159,0.192,0,0,0,0
"2026-06-04 02:45:00",134,23.55,12.62,12.63,0.153,0.179,0,0,0,0
"2026-06-04 03:00:00",135,23.54,12.64,12.68,0.206,0.124,0,0,0,0
"2026-06-04 03:15:00",136,23.53,12.62,12.67,0.148,0.141,0,0,0,0
"2026-06-04 03:30:00",137,23.53,12.62,12.65,0.14,0.169,0,0,0,0
"2026-06-04 03:45:00",138,23.52,12.62,12.64,0.127,0.168,0,0,0,0
"2026-06-04 04:00:00",139,23.51,12.64,12.66,0.123,0.165,0,0,0,0
"2026-06-04 04:15:00",140,23.49,12.61,12.64,0.123,0.168,0,0,0,0
"2026-06-04 04:30:00",141,23.48,12.61,12.66,0.18,0.165,0,0,0,0
"2026-06-04 04:45:00",142,23.47,12.61,12.63,0.152,0.172,0,0,0,0
"2026-06-04 05:00:00",143,23.45,12.63,12.68,0.171,0.17,0,0,0,0
"2026-06-04 05:15:00",144,23.41,12.63,12.69,0.156,0.116,0,0,0,0
"2026-06-04 05:30:00",145,23.39,12.62,12.67,0.144,0.167,0,0,0,0
"2026-06-04 05:45:00",146,23.35,12.65,12.7,0.369,0.101,0,0,0,0
"2026-06-04 06:00:00",147,23.31,12.65,12.7,1.339,0.101,0,0,0,0
"2026-06-04 06:15:00",148,23.29,12.65,12.7,7.406,0.112,0,0,0,0
"2026-06-04 06:30:00",149,23.29,12.65,12.7,12.72,0.101,0,0,0,0
"2026-06-04 06:45:00",150,23.27,12.62,12.67,12.64,0.171,0,0,0,0
"2026-06-04 07:00:00",151,23.26,12.63,12.68,12.66,0.153,0,0,0,0
"2026-06-04 07:15:00",152,23.28,12.64,12.7,12.69,0.153,0,0,0,0
"2026-06-04 07:30:00",153,23.32,12.68,12.73,12.75,0.1,0,0,0,0
"2026-06-04 07:45:00",154,23.35,12.72,12.75,12.78,0.131,0,0,0,0
"2026-06-04 08:00:00",155,23.41,12.74,12.79,12.82,0.091,0,0,0,0
"2026-06-04 08:15:00",156,23.5,12.78,12.8,12.83,0.155,0,0,0,0
"2026-06-04 08:30:00",157,23.66,12.76,12.8,12.8,0.157,0,0,0,0
"2026-06-04 08:45:00",158,23.8,12.78,12.83,12.85,0.117,0,0,0,0
"2026-06-04 09:00:00",159,23.9,12.86,12.9,12.94,0.092,0,0,0,0
"2026-06-04 09:15:00",160,24.03,12.92,12.96,12.95,0.139,0,0,0,0
"2026-06-04 09:30:00",161,24.21,13.01,13.05,13.02,0.113,0,0,0,0
"2026-06-04 09:45:00",162,24.32,13.07,13.1,13.09,0.131,0,0,0,0
"2026-06-04 10:00:00",163,24.41,13.1,13.14,13.15,0.131,0,0,0,0
"2026-06-04 10:15:00",164,24.5,13.2,13.24,13.26,0.125,0,0,0,0
"2026-06-04 10:30:00",165,24.69,13.23,13.28,13.29,0.151,0,0,0,0
"2026-06-04 10:45:00",166,24.93,13.57,13.61,13.64,0.161,0,0,0,0
"2026-06-04 11:00:00",167,25.31,13.69,13.73,13.76,0.133,0,0,0,0
"2026-06-04 11:15:00",168,25.74,13.6,13.64,13.68,0.151,0,0,0,0
"2026-06-04 11:30:00",169,26.18,13.99,14.01,24.14,0.15,0,0,0,0
"2026-06-04 11:45:00",170,26.67,13.43,13.46,13.49,0.15,0,0,0,0
"2026-06-04 12:00:00",171,26.92,13.23,13.26,13.26,0.151,0,0,0,0
"2026-06-04 12:15:00",172,26.83,13.08,13.1,13.1,0.154,0,0,0,0
"2026-06-04 12:30:00",173,26.61,12.98,12.99,13,0.149,0,0,0,0
"2026-06-04 12:45:00",174,26.33,12.99,13.03,13.01,0.13,0,0,0,0
"2026-06-04 13:00:00",175,26.13,13.29,13.33,13.37,0.093,0,0,0,0
"2026-06-04 13:15:00",176,26.05,13.24,13.29,13.33,0.093,0,0,0,0
"2026-06-04 13:30:00",177,25.97,13.08,13.11,13.1,0.136,0,0,0,0
"2026-06-04 13:45:00",178,25.81,13.03,13.09,13.09,0.09,0,0,0,0
"2026-06-04 14:00:00",179,25.66,12.97,13.03,13.03,0.157,0,0,0,0
"2026-06-04 14:15:00",180,25.51,12.94,12.98,12.99,0.14,0,0,0,0
"2026-06-04 14:30:00",181,25.41,12.93,12.97,12.99,0.139,0,0,0,0
"2026-06-04 14:45:00",182,25.27,12.92,12.96,13,0.094,0,0,0,0
"2026-06-04 15:00:00",183,25.02,12.88,12.93,12.95,0.102,0,0,0,0
"2026-06-04 15:15:00",184,24.78,12.91,12.95,12.95,0.181,0,0,0,0
"2026-06-04 15:30:00",185,24.63,12.83,12.87,12.86,0.22,0,0,0,0
"2026-06-04 15:45:00",186,24.5,12.87,12.92,12.94,0.106,0,0,0,0
"2026-06-04 16:00:00",187,24.4,12.89,12.94,12.97,0.112,0,0,0,0
"2026-06-04 16:15:00",188,24.34,12.84,12.87,12.89,0.161,0,0,0,0
"2026-06-04 16:30:00",189,24.34,12.87,12.92,12.95,0.093,0,0,0,0
"2026-06-04 16:45:00",190,24.34,12.97,13.02,13.05,0.104,0,0,0,0
"2026-06-04 17:00:00",191,24.39,12.99,13.04,13.03,0.137,0,0,0,0
"2026-06-04 17:15:00",192,24.44,13.03,13.08,13.11,0.092,0,0,0,0
"2026-06-04 17:30:00",193,24.52,12.96,13.01,12.99,0.13,0,0,0,0
"2026-06-04 17:45:00",194,24.56,13.04,13.09,13.12,0.101,0,0,0,0
"2026-06-04 18:00:00",195,24.61,13.03,13.07,13.04,0.173,0,0,0,0
"2026-06-04 18:15:00",196,24.65,12.99,13.04,13.06,0.09,0,0,0,0
"2026-06-04 18:30:00",197,24.68,12.86,12.91,12.91,0.151,0,0,0,0
"2026-06-04 18:45:00",198,24.62,12.82,12.87,12.9,0.094,0,0,0,0
"2026-06-04 19:00:00",199,24.52,12.72,12.76,12.75,0.173,0,0,0,0
"2026-06-04 19:15:00",200,24.38,12.71,12.78,12.81,0.096,0,0,0,0
"2026-06-04 19:30:00",201,24.27,12.7,12.74,12.76,0.155,0,0,0,0
"2026-06-04 19:45:00",202,24.11,12.72,12.75,12.75,0.155,0,0,0,0
"2026-06-04 20:00:00",203,23.96,12.71,12.75,12.75,0.153,0,0,0,0
"2026-06-04 20:15:00",204,23.8,12.74,12.79,12.81,0.1,0,0,0,0
"2026-06-04 20:30:00",205,23.67,12.72,12.74,12.75,0.162,0,0,0,0
"2026-06-04 20:45:00",206,23.46,12.73,12.79,3.811,0.107,0,0,0,0
"2026-06-04 21:00:00",207,23.1,12.71,12.73,10.08,0.141,0,0,0,0
"2026-06-04 21:15:00",208,22.64,12.73,12.78,8.29,0.103,0,0,0,0
"2026-06-04 21:30:00",209,22.26,12.7,12.74,3.554,0.136,0,0,0,0
"2026-06-04 21:45:00",210,21.88,12.71,12.76,0.459,0.121,0,0,0,0
"2026-06-04 22:00:00",211,21.58,12.69,12.74,0.188,0.157,0,0,0,0
"2026-06-04 22:15:00",212,21.27,12.71,12.76,0.252,0.101,0,0,0,0
"2026-06-04 22:30:00",213,20.93,12.71,12.76,0.256,0.098,0,0,0,0
"2026-06-04 22:45:00",214,20.62,12.7,12.75,0.248,0.134,0,0,0,0
"2026-06-04 23:00:00",215,20.35,12.7,12.75,0.23,0.096,0,0,0,0
"2026-06-04 23:15:00",216,20.08,12.69,12.74,0.237,0.098,0,0,0,0
"2026-06-04 23:30:00",217,19.92,12.69,12.73,0.227,0.101,0,0,0,0
"2026-06-04 23:45:00",218,19.73,12.65,12.69,0.195,0.151,0,0,0,0
"2026-06-05 00:00:00",219,19.56,12.68,12.73,0.225,0.095,0,0,0,0
"2026-06-05 00:15:00",220,19.39,12.67,12.73,0.226,0.097,0,0,0,0
"2026-06-05 00:30:00",221,19.28,12.66,12.71,0.216,0.092,0,0,0,0
"2026-06-05 00:45:00",222,19.15,12.63,12.68,0.184,0.141,0,0,0,0
"2026-06-05 01:00:00",223,19.03,12.66,12.71,0.227,0.099,0,0,0,0
"2026-06-05 01:15:00",224,18.93,12.64,12.7,0.218,0.091,0,0,0,0
"2026-06-05 01:30:00",225,18.84,12.6,12.66,0.179,0.153,0,0,0,0
"2026-06-05 01:45:00",226,18.72,12.61,12.65,0.163,0.156,0,0,0,0
"2026-06-05 02:00:00",227,18.61,12.61,12.66,0.175,0.152,0,0,0,0
"2026-06-05 02:15:00",228,18.49,12.63,12.68,0.204,0.115,0,0,0,0
"2026-06-05 02:30:00",229,18.41,12.6,12.63,0.103,0.143,0,0,0,0
"2026-06-05 02:45:00",230,18.32,12.62,12.65,0.193,0.127,0,0,0,0
"2026-06-05 03:00:00",231,18.25,12.62,12.66,0.194,0.12,0,0,0,0
"2026-06-05 03:15:00",232,18.19,12.59,12.63,0.153,0.192,0,0,0,0
"2026-06-05 03:30:00",233,18.16,12.61,12.66,0.202,0.124,0,0,0,0
"2026-06-05 03:45:00",234,18.13,12.57,12.62,0.156,0.176,0,0,0,0
"2026-06-05 04:00:00",235,18.11,12.59,12.62,0.175,0.184,0,0,0,0
"2026-06-05 04:15:00",236,18.09,12.59,12.62,0.176,0.174,0,0,0,0
"2026-06-05 04:30:00",237,18.09,12.59,12.63,0.127,0.187,0,0,0,0
"2026-06-05 04:45:00",238,18.09,12.61,12.66,0.214,0.121,0,0,0,0
"2026-06-05 05:00:00",239,18.08,12.58,12.61,0.165,0.207,0,0,0,0
"2026-06-05 05:15:00",240,18.07,12.61,12.66,0.219,0.135,0,0,0,0
"2026-06-05 05:30:00",241,18.07,12.61,12.65,0.228,0.124,0,0,0,0
"2026-06-05 05:45:00",242,18.06,12.58,12.61,0.23,0.203,0,0,0,0
"2026-06-05 06:00:00",243,18.05,12.6,12.65,2.069,0.128,0,0,0,0
"2026-06-05 06:15:00",244,18.05,12.58,12.61,9.48,0.216,0,0,0,0
"2026-06-05 06:30:00",245,18.04,12.59,12.61,12.38,0.167,0,0,0,0
"2026-06-05 06:45:00",246,18.02,12.59,12.64,12.61,0.135,0,0,0,0
"2026-06-05 07:00:00",247,18,12.58,12.61,12.61,0.182,0,0,0,0
"2026-06-05 07:15:00",248,18,12.59,12.64,12.62,0.131,0,0,0,0
"2026-06-05 07:30:00",249,18.02,12.62,12.67,12.67,0.136,0,0,0,0
"2026-06-05 07:45:00",250,18.05,12.6,12.62,12.59,0.178,0,0,0,0
"2026-06-05 08:00:00",251,18.1,12.69,12.72,12.75,0.128,0,0,0,0
"2026-06-05 08:15:00",252,18.18,12.71,12.73,12.73,0.164,0,0,0,0
"2026-06-05 08:30:00",253,18.31,12.88,12.93,12.95,0.115,0,0,0,0
"2026-06-05 08:45:00",254,18.54,12.9,12.92,12.93,0.177,0,0,0,0
"2026-06-05 09:00:00",255,18.74,12.87,12.92,12.94,0.119,0,0,0,0
"2026-06-05 09:15:00",256,18.92,12.82,12.85,12.84,0.166,0,0,0,0
"2026-06-05 09:30:00",257,19.06,12.74,12.77,12.74,0.164,0,0,0,0
"2026-06-05 09:45:00",258,19.15,12.73,12.76,12.74,0.163,0,0,0,0
"2026-06-05 10:00:00",259,19.23,12.91,12.95,12.98,0.124,0,0,0,0
"2026-06-05 10:15:00",260,19.34,13.08,13.13,13.15,0.121,0,0,0,0
"2026-06-05 10:30:00",261,19.56,13.12,13.16,13.19,0.129,0,0,0,0
"2026-06-05 10:45:00",262,19.94,13.67,13.68,13.72,0.16,0,0,0,0
"2026-06-05 11:15:00",0,21.29,13.34,13.37,13.35,0.221,0,0,0,0
"2026-06-05 11:30:00",1,21.66,13.3,13.34,13.37,0.121,0,0,0,0
"2026-06-05 11:45:00",2,21.84,13.31,13.35,13.37,0.133,0,0,0,0
"2026-06-05 12:00:00",3,21.9,13.19,13.24,13.26,0.121,0,0,0,0
"2026-06-05 12:15:00",4,21.84,13.09,13.14,13.18,0.097,0,0,0,0
"2026-06-05 12:30:00",5,21.8,13.09,13.14,13.17,0.1,0,0,0,0
"2026-06-05 12:45:00",6,21.73,13.13,13.16,13.17,0.17,0,0,0,0
"2026-06-05 13:00:00",7,21.74,13.25,13.3,13.33,0.101,0,0,0,0
"2026-06-05 13:15:00",8,21.79,13.3,13.34,13.38,0.092,0,0,0,0
"2026-06-05 13:30:00",9,21.91,13.24,13.29,13.33,0.089,0,0,0,0
"2026-06-05 13:45:00",10,22.01,13.22,13.26,13.29,0.095,0,0,0,0
"2026-06-05 14:00:00",11,22.05,13.21,13.23,13.21,0.137,0,0,0,0
"2026-06-05 14:15:00",12,22.06,13.23,13.27,13.32,0.094,0,0,0,0
"2026-06-05 14:30:00",13,22.07,13.24,13.29,13.33,0.088,0,0,0,0
"2026-06-05 14:45:00",14,22,13.16,13.2,13.24,0.089,0,0,0,0
"2026-06-05 15:00:00",15,21.94,13.12,13.17,13.2,0.091,0,0,0,0
"2026-06-05 15:15:00",16,21.92,13.28,13.32,13.36,0.094,0,0,0,0
"2026-06-05 15:30:00",17,22.15,13.25,13.29,13.31,0.153,0,0,0,0
"2026-06-05 15:45:00",18,22.31,13.26,13.31,13.33,0.135,0,0,0,0
"2026-06-05 16:15:00",19,22.38,13.27,13.32,13.36,0.104,0,0,0,0
"2026-06-05 16:30:00",20,22.35,13.22,13.26,13.3,0.105,0,0,0,0
"2026-06-05 16:45:00",21,22.18,13.19,13.23,13.26,0.098,0,0,0,0
"2026-06-05 17:00:00",22,22.04,13.16,13.2,13.17,0.113,0,0,0,0
"2026-06-05 17:15:00",23,21.91,13.16,13.2,13.23,0.108,0,0,0,0
"2026-06-05 17:30:00",24,21.85,13.07,13.09,13.08,0.11,0,0,0,0
"2026-06-05 17:45:00",25,21.77,13.06,13.09,13.13,0.1,0,0,0,0
"2026-06-05 18:00:00",26,21.68,12.99,13.04,13.07,0.094,0,0,0,0
"2026-06-05 18:15:00",27,21.6,12.91,12.94,12.95,0.152,0,0,0,0
"2026-06-05 18:30:00",28,21.55,12.87,12.92,12.95,0.102,0,0,0,0
"2026-06-05 18:45:00",29,21.47,12.9,12.93,12.93,0.153,0,0,0,0
"2026-06-05 19:00:00",30,21.4,12.87,12.9,12.9,0.129,0,0,0,0
"2026-06-05 19:15:00",31,21.34,12.86,12.91,12.94,0.102,0,0,0,0
"2026-06-05 19:30:00",32,21.3,12.86,12.91,12.94,0.089,0,0,0,0
"2026-06-05 19:45:00",33,21.25,12.79,12.83,12.82,0.135,0,0,0,0
"2026-06-05 20:00:00",34,21.2,12.79,12.81,12.8,0.167,0,0,0,0
"2026-06-05 20:15:00",35,21.14,12.8,12.85,12.88,0.094,0,0,0,0
"2026-06-05 20:30:00",36,21.12,12.77,12.82,12.85,0.091,0,0,0,0
"2026-06-05 20:45:00",37,21.05,12.76,12.82,12.84,0.097,0,0,0,0
"2026-06-05 21:00:00",38,20.97,12.72,12.77,12.77,0.139,0,0,0,0
"2026-06-05 21:15:00",39,20.89,12.73,12.79,12.8,0.091,0,0,0,0
"2026-06-05 21:30:00",40,20.86,12.71,12.76,5.814,0.142,0,0,0,0
"2026-06-05 21:45:00",41,20.79,12.74,12.79,0.923,0.089,0,0,0,0
"2026-06-05 22:00:00",42,20.7,12.73,12.79,0.296,0.09,0,0,0,0
"2026-06-05 22:15:00",43,20.63,12.73,12.79,0.222,0.092,0,0,0,0
"2026-06-05 22:30:00",44,20.61,12.73,12.78,0.226,0.1,0,0,0,0
"2026-06-05 22:45:00",45,20.56,12.73,12.77,0.219,0.095,0,0,0,0
"2026-06-05 23:00:00",46,20.51,12.7,12.76,0.139,0.108,0,0,0,0
"2026-06-05 23:15:00",47,20.45,12.73,12.78,0.221,0.092,0,0,0,0
"2026-06-05 23:30:00",48,20.45,12.72,12.78,0.216,0.097,0,0,0,0
"2026-06-05 23:45:00",49,20.42,12.72,12.77,0.226,0.098,0,0,0,0
"2026-06-06 00:00:00",50,20.38,12.72,12.77,0.224,0.092,0,0,0,0
"2026-06-06 00:15:00",51,20.35,12.71,12.76,0.222,0.113,0,0,0,0
"2026-06-06 00:30:00",52,20.37,12.71,12.77,0.238,0.094,0,0,0,0
"2026-06-06 00:45:00",53,20.36,12.71,12.76,0.251,0.09,0,0,0,0
"2026-06-06 01:00:00",54,20.35,12.71,12.76,0.213,0.099,0,0,0,0
"2026-06-06 01:15:00",55,20.34,12.71,12.76,0.229,0.099,0,0,0,0
"2026-06-06 01:30:00",56,20.38,12.7,12.75,0.224,0.089,0,0,0,0
"2026-06-06 01:45:00",57,20.37,12.7,12.75,0.207,0.091,0,0,0,0
"2026-06-06 02:00:00",58,20.35,12.69,12.75,0.227,0.09,0,0,0,0
"2026-06-06 02:15:00",59,20.32,12.69,12.75,0.213,0.103,0,0,0,0
"2026-06-06 02:30:00",60,20.33,12.68,12.74,0.219,0.096,0,0,0,0
"2026-06-06 02:45:00",61,20.29,12.68,12.73,0.217,0.091,0,0,0,0
"2026-06-06 03:00:00",62,20.24,12.68,12.73,0.204,0.096,0,0,0,0
"2026-06-06 03:15:00",63,20.19,12.67,12.73,0.219,0.095,0,0,0,0
"2026-06-06 03:30:00",64,20.19,12.67,12.72,0.22,0.092,0,0,0,0
"2026-06-06 03:45:00",65,20.15,12.67,12.72,0.226,0.1,0,0,0,0
"2026-06-06 04:00:00",66,20.1,12.66,12.71,0.223,0.09,0,0,0,0
"2026-06-06 04:15:00",67,20.06,12.66,12.71,0.213,0.092,0,0,0,0
"2026-06-06 04:30:00",68,20.06,12.65,12.71,0.214,0.092,0,0,0,0
"2026-06-06 04:45:00",69,20.02,12.65,12.71,0.211,0.098,0,0,0,0
"2026-06-06 05:00:00",70,19.96,12.65,12.7,0.233,0.102,0,0,0,0
"2026-06-06 05:15:00",71,19.91,12.65,12.7,0.23,0.099,0,0,0,0
"2026-06-06 05:30:00",72,19.91,12.64,12.7,0.23,0.098,0,0,0,0
"2026-06-06 05:45:00",73,19.89,12.64,12.69,0.322,0.092,0,0,0,0
"2026-06-06 06:00:00",74,19.88,12.64,12.69,1.944,0.09,0,0,0,0
"2026-06-06 06:15:00",75,19.88,12.64,12.69,11.18,0.099,0,0,0,0
"2026-06-06 06:30:00",76,19.93,12.63,12.67,12.68,0.109,0,0,0,0
"2026-06-06 06:45:00",77,19.95,12.64,12.69,12.74,0.091,0,0,0,0
"2026-06-06 07:00:00",78,19.97,12.64,12.7,12.71,0.096,0,0,0,0
"2026-06-06 07:15:00",79,20,12.66,12.71,12.74,0.093,0,0,0,0
"2026-06-06 07:30:00",80,20.09,12.65,12.7,12.73,0.1,0,0,0,0
"2026-06-06 07:45:00",81,20.15,12.65,12.69,12.72,0.098,0,0,0,0
"2026-06-06 08:00:00",82,20.21,12.66,12.71,12.72,0.105,0,0,0,0
"2026-06-06 08:15:00",83,20.28,12.67,12.73,12.76,0.091,0,0,0,0
"2026-06-06 08:30:00",84,20.4,12.69,12.74,12.77,0.091,0,0,0,0
"2026-06-06 08:45:00",85,20.5,12.71,12.77,12.8,0.102,0,0,0,0
"2026-06-06 09:00:00",86,20.61,12.8,12.85,12.88,0.094,0,0,0,0
"2026-06-06 09:15:00",87,20.74,12.88,12.93,12.97,0.091,0,0,0,0
"2026-06-06 09:30:00",88,20.94,12.96,13.01,13.04,0.099,0,0,0,0
"2026-06-06 09:45:00",89,21.15,13.07,13.12,13.16,0.091,0,0,0,0
"2026-06-06 10:00:00",90,21.36,13.19,13.24,13.28,0.088,0,0,0,0
"2026-06-06 10:15:00",91,21.63,13.23,13.28,13.32,0.098,0,0,0,0
"2026-06-06 10:30:00",92,21.97,13.4,13.43,13.48,0.102,0,0,0,0
"2026-06-06 10:45:00",93,22.25,13.77,13.81,13.87,0.113,0,0,0,0
"2026-06-06 11:00:00",94,22.54,14.08,14.11,17.21,0.116,0,0,0,0
"2026-06-06 11:15:00",95,22.87,14,14.11,14.17,0.115,0,0,0,0
"2026-06-06 11:30:00",96,23.27,14.05,14.02,14.14,0.114,0,0,0,0
"2026-06-06 11:45:00",97,23.63,14.03,14.05,14.1,0.133,0,0,0,0
"2026-06-06 12:00:00",98,23.96,14.04,14.08,23.94,0.121,0,0,0,0
"2026-06-06 12:15:00",99,24.25,13.99,14.07,14.12,0.113,0,0,0,0
"2026-06-06 12:30:00",100,24.54,14,14.03,14.09,0.114,0,0,0,0
"2026-06-06 12:45:00",101,24.74,13.47,13.51,13.55,0.117,0,0,0,0
"2026-06-06 13:00:00",102,24.85,13.29,13.31,13.29,0.173,0,0,0,0
"2026-06-06 13:15:00",103,24.87,13.29,13.33,13.35,0.117,0,0,0,0
"2026-06-06 13:30:00",104,24.92,13.83,13.86,13.88,0.184,0,0,0,0
"2026-06-06 13:45:00",105,25.01,13.39,13.44,13.46,0.114,0,0,0,0
"2026-06-06 14:00:00",106,25.04,13.28,13.32,13.34,0.123,0,0,0,0
"2026-06-06 14:15:00",107,24.98,13.28,13.32,13.34,0.123,0,0,0,0
"2026-06-06 14:30:00",108,24.95,13.31,13.36,13.39,0.128,0,0,0,0
"2026-06-06 14:45:00",109,24.86,13.36,13.38,13.42,0.173,0,0,0,0
"2026-06-06 15:00:00",110,24.76,13.36,13.39,13.43,0.116,0,0,0,0
"2026-06-06 15:15:00",111,24.67,13.37,13.41,13.45,0.118,0,0,0,0
"2026-06-06 15:30:00",112,24.65,13.32,13.36,13.39,0.119,0,0,0,0
"2026-06-06 15:45:00",113,24.62,13.37,13.41,13.44,0.12,0,0,0,0
"2026-06-06 16:00:00",114,24.6,13.34,13.39,13.41,0.121,0,0,0,0
"2026-06-06 16:15:00",115,24.57,13.3,13.34,13.36,0.117,0,0,0,0
"2026-06-06 16:30:00",116,24.57,13.28,13.32,13.34,0.132,0,0,0,0
"2026-06-06 16:45:00",117,24.58,13.23,13.26,13.23,0.17,0,0,0,0
"2026-06-06 17:00:00",118,24.6,13.25,13.27,13.3,0.165,0,0,0,0
"2026-06-06 17:15:00",119,24.63,13.23,13.26,13.29,0.123,0,0,0,0
"2026-06-06 17:30:00",120,24.73,13.17,13.21,13.23,0.121,0,0,0,0
"2026-06-06 17:45:00",121,24.8,13.09,13.13,13.16,0.115,0,0,0,0
"2026-06-06 18:00:00",122,24.81,13.04,13.09,13.11,0.095,0,0,0,0
"2026-06-06 18:15:00",123,24.75,13.02,13.07,13.1,0.093,0,0,0,0
"2026-06-06 18:30:00",124,24.69,13.03,13.08,13.11,0.091,0,0,0,0
"2026-06-06 18:45:00",125,24.61,12.99,13.05,13.08,0.098,0,0,0,0
"2026-06-06 19:00:00",126,24.52,12.96,13.01,13.04,0.09,0,0,0,0
"2026-06-06 19:15:00",127,24.44,12.91,12.96,12.99,0.095,0,0,0,0
"2026-06-06 19:30:00",128,24.42,12.87,12.92,12.92,0.113,0,0,0,0
"2026-06-06 19:45:00",129,24.38,12.86,12.9,12.94,0.104,0,0,0,0
"2026-06-06 20:00:00",130,24.32,12.86,12.91,12.94,0.093,0,0,0,0
"2026-06-06 20:15:00",131,24.27,12.86,12.91,12.93,0.1,0,0,0,0
"2026-06-06 20:30:00",132,24.28,12.82,12.87,12.9,0.094,0,0,0,0
"2026-06-06 20:45:00",133,24.24,12.8,12.85,12.88,0.088,0,0,0,0
"2026-06-06 21:00:00",134,24.16,12.8,12.85,12.87,0.097,0,0,0,0
"2026-06-06 21:15:00",135,24.09,12.76,12.79,12.77,0.139,0,0,0,0
"2026-06-06 21:30:00",136,24.05,12.78,12.82,12.85,0.114,0,0,0,0
"2026-06-06 21:45:00",137,23.96,12.78,12.82,1.307,0.093,0,0,0,0
"2026-06-06 22:00:00",138,23.86,12.77,12.82,0.363,0.088,0,0,0,0
"2026-06-06 22:15:00",139,23.76,12.76,12.81,0.193,0.116,0,0,0,0
"2026-06-06 22:30:00",140,23.71,12.77,12.81,0.223,0.093,0,0,0,0
"2026-06-06 22:45:00",141,23.62,12.76,12.81,0.218,0.092,0,0,0,0
"2026-06-06 23:00:00",142,23.52,12.76,12.81,0.22,0.09,0,0,0,0
"2026-06-06 23:15:00",143,23.43,12.76,12.81,0.214,0.093,0,0,0,0
"2026-06-06 23:30:00",144,23.38,12.76,12.81,0.235,0.089,0,0,0,0
"2026-06-06 23:45:00",145,23.29,12.76,12.81,0.229,0.093,0,0,0,0
"2026-06-07 00:00:00",146,23.21,12.75,12.8,0.216,0.109,0,0,0,0
"2026-06-07 00:15:00",147,23.14,12.75,12.8,0.222,0.093,0,0,0,0
"2026-06-07 00:30:00",148,23.12,12.75,12.8,0.217,0.099,0,0,0,0
"2026-06-07 00:45:00",149,23.06,12.75,12.8,0.225,0.094,0,0,0,0
"2026-06-07 01:00:00",150,22.99,12.75,12.8,0.218,0.092,0,0,0,0
"2026-06-07 01:15:00",151,22.93,12.75,12.8,0.225,0.108,0,0,0,0
"2026-06-07 01:30:00",152,22.91,12.75,12.8,0.233,0.092,0,0,0,0
"2026-06-07 01:45:00",153,22.85,12.75,12.79,0.223,0.092,0,0,0,0
"2026-06-07 02:00:00",154,22.78,12.74,12.79,0.205,0.102,0,0,0,0
"2026-06-07 02:15:00",155,22.73,12.74,12.79,0.224,0.094,0,0,0,0
"2026-06-07 02:30:00",156,22.72,12.73,12.79,0.217,0.09,0,0,0,0
"2026-06-07 02:45:00",157,22.68,12.74,12.79,0.223,0.091,0,0,0,0
"2026-06-07 03:00:00",158,22.62,12.73,12.79,0.215,0.1,0,0,0,0
"2026-06-07 03:15:00",159,22.56,12.73,12.78,0.213,0.094,0,0,0,0
"2026-06-07 03:30:00",160,22.53,12.72,12.77,0.206,0.106,0,0,0,0
"2026-06-07 03:45:00",161,22.47,12.73,12.78,0.202,0.09,0,0,0,0
"2026-06-07 04:00:00",162,22.4,12.73,12.78,0.215,0.098,0,0,0,0
"2026-06-07 04:15:00",163,22.32,12.72,12.78,0.223,0.091,0,0,0,0
"2026-06-07 04:30:00",164,22.3,12.72,12.77,0.22,0.092,0,0,0,0
"2026-06-07 04:45:00",165,22.23,12.68,12.74,0.161,0.167,0,0,0,0
"2026-06-07 05:00:00",166,22.16,12.72,12.76,0.218,0.098,0,0,0,0
"2026-06-07 05:15:00",167,22.09,12.71,12.76,0.224,0.094,0,0,0,0
"2026-06-07 05:30:00",168,22.06,12.71,12.77,0.256,0.092,0,0,0,0
"2026-06-07 05:45:00",169,22,12.7,12.76,0.669,0.094,0,0,0,0
"2026-06-07 06:00:00",170,21.93,12.71,12.76,5.396,0.099,0,0,0,0
"2026-06-07 06:15:00",171,21.86,12.71,12.76,12.66,0.102,0,0,0,0
"2026-06-07 06:30:00",172,21.84,12.71,12.75,12.78,0.091,0,0,0,0
"2026-06-07 06:45:00",173,21.79,12.71,12.76,12.78,0.092,0,0,0,0
"2026-06-07 07:00:00",174,21.73,12.72,12.77,12.8,0.095,0,0,0,0
"2026-06-07 07:15:00",175,21.69,12.73,12.78,12.81,0.09,0,0,0,0
"2026-06-07 07:30:00",176,21.72,12.72,12.77,12.77,0.141,0,0,0,0
"2026-06-07 07:45:00",177,21.73,12.74,12.79,12.8,0.148,0,0,0,0
"2026-06-07 08:00:00",178,21.75,12.81,12.85,12.89,0.091,0,0,0,0
"2026-06-07 08:15:00",179,21.82,12.85,12.9,12.93,0.089,0,0,0,0
"2026-06-07 08:30:00",180,22,13.22,13.26,13.31,0.101,0,0,0,0
"2026-06-07 08:45:00",181,22.24,13.17,13.22,13.25,0.105,0,0,0,0
"2026-06-07 09:00:00",182,22.59,13.12,13.17,13.2,0.091,0,0,0,0
"2026-06-07 09:15:00",183,23.04,13.13,13.17,13.21,0.102,0,0,0,0
"2026-06-07 09:30:00",184,23.58,13.13,13.18,13.2,0.1,0,0,0,0
"2026-06-07 09:45:00",185,24.04,13.13,13.18,13.16,0.109,0,0,0,0
"2026-06-07 10:00:00",186,24.43,13.17,13.21,13.25,0.088,0,0,0,0
"2026-06-07 10:15:00",187,24.76,13.25,13.29,13.33,0.088,0,0,0,0
"2026-06-07 10:30:00",188,25.08,13.43,13.48,13.52,0.09,0,0,0,0
"2026-06-07 10:45:00",189,25.29,13.96,14.08,14.14,0.086,0,0,0,0
"2026-06-07 11:00:00",190,25.47,13.83,13.87,13.92,0.087,0,0,0,0
"2026-06-07 11:15:00",191,25.66,14.02,13.99,14.85,0.087,0,0,0,0
"2026-06-07 11:30:00",192,25.88,13.99,14,14.1,0.11,0,0,0,0
"2026-06-07 11:45:00",193,26.09,13.95,13.99,14.05,0.086,0,0,0,0
"2026-06-07 12:00:00",194,26.28,13.93,14,14.05,0.113,0,0,0,0
"2026-06-07 12:15:00",195,26.47,13.95,13.99,23.72,0.096,0,0,0,0
"2026-06-07 12:30:00",196,26.72,13.95,13.99,14.82,0.088,0,0,0,0
"2026-06-07 12:45:00",197,26.91,13.47,13.51,13.56,0.094,0,0,0,0
"2026-06-07 13:00:00",198,27.03,13.3,13.34,13.39,0.09,0,0,0,0
"2026-06-07 13:15:00",199,27.03,13.29,13.33,13.38,0.093,0,0,0,0
"2026-06-07 13:30:00",200,27.06,13.7,13.74,13.8,0.088,0,0,0,0
"2026-06-07 13:45:00",201,27.13,13.36,13.41,13.43,0.091,0,0,0,0
"2026-06-07 14:00:00",202,27.16,13.19,13.24,13.25,0.135,0,0,0,0
"2026-06-07 14:15:00",203,27.06,13.16,13.2,13.22,0.102,0,0,0,0
"2026-06-07 14:30:00",204,26.93,13.1,13.14,13.14,0.176,0,0,0,0
"2026-06-07 14:45:00",205,26.73,13.17,13.21,13.24,0.119,0,0,0,0
"2026-06-07 15:00:00",206,26.52,13.17,13.22,13.24,0.118,0,0,0,0
"2026-06-07 15:15:00",207,26.38,13.31,13.36,13.39,0.122,0,0,0,0
"2026-06-07 15:30:00",208,26.36,13.61,13.64,13.68,0.117,0,0,0,0
"2026-06-07 15:45:00",209,26.38,13.14,13.17,13.2,0.124,0,0,0,0
"2026-06-07 16:00:00",210,26.29,13.03,13.07,13.09,0.127,0,0,0,0
"2026-06-07 16:15:00",211,26.12,12.96,12.99,13.01,0.14,0,0,0,0
"2026-06-07 16:30:00",212,25.95,12.92,12.96,12.97,0.116,0,0,0,0
"2026-06-07 16:45:00",213,25.75,12.89,12.94,12.95,0.121,0,0,0,0
"2026-06-07 17:00:00",214,25.56,12.87,12.91,12.93,0.15,0,0,0,0
"2026-06-07 17:15:00",215,25.37,12.85,12.9,12.92,0.119,0,0,0,0
"2026-06-07 17:30:00",216,25.24,12.84,12.89,12.88,0.126,0,0,0,0
"2026-06-07 17:45:00",217,25.09,12.83,12.88,12.9,0.124,0,0,0,0
"2026-06-07 18:00:00",218,24.94,12.81,12.86,12.89,0.118,0,0,0,0
"2026-06-07 18:15:00",219,24.81,12.82,12.86,12.87,0.122,0,0,0,0
"2026-06-07 18:30:00",220,24.73,12.81,12.86,12.87,0.12,0,0,0,0
"2026-06-07 18:45:00",221,24.63,12.81,12.85,12.87,0.12,0,0,0,0
"2026-06-07 19:00:00",222,24.52,12.81,12.85,12.86,0.137,0,0,0,0
"2026-06-07 19:15:00",223,24.43,12.8,12.84,12.87,0.116,0,0,0,0
"2026-06-07 19:30:00",224,24.38,12.77,12.8,12.78,0.166,0,0,0,0
"2026-06-07 19:45:00",225,24.29,12.8,12.84,12.85,0.127,0,0,0,0
"2026-06-07 20:00:00",226,24.19,12.79,12.83,12.84,0.121,0,0,0,0
"2026-06-07 20:15:00",227,24.1,12.75,12.8,12.75,0.19,0,0,0,0
"2026-06-07 20:30:00",228,24.05,12.79,12.83,12.84,0.131,0,0,0,0
"2026-06-07 20:45:00",229,23.98,12.74,12.78,12.79,0.173,0,0,0,0
"2026-06-07 21:00:00",230,23.9,12.77,12.81,12.82,0.127,0,0,0,0
"2026-06-07 21:15:00",231,23.83,12.76,12.79,12.82,0.121,0,0,0,0
"2026-06-07 21:30:00",232,23.8,12.75,12.79,9.38,0.118,0,0,0,0
"2026-06-07 21:45:00",233,23.73,12.76,12.81,1.47,0.12,0,0,0,0
"2026-06-07 22:00:00",234,23.64,12.76,12.82,0.308,0.102,0,0,0,0
"2026-06-07 22:15:00",235,23.55,12.76,12.81,0.234,0.094,0,0,0,0
"2026-06-07 22:30:00",236,23.51,12.76,12.81,0.213,0.094,0,0,0,0
"2026-06-07 22:45:00",237,23.42,12.76,12.81,0.209,0.094,0,0,0,0
"2026-06-07 23:00:00",238,23.33,12.75,12.8,0.208,0.092,0,0,0,0
"2026-06-07 23:15:00",239,23.24,12.75,12.8,0.213,0.094,0,0,0,0
"2026-06-07 23:30:00",240,23.2,12.75,12.79,0.213,0.09,0,0,0,0
"2026-06-07 23:45:00",241,23.13,12.75,12.8,0.211,0.096,0,0,0,0
"2026-06-08 00:00:00",242,23.04,12.75,12.8,0.198,0.093,0,0,0,0
"2026-06-08 00:15:00",243,22.96,12.74,12.79,0.208,0.09,0,0,0,0
"2026-06-08 00:30:00",244,22.93,12.72,12.76,0.152,0.147,0,0,0,0
"2026-06-08 00:45:00",245,22.88,12.74,12.78,0.212,0.093,0,0,0,0
"2026-06-08 01:00:00",246,22.82,12.73,12.79,0.211,0.098,0,0,0,0
"2026-06-08 01:15:00",247,22.75,12.73,12.78,0.207,0.098,0,0,0,0
"2026-06-08 01:30:00",248,22.72,12.72,12.78,0.21,0.096,0,0,0,0
"2026-06-08 01:45:00",249,22.67,12.72,12.77,0.213,0.09,0,0,0,0
"2026-06-08 02:00:00",250,22.6,12.72,12.77,0.223,0.093,0,0,0,0
"2026-06-08 02:15:00",251,22.53,12.72,12.77,0.21,0.102,0,0,0,0
"2026-06-08 02:30:00",252,22.51,12.72,12.76,0.215,0.101,0,0,0,0
"2026-06-08 02:45:00",253,22.44,12.72,12.76,0.216,0.1,0,0,0,0
"2026-06-08 03:00:00",254,22.36,12.71,12.75,0.218,0.1,0,0,0,0
"2026-06-08 03:15:00",255,22.29,12.71,12.76,0.208,0.093,0,0,0,0
"2026-06-08 03:30:00",256,22.25,12.7,12.75,0.221,0.091,0,0,0,0
"2026-06-08 03:45:00",257,22.19,12.67,12.72,0.163,0.142,0,0,0,0
"2026-06-08 04:00:00",258,22.12,12.7,12.75,0.218,0.103,0,0,0,0
"2026-06-08 04:15:00",259,22.07,12.7,12.75,0.216,0.101,0,0,0,0
"2026-06-08 04:30:00",260,22.06,12.68,12.73,0.196,0.107,0,0,0,0
"2026-06-08 04:45:00",261,22.02,12.69,12.74,0.217,0.094,0,0,0,0
"2026-06-08 05:00:00",262,21.96,12.69,12.74,0.208,0.093,0,0,0,0
"2026-06-08 05:15:00",263,21.91,12.68,12.74,0.219,0.093,0,0,0,0
"2026-06-08 05:30:00",264,21.91,12.68,12.73,0.256,0.097,0,0,0,0
"2026-06-08 05:45:00",265,21.86,12.68,12.73,0.703,0.114,0,0,0,0
"2026-06-08 06:00:00",266,21.81,12.68,12.72,5.242,0.094,0,0,0,0
"2026-06-08 06:15:00",267,21.75,12.68,12.73,12.61,0.091,0,0,0,0
"2026-06-08 06:30:00",268,21.74,12.68,12.73,12.74,0.093,0,0,0,0
"2026-06-08 06:45:00",269,21.69,12.68,12.74,12.76,0.104,0,0,0,0
"2026-06-08 07:00:00",270,21.63,12.7,12.75,12.77,0.088,0,0,0,0
"2026-06-08 07:15:00",271,21.59,12.71,12.76,12.79,0.096,0,0,0,0
"2026-06-08 07:30:00",272,21.61,12.72,12.77,12.8,0.093,0,0,0,0
"2026-06-08 07:45:00",273,21.63,12.75,12.8,12.82,0.096,0,0,0,0
"2026-06-08 08:00:00",274,21.67,12.78,12.83,12.85,0.094,0,0,0,0
"2026-06-08 08:15:00",275,21.78,12.82,12.88,12.91,0.092,0,0,0,0
"2026-06-08 08:30:00",276,21.98,13.21,13.26,13.31,0.093,0,0,0,0
"2026-06-08 08:45:00",277,22.21,13.16,13.21,13.25,0.102,0,0,0,0
"2026-06-08 09:00:00",278,22.48,13.11,13.16,13.19,0.096,0,0,0,0
"2026-06-08 09:15:00",279,22.81,13.11,13.15,13.2,0.092,0,0,0,0
"2026-06-08 09:30:00",280,23.25,13.12,13.16,13.21,0.099,0,0,0,0
"2026-06-08 09:45:00",281,23.65,13.12,13.17,13.2,0.103,0,0,0,0
"2026-06-08 10:00:00",282,23.97,13.14,13.19,13.22,0.091,0,0,0,0
"2026-06-08 10:15:00",283,24.2,13.24,13.29,13.33,0.092,0,0,0,0
"2026-06-08 10:30:00",284,24.43,13.43,13.47,13.52,0.087,0,0,0,0
"2026-06-08 10:45:00",285,24.63,14.06,14.1,24.07,0.089,0,0,0,0
"2026-06-08 11:00:00",286,24.89,14.04,14.08,23.94,0.096,0,0,0,0
"2026-06-08 11:15:00",287,25.23,13.97,14.08,19.84,0.094,0,0,0,0
"2026-06-08 11:30:00",288,25.65,14,14.04,23.77,0.091,0,0,0,0
"2026-06-08 11:45:00",289,26.06,13.96,13.95,14.06,0.093,0,0,0,0
"2026-06-08 12:00:00",290,26.38,13.92,13.99,14.04,0.12,0,0,0,0
"2026-06-08 12:15:00",291,26.62,13.94,13.98,14.03,0.092,0,0,0,0
"2026-06-08 12:30:00",292,26.83,13.93,13.97,14.02,0.09,0,0,0,0
"2026-06-08 12:45:00",293,26.94,13.24,13.28,13.33,0.093,0,0,0,0
"2026-06-08 13:00:00",294,26.99,13.14,13.19,13.23,0.091,0,0,0,0
"2026-06-08 13:15:00",295,26.99,13.12,13.17,13.21,0.093,0,0,0,0
"2026-06-08 13:30:00",296,27.01,13.17,13.22,13.25,0.099,0,0,0,0
"2026-06-08 13:45:00",297,27,13.11,13.16,13.19,0.092,0,0,0,0
"2026-06-08 14:00:00",298,26.94,13.08,13.12,13.16,0.094,0,0,0,0
"2026-06-08 14:15:00",299,26.83,13.09,13.14,13.16,0.094,0,0,0,0
"2026-06-08 14:30:00",300,26.73,13.07,13.12,13.15,0.09,0,0,0,0
"2026-06-08 14:45:00",301,26.56,13.06,13.11,13.15,0.096,0,0,0,0
"2026-06-08 15:00:00",302,26.39,13.06,13.11,13.12,0.103,0,0,0,0
"2026-06-08 15:15:00",303,26.28,13.36,13.4,13.44,0.095,0,0,0,0
"2026-06-08 15:30:00",304,26.31,13.66,13.7,13.74,0.101,0,0,0,0
"2026-06-08 15:45:00",305,26.35,13.14,13.19,13.22,0.1,0,0,0,0
"2026-06-08 16:00:00",306,26.3,13.02,13.06,13.09,0.108,0,0,0,0
"2026-06-08 16:15:00",307,26.18,12.97,13.02,13.04,0.097,0,0,0,0
"2026-06-08 16:30:00",308,26.06,12.92,12.97,12.98,0.1,0,0,0,0
"2026-06-08 16:45:00",309,25.89,12.89,12.94,12.96,0.094,0,0,0,0
"2026-06-08 17:00:00",310,25.71,12.88,12.93,12.95,0.104,0,0,0,0
"2026-06-08 17:15:00",311,25.54,12.85,12.91,12.92,0.102,0,0,0,0
"2026-06-08 17:30:00",312,25.44,12.84,12.89,12.91,0.121,0,0,0,0
"2026-06-08 17:45:00",313,25.31,12.83,12.88,12.9,0.106,0,0,0,0
"2026-06-08 18:00:00",314,25.17,12.83,12.87,12.89,0.127,0,0,0,0
"2026-06-08 18:15:00",315,25.05,12.82,12.86,12.88,0.132,0,0,0,0
"2026-06-08 18:30:00",316,24.99,12.81,12.86,12.87,0.119,0,0,0,0
"2026-06-08 18:45:00",317,24.89,12.81,12.85,12.87,0.128,0,0,0,0
"2026-06-08 19:00:00",318,24.8,12.8,12.81,12.83,0.179,0,0,0,0
"2026-06-08 19:15:00",319,24.73,12.8,12.85,12.86,0.133,0,0,0,0
"2026-06-08 19:30:00",320,24.71,12.8,12.84,12.86,0.131,0,0,0,0
"2026-06-08 19:45:00",321,24.68,12.79,12.84,12.86,0.136,0,0,0,0
"2026-06-08 20:00:00",322,24.65,12.8,12.84,12.86,0.123,0,0,0,0
"2026-06-08 20:15:00",323,24.63,12.8,12.84,12.86,0.126,0,0,0,0
"2026-06-08 20:30:00",324,24.68,12.78,12.83,12.85,0.124,0,0,0,0
"2026-06-08 20:45:00",325,24.69,12.78,12.82,12.83,0.127,0,0,0,0
"2026-06-08 21:00:00",326,24.66,12.77,12.81,12.82,0.118,0,0,0,0
"2026-06-08 21:15:00",327,24.6,12.76,12.8,12.82,0.118,0,0,0,0
"2026-06-08 21:30:00",328,24.56,12.76,12.8,8.84,0.129,0,0,0,0
"2026-06-08 21:45:00",329,24.48,12.75,12.8,2.365,0.124,0,0,0,0
"2026-06-08 22:00:00",330,24.38,12.76,12.8,0.307,0.122,0,0,0,0
"2026-06-08 22:15:00",331,24.29,12.74,12.79,0.175,0.138,0,0,0,0
"2026-06-08 22:30:00",332,24.25,12.75,12.79,0.182,0.126,0,0,0,0
"2026-06-08 22:45:00",333,24.18,12.75,12.79,0.18,0.123,0,0,0,0
"2026-06-08 23:00:00",334,24.09,12.74,12.79,0.181,0.132,0,0,0,0
"2026-06-08 23:15:00",335,24,12.74,12.78,0.187,0.123,0,0,0,0
"2026-06-08 23:30:00",336,23.96,12.74,12.78,0.182,0.135,0,0,0,0
"2026-06-08 23:45:00",337,23.89,12.71,12.73,0.114,0.173,0,0,0,0
"2026-06-09 00:00:00",338,23.81,12.73,12.78,0.192,0.124,0,0,0,0
"2026-06-09 00:15:00",339,23.75,12.73,12.77,0.191,0.128,0,0,0,0
"2026-06-09 00:30:00",340,23.74,12.72,12.77,0.193,0.129,0,0,0,0
"2026-06-09 00:45:00",341,23.69,12.72,12.76,0.187,0.132,0,0,0,0
"2026-06-09 01:00:00",342,23.64,12.73,12.78,0.208,0.11,0,0,0,0
"2026-06-09 01:15:00",343,23.59,12.73,12.78,0.223,0.095,0,0,0,0
"2026-06-09 01:30:00",344,23.59,12.72,12.76,0.218,0.095,0,0,0,0
"2026-06-09 01:45:00",345,23.55,12.72,12.76,0.225,0.094,0,0,0,0
"2026-06-09 02:00:00",346,23.51,12.68,12.73,0.165,0.146,0,0,0,0
"2026-06-09 02:15:00",347,23.48,12.71,12.76,0.221,0.094,0,0,0,0
"2026-06-09 02:30:00",348,23.49,12.7,12.75,0.226,0.092,0,0,0,0
"2026-06-09 02:45:00",349,23.44,12.71,12.75,0.203,0.095,0,0,0,0
"2026-06-09 03:00:00",350,23.37,12.7,12.75,0.211,0.107,0,0,0,0
"2026-06-09 03:15:00",351,23.3,12.7,12.75,0.212,0.101,0,0,0,0
"2026-06-09 03:30:00",352,23.28,12.69,12.74,0.205,0.098,0,0,0,0
"2026-06-09 03:45:00",353,23.22,12.69,12.74,0.202,0.094,0,0,0,0
"2026-06-09 04:00:00",354,23.13,12.69,12.74,0.201,0.096,0,0,0,0
"2026-06-09 04:15:00",355,23.05,12.68,12.73,0.206,0.096,0,0,0,0
"2026-06-09 04:30:00",356,23.02,12.68,12.73,0.213,0.093,0,0,0,0
"2026-06-09 04:45:00",357,22.95,12.68,12.73,0.201,0.1,0,0,0,0
"2026-06-09 05:00:00",358,22.87,12.68,12.7,0.211,0.121,0,0,0,0
"2026-06-09 05:15:00",359,22.81,12.67,12.72,0.21,0.094,0,0,0,0
"2026-06-09 05:30:00",360,22.79,12.66,12.71,0.21,0.108,0,0,0,0
"2026-06-09 05:45:00",361,22.74,12.67,12.72,0.6,0.093,0,0,0,0
"2026-06-09 06:00:00",362,22.69,12.66,12.72,5.163,0.096,0,0,0,0
"2026-06-09 06:15:00",363,22.64,12.67,12.72,12.51,0.096,0,0,0,0
"2026-06-09 06:30:00",364,22.65,12.64,12.67,13.32,0.157,0,0,0,0
"2026-06-09 06:45:00",365,22.62,12.67,12.72,12.75,0.105,0,0,0,0
"2026-06-09 07:00:00",366,22.59,12.69,12.74,12.77,0.095,0,0,0,0
"2026-06-09 07:15:00",367,22.58,12.69,12.74,12.76,0.094,0,0,0,0
"2026-06-09 07:30:00",368,22.65,12.69,12.74,12.77,0.092,0,0,0,0
"2026-06-09 07:45:00",369,22.69,12.72,12.78,12.8,0.097,0,0,0,0
"2026-06-09 08:00:00",370,22.75,12.78,12.83,12.86,0.093,0,0,0,0
"2026-06-09 08:15:00",371,22.83,12.84,12.88,12.91,0.102,0,0,0,0
"2026-06-09 08:30:00",372,22.99,13.09,13.13,13.17,0.092,0,0,0,0
"2026-06-09 08:45:00",373,23.15,13.05,13.1,13.12,0.096,0,0,0,0
"2026-06-09 09:00:00",374,23.33,13.02,13.04,13.06,0.142,0,0,0,0
"2026-06-09 09:15:00",375,23.52,13.18,13.24,13.27,0.094,0,0,0,0
"2026-06-09 09:30:00",376,23.79,13.15,13.2,13.24,0.094,0,0,0,0
"2026-06-09 09:45:00",377,24.05,13.18,13.22,13.26,0.092,0,0,0,0
"2026-06-09 10:00:00",378,24.27,13.09,13.14,13.18,0.095,0,0,0,0
"2026-06-09 10:15:00",379,24.46,13.11,13.15,13.19,0.1,0,0,0,0
"2026-06-09 10:30:00",380,24.67,13.18,13.23,13.26,0.091,0,0,0,0
"2026-06-09 10:45:00",381,24.85,13.23,13.27,13.32,0.089,0,0,0,0
"2026-06-09 11:00:00",382,24.99,13.27,13.31,13.36,0.089,0,0,0,0
"2026-06-09 11:15:00",383,25.08,13.4,13.44,13.49,0.088,0,0,0,0
"2026-06-09 11:30:00",384,25.19,13.37,13.41,13.43,0.089,0,0,0,0
"2026-06-09 11:45:00",385,25.27,13.43,13.47,13.51,0.103,0,0,0,0
"2026-06-09 12:00:00",386,25.36,13.52,13.56,13.61,0.089,0,0,0,0
"2026-06-09 12:15:00",387,25.49,13.47,13.52,13.56,0.09,0,0,0,0
"2026-06-09 12:30:00",388,25.82,13.59,13.63,13.68,0.09,0,0,0,0
"2026-06-09 12:45:00",389,26.34,13.5,13.54,13.59,0.09,0,0,0,0
"2026-06-09 13:00:00",390,26.67,13.29,13.34,13.37,0.092,0,0,0,0
"2026-06-09 13:15:00",391,26.8,13.42,13.47,13.51,0.099,0,0,0,0
"2026-06-09 13:30:00",392,26.92,13.85,13.89,13.94,0.097,0,0,0,0
"2026-06-09 13:45:00",393,27.02,13.41,13.45,13.49,0.089,0,0,0,0
"2026-06-09 14:00:00",394,27.07,13.25,13.29,13.33,0.089,0,0,0,0
"2026-06-09 14:15:00",395,27.05,13.22,13.27,13.31,0.089,0,0,0,0
"2026-06-09 14:30:00",396,27.03,13.19,13.23,13.27,0.093,0,0,0,0
"2026-06-09 14:45:00",397,26.92,13.18,13.22,13.26,0.089,0,0,0,0
"2026-06-09 15:00:00",398,26.78,13.18,13.22,13.26,0.104,0,0,0,0
"2026-06-09 15:15:00",399,26.68,13.31,13.34,13.35,0.157,0,0,0,0
"2026-06-09 15:30:00",400,26.65,13.58,13.62,13.66,0.091,0,0,0,0
"2026-06-09 15:45:00",401,26.59,13.4,13.45,13.49,0.091,0,0,0,0
"2026-06-09 16:00:00",402,26.46,13.36,13.4,13.44,0.094,0,0,0,0
"2026-06-09 16:15:00",403,26.29,13.31,13.36,13.4,0.088,0,0,0,0
"2026-06-09 16:30:00",404,26.18,13.2,13.23,13.26,0.131,0,0,0,0
"2026-06-09 16:45:00",405,26.03,13.18,13.23,13.25,0.088,0,0,0,0
"2026-06-09 17:00:00",406,25.88,13.23,13.27,13.3,0.116,0,0,0,0
"2026-06-09 17:15:00",407,25.76,13.29,13.34,13.38,0.098,0,0,0,0
"2026-06-09 17:30:00",408,25.71,13.16,13.21,13.24,0.095,0,0,0,0
"2026-06-09 17:45:00",409,25.59,13.19,13.24,13.27,0.09,0,0,0,0
"2026-06-09 18:00:00",410,25.46,13.07,13.12,13.15,0.091,0,0,0,0
"2026-06-09 18:15:00",411,25.31,13,13.05,13.08,0.09,0,0,0,0
"2026-06-09 18:30:00",412,25.2,12.97,13.02,13.05,0.091,0,0,0,0
"2026-06-09 18:45:00",413,25.06,12.95,13,13,0.11,0,0,0,0
"2026-06-09 19:00:00",414,24.92,12.98,13.03,13.06,0.097,0,0,0,0
"2026-06-09 19:15:00",415,24.79,12.98,13.04,13.07,0.091,0,0,0,0
"2026-06-09 19:30:00",416,24.74,12.92,12.95,12.95,0.163,0,0,0,0
"2026-06-09 19:45:00",417,24.64,12.91,12.96,12.96,0.105,0,0,0,0
"2026-06-09 20:00:00",418,24.53,12.86,12.91,12.92,0.128,0,0,0,0
"2026-06-11 12:30:00",580,26.72,13.9,13.99,14.03,0.089,0,0,0,0
"2026-06-11 12:45:00",581,27.14,13.48,13.52,13.56,0.09,0,0,0,0
"2026-06-11 13:00:00",582,27.4,13.39,13.42,13.46,0.104,0,0,0,0
"2026-06-11 13:15:00",583,27.54,13.43,13.47,13.51,0.091,0,0,0,0
"2026-06-11 13:30:00",584,27.76,13.92,13.97,14.01,0.097,0,0,0,0
"2026-06-11 13:45:00",585,27.91,13.48,13.53,13.57,0.097,0,0,0,0
"2026-06-11 14:00:00",586,27.82,13.41,13.46,13.49,0.097,0,0,0,0
"2026-06-11 14:15:00",587,27.55,13.38,13.41,13.46,0.09,0,0,0,0
"2026-06-11 14:30:00",588,27.25,13.34,13.38,13.41,0.091,0,0,0,0
"2026-06-11 14:45:00",589,26.91,13.32,13.36,13.41,0.09,0,0,0,0
"2026-06-11 15:00:00",590,26.58,13.3,13.34,13.39,0.095,0,0,0,0
"2026-06-11 15:15:00",591,26.32,13.31,13.35,13.39,0.097,0,0,0,0
"2026-06-11 15:30:00",592,26.23,13.73,13.77,13.82,0.088,0,0,0,0
"2026-06-11 15:45:00",593,26.22,13.21,13.25,13.29,0.09,0,0,0,0
"2026-06-11 16:00:00",594,26.07,13.09,13.13,13.16,0.098,0,0,0,0
"2026-06-11 16:15:00",595,25.84,13.01,13.05,13.09,0.092,0,0,0,0
"2026-06-11 16:30:00",596,25.61,12.96,13,13.02,0.091,0,0,0,0
"2026-06-11 16:45:00",597,25.35,12.93,12.98,13.01,0.099,0,0,0,0
"2026-06-11 17:00:00",598,25.11,12.9,12.95,12.99,0.095,0,0,0,0
"2026-06-11 17:15:00",599,24.89,12.88,12.93,12.96,0.094,0,0,0,0
"2026-06-11 17:30:00",600,24.75,12.87,12.91,12.93,0.111,0,0,0,0
"2026-06-11 17:45:00",601,24.6,12.86,12.91,12.94,0.097,0,0,0,0
"2026-06-11 18:00:00",602,24.45,12.85,12.9,12.93,0.098,0,0,0,0
"2026-06-11 18:15:00",603,24.34,12.85,12.89,12.92,0.099,0,0,0,0
"2026-06-11 18:30:00",604,24.29,12.84,12.88,12.91,0.095,0,0,0,0
"2026-06-11 18:45:00",605,24.21,12.83,12.88,12.91,0.089,0,0,0,0
"2026-06-11 19:00:00",606,24.12,12.83,12.88,12.9,0.095,0,0,0,0
"2026-06-11 19:15:00",607,24.04,12.81,12.86,12.88,0.107,0,0,0,0
"2026-06-11 19:30:00",608,24,12.82,12.87,12.9,0.091,0,0,0,0
"2026-06-11 19:45:00",609,23.93,12.82,12.86,12.89,0.098,0,0,0,0
"2026-06-11 20:00:00",610,23.85,12.82,12.87,12.9,0.105,0,0,0,0
"2026-06-11 20:15:00",611,23.78,12.82,12.87,12.9,0.092,0,0,0,0
"2026-06-11 20:30:00",612,23.77,12.83,12.87,12.9,0.098,0,0,0,0
"2026-06-11 20:45:00",613,23.72,12.8,12.85,12.88,0.096,0,0,0,0
"2026-06-11 21:00:00",614,23.66,12.79,12.84,12.84,0.097,0,0,0,0
"2026-06-11 21:15:00",615,23.59,12.79,12.83,12.86,0.098,0,0,0,0
"2026-06-11 21:30:00",616,23.58,12.77,12.83,12.86,0.094,0,0,0,0
"2026-06-11 21:45:00",617,23.53,12.78,12.83,4.845,0.092,0,0,0,0
"2026-06-11 22:00:00",618,23.47,12.78,12.83,0.565,0.104,0,0,0,0
"2026-06-11 22:15:00",619,23.4,12.78,12.83,0.271,0.091,0,0,0,0
"2026-06-11 22:30:00",620,23.38,12.77,12.82,0.222,0.094,0,0,0,0
"2026-06-11 22:45:00",621,23.32,12.77,12.82,0.22,0.092,0,0,0,0
"2026-06-11 23:00:00",622,23.24,12.77,12.82,0.203,0.099,0,0,0,0
"2026-06-11 23:15:00",623,23.17,12.77,12.82,0.222,0.096,0,0,0,0
"2026-06-11 23:30:00",624,23.14,12.77,12.82,0.221,0.095,0,0,0,0
"2026-06-11 23:45:00",625,23.07,12.77,12.82,0.224,0.102,0,0,0,0
"2026-06-12 00:00:00",626,22.99,12.76,12.81,0.222,0.099,0,0,0,0
"2026-06-12 00:15:00",627,22.91,12.76,12.81,0.213,0.102,0,0,0,0
"2026-06-12 00:30:00",628,22.87,12.76,12.81,0.226,0.106,0,0,0,0
"2026-06-12 00:45:00",629,22.79,12.76,12.81,0.214,0.091,0,0,0,0
"2026-06-12 01:00:00",630,22.69,12.75,12.8,0.211,0.094,0,0,0,0
"2026-06-12 01:15:00",631,22.6,12.75,12.8,0.214,0.102,0,0,0,0
"2026-06-12 01:30:00",632,22.57,12.74,12.78,0.2,0.116,0,0,0,0
"2026-06-12 01:45:00",633,22.51,12.74,12.78,0.19,0.113,0,0,0,0
"2026-06-12 02:00:00",634,22.44,12.73,12.77,0.195,0.116,0,0,0,0
"2026-06-12 02:15:00",635,22.37,12.73,12.77,0.191,0.133,0,0,0,0
"2026-06-12 02:30:00",636,22.34,12.72,12.76,0.17,0.122,0,0,0,0
"2026-06-12 02:45:00",637,22.27,12.72,12.77,0.195,0.127,0,0,0,0
"2026-06-12 03:00:00",638,22.19,12.72,12.76,0.202,0.118,0,0,0,0
"2026-06-12 03:15:00",639,22.11,12.72,12.76,0.2,0.13,0,0,0,0
"2026-06-12 03:30:00",640,22.08,12.72,12.76,0.189,0.118,0,0,0,0
"2026-06-12 03:45:00",641,22.01,12.71,12.76,0.195,0.123,0,0,0,0
"2026-06-12 04:00:00",642,21.94,12.71,12.76,0.184,0.125,0,0,0,0
"2026-06-12 04:15:00",643,21.87,12.71,12.75,0.194,0.129,0,0,0,0
"2026-06-12 04:30:00",644,21.85,12.7,12.75,0.185,0.127,0,0,0,0
"2026-06-12 04:45:00",645,21.79,12.7,12.75,0.194,0.138,0,0,0,0
"2026-06-12 05:00:00",646,21.71,12.7,12.74,0.197,0.123,0,0,0,0
"2026-06-12 05:15:00",647,21.63,12.69,12.74,0.204,0.118,0,0,0,0
"2026-06-12 05:30:00",648,21.6,12.69,12.73,0.275,0.119,0,0,0,0
"2026-06-12 05:45:00",649,21.53,12.68,12.73,0.77,0.13,0,0,0,0
"2026-06-12 06:00:00",650,21.45,12.68,12.73,5.035,0.119,0,0,0,0
"2026-06-12 06:15:00",651,21.38,12.68,12.72,12.67,0.126,0,0,0,0
"2026-06-12 06:30:00",652,21.36,12.68,12.72,12.73,0.127,0,0,0,0
"2026-06-12 06:45:00",653,21.31,12.7,12.75,12.78,0.097,0,0,0,0
"2026-06-12 07:00:00",654,21.25,12.71,12.76,12.78,0.098,0,0,0,0
"2026-06-12 07:15:00",655,21.21,12.72,12.77,12.79,0.101,0,0,0,0
"2026-06-12 07:30:00",656,21.22,12.73,12.78,12.81,0.097,0,0,0,0
"2026-06-12 07:45:00",657,21.22,12.75,12.8,12.82,0.107,0,0,0,0
"2026-06-12 08:00:00",658,21.26,12.79,12.84,12.87,0.092,0,0,0,0
"2026-06-12 08:15:00",659,21.35,12.84,12.89,12.91,0.091,0,0,0,0
"2026-06-12 08:30:00",660,21.56,13.4,13.44,13.49,0.092,0,0,0,0
"2026-06-12 08:45:00",661,21.79,13.15,13.2,13.24,0.091,0,0,0,0
"2026-06-12 09:00:00",662,22.16,13.12,13.16,13.2,0.091,0,0,0,0
"2026-06-12 09:15:00",663,22.62,13.12,13.17,13.2,0.091,0,0,0,0
"2026-06-12 09:30:00",664,23.16,13.12,13.16,13.2,0.093,0,0,0,0
"2026-06-12 09:45:00",665,23.64,13.12,13.16,13.21,0.092,0,0,0,0
"2026-06-12 10:00:00",666,24.07,13.15,13.2,13.22,0.101,0,0,0,0
"2026-06-12 10:15:00",667,24.46,13.35,13.39,13.44,0.091,0,0,0,0
"2026-06-12 10:30:00",668,24.83,13.38,13.43,13.47,0.09,0,0,0,0
"2026-06-12 10:45:00",669,25.07,14.03,14,14.14,0.087,0,0,0,0
"2026-06-12 11:00:00",670,25.29,14.04,14.08,23.89,0.092,0,0,0,0
"2026-06-12 11:15:00",671,25.54,13.94,14.05,14.11,0.091,0,0,0,0
"2026-06-12 11:30:00",672,25.86,13.94,14.04,14.1,0.092,0,0,0,0
"2026-06-12 11:45:00",673,26.17,13.91,14,14.07,0.097,0,0,0,0
"2026-06-12 12:00:00",674,26.43,13.96,14,23.71,0.089,0,0,0,0
"2026-06-12 12:15:00",675,26.67,13.95,13.95,14.04,0.095,0,0,0,0
"2026-06-12 12:30:00",676,26.93,13.95,13.95,14.04,0.104,0,0,0,0
"2026-06-12 12:45:00",677,27.12,13.32,13.37,13.41,0.09,0,0,0,0
"2026-06-12 13:00:00",678,27.14,13.2,13.25,13.29,0.09,0,0,0,0
"2026-06-12 13:15:00",679,27.05,13.22,13.26,13.3,0.091,0,0,0,0
"2026-06-12 13:30:00",680,27.08,13.69,13.73,13.77,0.089,0,0,0,0
"2026-06-12 13:45:00",681,27.17,13.29,13.33,13.36,0.091,0,0,0,0
"2026-06-12 14:00:00",682,27.11,13.2,13.25,13.28,0.09,0,0,0,0
"2026-06-12 14:15:00",683,27,13.11,13.15,13.16,0.194,0,0,0,0
"2026-06-15 10:30:00",684,28,13.53,13.57,13.6,0.113,0,0,0,0
"2026-06-15 10:45:00",685,28.48,13.74,13.78,13.81,0.121,0,0,0,0
"2026-06-15 11:00:00",686,28.94,13.9,13.94,23.36,0.115,0,0,0,0
"2026-06-15 11:15:00",687,29.39,13.8,13.91,14.37,0.147,0,0,0,0
"2026-06-15 11:30:00",688,29.82,13.81,13.9,13.95,0.119,0,0,0,0
"2026-06-15 11:45:00",689,30.2,13.82,13.86,23.33,0.118,0,0,0,0
"2026-06-15 12:00:00",690,30.51,13.83,13.8,13.9,0.116,0,0,0,0
"2026-06-15 12:15:00",691,30.83,13.79,13.85,13.9,0.151,0,0,0,0
"2026-06-15 12:30:00",692,31.05,13.81,13.84,19.18,0.117,0,0,0,0
"2026-06-15 12:45:00",693,31.2,13.3,13.31,13.31,0.172,0,0,0,0
"2026-06-15 13:00:00",694,31.22,13.24,13.27,13.29,0.119,0,0,0,0
"2026-06-15 13:15:00",695,31.19,13.23,13.26,13.25,0.152,0,0,0,0
"2026-06-15 13:30:00",696,31.31,13.54,13.58,13.59,0.152,0,0,0,0
"2026-06-15 13:45:00",697,31.51,13.29,13.33,13.37,0.091,0,0,0,0
"2026-06-15 14:00:00",698,31.55,13.25,13.3,13.33,0.09,0,0,0,0
"2026-06-15 14:15:00",699,31.44,13.19,13.2,13.23,0.157,0,0,0,0
"2026-06-15 14:30:00",700,31.23,13.13,13.15,13.14,0.147,0,0,0,0
"2026-06-15 14:45:00",701,30.97,13.11,13.15,13.18,0.113,0,0,0,0
"2026-06-15 15:00:00",702,30.69,13.05,13.06,13.07,0.145,0,0,0,0
"2026-06-15 15:15:00",703,30.6,13.07,13.11,13.16,0.113,0,0,0,0
"2026-06-15 15:30:00",704,31.09,13.09,13.12,13.14,0.144,0,0,0,0
"2026-06-15 15:45:00",705,31.52,13.08,13.12,13.1,0.203,0,0,0,0
"2026-06-15 16:00:00",706,31.3,13.13,13.15,13.19,0.148,0,0,0,0
"2026-06-15 16:15:00",707,30.99,13.21,13.25,13.29,0.111,0,0,0,0
"2026-06-15 16:30:00",708,30.75,13.21,13.23,13.26,0.16,0,0,0,0
"2026-06-15 17:00:00",0,30.26,13.12,13.16,13.19,0.113,0,0,0,0
"2026-06-15 17:15:00",1,30.03,13.17,13.21,13.24,0.099,0,0,0,0
"2026-06-15 17:30:00",2,29.8,13.12,13.18,13.16,0.097,0,0,0,0
"2026-06-15 17:45:00",3,29.58,13.07,13.12,13.12,0.165,0,0,0,0
"2026-06-15 18:00:00",4,29.43,13.07,13.08,13.15,0.118,0,0,0,0
"2026-06-15 18:15:00",5,29.26,13.04,13.08,13.12,0.098,0,0,0,0
"2026-06-15 18:30:00",6,29.12,13.01,13.05,13.05,0.166,0,0,0,0
"2026-06-15 18:45:00",7,29.01,13.01,13.05,13.04,0.14,0,0,0,0
"2026-06-15 19:00:00",8,28.93,13.01,13.03,13.04,0.134,0,0,0,0
"2026-06-15 19:15:00",9,28.84,12.95,12.98,12.97,0.161,0,0,0,0
"2026-06-15 19:30:00",10,28.74,12.95,12.99,13.02,0.092,0,0,0,0
"2026-06-15 19:45:00",11,28.61,12.86,12.91,12.92,0.139,0,0,0,0
"2026-06-15 20:00:00",12,28.48,12.82,12.87,12.88,0.149,0,0,0,0
"2026-06-15 20:15:00",13,28.33,12.81,12.84,12.85,0.124,0,0,0,0
"2026-06-15 20:30:00",14,28.19,12.79,12.81,12.78,0.168,0,0,0,0
"2026-06-15 20:45:00",15,28.05,12.78,12.8,12.81,0.134,0,0,0,0
"2026-06-15 21:00:00",16,27.89,12.76,12.8,12.78,0.143,0,0,0,0
"2026-06-15 21:15:00",17,27.73,12.78,12.81,12.85,0.149,0,0,0,0
"2026-06-15 21:30:00",18,27.58,12.79,12.83,8.96,0.092,0,0,0,0
"2026-06-15 21:45:00",19,27.44,12.75,12.78,3.206,0.151,0,0,0,0
"2026-06-15 22:00:00",20,27.3,12.76,12.79,0.349,0.162,0,0,0,0
"2026-06-15 22:15:00",21,27.17,12.76,12.78,0.166,0.17,0,0,0,0
"2026-06-15 22:30:00",22,27.05,12.78,12.83,0.208,0.093,0,0,0,0
"2026-06-15 22:45:00",23,26.94,12.75,12.79,0.132,0.139,0,0,0,0
"2026-06-15 23:00:00",24,26.84,12.75,12.79,0.149,0.169,0,0,0,0
"2026-06-15 23:15:00",25,26.75,12.72,12.76,0.135,0.156,0,0,0,0
"2026-06-15 23:30:00",26,26.69,12.75,12.77,0.152,0.155,0,0,0,0
"2026-06-15 23:45:00",27,26.63,12.77,12.81,0.197,0.092,0,0,0,0
"2026-06-16 00:00:00",28,26.56,12.74,12.78,0.137,0.145,0,0,0,0
"2026-06-16 00:15:00",29,26.51,12.76,12.81,0.195,0.095,0,0,0,0
"2026-06-16 00:30:00",30,26.5,12.76,12.8,0.185,0.104,0,0,0,0
"2026-06-16 00:45:00",31,26.44,12.74,12.78,0.106,0.146,0,0,0,0
"2026-06-16 01:00:00",32,26.37,12.72,12.76,0.104,0.155,0,0,0,0
"2026-06-16 01:15:00",33,26.29,12.72,12.76,0.138,0.147,0,0,0,0
"2026-06-16 01:30:00",34,26.24,12.74,12.79,0.189,0.14,0,0,0,0
"2026-06-16 01:45:00",35,26.16,12.75,12.79,0.203,0.108,0,0,0,0
"2026-06-16 02:00:00",36,26.08,12.74,12.79,0.158,0.149,0,0,0,0
"2026-06-16 02:15:00",37,26,12.71,12.71,0.135,0.167,0,0,0,0
"2026-06-16 02:30:00",38,25.95,12.7,12.74,0.143,0.171,0,0,0,0
"2026-06-16 02:45:00",39,25.87,12.7,12.74,0.152,0.164,0,0,0,0
"2026-06-16 03:00:00",40,25.81,12.71,12.73,0.119,0.187,0,0,0,0
"2026-06-16 03:15:00",41,25.79,12.73,12.77,0.215,0.103,0,0,0,0
"2026-06-16 03:30:00",42,25.83,12.7,12.72,0.132,0.144,0,0,0,0
"2026-06-16 03:45:00",43,25.86,12.7,12.72,0.179,0.14,0,0,0,0
"2026-06-16 04:00:00",44,25.91,12.68,12.72,0.128,0.153,0,0,0,0
"2026-06-16 04:15:00",45,25.93,12.71,12.76,0.208,0.092,0,0,0,0
"2026-06-16 04:30:00",46,25.94,12.71,12.76,0.201,0.1,0,0,0,0
"2026-06-16 04:45:00",47,25.89,12.67,12.74,0.145,0.109,0,0,0,0
"2026-06-16 05:00:00",48,25.82,12.7,12.75,0.211,0.101,0,0,0,0
"2026-06-16 05:15:00",49,25.75,12.7,12.75,0.194,0.098,0,0,0,0
"2026-06-16 05:30:00",50,25.7,12.7,12.74,0.248,0.094,0,0,0,0
"2026-06-16 05:45:00",51,25.64,12.7,12.74,0.763,0.102,0,0,0,0
"2026-06-16 06:00:00",52,25.58,12.7,12.75,6.1,0.096,0,0,0,0
"2026-06-16 06:15:00",53,25.51,12.67,12.7,12.61,0.141,0,0,0,0
"2026-06-16 06:30:00",54,25.46,12.7,12.75,12.77,0.098,0,0,0,0
"2026-06-16 06:45:00",55,25.37,12.7,12.75,12.78,0.096,0,0,0,0
"2026-06-16 07:00:00",56,25.31,12.71,12.76,12.79,0.094,0,0,0,0
"2026-06-16 07:15:00",57,25.28,12.72,12.77,12.8,0.098,0,0,0,0
"2026-06-16 07:30:00",58,25.29,12.68,12.74,12.72,0.172,0,0,0,0
"2026-06-16 07:45:00",59,25.34,12.71,12.76,12.73,0.197,0,0,0,0
"2026-06-16 08:00:00",60,25.43,12.74,12.77,12.77,0.176,0,0,0,0
"2026-06-16 08:15:00",61,25.56,12.77,12.79,12.8,0.197,0,0,0,0
"2026-06-16 08:30:00",62,25.76,12.83,12.85,12.86,0.171,0,0,0,0
"2026-06-16 08:45:00",63,26.03,12.91,12.95,12.97,0.121,0,0,0,0
"2026-06-16 09:00:00",64,26.43,12.96,13,13.02,0.146,0,0,0,0
"2026-06-16 09:15:00",65,26.86,12.99,13.02,13,0.16,0,0,0,0
"2026-06-16 09:30:00",66,27.3,13.02,13.08,13.08,0.119,0,0,0,0
"2026-06-16 09:45:00",67,27.68,13.09,13.12,13.14,0.165,0,0,0,0
"2026-06-16 10:00:00",68,27.98,13.17,13.2,13.22,0.121,0,0,0,0
"2026-06-16 10:15:00",69,28.24,13.16,13.2,13.23,0.12,0,0,0,0
"2026-06-16 10:30:00",70,28.6,13.39,13.4,23.27,0.167,0,0,0,0
"2026-06-16 10:45:00",71,29.17,13.65,13.67,13.67,0.165,0,0,0,0
"2026-06-16 11:00:00",72,30.02,13.85,13.87,13.9,0.143,0,0,0,0
"2026-06-16 11:15:00",73,31.04,13.82,13.85,13.89,0.179,0,0,0,0
"2026-06-16 11:30:00",74,32.13,13.8,13.82,13.86,0.188,0,0,0,0
"2026-06-16 11:45:00",75,33.1,13.77,13.76,13.78,0.172,0,0,0,0
"2026-06-16 12:00:00",76,33.83,13.07,13.09,13.06,0.187,0,0,0,0
"2026-06-16 12:15:00",77,34.49,12.99,13.03,13.05,0.122,0,0,0,0
"2026-06-16 12:30:00",78,35.08,12.89,12.92,12.92,0.186,0,0,0,0
"2026-06-16 12:45:00",79,35.49,12.86,12.9,12.92,0.124,0,0,0,0
"2026-06-16 13:15:00",0,34.95,12.81,12.81,12.83,0.227,0,0,0,0
"2026-06-16 13:30:00",1,34.99,12.86,12.9,12.9,0.124,0,0,0,0
"2026-06-16 13:45:00",2,35.19,12.84,12.88,12.89,0.123,0,0,0,0
"2026-06-16 14:00:00",3,34.86,12.83,12.87,12.88,0.132,0,0,0,0
"2026-06-16 14:15:00",4,34.33,12.83,12.88,12.91,0.104,0,0,0,0
"2026-06-16 14:30:00",5,33.69,12.81,12.84,12.79,0.116,0,0,0,0
"2026-06-16 14:45:00",6,33.03,12.83,12.87,12.9,0.092,0,0,0,0
"2026-06-16 15:00:00",7,32.4,12.82,12.87,12.9,0.094,0,0,0,0
"2026-06-16 15:15:00",8,32.02,12.81,12.86,12.89,0.096,0,0,0,0
"2026-06-16 15:30:00",9,32.13,12.81,12.86,12.88,0.097,0,0,0,0
"2026-06-16 15:45:00",10,32.31,12.8,12.85,12.88,0.108,0,0,0,0
"2026-06-16 16:00:00",11,31.9,12.8,12.84,12.88,0.095,0,0,0,0
"2026-06-16 16:15:00",12,31.39,12.79,12.83,12.86,0.103,0,0,0,0
"2026-06-16 16:30:00",13,30.94,12.79,12.83,12.86,0.097,0,0,0,0
"2026-06-16 16:45:00",14,30.55,12.78,12.83,12.86,0.091,0,0,0,0
"2026-06-16 17:00:00",15,30.42,12.78,12.82,12.84,0.092,0,0,0,0
"2026-06-16 17:15:00",16,30.26,12.77,12.81,12.83,0.1,0,0,0,0
"2026-06-16 17:30:00",17,30.06,12.76,12.81,12.82,0.097,0,0,0,0
"2026-06-16 17:45:00",18,29.86,12.76,12.8,12.82,0.089,0,0,0,0
"2026-06-16 18:00:00",19,29.65,12.75,12.79,1.761,0.098,0,0,0,0
"2026-06-16 18:15:00",20,29.47,12.74,12.78,1.556,0.093,0,0,0,0
"2026-06-16 18:30:00",21,29.31,12.74,12.78,1.491,0.098,0,0,0,0
"2026-06-16 18:45:00",22,29.15,12.73,12.77,1.704,0.097,0,0,0,0
"2026-06-16 19:00:00",23,29.01,12.72,12.77,1.835,0.094,0,0,0,0
"2026-06-16 19:15:00",24,28.88,12.71,12.76,1.972,0.098,0,0,0,0
"2026-06-16 19:30:00",25,28.76,12.71,12.75,1.732,0.096,0,0,0,0
"2026-06-16 19:45:00",26,28.65,12.71,12.76,1.387,0.092,0,0,0,0
"2026-06-16 20:00:00",27,28.54,12.71,12.75,1.419,0.098,0,0,0,0
"2026-06-16 20:15:00",28,28.44,12.71,12.75,1.205,0.092,0,0,0,0
"2026-06-16 20:30:00",29,28.34,12.68,12.7,0.882,0.152,0,0,0,0
"2026-06-16 20:45:00",30,28.24,12.7,12.75,0.684,0.106,0,0,0,0
"2026-06-16 21:00:00",31,28.14,12.7,12.75,0.496,0.093,0,0,0,0
"2026-06-16 21:15:00",32,28.03,12.7,12.72,0.253,0.135,0,0,0,0
"2026-06-16 21:30:00",33,27.92,12.71,12.75,0.109,0.095,0,0,0,0
"2026-06-16 21:45:00",34,27.81,12.7,12.75,0.014,0.091,0,0,0,0
"2026-06-16 22:00:00",35,27.68,12.7,12.75,0.002,0.091,0,0,0,0
"2026-06-16 22:15:00",36,27.56,12.7,12.72,-0.019,0.145,0,0,0,0
"2026-06-16 22:30:00",37,27.47,12.69,12.73,-0.021,0.123,0,0,0,0
"2026-06-16 22:45:00",38,27.37,12.7,12.74,0,0.091,0,0,0,0
"2026-06-16 23:00:00",39,27.26,12.7,12.75,-0.007,0.099,0,0,0,0
"2026-06-16 23:15:00",40,27.16,12.7,12.75,-0.001,0.093,0,0,0,0
"2026-06-16 23:30:00",41,27.06,12.7,12.74,0.001,0.093,0,0,0,0
"2026-06-16 23:45:00",42,26.94,12.7,12.74,-0.001,0.099,0,0,0,0
"2026-06-17 00:00:00",43,26.83,12.7,12.74,-0.014,0.099,0,0,0,0
"2026-06-17 00:15:00",44,26.74,12.7,12.74,-0.012,0.099,0,0,0,0
"2026-06-17 00:30:00",45,26.66,12.69,12.74,-0.006,0.094,0,0,0,0
"2026-06-17 00:45:00",46,26.58,12.69,12.74,-0.002,0.092,0,0,0,0
"2026-06-17 01:00:00",47,26.5,12.69,12.74,-0.012,0.103,0,0,0,0
"2026-06-17 01:15:00",48,26.42,12.7,12.72,-0.004,0.124,0,0,0,0
"2026-06-17 01:30:00",49,26.35,12.69,12.74,-0.003,0.097,0,0,0,0
"2026-06-17 01:45:00",50,26.29,12.69,12.72,0.001,0.096,0,0,0,0
"2026-06-17 02:00:00",51,26.23,12.69,12.74,-0.002,0.087,0,0,0,0
"2026-06-17 02:15:00",52,26.16,12.69,12.74,-0.001,0.099,0,0,0,0
"2026-06-17 02:30:00",53,26.12,12.69,12.73,0.002,0.091,0,0,0,0
"2026-06-17 02:45:00",54,26.06,12.69,12.74,-0.002,0.09,0,0,0,0
"2026-06-17 03:00:00",55,26.01,12.69,12.74,-0.012,0.095,0,0,0,0
"2026-06-17 03:15:00",56,25.94,12.68,12.69,-0.071,0.156,0,0,0,0
"2026-06-17 03:30:00",57,25.86,12.68,12.73,-0.003,0.1,0,0,0,0
"2026-06-17 03:45:00",58,25.8,12.68,12.72,-0.016,0.112,0,0,0,0
"2026-06-17 04:00:00",59,25.73,12.69,12.73,0,0.095,0,0,0,0
"2026-06-17 04:15:00",60,25.65,12.69,12.73,-0.006,0.094,0,0,0,0
"2026-06-17 04:30:00",61,25.56,12.69,12.73,-0.006,0.103,0,0,0,0
"2026-06-17 04:45:00",62,25.5,12.69,12.73,-0.001,0.098,0,0,0,0
"2026-06-17 05:00:00",63,25.45,12.68,12.72,-0.002,0.103,0,0,0,0
"2026-06-17 05:15:00",64,25.4,12.68,12.73,0.002,0.091,0,0,0,0
"2026-06-17 05:30:00",65,25.35,12.68,12.73,-0.015,0.099,0,0,0,0
"2026-06-17 05:45:00",66,25.29,12.68,12.73,0.002,0.095,0,0,0,0
"2026-06-17 06:00:00",67,25.24,12.68,12.73,0.03,0.094,0,0,0,0
"2026-06-17 06:15:00",68,25.18,12.68,12.73,0.155,0.102,0,0,0,0
"2026-06-17 06:30:00",69,25.12,12.68,12.72,0.471,0.097,0,0,0,0
"2026-06-17 06:45:00",70,25.05,12.68,12.73,0.956,0.105,0,0,0,0
"2026-06-17 07:00:00",71,24.99,12.68,12.73,1.417,0.095,0,0,0,0
"2026-06-17 07:15:00",72,24.94,12.68,12.72,1.808,0.092,0,0,0,0
"2026-06-17 07:30:00",73,24.91,12.65,12.71,2.201,0.094,0,0,0,0
"2026-06-17 07:45:00",74,24.88,12.68,12.72,2.632,0.094,0,0,0,0
"2026-06-17 08:00:00",75,24.88,12.68,12.73,3.066,0.096,0,0,0,0
"2026-06-17 08:15:00",76,24.92,12.67,12.72,3.35,0.093,0,0,0,0
"2026-06-17 08:30:00",77,25,12.68,12.72,3.899,0.092,0,0,0,0
"2026-06-17 08:45:00",78,25.12,12.68,12.72,4.241,0.097,0,0,0,0
"2026-06-17 09:00:00",79,25.31,12.68,12.72,3.666,0.094,0,0,0,0
"2026-06-17 09:15:00",80,25.55,12.68,12.72,1.583,0.092,0,0,0,0
"2026-06-17 09:30:00",81,25.78,12.67,12.72,3.068,0.091,0,0,0,0
"2026-06-17 09:45:00",82,26.06,12.67,12.71,3.334,0.116,0,0,0,0
"2026-06-17 10:00:00",83,26.44,12.64,12.67,3.647,0.122,0,0,0,0
"2026-06-17 10:15:00",84,26.81,12.66,12.71,3.574,0.121,0,0,0,0
"2026-06-17 10:30:00",85,27.25,12.67,12.69,3.733,0.167,0,0,0,0
"2026-06-17 10:45:00",86,27.81,12.66,12.7,3.623,0.126,0,0,0,0
"2026-06-17 11:00:00",87,28.44,12.66,12.69,2.78,0.136,0,0,0,0
"2026-06-17 11:15:00",88,28.98,12.66,12.68,2.713,0.178,0,0,0,0
"2026-06-17 11:30:00",89,29.34,12.66,12.71,4.055,0.123,0,0,0,0
"2026-06-17 11:45:00",90,29.66,12.66,12.71,2.728,0.124,0,0,0,0
"2026-06-17 12:00:00",91,30.03,12.66,12.7,5.369,0.117,0,0,0,0
"2026-06-17 12:15:00",92,30.4,12.63,12.7,5.525,0.136,0,0,0,0
"2026-06-17 12:30:00",93,30.74,12.66,12.7,6.109,0.125,0,0,0,0
"2026-06-17 12:45:00",94,30.92,12.66,12.7,6.688,0.121,0,0,0,0
"2026-06-17 13:00:00",95,31.13,12.66,12.71,7.622,0.124,0,0,0,0
"2026-06-17 14:30:00",101,31.77,12.67,12.7,8.17,0.122,0,0,0,0
"2026-06-17 14:45:00",102,31.88,12.67,12.7,7.807,0.118,0,0,0,0
"2026-06-17 15:00:00",103,32.01,12.67,12.7,7.733,0.13,0,0,0,0
"2026-06-17 15:15:00",104,32,12.67,12.7,7.488,0.121,0,0,0,0
"2026-06-17 15:30:00",105,31.74,12.67,12.71,7.45,0.125,0,0,0,0
"2026-06-17 15:45:00",106,31.56,12.67,12.7,7.029,0.117,0,0,0,0
"2026-06-17 16:00:00",107,31.42,12.68,12.71,6.388,0.093,0,0,0,0
"2026-06-17 16:15:00",108,31.34,12.68,12.71,6.093,0.093,0,0,0,0
"2026-06-17 16:30:00",109,31.39,12.68,12.71,5.612,0.095,0,0,0,0
"2026-06-17 16:45:00",110,31.56,12.68,12.72,5.267,0.097,0,0,0,0
"2026-06-17 17:00:00",111,31.74,12.68,12.72,5.065,0.094,0,0,0,0
"2026-06-17 17:15:00",112,31.92,12.67,12.71,4.805,0.111,0,0,0,0
"2026-06-17 17:30:00",113,32.09,12.68,12.72,4.558,0.1,0,0,0,0
"2026-06-17 17:45:00",114,32.26,12.68,12.71,4.283,0.107,0,0,0,0
"2026-06-17 18:00:00",115,32.43,12.68,12.72,4.04,0.107,0,0,0,0
"2026-06-17 18:15:00",116,32.57,12.68,12.72,3.796,0.104,0,0,0,0
"2026-06-17 18:30:00",117,32.65,12.68,12.72,3.556,0.095,0,0,0,0
"2026-06-17 18:45:00",118,32.7,12.68,12.72,3.302,0.094,0,0,0,0
"2026-06-17 19:00:00",119,32.7,12.68,12.72,3.092,0.105,0,0,0,0
"2026-06-17 19:15:00",120,32.67,12.68,12.72,2.879,0.094,0,0,0,0
"2026-06-17 19:30:00",121,32.64,12.68,12.72,2.669,0.093,0,0,0,0
"2026-06-17 19:45:00",122,32.58,12.68,12.72,2.476,0.094,0,0,0,0
"2026-06-17 20:00:00",123,32.48,12.67,12.72,2.265,0.098,0,0,0,0
"2026-06-17 20:15:00",124,32.35,12.68,12.72,1.962,0.102,0,0,0,0
"2026-06-17 20:30:00",125,32.2,12.68,12.72,1.434,0.095,0,0,0,0
"2026-06-17 20:45:00",126,31.98,12.68,12.72,1.236,0.095,0,0,0,0
"2026-06-17 21:00:00",127,31.69,12.68,12.72,0.931,0.104,0,0,0,0
"2026-06-17 21:15:00",128,31.37,12.68,12.72,0.478,0.1,0,0,0,0
"2026-06-17 21:30:00",129,31,12.68,12.72,0.201,0.095,0,0,0,0
"2026-06-17 21:45:00",130,30.61,12.68,12.72,0.04,0.094,0,0,0,0
"2026-06-17 22:00:00",131,30.22,12.68,12.72,0.004,0.093,0,0,0,0
"2026-06-17 22:15:00",132,29.84,12.68,12.72,-0.004,0.1,0,0,0,0
"2026-06-17 22:30:00",133,29.48,12.68,12.72,0.001,0.094,0,0,0,0
"2026-06-17 22:45:00",134,29.12,12.68,12.72,-0.008,0.101,0,0,0,0
"2026-06-17 23:00:00",135,28.79,12.67,12.72,-0.001,0.096,0,0,0,0
"2026-06-17 23:15:00",136,28.49,12.67,12.72,-0.008,0.104,0,0,0,0
"2026-06-17 23:30:00",137,28.19,12.67,12.72,-0.002,0.098,0,0,0,0
"2026-06-17 23:45:00",138,27.92,12.67,12.72,-0.001,0.094,0,0,0,0
"2026-06-18 00:00:00",139,27.68,12.68,12.72,-0.006,0.104,0,0,0,0
"2026-06-18 00:15:00",140,27.45,12.67,12.72,0.004,0.109,0,0,0,0
"2026-06-18 00:30:00",141,27.24,12.67,12.72,-0.003,0.092,0,0,0,0
"2026-06-18 00:45:00",142,27.04,12.67,12.71,-0.007,0.103,0,0,0,0
"2026-06-18 01:00:00",143,26.85,12.67,12.72,-0.001,0.093,0,0,0,0
"2026-06-18 01:15:00",144,26.68,12.67,12.72,0.001,0.097,0,0,0,0
"2026-06-18 01:30:00",145,26.52,12.66,12.7,-0.029,0.108,0,0,0,0
"2026-06-18 01:45:00",146,26.35,12.67,12.72,-0.003,0.096,0,0,0,0
"2026-06-18 02:00:00",147,26.2,12.66,12.71,0.002,0.1,0,0,0,0
"2026-06-18 02:15:00",148,26.06,12.67,12.71,0.003,0.093,0,0,0,0
"2026-06-18 02:30:00",149,25.92,12.67,12.71,0.002,0.093,0,0,0,0
"2026-06-18 02:45:00",150,25.78,12.67,12.71,-0.004,0.099,0,0,0,0
"2026-06-18 03:00:00",151,25.66,12.67,12.71,0.004,0.099,0,0,0,0
"2026-06-18 03:15:00",152,25.56,12.66,12.71,0.005,0.096,0,0,0,0
"2026-06-18 03:30:00",153,25.47,12.66,12.71,0.002,0.095,0,0,0,0
"2026-06-18 03:45:00",154,25.38,12.66,12.71,-0.005,0.097,0,0,0,0
"2026-06-18 04:00:00",155,25.3,12.66,12.71,0.003,0.096,0,0,0,0
"2026-06-18 04:15:00",156,25.22,12.66,12.71,0.003,0.093,0,0,0,0
"2026-06-18 04:30:00",157,25.14,12.66,12.71,0.004,0.105,0,0,0,0
"2026-06-18 04:45:00",158,25.04,12.66,12.71,-0.004,0.104,0,0,0,0
"2026-06-18 05:00:00",159,24.95,12.66,12.71,-0.002,0.099,0,0,0,0
"2026-06-18 05:15:00",160,24.85,12.66,12.7,0.004,0.095,0,0,0,0
"2026-06-18 05:30:00",161,24.75,12.66,12.71,0,0.091,0,0,0,0
"2026-06-18 05:45:00",162,24.66,12.66,12.71,0,0.094,0,0,0,0
"2026-06-18 06:00:00",163,24.57,12.65,12.7,0.056,0.092,0,0,0,0
"2026-06-18 06:15:00",164,24.5,12.66,12.71,0.23,0.093,0,0,0,0
"2026-06-18 06:30:00",165,24.43,12.66,12.7,0.524,0.097,0,0,0,0
"2026-06-18 06:45:00",166,24.37,12.65,12.7,0.811,0.102,0,0,0,0
"2026-06-18 07:00:00",167,24.31,12.66,12.7,1.057,0.102,0,0,0,0
"2026-06-18 07:15:00",168,24.28,12.66,12.7,1.758,0.095,0,0,0,0
"2026-06-18 07:30:00",169,24.33,12.66,12.7,1.965,0.093,0,0,0,0
"2026-06-18 07:45:00",170,24.45,12.64,12.69,2.112,0.109,0,0,0,0
"2026-06-18 08:00:00",171,24.66,12.66,12.7,2.256,0.094,0,0,0,0
"2026-06-18 08:15:00",172,24.96,12.65,12.7,2.388,0.093,0,0,0,0
"2026-06-18 08:30:00",173,25.33,12.65,12.7,2.412,0.099,0,0,0,0
"2026-06-18 08:45:00",174,25.65,12.65,12.7,3.096,0.093,0,0,0,0
"2026-06-18 09:00:00",175,25.89,12.65,12.69,3.22,0.092,0,0,0,0
"2026-06-18 09:15:00",176,26.12,12.65,12.7,3.491,0.093,0,0,0,0
"2026-06-18 09:30:00",177,26.41,12.65,12.7,3.284,0.092,0,0,0,0
"2026-06-18 09:45:00",178,26.64,12.65,12.7,3.2,0.091,0,0,0,0
"2026-06-18 10:00:00",179,26.74,12.65,12.7,4.273,0.094,0,0,0,0
"2026-06-18 10:15:00",180,26.93,12.65,12.7,4.607,0.093,0,0,0,0
"2026-06-18 10:30:00",181,27.12,12.65,12.69,4.088,0.094,0,0,0,0
"2026-06-18 10:45:00",182,27.14,13.21,13.25,13.3,0.092,0,0,0,0
"2026-06-18 11:00:00",183,27.21,13.56,13.59,13.65,0.091,0,0,0,0
"2026-06-18 11:15:00",184,27.24,13.57,13.6,13.66,0.091,0,0,0,0
"2026-06-18 11:30:00",185,27.24,13.54,13.58,13.63,0.1,0,0,0,0
"2026-06-18 11:45:00",186,27.23,13.59,13.62,13.67,0.118,0,0,0,0
"2026-06-18 12:00:00",187,27.19,13.61,13.63,13.68,0.126,0,0,0,0
"2026-06-18 12:15:00",188,27.21,13.59,13.61,13.67,0.127,0,0,0,0
"2026-06-18 12:30:00",189,27.25,13.58,13.61,13.66,0.119,0,0,0,0
"2026-06-18 12:45:00",190,27.25,13.57,13.59,13.64,0.116,0,0,0,0
"2026-06-18 13:00:00",191,27.25,13.54,13.57,13.61,0.136,0,0,0,0
"2026-06-18 13:15:00",192,27.23,13.54,13.55,13.55,0.157,0,0,0,0
"2026-06-18 13:30:00",193,27.24,13.52,13.55,13.58,0.122,0,0,0,0
"2026-06-18 13:45:00",194,27.24,13.51,13.54,13.58,0.114,0,0,0,0
"2026-06-18 14:00:00",195,27.22,13.45,13.49,13.53,0.125,0,0,0,0
"2026-06-18 14:15:00",196,27.19,13.53,13.56,13.59,0.144,0,0,0,0
"2026-06-18 14:30:00",197,27.2,13.58,13.61,13.66,0.117,0,0,0,0
"2026-06-18 14:45:00",198,27.25,13.61,13.64,13.69,0.118,0,0,0,0
"2026-06-18 15:00:00",199,27.36,13.74,13.76,13.82,0.115,0,0,0,0
"2026-06-18 15:15:00",200,27.43,13.88,13.91,13.95,0.136,0,0,0,0
"2026-06-18 15:30:00",201,27.45,13.93,13.92,14.02,0.125,0,0,0,0
"2026-06-18 15:45:00",202,27.46,13.9,13.95,13.99,0.132,0,0,0,0
"2026-06-18 16:00:00",203,27.48,13.96,13.99,20.44,0.113,0,0,0,0
"2026-06-18 16:15:00",204,27.53,13.94,13.93,23.9,0.193,0,0,0,0
"2026-06-18 16:30:00",205,27.61,13.87,13.92,23.66,0.218,0,0,0,0
"2026-06-18 16:45:00",206,27.69,13.97,13.99,24.09,0.125,0,0,0,0
"2026-06-18 17:00:00",207,27.71,13.86,13.96,14,0.123,0,0,0,0
"2026-06-18 17:15:00",208,27.71,13.97,13.9,14.06,0.117,0,0,0,0
"2026-06-18 17:30:00",209,27.71,13.97,13.91,24.08,0.113,0,0,0,0
"2026-06-18 17:45:00",210,27.74,13.84,13.95,13.97,0.17,0,0,0,0
"2026-06-18 18:00:00",211,27.77,13.48,13.6,23.82,0.117,0,0,0,0
"2026-06-18 18:15:00",212,27.75,13.6,13.52,24.13,0.135,0,0,0,0
"2026-06-18 18:30:00",213,27.68,13.54,13.53,13.69,0.068,0,0,0,0
"2026-06-18 18:45:00",214,27.63,13.49,13.64,24.11,0.093,0,0,0,0
"2026-06-18 19:00:00",215,27.6,13.49,13.53,13.71,0.097,0,0,0,0
"2026-06-18 19:15:00",216,27.59,13.49,13.62,24.1,0.115,0,0,0,0
"2026-06-18 19:30:00",217,27.59,13.49,13.53,13.71,0.097,0,0,0,0
"2026-06-18 19:45:00",218,27.56,13.48,13.52,13.69,0.093,0,0,0,0
"2026-06-18 20:00:00",219,27.5,13.54,13.52,23.77,0.137,0,0,0,0
"2026-06-18 20:15:00",220,27.31,13.57,13.55,13.67,0.108,0,0,0,0
"2026-06-18 20:30:00",221,27.12,13.51,13.61,16.67,0.089,0,0,0,0
"2026-06-18 20:45:00",222,27,13.53,13.57,13.58,0.11,0,0,0,0
"2026-06-18 21:00:00",223,26.88,13.4,13.42,13.43,0.165,0,0,0,0
"2026-06-18 21:15:00",224,26.69,13.11,13.15,13.19,0.091,0,0,0,0
"2026-06-18 21:30:00",225,26.46,12.93,12.98,12.97,0.109,0,0,0,0
"2026-06-18 21:45:00",226,26.2,12.86,12.91,12.91,0.149,0,0,0,0
"2026-06-18 22:00:00",227,25.93,12.87,12.92,2.281,0.093,0,0,0,0
"2026-06-18 22:15:00",228,25.7,12.84,12.87,0.243,0.162,0,0,0,0
"2026-06-18 22:30:00",229,25.52,12.85,12.9,0.06,0.098,0,0,0,0
"2026-06-18 22:45:00",230,25.35,12.85,12.89,0.028,0.092,0,0,0,0
"2026-06-18 23:00:00",231,25.21,12.82,12.84,-0.033,0.144,0,0,0,0
"2026-06-18 23:15:00",232,25.08,12.84,12.89,0.02,0.091,0,0,0,0
"2026-06-18 23:30:00",233,24.98,12.81,12.84,-0.045,0.133,0,0,0,0
"2026-06-18 23:45:00",234,24.9,12.83,12.86,0.032,0.11,0,0,0,0
"2026-06-19 00:00:00",235,24.83,12.78,12.84,-0.036,0.143,0,0,0,0
"2026-06-19 00:15:00",236,24.81,12.82,12.87,0.024,0.102,0,0,0,0
"2026-06-19 00:30:00",237,24.78,12.79,12.82,-0.011,0.155,0,0,0,0
"2026-06-19 00:45:00",238,24.73,12.82,12.86,0.034,0.094,0,0,0,0
"2026-06-19 01:00:00",239,24.69,12.82,12.85,0.023,0.101,0,0,0,0
"2026-06-19 01:15:00",240,24.64,12.82,12.86,0.032,0.094,0,0,0,0
"2026-06-19 01:30:00",241,24.6,12.81,12.86,0.03,0.093,0,0,0,0
"2026-06-19 01:45:00",242,24.56,12.79,12.82,-0.029,0.137,0,0,0,0
"2026-06-19 02:00:00",243,24.52,12.81,12.85,0.042,0.09,0,0,0,0
"2026-06-19 02:15:00",244,24.47,12.81,12.85,0.038,0.101,0,0,0,0
"2026-06-19 02:30:00",245,24.44,12.77,12.8,-0.039,0.159,0,0,0,0
"2026-06-19 02:45:00",246,24.41,12.8,12.85,0.048,0.094,0,0,0,0
"2026-06-19 03:00:00",247,24.38,12.78,12.82,0.01,0.123,0,0,0,0
"2026-06-19 03:15:00",248,24.36,12.77,12.8,-0.012,0.15,0,0,0,0
"2026-06-19 03:30:00",249,24.34,12.76,12.8,-0.039,0.152,0,0,0,0
"2026-06-19 03:45:00",250,24.31,12.79,12.81,0.009,0.135,0,0,0,0
"2026-06-19 04:00:00",251,24.27,12.78,12.8,-0.033,0.141,0,0,0,0
"2026-06-19 04:15:00",252,24.24,12.8,12.84,0.045,0.091,0,0,0,0
"2026-06-19 04:30:00",253,24.21,12.8,12.83,0.037,0.104,0,0,0,0
"2026-06-19 04:45:00",254,24.17,12.79,12.84,0.031,0.093,0,0,0,0
"2026-06-19 05:00:00",255,24.13,12.76,12.8,-0.024,0.14,0,0,0,0
"2026-06-19 05:15:00",256,24.1,12.76,12.8,-0.016,0.146,0,0,0,0
"2026-06-19 05:30:00",257,24.07,12.79,12.84,0.124,0.102,0,0,0,0
"2026-06-19 05:45:00",258,24.03,12.78,12.83,1.218,0.092,0,0,0,0
"2026-06-19 06:00:00",259,23.99,12.79,12.84,10.35,0.101,0,0,0,0
"2026-06-19 06:15:00",260,23.96,12.79,12.83,13.11,0.097,0,0,0,0
"2026-06-19 06:30:00",261,23.93,12.8,12.84,12.87,0.091,0,0,0,0
"2026-06-19 06:45:00",262,23.9,12.82,12.87,12.88,0.098,0,0,0,0
"2026-06-19 07:00:00",263,23.87,12.96,13.03,13.04,0.098,0,0,0,0
"2026-06-19 07:15:00",264,23.86,13.23,13.27,13.32,0.092,0,0,0,0
"2026-06-19 07:30:00",265,23.9,13.5,13.54,13.59,0.087,0,0,0,0
"2026-06-19 07:45:00",266,23.99,13.66,13.69,13.72,0.14,0,0,0,0
"2026-06-19 08:00:00",267,24.15,14.05,14.08,14.15,0.094,0,0,0,0
"2026-06-19 08:15:00",268,24.36,14.05,14,14.15,0.137,0,0,0,0
"2026-06-19 08:30:00",269,24.63,13.97,14.07,14.15,0.135,0,0,0,0
"2026-06-19 08:45:00",270,24.94,14.03,13.98,14.11,0.139,0,0,0,0
"2026-06-19 09:00:00",271,25.29,13.94,14.09,24.12,0.088,0,0,0,0
"2026-06-19 09:15:00",272,25.66,14.02,13.99,14.16,0.078,0,0,0,0
"2026-06-19 09:30:00",273,26.09,13.97,14.05,23.75,0.122,0,0,0,0
"2026-06-19 09:45:00",274,26.51,13.99,13.92,23.67,0.136,0,0,0,0
"2026-06-19 10:00:00",275,26.85,13.94,14.05,23.88,0.088,0,0,0,0
"2026-06-19 10:15:00",276,27.03,13.89,13.9,14.09,0.151,0,0,0,0
"2026-06-19 10:30:00",277,27.13,13.86,13.97,14.55,0.144,0,0,0,0
"2026-06-19 10:45:00",278,27.24,14,13.94,14.25,0.093,0,0,0,0
"2026-06-19 11:00:00",279,27.32,13.6,13.53,24.19,0.089,0,0,0,0
"2026-06-19 11:15:00",280,27.39,13.49,13.53,13.7,0.089,0,0,0,0
"2026-06-19 11:30:00",281,27.44,13.59,13.53,24.22,0.09,0,0,0,0
"2026-06-19 11:45:00",282,27.47,13.5,13.53,13.68,0.087,0,0,0,0
"2026-06-19 12:00:00",283,27.5,13.55,13.49,24.11,0.14,0,0,0,0
"2026-06-19 12:15:00",284,27.52,13.49,13.59,13.65,0.096,0,0,0,0
"2026-06-19 12:30:00",285,27.53,13.55,13.56,23.92,0.094,0,0,0,0
"2026-06-19 12:45:00",286,27.5,13.56,13.53,24.1,0.103,0,0,0,0
"2026-06-19 13:00:00",287,27.48,13.51,13.56,24.05,0.138,0,0,0,0
"2026-06-19 13:15:00",288,27.46,13.49,13.52,13.63,0.095,0,0,0,0
"2026-06-19 13:30:00",289,27.49,13.49,13.58,24,0.095,0,0,0,0
"2026-06-19 13:45:00",290,27.51,13.46,13.52,13.56,0.156,0,0,0,0
"2026-06-19 14:00:00",291,27.55,13.54,13.58,23.86,0.095,0,0,0,0
"2026-06-19 14:15:00",292,27.55,13.54,13.52,13.62,0.102,0,0,0,0
"2026-06-19 14:30:00",293,27.59,13.54,13.52,13.61,0.116,0,0,0,0
"2026-06-19 14:45:00",294,27.64,13.52,13.57,24.01,0.115,0,0,0,0
"2026-06-19 15:00:00",295,27.71,13.52,13.5,23.79,0.13,0,0,0,0
"2026-06-19 15:15:00",296,27.77,13.54,13.53,23.89,0.139,0,0,0,0
"2026-06-19 15:30:00",297,27.84,13.45,13.54,23.89,0.118,0,0,0,0
"2026-06-19 15:45:00",298,27.89,13.46,13.46,13.55,0.139,0,0,0,0
"2026-06-19 16:00:00",299,27.95,13.45,13.54,23.68,0.122,0,0,0,0
"2026-06-19 16:15:00",300,28.01,13.49,13.49,18.26,0.096,0,0,0,0
"2026-06-19 16:30:00",301,28.11,13.49,13.49,17.34,0.093,0,0,0,0
"2026-06-19 16:45:00",302,28.24,13.54,13.49,24.01,0.118,0,0,0,0
"2026-06-19 17:00:00",303,28.35,13.54,13.49,24.06,0.116,0,0,0,0
"2026-06-19 17:15:00",304,28.4,13.42,13.45,13.6,0.115,0,0,0,0
"2026-06-19 17:30:00",305,28.45,13.52,13.45,23.99,0.115,0,0,0,0
"2026-06-19 17:45:00",306,28.48,13.52,13.45,24.09,0.121,0,0,0,0
"2026-06-19 18:00:00",307,28.52,13.42,13.55,24.1,0.123,0,0,0,0
"2026-06-19 18:15:00",308,28.54,13.53,13.45,24.03,0.117,0,0,0,0
"2026-06-19 18:30:00",309,28.56,13.4,13.41,21.9,0.164,0,0,0,0
"2026-06-19 18:45:00",310,28.63,13.42,13.45,13.61,0.12,0,0,0,0
"2026-06-19 19:00:00",311,28.68,13.5,13.45,24.02,0.097,0,0,0,0
"2026-06-19 19:15:00",312,28.66,13.5,13.46,23.98,0.113,0,0,0,0
"2026-06-19 19:30:00",313,28.62,13.42,13.54,24,0.119,0,0,0,0
"2026-06-19 19:45:00",314,28.54,13.42,13.47,23.88,0.126,0,0,0,0
"2026-06-19 20:00:00",315,28.42,13.5,13.45,23.89,0.12,0,0,0,0
"2026-06-19 20:15:00",316,28.26,13.43,13.51,23.79,0.163,0,0,0,0
"2026-06-19 20:30:00",317,28.07,13.5,13.53,23.62,0.12,0,0,0,0
"2026-06-19 20:45:00",318,27.83,13.45,13.49,13.51,0.151,0,0,0,0
"2026-06-19 21:00:00",319,27.54,13.32,13.36,13.4,0.097,0,0,0,0
"2026-06-19 21:15:00",320,27.25,13.06,13.11,13.14,0.097,0,0,0,0
"2026-06-19 21:30:00",321,26.95,12.94,12.99,13.02,0.095,0,0,0,0
"2026-06-19 21:45:00",322,26.66,12.89,12.93,9.04,0.094,0,0,0,0
"2026-06-19 22:00:00",323,26.39,12.87,12.92,1.323,0.113,0,0,0,0
"2026-06-19 22:15:00",324,26.17,12.85,12.89,0.152,0.108,0,0,0,0
"2026-06-19 22:30:00",325,25.98,12.85,12.88,0.037,0.107,0,0,0,0
"2026-06-19 22:45:00",326,25.81,12.85,12.88,0.037,0.093,0,0,0,0
"2026-06-19 23:00:00",327,25.68,12.84,12.89,0.023,0.103,0,0,0,0
"2026-06-19 23:15:00",328,25.56,12.84,12.88,0.024,0.1,0,0,0,0
"2026-06-19 23:30:00",329,25.47,12.84,12.88,0.03,0.095,0,0,0,0
"2026-06-19 23:45:00",330,25.39,12.83,12.88,0.028,0.102,0,0,0,0
"2026-06-20 00:00:00",331,25.33,12.83,12.87,0.031,0.095,0,0,0,0
"2026-06-20 00:15:00",332,25.31,12.83,12.87,0.021,0.096,0,0,0,0
"2026-06-20 00:30:00",333,25.28,12.83,12.87,0.023,0.105,0,0,0,0
"2026-06-20 00:45:00",334,25.22,12.79,12.83,-0.021,0.158,0,0,0,0
"2026-06-20 01:00:00",335,25.16,12.79,12.83,-0.055,0.156,0,0,0,0
"2026-06-20 01:15:00",336,25.12,12.82,12.87,0.011,0.092,0,0,0,0
"2026-06-20 01:30:00",337,25.08,12.82,12.81,-0.037,0.152,0,0,0,0
"2026-06-20 01:45:00",338,25.04,12.81,12.86,0.026,0.097,0,0,0,0
"2026-06-20 02:00:00",339,25.01,12.82,12.86,0.019,0.099,0,0,0,0
"2026-06-20 02:15:00",340,24.97,12.81,12.86,0.022,0.106,0,0,0,0
"2026-06-20 02:30:00",341,24.95,12.78,12.81,-0.054,0.143,0,0,0,0
"2026-06-20 02:45:00",342,24.92,12.79,12.83,-0.01,0.128,0,0,0,0
"2026-06-20 03:00:00",343,24.9,12.77,12.81,-0.064,0.161,0,0,0,0
"2026-06-20 03:15:00",344,24.87,12.78,12.82,-0.025,0.151,0,0,0,0
"2026-06-20 03:30:00",345,24.85,12.77,12.79,-0.068,0.311,0,0,0,0
"2026-06-20 03:45:00",346,24.83,12.78,12.81,-0.055,0.16,0,0,0,0
"2026-06-20 04:00:00",347,24.8,12.75,12.76,-0.187,0.189,0,0,0,0
"2026-06-20 04:15:00",348,24.76,12.8,12.85,0.025,0.095,0,0,0,0
"2026-06-20 04:30:00",349,24.71,12.8,12.84,0.02,0.112,0,0,0,0
"2026-06-20 04:45:00",350,24.66,12.77,12.8,-0.044,0.145,0,0,0,0
"2026-06-20 05:00:00",351,24.6,12.79,12.83,0.028,0.095,0,0,0,0
"2026-06-20 05:15:00",352,24.54,12.76,12.81,-0.013,0.149,0,0,0,0
"2026-06-20 05:30:00",353,24.49,12.76,12.8,0.213,0.163,0,0,0,0
"2026-06-20 05:45:00",354,24.45,12.77,12.8,2.27,0.128,0,0,0,0
"2026-06-20 06:00:00",355,24.41,12.79,12.83,11.79,0.096,0,0,0,0
"2026-06-20 06:15:00",356,24.37,12.79,12.83,12.87,0.095,0,0,0,0
"2026-06-20 06:30:00",357,24.34,12.82,12.86,12.88,0.112,0,0,0,0
"2026-06-20 06:45:00",358,24.32,12.91,12.96,12.99,0.095,0,0,0,0
"2026-06-20 07:00:00",359,24.32,13.13,13.16,13.21,0.093,0,0,0,0
"2026-06-20 07:15:00",360,24.36,13.39,13.43,13.48,0.093,0,0,0,0
"2026-06-20 07:30:00",361,24.44,13.59,13.62,13.63,0.135,0,0,0,0
"2026-06-20 07:45:00",362,24.55,13.79,13.82,13.86,0.148,0,0,0,0
"2026-06-20 08:00:00",363,24.67,13.99,14.02,14.06,0.143,0,0,0,0
"2026-06-20 08:15:00",364,24.81,14.01,14.1,24.51,0.12,0,0,0,0
"2026-06-20 08:30:00",365,25,13.97,14.02,14.15,0.102,0,0,0,0
"2026-06-20 08:45:00",366,25.25,13.94,14.07,24.18,0.105,0,0,0,0
"2026-06-20 09:00:00",367,25.56,13.99,14.04,24.12,0.109,0,0,0,0
"2026-06-20 09:15:00",368,25.87,14.02,13.95,23.77,0.104,0,0,0,0
"2026-06-20 09:30:00",369,26.2,14,13.93,23.7,0.128,0,0,0,0
"2026-06-20 09:45:00",370,26.53,14.03,13.96,24.17,0.09,0,0,0,0
"2026-06-20 10:00:00",371,26.83,13.86,13.99,23.88,0.144,0,0,0,0
"2026-06-20 10:15:00",372,27.1,13.89,14.04,24.13,0.092,0,0,0,0
"2026-06-20 10:30:00",373,27.36,13.88,14.03,23.97,0.085,0,0,0,0
"2026-06-20 10:45:00",374,27.61,13.49,13.54,23.99,0.094,0,0,0,0
"2026-06-20 11:00:00",375,27.86,13.6,13.53,23.88,0.106,0,0,0,0
"2026-06-20 11:15:00",376,28.09,13.46,13.51,23.9,0.097,0,0,0,0
"2026-06-20 11:30:00",377,28.26,13.46,13.59,23.96,0.092,0,0,0,0
"2026-06-20 11:45:00",378,28.39,13.46,13.5,13.66,0.093,0,0,0,0
"2026-06-20 12:00:00",379,28.49,13.53,13.5,23.69,0.092,0,0,0,0
"2026-06-20 12:15:00",380,28.57,13.46,13.57,23.84,0.094,0,0,0,0
"2026-06-20 12:30:00",381,28.64,13.5,13.47,23.72,0.13,0,0,0,0
"2026-06-20 12:45:00",382,28.74,13.46,13.56,23.77,0.089,0,0,0,0
"2026-06-20 13:00:00",383,28.84,13.46,13.5,13.6,0.09,0,0,0,0
"2026-06-20 13:15:00",384,28.9,13.46,13.56,23.75,0.1,0,0,0,0
"2026-06-20 13:30:00",385,28.93,13.46,13.55,23.62,0.094,0,0,0,0
"2026-06-20 13:45:00",386,28.93,13.52,13.56,23.78,0.091,0,0,0,0
"2026-06-20 14:00:00",387,28.96,13.46,13.54,23.65,0.113,0,0,0,0
"2026-06-20 14:15:00",388,29.06,13.46,13.54,13.6,0.09,0,0,0,0
"2026-06-20 14:30:00",389,29.2,13.48,13.46,13.55,0.101,0,0,0,0
"2026-06-20 14:45:00",390,29.45,13.43,13.5,23.42,0.118,0,0,0,0
"2026-06-20 15:00:00",391,29.77,13.48,13.52,23.53,0.096,0,0,0,0
"2026-06-20 15:15:00",392,30.1,13.45,13.44,23.37,0.096,0,0,0,0
"2026-06-20 15:30:00",393,30.31,13.4,13.43,13.55,0.089,0,0,0,0
"2026-06-20 15:45:00",394,30.5,13.37,13.4,13.48,0.134,0,0,0,0
"2026-06-20 16:00:00",395,30.67,13.38,13.42,13.55,0.097,0,0,0,0
"2026-06-20 16:15:00",396,30.73,13.44,13.39,23.57,0.145,0,0,0,0
"2026-06-20 16:30:00",397,30.81,13.4,13.35,23.42,0.174,0,0,0,0
"2026-06-20 16:45:00",398,30.87,13.46,13.4,23.86,0.119,0,0,0,0
"2026-06-20 17:00:00",399,30.97,13.36,13.4,13.55,0.118,0,0,0,0
"2026-06-20 17:15:00",400,31.1,13.36,13.39,23.91,0.119,0,0,0,0
"2026-06-20 17:30:00",401,31.12,13.33,13.36,23.87,0.14,0,0,0,0
"2026-06-20 17:45:00",402,31.11,13.33,13.46,23.83,0.117,0,0,0,0
"2026-06-20 18:00:00",403,31.01,13.33,13.46,23.63,0.117,0,0,0,0
"2026-06-20 18:15:00",404,30.91,13.29,13.31,23.73,0.177,0,0,0,0
"2026-06-20 18:30:00",405,30.83,13.35,13.38,21.4,0.124,0,0,0,0
"2026-06-20 18:45:00",406,30.75,13.45,13.39,23.66,0.124,0,0,0,0
"2026-06-20 19:00:00",407,30.65,13.36,13.43,23.58,0.124,0,0,0,0
"2026-06-20 19:15:00",408,30.54,13.36,13.4,23.68,0.125,0,0,0,0
"2026-06-20 19:30:00",409,30.45,13.42,13.4,23.78,0.134,0,0,0,0
"2026-06-20 19:45:00",410,30.38,13.36,13.47,23.59,0.13,0,0,0,0
"2026-06-20 20:00:00",411,30.3,13.36,13.38,13.51,0.183,0,0,0,0
"2026-06-20 20:15:00",412,30.19,13.39,13.42,13.51,0.132,0,0,0,0
"2026-06-20 20:30:00",413,30.08,13.42,13.42,13.48,0.123,0,0,0,0
"2026-06-20 20:45:00",414,29.91,13.38,13.44,13.45,0.123,0,0,0,0
"2026-06-20 21:00:00",415,29.65,13.17,13.21,13.23,0.128,0,0,0,0
"2026-06-20 21:15:00",416,29.34,12.96,12.99,12.96,0.181,0,0,0,0
"2026-06-20 21:30:00",417,29,12.91,12.94,12.96,0.12,0,0,0,0
"2026-06-20 21:45:00",418,28.65,12.87,12.91,8.23,0.129,0,0,0,0
"2026-06-20 22:00:00",419,28.31,12.86,12.89,1.152,0.131,0,0,0,0
"2026-06-20 22:15:00",420,28.01,12.83,12.84,0.112,0.172,0,0,0,0
"2026-06-20 22:30:00",421,27.75,12.82,12.84,-0.059,0.17,0,0,0,0
"2026-06-20 22:45:00",422,27.51,12.84,12.87,0.002,0.128,0,0,0,0
"2026-06-20 23:00:00",423,27.32,12.84,12.84,-0.027,0.175,0,0,0,0
"2026-06-20 23:15:00",424,27.16,12.84,12.89,0.029,0.102,0,0,0,0
"2026-06-20 23:30:00",425,27.02,12.84,12.89,0.031,0.1,0,0,0,0
"2026-06-20 23:45:00",426,26.89,12.84,12.89,0.031,0.097,0,0,0,0
"2026-06-21 00:00:00",427,26.76,12.81,12.86,0.012,0.1,0,0,0,0
"2026-06-21 00:15:00",428,26.69,12.83,12.88,0.024,0.095,0,0,0,0
"2026-06-21 00:30:00",429,26.6,12.82,12.84,-0.05,0.149,0,0,0,0
"2026-06-21 00:45:00",430,26.5,12.8,12.85,-0.019,0.146,0,0,0,0
"2026-06-21 01:00:00",431,26.41,12.82,12.87,0.021,0.118,0,0,0,0
"2026-06-21 01:15:00",432,26.34,12.82,12.87,0.02,0.095,0,0,0,0
"2026-06-21 01:30:00",433,26.29,12.81,12.85,-0.002,0.123,0,0,0,0
"2026-06-21 01:45:00",434,26.26,12.82,12.87,0.028,0.095,0,0,0,0
"2026-06-21 02:00:00",435,26.24,12.8,12.81,-0.055,0.131,0,0,0,0
"2026-06-21 02:15:00",436,26.22,12.82,12.86,0.017,0.103,0,0,0,0
"2026-06-21 02:30:00",437,26.22,12.82,12.86,0.021,0.102,0,0,0,0
"2026-06-21 02:45:00",438,26.2,12.81,12.85,0.02,0.097,0,0,0,0
"2026-06-21 03:00:00",439,26.2,12.78,12.82,-0.036,0.157,0,0,0,0
"2026-06-21 03:15:00",440,26.2,12.81,12.86,0.01,0.097,0,0,0,0
"2026-06-21 03:30:00",441,26.19,12.77,12.82,-0.073,0.148,0,0,0,0
"2026-06-21 03:45:00",442,26.17,12.81,12.85,0.014,0.101,0,0,0,0
"2026-06-21 04:00:00",443,26.13,12.81,12.85,0.019,0.093,0,0,0,0
"2026-06-21 04:15:00",444,26.09,12.81,12.84,0.019,0.094,0,0,0,0
"2026-06-21 04:30:00",445,26.05,12.78,12.81,-0.051,0.132,0,0,0,0
"2026-06-21 04:45:00",446,26.01,12.8,12.85,0.022,0.093,0,0,0,0
"2026-06-21 05:00:00",447,25.95,12.8,12.85,0.023,0.098,0,0,0,0
"2026-06-21 05:15:00",448,25.91,12.77,12.8,-0.005,0.16,0,0,0,0
"2026-06-21 05:30:00",449,25.87,12.77,12.78,0.131,0.152,0,0,0,0
"2026-06-21 05:45:00",450,25.82,12.79,12.84,2.17,0.102,0,0,0,0
"2026-06-21 06:00:00",451,25.77,12.79,12.83,12.74,0.126,0,0,0,0
"2026-06-21 06:15:00",452,25.72,12.8,12.84,12.87,0.101,0,0,0,0
"2026-06-21 06:30:00",453,25.69,12.82,12.86,12.89,0.094,0,0,0,0
"2026-06-21 06:45:00",454,25.65,12.89,12.93,12.97,0.091,0,0,0,0
"2026-06-21 07:00:00",455,25.63,13.05,13.09,13.11,0.095,0,0,0,0
"2026-06-21 07:15:00",456,25.65,13.34,13.35,13.42,0.107,0,0,0,0
"2026-06-21 07:30:00",457,25.73,13.66,13.69,13.75,0.089,0,0,0,0
"2026-06-21 07:45:00",458,25.87,13.72,13.73,13.79,0.168,0,0,0,0
"2026-06-21 08:00:00",459,26.08,14.01,13.97,14.12,0.089,0,0,0,0
"2026-06-21 08:15:00",460,26.34,13.89,13.94,14.12,0.097,0,0,0,0
"2026-06-21 08:30:00",461,26.68,13.91,14.05,19.28,0.095,0,0,0,0
"2026-06-21 08:45:00",462,27.03,13.91,13.95,14.13,0.089,0,0,0,0
"2026-06-21 09:00:00",463,27.38,13.92,13.91,14.07,0.056,0,0,0,0
"2026-06-21 09:15:00",464,27.72,13.88,14.02,23.81,0.09,0,0,0,0
"2026-06-21 09:30:00",465,28.08,13.97,13.92,23.68,0.105,0,0,0,0
"2026-06-21 09:45:00",466,28.4,13.85,14.01,23.8,0.103,0,0,0,0
"2026-06-21 10:00:00",467,28.76,13.91,13.9,23.67,0.209,0,0,0,0
"2026-06-21 10:15:00",468,29.14,13.98,13.9,23.72,0.088,0,0,0,0
"2026-06-21 10:30:00",469,29.5,13.9,13.87,23.68,0.105,0,0,0,0
"2026-06-21 10:45:00",470,29.84,13.43,13.47,13.66,0.089,0,0,0,0
"2026-06-21 11:00:00",471,30.13,13.41,13.43,13.58,0.142,0,0,0,0
"2026-06-21 11:15:00",472,30.33,13.43,13.48,23.64,0.093,0,0,0,0
"2026-06-21 11:30:00",473,30.5,13.37,13.5,23.63,0.151,0,0,0,0
"2026-06-21 11:45:00",474,30.61,13.4,13.44,13.59,0.089,0,0,0,0
"2026-06-21 12:00:00",475,30.69,13.37,13.48,23.47,0.147,0,0,0,0
"2026-06-21 12:15:00",476,30.77,13.4,13.51,23.56,0.09,0,0,0,0
"2026-06-21 12:30:00",477,30.85,13.41,13.44,14.24,0.088,0,0,0,0
"2026-06-21 12:45:00",478,30.98,13.4,13.44,16.12,0.092,0,0,0,0
"2026-06-21 13:00:00",479,31.13,13.4,13.44,13.57,0.092,0,0,0,0
"2026-06-21 13:15:00",480,31.21,13.47,13.44,23.56,0.095,0,0,0,0
"2026-06-21 13:30:00",481,31.29,13.45,13.44,23.7,0.087,0,0,0,0
"2026-06-21 13:45:00",482,31.26,13.4,13.44,13.57,0.091,0,0,0,0
"2026-06-21 14:00:00",483,31.2,13.4,13.44,13.56,0.09,0,0,0,0
"2026-06-21 14:15:00",484,31.13,13.47,13.44,23.79,0.094,0,0,0,0
"2026-06-21 14:30:00",485,31.04,13.44,13.44,23.76,0.098,0,0,0,0
"2026-06-21 14:45:00",486,30.92,13.45,13.44,13.61,0.097,0,0,0,0
"2026-06-21 15:00:00",487,30.78,13.44,13.4,23.82,0.133,0,0,0,0
"2026-06-21 15:15:00",488,30.65,13.4,13.45,23.85,0.09,0,0,0,0
"2026-06-21 15:30:00",489,30.49,13.4,13.43,13.56,0.09,0,0,0,0
"2026-06-21 15:45:00",490,30.3,13.38,13.45,23.77,0.145,0,0,0,0
"2026-06-21 16:00:00",491,30.19,13.47,13.44,23.77,0.09,0,0,0,0
"2026-06-21 16:15:00",492,30.19,13.4,13.51,23.86,0.098,0,0,0,0
"2026-06-21 16:30:00",493,30.29,13.4,13.51,23.74,0.089,0,0,0,0
"2026-06-21 16:45:00",494,30.45,13.49,13.44,23.83,0.096,0,0,0,0
"2026-06-21 17:00:00",495,30.62,13.36,13.39,13.55,0.105,0,0,0,0
"2026-06-21 17:15:00",496,30.8,13.43,13.37,23.59,0.144,0,0,0,0
"2026-06-21 17:30:00",497,30.98,13.36,13.4,23.7,0.103,0,0,0,0
"2026-06-21 17:45:00",498,31.16,13.38,13.37,23.62,0.11,0,0,0,0
"2026-06-21 18:00:00",499,31.39,13.32,13.35,19.54,0.137,0,0,0,0
"2026-06-21 18:15:00",500,31.64,13.33,13.36,23.76,0.117,0,0,0,0
"2026-06-21 18:30:00",501,31.83,13.33,13.37,23.56,0.123,0,0,0,0
"2026-06-21 18:45:00",502,31.83,13.37,13.37,23.48,0.116,0,0,0,0
"2026-06-21 19:00:00",503,31.64,13.36,13.38,23.49,0.168,0,0,0,0
"2026-06-21 19:15:00",504,31.39,13.37,13.37,23.59,0.104,0,0,0,0
"2026-06-21 19:30:00",505,31.13,13.41,13.39,23.25,0.122,0,0,0,0
"2026-06-21 19:45:00",506,30.91,13.39,13.39,13.49,0.093,0,0,0,0
"2026-06-21 20:00:00",507,30.66,13.38,13.39,13.42,0.192,0,0,0,0
"2026-06-21 20:15:00",508,30.41,13.4,13.43,13.45,0.118,0,0,0,0
"2026-06-21 20:30:00",509,30.14,13.29,13.33,13.35,0.12,0,0,0,0
"2026-06-21 20:45:00",510,29.84,13.17,13.21,13.23,0.133,0,0,0,0
"2026-06-21 21:00:00",511,29.55,13.07,13.11,13.13,0.125,0,0,0,0
"2026-06-21 21:15:00",512,29.25,12.99,13.02,13.04,0.125,0,0,0,0
"2026-06-21 21:30:00",513,28.97,12.88,12.91,12.92,0.158,0,0,0,0
"2026-06-21 21:45:00",514,28.69,12.87,12.91,10.04,0.115,0,0,0,0
"2026-06-21 22:00:00",515,28.44,12.83,12.86,1.385,0.166,0,0,0,0
"2026-06-21 22:15:00",516,28.19,12.85,12.89,0.154,0.12,0,0,0,0
"2026-06-21 22:30:00",517,27.99,12.85,12.88,0.017,0.131,0,0,0,0
"2026-06-21 22:45:00",518,27.79,12.84,12.88,0.013,0.132,0,0,0,0
"2026-06-21 23:00:00",519,27.61,12.84,12.88,-0.001,0.119,0,0,0,0
"2026-06-21 23:15:00",520,27.46,12.81,12.84,-0.057,0.171,0,0,0,0
"2026-06-21 23:30:00",521,27.33,12.8,12.83,-0.05,0.135,0,0,0,0
"2026-06-21 23:45:00",522,27.21,12.83,12.86,-0.016,0.169,0,0,0,0
"2026-06-22 00:00:00",523,27.09,12.84,12.88,0.022,0.12,0,0,0,0
"2026-06-22 00:15:00",524,27.03,12.81,12.84,-0.069,0.144,0,0,0,0
"2026-06-22 00:30:00",525,26.94,12.84,12.88,0.022,0.097,0,0,0,0
"2026-06-22 00:45:00",526,26.83,12.83,12.88,0.029,0.093,0,0,0,0
"2026-06-22 01:00:00",527,26.73,12.83,12.88,0.031,0.092,0,0,0,0
"2026-06-22 01:15:00",528,26.63,12.82,12.85,-0.017,0.136,0,0,0,0
"2026-06-22 01:30:00",529,26.55,12.81,12.83,-0.057,0.134,0,0,0,0
"2026-06-22 01:45:00",530,26.48,12.8,12.83,-0.052,0.15,0,0,0,0
"2026-06-22 02:00:00",531,26.4,12.82,12.87,0.026,0.09,0,0,0,0
"2026-06-22 02:15:00",532,26.33,12.79,12.83,-0.034,0.134,0,0,0,0
"2026-06-22 02:30:00",533,26.27,12.81,12.84,0.002,0.12,0,0,0,0
"2026-06-22 02:45:00",534,26.21,12.79,12.82,-0.033,0.148,0,0,0,0
"2026-06-22 03:00:00",535,26.16,12.81,12.86,0.017,0.091,0,0,0,0
"2026-06-22 03:15:00",536,26.13,12.81,12.85,0.006,0.11,0,0,0,0
"2026-06-22 03:30:00",537,26.11,12.81,12.85,0.015,0.099,0,0,0,0
"2026-06-22 03:45:00",538,26.09,12.81,12.85,0.025,0.093,0,0,0,0
"2026-06-22 04:00:00",539,26.06,12.81,12.85,0.017,0.09,0,0,0,0
"2026-06-22 04:15:00",540,26.03,12.81,12.85,0.021,0.098,0,0,0,0
"2026-06-22 04:30:00",541,26,12.77,12.82,-0.031,0.152,0,0,0,0
"2026-06-22 04:45:00",542,25.97,12.77,12.79,-0.031,0.192,0,0,0,0
"2026-06-22 05:00:00",543,25.92,12.8,12.84,0.016,0.091,0,0,0,0
"2026-06-22 05:15:00",544,25.87,12.8,12.84,0.037,0.093,0,0,0,0
"2026-06-22 05:30:00",545,25.82,12.8,12.84,0.176,0.093,0,0,0,0
"2026-06-22 05:45:00",546,25.75,12.78,12.8,1.495,0.135,0,0,0,0
"2026-06-22 06:00:00",547,25.67,12.76,12.8,10.39,0.132,0,0,0,0
"2026-06-22 06:15:00",548,25.61,12.76,12.8,13.99,0.138,0,0,0,0
"2026-06-22 06:30:00",549,25.55,12.8,12.85,12.87,0.09,0,0,0,0
"2026-06-22 06:45:00",550,25.51,12.84,12.88,12.92,0.101,0,0,0,0
"2026-06-22 07:00:00",551,25.48,12.94,12.99,13.02,0.091,0,0,0,0
"2026-06-22 07:15:00",552,25.48,13.14,13.15,13.19,0.141,0,0,0,0
"2026-06-22 07:30:00",553,25.55,13.42,13.46,13.51,0.093,0,0,0,0
"2026-06-22 07:45:00",554,25.66,13.6,13.62,13.62,0.12,0,0,0,0
"2026-06-22 08:00:00",555,25.88,13.81,13.84,13.9,0.099,0,0,0,0
"2026-06-22 08:15:00",556,26.21,13.94,13.97,14,0.125,0,0,0,0
"2026-06-22 08:30:00",557,26.64,13.96,14.01,23.8,0.102,0,0,0,0
"2026-06-22 08:45:00",558,27.06,13.95,13.92,14.08,0.077,0,0,0,0
"2026-06-22 09:00:00",559,27.35,13.99,13.92,24.03,0.097,0,0,0,0
"2026-06-22 09:15:00",560,27.66,13.85,13.97,14.05,0.091,0,0,0,0
"2026-06-22 09:30:00",561,28.01,13.96,13.91,23.82,0.095,0,0,0,0
"2026-06-22 09:45:00",562,28.33,13.86,13.9,14.07,0.097,0,0,0,0
"2026-06-22 10:00:00",563,28.66,13.9,13.98,23.52,0.163,0,0,0,0
"2026-06-22 10:15:00",564,29.15,13.83,13.87,14.03,0.089,0,0,0,0
"2026-06-22 10:30:00",565,29.73,13.76,13.79,13.92,0.133,0,0,0,0
"2026-06-22 10:45:00",566,30.27,13.79,13.83,14,0.094,0,0,0,0
"2026-06-22 11:00:00",567,30.59,13.36,13.4,13.54,0.137,0,0,0,0
"2026-06-22 11:15:00",568,30.67,13.4,13.54,23.96,0.096,0,0,0,0
"2026-06-22 11:30:00",569,30.62,13.4,13.44,13.61,0.107,0,0,0,0
"2026-06-22 11:45:00",570,30.57,13.47,13.44,23.96,0.092,0,0,0,0
"2026-06-22 12:00:00",571,30.52,13.44,13.41,23.9,0.19,0,0,0,0
"2026-06-22 12:15:00",572,30.5,13.4,13.43,13.6,0.101,0,0,0,0
"2026-06-22 12:30:00",573,30.51,13.4,13.44,13.58,0.103,0,0,0,0
"2026-06-22 12:45:00",574,30.6,13.4,13.52,23.74,0.095,0,0,0,0
"2026-06-22 13:00:00",575,30.7,13.4,13.44,13.56,0.107,0,0,0,0
"2026-06-22 13:15:00",576,30.8,13.38,13.49,23.72,0.15,0,0,0,0
"2026-06-22 13:30:00",577,30.83,13.38,13.4,13.48,0.116,0,0,0,0
"2026-06-22 13:45:00",578,30.76,13.39,13.43,13.56,0.113,0,0,0,0
"2026-06-22 14:00:00",579,30.71,13.48,13.44,23.93,0.099,0,0,0,0
"2026-06-22 14:15:00",580,30.62,13.4,13.52,23.97,0.098,0,0,0,0
"2026-06-22 14:30:00",581,30.51,13.39,13.52,23.97,0.094,0,0,0,0
"2026-06-22 14:45:00",582,30.35,13.4,13.52,23.98,0.096,0,0,0,0
"2026-06-22 15:00:00",583,30.19,13.4,13.49,24,0.143,0,0,0,0
"2026-06-22 15:15:00",584,30.08,13.53,13.47,24.08,0.093,0,0,0,0
"2026-06-22 15:30:00",585,29.99,13.43,13.56,24.14,0.094,0,0,0,0
"2026-06-22 15:45:00",586,29.9,13.43,13.55,23.98,0.09,0,0,0,0
"2026-06-22 16:00:00",587,29.8,13.4,13.52,23.77,0.161,0,0,0,0
"2026-06-22 16:15:00",588,29.74,13.43,13.47,21.36,0.101,0,0,0,0
"2026-06-22 16:30:00",589,29.73,13.51,13.45,23.85,0.141,0,0,0,0
"2026-06-22 16:45:00",590,29.73,13.49,13.47,23.73,0.097,0,0,0,0
"2026-06-22 17:00:00",591,29.74,13.43,13.47,13.65,0.093,0,0,0,0
"2026-06-22 17:15:00",592,29.74,13.51,13.47,23.7,0.09,0,0,0,0
"2026-06-22 17:30:00",593,29.72,13.43,13.47,13.59,0.089,0,0,0,0
"2026-06-22 17:45:00",594,29.65,13.45,13.43,13.47,0.18,0,0,0,0
"2026-06-22 18:00:00",595,29.59,13.43,13.48,13.57,0.098,0,0,0,0
"2026-06-22 18:15:00",596,29.5,13.42,13.52,23.52,0.091,0,0,0,0
"2026-06-22 18:30:00",597,29.36,13.51,13.51,23.61,0.128,0,0,0,0
"2026-06-22 18:45:00",598,29.26,13.51,13.49,23.7,0.126,0,0,0,0
"2026-06-22 19:00:00",599,29.18,13.42,13.45,13.53,0.155,0,0,0,0
"2026-06-22 19:15:00",600,29.15,13.45,13.5,13.59,0.117,0,0,0,0
"2026-06-22 19:30:00",601,29.13,13.45,13.49,13.57,0.119,0,0,0,0
"2026-06-22 19:45:00",602,29.11,13.45,13.48,13.63,0.116,0,0,0,0
"2026-06-22 20:00:00",603,29.12,13.45,13.48,13.58,0.14,0,0,0,0
"2026-06-22 20:15:00",604,29.1,13.46,13.49,13.53,0.119,0,0,0,0
"2026-06-22 20:30:00",605,28.99,13.49,13.49,13.56,0.12,0,0,0,0
"2026-06-22 20:45:00",606,28.85,13.46,13.49,13.52,0.123,0,0,0,0
"2026-06-22 21:00:00",607,28.67,13.2,13.23,13.26,0.116,0,0,0,0
"2026-06-22 21:15:00",608,28.43,13.02,13.04,13.05,0.169,0,0,0,0
"2026-06-22 21:30:00",609,28.18,12.94,12.98,12.99,0.126,0,0,0,0
"2026-06-22 21:45:00",610,27.95,12.89,12.93,12.95,0.123,0,0,0,0
"2026-06-22 22:00:00",611,27.75,12.88,12.91,1.997,0.132,0,0,0,0
"2026-06-22 22:15:00",612,27.56,12.87,12.9,0.212,0.127,0,0,0,0
"2026-06-22 22:30:00",613,27.39,12.86,12.89,0.04,0.12,0,0,0,0
"2026-06-22 22:45:00",614,27.23,12.86,12.89,-0.004,0.127,0,0,0,0
"2026-06-22 23:00:00",615,27.09,12.85,12.88,0.01,0.12,0,0,0,0
"2026-06-22 23:15:00",616,26.96,12.85,12.88,0.001,0.121,0,0,0,0
"2026-06-22 23:30:00",617,26.86,12.84,12.88,0.003,0.123,0,0,0,0
"2026-06-22 23:45:00",618,26.77,12.84,12.88,0.01,0.117,0,0,0,0
"2026-06-23 00:00:00",619,26.71,12.84,12.88,-0.001,0.117,0,0,0,0
"2026-06-23 00:15:00",620,26.7,12.83,12.87,0.008,0.124,0,0,0,0
"2026-06-23 00:30:00",621,26.65,12.83,12.87,0.009,0.123,0,0,0,0
"2026-06-23 00:45:00",622,26.59,12.83,12.86,-0.003,0.132,0,0,0,0
"2026-06-23 01:00:00",623,26.52,12.81,12.82,-0.057,0.162,0,0,0,0
"2026-06-23 01:15:00",624,26.47,12.83,12.86,0.024,0.104,0,0,0,0
"2026-06-23 01:30:00",625,26.43,12.83,12.88,0.01,0.091,0,0,0,0
"2026-06-23 01:45:00",626,26.38,12.84,12.88,0.005,0.099,0,0,0,0
"2026-06-23 02:00:00",627,26.32,12.83,12.88,0.022,0.099,0,0,0,0
"2026-06-23 02:15:00",628,26.27,12.82,12.87,0.022,0.091,0,0,0,0
"2026-06-23 02:30:00",629,26.23,12.8,12.82,-0.039,0.143,0,0,0,0
"2026-06-23 02:45:00",630,26.19,12.83,12.87,0.018,0.102,0,0,0,0
"2026-06-23 03:00:00",631,26.14,12.82,12.86,0.022,0.101,0,0,0,0
"2026-06-23 03:15:00",632,26.08,12.81,12.85,0.002,0.106,0,0,0,0
"2026-06-23 03:30:00",633,26.03,12.78,12.82,-0.041,0.158,0,0,0,0
"2026-06-23 03:45:00",634,25.97,12.78,12.81,-0.055,0.157,0,0,0,0
"2026-06-23 04:00:00",635,25.91,12.75,12.78,-0.107,0.204,0,0,0,0
"2026-06-23 04:15:00",636,25.81,12.8,12.84,-0.019,0.139,0,0,0,0
"2026-06-23 04:30:00",637,25.71,12.78,12.8,-0.028,0.148,0,0,0,0
"2026-06-23 04:45:00",638,25.6,12.8,12.85,0.02,0.096,0,0,0,0
"2026-06-23 05:00:00",639,25.5,12.81,12.84,0.029,0.091,0,0,0,0
"2026-06-23 05:15:00",640,25.44,12.78,12.8,-0.01,0.142,0,0,0,0
"2026-06-23 05:30:00",641,25.38,12.77,12.81,0.228,0.144,0,0,0,0
"2026-06-23 05:45:00",642,25.32,12.8,12.84,2.238,0.091,0,0,0,0
"2026-06-23 06:00:00",643,25.27,12.76,12.8,11.76,0.152,0,0,0,0
"2026-06-23 06:15:00",644,25.22,12.78,12.82,12.83,0.125,0,0,0,0
"2026-06-23 06:30:00",645,25.17,12.84,12.88,12.9,0.093,0,0,0,0
"2026-06-23 06:45:00",646,25.14,13.01,13.03,13.06,0.139,0,0,0,0
"2026-06-23 07:00:00",647,25.16,13.39,13.43,13.47,0.095,0,0,0,0
"2026-06-23 07:15:00",648,25.22,13.65,13.66,13.69,0.14,0,0,0,0
"2026-06-23 07:30:00",649,25.34,13.91,13.93,13.97,0.116,0,0,0,0
"2026-06-23 07:45:00",650,25.51,13.94,14.04,14.09,0.102,0,0,0,0
"2026-06-23 08:00:00",651,25.75,14.02,14.06,24.05,0.087,0,0,0,0
"2026-06-23 08:15:00",652,26.02,13.96,14.05,24.12,0.149,0,0,0,0
"2026-06-23 08:30:00",653,26.31,13.99,13.99,24.01,0.15,0,0,0,0
"2026-06-23 08:45:00",654,26.67,13.9,14.03,24.07,0.145,0,0,0,0
"2026-06-23 09:00:00",655,27.05,13.87,13.99,24.05,0.108,0,0,0,0
"2026-06-23 09:15:00",656,27.39,13.86,13.99,23.94,0.126,0,0,0,0
"2026-06-23 09:30:00",657,27.74,14.01,13.93,23.98,0.087,0,0,0,0
"2026-06-23 09:45:00",658,28.03,13.99,13.9,24.05,0.089,0,0,0,0
"2026-06-23 10:00:00",659,28.23,13.86,14.02,24.1,0.087,0,0,0,0
"2026-06-23 10:15:00",660,28.38,13.99,13.9,24.2,0.092,0,0,0,0
"2026-06-23 10:30:00",661,28.48,13.46,13.51,23.94,0.101,0,0,0,0
"2026-06-23 10:45:00",662,28.63,13.46,13.5,14.11,0.092,0,0,0,0
"2026-06-23 11:00:00",663,28.8,13.46,13.5,13.68,0.088,0,0,0,0
"2026-06-23 11:15:00",664,28.97,13.46,13.5,23.66,0.089,0,0,0,0
"2026-06-23 11:30:00",665,29.13,13.56,13.49,23.8,0.088,0,0,0,0
"2026-06-23 11:45:00",666,29.27,13.46,13.59,23.73,0.098,0,0,0,0
"2026-06-23 12:00:00",667,29.4,13.55,13.51,23.59,0.107,0,0,0,0
"2026-06-23 12:15:00",668,29.53,13.51,13.47,23.61,0.094,0,0,0,0
"2026-06-23 12:30:00",669,29.68,13.49,13.47,23.64,0.085,0,0,0,0
"2026-06-23 12:45:00",670,29.8,13.5,13.47,23.58,0.091,0,0,0,0
"2026-06-23 13:00:00",671,29.86,13.49,13.47,23.42,0.089,0,0,0,0
"2026-06-23 13:15:00",672,29.96,13.43,13.47,13.57,0.09,0,0,0,0
"2026-06-23 13:30:00",673,30.09,13.42,13.47,13.55,0.095,0,0,0,0
"2026-06-23 13:45:00",674,30.22,13.48,13.45,23.38,0.103,0,0,0,0
"2026-06-23 14:00:00",675,30.34,13.4,13.5,23.67,0.093,0,0,0,0
"2026-06-23 14:15:00",676,30.44,13.4,13.44,13.56,0.091,0,0,0,0
"2026-06-23 14:30:00",677,30.5,13.4,13.48,23.66,0.09,0,0,0,0
"2026-06-23 14:45:00",678,30.46,13.45,13.44,23.6,0.096,0,0,0,0
"2026-06-23 15:00:00",679,30.46,13.47,13.44,23.65,0.09,0,0,0,0
"2026-06-23 15:15:00",680,30.48,13.39,13.49,23.52,0.093,0,0,0,0
"2026-06-23 15:30:00",681,30.53,13.39,13.48,23.46,0.098,0,0,0,0
"2026-06-23 15:45:00",682,30.61,13.39,13.44,13.57,0.09,0,0,0,0
"2026-06-23 16:00:00",683,30.68,13.44,13.43,23.37,0.104,0,0,0,0
"2026-06-23 16:15:00",684,30.8,13.4,13.44,23.19,0.096,0,0,0,0
"2026-06-23 16:30:00",685,30.99,13.4,13.44,13.61,0.097,0,0,0,0
"2026-06-23 16:45:00",686,31.18,13.41,13.44,23.3,0.094,0,0,0,0
"2026-06-23 17:00:00",687,31.35,13.4,13.44,13.59,0.091,0,0,0,0
"2026-06-23 17:15:00",688,31.41,13.42,13.44,23.49,0.091,0,0,0,0
"2026-06-23 17:30:00",689,31.37,13.49,13.43,23.49,0.089,0,0,0,0
"2026-06-23 17:45:00",690,31.36,13.37,13.43,13.59,0.099,0,0,0,0
"2026-06-23 18:00:00",691,31.24,13.4,13.43,18.73,0.09,0,0,0,0
"2026-06-23 18:15:00",692,31.2,13.4,13.44,13.63,0.089,0,0,0,0
"2026-06-23 18:30:00",693,31.3,13.39,13.49,23.41,0.122,0,0,0,0
"2026-06-23 18:45:00",694,31.38,13.5,13.42,23.56,0.121,0,0,0,0
"2026-06-23 19:00:00",695,31.43,13.4,13.4,23.54,0.153,0,0,0,0
"2026-06-23 19:15:00",696,31.45,13.34,13.38,13.52,0.143,0,0,0,0
"2026-06-23 19:30:00",697,31.48,13.37,13.41,23.52,0.091,0,0,0,0
"2026-06-23 19:45:00",698,31.47,13.37,13.41,23.56,0.101,0,0,0,0
"2026-06-23 20:00:00",699,31.44,13.39,13.43,23.6,0.103,0,0,0,0
"2026-06-23 20:15:00",700,31.37,13.39,13.42,23.43,0.124,0,0,0,0
"2026-06-23 20:30:00",701,31.28,13.35,13.36,13.47,0.174,0,0,0,0
"2026-06-23 20:45:00",702,31.06,13.43,13.42,13.48,0.122,0,0,0,0
"2026-06-23 21:00:00",703,30.72,13.26,13.3,13.32,0.119,0,0,0,0
"2026-06-23 21:15:00",704,30.36,13.05,13.09,13.11,0.13,0,0,0,0
"2026-06-23 21:30:00",705,29.99,12.94,12.98,12.99,0.123,0,0,0,0
"2026-06-23 21:45:00",706,29.58,12.86,12.88,12.83,0.181,0,0,0,0
"2026-06-23 22:00:00",707,29.18,12.85,12.86,2.665,0.175,0,0,0,0
"2026-06-23 22:15:00",708,28.82,12.84,12.87,0.222,0.174,0,0,0,0
"2026-06-23 22:30:00",709,28.51,12.86,12.89,0.044,0.118,0,0,0,0
"2026-06-23 22:45:00",710,28.22,12.86,12.89,0.012,0.125,0,0,0,0
"2026-06-23 23:00:00",711,27.94,12.85,12.87,0.017,0.118,0,0,0,0
"2026-06-23 23:15:00",712,27.71,12.85,12.88,-0.011,0.127,0,0,0,0
"2026-06-23 23:30:00",713,27.52,12.84,12.88,0.013,0.124,0,0,0,0
"2026-06-23 23:45:00",714,27.36,12.84,12.88,-0.007,0.121,0,0,0,0
"2026-06-24 00:00:00",715,27.21,12.83,12.88,0.016,0.126,0,0,0,0
"2026-06-24 00:15:00",716,27.12,12.79,12.82,-0.079,0.202,0,0,0,0
"2026-06-24 00:30:00",717,27.02,12.83,12.87,0.01,0.118,0,0,0,0
"2026-06-24 00:45:00",718,26.9,12.83,12.87,0.015,0.12,0,0,0,0
"2026-06-24 01:00:00",719,26.79,12.83,12.87,0.009,0.126,0,0,0,0
"2026-06-24 01:15:00",720,26.69,12.83,12.86,0.008,0.13,0,0,0,0
"2026-06-24 01:30:00",721,26.64,12.82,12.85,0.003,0.126,0,0,0,0
"2026-06-24 01:45:00",722,26.58,12.82,12.86,-0.003,0.121,0,0,0,0
"2026-06-24 02:00:00",723,26.53,12.82,12.85,0.002,0.124,0,0,0,0
"2026-06-24 02:15:00",724,26.48,12.82,12.85,-0.003,0.119,0,0,0,0
"2026-06-24 02:30:00",725,26.46,12.82,12.85,-0.017,0.128,0,0,0,0
"2026-06-24 02:45:00",726,26.41,12.8,12.81,-0.061,0.161,0,0,0,0
"2026-06-24 03:00:00",727,26.35,12.82,12.86,0.018,0.096,0,0,0,0
"2026-06-24 03:15:00",728,26.29,12.82,12.86,0.017,0.1,0,0,0,0
"2026-06-24 03:30:00",729,26.25,12.82,12.86,0.021,0.098,0,0,0,0
"2026-06-24 03:45:00",730,26.19,12.82,12.86,0.022,0.113,0,0,0,0
"2026-06-24 04:00:00",731,26.13,12.81,12.86,0.021,0.107,0,0,0,0
"2026-06-24 04:15:00",732,26.07,12.81,12.86,0.025,0.095,0,0,0,0
"2026-06-24 04:30:00",733,26.05,12.81,12.84,0.027,0.095,0,0,0,0
"2026-06-24 04:45:00",734,26,12.81,12.85,0.019,0.093,0,0,0,0
"2026-06-24 05:00:00",735,25.94,12.81,12.85,0.015,0.097,0,0,0,0
"2026-06-24 05:15:00",736,25.87,12.8,12.84,0.059,0.091,0,0,0,0
"2026-06-24 05:30:00",737,25.83,12.78,12.83,0.231,0.105,0,0,0,0
"2026-06-24 05:45:00",738,25.78,12.79,12.8,1.843,0.158,0,0,0,0
"2026-06-24 06:00:00",739,25.73,12.8,12.84,11.62,0.093,0,0,0,0
"2026-06-24 06:15:00",740,25.68,12.8,12.84,12.87,0.108,0,0,0,0
"2026-06-24 06:30:00",741,25.65,12.8,12.83,12.83,0.138,0,0,0,0
"2026-06-24 06:45:00",742,25.63,12.91,12.94,12.98,0.092,0,0,0,0
"2026-06-24 07:00:00",743,25.62,13.15,13.17,13.12,0.129,0,0,0,0
"2026-06-24 07:15:00",744,25.64,13.54,13.57,13.58,0.146,0,0,0,0
"2026-06-24 07:30:00",745,25.74,13.82,13.85,13.92,0.087,0,0,0,0
"2026-06-24 07:45:00",746,25.9,13.91,14.01,14.09,0.08,0,0,0,0
"2026-06-24 08:00:00",747,26.19,13.97,14,23.91,0.14,0,0,0,0
"2026-06-24 08:15:00",748,26.65,13.87,14.01,14.09,0.09,0,0,0,0
"2026-06-24 08:30:00",749,27.23,13.85,14,14.07,0.088,0,0,0,0
"2026-06-24 08:45:00",750,27.87,13.83,13.88,14.01,0.13,0,0,0,0
"2026-06-24 09:00:00",751,28.5,13.95,13.86,23.53,0.098,0,0,0,0
"2026-06-24 09:15:00",752,28.99,13.79,13.83,17.87,0.094,0,0,0,0
"2026-06-24 09:30:00",753,29.46,13.83,13.83,20.17,0.083,0,0,0,0
"2026-06-24 09:45:00",754,29.86,13.79,13.94,23.66,0.1,0,0,0,0
"2026-06-24 10:00:00",755,30.16,13.76,13.76,13.92,0.13,0,0,0,0
"2026-06-24 10:15:00",756,30.41,13.89,13.8,23.54,0.107,0,0,0,0
"2026-06-24 10:30:00",757,30.58,13.38,13.42,23.48,0.09,0,0,0,0
"2026-06-24 10:45:00",758,30.75,13.36,13.49,23.47,0.106,0,0,0,0
"2026-06-24 11:00:00",759,30.87,13.35,13.37,23.42,0.147,0,0,0,0
"2026-06-24 11:15:00",760,30.97,13.4,13.41,23.44,0.146,0,0,0,0
"2026-06-24 11:30:00",761,31.09,13.37,13.4,13.55,0.102,0,0,0,0
"2026-06-24 11:45:00",762,31.18,13.36,13.48,23.34,0.106,0,0,0,0
"2026-06-24 12:00:00",763,31.29,13.34,13.37,13.52,0.095,0,0,0,0
"2026-06-24 12:15:00",764,31.36,13.34,13.38,23.32,0.089,0,0,0,0
"2026-06-24 12:30:00",765,31.41,13.34,13.38,13.5,0.097,0,0,0,0
"2026-06-24 12:45:00",766,31.44,13.32,13.34,23.17,0.137,0,0,0,0
"2026-06-24 13:00:00",767,31.4,13.42,13.4,23.55,0.088,0,0,0,0
"2026-06-24 13:15:00",768,31.35,13.44,13.37,23.56,0.139,0,0,0,0
"2026-06-24 13:30:00",769,31.36,13.37,13.48,23.57,0.091,0,0,0,0
"2026-06-24 13:45:00",770,31.34,13.34,13.43,23.47,0.142,0,0,0,0
"2026-06-24 14:00:00",771,31.29,13.36,13.41,23.56,0.093,0,0,0,0
"2026-06-24 14:15:00",772,31.26,13.37,13.41,16.09,0.096,0,0,0,0
"2026-06-24 14:30:00",773,31.28,13.37,13.4,13.53,0.09,0,0,0,0
"2026-06-24 14:45:00",774,31.3,13.33,13.39,23.47,0.108,0,0,0,0
"2026-06-24 15:00:00",775,31.29,13.35,13.46,23.43,0.125,0,0,0,0
"2026-06-24 15:15:00",776,31.27,13.37,13.41,23.57,0.089,0,0,0,0
"2026-06-24 15:30:00",777,31.3,13.48,13.43,23.47,0.098,0,0,0,0
"2026-06-24 15:45:00",778,31.3,13.39,13.51,23.53,0.099,0,0,0,0
"2026-06-24 16:00:00",779,31.37,13.4,13.43,13.6,0.1,0,0,0,0
"2026-06-24 16:15:00",780,31.38,13.4,13.44,23.62,0.105,0,0,0,0
"2026-06-24 16:30:00",781,31.4,13.39,13.44,23.06,0.108,0,0,0,0
"2026-06-24 16:45:00",782,31.39,13.37,13.39,23.61,0.165,0,0,0,0
"2026-06-24 17:00:00",783,31.32,13.39,13.42,18.11,0.118,0,0,0,0
"2026-06-24 17:15:00",784,31.24,13.4,13.43,23.67,0.098,0,0,0,0
"2026-06-24 17:30:00",785,31.17,13.4,13.55,23.65,0.102,0,0,0,0
"2026-06-24 17:45:00",786,31.15,13.51,13.44,23.7,0.094,0,0,0,0
"2026-06-24 18:00:00",787,31.15,13.4,13.44,23.68,0.096,0,0,0,0
"2026-06-24 18:15:00",788,31.16,13.39,13.55,23.72,0.096,0,0,0,0
"2026-06-24 18:30:00",789,31.16,13.53,13.44,23.71,0.09,0,0,0,0
"2026-06-24 18:45:00",790,31.1,13.51,13.39,23.64,0.136,0,0,0,0
"2026-06-24 19:00:00",791,31.03,13.39,13.44,22.78,0.097,0,0,0,0
"2026-06-24 19:15:00",792,30.98,13.4,13.44,13.64,0.095,0,0,0,0
"2026-06-24 19:30:00",793,30.93,13.39,13.4,23.66,0.158,0,0,0,0
"2026-06-24 19:45:00",794,30.9,13.39,13.43,23.69,0.096,0,0,0,0
"2026-06-24 20:00:00",795,30.93,13.4,13.44,23.46,0.101,0,0,0,0
"2026-06-24 20:15:00",796,30.97,13.4,13.44,13.63,0.108,0,0,0,0
"2026-06-24 20:30:00",797,31,13.39,13.43,23.46,0.103,0,0,0,0
"2026-06-24 20:45:00",798,30.97,13.4,13.44,23.36,0.101,0,0,0,0
"2026-06-24 21:00:00",799,30.95,13.43,13.43,22.86,0.099,0,0,0,0
"2026-06-24 21:15:00",800,30.82,13.16,13.18,13.18,0.175,0,0,0,0
"2026-06-24 21:30:00",801,30.58,12.98,12.99,12.99,0.213,0,0,0,0
"2026-06-24 21:45:00",802,30.21,12.92,12.95,12.96,0.127,0,0,0,0
"2026-06-24 22:00:00",803,29.8,12.88,12.92,2.643,0.135,0,0,0,0
"2026-06-24 22:15:00",804,29.39,12.87,12.9,0.267,0.145,0,0,0,0
"2026-06-24 22:30:00",805,29.01,12.86,12.9,0.026,0.12,0,0,0,0
"2026-06-24 22:45:00",806,28.68,12.82,12.85,-0.059,0.231,0,0,0,0
"2026-06-24 23:00:00",807,28.4,12.85,12.85,-0.011,0.151,0,0,0,0
"2026-06-24 23:15:00",808,28.16,12.84,12.86,-0.02,0.142,0,0,0,0
"2026-06-24 23:30:00",809,27.98,12.84,12.86,-0.028,0.17,0,0,0,0
"2026-06-24 23:45:00",810,27.79,12.84,12.88,-0.009,0.13,0,0,0,0
"2026-06-25 00:00:00",811,27.63,12.84,12.86,-0.003,0.124,0,0,0,0
"2026-06-25 00:15:00",812,27.54,12.83,12.87,0.002,0.121,0,0,0,0
"2026-06-25 00:30:00",813,27.43,12.83,12.86,-0.007,0.119,0,0,0,0
"2026-06-25 00:45:00",814,27.31,12.82,12.86,0,0.119,0,0,0,0
"2026-06-25 01:00:00",815,27.2,12.83,12.82,-0.066,0.158,0,0,0,0
"2026-06-25 01:15:00",816,27.1,12.83,12.86,0,0.117,0,0,0,0
"2026-06-25 01:30:00",817,27.05,12.82,12.86,0.002,0.13,0,0,0,0
"2026-06-25 01:45:00",818,26.98,12.78,12.82,-0.067,0.178,0,0,0,0
"2026-06-25 02:00:00",819,26.91,12.82,12.86,-0.006,0.118,0,0,0,0
"2026-06-25 02:15:00",820,26.84,12.82,12.84,-0.002,0.122,0,0,0,0
"2026-06-25 02:30:00",821,26.79,12.82,12.85,-0.015,0.119,0,0,0,0
"2026-06-25 02:45:00",822,26.72,12.78,12.83,-0.101,0.186,0,0,0,0
"2026-06-25 03:00:00",823,26.65,12.78,12.77,-0.121,0.203,0,0,0,0
"2026-06-25 03:15:00",824,26.58,12.77,12.8,-0.104,0.205,0,0,0,0
"2026-06-25 03:30:00",825,26.52,12.77,12.83,-0.077,0.137,0,0,0,0
"2026-06-25 03:45:00",826,26.44,12.8,12.84,-0.012,0.12,0,0,0,0
"2026-06-25 04:00:00",827,26.36,12.78,12.79,-0.088,0.161,0,0,0,0
"2026-06-25 04:15:00",828,26.26,12.78,12.82,-0.066,0.147,0,0,0,0
"2026-06-25 04:30:00",829,26.19,12.8,12.84,-0.017,0.116,0,0,0,0
"2026-06-25 04:45:00",830,26.09,12.8,12.84,0.015,0.122,0,0,0,0
"2026-06-25 05:00:00",831,25.99,12.77,12.79,-0.031,0.154,0,0,0,0
"2026-06-25 05:15:00",832,25.91,12.77,12.79,0.006,0.153,0,0,0,0
"2026-06-25 05:30:00",833,25.85,12.77,12.78,0.232,0.142,0,0,0,0
"2026-06-25 05:45:00",834,25.78,12.79,12.84,2.664,0.101,0,0,0,0
"2026-06-25 06:00:00",835,25.71,12.79,12.83,12.59,0.102,0,0,0,0
"2026-06-25 06:15:00",836,25.65,12.79,12.83,12.86,0.096,0,0,0,0
"2026-06-25 06:30:00",837,25.6,12.82,12.86,12.88,0.098,0,0,0,0
"2026-06-25 06:45:00",838,25.56,12.94,12.96,12.98,0.142,0,0,0,0
"2026-06-25 07:00:00",839,25.56,13.5,13.53,13.59,0.094,0,0,0,0
"2026-06-25 07:15:00",840,25.67,13.83,13.84,13.89,0.137,0,0,0,0
"2026-06-25 07:30:00",841,25.91,13.99,14.01,24.28,0.087,0,0,0,0
"2026-06-25 07:45:00",842,26.23,14.02,14.04,24.16,0.087,0,0,0,0
"2026-06-25 08:00:00",843,26.65,13.87,13.91,14.1,0.09,0,0,0,0
"2026-06-25 08:15:00",844,27.12,13.85,13.89,14.08,0.088,0,0,0,0
"2026-06-25 08:30:00",845,27.64,13.98,13.89,23.71,0.09,0,0,0,0
"2026-06-25 08:45:00",846,28.25,13.82,13.97,23.65,0.09,0,0,0,0
"2026-06-25 09:00:00",847,28.71,13.82,13.98,23.6,0.091,0,0,0,0
"2026-06-25 09:15:00",848,29.15,13.79,13.83,14.03,0.091,0,0,0,0
"2026-06-25 09:30:00",849,29.65,13.91,13.82,23.5,0.096,0,0,0,0
"2026-06-25 09:45:00",850,30.11,13.76,13.92,23.48,0.089,0,0,0,0
"2026-06-25 10:00:00",851,30.56,13.76,13.81,13.98,0.089,0,0,0,0
"2026-06-25 10:15:00",852,30.94,13.44,13.47,23.5,0.092,0,0,0,0
"2026-06-25 10:30:00",853,31.24,13.35,13.38,23.45,0.091,0,0,0,0
"2026-06-25 10:45:00",854,31.44,13.33,13.46,23.38,0.105,0,0,0,0
"2026-06-25 11:00:00",855,31.5,13.34,13.37,23.19,0.093,0,0,0,0
"2026-06-25 11:15:00",856,31.62,13.34,13.38,13.53,0.091,0,0,0,0
"2026-06-25 11:30:00",857,31.73,13.4,13.33,23.38,0.146,0,0,0,0
"2026-06-25 11:45:00",858,31.83,13.34,13.38,13.5,0.095,0,0,0,0
"2026-06-25 12:00:00",859,31.9,13.34,13.37,13.5,0.092,0,0,0,0
"2026-06-25 12:15:00",860,31.97,13.37,13.38,23.51,0.147,0,0,0,0
"2026-06-25 12:30:00",861,32.02,13.39,13.38,23.54,0.089,0,0,0,0
"2026-06-25 12:45:00",862,31.96,13.34,13.38,23.51,0.108,0,0,0,0
"2026-06-25 13:00:00",863,31.82,13.34,13.4,23.56,0.094,0,0,0,0
"2026-06-25 13:15:00",864,31.61,13.34,13.45,23.62,0.092,0,0,0,0
"2026-06-25 13:30:00",865,31.5,13.4,13.37,23.6,0.095,0,0,0,0
"2026-06-25 13:45:00",866,31.44,13.37,13.4,23.63,0.099,0,0,0,0
"2026-06-25 14:00:00",867,31.34,13.43,13.41,23.66,0.09,0,0,0,0
"2026-06-25 14:15:00",868,31.22,13.37,13.44,23.7,0.091,0,0,0,0
"2026-06-25 14:30:00",869,31.15,13.37,13.48,23.71,0.103,0,0,0,0
"2026-06-25 14:45:00",870,30.99,13.37,13.4,23.64,0.106,0,0,0,0
"2026-06-25 15:00:00",871,30.81,13.39,13.45,23.77,0.114,0,0,0,0
"2026-06-25 15:15:00",872,30.69,13.4,13.44,23.33,0.103,0,0,0,0
"2026-06-25 15:30:00",873,30.62,13.39,13.43,19.71,0.101,0,0,0,0
"2026-06-25 15:45:00",874,30.58,13.4,13.43,13.57,0.099,0,0,0,0
"2026-06-25 16:00:00",875,30.58,13.49,13.44,23.57,0.106,0,0,0,0
"2026-06-25 16:15:00",876,30.58,13.4,13.53,23.75,0.107,0,0,0,0
"2026-06-25 16:30:00",877,30.57,13.4,13.52,23.66,0.103,0,0,0,0
"2026-06-25 16:45:00",878,30.51,13.39,13.43,13.85,0.1,0,0,0,0
"2026-06-25 17:00:00",879,30.49,13.4,13.46,23.79,0.096,0,0,0,0
"2026-06-25 17:15:00",880,30.5,13.47,13.4,23.75,0.159,0,0,0,0
"2026-06-25 17:30:00",881,30.52,13.4,13.43,23.85,0.099,0,0,0,0
"2026-06-25 17:45:00",882,30.56,13.4,13.44,23.85,0.1,0,0,0,0
"2026-06-25 18:00:00",883,30.58,13.39,13.43,23.91,0.096,0,0,0,0
"2026-06-25 18:15:00",884,30.55,13.4,13.55,23.95,0.09,0,0,0,0
"2026-06-25 18:30:00",885,30.49,13.4,13.44,23.96,0.098,0,0,0,0
"2026-06-25 18:45:00",886,30.42,13.41,13.43,23.96,0.093,0,0,0,0
"2026-06-25 19:00:00",887,30.31,13.43,13.4,23.99,0.076,0,0,0,0
"2026-06-25 19:15:00",888,30.17,13.43,13.58,24.01,0.099,0,0,0,0
"2026-06-25 19:30:00",889,30.02,13.43,13.46,20.82,0.107,0,0,0,0
"2026-06-25 19:45:00",890,29.8,13.43,13.44,23.97,0.12,0,0,0,0
"2026-06-25 20:00:00",891,29.63,13.43,13.49,23.97,0.096,0,0,0,0
"2026-06-25 20:15:00",892,29.49,13.46,13.58,23.92,0.089,0,0,0,0
"2026-06-25 20:30:00",893,29.36,13.46,13.5,13.63,0.092,0,0,0,0
"2026-06-25 20:45:00",894,29.2,13.46,13.55,23.49,0.093,0,0,0,0
"2026-06-25 21:00:00",895,29.01,13.49,13.5,13.55,0.096,0,0,0,0
"2026-06-25 21:15:00",896,28.79,13.15,13.19,13.19,0.112,0,0,0,0
"2026-06-25 21:30:00",897,28.56,12.98,12.99,12.98,0.136,0,0,0,0
"2026-06-25 21:45:00",898,28.32,12.88,12.93,10.32,0.139,0,0,0,0
"2026-06-25 22:00:00",899,28.08,12.85,12.87,1.917,0.177,0,0,0,0
"2026-06-25 22:15:00",900,27.87,12.87,12.91,0.197,0.099,0,0,0,0
"2026-06-25 22:30:00",901,27.69,12.83,12.84,-0.044,0.181,0,0,0,0
"2026-06-25 22:45:00",902,27.53,12.83,12.83,-0.074,0.156,0,0,0,0
"2026-06-25 23:00:00",903,27.38,12.84,12.88,-0.023,0.125,0,0,0,0
"2026-06-25 23:15:00",904,27.26,12.85,12.88,0.007,0.121,0,0,0,0
"2026-06-25 23:30:00",905,27.17,12.81,12.83,-0.05,0.185,0,0,0,0
"2026-06-25 23:45:00",906,27.08,12.84,12.86,0.006,0.12,0,0,0,0
"2026-06-26 00:00:00",907,26.98,12.84,12.87,-0.008,0.119,0,0,0,0
"2026-06-26 00:15:00",908,26.95,12.83,12.87,0.002,0.127,0,0,0,0
"2026-06-26 00:30:00",909,26.91,12.8,12.83,-0.063,0.175,0,0,0,0
"2026-06-26 00:45:00",910,26.83,12.83,12.86,0.006,0.116,0,0,0,0
"2026-06-26 01:00:00",911,26.78,12.81,12.81,-0.008,0.173,0,0,0,0
"2026-06-26 01:15:00",912,26.72,12.83,12.86,-0.003,0.123,0,0,0,0
"2026-06-26 01:30:00",913,26.68,12.76,12.8,-0.1,0.179,0,0,0,0
"2026-06-26 01:45:00",914,26.61,12.79,12.81,-0.067,0.145,0,0,0,0
"2026-06-26 02:00:00",915,26.52,12.78,12.81,-0.078,0.225,0,0,0,0
"2026-06-26 02:15:00",916,26.43,12.82,12.85,-0.014,0.127,0,0,0,0
"2026-06-26 02:30:00",917,26.38,12.8,12.82,-0.034,0.138,0,0,0,0
"2026-06-26 02:45:00",918,26.31,12.79,12.81,-0.059,0.16,0,0,0,0
"2026-06-26 03:00:00",919,26.24,12.81,12.84,-0.025,0.119,0,0,0,0
"2026-06-26 03:15:00",920,26.16,12.77,12.79,-0.117,0.159,0,0,0,0
"2026-06-26 03:30:00",921,26.1,12.8,12.83,-0.016,0.12,0,0,0,0
"2026-06-26 03:45:00",922,26.01,12.8,12.83,-0.014,0.118,0,0,0,0
"2026-06-26 04:00:00",923,25.91,12.77,12.78,-0.085,0.187,0,0,0,0
"2026-06-26 04:15:00",924,25.82,12.8,12.83,-0.014,0.127,0,0,0,0
"2026-06-26 04:30:00",925,25.79,12.76,12.78,-0.094,0.168,0,0,0,0
"2026-06-26 04:45:00",926,25.78,12.8,12.84,-0.011,0.125,0,0,0,0
"2026-06-26 05:00:00",927,25.78,12.8,12.83,0.01,0.1,0,0,0,0
"2026-06-26 05:15:00",928,25.75,12.76,12.79,-0.01,0.143,0,0,0,0
"2026-06-26 05:30:00",929,25.73,12.78,12.83,0.217,0.093,0,0,0,0
"2026-06-26 05:45:00",930,25.67,12.75,12.79,2.182,0.167,0,0,0,0
"2026-06-26 06:00:00",931,25.61,12.75,12.78,12.41,0.155,0,0,0,0
"2026-06-26 06:15:00",932,25.54,12.76,12.78,12.8,0.161,0,0,0,0
"2026-06-26 06:30:00",933,25.49,12.83,12.87,12.9,0.099,0,0,0,0
"2026-06-26 06:45:00",934,25.43,12.96,13.01,13.04,0.092,0,0,0,0
"2026-06-26 07:00:00",935,25.41,13.36,13.36,13.39,0.152,0,0,0,0
"2026-06-26 07:15:00",936,25.49,13.7,13.73,13.79,0.091,0,0,0,0
"2026-06-26 07:30:00",937,25.71,13.93,13.95,13.99,0.108,0,0,0,0
"2026-06-26 07:45:00",938,26.05,14,13.92,14.13,0.085,0,0,0,0
"2026-06-26 08:00:00",939,26.49,13.85,13.99,14.04,0.122,0,0,0,0
"2026-06-26 08:15:00",940,27.01,13.93,14.02,23.79,0.164,0,0,0,0
"2026-06-26 08:30:00",941,27.55,13.95,13.85,23.6,0.139,0,0,0,0
"2026-06-26 08:45:00",942,28.13,13.98,13.89,23.54,0.09,0,0,0,0
"2026-06-26 09:00:00",943,28.71,13.82,13.97,23.45,0.088,0,0,0,0
"2026-06-26 09:15:00",944,29.25,13.79,13.83,14.01,0.09,0,0,0,0
"2026-06-26 09:30:00",945,29.62,13.86,13.78,23.54,0.134,0,0,0,0
"2026-06-26 09:45:00",946,29.77,13.76,13.8,23.5,0.167,0,0,0,0
"2026-06-26 10:00:00",947,29.84,13.91,13.83,23.59,0.09,0,0,0,0
"2026-06-26 10:15:00",948,29.87,13.79,13.92,23.66,0.125,0,0,0,0
"2026-06-26 10:30:00",949,29.81,13.36,13.53,23.68,0.104,0,0,0,0
"2026-06-26 10:45:00",950,29.73,13.39,13.53,23.77,0.091,0,0,0,0
"2026-06-26 11:00:00",951,29.68,13.4,13.43,23.74,0.089,0,0,0,0
"2026-06-26 11:15:00",952,29.64,13.39,13.45,23.74,0.09,0,0,0,0
"2026-06-26 11:30:00",953,29.6,13.39,13.43,23.71,0.094,0,0,0,0
"2026-06-26 11:45:00",954,29.5,13.4,13.43,13.57,0.096,0,0,0,0
"2026-06-26 12:00:00",955,29.41,13.4,13.44,23.69,0.096,0,0,0,0
"2026-06-26 12:15:00",956,29.38,13.46,13.43,23.68,0.089,0,0,0,0
"2026-06-26 12:30:00",957,29.34,13.38,13.4,23.78,0.165,0,0,0,0
"2026-06-26 12:45:00",958,29.25,13.5,13.47,23.78,0.092,0,0,0,0
"2026-06-26 13:00:00",959,29.24,13.43,13.47,23.76,0.1,0,0,0,0
"2026-06-26 13:15:00",960,29.26,13.43,13.54,23.79,0.098,0,0,0,0
"2026-06-26 13:30:00",961,29.33,13.43,13.46,13.59,0.094,0,0,0,0
"2026-06-26 13:45:00",962,29.39,13.44,13.47,23.84,0.107,0,0,0,0
"2026-06-26 14:00:00",963,29.44,13.42,13.5,23.78,0.153,0,0,0,0
"2026-06-26 14:15:00",964,29.41,13.43,13.54,23.78,0.099,0,0,0,0
"2026-06-26 14:30:00",965,29.39,13.4,13.42,13.49,0.124,0,0,0,0
"2026-06-26 14:45:00",966,29.37,13.49,13.47,23.71,0.091,0,0,0,0
"2026-06-26 15:00:00",967,29.37,13.43,13.41,23.69,0.177,0,0,0,0
"2026-06-26 15:15:00",968,29.41,13.44,13.46,23.63,0.095,0,0,0,0
"2026-06-26 15:30:00",969,29.45,13.43,13.47,13.6,0.09,0,0,0,0
"2026-06-26 15:45:00",970,29.51,13.43,13.54,23.58,0.089,0,0,0,0
"2026-06-26 16:00:00",971,29.59,13.52,13.46,23.68,0.092,0,0,0,0
"2026-06-26 16:15:00",972,29.63,13.43,13.46,23.66,0.092,0,0,0,0
"2026-06-26 16:30:00",973,29.68,13.43,13.45,13.63,0.089,0,0,0,0
"2026-06-26 16:45:00",974,29.66,13.42,13.46,13.62,0.092,0,0,0,0
"2026-06-26 17:00:00",975,29.63,13.48,13.46,23.78,0.162,0,0,0,0
"2026-06-26 17:15:00",976,29.63,13.43,13.49,23.82,0.091,0,0,0,0
"2026-06-26 17:30:00",977,29.63,13.42,13.46,23.82,0.101,0,0,0,0
"2026-06-26 17:45:00",978,29.63,13.43,13.46,23.85,0.091,0,0,0,0
"2026-06-26 18:00:00",979,29.65,13.43,13.47,13.64,0.099,0,0,0,0
"2026-06-26 18:15:00",980,29.71,13.4,13.42,22.84,0.134,0,0,0,0
"2026-06-26 18:30:00",981,29.79,13.43,13.46,13.65,0.089,0,0,0,0
"2026-06-26 18:45:00",982,29.85,13.4,13.42,23.73,0.148,0,0,0,0
"2026-06-26 19:00:00",983,29.88,13.43,13.47,23.81,0.092,0,0,0,0
"2026-06-26 19:15:00",984,29.93,13.43,13.46,20.93,0.104,0,0,0,0
"2026-06-26 19:30:00",985,29.99,13.4,13.42,13.61,0.145,0,0,0,0
"2026-06-26 19:45:00",986,30.02,13.43,13.47,13.64,0.089,0,0,0,0
"2026-06-26 20:00:00",987,30.03,13.42,13.57,23.74,0.089,0,0,0,0
"2026-06-26 20:15:00",988,29.97,13.41,13.45,23.7,0.12,0,0,0,0
"2026-06-26 20:30:00",989,29.86,13.47,13.47,23.64,0.089,0,0,0,0
"2026-06-26 20:45:00",990,29.75,13.48,13.46,23.44,0.092,0,0,0,0
"2026-06-26 21:00:00",991,29.6,13.49,13.49,13.56,0.09,0,0,0,0
"2026-06-26 21:15:00",992,29.38,13.25,13.29,13.32,0.091,0,0,0,0
"2026-06-26 21:30:00",993,29.14,13.07,13.11,13.12,0.101,0,0,0,0
"2026-06-26 21:45:00",994,28.88,12.95,12.99,13.02,0.09,0,0,0,0
"2026-06-26 22:00:00",995,28.63,12.91,12.94,3.246,0.097,0,0,0,0
"2026-06-26 22:15:00",996,28.4,12.89,12.93,0.366,0.107,0,0,0,0
"2026-06-26 22:30:00",997,28.18,12.88,12.91,0.093,0.1,0,0,0,0
"2026-06-26 22:45:00",998,27.97,12.87,12.91,0.048,0.099,0,0,0,0
"2026-06-26 23:00:00",999,27.76,12.86,12.89,0.035,0.102,0,0,0,0
"2026-06-26 23:15:00",1000,27.55,12.86,12.89,0.017,0.113,0,0,0,0
"2026-06-26 23:30:00",1001,27.38,12.85,12.88,0.004,0.117,0,0,0,0
"2026-06-26 23:45:00",1002,27.21,12.82,12.83,-0.065,0.178,0,0,0,0
"2026-06-27 00:00:00",1003,27.05,12.85,12.88,0.013,0.12,0,0,0,0
"2026-06-27 00:15:00",1004,26.95,12.83,12.87,0.015,0.118,0,0,0,0
"2026-06-27 00:30:00",1005,26.85,12.84,12.85,-0.009,0.151,0,0,0,0
"2026-06-27 00:45:00",1006,26.73,12.84,12.87,0.004,0.119,0,0,0,0
"2026-06-27 01:00:00",1007,26.62,12.83,12.87,0.012,0.122,0,0,0,0
"2026-06-27 01:15:00",1008,26.52,12.81,12.83,-0.076,0.162,0,0,0,0
"2026-06-27 01:30:00",1009,26.44,12.8,12.81,-0.063,0.181,0,0,0,0
"2026-06-27 01:45:00",1010,26.35,12.81,12.82,-0.057,0.141,0,0,0,0
"2026-06-27 02:00:00",1011,26.25,12.83,12.86,0.004,0.121,0,0,0,0
"2026-06-27 02:15:00",1012,26.16,12.82,12.86,0.004,0.12,0,0,0,0
"2026-06-27 02:30:00",1013,26.09,12.78,12.81,-0.054,0.169,0,0,0,0
"2026-06-27 02:45:00",1014,26.01,12.82,12.84,0.01,0.119,0,0,0,0
"2026-06-27 03:00:00",1015,25.93,12.81,12.85,-0.001,0.118,0,0,0,0
"2026-06-27 03:15:00",1016,25.84,12.79,12.79,-0.082,0.167,0,0,0,0
"2026-06-27 03:30:00",1017,25.77,12.81,12.84,-0.009,0.12,0,0,0,0
"2026-06-27 03:45:00",1018,25.69,12.8,12.84,-0.04,0.132,0,0,0,0
"2026-06-27 04:00:00",1019,25.61,12.78,12.81,-0.091,0.174,0,0,0,0
"2026-06-27 04:15:00",1020,25.55,12.77,12.8,-0.071,0.151,0,0,0,0
"2026-06-27 04:30:00",1021,25.52,12.77,12.8,-0.063,0.16,0,0,0,0
"2026-06-27 04:45:00",1022,25.48,12.78,12.82,-0.037,0.118,0,0,0,0
"2026-06-27 05:00:00",1023,25.43,12.79,12.82,-0.021,0.121,0,0,0,0
"2026-06-27 05:15:00",1024,25.39,12.78,12.81,0.006,0.121,0,0,0,0
"2026-06-27 05:30:00",1025,25.37,12.78,12.82,0.26,0.12,0,0,0,0
"2026-06-27 05:45:00",1026,25.34,12.78,12.81,2.181,0.122,0,0,0,0
"2026-06-27 06:00:00",1027,25.31,12.78,12.81,11.65,0.129,0,0,0,0
"2026-06-27 06:15:00",1028,25.29,12.79,12.83,12.85,0.102,0,0,0,0
"2026-06-27 06:30:00",1029,25.3,12.83,12.86,12.9,0.09,0,0,0,0
"2026-06-27 06:45:00",1030,25.31,12.97,13.02,13.01,0.091,0,0,0,0
"2026-06-27 07:00:00",1031,25.35,13.35,13.38,13.41,0.091,0,0,0,0
"2026-06-27 07:15:00",1032,25.45,13.69,13.72,13.77,0.087,0,0,0,0
"2026-06-27 07:30:00",1033,25.62,13.9,13.92,13.95,0.113,0,0,0,0
"2026-06-27 07:45:00",1034,25.86,13.96,13.89,14.01,0.125,0,0,0,0
"2026-06-27 08:00:00",1035,26.18,13.87,14,14.02,0.115,0,0,0,0
"2026-06-27 08:15:00",1036,26.59,13.88,13.91,14.09,0.087,0,0,0,0
"2026-06-27 08:30:00",1037,27.09,13.98,13.91,14.08,0.096,0,0,0,0
"2026-06-27 08:45:00",1038,27.67,13.89,13.99,23.68,0.131,0,0,0,0
"2026-06-27 09:00:00",1039,28.24,13.86,13.89,16.2,0.09,0,0,0,0
"2026-06-27 09:15:00",1040,28.82,13.82,13.96,23.57,0.088,0,0,0,0
"2026-06-27 09:30:00",1041,29.37,13.79,13.83,14,0.089,0,0,0,0
"2026-06-27 09:45:00",1042,29.86,13.79,13.82,15.35,0.088,0,0,0,0
"2026-06-27 10:00:00",1043,30.32,13.77,13.79,13.97,0.096,0,0,0,0
"2026-06-27 10:15:00",1044,30.78,13.76,13.89,23.39,0.089,0,0,0,0
"2026-06-27 10:30:00",1045,31.16,13.34,13.46,23.33,0.091,0,0,0,0
"2026-06-27 10:45:00",1046,31.42,13.44,13.37,23.3,0.088,0,0,0,0
"2026-06-27 11:00:00",1047,31.58,13.34,13.37,23.27,0.091,0,0,0,0
"2026-06-27 11:15:00",1048,31.68,13.34,13.37,13.52,0.098,0,0,0,0
"2026-06-27 11:30:00",1049,31.79,13.34,13.37,13.5,0.103,0,0,0,0
"2026-06-27 11:45:00",1050,31.92,13.34,13.37,13.58,0.101,0,0,0,0
"2026-06-27 12:00:00",1051,32,13.33,13.37,19.78,0.094,0,0,0,0
"2026-06-27 12:15:00",1052,32.07,13.34,13.38,23.32,0.095,0,0,0,0
"2026-06-27 12:30:00",1053,32.08,13.33,13.37,23.43,0.092,0,0,0,0
"2026-06-27 12:45:00",1054,31.93,13.34,13.37,13.5,0.096,0,0,0,0
"2026-06-27 13:00:00",1055,31.77,13.39,13.35,23.53,0.144,0,0,0,0
"2026-06-27 13:15:00",1056,31.53,13.33,13.37,13.5,0.102,0,0,0,0
"2026-06-27 13:30:00",1057,31.34,13.36,13.4,13.54,0.103,0,0,0,0
"2026-06-27 13:45:00",1058,31.23,13.43,13.4,23.68,0.085,0,0,0,0
"2026-06-27 14:00:00",1059,31.07,13.45,13.41,23.71,0.091,0,0,0,0
"2026-06-27 14:15:00",1060,30.9,13.34,13.39,13.53,0.103,0,0,0,0
"2026-06-27 14:30:00",1061,30.79,13.48,13.43,23.65,0.094,0,0,0,0
"2026-06-27 14:45:00",1062,30.68,13.4,13.43,13.55,0.098,0,0,0,0
"2026-06-27 15:00:00",1063,30.62,13.39,13.49,23.45,0.093,0,0,0,0
"2026-06-27 15:15:00",1064,30.63,13.4,13.43,13.54,0.097,0,0,0,0
"2026-06-27 15:30:00",1065,30.68,13.4,13.5,23.44,0.1,0,0,0,0
"2026-06-27 15:45:00",1066,30.73,13.39,13.43,23.46,0.089,0,0,0,0
"2026-06-27 16:00:00",1067,30.84,13.39,13.51,23.5,0.092,0,0,0,0
"2026-06-27 16:15:00",1068,31,13.4,13.43,13.57,0.092,0,0,0,0
"2026-06-27 16:30:00",1069,31.19,13.43,13.43,23.52,0.119,0,0,0,0
"2026-06-27 16:45:00",1070,31.29,13.4,13.43,22.57,0.099,0,0,0,0
"2026-06-27 17:00:00",1071,31.42,13.37,13.39,23.48,0.142,0,0,0,0
"2026-06-27 17:15:00",1072,31.62,13.35,13.46,23.46,0.144,0,0,0,0
"2026-06-27 17:30:00",1073,31.77,13.37,13.4,23.5,0.092,0,0,0,0
"2026-06-27 17:45:00",1074,31.89,13.47,13.4,23.49,0.091,0,0,0,0
"2026-06-27 18:00:00",1075,32.03,13.36,13.38,23.3,0.096,0,0,0,0
"2026-06-27 18:15:00",1076,32.19,13.36,13.5,23.33,0.119,0,0,0,0
"2026-06-27 18:30:00",1077,32.36,13.37,13.48,23.3,0.09,0,0,0,0
"2026-06-27 18:45:00",1078,32.57,13.32,13.44,23.12,0.155,0,0,0,0
"2026-06-27 19:00:00",1079,32.76,13.34,13.38,23.24,0.092,0,0,0,0
"2026-06-27 19:15:00",1080,32.9,13.34,13.36,23.3,0.092,0,0,0,0
"2026-06-27 19:30:00",1081,32.96,13.33,13.37,23.33,0.096,0,0,0,0
"2026-06-27 19:45:00",1082,32.98,13.31,13.32,23.19,0.143,0,0,0,0
"2026-06-27 20:00:00",1083,32.93,13.34,13.37,20.66,0.098,0,0,0,0
"2026-06-27 20:15:00",1084,32.81,13.33,13.37,23.03,0.095,0,0,0,0
"2026-06-27 20:30:00",1085,32.67,13.3,13.32,13.44,0.149,0,0,0,0
"2026-06-27 20:45:00",1086,32.49,13.35,13.4,23.04,0.158,0,0,0,0
"2026-06-27 21:00:00",1087,32.22,13.35,13.42,13.46,0.095,0,0,0,0
"2026-06-27 21:15:00",1088,31.86,13.23,13.25,13.29,0.096,0,0,0,0
"2026-06-27 21:30:00",1089,31.44,13.04,13.07,13.09,0.104,0,0,0,0
"2026-06-27 21:45:00",1090,31.04,12.93,12.96,12.99,0.097,0,0,0,0
"2026-06-27 22:00:00",1091,30.64,12.9,12.93,2.961,0.108,0,0,0,0
"2026-06-27 22:15:00",1092,30.25,12.88,12.92,0.381,0.099,0,0,0,0
"2026-06-27 22:30:00",1093,29.88,12.84,12.82,0.006,0.164,0,0,0,0
"2026-06-27 22:45:00",1094,29.53,12.84,12.86,-0.012,0.163,0,0,0,0
"2026-06-27 23:00:00",1095,29.22,12.86,12.89,0.028,0.121,0,0,0,0
"2026-06-27 23:15:00",1096,28.94,12.85,12.89,0.029,0.112,0,0,0,0
"2026-06-27 23:30:00",1097,28.73,12.84,12.86,-0.01,0.143,0,0,0,0
"2026-06-27 23:45:00",1098,28.53,12.85,12.88,0.008,0.12,0,0,0,0
"2026-06-28 00:00:00",1099,28.36,12.84,12.81,-0.015,0.179,0,0,0,0
"2026-06-28 00:15:00",1100,28.26,12.84,12.87,0.014,0.121,0,0,0,0
"2026-06-28 00:30:00",1101,28.13,12.84,12.86,0.015,0.12,0,0,0,0
"2026-06-28 00:45:00",1102,27.98,12.84,12.87,-0.009,0.129,0,0,0,0
"2026-06-28 01:00:00",1103,27.82,12.83,12.86,-0.006,0.122,0,0,0,0
"2026-06-28 01:15:00",1104,27.69,12.83,12.86,0.009,0.118,0,0,0,0
"2026-06-28 01:30:00",1105,27.58,12.83,12.86,0.003,0.124,0,0,0,0
"2026-06-28 01:45:00",1106,27.47,12.8,12.82,-0.03,0.167,0,0,0,0
"2026-06-28 02:00:00",1107,27.37,12.8,12.81,-0.044,0.142,0,0,0,0
"2026-06-28 02:15:00",1108,27.28,12.78,12.81,-0.083,0.164,0,0,0,0
"2026-06-28 02:30:00",1109,27.21,12.79,12.8,-0.057,0.144,0,0,0,0
"2026-06-28 02:45:00",1110,27.12,12.81,12.84,-0.005,0.14,0,0,0,0
"2026-06-28 03:00:00",1111,27.02,12.78,12.79,-0.067,0.174,0,0,0,0
"2026-06-28 03:15:00",1112,26.91,12.78,12.79,-0.082,0.156,0,0,0,0
"2026-06-28 03:30:00",1113,26.83,12.81,12.83,-0.017,0.126,0,0,0,0
"2026-06-28 03:45:00",1114,26.73,12.76,12.79,-0.087,0.168,0,0,0,0
"2026-06-28 04:00:00",1115,26.65,12.8,12.83,-0.025,0.119,0,0,0,0
"2026-06-28 04:15:00",1116,26.58,12.8,12.82,-0.034,0.123,0,0,0,0
"2026-06-28 04:30:00",1117,26.54,12.77,12.78,-0.093,0.16,0,0,0,0
"2026-06-28 04:45:00",1118,26.5,12.75,12.77,-0.116,0.172,0,0,0,0
"2026-06-28 05:00:00",1119,26.46,12.76,12.78,-0.091,0.141,0,0,0,0
"2026-06-28 05:15:00",1120,26.42,12.78,12.81,0.009,0.123,0,0,0,0
"2026-06-28 05:30:00",1121,26.38,12.74,12.77,0.072,0.186,0,0,0,0
"2026-06-28 05:45:00",1122,26.33,12.73,12.73,2.199,0.207,0,0,0,0
"2026-06-28 06:00:00",1123,26.27,12.78,12.8,11.32,0.126,0,0,0,0
"2026-06-28 06:15:00",1124,26.22,12.78,12.81,12.83,0.107,0,0,0,0
"2026-06-28 06:30:00",1125,26.18,12.82,12.86,12.89,0.091,0,0,0,0
"2026-06-28 06:45:00",1126,26.15,13,13.03,13.06,0.09,0,0,0,0
"2026-06-28 07:00:00",1127,26.16,13.37,13.4,13.43,0.089,0,0,0,0
"2026-06-28 07:15:00",1128,26.26,13.64,13.68,13.66,0.099,0,0,0,0
"2026-06-28 07:30:00",1129,26.48,13.82,13.84,13.91,0.093,0,0,0,0
"2026-06-28 07:45:00",1130,26.78,13.96,13.98,20.82,0.088,0,0,0,0
"2026-06-28 08:00:00",1131,27.15,13.88,13.95,23.86,0.134,0,0,0,0
"2026-06-28 08:15:00",1132,27.53,13.99,13.91,14.24,0.09,0,0,0,0
"2026-06-28 08:30:00",1133,27.83,13.95,13.98,23.77,0.094,0,0,0,0
"2026-06-28 08:45:00",1134,28.17,13.85,13.98,23.7,0.093,0,0,0,0
"2026-06-28 09:00:00",1135,28.51,13.96,13.88,23.69,0.089,0,0,0,0
"2026-06-28 09:15:00",1136,28.83,13.98,13.89,24,0.089,0,0,0,0
"2026-06-28 09:30:00",1137,29.13,13.85,13.91,23.43,0.177,0,0,0,0
"2026-06-28 09:45:00",1138,29.4,13.78,13.82,13.95,0.13,0,0,0,0
"2026-06-28 10:00:00",1139,29.72,13.91,13.82,23.55,0.106,0,0,0,0
"2026-06-28 10:15:00",1140,30.04,13.8,13.95,23.6,0.088,0,0,0,0
"2026-06-28 10:30:00",1141,30.29,13.47,13.5,23.44,0.092,0,0,0,0
"2026-06-28 10:45:00",1142,30.47,13.39,13.5,23.44,0.092,0,0,0,0
"2026-06-28 11:00:00",1143,30.63,13.39,13.49,23.48,0.104,0,0,0,0
"2026-06-28 11:15:00",1144,30.8,13.41,13.43,23.46,0.089,0,0,0,0
"2026-06-28 11:30:00",1145,31.05,13.39,13.43,23.53,0.101,0,0,0,0
"2026-06-28 11:45:00",1146,31.3,13.49,13.43,23.53,0.097,0,0,0,0
"2026-06-28 12:00:00",1147,31.54,13.37,13.4,13.53,0.096,0,0,0,0
"2026-06-28 12:15:00",1148,31.8,13.36,13.46,23.29,0.097,0,0,0,0
"2026-06-28 12:30:00",1149,32.09,13.33,13.36,13.47,0.106,0,0,0,0
"2026-06-28 12:45:00",1150,32.44,13.34,13.36,13.47,0.094,0,0,0,0
"2026-06-28 13:00:00",1151,32.78,13.37,13.37,23.1,0.09,0,0,0,0
"2026-06-28 13:15:00",1152,33.08,13.3,13.34,13.44,0.097,0,0,0,0
"2026-06-28 13:30:00",1153,33.33,13.36,13.33,23.05,0.101,0,0,0,0
"2026-06-28 13:45:00",1154,33.49,13.25,13.34,23.09,0.137,0,0,0,0
"2026-06-28 14:00:00",1155,33.61,13.3,13.33,21.38,0.098,0,0,0,0
"2026-06-28 14:15:00",1156,33.71,13.3,13.33,13.44,0.093,0,0,0,0
"2026-06-28 14:30:00",1157,33.82,13.3,13.4,23.45,0.103,0,0,0,0
"2026-06-28 14:45:00",1158,33.87,13.32,13.33,23.38,0.095,0,0,0,0
"2026-06-28 15:00:00",1159,33.89,13.36,13.31,23.51,0.094,0,0,0,0
"2026-06-28 15:15:00",1160,33.86,13.28,13.39,23.62,0.093,0,0,0,0
"2026-06-28 15:30:00",1161,33.81,13.28,13.27,13.41,0.14,0,0,0,0
"2026-06-28 15:45:00",1162,33.74,13.3,13.33,23.62,0.094,0,0,0,0
"2026-06-28 16:00:00",1163,33.64,13.3,13.42,23.48,0.096,0,0,0,0
"2026-06-28 16:15:00",1164,33.51,13.27,13.39,23.3,0.097,0,0,0,0
"2026-06-28 16:30:00",1165,33.4,13.41,13.34,23.52,0.093,0,0,0,0
"2026-06-28 16:45:00",1166,33.28,13.3,13.34,23.59,0.093,0,0,0,0
"2026-06-28 17:00:00",1167,33.13,13.3,13.33,23.34,0.096,0,0,0,0
"2026-06-28 17:15:00",1168,33.02,13.36,13.33,23.55,0.162,0,0,0,0
"2026-06-28 17:30:00",1169,32.96,13.3,13.33,23.35,0.092,0,0,0,0
"2026-06-28 17:45:00",1170,32.87,13.3,13.34,23.43,0.109,0,0,0,0
"2026-06-28 18:00:00",1171,32.84,13.3,13.34,23.59,0.092,0,0,0,0
"2026-06-28 18:15:00",1172,32.78,13.29,13.33,23.74,0.113,0,0,0,0
"2026-06-28 18:30:00",1173,32.7,13.3,13.34,23.8,0.1,0,0,0,0
"2026-06-28 18:45:00",1174,32.56,13.33,13.4,22.7,0.092,0,0,0,0
"2026-06-28 19:00:00",1175,32.36,13.36,13.39,22.63,0.106,0,0,0,0
"2026-06-28 19:15:00",1176,32.14,13.35,13.37,13.42,0.091,0,0,0,0
"2026-06-28 19:30:00",1177,31.9,13.37,13.4,13.43,0.092,0,0,0,0
"2026-06-28 19:45:00",1178,31.61,13.26,13.29,13.31,0.089,0,0,0,0
"2026-06-28 20:00:00",1179,31.32,13.23,13.26,13.29,0.091,0,0,0,0
"2026-06-28 20:15:00",1180,31.07,13.41,13.44,22.73,0.091,0,0,0,0
"2026-06-28 20:30:00",1181,30.85,13.41,13.42,13.47,0.099,0,0,0,0
"2026-06-28 20:45:00",1182,30.65,13.39,13.45,13.47,0.095,0,0,0,0
"2026-06-28 21:00:00",1183,30.44,13.38,13.41,13.44,0.09,0,0,0,0
"2026-06-28 21:15:00",1184,30.25,13.12,13.15,13.17,0.09,0,0,0,0
"2026-06-28 21:30:00",1185,30.01,12.98,13.01,13.02,0.099,0,0,0,0
"2026-06-28 21:45:00",1186,29.74,12.91,12.94,8.88,0.093,0,0,0,0
"2026-06-28 22:00:00",1187,29.52,12.87,12.92,1.136,0.092,0,0,0,0
"2026-06-28 22:15:00",1188,29.3,12.86,12.86,0.08,0.144,0,0,0,0
"2026-06-28 22:30:00",1189,29.13,12.86,12.9,0.039,0.094,0,0,0,0
"2026-06-28 22:45:00",1190,28.98,12.86,12.9,0.033,0.099,0,0,0,0
"2026-06-28 23:00:00",1191,28.84,12.85,12.89,0.023,0.093,0,0,0,0
"2026-06-28 23:15:00",1192,28.7,12.85,12.89,0.026,0.092,0,0,0,0
"2026-06-28 23:30:00",1193,28.59,12.85,12.89,0.032,0.094,0,0,0,0
"2026-06-28 23:45:00",1194,28.51,12.85,12.89,0.053,0.091,0,0,0,0
"2026-06-29 00:00:00",1195,28.45,12.85,12.89,0.043,0.095,0,0,0,0
"2026-06-29 00:15:00",1196,28.43,12.84,12.88,0.021,0.092,0,0,0,0
"2026-06-29 00:30:00",1197,28.39,12.83,12.8,-0.046,0.146,0,0,0,0
"2026-06-29 00:45:00",1198,28.32,12.79,12.79,-0.055,0.163,0,0,0,0
"2026-06-29 01:00:00",1199,28.26,12.83,12.86,0.01,0.122,0,0,0,0
"2026-06-29 01:15:00",1200,28.19,12.82,12.82,-0.043,0.159,0,0,0,0
"2026-06-29 01:30:00",1201,28.18,12.81,12.83,-0.033,0.135,0,0,0,0
"2026-06-29 01:45:00",1202,28.17,12.82,12.84,-0.009,0.123,0,0,0,0
"2026-06-29 02:00:00",1203,28.16,12.78,12.81,-0.074,0.19,0,0,0,0
"2026-06-29 02:15:00",1204,28.15,12.79,12.81,-0.054,0.141,0,0,0,0
"2026-06-29 02:30:00",1205,28.15,12.77,12.79,-0.072,0.186,0,0,0,0
"2026-06-29 02:45:00",1206,28.15,12.81,12.84,-0.008,0.13,0,0,0,0
"2026-06-29 03:00:00",1207,28.13,12.78,12.8,-0.076,0.161,0,0,0,0
"2026-06-29 03:15:00",1208,28.08,12.77,12.79,-0.086,0.168,0,0,0,0
"2026-06-29 03:30:00",1209,28.06,12.8,12.83,-0.012,0.12,0,0,0,0
"2026-06-29 03:45:00",1210,28,12.78,12.81,-0.039,0.136,0,0,0,0
"2026-06-29 04:00:00",1211,27.92,12.79,12.82,-0.024,0.119,0,0,0,0
"2026-06-29 04:15:00",1212,27.85,12.76,12.78,-0.108,0.168,0,0,0,0
"2026-06-29 04:30:00",1213,27.79,12.75,12.77,-0.071,0.176,0,0,0,0
"2026-06-29 04:45:00",1214,27.7,12.78,12.81,-0.022,0.12,0,0,0,0
"2026-06-29 05:00:00",1215,27.64,12.75,12.77,-0.093,0.164,0,0,0,0
"2026-06-29 05:15:00",1216,27.57,12.78,12.8,-0.01,0.129,0,0,0,0
"2026-06-29 05:30:00",1217,27.53,12.77,12.8,0.019,0.122,0,0,0,0
"2026-06-29 05:45:00",1218,27.49,12.73,12.74,0.542,0.161,0,0,0,0
"2026-06-29 06:00:00",1219,27.43,12.77,12.78,7.364,0.126,0,0,0,0
"2026-06-29 06:15:00",1220,27.37,12.75,12.75,12.76,0.182,0,0,0,0
"2026-06-29 06:30:00",1221,27.33,12.74,12.78,12.74,0.165,0,0,0,0
"2026-06-29 06:45:00",1222,27.26,12.81,12.82,12.83,0.122,0,0,0,0
"2026-06-29 07:00:00",1223,27.22,12.93,12.95,12.9,0.184,0,0,0,0
"2026-06-29 07:15:00",1224,27.22,12.99,13,12.99,0.175,0,0,0,0
"2026-06-29 07:30:00",1225,27.26,13.15,13.17,13.18,0.144,0,0,0,0
"2026-06-29 07:45:00",1226,27.3,13.15,13.18,13.2,0.106,0,0,0,0
"2026-06-29 08:00:00",1227,27.35,13.25,13.29,13.32,0.118,0,0,0,0
"2026-06-29 08:15:00",1228,27.44,13.59,13.62,13.65,0.138,0,0,0,0
"2026-06-29 08:30:00",1229,27.65,13.93,13.95,14.02,0.089,0,0,0,0
"2026-06-29 08:45:00",1230,27.93,13.85,14,14.08,0.098,0,0,0,0
"2026-06-29 09:00:00",1231,28.25,13.91,13.94,23.75,0.096,0,0,0,0
"2026-06-29 09:15:00",1232,28.57,13.81,13.95,23.74,0.159,0,0,0,0
"2026-06-29 09:30:00",1233,29.06,13.94,13.85,23.64,0.089,0,0,0,0
"2026-06-29 09:45:00",1234,29.6,13.86,13.89,23.42,0.081,0,0,0,0
"2026-06-29 10:00:00",1235,30.18,13.78,13.91,23.23,0.09,0,0,0,0
"2026-06-29 10:15:00",1236,30.75,13.76,13.88,23.18,0.099,0,0,0,0
"2026-06-29 10:30:00",1237,31.27,13.69,13.75,16.77,0.144,0,0,0,0
"2026-06-29 10:45:00",1238,31.63,13.82,13.72,23.07,0.144,0,0,0,0
"2026-06-29 11:00:00",1239,31.7,13.73,13.76,13.91,0.094,0,0,0,0
"2026-06-29 11:15:00",1240,31.67,13.67,13.7,23.4,0.099,0,0,0,0
"2026-06-29 11:30:00",1241,31.67,13.34,13.35,23.47,0.115,0,0,0,0
"2026-06-29 11:45:00",1242,31.56,13.44,13.37,23.58,0.098,0,0,0,0
"2026-06-29 12:00:00",1243,31.44,13.33,13.46,23.6,0.095,0,0,0,0
"2026-06-29 12:15:00",1244,31.33,13.41,13.37,23.79,0.095,0,0,0,0
"2026-06-29 12:30:00",1245,31.23,13.36,13.49,23.8,0.1,0,0,0,0
"2026-06-29 12:45:00",1246,31.17,13.44,13.35,23.8,0.138,0,0,0,0
"2026-06-29 13:00:00",1247,31.12,13.37,13.4,23.86,0.098,0,0,0,0
"2026-06-29 13:15:00",1248,31.06,13.33,13.37,23.84,0.15,0,0,0,0
"2026-06-29 13:30:00",1249,31.05,13.36,13.4,23.67,0.098,0,0,0,0
"2026-06-29 13:45:00",1250,30.98,13.38,13.51,23.99,0.091,0,0,0,0
"2026-06-29 14:00:00",1251,30.82,13.43,13.43,23.98,0.154,0,0,0,0
"2026-06-29 14:15:00",1252,30.65,13.48,13.43,24.1,0.095,0,0,0,0
"2026-06-29 14:30:00",1253,30.45,13.39,13.42,24.21,0.09,0,0,0,0
"2026-06-29 14:45:00",1254,30.28,13.39,13.52,24.06,0.098,0,0,0,0
"2026-06-29 15:00:00",1255,30.12,13.38,13.51,24.05,0.108,0,0,0,0
"2026-06-29 15:15:00",1256,29.97,13.52,13.46,23.91,0.089,0,0,0,0
"2026-06-29 15:30:00",1257,29.83,13.43,13.46,13.61,0.098,0,0,0,0
"2026-06-29 15:45:00",1258,29.68,13.39,13.39,23.97,0.151,0,0,0,0
"2026-06-29 16:00:00",1259,29.25,13.52,13.45,23.91,0.098,0,0,0,0
"2026-06-29 16:15:00",1260,29.1,13.56,13.49,23.89,0.088,0,0,0,0
"2026-06-29 16:30:00",1261,29.09,13.42,13.46,23.74,0.149,0,0,0,0
"2026-06-29 16:45:00",1262,29.09,13.44,13.49,23.8,0.101,0,0,0,0
"2026-06-29 17:00:00",1263,29.11,13.43,13.44,13.54,0.159,0,0,0,0
"2026-06-29 17:15:00",1264,29.14,13.46,13.49,13.65,0.099,0,0,0,0
"2026-06-29 17:30:00",1265,29.18,13.43,13.46,20.08,0.096,0,0,0,0
"2026-06-29 17:45:00",1266,29.22,13.43,13.46,23.86,0.089,0,0,0,0
"2026-06-29 18:00:00",1267,29.23,13.43,13.46,23.82,0.099,0,0,0,0
"2026-06-29 18:15:00",1268,29.25,13.45,13.46,23.81,0.1,0,0,0,0
"2026-06-29 18:30:00",1269,29.28,13.42,13.45,23.9,0.09,0,0,0,0
"2026-06-29 18:45:00",1270,29.31,13.42,13.45,23.81,0.095,0,0,0,0
"2026-06-29 19:00:00",1271,29.33,13.42,13.45,23.81,0.091,0,0,0,0
"2026-06-29 19:15:00",1272,29.34,13.53,13.45,23.88,0.091,0,0,0,0
"2026-06-29 19:30:00",1273,29.38,13.43,13.46,23.76,0.092,0,0,0,0
"2026-06-29 19:45:00",1274,29.43,13.5,13.45,23.75,0.085,0,0,0,0
"2026-06-29 20:00:00",1275,29.46,13.43,13.56,23.83,0.091,0,0,0,0
"2026-06-29 20:15:00",1276,29.46,13.4,13.5,23.64,0.127,0,0,0,0
"2026-06-29 20:30:00",1277,29.47,13.51,13.46,23.62,0.096,0,0,0,0
"2026-06-29 20:45:00",1278,29.46,13.42,13.5,23.27,0.147,0,0,0,0
"2026-06-29 21:00:00",1279,29.42,13.48,13.49,13.55,0.09,0,0,0,0
"2026-06-29 21:15:00",1280,29.32,13.24,13.28,13.28,0.097,0,0,0,0
"2026-06-29 21:30:00",1281,29.17,13.06,13.1,13.11,0.096,0,0,0,0
"2026-06-29 21:45:00",1282,28.97,12.92,12.92,12.9,0.146,0,0,0,0
"2026-06-29 22:00:00",1283,28.77,12.9,12.94,2.854,0.098,0,0,0,0
"2026-06-29 22:15:00",1284,28.58,12.88,12.91,0.284,0.092,0,0,0,0
"2026-06-29 22:30:00",1285,28.42,12.87,12.91,0.055,0.097,0,0,0,0
"2026-06-29 22:45:00",1286,28.26,12.86,12.9,0.03,0.091,0,0,0,0
"2026-06-29 23:00:00",1287,28.11,12.86,12.9,0.03,0.108,0,0,0,0
"2026-06-29 23:15:00",1288,27.98,12.85,12.87,0.02,0.118,0,0,0,0
"2026-06-29 23:30:00",1289,27.87,12.85,12.89,0.045,0.09,0,0,0,0
"2026-06-29 23:45:00",1290,27.75,12.85,12.89,0.041,0.1,0,0,0,0
"2026-06-30 00:00:00",1291,27.63,12.81,12.82,-0.082,0.159,0,0,0,0
"2026-06-30 00:15:00",1292,27.56,12.83,12.88,0.039,0.115,0,0,0,0
"2026-06-30 00:30:00",1293,27.45,12.84,12.88,0.049,0.094,0,0,0,0
"2026-06-30 00:45:00",1294,27.29,12.84,12.88,0.034,0.091,0,0,0,0
"2026-06-30 01:00:00",1295,27.14,12.83,12.87,0.035,0.108,0,0,0,0
"2026-06-30 01:15:00",1296,27.01,12.82,12.85,0.017,0.142,0,0,0,0
"2026-06-30 01:30:00",1297,26.93,12.79,12.79,-0.059,0.174,0,0,0,0
"2026-06-30 01:45:00",1298,26.87,12.82,12.85,0.014,0.123,0,0,0,0
"2026-06-30 02:00:00",1299,26.8,12.78,12.8,-0.073,0.165,0,0,0,0
"2026-06-30 02:15:00",1300,26.73,12.81,12.84,0.015,0.134,0,0,0,0
"2026-06-30 02:30:00",1301,26.68,12.81,12.84,0.019,0.125,0,0,0,0
"2026-06-30 02:45:00",1302,26.6,12.81,12.83,0.021,0.117,0,0,0,0
"2026-06-30 03:00:00",1303,26.52,12.78,12.74,-0.076,0.173,0,0,0,0
"2026-06-30 03:15:00",1304,26.43,12.8,12.82,0.003,0.121,0,0,0,0
"2026-06-30 03:30:00",1305,26.36,12.76,12.78,-0.11,0.168,0,0,0,0
"2026-06-30 03:45:00",1306,26.28,12.76,12.78,-0.061,0.171,0,0,0,0
"2026-06-30 04:00:00",1307,26.2,12.79,12.82,0.009,0.116,0,0,0,0
"2026-06-30 04:15:00",1308,26.12,12.78,12.81,0.016,0.12,0,0,0,0
"2026-06-30 04:30:00",1309,26.06,12.79,12.81,0,0.122,0,0,0,0
"2026-06-30 04:45:00",1310,26,12.78,12.81,0.006,0.12,0,0,0,0
"2026-06-30 05:00:00",1311,25.94,12.78,12.8,0.017,0.129,0,0,0,0
"2026-06-30 05:15:00",1312,25.87,12.78,12.8,0.015,0.126,0,0,0,0
"2026-06-30 05:30:00",1313,25.82,12.73,12.75,0.079,0.186,0,0,0,0
"2026-06-30 05:45:00",1314,25.76,12.77,12.79,1.216,0.122,0,0,0,0
"2026-06-30 06:00:00",1315,25.73,12.76,12.79,9.12,0.121,0,0,0,0
"2026-06-30 06:15:00",1316,25.69,12.73,12.74,12.71,0.185,0,0,0,0
"2026-06-30 06:30:00",1317,25.68,12.76,12.75,12.71,0.182,0,0,0,0
"2026-06-30 06:45:00",1318,25.65,12.97,13,13.02,0.116,0,0,0,0
"2026-06-30 07:00:00",1319,25.68,13.34,13.35,13.34,0.157,0,0,0,0
"2026-06-30 07:15:00",1320,25.78,13.66,13.68,13.71,0.111,0,0,0,0
"2026-06-30 07:30:00",1321,25.96,13.79,13.81,13.84,0.125,0,0,0,0
"2026-06-30 07:45:00",1322,26.18,13.91,13.91,13.92,0.167,0,0,0,0
"2026-06-30 08:00:00",1323,26.48,13.88,13.99,14.05,0.113,0,0,0,0
"2026-06-30 08:15:00",1324,26.85,13.87,13.99,23.67,0.089,0,0,0,0
"2026-06-30 08:30:00",1325,27.28,13.95,13.85,13.99,0.129,0,0,0,0
"2026-06-30 08:45:00",1326,27.73,13.85,13.99,23.5,0.087,0,0,0,0
"2026-06-30 09:00:00",1327,28.2,13.85,13.99,23.38,0.087,0,0,0,0
"2026-06-30 09:15:00",1328,28.72,13.82,13.95,23.64,0.09,0,0,0,0
"2026-06-30 09:30:00",1329,29.19,13.82,13.85,14.03,0.09,0,0,0,0
"2026-06-30 09:45:00",1330,29.53,13.79,13.92,23.57,0.088,0,0,0,0
"2026-06-30 10:00:00",1331,29.88,13.86,13.78,23.45,0.142,0,0,0,0
"2026-06-30 10:15:00",1332,30.16,13.78,13.8,13.97,0.101,0,0,0,0
"2026-06-30 10:30:00",1333,30.43,13.89,13.82,23.43,0.089,0,0,0,0
"2026-06-30 10:45:00",1334,30.52,13.36,13.39,13.54,0.092,0,0,0,0
"2026-06-30 11:00:00",1335,30.71,13.36,13.4,23.67,0.096,0,0,0,0
"2026-06-30 11:15:00",1336,30.72,13.36,13.39,13.55,0.088,0,0,0,0
"2026-06-30 11:30:00",1337,30.52,13.33,13.38,13.51,0.091,0,0,0,0
"2026-06-30 11:45:00",1338,30.24,13.36,13.38,23.74,0.105,0,0,0,0
"2026-06-30 12:00:00",1339,29.96,13.36,13.37,23.7,0.147,0,0,0,0
"2026-06-30 12:15:00",1340,29.69,13.39,13.49,23.8,0.094,0,0,0,0
"2026-06-30 12:30:00",1341,29.36,13.39,13.42,13.54,0.092,0,0,0,0
"2026-06-30 12:45:00",1342,29.21,13.41,13.5,23.62,0.143,0,0,0,0
"2026-06-30 13:00:00",1343,29.1,13.5,13.45,23.72,0.09,0,0,0,0
"2026-06-30 13:15:00",1344,29.02,13.5,13.45,23.77,0.096,0,0,0,0
"2026-06-30 13:30:00",1345,28.98,13.51,13.45,23.8,0.092,0,0,0,0
"2026-06-30 13:45:00",1346,28.96,13.41,13.45,13.58,0.089,0,0,0,0
"2026-06-30 14:00:00",1347,28.95,13.41,13.53,23.84,0.095,0,0,0,0
"2026-06-30 14:15:00",1348,28.96,13.38,13.4,13.56,0.102,0,0,0,0
"2026-06-30 14:30:00",1349,28.97,13.42,13.52,23.91,0.105,0,0,0,0
"2026-06-30 14:45:00",1350,28.93,13.45,13.48,23.93,0.088,0,0,0,0
"2026-06-30 15:00:00",1351,28.88,13.42,13.51,23.8,0.136,0,0,0,0
"2026-06-30 15:15:00",1352,28.81,13.46,13.49,19.84,0.098,0,0,0,0
"2026-06-30 15:30:00",1353,28.81,13.53,13.48,23.76,0.093,0,0,0,0
"2026-06-30 15:45:00",1354,28.84,13.46,13.48,13.63,0.09,0,0,0,0
"2026-06-30 16:00:00",1355,28.9,13.42,13.47,23.62,0.149,0,0,0,0
"2026-06-30 16:15:00",1356,29.01,13.46,13.58,23.8,0.094,0,0,0,0
"2026-06-30 16:30:00",1357,29.22,13.45,13.53,22.92,0.102,0,0,0,0
"2026-06-30 16:45:00",1358,29.4,13.46,13.48,24,0.097,0,0,0,0
"2026-06-30 17:00:00",1359,29.58,13.42,13.45,23.56,0.095,0,0,0,0
"2026-06-30 17:15:00",1360,29.79,13.42,13.49,23.81,0.091,0,0,0,0
"2026-06-30 17:30:00",1361,30.01,13.42,13.45,23.75,0.097,0,0,0,0
"2026-06-30 17:45:00",1362,30.22,13.42,13.45,13.63,0.096,0,0,0,0
"2026-06-30 18:00:00",1363,30.43,13.41,13.54,23.55,0.105,0,0,0,0
"2026-06-30 18:15:00",1364,30.62,13.36,13.36,23.38,0.13,0,0,0,0
"2026-06-30 18:30:00",1365,30.78,13.39,13.41,23.32,0.097,0,0,0,0
"2026-06-30 18:45:00",1366,30.88,13.39,13.41,23.34,0.101,0,0,0,0
"2026-06-30 19:00:00",1367,30.96,13.39,13.42,13.57,0.096,0,0,0,0
"2026-06-30 19:15:00",1368,31,13.39,13.42,23.31,0.093,0,0,0,0
"2026-06-30 19:30:00",1369,31.07,13.39,13.51,23.32,0.094,0,0,0,0
"2026-06-30 19:45:00",1370,31.06,13.48,13.42,23.44,0.1,0,0,0,0
"2026-06-30 20:00:00",1371,31.02,13.38,13.44,23.54,0.093,0,0,0,0
"2026-06-30 20:15:00",1372,30.94,13.39,13.48,23.25,0.091,0,0,0,0
"2026-06-30 20:30:00",1373,30.82,13.35,13.37,13.35,0.118,0,0,0,0
"2026-06-30 20:45:00",1374,30.67,13.39,13.46,23.02,0.096,0,0,0,0
"2026-06-30 21:00:00",1375,30.46,13.45,13.47,22.82,0.097,0,0,0,0
"2026-06-30 21:15:00",1376,30.21,13.23,13.25,13.28,0.093,0,0,0,0
"2026-06-30 21:30:00",1377,29.91,13.06,13.07,13.1,0.102,0,0,0,0
"2026-06-30 21:45:00",1378,29.57,12.94,12.95,12.99,0.092,0,0,0,0
"2026-06-30 22:00:00",1379,29.21,12.9,12.91,1.817,0.106,0,0,0,0
"2026-06-30 22:15:00",1380,28.85,12.88,12.9,0.255,0.094,0,0,0,0
"2026-06-30 22:30:00",1381,28.54,12.87,12.9,0.034,0.098,0,0,0,0
"2026-06-30 22:45:00",1382,28.23,12.85,12.89,-0.014,0.091,0,0,0,0
"2026-06-30 23:00:00",1383,27.94,12.86,12.89,-0.013,0.093,0,0,0,0
"2026-06-30 23:15:00",1384,27.69,12.86,12.89,0.002,0.102,0,0,0,0
"2026-06-30 23:30:00",1385,27.48,12.85,12.88,0.016,0.091,0,0,0,0
"2026-06-30 23:45:00",1386,27.28,12.81,12.83,-0.055,0.15,0,0,0,0
"2026-07-01 00:00:00",1387,27.09,12.85,12.88,0.003,0.101,0,0,0,0
"2026-07-01 00:15:00",1388,26.96,12.81,12.8,-0.107,0.149,0,0,0,0
"2026-07-01 00:30:00",1389,26.83,12.84,12.87,0.015,0.106,0,0,0,0
"2026-07-01 00:45:00",1390,26.69,12.84,12.87,0.017,0.1,0,0,0,0
"2026-07-01 01:00:00",1391,26.57,12.84,12.86,0.006,0.119,0,0,0,0
"2026-07-01 01:15:00",1392,26.47,12.84,12.87,0.019,0.095,0,0,0,0
"2026-07-01 01:30:00",1393,26.39,12.83,12.86,0.019,0.092,0,0,0,0
"2026-07-01 01:45:00",1394,26.3,12.79,12.79,-0.216,0.155,0,0,0,0
"2026-07-01 02:00:00",1395,26.21,12.82,12.85,0.004,0.095,0,0,0,0
"2026-07-01 02:15:00",1396,26.14,12.77,12.79,-0.097,0.145,0,0,0,0
"2026-07-01 02:30:00",1397,26.09,12.77,12.79,-0.102,0.181,0,0,0,0
"2026-07-01 02:45:00",1398,26.05,12.78,12.8,-0.052,0.154,0,0,0,0
"2026-07-01 03:00:00",1399,26.01,12.77,12.77,-0.076,0.185,0,0,0,0
"2026-07-01 03:15:00",1400,25.98,12.8,12.82,-0.012,0.129,0,0,0,0
"2026-07-01 03:30:00",1401,25.96,12.8,12.82,-0.013,0.133,0,0,0,0
"2026-07-01 03:45:00",1402,25.93,12.79,12.8,-0.012,0.125,0,0,0,0
"2026-07-01 04:00:00",1403,25.9,12.76,12.74,-0.124,0.16,0,0,0,0
"2026-07-01 04:15:00",1404,25.87,12.75,12.76,-0.118,0.162,0,0,0,0
"2026-07-01 04:30:00",1405,25.86,12.78,12.79,-0.022,0.125,0,0,0,0
"2026-07-01 04:45:00",1406,25.84,12.73,12.75,-0.135,0.189,0,0,0,0
"2026-07-01 05:00:00",1407,25.8,12.77,12.79,-0.023,0.127,0,0,0,0
"2026-07-01 05:15:00",1408,25.76,12.77,12.8,-0.008,0.121,0,0,0,0
"2026-07-01 05:30:00",1409,25.73,12.75,12.77,0.088,0.137,0,0,0,0
"2026-07-01 05:45:00",1410,25.7,12.76,12.79,1.425,0.134,0,0,0,0
"2026-07-01 06:00:00",1411,25.65,12.73,12.75,9.74,0.139,0,0,0,0
"2026-07-01 06:15:00",1412,25.59,12.75,12.76,12.9,0.115,0,0,0,0
"2026-07-01 06:30:00",1413,25.53,12.73,12.74,12.71,0.173,0,0,0,0
"2026-07-01 06:45:00",1414,25.48,12.88,12.9,12.88,0.13,0,0,0,0
"2026-07-01 07:00:00",1415,25.51,13.03,13.04,13.02,0.188,0,0,0,0
"2026-07-01 07:15:00",1416,25.53,13.57,13.59,13.61,0.117,0,0,0,0
"2026-07-01 07:30:00",1417,25.63,13.86,13.87,13.9,0.116,0,0,0,0
"2026-07-01 07:45:00",1418,25.78,13.86,13.93,13.91,0.168,0,0,0,0
"2026-07-01 08:00:00",1419,25.96,13.99,13.87,13.97,0.162,0,0,0,0
"2026-07-01 08:15:00",1420,26.16,13.88,14,14.06,0.115,0,0,0,0
"2026-07-01 08:30:00",1421,26.36,14.01,13.9,24.16,0.112,0,0,0,0
"2026-07-01 08:45:00",1422,26.57,13.89,13.91,14.08,0.115,0,0,0,0
"2026-07-01 09:00:00",1423,26.79,14.03,13.91,24.19,0.114,0,0,0,0
"2026-07-01 09:15:00",1424,27.01,13.85,13.88,22.51,0.114,0,0,0,0
"2026-07-01 09:30:00",1425,27.25,13.86,13.88,16.24,0.117,0,0,0,0
"2026-07-01 09:45:00",1426,27.54,14.02,13.88,23.74,0.115,0,0,0,0
"2026-07-01 10:00:00",1427,27.91,13.87,14.03,23.73,0.089,0,0,0,0
"2026-07-01 10:15:00",1428,28.37,13.85,13.98,23.63,0.09,0,0,0,0
"2026-07-01 10:30:00",1429,28.82,13.45,13.45,23.44,0.145,0,0,0,0
"2026-07-01 10:45:00",1430,29.13,13.45,13.48,18.42,0.094,0,0,0,0
"2026-07-01 11:00:00",1431,29.4,13.48,13.48,23.72,0.107,0,0,0,0
"2026-07-01 11:15:00",1432,29.69,13.48,13.44,23.63,0.156,0,0,0,0
"2026-07-01 11:30:00",1433,30,13.43,13.36,23.48,0.141,0,0,0,0
"2026-07-01 11:45:00",1434,30.29,13.42,13.55,23.59,0.091,0,0,0,0
"2026-07-01 12:00:00",1435,30.53,13.39,13.41,23.7,0.1,0,0,0,0
"2026-07-01 12:15:00",1436,30.54,13.39,13.42,24.28,0.097,0,0,0,0
"2026-07-01 12:30:00",1437,30.41,13.42,13.45,23.99,0.096,0,0,0,0
"2026-07-01 12:45:00",1438,30.24,13.41,13.52,23.86,0.102,0,0,0,0
"2026-07-01 13:00:00",1439,30.1,13.42,13.44,23.89,0.09,0,0,0,0
"2026-07-01 13:15:00",1440,29.86,13.51,13.44,23.83,0.093,0,0,0,0
"2026-07-01 13:30:00",1441,29.67,13.48,13.45,23.77,0.098,0,0,0,0
"2026-07-01 13:45:00",1442,29.49,13.48,13.47,23.81,0.127,0,0,0,0
"2026-07-01 14:00:00",1443,29.32,13.45,13.47,22.75,0.09,0,0,0,0
"2026-07-01 14:15:00",1444,29.15,13.45,13.47,13.6,0.089,0,0,0,0
"2026-07-01 14:30:00",1445,29.06,13.45,13.51,23.86,0.103,0,0,0,0
"2026-07-01 14:45:00",1446,28.97,13.45,13.47,13.66,0.09,0,0,0,0
"2026-07-01 15:00:00",1447,28.91,13.54,13.48,23.92,0.091,0,0,0,0
"2026-07-01 15:15:00",1448,28.9,13.45,13.55,23.87,0.091,0,0,0,0
"2026-07-01 15:30:00",1449,28.9,13.45,13.54,23.94,0.093,0,0,0,0
"2026-07-01 15:45:00",1450,28.88,13.49,13.42,23.77,0.13,0,0,0,0
"2026-07-01 16:00:00",1451,28.89,13.45,13.48,13.61,0.093,0,0,0,0
"2026-07-01 16:15:00",1452,28.91,13.45,13.48,13.62,0.097,0,0,0,0
"2026-07-01 16:30:00",1453,28.91,13.51,13.4,23.78,0.143,0,0,0,0
"2026-07-01 16:45:00",1454,28.95,13.42,13.46,23.88,0.094,0,0,0,0
"2026-07-01 17:00:00",1455,29.07,13.45,13.56,23.85,0.091,0,0,0,0
"2026-07-01 17:15:00",1456,29.23,13.45,13.47,13.62,0.097,0,0,0,0
"2026-07-01 17:30:00",1457,29.38,13.45,13.47,23.83,0.09,0,0,0,0
"2026-07-01 17:45:00",1458,29.43,13.45,13.48,23.66,0.098,0,0,0,0
"2026-07-01 18:00:00",1459,29.4,13.45,13.48,23.74,0.103,0,0,0,0
"2026-07-01 18:15:00",1460,29.39,13.45,13.5,22.87,0.1,0,0,0,0
"2026-07-01 18:30:00",1461,29.32,13.45,13.41,13.4,0.133,0,0,0,0
"2026-07-01 18:45:00",1462,29.18,13.45,13.47,13.56,0.096,0,0,0,0
"2026-07-01 19:00:00",1463,29.07,13.4,13.48,23.8,0.207,0,0,0,0
"2026-07-01 19:15:00",1464,29.03,13.47,13.47,23.78,0.088,0,0,0,0
"2026-07-01 19:30:00",1465,29.02,13.42,13.46,23.56,0.146,0,0,0,0
"2026-07-01 19:45:00",1466,28.97,13.46,13.51,23.52,0.092,0,0,0,0
"2026-07-01 20:00:00",1467,28.9,13.42,13.39,13.36,0.138,0,0,0,0
"2026-07-01 20:15:00",1468,28.78,13.44,13.42,13.41,0.156,0,0,0,0
"2026-07-01 20:30:00",1469,28.64,13.49,13.51,13.51,0.092,0,0,0,0
"2026-07-01 20:45:00",1470,28.43,13.44,13.46,13.46,0.088,0,0,0,0
"2026-07-01 21:00:00",1471,28.22,13.43,13.41,13.4,0.134,0,0,0,0
"2026-07-01 21:15:00",1472,28.05,13.23,13.25,13.26,0.091,0,0,0,0
"2026-07-01 21:30:00",1473,27.88,13.05,13.08,13.1,0.091,0,0,0,0
"2026-07-01 21:45:00",1474,27.69,12.95,12.98,12.97,0.091,0,0,0,0
"2026-07-01 22:00:00",1475,27.49,12.88,12.9,2.923,0.107,0,0,0,0
"2026-07-01 22:15:00",1476,27.29,12.88,12.9,0.321,0.089,0,0,0,0
"2026-07-01 22:30:00",1477,27.11,12.84,12.81,-0.098,0.204,0,0,0,0
"2026-07-01 22:45:00",1478,26.93,12.86,12.88,-0.015,0.094,0,0,0,0
"2026-07-01 23:00:00",1479,26.77,12.85,12.88,-0.033,0.091,0,0,0,0
"2026-07-01 23:15:00",1480,26.62,12.85,12.87,-0.022,0.092,0,0,0,0
"2026-07-01 23:30:00",1481,26.5,12.82,12.79,-0.101,0.143,0,0,0,0
"2026-07-01 23:45:00",1482,26.39,12.85,12.87,-0.045,0.097,0,0,0,0
"2026-07-02 00:00:00",1483,26.31,12.84,12.87,-0.007,0.094,0,0,0,0
"2026-07-02 00:15:00",1484,26.29,12.83,12.86,-0.008,0.093,0,0,0,0
"2026-07-02 00:30:00",1485,26.24,12.84,12.86,-0.007,0.092,0,0,0,0
"2026-07-02 00:45:00",1486,26.18,12.84,12.86,-0.005,0.099,0,0,0,0
"2026-07-02 01:00:00",1487,26.13,12.83,12.85,-0.01,0.094,0,0,0,0
"2026-07-02 01:15:00",1488,26.09,12.82,12.83,-0.059,0.114,0,0,0,0
"2026-07-02 01:30:00",1489,26.07,12.79,12.78,-0.101,0.153,0,0,0,0
"2026-07-02 01:45:00",1490,26.03,12.82,12.84,-0.002,0.097,0,0,0,0
"2026-07-02 02:00:00",1491,25.99,12.82,12.84,0,0.092,0,0,0,0
"2026-07-02 02:15:00",1492,25.92,12.79,12.77,-0.148,0.132,0,0,0,0
"2026-07-02 02:30:00",1493,25.88,12.77,12.78,-0.127,0.133,0,0,0,0
"2026-07-02 02:45:00",1494,25.82,12.76,12.78,-0.137,0.147,0,0,0,0
"2026-07-02 03:00:00",1495,25.78,12.77,12.78,-0.129,0.141,0,0,0,0
"2026-07-02 03:15:00",1496,25.7,12.81,12.83,-0.018,0.095,0,0,0,0
"2026-07-02 03:30:00",1497,25.65,12.8,12.82,-0.016,0.097,0,0,0,0
"2026-07-02 03:45:00",1498,25.59,12.79,12.82,-0.008,0.116,0,0,0,0
"2026-07-02 04:00:00",1499,25.55,12.78,12.77,-0.107,0.132,0,0,0,0
"2026-07-02 04:15:00",1500,25.51,12.77,12.75,-0.073,0.137,0,0,0,0
"2026-07-02 04:30:00",1501,25.48,12.74,12.75,-0.136,0.14,0,0,0,0
"2026-07-02 04:45:00",1502,25.42,12.78,12.79,-0.037,0.115,0,0,0,0
"2026-07-02 05:00:00",1503,25.37,12.73,12.73,-0.164,0.16,0,0,0,0
"2026-07-02 05:15:00",1504,25.36,12.71,12.7,-0.109,0.176,0,0,0,0
"2026-07-02 05:30:00",1505,25.34,12.72,12.67,0.016,0.178,0,0,0,0
"2026-07-02 05:45:00",1506,25.29,12.76,12.76,1.142,0.125,0,0,0,0
"2026-07-02 06:00:00",1507,25.26,12.75,12.76,9.16,0.131,0,0,0,0
"2026-07-02 06:15:00",1508,25.22,12.72,12.67,13.99,0.196,0,0,0,0
"2026-07-02 06:30:00",1509,25.19,12.76,12.76,12.76,0.118,0,0,0,0
"2026-07-02 06:45:00",1510,25.14,12.8,12.81,12.78,0.121,0,0,0,0
"2026-07-02 07:00:00",1511,25.09,12.81,12.7,12.69,0.161,0,0,0,0
"2026-07-02 07:15:00",1512,25.06,13.24,13.23,13.21,0.191,0,0,0,0
"2026-07-02 07:30:00",1513,25.1,13.77,13.76,13.76,0.16,0,0,0,0
"2026-07-02 07:45:00",1514,25.19,13.96,13.93,13.96,0.172,0,0,0,0
"2026-07-02 08:00:00",1515,25.32,13.98,13.91,13.87,0.169,0,0,0,0
"2026-07-02 08:15:00",1516,25.47,13.91,13.99,14.37,0.115,0,0,0,0
"2026-07-02 08:30:00",1517,25.67,13.92,13.92,14.04,0.116,0,0,0,0
"2026-07-02 08:45:00",1518,25.87,13.95,13.84,23.97,0.157,0,0,0,0
"2026-07-02 09:00:00",1519,26.12,13.99,13.85,23.89,0.159,0,0,0,0
"2026-07-02 09:15:00",1520,26.43,13.94,13.79,23.89,0.13,0,0,0,0
"2026-07-02 09:30:00",1521,26.79,13.87,13.85,13.97,0.119,0,0,0,0
"2026-07-02 09:45:00",1522,27.1,13.94,13.83,23.68,0.119,0,0,0,0
"2026-07-02 10:00:00",1523,27.45,13.85,13.82,13.92,0.116,0,0,0,0
"2026-07-02 10:15:00",1524,27.8,13.84,13.82,13.91,0.11,0,0,0,0
"2026-07-02 10:30:00",1525,28.21,13.84,13.82,13.9,0.114,0,0,0,0
"2026-07-02 10:45:00",1526,28.62,13.43,13.41,13.5,0.13,0,0,0,0
"2026-07-02 11:00:00",1527,28.99,13.43,13.28,23.28,0.218,0,0,0,0
"2026-07-02 11:15:00",1528,29.31,13.47,13.39,23.56,0.162,0,0,0,0
"2026-07-02 11:30:00",1529,29.58,13.51,13.39,23.48,0.125,0,0,0,0
"2026-07-02 11:45:00",1530,29.76,13.44,13.42,23.57,0.102,0,0,0,0
"2026-07-02 12:00:00",1531,29.84,13.46,13.41,23.49,0.09,0,0,0,0
"2026-07-02 12:15:00",1532,29.81,13.39,13.37,13.45,0.093,0,0,0,0
"2026-07-02 12:30:00",1533,29.8,13.4,13.38,13.46,0.1,0,0,0,0
"2026-07-02 12:45:00",1534,29.79,13.42,13.32,23.6,0.105,0,0,0,0
"2026-07-02 13:00:00",1535,29.74,13.4,13.45,23.71,0.089,0,0,0,0
"2026-07-02 13:15:00",1536,29.69,13.4,13.46,23.88,0.092,0,0,0,0
"2026-07-02 13:30:00",1537,29.67,13.4,13.45,23.87,0.091,0,0,0,0
"2026-07-02 13:45:00",1538,29.54,13.4,13.39,13.46,0.089,0,0,0,0
"2026-07-02 14:00:00",1539,29.4,13.4,13.39,23.73,0.098,0,0,0,0
"2026-07-02 14:15:00",1540,29.27,13.39,13.31,23.68,0.131,0,0,0,0
"2026-07-02 14:30:00",1541,29.12,13.45,13.42,23.57,0.091,0,0,0,0
"2026-07-02 14:45:00",1542,29,13.38,13.4,23.38,0.133,0,0,0,0
"2026-07-02 15:00:00",1543,28.93,13.44,13.42,23.43,0.089,0,0,0,0
"2026-07-02 15:15:00",1544,28.91,13.49,13.43,23.57,0.104,0,0,0,0
"2026-07-02 15:30:00",1545,28.91,13.47,13.36,23.61,0.112,0,0,0,0
"2026-07-02 15:45:00",1546,28.93,13.43,13.42,17.62,0.092,0,0,0,0
"2026-07-02 16:00:00",1547,28.94,13.51,13.42,23.6,0.09,0,0,0,0
"2026-07-02 16:15:00",1548,28.96,13.51,13.43,23.58,0.091,0,0,0,0
"2026-07-02 16:30:00",1549,29.04,13.43,13.41,23.62,0.091,0,0,0,0
"2026-07-02 16:45:00",1550,29.13,13.43,13.43,18.46,0.103,0,0,0,0
"2026-07-02 17:00:00",1551,29.19,13.43,13.51,23.73,0.097,0,0,0,0
"2026-07-02 17:15:00",1552,29.29,13.48,13.42,23.81,0.146,0,0,0,0
"2026-07-02 17:30:00",1553,29.45,13.4,13.31,23.59,0.145,0,0,0,0
"2026-07-02 17:45:00",1554,29.61,13.4,13.38,23.78,0.094,0,0,0,0
"2026-07-02 18:00:00",1555,29.76,13.4,13.35,23.55,0.124,0,0,0,0
"2026-07-02 18:15:00",1556,29.87,13.43,13.37,23.66,0.119,0,0,0,0
"2026-07-02 18:30:00",1557,29.98,13.4,13.39,18.98,0.106,0,0,0,0
"2026-07-02 18:45:00",1558,30.05,13.4,13.38,23.58,0.106,0,0,0,0
"2026-07-02 19:00:00",1559,30.1,13.35,13.23,13.28,0.171,0,0,0,0
"2026-07-02 19:15:00",1560,30.12,13.42,13.39,23.56,0.097,0,0,0,0
"2026-07-02 19:30:00",1561,30.1,13.4,13.38,16.8,0.101,0,0,0,0
"2026-07-02 19:45:00",1562,30.04,13.37,13.3,23.42,0.138,0,0,0,0
"2026-07-02 20:00:00",1563,29.98,13.4,13.47,23.64,0.094,0,0,0,0
"2026-07-02 20:15:00",1564,29.89,13.48,13.39,23.58,0.091,0,0,0,0
"2026-07-02 20:30:00",1565,29.78,13.4,13.39,23.59,0.09,0,0,0,0
"2026-07-02 20:45:00",1566,29.61,13.43,13.46,23.28,0.092,0,0,0,0
"2026-07-02 21:00:00",1567,29.41,13.46,13.4,13.42,0.091,0,0,0,0
"2026-07-02 21:15:00",1568,29.18,13.23,13.13,13.06,0.136,0,0,0,0
"2026-07-02 21:30:00",1569,28.91,13.06,13.04,13.01,0.092,0,0,0,0
"2026-07-02 21:45:00",1570,28.6,12.94,12.93,12.89,0.096,0,0,0,0
"2026-07-02 22:00:00",1571,28.32,12.88,12.87,3.698,0.092,0,0,0,0
"2026-07-02 22:15:00",1572,28.07,12.86,12.85,0.236,0.1,0,0,0,0
"2026-07-02 22:30:00",1573,27.85,12.85,12.84,-0.063,0.094,0,0,0,0
"2026-07-02 22:45:00",1574,27.64,12.85,12.84,-0.108,0.097,0,0,0,0
"2026-07-02 23:00:00",1575,27.45,12.84,12.84,-0.125,0.103,0,0,0,0
"2026-07-02 23:15:00",1576,27.3,12.78,12.74,-0.255,0.155,0,0,0,0
"2026-07-02 23:30:00",1577,27.2,12.83,12.83,-0.116,0.1,0,0,0,0
"2026-07-02 23:45:00",1578,27.09,12.79,12.71,-0.295,0.143,0,0,0,0
"2026-07-03 00:00:00",1579,27,12.78,12.71,-0.314,0.143,0,0,0,0
"2026-07-03 00:15:00",1580,26.94,12.81,12.78,-0.151,0.11,0,0,0,0
"2026-07-03 00:30:00",1581,26.88,12.82,12.8,-0.105,0.09,0,0,0,0
"2026-07-03 00:45:00",1582,26.76,12.82,12.8,-0.098,0.093,0,0,0,0
"2026-07-03 01:00:00",1583,26.63,12.82,12.81,-0.099,0.092,0,0,0,0
"2026-07-03 01:15:00",1584,26.55,12.8,12.77,-0.206,0.113,0,0,0,0
"2026-07-03 01:30:00",1585,26.48,12.76,12.71,-0.277,0.135,0,0,0,0
"2026-07-03 01:45:00",1586,26.36,12.8,12.8,-0.098,0.091,0,0,0,0
"2026-07-03 02:00:00",1587,26.21,12.8,12.79,-0.111,0.092,0,0,0,0
"2026-07-03 02:15:00",1588,26.1,12.75,12.74,-0.246,0.15,0,0,0,0
"2026-07-03 02:30:00",1589,26.02,12.8,12.79,-0.104,0.095,0,0,0,0
"2026-07-03 02:45:00",1590,25.92,12.75,12.67,-0.301,0.154,0,0,0,0
"2026-07-03 03:00:00",1591,25.84,12.73,12.69,-0.239,0.154,0,0,0,0
"2026-07-03 03:15:00",1592,25.76,12.78,12.76,-0.095,0.093,0,0,0,0
"2026-07-03 03:30:00",1593,25.72,12.75,12.7,-0.229,0.154,0,0,0,0
"2026-07-03 03:45:00",1594,25.66,12.78,12.73,-0.128,0.109,0,0,0,0
"2026-07-03 04:00:00",1595,25.6,12.74,12.7,-0.198,0.136,0,0,0,0
"2026-07-03 04:15:00",1596,25.56,12.73,12.72,-0.21,0.122,0,0,0,0
"2026-07-03 04:30:00",1597,25.54,12.7,12.65,-0.251,0.151,0,0,0,0
"2026-07-03 04:45:00",1598,25.52,12.71,12.61,-0.25,0.147,0,0,0,0
"2026-07-03 05:00:00",1599,25.5,12.73,12.67,-0.204,0.136,0,0,0,0
"2026-07-03 05:15:00",1600,25.45,12.75,12.74,-0.078,0.102,0,0,0,0
"2026-07-03 05:30:00",1601,25.43,12.7,12.61,-0.236,0.149,0,0,0,0
"2026-07-03 05:45:00",1602,25.38,12.68,12.62,2.064,0.134,0,0,0,0
"2026-07-03 06:00:00",1603,25.31,12.69,12.66,10.95,0.14,0,0,0,0
"2026-07-03 06:15:00",1604,25.24,12.73,12.72,12.63,0.105,0,0,0,0
"2026-07-03 06:30:00",1605,25.19,12.74,12.65,12.51,0.165,0,0,0,0
"2026-07-03 06:45:00",1606,25.15,12.92,12.84,12.75,0.171,0,0,0,0
"2026-07-03 07:00:00",1607,25.14,13.32,13.23,13.12,0.168,0,0,0,0
"2026-07-03 07:15:00",1608,25.2,13.66,13.57,13.47,0.16,0,0,0,0
"2026-07-03 07:30:00",1609,25.33,13.81,13.7,13.59,0.17,0,0,0,0
"2026-07-03 07:45:00",1610,25.47,13.95,13.86,13.83,0.158,0,0,0,0
"2026-07-03 08:00:00",1611,25.63,13.98,13.85,13.93,0.114,0,0,0,0
"2026-07-03 08:15:00",1612,25.83,13.89,13.87,13.94,0.115,0,0,0,0
"2026-07-03 08:30:00",1613,26.1,13.97,13.84,15.28,0.117,0,0,0,0
"2026-07-03 08:45:00",1614,26.36,13.98,13.84,24.13,0.116,0,0,0,0
"2026-07-03 09:00:00",1615,26.66,13.85,13.93,23.8,0.117,0,0,0,0
"2026-07-03 09:15:00",1616,26.99,13.98,13.84,23.77,0.118,0,0,0,0
"2026-07-03 09:30:00",1617,27.38,13.83,13.9,23.58,0.116,0,0,0,0
"2026-07-03 09:45:00",1618,27.8,13.78,13.73,13.76,0.16,0,0,0,0
"2026-07-03 10:00:00",1619,28.3,13.84,13.81,13.9,0.126,0,0,0,0
"2026-07-03 10:15:00",1620,28.85,13.81,13.87,23.03,0.121,0,0,0,0
"2026-07-03 10:30:00",1621,29.4,13.4,13.3,23.03,0.164,0,0,0,0
"2026-07-03 10:45:00",1622,29.8,13.41,13.46,23.44,0.121,0,0,0,0
"2026-07-03 11:00:00",1623,30.02,13.38,13.43,23.52,0.117,0,0,0,0
"2026-07-03 11:15:00",1624,30.08,13.46,13.34,23.42,0.118,0,0,0,0
"2026-07-03 11:30:00",1625,30.1,13.38,13.42,23.45,0.127,0,0,0,0
"2026-07-03 11:45:00",1626,30.08,13.38,13.33,13.41,0.135,0,0,0,0
"2026-07-03 12:00:00",1627,30.04,13.33,13.24,22.44,0.158,0,0,0,0
"2026-07-03 12:15:00",1628,30.03,13.37,13.37,23.48,0.117,0,0,0,0
"2026-07-03 12:30:00",1629,30.01,13.38,13.33,13.36,0.116,0,0,0,0
"2026-07-03 12:45:00",1630,30.02,13.4,13.32,23.24,0.132,0,0,0,0
"2026-07-03 13:00:00",1631,29.98,13.43,13.35,23.44,0.116,0,0,0,0
"2026-07-03 13:15:00",1632,29.88,13.35,13.27,13.24,0.171,0,0,0,0
"2026-07-03 13:30:00",1633,29.67,13.43,13.45,23.37,0.095,0,0,0,0
"2026-07-03 13:45:00",1634,29.46,13.48,13.41,23.61,0.089,0,0,0,0
"2026-07-03 14:00:00",1635,29.33,13.37,13.38,23.13,0.141,0,0,0,0
"2026-07-03 14:15:00",1636,29.33,13.48,13.41,23.5,0.09,0,0,0,0
"2026-07-03 14:30:00",1637,29.29,13.49,13.42,23.69,0.089,0,0,0,0
"2026-07-03 14:45:00",1638,29.16,13.43,13.48,23.77,0.093,0,0,0,0
"2026-07-03 15:00:00",1639,29.08,13.43,13.41,22.98,0.092,0,0,0,0
"2026-07-03 15:15:00",1640,29.03,13.45,13.42,23.84,0.09,0,0,0,0
"2026-07-03 15:30:00",1641,29.02,13.43,13.42,13.47,0.097,0,0,0,0
"2026-07-03 15:45:00",1642,29.02,13.43,13.42,23.95,0.093,0,0,0,0
"2026-07-03 16:00:00",1643,29,13.51,13.42,24.04,0.088,0,0,0,0
"2026-07-03 16:15:00",1644,28.96,13.48,13.42,24.06,0.078,0,0,0,0
"2026-07-03 16:30:00",1645,28.92,13.52,13.42,24.09,0.09,0,0,0,0
"2026-07-03 16:45:00",1646,28.89,13.53,13.42,24.01,0.089,0,0,0,0
"2026-07-03 17:00:00",1647,28.85,13.44,13.42,23.98,0.09,0,0,0,0
"2026-07-03 17:15:00",1648,28.85,13.43,13.44,24.07,0.09,0,0,0,0
"2026-07-03 17:30:00",1649,28.85,13.43,13.43,23.95,0.096,0,0,0,0
"2026-07-03 17:45:00",1650,28.86,13.43,13.43,23.73,0.093,0,0,0,0
"2026-07-03 18:00:00",1651,28.86,13.42,13.39,13.44,0.106,0,0,0,0
"2026-07-03 18:15:00",1652,28.88,13.42,13.41,13.55,0.095,0,0,0,0
"2026-07-03 18:30:00",1653,28.92,13.43,13.4,23.53,0.115,0,0,0,0
"2026-07-03 18:45:00",1654,28.96,13.41,13.5,23.64,0.088,0,0,0,0
"2026-07-03 19:00:00",1655,29.01,13.43,13.41,23.68,0.092,0,0,0,0
"2026-07-03 19:15:00",1656,29.06,13.43,13.42,23.7,0.094,0,0,0,0
"2026-07-03 19:30:00",1657,29.09,13.44,13.52,23.77,0.1,0,0,0,0
"2026-07-03 19:45:00",1658,29.07,13.54,13.42,23.73,0.094,0,0,0,0
"2026-07-03 20:00:00",1659,29.05,13.53,13.42,23.76,0.089,0,0,0,0
"2026-07-03 20:15:00",1660,29,13.43,13.42,23.68,0.096,0,0,0,0
"2026-07-03 20:30:00",1661,28.92,13.43,13.48,23.7,0.09,0,0,0,0
"2026-07-03 20:45:00",1662,28.77,13.48,13.42,23.44,0.098,0,0,0,0
"2026-07-03 21:00:00",1663,28.59,13.42,13.41,13.43,0.09,0,0,0,0
"2026-07-03 21:15:00",1664,28.39,13.24,13.24,13.19,0.088,0,0,0,0
"2026-07-03 21:30:00",1665,28.17,13.06,13.06,13.03,0.094,0,0,0,0
"2026-07-03 21:45:00",1666,27.94,12.94,12.93,12.88,0.093,0,0,0,0
"2026-07-03 22:00:00",1667,27.73,12.89,12.87,3.373,0.099,0,0,0,0
"2026-07-03 22:15:00",1668,27.52,12.86,12.85,0.216,0.105,0,0,0,0
"2026-07-03 22:30:00",1669,27.34,12.85,12.84,-0.085,0.098,0,0,0,0
"2026-07-03 22:45:00",1670,27.19,12.85,12.81,-0.12,0.092,0,0,0,0
"2026-07-03 23:00:00",1671,27.05,12.79,12.73,-0.283,0.16,0,0,0,0
"2026-07-03 23:15:00",1672,26.93,12.83,12.81,-0.125,0.094,0,0,0,0
"2026-07-03 23:30:00",1673,26.85,12.83,12.82,-0.157,0.094,0,0,0,0
"2026-07-03 23:45:00",1674,26.76,12.83,12.82,-0.134,0.098,0,0,0,0
"2026-07-04 00:00:00",1675,26.67,12.77,12.7,-0.295,0.165,0,0,0,0
"2026-07-04 00:15:00",1676,26.61,12.8,12.79,-0.176,0.11,0,0,0,0
"2026-07-04 00:30:00",1677,26.56,12.82,12.81,-0.119,0.091,0,0,0,0
"2026-07-04 00:45:00",1678,26.5,12.82,12.81,-0.111,0.097,0,0,0,0
"2026-07-04 01:00:00",1679,26.44,12.77,12.69,-0.317,0.175,0,0,0,0
"2026-07-04 01:15:00",1680,26.37,12.81,12.8,-0.104,0.089,0,0,0,0
"2026-07-04 01:30:00",1681,26.31,12.81,12.79,-0.105,0.09,0,0,0,0
"2026-07-04 01:45:00",1682,26.25,12.81,12.8,-0.111,0.091,0,0,0,0
"2026-07-04 02:00:00",1683,26.19,12.76,12.71,-0.278,0.1,0,0,0,0
"2026-07-04 02:15:00",1684,26.15,12.77,12.74,-0.197,0.129,0,0,0,0
"2026-07-04 02:30:00",1685,26.12,12.78,12.79,-0.11,0.094,0,0,0,0
"2026-07-04 02:45:00",1686,26.07,12.8,12.78,-0.108,0.091,0,0,0,0
"2026-07-04 03:00:00",1687,25.99,12.79,12.78,-0.117,0.091,0,0,0,0
"2026-07-04 03:15:00",1688,25.92,12.79,12.77,-0.114,0.097,0,0,0,0
"2026-07-04 03:30:00",1689,25.88,12.78,12.77,-0.115,0.099,0,0,0,0
"2026-07-04 03:45:00",1690,25.82,12.78,12.77,-0.105,0.092,0,0,0,0
"2026-07-04 04:00:00",1691,25.73,12.78,12.75,-0.116,0.098,0,0,0,0
"2026-07-04 04:15:00",1692,25.67,12.77,12.75,-0.13,0.115,0,0,0,0
"2026-07-04 04:30:00",1693,25.62,12.77,12.76,-0.146,0.09,0,0,0,0
"2026-07-04 04:45:00",1694,25.56,12.7,12.37,-0.457,0.283,0,0,0,0
"2026-07-04 05:00:00",1695,25.49,12.71,12.66,-0.311,0.136,0,0,0,0
"2026-07-04 05:15:00",1696,25.43,12.73,12.63,-0.276,0.153,0,0,0,0
"2026-07-04 05:30:00",1697,25.36,12.74,12.71,0,0.104,0,0,0,0
"2026-07-04 05:45:00",1698,25.29,12.73,12.67,1.274,0.158,0,0,0,0
"2026-07-04 06:00:00",1699,25.19,12.68,12.64,9.48,0.171,0,0,0,0
"2026-07-04 06:15:00",1700,25.11,12.68,12.57,13.09,0.145,0,0,0,0
"2026-07-04 06:30:00",1701,25.06,12.71,12.63,12.5,0.149,0,0,0,0
"2026-07-04 06:45:00",1702,24.99,12.83,12.82,12.75,0.109,0,0,0,0
"2026-07-04 07:00:00",1703,24.95,13.09,13.01,12.9,0.144,0,0,0,0
"2026-07-04 07:15:00",1704,24.95,13.62,13.54,13.59,0.113,0,0,0,0
"2026-07-04 07:30:00",1705,25.04,13.82,13.78,13.68,0.137,0,0,0,0
"2026-07-04 07:45:00",1706,25.21,13.94,13.87,13.81,0.127,0,0,0,0
"2026-07-04 08:00:00",1707,25.44,14.02,13.91,14.01,0.092,0,0,0,0
"2026-07-04 08:15:00",1708,25.71,13.9,13.88,13.99,0.088,0,0,0,0
"2026-07-04 08:30:00",1709,26.06,13.99,13.95,23.79,0.089,0,0,0,0
"2026-07-04 08:45:00",1710,26.4,13.98,13.85,23.62,0.1,0,0,0,0
"2026-07-04 09:00:00",1711,26.78,13.87,13.96,23.65,0.099,0,0,0,0
"2026-07-04 09:15:00",1712,27.08,13.96,13.81,23.65,0.112,0,0,0,0
"2026-07-04 09:30:00",1713,27.44,13.95,13.81,23.62,0.116,0,0,0,0
"2026-07-04 09:45:00",1714,27.85,13.83,13.8,23.5,0.126,0,0,0,0
"2026-07-04 10:00:00",1715,28.26,13.84,13.81,13.91,0.121,0,0,0,0
"2026-07-04 10:15:00",1716,28.6,13.81,13.88,23.48,0.119,0,0,0,0
"2026-07-04 10:30:00",1717,28.91,13.76,13.73,23.52,0.119,0,0,0,0
"2026-07-04 10:45:00",1718,29.07,13.41,13.39,13.49,0.129,0,0,0,0
"2026-07-04 11:00:00",1719,29.24,13.41,13.39,23.43,0.124,0,0,0,0
"2026-07-04 11:15:00",1720,29.47,13.41,13.46,23.42,0.114,0,0,0,0
"2026-07-04 11:30:00",1721,29.65,13.41,13.35,23.43,0.114,0,0,0,0
"2026-07-04 11:45:00",1722,29.8,13.42,13.32,23.4,0.14,0,0,0,0
"2026-07-04 12:00:00",1723,29.95,13.38,13.34,17.19,0.114,0,0,0,0
"2026-07-04 12:15:00",1724,30.1,13.41,13.33,23.32,0.109,0,0,0,0
"2026-07-04 12:30:00",1725,30.3,13.34,13.22,13.25,0.18,0,0,0,0
"2026-07-04 12:45:00",1726,30.5,13.38,13.38,23.25,0.126,0,0,0,0
"2026-07-04 13:00:00",1727,30.61,13.38,13.22,22.93,0.161,0,0,0,0
"2026-07-04 13:15:00",1728,30.71,13.37,13.28,23.04,0.162,0,0,0,0
"2026-07-04 13:30:00",1729,30.73,13.39,13.34,13.33,0.112,0,0,0,0
"2026-07-04 13:45:00",1730,30.67,13.42,13.34,13.37,0.122,0,0,0,0
"2026-07-04 14:00:00",1731,30.55,13.36,13.25,13.21,0.12,0,0,0,0
"2026-07-04 14:15:00",1732,30.5,13.41,13.35,23.15,0.12,0,0,0,0
"2026-07-04 14:30:00",1733,30.46,13.42,13.34,23.23,0.119,0,0,0,0
"2026-07-04 14:45:00",1734,30.33,13.38,13.4,23.62,0.12,0,0,0,0
"2026-07-04 15:00:00",1735,30.15,13.38,13.41,23.82,0.119,0,0,0,0
"2026-07-04 15:15:00",1736,29.9,13.38,13.35,23.24,0.12,0,0,0,0
"2026-07-04 15:30:00",1737,29.68,13.4,13.4,23.58,0.12,0,0,0,0
"2026-07-04 15:45:00",1738,29.46,13.39,13.38,13.45,0.1,0,0,0,0
"2026-07-04 16:00:00",1739,29.24,13.38,13.29,23.54,0.144,0,0,0,0
"2026-07-04 16:15:00",1740,29.06,13.43,13.49,23.79,0.097,0,0,0,0
"2026-07-04 16:30:00",1741,28.93,13.43,13.48,23.76,0.093,0,0,0,0
"2026-07-04 16:45:00",1742,28.82,13.43,13.5,23.85,0.089,0,0,0,0
"2026-07-04 17:00:00",1743,28.73,13.41,13.4,23.85,0.113,0,0,0,0
"2026-07-04 17:15:00",1744,28.69,13.52,13.42,23.83,0.089,0,0,0,0
"2026-07-04 17:30:00",1745,28.69,13.43,13.4,13.55,0.101,0,0,0,0
"2026-07-04 17:45:00",1746,28.69,13.44,13.42,23.89,0.098,0,0,0,0
"2026-07-04 18:00:00",1747,28.7,13.38,13.33,13.37,0.134,0,0,0,0
"2026-07-04 18:15:00",1748,28.72,13.53,13.42,23.75,0.091,0,0,0,0
"2026-07-04 18:30:00",1749,28.74,13.53,13.42,23.97,0.1,0,0,0,0
"2026-07-04 18:45:00",1750,28.71,13.43,13.41,13.55,0.101,0,0,0,0
"2026-07-04 19:00:00",1751,28.67,13.43,13.42,23.94,0.097,0,0,0,0
"2026-07-04 19:15:00",1752,28.62,13.43,13.52,24.04,0.091,0,0,0,0
"2026-07-04 19:30:00",1753,28.57,13.38,13.42,23.84,0.134,0,0,0,0
"2026-07-04 19:45:00",1754,28.49,13.43,13.4,13.52,0.095,0,0,0,0
"2026-07-04 20:00:00",1755,28.4,13.43,13.4,13.52,0.091,0,0,0,0
"2026-07-04 20:15:00",1756,28.32,13.47,13.42,23.81,0.133,0,0,0,0
"2026-07-04 20:30:00",1757,28.25,13.46,13.5,23.61,0.092,0,0,0,0
"2026-07-04 20:45:00",1758,28.16,13.46,13.44,13.46,0.096,0,0,0,0
"2026-07-04 21:00:00",1759,28.07,13.46,13.48,23.09,0.095,0,0,0,0
"2026-07-04 21:15:00",1760,27.94,13.19,13.15,13.05,0.147,0,0,0,0
"2026-07-04 21:30:00",1761,27.78,13.06,13.05,13.02,0.091,0,0,0,0
"2026-07-04 21:45:00",1762,27.6,12.93,12.86,12.85,0.152,0,0,0,0
"2026-07-04 22:00:00",1763,27.42,12.87,12.76,2.86,0.144,0,0,0,0
"2026-07-04 22:15:00",1764,27.26,12.85,12.82,0.149,0.106,0,0,0,0
"2026-07-04 22:30:00",1765,27.13,12.85,12.84,-0.09,0.103,0,0,0,0
"2026-07-04 22:45:00",1766,27.01,12.84,12.83,-0.133,0.106,0,0,0,0
"2026-07-04 23:00:00",1767,26.9,12.84,12.82,-0.131,0.093,0,0,0,0
"2026-07-04 23:15:00",1768,26.78,12.83,12.8,-0.142,0.094,0,0,0,0
"2026-07-04 23:30:00",1769,26.71,12.83,12.82,-0.133,0.101,0,0,0,0
"2026-07-04 23:45:00",1770,26.63,12.82,12.8,-0.167,0.09,0,0,0,0
"2026-07-05 00:00:00",1771,26.56,12.82,12.77,-0.179,0.123,0,0,0,0
"2026-07-05 00:15:00",1772,26.56,12.81,12.8,-0.145,0.091,0,0,0,0
"2026-07-05 00:30:00",1773,26.53,12.81,12.81,-0.131,0.101,0,0,0,0
"2026-07-05 00:45:00",1774,26.46,12.82,12.8,-0.138,0.094,0,0,0,0
"2026-07-05 01:00:00",1775,26.38,12.77,12.68,-0.296,0.14,0,0,0,0
"2026-07-05 01:15:00",1776,26.31,12.81,12.8,-0.125,0.107,0,0,0,0
"2026-07-05 01:30:00",1777,26.27,12.81,12.79,-0.12,0.095,0,0,0,0
"2026-07-05 01:45:00",1778,26.18,12.79,12.77,-0.132,0.096,0,0,0,0
"2026-07-05 02:00:00",1779,26.09,12.8,12.78,-0.116,0.092,0,0,0,0
"2026-07-05 02:15:00",1780,25.98,12.8,12.78,-0.124,0.093,0,0,0,0
"2026-07-05 02:30:00",1781,25.88,12.79,12.78,-0.161,0.099,0,0,0,0
"2026-07-05 02:45:00",1782,25.77,12.76,12.71,-0.214,0.13,0,0,0,0
"2026-07-05 03:00:00",1783,25.68,12.75,12.73,-0.194,0.127,0,0,0,0
"2026-07-05 03:15:00",1784,25.6,12.73,12.64,-0.431,0.142,0,0,0,0
"2026-07-05 03:30:00",1785,25.54,12.65,12.51,-0.595,0.16,0,0,0,0
"2026-07-05 03:45:00",1786,25.48,12.75,12.71,-0.246,0.132,0,0,0,0
"2026-07-05 04:00:00",1787,25.4,12.77,12.76,-0.14,0.1,0,0,0,0
"2026-07-05 04:15:00",1788,25.32,12.77,12.74,-0.127,0.097,0,0,0,0
"2026-07-05 04:30:00",1789,25.25,12.76,12.74,-0.124,0.093,0,0,0,0
"2026-07-05 04:45:00",1790,25.15,12.76,12.75,-0.139,0.097,0,0,0,0
"2026-07-05 05:00:00",1791,25.08,12.75,12.74,-0.125,0.094,0,0,0,0
"2026-07-05 05:15:00",1792,25.03,12.74,12.73,-0.101,0.092,0,0,0,0
"2026-07-05 05:30:00",1793,24.97,12.69,12.57,-0.177,0.151,0,0,0,0
"2026-07-05 05:45:00",1794,24.9,12.74,12.72,1.612,0.094,0,0,0,0
"2026-07-05 06:00:00",1795,24.83,12.7,12.65,9.72,0.132,0,0,0,0
"2026-07-05 06:15:00",1796,24.77,12.73,12.72,12.66,0.093,0,0,0,0
"2026-07-05 06:30:00",1797,24.73,12.76,12.73,12.71,0.093,0,0,0,0
"2026-07-05 06:45:00",1798,24.69,12.95,12.94,12.9,0.092,0,0,0,0
"2026-07-05 07:00:00",1799,24.72,13.4,13.39,13.36,0.09,0,0,0,0
"2026-07-05 07:15:00",1800,24.8,13.75,13.68,13.62,0.129,0,0,0,0
"2026-07-05 07:30:00",1801,24.95,13.92,13.83,13.78,0.131,0,0,0,0
"2026-07-05 07:45:00",1802,25.15,13.91,13.98,14.01,0.087,0,0,0,0
"2026-07-05 08:00:00",1803,25.4,13.85,13.9,23.78,0.134,0,0,0,0
"2026-07-05 08:15:00",1804,25.7,13.91,13.89,14.01,0.088,0,0,0,0
"2026-07-05 08:30:00",1805,26.08,13.88,13.95,23.77,0.088,0,0,0,0
"2026-07-05 08:45:00",1806,26.5,13.8,13.92,23.61,0.104,0,0,0,0
"2026-07-05 09:00:00",1807,26.96,13.84,13.86,23.47,0.135,0,0,0,0
"2026-07-05 09:15:00",1808,27.38,13.86,13.83,13.97,0.09,0,0,0,0
"2026-07-05 09:30:00",1809,27.8,13.84,13.87,23.8,0.089,0,0,0,0
"2026-07-05 09:45:00",1810,28.17,13.84,13.84,13.98,0.093,0,0,0,0
"2026-07-05 10:00:00",1811,28.52,13.96,13.84,23.51,0.088,0,0,0,0
"2026-07-05 10:15:00",1812,28.89,13.83,13.91,23.51,0.088,0,0,0,0
"2026-07-05 10:30:00",1813,29.21,13.42,13.42,23.47,0.105,0,0,0,0
"2026-07-05 10:45:00",1814,29.38,13.5,13.38,23.81,0.125,0,0,0,0
"2026-07-05 11:00:00",1815,29.27,13.41,13.46,23.75,0.123,0,0,0,0
"2026-07-05 11:15:00",1816,29.18,13.38,13.43,23.65,0.127,0,0,0,0
"2026-07-05 11:30:00",1817,29.13,13.42,13.35,23.63,0.151,0,0,0,0
"2026-07-05 11:45:00",1818,29.08,13.38,13.34,23.66,0.126,0,0,0,0
"2026-07-05 12:00:00",1819,29.09,13.38,13.41,23.54,0.122,0,0,0,0
"2026-07-05 12:15:00",1820,29.11,13.33,13.25,23.36,0.176,0,0,0,0
"2026-07-05 12:30:00",1821,29.21,13.45,13.33,23.55,0.117,0,0,0,0
"2026-07-05 12:45:00",1822,29.44,13.38,13.34,13.35,0.126,0,0,0,0
"2026-07-05 13:00:00",1823,29.52,13.32,13.21,20.85,0.186,0,0,0,0
"2026-07-05 13:15:00",1824,29.42,13.38,13.39,23.44,0.117,0,0,0,0
"2026-07-05 13:30:00",1825,29.24,13.44,13.34,23.53,0.118,0,0,0,0
"2026-07-05 13:45:00",1826,29.1,13.38,13.4,23.57,0.125,0,0,0,0
"2026-07-05 14:00:00",1827,28.98,13.44,13.34,23.64,0.119,0,0,0,0
"2026-07-05 14:15:00",1828,28.87,13.38,13.41,23.76,0.119,0,0,0,0
"2026-07-05 14:30:00",1829,28.8,13.38,13.34,23.73,0.118,0,0,0,0
"2026-07-05 14:45:00",1830,28.75,13.37,13.24,23.68,0.216,0,0,0,0
"2026-07-05 15:00:00",1831,28.72,13.4,13.34,22.9,0.13,0,0,0,0
"2026-07-05 15:15:00",1832,28.67,13.41,13.38,13.41,0.129,0,0,0,0
"2026-07-05 15:30:00",1833,28.63,13.41,13.45,23.8,0.117,0,0,0,0
"2026-07-05 15:45:00",1834,28.61,13.4,13.37,23.48,0.115,0,0,0,0
"2026-07-05 16:00:00",1835,28.63,13.41,13.38,13.41,0.117,0,0,0,0
"2026-07-05 16:15:00",1836,28.66,13.39,13.3,23.43,0.143,0,0,0,0
"2026-07-05 16:30:00",1837,28.68,13.45,13.28,23.55,0.178,0,0,0,0
"2026-07-05 16:45:00",1838,28.66,13.39,13.27,23.56,0.182,0,0,0,0
"2026-07-05 17:00:00",1839,28.62,13.34,13.24,23.42,0.176,0,0,0,0
"2026-07-05 17:15:00",1840,28.57,13.43,13.39,23.8,0.107,0,0,0,0
"2026-07-05 17:30:00",1841,28.54,13.43,13.42,23.94,0.094,0,0,0,0
"2026-07-05 17:45:00",1842,28.47,13.45,13.4,24.01,0.104,0,0,0,0
"2026-07-05 18:00:00",1843,28.39,13.43,13.41,23.97,0.096,0,0,0,0
"2026-07-05 18:15:00",1844,28.34,13.43,13.39,23.89,0.147,0,0,0,0
"2026-07-05 18:30:00",1845,28.31,13.43,13.41,23.99,0.096,0,0,0,0
"2026-07-05 18:45:00",1846,28.28,13.38,13.34,23.8,0.139,0,0,0,0
"2026-07-05 19:00:00",1847,28.26,13.36,13.31,23.87,0.16,0,0,0,0
"2026-07-05 19:15:00",1848,28.25,13.42,13.3,23.89,0.141,0,0,0,0
"2026-07-05 19:30:00",1849,28.23,13.43,13.39,23.97,0.095,0,0,0,0
"2026-07-05 19:45:00",1850,28.19,13.39,13.3,23.7,0.166,0,0,0,0
"2026-07-05 20:00:00",1851,28.13,13.43,13.41,23.87,0.099,0,0,0,0
"2026-07-05 20:15:00",1852,28.07,13.51,13.34,23.77,0.119,0,0,0,0
"2026-07-05 20:30:00",1853,28.02,13.45,13.45,23.78,0.101,0,0,0,0
"2026-07-05 20:45:00",1854,27.9,13.45,13.47,23.44,0.09,0,0,0,0
"2026-07-05 21:00:00",1855,27.75,13.46,13.46,22.73,0.096,0,0,0,0
"2026-07-05 21:15:00",1856,27.59,13.2,13.18,13.16,0.091,0,0,0,0
"2026-07-05 21:30:00",1857,27.42,13.04,13.03,12.97,0.103,0,0,0,0
"2026-07-05 21:45:00",1858,27.21,12.93,12.9,12.87,0.091,0,0,0,0
"2026-07-05 22:00:00",1859,27.04,12.88,12.86,2.466,0.11,0,0,0,0
"2026-07-05 22:15:00",1860,26.87,12.85,12.81,0.106,0.105,0,0,0,0
"2026-07-05 22:30:00",1861,26.73,12.84,12.83,-0.125,0.092,0,0,0,0
"2026-07-05 22:45:00",1862,26.59,12.82,12.73,-0.278,0.131,0,0,0,0
"2026-07-05 23:00:00",1863,26.44,12.78,12.72,-0.313,0.14,0,0,0,0
"2026-07-05 23:15:00",1864,26.31,12.77,12.71,-0.309,0.158,0,0,0,0
"2026-07-05 23:30:00",1865,26.21,12.83,12.81,-0.152,0.098,0,0,0,0
"2026-07-05 23:45:00",1866,26.09,12.82,12.81,-0.137,0.092,0,0,0,0
"2026-07-06 00:00:00",1867,25.99,12.76,12.68,-0.37,0.145,0,0,0,0
"2026-07-06 00:15:00",1868,25.94,12.82,12.8,-0.153,0.119,0,0,0,0
"2026-07-06 00:30:00",1869,25.87,12.81,12.8,-0.144,0.097,0,0,0,0
"2026-07-06 00:45:00",1870,25.77,12.81,12.79,-0.142,0.098,0,0,0,0
"2026-07-06 01:00:00",1871,25.67,12.81,12.79,-0.149,0.095,0,0,0,0
"2026-07-06 01:15:00",1872,25.57,12.77,12.7,-0.271,0.144,0,0,0,0
"2026-07-06 01:30:00",1873,25.5,12.8,12.78,-0.146,0.095,0,0,0,0
"2026-07-06 01:45:00",1874,25.42,12.79,12.65,-0.238,0.142,0,0,0,0
"2026-07-06 02:00:00",1875,25.31,12.76,12.7,-0.345,0.163,0,0,0,0
"2026-07-06 02:15:00",1876,25.19,12.79,12.78,-0.13,0.105,0,0,0,0
"2026-07-06 02:30:00",1877,25.12,12.75,12.67,-0.319,0.142,0,0,0,0
"2026-07-06 02:45:00",1878,25.06,12.74,12.67,-0.352,0.177,0,0,0,0
"2026-07-06 03:00:00",1879,24.99,12.78,12.77,-0.164,0.1,0,0,0,0
"2026-07-06 03:15:00",1880,24.95,12.78,12.74,-0.128,0.097,0,0,0,0
"2026-07-06 03:30:00",1881,24.94,12.77,12.76,-0.138,0.088,0,0,0,0
"2026-07-06 03:45:00",1882,24.94,12.76,12.7,-0.164,0.124,0,0,0,0
"2026-07-06 04:00:00",1883,24.93,12.76,12.75,-0.141,0.096,0,0,0,0
"2026-07-06 04:15:00",1884,24.89,12.72,12.65,-0.322,0.139,0,0,0,0
"2026-07-06 04:30:00",1885,24.87,12.76,12.74,-0.13,0.094,0,0,0,0
"2026-07-06 04:45:00",1886,24.84,12.7,12.66,-0.281,0.145,0,0,0,0
"2026-07-06 05:00:00",1887,24.82,12.74,12.71,-0.131,0.093,0,0,0,0
"2026-07-06 05:15:00",1888,24.79,12.69,12.63,-0.278,0.152,0,0,0,0
"2026-07-06 05:30:00",1889,24.76,12.74,12.72,-0.066,0.095,0,0,0,0
"2026-07-06 05:45:00",1890,24.74,12.69,12.59,0.701,0.145,0,0,0,0
"2026-07-06 06:00:00",1891,24.74,12.7,12.67,7.361,0.113,0,0,0,0
"2026-07-06 06:15:00",1892,24.69,12.72,12.67,14.26,0.143,0,0,0,0
"2026-07-06 06:30:00",1893,24.61,12.7,12.64,12.48,0.134,0,0,0,0
"2026-07-06 06:45:00",1894,24.54,12.94,12.89,12.79,0.137,0,0,0,0
"2026-07-06 07:00:00",1895,24.52,13.4,13.37,13.35,0.09,0,0,0,0
"2026-07-06 07:15:00",1896,24.6,13.69,13.64,13.58,0.135,0,0,0,0
"2026-07-06 07:30:00",1897,24.75,13.9,13.88,13.87,0.096,0,0,0,0
"2026-07-06 07:45:00",1898,24.95,13.99,13.97,13.96,0.089,0,0,0,0
"2026-07-06 08:00:00",1899,25.2,14.02,13.91,14.03,0.098,0,0,0,0
"2026-07-06 08:15:00",1900,25.49,14.01,13.87,13.99,0.105,0,0,0,0
"2026-07-06 08:30:00",1901,25.85,13.9,13.89,14.01,0.089,0,0,0,0
"2026-07-06 08:45:00",1902,26.25,13.97,13.84,23.49,0.122,0,0,0,0
"2026-07-06 09:00:00",1903,26.67,13.88,13.95,23.41,0.087,0,0,0,0
"2026-07-06 09:15:00",1904,27.11,13.83,13.76,13.81,0.145,0,0,0,0
"2026-07-06 09:30:00",1905,27.61,13.86,13.91,23.19,0.089,0,0,0,0
"2026-07-06 09:45:00",1906,28.04,13.86,13.71,23.38,0.143,0,0,0,0
"2026-07-06 10:00:00",1907,28.44,13.87,13.7,23.47,0.153,0,0,0,0
"2026-07-06 10:15:00",1908,28.77,13.78,13.82,23.62,0.14,0,0,0,0
"2026-07-06 10:30:00",1909,29.07,13.47,13.46,23.48,0.093,0,0,0,0
"2026-07-06 10:45:00",1910,29.37,13.38,13.32,13.35,0.169,0,0,0,0
"2026-07-06 11:00:00",1911,29.64,13.48,13.37,23.43,0.09,0,0,0,0
"2026-07-06 11:15:00",1912,29.85,13.32,13.28,23.42,0.135,0,0,0,0
"2026-07-06 11:30:00",1913,29.92,13.28,13.22,15.75,0.155,0,0,0,0
"2026-07-06 11:45:00",1914,29.83,13.31,13.2,13.29,0.151,0,0,0,0
"2026-07-06 12:00:00",1915,29.74,13.43,13.34,23.59,0.093,0,0,0,0
"2026-07-06 12:15:00",1916,29.59,13.3,13.27,13.3,0.175,0,0,0,0
"2026-07-06 12:30:00",1917,29.43,13.36,13.3,23.57,0.11,0,0,0,0
"2026-07-06 12:45:00",1918,29.26,13.34,13.34,23.53,0.147,0,0,0,0
"2026-07-06 13:00:00",1919,29.09,13.44,13.34,23.6,0.127,0,0,0,0
"2026-07-06 13:15:00",1920,28.98,13.34,13.25,23.55,0.181,0,0,0,0
"2026-07-06 13:30:00",1921,28.95,13.38,13.34,23.61,0.129,0,0,0,0
"2026-07-06 13:45:00",1922,28.89,13.38,13.34,13.37,0.127,0,0,0,0
"2026-07-06 14:00:00",1923,28.83,13.39,13.35,23.52,0.141,0,0,0,0
"2026-07-06 14:15:00",1924,28.83,13.36,13.32,13.32,0.119,0,0,0,0
"2026-07-06 14:30:00",1925,28.97,13.41,13.37,13.44,0.126,0,0,0,0
"2026-07-06 14:45:00",1926,29.09,13.38,13.39,23.53,0.122,0,0,0,0
"2026-07-06 15:00:00",1927,29.14,13.41,13.32,23.51,0.134,0,0,0,0
"2026-07-06 15:15:00",1928,29.19,13.4,13.32,23.46,0.15,0,0,0,0
"2026-07-06 15:30:00",1929,29.23,13.37,13.32,23.55,0.119,0,0,0,0
"2026-07-06 15:45:00",1930,29.26,13.45,13.33,23.46,0.113,0,0,0,0
"2026-07-06 16:00:00",1931,29.26,13.36,13.31,13.31,0.127,0,0,0,0
"2026-07-06 16:15:00",1932,29.25,13.38,13.34,21.02,0.118,0,0,0,0
"2026-07-06 16:30:00",1933,29.27,13.38,13.34,13.45,0.12,0,0,0,0
"2026-07-06 16:45:00",1934,29.26,13.38,13.34,23.59,0.121,0,0,0,0
"2026-07-06 17:00:00",1935,29.23,13.48,13.35,23.71,0.125,0,0,0,0
"2026-07-06 17:15:00",1936,29.22,13.38,13.38,23.68,0.171,0,0,0,0
"2026-07-06 17:30:00",1937,29.23,13.48,13.36,23.88,0.116,0,0,0,0
"2026-07-06 17:45:00",1938,29.23,13.41,13.38,13.43,0.129,0,0,0,0
"2026-07-06 18:00:00",1939,29.23,13.52,13.37,23.9,0.119,0,0,0,0
"2026-07-06 18:15:00",1940,29.25,13.42,13.35,23.97,0.145,0,0,0,0
"2026-07-06 18:30:00",1941,29.31,13.42,13.51,23.92,0.09,0,0,0,0
"2026-07-06 18:45:00",1942,29.38,13.53,13.41,23.79,0.089,0,0,0,0
"2026-07-06 19:00:00",1943,29.39,13.42,13.42,13.57,0.095,0,0,0,0
"2026-07-06 19:15:00",1944,29.31,13.48,13.41,23.51,0.076,0,0,0,0
"2026-07-06 19:30:00",1945,29.22,13.43,13.41,23.52,0.094,0,0,0,0
"2026-07-06 19:45:00",1946,29.11,13.43,13.48,23.46,0.091,0,0,0,0
"2026-07-06 20:00:00",1947,29.01,13.46,13.41,23.38,0.125,0,0,0,0
"2026-07-06 20:15:00",1948,28.91,13.38,13.33,13.3,0.148,0,0,0,0
"2026-07-06 20:30:00",1949,28.81,13.46,13.4,23.02,0.091,0,0,0,0
"2026-07-06 20:45:00",1950,28.68,13.45,13.43,22.7,0.099,0,0,0,0
"2026-07-06 21:00:00",1951,28.55,13.25,13.24,13.21,0.101,0,0,0,0
"2026-07-06 21:15:00",1952,28.4,13.13,13.11,13.09,0.091,0,0,0,0
"2026-07-06 21:30:00",1953,28.23,12.99,12.98,12.94,0.102,0,0,0,0
"2026-07-06 21:45:00",1954,27.99,12.91,12.86,10.39,0.092,0,0,0,0
"2026-07-06 22:00:00",1955,27.77,12.87,12.86,1.591,0.098,0,0,0,0
"2026-07-06 22:15:00",1956,27.55,12.83,12.8,-0.02,0.108,0,0,0,0
"2026-07-06 22:30:00",1957,27.34,12.85,12.83,-0.154,0.101,0,0,0,0
"2026-07-06 22:45:00",1958,27.13,12.84,12.82,-0.14,0.093,0,0,0,0
"2026-07-06 23:00:00",1959,26.95,12.83,12.82,-0.14,0.09,0,0,0,0
"2026-07-06 23:15:00",1960,26.77,12.82,12.82,-0.151,0.098,0,0,0,0
"2026-07-06 23:30:00",1961,26.62,12.82,12.8,-0.139,0.096,0,0,0,0
"2026-07-06 23:45:00",1962,26.46,12.83,12.8,-0.138,0.097,0,0,0,0
"2026-07-07 00:00:00",1963,26.3,12.83,12.8,-0.139,0.094,0,0,0,0
"2026-07-07 00:15:00",1964,26.2,12.82,12.8,-0.158,0.097,0,0,0,0
"2026-07-07 00:30:00",1965,26.09,12.82,12.79,-0.147,0.094,0,0,0,0
"2026-07-07 00:45:00",1966,25.95,12.81,12.79,-0.148,0.091,0,0,0,0
"2026-07-07 01:00:00",1967,25.83,12.81,12.79,-0.189,0.098,0,0,0,0
"2026-07-07 01:15:00",1968,25.72,12.81,12.79,-0.141,0.099,0,0,0,0
"2026-07-07 01:30:00",1969,25.65,12.79,12.77,-0.141,0.095,0,0,0,0
"2026-07-07 01:45:00",1970,25.56,12.74,12.66,-0.337,0.134,0,0,0,0
"2026-07-07 02:00:00",1971,25.47,12.79,12.76,-0.142,0.092,0,0,0,0
"2026-07-07 02:15:00",1972,25.4,12.74,12.68,-0.301,0.141,0,0,0,0
"2026-07-07 02:30:00",1973,25.36,12.72,12.72,-0.265,0.125,0,0,0,0
"2026-07-07 02:45:00",1974,25.32,12.73,12.66,-0.276,0.145,0,0,0,0
"2026-07-07 03:00:00",1975,25.26,12.74,12.68,-0.272,0.125,0,0,0,0
"2026-07-07 03:15:00",1976,25.19,12.77,12.76,-0.177,0.1,0,0,0,0
"2026-07-07 03:30:00",1977,25.14,12.73,12.68,-0.234,0.14,0,0,0,0
"2026-07-07 03:45:00",1978,25.06,12.75,12.74,-0.136,0.092,0,0,0,0
"2026-07-07 04:00:00",1979,24.98,12.71,12.64,-0.336,0.129,0,0,0,0
"2026-07-07 04:15:00",1980,24.91,12.75,12.74,-0.136,0.089,0,0,0,0
"2026-07-07 04:30:00",1981,24.84,12.69,12.64,-0.348,0.14,0,0,0,0
"2026-07-07 04:45:00",1982,24.74,12.68,12.62,-0.354,0.186,0,0,0,0
"2026-07-07 05:00:00",1983,24.63,12.74,12.73,-0.144,0.09,0,0,0,0
"2026-07-07 05:15:00",1984,24.49,12.74,12.72,-0.171,0.089,0,0,0,0
"2026-07-07 05:30:00",1985,24.39,12.67,12.55,-0.261,0.165,0,0,0,0
"2026-07-07 05:45:00",1986,24.29,12.71,12.7,0.959,0.092,0,0,0,0
"2026-07-07 06:00:00",1987,24.2,12.72,12.7,8.39,0.093,0,0,0,0
"2026-07-07 06:15:00",1988,24.14,12.72,12.7,12.82,0.1,0,0,0,0
"2026-07-07 06:30:00",1989,24.06,12.68,12.62,12.47,0.141,0,0,0,0
"2026-07-07 06:45:00",1990,23.96,12.88,12.85,12.82,0.091,0,0,0,0
"2026-07-07 07:00:00",1991,23.91,13.25,13.18,13.09,0.146,0,0,0,0
"2026-07-07 07:15:00",1992,23.96,13.75,13.7,13.67,0.125,0,0,0,0
"2026-07-07 07:30:00",1993,24.13,13.91,13.83,13.8,0.144,0,0,0,0
"2026-07-07 07:45:00",1994,24.36,13.98,13.91,13.89,0.119,0,0,0,0
"2026-07-07 08:00:00",1995,24.73,14.02,13.99,24.05,0.09,0,0,0,0
"2026-07-07 08:15:00",1996,25.13,13.89,13.92,13.87,0.123,0,0,0,0
"2026-07-07 08:30:00",1997,25.54,13.92,13.88,13.97,0.085,0,0,0,0
"2026-07-07 08:45:00",1998,25.88,13.86,13.9,23.35,0.144,0,0,0,0
"2026-07-07 09:00:00",1999,26.24,13.93,13.86,13.94,0.062,0,0,0,0
"2026-07-07 09:15:00",2000,26.67,13.84,13.85,23.54,0.137,0,0,0,0
"2026-07-07 09:30:00",2001,27.08,13.87,13.86,13.98,0.089,0,0,0,0
"2026-07-07 09:45:00",2002,27.45,13.95,13.83,23.72,0.09,0,0,0,0
"2026-07-07 10:00:00",2003,27.77,13.86,13.82,13.94,0.088,0,0,0,0
"2026-07-07 10:15:00",2004,28.09,13.92,13.81,23.5,0.088,0,0,0,0
"2026-07-07 10:30:00",2005,28.47,13.44,13.42,23.16,0.106,0,0,0,0
"2026-07-07 10:45:00",2006,28.88,13.42,13.5,23.1,0.101,0,0,0,0
"2026-07-07 11:00:00",2007,29.33,13.45,13.37,23.59,0.109,0,0,0,0
"2026-07-07 11:15:00",2008,29.58,13.34,13.41,23.37,0.102,0,0,0,0
"2026-07-07 11:30:00",2009,29.72,13.31,13.32,23.28,0.15,0,0,0,0
"2026-07-07 11:45:00",2010,29.76,13.36,13.34,23.32,0.098,0,0,0,0
"2026-07-07 12:00:00",2011,29.86,13.41,13.22,23.42,0.144,0,0,0,0
"2026-07-07 12:15:00",2012,30.01,13.36,13.34,23.55,0.098,0,0,0,0
"2026-07-07 12:30:00",2013,30.22,13.44,13.34,23.47,0.097,0,0,0,0
"2026-07-07 12:45:00",2014,30.34,13.3,13.32,23.22,0.155,0,0,0,0
"2026-07-07 13:00:00",2015,30.45,13.39,13.34,23.21,0.097,0,0,0,0
"2026-07-07 13:15:00",2016,30.6,13.36,13.34,13.39,0.098,0,0,0,0
"2026-07-07 13:30:00",2017,30.8,13.32,13.22,13.23,0.166,0,0,0,0
"2026-07-07 13:45:00",2018,30.95,13.34,13.37,23.23,0.11,0,0,0,0
"2026-07-07 14:00:00",2019,31.02,13.35,13.36,23.19,0.116,0,0,0,0
"2026-07-07 14:15:00",2020,31.1,13.34,13.31,13.3,0.135,0,0,0,0
"2026-07-07 14:30:00",2021,31.13,13.37,13.3,23.19,0.131,0,0,0,0
"2026-07-07 14:45:00",2022,31.06,13.33,13.23,13.26,0.183,0,0,0,0
"2026-07-07 15:00:00",2023,31.02,13.4,13.31,23.08,0.134,0,0,0,0
"2026-07-07 15:15:00",2024,31.06,13.3,13.18,13.13,0.172,0,0,0,0
"2026-07-07 15:30:00",2025,31.14,13.34,13.29,17.26,0.128,0,0,0,0
"2026-07-07 15:45:00",2026,31.28,13.35,13.3,13.31,0.129,0,0,0,0
"2026-07-07 16:00:00",2027,31.49,13.34,13.3,13.32,0.13,0,0,0,0
"2026-07-07 16:15:00",2028,31.64,13.31,13.27,23.35,0.125,0,0,0,0
"2026-07-07 16:30:00",2029,31.77,13.31,13.28,22.17,0.138,0,0,0,0
"2026-07-07 16:45:00",2030,31.78,13.31,13.27,13.32,0.129,0,0,0,0
"2026-07-07 17:00:00",2031,31.65,13.32,13.35,23.46,0.134,0,0,0,0
"2026-07-07 17:15:00",2032,31.42,13.32,13.28,23.57,0.137,0,0,0,0
"2026-07-07 17:30:00",2033,31.2,13.32,13.35,23.49,0.123,0,0,0,0
"2026-07-07 17:45:00",2034,31,13.3,13.25,23.53,0.14,0,0,0,0
"2026-07-07 18:00:00",2035,30.85,13.32,13.29,23.49,0.131,0,0,0,0
"2026-07-07 18:15:00",2036,30.75,13.31,13.27,23.57,0.12,0,0,0,0
"2026-07-07 18:30:00",2037,30.67,13.32,13.27,13.34,0.123,0,0,0,0
"2026-07-07 18:45:00",2038,30.58,13.35,13.28,23.5,0.132,0,0,0,0
"2026-07-07 19:00:00",2039,30.51,13.32,13.26,23.47,0.122,0,0,0,0
"2026-07-07 19:15:00",2040,30.47,13.32,13.28,20.94,0.126,0,0,0,0
"2026-07-07 19:30:00",2041,30.45,13.41,13.28,23.52,0.131,0,0,0,0
"2026-07-07 19:45:00",2042,30.41,13.34,13.3,23.38,0.125,0,0,0,0
"2026-07-07 20:00:00",2043,30.29,13.38,13.3,22.94,0.126,0,0,0,0
"2026-07-07 20:15:00",2044,30.18,13.34,13.32,13.28,0.127,0,0,0,0
"2026-07-07 20:30:00",2045,30.03,13.32,13.32,13.27,0.134,0,0,0,0
"2026-07-07 20:45:00",2046,29.79,13.39,13.37,23.15,0.127,0,0,0,0
"2026-07-07 21:00:00",2047,29.6,13.24,13.21,13.19,0.11,0,0,0,0
"2026-07-07 21:15:00",2048,29.37,13.07,13.05,13,0.103,0,0,0,0
"2026-07-07 21:30:00",2049,29.13,12.92,12.92,12.89,0.097,0,0,0,0
"2026-07-07 21:45:00",2050,28.87,12.83,12.74,6.884,0.143,0,0,0,0
"2026-07-07 22:00:00",2051,28.6,12.86,12.82,0.79,0.096,0,0,0,0
"2026-07-07 22:15:00",2052,28.32,12.85,12.81,-0.06,0.098,0,0,0,0
"2026-07-07 22:30:00",2053,28.1,12.84,12.83,-0.137,0.099,0,0,0,0
"2026-07-07 22:45:00",2054,27.91,12.82,12.69,-0.322,0.148,0,0,0,0
"2026-07-07 23:00:00",2055,27.75,12.79,12.69,-0.373,0.108,0,0,0,0
"2026-07-07 23:15:00",2056,27.62,12.83,12.81,-0.172,0.102,0,0,0,0
"2026-07-07 23:30:00",2057,27.54,12.76,12.69,-0.359,0.161,0,0,0,0
"2026-07-07 23:45:00",2058,27.46,12.75,12.71,-0.28,0.148,0,0,0,0
"2026-07-08 00:00:00",2059,27.38,12.81,12.8,-0.157,0.092,0,0,0,0
"2026-07-08 00:15:00",2060,27.36,12.81,12.79,-0.156,0.101,0,0,0,0
"2026-07-08 00:30:00",2061,27.32,12.76,12.78,-0.326,0.11,0,0,0,0
"2026-07-08 00:45:00",2062,27.25,12.81,12.79,-0.16,0.1,0,0,0,0
"2026-07-08 01:00:00",2063,27.18,12.81,12.79,-0.155,0.105,0,0,0,0
"2026-07-08 01:15:00",2064,27.11,12.77,12.78,-0.149,0.096,0,0,0,0
"2026-07-08 01:30:00",2065,27.08,12.8,12.75,-0.147,0.093,0,0,0,0
"2026-07-08 01:45:00",2066,27.01,12.79,12.72,-0.202,0.101,0,0,0,0
"2026-07-08 02:00:00",2067,26.94,12.79,12.77,-0.145,0.094,0,0,0,0
"2026-07-08 02:15:00",2068,26.89,12.78,12.77,-0.201,0.092,0,0,0,0
"2026-07-08 02:30:00",2069,26.89,12.78,12.76,-0.202,0.097,0,0,0,0
"2026-07-08 02:45:00",2070,26.85,12.77,12.75,-0.166,0.095,0,0,0,0
"2026-07-08 03:00:00",2071,26.82,12.7,12.61,-0.437,0.152,0,0,0,0
"2026-07-08 03:15:00",2072,26.79,12.72,12.65,-0.355,0.135,0,0,0,0
"2026-07-08 03:30:00",2073,26.75,12.76,12.74,-0.144,0.091,0,0,0,0
"2026-07-08 03:45:00",2074,26.69,12.7,12.62,-0.301,0.148,0,0,0,0
"2026-07-08 04:00:00",2075,26.62,12.68,12.59,-0.347,0.179,0,0,0,0
"2026-07-08 04:15:00",2076,26.54,12.75,12.73,-0.148,0.093,0,0,0,0
"2026-07-08 04:30:00",2077,26.47,12.73,12.72,-0.146,0.1,0,0,0,0
"2026-07-08 04:45:00",2078,26.39,12.74,12.7,-0.14,0.092,0,0,0,0
"2026-07-08 05:00:00",2079,26.3,12.74,12.69,-0.167,0.106,0,0,0,0
"2026-07-08 05:15:00",2080,26.22,12.67,12.62,-0.409,0.151,0,0,0,0
"2026-07-08 05:30:00",2081,26.17,12.72,12.7,-0.101,0.092,0,0,0,0
"2026-07-08 05:45:00",2082,26.11,12.71,12.69,0.324,0.091,0,0,0,0
"2026-07-08 06:00:00",2083,26.04,12.71,12.7,4.895,0.097,0,0,0,0
"2026-07-08 06:15:00",2084,25.98,12.67,12.59,12.46,0.146,0,0,0,0
"2026-07-08 06:30:00",2085,25.94,12.73,12.71,12.68,0.092,0,0,0,0
"2026-07-08 06:45:00",2086,25.91,12.76,12.71,12.58,0.165,0,0,0,0
"2026-07-08 07:00:00",2087,25.89,13.04,13.02,12.99,0.094,0,0,0,0
"2026-07-08 07:15:00",2088,25.91,13.46,13.38,13.37,0.123,0,0,0,0
"2026-07-08 07:30:00",2089,26.01,13.78,13.76,13.75,0.088,0,0,0,0
"2026-07-08 07:45:00",2090,26.17,13.87,13.79,13.76,0.143,0,0,0,0
"2026-07-08 08:00:00",2091,26.39,13.93,13.86,13.8,0.111,0,0,0,0
"2026-07-08 08:15:00",2092,26.68,13.95,13.85,23.73,0.124,0,0,0,0
"2026-07-08 08:30:00",2093,27.02,13.95,13.85,23.53,0.09,0,0,0,0
"2026-07-08 08:45:00",2094,27.35,13.9,13.83,13.92,0.057,0,0,0,0
"2026-07-08 09:00:00",2095,27.65,13.87,13.8,23.29,0.089,0,0,0,0
"2026-07-08 09:15:00",2096,28.02,13.84,13.82,13.93,0.092,0,0,0,0
"2026-07-08 09:30:00",2097,28.42,13.82,13.89,23.65,0.095,0,0,0,0
"2026-07-08 09:45:00",2098,28.8,13.9,13.8,13.89,0.088,0,0,0,0
"2026-07-08 10:00:00",2099,29.2,13.82,13.9,23.44,0.088,0,0,0,0
"2026-07-08 10:15:00",2100,29.61,13.83,13.78,23.64,0.146,0,0,0,0
"2026-07-08 10:30:00",2101,29.96,13.79,13.76,13.88,0.088,0,0,0,0
"2026-07-08 10:45:00",2102,30.29,13.36,13.34,23.45,0.092,0,0,0,0
"2026-07-08 11:00:00",2103,30.63,13.36,13.34,23.55,0.096,0,0,0,0
"2026-07-08 11:15:00",2104,30.93,13.33,13.32,23.34,0.093,0,0,0,0
"2026-07-08 11:30:00",2105,31.26,13.42,13.31,23.26,0.098,0,0,0,0
"2026-07-08 11:45:00",2106,31.52,13.36,13.26,23.48,0.119,0,0,0,0
"2026-07-08 12:00:00",2107,31.69,13.39,13.28,23.41,0.095,0,0,0,0
"2026-07-08 12:15:00",2108,31.86,13.25,13.27,23.25,0.169,0,0,0,0
"2026-07-08 12:30:00",2109,32,13.3,13.36,23.42,0.093,0,0,0,0
"2026-07-08 12:45:00",2110,32.08,13.26,13.16,23.2,0.134,0,0,0,0
"2026-07-08 13:00:00",2111,32.11,13.25,13.18,23.26,0.141,0,0,0,0
"2026-07-08 13:15:00",2112,32.11,13.31,13.28,23.41,0.093,0,0,0,0
"2026-07-08 13:30:00",2113,32.16,13.3,13.28,23.11,0.092,0,0,0,0
"2026-07-08 13:45:00",2114,32.22,13.3,13.35,23.33,0.096,0,0,0,0
"2026-07-08 14:00:00",2115,32.3,13.3,13.16,22.93,0.148,0,0,0,0
"2026-07-08 14:15:00",2116,32.42,13.29,13.25,23.15,0.104,0,0,0,0
"2026-07-08 14:30:00",2117,32.56,13.28,13.17,23.15,0.15,0,0,0,0
"2026-07-08 14:45:00",2118,32.61,13.3,13.28,23.2,0.099,0,0,0,0
"2026-07-08 15:00:00",2119,32.65,13.38,13.28,23.25,0.098,0,0,0,0
"2026-07-08 15:15:00",2120,32.65,13.29,13.24,13.29,0.108,0,0,0,0
"2026-07-08 15:30:00",2121,32.54,13.29,13.28,23.29,0.099,0,0,0,0
"2026-07-08 15:45:00",2122,32.33,13.29,13.3,23.46,0.105,0,0,0,0
"2026-07-08 16:00:00",2123,32.11,13.29,13.27,23.56,0.119,0,0,0,0
"2026-07-08 16:15:00",2124,31.86,13.36,13.23,23.56,0.125,0,0,0,0
"2026-07-08 16:30:00",2125,31.63,13.34,13.27,23.53,0.133,0,0,0,0
"2026-07-08 16:45:00",2126,31.39,13.31,13.28,23.58,0.121,0,0,0,0
"2026-07-08 17:00:00",2127,31.17,13.31,13.36,23.59,0.12,0,0,0,0
"2026-07-08 17:15:00",2128,30.96,13.29,13.27,23.46,0.173,0,0,0,0
"2026-07-08 17:30:00",2129,30.79,13.34,13.39,23.58,0.12,0,0,0,0
"2026-07-08 17:45:00",2130,30.64,13.34,13.3,23.65,0.134,0,0,0,0
"2026-07-08 18:00:00",2131,30.51,13.34,13.3,23.64,0.124,0,0,0,0
"2026-07-08 18:15:00",2132,30.38,13.34,13.31,23.74,0.134,0,0,0,0
"2026-07-08 18:30:00",2133,30.28,13.29,13.19,23.53,0.187,0,0,0,0
"2026-07-08 18:45:00",2134,30.18,13.28,13.31,23.58,0.179,0,0,0,0
"2026-07-08 19:00:00",2135,30.1,13.37,13.31,23.76,0.121,0,0,0,0
"2026-07-08 19:15:00",2136,30.03,13.36,13.19,23.51,0.13,0,0,0,0
"2026-07-08 19:30:00",2137,29.97,13.38,13.33,23.63,0.129,0,0,0,0
"2026-07-08 19:45:00",2138,29.89,13.32,13.33,23.39,0.169,0,0,0,0
"2026-07-08 20:00:00",2139,29.79,13.37,13.33,13.38,0.118,0,0,0,0
"2026-07-08 20:15:00",2140,29.68,13.38,13.33,23.48,0.113,0,0,0,0
"2026-07-08 20:30:00",2141,29.55,13.38,13.32,23.28,0.122,0,0,0,0
"2026-07-08 20:45:00",2142,29.39,13.44,13.35,22.65,0.118,0,0,0,0
"2026-07-08 21:00:00",2143,29.22,13.42,13.37,13.33,0.118,0,0,0,0
"2026-07-08 21:15:00",2144,29.03,13.14,13.1,13.02,0.125,0,0,0,0
"2026-07-08 21:30:00",2145,28.81,12.98,12.91,12.87,0.127,0,0,0,0
"2026-07-08 21:45:00",2146,28.57,12.88,12.85,12.75,0.124,0,0,0,0
"2026-07-08 22:00:00",2147,28.33,12.85,12.8,1.261,0.12,0,0,0,0
"2026-07-08 22:15:00",2148,28.11,12.85,12.82,-0.045,0.123,0,0,0,0
"2026-07-08 22:30:00",2149,27.95,12.84,12.82,-0.131,0.096,0,0,0,0
"2026-07-08 22:45:00",2150,27.79,12.83,12.81,-0.147,0.091,0,0,0,0
"2026-07-08 23:00:00",2151,27.66,12.78,12.72,-0.302,0.147,0,0,0,0
"2026-07-08 23:15:00",2152,27.53,12.83,12.81,-0.144,0.091,0,0,0,0
"2026-07-08 23:30:00",2153,27.42,12.81,12.78,-0.209,0.109,0,0,0,0
"2026-07-08 23:45:00",2154,27.31,12.82,12.8,-0.153,0.101,0,0,0,0
"2026-07-09 00:00:00",2155,27.22,12.81,12.8,-0.156,0.103,0,0,0,0
"2026-07-09 00:15:00",2156,27.19,12.81,12.76,-0.151,0.091,0,0,0,0
"2026-07-09 00:30:00",2157,27.15,12.81,12.78,-0.164,0.097,0,0,0,0
"2026-07-09 00:45:00",2158,27.06,12.81,12.78,-0.145,0.096,0,0,0,0
"2026-07-09 01:00:00",2159,26.95,12.75,12.66,-0.338,0.14,0,0,0,0
"2026-07-09 01:15:00",2160,26.88,12.8,12.75,-0.226,0.151,0,0,0,0
"2026-07-09 01:30:00",2161,26.83,12.75,12.61,-0.32,0.127,0,0,0,0
"2026-07-09 01:45:00",2162,26.77,12.73,12.69,-0.314,0.155,0,0,0,0
"2026-07-09 02:00:00",2163,26.72,12.73,12.66,-0.301,0.152,0,0,0,0
"2026-07-09 02:15:00",2164,26.65,12.79,12.76,-0.146,0.097,0,0,0,0
"2026-07-09 02:30:00",2165,26.59,12.78,12.75,-0.144,0.091,0,0,0,0
"2026-07-09 02:45:00",2166,26.44,12.74,12.69,-0.305,0.12,0,0,0,0
"2026-07-09 03:00:00",2167,26.33,12.71,12.67,-0.302,0.146,0,0,0,0
"2026-07-09 03:15:00",2168,26.26,12.71,12.66,-0.375,0.129,0,0,0,0
"2026-07-09 03:30:00",2169,26.22,12.7,12.58,-0.305,0.159,0,0,0,0
"2026-07-09 03:45:00",2170,26.24,12.72,12.65,-0.302,0.145,0,0,0,0
"2026-07-09 04:00:00",2171,26.29,12.7,12.6,-0.398,0.153,0,0,0,0
"2026-07-09 04:15:00",2172,26.33,12.7,12.59,-0.363,0.153,0,0,0,0
"2026-07-09 04:30:00",2173,26.36,12.75,12.72,-0.151,0.092,0,0,0,0
"2026-07-09 04:45:00",2174,26.33,12.72,12.62,-0.399,0.142,0,0,0,0
"2026-07-09 05:00:00",2175,26.29,12.73,12.63,-0.359,0.142,0,0,0,0
"2026-07-09 05:15:00",2176,26.23,12.73,12.71,-0.138,0.102,0,0,0,0
"2026-07-09 05:30:00",2177,26.21,12.73,12.71,-0.055,0.103,0,0,0,0
"2026-07-09 05:45:00",2178,26.18,12.72,12.71,0.688,0.107,0,0,0,0
"2026-07-09 06:00:00",2179,26.19,12.67,12.58,6.601,0.159,0,0,0,0
"2026-07-09 06:15:00",2180,26.21,12.72,12.67,12.74,0.092,0,0,0,0
"2026-07-09 06:30:00",2181,26.23,12.68,12.63,12.47,0.134,0,0,0,0
"2026-07-09 06:45:00",2182,26.23,12.84,12.8,12.74,0.107,0,0,0,0
"2026-07-09 07:00:00",2183,26.25,13.15,13.1,13,0.145,0,0,0,0
"2026-07-09 07:15:00",2184,26.31,13.66,13.64,13.62,0.089,0,0,0,0
"2026-07-09 07:30:00",2185,26.44,13.9,13.87,13.89,0.086,0,0,0,0
"2026-07-09 07:45:00",2186,26.63,13.91,13.9,13.89,0.087,0,0,0,0
"2026-07-09 08:00:00",2187,26.92,13.92,13.9,13.91,0.088,0,0,0,0
"2026-07-09 08:15:00",2188,27.22,13.88,13.9,23.89,0.143,0,0,0,0
"2026-07-09 08:30:00",2189,27.52,13.84,13.81,13.92,0.096,0,0,0,0
"2026-07-09 08:45:00",2190,27.85,13.78,13.78,13.81,0.095,0,0,0,0
"2026-07-09 09:00:00",2191,28.24,13.82,13.91,23.36,0.093,0,0,0,0
"2026-07-09 09:15:00",2192,28.69,13.82,13.9,23.44,0.089,0,0,0,0
"2026-07-09 09:30:00",2193,29.14,13.73,13.81,23.36,0.126,0,0,0,0
"2026-07-09 09:45:00",2194,29.58,13.77,13.73,13.85,0.1,0,0,0,0
"2026-07-09 10:00:00",2195,29.99,13.75,13.72,13.86,0.095,0,0,0,0
"2026-07-09 10:15:00",2196,30.32,13.75,13.72,13.87,0.091,0,0,0,0
"2026-07-09 10:30:00",2197,30.53,13.36,13.3,23.36,0.116,0,0,0,0
"2026-07-09 10:45:00",2198,30.73,13.36,13.45,23.49,0.097,0,0,0,0
"2026-07-09 11:00:00",2199,30.91,13.36,13.33,23.41,0.089,0,0,0,0
"2026-07-09 11:15:00",2200,31.11,13.35,13.33,23.44,0.091,0,0,0,0
"2026-07-09 11:30:00",2201,31.32,13.33,13.3,23.24,0.091,0,0,0,0
"2026-07-09 11:45:00",2202,31.58,13.33,13.39,23.25,0.093,0,0,0,0
"2026-07-09 12:00:00",2203,31.93,13.33,13.39,23.16,0.098,0,0,0,0
"2026-07-09 12:15:00",2204,32.35,13.3,13.36,23.09,0.1,0,0,0,0
"2026-07-09 12:30:00",2205,32.83,13.3,13.31,23.05,0.093,0,0,0,0
"2026-07-09 12:45:00",2206,33.13,13.3,13.27,13.37,0.093,0,0,0,0
"2026-07-09 13:00:00",2207,33.33,13.33,13.16,22.87,0.132,0,0,0,0
"2026-07-09 13:15:00",2208,33.5,13.26,13.24,23.09,0.09,0,0,0,0
"2026-07-09 13:30:00",2209,33.69,13.35,13.24,23.07,0.098,0,0,0,0
"2026-07-09 13:45:00",2210,33.83,13.27,13.14,22.96,0.122,0,0,0,0
"2026-07-09 14:00:00",2211,33.92,13.27,13.24,13.24,0.1,0,0,0,0
"2026-07-09 14:15:00",2212,33.96,13.26,13.3,23.01,0.095,0,0,0,0
"2026-07-09 14:30:00",2213,34.01,13.33,13.14,22.87,0.135,0,0,0,0
"2026-07-09 14:45:00",2214,34.01,13.35,13.24,23.13,0.098,0,0,0,0
"2026-07-09 15:00:00",2215,33.99,13.34,13.23,23.23,0.093,0,0,0,0
"2026-07-09 15:15:00",2216,33.98,13.26,13.24,23.15,0.102,0,0,0,0
"2026-07-09 15:30:00",2217,34.02,13.27,13.22,13.31,0.09,0,0,0,0
"2026-07-09 15:45:00",2218,34.07,13.27,13.23,23.1,0.102,0,0,0,0
"2026-07-09 16:00:00",2219,34.07,13.25,13.25,23.17,0.099,0,0,0,0
"2026-07-09 16:15:00",2220,34.03,13.28,13.21,23.11,0.096,0,0,0,0
"2026-07-09 16:30:00",2221,33.97,13.25,13.2,23.01,0.119,0,0,0,0
"2026-07-09 16:45:00",2222,33.94,13.25,13.2,23.04,0.126,0,0,0,0
"2026-07-09 17:00:00",2223,34,13.23,13.17,13.19,0.132,0,0,0,0
"2026-07-09 17:15:00",2224,34.1,13.25,13.21,23.04,0.112,0,0,0,0
"2026-07-09 17:30:00",2225,34.25,13.25,13.2,23.15,0.125,0,0,0,0
"2026-07-09 17:45:00",2226,34.41,13.25,13.17,21.65,0.122,0,0,0,0
"2026-07-09 18:00:00",2227,34.5,13.25,13.2,23.01,0.114,0,0,0,0
"2026-07-09 18:15:00",2228,34.58,13.25,13.32,22.98,0.121,0,0,0,0
"2026-07-09 18:30:00",2229,34.65,13.38,13.21,22.95,0.131,0,0,0,0
"2026-07-09 18:45:00",2230,34.73,13.25,13.19,13.33,0.116,0,0,0,0
"2026-07-09 19:00:00",2231,34.83,13.27,13.2,22.74,0.124,0,0,0,0
"2026-07-09 19:15:00",2232,34.88,13.25,13.21,22.67,0.13,0,0,0,0
"2026-07-09 19:30:00",2233,34.89,13.22,13.1,22.56,0.218,0,0,0,0
"2026-07-09 19:45:00",2234,34.78,13.21,13.07,22.4,0.167,0,0,0,0
"2026-07-09 20:00:00",2235,34.66,13.25,13.21,19.81,0.127,0,0,0,0
"2026-07-09 20:15:00",2236,34.54,13.25,13.22,22.93,0.122,0,0,0,0
"2026-07-09 20:30:00",2237,34.35,13.25,13.2,23.21,0.12,0,0,0,0
"2026-07-09 20:45:00",2238,34.04,13.25,13.23,22.91,0.118,0,0,0,0
"2026-07-09 21:00:00",2239,33.61,13.3,13.24,13.17,0.126,0,0,0,0
"2026-07-09 21:15:00",2240,33.12,13.02,12.9,12.75,0.197,0,0,0,0
"2026-07-09 21:30:00",2241,32.6,12.93,12.88,12.82,0.126,0,0,0,0
"2026-07-09 21:45:00",2242,32.08,12.86,12.81,8.58,0.119,0,0,0,0
"2026-07-09 22:00:00",2243,31.57,12.84,12.8,0.925,0.14,0,0,0,0
"2026-07-09 22:15:00",2244,31.1,12.82,12.76,-0.119,0.135,0,0,0,0
"2026-07-09 22:30:00",2245,30.69,12.82,12.78,-0.206,0.134,0,0,0,0
"2026-07-09 22:45:00",2246,30.32,12.84,12.81,-0.145,0.12,0,0,0,0
"2026-07-09 23:00:00",2247,29.97,12.83,12.8,-0.14,0.104,0,0,0,0
"2026-07-09 23:15:00",2248,29.6,12.83,12.8,-0.167,0.103,0,0,0,0
"2026-07-09 23:30:00",2249,29.29,12.81,12.72,-0.343,0.149,0,0,0,0
"2026-07-09 23:45:00",2250,29.05,12.76,12.72,-0.309,0.148,0,0,0,0
"2026-07-10 00:00:00",2251,28.83,12.81,12.8,-0.151,0.097,0,0,0,0
"2026-07-10 00:15:00",2252,28.68,12.8,12.76,-0.184,0.099,0,0,0,0
"2026-07-10 00:30:00",2253,28.54,12.81,12.77,-0.168,0.099,0,0,0,0
"2026-07-10 00:45:00",2254,28.38,12.81,12.78,-0.15,0.093,0,0,0,0
"2026-07-10 01:00:00",2255,28.24,12.75,12.69,-0.378,0.14,0,0,0,0
"2026-07-10 01:15:00",2256,28.11,12.79,12.75,-0.243,0.113,0,0,0,0
"2026-07-10 01:30:00",2257,28,12.75,12.72,-0.288,0.144,0,0,0,0
"2026-07-10 01:45:00",2258,27.88,12.79,12.76,-0.148,0.092,0,0,0,0
"2026-07-10 02:00:00",2259,27.76,12.79,12.77,-0.157,0.099,0,0,0,0
"2026-07-10 02:15:00",2260,27.66,12.72,12.64,-0.373,0.135,0,0,0,0
"2026-07-10 02:30:00",2261,27.57,12.73,12.7,-0.252,0.141,0,0,0,0
"2026-07-10 02:45:00",2262,27.48,12.77,12.76,-0.156,0.095,0,0,0,0
"2026-07-10 03:00:00",2263,27.37,12.72,12.64,-0.355,0.14,0,0,0,0
"2026-07-10 03:15:00",2264,27.29,12.77,12.75,-0.162,0.097,0,0,0,0
"2026-07-10 03:30:00",2265,27.23,12.76,12.73,-0.146,0.106,0,0,0,0
"2026-07-10 03:45:00",2266,27.12,12.76,12.73,-0.168,0.109,0,0,0,0
"2026-07-10 04:00:00",2267,27.03,12.7,12.61,-0.314,0.151,0,0,0,0
"2026-07-10 04:15:00",2268,26.94,12.7,12.57,-0.358,0.16,0,0,0,0
"2026-07-10 04:30:00",2269,26.87,12.74,12.68,-0.247,0.134,0,0,0,0
"2026-07-10 04:45:00",2270,26.79,12.67,12.61,-0.367,0.143,0,0,0,0
"2026-07-10 05:00:00",2271,26.75,12.7,12.63,-0.309,0.133,0,0,0,0
"2026-07-10 05:15:00",2272,26.63,12.68,12.71,-0.218,0.1,0,0,0,0
"2026-07-10 05:30:00",2273,26.52,12.71,12.69,-0.07,0.095,0,0,0,0
"2026-07-10 05:45:00",2274,26.41,12.67,12.59,0.313,0.115,0,0,0,0
"2026-07-10 06:00:00",2275,26.32,12.69,12.6,6.007,0.137,0,0,0,0
"2026-07-10 06:15:00",2276,26.24,12.72,12.7,12.67,0.092,0,0,0,0
"2026-07-10 06:30:00",2277,26.22,12.55,12.61,12.52,0.137,0,0,0,0
"2026-07-10 06:45:00",2278,26.2,12.73,12.65,12.58,0.148,0,0,0,0
"2026-07-10 07:00:00",2279,26.23,12.92,12.82,12.74,0.148,0,0,0,0
"2026-07-10 07:15:00",2280,26.3,13.36,13.27,13.24,0.116,0,0,0,0
"2026-07-10 07:30:00",2281,26.44,13.73,13.66,13.6,0.11,0,0,0,0
"2026-07-10 07:45:00",2282,26.62,13.91,13.88,13.85,0.086,0,0,0,0
"2026-07-10 08:00:00",2283,26.85,13.92,13.9,13.88,0.085,0,0,0,0
"2026-07-10 08:15:00",2284,27.12,13.89,13.93,13.91,0.139,0,0,0,0
"2026-07-10 08:30:00",2285,27.42,13.77,13.78,13.65,0.154,0,0,0,0
"2026-07-10 08:45:00",2286,27.71,13.83,13.82,13.92,0.089,0,0,0,0
"2026-07-10 09:00:00",2287,27.96,13.94,13.79,23.55,0.099,0,0,0,0
"2026-07-10 09:15:00",2288,28.17,13.82,13.82,23.56,0.185,0,0,0,0
"2026-07-10 09:30:00",2289,28.33,13.92,13.77,23.83,0.102,0,0,0,0
"2026-07-10 09:45:00",2290,28.42,13.82,13.78,13.91,0.089,0,0,0,0
"2026-07-10 10:00:00",2291,28.5,13.82,13.91,23.77,0.1,0,0,0,0
"2026-07-10 10:15:00",2292,28.58,13.86,13.7,13.86,0.113,0,0,0,0
"2026-07-10 10:30:00",2293,28.7,13.76,13.68,15.84,0.135,0,0,0,0
"2026-07-10 10:45:00",2294,28.85,13.42,13.39,23.71,0.091,0,0,0,0
"2026-07-10 11:00:00",2295,29,13.42,13.39,23.73,0.099,0,0,0,0
"2026-07-10 11:15:00",2296,29.2,13.39,13.35,23.87,0.091,0,0,0,0
"2026-07-10 11:30:00",2297,29.4,13.39,13.36,23.88,0.09,0,0,0,0
"2026-07-10 11:45:00",2298,29.57,13.39,13.37,13.46,0.091,0,0,0,0
"2026-07-10 12:00:00",2299,29.73,13.39,13.37,21.49,0.09,0,0,0,0
"2026-07-10 12:15:00",2300,29.9,13.39,13.36,23.69,0.09,0,0,0,0
"2026-07-10 12:30:00",2301,30.07,13.38,13.34,23.75,0.136,0,0,0,0
"2026-07-10 12:45:00",2302,30.23,13.36,13.4,23.44,0.092,0,0,0,0
"2026-07-10 13:00:00",2303,30.36,13.35,13.41,23.81,0.091,0,0,0,0
"2026-07-10 13:15:00",2304,30.33,13.36,13.33,13.38,0.09,0,0,0,0
"2026-07-10 13:30:00",2305,30.24,13.37,13.24,23.54,0.124,0,0,0,0
"2026-07-10 13:45:00",2306,30.13,13.44,13.35,13.37,0.09,0,0,0,0
"2026-07-10 14:00:00",2307,29.99,13.39,13.36,23.56,0.09,0,0,0,0
"2026-07-10 14:15:00",2308,29.85,13.39,13.37,13.37,0.093,0,0,0,0
"2026-07-10 14:30:00",2309,29.7,13.45,13.36,23.48,0.089,0,0,0,0
"2026-07-10 14:45:00",2310,29.61,13.37,13.34,13.34,0.103,0,0,0,0
"2026-07-10 15:00:00",2311,29.57,13.42,13.45,23.53,0.097,0,0,0,0
"2026-07-10 15:15:00",2312,29.58,13.42,13.41,13.46,0.095,0,0,0,0
"2026-07-10 15:30:00",2313,29.53,13.47,13.4,23.43,0.091,0,0,0,0
"2026-07-10 15:45:00",2314,29.45,13.42,13.4,13.46,0.092,0,0,0,0
"2026-07-10 16:00:00",2315,29.37,13.41,13.43,23.14,0.099,0,0,0,0
"2026-07-10 16:15:00",2316,29.27,13.46,13.4,23.11,0.099,0,0,0,0
"2026-07-10 16:30:00",2317,29.1,13.42,13.39,13.38,0.102,0,0,0,0
"2026-07-10 16:45:00",2318,28.86,13.41,13.43,23.77,0.11,0,0,0,0
"2026-07-10 17:00:00",2319,28.43,13.41,13.37,24.08,0.115,0,0,0,0
"2026-07-10 17:15:00",2320,28.22,13.37,13.41,23.73,0.137,0,0,0,0
"2026-07-10 17:30:00",2321,28.27,13.4,13.36,23.79,0.128,0,0,0,0
"2026-07-10 17:45:00",2322,28.34,13.46,13.37,23.98,0.098,0,0,0,0
"2026-07-10 18:00:00",2323,28.39,13.41,13.36,13.36,0.121,0,0,0,0
"2026-07-10 18:15:00",2324,28.41,13.4,13.38,13.32,0.118,0,0,0,0
"2026-07-10 18:30:00",2325,28.39,13.41,13.35,24.08,0.124,0,0,0,0
"2026-07-10 18:45:00",2326,28.33,13.39,13.35,13.3,0.131,0,0,0,0
"2026-07-10 19:00:00",2327,28.25,13.43,13.37,13.3,0.125,0,0,0,0
"2026-07-10 19:15:00",2328,28.14,13.41,13.36,13.27,0.119,0,0,0,0
"2026-07-10 19:30:00",2329,28.08,13.26,13.22,13.12,0.118,0,0,0,0
"2026-07-10 19:45:00",2330,27.95,13.22,13.18,13.1,0.118,0,0,0,0
"2026-07-10 20:00:00",2331,27.79,13.23,13.16,13.08,0.135,0,0,0,0
"2026-07-10 20:15:00",2332,27.67,13.19,13.15,13.09,0.118,0,0,0,0
"2026-07-10 20:30:00",2333,27.58,13.12,13.08,13.01,0.128,0,0,0,0
"2026-07-10 20:45:00",2334,27.48,12.97,12.86,12.78,0.19,0,0,0,0
"2026-07-10 21:00:00",2335,27.38,12.95,12.92,12.85,0.122,0,0,0,0
"2026-07-10 21:15:00",2336,27.28,12.89,12.86,12.79,0.134,0,0,0,0
"2026-07-10 21:30:00",2337,27.2,12.85,12.82,12.77,0.118,0,0,0,0
"2026-07-10 21:45:00",2338,27.11,12.83,12.8,6.152,0.128,0,0,0,0
"2026-07-10 22:00:00",2339,27.03,12.83,12.78,0.541,0.119,0,0,0,0
"2026-07-10 22:15:00",2340,26.95,12.82,12.8,-0.139,0.122,0,0,0,0
"2026-07-10 22:30:00",2341,26.86,12.81,12.79,-0.198,0.121,0,0,0,0
"2026-07-10 22:45:00",2342,26.76,12.76,12.73,-0.238,0.12,0,0,0,0
"2026-07-10 23:00:00",2343,26.63,12.81,12.78,-0.18,0.139,0,0,0,0
"2026-07-10 23:15:00",2344,26.59,12.8,12.78,-0.177,0.124,0,0,0,0
"2026-07-10 23:30:00",2345,26.59,12.77,12.8,-0.175,0.103,0,0,0,0
"2026-07-10 23:45:00",2346,26.57,12.82,12.81,-0.136,0.1,0,0,0,0
"2026-07-11 00:00:00",2347,26.54,12.8,12.8,-0.136,0.104,0,0,0,0
"2026-07-11 00:15:00",2348,26.56,12.81,12.79,-0.116,0.093,0,0,0,0
"2026-07-11 00:30:00",2349,26.56,12.81,12.78,-0.153,0.092,0,0,0,0
"2026-07-11 00:45:00",2350,26.52,12.75,12.66,-0.267,0.152,0,0,0,0
"2026-07-11 01:00:00",2351,26.48,12.8,12.8,-0.124,0.093,0,0,0,0
"2026-07-11 01:15:00",2352,26.46,12.78,12.76,-0.183,0.108,0,0,0,0
"2026-07-11 01:30:00",2353,26.47,12.75,12.67,-0.327,0.129,0,0,0,0
"2026-07-11 01:45:00",2354,26.46,12.78,12.78,-0.111,0.09,0,0,0,0
"2026-07-11 02:00:00",2355,26.47,12.76,12.77,-0.109,0.091,0,0,0,0
"2026-07-11 02:15:00",2356,26.47,12.75,12.72,-0.21,0.134,0,0,0,0
"2026-07-11 02:30:00",2357,26.47,12.74,12.72,-0.234,0.116,0,0,0,0
"2026-07-11 02:45:00",2358,26.44,12.71,12.64,-0.285,0.17,0,0,0,0
"2026-07-11 03:00:00",2359,26.41,12.77,12.74,-0.11,0.091,0,0,0,0
"2026-07-11 03:15:00",2360,26.36,12.7,12.23,-1.003,0.192,0,0,0,0
"2026-07-11 03:30:00",2361,26.34,12.7,12.66,-0.279,0.135,0,0,0,0
"2026-07-11 03:45:00",2362,26.32,12.72,12.7,-0.229,0.14,0,0,0,0
"2026-07-11 04:00:00",2363,26.28,12.75,12.75,-0.155,0.088,0,0,0,0
"2026-07-11 04:15:00",2364,26.23,12.71,12.67,-0.208,0.13,0,0,0,0
"2026-07-11 04:30:00",2365,26.2,12.69,12.66,-0.19,0.168,0,0,0,0
"2026-07-11 04:45:00",2366,26.13,12.73,12.72,-0.119,0.094,0,0,0,0
"2026-07-11 05:00:00",2367,26.04,12.73,12.72,-0.118,0.094,0,0,0,0
"2026-07-11 05:15:00",2368,25.9,12.73,12.72,-0.129,0.102,0,0,0,0
"2026-07-11 05:30:00",2369,25.82,12.66,12.61,-0.293,0.159,0,0,0,0
"2026-07-11 05:45:00",2370,25.77,12.66,12.61,-0.096,0.15,0,0,0,0
"2026-07-11 06:00:00",2371,25.72,12.66,12.6,2.778,0.134,0,0,0,0
"2026-07-11 06:15:00",2372,25.65,12.69,12.65,12.04,0.153,0,0,0,0
"2026-07-11 06:30:00",2373,25.6,12.72,12.71,13.8,0.092,0,0,0,0
"2026-07-11 06:45:00",2374,25.55,12.69,12.6,12.46,0.14,0,0,0,0
"2026-07-11 07:00:00",2375,25.54,12.82,12.8,12.78,0.094,0,0,0,0
"2026-07-11 07:15:00",2376,25.5,13.01,12.94,12.81,0.134,0,0,0,0
"2026-07-11 07:30:00",2377,25.49,13.08,13.03,12.88,0.136,0,0,0,0
"2026-07-11 07:45:00",2378,25.5,13.62,13.6,13.61,0.087,0,0,0,0
"2026-07-11 08:00:00",2379,25.55,13.89,13.82,13.74,0.136,0,0,0,0
"2026-07-11 08:15:00",2380,25.65,13.89,13.83,13.79,0.148,0,0,0,0
"2026-07-11 08:30:00",2381,25.77,13.96,13.91,13.93,0.102,0,0,0,0
"2026-07-11 08:45:00",2382,25.94,13.95,13.93,13.94,0.088,0,0,0,0
"2026-07-11 09:00:00",2383,26.16,13.64,13.62,13.56,0.09,0,0,0,0
"2026-07-11 09:15:00",2384,26.31,14.01,13.98,24.6,0.089,0,0,0,0
"2026-07-11 09:30:00",2385,26.49,13.98,13.86,24.35,0.1,0,0,0,0
"2026-07-11 09:45:00",2386,26.48,13.97,13.87,24.18,0.087,0,0,0,0
"2026-07-11 10:00:00",2387,26.48,13.88,13.77,13.78,0.138,0,0,0,0
"2026-07-11 10:15:00",2388,26.65,13.88,13.9,13.88,0.089,0,0,0,0
"2026-07-11 10:30:00",2389,26.89,13.85,13.72,13.68,0.178,0,0,0,0
"2026-07-11 10:45:00",2390,26.84,13.9,13.85,24.33,0.149,0,0,0,0
"2026-07-11 11:00:00",2391,26.93,13.96,13.83,24.19,0.087,0,0,0,0
"2026-07-11 11:15:00",2392,27.09,13.95,13.83,24.08,0.086,0,0,0,0
"2026-07-11 11:30:00",2393,27.3,13.45,13.52,24.04,0.089,0,0,0,0
"2026-07-11 11:45:00",2394,27.44,13.44,13.4,23.95,0.144,0,0,0,0
"2026-07-11 12:00:00",2395,27.54,13.45,13.44,23.97,0.091,0,0,0,0
"2026-07-11 12:15:00",2396,27.63,13.54,13.44,23.99,0.09,0,0,0,0
"2026-07-11 12:30:00",2397,27.77,13.45,13.44,13.5,0.089,0,0,0,0
"2026-07-11 12:45:00",2398,27.82,13.46,13.51,23.98,0.089,0,0,0,0
"2026-07-11 13:00:00",2399,27.63,13.46,13.44,13.52,0.089,0,0,0,0
"2026-07-11 13:15:00",2400,27.7,13.53,13.45,23.83,0.101,0,0,0,0
"2026-07-11 13:30:00",2401,27.82,13.52,13.44,23.72,0.104,0,0,0,0
"2026-07-11 13:45:00",2402,27.84,13.51,13.4,23.86,0.112,0,0,0,0
"2026-07-11 14:00:00",2403,27.64,13.49,13.45,23.71,0.101,0,0,0,0
"2026-07-11 14:15:00",2404,27.71,13.45,13.46,23.59,0.09,0,0,0,0
"2026-07-11 14:30:00",2405,27.6,13.46,13.48,20.26,0.096,0,0,0,0
"2026-07-11 14:45:00",2406,27.55,13.5,13.41,23.78,0.114,0,0,0,0
"2026-07-11 15:00:00",2407,27.56,13.46,13.49,23.64,0.089,0,0,0,0
"2026-07-11 15:15:00",2408,27.65,13.48,13.43,23.51,0.073,0,0,0,0
"2026-07-11 15:30:00",2409,27.8,13.43,13.38,23.46,0.147,0,0,0,0
"2026-07-11 15:45:00",2410,27.95,13.42,13.42,23.68,0.092,0,0,0,0
"2026-07-11 16:00:00",2411,28.07,13.42,13.41,16.23,0.099,0,0,0,0
"2026-07-11 16:15:00",2412,28.15,13.43,13.41,13.44,0.1,0,0,0,0
"2026-07-11 16:30:00",2413,28.25,13.43,13.38,23.63,0.101,0,0,0,0
"2026-07-11 16:45:00",2414,28.3,13.43,13.42,24.22,0.09,0,0,0,0
"2026-07-11 17:00:00",2415,28.35,13.47,13.42,24.25,0.152,0,0,0,0
"2026-07-11 17:15:00",2416,28.38,13.43,13.41,23.92,0.095,0,0,0,0
"2026-07-11 17:30:00",2417,28.47,13.43,13.37,23.36,0.108,0,0,0,0
"2026-07-11 17:45:00",2418,28.51,13.42,13.45,23.6,0.114,0,0,0,0
"2026-07-11 18:00:00",2419,28.54,13.4,13.38,23.86,0.114,0,0,0,0
"2026-07-11 18:15:00",2420,28.6,13.39,13.35,23.93,0.12,0,0,0,0
"2026-07-11 18:30:00",2421,28.71,13.4,13.24,23.03,0.131,0,0,0,0
"2026-07-11 18:45:00",2422,28.82,13.38,13.33,23.82,0.12,0,0,0,0
"2026-07-11 19:00:00",2423,28.93,13.42,13.32,22.17,0.117,0,0,0,0
"2026-07-11 19:15:00",2424,28.94,13.38,13.32,13.25,0.136,0,0,0,0
"2026-07-11 19:30:00",2425,28.83,13.32,13.36,22.81,0.118,0,0,0,0
"2026-07-11 19:45:00",2426,28.66,13.37,13.29,13.21,0.174,0,0,0,0
"2026-07-11 20:00:00",2427,28.5,13.37,13.34,22.84,0.156,0,0,0,0
"2026-07-11 20:15:00",2428,28.38,13.41,13.4,23.12,0.12,0,0,0,0
"2026-07-11 20:30:00",2429,28.31,13.41,13.4,13.32,0.123,0,0,0,0
"2026-07-11 20:45:00",2430,28.23,13.34,13.31,13.23,0.116,0,0,0,0
"2026-07-11 21:00:00",2431,28.12,13.17,13.15,13.1,0.124,0,0,0,0
"2026-07-11 21:15:00",2432,27.99,12.98,12.99,12.88,0.117,0,0,0,0
"2026-07-11 21:30:00",2433,27.86,12.93,12.91,12.84,0.12,0,0,0,0
"2026-07-11 21:45:00",2434,27.68,12.86,12.85,7.977,0.121,0,0,0,0
"2026-07-11 22:00:00",2435,27.53,12.85,12.82,0.77,0.12,0,0,0,0
"2026-07-11 22:15:00",2436,27.4,12.78,12.71,-0.228,0.176,0,0,0,0
"2026-07-11 22:30:00",2437,27.31,12.83,12.8,-0.151,0.122,0,0,0,0
"2026-07-11 22:45:00",2438,27.21,12.82,12.8,-0.187,0.134,0,0,0,0
"2026-07-11 23:00:00",2439,27.12,12.76,12.75,-0.242,0.122,0,0,0,0
"2026-07-11 23:15:00",2440,27.02,12.76,12.74,-0.221,0.118,0,0,0,0
"2026-07-11 23:30:00",2441,26.95,12.81,12.76,-0.193,0.118,0,0,0,0
"2026-07-11 23:45:00",2442,26.88,12.8,12.78,-0.188,0.128,0,0,0,0
"2026-07-12 00:00:00",2443,26.81,12.81,12.78,-0.212,0.121,0,0,0,0
"2026-07-12 00:15:00",2444,26.8,12.81,12.78,-0.158,0.103,0,0,0,0
"2026-07-12 00:30:00",2445,26.78,12.82,12.8,-0.144,0.089,0,0,0,0
"2026-07-12 00:45:00",2446,26.73,12.8,12.8,-0.131,0.098,0,0,0,0
"2026-07-12 01:00:00",2447,26.69,12.81,12.8,-0.121,0.091,0,0,0,0
"2026-07-12 01:15:00",2448,26.66,12.81,12.79,-0.12,0.091,0,0,0,0
"2026-07-12 01:30:00",2449,26.66,12.77,12.72,-0.211,0.13,0,0,0,0
"2026-07-12 01:45:00",2450,26.65,12.79,12.79,-0.131,0.101,0,0,0,0
"2026-07-12 02:00:00",2451,26.64,12.79,12.78,-0.13,0.098,0,0,0,0
"2026-07-12 02:15:00",2452,26.64,12.79,12.74,-0.136,0.096,0,0,0,0
"2026-07-12 02:30:00",2453,26.63,12.72,12.67,-0.334,0.137,0,0,0,0
"2026-07-12 02:45:00",2454,26.57,12.77,12.74,-0.194,0.108,0,0,0,0
"2026-07-12 03:00:00",2455,26.45,12.71,12.6,-0.328,0.156,0,0,0,0
"2026-07-12 03:15:00",2456,26.34,12.75,12.72,-0.189,0.109,0,0,0,0
"2026-07-12 03:30:00",2457,26.3,12.77,12.75,-0.154,0.102,0,0,0,0
"2026-07-12 03:45:00",2458,26.26,12.68,12.62,-0.372,0.157,0,0,0,0
"2026-07-12 04:00:00",2459,26.25,12.7,12.66,-0.317,0.121,0,0,0,0
"2026-07-12 04:15:00",2460,26.22,12.76,12.74,-0.143,0.098,0,0,0,0
"2026-07-12 04:30:00",2461,26.2,12.68,12.64,-0.287,0.154,0,0,0,0
"2026-07-12 04:45:00",2462,26.17,12.69,12.6,-0.295,0.165,0,0,0,0
"2026-07-12 05:00:00",2463,26.14,12.74,12.73,-0.143,0.093,0,0,0,0
"2026-07-12 05:15:00",2464,26.1,12.73,12.69,-0.139,0.092,0,0,0,0
"2026-07-12 05:30:00",2465,26.08,12.69,12.59,-0.337,0.189,0,0,0,0
"2026-07-12 05:45:00",2466,26.04,12.66,12.56,-0.036,0.118,0,0,0,0
"2026-07-12 06:00:00",2467,26.01,12.71,12.7,3.16,0.095,0,0,0,0
"2026-07-12 06:15:00",2468,25.98,12.72,12.71,12.58,0.093,0,0,0,0
"2026-07-12 06:30:00",2469,25.97,12.67,12.61,12.55,0.148,0,0,0,0
"2026-07-12 06:45:00",2470,25.93,12.69,12.63,12.52,0.148,0,0,0,0
"2026-07-12 07:00:00",2471,25.9,12.84,12.82,12.78,0.091,0,0,0,0
"2026-07-12 07:15:00",2472,25.86,13.16,13.14,13.12,0.103,0,0,0,0
"2026-07-12 07:30:00",2473,25.87,13.61,13.59,13.58,0.089,0,0,0,0
"2026-07-12 07:45:00",2474,25.91,13.82,13.79,13.78,0.087,0,0,0,0
"2026-07-12 08:00:00",2475,26,13.92,13.88,13.85,0.093,0,0,0,0
"2026-07-12 08:15:00",2476,26.14,13.96,13.85,13.92,0.095,0,0,0,0
"2026-07-12 08:30:00",2477,26.34,13.93,13.9,24.08,0.101,0,0,0,0
"2026-07-12 08:45:00",2478,26.56,13.86,13.93,13.93,0.096,0,0,0,0
"2026-07-12 09:00:00",2479,26.82,13.95,13.86,13.94,0.088,0,0,0,0
"2026-07-12 09:15:00",2480,27.08,13.93,13.85,23.87,0.088,0,0,0,0
"2026-07-12 09:30:00",2481,27.36,13.83,13.82,13.92,0.088,0,0,0,0
"2026-07-12 09:45:00",2482,27.61,13.77,13.82,22.71,0.144,0,0,0,0
"2026-07-12 10:00:00",2483,27.82,13.84,13.9,23.78,0.097,0,0,0,0
"2026-07-12 10:15:00",2484,27.98,13.81,13.89,24.08,0.092,0,0,0,0
"2026-07-12 10:30:00",2485,28.13,13.82,13.89,24.05,0.09,0,0,0,0
"2026-07-12 10:45:00",2486,28.25,13.82,13.86,24.08,0.09,0,0,0,0
"2026-07-12 11:00:00",2487,28.29,13.42,13.38,23.11,0.09,0,0,0,0
"2026-07-12 11:15:00",2488,28.27,13.46,13.39,23.9,0.111,0,0,0,0
"2026-07-12 11:30:00",2489,28.23,13.36,13.37,13.4,0.096,0,0,0,0
"2026-07-12 11:45:00",2490,27.84,13.44,13.51,24.09,0.094,0,0,0,0
"2026-07-12 12:00:00",2491,27.72,13.46,13.3,23.77,0.097,0,0,0,0
"2026-07-12 12:15:00",2492,27.69,13.45,13.49,24.02,0.089,0,0,0,0
"2026-07-12 12:30:00",2493,27.65,13.43,13.41,13.48,0.089,0,0,0,0
"2026-07-12 12:45:00",2494,27.59,13.51,13.43,23.9,0.093,0,0,0,0
"2026-07-12 13:00:00",2495,27.64,13.45,13.43,23.94,0.09,0,0,0,0
"2026-07-12 13:15:00",2496,27.74,13.46,13.43,23.86,0.09,0,0,0,0
"2026-07-12 13:30:00",2497,27.87,13.45,13.5,23.8,0.091,0,0,0,0
"2026-07-12 13:45:00",2498,27.97,13.41,13.45,23.91,0.119,0,0,0,0
"2026-07-12 14:00:00",2499,28.09,13.49,13.4,23.72,0.09,0,0,0,0
"2026-07-12 14:15:00",2500,28.21,13.5,13.41,23.85,0.094,0,0,0,0
"2026-07-12 14:30:00",2501,28.34,13.49,13.41,23.72,0.098,0,0,0,0
"2026-07-12 14:45:00",2502,28.45,13.33,13.37,23.5,0.131,0,0,0,0
"2026-07-12 15:00:00",2503,28.52,13.48,13.41,23.63,0.088,0,0,0,0
"2026-07-12 15:15:00",2504,28.53,13.44,13.41,22.07,0.089,0,0,0,0
"2026-07-12 15:30:00",2505,28.53,13.43,13.42,13.48,0.09,0,0,0,0
"2026-07-12 15:45:00",2506,28.54,13.43,13.44,23.79,0.097,0,0,0,0
"2026-07-12 16:00:00",2507,28.62,13.37,13.28,18.99,0.099,0,0,0,0
"2026-07-12 16:15:00",2508,28.71,13.37,13.31,13.28,0.135,0,0,0,0
"2026-07-12 16:30:00",2509,28.71,13.47,13.41,23.34,0.089,0,0,0,0
"2026-07-12 16:45:00",2510,28.57,13.42,13.46,23.72,0.089,0,0,0,0
"2026-07-12 17:00:00",2511,28.35,13.42,13.41,13.42,0.1,0,0,0,0
"2026-07-12 17:15:00",2512,28.23,13.42,13.45,23.74,0.092,0,0,0,0
"2026-07-12 17:30:00",2513,28.16,13.41,13.4,13.44,0.093,0,0,0,0
"2026-07-12 17:45:00",2514,28.06,13.42,13.42,13.41,0.093,0,0,0,0
"2026-07-12 18:00:00",2515,27.94,13.45,13.43,13.47,0.09,0,0,0,0
"2026-07-12 18:15:00",2516,27.87,13.48,13.31,24.19,0.142,0,0,0,0
"2026-07-12 18:30:00",2517,27.89,13.49,13.41,23.49,0.099,0,0,0,0
"2026-07-12 18:45:00",2518,27.94,13.41,13.48,24.03,0.112,0,0,0,0
"2026-07-12 19:00:00",2519,28.01,13.42,13.35,23.49,0.119,0,0,0,0
"2026-07-12 19:15:00",2520,28.06,13.4,13.42,23.29,0.116,0,0,0,0
"2026-07-12 19:30:00",2521,28.08,13.4,13.39,22.99,0.121,0,0,0,0
"2026-07-12 19:45:00",2522,28.05,13.43,13.36,13.42,0.119,0,0,0,0
"2026-07-12 20:00:00",2523,27.9,13.45,13.4,13.38,0.117,0,0,0,0
"2026-07-12 20:15:00",2524,27.78,13.43,13.4,13.4,0.113,0,0,0,0
"2026-07-12 20:30:00",2525,27.75,13.47,13.41,14.5,0.119,0,0,0,0
"2026-07-12 20:45:00",2526,27.72,13.44,13.42,13.34,0.125,0,0,0,0
"2026-07-12 21:00:00",2527,27.67,13.2,13.16,13.13,0.129,0,0,0,0
"2026-07-12 21:15:00",2528,27.6,13.05,13.01,12.96,0.12,0,0,0,0
"2026-07-12 21:30:00",2529,27.5,12.92,12.88,12.83,0.141,0,0,0,0
"2026-07-12 21:45:00",2530,27.38,12.85,12.83,6.441,0.12,0,0,0,0
"2026-07-12 22:00:00",2531,27.26,12.84,12.82,0.459,0.127,0,0,0,0
"2026-07-12 22:15:00",2532,27.16,12.82,12.79,-0.126,0.121,0,0,0,0
"2026-07-12 22:30:00",2533,27.08,12.82,12.79,-0.174,0.129,0,0,0,0
"2026-07-12 22:45:00",2534,27,12.81,12.79,-0.208,0.134,0,0,0,0
"2026-07-12 23:00:00",2535,26.92,12.81,12.78,-0.2,0.123,0,0,0,0
"2026-07-12 23:15:00",2536,26.87,12.8,12.75,-0.204,0.119,0,0,0,0
"2026-07-12 23:30:00",2537,26.85,12.8,12.78,-0.208,0.125,0,0,0,0
"2026-07-12 23:45:00",2538,26.82,12.8,12.77,-0.249,0.121,0,0,0,0
"2026-07-13 00:00:00",2539,26.8,12.79,12.76,-0.23,0.122,0,0,0,0
"2026-07-13 00:15:00",2540,26.82,12.78,12.76,-0.214,0.12,0,0,0,0
"2026-07-13 00:30:00",2541,26.85,12.77,12.76,-0.208,0.125,0,0,0,0
"2026-07-13 00:45:00",2542,26.85,12.78,12.76,-0.191,0.123,0,0,0,0
"2026-07-13 01:00:00",2543,26.85,12.73,12.61,-0.402,0.169,0,0,0,0
"2026-07-13 01:15:00",2544,26.84,12.77,12.65,-0.242,0.208,0,0,0,0
"2026-07-13 01:30:00",2545,26.87,12.79,12.76,-0.154,0.107,0,0,0,0
"2026-07-13 01:45:00",2546,26.88,12.74,12.7,-0.25,0.138,0,0,0,0
"2026-07-13 02:00:00",2547,26.88,12.73,12.69,-0.253,0.13,0,0,0,0
"2026-07-13 02:15:00",2548,26.84,12.78,12.75,-0.154,0.094,0,0,0,0
"2026-07-13 02:30:00",2549,26.81,12.78,12.76,-0.156,0.092,0,0,0,0
"2026-07-13 02:45:00",2550,26.76,12.71,12.65,-0.369,0.136,0,0,0,0
"2026-07-13 03:00:00",2551,26.72,12.77,12.75,-0.159,0.098,0,0,0,0
"2026-07-13 03:15:00",2552,26.69,12.68,12.64,-0.32,0.149,0,0,0,0
"2026-07-13 03:30:00",2553,26.73,12.74,12.71,-0.146,0.092,0,0,0,0
"2026-07-13 03:45:00",2554,26.75,12.7,12.59,-0.357,0.154,0,0,0,0
"2026-07-13 04:00:00",2555,26.76,12.71,12.62,-0.286,0.146,0,0,0,0
"2026-07-13 04:15:00",2556,26.76,12.68,12.67,-0.359,0.128,0,0,0,0
"2026-07-13 04:30:00",2557,26.76,12.74,12.71,-0.158,0.101,0,0,0,0
"2026-07-13 04:45:00",2558,26.75,12.73,12.7,-0.146,0.095,0,0,0,0
"2026-07-13 05:00:00",2559,26.75,12.73,12.71,-0.155,0.099,0,0,0,0
"2026-07-13 05:15:00",2560,26.75,12.72,12.69,-0.151,0.094,0,0,0,0
"2026-07-13 05:30:00",2561,26.75,12.72,12.7,-0.144,0.093,0,0,0,0
"2026-07-13 05:45:00",2562,26.73,12.65,12.6,-0.317,0.14,0,0,0,0
"2026-07-13 06:00:00",2563,26.72,12.61,12.6,0.633,0.152,0,0,0,0
"2026-07-13 06:15:00",2564,26.6,12.66,12.63,8.8,0.129,0,0,0,0
"2026-07-13 06:30:00",2565,26.58,12.67,12.65,12.6,0.107,0,0,0,0
"2026-07-13 06:45:00",2566,26.54,12.66,12.58,12.44,0.145,0,0,0,0
"2026-07-13 07:00:00",2567,26.5,12.75,12.73,12.69,0.095,0,0,0,0
"2026-07-13 07:15:00",2568,26.46,12.8,12.74,12.61,0.109,0,0,0,0
"2026-07-13 07:30:00",2569,26.5,13.07,13.06,13.02,0.101,0,0,0,0
"2026-07-13 07:45:00",2570,26.53,13.35,13.33,13.3,0.089,0,0,0,0
"2026-07-13 08:00:00",2571,26.56,13.49,13.45,13.31,0.131,0,0,0,0
"2026-07-13 08:15:00",2572,26.58,13.59,13.55,13.54,0.089,0,0,0,0
"2026-07-13 08:30:00",2573,26.64,13.63,13.61,13.59,0.091,0,0,0,0
"2026-07-13 08:45:00",2574,26.66,13.72,13.69,13.64,0.087,0,0,0,0
"2026-07-13 09:00:00",2575,26.7,13.95,13.92,24.34,0.088,0,0,0,0
"2026-07-13 09:15:00",2576,26.8,13.78,13.85,13.79,0.137,0,0,0,0
"2026-07-13 09:30:00",2577,26.94,13.9,13.92,24.34,0.089,0,0,0,0
"2026-07-13 09:45:00",2578,27.06,13.83,13.93,24.47,0.088,0,0,0,0
"2026-07-13 10:00:00",2579,27.13,13.96,13.82,24.43,0.095,0,0,0,0
"2026-07-13 10:15:00",2580,27.16,13.84,13.83,13.94,0.094,0,0,0,0
"2026-07-13 10:30:00",2581,27.23,13.93,13.81,24.25,0.094,0,0,0,0
"2026-07-13 10:45:00",2582,27.33,13.95,13.82,24.23,0.089,0,0,0,0
"2026-07-13 11:00:00",2583,27.39,13.8,13.68,13.85,0.136,0,0,0,0
"2026-07-13 11:15:00",2584,27.42,13.84,13.91,24.07,0.098,0,0,0,0
"2026-07-13 11:30:00",2585,27.57,13.94,13.82,24.06,0.088,0,0,0,0
"2026-07-13 11:45:00",2586,27.71,13.37,13.44,23.88,0.158,0,0,0,0
"2026-07-13 12:00:00",2587,27.81,13.42,13.49,24.04,0.089,0,0,0,0
"2026-07-13 12:15:00",2588,27.94,13.37,13.28,13.27,0.174,0,0,0,0
"2026-07-13 12:30:00",2589,28.08,13.41,13.46,23.66,0.094,0,0,0,0
"2026-07-13 12:45:00",2590,28.14,13.41,13.4,15.49,0.089,0,0,0,0
"2026-07-13 13:00:00",2591,28.17,13.41,13.41,23.9,0.099,0,0,0,0
"2026-07-13 13:15:00",2592,28.18,13.41,13.4,13.44,0.09,0,0,0,0
"2026-07-13 13:30:00",2593,28.18,13.41,13.4,13.42,0.09,0,0,0,0
"2026-07-13 13:45:00",2594,28.18,13.4,13.34,13.39,0.111,0,0,0,0
"2026-07-13 14:00:00",2595,28.26,13.42,13.39,16.8,0.113,0,0,0,0
"2026-07-13 14:15:00",2596,28.34,13.42,13.41,13.43,0.096,0,0,0,0
"2026-07-13 14:30:00",2597,28.41,13.45,13.4,23.75,0.094,0,0,0,0
"2026-07-13 14:45:00",2598,28.45,13.36,13.32,23.48,0.171,0,0,0,0
"2026-07-13 15:00:00",2599,28.51,13.46,13.38,23.43,0.096,0,0,0,0
"2026-07-13 15:15:00",2600,28.59,13.4,13.4,23.47,0.112,0,0,0,0
"2026-07-13 15:30:00",2601,28.66,13.44,13.39,16.33,0.081,0,0,0,0
"2026-07-13 15:45:00",2602,28.51,13.47,13.4,23.38,0.1,0,0,0,0
"2026-07-13 16:00:00",2603,28.49,13.41,13.4,23.52,0.094,0,0,0,0
"2026-07-13 16:15:00",2604,28.59,13.47,13.39,23.52,0.093,0,0,0,0
"2026-07-13 16:30:00",2605,28.75,13.39,13.26,23.49,0.117,0,0,0,0
"2026-07-13 16:45:00",2606,28.92,13.39,13.35,23.69,0.1,0,0,0,0
"2026-07-13 17:00:00",2607,29.1,13.4,13.26,23.54,0.144,0,0,0,0
"2026-07-13 17:15:00",2608,29.27,13.39,13.37,23.54,0.1,0,0,0,0
"2026-07-13 17:30:00",2609,29.44,13.3,13.19,13.23,0.142,0,0,0,0
"2026-07-13 17:45:00",2610,29.59,13.35,13.33,23.8,0.093,0,0,0,0
"2026-07-13 18:00:00",2611,29.7,13.35,13.33,23.74,0.102,0,0,0,0
"2026-07-13 18:15:00",2612,29.83,13.27,13.22,23.64,0.145,0,0,0,0
"2026-07-13 18:30:00",2613,30.01,13.4,13.33,23.06,0.093,0,0,0,0
"2026-07-13 18:45:00",2614,30.15,13.39,13.19,23.74,0.147,0,0,0,0
"2026-07-13 19:00:00",2615,30.25,13.31,13.38,23.57,0.096,0,0,0,0
"2026-07-13 19:15:00",2616,30.26,13.37,13.31,22.88,0.106,0,0,0,0
"2026-07-13 19:30:00",2617,30.17,13.32,13.33,13.27,0.117,0,0,0,0
"2026-07-13 19:45:00",2618,30.01,13.32,13.31,13.24,0.122,0,0,0,0
"2026-07-13 20:00:00",2619,29.84,13.16,13.13,13.09,0.126,0,0,0,0
"2026-07-13 20:15:00",2620,29.63,13.11,13.1,13.02,0.119,0,0,0,0
"2026-07-13 20:30:00",2621,29.44,13.05,13.03,12.96,0.126,0,0,0,0
"2026-07-13 20:45:00",2622,29.22,12.93,12.83,12.64,0.164,0,0,0,0
"2026-07-13 21:00:00",2623,29.01,12.93,12.9,12.84,0.119,0,0,0,0
"2026-07-13 21:15:00",2624,28.83,12.87,12.81,12.77,0.139,0,0,0,0
"2026-07-13 21:30:00",2625,28.67,12.83,12.8,12.73,0.114,0,0,0,0
"2026-07-13 21:45:00",2626,28.51,12.79,12.66,4.092,0.18,0,0,0,0
"2026-07-13 22:00:00",2627,28.37,12.79,12.74,0.23,0.139,0,0,0,0
"2026-07-13 22:15:00",2628,28.24,12.81,12.78,-0.164,0.135,0,0,0,0
"2026-07-13 22:30:00",2629,28.15,12.75,12.67,-0.286,0.172,0,0,0,0
"2026-07-13 22:45:00",2630,28.04,12.8,12.76,-0.212,0.118,0,0,0,0
"2026-07-13 23:00:00",2631,27.94,12.72,12.74,-0.256,0.129,0,0,0,0
"2026-07-13 23:15:00",2632,27.84,12.79,12.74,-0.208,0.128,0,0,0,0
"2026-07-13 23:30:00",2633,27.77,12.78,12.75,-0.218,0.124,0,0,0,0
"2026-07-13 23:45:00",2634,27.69,12.78,12.75,-0.231,0.12,0,0,0,0
"2026-07-14 00:00:00",2635,27.62,12.78,12.75,-0.277,0.122,0,0,0,0
"2026-07-14 00:15:00",2636,27.6,12.7,12.72,-0.444,0.137,0,0,0,0
"2026-07-14 00:30:00",2637,27.57,12.77,12.74,-0.229,0.12,0,0,0,0
"2026-07-14 00:45:00",2638,27.51,12.77,12.74,-0.211,0.121,0,0,0,0
"2026-07-14 01:00:00",2639,27.46,12.76,12.73,-0.235,0.129,0,0,0,0
"2026-07-14 01:15:00",2640,27.41,12.76,12.73,-0.219,0.124,0,0,0,0
"2026-07-14 01:30:00",2641,27.38,12.77,12.72,-0.176,0.117,0,0,0,0
"2026-07-14 01:45:00",2642,27.34,12.77,12.75,-0.156,0.098,0,0,0,0
"2026-07-14 02:00:00",2643,27.31,12.59,12.61,-0.35,0.145,0,0,0,0
"2026-07-14 02:15:00",2644,27.27,12.76,12.74,-0.154,0.091,0,0,0,0
"2026-07-14 02:30:00",2645,27.25,12.68,12.54,-0.388,0.139,0,0,0,0
"2026-07-14 02:45:00",2646,27.23,12.68,12.63,-0.374,0.155,0,0,0,0
"2026-07-14 03:00:00",2647,27.2,12.75,12.74,-0.174,0.093,0,0,0,0
"2026-07-14 03:15:00",2648,27.19,12.74,12.73,-0.163,0.096,0,0,0,0
"2026-07-14 03:30:00",2649,27.19,12.68,12.58,-0.418,0.135,0,0,0,0
"2026-07-14 03:45:00",2650,27.18,12.67,12.62,-0.392,0.148,0,0,0,0
"2026-07-14 04:00:00",2651,27.16,12.65,12.6,-0.321,0.147,0,0,0,0
"2026-07-14 04:15:00",2652,27.13,12.71,12.71,-0.166,0.094,0,0,0,0
"2026-07-14 04:30:00",2653,27.15,12.65,12.48,-0.387,0.144,0,0,0,0
"2026-07-14 04:45:00",2654,27.13,12.72,12.7,-0.156,0.094,0,0,0,0
"2026-07-14 05:00:00",2655,27.12,12.71,12.7,-0.189,0.1,0,0,0,0
"2026-07-14 05:15:00",2656,27.09,12.7,12.68,-0.168,0.105,0,0,0,0
"2026-07-14 05:30:00",2657,27.08,12.7,12.69,-0.143,0.099,0,0,0,0
"2026-07-14 05:45:00",2658,27.05,12.69,12.62,0.004,0.103,0,0,0,0
"2026-07-14 06:00:00",2659,27.02,12.61,12.58,1.809,0.126,0,0,0,0
"2026-07-14 06:15:00",2660,26.97,12.62,12.56,12.21,0.151,0,0,0,0
"2026-07-14 06:30:00",2661,26.95,12.69,12.68,12.62,0.09,0,0,0,0
"2026-07-14 06:45:00",2662,26.91,12.73,12.72,12.63,0.092,0,0,0,0
"2026-07-14 07:00:00",2663,26.86,12.81,12.71,12.63,0.143,0,0,0,0
"2026-07-14 07:15:00",2664,26.83,13.15,12.98,12.91,0.132,0,0,0,0
"2026-07-14 07:30:00",2665,26.87,13.56,13.53,13.39,0.124,0,0,0,0
"2026-07-14 07:45:00",2666,26.96,13.79,13.74,13.73,0.144,0,0,0,0
"2026-07-14 08:00:00",2667,27.09,13.85,13.77,23.85,0.146,0,0,0,0
"2026-07-14 08:15:00",2668,27.27,13.79,13.85,13.82,0.103,0,0,0,0
"2026-07-14 08:30:00",2669,27.53,13.92,13.89,23.89,0.098,0,0,0,0
"2026-07-14 08:45:00",2670,27.8,13.92,13.82,23.59,0.094,0,0,0,0
"2026-07-14 09:00:00",2671,28.12,13.89,13.79,23.3,0.088,0,0,0,0
"2026-07-14 09:15:00",2672,28.45,13.9,13.79,23.42,0.087,0,0,0,0
"2026-07-14 09:30:00",2673,28.77,13.8,13.86,23.37,0.09,0,0,0,0
"2026-07-14 09:45:00",2674,29.05,13.8,13.87,23.34,0.096,0,0,0,0
"2026-07-14 10:00:00",2675,29.31,13.77,13.83,14.67,0.09,0,0,0,0
"2026-07-14 10:15:00",2676,29.54,13.77,13.75,13.83,0.087,0,0,0,0
"2026-07-14 10:30:00",2677,29.75,13.87,13.76,23.55,0.089,0,0,0,0
"2026-07-14 10:45:00",2678,29.9,13.38,13.35,23.42,0.092,0,0,0,0
"2026-07-14 11:00:00",2679,30.03,13.38,13.36,23.54,0.099,0,0,0,0
"2026-07-14 11:15:00",2680,30.17,13.34,13.33,23.45,0.092,0,0,0,0
"2026-07-14 11:30:00",2681,30.34,13.34,13.41,23.48,0.096,0,0,0,0
"2026-07-14 11:45:00",2682,30.47,13.34,13.32,23.3,0.089,0,0,0,0
"2026-07-14 12:00:00",2683,30.6,13.42,13.32,23.39,0.09,0,0,0,0
"2026-07-14 12:15:00",2684,30.73,13.34,13.4,23.47,0.095,0,0,0,0
"2026-07-14 12:30:00",2685,30.87,13.36,13.21,23.42,0.137,0,0,0,0
"2026-07-14 12:45:00",2686,30.96,13.34,13.39,23.44,0.088,0,0,0,0
"2026-07-14 13:00:00",2687,30.99,13.27,13.3,23.29,0.161,0,0,0,0
"2026-07-14 13:15:00",2688,30.99,13.34,13.32,23.44,0.09,0,0,0,0
"2026-07-14 13:30:00",2689,30.99,13.34,13.37,23.29,0.097,0,0,0,0
"2026-07-14 13:45:00",2690,30.96,13.33,13.37,23.49,0.092,0,0,0,0
"2026-07-14 14:00:00",2691,30.97,13.3,13.19,21.75,0.128,0,0,0,0
"2026-07-14 14:15:00",2692,31.05,13.37,13.22,23.3,0.111,0,0,0,0
"2026-07-14 14:30:00",2693,31.14,13.34,13.29,23.55,0.09,0,0,0,0
"2026-07-14 14:45:00",2694,31.2,13.35,13.31,23.64,0.089,0,0,0,0
"2026-07-14 15:00:00",2695,31.2,13.28,13.28,23.48,0.158,0,0,0,0
"2026-07-14 15:15:00",2696,31.2,13.34,13.3,23.71,0.097,0,0,0,0
"2026-07-14 15:30:00",2697,31.24,13.43,13.29,23.56,0.089,0,0,0,0
"2026-07-14 15:45:00",2698,31.26,13.26,13.27,23.36,0.13,0,0,0,0
"2026-07-14 16:00:00",2699,31.29,13.27,13.21,23.4,0.145,0,0,0,0
"2026-07-14 16:15:00",2700,31.33,13.32,13.31,23.54,0.088,0,0,0,0
"2026-07-14 16:30:00",2701,31.39,13.2,13.08,19.38,0.239,0,0,0,0
"2026-07-14 16:45:00",2702,31.43,13.28,13.19,23.28,0.135,0,0,0,0
"2026-07-14 17:00:00",2703,31.46,13.28,13.29,13.32,0.094,0,0,0,0
"2026-07-14 17:15:00",2704,31.51,13.33,13.24,23.31,0.137,0,0,0,0
"2026-07-14 17:30:00",2705,31.6,13.34,13.33,23.5,0.093,0,0,0,0
"2026-07-14 17:45:00",2706,31.64,13.34,13.32,13.39,0.089,0,0,0,0
"2026-07-14 18:00:00",2707,31.62,13.29,13.29,23.48,0.101,0,0,0,0
"2026-07-14 18:15:00",2708,31.59,13.35,13.32,23.4,0.089,0,0,0,0
"2026-07-14 18:30:00",2709,31.57,13.28,13.23,23.34,0.136,0,0,0,0
"2026-07-14 18:45:00",2710,31.53,13.34,13.33,23.57,0.095,0,0,0,0
"2026-07-14 19:00:00",2711,31.5,13.26,13.16,13.17,0.151,0,0,0,0
"2026-07-14 19:15:00",2712,31.45,13.28,13.2,13.2,0.15,0,0,0,0
"2026-07-14 19:30:00",2713,31.4,13.28,13.19,23.35,0.135,0,0,0,0
"2026-07-14 19:45:00",2714,31.3,13.37,13.32,23.62,0.122,0,0,0,0
"2026-07-14 20:00:00",2715,31.17,13.33,13.35,23.05,0.144,0,0,0,0
"2026-07-14 20:15:00",2716,30.98,13.32,13.27,23.34,0.154,0,0,0,0
"2026-07-14 20:30:00",2717,30.75,13.26,13.17,13.08,0.173,0,0,0,0
"2026-07-14 20:45:00",2718,30.52,13.34,13.3,22.21,0.121,0,0,0,0
"2026-07-14 21:00:00",2719,30.27,13.09,13,12.84,0.136,0,0,0,0
"2026-07-14 21:15:00",2720,29.99,12.99,12.96,12.87,0.123,0,0,0,0
"2026-07-14 21:30:00",2721,29.74,12.86,12.81,12.71,0.148,0,0,0,0
"2026-07-14 21:45:00",2722,29.49,12.83,12.81,6.663,0.116,0,0,0,0
"2026-07-14 22:00:00",2723,29.28,12.74,12.64,0.137,0.186,0,0,0,0
"2026-07-14 22:15:00",2724,29.1,12.75,12.63,-0.37,0.169,0,0,0,0
"2026-07-14 22:30:00",2725,28.96,12.78,12.71,-0.302,0.147,0,0,0,0
"2026-07-14 22:45:00",2726,28.83,12.77,12.68,-0.316,0.178,0,0,0,0
"2026-07-14 23:00:00",2727,28.72,12.77,12.72,-0.249,0.148,0,0,0,0
"2026-07-14 23:15:00",2728,28.63,12.78,12.76,-0.211,0.122,0,0,0,0
"2026-07-14 23:30:00",2729,28.57,12.78,12.72,-0.232,0.13,0,0,0,0
"2026-07-14 23:45:00",2730,28.49,12.76,12.75,-0.235,0.122,0,0,0,0
"2026-07-15 00:00:00",2731,28.41,12.77,12.74,-0.283,0.119,0,0,0,0
"2026-07-15 00:15:00",2732,28.38,12.76,12.75,-0.27,0.13,0,0,0,0
"2026-07-15 00:30:00",2733,28.34,12.77,12.73,-0.237,0.123,0,0,0,0
"2026-07-15 00:45:00",2734,28.28,12.76,12.73,-0.219,0.12,0,0,0,0
"2026-07-15 01:00:00",2735,28.22,12.75,12.74,-0.258,0.127,0,0,0,0
"2026-07-15 01:15:00",2736,28.16,12.73,12.61,-0.385,0.165,0,0,0,0
"2026-07-15 01:30:00",2737,28.14,12.76,12.73,-0.23,0.127,0,0,0,0
"2026-07-15 01:45:00",2738,28.09,12.75,12.72,-0.239,0.121,0,0,0,0
"2026-07-15 02:00:00",2739,28.05,12.74,12.73,-0.227,0.122,0,0,0,0
"2026-07-15 02:15:00",2740,28.01,12.67,12.63,-0.343,0.164,0,0,0,0
"2026-07-15 02:30:00",2741,27.99,12.76,12.74,-0.182,0.095,0,0,0,0
"2026-07-15 02:45:00",2742,27.96,12.74,12.74,-0.189,0.093,0,0,0,0
"2026-07-15 03:00:00",2743,27.92,12.68,12.63,-0.36,0.151,0,0,0,0
"2026-07-15 03:15:00",2744,27.87,12.69,12.59,-0.346,0.164,0,0,0,0
"2026-07-19 12:30:00",3165,33.59,13.24,13.26,23.08,0.095,0,0,0,0
"2026-07-19 12:45:00",3166,33.65,13.22,13.25,23.06,0.109,0,0,0,0
"2026-07-19 13:00:00",3167,33.62,13.23,13.19,13.25,0.096,0,0,0,0
"2026-07-19 13:15:00",3168,33.56,13.25,13.21,23.14,0.104,0,0,0,0
"2026-07-19 13:30:00",3169,33.5,13.24,13.2,23.19,0.096,0,0,0,0
"2026-07-19 13:45:00",3170,33.42,13.23,13.21,19.25,0.094,0,0,0,0
"2026-07-19 14:00:00",3171,33.38,13.23,13.27,23.25,0.094,0,0,0,0
"2026-07-19 14:15:00",3172,33.41,13.22,13.21,13.25,0.103,0,0,0,0
"2026-07-19 14:30:00",3173,33.52,13.23,13.21,23.48,0.092,0,0,0,0
"2026-07-19 14:45:00",3174,33.54,13.24,13.2,23.47,0.095,0,0,0,0
"2026-07-19 15:00:00",3175,33.49,13.29,13.21,23.41,0.064,0,0,0,0
"2026-07-19 15:15:00",3176,33.38,13.24,13.21,23.49,0.092,0,0,0,0
"2026-07-19 15:30:00",3177,33.3,13.24,13.23,23.5,0.093,0,0,0,0
"2026-07-19 15:45:00",3178,33.22,13.27,13.3,23.37,0.091,0,0,0,0
"2026-07-19 16:00:00",3179,33.12,13.3,13.22,23.62,0.089,0,0,0,0
"2026-07-19 16:15:00",3180,33.06,13.38,13.24,23.59,0.098,0,0,0,0
"2026-07-19 16:30:00",3181,33.06,13.28,13.24,23.64,0.092,0,0,0,0
"2026-07-19 16:45:00",3182,33.02,13.26,13.2,18.5,0.106,0,0,0,0
"2026-07-19 17:00:00",3183,32.95,13.28,13.25,22.95,0.107,0,0,0,0
"2026-07-19 17:15:00",3184,32.91,13.27,13.32,23.41,0.101,0,0,0,0
"2026-07-19 17:30:00",3185,32.85,13.28,13.3,23.24,0.093,0,0,0,0
"2026-07-19 17:45:00",3186,32.77,13.34,13.24,23.43,0.099,0,0,0,0
"2026-07-19 18:00:00",3187,32.66,13.27,13.29,23.24,0.092,0,0,0,0
"2026-07-19 18:15:00",3188,32.57,13.28,13.28,23,0.091,0,0,0,0
"2026-07-19 18:30:00",3189,32.43,13.27,13.25,13.18,0.099,0,0,0,0
"2026-07-19 18:45:00",3190,32.25,13.33,13.27,22.86,0.091,0,0,0,0
"2026-07-19 19:00:00",3191,32.05,13.32,13.27,13.22,0.092,0,0,0,0
"2026-07-19 19:15:00",3192,31.82,13.3,13.29,17.2,0.092,0,0,0,0
"2026-07-19 19:30:00",3193,31.61,13.34,13.31,13.24,0.112,0,0,0,0
"2026-07-19 19:45:00",3194,31.39,13.22,13.2,13.12,0.091,0,0,0,0
"2026-07-19 20:00:00",3195,31.2,13.11,13.08,13.02,0.093,0,0,0,0
"2026-07-19 20:15:00",3196,31.02,13.05,13.02,12.94,0.101,0,0,0,0
"2026-07-19 20:30:00",3197,30.88,13,12.95,12.91,0.096,0,0,0,0
"2026-07-19 20:45:00",3198,30.73,12.95,12.92,12.83,0.091,0,0,0,0
"2026-07-19 21:00:00",3199,30.59,12.9,12.88,12.8,0.097,0,0,0,0
"2026-07-19 21:15:00",3200,30.45,12.86,12.84,12.73,0.111,0,0,0,0
"2026-07-19 21:30:00",3201,30.35,12.82,12.78,12.71,0.112,0,0,0,0
"2026-07-19 21:45:00",3202,30.23,12.78,12.74,3.917,0.105,0,0,0,0
"2026-07-19 22:00:00",3203,30.13,12.76,12.7,-0.023,0.145,0,0,0,0
"2026-07-19 22:15:00",3204,30.02,12.78,12.73,-0.257,0.12,0,0,0,0
"2026-07-19 22:30:00",3205,29.96,12.77,12.72,-0.281,0.121,0,0,0,0
"2026-07-19 22:45:00",3206,29.88,12.77,12.72,-0.296,0.12,0,0,0,0
"2026-07-19 23:00:00",3207,29.8,12.77,12.72,-0.304,0.126,0,0,0,0
"2026-07-19 23:15:00",3208,29.73,12.76,12.71,-0.28,0.126,0,0,0,0
"2026-07-19 23:30:00",3209,29.68,12.75,12.7,-0.282,0.122,0,0,0,0
"2026-07-19 23:45:00",3210,29.63,12.75,12.71,-0.309,0.133,0,0,0,0
"2026-07-20 00:00:00",3211,29.57,12.74,12.7,-0.282,0.123,0,0,0,0
"2026-07-20 00:15:00",3212,29.55,12.74,12.7,-0.279,0.121,0,0,0,0
"2026-07-20 00:30:00",3213,29.52,12.74,12.7,-0.296,0.121,0,0,0,0
"2026-07-20 00:45:00",3214,29.43,12.74,12.7,-0.302,0.127,0,0,0,0
"2026-07-20 01:00:00",3215,29.36,12.73,12.7,-0.277,0.129,0,0,0,0
"2026-07-20 01:15:00",3216,29.28,12.74,12.69,-0.281,0.124,0,0,0,0
"2026-07-20 01:30:00",3217,29.22,12.73,12.69,-0.312,0.122,0,0,0,0
"2026-07-20 01:45:00",3218,29.13,12.73,12.67,-0.275,0.123,0,0,0,0
"2026-07-20 02:00:00",3219,29.05,12.72,12.67,-0.279,0.119,0,0,0,0
"2026-07-20 02:15:00",3220,28.98,12.71,12.66,-0.288,0.123,0,0,0,0
"2026-07-20 02:30:00",3221,28.93,12.71,12.66,-0.282,0.123,0,0,0,0
"2026-07-20 02:45:00",3222,28.84,12.71,12.66,-0.313,0.139,0,0,0,0
"2026-07-20 03:00:00",3223,28.76,12.7,12.67,-0.296,0.133,0,0,0,0
"2026-07-20 03:15:00",3224,28.68,12.7,12.64,-0.31,0.129,0,0,0,0
"2026-07-20 03:30:00",3225,28.63,12.7,12.65,-0.297,0.123,0,0,0,0
"2026-07-20 03:45:00",3226,28.56,12.67,12.63,-0.28,0.116,0,0,0,0
"2026-07-20 04:00:00",3227,28.5,12.67,12.63,-0.3,0.127,0,0,0,0
"2026-07-20 04:15:00",3228,28.43,12.68,12.61,-0.285,0.109,0,0,0,0
"2026-07-20 04:30:00",3229,28.38,12.7,12.64,-0.213,0.093,0,0,0,0
"2026-07-20 04:45:00",3230,28.31,12.7,12.67,-0.235,0.101,0,0,0,0
"2026-07-20 05:00:00",3231,28.23,12.69,12.66,-0.214,0.096,0,0,0,0
"2026-07-20 05:15:00",3232,28.19,12.69,12.66,-0.231,0.093,0,0,0,0
"2026-07-20 05:30:00",3233,28.2,12.69,12.66,-0.242,0.093,0,0,0,0
"2026-07-20 05:45:00",3234,28.19,12.68,12.66,-0.159,0.096,0,0,0,0
"2026-07-20 06:00:00",3235,28.17,12.68,12.66,0.611,0.093,0,0,0,0
"2026-07-20 06:15:00",3236,28.15,12.68,12.65,8.4,0.093,0,0,0,0
"2026-07-20 06:30:00",3237,28.12,12.67,12.65,12.66,0.093,0,0,0,0
"2026-07-20 06:45:00",3238,28.06,12.68,12.67,12.6,0.105,0,0,0,0
"2026-07-20 07:00:00",3239,28.01,12.74,12.72,12.65,0.093,0,0,0,0
"2026-07-20 07:15:00",3240,27.97,12.88,12.86,12.79,0.093,0,0,0,0
"2026-07-20 07:30:00",3241,27.98,13.21,13.18,13.12,0.094,0,0,0,0
"2026-07-20 07:45:00",3242,28.02,13.58,13.55,13.5,0.09,0,0,0,0
"2026-07-20 08:00:00",3243,28.12,13.77,13.74,13.71,0.094,0,0,0,0
"2026-07-20 08:15:00",3244,28.26,13.86,13.82,13.79,0.097,0,0,0,0
"2026-07-20 08:30:00",3245,28.46,13.85,13.74,13.79,0.102,0,0,0,0
"2026-07-20 08:45:00",3246,28.7,13.77,13.83,13.82,0.089,0,0,0,0
"2026-07-20 09:00:00",3247,29.01,13.87,13.82,23.51,0.089,0,0,0,0
"2026-07-20 09:15:00",3248,29.36,13.75,13.79,13.79,0.089,0,0,0,0
"2026-07-20 09:30:00",3249,29.73,13.75,13.7,13.79,0.089,0,0,0,0
"2026-07-20 09:45:00",3250,30.05,13.84,13.68,23.55,0.095,0,0,0,0
"2026-07-20 10:00:00",3251,30.37,13.73,13.69,13.77,0.097,0,0,0,0
"2026-07-20 10:15:00",3252,30.68,13.72,13.77,23.34,0.097,0,0,0,0
"2026-07-20 10:30:00",3253,30.96,13.68,13.72,23.41,0.103,0,0,0,0
"2026-07-20 10:45:00",3254,31.21,13.69,13.65,13.76,0.09,0,0,0,0
"2026-07-20 11:00:00",3255,31.44,13.7,13.64,13.76,0.089,0,0,0,0
"2026-07-20 11:15:00",3256,31.65,13.36,13.25,23.47,0.073,0,0,0,0
"2026-07-20 11:30:00",3257,31.87,13.31,13.24,23.3,0.092,0,0,0,0
"2026-07-20 11:45:00",3258,32.08,13.37,13.23,23.45,0.098,0,0,0,0
"2026-07-20 12:00:00",3259,32.2,13.28,13.25,23.44,0.093,0,0,0,0
"2026-07-20 12:15:00",3260,32.26,13.33,13.23,23.55,0.102,0,0,0,0
"2026-07-20 12:30:00",3261,32.28,13.26,13.21,13.23,0.105,0,0,0,0
"2026-07-20 12:45:00",3262,32.25,13.33,13.24,23.57,0.068,0,0,0,0
"2026-07-20 13:00:00",3263,32.21,13.29,13.25,23.59,0.09,0,0,0,0
"2026-07-20 13:15:00",3264,32.16,13.27,13.25,23.58,0.091,0,0,0,0
"2026-07-20 13:30:00",3265,32.12,13.28,13.24,21.95,0.098,0,0,0,0
"2026-07-20 13:45:00",3266,32.05,13.39,13.28,23.53,0.101,0,0,0,0
"2026-07-20 14:00:00",3267,32,13.37,13.27,23.37,0.094,0,0,0,0
"2026-07-20 14:15:00",3268,31.97,13.3,13.26,13.29,0.097,0,0,0,0
"2026-07-20 14:30:00",3269,31.96,13.31,13.34,23.48,0.092,0,0,0,0
"2026-07-20 14:45:00",3270,31.92,13.25,13.07,12.98,0.153,0,0,0,0
"2026-07-20 15:00:00",3271,31.92,13.37,13.28,23.51,0.104,0,0,0,0
"2026-07-20 15:15:00",3272,31.94,13.37,13.27,23.47,0.09,0,0,0,0
"2026-07-20 15:30:00",3273,31.94,13.29,13.25,23.44,0.127,0,0,0,0
"2026-07-20 15:45:00",3274,31.95,13.26,13.25,23.47,0.091,0,0,0,0
"2026-07-20 16:00:00",3275,31.98,13.26,13.33,23.54,0.095,0,0,0,0
"2026-07-20 16:15:00",3276,32.03,13.27,13.25,23.56,0.098,0,0,0,0
"2026-07-20 16:30:00",3277,32.14,13.27,13.24,13.3,0.092,0,0,0,0
"2026-07-20 16:45:00",3278,32.24,13.26,13.22,23.37,0.106,0,0,0,0
"2026-07-20 17:00:00",3279,32.36,13.28,13.31,23.44,0.096,0,0,0,0
"2026-07-20 17:15:00",3280,32.45,13.37,13.25,23.49,0.094,0,0,0,0
"2026-07-20 17:30:00",3281,32.53,13.28,13.27,13.18,0.095,0,0,0,0
"2026-07-20 17:45:00",3282,32.41,13.28,13.25,13.14,0.093,0,0,0,0
"2026-07-20 18:00:00",3283,32.13,13.21,13.18,13.09,0.093,0,0,0,0
"2026-07-20 18:15:00",3284,31.78,13.05,13.02,12.94,0.105,0,0,0,0
"2026-07-20 18:30:00",3285,31.45,12.92,12.9,12.85,0.098,0,0,0,0
"2026-07-20 18:45:00",3286,31.11,12.93,12.89,12.83,0.092,0,0,0,0
"2026-07-20 19:00:00",3287,30.78,12.92,12.83,12.62,0.103,0,0,0,0
"2026-07-20 19:15:00",3288,30.52,12.92,12.88,12.74,0.12,0,0,0,0
"2026-07-20 19:30:00",3289,30.33,12.91,12.87,12.79,0.102,0,0,0,0
"2026-07-20 19:45:00",3290,30.17,12.95,12.93,12.86,0.096,0,0,0,0
"2026-07-20 20:00:00",3291,30.05,13.27,13.24,23.31,0.145,0,0,0,0
"2026-07-20 20:15:00",3292,30.06,13.37,13.34,13.28,0.098,0,0,0,0
"2026-07-20 20:30:00",3293,30.14,13.36,13.35,13.31,0.089,0,0,0,0
"2026-07-20 20:45:00",3294,30.15,13.35,13.33,13.25,0.097,0,0,0,0
"2026-07-20 21:00:00",3295,30.1,13.15,13.13,13.06,0.092,0,0,0,0
"2026-07-20 21:15:00",3296,30.03,13,12.97,12.91,0.09,0,0,0,0
"2026-07-20 21:30:00",3297,29.96,12.88,12.86,12.8,0.106,0,0,0,0
"2026-07-20 21:45:00",3298,29.86,12.82,12.71,3.999,0.126,0,0,0,0
"2026-07-20 22:00:00",3299,29.75,12.79,12.73,-0.005,0.122,0,0,0,0
"2026-07-20 22:15:00",3300,29.63,12.77,12.71,-0.278,0.119,0,0,0,0
"2026-07-20 22:30:00",3301,29.55,12.69,12.62,-0.492,0.18,0,0,0,0
"2026-07-20 22:45:00",3302,29.46,12.77,12.7,-0.337,0.12,0,0,0,0
"2026-07-20 23:00:00",3303,29.39,12.76,12.72,-0.314,0.124,0,0,0,0
"2026-07-20 23:15:00",3304,29.32,12.76,12.71,-0.31,0.128,0,0,0,0
"2026-07-20 23:30:00",3305,29.28,12.7,12.58,-0.537,0.164,0,0,0,0
"2026-07-20 23:45:00",3306,29.22,12.76,12.71,-0.287,0.122,0,0,0,0
"2026-07-21 00:00:00",3307,29.16,12.72,12.7,-0.384,0.123,0,0,0,0
"2026-07-21 00:15:00",3308,29.15,12.75,12.7,-0.285,0.127,0,0,0,0
"2026-07-21 00:30:00",3309,29.12,12.75,12.71,-0.293,0.133,0,0,0,0
"2026-07-21 00:45:00",3310,29.05,12.74,12.71,-0.256,0.12,0,0,0,0
"2026-07-21 01:00:00",3311,28.96,12.73,12.7,-0.285,0.126,0,0,0,0
"2026-07-21 01:15:00",3312,28.9,12.73,12.69,-0.279,0.121,0,0,0,0
"2026-07-21 01:30:00",3313,28.86,12.73,12.69,-0.286,0.115,0,0,0,0
"2026-07-21 01:45:00",3314,28.82,12.67,12.62,-0.365,0.152,0,0,0,0
"2026-07-21 02:00:00",3315,28.78,12.64,12.54,-0.451,0.169,0,0,0,0
"2026-07-21 02:15:00",3316,28.73,12.67,12.51,-0.541,0.167,0,0,0,0
"2026-07-21 02:30:00",3317,28.71,12.72,12.67,-0.289,0.123,0,0,0,0
"2026-07-21 02:45:00",3318,28.67,12.67,12.58,-0.459,0.186,0,0,0,0
"2026-07-21 03:00:00",3319,28.62,12.71,12.66,-0.274,0.119,0,0,0,0
"2026-07-21 03:15:00",3320,28.58,12.69,12.62,-0.355,0.144,0,0,0,0
"2026-07-21 03:30:00",3321,28.56,12.63,12.49,-0.535,0.343,0,0,0,0
"2026-07-21 03:45:00",3322,28.51,12.63,12.49,-0.377,0.192,0,0,0,0
"2026-07-21 04:00:00",3323,28.46,12.72,12.68,-0.206,0.109,0,0,0,0
"2026-07-21 04:15:00",3324,28.39,12.69,12.58,-0.269,0.139,0,0,0,0
"2026-07-21 04:30:00",3325,28.37,12.63,12.57,-0.378,0.154,0,0,0,0
"2026-07-21 04:45:00",3326,28.33,12.65,12.29,-0.361,0.149,0,0,0,0
"2026-07-21 05:00:00",3327,28.29,12.7,12.64,-0.191,0.094,0,0,0,0
"2026-07-21 05:15:00",3328,28.26,12.62,12.52,-0.424,0.138,0,0,0,0
"2026-07-21 05:30:00",3329,28.27,12.62,12.56,-0.424,0.136,0,0,0,0
"2026-07-21 05:45:00",3330,28.24,12.61,12.49,-0.363,0.148,0,0,0,0
"2026-07-21 06:00:00",3331,28.22,12.68,12.66,0.164,0.09,0,0,0,0
"2026-07-21 06:15:00",3332,28.2,12.68,12.66,5.241,0.094,0,0,0,0
"2026-07-21 06:30:00",3333,28.2,12.61,12.5,12.24,0.157,0,0,0,0
"2026-07-21 06:45:00",3334,28.16,12.69,12.65,12.59,0.093,0,0,0,0
"2026-07-21 07:00:00",3335,28.12,12.65,12.61,12.46,0.118,0,0,0,0
"2026-07-21 07:15:00",3336,28.07,12.69,12.58,12.5,0.159,0,0,0,0
"2026-07-21 07:30:00",3337,28.05,12.95,12.93,12.87,0.095,0,0,0,0
"2026-07-21 07:45:00",3338,28.01,13.28,13.26,13.21,0.092,0,0,0,0
"2026-07-21 08:00:00",3339,28.02,13.54,13.47,13.32,0.122,0,0,0,0
"2026-07-21 08:15:00",3340,28.08,13.72,13.69,13.6,0.089,0,0,0,0
"2026-07-21 08:30:00",3341,28.24,13.44,13.41,13.36,0.091,0,0,0,0
"2026-07-21 08:45:00",3342,28.34,13.38,13.35,13.3,0.103,0,0,0,0
"2026-07-21 09:00:00",3343,28.41,13.67,13.63,13.6,0.098,0,0,0,0
"2026-07-21 09:15:00",3344,28.54,13.87,13.83,23.92,0.088,0,0,0,0
"2026-07-21 09:30:00",3345,28.81,13.7,13.65,13.57,0.112,0,0,0,0
"2026-07-21 09:45:00",3346,29.06,13.78,13.81,13.78,0.121,0,0,0,0
"2026-07-21 10:00:00",3347,29.25,13.75,13.78,13.82,0.09,0,0,0,0
"2026-07-21 10:15:00",3348,29.48,13.62,13.56,13.54,0.091,0,0,0,0
"2026-07-21 10:30:00",3349,29.59,13.85,13.71,14.09,0.088,0,0,0,0
"2026-07-21 10:45:00",3350,29.76,13.68,13.62,13.63,0.148,0,0,0,0
"2026-07-21 11:00:00",3351,29.98,13.73,13.78,23.52,0.092,0,0,0,0
"2026-07-21 11:15:00",3352,30.27,13.73,13.7,13.66,0.089,0,0,0,0
"2026-07-21 11:30:00",3353,30.49,13.72,13.79,23.74,0.092,0,0,0,0
"2026-07-21 11:45:00",3354,30.6,13.73,13.69,23.9,0.089,0,0,0,0
"2026-07-21 12:00:00",3355,30.73,13.81,13.72,23.41,0.089,0,0,0,0
"2026-07-21 12:15:00",3356,30.83,13.41,13.38,23.5,0.091,0,0,0,0
"2026-07-21 12:30:00",3357,31.03,13.33,13.31,23.52,0.095,0,0,0,0
"2026-07-21 12:45:00",3358,31.19,13.33,13.26,23.54,0.096,0,0,0,0
"2026-07-21 13:00:00",3359,31.34,13.3,13.26,23.33,0.09,0,0,0,0
"2026-07-21 13:15:00",3360,31.45,13.31,13.28,23.5,0.092,0,0,0,0
"2026-07-21 13:30:00",3361,31.51,13.3,13.28,23.45,0.089,0,0,0,0
"2026-07-21 13:45:00",3362,31.52,13.3,13.32,23.48,0.092,0,0,0,0
"2026-07-21 14:00:00",3363,31.49,13.32,13.27,23.38,0.114,0,0,0,0
"2026-07-21 14:15:00",3364,31.49,13.3,13.32,23.43,0.094,0,0,0,0
"2026-07-21 14:30:00",3365,31.56,13.31,13.26,13.32,0.089,0,0,0,0
"2026-07-21 14:45:00",3366,31.54,13.34,13.17,23.33,0.133,0,0,0,0
"2026-07-21 15:00:00",3367,31.45,13.37,13.28,23.42,0.098,0,0,0,0
"2026-07-21 15:15:00",3368,31.37,13.3,13.33,23.52,0.11,0,0,0,0
"2026-07-21 15:30:00",3369,31.29,13.36,13.27,23.44,0.093,0,0,0,0
"2026-07-21 15:45:00",3370,31.05,13.29,13.22,23.38,0.121,0,0,0,0
"2026-07-21 16:00:00",3371,30.91,13.3,13.33,23.48,0.093,0,0,0,0
"2026-07-21 16:15:00",3372,30.8,13.34,13.27,23.63,0.087,0,0,0,0
"2026-07-21 16:30:00",3373,30.74,13.3,13.35,23.59,0.103,0,0,0,0
"2026-07-21 16:45:00",3374,30.69,13.3,13.27,13.33,0.096,0,0,0,0
"2026-07-21 17:00:00",3375,30.69,13.3,13.32,23.64,0.102,0,0,0,0
"2026-07-21 17:15:00",3376,30.76,13.31,13.27,23.45,0.11,0,0,0,0
"2026-07-21 17:30:00",3377,30.94,13.3,13.35,23.4,0.1,0,0,0,0
"2026-07-21 17:45:00",3378,31.08,13.24,13.18,23,0.169,0,0,0,0
"2026-07-21 18:00:00",3379,31.28,13.36,13.28,23.25,0.088,0,0,0,0
"2026-07-21 18:15:00",3380,31.5,13.27,13.22,23.39,0.091,0,0,0,0
"2026-07-21 18:30:00",3381,31.8,13.28,13.25,13.27,0.095,0,0,0,0
"2026-07-21 18:45:00",3382,31.94,13.27,13.24,13.25,0.089,0,0,0,0
"2026-07-21 19:00:00",3383,31.89,13.27,13.24,23.49,0.097,0,0,0,0
"2026-07-21 19:15:00",3384,31.95,13.2,13.12,23.16,0.153,0,0,0,0
"2026-07-21 19:30:00",3385,32.07,13.2,13.11,23.03,0.116,0,0,0,0
"2026-07-21 19:45:00",3386,32.17,13.27,13.24,23.3,0.103,0,0,0,0
"2026-07-21 20:00:00",3387,32.21,13.27,13.29,23.08,0.1,0,0,0,0
"2026-07-21 20:15:00",3388,32.15,13.25,13.27,22.7,0.094,0,0,0,0
"2026-07-21 20:30:00",3389,32.01,13.2,13.13,13.01,0.152,0,0,0,0
"2026-07-21 20:45:00",3390,31.78,13.22,13.2,13.15,0.095,0,0,0,0
"2026-07-21 21:00:00",3391,31.47,13.07,13.04,12.97,0.093,0,0,0,0
"2026-07-21 21:15:00",3392,31.11,12.94,12.92,12.85,0.093,0,0,0,0
"2026-07-21 21:30:00",3393,30.76,12.86,12.8,12.76,0.11,0,0,0,0
"2026-07-21 21:45:00",3394,30.43,12.83,12.81,2.783,0.104,0,0,0,0
"2026-07-21 22:00:00",3395,30.16,12.78,12.74,-0.042,0.109,0,0,0,0
"2026-07-21 22:15:00",3396,29.95,12.72,12.61,-0.45,0.17,0,0,0,0
"2026-07-21 22:30:00",3397,29.79,12.77,12.74,-0.286,0.119,0,0,0,0
"2026-07-21 22:45:00",3398,29.63,12.76,12.72,-0.272,0.126,0,0,0,0
"2026-07-21 23:00:00",3399,29.5,12.75,12.72,-0.281,0.12,0,0,0,0
"2026-07-21 23:15:00",3400,29.4,12.75,12.71,-0.335,0.125,0,0,0,0
"2026-07-21 23:30:00",3401,29.33,12.76,12.72,-0.304,0.125,0,0,0,0
"2026-07-21 23:45:00",3402,29.25,12.76,12.73,-0.274,0.123,0,0,0,0
"2026-07-22 00:00:00",3403,29.14,12.76,12.71,-0.278,0.123,0,0,0,0
"2026-07-22 00:15:00",3404,29.12,12.76,12.71,-0.303,0.129,0,0,0,0
"2026-07-22 00:30:00",3405,29.11,12.68,12.59,-0.482,0.174,0,0,0,0
"2026-07-22 00:45:00",3406,29.08,12.74,12.7,-0.277,0.121,0,0,0,0
"2026-07-22 01:00:00",3407,29.05,12.74,12.69,-0.284,0.121,0,0,0,0
"2026-07-22 01:15:00",3408,29.02,12.71,12.59,-0.533,0.135,0,0,0,0
"2026-07-22 01:30:00",3409,29.03,12.68,12.57,-0.531,0.179,0,0,0,0
"2026-07-22 01:45:00",3410,29.01,12.74,12.68,-0.285,0.118,0,0,0,0
"2026-07-22 02:00:00",3411,28.98,12.72,12.69,-0.315,0.119,0,0,0,0
"2026-07-22 02:15:00",3412,28.96,12.73,12.68,-0.305,0.13,0,0,0,0
"2026-07-22 02:30:00",3413,28.96,12.65,12.56,-0.454,0.192,0,0,0,0
"2026-07-22 02:45:00",3414,28.93,12.65,12.52,-0.556,0.161,0,0,0,0
"2026-07-22 03:00:00",3415,28.89,12.68,12.59,-0.459,0.162,0,0,0,0
"2026-07-22 03:15:00",3416,28.84,12.68,12.59,-0.355,0.137,0,0,0,0
"2026-07-22 03:30:00",3417,28.86,12.64,12.52,-0.475,0.176,0,0,0,0
"2026-07-22 03:45:00",3418,28.84,12.7,12.66,-0.306,0.124,0,0,0,0
"2026-07-22 04:00:00",3419,28.83,12.63,12.52,-0.548,0.164,0,0,0,0
"2026-07-22 04:15:00",3420,28.82,12.61,12.52,-0.576,0.171,0,0,0,0
"2026-07-22 04:30:00",3421,28.81,12.69,12.64,-0.295,0.123,0,0,0,0
"2026-07-22 04:45:00",3422,28.71,12.68,12.63,-0.313,0.118,0,0,0,0
"2026-07-22 05:00:00",3423,28.59,12.61,12.47,-0.523,0.176,0,0,0,0
"2026-07-22 05:15:00",3424,28.45,12.66,12.56,-0.482,0.158,0,0,0,0
"2026-07-22 05:30:00",3425,28.37,12.7,12.67,-0.205,0.091,0,0,0,0
"2026-07-22 05:45:00",3426,28.26,12.69,12.67,-0.17,0.092,0,0,0,0
"2026-07-22 06:00:00",3427,28.11,12.69,12.67,0.311,0.092,0,0,0,0
"2026-07-22 06:15:00",3428,27.66,12.65,12.52,5.709,0.151,0,0,0,0
"2026-07-22 06:30:00",3429,27.58,12.65,12.61,12.56,0.149,0,0,0,0
"2026-07-22 06:45:00",3430,27.51,12.63,12.5,12.34,0.138,0,0,0,0
"2026-07-22 07:00:00",3431,27.45,12.65,12.61,12.41,0.113,0,0,0,0
"2026-07-22 07:15:00",3432,27.39,12.79,12.7,12.45,0.136,0,0,0,0
"2026-07-22 07:30:00",3433,27.4,13.08,13.04,12.95,0.139,0,0,0,0
"2026-07-22 07:45:00",3434,27.41,13.46,13.43,13.39,0.124,0,0,0,0
"2026-07-22 08:00:00",3435,27.42,13.67,13.64,13.6,0.094,0,0,0,0
"2026-07-22 08:15:00",3436,27.48,13.79,13.74,13.73,0.089,0,0,0,0
"2026-07-22 08:30:00",3437,27.6,13.87,13.81,13.79,0.089,0,0,0,0
"2026-07-22 08:45:00",3438,27.74,13.87,13.77,13.81,0.088,0,0,0,0
"2026-07-22 09:00:00",3439,27.93,13.88,13.83,23.77,0.088,0,0,0,0
"2026-07-22 09:15:00",3440,28.17,13.84,13.87,23.71,0.136,0,0,0,0
"2026-07-22 09:30:00",3441,28.46,13.83,13.76,13.83,0.071,0,0,0,0
"2026-07-22 09:45:00",3442,28.73,13.78,13.86,23.74,0.088,0,0,0,0
"2026-07-22 10:00:00",3443,28.96,13.88,13.76,23.61,0.088,0,0,0,0
"2026-07-22 10:15:00",3444,29.18,13.88,13.76,23.74,0.089,0,0,0,0
"2026-07-22 10:30:00",3445,29.38,13.73,13.79,23.78,0.104,0,0,0,0
"2026-07-22 10:45:00",3446,29.49,13.76,13.82,23.76,0.088,0,0,0,0
"2026-07-22 11:00:00",3447,29.59,13.75,13.78,23.73,0.088,0,0,0,0
"2026-07-22 11:15:00",3448,29.68,13.76,13.83,23.8,0.095,0,0,0,0
"2026-07-22 11:30:00",3449,29.79,13.36,13.34,23.68,0.092,0,0,0,0
"2026-07-22 11:45:00",3450,29.84,13.36,13.34,13.39,0.091,0,0,0,0
"2026-07-22 12:00:00",3451,29.87,13.37,13.34,23.77,0.091,0,0,0,0
"2026-07-22 12:15:00",3452,29.88,13.36,13.33,23.82,0.104,0,0,0,0
"2026-07-22 12:30:00",3453,29.92,13.35,13.23,14.36,0.135,0,0,0,0
"2026-07-22 12:45:00",3454,29.95,13.36,13.32,23.61,0.095,0,0,0,0
"2026-07-22 13:00:00",3455,29.97,13.36,13.35,23.61,0.09,0,0,0,0
"2026-07-22 13:15:00",3456,29.96,13.36,13.4,23.59,0.091,0,0,0,0
"2026-07-22 13:30:00",3457,29.97,13.36,13.34,13.36,0.105,0,0,0,0
"2026-07-22 13:45:00",3458,29.95,13.28,13.21,13.11,0.131,0,0,0,0
"2026-07-22 14:00:00",3459,29.87,13.41,13.34,23.47,0.095,0,0,0,0
"2026-07-22 14:15:00",3460,29.81,13.41,13.34,23.6,0.097,0,0,0,0
"2026-07-22 14:30:00",3461,29.78,13.35,13.23,23.45,0.155,0,0,0,0
"2026-07-22 14:45:00",3462,29.48,13.34,13.21,23.54,0.163,0,0,0,0
"2026-07-22 15:00:00",3463,29.07,13.3,13.2,13.17,0.145,0,0,0,0
"2026-07-22 15:15:00",3464,29.1,13.37,13.34,23.59,0.091,0,0,0,0
"2026-07-22 15:30:00",3465,29.21,13.36,13.39,23.62,0.091,0,0,0,0
"2026-07-22 15:45:00",3466,29.35,13.29,13.23,22.04,0.137,0,0,0,0
"2026-07-22 16:00:00",3467,29.52,13.36,13.32,22.44,0.092,0,0,0,0
"2026-07-22 16:15:00",3468,29.72,13.3,13.12,23.19,0.148,0,0,0,0
"2026-07-22 16:30:00",3469,29.9,13.28,13.16,13.09,0.162,0,0,0,0
"2026-07-22 16:45:00",3470,30.01,13.31,13.27,13.28,0.106,0,0,0,0
"2026-07-22 17:00:00",3471,30.16,13.33,13.31,13.29,0.091,0,0,0,0
"2026-07-22 17:15:00",3472,30.16,13.33,13.33,13.28,0.09,0,0,0,0
"2026-07-22 17:30:00",3473,30.01,13.32,13.36,23.44,0.091,0,0,0,0
"2026-07-22 17:45:00",3474,29.96,13.33,13.31,23.84,0.089,0,0,0,0
"2026-07-22 18:00:00",3475,30.04,13.34,13.31,23.83,0.094,0,0,0,0
"2026-07-22 18:15:00",3476,30.32,13.38,13.3,23.48,0.071,0,0,0,0
"2026-07-22 18:30:00",3477,30.67,13.23,13.18,13.08,0.145,0,0,0,0
"2026-07-22 18:45:00",3478,31,13.38,13.28,23.51,0.094,0,0,0,0
"2026-07-22 19:00:00",3479,31.19,13.35,13.28,22.95,0.089,0,0,0,0
"2026-07-22 19:15:00",3480,31.08,13.3,13.28,23.51,0.094,0,0,0,0
"2026-07-22 19:30:00",3481,30.94,13.38,13.28,23.52,0.093,0,0,0,0
"2026-07-22 19:45:00",3482,30.77,13.36,13.26,23.22,0.09,0,0,0,0
"2026-07-22 20:00:00",3483,30.6,13.36,13.26,23.23,0.11,0,0,0,0
"2026-07-22 20:15:00",3484,30.4,13.33,13.32,22.92,0.09,0,0,0,0
"2026-07-22 20:30:00",3485,30.2,13.33,13.3,13.48,0.097,0,0,0,0
"2026-07-22 20:45:00",3486,29.97,13.34,13.28,13.27,0.092,0,0,0,0
"2026-07-22 21:00:00",3487,29.71,13.16,13.11,13.04,0.102,0,0,0,0
"2026-07-22 21:15:00",3488,29.43,13.01,12.95,12.92,0.097,0,0,0,0
"2026-07-22 21:30:00",3489,29.21,12.83,12.73,10.63,0.139,0,0,0,0
"2026-07-22 21:45:00",3490,28.99,12.85,12.82,1.807,0.098,0,0,0,0
"2026-07-22 22:00:00",3491,28.77,12.8,12.79,-0.025,0.091,0,0,0,0
"2026-07-22 22:15:00",3492,28.58,12.81,12.79,-0.191,0.093,0,0,0,0
"2026-07-22 22:30:00",3493,28.45,12.72,12.66,-0.51,0.144,0,0,0,0
"2026-07-22 22:45:00",3494,28.31,12.8,12.77,-0.236,0.091,0,0,0,0
"2026-07-22 23:00:00",3495,28.19,12.77,12.71,-0.262,0.109,0,0,0,0
"2026-07-22 23:15:00",3496,28.09,12.79,12.77,-0.206,0.09,0,0,0,0
"2026-07-22 23:30:00",3497,28.02,12.78,12.76,-0.205,0.094,0,0,0,0
"2026-07-22 23:45:00",3498,27.93,12.76,12.75,-0.252,0.094,0,0,0,0
"2026-07-23 00:00:00",3499,27.84,12.7,12.6,-0.498,0.142,0,0,0,0
"2026-07-23 00:15:00",3500,27.81,12.75,12.71,-0.304,0.127,0,0,0,0
"2026-07-23 00:30:00",3501,27.74,12.67,12.6,-0.428,0.179,0,0,0,0
"2026-07-23 00:45:00",3502,27.64,12.74,12.69,-0.274,0.129,0,0,0,0
"2026-07-23 01:00:00",3503,27.55,12.75,12.7,-0.29,0.125,0,0,0,0
"2026-07-23 01:15:00",3504,27.47,12.73,12.65,-0.347,0.128,0,0,0,0
"2026-07-23 01:30:00",3505,27.45,12.74,12.7,-0.31,0.119,0,0,0,0
"2026-07-23 01:45:00",3506,27.42,12.66,12.55,-0.539,0.183,0,0,0,0
"2026-07-23 02:00:00",3507,27.39,12.67,12.55,-0.491,0.176,0,0,0,0
"2026-07-23 02:15:00",3508,27.35,12.73,12.68,-0.349,0.125,0,0,0,0
"2026-07-23 02:30:00",3509,27.32,12.72,12.66,-0.316,0.119,0,0,0,0
"2026-07-23 02:45:00",3510,27.26,12.72,12.67,-0.291,0.117,0,0,0,0
"2026-07-23 03:00:00",3511,27.2,12.64,12.56,-0.472,0.183,0,0,0,0
"2026-07-23 03:15:00",3512,27.16,12.63,12.53,-0.555,0.161,0,0,0,0
"2026-07-23 03:30:00",3513,27.14,12.64,12.51,-0.544,0.178,0,0,0,0
"2026-07-23 03:45:00",3514,27.13,12.62,12.61,-0.398,0.126,0,0,0,0
"2026-07-23 04:00:00",3515,27.11,12.7,12.65,-0.27,0.13,0,0,0,0
"2026-07-23 04:15:00",3516,27.09,12.68,12.54,-0.441,0.191,0,0,0,0
"2026-07-23 04:30:00",3517,27.14,12.66,12.61,-0.289,0.131,0,0,0,0
"2026-07-23 04:45:00",3518,27.15,12.68,12.63,-0.313,0.128,0,0,0,0
"2026-07-23 05:00:00",3519,27.14,12.6,12.48,-0.532,0.164,0,0,0,0
"2026-07-23 05:15:00",3520,27.13,12.65,12.57,-0.349,0.135,0,0,0,0
"2026-07-23 05:30:00",3521,27.13,12.66,12.51,-0.328,0.17,0,0,0,0
"2026-07-23 05:45:00",3522,27.09,12.66,12.62,-0.284,0.121,0,0,0,0
"2026-07-23 06:00:00",3523,27.03,12.66,12.61,0.102,0.125,0,0,0,0
"2026-07-23 06:15:00",3524,26.97,12.57,12.45,4.402,0.165,0,0,0,0
"2026-07-23 06:30:00",3525,26.95,12.59,12.5,12.32,0.168,0,0,0,0
"2026-07-23 06:45:00",3526,26.89,12.59,12.51,12.39,0.151,0,0,0,0
"2026-07-23 07:00:00",3527,26.85,12.72,12.7,12.63,0.102,0,0,0,0
"2026-07-23 07:15:00",3528,26.81,12.78,12.78,12.66,0.091,0,0,0,0
"2026-07-23 07:30:00",3529,26.83,13.09,13.05,13.01,0.094,0,0,0,0
"2026-07-23 07:45:00",3530,26.84,13.44,13.42,13.32,0.106,0,0,0,0
"2026-07-23 08:00:00",3531,26.87,13.64,13.59,13.51,0.132,0,0,0,0
"2026-07-23 08:15:00",3532,26.94,13.82,13.77,13.77,0.089,0,0,0,0
"2026-07-23 08:30:00",3533,27.1,13.84,13.85,13.85,0.116,0,0,0,0
"2026-07-23 08:45:00",3534,27.3,13.88,13.77,13.82,0.089,0,0,0,0
"2026-07-23 09:00:00",3535,27.54,13.88,13.86,23.8,0.087,0,0,0,0
"2026-07-23 09:15:00",3536,27.83,13.75,13.66,13.67,0.152,0,0,0,0
"2026-07-23 09:30:00",3537,28.17,13.87,13.76,23.53,0.098,0,0,0,0
"2026-07-23 09:45:00",3538,28.52,13.88,13.77,22.25,0.088,0,0,0,0
"2026-07-23 10:00:00",3539,28.9,13.77,13.83,23.52,0.089,0,0,0,0
"2026-07-23 10:15:00",3540,29.3,13.86,13.72,23.45,0.094,0,0,0,0
"2026-07-23 10:30:00",3541,29.71,13.83,13.73,23.33,0.09,0,0,0,0
"2026-07-23 10:45:00",3542,30.07,13.63,13.74,23.19,0.103,0,0,0,0
"2026-07-23 11:00:00",3543,30.39,13.83,13.69,23.41,0.089,0,0,0,0
"2026-07-23 11:15:00",3544,30.62,13.35,13.32,23.41,0.089,0,0,0,0
"2026-07-23 11:30:00",3545,30.8,13.31,13.33,23.36,0.107,0,0,0,0
"2026-07-23 11:45:00",3546,30.93,13.32,13.38,23.47,0.09,0,0,0,0
"2026-07-23 12:00:00",3547,31,13.33,13.31,13.34,0.095,0,0,0,0
"2026-07-23 12:15:00",3548,31.06,13.33,13.31,23.51,0.094,0,0,0,0
"2026-07-23 12:30:00",3549,31.12,13.33,13.37,23.51,0.099,0,0,0,0
"2026-07-23 12:45:00",3550,31.14,13.33,13.31,23.49,0.1,0,0,0,0
"2026-07-23 13:00:00",3551,31.14,13.32,13.3,20.04,0.091,0,0,0,0
"2026-07-23 13:15:00",3552,31.12,13.32,13.31,23.41,0.089,0,0,0,0
"2026-07-23 13:30:00",3553,31.1,13.34,13.31,23.29,0.086,0,0,0,0
"2026-07-23 13:45:00",3554,31.08,13.32,13.29,20.01,0.091,0,0,0,0
"2026-07-23 14:00:00",3555,31.07,13.37,13.31,23.17,0.094,0,0,0,0
"2026-07-23 14:15:00",3556,31.08,13.37,13.3,23.25,0.096,0,0,0,0
"2026-07-23 14:30:00",3557,31.12,13.33,13.3,23.32,0.114,0,0,0,0
"2026-07-23 14:45:00",3558,31.15,13.31,13.34,23.27,0.119,0,0,0,0
"2026-07-23 15:00:00",3559,31.15,13.33,13.29,14.68,0.09,0,0,0,0
"2026-07-23 15:15:00",3560,31.14,13.27,13.29,23.3,0.103,0,0,0,0
"2026-07-23 15:30:00",3561,31.18,13.28,13.31,23.35,0.09,0,0,0,0
"2026-07-23 15:45:00",3562,31.21,13.29,13.27,13.28,0.091,0,0,0,0
"2026-07-23 16:00:00",3563,31.27,13.29,13.26,13.29,0.09,0,0,0,0
"2026-07-23 16:15:00",3564,31.38,13.29,13.26,23.28,0.108,0,0,0,0
"2026-07-23 16:30:00",3565,31.48,13.29,13.27,23.24,0.098,0,0,0,0
"2026-07-23 16:45:00",3566,31.59,13.22,13.1,13.03,0.169,0,0,0,0
"2026-07-23 17:00:00",3567,31.72,13.28,13.25,23.2,0.091,0,0,0,0
"2026-07-23 17:15:00",3568,31.85,13.28,13.32,23.35,0.097,0,0,0,0
"2026-07-23 17:30:00",3569,31.99,13.27,13.18,23.34,0.144,0,0,0,0
"2026-07-23 17:45:00",3570,32.05,13.25,13.21,22.95,0.105,0,0,0,0
"2026-07-23 18:00:00",3571,32.08,13.24,13.22,23.16,0.1,0,0,0,0
"2026-07-23 18:15:00",3572,32.2,13.24,13.2,20.45,0.092,0,0,0,0
"2026-07-23 18:30:00",3573,32.34,13.33,13.21,23.48,0.092,0,0,0,0
"2026-07-23 18:45:00",3574,32.39,13.24,13.21,23.43,0.098,0,0,0,0
"2026-07-23 19:00:00",3575,32.36,13.24,13.19,23.48,0.097,0,0,0,0
"2026-07-23 19:15:00",3576,32.28,13.24,13.18,23.44,0.096,0,0,0,0
"2026-07-23 19:30:00",3577,32.24,13.25,13.2,23.46,0.093,0,0,0,0
"2026-07-23 19:45:00",3578,32.14,13.28,13.22,23.29,0.14,0,0,0,0
"2026-07-23 20:00:00",3579,31.96,13.26,13.21,23.31,0.113,0,0,0,0
"2026-07-23 20:15:00",3580,31.84,13.3,13.21,23.25,0.101,0,0,0,0
"2026-07-23 20:30:00",3581,31.82,13.32,13.25,23,0.098,0,0,0,0
"2026-07-23 20:45:00",3582,31.72,13.3,13.22,21.41,0.091,0,0,0,0
"2026-07-23 21:00:00",3583,31.5,13.28,13.26,13.18,0.099,0,0,0,0
"2026-07-23 21:15:00",3584,31.23,13.06,13.02,12.97,0.092,0,0,0,0
"2026-07-23 21:30:00",3585,30.92,12.92,12.9,12.82,0.099,0,0,0,0
"2026-07-23 21:45:00",3586,30.56,12.83,12.69,2.754,0.147,0,0,0,0
"2026-07-23 22:00:00",3587,30.22,12.83,12.8,0.087,0.094,0,0,0,0
"2026-07-23 22:15:00",3588,29.89,12.82,12.79,-0.188,0.097,0,0,0,0
"2026-07-23 22:30:00",3589,29.64,12.81,12.78,-0.201,0.094,0,0,0,0
"2026-07-23 22:45:00",3590,29.42,12.8,12.78,-0.246,0.093,0,0,0,0
"2026-07-23 23:00:00",3591,29.24,12.8,12.77,-0.212,0.091,0,0,0,0
"2026-07-23 23:15:00",3592,29.1,12.78,12.74,-0.265,0.114,0,0,0,0
"2026-07-23 23:30:00",3593,29.01,12.73,12.61,-0.436,0.146,0,0,0,0
"2026-07-23 23:45:00",3594,28.92,12.77,12.75,-0.248,0.094,0,0,0,0
"2026-07-24 00:00:00",3595,28.84,12.77,12.69,-0.323,0.15,0,0,0,0
"2026-07-24 00:15:00",3596,28.81,12.78,12.75,-0.215,0.103,0,0,0,0
"2026-07-24 00:30:00",3597,28.78,12.78,12.75,-0.206,0.101,0,0,0,0
"2026-07-24 00:45:00",3598,28.72,12.76,12.74,-0.23,0.093,0,0,0,0
"2026-07-24 01:00:00",3599,28.66,12.75,12.7,-0.281,0.104,0,0,0,0
"2026-07-24 01:15:00",3600,28.62,12.7,12.62,-0.508,0.157,0,0,0,0
"2026-07-24 01:30:00",3601,28.59,12.74,12.67,-0.307,0.119,0,0,0,0
"2026-07-24 01:45:00",3602,28.44,12.66,12.54,-0.497,0.182,0,0,0,0
"2026-07-24 02:00:00",3603,28.33,12.67,12.52,-0.527,0.156,0,0,0,0
"2026-07-24 02:15:00",3604,28.24,12.66,12.53,-0.535,0.166,0,0,0,0
"2026-07-24 02:30:00",3605,28.17,12.72,12.67,-0.283,0.121,0,0,0,0
"2026-07-24 02:45:00",3606,28.1,12.72,12.68,-0.338,0.116,0,0,0,0
"2026-07-24 03:00:00",3607,28.07,12.71,12.67,-0.337,0.137,0,0,0,0
"2026-07-24 03:15:00",3608,28.07,12.63,12.51,-0.864,0.183,0,0,0,0
"2026-07-24 03:30:00",3609,28.09,12.7,12.66,-0.292,0.129,0,0,0,0
"2026-07-24 03:45:00",3610,28.1,12.66,12.58,-0.436,0.161,0,0,0,0
"2026-07-24 04:00:00",3611,28.11,12.61,12.49,-0.593,0.162,0,0,0,0
"2026-07-24 04:15:00",3612,28.12,12.65,12.52,-0.374,0.187,0,0,0,0
"2026-07-24 04:30:00",3613,28.15,12.66,12.61,-0.281,0.118,0,0,0,0
"2026-07-24 04:45:00",3614,28.14,12.62,12.53,-0.497,0.149,0,0,0,0
"2026-07-24 05:00:00",3615,28.13,12.61,12.48,-0.543,0.166,0,0,0,0
"2026-07-24 05:15:00",3616,28.11,12.59,12.52,-0.486,0.166,0,0,0,0
"2026-07-24 05:30:00",3617,28.09,12.67,12.62,-0.277,0.127,0,0,0,0
"2026-07-24 05:45:00",3618,28.04,12.66,12.62,-0.232,0.125,0,0,0,0
"2026-07-24 06:00:00",3619,27.96,12.6,12.47,0.12,0.165,0,0,0,0
"2026-07-24 06:15:00",3620,27.86,12.55,12.45,5.675,0.178,0,0,0,0
"2026-07-24 06:30:00",3621,27.78,12.65,12.57,12.5,0.118,0,0,0,0
"2026-07-24 06:45:00",3622,27.68,12.63,12.53,12.37,0.157,0,0,0,0
"2026-07-24 07:00:00",3623,27.6,12.71,12.67,12.57,0.121,0,0,0,0
"2026-07-24 07:15:00",3624,27.55,12.8,12.67,12.55,0.148,0,0,0,0
"2026-07-24 07:30:00",3625,27.54,13.08,13.01,12.78,0.14,0,0,0,0
"2026-07-24 07:45:00",3626,27.54,13.43,13.39,13.09,0.126,0,0,0,0
"2026-07-24 08:00:00",3627,27.59,13.58,13.55,13.51,0.089,0,0,0,0
"2026-07-24 08:15:00",3628,27.69,13.69,13.67,13.63,0.089,0,0,0,0
"2026-07-24 08:30:00",3629,27.87,13.76,13.74,13.7,0.091,0,0,0,0
"2026-07-24 08:45:00",3630,28.08,13.85,13.82,13.79,0.089,0,0,0,0
"2026-07-24 09:00:00",3631,28.3,13.85,13.81,13.79,0.088,0,0,0,0
"2026-07-24 09:15:00",3632,28.46,13.78,13.83,13.81,0.088,0,0,0,0
"2026-07-24 09:30:00",3633,28.6,13.82,13.59,13.62,0.149,0,0,0,0
"2026-07-24 09:45:00",3634,28.71,13.87,13.86,23.89,0.103,0,0,0,0
"2026-07-24 10:00:00",3635,28.82,13.82,13.76,13.83,0.093,0,0,0,0
"2026-07-24 10:15:00",3636,28.97,13.79,13.85,23.79,0.09,0,0,0,0
"2026-07-24 10:30:00",3637,29.12,13.8,13.81,23.88,0.13,0,0,0,0
"2026-07-24 10:45:00",3638,29.26,13.81,13.74,18.85,0.06,0,0,0,0
"2026-07-24 11:00:00",3639,29.41,13.83,13.78,23.4,0.087,0,0,0,0
"2026-07-24 11:15:00",3640,29.54,13.75,13.77,23.38,0.096,0,0,0,0
"2026-07-24 11:30:00",3641,29.62,13.59,13.54,23.95,0.095,0,0,0,0
"2026-07-24 11:45:00",3642,29.65,13.37,13.31,23.9,0.097,0,0,0,0
"2026-07-24 12:00:00",3643,29.7,13.36,13.3,23.1,0.09,0,0,0,0
"2026-07-24 12:15:00",3644,29.72,13.38,13.33,23.81,0.089,0,0,0,0
"2026-07-24 12:30:00",3645,29.71,13.35,13.32,23.74,0.107,0,0,0,0
"2026-07-24 12:45:00",3646,29.68,13.37,13.35,13.9,0.092,0,0,0,0
"2026-07-24 13:00:00",3647,29.65,13.37,13.41,23.68,0.098,0,0,0,0
"2026-07-24 13:15:00",3648,29.64,13.38,13.33,23.67,0.092,0,0,0,0
"2026-07-24 13:30:00",3649,29.67,13.43,13.32,23.55,0.09,0,0,0,0
"2026-07-24 13:45:00",3650,29.68,13.37,13.34,16.52,0.096,0,0,0,0
"2026-07-24 14:00:00",3651,29.7,13.43,13.34,23.61,0.092,0,0,0,0
"2026-07-24 14:15:00",3652,29.76,13.37,13.34,19.32,0.091,0,0,0,0
"2026-07-24 14:30:00",3653,29.85,13.41,13.35,23.5,0.103,0,0,0,0
"2026-07-24 14:45:00",3654,29.93,13.35,13.39,23.5,0.089,0,0,0,0
"2026-07-24 15:00:00",3655,30.01,13.34,13.22,19.39,0.112,0,0,0,0
"2026-07-24 15:15:00",3656,30.11,13.34,13.31,23.49,0.092,0,0,0,0
"2026-07-24 15:30:00",3657,30.22,13.27,13.27,23.32,0.118,0,0,0,0
"2026-07-24 15:45:00",3658,30.31,13.34,13.16,23.23,0.136,0,0,0,0
"2026-07-24 16:00:00",3659,30.39,13.34,13.38,23.64,0.098,0,0,0,0
"2026-07-24 16:15:00",3660,30.5,13.34,13.32,23.61,0.092,0,0,0,0
"2026-07-24 16:30:00",3661,30.62,13.34,13.32,23.61,0.088,0,0,0,0
"2026-07-24 16:45:00",3662,30.72,13.4,13.29,23.52,0.092,0,0,0,0
"2026-07-24 17:00:00",3663,30.8,13.31,13.29,23.5,0.1,0,0,0,0
"2026-07-24 17:15:00",3664,30.94,13.31,13.37,23.6,0.091,0,0,0,0
"2026-07-24 17:30:00",3665,31.1,13.31,13.29,23.45,0.095,0,0,0,0
"2026-07-24 17:45:00",3666,31.23,13.28,13.26,23.32,0.094,0,0,0,0
"2026-07-24 18:00:00",3667,31.29,13.29,13.31,23.11,0.091,0,0,0,0
"2026-07-24 18:15:00",3668,31.2,13.28,13.32,23.42,0.1,0,0,0,0
"2026-07-24 18:30:00",3669,31.08,13.31,13.31,22.52,0.1,0,0,0,0
"2026-07-24 18:45:00",3670,30.85,13.34,13.31,22.69,0.09,0,0,0,0
"2026-07-24 19:00:00",3671,30.62,13.34,13.27,23.9,0.116,0,0,0,0
"2026-07-24 19:15:00",3672,30.48,13.41,13.31,23.54,0.091,0,0,0,0
"2026-07-24 19:30:00",3673,30.41,13.34,13.38,23.54,0.09,0,0,0,0
"2026-07-24 19:45:00",3674,30.32,13.38,13.28,23.33,0.11,0,0,0,0
"2026-07-24 20:00:00",3675,30.21,13.28,13.23,23,0.151,0,0,0,0
"2026-07-24 20:15:00",3676,30.12,13.34,13.32,13.31,0.091,0,0,0,0
"2026-07-24 20:30:00",3677,30.05,13.36,13.33,13.28,0.094,0,0,0,0
"2026-07-24 20:45:00",3678,29.95,13.2,13.15,13.08,0.105,0,0,0,0
"2026-07-24 21:00:00",3679,29.82,13.06,13.03,12.96,0.092,0,0,0,0
"2026-07-24 21:15:00",3680,29.68,12.93,12.91,12.85,0.092,0,0,0,0
"2026-07-24 21:30:00",3681,29.56,12.84,12.85,8.79,0.091,0,0,0,0
"2026-07-24 21:45:00",3682,29.39,12.83,12.81,0.479,0.093,0,0,0,0
"2026-07-24 22:00:00",3683,29.21,12.83,12.8,-0.097,0.095,0,0,0,0
"2026-07-24 22:15:00",3684,29.04,12.82,12.8,-0.181,0.099,0,0,0,0
"2026-07-24 22:30:00",3685,28.89,12.81,12.78,-0.193,0.09,0,0,0,0
"2026-07-24 22:45:00",3686,28.76,12.8,12.79,-0.165,0.091,0,0,0,0
"2026-07-24 23:00:00",3687,28.65,12.8,12.78,-0.178,0.094,0,0,0,0
"2026-07-24 23:15:00",3688,28.55,12.8,12.78,-0.159,0.096,0,0,0,0
"2026-07-24 23:30:00",3689,28.5,12.79,12.76,-0.154,0.094,0,0,0,0
"2026-07-24 23:45:00",3690,28.43,12.78,12.74,-0.178,0.097,0,0,0,0
"2026-07-25 00:00:00",3691,28.37,12.78,12.77,-0.174,0.095,0,0,0,0
"2026-07-25 00:15:00",3692,28.35,12.71,12.61,-0.345,0.118,0,0,0,0
"2026-07-25 00:30:00",3693,28.33,12.77,12.66,-0.197,0.144,0,0,0,0
"2026-07-25 00:45:00",3694,28.29,12.78,12.75,-0.202,0.093,0,0,0,0
"2026-07-25 01:00:00",3695,28.25,12.78,12.76,-0.198,0.102,0,0,0,0
"2026-07-25 01:15:00",3696,28.23,12.72,12.68,-0.324,0.15,0,0,0,0
"2026-07-25 01:30:00",3697,28.23,12.69,12.6,-0.418,0.191,0,0,0,0
"2026-07-25 01:45:00",3698,28.22,12.75,12.7,-0.241,0.148,0,0,0,0
"2026-07-25 02:00:00",3699,28.21,12.7,12.62,-0.38,0.153,0,0,0,0
"2026-07-25 02:15:00",3700,28.21,12.73,12.68,-0.216,0.12,0,0,0,0
"2026-07-25 02:30:00",3701,28.22,12.65,12.56,-0.406,0.181,0,0,0,0
"2026-07-25 02:45:00",3702,28.22,12.65,12.52,-0.506,0.165,0,0,0,0
"2026-07-25 03:00:00",3703,28.21,12.67,12.57,-0.369,0.166,0,0,0,0
"2026-07-25 03:15:00",3704,28.21,12.72,12.68,-0.23,0.126,0,0,0,0
"2026-07-25 03:30:00",3705,28.24,12.65,12.54,-0.472,0.163,0,0,0,0
"2026-07-25 03:45:00",3706,28.25,12.63,12.56,-0.426,0.182,0,0,0,0
"2026-07-25 04:00:00",3707,28.24,12.7,12.66,-0.274,0.132,0,0,0,0
"2026-07-25 04:15:00",3708,28.24,12.65,12.55,-0.375,0.161,0,0,0,0
"2026-07-25 04:30:00",3709,28.26,12.64,12.52,-0.484,0.166,0,0,0,0
"2026-07-25 04:45:00",3710,28.26,12.61,12.52,-0.91,0.169,0,0,0,0
"2026-07-25 05:00:00",3711,28.26,12.61,12.53,-0.417,0.195,0,0,0,0
"2026-07-25 05:15:00",3712,28.25,12.47,12.52,-0.457,0.166,0,0,0,0
"2026-07-25 05:30:00",3713,28.26,12.66,12.61,-0.226,0.124,0,0,0,0
"2026-07-25 05:45:00",3714,28.25,12.55,12.49,-0.477,0.18,0,0,0,0
"2026-07-25 06:00:00",3715,28.25,12.66,12.62,-0.045,0.119,0,0,0,0
"2026-07-25 06:15:00",3716,28.23,12.58,12.52,3.155,0.182,0,0,0,0
"2026-07-25 06:30:00",3717,28.24,12.65,12.62,11.7,0.127,0,0,0,0
"2026-07-25 06:45:00",3718,28.23,12.6,12.47,12.78,0.177,0,0,0,0
"2026-07-25 07:00:00",3719,28.22,12.61,12.55,12.38,0.168,0,0,0,0
"2026-07-25 07:15:00",3720,28.22,12.69,12.65,12.57,0.129,0,0,0,0
"2026-07-25 07:30:00",3721,28.24,12.91,12.86,12.78,0.126,0,0,0,0
"2026-07-25 07:45:00",3722,28.28,13.25,13.25,13.19,0.096,0,0,0,0
"2026-07-25 08:00:00",3723,28.32,13.6,13.5,13.38,0.135,0,0,0,0
"2026-07-25 08:15:00",3724,28.41,13.8,13.76,13.74,0.09,0,0,0,0
"2026-07-25 08:30:00",3725,28.57,13.86,13.8,23.06,0.088,0,0,0,0
"2026-07-25 08:45:00",3726,28.77,13.86,13.81,23.59,0.087,0,0,0,0
"2026-07-25 09:00:00",3727,29.04,13.81,13.73,23.48,0.154,0,0,0,0
"2026-07-25 09:15:00",3728,29.33,13.75,13.81,13.81,0.096,0,0,0,0
"2026-07-25 09:30:00",3729,29.64,13.86,13.73,23.6,0.088,0,0,0,0
"2026-07-25 09:45:00",3730,29.8,13.76,13.73,13.78,0.091,0,0,0,0
"2026-07-25 10:00:00",3731,29.88,13.88,13.7,23.84,0.151,0,0,0,0
"2026-07-25 10:15:00",3732,29.9,13.73,13.71,13.75,0.095,0,0,0,0
"2026-07-25 10:30:00",3733,29.94,13.73,13.81,23.79,0.095,0,0,0,0
"2026-07-25 10:45:00",3734,29.96,13.8,13.61,23.62,0.083,0,0,0,0
"2026-07-25 11:00:00",3735,29.99,13.78,13.65,16.64,0.08,0,0,0,0
"2026-07-25 11:15:00",3736,30.02,13.36,13.3,23.61,0.146,0,0,0,0
"2026-07-25 11:30:00",3737,30.09,13.34,13.41,23.62,0.088,0,0,0,0
"2026-07-25 11:45:00",3738,30.11,13.34,13.32,23.71,0.091,0,0,0,0
"2026-07-25 12:00:00",3739,30.11,13.33,13.32,13.38,0.091,0,0,0,0
"2026-07-25 12:15:00",3740,30.09,13.27,13.19,15.53,0.135,0,0,0,0
"2026-07-25 12:30:00",3741,30.11,13.34,13.41,23.76,0.092,0,0,0,0
"2026-07-25 12:45:00",3742,30.14,13.27,13.21,16.72,0.134,0,0,0,0
"2026-07-25 13:00:00",3743,30.17,13.34,13.32,23.69,0.101,0,0,0,0
"2026-07-25 13:15:00",3744,30.19,13.35,13.31,23.78,0.097,0,0,0,0
"2026-07-25 13:30:00",3745,30.18,13.42,13.32,23.69,0.093,0,0,0,0
"2026-07-25 13:45:00",3746,30.12,13.34,13.31,23.54,0.108,0,0,0,0
"2026-07-25 14:00:00",3747,30.06,13.41,13.31,23.75,0.091,0,0,0,0
"2026-07-25 14:15:00",3748,29.98,13.4,13.31,23.86,0.073,0,0,0,0
"2026-07-25 14:30:00",3749,29.91,13.34,13.31,13.37,0.089,0,0,0,0
"2026-07-25 14:45:00",3750,29.88,13.3,13.3,23.41,0.155,0,0,0,0
"2026-07-25 15:00:00",3751,29.86,13.36,13.41,23.75,0.089,0,0,0,0
"2026-07-25 15:15:00",3752,29.85,13.28,13.18,23.68,0.155,0,0,0,0
"2026-07-25 15:30:00",3753,29.89,13.4,13.34,13.36,0.098,0,0,0,0
"2026-07-25 15:45:00",3754,29.85,13.35,13.34,13.4,0.09,0,0,0,0
"2026-07-25 16:00:00",3755,29.8,13.36,13.41,23.66,0.089,0,0,0,0
"2026-07-25 16:15:00",3756,29.63,13.34,13.36,23.34,0.11,0,0,0,0
"2026-07-25 16:30:00",3757,29.6,13.36,13.35,23.83,0.09,0,0,0,0
"2026-07-25 16:45:00",3758,29.62,13.33,13.32,23.86,0.09,0,0,0,0
"2026-07-25 17:00:00",3759,29.7,13.34,13.32,18.2,0.099,0,0,0,0
"2026-07-25 17:15:00",3760,29.76,13.32,13.27,23.6,0.105,0,0,0,0
"2026-07-25 17:30:00",3761,29.68,13.34,13.37,23.36,0.089,0,0,0,0
"2026-07-25 17:45:00",3762,29.56,13.4,13.36,22.98,0.091,0,0,0,0
"2026-07-25 18:00:00",3763,29.46,13.37,13.38,23.06,0.09,0,0,0,0
"2026-07-25 18:15:00",3764,29.34,13.37,13.43,23.95,0.09,0,0,0,0
"2026-07-25 18:30:00",3765,29.28,13.38,13.34,23.85,0.093,0,0,0,0
"2026-07-25 18:45:00",3766,29,13.33,13.24,22.84,0.137,0,0,0,0
"2026-07-25 19:00:00",3767,28.9,13.4,13.34,13.35,0.091,0,0,0,0
"2026-07-25 19:15:00",3768,28.83,13.4,13.37,13.36,0.092,0,0,0,0
"2026-07-25 19:30:00",3769,28.75,13.4,13.4,13.33,0.101,0,0,0,0
"2026-07-25 19:45:00",3770,28.62,13.4,13.4,13.34,0.097,0,0,0,0
"2026-07-25 20:00:00",3771,28.49,13.42,13.38,13.35,0.098,0,0,0,0
"2026-07-25 20:15:00",3772,28.36,13.41,13.38,13.34,0.096,0,0,0,0
"2026-07-25 20:30:00",3773,28.28,13.14,13.11,13.07,0.093,0,0,0,0
"2026-07-25 20:45:00",3774,28.15,13,12.95,12.89,0.098,0,0,0,0
"2026-07-25 21:00:00",3775,28.02,12.9,12.86,12.83,0.091,0,0,0,0
"2026-07-25 21:15:00",3776,27.89,12.85,12.83,12.72,0.103,0,0,0,0
"2026-07-25 21:30:00",3777,27.81,12.82,12.79,7.881,0.096,0,0,0,0
"2026-07-25 21:45:00",3778,27.73,12.82,12.79,0.524,0.091,0,0,0,0
"2026-07-25 22:00:00",3779,27.64,12.81,12.8,-0.142,0.1,0,0,0,0
"2026-07-25 22:15:00",3780,27.56,12.81,12.79,-0.13,0.094,0,0,0,0
"2026-07-25 22:30:00",3781,27.52,12.78,12.77,-0.172,0.092,0,0,0,0
"2026-07-25 22:45:00",3782,26.99,12.79,12.78,-0.179,0.093,0,0,0,0
"2026-07-25 23:00:00",3783,26.11,12.79,12.77,-0.204,0.096,0,0,0,0
"2026-07-25 23:15:00",3784,25.7,12.79,12.77,-0.172,0.093,0,0,0,0
"2026-07-25 23:30:00",3785,25.49,12.76,12.76,-0.158,0.099,0,0,0,0
"2026-07-25 23:45:00",3786,25.27,12.78,12.76,-0.168,0.093,0,0,0,0
"2026-07-26 00:00:00",3787,25.21,12.77,12.62,-0.243,0.155,0,0,0,0
"2026-07-26 00:15:00",3788,25.3,12.76,12.76,-0.242,0.093,0,0,0,0
"2026-07-26 00:30:00",3789,25.39,12.76,12.74,-0.181,0.113,0,0,0,0
"2026-07-26 00:45:00",3790,25.4,12.74,12.69,-0.22,0.118,0,0,0,0
"2026-07-26 01:00:00",3791,25.39,12.71,12.69,-0.221,0.114,0,0,0,0
"2026-07-26 01:15:00",3792,25.39,12.66,12.6,-0.432,0.16,0,0,0,0
"2026-07-26 01:30:00",3793,25.49,12.74,12.7,-0.221,0.123,0,0,0,0
"2026-07-26 01:45:00",3794,25.56,12.66,12.67,-0.292,0.125,0,0,0,0
"2026-07-26 02:00:00",3795,25.63,12.65,12.57,-0.749,0.189,0,0,0,0
"2026-07-26 02:15:00",3796,25.68,12.71,12.66,-0.221,0.115,0,0,0,0
"2026-07-26 02:30:00",3797,25.75,12.69,12.65,-0.327,0.141,0,0,0,0
"2026-07-26 02:45:00",3798,25.78,12.68,12.45,-0.593,0.183,0,0,0,0
"2026-07-26 03:00:00",3799,25.8,12.7,12.67,-0.224,0.126,0,0,0,0
"2026-07-26 03:15:00",3800,25.83,12.66,12.63,-0.289,0.125,0,0,0,0
"2026-07-26 03:30:00",3801,25.89,12.68,12.66,-0.239,0.127,0,0,0,0
"2026-07-26 03:45:00",3802,25.92,12.6,12.5,-0.403,0.177,0,0,0,0
"2026-07-26 04:00:00",3803,25.95,12.68,12.65,-0.241,0.12,0,0,0,0
"2026-07-26 04:15:00",3804,25.99,12.61,12.51,-0.416,0.175,0,0,0,0
"2026-07-26 04:30:00",3805,26.04,12.67,12.64,-0.223,0.126,0,0,0,0
"2026-07-26 04:45:00",3806,26.06,12.63,12.53,-0.393,0.151,0,0,0,0
"2026-07-26 05:00:00",3807,26.07,12.66,12.62,-0.24,0.121,0,0,0,0
"2026-07-26 05:15:00",3808,26.08,12.66,12.63,-0.231,0.122,0,0,0,0
"2026-07-26 05:30:00",3809,26.12,12.65,12.62,-0.222,0.118,0,0,0,0
"2026-07-26 05:45:00",3810,26.12,12.57,12.51,-0.438,0.174,0,0,0,0
"2026-07-26 06:00:00",3811,26.07,12.57,12.49,-0.308,0.184,0,0,0,0
"2026-07-26 06:15:00",3812,26,12.57,12.48,1.971,0.185,0,0,0,0
"2026-07-26 06:30:00",3813,25.92,12.63,12.62,12.06,0.119,0,0,0,0
"2026-07-26 06:45:00",3814,25.81,12.6,12.52,12.38,0.15,0,0,0,0
"2026-07-26 07:00:00",3815,25.7,12.66,12.63,12.56,0.119,0,0,0,0
"2026-07-26 07:15:00",3816,25.59,12.75,12.72,12.65,0.131,0,0,0,0
"2026-07-26 07:30:00",3817,25.5,12.8,12.77,12.4,0.191,0,0,0,0
"2026-07-26 07:45:00",3818,25.42,13.2,13.11,12.97,0.181,0,0,0,0
"2026-07-26 08:00:00",3819,25.38,13.42,13.35,13.27,0.158,0,0,0,0
"2026-07-26 08:15:00",3820,25.36,13.64,13.64,13.61,0.089,0,0,0,0
"2026-07-26 08:30:00",3821,25.37,13.75,13.73,13.71,0.089,0,0,0,0
"2026-07-26 08:45:00",3822,25.41,13.81,13.79,13.75,0.104,0,0,0,0
"2026-07-26 09:00:00",3823,25.45,13.64,13.63,13.59,0.097,0,0,0,0
"2026-07-26 09:15:00",3824,25.45,13.51,13.41,13.23,0.148,0,0,0,0
"2026-07-26 09:30:00",3825,25.49,13.86,13.83,13.8,0.101,0,0,0,0
"2026-07-26 09:45:00",3826,25.53,13.75,13.73,13.7,0.087,0,0,0,0
"2026-07-26 10:00:00",3827,25.59,13.82,13.77,13.78,0.088,0,0,0,0
"2026-07-26 10:15:00",3828,25.66,13.93,13.92,24.18,0.087,0,0,0,0
"2026-07-26 10:30:00",3829,25.79,13.92,13.85,13.81,0.099,0,0,0,0
"2026-07-26 10:45:00",3830,25.92,13.85,13.84,13.89,0.089,0,0,0,0
"2026-07-26 11:00:00",3831,26.14,13.87,13.79,23.71,0.129,0,0,0,0
"2026-07-26 11:15:00",3832,26.36,13.93,13.83,24.04,0.094,0,0,0,0
"2026-07-26 11:30:00",3833,26.64,13.82,13.86,23.31,0.094,0,0,0,0
"2026-07-26 11:45:00",3834,26.99,13.88,13.86,23.46,0.095,0,0,0,0
"2026-07-26 12:00:00",3835,27.38,13.74,13.69,23.6,0.15,0,0,0,0
"2026-07-26 12:15:00",3836,27.97,13.87,13.77,23.62,0.101,0,0,0,0
"2026-07-26 12:30:00",3837,28.58,13.8,13.85,23.61,0.095,0,0,0,0
"2026-07-26 12:45:00",3838,29.04,13.37,13.33,23.03,0.093,0,0,0,0
"2026-07-26 13:00:00",3839,29.28,13.36,13.41,23.52,0.089,0,0,0,0
"2026-07-26 13:15:00",3840,29.39,13.36,13.42,23.68,0.096,0,0,0,0
"2026-07-26 13:30:00",3841,29.47,13.36,13.33,13.81,0.091,0,0,0,0
"2026-07-26 13:45:00",3842,29.52,13.37,13.32,23.71,0.096,0,0,0,0
"2026-07-26 14:00:00",3843,29.53,13.37,13.33,15.31,0.097,0,0,0,0
"2026-07-26 14:15:00",3844,29.45,13.36,13.32,13.39,0.091,0,0,0,0
"2026-07-26 14:30:00",3845,29.41,13.44,13.32,23.83,0.093,0,0,0,0
"2026-07-26 14:45:00",3846,29.37,13.28,13.2,13.23,0.139,0,0,0,0
"2026-07-26 15:00:00",3847,29.34,13.37,13.34,13.38,0.094,0,0,0,0
"2026-07-26 15:15:00",3848,29.27,13.45,13.34,23.81,0.092,0,0,0,0
"2026-07-26 15:30:00",3849,29.19,13.48,13.38,23.96,0.09,0,0,0,0
"2026-07-26 15:45:00",3850,29.11,13.4,13.47,23.9,0.091,0,0,0,0
"2026-07-26 16:00:00",3851,29.06,13.44,13.38,23.83,0.084,0,0,0,0
"2026-07-26 16:15:00",3852,29.03,13.43,13.38,23.83,0.119,0,0,0,0
"2026-07-26 16:30:00",3853,29.02,13.4,13.46,23.95,0.102,0,0,0,0
"2026-07-26 16:45:00",3854,29,13.4,13.36,13.44,0.107,0,0,0,0
"2026-07-26 17:00:00",3855,28.97,13.39,13.4,23.87,0.09,0,0,0,0
"2026-07-26 17:15:00",3856,28.92,13.4,13.38,23.86,0.097,0,0,0,0
"2026-07-26 17:30:00",3857,28.88,13.38,13.38,23.99,0.094,0,0,0,0
"2026-07-26 17:45:00",3858,28.81,13.39,13.38,23.89,0.089,0,0,0,0
"2026-07-26 18:00:00",3859,28.7,13.39,13.27,13.36,0.141,0,0,0,0
"2026-07-26 18:15:00",3860,28.64,13.4,13.38,15.38,0.094,0,0,0,0
"2026-07-26 18:30:00",3861,28.65,13.4,13.37,23.93,0.089,0,0,0,0
"2026-07-26 18:45:00",3862,28.67,13.4,13.48,23.95,0.09,0,0,0,0
"2026-07-26 19:00:00",3863,28.7,13.31,13.2,12.94,0.173,0,0,0,0
"2026-07-26 19:15:00",3864,28.73,13.4,13.38,13.44,0.096,0,0,0,0
"2026-07-26 19:30:00",3865,28.77,13.4,13.48,23.79,0.103,0,0,0,0
"2026-07-26 19:45:00",3866,28.79,13.46,13.37,23.73,0.075,0,0,0,0
"2026-07-26 20:00:00",3867,28.81,13.36,13.26,23.36,0.16,0,0,0,0
"2026-07-26 20:15:00",3868,28.82,13.42,13.39,23.5,0.117,0,0,0,0
"2026-07-26 20:30:00",3869,28.81,13.4,13.4,22.88,0.093,0,0,0,0
"2026-07-26 20:45:00",3870,28.71,13.33,13.27,13.1,0.136,0,0,0,0
"2026-07-26 21:00:00",3871,28.54,13.21,13.18,13.13,0.095,0,0,0,0
"2026-07-26 21:15:00",3872,28.36,13.03,13.02,12.95,0.091,0,0,0,0
"2026-07-26 21:30:00",3873,28.19,12.92,12.91,12.83,0.093,0,0,0,0
"2026-07-26 21:45:00",3874,28.02,12.86,12.84,2.425,0.099,0,0,0,0
"2026-07-26 22:00:00",3875,27.87,12.83,12.81,0,0.092,0,0,0,0
"2026-07-26 22:15:00",3876,27.75,12.82,12.73,-0.288,0.142,0,0,0,0
"2026-07-26 22:30:00",3877,27.66,12.81,12.8,-0.168,0.091,0,0,0,0
"2026-07-26 22:45:00",3878,27.59,12.79,12.79,-0.153,0.099,0,0,0,0
"2026-07-26 23:00:00",3879,27.53,12.79,12.78,-0.153,0.1,0,0,0,0
"2026-07-26 23:15:00",3880,27.49,12.72,12.76,-0.363,0.107,0,0,0,0
"2026-07-26 23:30:00",3881,27.48,12.79,12.78,-0.17,0.099,0,0,0,0
"2026-07-26 23:45:00",3882,27.45,12.78,12.77,-0.167,0.095,0,0,0,0
"2026-07-27 00:00:00",3883,27.44,12.78,12.75,-0.214,0.147,0,0,0,0
"2026-07-27 00:15:00",3884,27.49,12.78,12.77,-0.174,0.092,0,0,0,0
"2026-07-27 00:30:00",3885,27.52,12.76,12.75,-0.166,0.095,0,0,0,0
"2026-07-27 00:45:00",3886,27.52,12.7,12.63,-0.35,0.15,0,0,0,0
"2026-07-27 01:00:00",3887,27.51,12.76,12.76,-0.191,0.103,0,0,0,0
"2026-07-27 01:15:00",3888,27.5,12.74,12.73,-0.241,0.116,0,0,0,0
"2026-07-27 01:30:00",3889,27.51,12.74,12.71,-0.243,0.121,0,0,0,0
"2026-07-27 01:45:00",3890,27.49,12.74,12.72,-0.266,0.129,0,0,0,0
"2026-07-27 02:00:00",3891,27.46,12.66,12.6,-0.409,0.173,0,0,0,0
"2026-07-27 02:15:00",3892,27.44,12.69,12.58,-0.258,0.187,0,0,0,0
"2026-07-27 02:30:00",3893,27.44,12.64,12.41,-0.441,0.171,0,0,0,0
"2026-07-27 02:45:00",3894,27.42,12.71,12.69,-0.241,0.124,0,0,0,0
"2026-07-27 03:00:00",3895,27.4,12.71,12.68,-0.25,0.121,0,0,0,0
"2026-07-27 03:15:00",3896,27.38,12.69,12.65,-0.333,0.134,0,0,0,0
"2026-07-27 03:30:00",3897,27.39,12.7,12.66,-0.243,0.123,0,0,0,0
"2026-07-27 03:45:00",3898,27.37,12.7,12.68,-0.253,0.129,0,0,0,0
"2026-07-27 04:00:00",3899,27.36,12.7,12.67,-0.259,0.134,0,0,0,0
"2026-07-27 04:15:00",3900,27.26,12.67,12.62,-0.323,0.142,0,0,0,0
"2026-07-27 04:30:00",3901,27.11,12.69,12.63,-0.256,0.121,0,0,0,0
"2026-07-27 04:45:00",3902,26.96,12.68,12.64,-0.286,0.12,0,0,0,0
"2026-07-27 05:00:00",3903,26.8,12.68,12.65,-0.245,0.122,0,0,0,0
"2026-07-27 05:15:00",3904,26.67,12.65,12.59,-0.343,0.137,0,0,0,0
"2026-07-27 05:30:00",3905,26.57,12.66,12.64,-0.281,0.124,0,0,0,0
"2026-07-27 05:45:00",3906,26.47,12.66,12.63,-0.243,0.122,0,0,0,0
"2026-07-27 06:00:00",3907,26.37,12.57,12.52,-0.2,0.163,0,0,0,0
"2026-07-27 06:15:00",3908,26.28,12.56,12.52,4.193,0.177,0,0,0,0
"2026-07-27 06:30:00",3909,26.23,12.64,12.62,12.47,0.119,0,0,0,0
"2026-07-27 06:45:00",3910,26.17,12.52,12.5,12.35,0.181,0,0,0,0
"2026-07-27 07:00:00",3911,26.12,12.61,12.52,12.28,0.177,0,0,0,0
"2026-07-27 07:15:00",3912,26.08,12.83,12.78,12.72,0.121,0,0,0,0
"2026-07-27 07:30:00",3913,26.07,13,12.9,12.7,0.161,0,0,0,0
"2026-07-27 07:45:00",3914,26.08,13.57,13.54,13.48,0.123,0,0,0,0
"2026-07-27 08:00:00",3915,26.13,13.74,13.67,13.55,0.135,0,0,0,0
"2026-07-27 08:15:00",3916,26.22,13.92,13.9,13.9,0.086,0,0,0,0
"2026-07-27 08:30:00",3917,26.37,13.83,13.9,13.88,0.089,0,0,0,0
"2026-07-27 08:45:00",3918,26.52,13.91,13.81,13.87,0.088,0,0,0,0
"2026-07-27 09:00:00",3919,26.71,13.84,13.85,13.9,0.096,0,0,0,0
"2026-07-27 09:15:00",3920,26.94,13.83,13.67,23.66,0.126,0,0,0,0
"2026-07-27 09:30:00",3921,27.2,13.9,13.86,23.86,0.087,0,0,0,0
"2026-07-27 09:45:00",3922,27.47,13.9,13.87,23.7,0.095,0,0,0,0
"2026-07-27 10:00:00",3923,27.7,13.92,13.8,23.85,0.094,0,0,0,0
"2026-07-27 10:15:00",3924,27.94,13.82,13.77,13.87,0.092,0,0,0,0
"2026-07-27 10:30:00",3925,28.14,13.9,13.72,23.95,0.122,0,0,0,0
"2026-07-27 10:45:00",3926,28.31,13.89,13.73,23.82,0.101,0,0,0,0
"2026-07-27 11:00:00",3927,28.45,13.78,13.78,23.73,0.139,0,0,0,0
"2026-07-27 11:15:00",3928,28.56,13.49,13.38,23.92,0.08,0,0,0,0
"2026-07-27 11:30:00",3929,28.65,13.34,13.24,22.97,0.14,0,0,0,0
"2026-07-27 11:45:00",3930,28.71,13.4,13.43,23.78,0.109,0,0,0,0
"2026-07-27 12:00:00",3931,28.74,13.38,13.32,23.72,0.092,0,0,0,0
"2026-07-27 12:15:00",3932,28.74,13.47,13.39,23.89,0.093,0,0,0,0
"2026-07-27 12:30:00",3933,28.74,13.37,13.35,23.91,0.105,0,0,0,0
"2026-07-27 12:45:00",3934,28.57,13.39,13.39,23.82,0.106,0,0,0,0
"2026-07-27 13:00:00",3935,28.5,13.39,13.45,23.8,0.091,0,0,0,0
"2026-07-27 13:15:00",3936,28.47,13.42,13.38,23.76,0.121,0,0,0,0
"2026-07-27 13:30:00",3937,28.5,13.47,13.38,23.77,0.094,0,0,0,0
"2026-07-27 13:45:00",3938,28.52,13.32,13.28,23.63,0.14,0,0,0,0
"2026-07-27 14:00:00",3939,28.55,13.32,13.32,23.43,0.151,0,0,0,0
"2026-07-27 14:15:00",3940,28.6,13.4,13.38,23.33,0.1,0,0,0,0
"2026-07-27 14:30:00",3941,28.7,13.46,13.38,23.58,0.109,0,0,0,0
"2026-07-27 14:45:00",3942,28.76,13.37,13.27,23.34,0.093,0,0,0,0
"2026-07-27 15:00:00",3943,28.81,13.4,13.44,23.62,0.1,0,0,0,0
"2026-07-27 15:15:00",3944,28.85,13.33,13.28,13.23,0.162,0,0,0,0
"2026-07-27 15:30:00",3945,28.91,13.4,13.41,23.72,0.091,0,0,0,0
"2026-07-27 15:45:00",3946,28.95,13.48,13.37,23.84,0.091,0,0,0,0
"2026-07-27 16:00:00",3947,28.97,13.4,13.38,13.43,0.097,0,0,0,0
"2026-07-27 16:15:00",3948,28.79,13.38,13.36,23.82,0.091,0,0,0,0
"2026-07-27 16:30:00",3949,28.87,13.37,13.35,23.81,0.089,0,0,0,0
"2026-07-27 16:45:00",3950,29,13.36,13.35,13.37,0.092,0,0,0,0
"2026-07-27 17:00:00",3951,29.16,13.45,13.36,23.7,0.092,0,0,0,0
"2026-07-27 17:15:00",3952,29.37,13.35,13.41,23.66,0.093,0,0,0,0
"2026-07-27 17:30:00",3953,29.59,13.33,13.3,23.5,0.097,0,0,0,0
"2026-07-27 17:45:00",3954,29.69,13.3,13.22,13.36,0.135,0,0,0,0
"2026-07-27 18:00:00",3955,29.73,13.34,13.41,23.64,0.1,0,0,0,0
"2026-07-27 18:15:00",3956,29.71,13.33,13.39,23.65,0.092,0,0,0,0
"2026-07-27 18:30:00",3957,29.69,13.36,13.42,23.74,0.093,0,0,0,0
"2026-07-27 18:45:00",3958,29.64,13.37,13.35,23.82,0.096,0,0,0,0
"2026-07-27 19:00:00",3959,29.55,13.37,13.35,23.72,0.089,0,0,0,0
"2026-07-27 19:15:00",3960,29.47,13.23,13.24,23.57,0.149,0,0,0,0
"2026-07-27 19:30:00",3961,29.42,13.44,13.35,23.78,0.088,0,0,0,0
"2026-07-27 19:45:00",3962,29.33,13.34,13.35,23.8,0.092,0,0,0,0
"2026-07-27 20:00:00",3963,29.23,13.3,13.22,13.29,0.12,0,0,0,0
"2026-07-27 20:15:00",3964,29.15,13.4,13.44,23.57,0.097,0,0,0,0
"2026-07-27 20:30:00",3965,29.07,13.4,13.41,23.32,0.089,0,0,0,0
"2026-07-27 20:45:00",3966,28.95,13.42,13.38,13.34,0.096,0,0,0,0
"2026-07-27 21:00:00",3967,28.78,13.28,13.26,13.22,0.091,0,0,0,0
"2026-07-27 21:15:00",3968,28.59,13.07,13.06,12.98,0.093,0,0,0,0
"2026-07-27 21:30:00",3969,28.42,12.93,12.92,12.86,0.096,0,0,0,0
"2026-07-27 21:45:00",3970,28.22,12.86,12.84,2.766,0.104,0,0,0,0
"2026-07-27 22:00:00",3971,28.05,12.84,12.81,0.039,0.098,0,0,0,0
"2026-07-27 22:15:00",3972,27.89,12.75,12.7,-0.32,0.113,0,0,0,0
"2026-07-27 22:30:00",3973,27.77,12.72,12.66,-0.312,0.146,0,0,0,0
"2026-07-27 22:45:00",3974,27.65,12.75,12.72,-0.219,0.11,0,0,0,0
"2026-07-27 23:00:00",3975,27.54,12.8,12.77,-0.205,0.148,0,0,0,0
"2026-07-27 23:15:00",3976,27.44,12.72,12.67,-0.381,0.135,0,0,0,0
"2026-07-27 23:30:00",3977,27.37,12.67,12.66,-0.415,0.164,0,0,0,0
"2026-07-27 23:45:00",3978,27.27,12.76,12.74,-0.251,0.11,0,0,0,0
"2026-07-28 00:00:00",3979,27.18,12.78,12.77,-0.171,0.102,0,0,0,0
"2026-07-28 00:15:00",3980,27.13,12.7,12.6,-0.407,0.139,0,0,0,0
"2026-07-28 00:30:00",3981,27.08,12.78,12.75,-0.165,0.092,0,0,0,0
"2026-07-28 00:45:00",3982,27.01,12.77,12.75,-0.174,0.101,0,0,0,0
"2026-07-28 01:00:00",3983,26.96,12.76,12.74,-0.164,0.095,0,0,0,0
"2026-07-28 01:15:00",3984,26.92,12.73,12.63,-0.28,0.137,0,0,0,0
"2026-07-28 01:30:00",3985,26.92,12.7,12.68,-0.365,0.105,0,0,0,0
"2026-07-28 01:45:00",3986,26.89,12.75,12.71,-0.175,0.094,0,0,0,0
"2026-07-28 02:00:00",3987,26.87,12.74,12.73,-0.177,0.09,0,0,0,0
"2026-07-28 02:15:00",3988,26.83,12.73,12.7,-0.231,0.102,0,0,0,0
"2026-07-28 02:30:00",3989,26.81,12.66,12.54,-0.495,0.182,0,0,0,0
"2026-07-28 02:45:00",3990,26.78,12.67,12.61,-0.371,0.149,0,0,0,0
"2026-07-28 03:00:00",3991,26.74,12.65,12.54,-0.514,0.168,0,0,0,0
"2026-07-28 03:15:00",3992,26.7,12.69,12.67,-0.238,0.122,0,0,0,0
"2026-07-28 03:30:00",3993,26.67,12.7,12.68,-0.244,0.119,0,0,0,0
"2026-07-28 03:45:00",3994,26.58,12.61,12.52,-0.552,0.185,0,0,0,0
"2026-07-28 04:00:00",3995,26.49,12.61,12.62,-0.324,0.122,0,0,0,0
"2026-07-28 04:15:00",3996,26.39,12.59,12.51,-0.481,0.178,0,0,0,0
"2026-07-28 04:30:00",3997,26.32,12.68,12.65,-0.25,0.124,0,0,0,0
"2026-07-28 04:45:00",3998,26.26,12.67,12.64,-0.256,0.128,0,0,0,0
"2026-07-28 05:00:00",3999,26.19,12.67,12.62,-0.287,0.121,0,0,0,0
"2026-07-28 05:15:00",4000,26.13,12.67,12.64,-0.261,0.12,0,0,0,0
"2026-07-28 05:30:00",4001,26.1,12.58,12.51,-0.468,0.19,0,0,0,0
"2026-07-28 05:45:00",4002,26.05,12.65,12.63,-0.23,0.12,0,0,0,0
"2026-07-28 06:00:00",4003,26,12.64,12.58,0.24,0.13,0,0,0,0
"2026-07-28 06:15:00",4004,25.95,12.52,12.48,5.536,0.169,0,0,0,0
"2026-07-28 06:30:00",4005,25.93,12.64,12.61,12.54,0.124,0,0,0,0
"2026-07-28 06:45:00",4006,25.88,12.64,12.62,12.52,0.122,0,0,0,0
"2026-07-28 07:00:00",4007,25.84,12.71,12.68,12.58,0.126,0,0,0,0
"2026-07-28 07:15:00",4008,25.83,12.92,12.88,12.75,0.152,0,0,0,0
"2026-07-28 07:30:00",4009,25.86,13.46,13.42,13.35,0.125,0,0,0,0
"2026-07-28 07:45:00",4010,25.91,13.78,13.72,13.69,0.118,0,0,0,0
"2026-07-28 08:00:00",4011,26.07,13.89,13.86,13.8,0.119,0,0,0,0
"2026-07-28 08:15:00",4012,26.35,13.8,13.85,13.78,0.114,0,0,0,0
"2026-07-28 08:30:00",4013,26.77,13.88,13.75,13.78,0.12,0,0,0,0
"2026-07-28 08:45:00",4014,27.24,13.79,13.82,23.54,0.12,0,0,0,0
"2026-07-28 09:00:00",4015,27.7,13.73,13.7,13.72,0.131,0,0,0,0
"2026-07-28 09:15:00",4016,28.1,13.77,13.78,13.86,0.089,0,0,0,0
"2026-07-28 09:30:00",4017,28.55,13.83,13.73,13.82,0.089,0,0,0,0
"2026-07-28 09:45:00",4018,29.01,13.79,13.56,23.26,0.133,0,0,0,0
"2026-07-28 10:00:00",4019,29.35,13.83,13.7,23.41,0.109,0,0,0,0
"2026-07-28 10:15:00",4020,29.5,13.72,13.81,23.52,0.091,0,0,0,0
"2026-07-28 10:30:00",4021,29.63,13.8,13.72,23.64,0.094,0,0,0,0
"2026-07-28 10:45:00",4022,29.73,13.73,13.69,13.8,0.091,0,0,0,0
"2026-07-28 11:00:00",4023,29.8,13.33,13.3,16.89,0.091,0,0,0,0
"2026-07-28 11:15:00",4024,29.85,13.37,13.31,23.69,0.133,0,0,0,0
"2026-07-28 11:30:00",4025,29.89,13.34,13.31,23.7,0.092,0,0,0,0
"2026-07-28 11:45:00",4026,29.9,13.32,13.31,23.68,0.091,0,0,0,0
"2026-07-28 12:00:00",4027,29.89,13.42,13.32,23.71,0.095,0,0,0,0
"2026-07-28 12:15:00",4028,29.88,13.28,13.24,23.44,0.14,0,0,0,0
"2026-07-28 12:30:00",4029,29.9,13.32,13.39,23.68,0.091,0,0,0,0
"2026-07-28 12:45:00",4030,29.87,13.32,13.38,23.73,0.093,0,0,0,0
"2026-07-28 13:00:00",4031,29.64,13.35,13.31,23.79,0.091,0,0,0,0
"2026-07-28 13:15:00",4032,29.43,13.34,13.33,19.05,0.091,0,0,0,0
"2026-07-28 13:30:00",4033,29.25,13.35,13.35,13.41,0.092,0,0,0,0
"2026-07-28 13:45:00",4034,29.15,13.35,13.35,22.89,0.092,0,0,0,0
"2026-07-28 14:00:00",4035,28.93,13.47,13.38,23.92,0.09,0,0,0,0
"2026-07-28 14:15:00",4036,28.71,13.47,13.37,23.81,0.101,0,0,0,0
"2026-07-28 14:30:00",4037,28.65,13.46,13.37,24.05,0.061,0,0,0,0
"2026-07-28 14:45:00",4038,28.65,13.4,13.37,13.42,0.088,0,0,0,0
"2026-07-28 15:00:00",4039,28.53,13.33,13.25,13.37,0.183,0,0,0,0
"2026-07-28 15:15:00",4040,28.27,13.4,13.46,24.17,0.091,0,0,0,0
"2026-07-28 15:30:00",4041,28.24,13.4,13.38,24.12,0.099,0,0,0,0
"2026-07-28 15:45:00",4042,28.27,13.4,13.38,13.5,0.102,0,0,0,0
"2026-07-28 16:00:00",4043,28.31,13.4,13.37,24.14,0.098,0,0,0,0
"2026-07-28 16:15:00",4044,28.36,13.38,13.44,24.13,0.105,0,0,0,0
"2026-07-28 16:30:00",4045,28.33,13.4,13.36,24.16,0.137,0,0,0,0
"2026-07-28 16:45:00",4046,28.29,13.4,13.38,24.33,0.091,0,0,0,0
"2026-07-28 17:00:00",4047,28.15,13.34,13.25,23.99,0.141,0,0,0,0
"2026-07-28 17:15:00",4048,28.19,13.41,13.36,24.17,0.09,0,0,0,0
"2026-07-28 17:30:00",4049,28.32,13.28,13.36,23.98,0.14,0,0,0,0
"2026-07-28 17:45:00",4050,28.21,13.4,13.43,24.24,0.098,0,0,0,0
"2026-07-28 18:00:00",4051,28.11,13.39,13.48,24.22,0.089,0,0,0,0
"2026-07-28 18:15:00",4052,28.1,13.49,13.37,24.09,0.095,0,0,0,0
"2026-07-28 18:30:00",4053,28.18,13.39,13.39,24.09,0.093,0,0,0,0
"2026-07-28 18:45:00",4054,28.24,13.48,13.38,24.09,0.092,0,0,0,0
"2026-07-28 19:00:00",4055,28.31,13.4,13.39,24.01,0.1,0,0,0,0
"2026-07-28 19:15:00",4056,28.33,13.38,13.38,13.54,0.091,0,0,0,0
"2026-07-28 19:30:00",4057,28.36,13.34,13.26,23.86,0.098,0,0,0,0
"2026-07-28 19:45:00",4058,28.33,13.4,13.39,23.79,0.092,0,0,0,0
"2026-07-28 20:00:00",4059,28.34,13.39,13.44,23.65,0.094,0,0,0,0
"2026-07-28 20:15:00",4060,28.33,13.4,13.38,13.39,0.09,0,0,0,0
"2026-07-28 20:30:00",4061,28.23,13.43,13.39,23.06,0.093,0,0,0,0
"2026-07-28 20:45:00",4062,28.12,13.44,13.43,13.38,0.103,0,0,0,0
"2026-07-28 21:00:00",4063,28.05,13.24,13.22,13.16,0.097,0,0,0,0
"2026-07-28 21:15:00",4064,27.97,13.06,13.04,12.96,0.098,0,0,0,0
"2026-07-28 21:30:00",4065,27.9,12.83,12.67,12.64,0.154,0,0,0,0
"2026-07-28 21:45:00",4066,27.8,12.86,12.82,1.654,0.092,0,0,0,0
"2026-07-28 22:00:00",4067,27.73,12.83,12.8,-0.028,0.095,0,0,0,0
"2026-07-28 22:15:00",4068,27.67,12.81,12.65,-0.405,0.135,0,0,0,0
"2026-07-28 22:30:00",4069,27.63,12.78,12.75,-0.223,0.113,0,0,0,0
"2026-07-28 22:45:00",4070,27.58,12.8,12.78,-0.203,0.091,0,0,0,0
"2026-07-28 23:00:00",4071,27.53,12.8,12.78,-0.181,0.089,0,0,0,0
"2026-07-28 23:15:00",4072,27.5,12.8,12.78,-0.156,0.098,0,0,0,0
"2026-07-28 23:30:00",4073,27.49,12.78,12.76,-0.152,0.092,0,0,0,0
"2026-07-28 23:45:00",4074,27.44,12.78,12.75,-0.168,0.091,0,0,0,0
"2026-07-29 00:00:00",4075,27.41,12.71,12.67,-0.328,0.156,0,0,0,0
"2026-07-29 00:15:00",4076,27.41,12.75,12.73,-0.239,0.109,0,0,0,0
"2026-07-29 00:30:00",4077,27.4,12.77,12.76,-0.152,0.097,0,0,0,0
"2026-07-29 00:45:00",4078,27.36,12.77,12.76,-0.151,0.103,0,0,0,0
"2026-07-29 01:00:00",4079,27.32,12.77,12.74,-0.151,0.092,0,0,0,0
"2026-07-29 01:15:00",4080,27.29,12.76,12.73,-0.162,0.092,0,0,0,0
"2026-07-29 01:30:00",4081,27.28,12.76,12.72,-0.151,0.093,0,0,0,0
"2026-07-29 01:45:00",4082,27.26,12.76,12.73,-0.161,0.09,0,0,0,0
"2026-07-29 02:00:00",4083,27.23,12.7,12.59,-0.379,0.145,0,0,0,0
"2026-07-29 02:15:00",4084,27.19,12.68,12.6,-0.407,0.137,0,0,0,0
"2026-07-29 02:30:00",4085,27.17,12.66,12.62,-0.404,0.149,0,0,0,0
"2026-07-29 02:45:00",4086,27.13,12.66,12.63,-0.369,0.155,0,0,0,0
"2026-07-29 03:00:00",4087,27.09,12.74,12.72,-0.152,0.092,0,0,0,0
"2026-07-29 03:15:00",4088,27.05,12.67,12.63,-1.26,0.132,0,0,0,0
"2026-07-29 03:30:00",4089,27.04,12.7,12.68,-0.207,0.103,0,0,0,0
"2026-07-29 03:45:00",4090,27.01,12.61,12.56,-0.442,0.173,0,0,0,0
"2026-07-29 04:00:00",4091,26.97,12.69,12.66,-0.23,0.125,0,0,0,0
"2026-07-29 04:15:00",4092,26.94,12.69,12.65,-0.246,0.126,0,0,0,0
"2026-07-29 04:30:00",4093,26.93,12.68,12.65,-0.238,0.116,0,0,0,0
"2026-07-29 04:45:00",4094,26.91,12.66,12.6,-0.299,0.137,0,0,0,0
"2026-07-29 05:00:00",4095,26.88,12.67,12.62,-0.244,0.113,0,0,0,0
"2026-07-29 05:15:00",4096,26.86,12.6,12.58,-0.391,0.165,0,0,0,0
"2026-07-29 05:30:00",4097,26.87,12.66,12.63,-0.244,0.119,0,0,0,0
"2026-07-29 05:45:00",4098,26.85,12.62,12.6,-0.366,0.128,0,0,0,0
"2026-07-29 06:00:00",4099,26.83,12.65,12.62,0.156,0.121,0,0,0,0
"2026-07-29 06:15:00",4100,26.81,12.58,12.5,4.034,0.158,0,0,0,0
"2026-07-29 06:30:00",4101,26.81,12.56,12.52,12.24,0.16,0,0,0,0
"2026-07-29 06:45:00",4102,26.78,12.57,12.51,12.36,0.185,0,0,0,0
"2026-07-29 07:00:00",4103,26.76,12.71,12.68,12.59,0.116,0,0,0,0
"2026-07-29 07:15:00",4104,26.75,12.96,12.92,12.84,0.124,0,0,0,0
"2026-07-29 07:30:00",4105,26.81,13.36,13.32,13.25,0.127,0,0,0,0
"2026-07-29 07:45:00",4106,26.9,13.66,13.61,13.43,0.141,0,0,0,0
"2026-07-29 08:00:00",4107,27.07,13.76,13.69,13.57,0.168,0,0,0,0
"2026-07-29 08:15:00",4108,27.32,13.77,13.68,23.49,0.17,0,0,0,0
"2026-07-29 08:30:00",4109,27.64,13.84,13.75,19.55,0.114,0,0,0,0
"2026-07-29 08:45:00",4110,27.95,13.76,13.8,13.83,0.116,0,0,0,0
"2026-07-29 09:00:00",4111,28.24,13.83,13.69,13.71,0.12,0,0,0,0
"2026-07-29 09:15:00",4112,28.51,13.82,13.69,13.67,0.121,0,0,0,0
"2026-07-29 09:30:00",4113,28.79,13.8,13.79,23.29,0.125,0,0,0,0
"2026-07-29 09:45:00",4114,29.01,13.73,13.78,22.62,0.119,0,0,0,0
"2026-07-29 10:00:00",4115,29.22,13.68,13.73,23.31,0.133,0,0,0,0
"2026-07-29 10:15:00",4116,29.41,13.82,13.71,20.51,0.091,0,0,0,0
"2026-07-29 10:30:00",4117,29.58,13.79,13.72,18.62,0.069,0,0,0,0
"2026-07-29 10:45:00",4118,29.68,13.73,13.81,23.67,0.087,0,0,0,0
"2026-07-29 11:00:00",4119,29.73,13.34,13.32,23.7,0.096,0,0,0,0
"2026-07-29 11:15:00",4120,29.76,13.38,13.32,23.73,0.079,0,0,0,0
"2026-07-29 11:30:00",4121,29.81,13.26,13.18,23.36,0.142,0,0,0,0
"2026-07-29 11:45:00",4122,29.83,13.42,13.26,23.66,0.1,0,0,0,0
"2026-07-29 12:00:00",4123,29.84,13.33,13.4,23.67,0.09,0,0,0,0
"2026-07-29 12:15:00",4124,29.84,13.33,13.4,23.71,0.095,0,0,0,0
"2026-07-29 12:30:00",4125,29.86,13.39,13.31,23.71,0.064,0,0,0,0
"2026-07-29 12:45:00",4126,29.88,13.41,13.32,23.63,0.1,0,0,0,0
"2026-07-29 13:00:00",4127,29.88,13.33,13.33,23.58,0.091,0,0,0,0
"2026-07-29 13:15:00",4128,29.88,13.33,13.32,23.6,0.091,0,0,0,0
"2026-07-29 13:30:00",4129,29.89,13.33,13.32,23.69,0.098,0,0,0,0
"2026-07-29 13:45:00",4130,29.74,13.42,13.35,23.58,0.09,0,0,0,0
"2026-07-29 14:00:00",4131,29.71,13.29,13.35,23.69,0.09,0,0,0,0
"2026-07-29 14:15:00",4132,29.71,13.36,13.42,23.72,0.107,0,0,0,0
"2026-07-29 14:30:00",4133,29.74,13.45,13.35,23.8,0.098,0,0,0,0
"2026-07-29 14:45:00",4134,29.74,13.37,13.35,13.39,0.092,0,0,0,0
"2026-07-29 15:00:00",4135,29.75,13.37,13.34,23.93,0.091,0,0,0,0
"2026-07-29 15:15:00",4136,29.69,13.29,13.31,23.73,0.148,0,0,0,0
"2026-07-29 15:30:00",4137,29.66,13.36,13.34,23.94,0.09,0,0,0,0
"2026-07-29 15:45:00",4138,29.65,13.3,13.18,23.72,0.162,0,0,0,0
"2026-07-29 16:00:00",4139,29.63,13.37,13.35,23.96,0.099,0,0,0,0
"2026-07-29 16:15:00",4140,29.61,13.35,13.41,23.93,0.11,0,0,0,0
"2026-07-29 16:30:00",4141,29.56,13.36,13.35,24.07,0.09,0,0,0,0
"2026-07-29 16:45:00",4142,29.32,13.28,13.2,23.88,0.143,0,0,0,0
"2026-07-29 17:00:00",4143,29.18,13.36,13.35,24.04,0.098,0,0,0,0
"2026-07-29 17:15:00",4144,29.17,13.35,13.32,24.01,0.138,0,0,0,0
"2026-07-29 17:30:00",4145,29.11,13.31,13.39,23.82,0.115,0,0,0,0
"2026-07-29 17:45:00",4146,29.1,13.37,13.35,22.86,0.091,0,0,0,0
"2026-07-29 18:00:00",4147,29.13,13.35,13.31,23.96,0.103,0,0,0,0
"2026-07-29 18:15:00",4148,29.18,13.36,13.42,23.83,0.095,0,0,0,0
"2026-07-29 18:30:00",4149,29.2,13.37,13.35,23.82,0.096,0,0,0,0
"2026-07-29 18:45:00",4150,29.16,13.34,13.3,23.78,0.148,0,0,0,0
"2026-07-29 19:00:00",4151,29.15,13.35,13.36,23.87,0.097,0,0,0,0
"2026-07-29 19:15:00",4152,29.14,13.37,13.36,23.77,0.127,0,0,0,0
"2026-07-29 19:30:00",4153,29.15,13.32,13.29,23.4,0.133,0,0,0,0
"2026-07-29 19:45:00",4154,29.13,13.38,13.28,23.38,0.14,0,0,0,0
"2026-07-29 20:00:00",4155,29.08,13.4,13.38,23.49,0.094,0,0,0,0
"2026-07-29 20:15:00",4156,29.03,13.38,13.28,23.09,0.137,0,0,0,0
"2026-07-29 20:30:00",4157,28.98,13.39,13.39,13.34,0.093,0,0,0,0
"2026-07-29 20:45:00",4158,28.89,13.39,13.37,13.31,0.097,0,0,0,0
"2026-07-29 21:00:00",4159,28.78,13.16,13.13,13.07,0.092,0,0,0,0
"2026-07-29 21:15:00",4160,28.66,13.01,12.98,12.82,0.106,0,0,0,0
"2026-07-29 21:30:00",4161,28.56,12.89,12.86,9.68,0.104,0,0,0,0
"2026-07-29 21:45:00",4162,28.43,12.84,12.82,0.845,0.099,0,0,0,0
"2026-07-29 22:00:00",4163,28.32,12.82,12.81,-0.102,0.101,0,0,0,0
"2026-07-29 22:15:00",4164,28.23,12.81,12.78,-0.176,0.09,0,0,0,0
"2026-07-29 22:30:00",4165,28.17,12.69,12.62,-0.468,0.161,0,0,0,0
"2026-07-29 22:45:00",4166,28.09,12.8,12.76,-0.169,0.091,0,0,0,0
"2026-07-29 23:00:00",4167,28.02,12.79,12.77,-0.167,0.092,0,0,0,0
"2026-07-29 23:15:00",4168,27.96,12.79,12.76,-0.163,0.094,0,0,0,0
"2026-07-29 23:30:00",4169,27.92,12.72,12.65,-0.446,0.133,0,0,0,0
"2026-07-29 23:45:00",4170,27.87,12.77,12.76,-0.202,0.098,0,0,0,0
"2026-07-30 00:00:00",4171,27.82,12.78,12.75,-0.159,0.092,0,0,0,0
"2026-07-30 00:15:00",4172,27.82,12.64,12.61,-0.353,0.149,0,0,0,0
"2026-07-30 00:30:00",4173,27.8,12.76,12.75,-0.161,0.093,0,0,0,0
"2026-07-30 00:45:00",4174,27.74,12.78,12.75,-0.153,0.092,0,0,0,0
"2026-07-30 01:00:00",4175,27.69,12.74,12.64,-0.355,0.139,0,0,0,0
"2026-07-30 01:15:00",4176,27.64,12.74,12.69,-0.234,0.111,0,0,0,0
"2026-07-30 01:30:00",4177,27.61,12.72,12.72,-0.27,0.119,0,0,0,0
"2026-07-30 01:45:00",4178,27.55,12.76,12.74,-0.155,0.106,0,0,0,0
"2026-07-30 02:00:00",4179,27.52,12.63,12.48,-1.207,0.18,0,0,0,0
"2026-07-30 02:15:00",4180,27.49,12.75,12.72,-0.159,0.092,0,0,0,0
"2026-07-30 02:30:00",4181,27.49,12.69,12.6,-0.288,0.137,0,0,0,0
"2026-07-30 02:45:00",4182,27.47,12.68,12.66,-0.173,0.096,0,0,0,0
"2026-07-30 03:00:00",4183,27.44,12.68,12.58,-0.382,0.145,0,0,0,0
"2026-07-30 03:15:00",4184,27.41,12.72,12.71,-0.165,0.092,0,0,0,0
"2026-07-30 03:30:00",4185,27.38,12.66,12.62,-0.34,0.136,0,0,0,0
"2026-07-30 03:45:00",4186,27.33,12.72,12.7,-0.17,0.097,0,0,0,0
"2026-07-30 04:00:00",4187,27.25,12.71,12.68,-0.149,0.096,0,0,0,0
"2026-07-30 04:15:00",4188,27.16,12.68,12.67,-0.205,0.093,0,0,0,0
"2026-07-30 04:30:00",4189,27.11,12.62,12.53,-0.511,0.155,0,0,0,0
"2026-07-30 04:45:00",4190,27.05,12.65,12.6,-0.292,0.133,0,0,0,0
"2026-07-30 05:00:00",4191,27,12.59,12.52,-0.398,0.17,0,0,0,0
"2026-07-30 05:15:00",4192,26.96,12.6,12.46,-0.404,0.191,0,0,0,0
"2026-07-30 05:30:00",4193,26.96,12.6,12.45,-0.344,0.199,0,0,0,0
"2026-07-30 05:45:00",4194,26.94,12.66,12.62,-0.21,0.12,0,0,0,0
"2026-07-30 06:00:00",4195,26.93,12.59,12.46,-0.441,0.162,0,0,0,0
"2026-07-30 06:15:00",4196,26.91,12.65,12.6,2.982,0.118,0,0,0,0
"2026-07-30 06:30:00",4197,26.91,12.57,12.49,12.21,0.184,0,0,0,0
"2026-07-30 06:45:00",4198,26.9,12.64,12.61,12.48,0.125,0,0,0,0
"2026-07-30 07:00:00",4199,26.89,12.61,12.44,12.27,0.163,0,0,0,0
"2026-07-30 07:15:00",4200,26.88,12.83,12.79,12.7,0.129,0,0,0,0
"2026-07-30 07:30:00",4201,26.95,13.18,13.15,13.07,0.12,0,0,0,0
"2026-07-30 07:45:00",4202,27.06,13.57,13.53,13.47,0.119,0,0,0,0
"2026-07-30 08:00:00",4203,27.24,13.75,13.71,13.62,0.12,0,0,0,0
"2026-07-30 08:15:00",4204,27.5,13.79,13.79,13.75,0.108,0,0,0,0
"2026-07-30 08:30:00",4205,27.84,13.74,13.79,13.73,0.113,0,0,0,0
"2026-07-30 08:45:00",4206,28.2,13.75,13.7,23.4,0.179,0,0,0,0
"2026-07-30 09:00:00",4207,28.59,13.77,13.58,23.26,0.181,0,0,0,0
"2026-07-30 09:15:00",4208,29.06,13.84,13.7,23.49,0.125,0,0,0,0
"2026-07-30 09:30:00",4209,29.57,13.81,13.66,23.56,0.122,0,0,0,0
"2026-07-30 09:45:00",4210,29.92,13.7,13.77,23.69,0.116,0,0,0,0
"2026-07-30 10:00:00",4211,30.25,13.72,13.5,23.48,0.182,0,0,0,0
"2026-07-30 10:15:00",4212,30.51,13.72,13.49,23.44,0.17,0,0,0,0
"2026-07-30 10:30:00",4213,30.7,13.69,13.65,13.71,0.119,0,0,0,0
"2026-07-30 10:45:00",4214,30.8,13.77,13.64,23.62,0.118,0,0,0,0
"2026-07-30 11:00:00",4215,30.77,13.4,13.31,23.68,0.168,0,0,0,0
"2026-07-30 11:15:00",4216,30.67,13.3,13.29,23.71,0.099,0,0,0,0
"2026-07-30 11:30:00",4217,30.59,13.3,13.29,23.72,0.102,0,0,0,0
"2026-07-30 11:45:00",4218,30.52,13.38,13.32,23.71,0.127,0,0,0,0
"2026-07-30 12:00:00",4219,30.45,13.32,13.39,23.64,0.097,0,0,0,0
"2026-07-30 12:15:00",4220,30.43,13.33,13.31,23.05,0.096,0,0,0,0
"2026-07-30 12:30:00",4221,30.47,13.33,13.31,14.96,0.09,0,0,0,0
"2026-07-30 12:45:00",4222,30.49,13.25,13.28,23.44,0.142,0,0,0,0
"2026-07-30 13:00:00",4223,30.44,13.37,13.32,23.56,0.068,0,0,0,0
"2026-07-30 13:15:00",4224,30.37,13.33,13.32,23.47,0.09,0,0,0,0
"2026-07-30 13:30:00",4225,30.3,13.33,13.32,23.57,0.092,0,0,0,0
"2026-07-30 13:45:00",4226,30.22,13.33,13.31,23.75,0.089,0,0,0,0
"2026-07-30 14:00:00",4227,30.11,13.33,13.32,13.42,0.09,0,0,0,0
"2026-07-30 14:15:00",4228,29.89,13.3,13.21,23.65,0.143,0,0,0,0
"2026-07-30 14:30:00",4229,29.67,13.37,13.35,23.83,0.092,0,0,0,0
"2026-07-30 14:45:00",4230,29.6,13.31,13.21,23.66,0.155,0,0,0,0
"2026-07-30 15:00:00",4231,29.55,13.32,13.21,23.64,0.131,0,0,0,0
"2026-07-30 15:15:00",4232,29.6,13.35,13.23,13.23,0.137,0,0,0,0
"2026-07-30 15:30:00",4233,29.67,13.37,13.35,23.86,0.089,0,0,0,0
"2026-07-30 15:45:00",4234,29.71,13.37,13.35,23.85,0.092,0,0,0,0
"2026-07-30 16:00:00",4235,29.73,13.47,13.35,23.92,0.088,0,0,0,0
"2026-07-30 16:15:00",4236,29.64,13.36,13.35,23.94,0.098,0,0,0,0
"2026-07-30 16:30:00",4237,29.43,13.46,13.35,23.93,0.09,0,0,0,0
"2026-07-30 16:45:00",4238,29.47,13.36,13.43,23.88,0.099,0,0,0,0
"2026-07-30 17:00:00",4239,29.52,13.37,13.36,13.42,0.092,0,0,0,0
"2026-07-30 17:15:00",4240,29.57,13.37,13.35,23.96,0.092,0,0,0,0
"2026-07-30 17:30:00",4241,29.65,13.36,13.44,23.88,0.099,0,0,0,0
"2026-07-30 17:45:00",4242,29.7,13.37,13.32,23.91,0.107,0,0,0,0
"2026-07-30 18:00:00",4243,29.74,13.37,13.31,23.85,0.117,0,0,0,0
"2026-07-30 18:15:00",4244,29.76,13.45,13.31,23.76,0.118,0,0,0,0
"2026-07-30 18:30:00",4245,29.77,13.37,13.35,23.9,0.105,0,0,0,0
"2026-07-30 18:45:00",4246,29.79,13.37,13.34,23.74,0.106,0,0,0,0
"2026-07-30 19:00:00",4247,29.78,13.29,13.23,13.25,0.165,0,0,0,0
"2026-07-30 19:15:00",4248,29.78,13.44,13.35,23.84,0.098,0,0,0,0
"2026-07-30 19:30:00",4249,29.79,13.37,13.41,23.65,0.105,0,0,0,0
"2026-07-30 19:45:00",4250,29.76,13.37,13.34,13.41,0.1,0,0,0,0
"2026-07-30 20:00:00",4251,29.7,13.37,13.35,17.66,0.089,0,0,0,0
"2026-07-30 20:15:00",4252,29.6,13.37,13.4,23.29,0.1,0,0,0,0
"2026-07-30 20:30:00",4253,29.5,13.4,13.35,22.87,0.089,0,0,0,0
"2026-07-30 20:45:00",4254,29.36,13.42,13.4,13.35,0.094,0,0,0,0
"2026-07-30 21:00:00",4255,29.2,13.19,13.16,13.12,0.091,0,0,0,0
"2026-07-30 21:15:00",4256,29.02,12.94,12.89,12.71,0.141,0,0,0,0
"2026-07-30 21:30:00",4257,28.85,12.89,12.86,7.6,0.094,0,0,0,0
"2026-07-30 21:45:00",4258,28.68,12.85,12.81,0.441,0.091,0,0,0,0
"2026-07-30 22:00:00",4259,28.53,12.83,12.81,-0.154,0.102,0,0,0,0
"2026-07-30 22:15:00",4260,28.39,12.76,12.66,-0.367,0.151,0,0,0,0
"2026-07-30 22:30:00",4261,28.31,12.79,12.8,-0.183,0.098,0,0,0,0
"2026-07-30 22:45:00",4262,28.2,12.8,12.77,-0.211,0.093,0,0,0,0
"2026-07-30 23:00:00",4263,28.11,12.8,12.78,-0.196,0.094,0,0,0,0
"2026-07-30 23:15:00",4264,28.03,12.79,12.78,-0.155,0.094,0,0,0,0
"2026-07-30 23:30:00",4265,27.97,12.79,12.77,-0.159,0.092,0,0,0,0
"2026-07-30 23:45:00",4266,27.91,12.77,12.77,-0.181,0.097,0,0,0,0
"2026-07-31 00:00:00",4267,27.84,12.7,12.64,-0.424,0.18,0,0,0,0
"2026-07-31 00:15:00",4268,27.82,12.77,12.76,-0.164,0.091,0,0,0,0
"2026-07-31 00:30:00",4269,27.78,12.71,12.61,-0.406,0.178,0,0,0,0
"2026-07-31 00:45:00",4270,27.7,12.77,12.76,-0.157,0.097,0,0,0,0
"2026-07-31 01:00:00",4271,27.63,12.77,12.75,-0.155,0.106,0,0,0,0
"2026-07-31 01:15:00",4272,27.57,12.77,12.74,-0.162,0.101,0,0,0,0
"2026-07-31 01:30:00",4273,27.55,12.76,12.75,-0.157,0.097,0,0,0,0
"2026-07-31 01:45:00",4274,27.51,12.76,12.72,-0.149,0.092,0,0,0,0
"2026-07-31 02:00:00",4275,27.47,12.7,12.58,-0.357,0.149,0,0,0,0
"2026-07-31 02:15:00",4276,27.44,12.74,12.61,-0.334,0.131,0,0,0,0
"2026-07-31 02:30:00",4277,27.43,12.69,12.69,-0.205,0.095,0,0,0,0
"2026-07-31 02:45:00",4278,27.4,12.67,12.7,-0.423,0.11,0,0,0,0
"2026-07-31 03:00:00",4279,27.38,12.65,12.54,-0.457,0.17,0,0,0,0
"2026-07-31 03:15:00",4280,27.34,12.73,12.71,-0.155,0.094,0,0,0,0
"2026-07-31 03:30:00",4281,27.32,12.66,12.54,-0.401,0.144,0,0,0,0
"2026-07-31 03:45:00",4282,27.28,12.66,12.6,-0.359,0.159,0,0,0,0
"2026-07-31 04:00:00",4283,27.24,12.62,12.58,-0.345,0.149,0,0,0,0
"2026-07-31 04:15:00",4284,27.19,12.64,12.48,-0.407,0.154,0,0,0,0
"2026-07-31 04:30:00",4285,27.17,12.69,12.69,-0.182,0.098,0,0,0,0
"2026-07-31 04:45:00",4286,27.12,12.69,12.65,-0.19,0.113,0,0,0,0
"2026-07-31 05:00:00",4287,27.07,12.67,12.64,-0.236,0.115,0,0,0,0
"2026-07-31 05:15:00",4288,27.02,12.67,12.63,-0.22,0.122,0,0,0,0
"2026-07-31 05:30:00",4289,26.91,12.59,12.47,-0.45,0.174,0,0,0,0
"2026-07-31 05:45:00",4290,26.77,12.66,12.62,-0.202,0.118,0,0,0,0
"2026-07-31 06:00:00",4291,26.64,12.65,12.62,-0.033,0.123,0,0,0,0
"2026-07-31 06:15:00",4292,26.52,12.66,12.65,2.382,0.11,0,0,0,0
"2026-07-31 06:30:00",4293,26.44,12.54,12.47,12.07,0.219,0,0,0,0
"2026-07-31 06:45:00",4294,26.35,12.56,12.45,12.24,0.188,0,0,0,0
"2026-07-31 07:00:00",4295,26.26,12.64,12.51,12.28,0.172,0,0,0,0
"2026-07-31 07:15:00",4296,26.21,12.8,12.69,12.5,0.178,0,0,0,0
"2026-07-31 07:30:00",4297,26.22,13.26,13.22,13.13,0.126,0,0,0,0
"2026-07-31 07:45:00",4298,26.27,13.54,13.39,13.22,0.188,0,0,0,0
"2026-07-31 08:00:00",4299,26.39,13.83,13.77,13.72,0.111,0,0,0,0
"2026-07-31 08:15:00",4300,26.59,13.89,13.82,13.8,0.117,0,0,0,0
"2026-07-31 08:30:00",4301,26.86,13.91,13.75,13.82,0.121,0,0,0,0
"2026-07-31 08:45:00",4302,27.17,13.77,13.59,13.54,0.152,0,0,0,0
"2026-07-31 09:00:00",4303,27.54,13.9,13.73,23.68,0.115,0,0,0,0
"2026-07-31 09:15:00",4304,27.97,13.81,13.76,13.78,0.114,0,0,0,0
"2026-07-31 09:30:00",4305,28.58,13.73,13.74,13.77,0.123,0,0,0,0
"2026-07-31 09:45:00",4306,29.16,13.8,13.7,14.25,0.12,0,0,0,0
"2026-07-31 10:00:00",4307,29.63,13.62,13.54,13.51,0.155,0,0,0,0
"2026-07-31 10:15:00",4308,29.92,13.82,13.67,23.52,0.125,0,0,0,0
"2026-07-31 10:30:00",4309,30.21,13.69,13.73,23.45,0.119,0,0,0,0
"2026-07-31 10:45:00",4310,30.49,13.8,13.67,23.39,0.124,0,0,0,0
"2026-07-31 11:00:00",4311,30.71,13.3,13.2,22.91,0.177,0,0,0,0
"2026-07-31 11:15:00",4312,30.82,13.25,13.17,22.99,0.172,0,0,0,0
"2026-07-31 11:30:00",4313,30.85,13.32,13.29,23.46,0.12,0,0,0,0
"2026-07-31 11:45:00",4314,30.85,13.33,13.35,23.82,0.09,0,0,0,0
"2026-07-31 12:00:00",4315,30.8,13.34,13.36,23.66,0.099,0,0,0,0
"2026-07-31 12:15:00",4316,30.75,13.25,13.17,23.34,0.145,0,0,0,0
"2026-07-31 12:30:00",4317,30.77,13.33,13.35,23.48,0.088,0,0,0,0
"2026-07-31 12:45:00",4318,30.78,13.33,13.31,23.5,0.095,0,0,0,0
"2026-07-31 13:00:00",4319,30.78,13.33,13.3,13.31,0.092,0,0,0,0
"2026-07-31 13:15:00",4320,30.79,13.34,13.3,23.34,0.091,0,0,0,0
"2026-07-31 13:30:00",4321,30.81,13.34,13.32,13.41,0.094,0,0,0,0
"2026-07-31 13:45:00",4322,30.78,13.27,13.21,23.3,0.148,0,0,0,0
"2026-07-31 14:00:00",4323,30.76,13.34,13.31,23.58,0.09,0,0,0,0
"2026-07-31 14:15:00",4324,30.76,13.33,13.32,13.36,0.098,0,0,0,0
"2026-07-31 14:30:00",4325,30.75,13.33,13.31,13.38,0.094,0,0,0,0
"2026-07-31 14:45:00",4326,30.67,13.37,13.31,23.72,0.129,0,0,0,0
"2026-07-31 15:00:00",4327,30.55,13.32,13.27,13.32,0.111,0,0,0,0
"2026-07-31 15:15:00",4328,30.42,13.39,13.29,23.99,0.102,0,0,0,0
"2026-07-31 15:30:00",4329,30.3,13.28,13.14,23.65,0.183,0,0,0,0
"2026-07-31 15:45:00",4330,30.18,13.34,13.3,15.14,0.097,0,0,0,0
"2026-07-31 16:00:00",4331,30.05,13.31,13.26,23.87,0.106,0,0,0,0
"2026-07-31 16:15:00",4332,29.98,13.34,13.39,23.91,0.097,0,0,0,0
"2026-07-31 16:30:00",4333,29.95,13.34,13.32,23.93,0.097,0,0,0,0
"2026-07-31 16:45:00",4334,29.93,13.47,13.33,23.97,0.09,0,0,0,0
"2026-07-31 17:00:00",4335,29.93,13.47,13.33,23.92,0.091,0,0,0,0
"2026-07-31 17:15:00",4336,29.92,13.38,13.35,23.95,0.091,0,0,0,0
"2026-07-31 17:30:00",4337,29.92,13.37,13.34,16.23,0.096,0,0,0,0
"2026-07-31 17:45:00",4338,29.88,13.37,13.44,23.84,0.097,0,0,0,0
"2026-07-31 18:00:00",4339,29.83,13.29,13.24,23.77,0.143,0,0,0,0
"2026-07-31 18:15:00",4340,29.8,13.45,13.35,24.04,0.094,0,0,0,0
"2026-07-31 18:30:00",4341,29.78,13.46,13.34,23.78,0.089,0,0,0,0
"2026-07-31 18:45:00",4342,29.75,13.43,13.35,23.47,0.09,0,0,0,0
"2026-07-31 19:00:00",4343,29.66,13.37,13.4,23.37,0.098,0,0,0,0
"2026-07-31 19:15:00",4344,29.55,13.36,13.33,13.3,0.092,0,0,0,0
"2026-07-31 19:30:00",4345,29.48,13.37,13.35,23.6,0.091,0,0,0,0
"2026-07-31 19:45:00",4346,29.46,13.36,13.35,23.61,0.101,0,0,0,0
"2026-07-31 20:00:00",4347,29.45,13.39,13.28,23.26,0.126,0,0,0,0
"2026-07-31 20:15:00",4348,29.45,13.41,13.39,13.35,0.093,0,0,0,0
"2026-07-31 20:30:00",4349,29.42,13.29,13.27,13.22,0.092,0,0,0,0
"2026-07-31 20:45:00",4350,29.31,13.15,13.08,13.03,0.14,0,0,0,0
"2026-07-31 21:00:00",4351,29.13,12.94,12.89,12.72,0.159,0,0,0,0
"2026-07-31 21:15:00",4352,28.94,12.83,12.79,12.64,0.152,0,0,0,0
"2026-07-31 21:30:00",4353,28.76,12.84,12.82,4.761,0.09,0,0,0,0
"2026-07-31 21:45:00",4354,28.57,12.81,12.81,0.213,0.093,0,0,0,0
"2026-07-31 22:00:00",4355,28.39,12.82,12.79,-0.131,0.093,0,0,0,0
"2026-07-31 22:15:00",4356,28.22,12.79,12.75,-0.199,0.109,0,0,0,0
"2026-07-31 22:30:00",4357,28.07,12.81,12.79,-0.159,0.095,0,0,0,0
"2026-07-31 22:45:00",4358,27.94,12.71,12.66,-0.435,0.149,0,0,0,0
"2026-07-31 23:00:00",4359,27.83,12.79,12.77,-0.18,0.108,0,0,0,0
"2026-07-31 23:15:00",4360,27.73,12.72,12.74,-0.224,0.107,0,0,0,0
"2026-07-31 23:30:00",4361,27.66,12.72,12.6,-0.411,0.142,0,0,0,0
"2026-07-31 23:45:00",4362,27.58,12.67,12.71,-0.366,0.088,0,0,0,0
"2026-08-01 00:00:00",4363,27.5,12.78,12.75,-0.184,0.099,0,0,0,0
"2026-08-01 00:15:00",4364,27.48,12.71,12.61,-0.375,0.149,0,0,0,0
"2026-08-01 00:30:00",4365,27.43,12.77,12.74,-0.211,0.106,0,0,0,0
"2026-08-01 00:45:00",4366,27.35,12.77,12.76,-0.184,0.098,0,0,0,0
"2026-08-01 01:00:00",4367,27.28,12.77,12.75,-0.161,0.097,0,0,0,0
"2026-08-01 01:15:00",4368,27.22,12.75,12.75,-0.153,0.092,0,0,0,0
"2026-08-01 01:30:00",4369,27.19,12.74,12.74,-0.166,0.093,0,0,0,0
"2026-08-01 01:45:00",4370,27.14,12.72,12.73,-0.227,0.092,0,0,0,0
"2026-08-01 02:00:00",4371,27.1,12.75,12.74,-0.182,0.1,0,0,0,0
"2026-08-01 02:15:00",4372,27.06,12.73,12.73,-0.223,0.097,0,0,0,0
"2026-08-01 02:30:00",4373,27.04,12.68,12.65,-0.498,0.168,0,0,0,0
"2026-08-01 02:45:00",4374,27,12.74,12.72,-0.174,0.097,0,0,0,0
"2026-08-01 03:00:00",4375,26.96,12.73,12.69,-0.158,0.09,0,0,0,0
"2026-08-01 03:15:00",4376,26.94,12.65,12.37,-0.407,0.144,0,0,0,0
"2026-08-01 03:30:00",4377,26.9,12.68,12.63,-0.345,0.133,0,0,0,0
"2026-08-01 03:45:00",4378,26.84,12.71,12.69,-0.171,0.092,0,0,0,0
"2026-08-01 04:00:00",4379,26.79,12.71,12.69,-0.214,0.097,0,0,0,0
"2026-08-01 04:15:00",4380,26.73,12.64,12.46,-0.413,0.143,0,0,0,0
"2026-08-01 04:30:00",4381,26.7,12.69,12.68,-0.153,0.094,0,0,0,0
"2026-08-01 04:45:00",4382,26.65,12.68,12.68,-0.152,0.092,0,0,0,0
"2026-08-01 05:00:00",4383,26.62,12.67,12.67,-0.167,0.091,0,0,0,0
"2026-08-01 05:15:00",4384,26.59,12.66,12.65,-0.187,0.106,0,0,0,0
"2026-08-01 05:30:00",4385,26.58,12.63,12.59,-0.276,0.138,0,0,0,0
"2026-08-01 05:45:00",4386,26.55,12.59,12.57,-0.284,0.13,0,0,0,0
"2026-08-01 06:00:00",4387,26.51,12.58,12.43,-0.423,0.19,0,0,0,0
"2026-08-01 06:15:00",4388,26.48,12.59,12.48,1.035,0.194,0,0,0,0
"2026-08-01 06:30:00",4389,26.46,12.56,12.45,9.66,0.184,0,0,0,0
"2026-08-01 06:45:00",4390,26.43,12.63,12.61,12.63,0.116,0,0,0,0
"2026-08-01 07:00:00",4391,26.38,12.59,12.47,12.24,0.167,0,0,0,0
"2026-08-01 07:15:00",4392,26.33,12.68,12.59,12.37,0.157,0,0,0,0
"2026-08-01 07:30:00",4393,26.32,12.99,12.96,12.88,0.121,0,0,0,0
"2026-08-01 07:45:00",4394,26.32,13.34,13.27,13.12,0.171,0,0,0,0
"2026-08-01 08:00:00",4395,26.37,13.61,13.56,13.51,0.115,0,0,0,0
"2026-08-01 08:15:00",4396,26.47,13.8,13.76,13.7,0.116,0,0,0,0
"2026-08-01 08:30:00",4397,26.66,13.88,13.84,13.79,0.131,0,0,0,0
"2026-08-01 08:45:00",4398,26.87,13.89,13.75,13.82,0.121,0,0,0,0
"2026-08-01 09:00:00",4399,27.15,13.9,13.78,23.82,0.114,0,0,0,0
"2026-08-01 09:15:00",4400,27.45,13.79,13.85,23.85,0.117,0,0,0,0
"2026-08-01 09:30:00",4401,27.78,13.91,13.77,23.68,0.12,0,0,0,0
"2026-08-01 09:45:00",4402,28.09,13.8,13.76,13.68,0.121,0,0,0,0
"2026-08-01 10:00:00",4403,28.37,13.83,13.8,13.69,0.118,0,0,0,0
"2026-08-01 10:15:00",4404,28.55,13.71,13.64,13.49,0.133,0,0,0,0
"2026-08-01 10:30:00",4405,28.72,13.8,13.73,13.7,0.124,0,0,0,0
"2026-08-01 10:45:00",4406,28.86,13.69,13.61,23.58,0.184,0,0,0,0
"2026-08-01 11:00:00",4407,29.1,13.77,13.74,13.81,0.12,0,0,0,0
"2026-08-01 11:15:00",4408,29.5,13.72,13.69,13.78,0.115,0,0,0,0
"2026-08-01 11:30:00",4409,29.94,13.33,13.31,23.13,0.114,0,0,0,0
"2026-08-01 11:45:00",4410,30.29,13.28,13.24,13.22,0.141,0,0,0,0
"2026-08-01 12:00:00",4411,30.49,13.37,13.29,23.79,0.073,0,0,0,0
"2026-08-01 12:15:00",4412,30.55,13.3,13.32,23.39,0.096,0,0,0,0
"2026-08-01 12:30:00",4413,30.54,13.33,13.4,23.67,0.09,0,0,0,0
"2026-08-01 12:45:00",4414,30.49,13.33,13.31,23.81,0.09,0,0,0,0
"2026-08-01 13:00:00",4415,30.43,13.33,13.36,23.59,0.098,0,0,0,0
"2026-08-01 13:15:00",4416,30.33,13.34,13.31,23.65,0.102,0,0,0,0
"2026-08-01 13:30:00",4417,30.2,13.33,13.37,23.55,0.099,0,0,0,0
"2026-08-01 13:45:00",4418,30.08,13.36,13.3,23.61,0.121,0,0,0,0
"2026-08-01 14:00:00",4419,30,13.33,13.3,24.06,0.09,0,0,0,0
"2026-08-01 14:15:00",4420,29.93,13.37,13.35,13.43,0.088,0,0,0,0
"2026-08-01 14:30:00",4421,29.84,13.37,13.22,23.38,0.179,0,0,0,0
"2026-08-01 14:45:00",4422,29.73,13.36,13.4,23.55,0.09,0,0,0,0
"2026-08-01 15:00:00",4423,29.62,13.31,13.2,23.38,0.131,0,0,0,0
"2026-08-01 15:15:00",4424,29.53,13.36,13.34,23.91,0.092,0,0,0,0
"2026-08-01 15:30:00",4425,29.4,13.36,13.36,13.51,0.089,0,0,0,0
"2026-08-01 15:45:00",4426,29.33,13.36,13.35,23.56,0.097,0,0,0,0
"2026-08-01 16:00:00",4427,29.25,13.38,13.38,23.69,0.093,0,0,0,0
"2026-08-01 16:15:00",4428,29.18,13.4,13.38,23.71,0.091,0,0,0,0
"2026-08-01 16:30:00",4429,29.15,13.4,13.38,23.49,0.104,0,0,0,0
"2026-08-01 16:45:00",4430,29.12,13.48,13.37,23.77,0.092,0,0,0,0
"2026-08-01 17:00:00",4431,29.08,13.49,13.38,23.89,0.089,0,0,0,0
"2026-08-01 17:15:00",4432,29.09,13.4,13.38,13.48,0.096,0,0,0,0
"2026-08-01 17:30:00",4433,29.15,13.47,13.36,23.87,0.09,0,0,0,0
"2026-08-01 17:45:00",4434,29.11,13.39,13.37,23.88,0.095,0,0,0,0
"2026-08-01 18:00:00",4435,29.08,13.38,13.39,23.72,0.115,0,0,0,0
"2026-08-01 18:15:00",4436,29.11,13.39,13.38,13.43,0.098,0,0,0,0
"2026-08-01 18:30:00",4437,29.16,13.29,13.25,23.59,0.149,0,0,0,0
"2026-08-01 18:45:00",4438,29.18,13.36,13.35,23.67,0.091,0,0,0,0
"2026-08-01 19:00:00",4439,29.22,13.37,13.34,23.65,0.108,0,0,0,0
"2026-08-01 19:15:00",4440,29.25,13.4,13.35,23.47,0.111,0,0,0,0
"2026-08-01 19:30:00",4441,29.31,13.45,13.35,23.61,0.089,0,0,0,0
"2026-08-01 19:45:00",4442,29.32,13.4,13.35,22.06,0.109,0,0,0,0
"2026-08-01 20:00:00",4443,29.24,13.42,13.37,22.02,0.09,0,0,0,0
"2026-08-01 20:15:00",4444,29.1,13.3,13.26,13.21,0.09,0,0,0,0
"2026-08-01 20:30:00",4445,28.96,13.13,13.11,13.06,0.092,0,0,0,0
"2026-08-01 20:45:00",4446,28.8,13.04,13.02,12.95,0.09,0,0,0,0
"2026-08-01 21:00:00",4447,28.64,12.97,12.95,12.89,0.094,0,0,0,0
"2026-08-01 21:15:00",4448,28.47,12.88,12.87,12.76,0.094,0,0,0,0
"2026-08-01 21:30:00",4449,28.34,12.78,12.67,2.969,0.154,0,0,0,0
"2026-08-01 21:45:00",4450,28.18,12.82,12.8,0.178,0.093,0,0,0,0
"2026-08-01 22:00:00",4451,28.05,12.81,12.79,-0.14,0.094,0,0,0,0
"2026-08-01 22:15:00",4452,27.93,12.8,12.79,-0.178,0.095,0,0,0,0
"2026-08-01 22:30:00",4453,27.84,12.79,12.79,-0.184,0.089,0,0,0,0
"2026-08-01 22:45:00",4454,27.73,12.79,12.78,-0.181,0.094,0,0,0,0
"2026-08-01 23:00:00",4455,27.63,12.79,12.78,-0.159,0.092,0,0,0,0
"2026-08-01 23:15:00",4456,27.52,12.77,12.74,-0.239,0.116,0,0,0,0
"2026-08-01 23:30:00",4457,27.45,12.79,12.77,-0.166,0.102,0,0,0,0
"2026-08-01 23:45:00",4458,27.37,12.78,12.76,-0.174,0.102,0,0,0,0
"2026-08-02 00:00:00",4459,27.3,12.78,12.75,-0.178,0.093,0,0,0,0
"2026-08-02 00:15:00",4460,27.27,12.76,12.65,-0.247,0.151,0,0,0,0
"2026-08-02 00:30:00",4461,27.24,12.77,12.73,-0.193,0.095,0,0,0,0
"2026-08-02 00:45:00",4462,27.17,12.76,12.75,-0.155,0.094,0,0,0,0
"2026-08-02 01:00:00",4463,27.1,12.76,12.74,-0.213,0.091,0,0,0,0
"2026-08-02 01:15:00",4464,27.06,12.76,12.74,-0.207,0.09,0,0,0,0
"2026-08-02 01:30:00",4465,27.04,12.68,12.6,-0.351,0.156,0,0,0,0
"2026-08-02 01:45:00",4466,27,12.71,12.64,-0.317,0.125,0,0,0,0
"2026-08-02 02:00:00",4467,26.96,12.74,12.73,-0.165,0.094,0,0,0,0
"2026-08-02 02:15:00",4468,26.93,12.74,12.73,-0.19,0.092,0,0,0,0
"2026-08-02 02:30:00",4469,26.91,12.68,12.66,-0.273,0.123,0,0,0,0
"2026-08-02 02:45:00",4470,26.86,12.73,12.72,-0.168,0.096,0,0,0,0
"2026-08-02 03:00:00",4471,26.81,12.72,12.71,-0.171,0.102,0,0,0,0
"2026-08-02 03:15:00",4472,26.76,12.72,12.7,-0.168,0.089,0,0,0,0
"2026-08-02 03:30:00",4473,26.75,12.71,12.67,-0.181,0.093,0,0,0,0
"2026-08-02 03:45:00",4474,26.72,12.7,12.69,-0.179,0.091,0,0,0,0
"2026-08-02 04:00:00",4475,26.7,12.64,12.59,-0.392,0.139,0,0,0,0
"2026-08-02 04:15:00",4476,26.67,12.7,12.69,-0.211,0.098,0,0,0,0
"2026-08-02 04:30:00",4477,26.68,12.67,12.64,-0.234,0.107,0,0,0,0
"2026-08-02 04:45:00",4478,26.65,12.57,12.52,-0.501,0.162,0,0,0,0
"2026-08-02 05:00:00",4479,26.62,12.67,12.66,-0.173,0.093,0,0,0,0
"2026-08-02 05:15:00",4480,26.58,12.62,12.6,-0.329,0.123,0,0,0,0
"2026-08-02 05:30:00",4481,26.57,12.65,12.65,-0.287,0.097,0,0,0,0
"2026-08-02 05:45:00",4482,26.53,12.67,12.66,-0.155,0.095,0,0,0,0
"2026-08-02 06:00:00",4483,26.49,12.6,12.52,-0.326,0.147,0,0,0,0
"2026-08-02 06:15:00",4484,26.46,12.59,12.54,0.62,0.142,0,0,0,0
"2026-08-02 06:30:00",4485,26.45,12.65,12.64,9.18,0.093,0,0,0,0
"2026-08-02 06:45:00",4486,26.43,12.65,12.61,12.57,0.103,0,0,0,0
"2026-08-02 07:00:00",4487,26.37,12.59,12.49,12.35,0.165,0,0,0,0
"2026-08-02 07:15:00",4488,26.32,12.68,12.65,12.52,0.122,0,0,0,0
"2026-08-02 07:30:00",4489,26.31,12.71,12.57,12.45,0.172,0,0,0,0
"2026-08-02 07:45:00",4490,26.29,12.95,12.91,12.83,0.126,0,0,0,0
"2026-08-02 08:00:00",4491,26.3,13.11,13.06,12.87,0.164,0,0,0,0
"2026-08-02 08:15:00",4492,26.35,13.38,13.31,13.06,0.137,0,0,0,0
"2026-08-02 08:30:00",4493,26.46,13.75,13.71,13.66,0.12,0,0,0,0
"2026-08-02 08:45:00",4494,26.62,13.86,13.81,13.78,0.122,0,0,0,0
"2026-08-02 09:00:00",4495,26.84,13.89,13.84,13.8,0.136,0,0,0,0
"2026-08-02 09:15:00",4496,27.13,13.71,13.7,13.55,0.157,0,0,0,0
"2026-08-02 09:30:00",4497,27.5,13.78,13.82,13.79,0.11,0,0,0,0
"2026-08-02 09:45:00",4498,27.91,13.9,13.86,23.27,0.116,0,0,0,0
"2026-08-02 10:00:00",4499,28.38,13.89,13.74,23.22,0.12,0,0,0,0
"2026-08-02 10:15:00",4500,28.9,13.76,13.83,23.13,0.116,0,0,0,0
"2026-08-02 10:30:00",4501,29.44,13.8,13.7,20.29,0.088,0,0,0,0
"2026-08-02 10:45:00",4502,29.95,13.71,13.78,22.91,0.128,0,0,0,0
"2026-08-02 11:00:00",4503,30.47,13.64,13.65,22.82,0.172,0,0,0,0
"2026-08-02 11:15:00",4504,30.85,13.77,13.66,23.09,0.125,0,0,0,0
"2026-08-02 11:30:00",4505,31.14,13.81,13.67,23.18,0.118,0,0,0,0
"2026-08-02 11:45:00",4506,31.35,13.24,13.24,22.99,0.14,0,0,0,0
"2026-08-02 12:00:00",4507,31.51,13.31,13.36,23.16,0.119,0,0,0,0
"2026-08-02 12:15:00",4508,31.59,13.24,13.15,13.11,0.181,0,0,0,0
"2026-08-02 12:30:00",4509,31.67,13.28,13.31,23.3,0.118,0,0,0,0
"2026-08-02 12:45:00",4510,31.72,13.29,13.24,23.23,0.128,0,0,0,0
"2026-08-02 13:00:00",4511,31.75,13.33,13.24,23.28,0.123,0,0,0,0
"2026-08-02 13:15:00",4512,31.76,13.28,13.25,23.13,0.119,0,0,0,0
"2026-08-02 13:30:00",4513,31.8,13.3,13.28,13.3,0.096,0,0,0,0
"2026-08-02 13:45:00",4514,31.84,13.3,13.28,13.34,0.091,0,0,0,0
"2026-08-02 14:00:00",4515,31.86,13.3,13.29,23.54,0.095,0,0,0,0
"2026-08-02 14:15:00",4516,31.79,13.3,13.28,23.69,0.089,0,0,0,0
"2026-08-02 14:30:00",4517,31.65,13.31,13.28,13.33,0.09,0,0,0,0
"2026-08-02 14:45:00",4518,31.46,13.33,13.37,23.55,0.092,0,0,0,0
"2026-08-02 15:00:00",4519,31.3,13.38,13.29,23.5,0.095,0,0,0,0
"2026-08-02 15:15:00",4520,31.2,13.33,13.3,23.6,0.092,0,0,0,0
"2026-08-02 15:30:00",4521,31.18,13.26,13.1,13.13,0.133,0,0,0,0
"2026-08-02 15:45:00",4522,31.18,13.32,13.28,13.35,0.098,0,0,0,0
"2026-08-02 16:00:00",4523,31.23,13.35,13.26,23.51,0.147,0,0,0,0
"2026-08-02 16:15:00",4524,31.29,13.25,13.19,23.19,0.162,0,0,0,0
"2026-08-02 16:30:00",4525,31.41,13.3,13.27,22.85,0.095,0,0,0,0
"2026-08-02 16:45:00",4526,31.52,13.38,13.27,23.49,0.096,0,0,0,0
"2026-08-02 17:00:00",4527,31.62,13.28,13.24,19.53,0.107,0,0,0,0
"2026-08-02 17:15:00",4528,31.73,13.31,13.28,23.28,0.093,0,0,0,0
"2026-08-02 17:30:00",4529,31.83,13.31,13.19,23.64,0.102,0,0,0,0
"2026-08-02 17:45:00",4530,31.87,13.31,13.28,13.95,0.094,0,0,0,0
"2026-08-02 18:00:00",4531,31.9,13.31,13.38,23.68,0.093,0,0,0,0
"2026-08-02 18:15:00",4532,31.86,13.28,13.34,23.59,0.108,0,0,0,0
"2026-08-02 18:30:00",4533,31.87,13.27,13.35,23.62,0.102,0,0,0,0
"2026-08-02 18:45:00",4534,31.87,13.27,13.25,23.58,0.105,0,0,0,0
"2026-08-02 19:00:00",4535,31.91,13.34,13.25,23.35,0.072,0,0,0,0
"2026-08-02 19:15:00",4536,31.99,13.3,13.24,23.22,0.091,0,0,0,0
"2026-08-02 19:30:00",4537,32.08,13.28,13.26,23.34,0.091,0,0,0,0
"2026-08-02 19:45:00",4538,32.1,13.2,13.14,13.28,0.167,0,0,0,0
"2026-08-02 20:00:00",4539,32.04,13.28,13.23,23.21,0.091,0,0,0,0
"2026-08-02 20:15:00",4540,31.92,13.31,13.28,13.25,0.095,0,0,0,0
"2026-08-02 20:30:00",4541,31.7,13.29,13.29,13.24,0.095,0,0,0,0
"2026-08-02 20:45:00",4542,31.44,13.21,13.2,13.14,0.095,0,0,0,0
"2026-08-02 21:00:00",4543,31.17,13.05,13.03,12.96,0.097,0,0,0,0
"2026-08-02 21:15:00",4544,30.91,12.92,12.91,12.82,0.094,0,0,0,0
"2026-08-02 21:30:00",4545,30.66,12.84,12.84,3.139,0.098,0,0,0,0
"2026-08-02 21:45:00",4546,30.41,12.82,12.82,0.097,0.092,0,0,0,0
"2026-08-02 22:00:00",4547,30.18,12.81,12.8,-0.165,0.096,0,0,0,0
"2026-08-02 22:15:00",4548,29.97,12.79,12.76,-0.247,0.108,0,0,0,0
"2026-08-02 22:30:00",4549,29.81,12.81,12.78,-0.196,0.093,0,0,0,0
"2026-08-02 22:45:00",4550,29.65,12.8,12.79,-0.194,0.102,0,0,0,0
"2026-08-02 23:00:00",4551,29.5,12.8,12.78,-0.232,0.092,0,0,0,0
"2026-08-02 23:15:00",4552,29.36,12.77,12.74,-0.248,0.112,0,0,0,0
"2026-08-02 23:30:00",4553,29.25,12.73,12.62,-0.425,0.15,0,0,0,0
"2026-08-02 23:45:00",4554,29.12,12.79,12.76,-0.182,0.093,0,0,0,0
"2026-08-03 00:00:00",4555,29,12.79,12.75,-0.179,0.092,0,0,0,0
"2026-08-03 00:15:00",4556,28.93,12.78,12.76,-0.198,0.093,0,0,0,0
"2026-08-03 00:30:00",4557,28.87,12.78,12.75,-0.184,0.106,0,0,0,0
"2026-08-03 00:45:00",4558,28.77,12.7,12.57,-0.347,0.162,0,0,0,0
"2026-08-03 01:00:00",4559,28.69,12.77,12.75,-0.187,0.101,0,0,0,0
"2026-08-03 01:15:00",4560,28.62,12.77,12.75,-0.182,0.101,0,0,0,0
"2026-08-03 01:30:00",4561,28.58,12.68,12.63,-0.428,0.146,0,0,0,0
"2026-08-03 01:45:00",4562,28.53,12.75,12.72,-0.183,0.095,0,0,0,0
"2026-08-03 02:00:00",4563,28.48,12.67,12.61,-0.224,0.148,0,0,0,0
"2026-08-03 02:15:00",4564,28.43,12.74,12.71,-0.173,0.096,0,0,0,0
"2026-08-03 02:30:00",4565,28.41,12.7,12.62,-0.339,0.12,0,0,0,0
"2026-08-03 02:45:00",4566,28.36,12.73,12.69,-0.212,0.096,0,0,0,0
"2026-08-03 03:00:00",4567,28.32,12.65,12.6,-0.384,0.139,0,0,0,0
"2026-08-03 03:15:00",4568,28.27,12.72,12.71,-0.209,0.093,0,0,0,0
"2026-08-03 03:30:00",4569,28.25,12.67,12.54,-0.382,0.156,0,0,0,0
"2026-08-03 03:45:00",4570,28.22,12.71,12.69,-0.198,0.093,0,0,0,0
"2026-08-03 04:00:00",4571,28.2,12.64,12.55,-0.421,0.141,0,0,0,0
"2026-08-03 04:15:00",4572,28.17,12.63,12.58,-0.391,0.137,0,0,0,0
"2026-08-03 04:30:00",4573,28.18,12.62,12.57,-0.369,0.141,0,0,0,0
"2026-08-03 04:45:00",4574,28.16,12.68,12.68,-0.18,0.091,0,0,0,0
"2026-08-03 05:00:00",4575,28.13,12.63,12.53,-0.454,0.146,0,0,0,0
"2026-08-03 05:15:00",4576,28.1,12.61,12.49,-0.459,0.146,0,0,0,0
"2026-08-03 05:30:00",4577,28.09,12.66,12.62,-0.247,0.107,0,0,0,0
"2026-08-03 05:45:00",4578,28.06,12.67,12.66,-0.173,0.119,0,0,0,0
"2026-08-03 06:00:00",4579,28.03,12.68,12.66,-0.092,0.092,0,0,0,0
"2026-08-03 06:15:00",4580,28.01,12.64,12.57,0.664,0.138,0,0,0,0
"2026-08-03 06:30:00",4581,28.01,12.67,12.65,8.03,0.103,0,0,0,0
"2026-08-03 06:45:00",4582,27.97,12.67,12.64,12.67,0.099,0,0,0,0
"2026-08-03 07:00:00",4583,27.94,12.6,12.55,12.38,0.15,0,0,0,0
"2026-08-03 07:15:00",4584,27.96,12.67,12.64,12.52,0.128,0,0,0,0
"2026-08-03 07:30:00",4585,28.02,12.69,12.61,12.53,0.151,0,0,0,0
"2026-08-03 07:45:00",4586,28.05,13.06,12.94,12.77,0.143,0,0,0,0
"2026-08-03 08:00:00",4587,28.12,13.24,13.18,13.04,0.123,0,0,0,0
"2026-08-03 08:15:00",4588,28.17,13.24,13.2,13.13,0.127,0,0,0,0
"2026-08-03 08:30:00",4589,28.24,13.18,13.19,12.77,0.138,0,0,0,0
"2026-08-03 08:45:00",4590,28.27,13.19,13.08,12.8,0.186,0,0,0,0
"2026-08-03 09:00:00",4591,28.29,13.33,13.3,13.19,0.122,0,0,0,0
"2026-08-03 09:15:00",4592,28.31,13.46,13.41,13.36,0.115,0,0,0,0
"2026-08-03 09:30:00",4593,28.37,13.77,13.68,13.53,0.157,0,0,0,0
"2026-08-03 09:45:00",4594,28.49,13.87,13.82,24.24,0.114,0,0,0,0
"2026-08-03 10:00:00",4595,28.66,13.77,13.82,23.98,0.168,0,0,0,0
"2026-08-03 10:15:00",4596,28.86,13.74,13.67,13.77,0.111,0,0,0,0
"2026-08-03 10:30:00",4597,29.09,13.77,13.59,23.68,0.155,0,0,0,0
"2026-08-03 10:45:00",4598,29.29,13.72,13.69,13.77,0.114,0,0,0,0
"2026-08-03 11:00:00",4599,29.5,13.81,13.77,23.49,0.124,0,0,0,0
"2026-08-03 11:15:00",4600,29.66,13.61,13.62,20.44,0.113,0,0,0,0
"2026-08-03 11:30:00",4601,29.88,13.7,13.78,23.83,0.113,0,0,0,0
"2026-08-03 11:45:00",4602,30.05,13.72,13.7,23.62,0.138,0,0,0,0
"2026-08-03 12:00:00",4603,30.15,13.81,13.68,23.78,0.118,0,0,0,0
"2026-08-03 12:15:00",4604,30.25,13.27,13.25,23.45,0.184,0,0,0,0
"2026-08-03 12:30:00",4605,30.35,13.31,13.36,23.68,0.115,0,0,0,0
"2026-08-03 12:45:00",4606,30.43,13.31,13.37,23.73,0.119,0,0,0,0
"2026-08-03 13:00:00",4607,30.52,13.39,13.27,23.49,0.124,0,0,0,0
"2026-08-03 13:15:00",4608,30.58,13.31,13.27,13.28,0.116,0,0,0,0
"2026-08-03 13:30:00",4609,30.64,13.23,13.18,23.27,0.171,0,0,0,0
"2026-08-03 13:45:00",4610,30.68,13.25,13.14,23.39,0.196,0,0,0,0
"2026-08-03 14:00:00",4611,30.75,13.34,13.13,23.49,0.186,0,0,0,0
"2026-08-03 14:15:00",4612,30.83,13.41,13.26,23.8,0.12,0,0,0,0
"2026-08-03 14:30:00",4613,30.96,13.31,13.27,13.28,0.128,0,0,0,0
"2026-08-03 14:45:00",4614,30.99,13.4,13.29,23.6,0.127,0,0,0,0
"2026-08-03 15:00:00",4615,31,13.33,13.38,23.42,0.092,0,0,0,0
"2026-08-03 15:15:00",4616,31.02,13.32,13.31,23.54,0.096,0,0,0,0
"2026-08-03 15:30:00",4617,31.12,13.3,13.28,13.35,0.095,0,0,0,0
"2026-08-03 15:45:00",4618,31.21,13.32,13.28,23.52,0.129,0,0,0,0
"2026-08-03 16:00:00",4619,31.27,13.3,13.29,13.31,0.093,0,0,0,0
"2026-08-03 16:15:00",4620,31.3,13.31,13.35,23.86,0.089,0,0,0,0
"2026-08-03 16:30:00",4621,31.39,13.22,13.18,13.21,0.135,0,0,0,0
"2026-08-03 16:45:00",4622,31.48,13.27,13.23,23.85,0.124,0,0,0,0
"2026-08-03 17:00:00",4623,31.53,13.23,13.15,13.13,0.119,0,0,0,0
"2026-08-03 17:15:00",4624,31.54,13.29,13.29,17,0.091,0,0,0,0
"2026-08-03 17:30:00",4625,31.6,13.3,13.29,23.53,0.099,0,0,0,0
"2026-08-03 17:45:00",4626,31.64,13.26,13.26,23.37,0.093,0,0,0,0
"2026-08-03 18:00:00",4627,31.62,13.24,13.22,23.7,0.105,0,0,0,0
"2026-08-03 18:15:00",4628,31.62,13.25,13.14,22.96,0.151,0,0,0,0
"2026-08-03 18:30:00",4629,31.65,13.3,13.32,22.63,0.089,0,0,0,0
"2026-08-03 18:45:00",4630,31.6,13.3,13.31,13.25,0.101,0,0,0,0
"2026-08-03 19:00:00",4631,31.44,13.32,13.27,22.58,0.094,0,0,0,0
"2026-08-03 19:15:00",4632,31.19,13.28,13.28,13.22,0.091,0,0,0,0
"2026-08-03 19:30:00",4633,30.97,13.34,13.32,13.26,0.095,0,0,0,0
"2026-08-03 19:45:00",4634,30.74,13.26,13.24,13.19,0.091,0,0,0,0
"2026-08-03 20:00:00",4635,30.53,13.13,13.09,13.06,0.105,0,0,0,0
"2026-08-03 20:15:00",4636,30.37,13.01,12.99,12.91,0.094,0,0,0,0
"2026-08-03 20:30:00",4637,30.26,12.96,12.94,12.84,0.106,0,0,0,0
"2026-08-03 20:45:00",4638,30.13,12.91,12.89,12.81,0.106,0,0,0,0
"2026-08-03 21:00:00",4639,30.02,12.87,12.85,12.77,0.094,0,0,0,0
"2026-08-03 21:15:00",4640,29.93,12.83,12.82,12.74,0.1,0,0,0,0
"2026-08-03 21:30:00",4641,29.86,12.81,12.79,3.557,0.095,0,0,0,0
"2026-08-03 21:45:00",4642,29.75,12.81,12.79,0.176,0.094,0,0,0,0
"2026-08-03 22:00:00",4643,29.64,12.8,12.78,-0.154,0.091,0,0,0,0
"2026-08-03 22:15:00",4644,29.54,12.8,12.78,-0.19,0.098,0,0,0,0
"2026-08-03 22:30:00",4645,29.47,12.71,12.68,-0.395,0.159,0,0,0,0
"2026-08-03 22:45:00",4646,29.4,12.78,12.77,-0.161,0.092,0,0,0,0
"2026-08-03 23:00:00",4647,29.33,12.77,12.75,-0.192,0.099,0,0,0,0
"2026-08-03 23:15:00",4648,29.27,12.68,12.59,-0.478,0.164,0,0,0,0
"2026-08-03 23:30:00",4649,29.24,12.77,12.75,-0.178,0.092,0,0,0,0
"2026-08-03 23:45:00",4650,29.2,12.78,12.76,-0.204,0.094,0,0,0,0
"2026-08-04 00:00:00",4651,29.15,12.77,12.76,-0.203,0.1,0,0,0,0
"2026-08-04 00:15:00",4652,29.15,12.77,12.75,-0.205,0.099,0,0,0,0
"2026-08-04 00:30:00",4653,29.14,12.76,12.75,-0.195,0.101,0,0,0,0
"2026-08-04 00:45:00",4654,29.09,12.76,12.74,-0.194,0.1,0,0,0,0
"2026-08-04 01:00:00",4655,29.04,12.76,12.74,-0.192,0.101,0,0,0,0
"2026-08-04 01:15:00",4656,28.99,12.74,12.7,-0.219,0.099,0,0,0,0
"2026-08-04 01:30:00",4657,28.98,12.72,12.67,-0.223,0.12,0,0,0,0
"2026-08-04 01:45:00",4658,28.93,12.74,12.73,-0.165,0.101,0,0,0,0
"2026-08-04 02:00:00",4659,28.89,12.68,12.58,-0.439,0.168,0,0,0,0
"2026-08-04 02:15:00",4660,28.85,12.66,12.59,-0.415,0.127,0,0,0,0
"2026-08-04 02:30:00",4661,28.84,12.69,12.66,-0.322,0.122,0,0,0,0
"2026-08-04 02:45:00",4662,28.8,12.71,12.71,-0.182,0.094,0,0,0,0
"2026-08-04 03:00:00",4663,28.77,12.71,12.69,-0.187,0.091,0,0,0,0
"2026-08-04 03:15:00",4664,28.73,12.71,12.69,-0.207,0.1,0,0,0,0
"2026-08-04 03:30:00",4665,28.72,12.7,12.67,-0.176,0.096,0,0,0,0
"2026-08-04 03:45:00",4666,28.68,12.61,12.56,-0.418,0.135,0,0,0,0
"2026-08-04 04:00:00",4667,28.63,12.7,12.66,-0.204,0.099,0,0,0,0
"2026-08-04 04:15:00",4668,28.57,12.68,12.66,-0.176,0.091,0,0,0,0
"2026-08-04 04:30:00",4669,28.53,12.59,12.52,-0.472,0.136,0,0,0,0
"2026-08-04 04:45:00",4670,28.45,12.68,12.67,-0.185,0.093,0,0,0,0
"2026-08-04 05:00:00",4671,28.37,12.61,12.55,-0.445,0.146,0,0,0,0
"2026-08-04 05:15:00",4672,28.31,12.59,12.55,-0.41,0.145,0,0,0,0
"2026-08-04 05:30:00",4673,28.26,12.56,12.47,-0.471,0.264,0,0,0,0
"2026-08-04 05:45:00",4674,28.19,12.67,12.66,-0.187,0.099,0,0,0,0
"2026-08-04 06:00:00",4675,28.12,12.67,12.65,-0.091,0.094,0,0,0,0
"2026-08-04 06:15:00",4676,28.06,12.66,12.65,1.174,0.092,0,0,0,0
"2026-08-04 06:30:00",4677,28.02,12.59,12.64,9.14,0.097,0,0,0,0
"2026-08-04 06:45:00",4678,27.95,12.65,12.65,12.58,0.093,0,0,0,0
"2026-08-04 07:00:00",4679,27.87,12.63,12.52,12.32,0.149,0,0,0,0
"2026-08-04 07:15:00",4680,27.8,12.84,12.81,12.76,0.092,0,0,0,0
"2026-08-04 07:30:00",4681,27.79,13.16,13.14,13.1,0.092,0,0,0,0
"2026-08-04 07:45:00",4682,27.78,13.15,13.13,13.07,0.09,0,0,0,0
"2026-08-04 08:00:00",4683,27.78,13.52,13.49,13.47,0.095,0,0,0,0
"2026-08-04 08:15:00",4684,27.86,13.64,13.68,13.56,0.1,0,0,0,0
"2026-08-04 08:30:00",4685,28.02,13.53,13.41,13.27,0.131,0,0,0,0
"2026-08-04 08:45:00",4686,28.14,13.53,13.5,13.47,0.089,0,0,0,0
"2026-08-04 09:00:00",4687,28.27,13.66,13.61,13.57,0.095,0,0,0,0
"2026-08-04 09:15:00",4688,28.43,13.53,13.43,13.37,0.152,0,0,0,0
"2026-08-04 09:30:00",4689,28.58,13.64,13.63,13.59,0.097,0,0,0,0
"2026-08-04 09:45:00",4690,28.73,13.87,13.74,23.84,0.103,0,0,0,0
"2026-08-04 10:00:00",4691,29.01,13.82,13.82,23.52,0.108,0,0,0,0
"2026-08-04 10:15:00",4692,29.38,13.85,13.7,23.42,0.115,0,0,0,0
"2026-08-04 10:30:00",4693,29.82,13.83,13.72,23.35,0.125,0,0,0,0
"2026-08-04 10:45:00",4694,30.25,13.63,13.5,13.44,0.189,0,0,0,0
"2026-08-04 11:00:00",4695,30.67,13.82,13.67,23.23,0.128,0,0,0,0
"2026-08-04 11:15:00",4696,31,13.79,13.67,23.32,0.117,0,0,0,0
"2026-08-04 11:30:00",4697,31.25,13.68,13.64,13.68,0.117,0,0,0,0
"2026-08-04 11:45:00",4698,31.36,13.68,13.65,13.67,0.117,0,0,0,0
"2026-08-04 12:00:00",4699,31.45,13.74,13.67,23.41,0.134,0,0,0,0
"2026-08-04 12:15:00",4700,31.49,13.35,13.31,23.4,0.127,0,0,0,0
"2026-08-04 12:30:00",4701,31.51,13.21,13.12,23.31,0.16,0,0,0,0
"2026-08-04 12:45:00",4702,31.46,13.28,13.3,23.55,0.117,0,0,0,0
"2026-08-04 13:00:00",4703,31.41,13.28,13.25,13.4,0.119,0,0,0,0
"2026-08-04 13:15:00",4704,31.36,13.28,13.07,23.21,0.16,0,0,0,0
"2026-08-04 13:30:00",4705,31.35,13.28,13.25,13.41,0.115,0,0,0,0
"2026-08-04 13:45:00",4706,31.32,13.29,13.11,23.28,0.151,0,0,0,0
"2026-08-04 14:00:00",4707,31.27,13.35,13.25,23.52,0.121,0,0,0,0
"2026-08-04 14:15:00",4708,31.18,13.31,13.29,22.9,0.116,0,0,0,0
"2026-08-04 14:30:00",4709,31.09,13.31,13.26,13.28,0.126,0,0,0,0
"2026-08-04 14:45:00",4710,31.01,13.3,13.26,13.28,0.121,0,0,0,0
"2026-08-04 15:00:00",4711,30.91,13.31,13.13,22.53,0.179,0,0,0,0
"2026-08-04 15:15:00",4712,30.73,13.25,13.15,12.94,0.163,0,0,0,0
"2026-08-04 15:30:00",4713,30.53,13.32,13.25,13.21,0.124,0,0,0,0
"2026-08-04 15:45:00",4714,30.31,13.35,13.29,13.23,0.117,0,0,0,0
"2026-08-04 16:00:00",4715,30.11,13.35,13.3,22.5,0.125,0,0,0,0
"2026-08-04 16:15:00",4716,29.96,13.34,13.32,13.26,0.121,0,0,0,0
"2026-08-04 16:30:00",4717,29.88,13.36,13.29,23.85,0.118,0,0,0,0
"2026-08-04 16:45:00",4718,29.93,13.37,13.32,23.71,0.107,0,0,0,0
"2026-08-04 17:00:00",4719,30.18,13.31,13.29,23.52,0.106,0,0,0,0
"2026-08-04 17:15:00",4720,30.48,13.26,13.22,23.38,0.138,0,0,0,0
"2026-08-04 17:30:00",4721,30.81,13.3,13.29,23.22,0.093,0,0,0,0
"2026-08-04 17:45:00",4722,31.06,13.35,13.29,23.46,0.138,0,0,0,0
"2026-08-04 18:00:00",4723,31.32,13.3,13.37,23.43,0.097,0,0,0,0
"2026-08-04 18:15:00",4724,31.63,13.28,13.23,23.15,0.093,0,0,0,0
"2026-08-04 18:30:00",4725,31.91,13.28,13.23,23.25,0.09,0,0,0,0
"2026-08-04 18:45:00",4726,32.16,13.28,13.25,23.29,0.091,0,0,0,0
"2026-08-04 19:00:00",4727,32.37,13.24,13.2,23.34,0.096,0,0,0,0
"2026-08-04 19:15:00",4728,32.52,13.24,13.22,23.16,0.091,0,0,0,0
"2026-08-04 19:30:00",4729,32.68,13.24,13.23,16.84,0.096,0,0,0,0
"2026-08-04 19:45:00",4730,32.81,13.24,13.23,23.39,0.099,0,0,0,0
"2026-08-04 20:00:00",4731,32.86,13.32,13.23,23.34,0.112,0,0,0,0
"2026-08-04 20:15:00",4732,32.8,13.18,13.22,23.01,0.094,0,0,0,0
"2026-08-04 20:30:00",4733,32.72,13.27,13.22,22.77,0.098,0,0,0,0
"2026-08-04 20:45:00",4734,32.52,13.27,13.24,13.22,0.089,0,0,0,0
"2026-08-04 21:00:00",4735,32.22,13.11,13.1,13.04,0.092,0,0,0,0
"2026-08-04 21:15:00",4736,31.87,12.97,12.96,12.89,0.098,0,0,0,0
"2026-08-04 21:30:00",4737,31.52,12.86,12.86,6.992,0.092,0,0,0,0
"2026-08-04 21:45:00",4738,31.17,12.75,12.69,0.039,0.136,0,0,0,0
"2026-08-04 22:00:00",4739,30.85,12.81,12.8,-0.153,0.091,0,0,0,0
"2026-08-04 22:15:00",4740,30.57,12.8,12.79,-0.207,0.092,0,0,0,0
"2026-08-04 22:30:00",4741,30.34,12.78,12.79,-0.19,0.095,0,0,0,0
"2026-08-04 22:45:00",4742,30.09,12.79,12.79,-0.2,0.099,0,0,0,0
"2026-08-04 23:00:00",4743,29.87,12.78,12.79,-0.199,0.099,0,0,0,0
"2026-08-04 23:15:00",4744,29.68,12.69,12.61,-0.509,0.152,0,0,0,0
"2026-08-04 23:30:00",4745,29.55,12.71,12.65,-0.431,0.134,0,0,0,0
"2026-08-04 23:45:00",4746,29.42,12.75,12.77,-0.257,0.091,0,0,0,0
"2026-08-05 00:00:00",4747,29.31,12.78,12.77,-0.223,0.094,0,0,0,0
"2026-08-05 00:15:00",4748,29.28,12.78,12.76,-0.213,0.101,0,0,0,0
"2026-08-05 00:30:00",4749,29.24,12.78,12.76,-0.205,0.102,0,0,0,0
"2026-08-05 00:45:00",4750,29.17,12.78,12.76,-0.202,0.101,0,0,0,0
"2026-08-05 01:00:00",4751,29.1,12.77,12.73,-0.216,0.103,0,0,0,0
"2026-08-05 01:15:00",4752,29.04,12.71,12.7,-0.302,0.122,0,0,0,0
"2026-08-05 01:30:00",4753,29,12.76,12.73,-0.185,0.092,0,0,0,0
"2026-08-05 01:45:00",4754,28.94,12.69,12.67,-0.366,0.134,0,0,0,0
"2026-08-05 02:00:00",4755,28.86,12.74,12.74,-0.217,0.106,0,0,0,0
"2026-08-05 02:15:00",4756,28.81,12.75,12.73,-0.183,0.104,0,0,0,0
"2026-08-05 02:30:00",4757,28.78,12.72,12.73,-0.301,0.102,0,0,0,0
"2026-08-05 02:45:00",4758,28.72,12.74,12.73,-0.197,0.101,0,0,0,0
"2026-08-05 03:00:00",4759,28.65,12.66,12.6,-0.369,0.156,0,0,0,0
"2026-08-05 03:15:00",4760,28.58,12.69,12.62,-0.34,0.144,0,0,0,0
"2026-08-05 03:30:00",4761,28.55,12.72,12.7,-0.2,0.095,0,0,0,0
"2026-08-05 03:45:00",4762,28.49,12.73,12.7,-0.207,0.128,0,0,0,0
"2026-08-05 04:00:00",4763,28.45,12.67,12.63,-0.317,0.121,0,0,0,0
"2026-08-05 04:15:00",4764,28.38,12.69,12.68,-0.191,0.095,0,0,0,0
"2026-08-05 04:30:00",4765,28.32,12.71,12.69,-0.198,0.092,0,0,0,0
"2026-08-05 04:45:00",4766,28.26,12.63,12.64,-0.23,0.13,0,0,0,0
"2026-08-05 05:00:00",4767,28.2,12.7,12.69,-0.196,0.095,0,0,0,0
"2026-08-05 05:15:00",4768,28.15,12.62,12.55,-0.409,0.152,0,0,0,0
"2026-08-05 05:30:00",4769,28.13,12.69,12.67,-0.224,0.095,0,0,0,0
"2026-08-05 05:45:00",4770,28.08,12.59,12.56,-0.426,0.141,0,0,0,0
"2026-08-05 06:00:00",4771,28.02,12.68,12.66,-0.09,0.093,0,0,0,0
"2026-08-05 06:15:00",4772,27.97,12.61,12.45,0.662,0.163,0,0,0,0
"2026-08-05 06:30:00",4773,27.96,12.64,12.63,10.1,0.11,0,0,0,0
"2026-08-05 06:45:00",4774,27.93,12.66,12.66,12.59,0.093,0,0,0,0
"2026-08-05 07:00:00",4775,27.9,12.69,12.68,12.62,0.091,0,0,0,0
"2026-08-05 07:15:00",4776,27.87,12.84,12.83,12.78,0.09,0,0,0,0
"2026-08-05 07:30:00",4777,27.9,13.24,13.21,13.17,0.096,0,0,0,0
"2026-08-05 07:45:00",4778,27.95,13.64,13.62,13.6,0.09,0,0,0,0
"2026-08-05 08:00:00",4779,28.06,13.82,13.8,13.77,0.094,0,0,0,0
"2026-08-05 08:15:00",4780,28.2,13.83,13.69,13.69,0.151,0,0,0,0
"2026-08-05 08:30:00",4781,28.42,13.77,13.71,13.63,0.112,0,0,0,0
"2026-08-05 08:45:00",4782,28.63,13.88,13.75,13.86,0.089,0,0,0,0
"2026-08-05 09:00:00",4783,28.9,13.85,13.82,23.74,0.093,0,0,0,0
"2026-08-05 09:15:00",4784,29.23,13.82,13.83,23.67,0.112,0,0,0,0
"2026-08-05 09:30:00",4785,29.6,13.67,13.55,13.6,0.145,0,0,0,0
"2026-08-05 09:45:00",4786,30,13.83,13.69,23.43,0.093,0,0,0,0
"2026-08-05 10:00:00",4787,30.46,13.73,13.78,23.18,0.096,0,0,0,0
"2026-08-05 10:15:00",4788,30.98,13.7,13.68,13.76,0.096,0,0,0,0
"2026-08-05 10:30:00",4789,31.5,13.75,13.51,23.08,0.156,0,0,0,0
"2026-08-05 10:45:00",4790,31.97,13.67,13.64,13.73,0.091,0,0,0,0
"2026-08-05 11:00:00",4791,32.41,13.32,13.28,22.91,0.091,0,0,0,0
"2026-08-05 11:15:00",4792,32.8,13.26,13.21,22.64,0.102,0,0,0,0
"2026-08-05 11:30:00",4793,33.16,13.25,13.22,22.96,0.128,0,0,0,0
"2026-08-05 11:45:00",4794,33.42,13.33,13.21,22.87,0.125,0,0,0,0
"2026-08-05 12:00:00",4795,33.57,13.22,13.17,22.85,0.13,0,0,0,0
"2026-08-05 12:15:00",4796,33.68,13.22,13.25,22.88,0.127,0,0,0,0
"2026-08-05 12:30:00",4797,33.75,13.12,13.05,22.76,0.181,0,0,0,0
"2026-08-05 12:45:00",4798,33.74,13.21,13.18,22.94,0.118,0,0,0,0
"2026-08-05 13:00:00",4799,33.67,13.21,13.19,23.02,0.127,0,0,0,0
"2026-08-05 13:15:00",4800,33.56,13.13,13.06,15.77,0.165,0,0,0,0
"2026-08-05 13:30:00",4801,33.46,13.21,13.17,23.05,0.118,0,0,0,0
"2026-08-05 13:45:00",4802,33.32,13.2,13.15,13.08,0.137,0,0,0,0
"2026-08-05 14:00:00",4803,33.15,13.24,13.28,23.24,0.117,0,0,0,0
"2026-08-05 14:15:00",4804,32.97,13.23,13.25,23.35,0.119,0,0,0,0
"2026-08-05 14:30:00",4805,32.85,13.25,13.24,23.34,0.125,0,0,0,0
"2026-08-05 14:45:00",4806,32.71,13.27,13.22,23.42,0.121,0,0,0,0
"2026-08-05 15:00:00",4807,32.57,13.25,13.23,23.33,0.125,0,0,0,0
"2026-08-05 15:15:00",4808,32.45,13.19,13.08,13.02,0.189,0,0,0,0
"2026-08-05 15:30:00",4809,32.33,13.19,13.09,15.13,0.17,0,0,0,0
"2026-08-05 15:45:00",4810,32.05,13.25,13.21,23.62,0.13,0,0,0,0
"2026-08-05 16:00:00",4811,31.9,13.25,13.22,23.62,0.124,0,0,0,0
"2026-08-05 16:15:00",4812,31.8,13.19,13.09,23.57,0.173,0,0,0,0
"2026-08-05 16:30:00",4813,31.71,13.28,13.24,23.74,0.127,0,0,0,0
"2026-08-05 16:45:00",4814,31.63,13.28,13.24,13.31,0.116,0,0,0,0
"2026-08-05 17:00:00",4815,31.5,13.3,13.26,23.84,0.103,0,0,0,0
"2026-08-05 17:15:00",4816,31.41,13.3,13.29,23.81,0.106,0,0,0,0
"2026-08-05 17:30:00",4817,31.37,13.36,13.29,23.74,0.083,0,0,0,0
"2026-08-05 17:45:00",4818,31.32,13.3,13.29,23.85,0.091,0,0,0,0
"2026-08-05 18:00:00",4819,31.29,13.35,13.29,23.87,0.089,0,0,0,0
"2026-08-05 18:15:00",4820,31.25,13.25,13.27,13.25,0.099,0,0,0,0
"2026-08-05 18:30:00",4821,31.25,13.29,13.28,23.77,0.09,0,0,0,0
"2026-08-05 18:45:00",4822,31.24,13.29,13.29,13.42,0.097,0,0,0,0
"2026-08-05 19:00:00",4823,31.21,13.26,13.24,13.62,0.124,0,0,0,0
"2026-08-05 19:15:00",4824,31.19,13.3,13.28,23.63,0.091,0,0,0,0
"2026-08-05 19:30:00",4825,31.19,13.31,13.37,23.58,0.091,0,0,0,0
"2026-08-05 19:45:00",4826,31.17,13.38,13.28,23.49,0.094,0,0,0,0
"2026-08-05 20:00:00",4827,31.13,13.32,13.27,23.3,0.112,0,0,0,0
"2026-08-05 20:15:00",4828,31.08,13.32,13.31,13.31,0.09,0,0,0,0
"2026-08-05 20:30:00",4829,31.03,13.34,13.33,13.27,0.098,0,0,0,0
"2026-08-05 20:45:00",4830,30.91,13.26,13.25,13.19,0.097,0,0,0,0
"2026-08-05 21:00:00",4831,30.76,13.02,12.93,12.73,0.131,0,0,0,0
"2026-08-05 21:15:00",4832,30.59,12.93,12.91,12.81,0.097,0,0,0,0
"2026-08-05 21:30:00",4833,30.46,12.83,12.84,4.636,0.095,0,0,0,0
"2026-08-05 21:45:00",4834,30.31,12.83,12.81,0.086,0.092,0,0,0,0
"2026-08-05 22:00:00",4835,30.16,12.74,12.67,-0.362,0.157,0,0,0,0
"2026-08-05 22:15:00",4836,30.02,12.81,12.79,-0.237,0.099,0,0,0,0
"2026-08-05 22:30:00",4837,29.91,12.74,12.62,-0.452,0.14,0,0,0,0
"2026-08-05 22:45:00",4838,29.8,12.8,12.78,-0.207,0.091,0,0,0,0
"2026-08-05 23:00:00",4839,29.7,12.71,12.61,-0.457,0.125,0,0,0,0
"2026-08-05 23:15:00",4840,29.61,12.78,12.76,-0.201,0.095,0,0,0,0
"2026-08-05 23:30:00",4841,29.55,12.76,12.76,-0.251,0.093,0,0,0,0
"2026-08-05 23:45:00",4842,29.46,12.78,12.74,-0.218,0.094,0,0,0,0
"2026-08-06 00:00:00",4843,29.38,12.78,12.76,-0.19,0.092,0,0,0,0
"2026-08-06 00:15:00",4844,29.34,12.76,12.75,-0.196,0.093,0,0,0,0
"2026-08-06 00:30:00",4845,29.31,12.68,12.65,-0.378,0.16,0,0,0,0
"2026-08-06 00:45:00",4846,29.23,12.73,12.61,-0.383,0.154,0,0,0,0
"2026-08-06 01:00:00",4847,29.16,12.69,12.6,-0.473,0.153,0,0,0,0
"2026-08-06 01:15:00",4848,29.1,12.73,12.7,-0.265,0.119,0,0,0,0
"2026-08-06 01:30:00",4849,29.08,12.75,12.7,-0.195,0.091,0,0,0,0
"2026-08-06 01:45:00",4850,29.04,12.75,12.73,-0.261,0.093,0,0,0,0
"2026-08-06 02:00:00",4851,29.01,12.74,12.73,-0.192,0.099,0,0,0,0
"2026-08-06 02:15:00",4852,28.98,12.69,12.64,-0.33,0.139,0,0,0,0
"2026-08-06 02:30:00",4853,28.98,12.73,12.67,-0.233,0.1,0,0,0,0
"2026-08-06 02:45:00",4854,28.95,12.73,12.72,-0.194,0.096,0,0,0,0
"2026-08-06 03:00:00",4855,28.92,12.73,12.7,-0.198,0.091,0,0,0,0
"2026-08-06 03:15:00",4856,28.88,12.73,12.71,-0.193,0.094,0,0,0,0
"2026-08-06 03:30:00",4857,28.85,12.71,12.69,-0.193,0.103,0,0,0,0
"2026-08-06 03:45:00",4858,28.79,12.72,12.7,-0.257,0.11,0,0,0,0
"2026-08-06 04:00:00",4859,28.73,12.69,12.66,-0.261,0.118,0,0,0,0
"2026-08-06 04:15:00",4860,28.68,12.56,12.57,-0.691,0.141,0,0,0,0
"2026-08-06 04:30:00",4861,28.66,12.7,12.63,-0.244,0.103,0,0,0,0
"2026-08-06 04:45:00",4862,28.6,12.61,12.57,-0.385,0.149,0,0,0,0
"2026-08-06 05:00:00",4863,28.55,12.62,12.54,-0.374,0.153,0,0,0,0
"2026-08-06 05:15:00",4864,28.49,12.69,12.67,-0.199,0.095,0,0,0,0
"2026-08-06 05:30:00",4865,28.46,12.62,12.5,-0.44,0.142,0,0,0,0
"2026-08-06 05:45:00",4866,28.42,12.68,12.64,-0.186,0.092,0,0,0,0
"2026-08-06 06:00:00",4867,28.37,12.59,12.54,-0.287,0.15,0,0,0,0
"2026-08-06 06:15:00",4868,28.32,12.6,12.52,0.649,0.153,0,0,0,0
"2026-08-06 06:30:00",4869,28.3,12.61,12.51,9.49,0.159,0,0,0,0
"2026-08-06 06:45:00",4870,28.25,12.65,12.59,12.38,0.134,0,0,0,0
"2026-08-06 07:00:00",4871,28.19,12.69,12.67,12.55,0.091,0,0,0,0
"2026-08-06 07:15:00",4872,28.13,12.72,12.71,12.6,0.092,0,0,0,0
"2026-08-06 07:30:00",4873,28.14,13.19,13.17,13.13,0.091,0,0,0,0
"2026-08-06 07:45:00",4874,28.24,13.67,13.65,13.6,0.091,0,0,0,0
"2026-08-06 08:00:00",4875,28.41,13.53,13.51,13.47,0.09,0,0,0,0
"2026-08-06 08:15:00",4876,28.6,13.56,13.55,13.5,0.089,0,0,0,0
"2026-08-06 08:30:00",4877,28.8,13.73,13.7,13.64,0.118,0,0,0,0
"2026-08-06 08:45:00",4878,28.96,13.84,13.82,13.81,0.088,0,0,0,0
"2026-08-06 09:00:00",4879,29.21,13.76,13.56,13.48,0.148,0,0,0,0
"2026-08-06 09:15:00",4880,29.53,13.8,13.77,23.48,0.09,0,0,0,0
"2026-08-06 09:30:00",4881,29.91,13.64,13.56,13.53,0.147,0,0,0,0
"2026-08-06 09:45:00",4882,30.26,13.83,13.71,23.33,0.095,0,0,0,0
"2026-08-06 10:00:00",4883,30.66,13.63,13.55,13.6,0.143,0,0,0,0
"2026-08-06 10:15:00",4884,31.05,13.68,13.77,23.28,0.093,0,0,0,0
"2026-08-06 10:30:00",4885,31.47,13.67,13.64,13.73,0.088,0,0,0,0
"2026-08-06 10:45:00",4886,31.86,13.78,13.65,23.21,0.089,0,0,0,0
"2026-08-06 11:00:00",4887,32.23,13.78,13.65,23.34,0.091,0,0,0,0
"2026-08-06 11:15:00",4888,32.51,13.78,13.65,23.12,0.097,0,0,0,0
"2026-08-06 11:30:00",4889,32.81,13.23,13.1,22.68,0.166,0,0,0,0
"2026-08-06 11:45:00",4890,33.11,13.22,13.17,22.99,0.119,0,0,0,0
"2026-08-06 12:00:00",4891,33.41,13.28,13.16,23.16,0.099,0,0,0,0
"2026-08-06 12:15:00",4892,33.66,13.15,13.04,22.89,0.167,0,0,0,0
"2026-08-06 12:30:00",4893,33.85,13.22,13.26,23.16,0.128,0,0,0,0
"2026-08-06 12:45:00",4894,33.88,13.22,13.2,23.24,0.128,0,0,0,0
"2026-08-06 13:00:00",4895,33.85,13.21,13.17,23.19,0.12,0,0,0,0
"2026-08-06 13:15:00",4896,33.83,13.21,13.22,23.3,0.124,0,0,0,0
"2026-08-06 13:30:00",4897,33.83,13.13,13.14,23.2,0.124,0,0,0,0
"2026-08-06 13:45:00",4898,33.81,13.19,13.14,23.21,0.134,0,0,0,0
"2026-08-06 14:00:00",4899,33.71,13.28,13.17,23.25,0.128,0,0,0,0
"2026-08-06 14:15:00",4900,33.53,13.28,13.18,23.3,0.129,0,0,0,0
"2026-08-06 14:30:00",4901,33.31,13.22,13.18,23.43,0.124,0,0,0,0
"2026-08-06 14:45:00",4902,33.04,13.19,13.05,13.01,0.163,0,0,0,0
"2026-08-06 15:00:00",4903,32.78,13.26,13.19,23.51,0.122,0,0,0,0
"2026-08-06 15:15:00",4904,32.53,13.18,13.18,13.17,0.123,0,0,0,0
"2026-08-06 15:30:00",4905,32.36,13.25,13.32,23.65,0.119,0,0,0,0
"2026-08-06 15:45:00",4906,32.21,13.26,13.22,23.62,0.125,0,0,0,0
"2026-08-06 16:00:00",4907,32.07,13.28,13.24,13.27,0.129,0,0,0,0
"2026-08-06 16:15:00",4908,31.84,13.28,13.24,23.65,0.127,0,0,0,0
"2026-08-06 16:30:00",4909,31.73,13.28,13.25,23.65,0.138,0,0,0,0
"2026-08-06 16:45:00",4910,31.63,13.28,13.24,23.65,0.121,0,0,0,0
"2026-08-06 17:00:00",4911,31.53,13.21,13.1,13.1,0.166,0,0,0,0
"2026-08-06 17:15:00",4912,31.43,13.37,13.24,23.6,0.122,0,0,0,0
"2026-08-06 17:30:00",4913,31.38,13.24,13.12,13.03,0.161,0,0,0,0
"2026-08-06 17:45:00",4914,31.24,13.27,13.23,13.07,0.148,0,0,0,0
"2026-08-06 18:00:00",4915,31.04,13.31,13.3,13.24,0.094,0,0,0,0
"2026-08-06 18:15:00",4916,30.84,13.18,13.16,13.11,0.093,0,0,0,0
"2026-08-06 18:30:00",4917,30.7,13.06,13.04,12.98,0.098,0,0,0,0
"2026-08-06 18:45:00",4918,30.54,12.93,12.81,12.84,0.142,0,0,0,0
"2026-08-06 19:00:00",4919,30.26,12.86,12.83,12.77,0.093,0,0,0,0
"2026-08-06 19:15:00",4920,29.87,12.84,12.82,12.73,0.094,0,0,0,0
"2026-08-06 19:30:00",4921,29.45,12.82,12.81,12.73,0.092,0,0,0,0
"2026-08-06 19:45:00",4922,28.85,12.82,12.8,12.73,0.095,0,0,0,0
"2026-08-06 20:00:00",4923,28.4,12.78,12.74,12.56,0.167,0,0,0,0
"2026-08-06 20:15:00",4924,28.12,12.82,12.8,12.75,0.103,0,0,0,0
"2026-08-06 20:30:00",4925,27.93,12.85,12.83,12.76,0.094,0,0,0,0
"2026-08-06 20:45:00",4926,27.72,13,12.98,12.93,0.098,0,0,0,0
"2026-08-06 21:00:00",4927,27.56,12.84,12.72,12.62,0.15,0,0,0,0
"2026-08-06 21:15:00",4928,27.44,12.7,12.62,12.41,0.151,0,0,0,0
"2026-08-06 21:30:00",4929,27.39,12.78,12.74,1.846,0.095,0,0,0,0
"2026-08-06 21:45:00",4930,27.36,12.78,12.75,-0.076,0.094,0,0,0,0
"2026-08-06 22:00:00",4931,27.35,12.78,12.76,-0.251,0.096,0,0,0,0
"2026-08-06 22:15:00",4932,27.33,12.77,12.76,-0.216,0.096,0,0,0,0
"2026-08-06 22:30:00",4933,27.31,12.77,12.74,-0.182,0.093,0,0,0,0
"2026-08-06 22:45:00",4934,27.28,12.69,12.59,-0.465,0.141,0,0,0,0
"2026-08-06 23:00:00",4935,27.27,12.72,12.65,-0.327,0.144,0,0,0,0
"2026-08-06 23:15:00",4936,27.26,12.74,12.65,-0.237,0.15,0,0,0,0
"2026-08-06 23:30:00",4937,27.3,12.68,12.58,-0.376,0.147,0,0,0,0
"2026-08-06 23:45:00",4938,27.32,12.75,12.73,-0.211,0.102,0,0,0,0
"2026-08-07 00:00:00",4939,27.35,12.72,12.71,-0.193,0.102,0,0,0,0
"2026-08-07 00:15:00",4940,27.41,12.74,12.71,-0.215,0.093,0,0,0,0
"2026-08-07 00:30:00",4941,27.45,12.73,12.72,-0.198,0.094,0,0,0,0
"2026-08-07 00:45:00",4942,27.43,12.66,12.54,-0.379,0.145,0,0,0,0
"2026-08-07 01:00:00",4943,27.41,12.72,12.7,-0.192,0.094,0,0,0,0
"2026-08-07 01:15:00",4944,27.39,12.65,12.58,-0.418,0.135,0,0,0,0
"2026-08-07 01:30:00",4945,27.38,12.71,12.7,-0.246,0.095,0,0,0,0
"2026-08-07 01:45:00",4946,27.34,12.71,12.68,-0.221,0.094,0,0,0,0
"2026-08-07 02:00:00",4947,27.28,12.7,12.68,-0.241,0.095,0,0,0,0
"2026-08-07 02:15:00",4948,27.24,12.63,12.57,-0.434,0.12,0,0,0,0
"2026-08-07 02:30:00",4949,27.23,12.66,12.66,-0.202,0.095,0,0,0,0
"2026-08-07 02:45:00",4950,27.19,12.62,12.6,-0.322,0.15,0,0,0,0
"2026-08-07 03:00:00",4951,27.13,12.64,12.58,-0.308,0.133,0,0,0,0
"2026-08-07 03:15:00",4952,27.06,12.62,12.5,-0.478,0.15,0,0,0,0
"2026-08-07 03:30:00",4953,27.03,12.64,12.55,-0.481,0.127,0,0,0,0
"2026-08-07 03:45:00",4954,26.98,12.62,12.56,-0.401,0.139,0,0,0,0
"2026-08-07 04:00:00",4955,26.9,12.57,12.53,-0.643,0.206,0,0,0,0
"2026-08-07 04:15:00",4956,26.83,12.63,12.58,-0.277,0.118,0,0,0,0
"2026-08-07 04:30:00",4957,26.79,12.66,12.62,-0.203,0.097,0,0,0,0
"2026-08-07 04:45:00",4958,26.73,12.66,12.63,-0.198,0.096,0,0,0,0
"2026-08-07 05:00:00",4959,26.67,12.57,12.62,-0.292,0.103,0,0,0,0
"2026-08-07 05:15:00",4960,26.6,12.6,12.56,-0.307,0.121,0,0,0,0
"2026-08-07 05:30:00",4961,26.56,12.59,12.49,-0.403,0.152,0,0,0,0
"2026-08-07 05:45:00",4962,26.51,12.58,12.5,-0.437,0.145,0,0,0,0
"2026-08-07 06:00:00",4963,26.45,12.57,12.6,-0.252,0.098,0,0,0,0
"2026-08-07 06:15:00",4964,26.39,12.66,12.64,0.573,0.096,0,0,0,0
"2026-08-07 06:30:00",4965,26.37,12.63,12.6,8.07,0.108,0,0,0,0
"2026-08-07 06:45:00",4966,26.33,12.65,12.63,12.57,0.099,0,0,0,0
"2026-08-07 07:00:00",4967,26.31,12.6,12.52,12.37,0.146,0,0,0,0
"2026-08-07 07:15:00",4968,26.29,12.66,12.53,11.82,0.153,0,0,0,0
"2026-08-07 07:30:00",4969,26.33,12.8,12.75,12.68,0.095,0,0,0,0
"2026-08-07 07:45:00",4970,26.36,13.05,13.03,12.98,0.094,0,0,0,0
"2026-08-07 08:00:00",4971,26.4,13.19,13.11,13.03,0.127,0,0,0,0
"2026-08-07 08:15:00",4972,26.43,13.34,13.32,13.25,0.091,0,0,0,0
"2026-08-07 08:30:00",4973,26.55,13.86,13.83,13.8,0.099,0,0,0,0
"2026-08-07 08:45:00",4974,26.74,13.88,13.86,13.85,0.094,0,0,0,0
"2026-08-07 09:00:00",4975,27,13.9,13.77,13.86,0.091,0,0,0,0
"2026-08-07 09:15:00",4976,27.33,13.85,13.75,23.54,0.115,0,0,0,0
"2026-08-07 09:30:00",4977,27.76,13.78,13.72,13.8,0.108,0,0,0,0
"2026-08-07 09:45:00",4978,28.25,13.79,13.86,23.39,0.105,0,0,0,0
"2026-08-07 10:00:00",4979,28.86,13.8,13.82,23.35,0.138,0,0,0,0
"2026-08-07 10:15:00",4980,29.49,13.76,13.74,13.81,0.094,0,0,0,0
"2026-08-07 10:30:00",4981,30.21,13.68,13.58,13.49,0.139,0,0,0,0
"2026-08-07 10:45:00",4982,30.86,13.67,13.63,22.24,0.134,0,0,0,0
"2026-08-07 11:00:00",4983,31.41,13.7,13.68,13.75,0.09,0,0,0,0
"2026-08-07 11:15:00",4984,31.79,13.77,13.65,23.09,0.097,0,0,0,0
"2026-08-07 11:30:00",4985,32.03,13.33,13.32,23.08,0.109,0,0,0,0
"2026-08-07 11:45:00",4986,32.07,13.28,13.26,23.13,0.099,0,0,0,0
"2026-08-07 12:00:00",4987,32.04,13.27,13.25,21,0.096,0,0,0,0
"2026-08-07 12:15:00",4988,32,13.31,13.25,23.36,0.089,0,0,0,0
"2026-08-07 12:30:00",4989,31.98,13.27,13.25,23.19,0.154,0,0,0,0
"2026-08-07 12:45:00",4990,31.91,13.28,13.22,23.34,0.112,0,0,0,0
"2026-08-07 13:00:00",4991,31.83,13.28,13.32,23.45,0.122,0,0,0,0
"2026-08-07 13:15:00",4992,31.75,13.27,13.26,23.35,0.12,0,0,0,0
"2026-08-07 13:30:00",4993,31.72,13.3,13.22,23.43,0.154,0,0,0,0
"2026-08-07 13:45:00",4994,31.68,13.27,13.32,23.49,0.121,0,0,0,0
"2026-08-07 14:00:00",4995,31.67,13.29,13.25,13.27,0.124,0,0,0,0
"2026-08-07 14:15:00",4996,31.7,13.28,13.32,23.44,0.124,0,0,0,0
"2026-08-07 14:30:00",4997,31.78,13.25,13.22,23.28,0.163,0,0,0,0
"2026-08-07 14:45:00",4998,31.84,13.31,13.25,23.48,0.162,0,0,0,0
"2026-08-07 15:00:00",4999,31.89,13.27,13.25,23.46,0.128,0,0,0,0
"2026-08-07 15:15:00",5000,31.88,13.28,13.25,13.26,0.133,0,0,0,0
"2026-08-07 15:30:00",5001,31.88,13.18,13.07,23.34,0.167,0,0,0,0
"2026-08-07 15:45:00",5002,31.8,13.28,13.24,23.57,0.12,0,0,0,0
"2026-08-07 16:00:00",5003,31.54,13.28,13.24,23.6,0.122,0,0,0,0
"2026-08-07 16:15:00",5004,31.42,13.28,13.24,19.96,0.128,0,0,0,0
"2026-08-07 16:30:00",5005,31.38,13.39,13.24,23.68,0.135,0,0,0,0
"2026-08-07 16:45:00",5006,31.31,13.26,13.12,23.47,0.172,0,0,0,0
"2026-08-07 17:00:00",5007,31.24,13.28,13.23,13.31,0.118,0,0,0,0
"2026-08-07 17:15:00",5008,31.19,13.24,13.21,22.73,0.122,0,0,0,0
"2026-08-07 17:30:00",5009,31.18,13.28,13.22,23.57,0.121,0,0,0,0
"2026-08-07 17:45:00",5010,31.15,13.4,13.22,23.71,0.128,0,0,0,0
"2026-08-07 18:00:00",5011,31.12,13.25,13.2,23.67,0.139,0,0,0,0
"2026-08-07 18:15:00",5012,31.07,13.28,13.24,23.65,0.121,0,0,0,0
"2026-08-07 18:30:00",5013,31.04,13.31,13.21,22.44,0.165,0,0,0,0
"2026-08-07 18:45:00",5014,30.99,13.22,13.16,23.44,0.173,0,0,0,0
"2026-08-07 19:00:00",5015,30.96,13.3,13.27,13.31,0.123,0,0,0,0
"2026-08-07 19:15:00",5016,30.94,13.3,13.32,22.8,0.12,0,0,0,0
"2026-08-07 19:30:00",5017,30.94,13.33,13.31,23.67,0.104,0,0,0,0
"2026-08-07 19:45:00",5018,30.91,13.42,13.31,23.58,0.104,0,0,0,0
"2026-08-07 20:00:00",5019,30.87,13.33,13.31,13.3,0.102,0,0,0,0
"2026-08-07 20:15:00",5020,30.82,13.34,13.33,13.26,0.103,0,0,0,0
"2026-08-07 20:30:00",5021,30.79,13.25,13.15,20.41,0.181,0,0,0,0
"2026-08-07 20:45:00",5022,30.74,13.3,13.29,13.23,0.11,0,0,0,0
"2026-08-07 21:00:00",5023,30.63,13.07,13.07,13,0.108,0,0,0,0
"2026-08-07 21:15:00",5024,30.47,12.94,12.92,12.85,0.108,0,0,0,0
"2026-08-07 21:30:00",5025,30.33,12.87,12.84,1.848,0.107,0,0,0,0
"2026-08-07 21:45:00",5026,30.17,12.75,12.72,-0.272,0.156,0,0,0,0
"2026-08-07 22:00:00",5027,30.01,12.83,12.81,-0.207,0.113,0,0,0,0
"2026-08-07 22:15:00",5028,29.88,12.77,12.68,-0.328,0.122,0,0,0,0
"2026-08-07 22:30:00",5029,29.78,12.75,12.64,-0.425,0.154,0,0,0,0
"2026-08-07 22:45:00",5030,29.67,12.81,12.79,-0.212,0.114,0,0,0,0
"2026-08-07 23:00:00",5031,29.57,12.8,12.78,-0.235,0.105,0,0,0,0
"2026-08-07 23:15:00",5032,29.49,12.78,12.73,-0.265,0.12,0,0,0,0
"2026-08-07 23:30:00",5033,29.44,12.7,12.67,-0.391,0.175,0,0,0,0
"2026-08-07 23:45:00",5034,29.37,12.71,12.64,-0.373,0.21,0,0,0,0
"2026-08-08 00:00:00",5035,29.31,12.78,12.76,-0.201,0.095,0,0,0,0
"2026-08-08 00:15:00",5036,29.31,12.78,12.75,-0.211,0.103,0,0,0,0
"2026-08-08 00:30:00",5037,29.29,12.77,12.74,-0.203,0.094,0,0,0,0
"2026-08-08 00:45:00",5038,29.22,12.77,12.75,-0.21,0.094,0,0,0,0
"2026-08-08 01:00:00",5039,29.16,12.73,12.6,-0.361,0.163,0,0,0,0
"2026-08-08 01:15:00",5040,29.07,12.72,12.63,-0.372,0.135,0,0,0,0
"2026-08-08 01:30:00",5041,29,12.73,12.62,-0.328,0.134,0,0,0,0
"2026-08-08 01:45:00",5042,28.95,12.67,12.61,-0.36,0.12,0,0,0,0
"2026-08-08 02:00:00",5043,28.9,12.67,12.61,-0.374,0.152,0,0,0,0
"2026-08-08 02:15:00",5044,28.84,12.65,12.56,-0.381,0.178,0,0,0,0
"2026-08-08 02:30:00",5045,28.8,12.74,12.73,-0.22,0.104,0,0,0,0
"2026-08-08 02:45:00",5046,28.72,12.74,12.73,-0.209,0.099,0,0,0,0
"2026-08-08 03:00:00",5047,28.64,12.74,12.72,-0.222,0.098,0,0,0,0
"2026-08-08 03:15:00",5048,28.57,12.73,12.71,-0.253,0.102,0,0,0,0
"2026-08-08 03:30:00",5049,28.53,12.72,12.7,-0.25,0.097,0,0,0,0
"2026-08-08 03:45:00",5050,28.46,12.72,12.7,-0.221,0.103,0,0,0,0
"2026-08-08 04:00:00",5051,28.41,12.65,12.55,-0.445,0.155,0,0,0,0
"2026-08-08 04:15:00",5052,28.37,12.7,12.66,-0.235,0.129,0,0,0,0
"2026-08-08 04:30:00",5053,28.36,12.71,12.69,-0.211,0.095,0,0,0,0
"2026-08-08 04:45:00",5054,28.34,12.67,12.65,-0.264,0.113,0,0,0,0
"2026-08-08 05:00:00",5055,28.31,12.68,12.69,-0.21,0.092,0,0,0,0
"2026-08-08 05:15:00",5056,28.27,12.69,12.68,-0.195,0.093,0,0,0,0
"2026-08-08 05:30:00",5057,28.22,12.69,12.67,-0.196,0.093,0,0,0,0
"2026-08-08 05:45:00",5058,28.12,12.61,12.56,-0.471,0.145,0,0,0,0
"2026-08-08 06:00:00",5059,28.03,12.68,12.66,-0.139,0.091,0,0,0,0
"2026-08-08 06:15:00",5060,27.95,12.62,12.52,0.381,0.155,0,0,0,0
"2026-08-08 06:30:00",5061,27.9,12.65,12.63,8.82,0.122,0,0,0,0
"2026-08-08 06:45:00",5062,27.85,12.67,12.64,13.07,0.102,0,0,0,0
"2026-08-08 07:00:00",5063,27.79,12.61,12.58,12.42,0.148,0,0,0,0
"2026-08-08 07:15:00",5064,27.73,12.8,12.72,12.62,0.15,0,0,0,0
"2026-08-08 07:30:00",5065,27.72,13.35,13.3,13.3,0.09,0,0,0,0
"2026-08-08 07:45:00",5066,27.77,13.59,13.46,13.34,0.126,0,0,0,0
"2026-08-08 08:00:00",5067,27.89,13.73,13.67,13.54,0.13,0,0,0,0
"2026-08-08 08:15:00",5068,28.06,13.78,13.66,13.54,0.101,0,0,0,0
"2026-08-08 08:30:00",5069,28.26,13.89,13.86,23.82,0.088,0,0,0,0
"2026-08-08 08:45:00",5070,28.44,13.88,13.73,14.72,0.144,0,0,0,0
"2026-08-08 09:00:00",5071,28.63,13.82,13.73,13.74,0.089,0,0,0,0
"2026-08-08 09:15:00",5072,28.87,13.7,13.76,23.23,0.133,0,0,0,0
"2026-08-08 09:30:00",5073,29.17,13.88,13.86,23.42,0.088,0,0,0,0
"2026-08-08 09:45:00",5074,29.48,13.83,13.83,23.32,0.09,0,0,0,0
"2026-08-08 10:00:00",5075,29.81,13.8,13.83,23.38,0.115,0,0,0,0
"2026-08-08 10:15:00",5076,30.09,13.72,13.8,23.21,0.089,0,0,0,0
"2026-08-08 10:30:00",5077,30.43,13.83,13.71,23.17,0.088,0,0,0,0
"2026-08-08 10:45:00",5078,30.76,13.72,13.7,23.01,0.096,0,0,0,0
"2026-08-08 11:00:00",5079,31.1,13.39,13.37,22.94,0.09,0,0,0,0
"2026-08-08 11:15:00",5080,31.43,13.3,13.3,22.94,0.092,0,0,0,0
"2026-08-08 11:30:00",5081,31.76,13.38,13.28,23.02,0.094,0,0,0,0
"2026-08-08 11:45:00",5082,32.03,13.19,13.13,22.69,0.152,0,0,0,0
"2026-08-08 12:00:00",5083,32.22,13.38,13.29,23.07,0.092,0,0,0,0
"2026-08-08 12:15:00",5084,32.26,13.2,13.13,20.78,0.114,0,0,0,0
"2026-08-08 12:30:00",5085,32.24,13.35,13.26,23.16,0.098,0,0,0,0
"2026-08-08 12:45:00",5086,32.19,13.28,13.26,23.24,0.097,0,0,0,0
"2026-08-08 13:00:00",5087,32.17,13.28,13.25,23.06,0.091,0,0,0,0
"2026-08-08 13:15:00",5088,32.25,13.34,13.26,23.04,0.096,0,0,0,0
"2026-08-08 13:30:00",5089,32.42,13.34,13.26,22.92,0.098,0,0,0,0
"2026-08-08 13:45:00",5090,32.56,13.26,13.24,23.06,0.091,0,0,0,0
"2026-08-08 14:00:00",5091,32.62,13.27,13.23,13.18,0.108,0,0,0,0
"2026-08-08 14:15:00",5092,32.65,13.25,13.29,23.11,0.113,0,0,0,0
"2026-08-08 14:30:00",5093,32.7,13.25,13.23,13.22,0.121,0,0,0,0
"2026-08-08 14:45:00",5094,32.73,13.25,13.23,23.08,0.123,0,0,0,0
"2026-08-08 15:00:00",5095,32.81,13.25,13.2,13.23,0.118,0,0,0,0
"2026-08-08 15:15:00",5096,32.93,13.25,13.27,23.03,0.123,0,0,0,0
"2026-08-08 15:30:00",5097,33.03,13.29,13.21,23.05,0.114,0,0,0,0
"2026-08-08 15:45:00",5098,33.07,13.22,13.17,23.19,0.119,0,0,0,0
"2026-08-08 16:00:00",5099,33.12,13.22,13.25,23.27,0.126,0,0,0,0
"2026-08-08 16:15:00",5100,33.11,13.22,13.19,13.22,0.132,0,0,0,0
"2026-08-08 16:30:00",5101,33.2,13.16,13.24,22.97,0.143,0,0,0,0
"2026-08-08 16:45:00",5102,33.4,13.22,13.18,23.11,0.131,0,0,0,0
"2026-08-08 17:00:00",5103,33.6,13.24,13.14,23.35,0.118,0,0,0,0
"2026-08-08 17:15:00",5104,33.69,13.22,13.19,23.31,0.117,0,0,0,0
"2026-08-08 17:30:00",5105,33.82,13.18,13.16,13.24,0.125,0,0,0,0
"2026-08-08 17:45:00",5106,33.84,13.1,13.09,23.02,0.142,0,0,0,0
"2026-08-08 18:00:00",5107,34,13.16,13.11,23.41,0.133,0,0,0,0
"2026-08-08 18:15:00",5108,34.06,13.19,13.15,23.34,0.117,0,0,0,0
"2026-08-08 18:30:00",5109,34.19,13.19,13.16,23.19,0.119,0,0,0,0
"2026-08-08 18:45:00",5110,34.26,13.18,13.16,13.16,0.123,0,0,0,0
"2026-08-08 19:00:00",5111,34.14,13.15,12.97,23.1,0.176,0,0,0,0
"2026-08-08 19:15:00",5112,33.93,13.16,13.16,23.02,0.143,0,0,0,0
"2026-08-08 19:30:00",5113,33.6,13.25,13.18,22.5,0.116,0,0,0,0
"2026-08-08 19:45:00",5114,33.27,13.23,13.21,13.1,0.139,0,0,0,0
"2026-08-08 20:00:00",5115,32.94,13.21,13.17,13.1,0.121,0,0,0,0
"2026-08-08 20:15:00",5116,32.59,13.23,13.2,13.08,0.126,0,0,0,0
"2026-08-08 20:30:00",5117,32.3,13.14,13.12,13.05,0.121,0,0,0,0
"2026-08-08 20:45:00",5118,31.99,13.03,13.01,12.94,0.093,0,0,0,0
"2026-08-08 21:00:00",5119,31.7,12.82,12.74,12.65,0.157,0,0,0,0
"2026-08-08 21:15:00",5120,31.44,12.81,12.82,7.847,0.093,0,0,0,0
"2026-08-08 21:30:00",5121,31.23,12.82,12.81,0.339,0.094,0,0,0,0
"2026-08-08 21:45:00",5122,31.01,12.74,12.68,-0.429,0.135,0,0,0,0
"2026-08-08 22:00:00",5123,30.82,12.81,12.79,-0.204,0.098,0,0,0,0
"2026-08-08 22:15:00",5124,30.65,12.79,12.79,-0.201,0.094,0,0,0,0
"2026-08-08 22:30:00",5125,30.52,12.73,12.66,-0.388,0.144,0,0,0,0
"2026-08-08 22:45:00",5126,30.38,12.79,12.78,-0.194,0.093,0,0,0,0
"2026-08-08 23:00:00",5127,30.26,12.78,12.77,-0.186,0.094,0,0,0,0
"2026-08-08 23:15:00",5128,30.17,12.78,12.76,-0.203,0.101,0,0,0,0
"2026-08-08 23:30:00",5129,30.08,12.78,12.77,-0.207,0.091,0,0,0,0
"2026-08-08 23:45:00",5130,30.01,12.76,12.74,-0.265,0.108,0,0,0,0
"2026-08-09 00:00:00",5131,29.93,12.68,12.61,-0.43,0.165,0,0,0,0
"2026-08-09 00:15:00",5132,29.9,12.74,12.72,-0.258,0.116,0,0,0,0
"2026-08-09 00:30:00",5133,29.88,12.77,12.73,-0.193,0.101,0,0,0,0
"2026-08-09 00:45:00",5134,29.82,12.68,12.65,-0.399,0.128,0,0,0,0
"2026-08-09 01:00:00",5135,29.77,12.75,12.74,-0.189,0.092,0,0,0,0
"2026-08-09 01:15:00",5136,29.71,12.63,12.65,-0.365,0.149,0,0,0,0
"2026-08-09 01:30:00",5137,29.68,12.75,12.75,-0.193,0.097,0,0,0,0
"2026-08-09 01:45:00",5138,29.64,12.69,12.63,-0.372,0.127,0,0,0,0
"2026-08-09 02:00:00",5139,29.59,12.7,12.66,-0.363,0.116,0,0,0,0
"2026-08-09 02:15:00",5140,29.54,12.74,12.72,-0.201,0.107,0,0,0,0
"2026-08-09 02:30:00",5141,29.51,12.67,12.65,-0.295,0.135,0,0,0,0
"2026-08-09 02:45:00",5142,29.46,12.67,12.57,-0.385,0.143,0,0,0,0
"2026-08-09 03:00:00",5143,29.39,12.72,12.71,-0.187,0.095,0,0,0,0
"2026-08-09 03:15:00",5144,29.33,12.65,12.57,-0.472,0.22,0,0,0,0
"2026-08-09 03:30:00",5145,29.29,12.63,12.6,-0.398,0.145,0,0,0,0
"2026-08-09 03:45:00",5146,29.21,12.71,12.7,-0.19,0.093,0,0,0,0
"2026-08-09 04:00:00",5147,29.14,12.71,12.7,-0.188,0.093,0,0,0,0
"2026-08-09 04:15:00",5148,29.09,12.65,12.54,-0.429,0.15,0,0,0,0
"2026-08-09 04:30:00",5149,29.05,12.7,12.68,-0.197,0.094,0,0,0,0
"2026-08-09 04:45:00",5150,28.99,12.62,12.57,-0.39,0.135,0,0,0,0
"2026-08-09 05:00:00",5151,28.95,12.69,12.68,-0.192,0.096,0,0,0,0
"2026-08-09 05:15:00",5152,28.91,12.61,12.59,-0.596,0.135,0,0,0,0
"2026-08-09 05:30:00",5153,28.9,12.61,12.54,-0.368,0.153,0,0,0,0
"2026-08-09 05:45:00",5154,28.85,12.61,12.51,-0.412,0.154,0,0,0,0
"2026-08-09 06:00:00",5155,28.79,12.61,12.54,-0.407,0.118,0,0,0,0
"2026-08-09 06:15:00",5156,28.73,12.63,12.55,0.245,0.148,0,0,0,0
"2026-08-09 06:30:00",5157,28.68,12.65,12.62,6.834,0.11,0,0,0,0
"2026-08-09 06:45:00",5158,28.6,12.59,12.56,12.45,0.162,0,0,0,0
"2026-08-09 07:00:00",5159,28.53,12.7,12.68,12.62,0.103,0,0,0,0
"2026-08-09 07:15:00",5160,28.47,12.84,12.82,12.57,0.104,0,0,0,0
"2026-08-09 07:30:00",5161,28.49,13.27,13.22,13.06,0.131,0,0,0,0
"2026-08-09 07:45:00",5162,28.52,13.16,13.09,12.99,0.138,0,0,0,0
"2026-08-09 08:00:00",5163,28.52,13.54,13.52,13.5,0.09,0,0,0,0
"2026-08-09 08:15:00",5164,28.6,13.79,13.68,13.53,0.14,0,0,0,0
"2026-08-09 08:30:00",5165,28.8,13.87,13.78,23.59,0.13,0,0,0,0
"2026-08-09 08:45:00",5166,29.07,13.89,13.86,23.62,0.09,0,0,0,0
"2026-08-09 09:00:00",5167,29.43,13.73,13.63,13.62,0.12,0,0,0,0
"2026-08-09 09:15:00",5168,29.86,13.87,13.75,23.46,0.096,0,0,0,0
"2026-08-09 09:30:00",5169,30.29,13.74,13.72,13.66,0.095,0,0,0,0
"2026-08-09 09:45:00",5170,30.65,13.67,13.62,13.71,0.134,0,0,0,0
"2026-08-09 10:00:00",5171,30.95,13.83,13.71,23.11,0.098,0,0,0,0
"2026-08-09 10:15:00",5172,31.34,13.7,13.69,13.71,0.098,0,0,0,0
"2026-08-09 10:30:00",5173,31.86,13.81,13.68,22.92,0.089,0,0,0,0
"2026-08-09 10:45:00",5174,32.38,13.74,13.64,22.91,0.06,0,0,0,0
"2026-08-09 11:00:00",5175,32.8,13.67,13.72,22.83,0.09,0,0,0,0
"2026-08-09 11:15:00",5176,32.99,13.28,13.27,22.97,0.089,0,0,0,0
"2026-08-09 11:30:00",5177,33.11,13.22,13.11,22.87,0.142,0,0,0,0
"2026-08-09 11:45:00",5178,33.18,13.25,13.23,23.14,0.091,0,0,0,0
"2026-08-09 12:00:00",5179,33.3,13.33,13.21,22.97,0.097,0,0,0,0
"2026-08-09 12:15:00",5180,33.43,13.24,13.18,18.12,0.09,0,0,0,0
"2026-08-09 12:30:00",5181,33.34,13.24,13.29,22.95,0.095,0,0,0,0
"2026-08-09 12:45:00",5182,33.25,13.23,13.19,22.97,0.11,0,0,0,0
"2026-08-09 13:00:00",5183,33.33,13.28,13.22,23,0.088,0,0,0,0
"2026-08-09 13:15:00",5184,33.44,13.24,13.29,23.13,0.1,0,0,0,0
"2026-08-09 13:30:00",5185,33.57,13.24,13.23,13.33,0.1,0,0,0,0
"2026-08-09 13:45:00",5186,33.66,13.28,13.22,23.15,0.073,0,0,0,0
"2026-08-09 14:00:00",5187,33.7,13.31,13.22,23.13,0.089,0,0,0,0
"2026-08-09 14:15:00",5188,33.74,13.24,13.29,23.18,0.099,0,0,0,0
"2026-08-09 14:30:00",5189,33.82,13.22,13.27,23.07,0.091,0,0,0,0
"2026-08-09 14:45:00",5190,33.93,13.24,13.22,23.12,0.094,0,0,0,0
"2026-08-09 15:00:00",5191,34.07,13.22,13.21,22.76,0.106,0,0,0,0
"2026-08-09 15:15:00",5192,34.15,13.22,13.26,23.32,0.112,0,0,0,0
"2026-08-09 15:30:00",5193,34.27,13.24,13.16,23.3,0.124,0,0,0,0
"2026-08-09 15:45:00",5194,34.35,13.19,13.16,13.16,0.127,0,0,0,0
"2026-08-09 16:00:00",5195,34.46,13.18,13.18,22.88,0.12,0,0,0,0
"2026-08-09 16:15:00",5196,34.54,13.19,13.14,23.19,0.121,0,0,0,0
"2026-08-09 16:30:00",5197,34.52,13.19,13.15,23.28,0.116,0,0,0,0
"2026-08-09 16:45:00",5198,34.47,13.11,13.01,23.04,0.193,0,0,0,0
"2026-08-09 17:00:00",5199,34.44,13.19,13.22,23.21,0.128,0,0,0,0
"2026-08-09 17:15:00",5200,34.47,13.23,13.15,23.21,0.173,0,0,0,0
"2026-08-09 17:30:00",5201,34.49,13.19,13.14,23.18,0.118,0,0,0,0
"2026-08-09 17:45:00",5202,34.52,13.18,13.16,23.1,0.119,0,0,0,0
"2026-08-09 18:00:00",5203,34.59,13.13,13.12,13.14,0.133,0,0,0,0
"2026-08-09 18:15:00",5204,34.61,13.27,13.15,23.23,0.12,0,0,0,0
"2026-08-09 18:30:00",5205,34.56,13.19,13.16,23.32,0.123,0,0,0,0
"2026-08-09 18:45:00",5206,34.55,13.19,13.16,23.36,0.116,0,0,0,0
"2026-08-09 19:00:00",5207,34.56,13.15,13.1,23.2,0.113,0,0,0,0
"2026-08-09 19:15:00",5208,34.54,13.2,13.09,23.01,0.128,0,0,0,0
"2026-08-09 19:30:00",5209,34.51,13.19,13.15,13.17,0.132,0,0,0,0
"2026-08-09 19:45:00",5210,34.4,13.17,12.95,22.94,0.233,0,0,0,0
"2026-08-09 20:00:00",5211,34.24,13.24,13.16,22.99,0.127,0,0,0,0
"2026-08-09 20:15:00",5212,34,13.26,13.18,22.86,0.122,0,0,0,0
"2026-08-09 20:30:00",5213,33.73,13.03,12.92,12.72,0.188,0,0,0,0
"2026-08-09 20:45:00",5214,33.38,12.95,12.92,12.82,0.12,0,0,0,0
"2026-08-09 21:00:00",5215,33.01,12.8,12.74,12.41,0.173,0,0,0,0
"2026-08-09 21:15:00",5216,32.66,12.84,12.78,9.03,0.122,0,0,0,0
"2026-08-09 21:30:00",5217,32.38,12.83,12.81,0.737,0.103,0,0,0,0
"2026-08-09 21:45:00",5218,32.09,12.82,12.8,-0.14,0.102,0,0,0,0
"2026-08-09 22:00:00",5219,31.82,12.81,12.78,-0.192,0.092,0,0,0,0
"2026-08-09 22:15:00",5220,31.59,12.8,12.79,-0.202,0.094,0,0,0,0
"2026-08-09 22:30:00",5221,31.42,12.71,12.66,-0.419,0.186,0,0,0,0
"2026-08-09 22:45:00",5222,31.24,12.79,12.74,-0.202,0.092,0,0,0,0
"2026-08-09 23:00:00",5223,31.07,12.72,12.6,-0.425,0.16,0,0,0,0
"2026-08-09 23:15:00",5224,30.91,12.77,12.7,-0.281,0.114,0,0,0,0
"2026-08-09 23:30:00",5225,30.79,12.78,12.74,-0.198,0.104,0,0,0,0
"2026-08-09 23:45:00",5226,30.66,12.77,12.74,-0.209,0.094,0,0,0,0
"2026-08-10 00:00:00",5227,30.54,12.77,12.75,-0.227,0.096,0,0,0,0
"2026-08-10 00:15:00",5228,30.47,12.76,12.73,-0.195,0.097,0,0,0,0
"2026-08-10 00:30:00",5229,30.4,12.76,12.73,-0.193,0.092,0,0,0,0
"2026-08-10 00:45:00",5230,30.29,12.7,12.6,-0.433,0.143,0,0,0,0
"2026-08-10 01:00:00",5231,30.19,12.69,12.61,-0.459,0.134,0,0,0,0
"2026-08-10 01:15:00",5232,30.09,12.76,12.73,-0.22,0.093,0,0,0,0
"2026-08-10 01:30:00",5233,30.01,12.75,12.72,-0.196,0.095,0,0,0,0
"2026-08-10 01:45:00",5234,29.92,12.73,12.7,-0.195,0.093,0,0,0,0
"2026-08-10 02:00:00",5235,29.86,12.74,12.71,-0.211,0.099,0,0,0,0
"2026-08-10 02:15:00",5236,29.81,12.72,12.7,-0.198,0.092,0,0,0,0
"2026-08-10 02:30:00",5237,29.74,12.73,12.69,-0.216,0.091,0,0,0,0
"2026-08-10 02:45:00",5238,29.67,12.72,12.69,-0.219,0.095,0,0,0,0
"2026-08-10 03:00:00",5239,29.58,12.67,12.58,-0.301,0.132,0,0,0,0
"2026-08-10 03:15:00",5240,29.51,12.66,12.57,-0.413,0.148,0,0,0,0
"2026-08-10 03:30:00",5241,29.47,12.39,12.04,-1.324,0.337,0,0,0,0
"2026-08-10 03:45:00",5242,29.41,12.71,12.67,-0.196,0.093,0,0,0,0
"2026-08-10 04:00:00",5243,29.35,12.64,12.54,-0.428,0.186,0,0,0,0
"2026-08-10 04:15:00",5244,29.27,12.7,12.67,-0.202,0.093,0,0,0,0
"2026-08-10 04:30:00",5245,29.23,12.54,12.53,-0.391,0.164,0,0,0,0
"2026-08-10 04:45:00",5246,29.17,12.69,12.66,-0.188,0.092,0,0,0,0
"2026-08-10 05:00:00",5247,29.1,12.69,12.66,-0.22,0.1,0,0,0,0
"2026-08-10 05:15:00",5248,29.05,12.61,12.55,-0.435,0.144,0,0,0,0
"2026-08-10 05:30:00",5249,29.05,12.66,12.66,-0.194,0.098,0,0,0,0
"2026-08-10 05:45:00",5250,29.06,12.66,12.64,-0.249,0.104,0,0,0,0
"2026-08-10 06:00:00",5251,29.07,12.59,12.53,-0.395,0.158,0,0,0,0
"2026-08-10 06:15:00",5252,29.05,12.6,12.52,-0.123,0.142,0,0,0,0
"2026-08-10 06:30:00",5253,29.01,12.65,12.6,4.52,0.111,0,0,0,0
"2026-08-10 06:45:00",5254,28.91,12.58,12.53,12.35,0.155,0,0,0,0
"2026-08-10 07:00:00",5255,28.8,12.67,12.66,12.56,0.096,0,0,0,0
"2026-08-10 07:15:00",5256,28.54,12.7,12.63,12.5,0.128,0,0,0,0
"2026-08-10 07:30:00",5257,28.44,12.89,12.83,12.74,0.137,0,0,0,0
"2026-08-10 07:45:00",5258,28.43,13.23,13.18,13.06,0.156,0,0,0,0
"2026-08-10 08:00:00",5259,28.43,13.49,13.48,13.46,0.091,0,0,0,0
"2026-08-10 08:15:00",5260,28.46,13.64,13.62,13.57,0.127,0,0,0,0
"2026-08-10 08:30:00",5261,28.55,13.83,13.82,13.8,0.095,0,0,0,0
"2026-08-10 08:45:00",5262,28.64,13.87,13.74,13.84,0.092,0,0,0,0
"2026-08-10 09:00:00",5263,28.6,13.89,13.76,13.86,0.103,0,0,0,0
"2026-08-10 09:15:00",5264,28.67,13.77,13.88,23.89,0.092,0,0,0,0
"2026-08-10 09:30:00",5265,28.89,13.76,13.76,23.62,0.151,0,0,0,0
"2026-08-10 09:45:00",5266,29.14,13.75,13.74,13.87,0.093,0,0,0,0
"2026-08-10 10:00:00",5267,29.35,13.74,13.72,13.68,0.101,0,0,0,0
"2026-08-10 10:15:00",5268,29.48,13.6,13.51,13.39,0.158,0,0,0,0
"2026-08-10 10:30:00",5269,29.65,13.76,13.75,13.85,0.101,0,0,0,0
"2026-08-10 10:45:00",5270,29.88,13.84,13.74,13.85,0.096,0,0,0,0
"2026-08-10 11:00:00",5271,30.15,13.73,13.81,23.35,0.099,0,0,0,0
"2026-08-10 11:15:00",5272,30.42,13.81,13.71,23.55,0.104,0,0,0,0
"2026-08-10 11:30:00",5273,30.61,13.84,13.71,23.61,0.095,0,0,0,0
"2026-08-10 11:45:00",5274,30.62,13.38,13.27,23.52,0.113,0,0,0,0
"2026-08-10 12:00:00",5275,30.51,13.26,13.15,18.63,0.154,0,0,0,0
"2026-08-10 12:15:00",5276,30.49,13.38,13.15,23.39,0.142,0,0,0,0
"2026-08-10 12:30:00",5277,30.58,13.24,13.18,23.29,0.139,0,0,0,0
"2026-08-10 12:45:00",5278,30.61,13.39,13.3,23.55,0.099,0,0,0,0
"2026-08-10 13:00:00",5279,30.65,13.32,13.3,13.35,0.092,0,0,0,0
"2026-08-10 13:15:00",5280,30.68,13.35,13.3,23.43,0.088,0,0,0,0
"2026-08-10 13:30:00",5281,30.72,13.33,13.31,16.73,0.103,0,0,0,0
"2026-08-10 13:45:00",5282,30.75,13.32,13.3,13.31,0.102,0,0,0,0
"2026-08-10 14:00:00",5283,30.81,13.21,13.18,22.78,0.141,0,0,0,0
"2026-08-10 14:15:00",5284,30.86,13.33,13.31,13.3,0.105,0,0,0,0
"2026-08-10 14:30:00",5285,30.92,13.15,12.98,13.12,0.162,0,0,0,0
"2026-08-10 14:45:00",5286,30.89,13.4,13.3,23.39,0.1,0,0,0,0
"2026-08-10 15:00:00",5287,30.84,13.27,13.22,23.22,0.155,0,0,0,0
"2026-08-10 15:15:00",5288,30.82,13.28,13.09,23.29,0.15,0,0,0,0
"2026-08-10 15:30:00",5289,30.83,13.3,13.31,13.34,0.095,0,0,0,0
"2026-08-10 15:45:00",5290,30.84,13.29,13.27,23.62,0.115,0,0,0,0
"2026-08-10 16:00:00",5291,30.86,13.3,13.25,22.54,0.112,0,0,0,0
"2026-08-10 16:15:00",5292,30.94,13.26,13.23,23.15,0.123,0,0,0,0
"2026-08-10 16:30:00",5293,31.11,13.26,13.23,23.43,0.125,0,0,0,0
"2026-08-10 16:45:00",5294,31.31,13.35,13.23,23.32,0.12,0,0,0,0
"2026-08-10 17:00:00",5295,31.46,13.27,13.23,23.32,0.121,0,0,0,0
"2026-08-10 17:15:00",5296,31.61,13.18,13.1,23.12,0.175,0,0,0,0
"2026-08-10 17:30:00",5297,31.75,13.27,13.21,22.51,0.144,0,0,0,0
"2026-08-10 17:45:00",5298,31.82,13.35,13.23,23.64,0.122,0,0,0,0
"2026-08-10 18:00:00",5299,31.87,13.23,13.12,23.28,0.176,0,0,0,0
"2026-08-10 18:15:00",5300,31.99,13.17,13.09,23.03,0.166,0,0,0,0
"2026-08-10 18:30:00",5301,32.07,13.25,13.3,23.15,0.124,0,0,0,0
"2026-08-10 18:45:00",5302,32.09,13.25,13.24,22.59,0.122,0,0,0,0
"2026-08-10 19:00:00",5303,32.05,13.25,13.24,22.65,0.119,0,0,0,0
"2026-08-10 19:15:00",5304,31.99,13.26,13.23,21.93,0.132,0,0,0,0
"2026-08-10 19:30:00",5305,31.86,13.25,13.21,13.14,0.118,0,0,0,0
"2026-08-10 19:45:00",5306,31.61,13.25,13.19,13.12,0.123,0,0,0,0
"2026-08-10 20:00:00",5307,31.35,13.17,13.1,13.05,0.119,0,0,0,0
"2026-08-10 20:15:00",5308,31.14,13.07,13.02,12.92,0.127,0,0,0,0
"2026-08-10 20:30:00",5309,30.96,12.95,12.9,12.84,0.119,0,0,0,0
"2026-08-10 20:45:00",5310,30.77,12.78,12.73,12.47,0.175,0,0,0,0
"2026-08-10 21:00:00",5311,30.57,12.82,12.78,12.63,0.129,0,0,0,0
"2026-08-10 21:15:00",5312,30.38,12.8,12.74,3.005,0.119,0,0,0,0
"2026-08-10 21:30:00",5313,30.22,12.78,12.76,-0.006,0.115,0,0,0,0
"2026-08-10 21:45:00",5314,30.06,12.78,12.74,-0.226,0.122,0,0,0,0
"2026-08-10 22:00:00",5315,29.92,12.78,12.75,-0.247,0.119,0,0,0,0
"2026-08-10 22:15:00",5316,29.8,12.77,12.73,-0.26,0.122,0,0,0,0
"2026-08-10 22:30:00",5317,29.72,12.77,12.71,-0.267,0.119,0,0,0,0
"2026-08-10 22:45:00",5318,29.63,12.79,12.72,-0.197,0.124,0,0,0,0
"2026-08-10 23:00:00",5319,29.58,12.79,12.74,-0.182,0.106,0,0,0,0
"2026-08-10 23:15:00",5320,29.53,12.71,12.61,-0.423,0.138,0,0,0,0
"2026-08-10 23:30:00",5321,29.51,12.77,12.73,-0.162,0.091,0,0,0,0
"2026-08-10 23:45:00",5322,29.48,12.77,12.71,-0.226,0.133,0,0,0,0
"2026-08-11 00:00:00",5323,29.45,12.76,12.72,-0.17,0.093,0,0,0,0
"2026-08-11 00:15:00",5324,29.46,12.76,12.75,-0.19,0.098,0,0,0,0
"2026-08-11 00:30:00",5325,29.45,12.69,12.56,-0.439,0.168,0,0,0,0
"2026-08-11 00:45:00",5326,29.43,12.75,12.73,-0.225,0.091,0,0,0,0
"2026-08-11 01:00:00",5327,29.4,12.75,12.74,-0.181,0.093,0,0,0,0
"2026-08-11 01:15:00",5328,29.35,12.73,12.7,-0.243,0.106,0,0,0,0
"2026-08-11 01:30:00",5329,29.33,12.69,12.49,-0.376,0.17,0,0,0,0
"2026-08-11 01:45:00",5330,29.29,12.73,12.71,-0.209,0.094,0,0,0,0
"2026-08-11 02:00:00",5331,29.22,12.68,12.57,-0.485,0.142,0,0,0,0
"2026-08-11 02:15:00",5332,29.14,12.73,12.71,-0.218,0.128,0,0,0,0
"2026-08-11 02:30:00",5333,29.09,12.64,12.53,-0.94,0.27,0,0,0,0
"2026-08-11 02:45:00",5334,29.09,12.67,12.63,-0.343,0.144,0,0,0,0
"2026-08-11 03:00:00",5335,29.1,12.72,12.69,-0.202,0.094,0,0,0,0
"2026-08-11 03:15:00",5336,29.1,12.64,12.53,-0.49,0.187,0,0,0,0
"2026-08-11 03:30:00",5337,29.11,12.71,12.69,-0.201,0.096,0,0,0,0
"2026-08-11 03:45:00",5338,29.11,12.7,12.69,-0.214,0.093,0,0,0,0
"2026-08-11 04:00:00",5339,29.1,12.63,12.39,-0.388,0.16,0,0,0,0
"2026-08-11 04:15:00",5340,29.11,12.7,12.68,-0.192,0.107,0,0,0,0
"2026-08-11 04:30:00",5341,29.13,12.6,12.49,-0.469,0.145,0,0,0,0
"2026-08-11 04:45:00",5342,29.09,12.69,12.64,-0.206,0.092,0,0,0,0
"2026-08-11 05:00:00",5343,29.04,12.6,12.56,-0.401,0.155,0,0,0,0
"2026-08-11 05:15:00",5344,29,12.61,12.64,-0.267,0.094,0,0,0,0
"2026-08-11 05:30:00",5345,28.98,12.66,12.63,-0.211,0.099,0,0,0,0
"2026-08-11 05:45:00",5346,28.94,12.66,12.66,-0.202,0.098,0,0,0,0
"2026-08-11 06:00:00",5347,28.89,12.57,12.5,-0.542,0.214,0,0,0,0
"2026-08-11 06:15:00",5348,28.85,12.58,12.53,-0.459,0.142,0,0,0,0
"2026-08-11 06:30:00",5349,28.83,12.67,12.65,1.844,0.092,0,0,0,0
"2026-08-11 06:45:00",5350,28.78,12.61,12.57,12.13,0.134,0,0,0,0
"2026-08-11 07:00:00",5351,28.71,12.67,12.66,12.59,0.092,0,0,0,0
"2026-08-11 07:15:00",5352,28.65,12.63,12.55,12.4,0.137,0,0,0,0
"2026-08-11 07:30:00",5353,28.62,12.65,12.58,12.4,0.164,0,0,0,0
"2026-08-11 07:45:00",5354,28.59,12.82,12.79,12.74,0.09,0,0,0,0
"2026-08-11 08:00:00",5355,28.6,13.56,13.53,13.49,0.088,0,0,0,0
"2026-08-11 08:15:00",5356,28.74,13.66,13.56,13.4,0.143,0,0,0,0
"2026-08-11 08:30:00",5357,28.96,13.68,13.61,13.43,0.168,0,0,0,0
"2026-08-11 08:45:00",5358,29.15,13.74,13.81,13.73,0.099,0,0,0,0
"2026-08-11 09:00:00",5359,29.33,13.69,13.67,13.63,0.089,0,0,0,0
"2026-08-11 09:15:00",5360,29.47,13.73,13.78,13.76,0.089,0,0,0,0
"2026-08-11 09:30:00",5361,29.6,13.75,13.83,24.05,0.088,0,0,0,0
"2026-08-11 09:45:00",5362,29.69,13.78,13.75,13.73,0.089,0,0,0,0
"2026-08-11 10:00:00",5363,29.77,13.73,13.7,24.2,0.089,0,0,0,0
"2026-08-11 10:15:00",5364,29.86,13.87,13.71,24.05,0.096,0,0,0,0
"2026-08-11 10:30:00",5365,29.97,13.72,13.81,24.15,0.097,0,0,0,0
"2026-08-11 10:45:00",5366,30.05,13.7,13.67,13.84,0.09,0,0,0,0
"2026-08-11 11:00:00",5367,30.11,13.78,13.67,23.66,0.102,0,0,0,0
"2026-08-11 11:15:00",5368,30.23,13.83,13.68,23.6,0.091,0,0,0,0
"2026-08-11 11:30:00",5369,30.41,13.64,13.55,13.63,0.156,0,0,0,0
"2026-08-11 11:45:00",5370,30.56,13.38,13.3,23.53,0.091,0,0,0,0
"2026-08-11 12:00:00",5371,30.7,13.33,13.37,23.51,0.094,0,0,0,0
"2026-08-11 12:15:00",5372,30.85,13.33,13.3,23.45,0.09,0,0,0,0
"2026-08-11 12:30:00",5373,31.01,13.34,13.35,23.56,0.097,0,0,0,0
"2026-08-11 12:45:00",5374,31.17,13.31,13.27,13.31,0.109,0,0,0,0
"2026-08-11 13:00:00",5375,31.31,13.3,13.29,13.35,0.091,0,0,0,0
"2026-08-11 13:15:00",5376,31.44,13.31,13.37,23.55,0.096,0,0,0,0
"2026-08-11 13:30:00",5377,31.56,13.3,13.29,20.17,0.091,0,0,0,0
"2026-08-11 13:45:00",5378,31.62,13.32,13.28,23.42,0.096,0,0,0,0
"2026-08-11 14:00:00",5379,31.66,13.37,13.29,23.3,0.097,0,0,0,0
"2026-08-11 14:15:00",5380,31.74,13.37,13.29,23.4,0.096,0,0,0,0
"2026-08-11 14:30:00",5381,31.84,13.3,13.28,15.12,0.102,0,0,0,0
"2026-08-11 14:45:00",5382,31.93,13.34,13.26,23.36,0.108,0,0,0,0
"2026-08-11 15:00:00",5383,32.03,13.31,13.27,23.34,0.131,0,0,0,0
"2026-08-11 15:15:00",5384,32.06,13.27,13.26,23.26,0.092,0,0,0,0
"2026-08-11 15:30:00",5385,32.12,13.31,13.26,23.32,0.108,0,0,0,0
"2026-08-11 15:45:00",5386,32.16,13.27,13.25,19.87,0.094,0,0,0,0
"2026-08-11 16:00:00",5387,32.24,13.28,13.26,23.45,0.092,0,0,0,0
"2026-08-11 16:15:00",5388,32.35,13.27,13.26,18.76,0.094,0,0,0,0
"2026-08-11 16:30:00",5389,32.5,13.27,13.35,23.48,0.092,0,0,0,0
"2026-08-11 16:45:00",5390,32.62,13.28,13.26,13.32,0.099,0,0,0,0
"2026-08-11 17:00:00",5391,32.74,13.15,13.22,23.35,0.159,0,0,0,0
"2026-08-11 17:15:00",5392,32.84,13.25,13.23,23.56,0.083,0,0,0,0
"2026-08-11 17:30:00",5393,32.92,13.17,13.06,23.24,0.176,0,0,0,0
"2026-08-11 17:45:00",5394,33,13.22,13.17,23.2,0.118,0,0,0,0
"2026-08-11 18:00:00",5395,33.11,13.2,13.26,23.34,0.136,0,0,0,0
"2026-08-11 18:15:00",5396,33.29,13.21,13.17,23.53,0.12,0,0,0,0
"2026-08-11 18:30:00",5397,33.45,13.19,13.15,23.18,0.126,0,0,0,0
"2026-08-11 18:45:00",5398,33.6,13.22,13.19,23.29,0.12,0,0,0,0
"2026-08-11 19:00:00",5399,33.77,13.24,13.18,23.11,0.123,0,0,0,0
"2026-08-11 19:15:00",5400,33.94,13.18,13.13,23.21,0.117,0,0,0,0
"2026-08-11 19:30:00",5401,34.06,13.19,13.15,13.16,0.119,0,0,0,0
"2026-08-11 19:45:00",5402,34.05,13.19,13.16,14.53,0.125,0,0,0,0
"2026-08-11 20:00:00",5403,33.92,13.19,13.2,22.84,0.123,0,0,0,0
"2026-08-11 20:15:00",5404,33.68,13.23,13.2,13.1,0.127,0,0,0,0
"2026-08-11 20:30:00",5405,33.36,13.19,13.16,13.09,0.122,0,0,0,0
"2026-08-11 20:45:00",5406,32.98,13.06,12.96,12.88,0.175,0,0,0,0
"2026-08-11 21:00:00",5407,32.59,12.93,12.9,12.79,0.128,0,0,0,0
"2026-08-11 21:15:00",5408,32.21,12.83,12.81,3.892,0.118,0,0,0,0
"2026-08-11 21:30:00",5409,31.89,12.72,12.68,0.073,0.164,0,0,0,0
"2026-08-11 21:45:00",5410,31.58,12.79,12.76,-0.167,0.12,0,0,0,0
"2026-08-11 22:00:00",5411,31.32,12.79,12.76,-0.214,0.123,0,0,0,0
"2026-08-11 22:15:00",5412,31.1,12.78,12.74,-0.224,0.126,0,0,0,0
"2026-08-11 22:30:00",5413,30.94,12.78,12.74,-0.213,0.121,0,0,0,0
"2026-08-11 22:45:00",5414,30.79,12.69,12.62,-0.508,0.167,0,0,0,0
"2026-08-11 23:00:00",5415,30.65,12.77,12.74,-0.249,0.126,0,0,0,0
"2026-08-11 23:15:00",5416,30.52,12.74,12.7,-0.297,0.139,0,0,0,0
"2026-08-11 23:30:00",5417,30.43,12.77,12.74,-0.232,0.121,0,0,0,0
"2026-08-11 23:45:00",5418,30.34,12.78,12.76,-0.17,0.093,0,0,0,0
"2026-08-12 00:00:00",5419,30.25,12.78,12.75,-0.168,0.094,0,0,0,0
"2026-08-18 09:30:00",6033,29.34,13.85,13.66,13.78,0.089,0,0,0,0
"2026-08-18 09:45:00",6034,29.73,13.74,13.69,13.68,0.09,0,0,0,0
"2026-08-18 10:00:00",6035,30.2,13.71,13.79,23.43,0.089,0,0,0,0
"2026-08-18 10:15:00",6036,30.65,13.72,13.78,23.39,0.093,0,0,0,0
"2026-08-18 10:30:00",6037,30.92,13.7,13.65,13.78,0.091,0,0,0,0
"2026-08-18 10:45:00",6038,31.09,13.7,13.66,20.82,0.089,0,0,0,0
"2026-08-18 11:00:00",6039,31.21,13.74,13.67,23.37,0.138,0,0,0,0
"2026-08-18 11:15:00",6040,31.28,13.7,13.73,23.36,0.09,0,0,0,0
"2026-08-18 11:30:00",6041,31.35,13.68,13.63,13.68,0.125,0,0,0,0
"2026-08-18 11:45:00",6042,31.4,13.3,13.29,23.38,0.097,0,0,0,0
"2026-08-18 12:00:00",6043,31.46,13.3,13.24,15.61,0.143,0,0,0,0
"2026-08-18 12:15:00",6044,31.5,13.34,13.28,23.42,0.148,0,0,0,0
"2026-08-18 12:30:00",6045,31.58,13.28,13.18,23.47,0.138,0,0,0,0
"2026-08-18 12:45:00",6046,31.63,13.35,13.25,23.59,0.088,0,0,0,0
"2026-08-18 13:00:00",6047,31.66,13.28,13.23,22.63,0.137,0,0,0,0
"2026-08-18 13:15:00",6048,31.65,13.3,13.36,23.55,0.098,0,0,0,0
"2026-08-18 13:30:00",6049,31.65,13.3,13.28,13.37,0.092,0,0,0,0
"2026-08-18 13:45:00",6050,31.64,13.35,13.28,22.84,0.1,0,0,0,0
"2026-08-18 14:00:00",6051,31.59,13.3,13.38,23.72,0.117,0,0,0,0
"2026-08-18 14:15:00",6052,31.52,13.3,13.28,14.71,0.097,0,0,0,0
"2026-08-18 14:30:00",6053,31.44,13.29,13.29,23.65,0.144,0,0,0,0
"2026-08-18 14:45:00",6054,31.38,13.3,13.29,23.86,0.095,0,0,0,0
"2026-08-18 15:00:00",6055,31.29,13.3,13.28,23.79,0.107,0,0,0,0
"2026-08-18 15:15:00",6056,31.2,13.31,13.29,23.64,0.09,0,0,0,0
"2026-08-18 15:30:00",6057,31.13,13.31,13.29,23.75,0.131,0,0,0,0
"2026-08-18 15:45:00",6058,31.06,13.3,13.28,23.8,0.092,0,0,0,0
"2026-08-18 16:00:00",6059,30.98,13.36,13.19,23.71,0.147,0,0,0,0
"2026-08-18 16:15:00",6060,30.88,13.33,13.31,23.89,0.091,0,0,0,0
"2026-08-18 16:30:00",6061,30.87,13.28,13.22,23.51,0.133,0,0,0,0
"2026-08-18 16:45:00",6062,30.86,13.31,13.39,23.79,0.114,0,0,0,0
"2026-08-18 17:00:00",6063,30.76,13.33,13.28,13.55,0.132,0,0,0,0
"2026-08-18 17:15:00",6064,30.65,13.38,13.31,23.89,0.099,0,0,0,0
"2026-08-18 17:30:00",6065,30.65,13.27,13.19,23.91,0.148,0,0,0,0
"2026-08-18 17:45:00",6066,30.6,13.32,13.4,24.22,0.104,0,0,0,0
"2026-08-18 18:00:00",6067,30.48,13.27,13.2,13.07,0.146,0,0,0,0
"2026-08-18 18:15:00",6068,30.35,13.36,13.32,22.65,0.099,0,0,0,0
"2026-08-18 18:30:00",6069,30.27,13.39,13.29,13.29,0.127,0,0,0,0
"2026-08-18 18:45:00",6070,30.17,13.36,13.36,13.31,0.107,0,0,0,0
"2026-08-18 19:00:00",6071,30.08,13.36,13.28,13.47,0.111,0,0,0,0
"2026-08-18 19:15:00",6072,30,13.38,13.36,13.29,0.099,0,0,0,0
"2026-08-18 19:30:00",6073,29.91,13.3,13.26,13.11,0.132,0,0,0,0
"2026-08-18 19:45:00",6074,29.85,13.4,13.39,23.06,0.097,0,0,0,0
"2026-08-18 20:00:00",6075,29.79,13.2,13.15,13.03,0.138,0,0,0,0
"2026-08-18 20:15:00",6076,29.73,13.19,13.16,13.11,0.092,0,0,0,0
"2026-08-18 20:30:00",6077,29.72,13.15,13.09,13,0.138,0,0,0,0
"2026-08-18 20:45:00",6078,29.68,12.98,12.97,12.85,0.099,0,0,0,0
"2026-08-18 21:00:00",6079,29.65,12.81,12.78,12.58,0.133,0,0,0,0
"2026-08-18 21:15:00",6080,29.62,12.83,12.82,1.664,0.094,0,0,0,0
"2026-08-18 21:30:00",6081,29.62,12.82,12.77,-0.264,0.122,0,0,0,0
"2026-08-18 21:45:00",6082,29.58,12.81,12.79,-0.184,0.095,0,0,0,0
"2026-08-18 22:00:00",6083,29.54,12.75,12.66,-0.384,0.132,0,0,0,0
"2026-08-18 22:15:00",6084,29.51,12.8,12.78,-0.172,0.099,0,0,0,0
"2026-08-18 22:30:00",6085,29.51,12.72,12.69,-0.337,0.146,0,0,0,0
"2026-08-18 22:45:00",6086,29.48,12.77,12.76,-0.186,0.106,0,0,0,0
"2026-08-18 23:00:00",6087,29.46,12.75,12.69,-0.262,0.17,0,0,0,0
"2026-08-18 23:15:00",6088,29.42,12.76,12.72,-0.245,0.121,0,0,0,0
"2026-08-18 23:30:00",6089,29.4,12.73,12.63,-0.319,0.176,0,0,0,0
"2026-08-18 23:45:00",6090,29.37,12.74,12.71,-0.261,0.125,0,0,0,0
"2026-08-19 00:00:00",6091,29.33,12.65,12.58,-0.46,0.185,0,0,0,0
"2026-08-19 00:15:00",6092,29.33,12.74,12.69,-0.261,0.124,0,0,0,0
"2026-08-19 00:30:00",6093,29.32,12.68,12.62,-0.385,0.18,0,0,0,0
"2026-08-19 00:45:00",6094,29.27,12.73,12.69,-0.261,0.122,0,0,0,0
"2026-08-19 01:00:00",6095,29.22,12.68,12.64,-0.486,0.127,0,0,0,0
"2026-08-19 01:15:00",6096,29.19,12.67,12.59,-0.445,0.167,0,0,0,0
"2026-08-19 01:30:00",6097,29.19,12.7,12.51,-0.387,0.146,0,0,0,0
"2026-08-19 01:45:00",6098,29.16,12.72,12.69,-0.324,0.128,0,0,0,0
"2026-08-19 02:00:00",6099,29.14,12.65,12.55,-0.507,0.161,0,0,0,0
"2026-08-19 02:15:00",6100,29.11,12.71,12.68,-0.304,0.12,0,0,0,0
"2026-08-19 02:30:00",6101,29.11,12.63,12.58,-0.447,0.134,0,0,0,0
"2026-08-19 02:45:00",6102,29.07,12.7,12.67,-0.291,0.122,0,0,0,0
"2026-08-19 03:00:00",6103,29.01,12.65,12.53,-0.482,0.169,0,0,0,0
"2026-08-19 03:15:00",6104,28.95,12.7,12.67,-0.267,0.123,0,0,0,0
"2026-08-19 03:30:00",6105,28.92,12.61,12.55,-0.49,0.165,0,0,0,0
"2026-08-19 03:45:00",6106,28.87,12.69,12.66,-0.293,0.124,0,0,0,0
"2026-08-19 04:00:00",6107,28.82,12.62,12.53,-0.466,0.181,0,0,0,0
"2026-08-19 04:15:00",6108,28.78,12.68,12.65,-0.307,0.123,0,0,0,0
"2026-08-19 04:30:00",6109,28.76,12.62,12.52,-0.522,0.161,0,0,0,0
"2026-08-19 04:45:00",6110,28.73,12.68,12.65,-0.271,0.122,0,0,0,0
"2026-08-19 05:00:00",6111,28.69,12.6,12.54,-0.437,0.167,0,0,0,0
"2026-08-19 05:15:00",6112,28.66,12.67,12.64,-0.263,0.126,0,0,0,0
"2026-08-19 05:30:00",6113,28.66,12.61,12.5,-0.494,0.179,0,0,0,0
"2026-08-19 05:45:00",6114,28.63,12.66,12.62,-0.262,0.121,0,0,0,0
"2026-08-19 06:00:00",6115,28.59,12.58,12.53,-0.503,0.172,0,0,0,0
"2026-08-19 06:15:00",6116,28.56,12.64,12.63,-0.198,0.113,0,0,0,0
"2026-08-19 06:30:00",6117,28.54,12.6,12.52,0.484,0.152,0,0,0,0
"2026-08-19 06:45:00",6118,28.5,12.67,12.65,9.64,0.095,0,0,0,0
"2026-08-19 07:00:00",6119,28.46,12.62,12.53,12.34,0.112,0,0,0,0
"2026-08-19 07:15:00",6120,28.43,12.71,12.69,12.61,0.096,0,0,0,0
"2026-08-19 07:30:00",6121,28.45,12.8,12.75,12.64,0.144,0,0,0,0
"2026-08-19 07:45:00",6122,28.48,13.29,13.25,13.22,0.099,0,0,0,0
"2026-08-19 08:00:00",6123,28.58,13.53,13.43,13.31,0.106,0,0,0,0
"2026-08-19 08:15:00",6124,28.76,13.79,13.76,13.72,0.105,0,0,0,0
"2026-08-19 08:30:00",6125,29.05,13.75,13.71,13.7,0.1,0,0,0,0
"2026-08-19 08:45:00",6126,29.38,13.74,13.79,23.51,0.132,0,0,0,0
"2026-08-19 09:00:00",6127,29.75,13.75,13.69,23.41,0.095,0,0,0,0
"2026-08-19 09:15:00",6128,30.14,13.69,13.67,13.74,0.096,0,0,0,0
"2026-08-19 09:30:00",6129,30.51,13.66,13.77,23.12,0.103,0,0,0,0
"2026-08-19 09:45:00",6130,30.86,13.77,13.65,14.17,0.101,0,0,0,0
"2026-08-19 10:00:00",6131,31.23,13.64,13.74,22.99,0.147,0,0,0,0
"2026-08-19 10:15:00",6132,31.52,13.67,13.75,23.13,0.091,0,0,0,0
"2026-08-19 10:30:00",6133,31.78,13.67,13.65,13.74,0.094,0,0,0,0
"2026-08-19 10:45:00",6134,31.98,13.77,13.65,23.26,0.089,0,0,0,0
"2026-08-19 11:00:00",6135,32.11,13.78,13.66,23.34,0.095,0,0,0,0
"2026-08-19 11:15:00",6136,32.19,13.31,13.3,23.45,0.096,0,0,0,0
"2026-08-19 11:30:00",6137,32.23,13.39,13.25,23.44,0.094,0,0,0,0
"2026-08-19 11:45:00",6138,32.24,13.28,13.26,23.45,0.092,0,0,0,0
"2026-08-19 12:00:00",6139,32.21,13.19,13.17,23.21,0.149,0,0,0,0
"2026-08-19 12:15:00",6140,32.18,13.27,13.24,23.47,0.092,0,0,0,0
"2026-08-19 12:30:00",6141,32.21,13.31,13.11,23.13,0.14,0,0,0,0
"2026-08-19 12:45:00",6142,32.24,13.37,13.26,23.32,0.098,0,0,0,0
"2026-08-19 13:00:00",6143,32.25,13.34,13.23,23.24,0.135,0,0,0,0
"2026-08-19 13:15:00",6144,32.26,13.28,13.32,23.32,0.1,0,0,0,0
"2026-08-19 13:30:00",6145,32.31,13.26,13.22,23.18,0.116,0,0,0,0
"2026-08-19 13:45:00",6146,32.34,13.21,13.08,23.04,0.134,0,0,0,0
"2026-08-19 14:00:00",6147,32.37,13.19,13.16,23.09,0.151,0,0,0,0
"2026-08-19 14:15:00",6148,32.39,13.27,13.3,23.35,0.09,0,0,0,0
"2026-08-19 14:30:00",6149,32.41,13.2,13.12,23.37,0.145,0,0,0,0
"2026-08-19 14:45:00",6150,32.36,13.2,13.31,23.46,0.093,0,0,0,0
"2026-08-19 15:00:00",6151,32.31,13.36,13.25,23.56,0.092,0,0,0,0
"2026-08-19 15:15:00",6152,32.26,13.27,13.36,23.51,0.091,0,0,0,0
"2026-08-19 15:30:00",6153,32.25,13.16,13.05,23.36,0.157,0,0,0,0
"2026-08-19 15:45:00",6154,32.24,13.27,13.25,23.61,0.104,0,0,0,0
"2026-08-19 16:00:00",6155,32.24,13.28,13.25,23.6,0.091,0,0,0,0
"2026-08-19 16:15:00",6156,32.24,13.27,13.26,23.67,0.097,0,0,0,0
"2026-08-19 16:30:00",6157,32.27,13.27,13.36,23.67,0.091,0,0,0,0
"2026-08-19 16:45:00",6158,32.26,13.28,13.24,23.29,0.102,0,0,0,0
"2026-08-19 17:00:00",6159,32.26,13.2,13.03,12.99,0.143,0,0,0,0
"2026-08-19 17:15:00",6160,32.29,13.28,13.23,23.67,0.095,0,0,0,0
"2026-08-19 17:30:00",6161,32.32,13.27,13.26,22.87,0.093,0,0,0,0
"2026-08-19 17:45:00",6162,32.21,13.27,13.3,23.12,0.092,0,0,0,0
"2026-08-19 18:00:00",6163,32.02,13.3,13.32,22.87,0.101,0,0,0,0
"2026-08-19 18:15:00",6164,31.81,13.3,13.33,15.56,0.101,0,0,0,0
"2026-08-19 18:30:00",6165,31.62,13.3,13.3,23.09,0.11,0,0,0,0
"2026-08-19 18:45:00",6166,31.45,13.23,13.19,22.53,0.164,0,0,0,0
"2026-08-19 19:00:00",6167,31.33,13.33,13.35,22.85,0.092,0,0,0,0
"2026-08-19 19:15:00",6168,31.21,13.29,13.2,22.32,0.134,0,0,0,0
"2026-08-19 19:30:00",6169,31.11,13.28,13.21,13.13,0.135,0,0,0,0
"2026-08-19 19:45:00",6170,30.96,13.31,13.19,13.07,0.173,0,0,0,0
"2026-08-19 20:00:00",6171,30.82,13.33,13.36,23.23,0.099,0,0,0,0
"2026-08-19 20:15:00",6172,30.71,13.27,13.18,13.09,0.148,0,0,0,0
"2026-08-19 20:30:00",6173,30.64,13.27,13.26,13.19,0.099,0,0,0,0
"2026-08-19 20:45:00",6174,30.53,12.87,12.91,12.72,0.148,0,0,0,0
"2026-08-19 21:00:00",6175,30.39,12.79,12.8,8.59,0.145,0,0,0,0
"2026-08-19 21:15:00",6176,30.26,12.84,12.73,0.649,0.118,0,0,0,0
"2026-08-19 21:30:00",6177,30.17,12.73,12.69,-0.333,0.154,0,0,0,0
"2026-08-19 21:45:00",6178,30.07,12.8,12.8,-0.184,0.096,0,0,0,0
"2026-08-19 22:00:00",6179,29.97,12.77,12.66,-0.394,0.146,0,0,0,0
"2026-08-19 22:15:00",6180,29.88,12.76,12.76,-0.25,0.11,0,0,0,0
"2026-08-19 22:30:00",6181,29.83,12.75,12.73,-0.251,0.12,0,0,0,0
"2026-08-19 22:45:00",6182,29.77,12.76,12.72,-0.303,0.127,0,0,0,0
"2026-08-19 23:00:00",6183,29.7,12.75,12.73,-0.265,0.118,0,0,0,0
"2026-08-19 23:15:00",6184,29.63,12.74,12.68,-0.246,0.115,0,0,0,0
"2026-08-19 23:30:00",6185,29.59,12.74,12.72,-0.261,0.136,0,0,0,0
"2026-08-19 23:45:00",6186,29.53,12.7,12.58,-0.496,0.167,0,0,0,0
"2026-08-20 00:00:00",6187,29.48,12.66,12.59,-0.497,0.162,0,0,0,0
"2026-08-20 00:15:00",6188,29.48,12.74,12.7,-0.272,0.117,0,0,0,0
"2026-08-20 00:30:00",6189,29.48,12.74,12.7,-0.259,0.126,0,0,0,0
"2026-08-20 00:45:00",6190,29.44,12.73,12.7,-0.242,0.122,0,0,0,0
"2026-08-20 01:00:00",6191,29.4,12.65,12.52,-0.564,0.184,0,0,0,0
"2026-08-20 01:15:00",6192,29.39,12.73,12.69,-0.241,0.129,0,0,0,0
"2026-08-20 01:30:00",6193,29.4,12.72,12.68,-0.246,0.12,0,0,0,0
"2026-08-20 01:45:00",6194,29.38,12.64,12.58,-0.439,0.186,0,0,0,0
"2026-08-20 02:00:00",6195,29.33,12.63,12.54,-0.415,0.193,0,0,0,0
"2026-08-20 02:15:00",6196,29.29,12.65,12.55,-0.526,0.133,0,0,0,0
"2026-08-20 02:30:00",6197,29.29,12.59,12.51,-0.517,0.169,0,0,0,0
"2026-08-20 02:45:00",6198,29.28,12.61,12.57,-0.495,0.169,0,0,0,0
"2026-08-20 03:00:00",6199,29.28,12.62,12.53,-0.524,0.194,0,0,0,0
"2026-08-20 03:15:00",6200,29.26,12.62,12.64,-0.475,0.136,0,0,0,0
"2026-08-20 03:30:00",6201,29.27,12.68,12.66,-0.301,0.122,0,0,0,0
"2026-08-20 03:45:00",6202,29.25,12.64,12.52,-0.328,0.168,0,0,0,0
"2026-08-20 04:00:00",6203,29.23,12.68,12.65,-0.254,0.124,0,0,0,0
"2026-08-20 04:15:00",6204,29.2,12.66,12.65,-0.274,0.123,0,0,0,0
"2026-08-20 04:30:00",6205,29.16,12.61,12.52,-0.411,0.141,0,0,0,0
"2026-08-20 04:45:00",6206,29.09,12.67,12.63,-0.238,0.127,0,0,0,0
"2026-08-20 05:00:00",6207,29.04,12.67,12.62,-0.339,0.175,0,0,0,0
"2026-08-20 05:15:00",6208,29.02,12.67,12.64,-0.23,0.131,0,0,0,0
"2026-08-20 05:30:00",6209,29.03,12.61,12.56,-0.432,0.202,0,0,0,0
"2026-08-20 05:45:00",6210,29.02,12.69,12.67,-0.176,0.1,0,0,0,0
"2026-08-20 06:00:00",6211,29.02,12.61,12.52,-0.371,0.164,0,0,0,0
"2026-08-20 06:15:00",6212,29.01,12.63,12.56,-0.303,0.146,0,0,0,0
"2026-08-20 06:30:00",6213,28.95,12.59,12.51,-0.32,0.197,0,0,0,0
"2026-08-20 06:45:00",6214,28.79,12.6,12.43,0.724,0.184,0,0,0,0
"2026-08-20 07:00:00",6215,28.61,12.59,12.55,12.24,0.162,0,0,0,0
"2026-08-20 07:15:00",6216,28.56,12.67,12.66,12.61,0.091,0,0,0,0
"2026-08-20 07:30:00",6217,28.54,12.6,12.47,12.32,0.281,0,0,0,0
"2026-08-20 07:45:00",6218,28.47,12.6,12.53,12.37,0.141,0,0,0,0
"2026-08-20 08:00:00",6219,28.44,12.59,12.52,12.34,0.138,0,0,0,0
"2026-08-20 08:15:00",6220,28.44,12.67,12.64,12.6,0.093,0,0,0,0
"2026-08-20 08:30:00",6221,28.49,12.65,12.65,12.61,0.094,0,0,0,0
"2026-08-20 08:45:00",6222,28.49,12.69,12.68,12.62,0.094,0,0,0,0
"2026-08-20 09:00:00",6223,28.49,12.7,12.69,12.62,0.092,0,0,0,0
"2026-08-20 09:15:00",6224,28.48,12.71,12.69,12.61,0.094,0,0,0,0
"2026-08-20 09:30:00",6225,28.51,12.69,12.62,12.42,0.149,0,0,0,0
"2026-08-20 09:45:00",6226,28.51,12.62,12.53,12.35,0.17,0,0,0,0
"2026-08-20 10:00:00",6227,28.5,12.71,12.71,12.61,0.1,0,0,0,0
"2026-08-20 10:15:00",6228,28.49,12.79,12.77,12.71,0.098,0,0,0,0
"2026-08-20 10:30:00",6229,28.51,12.91,12.89,12.84,0.092,0,0,0,0
"2026-08-20 10:45:00",6230,28.52,13.05,13.1,12.84,0.109,0,0,0,0
"2026-08-20 11:00:00",6231,28.55,13.25,13.25,13.19,0.098,0,0,0,0
"2026-08-20 11:15:00",6232,28.6,13.35,13.33,13.3,0.091,0,0,0,0
"2026-08-20 11:30:00",6233,28.69,13.3,13.27,13.09,0.143,0,0,0,0
"2026-08-20 11:45:00",6234,28.76,13.48,13.46,13.42,0.092,0,0,0,0
"2026-08-20 12:00:00",6235,28.85,13.63,13.61,13.58,0.089,0,0,0,0
"2026-08-20 12:15:00",6236,28.97,13.66,13.64,13.6,0.097,0,0,0,0
"2026-08-20 12:30:00",6237,29.13,13.65,13.56,13.41,0.137,0,0,0,0
"2026-08-20 12:45:00",6238,29.28,13.68,13.66,13.63,0.088,0,0,0,0
"2026-08-20 13:00:00",6239,29.4,13.86,13.83,23.94,0.089,0,0,0,0
"2026-08-20 13:15:00",6240,29.66,13.82,13.73,13.77,0.093,0,0,0,0
"2026-08-20 13:30:00",6241,30.05,13.79,13.77,23.47,0.093,0,0,0,0
"2026-08-20 13:45:00",6242,30.45,13.8,13.7,13.74,0.095,0,0,0,0
"2026-08-20 14:00:00",6243,30.79,13.69,13.71,13.68,0.092,0,0,0,0
"2026-08-20 14:15:00",6244,31.03,13.7,13.75,23.34,0.092,0,0,0,0
"2026-08-20 14:30:00",6245,31.25,13.7,13.76,23.42,0.092,0,0,0,0
"2026-08-20 14:45:00",6246,31.36,13.75,13.69,13.73,0.072,0,0,0,0
"2026-08-20 15:00:00",6247,31.45,13.75,13.69,23.4,0.089,0,0,0,0
"2026-08-20 15:15:00",6248,31.48,13.35,13.33,23.46,0.093,0,0,0,0
"2026-08-20 15:30:00",6249,31.52,13.3,13.29,23.54,0.093,0,0,0,0
"2026-08-20 15:45:00",6250,31.49,13.21,13.26,13.22,0.092,0,0,0,0
"2026-08-20 16:00:00",6251,31.41,13.32,13.25,23.37,0.093,0,0,0,0
"2026-08-20 16:15:00",6252,31.25,13.3,13.35,23.92,0.142,0,0,0,0
"2026-08-20 16:30:00",6253,31.1,13.22,13.23,23.29,0.109,0,0,0,0
"2026-08-20 16:45:00",6254,30.84,13.32,13.34,14.84,0.091,0,0,0,0
"2026-08-20 17:00:00",6255,30.43,13.33,13.32,13.24,0.091,0,0,0,0
"2026-08-20 17:15:00",6256,29.92,13.2,13.2,13.12,0.098,0,0,0,0
"2026-08-20 17:30:00",6257,29.43,13.23,13.23,13.17,0.093,0,0,0,0
"2026-08-20 17:45:00",6258,28.98,13.23,13.2,13.13,0.108,0,0,0,0
"2026-08-20 18:00:00",6259,28.78,13.34,13.26,13.07,0.151,0,0,0,0
"2026-08-20 18:15:00",6260,28.77,13.35,13.24,22.57,0.133,0,0,0,0
"2026-08-20 18:30:00",6261,28.79,13.34,13.29,13.17,0.147,0,0,0,0
"2026-08-20 18:45:00",6262,28.82,13.38,13.29,13.32,0.117,0,0,0,0
"2026-08-20 19:00:00",6263,28.84,13.23,13.12,12.92,0.153,0,0,0,0
"2026-08-20 19:15:00",6264,28.84,13.19,13.18,13.12,0.098,0,0,0,0
"2026-08-20 19:30:00",6265,28.87,13.09,13.07,13.02,0.102,0,0,0,0
"2026-08-20 19:45:00",6266,28.84,12.99,12.98,12.89,0.098,0,0,0,0
"2026-08-20 20:00:00",6267,28.81,12.88,12.9,12.83,0.106,0,0,0,0
"2026-08-20 20:15:00",6268,28.81,12.86,12.84,12.79,0.102,0,0,0,0
"2026-08-20 20:30:00",6269,28.85,12.83,12.82,12.74,0.103,0,0,0,0
"2026-08-20 20:45:00",6270,28.89,12.82,12.8,5.969,0.104,0,0,0,0
"2026-08-20 21:00:00",6271,28.94,12.73,12.69,0.61,0.152,0,0,0,0
"2026-08-20 21:15:00",6272,28.97,12.8,12.79,-0.117,0.092,0,0,0,0
"2026-08-20 21:30:00",6273,28.95,12.79,12.78,-0.172,0.097,0,0,0,0
"2026-08-20 21:45:00",6274,28.8,12.72,12.65,-0.339,0.158,0,0,0,0
"2026-08-20 22:00:00",6275,28.69,12.78,12.74,-0.173,0.095,0,0,0,0
"2026-08-20 22:15:00",6276,28.6,12.78,12.75,-0.206,0.099,0,0,0,0
"2026-08-20 22:30:00",6277,28.56,12.7,12.65,-0.365,0.154,0,0,0,0
"2026-08-20 22:45:00",6278,28.51,12.77,12.75,-0.18,0.096,0,0,0,0
"2026-08-20 23:00:00",6279,28.48,12.76,12.76,-0.186,0.094,0,0,0,0
"2026-08-20 23:15:00",6280,28.46,12.76,12.74,-0.206,0.097,0,0,0,0
"2026-08-20 23:30:00",6281,28.46,12.67,12.62,-0.408,0.139,0,0,0,0
"2026-08-20 23:45:00",6282,28.38,12.67,12.51,-0.368,0.151,0,0,0,0
"2026-08-21 00:00:00",6283,28.3,12.69,12.59,-0.351,0.154,0,0,0,0
"2026-08-21 00:15:00",6284,28.27,12.73,12.71,-0.165,0.099,0,0,0,0
"2026-08-21 00:30:00",6285,28.22,12.69,12.67,-0.231,0.121,0,0,0,0
"2026-08-21 00:45:00",6286,28.1,12.71,12.69,-0.228,0.108,0,0,0,0
"2026-08-21 01:00:00",6287,27.91,12.66,12.51,-0.529,0.193,0,0,0,0
"2026-08-21 01:15:00",6288,27.5,12.63,12.52,-0.555,0.182,0,0,0,0
"2026-08-21 01:30:00",6289,27.14,12.69,12.67,-0.263,0.123,0,0,0,0
"2026-08-21 01:45:00",6290,26.91,12.62,12.56,-0.546,0.167,0,0,0,0
"2026-08-21 02:00:00",6291,26.79,12.59,12.55,-0.427,0.173,0,0,0,0
"2026-08-21 02:15:00",6292,26.71,12.68,12.65,-0.238,0.119,0,0,0,0
"2026-08-21 02:30:00",6293,26.69,12.61,12.5,-0.482,0.183,0,0,0,0
"2026-08-21 02:45:00",6294,26.71,12.67,12.64,-0.226,0.121,0,0,0,0
"2026-08-21 03:00:00",6295,26.59,12.58,12.53,-0.542,0.169,0,0,0,0
"2026-08-21 03:15:00",6296,26.28,12.67,12.64,-0.252,0.132,0,0,0,0
"2026-08-21 03:30:00",6297,26.09,12.66,12.63,-0.298,0.121,0,0,0,0
"2026-08-21 03:45:00",6298,25.93,12.57,12.52,-0.497,0.164,0,0,0,0
"2026-08-21 04:00:00",6299,25.81,12.65,12.6,-0.294,0.121,0,0,0,0
"2026-08-21 04:15:00",6300,25.73,12.57,12.51,-0.439,0.181,0,0,0,0
"2026-08-21 04:30:00",6301,25.7,12.63,12.59,-0.361,0.136,0,0,0,0
"2026-08-21 04:45:00",6302,25.66,12.42,12.2,-0.897,0.282,0,0,0,0
"2026-08-21 05:00:00",6303,25.66,12.64,12.61,-0.246,0.12,0,0,0,0
"2026-08-21 05:15:00",6304,25.68,12.54,12.49,-0.476,0.173,0,0,0,0
"2026-08-21 05:30:00",6305,25.72,12.55,12.49,-0.431,0.179,0,0,0,0
"2026-08-21 05:45:00",6306,25.73,12.56,12.48,-0.459,0.192,0,0,0,0
"2026-08-21 06:00:00",6307,25.73,12.62,12.6,-0.323,0.126,0,0,0,0
"2026-08-21 06:15:00",6308,25.73,12.56,12.45,-0.505,0.172,0,0,0,0
"2026-08-21 06:30:00",6309,25.74,12.57,12.47,-0.214,0.166,0,0,0,0
"2026-08-21 06:45:00",6310,25.71,12.63,12.56,4.369,0.12,0,0,0,0
"2026-08-21 07:00:00",6311,25.68,12.62,12.59,12.51,0.131,0,0,0,0
"2026-08-21 07:15:00",6312,25.64,12.59,12.54,12.38,0.186,0,0,0,0
"2026-08-21 07:30:00",6313,25.62,12.55,12.49,12.3,0.187,0,0,0,0
"2026-08-21 07:45:00",6314,25.6,13.1,13.01,12.92,0.144,0,0,0,0
"2026-08-21 08:00:00",6315,25.65,13.51,13.42,13.21,0.145,0,0,0,0
"2026-08-21 08:15:00",6316,25.78,13.82,13.8,13.79,0.096,0,0,0,0
"2026-08-21 08:30:00",6317,26.01,13.87,13.79,13.66,0.136,0,0,0,0
"2026-08-21 08:45:00",6318,26.24,13.81,13.91,13.9,0.097,0,0,0,0
"2026-08-21 09:00:00",6319,26.47,13.82,13.93,13.89,0.104,0,0,0,0
"2026-08-21 09:15:00",6320,26.71,13.94,13.84,24.07,0.088,0,0,0,0
"2026-08-21 09:30:00",6321,26.99,13.86,13.64,13.67,0.139,0,0,0,0
"2026-08-21 09:45:00",6322,27.26,13.69,13.64,13.63,0.126,0,0,0,0
"2026-08-21 10:00:00",6323,27.55,13.78,13.88,23.75,0.086,0,0,0,0
"2026-08-21 10:15:00",6324,27.88,13.78,13.76,13.83,0.087,0,0,0,0
"2026-08-21 10:30:00",6325,28.23,13.79,13.88,23.55,0.088,0,0,0,0
"2026-08-21 10:45:00",6326,28.53,13.78,13.87,23.48,0.09,0,0,0,0
"2026-08-21 11:00:00",6327,28.8,13.79,13.86,23.3,0.094,0,0,0,0
"2026-08-21 11:15:00",6328,29.11,13.79,13.68,22.95,0.163,0,0,0,0
"2026-08-21 11:30:00",6329,29.47,13.34,13.43,23.31,0.101,0,0,0,0
"2026-08-21 11:45:00",6330,29.77,13.34,13.34,13.4,0.089,0,0,0,0
"2026-08-21 12:00:00",6331,30.11,13.35,13.29,22.91,0.142,0,0,0,0
"2026-08-21 12:15:00",6332,30.51,13.25,13.2,22.92,0.2,0,0,0,0
"2026-08-21 12:30:00",6333,30.85,13.24,13.21,13.12,0.167,0,0,0,0
"2026-08-21 12:45:00",6334,31.08,13.35,13.31,23.17,0.136,0,0,0,0
"2026-08-21 13:00:00",6335,31.26,13.32,13.4,23.32,0.095,0,0,0,0
"2026-08-21 13:15:00",6336,31.4,13.39,13.3,23.34,0.082,0,0,0,0
"2026-08-21 13:30:00",6337,31.51,13.4,13.3,23.3,0.097,0,0,0,0
"2026-08-21 13:45:00",6338,31.49,13.32,13.31,23.55,0.093,0,0,0,0
"2026-08-21 14:00:00",6339,31.3,13.32,13.19,23.38,0.142,0,0,0,0
"2026-08-21 14:15:00",6340,31.11,13.38,13.31,23.45,0.089,0,0,0,0
"2026-08-21 14:30:00",6341,30.93,13.29,13.28,13.32,0.109,0,0,0,0
"2026-08-21 14:45:00",6342,30.69,13.25,13.16,23.57,0.134,0,0,0,0
"2026-08-21 15:00:00",6343,30.44,13.25,13.19,13.16,0.128,0,0,0,0
"2026-08-21 15:15:00",6344,30.19,13.31,13.28,23.95,0.095,0,0,0,0
"2026-08-21 15:30:00",6345,29.89,13.33,13.19,23.77,0.139,0,0,0,0
"2026-08-21 15:45:00",6346,29.6,13.33,13.31,13.38,0.094,0,0,0,0
"2026-08-21 16:00:00",6347,29.38,13.41,13.25,23.36,0.12,0,0,0,0
"2026-08-21 16:15:00",6348,29.13,13.3,13.2,13.22,0.138,0,0,0,0
"2026-08-21 16:30:00",6349,28.92,13.33,13.25,13.22,0.13,0,0,0,0
"2026-08-21 16:45:00",6350,28.5,13.39,13.42,23.43,0.097,0,0,0,0
"2026-08-21 17:00:00",6351,28.26,13.42,13.38,24.07,0.088,0,0,0,0
"2026-08-21 17:15:00",6352,28.18,13.39,13.41,23.91,0.096,0,0,0,0
"2026-08-21 17:30:00",6353,28.09,13.45,13.44,23.14,0.1,0,0,0,0
"2026-08-21 17:45:00",6354,27.95,13.42,13.43,13.36,0.097,0,0,0,0
"2026-08-21 18:00:00",6355,27.77,13.44,13.39,13.38,0.09,0,0,0,0
"2026-08-21 18:15:00",6356,27.74,13.41,13.39,24.27,0.095,0,0,0,0
"2026-08-21 18:30:00",6357,27.78,13.41,13.19,23.46,0.153,0,0,0,0
"2026-08-21 18:45:00",6358,27.79,13.45,13.44,23.09,0.091,0,0,0,0
"2026-08-21 19:00:00",6359,27.79,13.34,13.17,13.22,0.136,0,0,0,0
"2026-08-21 19:15:00",6360,27.86,13.42,13.49,23.83,0.088,0,0,0,0
"2026-08-21 19:30:00",6361,27.94,13.28,13.24,13.08,0.156,0,0,0,0
"2026-08-21 19:45:00",6362,27.94,13.24,13.24,13.18,0.093,0,0,0,0
"2026-08-21 20:00:00",6363,27.87,13.15,13.13,13.08,0.093,0,0,0,0
"2026-08-21 20:15:00",6364,27.77,13.02,13.02,12.95,0.1,0,0,0,0
"2026-08-21 20:30:00",6365,27.67,12.91,12.92,12.85,0.093,0,0,0,0
"2026-08-21 20:45:00",6366,27.56,12.82,12.8,12.71,0.106,0,0,0,0
"2026-08-21 21:00:00",6367,27.4,12.75,12.67,5.55,0.18,0,0,0,0
"2026-08-21 21:15:00",6368,27.07,12.81,12.8,0.078,0.099,0,0,0,0
"2026-08-21 21:30:00",6369,26.97,12.73,12.63,-0.39,0.141,0,0,0,0
"2026-08-21 21:45:00",6370,26.92,12.7,12.68,-0.403,0.136,0,0,0,0
"2026-08-21 22:00:00",6371,26.89,12.79,12.78,-0.174,0.098,0,0,0,0
"2026-08-21 22:15:00",6372,26.85,12.78,12.75,-0.181,0.096,0,0,0,0
"2026-08-21 22:30:00",6373,26.77,12.77,12.76,-0.151,0.092,0,0,0,0
"2026-08-21 22:45:00",6374,26.68,12.77,12.75,-0.172,0.09,0,0,0,0
"2026-08-21 23:00:00",6375,26.6,12.77,12.75,-0.209,0.091,0,0,0,0
"2026-08-21 23:15:00",6376,26.57,12.77,12.75,-0.216,0.091,0,0,0,0
"2026-08-21 23:30:00",6377,26.56,12.75,12.76,-0.167,0.092,0,0,0,0
"2026-08-21 23:45:00",6378,26.55,12.73,12.74,-0.157,0.092,0,0,0,0
"2026-08-22 00:00:00",6379,26.56,12.76,12.74,-0.192,0.092,0,0,0,0
"2026-08-22 00:15:00",6380,26.62,12.74,12.73,-0.206,0.092,0,0,0,0
"2026-08-22 00:30:00",6381,26.65,12.74,12.72,-0.196,0.105,0,0,0,0
"2026-08-22 00:45:00",6382,26.65,12.74,12.73,-0.18,0.095,0,0,0,0
"2026-08-22 01:00:00",6383,26.62,12.74,12.71,-0.202,0.104,0,0,0,0
"2026-08-22 01:15:00",6384,26.59,12.72,12.69,-0.228,0.097,0,0,0,0
"2026-08-22 01:30:00",6385,26.57,12.72,12.69,-0.226,0.113,0,0,0,0
"2026-08-22 01:45:00",6386,26.49,12.63,12.52,-0.54,0.152,0,0,0,0
"2026-08-22 02:00:00",6387,26.43,12.63,12.59,-0.482,0.196,0,0,0,0
"2026-08-22 02:15:00",6388,26.34,12.62,12.5,-0.523,0.18,0,0,0,0
"2026-08-22 02:30:00",6389,26.09,12.59,12.5,-0.588,0.169,0,0,0,0
"2026-08-22 02:45:00",6390,25.82,12.65,12.61,-0.333,0.132,0,0,0,0
"2026-08-22 03:00:00",6391,25.72,12.6,12.53,-0.502,0.167,0,0,0,0
"2026-08-22 03:15:00",6392,25.7,12.61,12.63,-0.498,0.13,0,0,0,0
"2026-08-22 03:30:00",6393,25.68,12.68,12.64,-0.267,0.125,0,0,0,0
"2026-08-22 03:45:00",6394,25.65,12.6,12.54,-0.406,0.175,0,0,0,0
"2026-08-22 04:00:00",6395,25.65,12.66,12.52,-0.415,0.18,0,0,0,0
"2026-08-22 04:15:00",6396,25.59,12.67,12.62,-0.251,0.118,0,0,0,0
"2026-08-22 04:30:00",6397,25.56,12.63,12.5,-0.374,0.168,0,0,0,0
"2026-08-22 04:45:00",6398,25.58,12.59,12.5,-0.49,0.165,0,0,0,0
"2026-08-22 05:00:00",6399,25.58,12.64,12.59,-0.307,0.134,0,0,0,0
"2026-08-22 05:15:00",6400,25.6,12.65,12.63,-0.254,0.119,0,0,0,0
"2026-08-22 05:30:00",6401,25.64,12.64,12.63,-0.245,0.124,0,0,0,0
"2026-08-22 05:45:00",6402,25.65,12.56,12.45,-0.417,0.181,0,0,0,0
"2026-08-22 06:00:00",6403,25.65,12.55,12.48,-0.407,0.183,0,0,0,0
"2026-08-22 06:15:00",6404,25.66,12.63,12.61,-0.211,0.131,0,0,0,0
"2026-08-22 06:30:00",6405,25.69,12.57,12.46,0.015,0.175,0,0,0,0
"2026-08-22 06:45:00",6406,25.69,12.56,12.43,3.341,0.163,0,0,0,0
"2026-08-22 07:00:00",6407,25.69,12.54,12.41,12.19,0.166,0,0,0,0
"2026-08-22 07:15:00",6408,25.68,12.63,12.6,12.48,0.131,0,0,0,0
"2026-08-22 07:30:00",6409,25.7,12.54,12.48,12.27,0.177,0,0,0,0
"2026-08-22 07:45:00",6410,25.68,12.5,12.44,12.22,0.184,0,0,0,0
"2026-08-22 08:00:00",6411,25.68,12.56,12.46,12.32,0.188,0,0,0,0
"2026-08-22 08:15:00",6412,25.67,12.64,12.6,12.49,0.127,0,0,0,0
"2026-08-22 08:30:00",6413,25.68,12.68,12.64,12.6,0.105,0,0,0,0
"2026-08-22 08:45:00",6414,25.66,12.7,12.57,12.55,0.136,0,0,0,0
"2026-08-22 09:00:00",6415,25.65,12.8,12.79,12.7,0.103,0,0,0,0
"2026-08-22 09:15:00",6416,25.64,12.84,12.8,12.65,0.144,0,0,0,0
"2026-08-22 09:30:00",6417,25.68,13.17,13.04,12.96,0.142,0,0,0,0
"2026-08-22 09:45:00",6418,25.7,13.25,13.22,13.18,0.089,0,0,0,0
"2026-08-22 10:00:00",6419,25.67,13.24,13.14,13,0.156,0,0,0,0
"2026-08-22 10:15:00",6420,25.72,13.43,13.4,13.3,0.105,0,0,0,0
"2026-08-22 10:30:00",6421,25.82,13.46,13.45,13.38,0.095,0,0,0,0
"2026-08-22 10:45:00",6422,25.88,13.43,13.38,13.23,0.131,0,0,0,0
"2026-08-22 11:00:00",6423,25.97,13.66,13.62,13.41,0.151,0,0,0,0
"2026-08-22 11:15:00",6424,26.15,13.88,13.78,13.88,0.065,0,0,0,0
"2026-08-22 11:30:00",6425,26.43,13.93,13.79,13.91,0.093,0,0,0,0
"2026-08-22 11:45:00",6426,26.69,13.85,13.71,23.56,0.163,0,0,0,0
"2026-08-22 12:00:00",6427,26.9,13.85,13.65,20.45,0.135,0,0,0,0
"2026-08-22 12:15:00",6428,27.08,13.8,13.86,13.85,0.091,0,0,0,0
"2026-08-22 12:30:00",6429,27.26,13.81,13.83,13.83,0.091,0,0,0,0
"2026-08-22 12:45:00",6430,27.37,13.74,13.75,13.63,0.146,0,0,0,0
"2026-08-22 13:00:00",6431,27.51,13.75,13.68,13.55,0.143,0,0,0,0
"2026-08-22 13:15:00",6432,27.64,13.75,13.65,13.55,0.16,0,0,0,0
"2026-08-22 13:30:00",6433,27.83,13.88,13.87,23.71,0.089,0,0,0,0
"2026-08-22 13:45:00",6434,27.96,13.41,13.4,22.11,0.095,0,0,0,0
"2026-08-22 14:00:00",6435,28.1,13.29,13.24,13.07,0.151,0,0,0,0
"2026-08-22 14:15:00",6436,28.15,13.46,13.38,23.72,0.097,0,0,0,0
"2026-08-22 14:30:00",6437,28.21,13.44,13.37,20.7,0.079,0,0,0,0
"2026-08-22 14:45:00",6438,28.23,13.39,13.43,23.71,0.09,0,0,0,0
"2026-08-22 15:00:00",6439,28.3,13.3,13.26,13.16,0.154,0,0,0,0
"2026-08-22 15:15:00",6440,28.43,13.33,13.23,23.46,0.154,0,0,0,0
"2026-08-22 15:30:00",6441,28.67,13.41,13.23,23.33,0.14,0,0,0,0
"2026-08-22 15:45:00",6442,28.91,13.4,13.35,20.09,0.135,0,0,0,0
"2026-08-22 16:00:00",6443,29.16,13.36,13.33,23.51,0.088,0,0,0,0
"2026-08-22 16:15:00",6444,29.4,13.45,13.33,23.59,0.09,0,0,0,0
"2026-08-22 16:30:00",6445,29.65,13.34,13.3,23.46,0.111,0,0,0,0
"2026-08-22 16:45:00",6446,29.84,13.41,13.28,23.68,0.092,0,0,0,0
"2026-08-22 17:00:00",6447,30,13.25,13.13,13.11,0.182,0,0,0,0
"2026-08-22 17:15:00",6448,30.11,13.32,13.28,21.18,0.09,0,0,0,0
"2026-08-22 17:30:00",6449,30.24,13.23,13.07,13.13,0.16,0,0,0,0
"2026-08-22 17:45:00",6450,30.32,13.32,13.29,23.72,0.097,0,0,0,0
"2026-08-22 18:00:00",6451,30.38,13.33,13.29,15.39,0.091,0,0,0,0
"2026-08-22 18:15:00",6452,30.42,13.3,13.25,23.75,0.1,0,0,0,0
"2026-08-22 18:30:00",6453,30.52,13.3,13.26,23.7,0.099,0,0,0,0
"2026-08-22 18:45:00",6454,30.57,13.3,13.27,14.07,0.095,0,0,0,0
"2026-08-22 19:00:00",6455,30.6,13.31,13.12,23.44,0.12,0,0,0,0
"2026-08-22 19:15:00",6456,30.61,13.3,13.26,13.38,0.093,0,0,0,0
"2026-08-22 19:30:00",6457,30.6,13.29,13.26,23.53,0.094,0,0,0,0
"2026-08-22 19:45:00",6458,30.47,13.23,13.14,13.07,0.132,0,0,0,0
"2026-08-22 20:00:00",6459,30.33,13.3,13.28,13.27,0.106,0,0,0,0
"2026-08-22 20:15:00",6460,30.16,13.33,13.34,13.27,0.098,0,0,0,0
"2026-08-22 20:30:00",6461,29.92,13.15,13.08,12.99,0.149,0,0,0,0
"2026-08-22 20:45:00",6462,29.57,12.98,12.89,12.79,0.149,0,0,0,0
"2026-08-22 21:00:00",6463,29.16,12.91,12.89,6.579,0.095,0,0,0,0
"2026-08-22 21:15:00",6464,28.76,12.84,12.84,0.297,0.1,0,0,0,0
"2026-08-22 21:30:00",6465,28.43,12.82,12.8,-0.153,0.093,0,0,0,0
"2026-08-22 21:45:00",6466,28.12,12.73,12.69,-0.396,0.154,0,0,0,0
"2026-08-22 22:00:00",6467,27.85,12.79,12.79,-0.194,0.099,0,0,0,0
"2026-08-22 22:15:00",6468,27.62,12.78,12.68,-0.193,0.118,0,0,0,0
"2026-08-22 22:30:00",6469,27.45,12.78,12.77,-0.195,0.099,0,0,0,0
"2026-08-22 22:45:00",6470,27.27,12.79,12.7,-0.323,0.137,0,0,0,0
"2026-08-22 23:00:00",6471,27.13,12.78,12.76,-0.223,0.092,0,0,0,0
"2026-08-22 23:15:00",6472,27.01,12.69,12.64,-0.392,0.162,0,0,0,0
"2026-08-22 23:30:00",6473,26.92,12.77,12.75,-0.19,0.097,0,0,0,0
"2026-08-22 23:45:00",6474,26.82,12.77,12.75,-0.185,0.091,0,0,0,0
"2026-08-23 00:00:00",6475,26.73,12.7,12.6,-0.456,0.139,0,0,0,0
"2026-08-23 00:15:00",6476,26.7,12.76,12.74,-0.204,0.094,0,0,0,0
"2026-08-23 00:30:00",6477,26.68,12.67,12.63,-0.382,0.151,0,0,0,0
"2026-08-23 00:45:00",6478,26.6,12.73,12.7,-0.314,0.108,0,0,0,0
"2026-08-23 01:00:00",6479,26.54,12.75,12.74,-0.201,0.097,0,0,0,0
"2026-08-23 01:15:00",6480,26.51,12.73,12.72,-0.198,0.095,0,0,0,0
"2026-08-23 01:30:00",6481,26.49,12.64,12.58,-0.49,0.172,0,0,0,0
"2026-08-23 01:45:00",6482,26.45,12.66,12.58,-0.492,0.133,0,0,0,0
"2026-08-23 02:00:00",6483,26.39,12.65,12.61,-0.464,0.135,0,0,0,0
"2026-08-23 02:15:00",6484,26.35,12.71,12.68,-0.353,0.162,0,0,0,0
"2026-08-23 02:30:00",6485,26.32,12.72,12.69,-0.207,0.101,0,0,0,0
"2026-08-23 02:45:00",6486,26.25,12.6,12.56,-0.483,0.136,0,0,0,0
"2026-08-23 03:00:00",6487,26.18,12.65,12.57,-0.464,0.136,0,0,0,0
"2026-08-23 03:15:00",6488,26.1,12.61,12.59,-0.471,0.153,0,0,0,0
"2026-08-23 03:30:00",6489,26.05,12.61,12.55,-0.465,0.156,0,0,0,0
"2026-08-23 03:45:00",6490,25.98,12.68,12.66,-0.294,0.105,0,0,0,0
"2026-08-23 04:00:00",6491,25.92,12.59,12.49,-0.591,0.164,0,0,0,0
"2026-08-23 04:15:00",6492,25.88,12.59,12.49,-1.323,0.224,0,0,0,0
"2026-08-23 04:30:00",6493,25.87,12.6,12.49,-0.552,0.162,0,0,0,0
"2026-08-23 04:45:00",6494,25.85,12.59,12.52,-0.512,0.165,0,0,0,0
"2026-08-23 05:00:00",6495,25.83,12.5,12.48,-0.571,0.191,0,0,0,0
"2026-08-23 05:15:00",6496,25.81,12.66,12.62,-0.28,0.127,0,0,0,0
"2026-08-23 05:30:00",6497,25.81,12.65,12.62,-0.295,0.121,0,0,0,0
"2026-08-23 05:45:00",6498,25.77,12.65,12.57,-0.28,0.133,0,0,0,0
"2026-08-23 06:00:00",6499,25.72,12.62,12.58,-0.337,0.134,0,0,0,0
"2026-08-23 06:15:00",6500,25.67,12.58,12.47,-0.518,0.162,0,0,0,0
"2026-08-23 06:30:00",6501,25.63,12.64,12.61,0.176,0.122,0,0,0,0
"2026-08-23 06:45:00",6502,25.6,12.62,12.6,6.509,0.12,0,0,0,0
"2026-08-23 07:00:00",6503,25.56,12.55,12.48,12.36,0.172,0,0,0,0
"2026-08-23 07:15:00",6504,25.53,12.57,12.51,12.33,0.181,0,0,0,0
"2026-08-23 07:30:00",6505,25.52,12.75,12.77,12.48,0.139,0,0,0,0
"2026-08-23 07:45:00",6506,25.53,13.23,13.15,13.05,0.151,0,0,0,0
"2026-08-23 08:00:00",6507,25.59,13.55,13.51,13.45,0.119,0,0,0,0
"2026-08-23 08:15:00",6508,25.7,13.69,13.58,13.43,0.155,0,0,0,0
"2026-08-23 08:30:00",6509,25.9,13.83,13.75,13.57,0.153,0,0,0,0
"2026-08-23 08:45:00",6510,26.14,13.79,13.86,13.77,0.116,0,0,0,0
"2026-08-23 09:00:00",6511,26.44,13.9,13.77,23.46,0.165,0,0,0,0
"2026-08-23 09:15:00",6512,26.8,13.92,13.81,23.32,0.117,0,0,0,0
"2026-08-23 09:30:00",6513,27.23,13.88,13.7,23.05,0.164,0,0,0,0
"2026-08-23 09:45:00",6514,27.7,13.79,13.74,13.82,0.116,0,0,0,0
"2026-08-23 10:00:00",6515,28.22,13.79,13.86,22.9,0.119,0,0,0,0
"2026-08-23 10:15:00",6516,28.75,13.76,13.74,22.86,0.125,0,0,0,0
"2026-08-23 10:30:00",6517,29.29,13.63,13.48,13.48,0.161,0,0,0,0
"2026-08-23 10:45:00",6518,29.72,13.78,13.87,22.85,0.101,0,0,0,0
"2026-08-23 11:00:00",6519,30.07,13.76,13.73,13.82,0.098,0,0,0,0
"2026-08-23 11:15:00",6520,30.35,13.83,13.71,22.91,0.121,0,0,0,0
"2026-08-23 11:30:00",6521,30.66,13.33,13.31,23.1,0.095,0,0,0,0
"2026-08-23 11:45:00",6522,30.87,13.33,13.4,23.31,0.098,0,0,0,0
"2026-08-23 12:00:00",6523,30.99,13.36,13.31,23.37,0.105,0,0,0,0
"2026-08-23 12:15:00",6524,31.06,13.33,13.39,23.33,0.101,0,0,0,0
"2026-08-23 12:30:00",6525,31.13,13.32,13.4,23.41,0.102,0,0,0,0
"2026-08-23 12:45:00",6526,31.13,13.33,13.31,13.34,0.112,0,0,0,0
"2026-08-23 13:00:00",6527,31.11,13.32,13.3,23.45,0.104,0,0,0,0
"2026-08-23 13:15:00",6528,31.09,13.38,13.3,23.46,0.072,0,0,0,0
"2026-08-23 13:30:00",6529,31.08,13.33,13.38,23.29,0.108,0,0,0,0
"2026-08-23 13:45:00",6530,31.05,13.4,13.29,23.73,0.103,0,0,0,0
"2026-08-23 14:00:00",6531,31.01,13.33,13.3,13.35,0.099,0,0,0,0
"2026-08-23 14:15:00",6532,30.99,13.39,13.31,23.28,0.1,0,0,0,0
"2026-08-23 14:30:00",6533,31.01,13.26,13.15,23.12,0.136,0,0,0,0
"2026-08-23 14:45:00",6534,31.03,13.34,13.31,23.34,0.094,0,0,0,0
"2026-08-23 15:00:00",6535,31.08,13.37,13.31,23.39,0.107,0,0,0,0
"2026-08-23 15:15:00",6536,31.16,13.35,13.3,23.5,0.089,0,0,0,0
"2026-08-23 15:30:00",6537,31.29,13.43,13.31,23.43,0.092,0,0,0,0
"2026-08-23 15:45:00",6538,31.34,13.3,13.29,23.44,0.095,0,0,0,0
"2026-08-23 16:00:00",6539,31.33,13.41,13.28,23.51,0.103,0,0,0,0
"2026-08-23 16:15:00",6540,31.26,13.3,13.27,23.5,0.096,0,0,0,0
"2026-08-23 16:30:00",6541,31.18,13.28,13.15,23.23,0.117,0,0,0,0
"2026-08-23 16:45:00",6542,31.04,13.33,13.29,23.53,0.09,0,0,0,0
"2026-08-23 17:00:00",6543,30.95,13.39,13.17,23.26,0.142,0,0,0,0
"2026-08-23 17:15:00",6544,30.87,13.25,13.18,13.13,0.135,0,0,0,0
"2026-08-23 17:30:00",6545,30.82,13.24,13.15,23.35,0.19,0,0,0,0
"2026-08-23 17:45:00",6546,30.75,13.33,13.31,23.53,0.091,0,0,0,0
"2026-08-23 18:00:00",6547,30.71,13.25,13.21,13.23,0.144,0,0,0,0
"2026-08-23 18:15:00",6548,30.72,13.31,13.29,23.51,0.102,0,0,0,0
"2026-08-23 18:30:00",6549,30.76,13.33,13.31,23.66,0.093,0,0,0,0
"2026-08-23 18:45:00",6550,30.78,13.33,13.32,23.61,0.093,0,0,0,0
"2026-08-23 19:00:00",6551,30.81,13.3,13.2,22.36,0.138,0,0,0,0
"2026-08-23 19:15:00",6552,30.76,13.34,13.28,13.25,0.09,0,0,0,0
"2026-08-23 19:30:00",6553,30.6,13.14,13.07,12.89,0.158,0,0,0,0
"2026-08-23 19:45:00",6554,30.35,13.14,13.14,13.05,0.094,0,0,0,0
"2026-08-23 20:00:00",6555,30.08,13.06,13.05,12.98,0.093,0,0,0,0
"2026-08-23 20:15:00",6556,29.83,13.06,13.07,12.99,0.103,0,0,0,0
"2026-08-23 20:30:00",6557,29.65,13.06,13.03,12.96,0.102,0,0,0,0
"2026-08-23 20:45:00",6558,29.47,12.82,12.78,12.61,0.118,0,0,0,0
"2026-08-23 21:00:00",6559,29.3,12.85,12.82,3.651,0.093,0,0,0,0
"2026-08-23 21:15:00",6560,29.14,12.82,12.8,0.08,0.098,0,0,0,0
"2026-08-23 21:30:00",6561,29.03,12.74,12.61,-0.419,0.14,0,0,0,0
"2026-08-23 21:45:00",6562,28.9,12.8,12.77,-0.234,0.094,0,0,0,0
"2026-08-23 22:00:00",6563,28.78,12.78,12.78,-0.198,0.101,0,0,0,0
"2026-08-23 22:15:00",6564,28.67,12.79,12.77,-0.189,0.096,0,0,0,0
"2026-08-23 22:30:00",6565,28.59,12.78,12.77,-0.189,0.094,0,0,0,0
"2026-08-23 22:45:00",6566,28.51,12.76,12.72,-0.251,0.117,0,0,0,0
"2026-08-23 23:00:00",6567,28.43,12.72,12.61,-0.436,0.137,0,0,0,0
"2026-08-23 23:15:00",6568,28.36,12.71,12.61,-0.476,0.132,0,0,0,0
"2026-08-23 23:30:00",6569,28.32,12.77,12.75,-0.196,0.09,0,0,0,0
"2026-08-23 23:45:00",6570,28.26,12.75,12.69,-0.277,0.113,0,0,0,0
"2026-08-24 00:00:00",6571,28.19,12.76,12.7,-0.25,0.132,0,0,0,0
"2026-08-24 00:15:00",6572,28.18,12.75,12.72,-0.186,0.097,0,0,0,0
"2026-08-24 00:30:00",6573,28.15,12.67,12.62,-0.46,0.134,0,0,0,0
"2026-08-24 00:45:00",6574,28.09,12.67,12.53,-0.48,0.177,0,0,0,0
"2026-08-24 01:00:00",6575,28.03,12.68,12.57,-0.412,0.153,0,0,0,0
"2026-08-24 01:15:00",6576,27.96,12.67,12.55,-0.449,0.147,0,0,0,0
"2026-08-24 01:30:00",6577,27.93,12.67,12.59,-0.431,0.143,0,0,0,0
"2026-08-24 01:45:00",6578,27.89,12.65,12.6,-0.393,0.134,0,0,0,0
"2026-08-24 02:00:00",6579,27.84,12.72,12.71,-0.219,0.092,0,0,0,0
"2026-08-24 02:15:00",6580,27.79,12.63,12.57,-0.371,0.164,0,0,0,0
"2026-08-24 02:30:00",6581,27.77,12.7,12.69,-0.199,0.094,0,0,0,0
"2026-08-24 02:45:00",6582,27.72,12.72,12.69,-0.211,0.092,0,0,0,0
"2026-08-24 03:00:00",6583,27.66,12.71,12.69,-0.23,0.094,0,0,0,0
"2026-08-24 03:15:00",6584,27.6,12.62,12.56,-0.389,0.15,0,0,0,0
"2026-08-24 03:30:00",6585,27.56,12.64,12.55,-0.41,0.149,0,0,0,0
"2026-08-24 03:45:00",6586,27.51,12.7,12.68,-0.218,0.102,0,0,0,0
"2026-08-24 04:00:00",6587,27.43,12.63,12.57,-0.448,0.144,0,0,0,0
"2026-08-24 04:15:00",6588,27.37,12.68,12.68,-0.247,0.092,0,0,0,0
"2026-08-24 04:30:00",6589,27.33,12.56,12.56,-0.44,0.169,0,0,0,0
"2026-08-24 04:45:00",6590,27.27,12.66,12.6,-0.266,0.145,0,0,0,0
"2026-08-24 05:00:00",6591,27.21,12.56,12.47,-0.614,0.179,0,0,0,0
"2026-08-24 05:15:00",6592,27.16,12.66,12.61,-0.313,0.123,0,0,0,0
"2026-08-24 05:30:00",6593,27.13,12.58,12.49,-0.513,0.179,0,0,0,0
"2026-08-24 05:45:00",6594,27.09,12.58,12.58,-0.504,0.134,0,0,0,0
"2026-08-24 06:00:00",6595,27.02,12.56,12.44,-0.571,0.173,0,0,0,0
"2026-08-24 06:15:00",6596,26.98,12.63,12.61,-0.275,0.121,0,0,0,0
"2026-08-24 06:30:00",6597,26.96,12.64,12.6,0.19,0.115,0,0,0,0
"2026-08-24 06:45:00",6598,26.91,12.64,12.61,5.724,0.127,0,0,0,0
"2026-08-24 07:00:00",6599,26.87,12.63,12.6,12.49,0.142,0,0,0,0
"2026-08-24 07:15:00",6600,26.83,12.6,12.49,12.28,0.169,0,0,0,0
"2026-08-24 07:30:00",6601,26.83,12.74,12.71,12.61,0.127,0,0,0,0
"2026-08-24 07:45:00",6602,26.81,12.87,12.82,12.71,0.125,0,0,0,0
"2026-08-24 08:00:00",6603,26.81,13.08,12.95,12.8,0.182,0,0,0,0
"2026-08-24 08:15:00",6604,26.89,13.44,13.31,13.18,0.18,0,0,0,0
"2026-08-24 08:30:00",6605,27.05,13.66,13.56,13.39,0.161,0,0,0,0
"2026-08-24 08:45:00",6606,27.24,13.75,13.63,13.46,0.166,0,0,0,0
"2026-08-24 09:00:00",6607,27.46,13.69,13.66,13.54,0.238,0,0,0,0
"2026-08-24 09:15:00",6608,27.72,13.87,13.75,23.28,0.114,0,0,0,0
"2026-08-24 09:30:00",6609,28.03,13.8,13.69,23.55,0.171,0,0,0,0
"2026-08-24 09:45:00",6610,28.32,13.68,13.67,22.84,0.155,0,0,0,0
"2026-08-24 10:00:00",6611,28.63,13.74,13.76,13.76,0.118,0,0,0,0
"2026-08-24 10:15:00",6612,28.96,13.86,13.73,21.22,0.116,0,0,0,0
"2026-08-24 10:30:00",6613,29.34,13.76,13.56,22.81,0.17,0,0,0,0
"2026-08-24 10:45:00",6614,29.75,13.63,13.63,22.89,0.17,0,0,0,0
"2026-08-24 11:00:00",6615,30.19,13.61,13.51,13.21,0.188,0,0,0,0
"2026-08-24 11:15:00",6616,30.56,13.74,13.53,22.93,0.259,0,0,0,0
"2026-08-24 11:30:00",6617,30.81,13.83,13.7,23.23,0.108,0,0,0,0
"2026-08-24 11:45:00",6618,30.97,13.33,13.31,23.35,0.104,0,0,0,0
"2026-08-24 12:00:00",6619,31.08,13.37,13.3,23.47,0.141,0,0,0,0
"2026-08-24 12:15:00",6620,31.08,13.26,13.17,18.35,0.148,0,0,0,0
"2026-08-24 12:30:00",6621,31.17,13.39,13.29,23.41,0.072,0,0,0,0
"2026-08-24 12:45:00",6622,31.36,13.3,13.35,23.27,0.092,0,0,0,0
"2026-08-24 13:00:00",6623,31.55,13.3,13.27,14.95,0.09,0,0,0,0
"2026-08-24 13:15:00",6624,31.7,13.35,13.28,23.39,0.091,0,0,0,0
"2026-08-24 13:30:00",6625,31.76,13.23,13.15,13.06,0.131,0,0,0,0
"2026-08-24 13:45:00",6626,31.79,13.33,13.22,23.37,0.091,0,0,0,0
"2026-08-24 14:00:00",6627,31.77,13.28,13.28,23.48,0.095,0,0,0,0
"2026-08-24 14:15:00",6628,31.77,13.29,13.38,23.38,0.092,0,0,0,0
"2026-08-24 14:30:00",6629,31.77,13.23,13.17,23.18,0.143,0,0,0,0
"2026-08-24 14:45:00",6630,31.76,13.4,13.28,23.61,0.098,0,0,0,0
"2026-08-24 15:00:00",6631,31.71,13.28,13.36,23.53,0.09,0,0,0,0
"2026-08-24 15:15:00",6632,31.66,13.29,13.34,23.21,0.09,0,0,0,0
"2026-08-24 15:30:00",6633,31.62,13.17,13.2,22.94,0.153,0,0,0,0
"2026-08-24 15:45:00",6634,31.51,13.34,13.28,22.13,0.091,0,0,0,0
"2026-08-24 16:00:00",6635,31.38,13.24,13.28,13.2,0.101,0,0,0,0
"2026-08-24 16:15:00",6636,31.26,13.3,13.33,23.39,0.09,0,0,0,0
"2026-08-24 16:30:00",6637,31.21,13.3,13.36,23.64,0.09,0,0,0,0
"2026-08-24 16:45:00",6638,31.24,13.2,13.18,23.16,0.152,0,0,0,0
"2026-08-24 17:00:00",6639,31.34,13.26,13.22,23.45,0.105,0,0,0,0
"2026-08-24 17:15:00",6640,31.41,13.28,13.31,13.35,0.094,0,0,0,0
"2026-08-24 17:30:00",6641,31.38,13.32,13.29,22.14,0.098,0,0,0,0
"2026-08-24 17:45:00",6642,31.16,13.22,13.19,13.16,0.091,0,0,0,0
"2026-08-24 18:00:00",6643,30.86,13.12,13.1,13.01,0.107,0,0,0,0
"2026-08-24 18:15:00",6644,30.56,12.93,12.87,12.67,0.157,0,0,0,0
"2026-08-24 18:30:00",6645,30.31,12.87,12.76,12.61,0.151,0,0,0,0
"2026-08-24 18:45:00",6646,30.06,12.87,12.85,12.78,0.096,0,0,0,0
"2026-08-24 19:00:00",6647,29.83,12.83,12.76,12.74,0.104,0,0,0,0
"2026-08-24 19:15:00",6648,29.55,12.76,12.68,12.5,0.154,0,0,0,0
"2026-08-24 19:30:00",6649,29.14,12.84,12.83,12.77,0.092,0,0,0,0
"2026-08-24 19:45:00",6650,28.57,12.85,12.84,12.75,0.092,0,0,0,0
"2026-08-24 20:00:00",6651,28.11,12.97,12.85,12.71,0.166,0,0,0,0
"2026-08-24 20:15:00",6652,27.76,13.15,13.14,13.03,0.091,0,0,0,0
"2026-08-24 20:30:00",6653,27.66,12.97,12.93,12.72,0.146,0,0,0,0
"2026-08-24 20:45:00",6654,27.53,12.92,12.87,12.83,0.104,0,0,0,0
"2026-08-24 21:00:00",6655,27.4,12.74,12.57,5.257,0.162,0,0,0,0
"2026-08-24 21:15:00",6656,27.27,12.68,12.63,-0.091,0.146,0,0,0,0
"2026-08-24 21:30:00",6657,27.2,12.78,12.75,-0.153,0.128,0,0,0,0
"2026-08-24 21:45:00",6658,27.13,12.78,12.75,-0.193,0.097,0,0,0,0
"2026-08-24 22:00:00",6659,27.05,12.77,12.74,-0.184,0.093,0,0,0,0
"2026-08-24 22:15:00",6660,26.96,12.74,12.7,-0.253,0.116,0,0,0,0
"2026-08-24 22:30:00",6661,26.91,12.7,12.6,-0.524,0.157,0,0,0,0
"2026-08-24 22:45:00",6662,26.84,12.75,12.74,-0.176,0.096,0,0,0,0
"2026-08-24 23:00:00",6663,26.79,12.75,12.71,-0.179,0.09,0,0,0,0
"2026-08-24 23:15:00",6664,26.77,12.74,12.71,-0.192,0.101,0,0,0,0
"2026-08-24 23:30:00",6665,26.78,12.73,12.71,-0.191,0.094,0,0,0,0
"2026-08-24 23:45:00",6666,26.77,12.64,12.6,-0.497,0.138,0,0,0,0
"2026-08-25 00:00:00",6667,26.76,12.66,12.59,-0.466,0.145,0,0,0,0
"2026-08-25 00:15:00",6668,26.77,12.72,12.7,-0.193,0.092,0,0,0,0
"2026-08-25 00:30:00",6669,26.78,12.71,12.71,-0.207,0.089,0,0,0,0
"2026-08-25 00:45:00",6670,26.73,12.72,12.71,-0.201,0.098,0,0,0,0
"2026-08-25 01:00:00",6671,26.68,12.69,12.54,-0.22,0.149,0,0,0,0
"2026-08-25 01:15:00",6672,26.65,12.64,12.56,-0.386,0.199,0,0,0,0
"2026-08-25 01:30:00",6673,26.64,12.6,12.58,-0.433,0.148,0,0,0,0
"2026-08-25 01:45:00",6674,26.63,12.63,12.56,-0.455,0.133,0,0,0,0
"2026-08-25 02:00:00",6675,26.62,12.61,12.55,-0.367,0.162,0,0,0,0
"2026-08-25 02:15:00",6676,26.62,12.69,12.65,-0.197,0.093,0,0,0,0
"2026-08-25 02:30:00",6677,26.65,12.69,12.68,-0.241,0.098,0,0,0,0
"2026-08-25 02:45:00",6678,26.64,12.69,12.67,-0.212,0.094,0,0,0,0
"2026-08-25 03:00:00",6679,26.63,12.68,12.66,-0.24,0.095,0,0,0,0
"2026-08-25 03:15:00",6680,26.6,12.59,12.55,-0.473,0.134,0,0,0,0
"2026-08-25 03:30:00",6681,26.61,12.56,12.49,-0.545,0.169,0,0,0,0
"2026-08-25 03:45:00",6682,26.59,12.48,12.51,-0.406,0.148,0,0,0,0
"2026-08-25 04:00:00",6683,26.54,12.6,12.51,-0.776,0.14,0,0,0,0
"2026-08-25 04:15:00",6684,26.48,12.67,12.65,-0.209,0.092,0,0,0,0
"2026-08-25 04:30:00",6685,26.43,12.58,12.54,-0.418,0.141,0,0,0,0
"2026-08-25 04:45:00",6686,26.36,12.66,12.64,-0.211,0.094,0,0,0,0
"2026-08-25 05:00:00",6687,26.28,12.65,12.64,-0.212,0.103,0,0,0,0
"2026-08-25 05:15:00",6688,26.21,12.59,12.55,-0.396,0.123,0,0,0,0
"2026-08-25 05:30:00",6689,26.17,12.65,12.63,-0.217,0.092,0,0,0,0
"2026-08-25 05:45:00",6690,26.12,12.52,12.46,-0.567,0.136,0,0,0,0
"2026-08-25 06:00:00",6691,26.08,12.57,12.5,-0.516,0.147,0,0,0,0
"2026-08-25 06:15:00",6692,26.06,12.64,12.62,-0.273,0.103,0,0,0,0
"2026-08-25 06:30:00",6693,26.08,12.53,12.27,-0.343,0.301,0,0,0,0
"2026-08-25 06:45:00",6694,26.08,12.62,12.58,2.015,0.129,0,0,0,0
"2026-08-25 07:00:00",6695,26.09,12.54,12.44,12.23,0.159,0,0,0,0
"2026-08-25 07:15:00",6696,26.1,12.54,12.43,12.23,0.176,0,0,0,0
"2026-08-25 07:30:00",6697,26.14,12.64,12.6,12.48,0.128,0,0,0,0
"2026-08-25 07:45:00",6698,26.15,12.61,12.54,12.36,0.149,0,0,0,0
"2026-08-25 08:00:00",6699,26.14,12.64,12.58,12.41,0.179,0,0,0,0
"2026-08-25 08:15:00",6700,26.13,12.85,12.81,12.72,0.131,0,0,0,0
"2026-08-25 08:30:00",6701,26.13,13.25,13.22,13.12,0.123,0,0,0,0
"2026-08-25 08:45:00",6702,26.18,13.81,13.75,13.7,0.123,0,0,0,0
"2026-08-25 09:00:00",6703,26.4,13.87,13.82,23.73,0.122,0,0,0,0
"2026-08-25 09:15:00",6704,26.74,13.81,13.63,13.51,0.186,0,0,0,0
"2026-08-25 09:30:00",6705,27.19,13.88,13.82,23.27,0.112,0,0,0,0
"2026-08-25 09:45:00",6706,27.69,13.87,13.68,13.7,0.138,0,0,0,0
"2026-08-25 10:00:00",6707,28.16,13.83,13.69,23.29,0.173,0,0,0,0
"2026-08-25 10:15:00",6708,28.58,13.8,13.55,13.77,0.164,0,0,0,0
"2026-08-25 10:30:00",6709,28.98,13.86,13.67,23.53,0.119,0,0,0,0
"2026-08-25 10:45:00",6710,29.29,13.68,13.78,23.53,0.117,0,0,0,0
"2026-08-25 11:00:00",6711,29.51,13.61,13.4,13.47,0.179,0,0,0,0
"2026-08-25 11:15:00",6712,29.73,13.69,13.77,23.49,0.119,0,0,0,0
"2026-08-25 11:30:00",6713,29.98,13.62,13.61,14.94,0.161,0,0,0,0
"2026-08-25 11:45:00",6714,30.19,13.3,13.26,23.08,0.124,0,0,0,0
"2026-08-25 12:00:00",6715,30.47,13.27,13.28,13.69,0.092,0,0,0,0
"2026-08-25 12:15:00",6716,30.74,13.4,13.27,23.25,0.089,0,0,0,0
"2026-08-25 12:30:00",6717,31.05,13.24,13.2,22.89,0.145,0,0,0,0
"2026-08-25 12:45:00",6718,31.22,13.3,13.28,23.63,0.097,0,0,0,0
"2026-08-25 13:00:00",6719,31.21,13.29,13.35,23.42,0.09,0,0,0,0
"2026-08-25 13:15:00",6720,31.13,13.3,13.27,21.42,0.092,0,0,0,0
"2026-08-25 13:30:00",6721,31.01,13.3,13.25,23.42,0.089,0,0,0,0
"2026-08-25 13:45:00",6722,30.8,13.32,13.36,23.51,0.09,0,0,0,0
"2026-08-25 14:00:00",6723,30.53,13.34,13.16,23.39,0.111,0,0,0,0
"2026-08-25 14:15:00",6724,30.41,13.46,13.31,23.7,0.098,0,0,0,0
"2026-08-25 14:30:00",6725,30.35,13.26,13.15,23.53,0.132,0,0,0,0
"2026-08-25 14:45:00",6726,30.29,13.33,13.31,23.63,0.09,0,0,0,0
"2026-08-25 15:00:00",6727,30.23,13.29,13.31,23.52,0.099,0,0,0,0
"2026-08-25 15:15:00",6728,30.17,13.21,13.19,23.63,0.163,0,0,0,0
"2026-08-25 15:30:00",6729,30.09,13.27,13.17,23.73,0.156,0,0,0,0
"2026-08-25 15:45:00",6730,29.84,13.33,13.31,24.25,0.096,0,0,0,0
"2026-08-25 16:00:00",6731,29.33,13.36,13.33,23.51,0.09,0,0,0,0
"2026-08-25 16:15:00",6732,29.03,13.36,13.34,20.71,0.097,0,0,0,0
"2026-08-25 16:30:00",6733,29.01,13.31,13.2,23.85,0.145,0,0,0,0
"2026-08-25 16:45:00",6734,28.97,13.33,13.26,23.99,0.15,0,0,0,0
"2026-08-25 17:00:00",6735,28.82,13.38,13.34,24.08,0.108,0,0,0,0
"2026-08-25 17:15:00",6736,28.81,13.39,13.37,24.14,0.097,0,0,0,0
"2026-08-25 17:30:00",6737,28.8,13.4,13.37,13.5,0.089,0,0,0,0
"2026-08-25 17:45:00",6738,28.67,13.31,13.22,13.22,0.153,0,0,0,0
"2026-08-25 18:00:00",6739,28.7,13.28,13.34,24.01,0.163,0,0,0,0
"2026-08-25 18:15:00",6740,28.69,13.47,13.38,23.96,0.063,0,0,0,0
"2026-08-25 18:30:00",6741,28.7,13.33,13.23,23.54,0.145,0,0,0,0
"2026-08-25 18:45:00",6742,28.79,13.45,13.38,23.9,0.153,0,0,0,0
"2026-08-25 19:00:00",6743,28.85,13.4,13.44,23.8,0.092,0,0,0,0
"2026-08-25 19:15:00",6744,28.84,13.47,13.38,23.78,0.058,0,0,0,0
"2026-08-25 19:30:00",6745,28.69,13.44,13.38,23.69,0.083,0,0,0,0
"2026-08-25 19:45:00",6746,28.71,13.39,13.38,23.56,0.089,0,0,0,0
"2026-08-25 20:00:00",6747,28.72,13.34,13.31,23.15,0.14,0,0,0,0
"2026-08-25 20:15:00",6748,28.69,13.35,13.24,13.07,0.137,0,0,0,0
"2026-08-25 20:30:00",6749,28.65,13.22,13.21,13.14,0.096,0,0,0,0
"2026-08-25 20:45:00",6750,28.54,13.01,13.01,12.95,0.105,0,0,0,0
"2026-08-25 21:00:00",6751,28.42,12.9,12.86,3.57,0.104,0,0,0,0
"2026-08-25 21:15:00",6752,28.31,12.85,12.83,0.07,0.101,0,0,0,0
"2026-08-25 21:30:00",6753,28.22,12.81,12.79,-0.159,0.092,0,0,0,0
"2026-08-25 21:45:00",6754,28.13,12.79,12.79,-0.196,0.098,0,0,0,0
"2026-08-25 22:00:00",6755,28.05,12.72,12.67,-0.469,0.161,0,0,0,0
"2026-08-25 22:15:00",6756,27.99,12.72,12.63,-0.375,0.151,0,0,0,0
"2026-08-25 22:30:00",6757,27.95,12.78,12.75,-0.171,0.13,0,0,0,0
"2026-08-25 22:45:00",6758,27.89,12.79,12.71,-0.224,0.134,0,0,0,0
"2026-08-25 23:00:00",6759,27.83,12.77,12.75,-0.176,0.092,0,0,0,0
"2026-08-25 23:15:00",6760,27.78,12.75,12.64,-0.208,0.153,0,0,0,0
"2026-08-25 23:30:00",6761,27.74,12.7,12.56,-0.561,0.166,0,0,0,0
"2026-08-25 23:45:00",6762,27.68,12.71,12.61,-0.437,0.14,0,0,0,0
"2026-08-26 00:00:00",6763,27.62,12.69,12.69,-0.418,0.128,0,0,0,0
"2026-08-26 00:15:00",6764,27.61,12.72,12.71,-0.248,0.109,0,0,0,0
"2026-08-26 00:30:00",6765,27.58,12.75,12.73,-0.227,0.092,0,0,0,0
"2026-08-26 00:45:00",6766,27.47,12.75,12.72,-0.193,0.102,0,0,0,0
"2026-08-26 01:00:00",6767,27.39,12.68,12.58,-0.456,0.141,0,0,0,0
"2026-08-26 01:15:00",6768,27.31,12.73,12.69,-0.263,0.106,0,0,0,0
"2026-08-26 01:30:00",6769,27.3,12.66,12.61,-0.408,0.153,0,0,0,0
"2026-08-26 01:45:00",6770,27.33,12.67,12.55,-0.42,0.144,0,0,0,0
"2026-08-26 02:00:00",6771,27.35,12.65,12.05,-0.48,0.15,0,0,0,0
"2026-08-26 02:15:00",6772,27.36,12.63,12.47,-0.594,0.154,0,0,0,0
"2026-08-26 02:30:00",6773,27.39,12.32,12.07,-1.237,0.264,0,0,0,0
"2026-08-26 02:45:00",6774,27.38,12.64,12.59,-0.376,0.151,0,0,0,0
"2026-08-26 03:00:00",6775,27.35,12.66,12.57,-0.423,0.102,0,0,0,0
"2026-08-26 03:15:00",6776,27.32,12.72,12.7,-0.183,0.094,0,0,0,0
"2026-08-26 03:30:00",6777,27.32,12.63,12.47,-0.488,0.139,0,0,0,0
"2026-08-26 03:45:00",6778,27.32,12.71,12.7,-0.2,0.096,0,0,0,0
"2026-08-26 04:00:00",6779,27.3,12.62,12.53,-0.432,0.173,0,0,0,0
"2026-08-26 04:15:00",6780,27.27,12.7,12.69,-0.19,0.099,0,0,0,0
"2026-08-26 04:30:00",6781,27.25,12.7,12.68,-0.237,0.093,0,0,0,0
"2026-08-26 04:45:00",6782,27.21,12.7,12.67,-0.224,0.095,0,0,0,0
"2026-08-26 05:00:00",6783,27.13,12.69,12.65,-0.214,0.093,0,0,0,0
"2026-08-26 05:15:00",6784,27.05,12.62,12.52,-0.414,0.149,0,0,0,0
"2026-08-26 05:30:00",6785,27.01,12.62,12.52,-0.425,0.145,0,0,0,0
"2026-08-26 05:45:00",6786,26.95,12.58,12.52,-0.483,0.148,0,0,0,0
"2026-08-26 06:00:00",6787,26.9,12.65,12.64,-0.267,0.109,0,0,0,0
"2026-08-26 06:15:00",6788,26.82,12.57,12.49,-0.443,0.189,0,0,0,0
"2026-08-26 06:30:00",6789,26.77,12.53,12.44,-0.416,0.2,0,0,0,0
"2026-08-26 06:45:00",6790,26.71,12.55,12.44,1.845,0.175,0,0,0,0
"2026-08-26 07:00:00",6791,26.64,12.56,12.47,11.7,0.17,0,0,0,0
"2026-08-26 07:15:00",6792,26.57,12.55,12.49,12.25,0.175,0,0,0,0
"2026-08-26 07:30:00",6793,26.54,12.59,12.52,12.34,0.182,0,0,0,0
"2026-08-26 07:45:00",6794,26.5,12.75,12.71,12.62,0.131,0,0,0,0
"2026-08-26 08:00:00",6795,26.5,12.78,12.68,12.46,0.187,0,0,0,0
"2026-08-26 08:15:00",6796,26.54,13.01,12.97,12.87,0.118,0,0,0,0
"2026-08-26 08:30:00",6797,26.65,13.17,13.12,12.91,0.17,0,0,0,0
"2026-08-26 08:45:00",6798,26.77,13.36,13.31,13.22,0.122,0,0,0,0
"2026-08-26 09:00:00",6799,26.88,13.11,13.03,12.91,0.175,0,0,0,0
"2026-08-26 09:15:00",6800,26.93,13.31,13.28,13.17,0.119,0,0,0,0
"2026-08-26 09:30:00",6801,27.06,13.43,13.35,13.13,0.167,0,0,0,0
"2026-08-26 09:45:00",6802,27.23,13.52,13.5,13.41,0.116,0,0,0,0
"2026-08-26 10:00:00",6803,27.38,13.55,13.51,13.46,0.117,0,0,0,0
"2026-08-26 10:15:00",6804,27.51,13.36,13.24,13.23,0.179,0,0,0,0
"2026-08-26 10:30:00",6805,27.62,13.39,13.28,13.11,0.126,0,0,0,0
"2026-08-26 10:45:00",6806,27.72,13.68,13.63,13.57,0.116,0,0,0,0
"2026-08-26 11:00:00",6807,27.85,13.53,13.5,13.41,0.115,0,0,0,0
"2026-08-26 11:15:00",6808,27.92,13.43,13.4,13.34,0.119,0,0,0,0
"2026-08-26 11:30:00",6809,27.88,13.56,13.53,13.43,0.134,0,0,0,0
"2026-08-26 11:45:00",6810,27.89,13.66,13.63,13.55,0.13,0,0,0,0
"2026-08-26 12:00:00",6811,27.94,13.38,13.31,13.16,0.174,0,0,0,0
"2026-08-26 12:15:00",6812,27.97,13.48,13.41,13.31,0.146,0,0,0,0
"2026-08-26 12:30:00",6813,28.02,13.7,13.67,13.63,0.099,0,0,0,0
"2026-08-26 12:45:00",6814,28.08,13.78,13.64,22.98,0.15,0,0,0,0
"2026-08-26 13:00:00",6815,28.17,13.87,13.77,13.78,0.091,0,0,0,0
"2026-08-26 13:15:00",6816,28.28,13.84,13.8,13.73,0.091,0,0,0,0
"2026-08-26 13:30:00",6817,28.39,13.74,13.67,23.38,0.147,0,0,0,0
"2026-08-26 13:45:00",6818,28.5,13.79,13.77,13.89,0.098,0,0,0,0
"2026-08-26 14:00:00",6819,28.74,13.73,13.65,13.55,0.138,0,0,0,0
"2026-08-26 14:15:00",6820,29.09,13.81,13.73,13.74,0.074,0,0,0,0
"2026-08-26 14:30:00",6821,29.34,13.82,13.74,23.45,0.09,0,0,0,0
"2026-08-26 14:45:00",6822,29.48,13.84,13.74,23.46,0.097,0,0,0,0
"2026-08-26 15:00:00",6823,29.58,13.75,13.57,23.49,0.14,0,0,0,0
"2026-08-26 15:15:00",6824,29.74,13.37,13.35,23.64,0.096,0,0,0,0
"2026-08-26 15:30:00",6825,30.01,13.33,13.3,23.59,0.097,0,0,0,0
"2026-08-26 15:45:00",6826,30.25,13.35,13.2,23.19,0.148,0,0,0,0
"2026-08-26 16:00:00",6827,30.49,13.33,13.27,23.41,0.106,0,0,0,0
"2026-08-26 16:15:00",6828,30.75,13.32,13.28,23.46,0.09,0,0,0,0
"2026-08-26 16:30:00",6829,31.04,13.2,13.11,13.1,0.165,0,0,0,0
"2026-08-26 16:45:00",6830,31.19,13.4,13.28,23.5,0.101,0,0,0,0
"2026-08-26 17:00:00",6831,31.25,13.29,13.27,16.02,0.093,0,0,0,0
"2026-08-26 17:15:00",6832,31.22,13.3,13.26,13.34,0.094,0,0,0,0
"2026-08-26 17:30:00",6833,31.17,13.3,13.28,13.33,0.1,0,0,0,0
"2026-08-26 17:45:00",6834,31.11,13.29,13.27,23.63,0.098,0,0,0,0
"2026-08-26 18:00:00",6835,31.01,13.23,13.23,23.36,0.177,0,0,0,0
"2026-08-26 18:15:00",6836,30.91,13.23,13.02,22.48,0.149,0,0,0,0
"2026-08-26 18:30:00",6837,30.84,13.3,13.35,23.53,0.092,0,0,0,0
"2026-08-26 18:45:00",6838,30.77,13.3,13.34,23.42,0.095,0,0,0,0
"2026-08-26 19:00:00",6839,30.66,13.35,13.22,23.23,0.107,0,0,0,0
"2026-08-26 19:15:00",6840,30.55,13.32,13.27,16.17,0.093,0,0,0,0
"2026-08-26 19:30:00",6841,30.47,13.22,13.05,13.05,0.15,0,0,0,0
"2026-08-26 19:45:00",6842,30.32,13.33,13.33,13.27,0.095,0,0,0,0
"2026-08-26 20:00:00",6843,30.12,13.25,13.21,12.99,0.166,0,0,0,0
"2026-08-26 20:15:00",6844,29.91,13.09,13.05,12.9,0.149,0,0,0,0
"2026-08-26 20:30:00",6845,29.73,13,12.98,12.91,0.093,0,0,0,0
"2026-08-26 20:45:00",6846,29.54,12.89,12.87,10.53,0.095,0,0,0,0
"2026-08-26 21:00:00",6847,29.37,12.84,12.81,1.015,0.094,0,0,0,0
"2026-08-26 21:15:00",6848,29.22,12.73,12.67,-0.356,0.137,0,0,0,0
"2026-08-26 21:30:00",6849,29.11,12.71,12.65,-0.394,0.142,0,0,0,0
"2026-08-26 21:45:00",6850,28.99,12.8,12.75,-0.191,0.092,0,0,0,0
"2026-08-26 22:00:00",6851,28.89,12.79,12.75,-0.175,0.092,0,0,0,0
"2026-08-26 22:15:00",6852,28.81,12.72,12.62,-0.489,0.151,0,0,0,0
"2026-08-26 22:30:00",6853,28.76,12.78,12.75,-0.184,0.1,0,0,0,0
"2026-08-26 22:45:00",6854,28.69,12.77,12.76,-0.189,0.094,0,0,0,0
"2026-08-26 23:00:00",6855,28.62,12.67,12.59,-0.452,0.156,0,0,0,0
"2026-08-26 23:15:00",6856,28.57,12.77,12.75,-0.23,0.094,0,0,0,0
"2026-08-26 23:30:00",6857,28.54,12.68,12.51,-0.457,0.151,0,0,0,0
"2026-08-26 23:45:00",6858,28.49,12.76,12.74,-0.201,0.094,0,0,0,0
"2026-08-27 00:00:00",6859,28.44,12.68,12.64,-0.38,0.16,0,0,0,0
"2026-08-27 00:15:00",6860,28.44,12.73,12.7,-0.223,0.115,0,0,0,0
"2026-08-27 00:30:00",6861,28.44,12.74,12.74,-0.168,0.094,0,0,0,0
"2026-08-27 00:45:00",6862,28.41,12.73,12.71,-0.156,0.093,0,0,0,0
"2026-08-27 01:00:00",6863,28.38,12.64,12.62,-0.407,0.142,0,0,0,0
"2026-08-27 01:15:00",6864,28.35,12.72,12.71,-0.174,0.093,0,0,0,0
"2026-08-27 01:30:00",6865,28.35,12.66,12.55,-0.396,0.154,0,0,0,0
"2026-08-27 01:45:00",6866,28.33,12.69,12.65,-0.313,0.116,0,0,0,0
"2026-08-27 02:00:00",6867,28.32,12.72,12.7,-0.19,0.093,0,0,0,0
"2026-08-27 02:15:00",6868,28.29,12.68,12.59,-0.422,0.153,0,0,0,0
"2026-08-27 02:30:00",6869,28.24,12.71,12.68,-0.177,0.09,0,0,0,0
"2026-08-27 02:45:00",6870,28.17,12.64,12.57,-0.372,0.124,0,0,0,0
"2026-08-27 03:00:00",6871,28.11,12.71,12.67,-0.223,0.102,0,0,0,0
"2026-08-27 03:15:00",6872,28.05,12.68,12.64,-0.253,0.125,0,0,0,0
"2026-08-27 03:30:00",6873,28.01,12.63,12.53,-0.38,0.157,0,0,0,0
"2026-08-27 03:45:00",6874,27.96,12.61,12.57,-0.375,0.163,0,0,0,0
"2026-08-27 04:00:00",6875,27.92,12.69,12.68,-0.178,0.092,0,0,0,0
"2026-08-27 04:15:00",6876,27.89,12.69,12.6,-0.188,0.105,0,0,0,0
"2026-08-27 04:30:00",6877,27.91,12.62,12.52,-0.431,0.146,0,0,0,0
"2026-08-27 04:45:00",6878,27.91,12.68,12.65,-0.192,0.095,0,0,0,0
"2026-08-27 05:00:00",6879,27.91,12.68,12.67,-0.205,0.092,0,0,0,0
"2026-08-27 05:15:00",6880,27.91,12.68,12.66,-0.203,0.094,0,0,0,0
"2026-08-27 05:30:00",6881,27.94,12.58,12.46,-0.506,0.157,0,0,0,0
"2026-08-27 05:45:00",6882,27.96,12.63,12.63,-0.295,0.108,0,0,0,0
"2026-08-27 06:00:00",6883,27.97,12.65,12.66,-0.272,0.092,0,0,0,0
"2026-08-27 06:15:00",6884,27.98,12.64,12.62,-0.268,0.132,0,0,0,0
"2026-08-27 06:30:00",6885,28,12.63,12.57,-0.165,0.124,0,0,0,0
"2026-08-27 06:45:00",6886,27.98,12.63,12.59,1.788,0.122,0,0,0,0
"2026-08-27 07:00:00",6887,27.96,12.57,12.49,12.29,0.167,0,0,0,0
"2026-08-27 07:15:00",6888,27.92,12.55,12.49,12.29,0.193,0,0,0,0
"2026-08-27 07:30:00",6889,27.9,12.57,12.48,12.35,0.148,0,0,0,0
"2026-08-27 07:45:00",6890,27.87,12.7,12.57,12.43,0.173,0,0,0,0
"2026-08-27 08:00:00",6891,27.85,12.83,12.69,12.5,0.168,0,0,0,0
"2026-08-27 08:15:00",6892,27.86,13.17,13.12,13.06,0.117,0,0,0,0
"2026-08-27 08:30:00",6893,27.95,13.1,13.04,12.89,0.17,0,0,0,0
"2026-08-27 08:45:00",6894,28.06,13.62,13.58,13.52,0.122,0,0,0,0
"2026-08-27 09:00:00",6895,28.23,13.46,13.26,13.17,0.184,0,0,0,0
"2026-08-27 09:15:00",6896,28.42,13.83,13.78,13.74,0.122,0,0,0,0
"2026-08-27 09:30:00",6897,28.72,13.76,13.58,13.53,0.158,0,0,0,0
"2026-08-27 09:45:00",6898,29,13.84,13.67,23.52,0.12,0,0,0,0
"2026-08-27 10:00:00",6899,29.24,13.71,13.8,23.43,0.116,0,0,0,0
"2026-08-27 10:15:00",6900,29.48,13.62,13.63,23.06,0.17,0,0,0,0
"2026-08-27 10:30:00",6901,29.7,13.82,13.65,23.92,0.122,0,0,0,0
"2026-08-27 10:45:00",6902,29.83,13.69,13.66,13.73,0.114,0,0,0,0
"2026-08-27 11:00:00",6903,29.98,13.6,13.66,23.36,0.22,0,0,0,0
"2026-08-27 11:15:00",6904,30.17,13.8,13.64,23.5,0.129,0,0,0,0
"2026-08-27 11:30:00",6905,30.39,13.85,13.66,23.57,0.128,0,0,0,0
"2026-08-27 11:45:00",6906,30.61,13.59,13.74,23.47,0.151,0,0,0,0
"2026-08-27 12:00:00",6907,30.82,13.32,13.12,23.07,0.163,0,0,0,0
"2026-08-27 12:15:00",6908,31.03,13.36,13.22,23.33,0.078,0,0,0,0
"2026-08-27 12:30:00",6909,31.31,13.3,13.22,23.19,0.136,0,0,0,0
"2026-08-27 12:45:00",6910,31.56,13.22,13.08,13.05,0.171,0,0,0,0
"2026-08-27 13:00:00",6911,31.79,13.34,13.14,23.04,0.123,0,0,0,0
"2026-08-27 13:15:00",6912,31.98,13.26,13.34,23.31,0.092,0,0,0,0
"2026-08-27 13:30:00",6913,32.14,13.17,13.13,23.03,0.183,0,0,0,0
"2026-08-27 13:45:00",6914,32.2,13.23,13.05,23.33,0.156,0,0,0,0
"2026-08-27 14:00:00",6915,32.18,13.19,12.99,23.1,0.152,0,0,0,0
"2026-08-27 14:15:00",6916,32.13,13.26,13.24,21.71,0.094,0,0,0,0
"2026-08-27 14:30:00",6917,32.11,13.26,13.38,23.57,0.091,0,0,0,0
"2026-08-27 14:45:00",6918,32.03,13.19,13.15,22.79,0.142,0,0,0,0
"2026-08-27 15:00:00",6919,31.88,13.21,13.09,23.56,0.14,0,0,0,0
"2026-08-27 15:15:00",6920,31.71,13.3,13.39,23.8,0.093,0,0,0,0
"2026-08-27 15:30:00",6921,31.52,13.3,13.26,23.86,0.098,0,0,0,0
"2026-08-27 15:45:00",6922,31.31,13.27,13.26,24.13,0.095,0,0,0,0
"2026-08-27 16:00:00",6923,31,13.2,13.06,23.63,0.176,0,0,0,0
"2026-08-27 16:15:00",6924,30.73,13.33,13.36,23.49,0.097,0,0,0,0
"2026-08-27 16:30:00",6925,30.53,13.31,13.15,16.34,0.151,0,0,0,0
"2026-08-27 16:45:00",6926,30.33,13.33,13.42,24.12,0.093,0,0,0,0
"2026-08-27 17:00:00",6927,30.11,13.33,13.31,24.39,0.094,0,0,0,0
"2026-08-27 17:15:00",6928,30.02,13.24,13.09,23.93,0.157,0,0,0,0
"2026-08-27 17:30:00",6929,30.01,13.33,13.36,24.02,0.096,0,0,0,0
"2026-08-27 17:45:00",6930,29.97,13.3,13.22,13.11,0.161,0,0,0,0
"2026-08-27 18:00:00",6931,29.89,13.35,13.2,22.75,0.135,0,0,0,0
"2026-08-27 18:15:00",6932,29.79,13.38,13.34,13.33,0.086,0,0,0,0
"2026-08-27 18:30:00",6933,29.67,13.3,13.22,12.97,0.144,0,0,0,0
"2026-08-27 18:45:00",6934,29.53,13.41,13.38,13.33,0.089,0,0,0,0
"2026-08-27 19:00:00",6935,29.37,13.25,13.13,13.04,0.149,0,0,0,0
"2026-08-27 19:15:00",6936,29.24,13.3,13.26,13.21,0.098,0,0,0,0
"2026-08-27 19:30:00",6937,29.15,13.19,13.17,12.96,0.094,0,0,0,0
"2026-08-27 19:45:00",6938,29.03,13.14,13.08,12.92,0.132,0,0,0,0
"2026-08-27 20:00:00",6939,28.92,13,12.9,12.75,0.215,0,0,0,0
"2026-08-27 20:15:00",6940,28.82,12.99,12.96,12.9,0.095,0,0,0,0
"2026-08-27 20:30:00",6941,28.74,12.81,12.64,12.56,0.2,0,0,0,0
"2026-08-27 20:45:00",6942,28.65,12.83,12.81,7.168,0.095,0,0,0,0
"2026-08-27 21:00:00",6943,28.58,12.7,12.58,0.009,0.178,0,0,0,0
"2026-08-27 21:15:00",6944,28.5,12.8,12.79,-0.196,0.093,0,0,0,0
"2026-08-27 21:30:00",6945,28.47,12.72,12.59,-0.533,0.191,0,0,0,0
"2026-08-27 21:45:00",6946,28.44,12.73,12.62,-0.485,0.164,0,0,0,0
"2026-08-27 22:00:00",6947,28.39,12.69,12.49,-0.437,0.166,0,0,0,0
"2026-08-27 22:15:00",6948,28.34,12.78,12.76,-0.166,0.094,0,0,0,0
"2026-08-27 22:30:00",6949,28.33,12.68,12.65,-0.346,0.147,0,0,0,0
"2026-08-27 22:45:00",6950,28.31,12.75,12.75,-0.172,0.091,0,0,0,0
"2026-08-27 23:00:00",6951,28.31,12.68,12.57,-0.4,0.159,0,0,0,0
"2026-08-27 23:15:00",6952,28.3,12.76,12.74,-0.174,0.093,0,0,0,0
"2026-08-27 23:30:00",6953,28.32,12.68,12.63,-0.603,0.183,0,0,0,0
"2026-08-27 23:45:00",6954,28.3,12.69,12.61,-0.271,0.149,0,0,0,0
"2026-08-28 00:00:00",6955,28.29,12.75,12.73,-0.161,0.094,0,0,0,0
"2026-08-28 00:15:00",6956,28.33,12.68,12.58,-0.477,0.148,0,0,0,0
"2026-08-28 00:30:00",6957,28.35,12.74,12.71,-0.185,0.099,0,0,0,0
"2026-08-28 00:45:00",6958,28.33,12.74,12.7,-0.194,0.098,0,0,0,0
"2026-08-28 01:00:00",6959,28.31,12.74,12.72,-0.199,0.11,0,0,0,0
"2026-08-28 01:15:00",6960,28.29,12.72,12.7,-0.196,0.103,0,0,0,0
"2026-08-28 01:30:00",6961,28.28,12.66,12.56,-0.446,0.139,0,0,0,0
"2026-08-28 01:45:00",6962,28.24,12.64,12.59,-0.387,0.139,0,0,0,0
"2026-08-28 02:00:00",6963,28.19,12.63,12.58,-0.359,0.144,0,0,0,0
"2026-08-28 02:15:00",6964,28.12,12.47,12.41,-0.91,0.217,0,0,0,0
"2026-08-28 02:30:00",6965,28.1,12.71,12.66,-0.176,0.095,0,0,0,0
"2026-08-28 02:45:00",6966,28.1,12.71,12.67,-0.172,0.093,0,0,0,0
"2026-08-28 03:00:00",6967,28.07,12.7,12.68,-0.176,0.093,0,0,0,0
"2026-08-28 03:15:00",6968,27.96,12.61,12.51,-0.431,0.147,0,0,0,0
"2026-08-28 03:30:00",6969,27.88,12.69,12.68,-0.192,0.102,0,0,0,0
"2026-08-28 03:45:00",6970,27.82,12.63,12.52,-0.445,0.145,0,0,0,0
"2026-08-28 04:00:00",6971,27.76,12.62,12.5,-0.451,0.144,0,0,0,0
"2026-08-28 04:15:00",6972,27.71,12.69,12.67,-0.185,0.092,0,0,0,0
"2026-08-28 04:30:00",6973,27.69,12.68,12.6,-0.247,0.101,0,0,0,0
"2026-08-28 04:45:00",6974,27.66,12.6,12.44,-0.392,0.153,0,0,0,0
"2026-08-28 05:00:00",6975,27.63,12.52,12.24,-0.441,0.165,0,0,0,0
"2026-08-28 05:15:00",6976,27.59,12.66,12.65,-0.2,0.092,0,0,0,0
"2026-08-28 05:30:00",6977,27.58,12.48,12.54,-0.451,0.164,0,0,0,0
"2026-08-28 05:45:00",6978,27.54,12.58,12.49,-0.405,0.198,0,0,0,0
"2026-08-28 06:00:00",6979,27.49,12.59,12.48,-0.432,0.183,0,0,0,0
"2026-08-28 06:15:00",6980,27.43,12.59,12.52,-0.435,0.135,0,0,0,0
"2026-08-28 06:30:00",6981,27.39,12.57,12.51,-0.578,0.159,0,0,0,0
"2026-08-28 06:45:00",6982,27.32,12.63,12.61,0.197,0.111,0,0,0,0
"2026-08-28 07:00:00",6983,27.26,12.55,12.45,7.083,0.194,0,0,0,0
"2026-08-28 07:15:00",6984,27.19,12.57,12.43,12.25,0.178,0,0,0,0
"2026-08-28 07:30:00",6985,27.15,12.58,12.47,12.22,0.175,0,0,0,0
"2026-08-28 07:45:00",6986,27.08,12.58,12.47,12.01,0.256,0,0,0,0
"2026-08-28 08:00:00",6987,27.02,12.63,12.57,12.4,0.184,0,0,0,0
"2026-08-28 08:15:00",6988,26.96,12.78,12.75,12.65,0.122,0,0,0,0
"2026-08-28 08:30:00",6989,26.97,12.8,12.62,12.45,0.196,0,0,0,0
"2026-08-28 08:45:00",6990,26.97,13.21,13.17,13.08,0.126,0,0,0,0
"2026-08-28 09:00:00",6991,27.01,13.22,13.16,12.9,0.165,0,0,0,0
"2026-08-28 09:15:00",6992,27.07,13.22,13.16,12.97,0.18,0,0,0,0
"2026-08-28 09:30:00",6993,27.16,13.34,13.22,12.93,0.186,0,0,0,0
"2026-08-28 09:45:00",6994,27.21,13.41,13.37,13.3,0.119,0,0,0,0
"2026-08-28 10:00:00",6995,27.25,13.45,13.41,13.32,0.122,0,0,0,0
"2026-08-28 10:15:00",6996,27.3,13.41,13.36,13.13,0.172,0,0,0,0
"2026-08-28 10:30:00",6997,27.34,13.55,13.51,13.41,0.126,0,0,0,0
"2026-08-28 10:45:00",6998,27.33,13.69,13.66,13.58,0.119,0,0,0,0
"2026-08-28 11:00:00",6999,26.82,13.81,13.76,13.7,0.117,0,0,0,0
"2026-08-28 11:15:00",7000,26.85,13.86,13.79,13.74,0.121,0,0,0,0
"2026-08-28 11:30:00",7001,26.94,13.86,13.83,21.26,0.114,0,0,0,0
"2026-08-28 11:45:00",7002,27.07,13.85,13.73,13.74,0.117,0,0,0,0
"2026-08-28 12:00:00",7003,27.22,13.87,13.75,13.71,0.12,0,0,0,0
"2026-08-28 12:15:00",7004,27.33,13.91,13.78,13.82,0.123,0,0,0,0
"2026-08-28 12:30:00",7005,27.46,13.89,13.79,13.84,0.093,0,0,0,0
"2026-08-28 12:45:00",7006,27.61,13.71,13.81,13.8,0.095,0,0,0,0
"2026-08-28 13:00:00",7007,27.81,13.85,13.56,15.13,0.145,0,0,0,0
"2026-08-28 13:15:00",7008,28,13.8,13.77,13.83,0.093,0,0,0,0
"2026-08-28 13:30:00",7009,28.22,13.71,13.72,13.61,0.178,0,0,0,0
"2026-08-28 13:45:00",7010,28.43,13.77,13.84,23.66,0.1,0,0,0,0
"2026-08-28 14:00:00",7011,28.66,13.33,13.37,23.65,0.166,0,0,0,0
"2026-08-28 14:15:00",7012,28.92,13.35,13.34,23.65,0.092,0,0,0,0
"2026-08-28 14:30:00",7013,29.24,13.36,13.33,23.61,0.091,0,0,0,0
"2026-08-28 14:45:00",7014,29.51,13.36,13.43,23.88,0.091,0,0,0,0
"2026-08-28 15:00:00",7015,29.74,13.27,13.15,23.57,0.178,0,0,0,0
"2026-08-28 15:15:00",7016,29.9,13.33,13.31,13.4,0.096,0,0,0,0
"2026-08-28 15:30:00",7017,29.93,13.42,13.31,23.81,0.094,0,0,0,0
"2026-08-28 15:45:00",7018,29.83,13.26,13.18,19.14,0.137,0,0,0,0
"2026-08-28 16:00:00",7019,29.69,13.33,13.23,23.76,0.253,0,0,0,0
"2026-08-28 16:15:00",7020,29.48,13.36,13.33,23.87,0.09,0,0,0,0
"2026-08-28 16:30:00",7021,29.26,13.42,13.21,23.89,0.148,0,0,0,0
"2026-08-28 16:45:00",7022,29.06,13.37,13.35,23.86,0.1,0,0,0,0
"2026-08-28 17:00:00",7023,28.83,13.33,13.24,23.61,0.133,0,0,0,0
"2026-08-28 17:15:00",7024,28.41,13.32,13.29,23.55,0.135,0,0,0,0
"2026-08-28 17:30:00",7025,28.05,13.34,13.3,13.29,0.156,0,0,0,0
"2026-08-28 17:45:00",7026,27.84,13.36,13.27,13.3,0.148,0,0,0,0
"2026-08-28 18:00:00",7027,27.67,13.37,13.24,13.23,0.146,0,0,0,0
"2026-08-28 18:15:00",7028,27.48,13.42,13.38,23.6,0.088,0,0,0,0
"2026-08-28 18:30:00",7029,27.37,13.43,13.29,13.21,0.128,0,0,0,0
"2026-08-28 18:45:00",7030,27.27,13.4,13.37,22.75,0.151,0,0,0,0
"2026-08-28 19:00:00",7031,27.2,13.44,13.43,13.34,0.109,0,0,0,0
"2026-08-28 19:15:00",7032,27.15,13.47,13.45,22.48,0.094,0,0,0,0
"2026-08-28 19:30:00",7033,27.16,13.39,13.3,23.74,0.133,0,0,0,0
"2026-08-28 19:45:00",7034,27.26,13.38,13.4,23.14,0.148,0,0,0,0
"2026-08-28 20:00:00",7035,27.32,13.44,13.44,13.46,0.088,0,0,0,0
"2026-08-28 20:15:00",7036,27.36,13.44,13.43,13.44,0.09,0,0,0,0
"2026-08-28 20:30:00",7037,27.39,13.16,13.04,12.87,0.145,0,0,0,0
"2026-08-28 20:45:00",7038,27.36,13.04,13.03,12.97,0.095,0,0,0,0
"2026-08-28 21:00:00",7039,27.29,12.83,12.79,2.813,0.155,0,0,0,0
"2026-08-28 21:15:00",7040,27.2,12.78,12.69,-0.116,0.162,0,0,0,0
"2026-08-28 21:30:00",7041,27.13,12.73,12.63,-0.403,0.162,0,0,0,0
"2026-08-28 21:45:00",7042,27.03,12.8,12.73,-0.206,0.138,0,0,0,0
"2026-08-28 22:00:00",7043,26.91,12.69,12.66,-0.415,0.141,0,0,0,0
"2026-08-28 22:15:00",7044,26.81,12.79,12.78,-0.183,0.103,0,0,0,0
"2026-08-28 22:30:00",7045,26.74,12.72,12.63,-0.378,0.16,0,0,0,0
"2026-08-28 22:45:00",7046,26.65,12.78,12.76,-0.175,0.099,0,0,0,0
"2026-08-28 23:00:00",7047,26.56,12.78,12.76,-0.193,0.098,0,0,0,0
"2026-08-28 23:15:00",7048,26.48,12.76,12.75,-0.166,0.098,0,0,0,0
"2026-08-28 23:30:00",7049,26.44,12.75,12.71,-0.202,0.105,0,0,0,0
"2026-08-28 23:45:00",7050,26.37,12.67,12.6,-0.338,0.194,0,0,0,0
"2026-08-29 00:00:00",7051,26.29,12.76,12.74,-0.153,0.095,0,0,0,0
"2026-08-29 00:15:00",7052,26.27,12.75,12.73,-0.178,0.115,0,0,0,0
"2026-08-29 00:30:00",7053,26.24,12.67,12.61,-0.419,0.142,0,0,0,0
"2026-08-29 00:45:00",7054,26.18,12.75,12.71,-0.174,0.095,0,0,0,0
"2026-08-29 01:00:00",7055,26.12,12.74,12.72,-0.174,0.101,0,0,0,0
"2026-08-29 01:15:00",7056,26.04,12.7,12.6,-0.377,0.134,0,0,0,0
"2026-08-29 01:30:00",7057,25.96,12.67,12.59,-0.425,0.151,0,0,0,0
"2026-08-29 01:45:00",7058,25.88,12.73,12.72,-0.16,0.1,0,0,0,0
"2026-08-29 02:00:00",7059,25.79,12.72,12.71,-0.184,0.095,0,0,0,0
"2026-08-29 02:15:00",7060,25.71,12.69,12.67,-0.243,0.12,0,0,0,0
"2026-08-29 02:30:00",7061,25.66,12.64,12.6,-0.409,0.139,0,0,0,0
"2026-08-29 02:45:00",7062,25.58,12.7,12.68,-0.219,0.103,0,0,0,0
"2026-08-29 03:00:00",7063,25.5,12.71,12.7,-0.173,0.109,0,0,0,0
"2026-08-29 03:15:00",7064,25.42,12.62,12.52,-0.417,0.167,0,0,0,0
"2026-08-29 03:30:00",7065,25.35,12.64,12.54,-0.364,0.152,0,0,0,0
"2026-08-29 03:45:00",7066,25.24,12.63,12.57,-0.401,0.14,0,0,0,0
"2026-08-29 04:00:00",7067,25.12,12.7,12.69,-0.172,0.096,0,0,0,0
"2026-08-29 04:15:00",7068,25.01,12.62,12.53,-0.382,0.152,0,0,0,0
"2026-08-29 04:30:00",7069,24.91,12.69,12.67,-0.171,0.096,0,0,0,0
"2026-08-29 04:45:00",7070,24.77,12.58,12.63,-0.231,0.111,0,0,0,0
"2026-08-29 05:00:00",7071,24.63,12.6,12.54,-0.438,0.169,0,0,0,0
"2026-08-29 05:15:00",7072,24.51,12.62,12.52,-0.416,0.154,0,0,0,0
"2026-08-29 05:30:00",7073,24.43,12.61,12.55,-0.368,0.146,0,0,0,0
"2026-08-29 05:45:00",7074,24.32,12.6,12.52,-0.422,0.138,0,0,0,0
"2026-08-29 06:00:00",7075,24.21,12.53,12.53,-0.398,0.136,0,0,0,0
"2026-08-29 06:15:00",7076,24.11,12.67,12.65,-0.151,0.098,0,0,0,0
"2026-08-29 06:30:00",7077,24.03,12.6,12.53,-0.231,0.161,0,0,0,0
"2026-08-29 06:45:00",7078,23.94,12.64,12.63,1.909,0.12,0,0,0,0
"2026-08-29 07:00:00",7079,23.85,12.64,12.65,12.49,0.096,0,0,0,0
"2026-08-29 07:15:00",7080,23.76,12.64,12.62,12.55,0.118,0,0,0,0
"2026-08-29 07:30:00",7081,23.7,12.73,12.65,12.45,0.171,0,0,0,0
"2026-08-29 07:45:00",7082,23.66,13.23,13.13,12.95,0.167,0,0,0,0
"2026-08-29 08:00:00",7083,23.68,13.69,13.63,13.62,0.116,0,0,0,0
"2026-08-29 08:15:00",7084,23.78,13.84,13.78,13.62,0.145,0,0,0,0
"2026-08-29 08:30:00",7085,24,13.9,13.83,13.69,0.171,0,0,0,0
"2026-08-29 08:45:00",7086,24.25,13.85,13.96,13.91,0.117,0,0,0,0
"2026-08-29 09:00:00",7087,24.53,13.82,13.84,17.92,0.173,0,0,0,0
"2026-08-29 09:15:00",7088,24.84,13.82,13.83,23.32,0.169,0,0,0,0
"2026-08-29 09:30:00",7089,25.22,13.9,13.92,23.7,0.184,0,0,0,0
"2026-08-29 09:45:00",7090,25.57,13.85,13.92,23.6,0.116,0,0,0,0
"2026-08-29 10:00:00",7091,25.92,13.87,13.7,17.72,0.179,0,0,0,0
"2026-08-29 10:15:00",7092,26.25,13.82,13.92,23.46,0.118,0,0,0,0
"2026-08-29 10:30:00",7093,26.6,13.82,13.8,13.87,0.116,0,0,0,0
"2026-08-29 10:45:00",7094,26.99,13.82,13.92,23.49,0.119,0,0,0,0
"2026-08-29 11:00:00",7095,27.41,13.78,13.76,20.73,0.118,0,0,0,0
"2026-08-29 11:15:00",7096,27.83,13.47,13.38,23.43,0.112,0,0,0,0
"2026-08-29 11:30:00",7097,28.29,13.3,13.36,23.08,0.202,0,0,0,0
"2026-08-29 11:45:00",7098,28.74,13.31,13.17,23.04,0.179,0,0,0,0
"2026-08-29 12:00:00",7099,29.2,13.31,13.18,23.02,0.19,0,0,0,0
"2026-08-29 12:15:00",7100,29.6,13.36,13.32,23.21,0.121,0,0,0,0
"2026-08-29 12:30:00",7101,29.98,13.26,13.21,13.2,0.187,0,0,0,0
"2026-08-29 12:45:00",7102,30.23,13.34,13.31,23.31,0.129,0,0,0,0
"2026-08-29 13:00:00",7103,30.34,13.23,13.12,21.53,0.218,0,0,0,0
"2026-08-29 13:15:00",7104,30.36,13.31,13.27,13.35,0.122,0,0,0,0
"2026-08-29 13:30:00",7105,30.35,13.24,13.26,23.09,0.179,0,0,0,0
"2026-08-29 13:45:00",7106,30.31,13.33,13.3,23.4,0.119,0,0,0,0
"2026-08-29 14:00:00",7107,30.24,13.45,13.32,23.43,0.127,0,0,0,0
"2026-08-29 14:15:00",7108,30.17,13.28,13.21,13.27,0.153,0,0,0,0
"2026-08-29 14:30:00",7109,30.12,13.3,13.34,23.59,0.139,0,0,0,0
"2026-08-29 14:45:00",7110,30.03,13.28,13.15,23.49,0.156,0,0,0,0
"2026-08-29 15:00:00",7111,29.89,13.37,13.34,13.44,0.092,0,0,0,0
"2026-08-29 15:15:00",7112,29.7,13.29,13.25,23.82,0.134,0,0,0,0
"2026-08-29 15:30:00",7113,29.52,13.28,13.32,23.77,0.104,0,0,0,0
"2026-08-29 15:45:00",7114,29.33,13.33,13.36,20.03,0.104,0,0,0,0
"2026-08-29 16:00:00",7115,29.15,13.4,13.39,24.07,0.088,0,0,0,0
"2026-08-29 16:15:00",7116,29,13.39,13.38,13.58,0.091,0,0,0,0
"2026-08-29 16:30:00",7117,28.87,13.4,13.39,13.49,0.089,0,0,0,0
"2026-08-29 16:45:00",7118,28.73,13.32,13.39,23.83,0.166,0,0,0,0
"2026-08-29 17:00:00",7119,28.6,13.4,13.52,24.02,0.103,0,0,0,0
"2026-08-29 17:15:00",7120,28.49,13.51,13.39,24.06,0.071,0,0,0,0
"2026-08-29 17:30:00",7121,28.4,13.34,13.32,23.78,0.134,0,0,0,0
"2026-08-29 17:45:00",7122,28.32,13.4,13.5,23.84,0.109,0,0,0,0
"2026-08-29 18:00:00",7123,28.25,13.47,13.26,23.63,0.141,0,0,0,0
"2026-08-29 18:15:00",7124,28.15,13.33,13.23,23.67,0.15,0,0,0,0
"2026-08-29 18:30:00",7125,28.1,13.33,13.24,23.58,0.148,0,0,0,0
"2026-08-29 18:45:00",7126,28.04,13.41,13.4,23.72,0.09,0,0,0,0
"2026-08-29 19:00:00",7127,27.98,13.49,13.19,23.66,0.144,0,0,0,0
"2026-08-29 19:15:00",7128,27.94,13.35,13.32,13.32,0.158,0,0,0,0
"2026-08-29 19:30:00",7129,27.91,13.36,13.3,13.3,0.158,0,0,0,0
"2026-08-29 19:45:00",7130,27.87,13.4,13.35,23.8,0.147,0,0,0,0
"2026-08-29 20:00:00",7131,27.79,13.34,13.27,23.13,0.145,0,0,0,0
"2026-08-29 20:15:00",7132,27.7,13.41,13.38,13.33,0.1,0,0,0,0
"2026-08-29 20:30:00",7133,27.59,13.14,13.13,13.02,0.145,0,0,0,0
"2026-08-29 20:45:00",7134,27.42,12.92,12.83,12.7,0.157,0,0,0,0
"2026-08-29 21:00:00",7135,27.25,12.89,12.85,1.952,0.096,0,0,0,0
"2026-08-29 21:15:00",7136,27.1,12.84,12.82,-0.046,0.096,0,0,0,0
"2026-08-29 21:30:00",7137,26.99,12.82,12.8,-0.158,0.1,0,0,0,0
"2026-08-29 21:45:00",7138,26.86,12.72,12.67,-0.355,0.158,0,0,0,0
"2026-08-29 22:00:00",7139,26.76,12.8,12.72,-0.185,0.105,0,0,0,0
"2026-08-29 22:15:00",7140,26.67,12.74,12.62,-0.396,0.154,0,0,0,0
"2026-08-29 22:30:00",7141,26.62,12.79,12.77,-0.168,0.095,0,0,0,0
"2026-08-29 22:45:00",7142,26.54,12.78,12.77,-0.189,0.09,0,0,0,0
"2026-08-29 23:00:00",7143,26.49,12.78,12.77,-0.188,0.096,0,0,0,0
"2026-08-29 23:15:00",7144,26.43,12.7,12.64,-0.338,0.159,0,0,0,0
"2026-08-29 23:30:00",7145,26.41,12.75,12.75,-0.164,0.093,0,0,0,0
"2026-08-29 23:45:00",7146,26.36,12.75,12.75,-0.165,0.094,0,0,0,0
"2026-08-30 00:00:00",7147,26.31,12.76,12.74,-0.16,0.09,0,0,0,0
"2026-08-30 00:15:00",7148,26.3,12.73,12.71,-0.233,0.11,0,0,0,0
"2026-08-30 00:30:00",7149,26.28,12.67,12.63,-0.37,0.161,0,0,0,0
"2026-08-30 00:45:00",7150,26.22,12.75,12.74,-0.181,0.105,0,0,0,0
"2026-08-30 01:00:00",7151,26.16,12.65,12.58,-0.377,0.153,0,0,0,0
"2026-08-30 01:15:00",7152,26.06,12.74,12.71,-0.175,0.092,0,0,0,0
"2026-08-30 01:30:00",7153,25.99,12.67,12.57,-0.433,0.15,0,0,0,0
"2026-08-30 01:45:00",7154,25.92,12.73,12.71,-0.203,0.091,0,0,0,0
"2026-08-30 02:00:00",7155,25.85,12.61,12.55,-0.45,0.135,0,0,0,0
"2026-08-30 02:15:00",7156,25.79,12.64,12.61,-0.382,0.147,0,0,0,0
"2026-08-30 02:30:00",7157,25.75,12.62,12.6,-0.345,0.147,0,0,0,0
"2026-08-30 02:45:00",7158,25.69,12.7,12.62,-0.23,0.151,0,0,0,0
"2026-08-30 03:00:00",7159,25.62,12.44,12.06,-0.461,0.168,0,0,0,0
"2026-08-30 03:15:00",7160,25.54,12.71,12.69,-0.171,0.099,0,0,0,0
"2026-08-30 03:30:00",7161,25.49,12.63,12.53,-0.486,0.201,0,0,0,0
"2026-08-30 03:45:00",7162,25.44,12.52,12.58,-0.425,0.136,0,0,0,0
"2026-08-30 04:00:00",7163,25.4,12.61,12.56,-0.374,0.146,0,0,0,0
"2026-08-30 04:15:00",7164,25.36,12.69,12.68,-0.176,0.094,0,0,0,0
"2026-08-30 04:30:00",7165,25.33,12.61,12.53,-0.405,0.157,0,0,0,0
"2026-08-30 04:45:00",7166,25.26,12.62,12.5,-0.373,0.173,0,0,0,0
"2026-08-30 05:00:00",7167,25.17,12.57,12.5,-0.416,0.165,0,0,0,0
"2026-08-30 05:15:00",7168,25.09,12.67,12.66,-0.172,0.092,0,0,0,0
"2026-08-30 05:30:00",7169,25.03,12.46,12.14,-0.466,0.177,0,0,0,0
"2026-08-30 05:45:00",7170,24.96,12.66,12.65,-0.17,0.103,0,0,0,0
"2026-08-30 06:00:00",7171,24.89,12.57,12.54,-0.52,0.151,0,0,0,0
"2026-08-30 06:15:00",7172,24.84,12.66,12.64,-0.151,0.1,0,0,0,0
"2026-08-30 06:30:00",7173,24.79,12.59,12.48,-0.193,0.149,0,0,0,0
"2026-08-30 06:45:00",7174,24.73,12.65,12.64,3.388,0.094,0,0,0,0
"2026-08-30 07:00:00",7175,24.64,12.57,12.49,12.27,0.138,0,0,0,0
"2026-08-30 07:15:00",7176,24.56,12.59,12.54,12.33,0.142,0,0,0,0
"2026-08-30 07:30:00",7177,24.5,12.74,12.7,12.53,0.161,0,0,0,0
"2026-08-30 07:45:00",7178,24.45,13.23,13.17,13.08,0.146,0,0,0,0
"2026-08-30 08:00:00",7179,24.46,13.6,13.53,13.46,0.155,0,0,0,0
"2026-08-30 08:15:00",7180,24.57,13.9,13.87,13.84,0.098,0,0,0,0
"2026-08-30 08:30:00",7181,24.78,13.93,13.91,23.85,0.147,0,0,0,0
"2026-08-30 08:45:00",7182,25.1,13.83,13.94,13.92,0.114,0,0,0,0
"2026-08-30 09:00:00",7183,25.48,13.75,13.85,23.81,0.145,0,0,0,0
"2026-08-30 09:15:00",7184,25.94,13.85,13.68,15.36,0.163,0,0,0,0
"2026-08-30 09:30:00",7185,26.49,13.77,13.89,23.91,0.115,0,0,0,0
"2026-08-30 09:45:00",7186,26.92,13.78,13.89,23.66,0.115,0,0,0,0
"2026-08-30 10:00:00",7187,27.37,13.84,13.75,23.38,0.131,0,0,0,0
"2026-08-30 10:15:00",7188,27.95,13.77,13.7,22.76,0.155,0,0,0,0
"2026-08-30 10:30:00",7189,28.61,13.75,13.65,22.56,0.174,0,0,0,0
"2026-08-30 10:45:00",7190,29.25,13.79,13.67,23.04,0.137,0,0,0,0
"2026-08-30 11:00:00",7191,29.74,13.64,13.53,13.55,0.16,0,0,0,0
"2026-08-30 11:15:00",7192,30.03,13.32,13.25,23.18,0.165,0,0,0,0
"2026-08-30 11:30:00",7193,30.28,13.44,13.27,23.47,0.121,0,0,0,0
"2026-08-30 11:45:00",7194,30.45,13.3,13.27,23.52,0.117,0,0,0,0
"2026-08-30 12:00:00",7195,30.47,13.22,13.16,23.32,0.184,0,0,0,0
"2026-08-30 12:15:00",7196,30.36,13.26,13.13,16.36,0.189,0,0,0,0
"2026-08-30 12:30:00",7197,30.2,13.43,13.26,23.55,0.116,0,0,0,0
"2026-08-30 12:45:00",7198,30.01,13.34,13.17,23.33,0.153,0,0,0,0
"2026-08-30 13:00:00",7199,29.84,13.23,13.18,23.47,0.19,0,0,0,0
"2026-08-30 13:15:00",7200,29.68,13.26,13.28,23.29,0.177,0,0,0,0
"2026-08-30 13:30:00",7201,29.56,13.23,13.07,23.15,0.189,0,0,0,0
"2026-08-30 13:45:00",7202,29.46,13.33,13.31,13.38,0.128,0,0,0,0
"2026-08-30 14:00:00",7203,29.37,13.26,13.1,23.22,0.167,0,0,0,0
"2026-08-30 14:15:00",7204,29.29,13.32,13.31,23.61,0.119,0,0,0,0
"2026-08-30 14:30:00",7205,29.24,13.38,13.2,23.15,0.175,0,0,0,0
"2026-08-30 14:45:00",7206,29.18,13.52,13.38,23.65,0.098,0,0,0,0
"2026-08-30 15:00:00",7207,29.13,13.39,13.37,23.86,0.091,0,0,0,0
"2026-08-30 15:15:00",7208,29.08,13.4,13.38,23.83,0.097,0,0,0,0
"2026-08-30 15:30:00",7209,29.06,13.35,13.24,23.72,0.142,0,0,0,0
"2026-08-30 15:45:00",7210,29.02,13.52,13.38,24.07,0.084,0,0,0,0
"2026-08-30 16:00:00",7211,28.96,13.34,13.42,23.78,0.131,0,0,0,0
"2026-08-30 16:15:00",7212,28.91,13.4,13.39,23.94,0.091,0,0,0,0
"2026-08-30 16:30:00",7213,28.91,13.37,13.27,23.81,0.155,0,0,0,0
"2026-08-30 16:45:00",7214,28.9,13.39,13.5,24.04,0.103,0,0,0,0
"2026-08-30 17:00:00",7215,28.88,13.32,13.35,23.71,0.155,0,0,0,0
"2026-08-30 17:15:00",7216,28.85,13.4,13.38,23.99,0.105,0,0,0,0
"2026-08-30 17:30:00",7217,28.85,13.38,13.29,23.8,0.134,0,0,0,0
"2026-08-30 17:45:00",7218,28.8,13.4,13.38,15.01,0.089,0,0,0,0
"2026-08-30 18:00:00",7219,28.77,13.36,13.33,23.83,0.108,0,0,0,0
"2026-08-30 18:15:00",7220,28.74,13.53,13.38,23.78,0.09,0,0,0,0
"2026-08-30 18:30:00",7221,28.71,13.34,13.24,23.7,0.136,0,0,0,0
"2026-08-30 18:45:00",7222,28.65,13.4,13.35,23.88,0.089,0,0,0,0
"2026-08-30 19:00:00",7223,28.59,13.28,13.23,13.37,0.16,0,0,0,0
"2026-08-30 19:15:00",7224,28.51,13.31,13.36,23.78,0.152,0,0,0,0
"2026-08-30 19:30:00",7225,28.44,13.3,13.28,23.45,0.151,0,0,0,0
"2026-08-30 19:45:00",7226,28.34,13.4,13.38,13.4,0.096,0,0,0,0
"2026-08-30 20:00:00",7227,28.24,13.43,13.34,22.99,0.135,0,0,0,0
"2026-08-30 20:15:00",7228,28.1,13.27,13.24,13.08,0.142,0,0,0,0
"2026-08-30 20:30:00",7229,27.96,13.12,13.1,13.03,0.092,0,0,0,0
"2026-08-30 20:45:00",7230,27.77,12.91,12.82,12.62,0.114,0,0,0,0
"2026-08-30 21:00:00",7231,27.59,12.86,12.84,1.524,0.092,0,0,0,0
"2026-08-30 21:15:00",7232,27.41,12.81,12.73,-0.124,0.12,0,0,0,0
"2026-08-30 21:30:00",7233,27.29,12.82,12.8,-0.188,0.099,0,0,0,0
"2026-08-30 21:45:00",7234,27.16,12.8,12.8,-0.179,0.094,0,0,0,0
"2026-08-30 22:00:00",7235,27.03,12.77,12.63,-0.41,0.147,0,0,0,0
"2026-08-30 22:15:00",7236,26.91,12.71,12.63,-0.608,0.142,0,0,0,0
"2026-08-30 22:30:00",7237,26.83,12.69,12.67,-0.424,0.143,0,0,0,0
"2026-08-30 22:45:00",7238,26.73,12.78,12.77,-0.2,0.098,0,0,0,0
"2026-08-30 23:00:00",7239,26.65,12.78,12.75,-0.191,0.129,0,0,0,0
"2026-08-30 23:15:00",7240,26.58,12.78,12.74,-0.191,0.101,0,0,0,0
"2026-08-30 23:30:00",7241,26.55,12.69,12.62,-0.439,0.146,0,0,0,0
"2026-08-30 23:45:00",7242,26.49,12.67,12.65,-0.584,0.139,0,0,0,0
"2026-08-31 00:00:00",7243,26.43,12.68,12.64,-0.334,0.161,0,0,0,0
"2026-08-31 00:15:00",7244,26.42,12.66,12.58,-0.462,0.164,0,0,0,0
"2026-08-31 00:30:00",7245,26.38,12.67,12.58,-0.5,0.154,0,0,0,0
"2026-08-31 00:45:00",7246,26.3,12.75,12.73,-0.171,0.093,0,0,0,0
"2026-08-31 01:00:00",7247,26.22,12.75,12.73,-0.194,0.101,0,0,0,0
"2026-08-31 01:15:00",7248,26.14,12.69,12.64,-0.301,0.134,0,0,0,0
"2026-08-31 01:30:00",7249,26.07,12.58,12.39,-0.668,0.246,0,0,0,0
"2026-08-31 01:45:00",7250,26,12.73,12.72,-0.179,0.091,0,0,0,0
"2026-08-31 02:00:00",7251,25.92,12.66,12.51,-0.354,0.146,0,0,0,0
"2026-08-31 02:15:00",7252,25.85,12.72,12.71,-0.188,0.099,0,0,0,0
"2026-08-31 02:30:00",7253,25.8,12.72,12.71,-0.213,0.096,0,0,0,0
"2026-08-31 02:45:00",7254,25.73,12.66,12.61,-0.474,0.134,0,0,0,0
"2026-08-31 03:00:00",7255,25.68,12.72,12.7,-0.175,0.09,0,0,0,0
"2026-08-31 03:15:00",7256,25.6,12.62,12.54,-0.416,0.145,0,0,0,0
"2026-08-31 03:30:00",7257,25.55,12.62,12.56,-0.407,0.155,0,0,0,0
"2026-08-31 03:45:00",7258,25.5,12.7,12.69,-0.183,0.092,0,0,0,0
"2026-08-31 04:00:00",7259,25.44,12.64,12.53,-0.424,0.15,0,0,0,0
"2026-08-31 04:15:00",7260,25.38,12.65,12.55,-0.258,0.132,0,0,0,0
"2026-08-31 04:30:00",7261,25.32,12.6,12.48,-0.498,0.201,0,0,0,0
"2026-08-31 04:45:00",7262,25.22,12.68,12.68,-0.191,0.103,0,0,0,0
"2026-08-31 05:00:00",7263,25.13,12.59,12.21,-0.429,0.156,0,0,0,0
"2026-08-31 05:15:00",7264,25.01,12.68,12.67,-0.223,0.094,0,0,0,0
"2026-08-31 05:30:00",7265,24.92,12.67,12.66,-0.185,0.093,0,0,0,0
"2026-08-31 05:45:00",7266,24.81,12.59,12.51,-0.424,0.146,0,0,0,0
"2026-08-31 06:00:00",7267,24.7,12.6,12.53,-0.431,0.142,0,0,0,0
"2026-08-31 06:15:00",7268,24.62,12.66,12.64,-0.177,0.093,0,0,0,0
"2026-08-31 06:30:00",7269,24.56,12.57,12.51,-0.202,0.157,0,0,0,0
"2026-08-31 06:45:00",7270,24.48,12.65,12.59,2.687,0.145,0,0,0,0
"2026-08-31 07:00:00",7271,24.41,12.57,12.49,12.3,0.153,0,0,0,0
"2026-08-31 07:15:00",7272,24.35,12.58,12.5,11.96,0.158,0,0,0,0
"2026-08-31 07:30:00",7273,24.31,12.7,12.6,12.24,0.152,0,0,0,0
"2026-08-31 07:45:00",7274,24.28,13.17,13.07,12.92,0.137,0,0,0,0
"2026-08-31 08:00:00",7275,24.31,13.66,13.64,13.59,0.095,0,0,0,0
"2026-08-31 08:15:00",7276,24.43,13.87,13.83,13.7,0.143,0,0,0,0
"2026-08-31 08:30:00",7277,24.68,13.85,13.98,13.99,0.09,0,0,0,0
"2026-08-31 08:45:00",7278,24.96,14.01,13.78,24,0.144,0,0,0,0
"2026-08-31 09:00:00",7279,25.28,14.02,13.82,13.95,0.14,0,0,0,0
"2026-08-31 09:15:00",7280,25.63,13.84,13.82,13.93,0.101,0,0,0,0
"2026-08-31 09:30:00",7281,26.03,13.89,13.7,23.44,0.129,0,0,0,0
"2026-08-31 09:45:00",7282,26.4,13.8,13.85,16.89,0.132,0,0,0,0
"2026-08-31 10:00:00",7283,26.7,13.79,13.73,13.85,0.144,0,0,0,0
"2026-08-31 10:15:00",7284,26.95,13.91,13.76,23.5,0.122,0,0,0,0
"2026-08-31 10:30:00",7285,27.27,13.79,13.77,13.81,0.116,0,0,0,0
"2026-08-31 10:45:00",7286,27.58,13.72,13.71,23.12,0.153,0,0,0,0
"2026-08-31 11:00:00",7287,27.91,13.79,13.76,13.87,0.124,0,0,0,0
"2026-08-31 11:15:00",7288,28.23,13.42,13.33,23.64,0.163,0,0,0,0
"2026-08-31 11:30:00",7289,28.52,13.36,13.31,22.13,0.12,0,0,0,0
"2026-08-31 11:45:00",7290,28.7,13.4,13.34,23.61,0.119,0,0,0,0
"2026-08-31 12:00:00",7291,28.83,13.29,13.23,23.33,0.16,0,0,0,0
"2026-08-31 12:15:00",7292,28.94,13.29,13.22,23.39,0.166,0,0,0,0
"2026-08-31 12:30:00",7293,29.05,13.43,13.23,23.43,0.18,0,0,0,0
"2026-08-31 12:45:00",7294,29.15,13.46,13.33,23.56,0.095,0,0,0,0
"2026-08-31 13:00:00",7295,29.23,13.31,13.19,23.39,0.168,0,0,0,0
"2026-08-31 13:15:00",7296,29.31,13.34,13.36,23.68,0.13,0,0,0,0
"2026-08-31 13:30:00",7297,29.45,13.26,13.31,23.44,0.166,0,0,0,0
"2026-08-31 13:45:00",7298,29.6,13.34,13.42,23.58,0.126,0,0,0,0
"2026-08-31 14:00:00",7299,29.75,13.34,13.41,23.48,0.127,0,0,0,0
"2026-08-31 14:15:00",7300,29.92,13.33,13.31,23.38,0.123,0,0,0,0
"2026-08-31 14:30:00",7301,30.14,13.44,13.3,23.32,0.123,0,0,0,0
"2026-08-31 14:45:00",7302,30.34,13.25,13.21,19.04,0.169,0,0,0,0
"2026-08-31 15:00:00",7303,30.44,13.21,13.24,23.35,0.25,0,0,0,0
"2026-08-31 15:15:00",7304,30.48,13.42,13.28,23.66,0.121,0,0,0,0
"2026-08-31 15:30:00",7305,30.46,13.33,13.27,23.82,0.133,0,0,0,0
"2026-08-31 15:45:00",7306,30.36,13.38,13.31,23.87,0.156,0,0,0,0
"2026-08-31 16:00:00",7307,30.25,13.2,13.16,23.37,0.144,0,0,0,0
"2026-08-31 16:15:00",7308,30.12,13.24,13.3,23.59,0.138,0,0,0,0
"2026-08-31 16:30:00",7309,30.02,13.47,13.35,23.66,0.089,0,0,0,0
"2026-08-31 16:45:00",7310,29.92,13.36,13.35,20.9,0.105,0,0,0,0
"2026-08-31 17:00:00",7311,29.82,13.26,13.32,23.66,0.176,0,0,0,0
"2026-08-31 17:15:00",7312,29.72,13.3,13.3,23.47,0.16,0,0,0,0
"2026-08-31 17:30:00",7313,29.64,13.36,13.42,23.72,0.096,0,0,0,0
"2026-08-31 17:45:00",7314,29.56,13.36,13.33,23.72,0.09,0,0,0,0
"2026-08-31 18:00:00",7315,29.49,13.36,13.32,23.69,0.097,0,0,0,0
"2026-08-31 18:15:00",7316,29.41,13.36,13.33,23.82,0.093,0,0,0,0
"2026-08-31 18:30:00",7317,29.37,13.31,13.18,13.19,0.141,0,0,0,0
"2026-08-31 18:45:00",7318,29.33,13.36,13.46,23.87,0.092,0,0,0,0
"2026-08-31 19:00:00",7319,29.31,13.29,13.25,23.46,0.13,0,0,0,0
"2026-08-31 19:15:00",7320,29.32,13.29,13.33,13.53,0.153,0,0,0,0
"2026-08-31 19:30:00",7321,29.35,13.31,13.26,13.2,0.152,0,0,0,0
"2026-08-31 19:45:00",7322,29.32,13.46,13.38,23.3,0.089,0,0,0,0
"2026-08-31 20:00:00",7323,29.22,13.36,13.2,22.64,0.171,0,0,0,0
"2026-08-31 20:15:00",7324,29.08,13.21,13.15,12.95,0.132,0,0,0,0
"2026-08-31 20:30:00",7325,28.9,13,12.96,12.73,0.145,0,0,0,0
"2026-08-31 20:45:00",7326,28.68,12.92,12.92,7.116,0.098,0,0,0,0
"2026-08-31 21:00:00",7327,28.45,12.86,12.85,0.236,0.098,0,0,0,0
"2026-08-31 21:15:00",7328,28.2,12.8,12.78,-0.218,0.11,0,0,0,0
"2026-08-31 21:30:00",7329,27.98,12.74,12.63,-0.445,0.167,0,0,0,0
"2026-08-31 21:45:00",7330,27.75,12.78,12.79,-0.19,0.093,0,0,0,0
"2026-08-31 22:00:00",7331,27.56,12.65,12.57,-0.368,0.152,0,0,0,0
"2026-08-31 22:15:00",7332,27.4,12.79,12.78,-0.176,0.098,0,0,0,0
"2026-08-31 22:30:00",7333,27.28,12.78,12.77,-0.17,0.096,0,0,0,0
"2026-08-31 22:45:00",7334,27.15,12.78,12.77,-0.167,0.104,0,0,0,0
"2026-08-31 23:00:00",7335,27.03,12.7,12.66,-0.413,0.143,0,0,0,0
"2026-08-31 23:15:00",7336,26.92,12.77,12.75,-0.178,0.105,0,0,0,0
"2026-08-31 23:30:00",7337,26.86,12.69,12.58,-0.35,0.158,0,0,0,0
"2026-08-31 23:45:00",7338,26.77,12.76,12.74,-0.184,0.091,0,0,0,0
"2026-09-01 00:00:00",7339,26.66,12.75,12.73,-0.193,0.101,0,0,0,0
"2026-09-01 00:15:00",7340,26.62,12.75,12.74,-0.207,0.09,0,0,0,0
"2026-09-01 00:30:00",7341,26.58,12.75,12.74,-0.193,0.092,0,0,0,0
"2026-09-01 00:45:00",7342,26.48,12.73,12.73,-0.176,0.092,0,0,0,0
"2026-09-01 01:00:00",7343,26.39,12.74,12.73,-0.184,0.099,0,0,0,0
"2026-09-01 01:15:00",7344,26.31,12.73,12.72,-0.179,0.092,0,0,0,0
"2026-09-01 01:30:00",7345,26.24,12.67,12.61,-0.387,0.139,0,0,0,0
"2026-09-01 01:45:00",7346,26.17,12.63,12.58,-0.542,0.16,0,0,0,0
"2026-09-01 02:00:00",7347,26.11,12.63,12.59,-0.499,0.154,0,0,0,0
"2026-09-01 02:15:00",7348,26.04,12.72,12.7,-0.182,0.106,0,0,0,0
"2026-09-01 02:30:00",7349,26,12.65,12.46,-0.365,0.15,0,0,0,0
"2026-09-01 02:45:00",7350,25.94,12.65,12.55,-0.412,0.148,0,0,0,0
"2026-09-01 03:00:00",7351,25.88,12.64,12.57,-0.428,0.136,0,0,0,0
"2026-09-01 03:15:00",7352,25.82,12.7,12.69,-0.221,0.098,0,0,0,0
"2026-09-01 03:30:00",7353,25.8,12.48,12.42,-0.495,0.181,0,0,0,0
"2026-09-01 03:45:00",7354,25.75,12.6,12.56,-0.402,0.169,0,0,0,0
"2026-09-01 04:00:00",7355,25.68,12.59,12.57,-0.394,0.148,0,0,0,0
"2026-09-01 04:15:00",7356,25.63,12.6,12.49,-0.367,0.163,0,0,0,0
"2026-09-01 04:30:00",7357,25.61,12.62,12.5,-0.409,0.142,0,0,0,0
"2026-09-01 04:45:00",7358,25.57,12.62,12.52,-0.384,0.167,0,0,0,0
"2026-09-01 05:00:00",7359,25.52,12.58,12.53,-0.465,0.223,0,0,0,0
"2026-09-01 05:15:00",7360,25.48,12.67,12.64,-0.191,0.094,0,0,0,0
"2026-09-01 05:30:00",7361,25.47,12.59,12.54,-0.434,0.16,0,0,0,0
"2026-09-01 05:45:00",7362,25.43,12.65,12.51,-0.41,0.14,0,0,0,0
"2026-09-01 06:00:00",7363,25.4,12.58,12.53,-0.416,0.161,0,0,0,0
"2026-09-01 06:15:00",7364,25.36,12.64,12.64,-0.18,0.092,0,0,0,0
"2026-09-01 06:30:00",7365,25.36,12.64,12.65,-0.077,0.092,0,0,0,0
"2026-09-01 06:45:00",7366,25.33,12.53,12.48,1.565,0.154,0,0,0,0
"2026-09-01 07:00:00",7367,25.28,12.65,12.64,12.33,0.096,0,0,0,0
"2026-09-01 07:15:00",7368,25.24,12.64,12.56,12.55,0.142,0,0,0,0
"2026-09-01 07:30:00",7369,25.24,12.64,12.61,12.45,0.145,0,0,0,0
"2026-09-01 07:45:00",7370,25.24,13.06,13,12.96,0.105,0,0,0,0
"2026-09-01 08:00:00",7371,25.27,13.47,13.35,13.2,0.145,0,0,0,0
"2026-09-01 08:15:00",7372,25.35,13.78,13.76,13.72,0.089,0,0,0,0
"2026-09-01 08:30:00",7373,25.52,13.86,13.77,13.62,0.135,0,0,0,0
"2026-09-01 08:45:00",7374,25.73,13.98,13.95,24.12,0.095,0,0,0,0
"2026-09-01 09:00:00",7375,25.99,13.81,13.69,13.66,0.112,0,0,0,0
"2026-09-01 09:15:00",7376,26.27,13.97,13.82,23.94,0.095,0,0,0,0
"2026-09-01 09:30:00",7377,26.58,14,13.83,23.98,0.096,0,0,0,0
"2026-09-01 09:45:00",7378,26.89,13.94,13.79,23.97,0.097,0,0,0,0
"2026-09-01 10:00:00",7379,27.22,13.75,13.65,13.71,0.149,0,0,0,0
"2026-09-01 10:15:00",7380,27.56,13.74,13.67,13.65,0.127,0,0,0,0
"2026-09-01 10:30:00",7381,27.91,13.9,13.75,23.2,0.087,0,0,0,0
"2026-09-01 10:45:00",7382,28.3,13.77,13.73,13.83,0.106,0,0,0,0
"2026-09-01 11:00:00",7383,28.73,13.59,13.44,13.41,0.215,0,0,0,0
"2026-09-01 11:15:00",7384,29.13,13.76,13.86,23.41,0.118,0,0,0,0
"2026-09-01 11:30:00",7385,29.45,13.25,13.22,23.29,0.157,0,0,0,0
"2026-09-01 11:45:00",7386,29.64,13.33,13.29,23.64,0.119,0,0,0,0
"2026-09-01 12:00:00",7387,29.77,13.25,13.31,23.44,0.178,0,0,0,0
"2026-09-01 12:15:00",7388,29.85,13.41,13.15,23.47,0.22,0,0,0,0
"2026-09-01 12:30:00",7389,29.91,13.33,13.41,23.56,0.131,0,0,0,0
"2026-09-01 12:45:00",7390,29.88,13.48,13.3,23.75,0.119,0,0,0,0
"2026-09-01 13:00:00",7391,29.82,13.33,13.43,23.59,0.124,0,0,0,0
"2026-09-01 13:15:00",7392,29.76,13.37,13.17,23.57,0.172,0,0,0,0
"2026-09-01 13:30:00",7393,29.64,13.31,13.18,23.34,0.164,0,0,0,0
"2026-09-01 13:45:00",7394,29.54,13.31,13.3,22.94,0.12,0,0,0,0
"2026-09-01 14:00:00",7395,29.47,13.24,13.14,13.01,0.173,0,0,0,0
"2026-09-01 14:15:00",7396,29.45,13.32,13.25,23.49,0.119,0,0,0,0
"2026-09-01 14:30:00",7397,29.48,13.4,13.29,23.28,0.123,0,0,0,0
"2026-09-01 14:45:00",7398,29.44,13.24,13.18,13.28,0.175,0,0,0,0
"2026-09-01 15:00:00",7399,29.41,13.25,13.24,23.11,0.171,0,0,0,0
"2026-09-01 15:15:00",7400,29.36,13.35,13.26,23.2,0.119,0,0,0,0
"2026-09-01 15:30:00",7401,29.25,13.29,13.26,23.28,0.157,0,0,0,0
"2026-09-01 15:45:00",7402,29.1,13.39,13.21,23.08,0.163,0,0,0,0
"2026-09-01 16:00:00",7403,28.96,13.31,13.33,23.1,0.143,0,0,0,0
"2026-09-01 16:15:00",7404,28.82,13.3,13.26,17.48,0.14,0,0,0,0
"2026-09-01 16:30:00",7405,28.74,13.33,13.34,22.96,0.134,0,0,0,0
"2026-09-01 16:45:00",7406,28.66,13.32,13.3,23.52,0.164,0,0,0,0
"2026-09-01 17:00:00",7407,28.55,13.31,13.31,13.19,0.171,0,0,0,0
"2026-09-01 17:15:00",7408,28.45,13.33,13.21,13.22,0.176,0,0,0,0
"2026-09-01 17:30:00",7409,28.39,13.35,13.38,13.26,0.116,0,0,0,0
"2026-09-01 17:45:00",7410,28.33,13.43,13.29,23.36,0.119,0,0,0,0
"2026-09-01 18:00:00",7411,28.33,13.49,13.34,23.85,0.092,0,0,0,0
"2026-09-01 18:15:00",7412,28.35,13.36,13.32,22.97,0.146,0,0,0,0
"2026-09-01 18:30:00",7413,28.34,13.3,13.27,22.6,0.147,0,0,0,0
"2026-09-01 18:45:00",7414,28.29,13.36,13.28,13.11,0.155,0,0,0,0
"2026-09-01 19:00:00",7415,28.2,13.43,13.42,13.32,0.093,0,0,0,0
"2026-09-01 19:15:00",7416,28.08,13.39,13.38,13.26,0.105,0,0,0,0
"2026-09-01 19:30:00",7417,28,13.44,13.42,13.3,0.098,0,0,0,0
"2026-09-01 19:45:00",7418,27.91,13.37,13.26,20.08,0.162,0,0,0,0
"2026-09-01 20:00:00",7419,27.84,13.33,13.16,13.07,0.186,0,0,0,0
"2026-09-01 20:15:00",7420,27.8,13.26,13.21,13.13,0.106,0,0,0,0
"2026-09-01 20:30:00",7421,27.77,12.98,12.9,12.75,0.146,0,0,0,0
"2026-09-01 20:45:00",7422,27.69,12.82,12.78,5.634,0.15,0,0,0,0
"2026-09-01 21:00:00",7423,27.58,12.83,12.8,0.234,0.098,0,0,0,0
"2026-09-01 21:15:00",7424,27.47,12.82,12.81,-0.15,0.102,0,0,0,0
"2026-09-01 21:30:00",7425,27.4,12.73,12.61,-0.475,0.14,0,0,0,0
"2026-09-01 21:45:00",7426,27.3,12.8,12.77,-0.218,0.102,0,0,0,0
"2026-09-01 22:00:00",7427,27.21,12.69,12.62,-0.504,0.156,0,0,0,0
"2026-09-01 22:15:00",7428,27.14,12.78,12.76,-0.224,0.093,0,0,0,0
"2026-09-01 22:30:00",7429,27.1,12.76,12.73,-0.235,0.096,0,0,0,0
"2026-09-01 22:45:00",7430,27.03,12.77,12.75,-0.233,0.093,0,0,0,0
"2026-09-01 23:00:00",7431,26.97,12.74,12.64,-0.524,0.165,0,0,0,0
"2026-09-01 23:15:00",7432,26.92,12.73,12.74,-0.247,0.093,0,0,0,0
"2026-09-01 23:30:00",7433,26.89,12.75,12.74,-0.207,0.103,0,0,0,0
"2026-09-01 23:45:00",7434,26.84,12.75,12.73,-0.209,0.096,0,0,0,0
"2026-09-02 00:00:00",7435,26.79,12.74,12.73,-0.234,0.094,0,0,0,0
"2026-09-02 00:15:00",7436,26.78,12.73,12.71,-0.221,0.094,0,0,0,0
"2026-09-02 00:30:00",7437,26.75,12.6,12.45,-0.387,0.153,0,0,0,0
"2026-09-02 00:45:00",7438,26.69,12.7,12.58,-0.316,0.148,0,0,0,0
"2026-09-02 01:00:00",7439,26.63,12.67,12.54,-0.451,0.145,0,0,0,0
"2026-09-02 01:15:00",7440,26.56,12.73,12.71,-0.225,0.097,0,0,0,0
"2026-09-02 01:30:00",7441,26.54,12.55,12.5,-0.5,0.182,0,0,0,0
"2026-09-02 01:45:00",7442,26.49,12.72,12.68,-0.204,0.095,0,0,0,0
"2026-09-02 02:00:00",7443,26.44,12.72,12.7,-0.222,0.101,0,0,0,0
"2026-09-02 02:15:00",7444,26.4,12.67,12.62,-0.366,0.136,0,0,0,0
"2026-09-02 02:30:00",7445,26.39,12.71,12.69,-0.252,0.094,0,0,0,0
"2026-09-02 02:45:00",7446,26.35,12.71,12.7,-0.211,0.095,0,0,0,0
"2026-09-02 03:00:00",7447,26.29,12.61,12.56,-0.392,0.154,0,0,0,0
"2026-09-02 03:15:00",7448,26.2,12.69,12.68,-0.204,0.096,0,0,0,0
"2026-09-02 03:30:00",7449,26.14,12.61,12.57,-0.426,0.145,0,0,0,0
"2026-09-02 03:45:00",7450,26.05,12.69,12.68,-0.209,0.097,0,0,0,0
"2026-09-02 04:00:00",7451,25.97,12.62,12.55,-0.486,0.138,0,0,0,0
"2026-09-02 04:15:00",7452,25.9,12.6,12.56,-0.401,0.163,0,0,0,0
"2026-09-02 04:30:00",7453,25.86,12.59,12.56,-0.41,0.141,0,0,0,0
"2026-09-02 04:45:00",7454,25.8,12.39,12.58,-0.407,0.095,0,0,0,0
"2026-09-02 05:00:00",7455,25.74,12.58,12.54,-0.393,0.159,0,0,0,0
"2026-09-02 05:15:00",7456,25.68,12.67,12.66,-0.221,0.096,0,0,0,0
"2026-09-02 05:30:00",7457,25.64,12.67,12.65,-0.242,0.096,0,0,0,0
"2026-09-02 05:45:00",7458,25.57,12.64,12.5,-0.385,0.141,0,0,0,0
"2026-09-02 06:00:00",7459,25.49,12.58,12.53,-0.501,0.147,0,0,0,0
"2026-09-02 06:15:00",7460,25.42,12.55,12.52,-0.458,0.151,0,0,0,0
"2026-09-02 06:30:00",7461,25.39,12.56,12.51,-0.356,0.155,0,0,0,0
"2026-09-02 06:45:00",7462,25.32,12.65,12.61,0.877,0.105,0,0,0,0
"2026-09-02 07:00:00",7463,25.26,12.64,12.64,10.86,0.099,0,0,0,0
"2026-09-02 07:15:00",7464,25.2,12.58,12.45,12.28,0.145,0,0,0,0
"2026-09-02 07:30:00",7465,25.19,12.63,12.54,12.37,0.136,0,0,0,0
"2026-09-02 07:45:00",7466,25.17,12.89,12.88,12.8,0.108,0,0,0,0
"2026-09-02 08:00:00",7467,25.19,13.53,13.51,13.47,0.092,0,0,0,0
"2026-09-02 08:15:00",7468,25.3,13.73,13.72,13.66,0.092,0,0,0,0
"2026-09-02 08:30:00",7469,25.5,13.84,13.7,13.71,0.148,0,0,0,0
"2026-09-02 08:45:00",7470,25.73,13.9,13.94,13.94,0.065,0,0,0,0
"2026-09-02 09:00:00",7471,26,13.9,13.66,13.67,0.131,0,0,0,0
"2026-09-02 09:15:00",7472,26.31,13.83,13.95,14.3,0.099,0,0,0,0
"2026-09-02 09:30:00",7473,26.63,13.75,13.73,13.73,0.127,0,0,0,0
"2026-09-02 09:45:00",7474,26.9,13.88,13.89,24.03,0.154,0,0,0,0
"2026-09-02 10:00:00",7475,27.2,13.88,13.63,17.98,0.143,0,0,0,0
"2026-09-02 10:15:00",7476,27.53,13.81,13.79,13.88,0.09,0,0,0,0
"2026-09-02 10:30:00",7477,27.94,13.72,13.64,17.73,0.135,0,0,0,0
"2026-09-02 10:45:00",7478,28.36,13.92,13.76,23.48,0.09,0,0,0,0
"2026-09-02 11:00:00",7479,28.72,13.78,13.9,23.59,0.118,0,0,0,0
"2026-09-02 11:15:00",7480,28.94,13.78,13.89,23.4,0.098,0,0,0,0
"2026-09-02 11:30:00",7481,29.14,13.39,13.37,13.51,0.093,0,0,0,0
"2026-09-02 11:45:00",7482,29.35,13.34,13.31,23.12,0.09,0,0,0,0
"2026-09-02 12:00:00",7483,29.6,13.34,13.43,23.04,0.092,0,0,0,0
"2026-09-02 12:15:00",7484,29.92,13.43,13.33,22.86,0.099,0,0,0,0
"2026-09-02 12:30:00",7485,30.34,13.28,13.17,22.7,0.148,0,0,0,0
"2026-09-02 12:45:00",7486,30.78,13.34,13.3,23.1,0.101,0,0,0,0
"2026-09-02 13:00:00",7487,31.26,13.32,13.31,23.16,0.096,0,0,0,0
"2026-09-02 13:15:00",7488,31.68,13.27,13.32,23.23,0.103,0,0,0,0
"2026-09-02 13:30:00",7489,31.98,13.36,13.24,23.16,0.144,0,0,0,0
"2026-09-02 13:45:00",7490,32.1,13.23,13.2,19.45,0.123,0,0,0,0
"2026-09-02 14:00:00",7491,32.14,13.12,12.85,12.88,0.191,0,0,0,0
"2026-09-02 14:15:00",7492,32.17,13.23,13.29,23.17,0.12,0,0,0,0
"2026-09-02 14:30:00",7493,32.26,13.29,13.08,22.96,0.176,0,0,0,0
"2026-09-02 14:45:00",7494,32.31,13.17,13.05,13.02,0.179,0,0,0,0
"2026-09-02 15:00:00",7495,32.38,13.14,12.92,20.41,0.207,0,0,0,0
"2026-09-02 15:15:00",7496,32.36,13.23,13.2,13.57,0.119,0,0,0,0
"2026-09-02 15:30:00",7497,32.5,13.14,13.09,22.04,0.177,0,0,0,0
"2026-09-02 15:45:00",7498,32.53,13.23,13.31,23.36,0.118,0,0,0,0
"2026-09-02 16:00:00",7499,32.56,13.24,13.31,23.38,0.125,0,0,0,0
"2026-09-02 16:15:00",7500,32.61,13.31,13.21,23.33,0.095,0,0,0,0
"2026-09-02 16:30:00",7501,32.74,13.21,13.19,23.17,0.126,0,0,0,0
"2026-09-02 16:45:00",7502,32.82,13.2,13.03,23.14,0.144,0,0,0,0
"2026-09-02 17:00:00",7503,32.8,13.14,13,12.94,0.179,0,0,0,0
"2026-09-02 17:15:00",7504,32.66,13.2,13.18,23.36,0.114,0,0,0,0
"2026-09-02 17:30:00",7505,32.59,13.08,13.03,22.35,0.213,0,0,0,0
"2026-09-02 17:45:00",7506,32.59,13.12,13.06,23.15,0.18,0,0,0,0
"2026-09-02 18:00:00",7507,32.71,13.26,12.99,23.04,0.2,0,0,0,0
"2026-09-02 18:15:00",7508,32.87,13.21,13.16,23.18,0.125,0,0,0,0
"2026-09-02 18:30:00",7509,33.04,13.11,13.05,22.88,0.183,0,0,0,0
"2026-09-02 18:45:00",7510,33.15,13.19,13.22,22.95,0.12,0,0,0,0
"2026-09-02 19:00:00",7511,33.21,13.14,13.1,22.65,0.178,0,0,0,0
"2026-09-02 19:15:00",7512,33.22,13.21,13.15,22.9,0.121,0,0,0,0
"2026-09-02 19:30:00",7513,33.14,13.21,13.22,22.58,0.124,0,0,0,0
"2026-09-02 19:45:00",7514,32.95,13.21,13.24,22.63,0.135,0,0,0,0
"2026-09-02 20:00:00",7515,32.69,13.13,12.99,12.83,0.233,0,0,0,0
"2026-09-02 20:15:00",7516,32.39,13.15,13.1,13.02,0.125,0,0,0,0
"2026-09-02 20:30:00",7517,32.03,13.01,12.98,12.92,0.096,0,0,0,0
"2026-09-02 20:45:00",7518,31.59,12.89,12.87,7.948,0.103,0,0,0,0
"2026-09-02 21:00:00",7519,31.14,12.83,12.8,0.503,0.102,0,0,0,0
"2026-09-02 21:15:00",7520,30.7,12.72,12.66,-0.385,0.135,0,0,0,0
"2026-09-02 21:30:00",7521,30.35,12.68,12.64,-0.411,0.164,0,0,0,0
"2026-09-02 21:45:00",7522,30.01,12.8,12.79,-0.208,0.104,0,0,0,0
"2026-09-02 22:00:00",7523,29.68,12.73,12.64,-0.422,0.152,0,0,0,0
"2026-09-02 22:15:00",7524,29.37,12.69,12.59,-0.518,0.164,0,0,0,0
"2026-09-02 22:30:00",7525,29.09,12.7,12.64,-0.477,0.148,0,0,0,0
"2026-09-02 22:45:00",7526,28.82,12.71,12.66,-0.4,0.149,0,0,0,0
"2026-09-02 23:00:00",7527,28.61,12.69,12.62,-0.415,0.203,0,0,0,0
"2026-09-02 23:15:00",7528,28.43,12.77,12.73,-0.197,0.103,0,0,0,0
"2026-09-02 23:30:00",7529,28.31,12.64,12.56,-0.447,0.145,0,0,0,0
"2026-09-02 23:45:00",7530,28.19,12.69,12.62,-0.453,0.14,0,0,0,0
"2026-09-03 00:00:00",7531,28.07,12.74,12.62,-0.293,0.145,0,0,0,0
"2026-09-03 00:15:00",7532,28,12.75,12.74,-0.209,0.091,0,0,0,0
"2026-09-03 00:30:00",7533,27.92,12.68,12.59,-0.52,0.16,0,0,0,0
"2026-09-03 00:45:00",7534,27.82,12.67,12.56,-0.472,0.1,0,0,0,0
"2026-09-03 01:00:00",7535,27.71,12.74,12.72,-0.214,0.092,0,0,0,0
"2026-09-03 01:15:00",7536,27.64,12.64,12.58,-0.393,0.154,0,0,0,0
"2026-09-03 01:30:00",7537,27.63,12.63,12.58,-0.402,0.166,0,0,0,0
"2026-09-03 01:45:00",7538,27.58,12.72,12.71,-0.214,0.091,0,0,0,0
"2026-09-03 02:00:00",7539,27.51,12.64,12.59,-0.461,0.137,0,0,0,0
"2026-09-03 02:15:00",7540,27.49,12.63,12.6,-0.414,0.155,0,0,0,0
"2026-09-03 02:30:00",7541,27.49,12.63,12.58,-0.383,0.153,0,0,0,0
"2026-09-03 02:45:00",7542,27.4,12.71,12.7,-0.198,0.101,0,0,0,0
"2026-09-03 03:00:00",7543,27.24,12.63,12.53,-0.442,0.146,0,0,0,0
"2026-09-03 03:15:00",7544,27.12,12.7,12.68,-0.205,0.093,0,0,0,0
"2026-09-03 03:30:00",7545,27.04,12.65,12.6,-0.329,0.131,0,0,0,0
"2026-09-03 03:45:00",7546,26.97,12.57,12.54,-0.44,0.156,0,0,0,0
"2026-09-03 04:00:00",7547,26.92,12.68,12.64,-0.231,0.099,0,0,0,0
"2026-09-03 04:15:00",7548,26.87,12.61,12.51,-0.464,0.136,0,0,0,0
"2026-09-03 04:30:00",7549,26.83,12.66,12.63,-0.318,0.107,0,0,0,0
"2026-09-03 04:45:00",7550,26.76,12.6,12.53,-0.414,0.16,0,0,0,0
"2026-09-03 05:00:00",7551,26.7,12.6,12.53,-0.378,0.159,0,0,0,0
"2026-09-03 05:15:00",7552,26.64,12.66,12.66,-0.203,0.095,0,0,0,0
"2026-09-03 05:30:00",7553,26.61,12.66,12.65,-0.199,0.094,0,0,0,0
"2026-09-03 05:45:00",7554,26.57,12.66,12.65,-0.207,0.092,0,0,0,0
"2026-09-03 06:00:00",7555,26.52,12.56,12.53,-0.457,0.15,0,0,0,0
"2026-09-03 06:15:00",7556,26.47,12.65,12.64,-0.196,0.099,0,0,0,0
"2026-09-03 06:30:00",7557,26.43,12.66,12.64,-0.133,0.102,0,0,0,0
"2026-09-03 06:45:00",7558,26.37,12.58,12.51,0.931,0.139,0,0,0,0
"2026-09-03 07:00:00",7559,26.31,12.55,12.5,11.1,0.141,0,0,0,0
"2026-09-03 07:15:00",7560,26.25,12.56,12.5,12.38,0.156,0,0,0,0
"2026-09-03 07:30:00",7561,26.21,12.68,12.6,12.53,0.147,0,0,0,0
"2026-09-03 07:45:00",7562,26.16,13.07,13.05,12.97,0.091,0,0,0,0
"2026-09-03 08:00:00",7563,26.16,13.51,13.48,13.45,0.091,0,0,0,0
"2026-09-03 08:15:00",7564,26.23,13.61,13.52,13.38,0.126,0,0,0,0
"2026-09-03 08:30:00",7565,26.38,13.76,13.7,13.24,0.146,0,0,0,0
"2026-09-03 08:45:00",7566,26.57,13.91,13.88,13.87,0.09,0,0,0,0
"2026-09-03 09:00:00",7567,26.79,13.86,13.85,23.23,0.108,0,0,0,0
"2026-09-03 09:15:00",7568,27.06,13.82,13.92,13.91,0.093,0,0,0,0
"2026-09-03 09:30:00",7569,27.41,13.92,13.79,23.11,0.099,0,0,0,0
"2026-09-03 09:45:00",7570,27.8,13.85,13.76,13.83,0.096,0,0,0,0
"2026-09-03 10:00:00",7571,28.25,13.73,13.8,19.46,0.139,0,0,0,0
"2026-09-03 10:15:00",7572,28.77,13.86,13.78,22.87,0.1,0,0,0,0
"2026-09-03 10:30:00",7573,29.38,13.86,13.63,22.53,0.13,0,0,0,0
"2026-09-03 10:45:00",7574,30,13.75,13.83,22.69,0.089,0,0,0,0
"2026-09-03 11:00:00",7575,30.61,13.81,13.72,15.11,0.073,0,0,0,0
"2026-09-03 11:15:00",7576,31.19,13.71,13.79,22.77,0.09,0,0,0,0
"2026-09-03 11:30:00",7577,31.71,13.3,13.19,22.5,0.134,0,0,0,0
"2026-09-03 11:45:00",7578,32.08,13.37,13.26,22.85,0.096,0,0,0,0
"2026-09-03 12:00:00",7579,32.35,13.3,13.26,22.2,0.095,0,0,0,0
"2026-09-03 12:15:00",7580,32.56,13.26,13.33,23.02,0.09,0,0,0,0
"2026-09-03 12:30:00",7581,32.77,13.21,13.11,22.94,0.112,0,0,0,0
"2026-09-03 12:45:00",7582,32.84,13.26,13.23,23.22,0.092,0,0,0,0
"2026-09-03 13:00:00",7583,32.9,13.18,13.19,22.97,0.159,0,0,0,0
"2026-09-03 13:15:00",7584,32.79,13.27,13.25,23.18,0.099,0,0,0,0
"2026-09-03 13:30:00",7585,32.71,13.19,13.29,23.02,0.116,0,0,0,0
"2026-09-03 13:45:00",7586,32.67,13.37,13.24,23.33,0.092,0,0,0,0
"2026-09-03 14:00:00",7587,32.58,13.16,13.17,22.95,0.164,0,0,0,0
"2026-09-03 14:15:00",7588,32.44,13.3,13.25,23.38,0.083,0,0,0,0
"2026-09-03 14:30:00",7589,32.34,13.29,13.11,23.18,0.146,0,0,0,0
"2026-09-03 14:45:00",7590,32.23,13.27,13.33,23.33,0.092,0,0,0,0
"2026-09-03 15:00:00",7591,32.06,13.19,13.11,23.26,0.133,0,0,0,0
"2026-09-03 15:15:00",7592,31.85,13.27,13.36,23.69,0.101,0,0,0,0
"2026-09-03 15:30:00",7593,31.67,13.28,13.12,23.5,0.147,0,0,0,0
"2026-09-03 15:45:00",7594,31.47,13.38,13.17,23.67,0.112,0,0,0,0
"2026-09-03 16:00:00",7595,31.35,13.19,13.04,23.61,0.185,0,0,0,0
"2026-09-03 16:15:00",7596,31.15,13.23,13.13,13.15,0.133,0,0,0,0
"2026-09-03 16:30:00",7597,30.98,13.26,13.15,23.75,0.134,0,0,0,0
"2026-09-03 16:45:00",7598,30.83,13.21,13.15,13.11,0.153,0,0,0,0
"2026-09-03 17:00:00",7599,30.69,13.23,13.19,13.18,0.162,0,0,0,0
"2026-09-03 17:15:00",7600,30.57,13.29,13.25,23.93,0.118,0,0,0,0
"2026-09-03 17:30:00",7601,30.5,13.24,13.26,23.6,0.182,0,0,0,0
"2026-09-03 17:45:00",7602,30.39,13.3,13.25,23.82,0.119,0,0,0,0
"2026-09-03 18:00:00",7603,30.28,13.22,13.14,22.85,0.19,0,0,0,0
"2026-09-03 18:15:00",7604,30.14,13.28,13.25,13.32,0.118,0,0,0,0
"2026-09-03 18:30:00",7605,30.06,13.17,13.05,23.57,0.186,0,0,0,0
"2026-09-03 18:45:00",7606,29.98,13.25,13.31,23.56,0.158,0,0,0,0
"2026-09-03 19:00:00",7607,29.9,13.21,13.23,23.48,0.17,0,0,0,0
"2026-09-03 19:15:00",7608,29.82,13.4,13.3,23.64,0.124,0,0,0,0
"2026-09-03 19:30:00",7609,29.76,13.3,13.19,23.15,0.164,0,0,0,0
"2026-09-03 19:45:00",7610,29.66,13.33,13.34,23.09,0.119,0,0,0,0
"2026-09-03 20:00:00",7611,29.55,13.34,13.3,13.24,0.112,0,0,0,0
"2026-09-03 20:15:00",7612,29.43,13.18,13.14,13.07,0.117,0,0,0,0
"2026-09-03 20:30:00",7613,29.3,12.93,12.81,12.58,0.178,0,0,0,0
"2026-09-03 20:45:00",7614,29.14,12.86,12.81,5.073,0.122,0,0,0,0
"2026-09-03 21:00:00",7615,29,12.81,12.77,0.014,0.12,0,0,0,0
"2026-09-03 21:15:00",7616,28.87,12.74,12.72,-0.328,0.145,0,0,0,0
"2026-09-03 21:30:00",7617,28.76,12.75,12.72,-0.264,0.138,0,0,0,0
"2026-09-03 21:45:00",7618,28.64,12.75,12.74,-0.268,0.12,0,0,0,0
"2026-09-03 22:00:00",7619,28.53,12.69,12.58,-0.5,0.174,0,0,0,0
"2026-09-03 22:15:00",7620,28.45,12.74,12.72,-0.271,0.124,0,0,0,0
"2026-09-03 22:30:00",7621,28.41,12.76,12.72,-0.27,0.119,0,0,0,0
"2026-09-03 22:45:00",7622,28.34,12.75,12.72,-0.273,0.12,0,0,0,0
"2026-09-03 23:00:00",7623,28.28,12.75,12.72,-0.273,0.118,0,0,0,0
"2026-09-03 23:15:00",7624,28.23,12.74,12.69,-0.285,0.129,0,0,0,0
"2026-09-03 23:30:00",7625,28.21,12.69,12.56,-0.66,0.191,0,0,0,0
"2026-09-03 23:45:00",7626,28.16,12.75,12.74,-0.21,0.103,0,0,0,0
"2026-09-04 00:00:00",7627,28.11,12.62,12.6,-0.536,0.158,0,0,0,0
"2026-09-04 00:15:00",7628,28.11,12.68,12.56,-0.421,0.162,0,0,0,0
"2026-09-04 00:30:00",7629,28.1,12.74,12.7,-0.201,0.095,0,0,0,0
"2026-09-04 00:45:00",7630,28.04,12.75,12.71,-0.214,0.099,0,0,0,0
"2026-09-04 01:00:00",7631,27.99,12.73,12.69,-0.221,0.097,0,0,0,0
"2026-09-04 01:15:00",7632,27.94,12.67,12.56,-0.436,0.153,0,0,0,0
"2026-09-04 01:30:00",7633,27.92,12.73,12.71,-0.221,0.096,0,0,0,0
"2026-09-04 01:45:00",7634,27.87,12.64,12.59,-0.434,0.133,0,0,0,0
"2026-09-04 02:00:00",7635,27.82,12.73,12.71,-0.252,0.101,0,0,0,0
"2026-09-04 02:15:00",7636,27.78,12.64,12.59,-0.379,0.16,0,0,0,0
"2026-09-04 02:30:00",7637,27.76,12.69,12.67,-0.262,0.109,0,0,0,0
"2026-09-04 02:45:00",7638,27.72,12.62,12.57,-0.432,0.184,0,0,0,0
"2026-09-04 03:00:00",7639,27.67,12.7,12.7,-0.202,0.095,0,0,0,0
"2026-09-04 03:15:00",7640,27.62,12.61,12.59,-0.37,0.148,0,0,0,0
"2026-09-04 03:30:00",7641,27.59,12.63,12.54,-0.437,0.149,0,0,0,0
"2026-09-04 03:45:00",7642,27.54,12.58,12.53,-0.406,0.149,0,0,0,0
"2026-09-04 04:00:00",7643,27.48,12.7,12.68,-0.202,0.092,0,0,0,0
"2026-09-04 04:15:00",7644,27.44,12.66,12.66,-0.281,0.112,0,0,0,0
"2026-09-04 04:30:00",7645,27.41,12.68,12.68,-0.195,0.101,0,0,0,0
"2026-09-04 04:45:00",7646,27.37,12.61,12.51,-0.408,0.172,0,0,0,0
"2026-09-04 05:00:00",7647,27.33,12.59,12.56,-0.431,0.134,0,0,0,0
"2026-09-04 05:15:00",7648,27.29,12.68,12.6,-0.211,0.113,0,0,0,0
"2026-09-04 05:30:00",7649,27.28,12.68,12.65,-0.205,0.092,0,0,0,0
"2026-09-04 05:45:00",7650,27.24,12.66,12.63,-0.202,0.092,0,0,0,0
"2026-09-04 06:00:00",7651,27.19,12.58,12.49,-0.725,0.16,0,0,0,0
"2026-09-04 06:15:00",7652,27.14,12.6,12.51,-0.45,0.137,0,0,0,0
"2026-09-04 06:30:00",7653,27.11,12.66,12.65,-0.211,0.101,0,0,0,0
"2026-09-04 06:45:00",7654,27.06,12.59,12.62,0.449,0.112,0,0,0,0
"2026-09-04 07:00:00",7655,27,12.57,12.46,8.83,0.151,0,0,0,0
"2026-09-04 07:15:00",7656,26.94,12.58,12.5,12.35,0.139,0,0,0,0
"2026-09-04 07:30:00",7657,26.92,12.68,12.68,12.63,0.093,0,0,0,0
"2026-09-04 07:45:00",7658,26.89,12.94,12.92,12.82,0.091,0,0,0,0
"2026-09-04 08:00:00",7659,26.91,13.36,13.27,13.19,0.152,0,0,0,0
"2026-09-04 08:15:00",7660,27.01,13.71,13.68,13.67,0.088,0,0,0,0
"2026-09-04 08:30:00",7661,27.22,13.82,13.6,13.62,0.16,0,0,0,0
"2026-09-04 08:45:00",7662,27.53,13.88,13.84,23.76,0.118,0,0,0,0
"2026-09-04 09:00:00",7663,27.91,13.84,13.66,23.48,0.174,0,0,0,0
"2026-09-04 09:15:00",7664,28.32,13.82,13.87,23.46,0.106,0,0,0,0
"2026-09-04 09:30:00",7665,28.81,13.75,13.48,23.47,0.181,0,0,0,0
"2026-09-04 09:45:00",7666,29.14,13.85,13.7,23.17,0.087,0,0,0,0
"2026-09-04 10:00:00",7667,29.41,13.6,13.59,13.54,0.148,0,0,0,0
"2026-09-04 10:15:00",7668,29.73,13.73,13.82,22.93,0.091,0,0,0,0
"2026-09-04 10:30:00",7669,30.14,13.66,13.54,13.38,0.153,0,0,0,0
"2026-09-04 10:45:00",7670,30.57,13.72,13.82,22.91,0.103,0,0,0,0
"2026-09-04 11:00:00",7671,30.95,13.74,13.7,13.78,0.085,0,0,0,0
"2026-09-04 11:15:00",7672,31.25,13.58,13.62,23.49,0.089,0,0,0,0
"2026-09-04 11:30:00",7673,31.42,13.24,13.14,17.85,0.157,0,0,0,0
"2026-09-04 11:45:00",7674,31.33,13.3,13.3,23.51,0.095,0,0,0,0
"2026-09-04 12:00:00",7675,31.15,13.3,13.28,23.59,0.096,0,0,0,0
"2026-09-04 12:15:00",7676,30.98,13.3,13.29,23.59,0.111,0,0,0,0
"2026-09-04 12:30:00",7677,30.83,13.25,13.2,23.44,0.155,0,0,0,0
"2026-09-04 12:45:00",7678,30.66,13.34,13.31,23.63,0.098,0,0,0,0
"2026-09-04 13:00:00",7679,30.52,13.33,13.31,23.52,0.1,0,0,0,0
"2026-09-04 13:15:00",7680,30.4,13.35,13.3,23.55,0.108,0,0,0,0
"2026-09-04 13:30:00",7681,30.31,13.25,13.17,13.1,0.165,0,0,0,0
"2026-09-04 13:45:00",7682,30.2,13.33,13.31,23.6,0.093,0,0,0,0
"2026-09-04 14:00:00",7683,30.09,13.33,13.02,23.51,0.178,0,0,0,0
"2026-09-04 14:15:00",7684,29.99,13.33,13.31,23.7,0.095,0,0,0,0
"2026-09-04 14:30:00",7685,29.94,13.26,13.25,23.79,0.09,0,0,0,0
"2026-09-04 14:45:00",7686,29.91,13.32,13.28,23.84,0.092,0,0,0,0
"2026-09-04 15:00:00",7687,29.89,13.33,13.31,13.41,0.091,0,0,0,0
"2026-09-04 15:15:00",7688,29.89,13.32,13.37,23.87,0.089,0,0,0,0
"2026-09-04 15:30:00",7689,29.93,13.33,13.31,23.87,0.096,0,0,0,0
"2026-09-04 15:45:00",7690,29.95,13.26,13.17,23.71,0.154,0,0,0,0
"2026-09-04 16:00:00",7691,29.95,13.25,13.15,23.56,0.133,0,0,0,0
"2026-09-04 16:15:00",7692,29.95,13.33,13.31,23.93,0.09,0,0,0,0
"2026-09-04 16:30:00",7693,29.99,13.33,13.31,23.95,0.096,0,0,0,0
"2026-09-04 16:45:00",7694,29.98,13.37,13.31,23.87,0.083,0,0,0,0
"2026-09-04 17:00:00",7695,29.97,13.32,13.29,23.91,0.09,0,0,0,0
"2026-09-04 17:15:00",7696,29.97,13.32,13.46,23.95,0.099,0,0,0,0
"2026-09-04 17:30:00",7697,29.95,13.26,13.27,23.49,0.141,0,0,0,0
"2026-09-04 17:45:00",7698,29.87,13.33,13.31,23.62,0.096,0,0,0,0
"2026-09-04 18:00:00",7699,29.83,13.33,13.31,19.9,0.089,0,0,0,0
"2026-09-04 18:15:00",7700,29.81,13.27,13.31,23.46,0.182,0,0,0,0
"2026-09-04 18:30:00",7701,29.82,13.29,13.07,13.12,0.2,0,0,0,0
"2026-09-04 18:45:00",7702,29.82,13.33,13.29,23.64,0.12,0,0,0,0
"2026-09-04 19:00:00",7703,29.82,13.29,13.19,23.41,0.177,0,0,0,0
"2026-09-04 19:15:00",7704,29.82,13.33,13.21,23.21,0.134,0,0,0,0
"2026-09-04 19:30:00",7705,29.81,13.25,13.23,22.85,0.169,0,0,0,0
"2026-09-04 19:45:00",7706,29.76,13.33,13.34,22.77,0.119,0,0,0,0
"2026-09-04 20:00:00",7707,29.67,13.31,13.28,13.17,0.125,0,0,0,0
"2026-09-04 20:15:00",7708,29.55,13.07,13.03,12.94,0.118,0,0,0,0
"2026-09-04 20:30:00",7709,29.42,12.84,12.78,12.53,0.163,0,0,0,0
"2026-09-04 20:45:00",7710,29.25,12.83,12.8,1.3,0.123,0,0,0,0
"2026-09-04 21:00:00",7711,29.09,12.79,12.75,-0.175,0.124,0,0,0,0
"2026-09-04 21:15:00",7712,28.95,12.78,12.74,-0.265,0.122,0,0,0,0
"2026-09-04 21:30:00",7713,28.84,12.77,12.73,-0.292,0.123,0,0,0,0
"2026-09-04 21:45:00",7714,28.72,12.68,12.63,-0.567,0.181,0,0,0,0
"2026-09-04 22:00:00",7715,28.62,12.76,12.73,-0.296,0.123,0,0,0,0
"2026-09-04 22:15:00",7716,28.53,12.76,12.72,-0.326,0.123,0,0,0,0
"2026-09-04 22:30:00",7717,28.48,12.69,12.56,-0.507,0.18,0,0,0,0
"2026-09-04 22:45:00",7718,28.41,12.75,12.69,-0.283,0.12,0,0,0,0
"2026-09-04 23:00:00",7719,28.34,12.75,12.68,-0.29,0.12,0,0,0,0
"2026-09-04 23:15:00",7720,28.27,12.74,12.68,-0.289,0.119,0,0,0,0
"2026-09-04 23:30:00",7721,28.24,12.65,12.56,-0.553,0.186,0,0,0,0
"2026-09-04 23:45:00",7722,28.2,12.73,12.69,-0.28,0.131,0,0,0,0
"2026-09-05 00:00:00",7723,28.14,12.65,12.56,-0.577,0.168,0,0,0,0
"2026-09-05 00:15:00",7724,28.13,12.64,12.57,-0.599,0.175,0,0,0,0
"2026-09-05 00:30:00",7725,28.11,12.59,12.47,-0.639,0.223,0,0,0,0
"2026-09-05 00:45:00",7726,28.03,12.62,12.54,-0.465,0.181,0,0,0,0
"2026-09-05 01:00:00",7727,27.98,12.73,12.68,-0.289,0.129,0,0,0,0
"2026-09-05 01:15:00",7728,27.93,12.69,12.66,-0.309,0.109,0,0,0,0
"2026-09-05 01:30:00",7729,27.9,12.61,12.54,-0.502,0.221,0,0,0,0
"2026-09-05 01:45:00",7730,27.86,12.65,12.52,-0.375,0.159,0,0,0,0
"2026-09-05 02:00:00",7731,27.8,12.66,12.56,-0.431,0.162,0,0,0,0
"2026-09-05 02:15:00",7732,27.73,12.65,12.57,-0.478,0.149,0,0,0,0
"2026-09-05 02:30:00",7733,27.69,12.64,12.59,-0.445,0.143,0,0,0,0
"2026-09-05 02:45:00",7734,27.64,12.58,12.56,-0.394,0.184,0,0,0,0
"2026-09-05 03:00:00",7735,27.58,12.62,12.57,-0.531,0.155,0,0,0,0
"2026-09-05 03:15:00",7736,27.52,12.64,12.58,-0.45,0.138,0,0,0,0
"2026-09-05 03:30:00",7737,27.5,12.68,12.56,-0.399,0.134,0,0,0,0
"2026-09-05 03:45:00",7738,27.44,12.62,12.57,-0.457,0.138,0,0,0,0
"2026-09-05 04:00:00",7739,27.37,12.61,12.51,-0.374,0.151,0,0,0,0
"2026-09-05 04:15:00",7740,27.32,12.69,12.66,-0.207,0.094,0,0,0,0
"2026-09-05 04:30:00",7741,27.29,12.66,12.56,-0.383,0.134,0,0,0,0
"2026-09-05 04:45:00",7742,27.23,12.69,12.66,-0.21,0.094,0,0,0,0
"2026-09-05 05:00:00",7743,27.17,12.59,12.56,-0.487,0.164,0,0,0,0
"2026-09-05 05:15:00",7744,27.12,12.68,12.66,-0.226,0.114,0,0,0,0
"2026-09-05 05:30:00",7745,27.09,12.65,12.53,-0.341,0.137,0,0,0,0
"2026-09-05 05:45:00",7746,27,12.67,12.66,-0.211,0.096,0,0,0,0
"2026-09-05 06:00:00",7747,26.93,12.59,12.55,-0.447,0.146,0,0,0,0
"2026-09-05 06:15:00",7748,26.88,12.58,12.53,-0.39,0.139,0,0,0,0
"2026-09-05 06:30:00",7749,26.88,12.6,12.5,-0.359,0.154,0,0,0,0
"2026-09-05 06:45:00",7750,26.84,12.64,12.61,0.217,0.118,0,0,0,0
"2026-09-05 07:00:00",7751,26.79,12.58,12.53,6.753,0.147,0,0,0,0
"2026-09-05 07:15:00",7752,26.78,12.66,12.64,12.66,0.101,0,0,0,0
"2026-09-05 07:30:00",7753,26.82,12.67,12.65,12.58,0.094,0,0,0,0
"2026-09-05 07:45:00",7754,26.83,12.76,12.68,12.63,0.114,0,0,0,0
"2026-09-05 08:00:00",7755,26.85,12.86,12.65,12.33,0.255,0,0,0,0
"2026-09-05 08:15:00",7756,26.92,13.4,13.3,13.14,0.135,0,0,0,0
"2026-09-05 08:30:00",7757,27.04,13.69,13.66,13.6,0.094,0,0,0,0
"2026-09-05 08:45:00",7758,27.19,13.87,13.84,13.78,0.102,0,0,0,0
"2026-09-05 09:00:00",7759,27.4,13.89,13.87,23.7,0.113,0,0,0,0
"2026-09-05 09:15:00",7760,27.67,13.92,13.77,13.89,0.089,0,0,0,0
"2026-09-05 09:30:00",7761,28.06,13.78,13.9,13.88,0.101,0,0,0,0
"2026-09-05 09:45:00",7762,28.47,13.69,13.78,21.53,0.156,0,0,0,0
"2026-09-05 10:00:00",7763,28.93,13.91,13.77,17,0.087,0,0,0,0
"2026-09-05 10:15:00",7764,29.35,13.84,13.72,23.34,0.061,0,0,0,0
"2026-09-05 10:30:00",7765,29.77,13.75,13.73,13.86,0.088,0,0,0,0
"2026-09-05 10:45:00",7766,30.15,13.87,13.7,23.36,0.095,0,0,0,0
"2026-09-05 11:00:00",7767,30.53,13.73,13.71,23.18,0.092,0,0,0,0
"2026-09-05 11:15:00",7768,30.95,13.7,13.56,13.65,0.146,0,0,0,0
"2026-09-05 11:30:00",7769,31.48,13.72,13.69,13.79,0.091,0,0,0,0
"2026-09-05 11:45:00",7770,32.03,13.36,13.28,22.81,0.06,0,0,0,0
"2026-09-05 12:00:00",7771,32.6,13.27,13.37,22.84,0.09,0,0,0,0
"2026-09-05 12:15:00",7772,33.19,13.25,13.25,22.8,0.091,0,0,0,0
"2026-09-05 12:30:00",7773,33.8,13.21,13.22,22.72,0.085,0,0,0,0
"2026-09-05 12:45:00",7774,34.33,13.22,13.17,22.83,0.093,0,0,0,0
"2026-09-05 13:00:00",7775,34.77,13.18,13.15,22.76,0.108,0,0,0,0
"2026-09-05 13:15:00",7776,35.12,13.32,13.18,22.83,0.091,0,0,0,0
"2026-09-05 13:30:00",7777,35.43,13.17,13.15,13.31,0.092,0,0,0,0
"2026-09-05 13:45:00",7778,35.73,13.17,13.26,22.81,0.101,0,0,0,0
"2026-09-05 14:00:00",7779,36.01,13.07,12.91,22.59,0.168,0,0,0,0
"2026-09-05 14:15:00",7780,36.22,13.14,13.12,22.72,0.093,0,0,0,0
"2026-09-05 14:30:00",7781,36.35,13.06,12.99,22.65,0.147,0,0,0,0
"2026-09-05 14:45:00",7782,36.24,13.14,13.11,22.92,0.095,0,0,0,0
"2026-09-05 15:00:00",7783,36.14,13.18,13.09,22.94,0.089,0,0,0,0
"2026-09-05 15:15:00",7784,36.14,13.06,12.95,12.96,0.158,0,0,0,0
"2026-09-05 15:30:00",7785,36.21,13.14,13.11,22.99,0.094,0,0,0,0
"2026-09-05 15:45:00",7786,36.2,13.15,13.12,23.12,0.096,0,0,0,0
"2026-09-05 16:00:00",7787,36.05,13.14,13.24,23.22,0.092,0,0,0,0
"2026-09-05 16:15:00",7788,35.88,13.26,13.1,23.18,0.092,0,0,0,0
"2026-09-05 16:30:00",7789,35.62,13.14,13.09,23.08,0.094,0,0,0,0
"2026-09-05 16:45:00",7790,35.28,13.14,13.12,13.22,0.105,0,0,0,0
"2026-09-05 17:00:00",7791,35.02,13.17,13.15,13.22,0.091,0,0,0,0
"2026-09-05 17:15:00",7792,34.75,13.29,13.16,23.53,0.1,0,0,0,0
"2026-09-05 17:30:00",7793,34.56,13.1,13.23,23.45,0.092,0,0,0,0
"2026-09-05 17:45:00",7794,34.44,13.2,13.18,13.27,0.093,0,0,0,0
"2026-09-05 18:00:00",7795,34.3,13.2,13.18,13.32,0.094,0,0,0,0
"2026-09-05 18:15:00",7796,33.9,13.2,13.18,23.38,0.091,0,0,0,0
"2026-09-05 18:30:00",7797,33.49,13.23,13.21,23.48,0.095,0,0,0,0
"2026-09-05 18:45:00",7798,33.09,13.21,13.21,23.42,0.091,0,0,0,0
"2026-09-05 19:00:00",7799,32.74,13.26,13.23,23.56,0.098,0,0,0,0
"2026-09-05 19:15:00",7800,32.46,13.27,13.31,23.33,0.094,0,0,0,0
"2026-09-05 19:30:00",7801,32.18,13.22,13.03,22.76,0.143,0,0,0,0
"2026-09-05 19:45:00",7802,31.88,13.3,13.28,13.2,0.097,0,0,0,0
"2026-09-05 20:00:00",7803,31.57,13.08,13.07,12.93,0.115,0,0,0,0
"2026-09-05 20:15:00",7804,31.27,12.84,12.7,12.46,0.177,0,0,0,0
"2026-09-05 20:30:00",7805,30.99,12.84,12.79,10.02,0.131,0,0,0,0
"2026-09-05 20:45:00",7806,30.72,12.8,12.76,0.707,0.13,0,0,0,0
"2026-09-05 21:00:00",7807,30.46,12.78,12.75,-0.231,0.126,0,0,0,0
"2026-09-05 21:15:00",7808,30.24,12.71,12.59,-0.461,0.187,0,0,0,0
"2026-09-05 21:30:00",7809,30.06,12.77,12.73,-0.302,0.12,0,0,0,0
"2026-09-05 21:45:00",7810,29.88,12.75,12.73,-0.311,0.131,0,0,0,0
"2026-09-05 22:00:00",7811,29.72,12.76,12.72,-0.316,0.129,0,0,0,0
"2026-09-05 22:15:00",7812,29.58,12.75,12.7,-0.307,0.126,0,0,0,0
"2026-09-05 22:30:00",7813,29.49,12.66,12.57,-0.512,0.202,0,0,0,0
"2026-09-05 22:45:00",7814,29.38,12.74,12.71,-0.301,0.138,0,0,0,0
"2026-09-05 23:00:00",7815,29.28,12.64,12.7,-0.368,0.126,0,0,0,0
"2026-09-05 23:15:00",7816,29.19,12.69,12.54,-0.53,0.189,0,0,0,0
"2026-09-05 23:30:00",7817,29.14,12.72,12.69,-0.291,0.131,0,0,0,0
"2026-09-05 23:45:00",7818,29.07,12.62,12.49,-0.525,0.196,0,0,0,0
"2026-09-06 00:00:00",7819,29,12.72,12.68,-0.294,0.13,0,0,0,0
"2026-09-06 00:15:00",7820,28.97,12.71,12.67,-0.287,0.122,0,0,0,0
"2026-09-06 00:30:00",7821,28.93,12.71,12.66,-0.313,0.13,0,0,0,0
"2026-09-06 00:45:00",7822,28.83,12.71,12.67,-0.299,0.119,0,0,0,0
"2026-09-06 01:00:00",7823,28.75,12.61,12.52,-0.49,0.178,0,0,0,0
"2026-09-06 01:15:00",7824,28.66,12.7,12.64,-0.293,0.127,0,0,0,0
"2026-09-06 01:30:00",7825,28.58,12.67,12.59,-0.367,0.137,0,0,0,0
"2026-09-06 01:45:00",7826,28.48,12.69,12.64,-0.311,0.123,0,0,0,0
"2026-09-06 02:00:00",7827,28.4,12.51,12.4,-0.548,0.172,0,0,0,0
"2026-09-06 02:15:00",7828,28.32,12.6,12.54,-0.465,0.175,0,0,0,0
"2026-09-06 02:30:00",7829,28.26,12.63,12.53,-0.474,0.18,0,0,0,0
"2026-09-06 02:45:00",7830,28.15,12.68,12.69,-0.245,0.099,0,0,0,0
"2026-09-06 03:00:00",7831,28.07,12.7,12.68,-0.256,0.094,0,0,0,0
"2026-09-06 03:15:00",7832,28,12.61,12.57,-0.461,0.201,0,0,0,0
"2026-09-06 03:30:00",7833,27.96,12.52,12.39,-0.401,0.164,0,0,0,0
"2026-09-06 03:45:00",7834,27.89,12.6,12.53,-0.548,0.15,0,0,0,0
"2026-09-06 04:00:00",7835,27.8,12.61,12.64,-0.274,0.113,0,0,0,0
"2026-09-06 04:15:00",7836,27.7,12.67,12.66,-0.217,0.094,0,0,0,0
"2026-09-06 04:30:00",7837,27.62,12.57,12.4,-0.475,0.162,0,0,0,0
"2026-09-06 04:45:00",7838,27.53,12.6,12.48,-0.403,0.152,0,0,0,0
"2026-09-06 05:00:00",7839,27.45,12.68,12.65,-0.211,0.094,0,0,0,0
"2026-09-06 05:15:00",7840,27.36,12.58,12.55,-0.438,0.14,0,0,0,0
"2026-09-06 05:30:00",7841,27.32,12.62,12.6,-0.26,0.12,0,0,0,0
"2026-09-06 05:45:00",7842,27.25,12.66,12.65,-0.214,0.109,0,0,0,0
"2026-09-06 06:00:00",7843,27.18,12.63,12.63,-0.214,0.09,0,0,0,0
"2026-09-06 06:15:00",7844,27.11,12.58,12.56,-0.475,0.146,0,0,0,0
"2026-09-06 06:30:00",7845,27.06,12.55,12.51,-0.374,0.165,0,0,0,0
"2026-09-06 06:45:00",7846,26.98,12.66,12.62,0.279,0.094,0,0,0,0
"2026-09-06 07:00:00",7847,26.91,12.56,12.47,5.505,0.153,0,0,0,0
"2026-09-06 07:15:00",7848,26.85,12.65,12.63,14.09,0.095,0,0,0,0
"2026-09-06 07:30:00",7849,26.82,12.6,12.54,12.29,0.133,0,0,0,0
"2026-09-06 07:45:00",7850,26.79,12.75,12.72,12.6,0.107,0,0,0,0
"2026-09-06 08:00:00",7851,26.78,12.98,12.93,12.82,0.151,0,0,0,0
"2026-09-06 08:15:00",7852,26.79,13.43,13.42,13.36,0.09,0,0,0,0
"2026-09-06 08:30:00",7853,26.88,13.59,13.46,13.47,0.141,0,0,0,0
