"TOA5","BoiaSomorrostro_cr1000xs","CR1000X","27337","CR1000X.8.2.1","CPU:IcatmarBoiaBarcelona.CR1X","18906","Meteo"
"TIMESTAMP","RECORD","Latitude","Longitude","HASL","Rel_WindDir","Corr_WindDir","Corr_WindS","WindDir_True","Rel_WS","BP","RH","AirTemp","DP","AD","WBT"
"TS","RN","° (+N, -S)","° (+E, -W)","m","°","°","","°","m/s","hPa","%","°C","°C","kgm-3","°C"
"","","Smp","Smp","Smp","Smp","Smp","Smp","Smp","Smp","Smp","Smp","Smp","Smp","Smp","Smp"
"2026-06-05 11:15:00",0,41.38507,2.195948,31,148,164,0.7,166,0.7,1015.6,65,22,15.1,1.2,17.5
"2026-06-05 11:30:00",1,41.38507,2.195976,25,283,285,0.3,287,0.23,1015.7,66,21.9,15.3,1.2,17.5
"2026-06-05 11:45:00",2,41.38512,2.196096,35,153,174,1.57,176,1.56,1015.8,68,21.7,15.5,1.2,17.6
"2026-06-05 12:00:00",3,41.385,2.196195,22,161,180,1.57,182,1.56,1015.9,70,21.4,15.8,1.2,17.7
"2026-06-05 12:15:00",4,41.38509,2.195905,40,37,53,0.34,54.95,0.34,1016.1,69,21.1,15.4,1.2,17.3
"2026-06-05 12:30:00",5,41.38505,2.195889,41,141,157,1.03,159,1.03,1016,67,21.3,15.1,1.2,17.2
"2026-06-05 12:45:00",6,41.38507,2.195918,29,262,291,0.64,293,0.64,1016,69,21.1,15.2,1.2,17.2
"2026-06-05 13:00:00",7,41.38507,2.195923,27,178,208,0.76,210,0.76,1015.9,66,21.9,15.3,1.2,17.6
"2026-06-05 13:15:00",8,41.38509,2.1959,21,190,219,0.46,221,0.46,1015.9,64,22.5,15.4,1.2,17.9
"2026-06-05 13:30:00",9,41.38509,2.195871,23,133,163,0.43,165,0.43,1016,61,22.5,14.8,1.2,17.5
"2026-06-05 13:45:00",10,41.38511,2.195865,24,50,79,1.15,81,1.15,1015.9,64,21.8,14.9,1.2,17.3
"2026-06-05 14:00:00",11,41.38515,2.195874,25,242,271,0.52,273,0.52,1015.8,62,21.5,14.1,1.2,16.8
"2026-06-05 14:15:00",12,41.3852,2.195893,40,129,158,2.61,160,2.61,1015.7,69,21.4,15.5,1.2,17.5
"2026-06-05 14:30:00",13,41.38534,2.195874,48,88,102,2.19,104,2.19,1015.6,71,21.1,15.6,1.2,17.4
"2026-06-05 14:45:00",14,41.38517,2.196006,48,179,192,0.97,194,0.98,1015.7,72,20.6,15.4,1.2,17.1
"2026-06-05 15:00:00",15,41.38543,2.196233,90,173,187,2.16,189,2.16,1015.6,72,20.7,15.6,1.2,17.3
"2026-06-05 15:15:00",16,41.38543,2.196393,92,131,145,1.3,147,1.3,1015.5,72,20.8,15.7,1.2,17.4
"2026-06-05 15:30:00",17,41.38635,2.197691,46,191,207,2.92,209,2.96,1015.4,72,20.9,15.7,1.2,17.4
"2026-06-05 15:45:00",18,100,1000,7999,80,94,1000,"NAN",1.93,1015.4,73,20.6,15.6,1.2,17.3
"2026-06-05 16:15:00",19,41.38507,2.19573,47,133,146,4.01,148,4.13,1015,72,20.9,15.6,1.2,17.3
"2026-06-05 16:30:00",20,41.38499,2.195713,55,106,146,2.32,148,2.47,1015.2,69,20.9,15.1,1.2,17
"2026-06-05 16:45:00",21,41.38515,2.195918,16,90,132,2.44,134,2.44,1015.1,69,20.9,15.2,1.2,17.1
"2026-06-05 17:00:00",22,41.3852,2.195912,20,96,138,2.62,140,2.62,1015.1,69,20.9,15.2,1.2,17.1
"2026-06-05 17:15:00",23,41.3852,2.1959,25,102,144,4.62,146,4.62,1015.2,69,20.9,15.2,1.2,17.1
"2026-06-05 17:30:00",24,41.38524,2.195943,28,118,160,2.92,162,2.92,1015.1,70,20.8,15.1,1.2,17
"2026-06-05 17:45:00",25,41.3852,2.19597,29,148,190,3.09,192,3.09,1015,70,20.9,15.3,1.2,17.2
"2026-06-05 18:00:00",26,41.38514,2.195935,23,121,163,2.54,165,2.54,1014.9,70,20.8,15.3,1.2,17.1
"2026-06-05 18:15:00",27,41.38512,2.19592,17,191,233,0.97,235,0.97,1015,71,20.7,15.4,1.2,17.1
"2026-06-05 18:30:00",28,41.38517,2.195916,18,48,90,2.17,92,2.17,1014.9,74,20.3,15.5,1.2,17.1
"2026-06-05 18:45:00",29,41.38517,2.195863,17,89,131,1.38,133,1.38,1015,73,20.3,15.4,1.2,17
"2026-06-05 19:00:00",30,41.38517,2.195803,20,74,116,1.43,118,1.43,1014.8,74,20.4,15.8,1.2,17.3
"2026-06-05 19:15:00",31,41.38509,2.195151,15,89,131,2.29,133,2.29,1014.9,75,20.3,15.8,1.2,17.2
"2026-06-05 19:30:00",32,41.38514,2.19567,16,148,190,1.66,192,1.66,1014.9,74,20.3,15.5,1.2,17.1
"2026-06-05 19:45:00",33,41.38559,2.194926,17,27,69,0.9,70.95,0.9,1014.8,75,20.2,15.7,1.2,17.1
"2026-06-05 20:00:00",34,41.38583,2.194596,21,85,127,1.57,129,1.57,1014.8,75,20.1,15.7,1.2,17.1
"2026-06-05 20:15:00",35,41.38525,2.195551,1,88,125,1.11,127,1,1015,75,20.1,15.6,1.2,17.1
"2026-06-05 20:30:00",36,41.38534,2.195633,0,126,168,2.53,170,2.53,1015,75,20,15.6,1.2,17
"2026-06-05 20:45:00",37,41.38527,2.195686,7,106,148,1.26,150,1.26,1015.1,76,19.9,15.7,1.2,17
"2026-06-05 21:00:00",38,41.38527,2.19572,7,58,100,0.64,102,0.64,1015.1,76,19.8,15.5,1.2,16.9
"2026-06-05 21:15:00",39,41.38521,2.195833,10,79,121,0.9,123,0.9,1015.1,76,19.9,15.7,1.2,17
"2026-06-05 21:30:00",40,41.38514,2.195823,16,53,95,0.54,97,0.54,1015.1,77,19.8,15.7,1.2,17
"2026-06-05 21:45:00",41,41.38509,2.195915,27,100,142,0.78,144,0.78,1015.2,77,19.7,15.7,1.2,17
"2026-06-05 22:00:00",42,41.38509,2.195948,30,71,113,0.66,115,0.66,1015.5,77,19.7,15.5,1.2,16.8
"2026-06-05 22:15:00",43,41.3851,2.196026,29,133,175,1.11,177,1.11,1015.7,76,19.7,15.5,1.2,16.8
"2026-06-05 22:30:00",44,41.38509,2.196026,29,103,145,0.64,147,0.64,1015.8,76,19.8,15.6,1.2,16.9
"2026-06-05 22:45:00",45,41.38512,2.195925,25,125,167,1.32,169,1.32,1016,77,19.8,15.7,1.2,17
"2026-06-05 23:00:00",46,41.38517,2.195775,34,332,14,0.13,15.95,0.13,1016.1,76,19.8,15.5,1.2,16.9
"2026-06-05 23:15:00",47,41.38514,2.195907,35,137,179,1.22,181,1.22,1016,77,19.8,15.8,1.2,17.1
"2026-06-05 23:30:00",48,41.3852,2.195979,14,106,146,0.93,148,0.94,1016,77,19.9,15.8,1.2,17.1
"2026-06-05 23:45:00",49,41.38514,2.195855,21,141,194,1.31,196,1.38,1016,75,19.9,15.6,1.2,17
"2026-06-06 00:00:00",50,41.38509,2.195763,25,129,171,1.39,173,1.39,1016,75,19.9,15.4,1.2,16.8
"2026-06-06 00:15:00",51,41.38514,2.195881,12,185,227,0.45,229,0.45,1016.1,75,20,15.6,1.2,17
"2026-06-06 00:30:00",52,41.38538,2.195876,-6,18,60,0.59,61.95,0.59,1016.1,75,20.2,15.7,1.2,17.1
"2026-06-06 00:45:00",53,41.38509,2.196006,37,249,291,0.19,293,0.19,1016.1,75,20.3,15.8,1.2,17.2
"2026-06-06 01:00:00",54,41.38459,2.196151,15,78,351,0.67,353,0.15,1016.1,75,20.2,15.7,1.2,17.2
"2026-06-06 01:15:00",55,41.32165,2.227536,-40,237,337,26.87,339,0.26,1016,75,20.2,15.8,1.2,17.2
"2026-06-06 01:30:00",56,100,1000,7999,278,320,1000,"NAN",0.13,1015.8,74,20.3,15.6,1.2,17.1
"2026-06-06 01:45:00",57,100,1000,7999,217,259,1000,"NAN",0.05,1015.7,74,20.3,15.6,1.2,17.1
"2026-06-06 02:00:00",58,100,1000,7999,259,301,1000,"NAN",0.02,1015.6,74,20.2,15.6,1.2,17.1
"2026-06-06 02:15:00",59,41.38505,2.19596,14,251,293,0.23,295,0.23,1015.6,74,20.2,15.6,1.2,17.1
"2026-06-06 02:30:00",60,41.3852,2.195845,32,282,324,0.05,326,0.05,1015.8,75,20,15.5,1.2,17
"2026-06-06 02:45:00",61,41.38507,2.195811,35,33,75,0.23,76.95,0.23,1015.6,75,20,15.5,1.2,16.9
"2026-06-06 03:00:00",62,41.38524,2.195954,23,351,68,0.21,69.95,0.1,1015.5,75,19.9,15.4,1.2,16.9
"2026-06-06 03:15:00",63,41.38514,2.195905,31,275,317,0.13,319,0.13,1015.6,75,19.9,15.4,1.2,16.9
"2026-06-06 03:30:00",64,41.38524,2.195888,33,256,298,0.07,300,0.07,1015.4,75,19.9,15.5,1.2,16.9
"2026-06-06 03:45:00",65,41.38526,2.19577,33,99,141,0.02,143,0.02,1015.4,75,19.9,15.4,1.2,16.8
"2026-06-06 04:00:00",66,41.38585,2.195756,29,327,9,0.09,10.95,0.09,1015.4,75,19.8,15.3,1.2,16.8
"2026-06-06 04:15:00",67,41.38707,2.195529,26,352,185,0.96,187,0.26,1015.4,74,19.8,15.2,1.2,16.7
"2026-06-06 04:30:00",68,41.38578,2.195901,25,10,41,0.34,42.95,0.07,1015.3,75,19.8,15.2,1.2,16.7
"2026-06-06 04:45:00",69,41.38611,2.195808,15,220,125,0.34,127,0.08,1015.4,75,19.7,15.2,1.2,16.6
"2026-06-06 05:00:00",70,41.38506,2.196138,65,179,221,0.04,223,0.04,1015.4,75,19.6,15.1,1.2,16.6
"2026-06-06 05:15:00",71,41.38509,2.19603,32,18,60,0.15,61.95,0.15,1015.4,74,19.8,15.1,1.2,16.6
"2026-06-06 05:30:00",72,41.38514,2.195912,16,222,264,0.15,266,0.15,1015.5,74,19.9,15.1,1.2,16.7
"2026-06-06 05:45:00",73,41.38511,2.195895,14,154,196,0.02,198,0.02,1015.5,73,20.1,15.3,1.2,16.8
"2026-06-06 06:00:00",74,41.38507,2.195948,18,307,349,0.12,351,0.12,1015.3,73,20.2,15.3,1.2,16.9
"2026-06-06 06:15:00",75,41.38522,2.195895,24,222,264,0.14,266,0.14,1015.1,73,20.2,15.3,1.2,16.9
"2026-06-06 06:30:00",76,41.38506,2.196033,35,238,251,0.06,253,0.04,1015.3,73,20.3,15.4,1.2,17
"2026-06-06 06:45:00",77,41.38512,2.195923,1,189,230,0.31,232,0.27,1015.6,72,20.3,15.2,1.2,16.9
"2026-06-06 07:00:00",78,41.38511,2.195868,20,158,203,0.17,205,0.15,1015.7,72,20.6,15.4,1.2,17.1
"2026-06-06 07:15:00",79,41.38514,2.195901,35,231,267,0.21,269,0.2,1015.6,71,20.6,15.3,1.2,17
"2026-06-06 07:30:00",80,41.38509,2.195874,10,180,221,0.25,223,0.23,1015.8,70,20.8,15.2,1.2,17
"2026-06-06 07:45:00",81,41.38507,2.195888,28,39,81,0.16,83,0.16,1015.9,70,20.8,15.2,1.2,17.1
"2026-06-06 08:00:00",82,41.38507,2.195907,23,214,256,0.25,258,0.25,1016,69,21,15.3,1.2,17.2
"2026-06-06 08:15:00",83,41.3851,2.195928,18,52,94,0.63,96,0.63,1016.2,69,21.1,15.4,1.2,17.3
"2026-06-06 08:30:00",84,41.38512,2.195956,17,276,318,0.24,320,0.24,1016.2,69,21.2,15.3,1.2,17.2
"2026-06-06 08:45:00",85,41.38515,2.195905,18,248,290,0.08,292,0.08,1016.3,68,21.4,15.4,1.2,17.4
"2026-06-06 09:00:00",86,41.38511,2.195916,22,275,317,0.14,319,0.14,1016.4,68,21.5,15.5,1.2,17.5
"2026-06-06 09:15:00",87,41.38507,2.195949,16,166,208,0.38,210,0.38,1016.5,67,21.7,15.3,1.2,17.5
"2026-06-06 09:30:00",88,41.38507,2.195901,12,163,205,0.28,207,0.28,1016.5,66,22.3,15.7,1.2,17.9
"2026-06-06 09:45:00",89,41.38511,2.195913,13,181,223,0.66,225,0.66,1016.6,66,22.5,15.9,1.2,18.1
"2026-06-06 10:00:00",90,41.3851,2.195861,11,157,199,0.27,201,0.27,1016.7,66,22.9,16.3,1.2,18.5
"2026-06-06 10:15:00",91,41.38512,2.195848,12,105,147,1.71,149,1.71,1016.7,66,23.1,16.6,1.2,18.7
"2026-06-06 10:30:00",92,41.38514,2.195848,14,23,65,1.57,66.95,1.57,1016.7,71,22.7,17.2,1.2,18.9
"2026-06-06 10:45:00",93,41.38517,2.195758,13,157,199,1.49,201,1.49,1016.7,70,22.8,17.3,1.2,19
"2026-06-06 11:00:00",94,41.3853,2.195469,1,161,203,3.99,205,3.99,1016.7,69,22.8,17,1.2,18.9
"2026-06-06 11:15:00",95,41.38512,2.195901,20,117,161,0.81,163,0.7,1016.8,71,22.8,17.3,1.2,19.1
"2026-06-06 11:30:00",96,41.38504,2.196161,29,154,196,0.93,198,0.93,1017,70,23.2,17.5,1.2,19.3
"2026-06-06 11:45:00",97,41.38507,2.196229,32,103,147,3.67,149,3.27,1016.9,73,22.8,17.7,1.2,19.2
"2026-06-06 12:00:00",98,41.38503,2.19614,2,103,153,1.72,155,1.81,1017.1,73,23.2,18.1,1.2,19.6
"2026-06-06 12:15:00",99,41.38468,2.196476,61,144,185,1.54,187,1.54,1017.2,73,23.1,18.1,1.2,19.6
"2026-06-06 12:30:00",100,41.38514,2.195918,36,125,158,2.78,160,2.87,1017.3,75,22.8,18.2,1.2,19.6
"2026-06-06 12:45:00",101,41.38515,2.195988,6,88,129,2.66,131,2.66,1017.5,73,23.3,18.2,1.2,19.8
"2026-06-06 13:00:00",102,41.38525,2.195926,29,66,107,2.53,109,2.52,1017.5,73,23.2,18.3,1.2,19.8
"2026-06-06 13:15:00",103,41.38517,2.195886,26,95,136,2.69,138,2.7,1017.6,74,23.3,18.4,1.2,19.9
"2026-06-06 13:30:00",104,41.38507,2.195853,47,78,119,1.9,121,1.91,1017.6,74,23.5,18.6,1.2,20.1
"2026-06-06 13:45:00",105,41.3851,2.195796,39,48,91,2.38,93,2.38,1017.8,73,23.4,18.4,1.2,19.9
"2026-06-06 14:00:00",106,41.38514,2.195873,39,105,146,3,148,3.01,1017.6,75,23.3,18.7,1.2,20.1
"2026-06-06 14:15:00",107,41.3852,2.195879,48,99,141,2.05,143,2.05,1017.7,75,23.5,19,1.2,20.3
"2026-06-06 14:30:00",108,41.38512,2.195985,52,79,121,2.57,123,2.57,1017.6,76,23.3,18.9,1.2,20.2
"2026-06-06 14:45:00",109,41.38506,2.195895,59,118,159,2.56,161,2.59,1017.7,77,23.2,19,1.2,20.2
"2026-06-06 15:00:00",110,41.38488,2.197056,72,133,188,1.87,190,2.08,1017.6,78,23.1,19.2,1.2,20.3
"2026-06-06 15:15:00",111,100,1000,7999,95,138,1000,"NAN",1.72,1017.5,76,23.2,18.9,1.2,20.2
"2026-06-06 15:30:00",112,41.38521,2.195995,16,94,136,1.91,138,1.91,1017.5,77,23.3,19.1,1.2,20.3
"2026-06-06 15:45:00",113,41.38514,2.195933,17,115,157,1.02,159,1.02,1017.5,76,23.5,19.1,1.2,20.4
"2026-06-06 16:00:00",114,41.38511,2.195889,18,77,119,2.07,121,2.07,1017.4,78,23.2,19.2,1.2,20.4
"2026-06-06 16:15:00",115,41.38509,2.19591,18,128,170,2.75,172,2.75,1017.5,77,23.3,19.2,1.2,20.4
"2026-06-06 16:30:00",116,41.38511,2.195925,20,93,135,1.26,137,1.26,1017.5,78,23.7,19.6,1.2,20.8
"2026-06-06 16:45:00",117,41.38512,2.195912,21,90,132,1.02,134,1.02,1017.3,75,24.2,19.5,1.2,20.9
"2026-06-06 17:00:00",118,41.38512,2.195941,22,218,260,1.88,262,1.88,1017.3,76,23.9,19.6,1.2,20.8
"2026-06-06 17:15:00",119,41.38517,2.19593,25,78,120,0.86,122,0.86,1017.1,74,24.5,19.7,1.2,21.1
"2026-06-06 17:30:00",120,41.38514,2.195943,22,238,280,0.33,282,0.33,1017.3,72,24.7,19.5,1.2,21
"2026-06-06 17:45:00",121,41.38515,2.195973,22,138,180,1.94,182,1.94,1017,74,24.4,19.7,1.2,21.1
"2026-06-06 18:00:00",122,41.38514,2.195941,19,125,167,1.44,169,1.44,1017.1,78,23.4,19.5,1.2,20.6
"2026-06-06 18:15:00",123,41.38514,2.195936,10,55,98,2.76,100,2.76,1017.2,80,23.1,19.5,1.2,20.5
"2026-06-06 18:30:00",124,41.38522,2.195891,14,95,137,1.74,139,1.74,1017.3,80,23.1,19.6,1.2,20.6
"2026-06-06 18:45:00",125,41.38517,2.195907,14,123,165,2.75,167,2.75,1017.2,80,23.3,19.7,1.2,20.7
"2026-06-06 19:00:00",126,41.38515,2.195863,15,33,75,0.76,76.95,0.76,1017.3,79,23.5,19.7,1.2,20.8
"2026-06-06 19:15:00",127,41.38515,2.195638,15,119,162,1.94,164,1.94,1017.4,78,23.5,19.5,1.2,20.7
"2026-06-06 19:30:00",128,41.38519,2.195706,14,206,248,0.49,250,0.49,1017.5,78,23.7,19.6,1.2,20.8
"2026-06-06 19:45:00",129,41.38521,2.195726,10,144,186,1.58,188,1.58,1017.5,78,23.7,19.8,1.2,20.9
"2026-06-06 20:00:00",130,41.38514,2.195816,9,130,172,1.03,174,1.03,1017.7,79,23.5,19.7,1.2,20.8
"2026-06-06 20:15:00",131,41.38514,2.195821,18,90,132,1.21,134,1.21,1018.1,79,23.5,19.7,1.2,20.8
"2026-06-06 20:30:00",132,41.38517,2.195901,21,73,115,0.65,117,0.65,1018.2,80,23.4,19.7,1.2,20.8
"2026-06-06 20:45:00",133,41.38517,2.195873,23,128,170,1.5,172,1.5,1018.4,81,23.1,19.8,1.2,20.7
"2026-06-06 21:00:00",134,41.38517,2.195881,23,85,127,0.31,129,0.31,1018.6,82,22.9,19.8,1.2,20.7
"2026-06-06 21:15:00",135,41.38517,2.195891,20,77,119,0.42,121,0.42,1018.8,82,22.8,19.7,1.2,20.6
"2026-06-06 21:30:00",136,41.38514,2.195874,22,225,267,0.35,269,0.35,1018.9,83,22.7,19.7,1.2,20.5
"2026-06-06 21:45:00",137,41.38512,2.195893,23,221,263,0.24,265,0.24,1019.1,83,22.6,19.7,1.2,20.5
"2026-06-06 22:00:00",138,41.38511,2.195944,14,50,90,0.67,92,0.62,1019.2,84,22.5,19.8,1.2,20.5
"2026-06-06 22:15:00",139,41.38507,2.196091,43,185,225,0.5,227,0.54,1019.4,85,22.4,19.7,1.2,20.5
"2026-06-06 22:30:00",140,41.38511,2.195921,23,128,170,0.65,172,0.65,1019.6,85,22.3,19.8,1.2,20.5
"2026-06-06 22:45:00",141,41.38512,2.195861,26,133,175,0.79,177,0.79,1019.9,86,22.2,19.8,1.2,20.5
"2026-06-06 23:00:00",142,41.38511,2.195845,25,139,182,1.27,184,1.27,1020.1,86,22.1,19.8,1.2,20.4
"2026-06-06 23:15:00",143,41.38511,2.195863,25,136,178,0.92,180,0.92,1020.5,87,21.9,19.8,1.2,20.4
"2026-06-06 23:30:00",144,41.38512,2.195879,19,120,162,1.15,164,1.15,1020.6,88,21.8,19.8,1.2,20.4
"2026-06-06 23:45:00",145,41.38512,2.195846,10,41,83,0.89,85,0.89,1020.6,88,21.9,19.8,1.2,20.4
"2026-06-07 00:00:00",146,41.38511,2.195833,13,165,207,1.39,209,1.39,1020.6,87,21.9,19.7,1.2,20.3
"2026-06-07 00:15:00",147,41.38512,2.195845,20,105,147,0.52,149,0.52,1020.9,86,21.9,19.6,1.2,20.2
"2026-06-07 00:30:00",148,41.38511,2.195881,22,263,305,0.39,307,0.39,1021,86,21.9,19.6,1.2,20.2
"2026-06-07 00:45:00",149,41.38504,2.195949,42,251,293,0.25,295,0.25,1021,86,22,19.6,1.2,20.2
"2026-06-07 01:00:00",150,41.38507,2.196021,36,256,298,0.65,300,0.65,1021.1,86,21.9,19.5,1.2,20.2
"2026-06-07 01:15:00",151,41.38479,2.196176,21,103,145,0.28,147,0.28,1021.2,86,21.9,19.6,1.2,20.2
"2026-06-07 01:30:00",152,41.38501,2.196371,40,133,175,0.79,177,0.79,1021.1,87,21.9,19.7,1.2,20.3
"2026-06-07 01:45:00",153,41.38509,2.19717,192,90,132,0.47,134,0.47,1021.2,88,21.8,19.7,1.2,20.3
"2026-06-07 02:00:00",154,41.37804,2.194103,38,47,20,1.68,21.95,0.19,1021.2,88,21.7,19.7,1.2,20.2
"2026-06-07 02:15:00",155,41.38503,2.196161,24,114,181,1.79,183,0.43,1021,87,21.7,19.6,1.2,20.1
"2026-06-07 02:30:00",156,41.38522,2.196176,49,169,80,0.06,82,0.31,1021,88,21.4,19.5,1.2,20
"2026-06-07 02:45:00",157,100,1000,7999,101,143,1000,"NAN",0.17,1021,88,21.4,19.4,1.2,19.9
"2026-06-07 03:00:00",158,100,1000,7999,88,130,1000,"NAN",0.17,1021.1,88,21.3,19.3,1.2,19.9
"2026-06-07 03:15:00",159,100,1000,7999,98,140,1000,"NAN",0.24,1021,88,21.3,19.2,1.2,19.8
"2026-06-07 03:30:00",160,100,1000,7999,81,123,1000,"NAN",0.38,1021,87,21.3,19.1,1.2,19.7
"2026-06-07 03:45:00",161,41.38504,2.195939,29,123,165,0.27,167,0.27,1021,87,21.2,19.1,1.2,19.7
"2026-06-07 04:00:00",162,41.38507,2.195881,33,247,289,0.18,291,0.18,1021,87,21.2,19,1.2,19.6
"2026-06-07 04:15:00",163,41.38505,2.195956,36,146,188,0.1,190,0.1,1021,88,21.1,19.1,1.2,19.6
"2026-06-07 04:30:00",164,41.38507,2.196001,41,263,305,0.24,307,0.24,1020.9,88,21.1,19,1.2,19.6
"2026-06-07 04:45:00",165,41.38505,2.196099,39,257,299,0.52,301,0.52,1020.9,88,21,19,1.2,19.6
"2026-06-07 05:00:00",166,41.38504,2.196086,41,239,281,0.99,283,0.99,1020.8,87,20.8,18.7,1.2,19.3
"2026-06-07 05:15:00",167,41.38504,2.196033,36,236,278,0.6,280,0.6,1020.9,86,20.5,18.2,1.2,18.8
"2026-06-07 05:30:00",168,41.3851,2.195921,22,242,284,1.42,286,1.42,1021,86,20.5,18.1,1.2,18.7
"2026-06-07 05:45:00",169,41.3851,2.195905,18,331,13,0.13,14.95,0.13,1021.1,85,20.4,17.9,1.2,18.6
"2026-06-07 06:00:00",170,41.38512,2.195916,16,121,163,0.22,165,0.22,1021.1,84,20.4,17.7,1.2,18.5
"2026-06-07 06:15:00",171,41.38517,2.195933,17,256,298,0.42,300,0.42,1021.2,83,20.4,17.4,1.2,18.3
"2026-06-07 06:30:00",172,41.38504,2.195963,25,229,271,0.05,273,0.05,1021.2,82,20.5,17.3,1.2,18.2
"2026-06-07 06:45:00",173,41.3851,2.195925,20,211,253,0.58,255,0.58,1021.4,79,20.4,16.8,1.2,17.9
"2026-06-07 07:00:00",174,41.3851,2.195905,18,244,286,1,288,1,1021.6,77,20.5,16.4,1.2,17.7
"2026-06-07 07:15:00",175,41.38512,2.195889,21,261,303,0.88,305,0.88,1021.8,75,20.5,16.1,1.2,17.5
"2026-06-07 07:30:00",176,41.38512,2.195907,22,212,254,0.58,256,0.58,1021.9,72,20.7,15.5,1.2,17.2
"2026-06-07 07:45:00",177,41.38509,2.195876,22,355,37,0.18,38.95,0.18,1022,70,21,15.4,1.2,17.2
"2026-06-07 08:00:00",178,41.38507,2.195901,19,253,295,0.54,297,0.54,1022.1,67,21.4,15.1,1.2,17.2
"2026-06-07 08:15:00",179,41.38512,2.195918,19,242,284,0.39,286,0.39,1022.2,66,22,15.3,1.2,17.6
"2026-06-07 08:30:00",180,41.38514,2.195898,16,248,290,0.66,292,0.66,1022.3,64,22.5,15.6,1.2,17.9
"2026-06-07 08:45:00",181,41.38514,2.1959,19,204,246,0.21,248,0.21,1022.4,62,23.6,15.9,1.2,18.5
"2026-06-07 09:00:00",182,41.3851,2.195884,21,22,65,0.48,66.95,0.48,1022.5,58,25.6,16.8,1.2,19.8
"2026-06-07 09:15:00",183,41.38517,2.195886,18,313,356,0.39,358,0.39,1022.6,57,26.2,17.2,1.2,20.2
"2026-06-07 09:30:00",184,41.38507,2.195728,14,105,148,1.26,150,1.26,1022.6,59,26.2,17.8,1.2,20.6
"2026-06-07 09:45:00",185,41.3852,2.196121,13,64,107,0.37,109,0.37,1022.8,60,26.3,18.1,1.2,20.8
"2026-06-07 10:00:00",186,41.38478,2.194553,-11,74,117,1.08,119,1.08,1022.7,62,25.9,18.2,1.2,20.7
"2026-06-07 10:15:00",187,41.38514,2.195766,0,181,224,0.26,226,0.26,1022.9,62,25.9,18.1,1.2,20.6
"2026-06-07 10:30:00",188,41.38522,2.196032,0,125,167,0.83,169,0.83,1022.9,69,24.6,18.6,1.2,20.5
"2026-06-07 10:45:00",189,41.38524,2.196001,6,122,164,1.18,166,1.18,1023,72,24,18.7,1.2,20.3
"2026-06-07 11:00:00",190,41.38522,2.195891,11,109,151,2.25,153,2.25,1023.1,72,23.9,18.5,1.2,20.2
"2026-06-07 11:15:00",191,41.38514,2.195943,24,119,161,1.86,163,1.86,1023.3,74,24,19.2,1.2,20.6
"2026-06-07 11:30:00",192,41.38626,2.192108,35,116,158,2.25,160,2.26,1023.3,75,24,19.4,1.2,20.7
"2026-06-07 11:45:00",193,41.38493,2.197025,19,130,173,2.65,175,2.65,1023.4,77,24.2,19.9,1.2,21.1
"2026-06-07 12:00:00",194,41.38509,2.196528,-21,121,163,1.94,165,1.94,1023.4,77,24.3,20,1.2,21.3
"2026-06-07 12:15:00",195,41.38493,2.197153,9,161,208,0.8,210,0.77,1023.5,78,24.2,20.2,1.2,21.3
"2026-06-07 12:30:00",196,41.38507,2.195811,43,135,177,2.05,179,2.05,1023.5,77,24.2,20.1,1.2,21.3
"2026-06-07 12:45:00",197,41.38499,2.195743,23,98,141,1.37,143,1.37,1023.4,76,24.3,19.9,1.2,21.2
"2026-06-07 13:00:00",198,41.3853,2.195833,26,89,132,1.81,134,1.81,1023.2,77,24.5,20.2,1.2,21.4
"2026-06-07 13:15:00",199,41.38514,2.195926,24,112,155,2.11,157,2.11,1023.2,76,24.8,20.4,1.2,21.7
"2026-06-07 13:30:00",200,41.38515,2.195863,23,85,128,2.09,130,2.04,1022.8,71,24.6,19.1,1.2,20.8
"2026-06-07 13:45:00",201,41.38583,2.196934,15,90,123,2.84,125,1.85,1022.6,74,24.5,19.5,1.2,21
"2026-06-07 14:00:00",202,41.38558,2.196386,15,124,166,2.68,168,2.45,1022.4,72,24.2,18.9,1.2,20.5
"2026-06-07 14:15:00",203,100,1000,7999,132,174,1000,"NAN",2.2,1022.3,70,24.2,18.5,1.2,20.3
"2026-06-07 14:30:00",204,100,1000,7999,102,144,1000,"NAN",1.62,1021.9,67,24.3,18,1.2,20
"2026-06-07 14:45:00",205,100,1000,7999,119,161,1000,"NAN",2.29,1021.9,66,24.2,17.6,1.2,19.7
"2026-06-07 15:00:00",206,41.38507,2.195646,36,92,134,2.27,136,2.26,1021.8,65,24.1,17.3,1.2,19.5
"2026-06-07 15:15:00",207,41.3856,2.196346,11,110,152,2.47,154,2.47,1021.7,65,23.9,16.9,1.2,19.2
"2026-06-07 15:30:00",208,41.38762,2.198896,-209,109,147,3.15,149,3.33,1021.7,65,24.1,17.3,1.2,19.5
"2026-06-07 15:45:00",209,41.38538,2.19625,-38,134,176,3.87,178,3.87,1021.6,65,23.9,17,1.2,19.3
"2026-06-07 16:00:00",210,41.38524,2.196143,-29,106,148,1.97,150,1.97,1021.5,66,23.8,17.1,1.2,19.3
"2026-06-07 16:15:00",211,41.38512,2.196015,-17,125,167,1.83,169,1.83,1021.2,66,23.6,17,1.2,19.2
"2026-06-07 16:30:00",212,41.38511,2.195968,-5,107,149,2.38,151,2.38,1021.1,66,23.9,17.3,1.2,19.5
"2026-06-07 16:45:00",213,41.38511,2.195898,9,75,117,1.16,119,1.16,1021,67,23.6,17.2,1.2,19.3
"2026-06-07 17:00:00",214,41.38512,2.195913,14,114,156,2.12,158,2.12,1020.9,68,23.3,17.1,1.2,19.1
"2026-06-07 17:15:00",215,41.38517,2.195912,17,221,263,0.1,265,0.1,1020.8,69,23.4,17.4,1.2,19.3
"2026-06-07 17:30:00",216,41.38515,2.195938,15,112,154,3.2,156,3.2,1020.9,69,23.3,17.3,1.2,19.2
"2026-06-07 17:45:00",217,41.3852,2.195912,13,137,179,2.24,181,2.24,1020.8,67,23.2,16.8,1.2,18.9
"2026-06-07 18:00:00",218,41.38527,2.195819,5,121,163,1.37,165,1.37,1020.7,68,23.1,16.9,1.2,18.9
"2026-06-07 18:15:00",219,41.38527,2.195868,0,130,172,1.87,174,1.87,1020.6,69,23.2,17.3,1.2,19.2
"2026-06-07 18:30:00",220,41.38556,2.195845,4,81,123,1.93,125,2.02,1020.5,69,23.1,17.1,1.2,19
"2026-06-07 18:45:00",221,41.38517,2.195903,10,57,99,2.32,101,2.32,1020.4,71,23.1,17.5,1.2,19.3
"2026-06-07 19:00:00",222,41.3852,2.195861,11,162,204,1.9,206,1.9,1020.4,70,22.9,17.2,1.2,19
"2026-06-07 19:15:00",223,41.38517,2.19568,10,102,144,2.02,146,2.02,1020.3,72,22.8,17.6,1.2,19.2
"2026-06-07 19:30:00",224,41.38556,2.194945,5,116,158,1.96,160,1.96,1020.2,72,22.7,17.4,1.2,19.1
"2026-06-07 19:45:00",225,41.38548,2.195083,16,113,155,1.62,157,1.62,1020,74,22.6,17.7,1.2,19.2
"2026-06-07 20:00:00",226,41.38475,2.196278,10,57,99,1.87,101,1.87,1019.9,73,22.4,17.5,1.2,19
"2026-06-07 20:15:00",227,41.38525,2.195691,4,114,156,1.25,158,1.25,1020,72,22.3,17.2,1.2,18.8
"2026-06-07 20:30:00",228,41.38528,2.195721,6,80,122,1.28,124,1.28,1019.9,71,22.4,17,1.2,18.7
"2026-06-07 20:45:00",229,41.38524,2.195703,11,101,143,2.16,145,2.16,1020,69,22.5,16.5,1.2,18.5
"2026-06-07 21:00:00",230,41.3852,2.195855,13,110,153,1.38,155,1.38,1019.9,69,22.5,16.6,1.2,18.5
"2026-06-07 21:15:00",231,41.38515,2.19584,14,341,23,0.18,24.95,0.18,1019.8,72,22.3,17.2,1.2,18.8
"2026-06-07 21:30:00",232,41.38514,2.195881,28,125,167,0.29,169,0.29,1019.9,74,22.4,17.6,1.2,19.1
"2026-06-07 21:45:00",233,41.3851,2.195949,31,112,154,0.49,156,0.49,1019.9,75,22.4,17.8,1.2,19.2
"2026-06-07 22:00:00",234,41.38509,2.19597,31,106,148,0.52,150,0.52,1020,75,22.3,17.7,1.2,19.1
"2026-06-07 22:15:00",235,41.38509,2.19599,31,337,19,0.28,20.95,0.28,1020,68,22.1,16,1.2,18
"2026-06-07 22:30:00",236,41.38509,2.196036,26,145,187,0.2,189,0.2,1020.2,64,22.4,15.5,1.2,17.9
"2026-06-07 22:45:00",237,41.38507,2.195944,27,234,276,0.08,278,0.08,1020.3,64,22.5,15.5,1.2,17.9
"2026-06-07 23:00:00",238,41.38514,2.195623,65,219,263,0.18,265,0.17,1020.3,71,22.5,17.1,1.2,18.8
"2026-06-07 23:15:00",239,41.38515,2.195916,38,160,202,0.23,204,0.23,1020.3,66,22.4,15.8,1.2,18
"2026-06-07 23:30:00",240,41.38517,2.195958,21,314,356,0.28,358,0.28,1020.2,64,22.4,15.3,1.2,17.7
"2026-06-07 23:45:00",241,41.38515,2.19586,21,270,312,0.15,314,0.15,1020.3,63,22.4,15,1.2,17.5
"2026-06-08 00:00:00",242,41.38507,2.195826,18,255,297,0.24,299,0.24,1020.2,62,22.3,14.9,1.2,17.4
"2026-06-08 00:15:00",243,41.38504,2.195893,21,350,32,0.15,33.95,0.15,1020,63,22.3,14.9,1.2,17.5
"2026-06-08 00:30:00",244,41.385,2.195806,22,153,195,0.3,197,0.3,1020,70,22.2,16.7,1.2,18.5
"2026-06-08 00:45:00",245,41.38514,2.196013,55,50,81,0.14,83,0.14,1019.9,72,22.1,17,1.2,18.6
"2026-06-08 01:00:00",246,41.38498,2.196116,2,221,280,0.11,282,0.13,1019.9,68,21.9,15.7,1.2,17.8
"2026-06-08 01:15:00",247,41.38494,2.196181,5,283,316,0.29,318,0.2,1019.9,64,21.9,15,1.2,17.4
"2026-06-08 01:30:00",248,41.38474,2.197563,-36,294,303,0.59,305,0.23,1019.9,71,22,16.5,1.2,18.3
"2026-06-08 01:45:00",249,41.38453,2.197821,-17,65,22,0.13,23.95,0.11,1019.8,71,21.8,16.4,1.2,18.2
"2026-06-08 02:00:00",250,41.38424,2.199051,9,319,136,0.23,138,0.08,1019.8,71,21.8,16.3,1.2,18.1
"2026-06-08 02:15:00",251,41.3853,2.195951,11,359,25,0.32,26.95,0.32,1019.7,70,21.6,16.1,1.2,17.9
"2026-06-08 02:30:00",252,41.38509,2.195842,6,245,313,0.45,315,0.36,1019.6,71,21.5,16,1.2,17.8
"2026-06-08 02:45:00",253,100,1000,7999,319,1,1000,"NAN",0.11,1019.5,70,21.4,15.7,1.2,17.6
"2026-06-08 03:00:00",254,100,1000,7999,68,110,1000,"NAN",0.09,1019.3,73,21.5,16.5,1.2,18.1
"2026-06-08 03:15:00",255,100,1000,7999,268,310,1000,"NAN",0.17,1019.2,71,21.2,15.9,1.2,17.6
"2026-06-08 03:30:00",256,100,1000,7999,251,293,1000,"NAN",0.26,1019.1,70,21.1,15.6,1.2,17.4
"2026-06-08 03:45:00",257,41.38505,2.19591,14,197,239,0.17,241,0.17,1018.9,69,21.1,15.2,1.2,17.2
"2026-06-08 04:00:00",258,41.38512,2.19586,19,223,265,0.38,267,0.38,1018.6,68,21,14.9,1.2,16.9
"2026-06-08 04:15:00",259,41.3851,2.195907,22,293,335,0.41,337,0.41,1018.6,68,20.8,14.7,1.2,16.8
"2026-06-08 04:30:00",260,41.38512,2.19591,23,231,273,0.79,275,0.79,1018.5,68,20.7,14.6,1.2,16.7
"2026-06-08 04:45:00",261,41.38512,2.195908,19,5,47,0.05,48.95,0.05,1018.3,67,20.7,14.5,1.2,16.7
"2026-06-08 05:00:00",262,41.38514,2.195881,20,305,347,0.14,349,0.14,1018.2,67,20.8,14.6,1.2,16.7
"2026-06-08 05:15:00",263,41.38515,2.1959,18,316,358,0.16,360,0.16,1018.1,68,20.5,14.5,1.2,16.5
"2026-06-08 05:30:00",264,41.38514,2.195895,12,225,267,0.7,269,0.7,1018.1,69,20.4,14.5,1.2,16.5
"2026-06-08 05:45:00",265,41.38514,2.19591,12,238,280,0.52,282,0.52,1018,69,20.4,14.6,1.2,16.6
"2026-06-08 06:00:00",266,41.38514,2.195923,15,277,319,0.25,321,0.25,1017.9,69,20.5,14.6,1.2,16.6
"2026-06-08 06:15:00",267,41.38521,2.195944,15,254,296,0.34,298,0.34,1017.7,69,20.4,14.6,1.2,16.5
"2026-06-08 06:30:00",268,41.38504,2.19593,20,200,242,0.23,244,0.23,1017.6,69,20.4,14.7,1.2,16.6
"2026-06-08 06:45:00",269,41.38507,2.195926,18,254,296,0.37,298,0.37,1017.6,69,20.5,14.8,1.2,16.7
"2026-06-08 07:00:00",270,41.38511,2.1959,17,259,301,0.35,303,0.35,1017.4,69,20.5,14.8,1.2,16.7
"2026-06-08 07:15:00",271,41.38511,2.195879,20,255,297,0.23,299,0.23,1017.4,68,20.8,14.8,1.2,16.9
"2026-06-08 07:30:00",272,41.3851,2.195895,20,209,251,0.11,253,0.11,1017.6,68,21.1,15.1,1.2,17.1
"2026-06-08 07:45:00",273,41.38507,2.195873,21,295,337,0.29,339,0.29,1017.6,67,21.5,15.2,1.2,17.4
"2026-06-08 08:00:00",274,41.38507,2.195905,18,266,308,0.02,310,0.02,1017.6,66,22.1,15.5,1.2,17.7
"2026-06-08 08:15:00",275,41.38511,2.195895,16,136,178,0.53,180,0.53,1017.7,65,22.4,15.7,1.2,18
"2026-06-08 08:30:00",276,41.38511,2.195901,18,149,191,0.7,193,0.7,1017.7,67,22.6,16.3,1.2,18.4
"2026-06-08 08:45:00",277,41.38512,2.195883,23,74,116,0.09,118,0.09,1017.8,68,23.3,17,1.2,19
"2026-06-08 09:00:00",278,41.38509,2.195858,21,139,182,0.51,184,0.51,1017.8,66,24,17.5,1.2,19.6
"2026-06-08 09:15:00",279,41.3852,2.195871,20,152,195,1.05,197,1.05,1017.8,67,24.4,17.9,1.2,20
"2026-06-08 09:30:00",280,41.38517,2.196021,16,152,194,1.55,196,1.55,1018,67,24,17.5,1.2,19.6
"2026-06-08 09:45:00",281,41.38524,2.196146,13,82,125,0.98,127,0.98,1018.1,64,24,16.9,1.2,19.3
"2026-06-08 10:00:00",282,41.3852,2.196138,14,86,128,1.67,130,1.67,1018.2,68,24.1,18,1.2,19.9
"2026-06-08 10:15:00",283,41.38517,2.196115,15,93,135,1.49,137,1.49,1018.2,69,24.1,18.1,1.2,20
"2026-06-08 10:30:00",284,41.38517,2.196006,16,104,146,1.83,148,1.83,1018.2,71,24.2,18.6,1.2,20.3
"2026-06-08 10:45:00",285,41.3852,2.195938,21,122,164,1.05,166,1.05,1018.2,71,24.2,18.8,1.2,20.4
"2026-06-08 11:00:00",286,41.38521,2.195824,31,114,156,1.99,158,1.99,1018.1,70,24.5,18.7,1.2,20.5
"2026-06-08 11:15:00",287,41.38509,2.195846,38,104,146,1.61,148,1.61,1018.1,68,24.8,18.6,1.2,20.5
"2026-06-08 11:30:00",288,41.38649,2.191248,55,117,158,0.92,160,1,1018,67,24.7,18.2,1.2,20.3
"2026-06-08 11:45:00",289,41.38517,2.195745,37,141,165,2,167,2,1017.9,69,25,19,1.2,20.9
"2026-06-08 12:00:00",290,41.38515,2.195632,35,117,141,1.22,143,1.22,1017.9,70,24.8,19.1,1.2,20.8
"2026-06-08 12:15:00",291,41.38503,2.19624,36,63,93,1.64,95,1.99,1017.9,71,24.6,19.1,1.2,20.7
"2026-06-08 12:30:00",292,41.38507,2.195884,37,88,111,1.49,113,1.49,1018,70,24.6,18.9,1.2,20.6
"2026-06-08 12:45:00",293,41.38504,2.195843,21,127,151,0.63,153,0.63,1018.1,68,24.8,18.6,1.2,20.5
"2026-06-08 13:00:00",294,41.38512,2.195824,32,117,141,1.84,143,1.84,1018.1,69,24.8,18.7,1.2,20.6
"2026-06-08 13:15:00",295,41.38512,2.195806,31,131,155,2.3,157,2.3,1018,70,24.7,18.9,1.2,20.7
"2026-06-08 13:30:00",296,41.38506,2.195903,27,52,102,1.57,104,1.57,1017.8,69,25,19,1.2,20.8
"2026-06-08 13:45:00",297,41.38517,2.195848,23,163,213,3.1,215,3.1,1017.9,71,24.7,19.1,1.2,20.8
"2026-06-08 14:00:00",298,41.38544,2.195944,8,103,153,3.81,155,3.81,1017.9,74,24.7,19.9,1.2,21.3
"2026-06-08 14:15:00",299,41.38556,2.195931,42,129,179,1.61,181,1.61,1017.8,74,24.7,19.8,1.2,21.3
"2026-06-08 14:30:00",300,41.3909,2.197235,84,82,129,2.12,131,2.34,1017.6,74,24.6,19.8,1.2,21.2
"2026-06-08 14:45:00",301,41.3894,2.197955,-79,89,134,1.37,136,1.61,1017.3,74,24.4,19.6,1.2,21
"2026-06-08 15:00:00",302,41.38778,2.197676,-118,117,165,2.74,167,2.96,1017.2,75,24.7,20.1,1.2,21.4
"2026-06-08 15:15:00",303,41.38673,2.197778,6,96,146,2.14,148,2.14,1017,75,24.5,19.8,1.2,21.2
"2026-06-08 15:30:00",304,100,1000,7999,113,163,1000,"NAN",2.82,1016.8,76,24.4,19.9,1.2,21.2
"2026-06-08 15:45:00",305,41.38514,2.195884,8,141,188,2.45,190,2.56,1016.7,76,24.3,19.9,1.2,21.2
"2026-06-08 16:00:00",306,41.38517,2.195863,8,103,151,2.2,153,2.3,1016.6,76,24.3,20,1.2,21.2
"2026-06-08 16:15:00",307,41.38514,2.19599,15,337,17,0.32,18.95,0.42,1016.4,77,24.1,19.9,1.2,21.1
"2026-06-08 16:30:00",308,41.38512,2.196125,-16,134,179,3.03,181,3.17,1016.3,78,24,20,1.2,21.2
"2026-06-08 16:45:00",309,41.38551,2.195898,40,60,102,2.13,104,2.22,1016.2,79,24,20.3,1.2,21.3
"2026-06-08 17:00:00",310,41.38485,2.19579,10,111,165,3.29,167,3.12,1016,79,23.8,20.1,1.2,21.2
"2026-06-08 17:15:00",311,41.38494,2.195845,9,131,186,1.33,188,1.51,1015.8,79,23.9,20.2,1.2,21.3
"2026-06-08 17:30:00",312,41.38479,2.19586,8,164,224,0.82,226,0.4,1015.7,79,23.8,20.1,1.2,21.2
"2026-06-08 17:45:00",313,100,1000,7999,359,49,1000,"NAN",0.66,1015.7,81,23.6,20.1,1.2,21.1
"2026-06-08 18:00:00",314,41.38522,2.196003,5,76,123,2.34,125,2.76,1015.5,80,23.6,20.1,1.2,21.1
"2026-06-08 18:15:00",315,41.38525,2.196078,15,120,175,1.74,177,1.86,1015.3,80,23.7,20.2,1.2,21.2
"2026-06-08 18:30:00",316,41.3852,2.196008,8,83,130,2.04,132,1.99,1015.1,81,23.5,20,1.2,21
"2026-06-08 18:45:00",317,41.38493,2.195558,16,101,157,2.07,159,2.18,1015.1,81,23.5,20,1.2,21
"2026-06-08 19:00:00",318,41.38481,2.19499,7,86,88,2.07,90,2.47,1014.9,80,23.6,20.1,1.2,21.1
"2026-06-08 19:15:00",319,41.38482,2.195351,13,127,169,2.3,171,2.32,1014.9,80,23.6,20.1,1.2,21.1
"2026-06-08 19:30:00",320,41.38486,2.194556,12,147,190,2.27,192,2.33,1014.9,79,23.9,20.1,1.2,21.2
"2026-06-08 19:45:00",321,41.38506,2.195741,12,112,157,1.46,159,1.47,1014.8,78,24,20,1.2,21.1
"2026-06-08 20:00:00",322,41.3852,2.195949,16,131,174,1.25,176,1.26,1014.9,77,24.2,20.1,1.2,21.3
"2026-06-08 20:15:00",323,41.38511,2.19583,17,107,153,1.68,155,1.71,1014.9,76,24.3,19.8,1.2,21.1
"2026-06-08 20:30:00",324,41.38538,2.19624,32,135,167,0.84,169,0.95,1014.8,73,24.4,19.5,1.2,20.9
"2026-06-08 20:45:00",325,41.38515,2.195896,23,112,162,0.62,164,0.62,1014.8,79,23.9,20.2,1.2,21.2
"2026-06-08 21:00:00",326,41.38512,2.195916,24,78,128,1.12,130,1.12,1014.8,84,23.3,20.5,1.2,21.2
"2026-06-08 21:15:00",327,41.38512,2.195901,28,141,191,1.37,193,1.37,1014.7,85,22.8,20.3,1.2,21
"2026-06-08 21:30:00",328,41.38511,2.195939,31,296,346,0.42,348,0.42,1015,86,22.9,20.5,1.2,21.1
"2026-06-08 21:45:00",329,41.38507,2.195961,35,109,159,1.18,161,1.18,1015.2,84,22.9,20.1,1.2,20.9
"2026-06-08 22:00:00",330,41.38506,2.196015,31,134,184,1.32,186,1.32,1015.4,86,23.1,20.8,1.2,21.4
"2026-06-08 22:15:00",331,41.38507,2.196011,33,20,70,0.09,71.95,0.09,1015.7,86,23,20.7,1.2,21.3
"2026-06-08 22:30:00",332,41.38507,2.195953,27,274,324,0.24,326,0.24,1016.1,86,22.8,20.5,1.2,21.1
"2026-06-08 22:45:00",333,41.38509,2.195926,24,205,255,0.25,257,0.25,1016.3,86,22.9,20.5,1.2,21.2
"2026-06-08 23:00:00",334,41.38512,2.195951,6,126,161,0.03,163,0.04,1016.5,86,22.8,20.5,1.2,21.1
"2026-06-08 23:15:00",335,41.38512,2.195963,21,264,314,0.23,316,0.23,1016.5,86,22.9,20.6,1.2,21.2
"2026-06-08 23:30:00",336,41.38507,2.195828,1,278,328,0.49,330,0.49,1016.7,87,22.8,20.5,1.2,21.1
"2026-06-08 23:45:00",337,41.38514,2.195831,20,205,255,0.19,257,0.19,1016.6,87,22.7,20.6,1.2,21.2
"2026-06-09 00:00:00",338,41.38503,2.195823,17,233,283,0.23,285,0.23,1016.7,88,22.8,20.7,1.2,21.2
"2026-06-09 00:15:00",339,41.38506,2.195903,40,206,255,0.49,257,0.49,1016.7,88,22.7,20.6,1.2,21.2
"2026-06-09 00:30:00",340,41.38519,2.195835,42,14,64,0.17,65.95,0.17,1016.7,87,22.7,20.5,1.2,21.1
"2026-06-09 00:45:00",341,41.38218,2.197205,32,250,341,5.47,343,0.35,1016.8,87,22.4,20.3,1.2,20.9
"2026-06-09 01:00:00",342,41.37085,2.202998,36,257,338,9.25,340,0.43,1016.9,88,22.4,20.3,1.2,20.9
"2026-06-09 01:15:00",343,100,1000,7999,245,295,1000,"NAN",0.7,1017.1,88,22.3,20.3,1.2,20.8
"2026-06-09 01:30:00",344,100,1000,7999,25,75,1000,"NAN",0.08,1017.1,88,22.3,20.3,1.2,20.8
"2026-06-09 01:45:00",345,100,1000,7999,254,304,1000,"NAN",0.26,1016.9,87,22.5,20.4,1.2,21
"2026-06-09 02:00:00",346,41.38502,2.195838,33,331,21,0.33,22.95,0.33,1016.6,87,22.7,20.5,1.2,21.1
"2026-06-09 02:15:00",347,41.38506,2.195923,30,119,169,0.61,171,0.61,1016.5,87,22.8,20.6,1.2,21.2
"2026-06-09 02:30:00",348,41.38514,2.195871,21,77,127,0.7,129,0.7,1016,89,22.7,20.9,1.2,21.4
"2026-06-09 02:45:00",349,41.38512,2.195925,28,96,146,0.97,148,0.97,1016.2,90,22.5,20.8,1.2,21.3
"2026-06-09 03:00:00",350,41.38512,2.195936,29,265,315,0.05,317,0.05,1016.4,89,22.4,20.6,1.2,21.1
"2026-06-09 03:15:00",351,41.3851,2.195926,29,261,311,0.23,313,0.23,1016.4,88,22.1,20.1,1.2,20.6
"2026-06-09 03:30:00",352,41.38509,2.195943,26,101,151,0.24,153,0.24,1016.3,87,22.1,20,1.2,20.6
"2026-06-09 03:45:00",353,41.38507,2.195883,28,13,63,0.34,64.95,0.34,1016.2,87,22,19.7,1.2,20.3
"2026-06-09 04:00:00",354,41.38507,2.19591,30,57,107,0.71,109,0.71,1016.1,87,22.1,19.9,1.2,20.5
"2026-06-09 04:15:00",355,41.38506,2.195948,33,259,309,0.4,311,0.4,1016.1,87,22.1,19.9,1.2,20.5
"2026-06-09 04:30:00",356,41.38507,2.195979,35,208,258,0.32,260,0.32,1016.1,87,22.1,19.9,1.2,20.5
"2026-06-09 04:45:00",357,41.38506,2.196001,34,94,144,1.06,146,1.06,1016.1,88,21.9,19.9,1.2,20.5
"2026-06-09 05:00:00",358,41.3851,2.195993,33,106,156,0.93,158,0.93,1016.2,88,21.8,19.8,1.2,20.3
"2026-06-09 05:15:00",359,41.38512,2.195954,24,163,213,0.05,215,0.05,1016.3,86,21.7,19.4,1.2,20
"2026-06-09 05:30:00",360,41.38512,2.1959,18,138,188,0.29,190,0.29,1016.3,87,21.9,19.6,1.2,20.2
"2026-06-09 05:45:00",361,41.38509,2.195967,17,103,153,0.41,155,0.41,1016.3,86,21.7,19.3,1.2,20
"2026-06-09 06:00:00",362,41.38512,2.1959,21,103,153,0.22,155,0.22,1016.3,86,21.7,19.3,1.2,20
"2026-06-09 06:15:00",363,41.38512,2.195965,19,146,196,0.85,198,0.57,1016.3,85,21.7,19.1,1.2,19.8
"2026-06-09 06:30:00",364,41.38511,2.195931,17,93,143,1,145,1,1016.2,85,21.7,19.2,1.2,19.9
"2026-06-09 06:45:00",365,41.38512,2.195905,15,63,113,0.37,115,0.37,1016.3,85,21.7,19.2,1.2,19.9
"2026-06-09 07:00:00",366,41.38507,2.195874,12,124,174,1.43,176,1.43,1016.5,85,21.9,19.4,1.2,20.1
"2026-06-09 07:15:00",367,41.38507,2.195853,14,107,157,0.85,159,0.85,1016.5,84,22.2,19.4,1.2,20.2
"2026-06-09 07:30:00",368,41.38507,2.195845,15,243,293,0.25,295,0.25,1016.5,83,22.4,19.4,1.2,20.3
"2026-06-09 07:45:00",369,41.38509,2.195866,17,115,165,1.17,167,1.17,1016.6,82,22.5,19.2,1.2,20.2
"2026-06-09 08:00:00",370,41.3851,2.195889,18,80,130,0.22,132,0.22,1016.6,80,22.8,19.3,1.2,20.3
"2026-06-09 08:15:00",371,41.38514,2.195889,19,154,204,1.21,206,1.21,1016.7,79,22.9,19.1,1.2,20.2
"2026-06-09 08:30:00",372,41.38519,2.195963,28,275,325,0.3,327,0.3,1016.9,78,23.3,19.3,1.2,20.5
"2026-06-09 08:45:00",373,41.38515,2.195878,29,199,249,0.32,251,0.32,1016.9,75,23.7,19.1,1.2,20.5
"2026-06-09 09:00:00",374,41.38511,2.195939,23,158,207,0.72,209,0.72,1016.9,75,23.9,19.1,1.2,20.6
"2026-06-09 09:15:00",375,41.38506,2.195879,17,84,134,0.04,136,0.04,1017.1,73,24.3,19.3,1.2,20.8
"2026-06-09 09:30:00",376,41.38507,2.195874,16,180,230,0.29,232,0.29,1017,73,24.5,19.4,1.2,20.9
"2026-06-09 09:45:00",377,41.3851,2.195871,16,189,239,0.22,241,0.22,1017,72,24.8,19.5,1.2,21.1
"2026-06-09 10:00:00",378,41.38512,2.195858,14,255,305,0.72,307,0.72,1017,73,24.6,19.4,1.2,21
"2026-06-09 10:15:00",379,41.38514,2.195853,15,75,125,1.31,127,1.31,1017,73,24.5,19.4,1.2,20.9
"2026-06-09 10:30:00",380,41.38522,2.195691,10,161,211,0.99,213,0.99,1017.1,72,25.1,19.8,1.2,21.3
"2026-06-09 10:45:00",381,41.38541,2.19494,-9,113,163,1.39,165,1.39,1017,74,25,20.1,1.2,21.5
"2026-06-09 11:00:00",382,41.38551,2.194756,-12,91,141,1.54,143,1.54,1016.9,77,24.1,19.8,1.2,21.1
"2026-06-09 11:15:00",383,41.38726,2.188929,32,103,116,15.91,118,2.12,1017,77,24.2,20,1.2,21.2
"2026-06-09 11:30:00",384,41.38434,2.199411,-7,79,129,1.19,131,1.19,1016.9,77,24.2,20,1.2,21.2
"2026-06-09 11:45:00",385,41.38441,2.198145,-16,70,163,1.05,165,2.41,1016.9,77,24.3,20.1,1.2,21.3
"2026-06-09 12:00:00",386,41.38467,2.197665,-12,65,105,2.12,107,1.47,1016.9,77,24.7,20.5,1.2,21.7
"2026-06-09 12:15:00",387,41.3853,2.196359,-16,153,168,2.4,170,2.4,1016.9,73,25.5,20.4,1.2,21.9
"2026-06-09 12:30:00",388,100,1000,7999,152,167,1000,"NAN",2.29,1016.8,70,26.2,20.3,1.2,22.1
"2026-06-09 12:45:00",389,100,1000,7999,92,129,1000,"NAN",2.15,1016.7,72,25.9,20.6,1.2,22.1
"2026-06-09 13:00:00",390,100,1000,7999,127,151,1000,"NAN",3.21,1016.6,73,25.7,20.6,1.2,22.1
"2026-06-09 13:15:00",391,41.38556,2.196248,-17,108,106,2.94,108,3.13,1016.5,73,25.4,20.4,1.2,21.8
"2026-06-09 13:30:00",392,41.38524,2.195986,-17,101,124,2.04,126,2.05,1016.3,73,25.7,20.7,1.2,22.2
"2026-06-09 13:45:00",393,41.38524,2.195836,24,86,135,1.93,137,2.25,1016.2,74,25.4,20.6,1.2,22
"2026-06-09 14:00:00",394,41.38602,2.196265,-14,101,163,3.47,165,2.71,1016.2,74,25.4,20.5,1.2,21.9
"2026-06-09 14:15:00",395,41.38681,2.196591,-19,76,91,0.81,93,0.99,1016.2,73,25.4,20.4,1.2,21.9
"2026-06-09 14:30:00",396,41.39004,2.197226,-17,98,159,2.63,161,2.34,1016.1,75,25.3,20.6,1.2,21.9
"2026-06-09 14:45:00",397,41.3892,2.197735,-17,73,133,2.78,135,2.5,1016,74,25.2,20.3,1.2,21.7
"2026-06-09 15:00:00",398,41.3945,2.199628,-13,72,86,2.07,88,2.37,1015.9,75,25.2,20.5,1.2,21.8
"2026-06-09 15:15:00",399,41.38657,2.197861,-17,89,139,2.26,141,2.26,1015.9,76,24.9,20.4,1.2,21.7
"2026-06-09 15:30:00",400,41.38509,2.195743,33,109,158,1.99,160,2.01,1015.9,77,24.7,20.4,1.2,21.6
"2026-06-09 15:45:00",401,41.38514,2.195913,16,91,140,3.22,142,3.22,1015.9,79,24.3,20.6,1.2,21.6
"2026-06-09 16:00:00",402,41.38514,2.195915,18,141,190,3.37,192,3.37,1015.8,80,24,20.4,1.2,21.4
"2026-06-09 16:15:00",403,41.38512,2.195874,16,50,99,2.5,101,2.5,1015.9,80,24,20.4,1.2,21.4
"2026-06-09 16:30:00",404,41.38512,2.195883,17,119,168,2.4,170,2.4,1015.8,79,24,20.3,1.2,21.3
"2026-06-09 16:45:00",405,41.38514,2.195878,19,75,124,1.85,126,1.85,1015.8,79,24,20.2,1.2,21.3
"2026-06-09 17:00:00",406,41.38517,2.195873,21,104,154,3.31,156,3.31,1015.8,81,23.7,20.3,1.2,21.3
"2026-06-09 17:15:00",407,41.38517,2.195889,20,113,162,2.03,164,2.03,1015.8,82,23.6,20.3,1.2,21.2
"2026-06-09 17:30:00",408,41.38517,2.195926,20,151,200,2.79,202,2.79,1016,81,23.2,19.9,1.2,20.9
"2026-06-09 17:45:00",409,41.38519,2.195916,19,54,103,1.07,105,1.07,1015.9,80,23.1,19.6,1.2,20.6
"2026-06-09 18:00:00",410,41.38514,2.195963,14,129,178,2.45,180,2.45,1015.7,79,23.1,19.3,1.2,20.4
"2026-06-09 18:15:00",411,41.38514,2.196009,23,160,209,1.24,211,1.24,1015.6,79,23.1,19.3,1.2,20.4
"2026-06-09 18:30:00",412,41.38511,2.196066,31,137,186,2.8,188,2.8,1015.5,78,22.8,18.9,1.2,20.1
"2026-06-09 18:45:00",413,41.38509,2.195954,33,130,179,2.18,181,2.18,1015.4,78,23,19,1.2,20.2
"2026-06-09 19:00:00",414,41.38507,2.195985,31,101,150,2.37,152,2.37,1015.3,78,22.8,18.8,1.2,20
"2026-06-09 19:15:00",415,41.38506,2.195993,29,95,144,1.54,146,1.54,1015.3,79,22.8,19,1.2,20.1
"2026-06-09 19:30:00",416,41.38504,2.195933,20,107,156,1.29,158,1.29,1015.3,79,22.7,18.9,1.2,20
"2026-06-09 19:45:00",417,41.38504,2.195935,21,61,110,0.49,112,0.49,1015.4,79,22.5,18.8,1.2,19.9
"2026-06-09 20:00:00",418,41.38486,2.196236,52,66,115,1.64,117,1.64,1015.3,79,22.4,18.7,1.2,19.8
"2026-06-12 03:45:00",641,41.38569,2.196583,5,184,241,0.72,243,0.44,1023,66,20.9,14.4,1.2,16.7
"2026-06-12 04:00:00",642,41.3854,2.196229,5,337,46,0.38,47.95,0.27,1022.9,70,20.9,15.3,1.2,17.2
"2026-06-12 04:15:00",643,41.38546,2.1963,5,7,47,1.11,48.95,0.42,1023.1,71,20.9,15.6,1.2,17.3
"2026-06-12 04:30:00",644,41.3852,2.196003,5,20,247,0.41,249,0.15,1023.1,71,20.8,15.6,1.2,17.3
"2026-06-12 04:45:00",645,41.38511,2.195753,53,266,232,0.68,234,0.11,1023.2,69,20.5,14.8,1.2,16.7
"2026-06-12 05:00:00",646,41.3852,2.195806,53,342,79,0.27,81,0.07,1023.4,70,20.4,14.8,1.2,16.7
"2026-06-12 05:15:00",647,41.38514,2.195848,11,268,331,0.12,333,0.24,1023.5,73,20.5,15.5,1.2,17.1
"2026-06-12 05:30:00",648,41.38503,2.195889,23,97,130,0.03,132,0.03,1023.5,73,20.6,15.5,1.2,17.2
"2026-06-12 05:45:00",649,41.38514,2.195893,28,261,294,0.66,296,0.66,1023.6,73,20.3,15.4,1.2,17
"2026-06-12 06:00:00",650,41.3852,2.195943,29,265,298,0.77,300,0.77,1023.7,71,20.2,14.9,1.2,16.7
"2026-06-12 06:15:00",651,41.38515,2.195948,25,251,284,0.49,286,0.49,1023.8,70,20,14.4,1.2,16.3
"2026-06-12 06:30:00",652,41.38512,2.195944,22,247,280,0.54,282,0.54,1024.1,70,19.8,14.4,1.2,16.2
"2026-06-12 06:45:00",653,41.38512,2.195857,15,208,241,0.47,243,0.47,1024.1,70,19.6,14.2,1.2,16
"2026-06-12 07:00:00",654,41.38511,2.195866,18,249,282,0.73,284,0.73,1024.2,71,19.5,14.2,1.2,16
"2026-06-12 07:15:00",655,41.3851,2.195878,18,238,271,0.3,273,0.3,1024.3,71,19.9,14.5,1.2,16.3
"2026-06-12 07:30:00",656,41.38511,2.195871,21,215,248,0.09,250,0.09,1024.3,70,20.3,14.6,1.2,16.5
"2026-06-12 07:45:00",657,41.38512,2.195891,20,159,192,0.21,194,0.21,1024.4,69,20.7,14.9,1.2,16.9
"2026-06-12 08:00:00",658,41.38515,2.19591,19,21,54,0.31,55.95,0.31,1024.3,67,21.3,15,1.2,17.1
"2026-06-12 08:15:00",659,41.38514,2.195884,19,344,17,0.21,18.95,0.21,1024.3,65,21.7,14.9,1.2,17.2
"2026-06-12 08:30:00",660,41.38512,2.195855,18,250,283,0.55,285,0.55,1024.4,63,22,14.9,1.2,17.4
"2026-06-12 08:45:00",661,41.38512,2.195888,22,87,122,0.04,124,0.04,1024.4,61,23.5,15.7,1.2,18.4
"2026-06-12 09:00:00",662,41.38509,2.196041,20,44,85,0.93,87,0.84,1024.3,58,24.9,16.3,1.2,19.2
"2026-06-12 09:15:00",663,41.38519,2.196,20,65,103,1.17,105,1.04,1024.2,59,25.3,16.8,1.2,19.7
"2026-06-12 09:30:00",664,41.38491,2.195331,14,37,72,0.39,73.95,0.39,1024.4,59,25.4,17,1.2,19.8
"2026-06-12 09:45:00",665,41.38537,2.197175,16,57,92,1.15,94,1.15,1024.3,58,25.9,17,1.2,20
"2026-06-12 10:00:00",666,41.38522,2.19658,21,128,164,1.19,166,1.19,1024.3,60,25.9,17.7,1.2,20.4
"2026-06-12 10:15:00",667,41.38515,2.19447,20,108,143,1.39,145,1.39,1024.3,60,25.7,17.6,1.2,20.2
"2026-06-12 10:30:00",668,41.38507,2.195594,27,162,198,2.03,200,2.03,1024.3,62,24.8,17.2,1.2,19.7
"2026-06-12 10:45:00",669,41.38519,2.195321,34,123,158,1.72,160,1.72,1024.3,64,24.4,17.3,1.2,19.6
"2026-06-12 11:00:00",670,41.38526,2.195673,9,78,113,1.07,115,1.07,1024.2,65,24.4,17.6,1.2,19.8
"2026-06-12 11:15:00",671,41.38517,2.196006,29,84,119,1.31,121,1.31,1024.2,68,24.3,18.3,1.2,20.2
"2026-06-12 11:30:00",672,41.38501,2.19654,32,124,159,0.96,161,0.96,1024.2,70,24.6,18.9,1.2,20.6
"2026-06-12 11:45:00",673,41.38251,2.201253,27,129,165,2.04,167,2.04,1024.1,71,24.9,19.4,1.2,21
"2026-06-12 12:00:00",674,41.38495,2.195586,20,100,91,2.17,93,1.62,1024.1,73,24.8,19.7,1.2,21.2
"2026-06-12 12:15:00",675,100,1000,7999,102,137,1000,"NAN",1.31,1024.1,75,24.6,19.9,1.2,21.3
"2026-06-12 12:30:00",676,100,1000,7999,109,144,1000,"NAN",2.29,1024.3,74,24.9,20.1,1.2,21.5
"2026-06-12 12:45:00",677,100,1000,7999,95,130,1000,"NAN",1.49,1024.3,75,24.7,20.1,1.2,21.4
"2026-06-12 13:00:00",678,41.3853,2.196181,20,116,131,2.08,133,2.02,1024.2,74,25,20.2,1.2,21.6
"2026-06-12 13:15:00",679,41.38564,2.196128,20,200,245,1.04,247,1.86,1024.2,74,25,20.2,1.2,21.6
"2026-06-12 13:30:00",680,41.38528,2.19583,20,111,164,1.48,166,1.67,1024,75,25,20.4,1.2,21.7
"2026-06-12 13:45:00",681,100,1000,7999,126,161,1000,"NAN",2.72,1024,74,25.1,20.1,1.2,21.6
"2026-06-12 14:00:00",682,100,1000,7999,115,149,1000,"NAN",1.39,1023.9,74,25.1,20.2,1.2,21.6
"2026-06-12 14:15:00",683,100,1000,7999,124,157,1000,"NAN",1.55,1023.8,73,25.3,20.2,1.2,21.7
"2026-06-15 10:30:00",684,41.38512,2.19535,41,254,288,0.47,290,0.47,1011,43,30,16.3,1.2,21.1
"2026-06-15 10:45:00",685,41.38527,2.195545,34,124,158,0.53,160,0.53,1011.1,45,30.3,17.3,1.2,21.8
"2026-06-15 11:00:00",686,100,1000,7999,23,57,1000,"NAN",0.47,1011.3,52,29.6,18.8,1.2,22.4
"2026-06-15 11:15:00",687,100,1000,7999,72,106,1000,"NAN",1.64,1011.4,54,29.1,18.9,1.2,22.3
"2026-06-15 11:30:00",688,100,1000,7999,63,98,1000,"NAN",1,1011.7,55,28.5,18.9,1.2,22
"2026-06-15 11:45:00",689,41.38514,2.195925,33,149,185,1.53,187,1.46,1011.8,58,28.3,19.3,1.2,22.2
"2026-06-15 12:00:00",690,100,1000,7999,100,134,1000,"NAN",0.33,1011.9,57,27.9,18.8,1.2,21.8
"2026-06-15 12:15:00",691,100,1000,7999,62,96,1000,"NAN",2.08,1012.1,61,27.1,19,1.2,21.6
"2026-06-15 12:30:00",692,100,1000,7999,151,185,1000,"NAN",2.1,1012.2,64,26.6,19.3,1.2,21.6
"2026-06-15 12:45:00",693,41.38512,2.195768,37,184,218,0.23,220,0.23,1012.3,63,26.9,19.5,1.2,21.8
"2026-06-15 13:00:00",694,41.3851,2.195809,39,64,98,1.17,100,1.17,1012.4,59,27,18.3,1.2,21.2
"2026-06-15 13:15:00",695,41.38509,2.1958,35,99,133,1.6,135,1.6,1012.6,54,27.8,17.6,1.2,21
"2026-06-15 13:30:00",696,41.38514,2.195846,25,126,160,2.02,162,2.02,1012.5,56,27.6,18,1.2,21.2
"2026-06-15 13:45:00",697,41.38515,2.195896,25,353,27,0.32,28.95,0.32,1012.6,56,27.5,18,1.2,21.1
"2026-06-15 14:00:00",698,41.38517,2.195953,29,150,184,2.99,186,2.99,1012.4,56,27.6,18,1.2,21.2
"2026-06-15 14:15:00",699,41.38515,2.195988,34,131,165,0.97,167,0.97,1012.5,51,27.4,16.6,1.2,20.4
"2026-06-15 14:30:00",700,41.38512,2.196025,36,55,89,1.3,91,1.3,1012.5,50,27.7,16.6,1.2,20.5
"2026-06-15 14:45:00",701,41.38519,2.196036,38,120,155,2.1,157,2.09,1012.7,51,27.6,16.8,1.2,20.5
"2026-06-15 15:00:00",702,41.3853,2.196176,37,105,119,1.99,121,1.99,1012.6,55,27.6,17.9,1.2,21.1
"2026-06-15 15:15:00",703,41.38521,2.196078,38,157,171,0.85,173,0.85,1012.7,53,27.5,17,1.2,20.6
"2026-06-15 15:30:00",704,41.38505,2.195726,38,155,169,2.37,171,2.37,1012.8,54,27.5,17.5,1.2,20.9
"2026-06-15 15:45:00",705,41.38514,2.195923,30,112,126,2.04,128,2.04,1012.7,55,27.5,17.7,1.2,21
"2026-06-15 16:00:00",706,41.3851,2.195884,29,104,118,0.71,120,0.71,1012.7,50,27.3,16.1,1.2,20
"2026-06-15 16:15:00",707,41.38512,2.195861,24,117,131,2.29,133,2.29,1012.7,48,27,15.3,1.2,19.5
"2026-06-15 16:30:00",708,41.38512,2.195838,17,154,167,1.82,169,1.82,1012.7,46,27.2,14.8,1.2,19.3
"2026-06-15 17:00:00",0,41.38514,2.195886,15,95,109,0.91,111,0.91,1012.4,46,27.2,14.8,1.2,19.3
"2026-06-15 17:15:00",1,41.38514,2.195898,17,160,174,2.36,176,2.36,1012.3,47,27.1,15,1.2,19.4
"2026-06-15 17:30:00",2,41.38528,2.195939,13,167,181,1.47,183,1.47,1012.2,45,26.9,14.1,1.2,18.8
"2026-06-15 17:45:00",3,41.3853,2.195933,8,144,161,1.07,163,1.06,1012.2,43,26.9,13.4,1.2,18.5
"2026-06-15 18:00:00",4,41.38517,2.195873,17,174,188,1.61,190,1.61,1012.2,45,27.1,14.4,1.2,19.1
"2026-06-15 18:15:00",5,41.38511,2.195913,14,234,247,0.47,249,0.47,1012.3,39,26.9,12,1.2,17.9
"2026-06-15 18:30:00",6,41.38512,2.195865,26,173,186,0.69,188,0.69,1012.1,40,26.9,12.4,1.2,18
"2026-06-15 18:45:00",7,41.38512,2.195884,25,177,191,1.48,193,1.48,1012.1,41,26.8,12.7,1.2,18.1
"2026-06-15 19:00:00",8,41.3851,2.195881,25,116,129,1.1,131,1.1,1012.1,41,27.2,12.9,1.2,18.4
"2026-06-15 19:15:00",9,41.3851,2.195871,23,127,141,1.1,143,1.1,1012.1,46,26.8,14.3,1.2,19
"2026-06-15 19:30:00",10,41.3851,2.195845,19,183,196,0.81,198,0.81,1011.9,49,26.6,15.2,1.2,19.3
"2026-06-15 19:45:00",11,41.38509,2.195935,20,179,191,1.23,193,1.25,1012.1,52,26.4,15.9,1.2,19.6
"2026-06-15 20:00:00",12,41.38515,2.196013,30,136,148,1.35,150,1.36,1012.2,54,26.2,16.3,1.2,19.7
"2026-06-15 20:15:00",13,41.38521,2.195916,23,170,182,1.07,184,1.08,1012.2,53,26.1,15.9,1.2,19.5
"2026-06-15 20:30:00",14,41.38517,2.195823,19,190,201,1,203,1.04,1012.2,54,26.1,16.2,1.2,19.6
"2026-06-15 20:45:00",15,41.38514,2.195908,15,163,174,0.5,176,0.53,1012.2,54,26,16,1.2,19.5
"2026-06-15 21:00:00",16,41.38507,2.195871,24,220,233,0.25,235,0.27,1012.2,57,25.9,16.7,1.2,19.8
"2026-06-15 21:15:00",17,41.38514,2.19606,43,354,14,0.28,15.95,0.27,1012.3,59,25.6,17.1,1.2,20
"2026-06-15 21:30:00",18,41.38511,2.195884,8,294,309,0.23,311,0.25,1012.3,61,25.9,17.8,1.2,20.4
"2026-06-15 21:45:00",19,41.38511,2.195907,31,281,293,0.19,295,0.21,1012.3,56,26,16.6,1.2,19.8
"2026-06-15 22:00:00",20,41.38514,2.19592,46,327,344,0.34,346,0.35,1012.5,43,26.2,12.7,1.2,17.9
"2026-06-15 22:15:00",21,41.38515,2.195833,16,33,46,0.22,47.95,0.22,1012.7,40,26.5,12.1,1.2,17.7
"2026-06-15 22:30:00",22,41.38514,2.195821,42,11,24,0.11,25.95,0.11,1013,38,26.6,11.2,1.2,17.3
"2026-06-15 22:45:00",23,41.38511,2.195935,21,286,299,0.34,301,0.34,1013.3,37,26.6,11,1.2,17.3
"2026-06-15 23:00:00",24,41.38517,2.195895,17,7,20,0.14,21.95,0.14,1013.3,38,26.6,11.4,1.2,17.5
"2026-06-15 23:15:00",25,41.38504,2.195918,24,283,296,0.26,298,0.26,1013.4,40,26.5,11.9,1.2,17.6
"2026-06-15 23:30:00",26,41.38512,2.195881,22,292,305,0.38,307,0.38,1013.4,40,26.4,12,1.2,17.7
"2026-06-15 23:45:00",27,41.38506,2.195971,26,290,303,0.25,305,0.26,1013.4,41,26.4,12.3,1.2,17.8
"2026-06-16 00:00:00",28,41.38517,2.195873,15,15,30,0.19,31.95,0.22,1013.2,39,26.3,11.4,1.2,17.3
"2026-06-16 00:15:00",29,41.38519,2.196,39,190,204,0.79,206,0.79,1013.3,42,26.8,13,1.2,18.3
"2026-06-16 00:30:00",30,41.38515,2.196036,42,322,335,0.14,337,0.14,1013.1,45,26.4,13.6,1.2,18.4
"2026-06-16 00:45:00",31,41.38511,2.196116,43,319,332,0.11,334,0.11,1013.2,39,26.2,11.3,1.2,17.3
"2026-06-16 01:00:00",32,41.38499,2.196467,53,274,287,0.47,289,0.47,1013.1,40,26.1,11.5,1.2,17.3
"2026-06-16 01:15:00",33,41.38499,2.196591,59,4,17,0.21,18.95,0.21,1013.1,41,26,11.7,1.2,17.4
"2026-06-16 01:30:00",34,41.38501,2.196441,37,324,337,0.07,339,0.07,1013,45,25.9,13,1.2,17.9
"2026-06-16 01:45:00",35,41.38514,2.195901,37,67,80,0.19,82,0.19,1013,48,25.9,14.2,1.2,18.5
"2026-06-16 02:00:00",36,41.38511,2.195816,72,291,304,0.22,306,0.22,1012.8,46,25.6,13.4,1.2,18
"2026-06-16 02:15:00",37,41.38511,2.195833,72,273,286,0.46,288,0.46,1012.8,44,25.5,12.5,1.2,17.5
"2026-06-16 02:30:00",38,41.38509,2.195907,74,273,286,0.49,288,0.49,1012.8,43,25.4,11.9,1.2,17.2
"2026-06-16 02:45:00",39,100,1000,7999,291,304,1000,"NAN",0.05,1012.8,40,25.5,11.2,1.2,16.9
"2026-06-16 03:00:00",40,100,1000,7999,220,233,1000,"NAN",0.68,1012.9,34,26.3,9.4,1.2,16.4
"2026-06-16 03:15:00",41,100,1000,7999,257,270,1000,"NAN",0.08,1012.9,33,26.7,9.4,1.2,16.6
"2026-06-16 03:30:00",42,41.38509,2.195883,21,278,291,0.76,293,0.76,1012.8,34,26.8,9.8,1.2,16.8
"2026-06-16 03:45:00",43,41.3851,2.195938,30,308,321,1.62,323,1.62,1012.8,33,26.9,9.5,1.2,16.7
"2026-06-16 04:00:00",44,41.38512,2.195951,24,257,270,0.1,272,0.1,1012.9,33,26.9,9.6,1.2,16.7
"2026-06-16 04:15:00",45,41.38514,2.195921,21,141,154,0.73,156,0.73,1012.9,46,26.3,13.8,1.2,18.5
"2026-06-16 04:30:00",46,41.38517,2.195857,22,178,191,0.04,193,0.04,1013,64,25.3,18.1,1.2,20.4
"2026-06-16 04:45:00",47,41.38514,2.195889,26,65,78,0.29,79.95,0.29,1013,63,25,17.5,1.2,19.9
"2026-06-16 05:00:00",48,41.38512,2.195855,21,274,287,0.43,289,0.43,1013.1,46,24.6,12.4,1.2,17.1
"2026-06-16 05:15:00",49,41.38512,2.195836,18,270,283,1.59,285,1.59,1013.1,40,24.5,10.3,1.2,16.1
"2026-06-16 05:30:00",50,41.38512,2.195866,20,276,289,1.57,291,1.57,1013.3,38,24.8,9.7,1.2,16
"2026-06-16 05:45:00",51,41.38512,2.195923,21,267,280,1.27,282,1.27,1013.5,40,24.3,10.1,1.2,16
"2026-06-16 06:00:00",52,41.3851,2.195925,23,276,289,1.34,291,1.34,1013.6,41,24.2,10.3,1.2,16
"2026-06-16 06:15:00",53,41.38514,2.195926,16,268,281,1.37,283,1.37,1013.7,42,23.9,10.5,1.2,15.9
"2026-06-16 06:30:00",54,41.38511,2.195893,16,291,304,0.71,306,0.71,1013.8,44,23.5,10.5,1.2,15.8
"2026-06-16 06:45:00",55,41.38509,2.195858,19,283,296,1.23,298,1.23,1014,42,24,10.5,1.2,16
"2026-06-16 07:00:00",56,41.38507,2.195879,23,330,343,0.06,345,0.06,1014.1,42,24.4,10.9,1.2,16.3
"2026-06-16 07:15:00",57,41.38507,2.195883,25,103,116,0.09,118,0.09,1014.2,41,24.9,10.9,1.2,16.5
"2026-06-16 07:30:00",58,41.38511,2.195907,18,268,281,0.37,283,0.37,1014.4,41,25.4,11.3,1.2,17
"2026-06-16 07:45:00",59,41.38514,2.195907,16,1,14,0.2,15.95,0.2,1014.5,42,25.5,11.8,1.2,17.2
"2026-06-16 08:00:00",60,41.38512,2.195888,21,277,290,1.91,292,1.91,1014.7,43,25.6,12.1,1.2,17.3
"2026-06-16 08:15:00",61,41.38512,2.195928,23,280,294,1.58,296,1.58,1014.9,42,25.9,12.1,1.2,17.5
"2026-06-16 08:30:00",62,41.38514,2.195936,25,315,328,0.6,330,0.6,1015.1,41,26.6,12.4,1.2,17.9
"2026-06-16 08:45:00",63,41.38512,2.195886,20,280,294,1.06,296,1.06,1015.4,40,27.1,12.6,1.2,18.2
"2026-06-16 09:00:00",64,41.38514,2.195883,20,115,129,0.93,131,0.93,1015.4,52,27.3,16.7,1.2,20.4
"2026-06-16 09:15:00",65,41.38514,2.195903,21,191,205,0.47,207,0.47,1015.6,48,27.7,15.8,1.2,20.1
"2026-06-16 09:30:00",66,41.38514,2.195855,21,126,139,0.46,141,0.46,1015.7,46,28.5,16,1.2,20.4
"2026-06-16 09:45:00",67,41.38514,2.195912,17,145,159,0.44,161,0.44,1015.8,45,28.7,15.8,1.2,20.4
"2026-06-16 10:00:00",68,41.38511,2.195943,39,160,174,1.08,176,1.15,1015.9,45,28.8,15.7,1.2,20.4
"2026-06-16 10:15:00",69,41.38521,2.195848,25,282,296,0.14,298,0.14,1015.8,47,28.8,16.5,1.2,20.8
"2026-06-16 10:30:00",70,41.3851,2.195818,30,172,186,1.13,188,1.13,1015.9,46,28.9,16.3,1.2,20.7
"2026-06-16 10:45:00",71,41.38511,2.195866,30,181,195,1.1,197,1.1,1016.1,40,29.6,14.7,1.2,20.2
"2026-06-16 11:00:00",72,41.38512,2.195879,32,63,77,0.38,78.95,0.38,1016.3,42,30.4,16.1,1.2,21.2
"2026-06-16 11:15:00",73,41.38512,2.195888,31,79,93,0.64,95,0.64,1016.2,42,30.6,16.5,1.2,21.4
"2026-06-16 11:30:00",74,41.38511,2.196025,29,147,161,0.32,163,0.32,1016.1,42,30.3,16.1,1.2,21.2
"2026-06-16 11:45:00",75,41.38512,2.19591,28,164,178,0.82,180,0.82,1016.3,44,29.9,16.6,1.2,21.3
"2026-06-16 12:00:00",76,41.38511,2.195926,23,153,167,0.96,169,0.96,1016.6,40,29.5,14.5,1.2,20
"2026-06-16 12:15:00",77,41.3851,2.195907,22,161,175,1.07,177,1.07,1016.7,39,29.7,14.3,1.2,20
"2026-06-16 12:30:00",78,41.38512,2.195865,25,153,167,1.85,169,1.85,1016.8,41,29.5,15,1.2,20.3
"2026-06-16 12:45:00",79,41.3851,2.195913,18,181,195,2.14,197,2.14,1017,43,29.6,16,1.2,20.8
"2026-06-16 13:15:00",0,41.38524,2.195936,49,145,159,1.46,161,1.46,1017,40,29.2,14.4,1.2,19.9
"2026-06-16 13:30:00",1,41.38581,2.196903,22,145,159,0.7,161,0.7,1017.1,44,28.7,15.4,1.2,20.2
"2026-06-16 13:45:00",2,41.38859,2.20045,21,151,192,2.36,194,1.39,1017,48,28.5,16.7,1.2,20.8
"2026-06-16 14:00:00",3,41.3896,2.202157,21,139,159,2.27,161,2.15,1017,48,28.5,16.5,1.2,20.7
"2026-06-16 14:15:00",4,41.39012,2.202409,22,154,198,4.36,200,1.15,1017,51,28.9,17.9,1.2,21.6
"2026-06-16 14:30:00",5,41.39711,2.209628,23,133,104,0.2,106,0.19,1017.1,50,28.8,17.6,1.2,21.4
"2026-06-16 14:45:00",6,100,1000,7999,128,142,1000,"NAN",0.64,1017,53,28.1,17.7,1.2,21.2
"2026-06-16 15:00:00",7,100,1000,7999,46,60,1000,"NAN",0.4,1017.1,55,27.9,18.2,1.2,21.4
"2026-06-16 15:15:00",8,100,1000,7999,152,166,1000,"NAN",1.9,1017.2,57,27.5,18.2,1.2,21.3
"2026-06-16 15:30:00",9,41.38509,2.195873,11,172,186,0.74,188,0.74,1017.2,58,27.5,18.7,1.2,21.5
"2026-06-16 15:45:00",10,41.38512,2.195949,19,122,136,0.85,138,0.85,1017.2,58,27.5,18.7,1.2,21.6
"2026-06-16 16:00:00",11,41.38511,2.195898,21,84,98,0.69,100,0.69,1017.1,59,27.4,18.9,1.2,21.6
"2026-06-16 16:15:00",12,41.38509,2.19587,22,278,292,0.2,294,0.2,1017.1,54,27.7,17.8,1.2,21.1
"2026-06-16 16:30:00",13,41.3851,2.195851,22,66,81,0.54,83,0.54,1017,56,27.6,18.2,1.2,21.3
"2026-06-16 16:45:00",14,41.3851,2.195845,25,80,70,0.68,71.95,0.68,1016.8,58,27.5,18.5,1.2,21.5
"2026-06-16 17:00:00",15,41.38514,2.19593,25,341,33,0.21,34.95,0.21,1016.7,59,27.3,18.7,1.2,21.5
"2026-06-16 17:15:00",16,41.38514,2.195921,23,33,84,0.84,86,0.84,1016.9,60,27.3,19.1,1.2,21.7
"2026-06-16 17:30:00",17,41.38515,2.195905,21,306,357,0.32,359,0.32,1017,60,27.1,18.8,1.2,21.4
"2026-06-16 17:45:00",18,41.38505,2.195809,2,350,229,0.39,231,0.3,1017.1,60,26.7,18.5,1.2,21.1
"2026-06-16 18:00:00",19,41.38507,2.19578,14,128,351,0.2,353,0.21,1017.2,60,26.6,18.4,1.2,21.1
"2026-06-16 18:15:00",20,41.38511,2.195711,6,65,292,0.46,294,0.45,1017,61,26.5,18.6,1.2,21.1
"2026-06-16 18:30:00",21,41.38511,2.195943,16,240,111,0.57,113,0.63,1017,60,26.4,18.1,1.2,20.8
"2026-06-16 18:45:00",22,41.38504,2.195798,23,6,227,0.17,229,0.19,1017,60,26.4,18.1,1.2,20.8
"2026-06-16 19:00:00",23,41.38506,2.195871,32,176,40,0.52,41.95,0.47,1016.9,62,26.1,18.3,1.2,20.8
"2026-06-16 19:15:00",24,41.3851,2.195848,-1,319,190,0.38,192,0.41,1017.1,62,26.2,18.5,1.2,21
"2026-06-16 19:30:00",25,41.3851,2.195516,0,305,187,0.88,189,0.88,1017.2,60,26.1,17.9,1.2,20.6
"2026-06-16 19:45:00",26,41.38512,2.195656,13,51,280,0.45,282,0.45,1017.3,60,25.9,17.8,1.2,20.4
"2026-06-16 20:00:00",27,41.3851,2.195768,5,94,324,0.18,326,0.18,1017.5,61,25.9,18,1.2,20.5
"2026-06-16 20:15:00",28,41.38519,2.195666,3,64,294,0.29,296,0.29,1017.4,62,25.7,18,1.2,20.5
"2026-06-16 20:30:00",29,41.38512,2.195893,14,175,45,0.02,46.95,0.02,1017.4,61,25.6,17.8,1.2,20.3
"2026-06-16 20:45:00",30,41.3851,2.195858,10,292,161,0.64,163,0.64,1017.3,60,25.4,17.1,1.2,19.9
"2026-06-16 21:00:00",31,41.38517,2.194651,-43,305,174,0.24,176,0.24,1017.2,61,25.3,17.3,1.2,20
"2026-06-16 21:15:00",32,41.38526,2.195495,23,226,99,0.24,101,0.22,1017.4,61,25.2,17.3,1.2,19.9
"2026-06-16 21:30:00",33,41.38521,2.196036,27,262,135,0.5,137,0.55,1017.4,59,25,16.4,1.2,19.4
"2026-06-16 21:45:00",34,41.38533,2.195541,52,312,149,1.01,151,0.55,1017.3,63,24.9,17.5,1.2,19.9
"2026-06-16 22:00:00",35,41.38504,2.195788,34,283,152,0.64,154,0.64,1017.5,61,24.8,16.9,1.2,19.5
"2026-06-16 22:15:00",36,41.38507,2.195765,33,166,35,0.37,36.95,0.37,1017.5,60,24.6,16.5,1.2,19.3
"2026-06-16 22:30:00",37,41.38504,2.195765,31,177,46,0.2,47.95,0.2,1017.6,57,24.3,15.5,1.2,18.6
"2026-06-16 22:45:00",38,41.38511,2.195818,25,243,112,0.05,114,0.05,1017.6,60,24.1,16.1,1.2,18.8
"2026-06-16 23:00:00",39,41.38514,2.195766,24,32,261,0.07,263,0.07,1017.6,59,23.9,15.4,1.2,18.4
"2026-06-16 23:15:00",40,41.38509,2.195741,33,49,278,0.05,280,0.05,1017.6,62,23.9,16.3,1.2,18.9
"2026-06-16 23:30:00",41,41.38514,2.195883,21,263,139,0.5,141,0.45,1017.5,67,24,17.7,1.2,19.7
"2026-06-16 23:45:00",42,41.38533,2.195751,36,87,296,0.02,298,0.05,1017.6,67,24.2,17.7,1.2,19.8
"2026-06-17 00:00:00",43,41.38538,2.195988,74,314,339,0.17,341,0.03,1017.8,65,24.2,17.4,1.2,19.6
"2026-06-17 00:15:00",44,41.38454,2.195835,-71,39,358,0.35,360,0.19,1017.9,63,24.3,16.9,1.2,19.4
"2026-06-17 00:30:00",45,41.38485,2.195809,-8,143,36,0.37,37.95,0.46,1018,61,24.1,16.3,1.2,19
"2026-06-17 00:45:00",46,41.38485,2.197376,41,330,247,0.28,249,0.22,1018,60,23.9,15.7,1.2,18.5
"2026-06-17 01:00:00",47,41.38503,2.195828,42,191,66,0.25,67.95,0.07,1017.9,62,23.9,16.3,1.2,18.9
"2026-06-17 01:15:00",48,41.38488,2.195795,42,140,9,0.41,10.95,0.41,1017.8,60,23.8,15.8,1.2,18.5
"2026-06-17 01:30:00",49,100,1000,7999,121,350,1000,"NAN",0.34,1017.8,55,23.9,14.4,1.2,17.8
"2026-06-17 01:45:00",50,100,1000,7999,148,17,1000,"NAN",0.45,1017.8,53,24.1,14.1,1.2,17.8
"2026-06-17 02:00:00",51,100,1000,7999,58,287,1000,"NAN",0.04,1017.9,54,24,14.2,1.2,17.8
"2026-06-17 02:15:00",52,100,1000,7999,161,30,1000,"NAN",0.34,1017.9,71,24.3,18.7,1.2,20.4
"2026-06-17 02:30:00",53,100,1000,7999,202,71,1000,"NAN",0.06,1017.9,71,24.1,18.6,1.2,20.3
"2026-06-17 02:45:00",54,41.38496,2.195868,12,12,241,0.13,243,0.13,1017.8,68,23.6,17.6,1.2,19.5
"2026-06-17 03:00:00",55,41.38504,2.195842,11,140,9,0.07,10.95,0.07,1017.8,60,23.3,15.2,1.2,18
"2026-06-17 03:15:00",56,41.38503,2.195893,32,213,82,0.02,84,0.02,1017.9,56,23.2,14.1,1.2,17.4
"2026-06-17 03:30:00",57,41.38501,2.195855,38,286,155,0.06,157,0.06,1018,61,23.4,15.7,1.2,18.3
"2026-06-17 03:45:00",58,41.38501,2.195912,38,2,231,0.04,233,0.04,1017.9,63,23.3,16.1,1.2,18.5
"2026-06-17 04:00:00",59,41.38502,2.195921,45,23,252,0.07,254,0.07,1017.9,54,23.1,13.5,1.2,17.1
"2026-06-17 04:15:00",60,41.38507,2.195925,42,115,344,0.14,346,0.14,1017.9,53,23.1,13,1.2,16.8
"2026-06-17 04:30:00",61,41.38514,2.195816,32,155,24,0.3,25.95,0.3,1017.7,55,23.3,13.9,1.2,17.3
"2026-06-17 04:45:00",62,41.38514,2.195761,26,348,217,0.07,219,0.07,1017.6,53,23.2,13.3,1.2,17
"2026-06-17 05:00:00",63,41.38509,2.195754,20,157,26,0.5,27.95,0.5,1017.3,54,23,13.2,1.2,16.9
"2026-06-17 05:15:00",64,41.38501,2.195785,20,154,23,1.05,24.95,1.05,1017.3,54,22.8,13.2,1.2,16.8
"2026-06-17 05:30:00",65,41.38503,2.195876,21,163,32,1.06,33.95,1.06,1017,54,22.8,13.1,1.2,16.7
"2026-06-17 05:45:00",66,41.38512,2.195842,23,146,15,0.49,16.95,0.49,1017,54,22.8,13.1,1.2,16.7
"2026-06-17 06:00:00",67,41.38511,2.195946,38,324,193,0,195,0,1017.1,54,22.7,13.2,1.2,16.7
"2026-06-17 06:15:00",68,41.38511,2.195848,29,132,1,0.17,2.95,0.17,1017.3,56,22.5,13.3,1.2,16.7
"2026-06-17 06:30:00",69,41.38509,2.19577,26,135,4,0.1,5.95,0.1,1017.3,56,22.4,13.2,1.2,16.6
"2026-06-17 06:45:00",70,41.38504,2.195771,22,245,114,0.08,116,0.08,1017.3,55,22.5,13.1,1.2,16.6
"2026-06-17 07:00:00",71,41.38503,2.195765,21,121,350,0.16,352,0.16,1017.5,55,22.6,13.3,1.2,16.7
"2026-06-17 07:15:00",72,41.38503,2.195741,21,127,356,0.74,358,0.74,1017.4,54,23.1,13.3,1.2,16.9
"2026-06-17 07:30:00",73,41.38501,2.195777,26,62,291,0.15,293,0.15,1017.7,52,23.8,13.7,1.2,17.4
"2026-06-17 07:45:00",74,41.38498,2.195792,21,323,192,0.11,194,0.11,1017.8,50,24.9,13.9,1.2,18
"2026-06-17 08:00:00",75,41.385,2.195857,16,193,62,0.13,63.95,0.13,1017.9,49,25.2,13.7,1.2,18
"2026-06-17 08:15:00",76,41.38497,2.195879,18,142,12,0.25,13.95,0.25,1018,47,25.5,13.6,1.2,18.1
"2026-06-17 08:30:00",77,41.38496,2.195845,16,282,152,0.14,154,0.14,1018.1,46,26,13.6,1.2,18.3
"2026-06-17 08:45:00",78,41.38501,2.195795,21,88,318,0.38,320,0.38,1018.3,45,26.5,13.8,1.2,18.6
"2026-06-17 09:00:00",79,41.38535,2.19544,34,123,64,0.59,65.95,0.59,1018,44,27.1,13.8,1.2,18.8
"2026-06-17 09:15:00",80,41.3854,2.195015,43,36,275,0.47,277,0.47,1018.2,43,27.5,14,1.2,19
"2026-06-17 09:30:00",81,41.38522,2.195404,57,241,295,0.35,297,0.79,1018,45,27.3,14.4,1.2,19.2
"2026-06-17 09:45:00",82,41.34519,2.148308,28,262,352,6.03,354,4.99,1018.2,44,27.9,14.8,1.2,19.6
"2026-06-17 10:00:00",83,41.33407,2.141366,9,265,234,4.11,236,1.95,1018.4,47,27.3,15,1.2,19.4
"2026-06-17 10:15:00",84,41.34564,2.152935,0,144,135,1.17,137,1.18,1018.9,45,28.2,15.3,1.2,20
"2026-06-17 10:30:00",85,41.3457,2.153133,9,102,93,1.64,95,1.64,1018.9,48,27.7,16,1.2,20.1
"2026-06-17 10:45:00",86,41.34557,2.152935,12,90,116,0.91,118,0.91,1019.2,50,28.3,16.9,1.2,20.8
"2026-06-17 11:00:00",87,41.34559,2.152946,13,268,67,1.27,68.95,1.27,1019.2,57,26.7,17.5,1.2,20.6
"2026-06-17 11:15:00",88,41.34559,2.152937,12,250,77,1.28,78.95,1.28,1019.3,58,26.3,17.5,1.2,20.4
"2026-06-17 11:30:00",89,41.34559,2.152926,12,235,68,1.14,69.95,1.14,1019.5,62,26.4,18.8,1.2,21.2
"2026-06-17 11:45:00",90,41.34559,2.152916,12,251,84,1.14,86,1.14,1019.4,69,26.1,20.2,1.2,21.9
"2026-06-17 12:00:00",91,41.34559,2.15292,12,293,126,1.22,128,1.22,1019.4,56,26.8,17.5,1.2,20.6
"2026-06-17 12:15:00",92,41.34559,2.152925,12,208,41,0.66,42.95,0.66,1019.5,58,27.1,18.1,1.2,21.1
"2026-06-17 12:30:00",93,41.34562,2.15295,10,356,189,1.46,191,1.46,1019.6,56,26.2,16.9,1.2,20.1
"2026-06-17 12:45:00",94,41.34564,2.152986,7,338,172,1.38,174,1.38,1019.7,52,27,16.6,1.2,20.2
"2026-06-17 13:00:00",95,41.34564,2.152986,6,260,94,2.69,96,2.69,1019.6,49,28,16.3,1.2,20.4
"2026-06-18 05:45:00",162,41.34562,2.152973,6,229,61,0.49,62.95,0.49,1018.1,85,23.1,20.5,1.2,21.2
"2026-06-18 06:00:00",163,41.34562,2.152971,6,233,65,1.38,66.95,1.38,1018.1,87,23.1,20.8,1.2,21.4
"2026-06-18 06:15:00",164,41.34562,2.152969,7,234,66,1.06,67.95,1.06,1017.9,86,22.9,20.5,1.2,21.1
"2026-06-18 06:30:00",165,41.34562,2.152974,7,225,57,2.02,58.95,2.02,1017.8,86,22.8,20.5,1.2,21.1
"2026-06-18 06:45:00",166,41.34562,2.152968,8,219,51,0.89,52.95,0.89,1018,86,22.9,20.4,1.2,21.1
"2026-06-18 07:00:00",167,41.34562,2.152963,9,214,46,0.52,47.95,0.52,1018,85,22.9,20.3,1.2,21
"2026-06-18 07:15:00",168,41.34562,2.152968,10,223,56,1.12,57.95,1.12,1018.1,82,23.4,20.3,1.2,21.2
"2026-06-18 07:30:00",169,41.34562,2.152976,9,164,357,1.41,359,1.41,1018.1,80,23.8,20.2,1.2,21.2
"2026-06-18 07:45:00",170,41.34562,2.152963,7,234,67,2.1,68.95,2.1,1018.1,81,23.8,20.4,1.2,21.4
"2026-06-18 08:00:00",171,41.3456,2.152965,6,207,40,1.9,41.95,1.9,1018,82,23.9,20.7,1.2,21.6
"2026-06-18 08:15:00",172,41.34562,2.152961,6,232,65,1.43,66.95,1.43,1018,80,24.1,20.4,1.2,21.5
"2026-06-18 08:30:00",173,41.3456,2.152974,6,266,103,2.46,105,2.46,1018.3,77,24.5,20.3,1.2,21.5
"2026-06-18 08:45:00",174,41.34556,2.152948,4,144,158,1.37,160,1.37,1018.6,78,24.5,20.5,1.2,21.7
"2026-06-18 09:00:00",175,41.34559,2.153085,0,98,113,1.5,115,1.5,1018.8,77,24.9,20.7,1.2,21.9
"2026-06-18 09:15:00",176,41.34558,2.153055,2,93,107,1.12,109,1.12,1018.9,75,25.3,20.6,1.2,22
"2026-06-18 09:30:00",177,41.34231,2.154475,4,172,63,2.46,64.95,5.75,1018.7,79,23.9,20.2,1.2,21.2
"2026-06-18 09:45:00",178,41.36274,2.179686,11,186,76,1.49,77.95,4.94,1019.1,83,23.4,20.4,1.2,21.3
"2026-06-18 10:00:00",179,41.37305,2.184925,13,115,130,0.55,132,0.55,1019.2,82,24.4,21.3,1.2,22.2
"2026-06-18 10:15:00",180,41.36704,2.183509,5,144,57,1.79,58.95,3.24,1019,82,24.4,21.2,1.2,22.1
"2026-06-18 10:30:00",181,41.37056,2.207134,0,188,76,2.25,77.95,6.19,1019.2,87,23.2,21,1.2,21.6
"2026-06-18 10:45:00",182,41.3772,2.2145,3,261,113,2.28,115,2.13,1019.3,88,22.9,20.9,1.2,21.5
"2026-06-18 11:00:00",183,41.37812,2.21395,-2,109,57,3.9,58.95,4.12,1019.6,88,22.9,20.9,1.2,21.5
"2026-06-18 11:15:00",184,41.37717,2.216101,1,106,94,3.12,96,3.29,1019.6,88,22.8,20.9,1.2,21.4
"2026-06-18 11:30:00",185,41.37758,2.216765,0,307,91,4.29,93,4.32,1019.7,88,22.7,20.7,1.2,21.3
"2026-06-18 11:45:00",186,41.37762,2.216908,1,309,105,3.56,107,3.49,1019.7,89,22.8,20.9,1.2,21.4
"2026-06-18 12:00:00",187,41.37762,2.21687,-2,355,101,3.6,103,3.78,1019.9,89,22.8,20.9,1.2,21.4
"2026-06-18 12:15:00",188,41.37762,2.216893,0,334,82,2.82,84,2.83,1019.9,88,22.7,20.7,1.2,21.3
"2026-06-18 12:30:00",189,41.37762,2.2169,0,349,96,3.42,98,3.54,1020,88,22.8,20.8,1.2,21.4
"2026-06-18 12:45:00",190,41.37762,2.216931,1,326,88,3.69,90,3.54,1019.9,88,22.8,20.9,1.2,21.4
"2026-06-18 13:00:00",191,41.37764,2.216975,0,332,90,2.78,92,2.53,1019.8,88,22.8,20.9,1.2,21.4
"2026-06-18 13:15:00",192,41.37765,2.217013,-2,342,101,3.18,103,3.55,1019.7,88,22.9,20.8,1.2,21.4
"2026-06-18 13:30:00",193,41.37772,2.217073,-1,338,93,2.98,95,2.95,1019.6,89,23,21.3,1.2,21.7
"2026-06-18 13:45:00",194,41.37759,2.217073,-1,334,100,3.68,102,3.65,1019.5,88,22.9,20.9,1.2,21.5
"2026-06-18 14:00:00",195,41.37753,2.217053,0,338,94,3.1,96,2.98,1019.6,89,22.9,21.1,1.2,21.6
"2026-06-18 14:15:00",196,41.37752,2.217051,0,343,97,3.06,99,3.08,1019.5,89,22.9,21.2,1.2,21.6
"2026-06-18 14:30:00",197,100,1000,7999,338,90,1000,"NAN",3.12,1019.3,89,22.9,21.1,1.2,21.6
"2026-06-18 14:45:00",198,41.37759,2.216967,0,347,89,4.01,91,3.59,1019.1,90,23,21.3,1.2,21.7
"2026-06-18 15:00:00",199,41.37762,2.21695,0,336,82,3.88,84,4.02,1019.1,90,23.1,21.5,1.2,21.9
"2026-06-18 15:15:00",200,41.37764,2.216965,0,340,88,3.58,90,3.57,1018.9,90,23,21.3,1.2,21.7
"2026-06-18 15:30:00",201,41.37762,2.21697,0,338,80,3.22,82,3.13,1018.9,90,23.1,21.5,1.2,21.9
"2026-06-18 15:45:00",202,41.37764,2.216998,7,327,71,3.39,72.95,3.5,1018.8,90,23.1,21.4,1.2,21.8
"2026-06-18 16:00:00",203,41.37762,2.216998,2,337,75,2.76,76.95,2.84,1018.8,89,23.1,21.3,1.2,21.8
"2026-06-18 16:15:00",204,41.37764,2.216988,1,336,85,2.39,87,2.34,1018.8,89,23.3,21.5,1.2,22
"2026-06-18 16:30:00",205,41.37764,2.216941,1,350,97,2.97,99,3.5,1018.7,88,23.3,21.3,1.2,21.9
"2026-06-18 16:45:00",206,41.37764,2.216931,1,350,91,2.95,93,2.65,1018.8,88,23.3,21.2,1.2,21.8
"2026-06-18 17:00:00",207,41.37765,2.216893,1,350,102,2.94,104,2.93,1018.7,88,23.2,21.3,1.2,21.8
"2026-06-18 17:15:00",208,41.37764,2.216903,9,338,86,4.21,88,3.83,1018.4,89,23.2,21.3,1.2,21.8
"2026-06-18 17:30:00",209,41.37762,2.216965,6,330,84,3.53,86,3.46,1018.4,89,23.3,21.4,1.2,21.9
"2026-06-18 17:45:00",210,41.37764,2.216973,4,326,79,3.72,81,3.69,1018.2,90,23.4,21.7,1.2,22.1
"2026-06-18 18:00:00",211,41.37762,2.217009,3,327,72,3.23,73.95,2.95,1017.9,89,23.2,21.4,1.2,21.9
"2026-06-18 18:15:00",212,41.3776,2.217068,1,296,63,3.58,64.95,3.26,1017.8,89,23.3,21.4,1.2,21.9
"2026-06-18 18:30:00",213,41.37759,2.217076,5,320,77,3.72,78.95,3.69,1017.6,90,23.3,21.5,1.2,22
"2026-06-18 18:45:00",214,41.37758,2.217115,-6,276,43,3.98,44.95,3.68,1017.4,90,23.3,21.5,1.2,22
"2026-06-18 19:00:00",215,41.37757,2.217138,4,286,54,4.03,55.95,3.94,1017.2,90,23.3,21.6,1.2,22
"2026-06-18 19:15:00",216,41.37757,2.217141,0,267,47,3.38,48.95,3.43,1017.1,89,23.5,21.6,1.2,22.1
"2026-06-18 19:30:00",217,41.37757,2.217121,2,275,64,3.89,65.95,4.12,1017,90,23.5,21.8,1.2,22.3
"2026-06-18 19:45:00",218,41.37757,2.217131,2,264,41,3.06,42.95,2.98,1017.1,90,23.5,21.8,1.2,22.3
"2026-06-18 20:00:00",219,41.3776,2.21708,1,286,44,3.3,45.95,3.28,1017.2,90,23.5,21.8,1.2,22.2
"2026-06-18 20:15:00",220,41.37759,2.217068,1,308,68,2.46,69.95,2.58,1017.1,89,23.4,21.5,1.2,22
"2026-06-18 20:30:00",221,41.3776,2.217059,1,307,60,2.07,61.95,2.08,1017.3,89,23.4,21.5,1.2,22
"2026-06-18 20:45:00",222,41.37759,2.21709,3,257,49,2.83,50.95,2.97,1017.2,89,23.4,21.5,1.2,22
"2026-06-18 21:00:00",223,41.37758,2.217085,3,267,43,2.3,44.95,2.32,1017.2,90,23.4,21.7,1.2,22.2
"2026-06-18 21:15:00",224,41.37759,2.217051,2,270,38,2.12,39.95,1.99,1017.3,89,23.3,21.6,1.2,22
"2026-06-18 21:30:00",225,41.37759,2.217048,2,252,21,2.72,22.95,2.79,1017.4,89,23.3,21.5,1.2,22
"2026-06-18 21:45:00",226,41.37759,2.217053,1,274,33,2.82,34.95,2.76,1017.5,89,23.4,21.6,1.2,22.1
"2026-06-18 22:00:00",227,41.37757,2.217063,0,317,60,2.36,61.95,2.35,1017.4,89,23.3,21.5,1.2,22
"2026-06-18 22:15:00",228,41.37759,2.217046,3,27,88,3.79,90,3.79,1017.3,90,23.4,21.8,1.2,22.2
"2026-06-18 22:30:00",229,41.37761,2.217028,6,57,87,3.43,89,3.31,1017.2,91,23.4,21.9,1.2,22.3
"2026-06-18 22:45:00",230,41.37761,2.217033,6,48,89,3.32,91,3.25,1017.4,89,23.5,21.6,1.2,22.1
"2026-06-18 23:00:00",231,41.37759,2.217021,6,48,59,3.4,60.95,3.53,1017.2,88,23.6,21.5,1.2,22.1
"2026-06-18 23:15:00",232,41.37759,2.217013,6,71,63,3.23,64.95,3.4,1017.4,87,23.6,21.4,1.2,22
"2026-06-18 23:30:00",233,41.37762,2.217008,-1,58,67,3.51,68.95,3.49,1017.3,88,23.6,21.6,1.2,22.1
"2026-06-18 23:45:00",234,41.37761,2.216988,0,74,61,3.68,62.95,3.7,1017.2,88,23.7,21.6,1.2,22.1
"2026-06-19 00:00:00",235,41.37759,2.216923,2,95,59,6.58,60.95,6.54,1016.7,86,23.5,21.1,1.2,21.7
"2026-06-19 00:15:00",236,41.37762,2.216931,6,124,73,4.79,74.95,4.78,1016.9,83,23.6,20.7,1.2,21.5
"2026-06-19 00:30:00",237,41.37762,2.21698,5,97,51,2.99,52.95,3.14,1017.3,85,23.7,21,1.2,21.8
"2026-06-19 00:45:00",238,41.37757,2.217043,-3,88,55,3.9,56.95,3.99,1017.6,83,23.6,20.6,1.2,21.4
"2026-06-19 01:00:00",239,41.3776,2.217061,0,89,71,3.53,72.95,3.53,1017.7,82,23.6,20.4,1.2,21.3
"2026-06-19 01:15:00",240,41.37759,2.217063,2,91,71,3.01,72.95,3.06,1017.8,83,23.4,20.5,1.2,21.3
"2026-06-19 01:30:00",241,41.37759,2.21711,2,86,42,4.8,43.95,4.66,1017.7,86,23.3,21,1.2,21.6
"2026-06-19 01:45:00",242,41.37757,2.217166,3,30,19,1.85,20.95,1.83,1018.2,87,23.5,21.2,1.2,21.8
"2026-06-19 02:00:00",243,41.37756,2.217133,4,64,8,2.79,9.95,3.1,1017.9,86,23.4,20.9,1.2,21.6
"2026-06-19 02:15:00",244,41.37756,2.217198,3,40,1,1.71,2.95,1.85,1018.3,70,23.4,17.8,1.2,19.6
"2026-06-19 02:30:00",245,41.37754,2.217211,2,68,26,2.11,27.95,2,1018.3,72,23.6,18.3,1.2,20
"2026-06-19 02:45:00",246,41.37759,2.217138,2,85,53,3.02,54.95,2.6,1017.9,76,23.5,19,1.2,20.4
"2026-06-19 03:00:00",247,100,1000,7999,94,19,1000,"NAN",4.35,1017.5,74,23.6,18.8,1.2,20.2
"2026-06-19 03:15:00",248,100,1000,7999,66,41,1000,"NAN",2.96,1017.8,77,23.6,19.5,1.2,20.7
"2026-06-19 03:30:00",249,41.3775,2.217276,2,32,353,2.89,355,2.89,1017.6,65,23.6,16.8,1.2,19.1
"2026-06-19 03:45:00",250,41.37751,2.217247,2,18,323,3.23,325,3.04,1017.6,65,23.6,16.8,1.2,19.1
"2026-06-19 04:00:00",251,41.37746,2.217298,2,75,343,3.77,345,4.85,1017.4,58,23.7,15,1.2,18.1
"2026-06-19 04:15:00",252,41.37749,2.217281,1,91,25,1.88,26.95,2.18,1017.4,61,23.6,15.8,1.2,18.5
"2026-06-19 04:30:00",253,41.37746,2.217281,3,87,8,4.55,9.95,4.51,1017.1,63,23.5,16.1,1.2,18.6
"2026-06-19 04:45:00",254,41.37743,2.217313,4,95,17,4.34,18.95,4.37,1016.7,64,23.4,16.3,1.2,18.7
"2026-06-19 05:00:00",255,41.37738,2.217328,6,85,1,3.94,2.95,3.66,1016.5,68,23.4,17.2,1.2,19.2
"2026-06-19 05:15:00",256,41.37746,2.217283,6,17,0,1.43,1.95,0.99,1016.9,60,23.4,15.3,1.2,18.1
"2026-06-19 05:30:00",257,41.37743,2.217301,5,98,351,4.24,353,4.11,1016.3,60,23.3,15.1,1.2,18
"2026-06-19 05:45:00",258,41.37748,2.21726,8,90,22,3.02,23.95,2.9,1016.4,63,23.5,16.1,1.2,18.6
"2026-06-19 06:00:00",259,41.37753,2.217186,9,87,17,2.32,18.95,2.3,1016.4,61,23.5,15.6,1.2,18.3
"2026-06-19 06:15:00",260,41.3775,2.217223,3,72,349,4.09,351,3.99,1016.4,58,23.3,14.7,1.2,17.8
"2026-06-19 06:30:00",261,41.37752,2.217182,8,58,10,2.17,11.95,2.25,1016.7,62,23.6,16,1.2,18.6
"2026-06-19 06:45:00",262,41.37751,2.217194,4,84,356,3.72,358,3.49,1016.5,60,23.3,15.2,1.2,18
"2026-06-19 07:00:00",263,41.37751,2.21722,5,68,346,4.59,348,4.5,1016.7,61,23.2,15.2,1.2,18
"2026-06-19 07:15:00",264,41.37748,2.217275,3,92,342,4.26,344,4.34,1016.6,57,23.2,14.4,1.2,17.5
"2026-06-19 07:30:00",265,41.3775,2.217233,4,91,12,3.34,13.95,3.3,1016.7,58,23.3,14.6,1.2,17.7
"2026-06-19 07:45:00",266,41.37748,2.21727,2,89,350,4.31,352,4.05,1016.7,57,23.6,14.7,1.2,17.8
"2026-06-19 08:00:00",267,41.37749,2.217226,3,69,346,4.84,348,4.65,1016.7,59,23.7,15.4,1.2,18.3
"2026-06-19 08:15:00",268,41.37749,2.217263,3,70,353,4.74,355,4.43,1016.8,57,23.9,15,1.2,18.1
"2026-06-19 08:30:00",269,41.37756,2.217348,-3,75,349,3.9,351,3.94,1016.9,54,24.1,14.4,1.2,17.9
"2026-06-19 08:45:00",270,41.3776,2.217532,-14,80,341,3.11,343,3.05,1016.8,58,24.4,15.7,1.2,18.7
"2026-06-19 09:00:00",271,41.37783,2.218421,-7,56,8,2.77,9.95,2.84,1017.1,57,24.7,15.6,1.2,18.8
"2026-06-19 09:15:00",272,41.37752,2.217351,0,69,75,0.97,76.95,0.69,1017.2,63,25.2,17.6,1.2,20.1
"2026-06-19 09:30:00",273,41.37756,2.217276,0,37,11,1.65,12.95,1.61,1017.4,59,25.4,16.9,1.2,19.7
"2026-06-19 09:45:00",274,41.37756,2.217213,4,90,97,2.88,99,2.68,1017.5,66,24.8,18.2,1.2,20.3
"2026-06-19 10:00:00",275,41.37758,2.217123,5,88,93,2.71,95,3.06,1017.6,74,24.5,19.6,1.2,21.1
"2026-06-19 10:15:00",276,41.37759,2.216978,5,95,81,3.04,83,3.32,1017.7,72,24.5,19.1,1.2,20.8
"2026-06-19 10:30:00",277,41.37757,2.217007,9,99,99,3.84,101,3.8,1017.8,71,24.4,18.9,1.2,20.6
"2026-06-19 10:45:00",278,41.37758,2.217026,4,93,72,3.34,73.95,3.36,1017.7,71,24.4,18.8,1.2,20.5
"2026-06-19 11:00:00",279,41.37759,2.217018,4,90,68,3.7,69.95,3.99,1017.9,71,24.4,18.9,1.2,20.6
"2026-06-19 11:15:00",280,41.37759,2.217051,2,104,80,4.61,82,4.24,1018,72,24.4,19.1,1.2,20.7
"2026-06-19 11:30:00",281,41.37762,2.217007,1,90,75,4.38,76.95,4.45,1018,72,24.3,19.1,1.2,20.7
"2026-06-19 11:45:00",282,41.3776,2.217032,0,115,81,4.23,83,4.33,1018,73,24.4,19.3,1.2,20.8
"2026-06-19 12:00:00",283,41.37759,2.21707,0,87,70,4.66,71.95,4.78,1017.9,72,24.3,19.2,1.2,20.7
"2026-06-19 12:15:00",284,41.37759,2.217061,-1,109,73,5.25,74.95,5.28,1018,74,24.3,19.4,1.2,20.9
"2026-06-19 12:30:00",285,41.3776,2.216951,0,105,67,4.89,68.95,4.64,1018.1,72,24.4,19.1,1.2,20.7
"2026-06-19 12:45:00",286,41.3776,2.216941,-1,98,76,5.31,77.95,5.15,1018.1,74,24.5,19.6,1.2,21.1
"2026-06-19 13:00:00",287,41.37756,2.216786,11,94,91,5.44,93,5.02,1018.3,73,24.5,19.5,1.2,21
"2026-06-19 13:15:00",288,41.37758,2.216868,8,97,69,4.08,70.95,4.03,1018.2,75,24.5,19.9,1.2,21.3
"2026-06-19 13:30:00",289,41.37757,2.216828,13,101,78,3.41,79.95,3.42,1018.2,77,24.5,20.2,1.2,21.5
"2026-06-19 13:45:00",290,41.37757,2.21678,16,108,92,3.38,94,3.57,1018.3,79,24.5,20.6,1.2,21.7
"2026-06-19 14:00:00",291,41.37758,2.216757,17,97,90,5.92,92,5.79,1018.2,78,24.4,20.5,1.2,21.6
"2026-06-19 14:15:00",292,41.37756,2.216738,24,100,80,3.14,82,3.28,1018.2,80,24.5,20.8,1.2,21.9
"2026-06-19 14:30:00",293,41.37754,2.216761,8,96,79,5.56,81,5.08,1018.1,80,24.5,20.8,1.2,21.8
"2026-06-19 14:45:00",294,41.37759,2.216824,1,80,89,4.6,91,4.49,1018.2,82,24.3,21.1,1.2,22
"2026-06-19 15:00:00",295,41.37764,2.21691,9,98,74,4.57,75.95,4.23,1018.2,82,24.3,21,1.2,21.9
"2026-06-19 15:15:00",296,41.37764,2.216916,9,99,57,4.82,58.95,4.81,1018.1,84,24.4,21.6,1.2,22.3
"2026-06-19 15:30:00",297,41.37762,2.216889,10,97,67,4.44,68.95,4.71,1018.1,85,24.3,21.6,1.2,22.3
"2026-06-19 15:45:00",298,41.37762,2.216906,10,103,65,3.95,66.95,3.92,1018,86,24.3,21.8,1.2,22.5
"2026-06-19 16:00:00",299,41.37762,2.216996,9,85,70,5.05,71.95,4.42,1018,85,24.4,21.8,1.2,22.5
"2026-06-19 16:15:00",300,41.37762,2.217005,1,91,73,3.57,74.95,3.32,1017.9,87,24.5,22.2,1.2,22.8
"2026-06-19 16:30:00",301,41.37762,2.217026,2,87,73,4.35,74.95,4.3,1017.9,86,24.5,22,1.2,22.7
"2026-06-19 16:45:00",302,41.3776,2.217048,4,96,62,3.43,63.95,3.08,1017.8,84,24.7,21.9,1.2,22.7
"2026-06-19 17:00:00",303,41.37759,2.21703,8,87,51,3.7,52.95,4.13,1017.5,83,24.8,21.7,1.2,22.6
"2026-06-19 17:15:00",304,41.3776,2.217051,8,85,54,3.93,55.95,3.47,1017.5,79,24.9,21.1,1.2,22.2
"2026-06-19 17:30:00",305,41.37759,2.217061,6,90,63,5.84,64.95,5.79,1017.3,76,25.1,20.7,1.2,21.9
"2026-06-19 17:45:00",306,41.37759,2.217083,6,85,70,4.48,71.95,4.52,1017.3,76,25.2,20.8,1.2,22
"2026-06-19 18:00:00",307,41.37759,2.217058,6,99,76,3.79,77.95,4.05,1017.2,74,25.2,20.3,1.2,21.8
"2026-06-19 18:15:00",308,41.3776,2.217046,9,94,78,5.53,79.95,5.93,1017,74,25.2,20.3,1.2,21.7
"2026-06-19 18:30:00",309,41.3776,2.21708,11,83,69,4.75,70.95,4.76,1016.9,74,25.1,20.1,1.2,21.6
"2026-06-19 18:45:00",310,41.37758,2.217125,-4,101,65,3.25,66.95,3.25,1016.8,78,25,20.9,1.2,22.1
"2026-06-19 19:00:00",311,41.37759,2.217071,0,90,66,4.28,67.95,4.46,1016.7,77,24.9,20.7,1.2,21.9
"2026-06-19 19:15:00",312,41.3776,2.217043,5,96,72,4.5,73.95,4.14,1016.7,79,24.8,21,1.2,22.1
"2026-06-19 19:30:00",313,41.37762,2.217011,2,90,61,3.94,62.95,3.82,1016.7,83,24.9,21.9,1.2,22.7
"2026-06-19 19:45:00",314,41.37764,2.216967,0,95,65,3.91,66.95,3.93,1016.7,82,24.7,21.4,1.2,22.3
"2026-06-19 20:00:00",315,41.37764,2.216961,2,94,73,4.92,74.95,4.72,1016.8,83,24.6,21.7,1.2,22.5
"2026-06-19 20:15:00",316,41.37762,2.216938,5,87,64,4.6,65.95,4.46,1017,84,24.6,21.7,1.2,22.5
"2026-06-19 20:30:00",317,41.37762,2.216928,4,103,66,5.54,67.95,5.52,1017,83,24.6,21.5,1.2,22.4
"2026-06-19 20:45:00",318,41.37762,2.216871,2,87,63,4.45,64.95,4.36,1017.1,83,24.6,21.5,1.2,22.3
"2026-06-19 21:00:00",319,41.37762,2.216876,2,96,75,4.84,76.95,4.98,1017.2,84,24.6,21.8,1.2,22.6
"2026-06-19 21:15:00",320,41.37761,2.216856,0,88,63,6.15,64.95,5.85,1017.3,83,24.5,21.5,1.2,22.3
"2026-06-19 21:30:00",321,41.37762,2.216925,0,95,62,4.52,63.95,4.29,1017.4,84,24.5,21.7,1.2,22.5
"2026-06-19 21:45:00",322,41.37762,2.216893,0,94,76,4.68,77.95,5.09,1017.4,85,24.4,21.7,1.2,22.4
"2026-06-19 22:00:00",323,41.3776,2.216923,0,103,65,5.71,66.95,5.41,1017.5,85,24.3,21.6,1.2,22.3
"2026-06-19 22:15:00",324,41.37761,2.216955,1,88,69,3.66,70.95,3.7,1017.6,86,24.4,22,1.2,22.6
"2026-06-19 22:30:00",325,41.3776,2.216931,0,85,78,5.43,79.95,5.14,1017.7,86,24.3,21.8,1.2,22.5
"2026-06-19 22:45:00",326,41.37759,2.21694,1,93,60,3.9,61.95,3.99,1018,87,24.4,22.2,1.2,22.8
"2026-06-19 23:00:00",327,41.3776,2.216938,2,105,61,4.74,62.95,4.59,1018.1,85,24.3,21.8,1.2,22.5
"2026-06-19 23:15:00",328,41.37764,2.21694,2,96,65,5.46,66.95,5.4,1018.2,85,24.3,21.7,1.2,22.4
"2026-06-19 23:30:00",329,41.37764,2.216978,3,91,56,5.55,57.95,5.73,1018.3,85,24.4,21.8,1.2,22.5
"2026-06-19 23:45:00",330,41.37771,2.216898,1,100,54,5.08,55.95,4.94,1018.2,85,24.3,21.6,1.2,22.4
"2026-06-20 00:00:00",331,41.37793,2.21679,3,90,74,4.72,75.95,4.68,1018.1,85,24.4,21.8,1.2,22.5
"2026-06-20 00:15:00",332,41.37895,2.216203,7,94,56,4.77,57.95,4.66,1018.2,86,24.5,22,1.2,22.6
"2026-06-20 00:30:00",333,100,1000,7999,100,63,1000,"NAN",5.13,1018.2,84,24.4,21.5,1.2,22.3
"2026-06-20 00:45:00",334,100,1000,7999,101,53,1000,"NAN",3.02,1018.2,83,24.4,21.4,1.2,22.2
"2026-06-20 01:00:00",335,100,1000,7999,83,50,1000,"NAN",4.94,1018.1,81,24.5,21,1.2,22
"2026-06-20 01:15:00",336,41.37757,2.216818,4,93,66,4.62,67.95,4.75,1018,80,24.5,20.9,1.2,21.9
"2026-06-20 01:30:00",337,41.37758,2.216881,5,96,58,5.26,59.95,5.02,1018.1,80,24.4,20.8,1.2,21.8
"2026-06-20 01:45:00",338,41.37759,2.216961,4,97,57,4.56,58.95,4.59,1018,82,24.4,21.2,1.2,22.1
"2026-06-20 02:00:00",339,41.37758,2.217015,4,91,38,3.58,39.95,3.61,1018.3,81,24.5,21.1,1.2,22
"2026-06-20 02:15:00",340,41.37759,2.217008,3,98,37,5.38,38.95,5.08,1018.1,79,24.4,20.7,1.2,21.7
"2026-06-20 02:30:00",341,41.37757,2.217018,0,94,41,3.94,42.95,4.16,1018,78,24.5,20.6,1.2,21.7
"2026-06-20 02:45:00",342,41.37752,2.217066,1,93,35,5.52,36.95,5.65,1017.9,78,24.4,20.5,1.2,21.6
"2026-06-20 03:00:00",343,41.37753,2.21708,0,83,44,3.76,45.95,3.79,1017.8,81,24.5,21.2,1.2,22.1
"2026-06-20 03:15:00",344,41.37751,2.217086,0,90,45,4.44,46.95,4.58,1017.9,80,24.4,20.9,1.2,21.9
"2026-06-20 03:30:00",345,41.37748,2.217199,1,92,32,4.24,33.95,4.22,1017.9,80,24.5,20.9,1.2,21.9
"2026-06-20 03:45:00",346,41.3774,2.217283,0,99,47,4.45,48.95,4.17,1017.8,78,24.5,20.4,1.2,21.6
"2026-06-20 04:00:00",347,41.37738,2.217313,2,74,356,2.79,358,2.85,1017.8,76,24.3,19.8,1.2,21.1
"2026-06-20 04:15:00",348,41.37734,2.217333,3,71,6,2.61,7.95,2.65,1017.8,74,24,19.3,1.2,20.7
"2026-06-20 04:30:00",349,41.37729,2.217338,2,90,340,3.15,342,3.08,1017.7,75,24.1,19.5,1.2,20.9
"2026-06-20 04:45:00",350,41.37723,2.217375,3,104,341,3.62,343,3.6,1017.7,74,24,19.1,1.2,20.5
"2026-06-20 05:00:00",351,41.37717,2.217372,4,98,343,3,345,2.9,1017.9,73,23.9,18.9,1.2,20.4
"2026-06-20 05:15:00",352,41.37717,2.217358,4,100,352,3.43,354,3.68,1017.7,72,23.7,18.5,1.2,20.1
"2026-06-20 05:30:00",353,41.37715,2.217305,4,114,15,2.79,16.95,2.98,1017.7,73,23.9,18.9,1.2,20.4
"2026-06-20 05:45:00",354,41.37719,2.217345,2,95,349,2.6,351,2.88,1018.1,74,23.9,19,1.2,20.5
"2026-06-20 06:00:00",355,41.37728,2.21734,2,111,354,2.19,356,2.14,1018.2,74,23.9,19.1,1.2,20.6
"2026-06-20 06:15:00",356,41.37734,2.217298,2,90,347,3.43,349,3.47,1018.3,73,23.9,18.8,1.2,20.3
"2026-06-20 06:30:00",357,41.37738,2.217273,5,84,351,3.44,353,3.48,1018.4,75,24,19.3,1.2,20.7
"2026-06-20 06:45:00",358,41.37743,2.217263,5,72,352,3.33,354,3.68,1018.6,72,23.9,18.7,1.2,20.3
"2026-06-20 07:00:00",359,41.37744,2.217248,4,55,339,2.33,341,2.16,1018.8,73,23.8,18.8,1.2,20.3
"2026-06-20 07:15:00",360,41.37743,2.217251,5,100,6,2.75,7.95,2.97,1019,70,23.8,18,1.2,19.8
"2026-06-20 07:30:00",361,41.3774,2.217291,5,106,352,2.96,354,2.91,1019,69,23.7,17.7,1.2,19.6
"2026-06-20 07:45:00",362,41.37733,2.217351,5,98,337,4.24,339,4.12,1019.1,69,23.6,17.6,1.2,19.5
"2026-06-20 08:00:00",363,41.3773,2.217363,6,96,337,3.59,339,3.83,1019.1,69,23.7,17.8,1.2,19.7
"2026-06-20 08:15:00",364,41.37731,2.217363,6,98,332,3.25,334,3.18,1019.2,68,24,17.9,1.2,19.8
"2026-06-20 08:30:00",365,41.37734,2.217351,5,98,335,4.32,337,4.08,1019.4,67,24.1,17.6,1.2,19.7
"2026-06-20 08:45:00",366,41.37746,2.217281,3,78,336,3.42,338,3.36,1019.3,69,24.3,18.3,1.2,20.2
"2026-06-20 09:00:00",367,41.3775,2.217199,3,90,9,2.78,10.95,2.65,1019.6,69,24.7,18.7,1.2,20.5
"2026-06-20 09:15:00",368,41.37756,2.217045,3,103,21,3.71,22.95,3.62,1019.7,67,24.9,18.4,1.2,20.4
"2026-06-20 09:30:00",369,41.37757,2.216967,3,88,21,2.77,22.95,2.49,1019.8,72,25,19.7,1.2,21.3
"2026-06-20 09:45:00",370,41.37757,2.216978,2,100,63,3.01,64.95,2.98,1020,74,25.2,20.3,1.2,21.8
"2026-06-20 10:00:00",371,41.37757,2.216943,1,118,69,3.14,70.95,2.97,1020.1,76,25.2,20.7,1.2,22
"2026-06-20 10:15:00",372,41.37759,2.216931,0,89,79,2.42,81,2.38,1020.2,75,25.3,20.8,1.2,22.1
"2026-06-20 10:30:00",373,41.37762,2.216836,-1,107,86,2.73,88,2.72,1020.3,75,25.3,20.6,1.2,22
"2026-06-20 10:45:00",374,41.37765,2.216721,0,96,86,2.07,88,2.26,1020.4,76,25.3,20.8,1.2,22.1
"2026-06-20 11:00:00",375,41.3776,2.216963,-1,120,103,2.76,105,2.85,1020.6,74,25.3,20.4,1.2,21.8
"2026-06-20 11:15:00",376,41.37759,2.216934,-1,105,87,3.51,89,3.5,1020.5,75,25.2,20.6,1.2,21.9
"2026-06-20 11:30:00",377,41.3776,2.216846,4,89,78,3.38,79.95,3.3,1020.6,77,25.2,21,1.2,22.2
"2026-06-20 11:45:00",378,41.37758,2.216794,9,79,51,3.03,52.95,3.13,1020.7,76,25.2,20.7,1.2,22
"2026-06-20 12:00:00",379,41.37756,2.216803,3,94,27,3.11,28.95,3.13,1020.7,77,25.1,20.8,1.2,22
"2026-06-20 12:15:00",380,41.37754,2.216738,3,107,70,4,71.95,3.9,1020.8,78,25.2,21.2,1.2,22.3
"2026-06-20 12:30:00",381,41.37755,2.216731,2,91,37,2.55,38.95,2.66,1020.8,77,25.2,21,1.2,22.2
"2026-06-20 12:45:00",382,41.37757,2.216833,4,96,74,2.79,75.95,2.88,1020.9,79,25.3,21.4,1.2,22.5
"2026-06-20 13:00:00",383,41.3776,2.216861,4,105,87,2.78,89,2.72,1021,78,25.2,21.2,1.2,22.3
"2026-06-20 13:15:00",384,41.37761,2.216873,2,99,89,3.7,91,3.7,1021,79,25.2,21.5,1.2,22.5
"2026-06-20 13:30:00",385,41.37761,2.216861,2,102,79,3.95,81,3.89,1021,81,25.2,21.8,1.2,22.7
"2026-06-20 13:45:00",386,41.3776,2.216854,3,115,80,3.53,82,3.57,1021,81,25.2,21.7,1.2,22.7
"2026-06-20 14:00:00",387,41.37762,2.216925,1,104,77,2.58,78.95,2.66,1021,80,25.5,21.8,1.2,22.8
"2026-06-20 14:15:00",388,41.37762,2.216988,1,94,90,2.22,92,2.21,1020.8,81,25.5,22,1.2,23
"2026-06-20 14:30:00",389,41.3776,2.217051,5,92,41,1.43,42.95,1.64,1020.9,80,25.9,22.2,1.2,23.2
"2026-06-20 14:45:00",390,41.37759,2.217085,6,84,43,1.31,44.95,1.31,1020.9,78,25.9,22,1.2,23.1
"2026-06-20 15:00:00",391,41.37758,2.217158,6,93,42,1.52,43.95,1.6,1020.8,77,26.1,21.9,1.2,23
"2026-06-20 15:15:00",392,41.37758,2.217193,7,89,78,2.09,79.95,2.3,1020.7,78,26.2,22.2,1.2,23.3
"2026-06-20 15:30:00",393,41.37758,2.217183,6,97,61,1.86,62.95,1.97,1020.8,76,26.4,21.9,1.2,23.1
"2026-06-20 15:45:00",394,41.37757,2.217138,4,81,64,2.36,65.95,2.4,1020.7,77,26.2,21.9,1.2,23.1
"2026-06-20 16:00:00",395,41.37757,2.217129,1,100,69,2.87,70.95,2.87,1020.8,73,26.6,21.4,1.2,22.9
"2026-06-20 16:15:00",396,41.3776,2.217066,2,89,96,2.03,98,1.94,1020.9,69,26.6,20.6,1.2,22.4
"2026-06-20 16:30:00",397,41.37762,2.216996,0,40,103,2.67,105,2.37,1020.9,75,26.5,21.9,1.2,23.2
"2026-06-20 16:45:00",398,41.37762,2.21707,0,349,65,1.46,66.95,1.49,1021,84,26.3,23.5,1.2,24.2
"2026-06-20 17:00:00",399,41.37762,2.217053,1,69,53,2.33,54.95,2.2,1020.9,85,25.9,23.3,1.2,24
"2026-06-20 17:15:00",400,41.37759,2.217056,4,86,47,2.63,48.95,2.64,1020.8,84,25.9,23.1,1.2,23.8
"2026-06-20 17:30:00",401,41.37758,2.217073,4,81,68,3.22,69.95,3.11,1020.8,80,26,22.4,1.2,23.4
"2026-06-20 17:45:00",402,41.37757,2.217096,6,95,56,3.63,57.95,3.74,1020.6,78,26.2,22.1,1.2,23.2
"2026-06-20 18:00:00",403,41.37756,2.2171,5,112,50,4,51.95,4.17,1020.5,77,26.2,21.8,1.2,23
"2026-06-20 18:15:00",404,41.37756,2.217096,5,103,54,2.81,55.95,2.83,1020.5,75,26.2,21.6,1.2,22.9
"2026-06-20 18:30:00",405,41.37756,2.217096,2,84,40,3.42,41.95,3.45,1020.5,71,26.4,20.8,1.2,22.4
"2026-06-20 18:45:00",406,41.37752,2.217151,1,99,44,3.34,45.95,3.43,1020.3,72,26.4,21,1.2,22.6
"2026-06-20 19:00:00",407,41.37752,2.217123,1,98,35,3.49,36.95,3.34,1020.3,70,26.5,20.7,1.2,22.4
"2026-06-20 19:15:00",408,41.37756,2.217037,4,91,59,3.12,60.95,3.15,1020.4,69,26.6,20.5,1.2,22.3
"2026-06-20 19:30:00",409,41.37759,2.216983,2,73,43,3.08,44.95,3.07,1020.5,70,26.6,20.9,1.2,22.6
"2026-06-20 19:45:00",410,41.37762,2.216995,1,95,48,3.22,49.95,3.26,1020.5,71,26.6,21,1.2,22.6
"2026-06-20 20:00:00",411,41.37762,2.21703,0,92,69,2.58,70.95,2.55,1020.5,70,26.5,20.8,1.2,22.5
"2026-06-20 20:15:00",412,41.3776,2.217081,2,86,58,2.42,59.95,2.36,1020.6,73,26.3,21.1,1.2,22.6
"2026-06-20 20:30:00",413,41.37757,2.217136,3,56,14,1.94,15.95,1.96,1020.8,73,26.4,21.3,1.2,22.8
"2026-06-20 20:45:00",414,41.37757,2.217133,4,61,41,1.6,42.95,1.61,1020.8,74,26.2,21.4,1.2,22.8
"2026-06-20 21:00:00",415,41.37756,2.217151,4,86,75,1.74,76.95,1.74,1020.8,75,26.1,21.4,1.2,22.7
"2026-06-20 21:15:00",416,41.37758,2.217136,2,77,86,1.69,88,1.67,1021,73,26.1,21,1.2,22.4
"2026-06-20 21:30:00",417,41.37759,2.217106,1,90,85,1.42,87,1.25,1021.1,73,26,20.9,1.2,22.4
"2026-06-20 21:45:00",418,41.37759,2.217081,2,97,104,1.62,106,1.5,1021.1,77,25.9,21.7,1.2,22.8
"2026-06-20 22:00:00",419,41.37759,2.217081,3,82,85,1.28,87,1.33,1021.3,76,25.9,21.5,1.2,22.7
"2026-06-20 22:15:00",420,41.37757,2.217125,3,74,65,2.05,66.95,2.1,1021.2,79,25.7,21.8,1.2,22.9
"2026-06-20 22:30:00",421,41.37759,2.217103,3,94,83,2.26,85,2.43,1021.3,78,25.6,21.6,1.2,22.7
"2026-06-20 22:45:00",422,41.37762,2.217056,3,92,92,3.35,94,3.3,1021.2,77,25.7,21.5,1.2,22.6
"2026-06-20 23:00:00",423,41.37762,2.217095,5,83,85,1.9,87,1.91,1021.5,76,25.9,21.3,1.2,22.6
"2026-06-20 23:15:00",424,41.37758,2.217151,1,81,91,1.71,93,1.67,1021.6,78,25.7,21.7,1.2,22.8
"2026-06-20 23:30:00",425,41.37755,2.217205,1,34,30,1.51,31.95,1.52,1021.8,79,25.6,21.8,1.2,22.9
"2026-06-20 23:45:00",426,41.37755,2.217203,2,295,342,0.33,344,0.28,1021.9,81,25.6,22.2,1.2,23.1
"2026-06-21 00:00:00",427,41.37756,2.217213,3,24,26,1.13,27.95,1.07,1022,81,25.5,22.1,1.2,23
"2026-06-21 00:15:00",428,41.37755,2.217224,3,41,59,1.32,60.95,1.34,1022,83,25.5,22.4,1.2,23.2
"2026-06-21 00:30:00",429,41.37754,2.217228,4,350,32,1.01,33.95,0.93,1022.1,83,25.4,22.4,1.2,23.2
"2026-06-21 00:45:00",430,41.37756,2.217188,4,81,72,2,73.95,2.03,1021.7,84,25.4,22.6,1.2,23.3
"2026-06-21 01:00:00",431,41.37756,2.217196,4,32,29,2.16,30.95,2.16,1021.9,78,25.5,21.4,1.2,22.6
"2026-06-21 01:15:00",432,41.37758,2.217229,2,71,54,2.8,55.95,2.78,1021.7,80,25.4,21.8,1.2,22.8
"2026-06-21 01:30:00",433,41.37751,2.217198,11,60,45,2.72,46.95,2.66,1021.7,75,25.8,21.1,1.2,22.5
"2026-06-21 01:45:00",434,41.37753,2.21722,6,37,28,1.59,29.95,1.72,1021.6,74,25.9,21,1.2,22.4
"2026-06-21 02:00:00",435,100,1000,7999,358,341,1000,"NAN",1.66,1022,68,25.9,19.6,1.2,21.5
"2026-06-21 02:15:00",436,100,1000,7999,67,0,1000,"NAN",1.75,1021.9,64,26.2,18.9,1.2,21.2
"2026-06-21 02:30:00",437,100,1000,7999,86,9,1000,"NAN",3.34,1021.7,62,26.2,18.5,1.2,20.9
"2026-06-21 02:45:00",438,41.37745,2.21729,4,97,350,4.61,352,4.67,1021.7,57,26.2,17.3,1.2,20.3
"2026-06-21 03:00:00",439,41.37739,2.217354,4,103,0,4.1,1.95,4,1021.6,56,26.4,16.9,1.2,20.1
"2026-06-21 03:15:00",440,41.37748,2.21729,2,84,343,3.05,345,2.84,1021.5,59,25.9,17.5,1.2,20.3
"2026-06-21 03:30:00",441,41.37749,2.217258,1,79,13,2.62,14.95,2.64,1021.5,62,25.9,18.2,1.2,20.7
"2026-06-21 03:45:00",442,41.37752,2.217224,1,49,9,2.1,10.95,2.22,1021.5,66,25.8,19,1.2,21.1
"2026-06-21 04:00:00",443,41.37751,2.217229,3,70,0,1.98,1.95,1.98,1021.6,62,25.9,18.1,1.2,20.6
"2026-06-21 04:15:00",444,41.37752,2.217228,3,27,339,2.98,341,2.7,1021.6,61,25.9,17.8,1.2,20.4
"2026-06-21 04:30:00",445,41.37756,2.217203,3,47,17,1.63,18.95,1.42,1021.6,59,25.8,17.2,1.2,20.1
"2026-06-21 04:45:00",446,41.37751,2.217206,4,86,359,3.29,0.95,3.47,1021.5,59,25.7,17.1,1.2,20
"2026-06-21 05:00:00",447,41.37745,2.217303,4,105,348,3.47,350,3.55,1021.5,57,25.7,16.7,1.2,19.8
"2026-06-21 05:15:00",448,41.37743,2.217306,5,92,351,3.96,353,3.53,1021.5,59,25.3,16.8,1.2,19.7
"2026-06-21 05:30:00",449,41.37746,2.217288,4,93,328,4.56,330,4.39,1021.8,57,25.2,16.3,1.2,19.4
"2026-06-21 05:45:00",450,41.37748,2.21728,1,71,323,3.08,325,2.9,1022,55,25.2,15.7,1.2,19
"2026-06-21 06:00:00",451,41.3775,2.217241,1,89,330,3.2,332,3.2,1022,56,25.3,16.1,1.2,19.3
"2026-06-21 06:15:00",452,41.37749,2.21726,0,87,345,2.99,347,3.03,1022.2,57,25.3,16.3,1.2,19.4
"2026-06-21 06:30:00",453,41.37749,2.21726,5,80,339,3.69,341,3.58,1022.3,56,25.2,15.8,1.2,19.1
"2026-06-21 06:45:00",454,41.37746,2.217276,7,93,335,3.55,337,3.22,1022.4,55,25,15.5,1.2,18.8
"2026-06-21 07:00:00",455,41.37746,2.217306,5,75,326,2.27,328,2.5,1022.5,55,25.1,15.6,1.2,18.9
"2026-06-21 07:15:00",456,41.37745,2.217315,5,67,331,4.13,333,4.34,1022.6,58,25.2,16.5,1.2,19.5
"2026-06-21 07:30:00",457,41.37748,2.217312,3,27,333,2.3,335,2.38,1022.8,55,25.4,15.9,1.2,19.2
"2026-06-21 07:45:00",458,41.37751,2.217281,3,353,354,1.09,356,1.36,1022.8,62,25.9,18,1.2,20.6
"2026-06-21 08:00:00",459,41.37752,2.217261,3,22,15,1.23,16.95,1.4,1022.8,63,25.9,18.4,1.2,20.8
"2026-06-21 08:15:00",460,41.37751,2.217266,5,50,3,2.58,4.95,2.61,1022.8,60,25.9,17.6,1.2,20.3
"2026-06-21 08:30:00",461,41.37746,2.2173,4,72,6,2.15,7.95,2.34,1022.8,60,25.9,17.7,1.2,20.4
"2026-06-21 08:45:00",462,41.37748,2.217268,2,81,3,2.45,4.95,2.36,1022.9,60,26,17.8,1.2,20.5
"2026-06-21 09:00:00",463,41.37746,2.21728,5,88,351,2.37,353,2.16,1023.2,60,26.2,17.9,1.2,20.6
"2026-06-21 09:15:00",464,41.37752,2.21724,4,64,358,2.29,360,2.18,1023.1,60,26.3,17.9,1.2,20.6
"2026-06-21 09:30:00",465,41.37755,2.21719,4,74,14,2.41,15.95,2.49,1023.2,60,26.3,18.1,1.2,20.8
"2026-06-21 09:45:00",466,41.37756,2.21718,3,91,78,0.78,79.95,0.79,1023.3,70,26.6,20.8,1.2,22.5
"2026-06-21 10:00:00",467,41.37756,2.217175,3,82,60,1.54,61.95,1.51,1023.3,68,26.7,20.3,1.2,22.2
"2026-06-21 10:15:00",468,41.37756,2.217168,2,64,35,1.97,36.95,1.89,1023.1,66,26.7,20,1.2,22.1
"2026-06-21 10:30:00",469,41.37758,2.217141,2,61,50,1.16,51.95,1.17,1023.2,65,27,20,1.2,22.1
"2026-06-21 10:45:00",470,41.37759,2.217121,3,78,66,1.75,67.95,1.8,1023.1,68,26.7,20.3,1.2,22.2
"2026-06-21 11:00:00",471,41.37759,2.217105,3,97,87,2.36,89,2.37,1023,66,26.5,19.7,1.2,21.8
"2026-06-21 11:15:00",472,41.37761,2.217098,5,72,83,1.57,85,1.63,1023,72,26.3,21,1.2,22.5
"2026-06-21 11:30:00",473,41.37761,2.217074,4,74,77,2.13,78.95,2.27,1022.9,74,26.2,21.2,1.2,22.6
"2026-06-21 11:45:00",474,41.37761,2.217046,2,60,112,2.11,114,1.99,1023,74,26.2,21.4,1.2,22.7
"2026-06-21 12:00:00",475,41.3776,2.217051,1,57,115,2.35,117,2.27,1022.9,73,26.2,21,1.2,22.5
"2026-06-21 12:15:00",476,41.37761,2.217015,1,56,106,1.78,108,1.89,1022.9,73,26.3,21.2,1.2,22.7
"2026-06-21 12:30:00",477,41.37761,2.217032,1,61,115,2.16,117,2.29,1022.9,73,26.5,21.4,1.2,22.8
"2026-06-21 12:45:00",478,41.37761,2.217007,3,60,122,2.32,124,2.56,1022.8,72,26.6,21.2,1.2,22.7
"2026-06-21 13:00:00",479,41.37759,2.21703,6,53,128,2.44,130,2.34,1022.9,73,26.6,21.5,1.2,22.9
"2026-06-21 13:15:00",480,41.37759,2.217048,7,59,131,2.72,133,2.68,1023,76,26.4,21.9,1.2,23.2
"2026-06-21 13:30:00",481,41.3776,2.21699,13,82,138,3.71,140,3.73,1022.9,74,26.3,21.4,1.2,22.8
"2026-06-21 13:45:00",482,41.37761,2.216984,6,54,126,2.57,128,2.36,1023,74,26.3,21.3,1.2,22.7
"2026-06-21 14:00:00",483,41.37762,2.216955,12,75,133,2.71,135,2.89,1022.9,72,26.2,20.9,1.2,22.4
"2026-06-21 14:15:00",484,100,1000,7999,77,133,1000,"NAN",3.23,1023,75,26.2,21.4,1.2,22.8
"2026-06-21 14:30:00",485,41.37762,2.216903,4,65,114,3.06,116,3.46,1023,77,26,21.7,1.2,22.9
"2026-06-21 14:45:00",486,41.37765,2.216866,4,89,119,2.86,121,2.98,1023.1,74,25.9,21.1,1.2,22.5
"2026-06-21 15:00:00",487,41.37764,2.216838,4,61,126,4.64,128,4.51,1023.1,77,25.9,21.6,1.2,22.8
"2026-06-21 15:15:00",488,41.37764,2.216822,10,84,103,4.04,105,4.15,1023.2,78,25.9,21.8,1.2,22.9
"2026-06-21 15:30:00",489,41.37764,2.216905,18,84,108,3.32,110,3.8,1023.1,81,25.9,22.3,1.2,23.3
"2026-06-21 15:45:00",490,41.37762,2.216813,5,99,105,3.84,107,3.93,1023.1,81,25.8,22.4,1.2,23.3
"2026-06-21 16:00:00",491,41.37762,2.21696,-3,111,94,2.85,96,3.04,1023.1,82,25.8,22.6,1.2,23.5
"2026-06-21 16:15:00",492,41.37762,2.216975,-1,70,87,2.92,89,2.9,1023.1,82,25.9,22.6,1.2,23.5
"2026-06-21 16:30:00",493,41.37762,2.217056,-5,92,84,2.37,86,1.94,1023,84,25.9,23,1.2,23.8
"2026-06-21 16:45:00",494,41.37765,2.217078,-6,100,85,2.63,87,2.41,1022.9,83,25.9,22.8,1.2,23.6
"2026-06-21 17:00:00",495,41.3776,2.217106,1,63,112,2.58,114,2.69,1022.9,82,25.9,22.7,1.2,23.5
"2026-06-21 17:15:00",496,41.37761,2.217076,5,86,100,2.97,102,2.8,1022.9,85,25.9,23.3,1.2,24
"2026-06-21 17:30:00",497,41.3776,2.217103,6,82,113,2.52,115,2.49,1022.7,84,25.9,23.1,1.2,23.8
"2026-06-21 17:45:00",498,41.37758,2.217141,5,81,93,2.48,95,2.49,1022.6,84,25.9,23.1,1.2,23.8
"2026-06-21 18:00:00",499,41.37757,2.217163,3,87,80,2.25,82,2.25,1022.5,84,25.9,23,1.2,23.8
"2026-06-21 18:15:00",500,41.37757,2.217151,7,90,71,2.13,72.95,2.18,1022.4,83,26.1,23.1,1.2,23.9
"2026-06-21 18:30:00",501,41.37758,2.217141,-2,91,71,1.82,72.95,1.82,1022.3,83,26.1,23.1,1.2,23.9
"2026-06-21 18:45:00",502,41.37757,2.21714,-1,92,71,3.56,72.95,3.59,1022.3,80,26,22.4,1.2,23.4
"2026-06-21 19:00:00",503,41.37757,2.217159,0,78,93,1.92,95,1.91,1022.3,79,26.2,22.4,1.2,23.4
"2026-06-21 19:15:00",504,41.37759,2.217121,3,84,98,1.7,100,1.82,1022.3,80,26.2,22.7,1.2,23.6
"2026-06-21 19:30:00",505,41.37759,2.217138,2,62,81,1.61,83,1.73,1022.4,80,26.3,22.6,1.2,23.6
"2026-06-21 19:45:00",506,41.37762,2.217106,3,94,96,2.14,98,2.22,1022.5,80,26.2,22.7,1.2,23.6
"2026-06-21 20:00:00",507,41.37761,2.217113,2,97,88,1.38,90,1.48,1022.5,76,26.4,22,1.2,23.2
"2026-06-21 20:15:00",508,41.3776,2.21715,2,76,75,1.33,76.95,1.52,1022.5,80,26.2,22.7,1.2,23.6
"2026-06-21 20:30:00",509,41.37759,2.217162,1,78,90,1.85,92,2.04,1022.6,78,26.2,22.1,1.2,23.2
"2026-06-21 20:45:00",510,41.3776,2.217153,3,64,55,1.72,56.95,1.84,1022.8,78,26.2,22.2,1.2,23.3
"2026-06-21 21:00:00",511,41.37759,2.217162,3,64,61,1.97,62.95,2.04,1022.9,79,26.1,22.3,1.2,23.3
"2026-06-21 21:15:00",512,41.37757,2.217182,1,67,58,1.18,59.95,1.4,1022.8,77,26.1,22,1.2,23.1
"2026-06-21 21:30:00",513,41.37759,2.217168,3,288,35,1.16,36.95,1.37,1022.8,78,26.1,22,1.2,23.1
"2026-06-21 21:45:00",514,41.37758,2.217178,1,11,185,0.31,187,0.18,1022.7,73,26.3,21.2,1.2,22.7
"2026-06-21 22:00:00",515,41.37757,2.217199,1,75,186,1.86,188,1.7,1022.7,71,26.4,20.7,1.2,22.4
"2026-06-21 22:15:00",516,41.37756,2.217231,2,81,203,0.88,205,0.76,1022.7,76,26.3,21.7,1.2,23
"2026-06-21 22:30:00",517,41.37756,2.217235,2,70,184,2.23,186,2.23,1022.6,81,26.1,22.6,1.2,23.6
"2026-06-21 22:45:00",518,41.37756,2.217216,2,75,189,2.07,191,2.04,1022.5,80,25.9,22.2,1.2,23.2
"2026-06-21 23:00:00",519,41.37756,2.217215,2,83,202,2.93,204,2.76,1022.6,81,25.9,22.4,1.2,23.4
"2026-06-21 23:15:00",520,41.37759,2.217168,4,83,191,3.35,193,3.15,1022.5,83,25.9,22.9,1.2,23.7
"2026-06-21 23:30:00",521,41.37759,2.21718,5,75,193,2.02,195,1.85,1022.4,79,25.9,22.1,1.2,23.2
"2026-06-21 23:45:00",522,41.37757,2.217175,4,77,195,0.61,197,0.58,1022.6,81,25.9,22.4,1.2,23.4
"2026-06-22 00:00:00",523,41.37758,2.217165,6,87,203,1.95,205,1.77,1022.5,81,25.9,22.5,1.2,23.4
"2026-06-22 00:15:00",524,41.37756,2.217175,6,70,182,1.76,184,1.72,1022.2,83,25.7,22.6,1.2,23.4
"2026-06-22 00:30:00",525,41.37756,2.217183,8,61,178,1.36,180,1.26,1022.3,82,25.7,22.5,1.2,23.3
"2026-06-22 00:45:00",526,41.37756,2.217205,9,67,183,1.01,185,0.99,1022.2,83,25.5,22.5,1.2,23.3
"2026-06-22 01:00:00",527,41.37755,2.217226,9,93,232,1.03,234,0.89,1022.2,84,25.5,22.7,1.2,23.4
"2026-06-22 01:15:00",528,41.37754,2.217203,10,85,216,1.27,218,1.32,1022.1,81,25.6,22.1,1.2,23.1
"2026-06-22 01:30:00",529,41.37751,2.217273,7,59,186,1.27,188,1.31,1022,78,25.8,21.7,1.2,22.9
"2026-06-22 01:45:00",530,41.37753,2.217271,2,2,59,0.17,60.95,0.39,1021.7,79,25.8,22,1.2,23
"2026-06-22 02:00:00",531,41.37753,2.217247,7,273,41,0.85,42.95,0.91,1021.7,80,25.7,22,1.2,23
"2026-06-22 02:15:00",532,100,1000,7999,333,93,1000,"NAN",1.09,1021.7,78,25.6,21.6,1.2,22.7
"2026-06-22 02:30:00",533,100,1000,7999,74,199,1000,"NAN",0.78,1021.5,74,25.7,20.7,1.2,22.1
"2026-06-22 02:45:00",534,100,1000,7999,78,193,1000,"NAN",1.8,1021.5,83,25.6,22.5,1.2,23.3
"2026-06-22 03:00:00",535,100,1000,7999,72,177,1000,"NAN",2.03,1021.4,79,25.7,21.8,1.2,22.9
"2026-06-22 03:15:00",536,41.37758,2.217128,2,89,189,2.84,191,2.65,1021.4,83,25.5,22.6,1.2,23.4
"2026-06-22 03:30:00",537,41.37757,2.21715,2,98,201,2.68,203,2.67,1021.3,75,25.6,20.9,1.2,22.3
"2026-06-22 03:45:00",538,41.37758,2.21715,2,101,205,2.36,207,2.24,1021.2,77,25.6,21.3,1.2,22.5
"2026-06-22 04:00:00",539,41.37758,2.217143,1,120,229,1.17,231,1.03,1021.1,70,25.6,19.9,1.2,21.6
"2026-06-22 04:15:00",540,41.37759,2.217108,1,337,48,2.18,49.95,2.32,1021.1,79,25.6,21.7,1.2,22.8
"2026-06-22 04:30:00",541,41.37758,2.217098,1,66,37,3.09,38.95,3.15,1020.9,83,25.3,22.4,1.2,23.2
"2026-06-22 04:45:00",542,41.37757,2.217131,2,44,2,2.48,3.95,2.67,1020.7,76,25.2,20.7,1.2,22
"2026-06-22 05:00:00",543,41.37756,2.217165,3,31,334,1.64,336,1.77,1020.6,62,25.2,17.6,1.2,20
"2026-06-22 05:15:00",544,41.37756,2.217163,2,352,336,1.11,338,1.26,1020.6,61,25.4,17.4,1.2,20.1
"2026-06-22 05:30:00",545,41.37756,2.21714,5,256,0,0.31,1.95,0.39,1020.6,58,25.3,16.6,1.2,19.6
"2026-06-22 05:45:00",546,41.37756,2.217126,7,122,217,1.27,219,1.13,1020.5,60,25.3,17,1.2,19.8
"2026-06-22 06:00:00",547,41.37756,2.217125,7,119,216,0.85,218,0.79,1020.5,64,25.2,18.1,1.2,20.4
"2026-06-22 06:15:00",548,41.37756,2.217155,7,115,213,0.69,215,0.61,1020.6,73,25.3,20.3,1.2,21.8
"2026-06-22 06:30:00",549,41.37756,2.217153,6,133,225,0.84,227,0.73,1020.5,77,25.3,21.1,1.2,22.3
"2026-06-22 06:45:00",550,41.37757,2.21714,4,158,256,0.9,258,0.9,1020.3,80,25.1,21.5,1.2,22.5
"2026-06-22 07:00:00",551,41.37757,2.217138,4,244,348,1.11,350,1.11,1020.3,76,25.1,20.6,1.2,21.9
"2026-06-22 07:15:00",552,41.37756,2.217155,4,324,62,0.57,63.95,0.63,1020.3,70,25.2,19.4,1.2,21.2
"2026-06-22 07:30:00",553,41.37756,2.217163,4,104,213,1.75,215,1.75,1020.4,69,24.9,19,1.2,20.8
"2026-06-22 07:45:00",554,41.37757,2.217146,4,88,204,0.8,206,0.85,1020.3,68,25.3,19.1,1.2,21
"2026-06-22 08:00:00",555,41.37757,2.217163,6,97,208,1.06,210,1.06,1020.3,65,25.3,18.5,1.2,20.7
"2026-06-22 08:15:00",556,41.37756,2.217166,2,24,133,0.77,135,0.77,1020.3,65,25.9,18.9,1.2,21.1
"2026-06-22 08:30:00",557,41.37756,2.217128,-5,336,68,1.4,69.95,1.5,1020.3,71,25.7,20.1,1.2,21.8
"2026-06-22 08:45:00",558,41.37759,2.217115,1,99,97,1.88,99,2.11,1020.4,74,25.4,20.6,1.2,22
"2026-06-22 09:00:00",559,41.3776,2.217115,5,88,131,2.13,133,2.13,1020.5,70,25.4,19.6,1.2,21.4
"2026-06-22 09:15:00",560,41.37759,2.217113,3,64,153,2.06,155,2.07,1020.5,68,25.4,19.2,1.2,21.1
"2026-06-22 09:30:00",561,41.37759,2.217113,3,88,184,1.78,186,1.78,1020.4,67,25.4,19,1.2,21
"2026-06-22 09:45:00",562,41.3776,2.217098,3,101,198,1.38,200,1.4,1020.4,67,25.7,19.3,1.2,21.3
"2026-06-22 10:00:00",563,41.3776,2.217103,3,169,271,0.26,273,0.26,1020.4,64,26.7,19.4,1.2,21.7
"2026-06-22 10:15:00",564,41.37759,2.21711,3,49,142,0.27,144,0.27,1020.2,60,27.5,19.2,1.2,21.8
"2026-06-22 10:30:00",565,41.37759,2.217118,3,12,112,0.95,114,0.97,1020.2,60,28,19.6,1.2,22.3
"2026-06-22 10:45:00",566,41.3776,2.217105,4,28,53,2.19,54.95,2.21,1020,70,26.5,20.6,1.2,22.3
"2026-06-22 11:00:00",567,41.37762,2.217093,3,85,67,3.44,68.95,3.51,1020.1,77,25.9,21.7,1.2,22.9
"2026-06-22 11:15:00",568,41.37762,2.217037,4,89,78,3.31,79.95,3.31,1020.2,80,25.7,22.1,1.2,23.1
"2026-06-22 11:30:00",569,41.37761,2.217074,4,76,66,3.1,67.95,3,1020.3,81,25.6,22.3,1.2,23.2
"2026-06-22 11:45:00",570,41.37761,2.217115,3,95,86,3.4,88,3.3,1020.4,79,25.6,21.7,1.2,22.8
"2026-06-22 12:00:00",571,41.37762,2.217134,1,82,86,2.78,88,2.71,1020.4,77,25.9,21.6,1.2,22.8
"2026-06-22 12:15:00",572,41.37762,2.21715,1,83,93,2.84,95,2.86,1020.4,79,25.9,22,1.2,23.1
"2026-06-22 12:30:00",573,41.37764,2.21711,1,65,114,2.52,116,2.57,1020.5,83,25.9,22.9,1.2,23.7
"2026-06-22 12:45:00",574,41.3776,2.217173,1,89,144,2.38,146,2.61,1020.6,81,26.3,22.8,1.2,23.7
"2026-06-22 13:00:00",575,41.37759,2.217175,0,90,146,1.97,148,1.97,1020.5,83,26.3,23.2,1.2,24
"2026-06-22 13:15:00",576,41.37759,2.21711,-4,106,164,2.55,166,2.75,1020.4,78,26.3,22.3,1.2,23.4
"2026-06-22 13:30:00",577,41.37768,2.217038,7,97,168,4.66,170,4.89,1020.2,74,26.5,21.4,1.2,22.9
"2026-06-22 13:45:00",578,41.37768,2.217018,11,95,167,5.17,169,5.26,1020.1,72,26.5,21.2,1.2,22.7
"2026-06-22 14:00:00",579,41.37765,2.216999,6,82,156,4.43,158,4.51,1019.9,76,26.6,22,1.2,23.3
"2026-06-22 14:15:00",580,100,1000,7999,94,160,1000,"NAN",4.53,1019.8,76,26.4,22,1.2,23.3
"2026-06-22 14:30:00",581,41.37768,2.217016,4,95,162,3.98,164,4.34,1019.7,78,26.3,22.3,1.2,23.4
"2026-06-22 14:45:00",582,41.37767,2.217041,2,99,173,4.56,175,4.6,1019.6,77,26.4,22.1,1.2,23.3
"2026-06-22 15:00:00",583,41.37764,2.21703,2,82,170,4.14,172,4.49,1019.6,78,26.5,22.4,1.2,23.5
"2026-06-22 15:15:00",584,41.37764,2.217009,3,84,167,4.54,169,4.37,1019.5,78,26.4,22.4,1.2,23.5
"2026-06-22 15:30:00",585,41.37765,2.217068,9,86,175,4.34,177,4.41,1019.6,77,26.5,22.3,1.2,23.5
"2026-06-22 15:45:00",586,41.37765,2.217074,4,73,160,3.44,162,3.62,1019.6,79,26.4,22.5,1.2,23.5
"2026-06-22 16:00:00",587,41.37767,2.217083,7,66,147,3.88,149,4.11,1019.6,79,26.3,22.5,1.2,23.5
"2026-06-22 16:15:00",588,41.37765,2.217083,5,69,158,4.63,160,4.82,1019.4,80,26.3,22.6,1.2,23.6
"2026-06-22 16:30:00",589,41.37768,2.217046,6,60,148,5.24,150,5.19,1019.3,79,26.3,22.5,1.2,23.6
"2026-06-22 16:45:00",590,41.37769,2.216975,11,65,143,5.73,145,5.84,1019.2,81,26.4,22.9,1.2,23.8
"2026-06-22 17:00:00",591,41.37769,2.216945,15,84,144,4.49,146,4.69,1019,81,26.3,22.9,1.2,23.8
"2026-06-22 17:15:00",592,41.37764,2.217011,9,88,145,4.2,147,3.88,1019.1,82,26.3,23.2,1.2,24
"2026-06-22 17:30:00",593,41.37764,2.217016,9,92,141,3.53,143,3.63,1019.1,80,26.3,22.6,1.2,23.6
"2026-06-22 17:45:00",594,41.3776,2.217146,5,337,79,1.73,81,1.73,1019.3,81,26.3,22.9,1.2,23.8
"2026-06-22 18:00:00",595,41.37759,2.217145,5,352,95,1.29,97,1.43,1019.3,77,26.7,22.4,1.2,23.6
"2026-06-22 18:15:00",596,41.3776,2.217128,7,34,126,2.63,128,2.84,1019.1,80,26.4,22.7,1.2,23.7
"2026-06-22 18:30:00",597,41.37759,2.217162,3,45,142,2.14,144,2.32,1019,82,26.3,23.1,1.2,23.9
"2026-06-22 18:45:00",598,41.37759,2.217185,2,56,159,2.42,161,2.47,1018.9,80,26.3,22.6,1.2,23.6
"2026-06-22 19:00:00",599,41.3776,2.217198,14,71,171,2.47,173,2.54,1018.7,81,26.2,22.8,1.2,23.7
"2026-06-22 19:15:00",600,41.37759,2.217162,4,81,176,1.44,178,1.44,1019,81,26.3,22.8,1.2,23.7
"2026-06-22 19:30:00",601,41.37762,2.217125,6,67,166,3.18,168,2.65,1019,81,26.2,22.8,1.2,23.7
"2026-06-22 19:45:00",602,41.3776,2.217141,9,65,154,2.89,156,2.64,1018.8,81,26.1,22.8,1.2,23.6
"2026-06-22 20:00:00",603,41.37762,2.217054,3,90,179,2.95,181,2.86,1019,79,26.3,22.4,1.2,23.4
"2026-06-22 20:15:00",604,41.37762,2.217073,4,86,184,2.41,186,2.47,1019,80,26.2,22.5,1.2,23.5
"2026-06-22 20:30:00",605,41.37762,2.217066,5,82,182,2.23,184,2.22,1018.9,83,25.9,23,1.2,23.8
"2026-06-22 20:45:00",606,41.37762,2.217083,5,84,181,2.64,183,2.64,1018.8,83,25.9,22.8,1.2,23.7
"2026-06-22 21:00:00",607,41.37762,2.217063,5,98,189,2.6,191,2.77,1018.7,82,25.9,22.8,1.2,23.6
"2026-06-22 21:15:00",608,41.3776,2.217091,4,95,198,4.2,200,4.17,1018.6,82,25.9,22.7,1.2,23.6
"2026-06-22 21:30:00",609,41.37761,2.2171,4,100,203,3.08,205,3.07,1018.6,84,25.9,23,1.2,23.8
"2026-06-22 21:45:00",610,41.37762,2.217093,1,89,190,3.72,192,3.68,1018.5,85,25.9,23.3,1.2,23.9
"2026-06-22 22:00:00",611,41.37761,2.217138,2,82,181,2.63,183,2.48,1018.7,84,25.8,23,1.2,23.7
"2026-06-22 22:15:00",612,41.37759,2.21719,4,80,186,3.01,188,2.89,1018.9,85,25.9,23.1,1.2,23.9
"2026-06-22 22:30:00",613,41.3776,2.217178,4,92,201,3.89,203,3.87,1019,87,25.7,23.5,1.2,24
"2026-06-22 22:45:00",614,41.3776,2.217193,5,99,210,3.15,212,3.15,1019.2,88,25.5,23.4,1.2,24
"2026-06-22 23:00:00",615,41.37759,2.217191,5,95,213,3.8,215,3.81,1019.1,88,25.6,23.5,1.2,24
"2026-06-22 23:15:00",616,41.37757,2.21722,8,99,215,3.25,217,3.27,1019,88,25.6,23.6,1.2,24.1
"2026-06-22 23:30:00",617,41.37754,2.217226,-3,94,209,4.27,211,4.27,1018.9,88,25.6,23.5,1.2,24.1
"2026-06-22 23:45:00",618,41.37755,2.217273,4,98,220,4.43,222,4.45,1018.8,81,26.2,22.7,1.2,23.6
"2026-06-23 00:00:00",619,41.37756,2.21722,10,88,207,2.15,209,2.15,1018.8,83,25.9,23,1.2,23.8
"2026-06-23 00:15:00",620,41.37752,2.21727,-6,97,216,2.83,218,2.84,1018.7,85,25.9,23.2,1.2,23.9
"2026-06-23 00:30:00",621,41.37755,2.217258,5,99,227,2.37,229,2.39,1018.8,82,25.9,22.7,1.2,23.5
"2026-06-23 00:45:00",622,41.37752,2.217286,2,102,231,2.8,233,2.88,1018.6,83,25.9,22.8,1.2,23.6
"2026-06-23 01:00:00",623,41.37756,2.217275,-5,101,229,3.51,231,3.57,1018.5,84,25.9,23,1.2,23.8
"2026-06-23 01:15:00",624,41.37757,2.217266,-7,98,227,2.58,229,2.67,1018.3,85,25.8,23.1,1.2,23.8
"2026-06-23 01:30:00",625,41.37748,2.217271,20,95,223,2.62,225,2.72,1018.2,86,25.5,23.2,1.2,23.8
"2026-06-23 01:45:00",626,100,1000,7999,94,228,1000,"NAN",1.94,1018.2,86,25.7,23.2,1.2,23.9
"2026-06-23 02:00:00",627,100,1000,7999,84,215,1000,"NAN",3.16,1018,86,25.5,23.1,1.2,23.8
"2026-06-23 02:15:00",628,100,1000,7999,85,219,1000,"NAN",2.88,1017.9,83,25.7,22.7,1.2,23.5
"2026-06-23 02:30:00",629,100,1000,7999,91,219,1000,"NAN",3,1017.8,86,25.5,23,1.2,23.7
"2026-06-23 02:45:00",630,41.3775,2.217298,9,71,198,1.79,200,1.74,1017.8,89,25.3,23.3,1.2,23.8
"2026-06-23 03:00:00",631,41.37752,2.217283,4,95,217,2.66,219,2.61,1017.7,90,25,23.3,1.2,23.7
"2026-06-23 03:15:00",632,41.37751,2.217293,3,102,225,1.98,227,1.92,1017.6,86,25.2,22.7,1.2,23.4
"2026-06-23 03:30:00",633,41.37752,2.217265,3,101,226,1.54,228,1.54,1017.5,86,25.2,22.7,1.2,23.4
"2026-06-23 03:45:00",634,41.37753,2.217233,3,90,207,0.59,209,0.59,1017.6,86,25.2,22.7,1.2,23.4
"2026-06-23 04:00:00",635,41.37756,2.217201,4,103,210,0.37,212,0.34,1017.6,80,24.8,21.2,1.2,22.2
"2026-06-23 04:15:00",636,41.37759,2.217176,4,121,225,0.42,227,0.42,1017.6,79,24.8,21.1,1.2,22.1
"2026-06-23 04:30:00",637,41.37762,2.217159,5,0,99,0.98,101,0.98,1017.6,79,24.7,20.8,1.2,21.9
"2026-06-23 04:45:00",638,41.37759,2.217165,5,343,86,0.89,88,0.9,1017.5,78,24.6,20.6,1.2,21.7
"2026-06-23 05:00:00",639,41.37756,2.217193,4,220,351,2.66,353,2.66,1017.4,68,25.1,19,1.2,20.9
"2026-06-23 05:15:00",640,41.37753,2.217183,6,251,15,2.7,16.95,2.7,1017.4,72,25.1,19.7,1.2,21.3
"2026-06-23 05:30:00",641,41.37753,2.217159,9,248,10,2.23,11.95,2.35,1017.4,70,24.7,18.9,1.2,20.7
"2026-06-23 05:45:00",642,41.37755,2.217131,7,236,344,1.77,346,1.77,1017.3,66,24.8,18.2,1.2,20.3
"2026-06-23 06:00:00",643,41.37756,2.217146,7,247,2,1.64,3.95,1.64,1017.4,69,24.8,18.8,1.2,20.7
"2026-06-23 06:15:00",644,41.37756,2.21714,4,254,4,1.71,5.95,1.83,1017.4,70,24.7,19.1,1.2,20.8
"2026-06-23 06:30:00",645,41.37756,2.217163,4,254,8,1.88,9.95,1.88,1017.6,64,24.6,17.5,1.2,19.9
"2026-06-23 06:45:00",646,41.37756,2.217123,4,236,338,1.45,340,1.45,1017.6,68,24.9,18.7,1.2,20.6
"2026-06-23 07:00:00",647,41.37755,2.217155,6,115,335,3.24,337,3.24,1017.6,67,24.7,18.3,1.2,20.3
"2026-06-23 07:15:00",648,41.37755,2.21712,7,105,336,2.71,338,2.71,1017.6,69,24.7,18.7,1.2,20.5
"2026-06-23 07:30:00",649,41.37759,2.216975,6,108,334,3.56,336,3.58,1017.4,67,24.7,18.2,1.2,20.3
"2026-06-23 07:45:00",650,41.37758,2.2169,5,91,348,3.13,350,3.27,1017.5,67,25,18.5,1.2,20.6
"2026-06-23 08:00:00",651,41.37757,2.216888,7,104,6,3.05,7.95,3.2,1017.5,66,25.2,18.4,1.2,20.6
"2026-06-23 08:15:00",652,41.37759,2.216878,6,97,25,2.99,26.95,2.99,1017.6,70,25.4,19.6,1.2,21.4
"2026-06-23 08:30:00",653,41.37755,2.216876,4,87,14,2.76,15.95,2.76,1017.7,69,25.4,19.3,1.2,21.2
"2026-06-23 08:45:00",654,41.37772,2.217425,0,88,36,2.85,37.95,2.85,1017.6,68,25.8,19.6,1.2,21.5
"2026-06-23 09:00:00",655,41.37764,2.217248,6,86,42,2.67,43.95,2.67,1017.6,72,25.7,20.4,1.2,22
"2026-06-23 09:15:00",656,41.37759,2.217063,4,84,45,2.23,46.95,2.13,1017.7,79,25.4,21.6,1.2,22.6
"2026-06-23 09:30:00",657,41.37759,2.21707,5,88,46,2.66,47.95,2.66,1017.8,85,25.3,22.8,1.2,23.5
"2026-06-23 09:45:00",658,41.37759,2.217033,5,97,59,3.43,60.95,3.39,1017.8,90,25.1,23.4,1.2,23.8
"2026-06-23 10:00:00",659,41.3776,2.21703,3,94,70,3.21,71.95,3.12,1017.8,91,25,23.5,1.2,23.9
"2026-06-23 10:15:00",660,41.37764,2.216887,1,103,75,4.23,76.95,4.2,1018,91,25,23.5,1.2,23.9
"2026-06-23 10:30:00",661,41.3776,2.217041,1,98,59,2.56,60.95,2.56,1017.9,92,25,23.6,1.2,24
"2026-06-23 10:45:00",662,41.37759,2.217081,0,101,70,2.31,71.95,2.31,1017.9,92,25.1,23.7,1.2,24.1
"2026-06-23 11:00:00",663,41.37762,2.216999,0,111,80,2.65,82,2.57,1017.8,92,25.1,23.8,1.2,24.1
"2026-06-23 11:15:00",664,41.37762,2.216923,5,112,92,2.68,94,2.61,1017.7,92,25.3,23.9,1.2,24.3
"2026-06-23 11:30:00",665,41.37762,2.216893,1,107,106,2.6,108,2.67,1017.8,92,25.1,23.7,1.2,24.1
"2026-06-23 11:45:00",666,41.37762,2.216884,1,112,100,3.06,102,3.07,1017.9,90,25.2,23.6,1.2,24
"2026-06-23 12:00:00",667,41.37762,2.2169,1,116,93,2.22,95,2.23,1017.8,89,25.3,23.5,1.2,24
"2026-06-23 12:15:00",668,41.37764,2.216975,0,104,89,1.85,91,1.9,1017.9,88,25.5,23.4,1.2,23.9
"2026-06-23 12:30:00",669,41.37765,2.217011,0,90,86,1.8,88,1.9,1017.9,87,25.7,23.3,1.2,23.9
"2026-06-23 12:45:00",670,41.37768,2.21699,2,93,77,2.63,78.95,2.82,1017.8,88,25.5,23.3,1.2,23.9
"2026-06-23 13:00:00",671,41.37764,2.217013,1,123,91,2.15,93,2.22,1017.9,86,25.6,23.1,1.2,23.7
"2026-06-23 13:15:00",672,41.37765,2.217032,2,106,97,2.29,99,2.29,1017.8,86,25.4,23,1.2,23.6
"2026-06-23 13:30:00",673,41.37762,2.217073,2,116,112,2.46,114,2.29,1017.8,87,25.6,23.3,1.2,23.9
"2026-06-23 13:45:00",674,41.37762,2.217093,2,116,120,2.12,122,1.96,1017.7,87,25.6,23.4,1.2,24
"2026-06-23 14:00:00",675,41.37764,2.217048,4,62,117,2.08,119,2.02,1017.6,88,25.5,23.4,1.2,24
"2026-06-23 14:15:00",676,41.37764,2.217037,0,54,121,2.77,123,2.68,1017.6,82,25.8,22.5,1.2,23.4
"2026-06-23 14:30:00",677,41.37764,2.216975,3,41,110,2.84,112,2.77,1017.4,81,25.9,22.5,1.2,23.4
"2026-06-23 14:45:00",678,41.37762,2.217005,4,89,106,2.94,108,2.95,1017.4,80,25.9,22.1,1.2,23.2
"2026-06-23 15:00:00",679,41.37762,2.216995,1,5,91,1.59,93,1.55,1017.3,80,25.9,22.4,1.2,23.3
"2026-06-23 15:15:00",680,41.37764,2.216934,2,19,97,2.1,99,2.02,1017.1,82,25.9,22.7,1.2,23.6
"2026-06-23 15:30:00",681,41.37764,2.216936,2,36,111,1.65,113,1.63,1017,83,25.9,22.8,1.2,23.6
"2026-06-23 15:45:00",682,41.37764,2.216936,2,21,93,1.31,95,1.31,1016.9,84,25.9,23,1.2,23.7
"2026-06-23 16:00:00",683,41.37765,2.216946,1,12,90,1.92,92,1.89,1016.8,83,26.1,23.1,1.2,23.9
"2026-06-23 16:15:00",684,41.37769,2.216984,0,357,78,1.67,79.95,1.67,1016.6,83,26.1,23,1.2,23.8
"2026-06-23 16:30:00",685,41.37771,2.216983,-1,4,93,0.9,95,0.9,1016.7,83,26.2,23.2,1.2,24
"2026-06-23 16:45:00",686,41.37764,2.217025,4,10,96,1.49,98,1.49,1016.6,82,26.3,23.2,1.2,24
"2026-06-23 17:00:00",687,41.37767,2.217009,6,358,84,1.87,86,1.88,1016.5,86,26.1,23.6,1.2,24.3
"2026-06-23 17:15:00",688,41.37765,2.216996,5,33,112,2.82,114,2.81,1016.2,86,25.9,23.5,1.2,24.1
"2026-06-23 17:30:00",689,41.37764,2.217041,5,0,87,2.3,89,2.32,1016.2,88,25.9,23.7,1.2,24.3
"2026-06-23 17:45:00",690,41.37764,2.217038,6,5,95,3.23,97,3.23,1016,88,25.7,23.7,1.2,24.2
"2026-06-23 18:00:00",691,41.37762,2.217088,8,29,119,1.95,121,2.14,1016,86,25.9,23.4,1.2,24.1
"2026-06-23 18:15:00",692,41.37761,2.217078,3,8,100,1.77,102,1.78,1016,85,25.9,23.3,1.2,24
"2026-06-23 18:30:00",693,41.37761,2.217076,5,5,96,1.85,98,1.85,1015.8,87,26,23.7,1.2,24.3
"2026-06-23 18:45:00",694,41.37762,2.21704,6,333,57,1.55,58.95,1.59,1015.8,87,25.9,23.7,1.2,24.2
"2026-06-23 19:00:00",695,41.37764,2.217021,5,3,89,1.29,91,1.36,1015.8,88,25.9,23.8,1.2,24.3
"2026-06-23 19:15:00",696,41.37764,2.217043,3,350,80,1.19,82,1.35,1015.8,87,26,23.7,1.2,24.3
"2026-06-23 19:30:00",697,41.37762,2.217038,2,353,91,1.63,93,1.64,1015.8,86,26.1,23.7,1.2,24.3
"2026-06-23 19:45:00",698,41.37762,2.217066,4,344,87,1.59,89,1.84,1015.8,86,26,23.6,1.2,24.3
"2026-06-23 20:00:00",699,41.3776,2.217115,7,337,73,1.72,74.95,1.78,1015.8,87,25.9,23.7,1.2,24.3
"2026-06-23 20:15:00",700,41.37759,2.217178,11,340,83,1.44,85,1.27,1015.9,87,26,23.7,1.2,24.3
"2026-06-23 20:30:00",701,41.37759,2.217224,5,334,124,1.68,126,1.86,1015.9,87,26.1,23.8,1.2,24.4
"2026-06-23 20:45:00",702,41.37754,2.217273,7,320,111,1.74,113,1.65,1015.8,88,25.7,23.8,1.2,24.3
"2026-06-23 21:00:00",703,41.37752,2.217306,7,301,94,1.06,96,0.87,1016,88,25.7,23.6,1.2,24.1
"2026-06-23 21:15:00",704,41.37751,2.217318,7,334,123,0.99,125,0.98,1015.9,88,25.6,23.7,1.2,24.2
"2026-06-23 21:30:00",705,41.37753,2.217298,5,265,54,0.81,55.95,0.5,1015.9,89,25.6,23.6,1.2,24.1
"2026-06-23 21:45:00",706,41.37752,2.21731,5,272,68,1.67,69.95,1.55,1015.9,89,25.5,23.6,1.2,24.1
"2026-06-23 22:00:00",707,41.37752,2.217312,5,253,54,1.59,55.95,1.59,1016.1,89,25.5,23.7,1.2,24.2
"2026-06-23 22:15:00",708,41.37752,2.217301,4,259,53,1.29,54.95,1.23,1016,89,25.5,23.6,1.2,24.1
"2026-06-23 22:30:00",709,41.37755,2.217286,7,240,44,2.14,45.95,1.95,1016.1,90,25.6,23.8,1.2,24.3
"2026-06-23 22:45:00",710,41.37756,2.217273,7,240,43,0.63,44.95,0.48,1016,89,25.5,23.7,1.2,24.1
"2026-06-23 23:00:00",711,41.37755,2.21725,5,248,46,1.12,47.95,1.02,1015.9,90,25.4,23.7,1.2,24.1
"2026-06-23 23:15:00",712,41.37756,2.217218,3,298,89,1.31,91,1.31,1015.8,90,25.4,23.7,1.2,24.2
"2026-06-23 23:30:00",713,41.37756,2.21718,5,347,127,2.55,129,2.55,1015.8,91,25.4,23.8,1.2,24.2
"2026-06-23 23:45:00",714,41.37758,2.217171,6,339,118,1.29,120,1.26,1015.8,90,25.3,23.7,1.2,24.1
"2026-06-24 00:00:00",715,41.37758,2.217151,4,12,155,1.17,157,1.2,1015.9,90,25.4,23.8,1.2,24.2
"2026-06-24 00:15:00",716,41.37758,2.217158,9,23,162,1.5,164,1.6,1015.9,90,25.4,23.7,1.2,24.1
"2026-06-24 00:30:00",717,41.37757,2.217186,8,59,210,1.23,212,1.29,1015.9,90,25.3,23.7,1.2,24.1
"2026-06-24 00:45:00",718,41.37758,2.217199,9,12,162,1,164,1.07,1015.9,90,25.3,23.7,1.2,24.2
"2026-06-24 01:00:00",719,41.37757,2.217203,12,21,168,1.85,170,1.95,1016,91,25.3,23.7,1.2,24.1
"2026-06-24 01:15:00",720,41.37756,2.217218,11,29,180,1.55,182,1.62,1016.1,91,25.3,23.8,1.2,24.2
"2026-06-24 01:30:00",721,41.37756,2.217247,5,24,174,2.21,176,2.34,1016.1,92,25.3,23.9,1.2,24.3
"2026-06-24 01:45:00",722,41.37756,2.217238,6,29,174,2.24,176,2.42,1016.2,91,25.3,23.9,1.2,24.2
"2026-06-24 02:00:00",723,41.37756,2.21725,8,31,184,1.68,186,1.72,1016.2,91,25.3,23.8,1.2,24.2
"2026-06-24 02:15:00",724,41.37755,2.217251,7,33,185,1.79,187,1.79,1016.2,91,25.3,23.9,1.2,24.2
"2026-06-24 02:30:00",725,41.37756,2.217224,4,17,171,1.2,173,1.12,1016,91,25.3,23.9,1.2,24.2
"2026-06-24 02:45:00",726,41.37755,2.217199,4,67,220,0.74,222,0.74,1015.8,91,25.2,23.7,1.2,24.1
"2026-06-24 03:00:00",727,41.37755,2.217191,4,87,234,0.73,236,0.67,1015.8,92,25.2,23.8,1.2,24.2
"2026-06-24 03:15:00",728,41.37753,2.217193,4,89,241,0.33,243,0.31,1015.8,92,25.2,23.8,1.2,24.1
"2026-06-24 03:30:00",729,41.37756,2.217186,4,68,216,0.95,218,0.85,1015.8,92,25.1,23.8,1.2,24.1
"2026-06-24 03:45:00",730,41.37756,2.217158,6,345,137,0.61,139,0.61,1015.7,92,25,23.6,1.2,24
"2026-06-24 04:00:00",731,41.37754,2.217205,2,315,109,1.02,111,1.05,1015.4,91,24.9,23.4,1.2,23.8
"2026-06-24 04:15:00",732,41.37756,2.217183,3,300,92,1.16,94,1.16,1015.4,92,25.1,23.7,1.2,24.1
"2026-06-24 04:30:00",733,41.37756,2.217198,3,308,120,0.33,122,0.35,1015.3,92,24.9,23.7,1.2,24
"2026-06-24 04:45:00",734,41.37753,2.217218,4,205,354,1,356,1,1015.3,92,25,23.7,1.2,24
"2026-06-24 05:00:00",735,41.37754,2.21722,2,196,346,0.17,348,0.17,1015.2,92,24.9,23.6,1.2,24
"2026-06-24 05:15:00",736,41.37752,2.217211,8,306,148,0.21,150,0.19,1015.3,92,24.8,23.6,1.2,23.9
"2026-06-24 05:30:00",737,41.37752,2.217201,8,30,187,1.14,189,1.03,1015.4,93,24.8,23.6,1.2,24
"2026-06-24 05:45:00",738,41.37752,2.217199,7,341,153,0.47,155,0.4,1015.5,93,24.8,23.6,1.2,23.9
"2026-06-24 06:00:00",739,41.37754,2.217211,9,23,175,0.4,177,0.4,1015.4,93,24.7,23.5,1.2,23.8
"2026-06-24 06:15:00",740,41.37756,2.217186,9,75,222,0.78,224,0.78,1015.4,92,24.7,23.4,1.2,23.8
"2026-06-24 06:30:00",741,41.37756,2.217165,6,90,237,1.23,239,1.23,1015.5,93,24.6,23.5,1.2,23.8
"2026-06-24 06:45:00",742,41.37756,2.217155,2,296,83,0.28,85,0.28,1015.6,93,24.7,23.5,1.2,23.9
"2026-06-24 07:00:00",743,41.37759,2.21709,3,245,25,1.9,26.95,1.9,1015.7,89,24.5,22.7,1.2,23.2
"2026-06-24 07:15:00",744,41.37758,2.217134,4,211,351,1.92,353,1.85,1015.6,86,24.7,22.2,1.2,22.9
"2026-06-24 07:30:00",745,41.37759,2.217173,4,208,354,1.56,356,1.56,1015.6,78,24.7,20.7,1.2,21.8
"2026-06-24 07:45:00",746,41.37757,2.21718,6,210,354,1.58,356,1.56,1015.8,77,25.1,20.7,1.2,22
"2026-06-24 08:00:00",747,41.37756,2.217193,6,220,7,0.79,8.95,0.79,1015.8,76,25.6,21.1,1.2,22.4
"2026-06-24 08:15:00",748,41.37757,2.21718,3,240,27,0.61,28.95,0.61,1015.7,75,25.9,21.2,1.2,22.5
"2026-06-24 08:30:00",749,41.37757,2.217185,4,240,33,0.78,34.95,0.78,1015.6,76,26.2,21.8,1.2,23
"2026-06-24 08:45:00",750,41.37756,2.217209,7,213,1,0.23,2.95,0.23,1015.7,74,26.9,22,1.2,23.4
"2026-06-24 09:00:00",751,41.37756,2.217205,6,29,185,1.56,187,1.53,1015.7,77,26.3,22,1.2,23.2
"2026-06-24 09:15:00",752,41.37756,2.217165,5,41,185,1.45,187,1.46,1015.9,78,25.9,21.9,1.2,23
"2026-06-24 09:30:00",753,41.37759,2.217148,3,50,191,1.39,193,1.39,1015.9,85,25.6,23.1,1.2,23.8
"2026-06-24 09:45:00",754,41.3776,2.217143,2,60,201,1.73,203,1.73,1016,88,25.5,23.4,1.2,23.9
"2026-06-24 10:00:00",755,41.3776,2.217159,2,53,193,1.79,195,1.67,1016,88,25.6,23.5,1.2,24.1
"2026-06-24 10:15:00",756,41.3776,2.217151,2,23,166,1.57,168,1.57,1016,89,25.7,23.9,1.2,24.3
"2026-06-24 10:30:00",757,41.3776,2.217146,4,359,141,2.13,143,2.13,1016.1,89,25.8,23.9,1.2,24.4
"2026-06-24 10:45:00",758,41.37761,2.217143,3,3,143,2.26,145,2.26,1016,90,25.9,24.1,1.2,24.6
"2026-06-24 11:00:00",759,41.37762,2.217123,3,3,139,2.56,141,2.51,1016.2,89,25.8,23.8,1.2,24.3
"2026-06-24 11:15:00",760,41.37762,2.217163,1,10,146,2.24,148,2.24,1016.2,88,25.8,23.8,1.2,24.3
"2026-06-24 11:30:00",761,41.37762,2.21711,0,8,144,2.32,146,2.31,1016.2,88,25.9,23.8,1.2,24.3
"2026-06-24 11:45:00",762,41.3776,2.217123,0,6,147,2.14,149,2.14,1016.2,87,25.9,23.6,1.2,24.2
"2026-06-24 12:00:00",763,41.37762,2.217108,0,6,149,2.45,151,2.44,1016.2,87,26,23.7,1.2,24.3
"2026-06-24 12:15:00",764,41.3776,2.21712,1,9,150,2.54,152,2.53,1016.1,87,26.1,23.9,1.2,24.5
"2026-06-24 12:30:00",765,41.3776,2.217111,3,7,147,2.64,149,2.64,1016.2,88,26.3,24.1,1.2,24.7
"2026-06-24 12:45:00",766,41.37759,2.217105,10,18,160,2.95,162,2.95,1016.2,87,26.3,23.9,1.2,24.5
"2026-06-24 13:00:00",767,41.37759,2.217091,9,10,152,2.72,154,2.72,1016.3,86,26.4,24,1.2,24.6
"2026-06-24 13:15:00",768,41.3776,2.21708,8,29,171,2.47,173,2.47,1016.1,87,26.4,24,1.2,24.6
"2026-06-24 13:30:00",769,41.37762,2.217093,9,31,168,3.04,170,3.04,1016.1,87,26.4,24.3,1.2,24.8
"2026-06-24 13:45:00",770,41.37762,2.217098,8,26,161,2.68,163,2.68,1016.1,86,26.5,24,1.2,24.6
"2026-06-24 14:00:00",771,41.37768,2.217121,2,23,159,2.95,161,2.95,1016,85,26.5,23.9,1.2,24.6
"2026-06-24 14:15:00",772,41.37772,2.217173,2,22,152,2.45,154,2.57,1016,87,26.6,24.4,1.2,24.9
"2026-06-24 14:30:00",773,41.37762,2.217048,11,358,131,2.91,133,2.92,1016.1,86,26.6,24.2,1.2,24.8
"2026-06-24 14:45:00",774,41.37762,2.217085,7,4,146,2.89,148,2.89,1016.1,86,26.8,24.4,1.2,25
"2026-06-24 15:00:00",775,41.37762,2.217126,8,17,157,2.21,159,2.21,1016,86,26.7,24.2,1.2,24.9
"2026-06-24 15:15:00",776,41.37764,2.217151,5,26,147,1.4,149,1.46,1015.9,86,26.7,24.3,1.2,24.9
"2026-06-24 15:30:00",777,41.37762,2.217176,5,23,163,2.12,165,2.12,1016,85,26.8,24.1,1.2,24.8
"2026-06-24 15:45:00",778,41.37761,2.217209,2,359,146,2.36,148,2.36,1015.8,83,26.9,23.8,1.2,24.6
"2026-06-24 16:00:00",779,41.37762,2.217228,3,2,146,2.67,148,2.69,1015.8,85,27,24.4,1.2,25
"2026-06-24 16:15:00",780,41.37762,2.21725,3,3,150,2.63,152,2.64,1015.7,86,27.1,24.6,1.2,25.3
"2026-06-24 16:30:00",781,41.37762,2.217266,2,17,165,3.27,167,3.27,1015.6,84,27,24.3,1.2,25
"2026-06-24 16:45:00",782,41.37769,2.217248,-4,20,167,3.31,169,3.46,1015.5,81,27,23.5,1.2,24.4
"2026-06-24 17:00:00",783,41.37762,2.21729,6,27,177,3.46,179,3.79,1015.4,81,27.2,23.8,1.2,24.7
"2026-06-24 17:15:00",784,41.37758,2.217278,6,35,181,4.04,183,4.07,1015.3,79,27,23.2,1.2,24.2
"2026-06-24 17:30:00",785,41.37756,2.217273,8,31,183,2.83,185,2.96,1015.2,81,27.2,23.7,1.2,24.6
"2026-06-24 17:45:00",786,41.37756,2.217236,12,29,179,3.46,181,3.57,1015,74,27.2,22.2,1.2,23.6
"2026-06-24 18:00:00",787,41.37757,2.217275,0,36,187,2.4,189,2.5,1014.9,79,27.2,23.3,1.2,24.4
"2026-06-24 18:15:00",788,41.37757,2.217251,-2,39,188,4.06,190,4.09,1015,76,27.1,22.6,1.2,23.8
"2026-06-24 18:30:00",789,41.37757,2.21725,-1,36,187,3.16,189,3.35,1014.9,80,27.2,23.5,1.2,24.5
"2026-06-24 18:45:00",790,41.37758,2.217241,0,31,181,3.36,183,3.44,1014.9,76,27,22.4,1.2,23.7
"2026-06-24 19:00:00",791,41.3776,2.217221,6,18,169,2.58,171,3.02,1014.9,79,27.2,23.3,1.2,24.4
"2026-06-24 19:15:00",792,41.3776,2.217228,5,27,177,3.37,179,3.37,1014.9,76,27,22.5,1.2,23.8
"2026-06-24 19:30:00",793,41.37762,2.217243,4,36,188,2.39,190,2.39,1015,79,27,23.1,1.2,24.2
"2026-06-24 19:45:00",794,41.37758,2.217288,11,33,190,2.29,192,2.29,1015.1,79,27,23.1,1.2,24.2
"2026-06-24 20:00:00",795,41.37759,2.21717,-3,25,175,1.88,177,1.73,1015.1,80,27,23.3,1.2,24.3
"2026-06-24 20:15:00",796,41.37757,2.217165,-1,34,186,1.76,188,1.75,1015.1,80,27,23.3,1.2,24.3
"2026-06-24 20:30:00",797,41.37757,2.217162,1,19,169,2,171,2,1015,79,27,23.2,1.2,24.2
"2026-06-24 20:45:00",798,41.37756,2.217215,5,3,156,1.1,158,1.01,1015.1,79,27.2,23.4,1.2,24.4
"2026-06-24 21:00:00",799,41.37755,2.21725,6,11,167,1.01,169,1.01,1015.2,81,27,23.5,1.2,24.4
"2026-06-24 21:15:00",800,41.37756,2.217241,6,3,157,1.48,159,1.34,1015.2,83,26.6,23.5,1.2,24.3
"2026-06-24 21:30:00",801,41.37756,2.217248,2,13,168,1.68,170,1.59,1015.1,86,26.4,23.8,1.2,24.5
"2026-06-24 21:45:00",802,41.37753,2.217283,6,15,172,1.72,174,1.6,1015.1,86,26.2,23.8,1.2,24.4
"2026-06-24 22:00:00",803,41.37755,2.217284,4,29,180,2.5,182,2.39,1015.2,86,26.1,23.7,1.2,24.4
"2026-06-24 22:15:00",804,41.37755,2.217295,6,26,187,2.3,189,2.3,1015.3,87,26.2,23.9,1.2,24.5
"2026-06-24 22:30:00",805,41.37757,2.217273,8,30,187,2.72,189,2.66,1015.4,86,26.1,23.7,1.2,24.3
"2026-06-24 22:45:00",806,41.3776,2.217283,13,14,175,2.25,177,2.2,1015.6,87,26.2,23.9,1.2,24.5
"2026-06-24 23:00:00",807,41.37756,2.21724,4,18,174,2.07,176,2.07,1015.7,86,26.1,23.7,1.2,24.3
"2026-06-24 23:15:00",808,41.37754,2.217228,-2,20,181,1.75,183,1.81,1015.8,87,26.1,23.8,1.2,24.4
"2026-06-24 23:30:00",809,41.37755,2.217198,-1,24,181,1.69,183,1.73,1015.9,87,26.1,23.8,1.2,24.4
"2026-06-24 23:45:00",810,41.37756,2.217205,0,43,193,1.82,195,1.83,1015.8,89,25.9,23.9,1.2,24.4
"2026-06-25 00:00:00",811,41.37755,2.217218,0,55,211,2.16,213,2.16,1015.7,90,25.9,24.1,1.2,24.5
"2026-06-25 00:15:00",812,41.37758,2.217203,3,28,181,2.19,183,2.19,1015.7,89,25.9,24,1.2,24.5
"2026-06-25 00:30:00",813,41.3776,2.217186,4,26,173,2.64,175,2.64,1015.7,88,25.9,23.8,1.2,24.3
"2026-06-25 00:45:00",814,41.37764,2.217163,8,21,164,2.54,166,2.54,1015.8,90,26,24.3,1.2,24.7
"2026-06-25 01:00:00",815,41.37825,2.217476,-12,29,158,1.95,160,3.01,1015.7,90,25.8,24.1,1.2,24.5
"2026-06-25 01:15:00",816,41.37759,2.217074,13,42,187,2.43,189,2.45,1015.7,90,25.7,24,1.2,24.4
"2026-06-25 01:30:00",817,41.37762,2.217068,14,52,194,2.91,196,2.94,1015.5,90,25.7,23.9,1.2,24.4
"2026-06-25 01:45:00",818,100,1000,7999,67,221,1000,"NAN",2.72,1015.6,91,25.5,24.1,1.2,24.4
"2026-06-25 02:00:00",819,100,1000,7999,59,213,1000,"NAN",1.72,1015.5,91,25.5,24.1,1.2,24.4
"2026-06-25 02:15:00",820,100,1000,7999,63,219,1000,"NAN",1.76,1015.6,91,25.5,24,1.2,24.4
"2026-06-25 02:30:00",821,41.37759,2.217226,5,31,183,1.74,185,1.74,1015.5,91,25.5,23.9,1.2,24.3
"2026-06-25 02:45:00",822,41.37758,2.217218,3,47,195,2.19,197,2.28,1015.4,90,25.4,23.8,1.2,24.2
"2026-06-25 03:00:00",823,41.37757,2.217238,3,52,202,2.45,204,2.45,1015.3,89,25.4,23.5,1.2,24
"2026-06-25 03:15:00",824,41.37757,2.217231,2,69,223,2.61,225,2.61,1015.3,83,25.6,22.6,1.2,23.4
"2026-06-25 03:30:00",825,41.37758,2.217226,1,59,212,2.36,214,2.49,1015.2,82,25.6,22.4,1.2,23.3
"2026-06-25 03:45:00",826,41.37757,2.217226,4,79,232,1.51,234,1.51,1015.2,82,25.5,22.3,1.2,23.2
"2026-06-25 04:00:00",827,41.37755,2.217245,3,214,8,1.81,9.95,1.81,1015.3,72,25.3,20.1,1.2,21.6
"2026-06-25 04:15:00",828,41.37756,2.217251,4,221,17,0.66,18.95,0.66,1015.3,71,25.4,19.8,1.2,21.5
"2026-06-25 04:30:00",829,41.37757,2.217251,4,160,320,1.2,322,1.2,1015.3,73,25.3,20.2,1.2,21.7
"2026-06-25 04:45:00",830,41.37756,2.217281,4,75,235,1.32,237,1.32,1015.1,74,25.3,20.5,1.2,21.9
"2026-06-25 05:00:00",831,41.37757,2.217291,3,72,239,0.47,241,0.54,1015.2,81,25.4,22,1.2,22.9
"2026-06-25 05:15:00",832,41.37753,2.217238,7,244,39,1.13,40.95,1.13,1015.1,73,25.1,20.1,1.2,21.6
"2026-06-25 05:30:00",833,41.37753,2.217206,8,244,34,1.53,35.95,1.53,1015,75,25.2,20.6,1.2,22
"2026-06-25 05:45:00",834,41.37755,2.217196,9,210,2,1.92,3.95,1.8,1015.1,72,25.1,19.7,1.2,21.3
"2026-06-25 06:00:00",835,41.37757,2.21714,7,217,0,2.24,1.95,2.24,1015,68,24.9,18.7,1.2,20.6
"2026-06-25 06:15:00",836,41.37757,2.217133,6,196,339,2.46,341,2.43,1014.9,70,24.7,18.8,1.2,20.6
"2026-06-25 06:30:00",837,41.37759,2.217123,5,190,331,1.71,333,1.72,1015,73,24.8,19.6,1.2,21.2
"2026-06-25 06:45:00",838,41.37761,2.217116,3,176,320,1.49,322,1.47,1014.9,68,24.8,18.5,1.2,20.5
"2026-06-25 07:00:00",839,41.37761,2.217129,2,211,351,1.25,353,1.25,1014.9,70,25.1,19.4,1.2,21.2
"2026-06-25 07:15:00",840,41.37762,2.217116,2,233,14,1.8,15.95,1.8,1014.8,68,24.9,18.7,1.2,20.7
"2026-06-25 07:30:00",841,41.37762,2.217108,4,223,4,2.58,5.95,2.58,1014.9,69,24.9,19,1.2,20.8
"2026-06-25 07:45:00",842,41.37759,2.217159,4,172,319,1.69,321,1.69,1014.9,68,25.2,18.9,1.2,20.8
"2026-06-25 08:00:00",843,41.37758,2.217182,2,219,7,1.79,8.95,1.79,1015.1,63,25.5,18.2,1.2,20.5
"2026-06-25 08:15:00",844,41.37757,2.217213,1,206,359,2.43,0.95,2.43,1015.1,68,25.7,19.4,1.2,21.3
"2026-06-25 08:30:00",845,41.37756,2.217221,5,211,1,1.69,2.95,1.58,1015.2,63,26.1,18.5,1.2,21
"2026-06-25 08:45:00",846,41.37755,2.217273,6,214,8,1.86,9.95,1.86,1015.3,64,26.2,18.9,1.2,21.2
"2026-06-25 09:00:00",847,41.37755,2.217271,3,206,3,2.16,4.95,2,1015.4,60,26.6,18.2,1.2,21
"2026-06-25 09:15:00",848,41.37755,2.21727,0,248,43,1.41,44.95,1.41,1015.6,74,26.5,21.5,1.2,22.9
"2026-06-25 09:30:00",849,41.37753,2.217268,0,290,88,0.78,90,0.78,1015.7,74,26.3,21.3,1.2,22.7
"2026-06-25 09:45:00",850,41.37753,2.21729,0,309,107,0.97,109,0.97,1015.9,74,26.5,21.6,1.2,23
"2026-06-25 10:00:00",851,41.37755,2.217281,0,358,151,1.72,153,1.72,1015.7,69,26.7,20.7,1.2,22.4
"2026-06-25 10:15:00",852,41.37753,2.217328,0,344,131,1.91,133,1.91,1015.8,73,26.4,21.4,1.2,22.8
"2026-06-25 10:30:00",853,41.37764,2.21694,1,6,150,1.82,152,1.82,1016,76,26.5,21.9,1.2,23.2
"2026-06-25 10:45:00",854,41.37761,2.217101,-1,31,176,1.76,178,1.76,1016,78,26.3,22.4,1.2,23.5
"2026-06-25 11:00:00",855,41.37758,2.217248,-3,18,154,1.86,156,1.8,1016,81,26.5,23.1,1.2,24
"2026-06-25 11:15:00",856,16.6771,58.91606,98,34,222,18.85,224,2.19,1016.1,83,26.2,23.1,1.2,23.9
"2026-06-25 11:30:00",857,41.3776,2.21717,2,59,200,1.87,202,1.87,1016.1,84,26.1,23.3,1.2,24
"2026-06-25 11:45:00",858,41.37759,2.217163,0,39,180,1.97,182,1.97,1016,85,26.2,23.7,1.2,24.4
"2026-06-25 12:00:00",859,41.3776,2.217148,0,66,208,2.44,210,2.51,1016.1,87,26.3,24,1.2,24.6
"2026-06-25 12:15:00",860,41.37759,2.217188,0,53,197,2.34,199,2.34,1016,88,26.2,24.1,1.2,24.7
"2026-06-25 12:30:00",861,41.37761,2.217163,0,56,199,1.92,201,1.94,1016.1,83,26.5,23.4,1.2,24.2
"2026-06-25 12:45:00",862,41.37761,2.217146,0,29,169,2.7,171,2.69,1016.1,87,26.6,24.4,1.2,25
"2026-06-25 13:00:00",863,41.37762,2.217138,0,30,178,3.99,180,3.99,1016,87,26.4,24.1,1.2,24.7
"2026-06-25 13:15:00",864,41.37762,2.217155,0,35,174,3.19,176,3.19,1016,86,26.6,24,1.2,24.7
"2026-06-25 13:30:00",865,41.37762,2.217148,0,34,176,3.06,178,3.06,1016,85,26.7,24,1.2,24.7
"2026-06-25 13:45:00",866,41.37762,2.217143,-1,29,173,4.11,175,4.11,1016.1,85,26.7,24,1.2,24.7
"2026-06-25 14:00:00",867,41.37764,2.217148,0,23,167,3.58,169,3.58,1016.2,87,26.8,24.6,1.2,25.2
"2026-06-25 14:15:00",868,41.37769,2.217226,0,12,154,4.75,156,4.71,1016.1,86,26.8,24.3,1.2,25
"2026-06-25 14:30:00",869,41.37759,2.217123,7,23,164,4.97,166,4.95,1016.2,84,26.9,24.1,1.2,24.8
"2026-06-25 14:45:00",870,41.3776,2.217151,5,28,175,4.72,177,4.72,1016.2,84,27,24.1,1.2,24.9
"2026-06-25 15:00:00",871,41.37759,2.217171,6,35,187,5.24,189,5.26,1016.1,86,27.1,24.6,1.2,25.3
"2026-06-25 15:15:00",872,41.3776,2.217168,6,36,180,5.17,182,5.18,1016.1,84,27,24.2,1.2,25
"2026-06-25 15:30:00",873,41.37759,2.217182,5,46,196,4.88,198,4.88,1016.1,84,27.1,24.1,1.2,24.9
"2026-06-25 15:45:00",874,41.37755,2.217194,14,46,197,4.75,199,4.75,1016,84,27,24.1,1.2,24.9
"2026-06-25 16:00:00",875,41.37759,2.217141,6,39,196,4.42,198,4.32,1015.9,84,27.1,24.3,1.2,25
"2026-06-25 16:15:00",876,41.37768,2.217106,-15,46,193,4.77,195,4.62,1015.8,83,27.1,24.1,1.2,24.9
"2026-06-25 16:30:00",877,41.37769,2.217136,-15,35,195,5.46,197,5.39,1015.6,82,27.1,23.9,1.2,24.8
"2026-06-25 16:45:00",878,41.37764,2.217115,-7,54,202,4.67,204,4.5,1015.6,83,27,23.9,1.2,24.7
"2026-06-25 17:00:00",879,41.37758,2.217138,3,56,204,3.69,206,3.62,1015.4,82,27.2,24,1.2,24.8
"2026-06-25 17:15:00",880,41.37759,2.21708,2,33,175,4.86,177,4.75,1015.4,80,27.1,23.5,1.2,24.4
"2026-06-25 17:30:00",881,41.3776,2.217083,2,45,188,4.03,190,3.95,1015.3,78,27.3,23.2,1.2,24.3
"2026-06-25 17:45:00",882,41.37759,2.217091,7,54,194,4.73,196,4.63,1015.4,78,27.3,23.2,1.2,24.3
"2026-06-25 18:00:00",883,41.3776,2.217103,9,47,191,5.37,193,5.34,1015.3,79,27.2,23.4,1.2,24.4
"2026-06-25 18:15:00",884,41.3776,2.21714,4,52,196,5.75,198,5.75,1015.2,80,27.1,23.5,1.2,24.4
"2026-06-25 18:30:00",885,41.3776,2.21714,0,52,200,5.49,202,5.43,1015.2,83,27,23.9,1.2,24.7
"2026-06-25 18:45:00",886,41.3776,2.217165,0,57,202,5.93,204,5.89,1015.1,84,27,24.1,1.2,24.8
"2026-06-25 19:00:00",887,41.37759,2.217162,1,57,203,6.65,205,6.63,1015,84,26.9,24.1,1.2,24.8
"2026-06-25 19:15:00",888,41.3776,2.217183,0,47,198,6.19,200,6.14,1015,85,26.9,24.2,1.2,24.9
"2026-06-25 19:30:00",889,41.3776,2.21719,-1,41,194,6.11,196,5.97,1015.1,85,26.8,24.2,1.2,24.8
"2026-06-25 19:45:00",890,41.3776,2.217201,-1,34,188,5.14,190,5.05,1015.1,85,26.8,24.2,1.2,24.9
"2026-06-25 20:00:00",891,41.37759,2.217191,0,37,195,4.67,197,4.38,1015.1,83,26.8,23.6,1.2,24.5
"2026-06-25 20:15:00",892,41.37759,2.217193,0,54,201,4.94,203,4.85,1015,84,26.7,24,1.2,24.7
"2026-06-25 20:30:00",893,41.37756,2.217241,1,44,200,5.41,202,5.33,1014.9,84,26.7,23.9,1.2,24.6
"2026-06-25 20:45:00",894,41.37756,2.217247,2,50,206,4.76,208,4.76,1015,85,26.6,23.9,1.2,24.6
"2026-06-25 21:00:00",895,41.37756,2.217247,2,47,202,4.82,204,4.82,1015,85,26.5,23.9,1.2,24.6
"2026-06-25 21:15:00",896,41.37757,2.217247,1,38,194,4.13,196,3.99,1015.1,87,26.3,24.1,1.2,24.7
"2026-06-25 21:30:00",897,41.37757,2.217238,1,45,202,4.54,204,4.48,1015.3,89,26.3,24.3,1.2,24.8
"2026-06-25 21:45:00",898,41.37756,2.217265,4,43,204,4.93,206,4.93,1015.4,89,26.1,24.2,1.2,24.7
"2026-06-25 22:00:00",899,41.37756,2.217243,2,44,199,4.36,201,4.36,1015.7,88,26.1,24.1,1.2,24.6
"2026-06-25 22:15:00",900,41.37756,2.217245,3,43,202,4.02,204,3.99,1016.1,87,26,23.9,1.2,24.4
"2026-06-25 22:30:00",901,41.37757,2.217228,3,46,199,4.1,201,4.02,1016.3,88,26.1,23.9,1.2,24.5
"2026-06-25 22:45:00",902,41.37756,2.21724,3,44,201,4.34,203,4.34,1016.3,85,26.2,23.6,1.2,24.3
"2026-06-25 23:00:00",903,41.37755,2.21724,2,45,208,3.99,210,3.99,1016.4,85,26.2,23.5,1.2,24.2
"2026-06-25 23:15:00",904,41.37754,2.217243,0,49,206,4.26,208,4.26,1016.5,85,26.1,23.4,1.2,24.1
"2026-06-25 23:30:00",905,41.37755,2.217265,3,49,212,4.24,214,4.24,1016.6,84,26.1,23.3,1.2,24.1
"2026-06-25 23:45:00",906,41.37753,2.217265,3,58,215,4.05,217,4.05,1016.7,83,26.1,23.2,1.2,23.9
"2026-06-26 00:00:00",907,41.37755,2.217247,2,46,205,3.64,207,3.57,1016.6,82,26.2,23,1.2,23.8
"2026-06-26 00:15:00",908,41.37755,2.217215,3,58,219,2.72,221,2.69,1016.6,80,26.2,22.6,1.2,23.6
"2026-06-26 00:30:00",909,41.37756,2.217208,3,78,237,2.96,239,2.96,1016.8,76,26.7,22.2,1.2,23.4
"2026-06-26 00:45:00",910,41.37756,2.217215,5,81,241,1.86,243,1.86,1016.6,71,27.2,21.5,1.2,23.1
"2026-06-26 01:00:00",911,41.37757,2.217182,7,54,214,1.84,216,1.84,1016.6,77,26.5,22.2,1.2,23.4
"2026-06-26 01:15:00",912,41.37754,2.217213,5,55,212,1.6,214,1.56,1016.7,75,26.5,21.7,1.2,23.1
"2026-06-26 01:30:00",913,41.37754,2.217228,4,48,207,1.74,209,1.74,1016.7,79,26.1,22.2,1.2,23.3
"2026-06-26 01:45:00",914,41.37755,2.21726,7,32,195,2.04,197,1.99,1016.6,83,25.8,22.7,1.2,23.6
"2026-06-26 02:00:00",915,41.37755,2.21724,8,34,197,2.17,199,2.17,1016.7,83,25.7,22.5,1.2,23.4
"2026-06-26 02:15:00",916,41.37754,2.21726,7,38,200,2.56,202,2.49,1016.6,84,25.6,22.8,1.2,23.5
"2026-06-26 02:30:00",917,100,1000,7999,35,200,1000,"NAN",2.58,1016.6,83,25.6,22.5,1.2,23.3
"2026-06-26 02:45:00",918,41.37751,2.217175,7,34,183,1.92,185,2.05,1016.4,85,25.5,22.9,1.2,23.6
"2026-06-26 03:00:00",919,41.37752,2.217157,7,50,194,0.93,196,1.33,1016.5,86,25.3,22.9,1.2,23.5
"2026-06-26 03:15:00",920,41.37753,2.217157,7,70,216,2.14,218,2.26,1016.5,83,25.3,22.3,1.2,23.1
"2026-06-26 03:30:00",921,41.37755,2.217155,7,60,207,1.45,209,1.81,1016.5,80,25.4,21.7,1.2,22.7
"2026-06-26 03:45:00",922,41.37757,2.217153,0,71,221,2.76,223,2.76,1016.5,73,25.4,20.3,1.2,21.8
"2026-06-26 04:00:00",923,41.37756,2.217173,2,69,219,2.75,221,2.76,1016.5,78,25.1,21.2,1.2,22.3
"2026-06-26 04:15:00",924,41.37756,2.217176,0,74,219,2.67,221,2.66,1016.4,76,25.4,21,1.2,22.2
"2026-06-26 04:30:00",925,41.37756,2.217198,4,98,253,2.93,255,2.95,1016.4,66,26.3,19.6,1.2,21.6
"2026-06-26 04:45:00",926,41.37753,2.217201,5,94,248,2.88,250,2.88,1016.4,66,26.2,19.4,1.2,21.5
"2026-06-26 05:00:00",927,41.37756,2.217175,4,74,223,1.47,225,1.47,1016.5,68,25.9,19.7,1.2,21.6
"2026-06-26 05:15:00",928,41.37756,2.217166,6,86,232,1.52,234,1.52,1016.5,66,26.2,19.5,1.2,21.6
"2026-06-26 05:30:00",929,41.37756,2.217178,9,70,217,2.19,219,2.19,1016.4,80,25,21.4,1.2,22.4
"2026-06-26 05:45:00",930,41.37756,2.217176,9,181,330,1.47,332,1.47,1016.6,80,25,21.3,1.2,22.3
"2026-06-26 06:00:00",931,41.37757,2.217173,7,245,34,0.85,35.95,0.87,1016.7,76,25.1,20.6,1.2,21.9
"2026-06-26 06:15:00",932,41.37758,2.21715,8,239,25,1.08,26.95,1.1,1016.8,79,24.9,21.1,1.2,22.2
"2026-06-26 06:30:00",933,41.37759,2.217105,4,264,45,0.62,46.95,0.62,1016.9,78,24.9,21,1.2,22.1
"2026-06-26 06:45:00",934,41.3776,2.217068,2,310,91,0.59,93,0.57,1017,74,25.1,20.1,1.2,21.6
"2026-06-26 07:00:00",935,41.3776,2.217101,0,234,16,0.77,17.95,0.77,1017.1,70,25.3,19.5,1.2,21.3
"2026-06-26 07:15:00",936,41.37759,2.21709,2,8,146,0.25,148,0.2,1017.3,74,25.9,20.9,1.2,22.3
"2026-06-26 07:30:00",937,41.37759,2.217125,2,24,167,1.02,169,1.02,1017.3,73,25.8,20.6,1.2,22.1
"2026-06-26 07:45:00",938,41.37757,2.21715,1,67,209,1.43,211,1.41,1017.4,72,25.3,20,1.2,21.6
"2026-06-26 08:00:00",939,41.37757,2.217155,0,61,210,1.24,212,1.24,1017.4,76,25.4,20.9,1.2,22.2
"2026-06-26 08:15:00",940,41.37759,2.217175,0,78,230,0.74,232,0.74,1017.5,74,25.6,20.7,1.2,22.1
"2026-06-26 08:30:00",941,41.37759,2.217148,4,11,160,1.21,162,1.21,1017.6,69,26.3,20.2,1.2,22
"2026-06-26 08:45:00",942,41.37757,2.217134,6,223,12,0.73,13.95,0.73,1017.8,68,26.8,20.6,1.2,22.4
"2026-06-26 09:00:00",943,41.37756,2.217168,5,58,212,0.28,214,0.29,1017.8,68,26.8,20.5,1.2,22.4
"2026-06-26 09:15:00",944,41.37756,2.217191,4,51,202,2.37,204,2.32,1017.7,69,26.4,20.4,1.2,22.2
"2026-06-26 09:30:00",945,41.37756,2.217203,2,21,175,1.89,177,1.89,1017.8,72,26.4,20.9,1.2,22.5
"2026-06-26 09:45:00",946,41.37756,2.217221,1,39,192,2.68,194,2.68,1017.8,72,26.4,21.1,1.2,22.7
"2026-06-26 10:00:00",947,41.37759,2.217199,0,22,170,2.58,172,2.58,1017.9,73,26.7,21.5,1.2,23
"2026-06-26 10:15:00",948,41.37759,2.217203,1,35,187,4.29,189,4.29,1018,75,26.5,21.7,1.2,23
"2026-06-26 10:30:00",949,41.37759,2.217213,1,32,183,4.92,185,4.86,1018.1,75,26.3,21.5,1.2,22.9
"2026-06-26 10:45:00",950,41.37758,2.217215,3,35,190,4.25,192,4.25,1018.1,73,26.4,21.3,1.2,22.8
"2026-06-26 11:00:00",951,41.37758,2.217216,2,34,188,4.02,190,4.03,1018.1,78,26.3,22.2,1.2,23.4
"2026-06-26 11:15:00",952,41.3776,2.217194,4,29,179,4.32,181,4.32,1018.1,78,26.3,22.3,1.2,23.4
"2026-06-26 11:30:00",953,41.37762,2.217153,0,34,181,4.78,183,4.78,1018.1,80,26.3,22.6,1.2,23.6
"2026-06-26 11:45:00",954,41.37761,2.217141,0,27,178,4.47,180,4.47,1018.2,80,26.3,22.7,1.2,23.6
"2026-06-26 12:00:00",955,41.37762,2.21712,0,27,169,4.39,171,4.39,1018.3,82,26.4,23.1,1.2,24
"2026-06-26 12:15:00",956,41.37762,2.217081,1,28,169,4.48,171,4.38,1018.3,83,26.3,23.2,1.2,24
"2026-06-26 12:30:00",957,41.37764,2.21712,1,27,170,4.83,172,4.75,1018.2,83,26.3,23.2,1.2,24
"2026-06-26 12:45:00",958,100,1000,7999,34,177,1000,"NAN",4.14,1018.1,85,26.3,23.7,1.2,24.4
"2026-06-26 13:00:00",959,100,1000,7999,37,183,1000,"NAN",4.12,1018,86,26.3,23.8,1.2,24.5
"2026-06-26 13:15:00",960,100,1000,7999,42,188,1000,"NAN",4.18,1018,87,26.4,24.1,1.2,24.7
"2026-06-26 13:30:00",961,100,1000,7999,38,187,1000,"NAN",4.13,1017.9,86,26.4,23.9,1.2,24.5
"2026-06-26 13:45:00",962,41.3776,2.21719,2,18,166,5.24,168,5.24,1017.7,86,26.4,23.9,1.2,24.6
"2026-06-26 14:00:00",963,41.3776,2.217198,2,32,180,5.31,182,5.32,1017.6,86,26.5,24,1.2,24.7
"2026-06-26 14:15:00",964,41.3776,2.217218,2,24,170,4.6,172,4.8,1017.6,85,26.7,24.1,1.2,24.8
"2026-06-26 14:30:00",965,41.3776,2.217241,4,14,167,4.36,169,4.56,1017.6,86,26.8,24.3,1.2,24.9
"2026-06-26 14:45:00",966,41.37762,2.217215,4,31,172,4.02,174,4.02,1017.5,85,26.9,24.3,1.2,25
"2026-06-26 15:00:00",967,41.37762,2.217243,4,7,155,4.13,157,4.15,1017.5,84,26.9,24.2,1.2,24.9
"2026-06-26 15:15:00",968,41.37761,2.21726,3,38,180,4.57,182,4.78,1017.3,84,26.9,24.1,1.2,24.8
"2026-06-26 15:30:00",969,41.3776,2.217263,2,22,172,4.03,174,4.19,1017.2,83,27.2,24,1.2,24.8
"2026-06-26 15:45:00",970,41.37759,2.217271,1,34,180,3.7,182,3.97,1017.1,81,27.3,23.9,1.2,24.8
"2026-06-26 16:00:00",971,41.3776,2.217271,0,37,181,5.06,183,5.06,1017.1,79,27.3,23.5,1.2,24.5
"2026-06-26 16:15:00",972,41.37762,2.217238,-5,17,169,5.23,171,5.38,1017.1,81,27.3,23.9,1.2,24.8
"2026-06-26 16:30:00",973,41.37762,2.217218,-6,21,170,4.29,172,4.49,1017.1,82,27.3,23.9,1.2,24.8
"2026-06-26 16:45:00",974,41.3776,2.217213,0,20,167,6.02,169,6.12,1017,80,27.3,23.7,1.2,24.6
"2026-06-26 17:00:00",975,41.37759,2.217221,2,32,186,5.02,188,5.14,1017,81,27.2,23.8,1.2,24.7
"2026-06-26 17:15:00",976,41.3776,2.217199,2,36,184,4.16,186,4.3,1016.9,80,27.2,23.6,1.2,24.5
"2026-06-26 17:30:00",977,41.37759,2.217205,3,26,178,5.34,180,5.34,1016.9,82,27.1,23.8,1.2,24.7
"2026-06-26 17:45:00",978,41.37759,2.217203,2,33,185,4.2,187,4.43,1016.8,79,27.2,23.3,1.2,24.3
"2026-06-26 18:00:00",979,41.37759,2.217198,0,34,187,4.02,189,4.17,1016.8,82,27,23.9,1.2,24.7
"2026-06-26 18:15:00",980,41.37758,2.217199,0,42,193,3.66,195,3.67,1016.7,82,27.1,23.8,1.2,24.7
"2026-06-26 18:30:00",981,41.37759,2.217191,1,38,184,3.3,186,3.28,1016.6,82,27.1,23.9,1.2,24.7
"2026-06-26 18:45:00",982,41.3776,2.217171,2,26,175,3.97,177,3.91,1016.7,82,27,23.8,1.2,24.6
"2026-06-26 19:00:00",983,41.37759,2.217175,1,42,189,4,191,4,1016.7,81,27,23.7,1.2,24.6
"2026-06-26 19:15:00",984,41.3776,2.217176,0,44,194,3.57,196,3.58,1016.7,81,27,23.6,1.2,24.5
"2026-06-26 19:30:00",985,41.37762,2.217136,0,42,186,3.07,188,3.06,1016.7,83,26.9,24,1.2,24.7
"2026-06-26 19:45:00",986,41.37762,2.217129,0,53,192,4.38,194,4.39,1016.8,83,26.9,23.8,1.2,24.6
"2026-06-26 20:00:00",987,41.37762,2.217131,0,36,180,3.83,182,3.8,1016.8,82,26.9,23.7,1.2,24.6
"2026-06-26 20:15:00",988,41.3776,2.217134,1,41,184,3.6,186,3.59,1016.9,83,27,23.8,1.2,24.7
"2026-06-26 20:30:00",989,41.37759,2.217188,4,31,180,3.55,182,3.55,1016.9,83,26.9,23.8,1.2,24.6
"2026-06-26 20:45:00",990,41.37758,2.217224,5,38,187,3.42,189,3.42,1017.1,83,26.8,23.9,1.2,24.6
"2026-06-26 21:00:00",991,41.37757,2.217236,6,37,186,3.31,188,3.31,1017.1,84,26.8,23.9,1.2,24.7
"2026-06-26 21:15:00",992,41.37759,2.21722,6,32,182,3.31,184,3.28,1017.3,85,26.6,24,1.2,24.6
"2026-06-26 21:30:00",993,41.37756,2.217261,2,31,180,2.07,182,2.04,1017.3,86,26.6,24.2,1.2,24.8
"2026-06-26 21:45:00",994,41.37756,2.217283,3,14,162,2.12,164,2.08,1017.4,87,26.5,24.2,1.2,24.8
"2026-06-26 22:00:00",995,41.37755,2.217276,3,20,169,1.53,171,1.49,1017.5,88,26.4,24.4,1.2,24.9
"2026-06-26 22:15:00",996,41.37756,2.217278,0,19,175,1.57,177,1.57,1017.6,89,26.2,24.4,1.2,24.9
"2026-06-26 22:30:00",997,41.37755,2.217251,4,47,201,1.09,203,1.13,1017.7,89,26.1,24.2,1.2,24.7
"2026-06-26 22:45:00",998,41.37757,2.217265,2,57,215,0.99,217,0.99,1017.8,89,25.9,23.9,1.2,24.4
"2026-06-26 23:00:00",999,41.37762,2.217248,2,31,183,0.99,185,0.97,1018,88,25.9,23.9,1.2,24.4
"2026-06-26 23:15:00",1000,41.37762,2.217209,1,7,160,0.6,162,0.58,1018,87,25.9,23.7,1.2,24.3
"2026-06-26 23:30:00",1001,41.37757,2.217193,-3,8,142,0.52,144,0.36,1018.1,88,25.9,23.7,1.2,24.3
"2026-06-26 23:45:00",1002,41.37757,2.217155,0,233,23,1.12,24.95,1.13,1018.1,89,25.9,24,1.2,24.5
"2026-06-27 00:00:00",1003,41.37754,2.217176,-1,238,29,0.79,30.95,0.79,1018,91,25.6,24,1.2,24.4
"2026-06-27 00:15:00",1004,41.37756,2.21717,0,269,60,1.06,61.95,1.07,1018.1,91,25.4,24,1.2,24.3
"2026-06-27 00:30:00",1005,41.37756,2.217186,3,270,66,0.91,67.95,0.91,1018.1,91,25.4,23.9,1.2,24.3
"2026-06-27 00:45:00",1006,41.37756,2.217193,2,265,65,0.8,66.95,0.76,1018.1,92,25.4,24,1.2,24.4
"2026-06-27 01:00:00",1007,41.37757,2.217176,2,263,63,0.89,64.95,0.8,1018,91,25.4,23.9,1.2,24.3
"2026-06-27 01:15:00",1008,41.37756,2.217178,3,297,96,0.46,98,0.37,1018,91,25.4,23.9,1.2,24.2
"2026-06-27 01:30:00",1009,41.37756,2.217199,5,230,37,0.62,38.95,0.6,1017.9,91,25.2,23.7,1.2,24.1
"2026-06-27 01:45:00",1010,41.37757,2.21718,5,200,21,0.44,22.95,0.46,1018,91,25.2,23.7,1.2,24
"2026-06-27 02:00:00",1011,41.37759,2.217165,3,205,5,0.87,6.95,0.88,1017.9,91,25.1,23.6,1.2,24
"2026-06-27 02:15:00",1012,41.37756,2.217108,3,249,39,0.57,40.95,0.57,1017.9,89,25,23.2,1.2,23.7
"2026-06-27 02:30:00",1013,100,1000,7999,268,39,1000,"NAN",0.86,1017.9,88,25.2,23.1,1.2,23.6
"2026-06-27 02:45:00",1014,41.3775,2.217043,3,245,7,1.47,8.95,1.47,1017.8,85,25.2,22.6,1.2,23.3
"2026-06-27 03:00:00",1015,41.37754,2.217074,3,245,12,1.54,13.95,1.54,1017.6,81,25.4,22.1,1.2,23
"2026-06-27 03:15:00",1016,41.37757,2.21708,3,242,16,1.44,17.95,1.44,1017.7,79,25.6,21.9,1.2,22.9
"2026-06-27 03:30:00",1017,41.3776,2.217126,4,211,350,1.45,352,1.52,1017.5,80,25.4,21.7,1.2,22.8
"2026-06-27 03:45:00",1018,41.37762,2.217108,2,190,332,1.4,334,1.4,1017.5,78,25.6,21.5,1.2,22.7
"2026-06-27 04:00:00",1019,41.3776,2.217148,2,184,333,1.2,335,1.2,1017.5,80,25.6,21.9,1.2,22.9
"2026-06-27 04:15:00",1020,41.37761,2.217136,3,138,281,0.6,283,0.6,1017.5,80,25.4,21.7,1.2,22.7
"2026-06-27 04:30:00",1021,41.3776,2.217141,3,109,246,0.79,248,0.77,1017.5,77,25.5,21.2,1.2,22.4
"2026-06-27 04:45:00",1022,41.37761,2.217153,3,152,286,0.17,288,0.2,1017.5,72,25.7,20.3,1.2,21.9
"2026-06-27 05:00:00",1023,41.37757,2.217136,8,227,5,1.01,6.95,1.13,1017.5,75,25.7,20.9,1.2,22.3
"2026-06-27 05:15:00",1024,41.37757,2.217155,8,209,350,1.6,352,1.63,1017.4,75,25.5,20.7,1.2,22.1
"2026-06-27 05:30:00",1025,41.37759,2.217129,12,203,338,0.94,340,1.06,1017.4,72,25.4,20.1,1.2,21.7
"2026-06-27 05:45:00",1026,41.37759,2.21714,9,199,341,1.18,343,1.18,1017.4,72,25.3,20,1.2,21.6
"2026-06-27 06:00:00",1027,41.37759,2.217165,7,208,350,2.1,352,2.23,1017.4,73,25.2,20.2,1.2,21.7
"2026-06-27 06:15:00",1028,41.37759,2.217146,4,214,356,2.47,358,2.47,1017.4,73,25.1,20,1.2,21.5
"2026-06-27 06:30:00",1029,41.37761,2.217128,1,224,0,2.92,1.95,2.93,1017.5,74,24.9,20,1.2,21.5
"2026-06-27 06:45:00",1030,41.3776,2.217128,3,202,343,2.89,345,2.95,1017.7,74,24.9,20,1.2,21.5
"2026-06-27 07:00:00",1031,41.3776,2.21715,1,199,337,2.15,339,2.31,1017.9,72,25,19.6,1.2,21.2
"2026-06-27 07:15:00",1032,41.37759,2.217153,3,211,348,2.66,350,2.77,1018.1,73,25,19.9,1.2,21.4
"2026-06-27 07:30:00",1033,41.37759,2.217159,4,200,343,2.6,345,2.84,1018.1,73,25.1,20,1.2,21.5
"2026-06-27 07:45:00",1034,41.37759,2.21722,2,189,332,3.22,334,3.52,1018.3,71,25.3,19.7,1.2,21.4
"2026-06-27 08:00:00",1035,41.37757,2.217209,3,202,351,2.35,353,2.51,1018.4,69,25.6,19.5,1.2,21.3
"2026-06-27 08:15:00",1036,41.37753,2.217098,8,191,339,1.58,341,1.71,1018.5,67,25.9,19.4,1.2,21.4
"2026-06-27 08:30:00",1037,41.37756,2.217133,10,154,296,1.36,298,1.24,1018.5,69,26.5,20.4,1.2,22.3
"2026-06-27 08:45:00",1038,41.37756,2.217155,8,138,279,0.84,281,0.7,1018.6,66,27.2,20.3,1.2,22.4
"2026-06-27 09:00:00",1039,41.37756,2.217168,6,41,211,0.3,213,0.24,1018.7,66,27.3,20.4,1.2,22.5
"2026-06-27 09:15:00",1040,41.37758,2.217193,2,343,150,0.49,152,0.56,1018.8,68,27,20.8,1.2,22.6
"2026-06-27 09:30:00",1041,41.37759,2.217203,2,330,121,0.97,123,0.97,1018.8,69,26.9,20.9,1.2,22.7
"2026-06-27 09:45:00",1042,41.37757,2.217196,4,342,133,0.73,135,0.73,1018.9,69,27.1,20.9,1.2,22.7
"2026-06-27 10:00:00",1043,41.3776,2.21722,-1,349,136,0.61,138,0.65,1019,71,27.6,22,1.2,23.6
"2026-06-27 10:15:00",1044,41.37761,2.217198,-4,359,135,1.41,137,1.55,1019,74,27,22.1,1.2,23.5
"2026-06-27 10:30:00",1045,41.37759,2.217198,1,355,141,1.11,143,1.14,1019.2,74,27.1,22.2,1.2,23.6
"2026-06-27 10:45:00",1046,41.37761,2.217182,2,27,168,1.06,170,1.17,1019.2,74,27.1,22.2,1.2,23.6
"2026-06-27 11:00:00",1047,41.3776,2.217188,2,15,159,1.43,161,1.45,1019.1,75,27.1,22.4,1.2,23.7
"2026-06-27 11:15:00",1048,41.37762,2.217205,5,16,160,1.93,162,2,1019.2,73,27.1,21.9,1.2,23.4
"2026-06-27 11:30:00",1049,41.3776,2.217194,2,9,145,1.86,147,1.99,1019.3,76,27.1,22.6,1.2,23.9
"2026-06-27 11:45:00",1050,41.37759,2.217173,0,353,133,2.37,135,2.48,1019.4,79,27.1,23.1,1.2,24.2
"2026-06-27 12:00:00",1051,41.37758,2.217215,1,15,159,2.63,161,2.67,1019.4,79,27.1,23.2,1.2,24.2
"2026-06-27 12:15:00",1052,41.37759,2.217198,0,4,150,2.49,152,2.63,1019.4,80,27,23.3,1.2,24.3
"2026-06-27 12:30:00",1053,41.37759,2.217162,3,32,178,2.49,180,2.49,1019.4,83,27.1,24,1.2,24.8
"2026-06-27 12:45:00",1054,41.37759,2.21717,1,41,187,3.04,189,3.1,1019.5,83,27,24,1.2,24.8
"2026-06-27 13:00:00",1055,41.3776,2.217126,0,39,184,3.49,186,3.67,1019.5,82,27,23.7,1.2,24.6
"2026-06-27 13:15:00",1056,41.37761,2.2171,0,31,171,3.81,173,3.96,1019.5,83,27.1,23.9,1.2,24.8
"2026-06-27 13:30:00",1057,41.37762,2.21708,0,25,164,3.53,166,3.63,1019.4,82,27.2,23.9,1.2,24.8
"2026-06-27 13:45:00",1058,41.37765,2.217028,0,22,161,4.1,163,4.21,1019.3,83,27.1,24,1.2,24.8
"2026-06-27 14:00:00",1059,100,1000,7999,25,165,1000,"NAN",4.39,1019.2,84,27.1,24.3,1.2,25
"2026-06-27 14:15:00",1060,41.37755,2.216986,0,26,170,4.26,172,4.33,1019,82,27.1,23.9,1.2,24.7
"2026-06-27 14:30:00",1061,41.37764,2.217032,0,26,162,3.68,164,3.92,1019,82,27.1,23.9,1.2,24.7
"2026-06-27 14:45:00",1062,41.37762,2.217033,0,35,177,3.71,179,3.54,1019,83,27.3,24.4,1.2,25.1
"2026-06-27 15:00:00",1063,41.37762,2.21708,0,17,150,3.4,152,3.56,1019,82,27.3,24.1,1.2,25
"2026-06-27 15:15:00",1064,41.37762,2.21708,0,18,164,2.78,166,3.04,1019,82,27.3,24.1,1.2,25
"2026-06-27 15:30:00",1065,41.37761,2.217201,-6,25,174,3.57,176,3.4,1019,82,27.5,24.2,1.2,25
"2026-06-27 15:45:00",1066,41.37761,2.217186,-3,29,173,2.75,175,2.77,1019,82,27.6,24.3,1.2,25.1
"2026-06-27 16:00:00",1067,41.3776,2.217162,-2,44,188,2.85,190,2.87,1019,84,27.4,24.5,1.2,25.3
"2026-06-27 16:15:00",1068,41.37761,2.217157,0,32,178,2.98,180,3.02,1019,83,27.5,24.4,1.2,25.2
"2026-06-27 16:30:00",1069,41.37761,2.217113,3,30,171,2.99,173,2.99,1019,82,27.6,24.3,1.2,25.1
"2026-06-27 16:45:00",1070,41.37765,2.217076,0,37,177,2.68,179,2.68,1019,81,27.8,24.3,1.2,25.2
"2026-06-27 17:00:00",1071,41.37759,2.217101,5,52,191,2.45,193,2.49,1018.9,80,27.7,24.1,1.2,25.1
"2026-06-27 17:15:00",1072,41.37759,2.217148,3,40,181,2.26,183,2.31,1018.8,79,27.9,23.9,1.2,24.9
"2026-06-27 17:30:00",1073,41.37759,2.217146,2,34,174,2.4,176,2.42,1018.7,80,27.9,24.3,1.2,25.2
"2026-06-27 17:45:00",1074,41.3776,2.217129,2,46,181,2.35,183,2.2,1018.6,79,27.8,24,1.2,25
"2026-06-27 18:00:00",1075,41.3776,2.217146,0,32,175,1.42,177,1.44,1018.5,80,28.1,24.3,1.2,25.3
"2026-06-27 18:15:00",1076,41.37759,2.217162,0,30,173,1.68,175,1.78,1018.4,78,28.1,24.1,1.2,25.2
"2026-06-27 18:30:00",1077,41.3776,2.21717,0,35,185,0.71,187,0.79,1018.4,76,28.5,23.9,1.2,25.1
"2026-06-27 18:45:00",1078,41.3776,2.21715,2,39,178,0.74,180,0.75,1018.3,74,28.8,23.7,1.2,25.1
"2026-06-27 19:00:00",1079,41.3776,2.217175,1,13,158,0.96,160,0.96,1018.2,75,28.6,23.7,1.2,25.1
"2026-06-27 19:15:00",1080,41.37761,2.217183,1,28,174,1.33,176,1.33,1018.2,77,28.4,24,1.2,25.2
"2026-06-27 19:30:00",1081,41.37761,2.217173,1,2,148,1.29,150,1.29,1018.2,78,28.3,24.2,1.2,25.2
"2026-06-27 19:45:00",1082,41.3776,2.217166,1,13,161,0.76,163,0.76,1018.3,80,28.3,24.6,1.2,25.5
"2026-06-27 20:00:00",1083,41.37759,2.217153,0,31,177,1.15,179,1.15,1018.2,82,27.9,24.6,1.2,25.5
"2026-06-27 20:15:00",1084,41.3776,2.217131,2,27,168,2.18,170,2.18,1018.3,82,27.7,24.5,1.2,25.3
"2026-06-27 20:30:00",1085,41.3776,2.217131,3,16,158,1.79,160,1.93,1018.3,83,27.7,24.6,1.2,25.4
"2026-06-27 20:45:00",1086,41.3776,2.217133,6,31,173,0.97,175,1.08,1018.4,82,27.7,24.4,1.2,25.2
"2026-06-27 21:00:00",1087,41.3776,2.217143,6,20,163,1.81,165,1.94,1018.3,84,27.5,24.5,1.2,25.3
"2026-06-27 21:15:00",1088,41.3776,2.217145,6,39,183,1.57,185,1.62,1018.1,85,27.2,24.5,1.2,25.2
"2026-06-27 21:30:00",1089,41.37759,2.217146,7,37,183,0.63,185,0.69,1018.1,86,27.1,24.6,1.2,25.2
"2026-06-27 21:45:00",1090,41.37758,2.21715,4,164,306,0.18,308,0.17,1018.2,86,26.8,24.3,1.2,25
"2026-06-27 22:00:00",1091,41.37758,2.217175,0,199,335,0.53,337,0.45,1018.4,86,26.7,24.1,1.2,24.8
"2026-06-27 22:15:00",1092,41.37759,2.217165,0,339,128,0.49,130,0.55,1018.6,84,26.7,23.8,1.2,24.6
"2026-06-27 22:30:00",1093,41.3776,2.217128,2,20,162,1.39,164,1.42,1018.8,82,26.9,23.7,1.2,24.5
"2026-06-27 22:45:00",1094,41.3776,2.217118,2,16,157,1.99,159,2.09,1018.9,86,27,24.5,1.2,25.1
"2026-06-27 23:00:00",1095,41.37759,2.217151,2,26,170,1.54,172,1.56,1019,86,26.8,24.3,1.2,24.9
"2026-06-27 23:15:00",1096,41.37759,2.217143,5,30,173,1.4,175,1.41,1019,87,26.8,24.6,1.2,25.1
"2026-06-27 23:30:00",1097,41.37757,2.217165,0,41,186,0.91,188,0.92,1019.1,87,26.8,24.6,1.2,25.1
"2026-06-27 23:45:00",1098,41.37817,2.2169,0,35,185,1.36,187,1.36,1019.1,86,26.9,24.3,1.2,25
"2026-06-28 00:00:00",1099,100,1000,7999,43,194,1000,"NAN",0.99,1019,88,26.7,24.5,1.2,25.1
"2026-06-28 00:15:00",1100,100,1000,7999,67,219,1000,"NAN",1.1,1019,88,26.4,24.3,1.2,24.8
"2026-06-28 00:30:00",1101,100,1000,7999,54,205,1000,"NAN",1,1019,87,26.4,24.2,1.2,24.8
"2026-06-28 00:45:00",1102,41.37757,2.217223,2,207,0,1.14,1.95,1.13,1018.8,88,26.2,24.2,1.2,24.7
"2026-06-28 01:00:00",1103,41.37756,2.217258,3,210,9,1.7,10.95,1.55,1018.9,90,26,24.3,1.2,24.7
"2026-06-28 01:15:00",1104,41.37755,2.217248,2,234,30,1.45,31.95,1.35,1018.7,89,26.1,24.2,1.2,24.7
"2026-06-28 01:30:00",1105,41.37756,2.217228,2,242,37,0.21,38.95,0.21,1018.7,88,26.2,24.1,1.2,24.7
"2026-06-28 01:45:00",1106,41.37756,2.217236,4,128,298,0.31,300,0.32,1018.7,88,26.2,24.1,1.2,24.7
"2026-06-28 02:00:00",1107,41.37751,2.217273,2,68,227,0.62,229,0.62,1018.7,88,26.1,23.9,1.2,24.5
"2026-06-28 02:15:00",1108,41.37752,2.217265,3,85,245,0.72,247,0.79,1018.6,83,26.1,23.2,1.2,23.9
"2026-06-28 02:30:00",1109,41.37752,2.217256,6,57,208,1.5,210,1.43,1018.5,84,26.2,23.4,1.2,24.1
"2026-06-28 02:45:00",1110,41.37755,2.217224,4,266,56,0.7,57.95,0.73,1018.3,84,26.1,23.2,1.2,24
"2026-06-28 03:00:00",1111,41.37754,2.217236,3,239,33,1.02,34.95,1.04,1018.3,78,26.5,22.3,1.2,23.5
"2026-06-28 03:15:00",1112,41.37752,2.21726,2,40,190,0.26,192,0.17,1018.2,76,26.3,21.9,1.2,23.1
"2026-06-28 03:30:00",1113,41.37753,2.217255,2,221,21,0.8,22.95,0.92,1018.2,76,26.2,21.7,1.2,22.9
"2026-06-28 03:45:00",1114,41.37749,2.217291,1,182,350,1.17,352,1.17,1018.3,71,26.3,20.8,1.2,22.4
"2026-06-28 04:00:00",1115,41.37749,2.21729,2,196,355,1.09,357,1.27,1018.2,74,26.2,21.4,1.2,22.8
"2026-06-28 04:15:00",1116,41.37749,2.21728,1,204,4,2.06,5.95,2.06,1018.1,69,26.2,20.1,1.2,21.9
"2026-06-28 04:30:00",1117,41.37753,2.217226,2,214,1,2.17,2.95,2.29,1018.1,72,26.1,20.8,1.2,22.3
"2026-06-28 04:45:00",1118,41.37756,2.217183,3,217,1,1.7,2.95,1.79,1017.9,71,25.9,20.3,1.2,22
"2026-06-28 05:00:00",1119,41.37754,2.21717,7,209,357,1.43,359,1.45,1017.8,68,25.9,19.7,1.2,21.6
"2026-06-28 05:15:00",1120,41.37752,2.217185,9,206,351,1.03,353,1.3,1017.9,67,25.9,19.5,1.2,21.4
"2026-06-28 05:30:00",1121,41.37755,2.217191,7,208,356,1.12,358,1.17,1017.8,67,25.9,19.4,1.2,21.4
"2026-06-28 05:45:00",1122,41.37756,2.217201,7,212,1,1.47,2.95,1.54,1017.8,66,25.7,19.1,1.2,21.2
"2026-06-28 06:00:00",1123,41.37755,2.217226,10,204,355,1.28,357,1.43,1017.8,64,25.7,18.6,1.2,20.8
"2026-06-28 06:15:00",1124,41.37752,2.217248,6,188,340,1.23,342,1.3,1018,64,25.5,18.3,1.2,20.6
"2026-06-28 06:30:00",1125,41.37752,2.21725,3,190,344,1.2,346,1.38,1018.1,65,25.6,18.8,1.2,20.9
"2026-06-28 06:45:00",1126,41.37752,2.217251,3,208,359,1.75,0.95,1.81,1018.2,64,25.5,18.3,1.2,20.6
"2026-06-28 07:00:00",1127,41.37751,2.217265,3,187,344,1,346,1.17,1018.2,62,25.7,18,1.2,20.5
"2026-06-28 07:15:00",1128,41.37748,2.217296,2,181,345,1.45,347,1.47,1018.3,66,25.9,19.1,1.2,21.2
"2026-06-28 07:30:00",1129,41.37746,2.217315,3,186,0,1.36,1.95,1.38,1018.3,66,26,19.2,1.2,21.3
"2026-06-28 07:45:00",1130,41.37744,2.217315,3,168,350,1.46,352,1.58,1018.4,63,26.1,18.7,1.2,21
"2026-06-28 08:00:00",1131,41.37751,2.217418,-4,155,344,1.84,346,1.84,1018.5,62,26.1,18.3,1.2,20.8
"2026-06-28 08:15:00",1132,41.3775,2.217451,-5,97,325,2.1,327,2.25,1018.7,68,26,19.8,1.2,21.7
"2026-06-28 08:30:00",1133,41.37764,2.217934,6,104,349,1.73,351,1.76,1018.9,64,26.3,19.2,1.2,21.4
"2026-06-28 08:45:00",1134,41.37754,2.217175,1,97,7,2.34,8.95,2.34,1019,63,26.3,18.9,1.2,21.2
"2026-06-28 09:00:00",1135,41.37756,2.217081,2,101,10,1.93,11.95,2.1,1019.1,64,26.5,19.2,1.2,21.5
"2026-06-28 09:15:00",1136,41.37756,2.216967,5,88,41,2.64,42.95,2.64,1019.2,65,26.6,19.6,1.2,21.8
"2026-06-28 09:30:00",1137,41.37757,2.216965,3,123,25,1.99,26.95,2.12,1019.4,68,26.7,20.3,1.2,22.2
"2026-06-28 09:45:00",1138,41.37759,2.216956,2,126,38,2.91,39.95,3.03,1019.5,75,26.6,22,1.2,23.3
"2026-06-28 10:00:00",1139,41.37757,2.217021,1,119,52,2.33,53.95,2.38,1019.5,73,26.8,21.7,1.2,23.1
"2026-06-28 10:15:00",1140,41.37756,2.217098,-1,111,53,3.32,54.95,3.32,1019.4,81,26.7,23.2,1.2,24.1
"2026-06-28 10:30:00",1141,41.37762,2.216851,4,126,45,3.4,46.95,3.4,1019.4,81,26.7,23.3,1.2,24.2
"2026-06-28 10:45:00",1142,41.37761,2.217034,-1,120,36,2.59,37.95,2.71,1019.5,82,26.6,23.5,1.2,24.3
"2026-06-28 11:00:00",1143,41.37762,2.216978,-1,124,41,2.82,42.95,2.85,1019.5,85,26.7,24,1.2,24.7
"2026-06-28 11:15:00",1144,41.37762,2.216968,-1,145,64,2.49,65.95,2.61,1019.5,79,27.2,23.3,1.2,24.4
"2026-06-28 11:30:00",1145,41.37762,2.216955,-1,183,83,2.19,85,2.22,1019.5,77,27.4,23.1,1.2,24.3
"2026-06-28 11:45:00",1146,41.37762,2.216951,-1,187,88,2.22,90,2.24,1019.4,76,27.4,23,1.2,24.2
"2026-06-28 12:00:00",1147,41.37761,2.216951,-2,174,79,1.68,81,1.83,1019.4,68,27.8,21.3,1.2,23.2
"2026-06-28 12:15:00",1148,41.37764,2.216978,-2,213,101,1.47,103,1.48,1019.4,68,27.9,21.5,1.2,23.4
"2026-06-28 12:30:00",1149,41.37762,2.217021,2,218,132,0.98,134,0.95,1019.3,69,28.3,22.2,1.2,24
"2026-06-28 12:45:00",1150,41.37762,2.217051,-1,188,101,1.03,103,1.04,1019.3,71,28.3,22.5,1.2,24.2
"2026-06-28 13:00:00",1151,41.37764,2.21708,-1,205,113,1.58,115,1.59,1019.2,74,28.3,23.2,1.2,24.6
"2026-06-28 13:15:00",1152,41.37764,2.217105,-2,178,96,1.38,98,1.38,1019.2,74,28.2,23.1,1.2,24.5
"2026-06-28 13:30:00",1153,41.37762,2.217128,-2,170,89,1.33,91,1.35,1019.2,75,28,23.3,1.2,24.6
"2026-06-28 13:45:00",1154,100,1000,7999,178,99,1000,"NAN",2.15,1019.1,78,28.1,24,1.2,25.1
"2026-06-28 14:00:00",1155,41.37762,2.217131,-1,151,95,0.76,97,0.91,1019.1,80,28,24.3,1.2,25.3
"2026-06-28 14:15:00",1156,41.37759,2.217121,-1,164,79,1.74,81,1.6,1018.9,80,28,24.3,1.2,25.3
"2026-06-28 14:30:00",1157,41.37759,2.217085,-1,180,88,2.92,90,2.88,1018.9,82,28,24.6,1.2,25.5
"2026-06-28 14:45:00",1158,41.37759,2.217111,-1,139,77,1.5,78.95,1.94,1018.8,84,28,25.1,1.2,25.8
"2026-06-28 15:00:00",1159,41.3776,2.21711,-1,178,101,2.89,103,3.29,1018.7,84,28,25.1,1.2,25.8
"2026-06-28 15:15:00",1160,41.37761,2.217068,-1,177,97,3.69,99,3.84,1018.7,85,28.1,25.4,1.2,26
"2026-06-28 15:30:00",1161,41.3776,2.217211,-1,167,95,2.4,97,2.41,1018.7,86,28.1,25.6,1.2,26.2
"2026-06-28 15:45:00",1162,41.37761,2.217178,-9,154,89,2.07,91,1.97,1018.7,86,28.1,25.7,1.2,26.3
"2026-06-28 16:00:00",1163,41.37764,2.217095,-5,204,106,3.42,108,3.23,1018.5,84,28,25.3,1.2,26
"2026-06-28 16:15:00",1164,41.37767,2.217023,-1,162,87,2.2,89,2.2,1018.4,85,28.1,25.3,1.2,26
"2026-06-28 16:30:00",1165,41.37762,2.217015,6,192,108,4.02,110,3.88,1018.2,88,28.2,26.1,1.2,26.6
"2026-06-28 16:45:00",1166,41.37762,2.217015,7,181,114,3.65,116,3.44,1018.1,87,27.9,25.5,1.2,26.1
"2026-06-28 17:00:00",1167,41.37764,2.217008,6,182,92,2.79,94,2.79,1018.1,87,28.1,25.8,1.2,26.3
"2026-06-28 17:15:00",1168,41.37764,2.217028,5,188,94,2.92,96,2.85,1018,88,28,26,1.2,26.5
"2026-06-28 17:30:00",1169,41.37764,2.217037,5,196,107,3.44,109,3.28,1017.8,87,28,25.7,1.2,26.3
"2026-06-28 17:45:00",1170,41.37764,2.217037,7,190,104,2.96,106,3.06,1017.6,86,28,25.5,1.2,26.1
"2026-06-28 18:00:00",1171,41.37764,2.217063,7,194,99,2.14,101,2.19,1017.7,84,28.2,25.2,1.2,26
"2026-06-28 18:15:00",1172,41.37762,2.21707,-3,225,131,0.95,133,0.95,1017.7,81,28.5,25,1.2,25.9
"2026-06-28 18:30:00",1173,41.37762,2.217105,0,234,130,1.4,132,1.51,1017.6,81,28.4,25,1.2,25.9
"2026-06-28 18:45:00",1174,41.37762,2.217121,4,227,98,0.38,100,0.64,1017.8,81,28.4,24.8,1.2,25.7
"2026-06-28 19:00:00",1175,41.37762,2.217131,4,275,183,1.29,185,1.08,1018,81,28.4,24.9,1.2,25.8
"2026-06-28 19:15:00",1176,41.37762,2.217153,3,301,243,0.68,245,0.93,1018.2,82,28.3,25,1.2,25.9
"2026-06-28 19:30:00",1177,41.37762,2.217188,9,319,233,1.77,235,1.69,1018.6,83,28,25,1.2,25.8
"2026-06-28 19:45:00",1178,41.37762,2.217093,1,251,150,1.5,152,1.19,1018.7,83,27.9,24.8,1.2,25.6
"2026-06-28 20:00:00",1179,41.37761,2.217129,2,226,144,0.65,146,0.53,1018.7,81,28,24.6,1.2,25.5
"2026-06-28 20:15:00",1180,41.37761,2.217134,2,232,150,2.22,152,2.23,1018.6,81,28,24.4,1.2,25.4
"2026-06-28 20:30:00",1181,41.37759,2.217203,5,13,159,2.71,161,2.61,1018.2,82,28,24.6,1.2,25.5
"2026-06-28 20:45:00",1182,41.37759,2.217226,5,15,167,2.8,169,2.57,1018.1,83,28,24.8,1.2,25.6
"2026-06-28 21:00:00",1183,41.37759,2.217215,4,9,162,3.14,164,3.08,1017.9,85,28,25.2,1.2,25.9
"2026-06-28 21:15:00",1184,41.37756,2.217261,0,20,178,2.85,180,2.77,1018,87,27.7,25.4,1.2,26
"2026-06-28 21:30:00",1185,41.37755,2.21725,4,33,189,3.01,191,2.81,1018.2,88,27.3,25.3,1.2,25.8
"2026-06-28 21:45:00",1186,41.37755,2.217245,3,37,196,3.18,198,3.21,1018,88,27.5,25.4,1.2,25.9
"2026-06-28 22:00:00",1187,41.37752,2.217286,4,35,199,2.86,201,2.91,1018.3,90,27.3,25.5,1.2,26
"2026-06-28 22:15:00",1188,41.37756,2.217191,4,40,208,3.15,210,3.44,1018.3,91,27.3,25.8,1.2,26.2
"2026-06-28 22:30:00",1189,41.37756,2.21718,8,45,219,1.66,221,1.75,1018.2,88,27.3,25.1,1.2,25.7
"2026-06-28 22:45:00",1190,41.37756,2.217133,1,18,187,1.68,189,1.8,1018.2,87,27.1,24.8,1.2,25.4
"2026-06-28 23:00:00",1191,41.37758,2.217071,0,180,14,1.36,15.95,1.31,1018.3,88,27.3,25.2,1.2,25.7
"2026-06-28 23:15:00",1192,41.3776,2.217023,0,64,228,0.82,230,0.93,1018.5,84,27.2,24.5,1.2,25.2
"2026-06-28 23:30:00",1193,41.37733,2.217157,6,65,309,1.74,311,1.7,1018.6,89,27.3,25.3,1.2,25.8
"2026-06-28 23:45:00",1194,41.37845,2.21654,0,71,31,1.96,32.95,1.96,1018.5,92,27.2,25.8,1.2,26.1
"2026-06-29 00:00:00",1195,100,1000,7999,30,343,1000,"NAN",1.78,1018.6,92,27.1,25.6,1.2,26
"2026-06-29 00:15:00",1196,100,1000,7999,78,56,1000,"NAN",1.22,1018.8,91,27,25.5,1.2,25.9
"2026-06-29 00:30:00",1197,100,1000,7999,32,119,1000,"NAN",1.42,1018.5,91,27.1,25.6,1.2,26
"2026-06-29 00:45:00",1198,41.37749,2.216755,4,32,124,1.43,126,1.47,1018.2,90,27,25.4,1.2,25.8
"2026-06-29 01:00:00",1199,41.37749,2.217103,4,39,274,1.79,276,1.84,1018.1,68,27.9,21.6,1.2,23.4
"2026-06-29 01:15:00",1200,41.37736,2.217382,5,49,285,3.89,287,3.93,1018.2,55,29.1,19.3,1.2,22.4
"2026-06-29 01:30:00",1201,41.37716,2.217365,5,347,269,0.72,271,0.86,1018,54,29.4,19.3,1.2,22.6
"2026-06-29 01:45:00",1202,41.37715,2.217357,6,22,300,1.02,302,1.02,1017.6,55,29.1,19.4,1.2,22.5
"2026-06-29 02:00:00",1203,41.37696,2.217045,1,71,49,2.31,50.95,2.2,1017.4,65,28.6,21.6,1.2,23.7
"2026-06-29 02:15:00",1204,41.37694,2.21683,1,93,114,1.92,116,1.92,1017.6,66,28.5,21.6,1.2,23.6
"2026-06-29 02:30:00",1205,41.37701,2.216636,0,88,124,1.56,126,1.6,1017.6,79,27.8,23.9,1.2,24.9
"2026-06-29 02:45:00",1206,41.37698,2.216683,0,111,106,1.19,108,1.2,1017.4,83,27.8,24.8,1.2,25.6
"2026-06-29 03:00:00",1207,41.37701,2.216623,3,177,215,2.14,217,2.25,1018.2,73,27.5,22.3,1.2,23.7
"2026-06-29 03:15:00",1208,41.37703,2.216584,3,2,353,2.3,355,2.26,1018.4,81,27.9,24.4,1.2,25.3
"2026-06-29 03:30:00",1209,41.37695,2.216676,3,23,15,4.1,16.95,4.01,1018.3,91,26.8,25.3,1.2,25.7
"2026-06-29 03:45:00",1210,41.3769,2.216721,2,28,28,3.61,29.95,3.52,1018.4,89,26.7,24.8,1.2,25.3
"2026-06-29 04:00:00",1211,41.37694,2.21668,2,12,12,2.96,13.95,2.96,1018.6,89,26.6,24.7,1.2,25.2
"2026-06-29 04:15:00",1212,41.377,2.216595,3,40,54,3.76,55.95,3.76,1018.5,91,26.6,25.1,1.2,25.5
"2026-06-29 04:30:00",1213,41.377,2.216569,4,29,56,5.7,57.95,5.58,1018.5,84,26.7,23.9,1.2,24.6
"2026-06-29 04:45:00",1214,41.37704,2.216553,4,30,48,4.2,49.95,4.1,1018.5,86,26.6,24.1,1.2,24.8
"2026-06-29 05:00:00",1215,41.37703,2.21655,5,9,33,4.04,34.95,3.76,1018.5,85,26.6,24,1.2,24.7
"2026-06-29 05:15:00",1216,41.3771,2.21652,7,15,39,4.06,40.95,3.86,1018.5,86,26.5,24,1.2,24.7
"2026-06-29 05:30:00",1217,41.37712,2.216516,7,348,28,2.75,29.95,2.72,1018.7,89,26.6,24.6,1.2,25.1
"2026-06-29 05:45:00",1218,41.37715,2.216511,5,355,30,3.16,31.95,2.98,1018.7,87,26.3,24.1,1.2,24.7
"2026-06-29 06:00:00",1219,41.37717,2.216511,4,357,33,2.89,34.95,2.62,1018.7,86,26.4,24,1.2,24.6
"2026-06-29 06:15:00",1220,41.37728,2.216521,4,321,8,2.11,9.95,2.2,1018.8,85,26.5,23.9,1.2,24.6
"2026-06-29 06:30:00",1221,41.37748,2.216636,2,257,347,2.3,349,2.41,1019,79,26.7,22.7,1.2,23.8
"2026-06-29 06:45:00",1222,41.37757,2.216783,0,245,355,1.66,357,1.65,1019.2,73,27,21.8,1.2,23.3
"2026-06-29 07:00:00",1223,41.37758,2.216902,2,238,357,1.77,359,1.77,1019.2,77,26.9,22.7,1.2,23.8
"2026-06-29 07:15:00",1224,41.37757,2.216971,3,231,0,1.86,1.95,1.68,1019.3,78,27,22.9,1.2,24
"2026-06-29 07:30:00",1225,41.37757,2.217028,4,232,349,2.91,351,2.87,1019.3,74,27,22.2,1.2,23.5
"2026-06-29 07:45:00",1226,41.37757,2.217121,2,211,353,1.43,355,1.41,1019.5,74,27,22,1.2,23.4
"2026-06-29 08:00:00",1227,41.37751,2.217028,9,198,341,2.98,343,2.87,1019.5,71,27,21.5,1.2,23.1
"2026-06-29 08:15:00",1228,41.37751,2.217233,8,169,333,2.38,335,2.33,1019.6,70,27.2,21.4,1.2,23.1
"2026-06-29 08:30:00",1229,41.37754,2.217546,12,155,329,3.55,331,3.44,1019.6,69,27.3,21.1,1.2,22.9
"2026-06-29 08:45:00",1230,41.37746,2.217288,7,193,346,3.1,348,3.1,1019.6,72,27.7,22.2,1.2,23.7
"2026-06-29 09:00:00",1231,41.37751,2.217256,4,218,9,2.55,10.95,2.44,1019.7,70,27.8,21.9,1.2,23.6
"2026-06-29 09:15:00",1232,41.37753,2.217206,0,219,10,1.49,11.95,1.37,1019.9,66,28.3,21.4,1.2,23.5
"2026-06-29 09:30:00",1233,41.3776,2.217064,-4,253,30,1.77,31.95,1.77,1019.9,62,28.6,20.7,1.2,23.1
"2026-06-29 09:45:00",1234,41.37769,2.216931,-12,301,77,0.98,78.95,0.98,1020.1,68,28.8,22.5,1.2,24.3
"2026-06-29 10:00:00",1235,41.37756,2.217216,-5,347,119,1.13,121,1.13,1020,69,28.8,22.5,1.2,24.3
"2026-06-29 10:15:00",1236,41.37762,2.217021,-3,5,132,1.62,134,1.66,1020,66,28.8,22,1.2,24
"2026-06-29 10:30:00",1237,41.37764,2.216905,0,28,157,1.66,159,1.66,1020,72,28.7,23.2,1.2,24.7
"2026-06-29 10:45:00",1238,41.37764,2.2168,2,30,158,3.39,160,3.58,1020.1,77,28,23.6,1.2,24.8
"2026-06-29 11:00:00",1239,41.37765,2.217009,8,36,165,4.05,167,4.21,1020.2,76,27.9,23.4,1.2,24.6
"2026-06-29 11:15:00",1240,41.37764,2.216986,8,39,172,3.69,174,3.82,1020.1,80,27.8,24.1,1.2,25.1
"2026-06-29 11:30:00",1241,41.37764,2.217016,5,44,175,3.66,177,3.91,1020.1,79,27.7,23.7,1.2,24.8
"2026-06-29 11:45:00",1242,41.37762,2.216998,3,41,172,4.45,174,4.57,1020.1,78,27.7,23.6,1.2,24.7
"2026-06-29 12:00:00",1243,41.37762,2.21702,2,42,176,4.15,178,4.24,1020.1,82,27.8,24.4,1.2,25.3
"2026-06-29 12:15:00",1244,41.37772,2.217133,1,37,171,5.49,173,5.47,1020.1,80,27.7,24,1.2,25
"2026-06-29 12:30:00",1245,41.37774,2.217153,0,52,182,5.31,184,5.32,1020,79,27.6,23.8,1.2,24.8
"2026-06-29 12:45:00",1246,100,1000,7999,60,198,1000,"NAN",5.72,1020,82,27.7,24.4,1.2,25.2
"2026-06-29 13:00:00",1247,100,1000,7999,62,201,1000,"NAN",5.96,1020.2,80,27.7,24.1,1.2,25
"2026-06-29 13:15:00",1248,100,1000,7999,62,197,1000,"NAN",5.31,1020,81,27.8,24.4,1.2,25.3
"2026-06-29 13:30:00",1249,41.37762,2.217148,3,66,202,6.19,204,6.12,1020,81,27.8,24.3,1.2,25.2
"2026-06-29 13:45:00",1250,41.37762,2.217182,1,58,193,7.46,195,7.49,1019.7,82,27.8,24.4,1.2,25.3
"2026-06-29 14:00:00",1251,41.3776,2.217209,4,52,197,6.14,199,6.11,1019.7,82,27.6,24.4,1.2,25.3
"2026-06-29 14:15:00",1252,41.37759,2.217193,8,50,196,8.05,198,7.77,1019.6,82,27.7,24.4,1.2,25.3
"2026-06-29 14:30:00",1253,41.3776,2.217209,7,64,214,7.12,216,6.66,1019.4,83,27.6,24.6,1.2,25.4
"2026-06-29 14:45:00",1254,41.37759,2.217213,7,50,198,7.91,200,7.8,1019.3,83,27.6,24.6,1.2,25.4
"2026-06-29 15:00:00",1255,41.37759,2.217213,0,48,197,7.04,199,6.97,1019.1,84,27.5,24.6,1.2,25.3
"2026-06-29 15:15:00",1256,41.3776,2.217206,3,42,193,6.81,195,6.81,1019.3,84,27.4,24.7,1.2,25.4
"2026-06-29 15:30:00",1257,41.37759,2.21722,1,49,202,7.67,204,7.69,1019.2,84,27.4,24.6,1.2,25.3
"2026-06-29 15:45:00",1258,41.3776,2.217206,1,54,209,7.34,211,7.5,1019,84,27.4,24.5,1.2,25.3
"2026-06-29 16:00:00",1259,41.3776,2.217221,1,36,198,7.79,200,7.63,1018.9,85,27.4,24.6,1.2,25.3
"2026-06-29 16:15:00",1260,41.37757,2.217247,1,35,196,6.89,198,6.9,1018.9,85,27.4,24.6,1.2,25.3
"2026-06-29 16:30:00",1261,41.37759,2.21724,3,38,198,6.81,200,6.76,1018.9,84,27.4,24.6,1.2,25.3
"2026-06-29 16:45:00",1262,41.37759,2.217243,2,37,199,6.82,201,6.65,1018.7,85,27.4,24.7,1.2,25.4
"2026-06-29 17:00:00",1263,41.37759,2.217231,4,36,200,7.77,202,7.7,1018.5,84,27.4,24.6,1.2,25.3
"2026-06-29 17:15:00",1264,41.37757,2.21724,4,27,196,6.23,198,6.24,1018.6,83,27.4,24.4,1.2,25.2
"2026-06-29 17:30:00",1265,41.37764,2.217093,-10,28,196,5.14,198,5.15,1018.5,83,27.4,24.3,1.2,25.1
"2026-06-29 17:45:00",1266,41.37764,2.217095,-10,22,188,5.75,190,5.58,1018.4,84,27.4,24.5,1.2,25.2
"2026-06-29 18:00:00",1267,41.37756,2.217229,-2,32,201,4.4,203,4.41,1018.4,81,27.5,24.2,1.2,25
"2026-06-29 18:15:00",1268,41.37748,2.217346,0,18,187,6.24,189,6.17,1018.3,81,27.5,24,1.2,24.9
"2026-06-29 18:30:00",1269,41.37741,2.217458,8,27,195,5.41,197,5.41,1018.1,79,27.6,23.8,1.2,24.8
"2026-06-29 18:45:00",1270,41.37762,2.217165,-2,30,200,5.29,202,5.23,1017.9,78,27.6,23.4,1.2,24.5
"2026-06-29 19:00:00",1271,41.37755,2.217291,2,27,203,4.4,205,4.35,1018,78,27.6,23.4,1.2,24.6
"2026-06-29 19:15:00",1272,41.37752,2.217336,8,29,202,4,204,3.98,1018,77,27.5,23.1,1.2,24.3
"2026-06-29 19:30:00",1273,41.37751,2.217409,13,21,193,3.67,195,3.56,1017.9,77,27.5,23.2,1.2,24.4
"2026-06-29 19:45:00",1274,41.37751,2.217408,10,30,200,3.66,202,3.6,1017.8,75,27.7,23,1.2,24.3
"2026-06-29 20:00:00",1275,41.37755,2.217433,16,35,198,3.62,200,3.62,1017.9,75,27.7,22.9,1.2,24.2
"2026-06-29 20:15:00",1276,41.37753,2.217247,2,39,206,3.5,208,3.48,1017.9,76,27.4,22.9,1.2,24.1
"2026-06-29 20:30:00",1277,41.37752,2.217255,2,35,202,3.92,204,3.86,1017.9,75,27.4,22.6,1.2,23.9
"2026-06-29 20:45:00",1278,41.37753,2.217243,4,41,212,2.96,214,2.96,1018,74,27.7,22.8,1.2,24.2
"2026-06-29 21:00:00",1279,41.37751,2.217261,2,43,225,4.05,227,4.06,1017.9,72,27.6,22.1,1.2,23.6
"2026-06-29 21:15:00",1280,41.37748,2.21732,3,54,233,3.27,235,3.28,1018,73,27.4,22.2,1.2,23.7
"2026-06-29 21:30:00",1281,41.37749,2.217291,2,45,229,2.83,231,2.85,1018.1,73,27.5,22.3,1.2,23.8
"2026-06-29 21:45:00",1282,41.37749,2.217308,1,47,228,3.3,230,3.46,1018.1,67,28,21.4,1.2,23.3
"2026-06-29 22:00:00",1283,41.3775,2.217291,4,50,226,3.51,228,3.54,1018.3,69,27.7,21.5,1.2,23.3
"2026-06-29 22:15:00",1284,41.37753,2.217224,6,46,221,2.91,223,2.97,1018.5,68,27.5,21.1,1.2,23
"2026-06-29 22:30:00",1285,41.37756,2.217123,4,51,216,2.27,218,2.34,1018.8,69,27.5,21.4,1.2,23.2
"2026-06-29 22:45:00",1286,41.37756,2.217015,1,53,199,2.11,201,2.12,1018.9,69,27.4,21.2,1.2,23
"2026-06-29 23:00:00",1287,41.37757,2.21694,2,82,230,1.74,232,1.74,1019.1,71,27.2,21.6,1.2,23.2
"2026-06-29 23:15:00",1288,41.37757,2.216938,3,88,229,1.83,231,1.88,1019.2,69,27.2,21.2,1.2,22.9
"2026-06-29 23:30:00",1289,41.3776,2.21693,5,101,225,1.93,227,1.99,1019.4,69,27.1,20.9,1.2,22.8
"2026-06-29 23:45:00",1290,41.37759,2.216911,3,83,207,2.04,209,2.07,1019.3,72,26.5,21.1,1.2,22.7
"2026-06-30 00:00:00",1291,41.37757,2.216986,6,84,218,2.25,220,2.28,1019.3,76,26.3,21.9,1.2,23.1
"2026-06-30 00:15:00",1292,41.37756,2.217008,5,84,220,1.5,222,1.55,1019.5,77,26.2,21.9,1.2,23.1
"2026-06-30 00:30:00",1293,41.37759,2.217071,0,79,220,1.04,222,1.08,1019.4,77,26,21.8,1.2,22.9
"2026-06-30 00:45:00",1294,41.37762,2.217083,-1,79,216,1.24,218,1.27,1019.4,72,26.3,21,1.2,22.5
"2026-06-30 01:00:00",1295,41.37759,2.217085,2,0,141,1.5,143,1.47,1019.4,76,26.4,22,1.2,23.2
"2026-06-30 01:15:00",1296,41.37759,2.217138,3,33,171,0.79,173,0.78,1019.6,72,26.4,21,1.2,22.6
"2026-06-30 01:30:00",1297,41.37757,2.217163,5,236,20,1.98,21.95,1.99,1019.7,87,26.2,23.9,1.2,24.5
"2026-06-30 01:45:00",1298,41.37753,2.217365,6,227,15,3.22,16.95,3.22,1019.6,89,25.9,24,1.2,24.5
"2026-06-30 02:00:00",1299,41.37761,2.217461,8,215,20,1.65,21.95,1.66,1019.7,90,25.7,23.9,1.2,24.4
"2026-06-30 02:15:00",1300,41.37755,2.217411,-5,176,350,2.1,352,2.1,1019.7,89,25.6,23.8,1.2,24.3
"2026-06-30 02:30:00",1301,41.37744,2.217316,0,195,3,2.16,4.95,2.02,1019.8,88,25.7,23.5,1.2,24.1
"2026-06-30 02:45:00",1302,41.37746,2.21725,1,150,314,1.05,316,1.04,1019.8,87,25.8,23.4,1.2,24
"2026-06-30 03:00:00",1303,41.37753,2.217157,1,206,355,0.58,357,0.53,1019.7,84,25.8,23,1.2,23.8
"2026-06-30 03:15:00",1304,41.37759,2.217085,1,242,14,1.12,15.95,1.07,1019.6,82,25.9,22.6,1.2,23.5
"2026-06-30 03:30:00",1305,41.37759,2.216996,5,172,317,0.98,319,0.94,1019.3,82,26,22.7,1.2,23.6
"2026-06-30 03:45:00",1306,41.37756,2.217018,5,233,9,1.94,10.95,1.94,1019.3,77,26.1,21.9,1.2,23
"2026-06-30 04:00:00",1307,41.37761,2.216955,4,245,10,1.51,11.95,1.51,1019.1,74,26.1,21.2,1.2,22.6
"2026-06-30 04:15:00",1308,41.37758,2.216948,5,257,24,0.61,25.95,0.58,1019,72,26,20.6,1.2,22.2
"2026-06-30 04:30:00",1309,41.37756,2.216956,5,207,10,0.16,11.95,0.05,1019,72,25.9,20.4,1.2,22
"2026-06-30 04:45:00",1310,41.37758,2.216926,6,169,329,0.33,331,0.28,1019,75,25.8,21,1.2,22.4
"2026-06-30 05:00:00",1311,41.37757,2.216933,8,149,307,0.4,309,0.41,1019,72,25.8,20.5,1.2,22
"2026-06-30 05:15:00",1312,41.37756,2.216896,9,186,327,0.37,329,0.33,1019.1,71,25.9,20.3,1.2,21.9
"2026-06-30 05:30:00",1313,41.37756,2.216854,8,216,355,0.63,357,0.42,1019.1,71,25.9,20.4,1.2,22
"2026-06-30 05:45:00",1314,41.37752,2.216848,5,230,8,1.04,9.95,0.97,1019.1,72,25.9,20.7,1.2,22.2
"2026-06-30 06:00:00",1315,41.37752,2.216813,6,27,151,0.85,153,0.99,1019.2,77,25.7,21.4,1.2,22.6
"2026-06-30 06:15:00",1316,41.37749,2.216758,4,65,204,0.88,206,0.88,1019.1,78,25.6,21.5,1.2,22.7
"2026-06-30 06:30:00",1317,41.37746,2.216703,3,96,221,0.45,223,0.55,1019.3,76,25.3,20.8,1.2,22.1
"2026-06-30 06:45:00",1318,41.37744,2.216633,2,163,278,0.45,280,0.47,1019.2,81,25.4,22,1.2,23
"2026-06-30 07:00:00",1319,41.37744,2.216596,3,304,37,0.8,38.95,0.7,1019.1,83,25.5,22.5,1.2,23.3
"2026-06-30 07:15:00",1320,41.3774,2.216568,5,332,50,0.28,51.95,0.19,1019.2,82,26,22.8,1.2,23.6
"2026-06-30 07:30:00",1321,41.37741,2.216574,5,80,180,0.77,182,0.79,1019.3,73,26.2,21,1.2,22.5
"2026-06-30 07:45:00",1322,41.37746,2.216635,3,46,154,0.64,156,0.64,1019.3,76,25.6,21.2,1.2,22.5
"2026-06-30 08:00:00",1323,41.37759,2.216884,-12,61,167,0.98,169,1.08,1019.3,67,26.1,19.7,1.2,21.6
"2026-06-30 08:15:00",1324,41.37756,2.216806,-4,54,149,0.47,151,0.62,1019.4,73,26.2,21.1,1.2,22.6
"2026-06-30 08:30:00",1325,41.37756,2.216808,-1,14,134,1.27,136,1.27,1019.3,70,26.6,20.8,1.2,22.5
"2026-06-30 08:45:00",1326,41.37754,2.216771,5,5,107,0.7,109,0.74,1019.3,70,27.4,21.6,1.2,23.3
"2026-06-30 09:00:00",1327,41.37752,2.216781,7,255,344,0.37,346,0.45,1019.3,65,27.4,20.3,1.2,22.5
"2026-06-30 09:15:00",1328,41.37758,2.216961,3,63,245,3.49,247,3.45,1019.2,62,27.4,19.6,1.2,22.1
"2026-06-30 09:30:00",1329,41.37756,2.217141,2,89,253,2.75,255,2.73,1019.4,65,27.3,20.3,1.2,22.4
"2026-06-30 09:45:00",1330,41.37751,2.217258,3,69,251,3.4,253,3.39,1019.3,64,27.6,20.2,1.2,22.4
"2026-06-30 10:00:00",1331,41.37748,2.21733,2,49,246,4.3,248,4.3,1019.2,62,27.7,19.8,1.2,22.3
"2026-06-30 10:15:00",1332,41.37743,2.217395,2,51,247,4.34,249,4.25,1019.1,61,28,19.8,1.2,22.4
"2026-06-30 10:30:00",1333,41.37741,2.217391,3,41,232,3.52,234,3.53,1019,62,27.9,20.1,1.2,22.5
"2026-06-30 10:45:00",1334,41.37738,2.217423,2,16,214,2.52,216,2.52,1018.9,61,28.4,20.3,1.2,22.8
"2026-06-30 11:00:00",1335,41.37746,2.217336,3,9,184,4.12,186,4.12,1018.8,80,26.2,22.5,1.2,23.5
"2026-06-30 11:15:00",1336,41.37754,2.217253,4,14,181,5.4,183,5.4,1018.9,78,26.1,22.1,1.2,23.2
"2026-06-30 11:30:00",1337,41.37756,2.21722,4,35,195,5.45,197,5.35,1018.8,77,26.2,22,1.2,23.1
"2026-06-30 11:45:00",1338,41.37759,2.217143,4,27,187,5.31,189,5.31,1018.7,80,26.1,22.5,1.2,23.5
"2026-06-30 12:00:00",1339,41.37759,2.217115,4,29,189,5.65,191,5.62,1018.6,81,26.1,22.6,1.2,23.5
"2026-06-30 12:15:00",1340,41.37768,2.217245,5,29,194,4.51,196,4.51,1018.6,80,26.2,22.5,1.2,23.5
"2026-06-30 12:30:00",1341,100,1000,7999,35,194,1000,"NAN",4.58,1018.6,81,26.2,22.8,1.2,23.7
"2026-06-30 12:45:00",1342,100,1000,7999,32,196,1000,"NAN",4.79,1018.6,81,26.2,22.7,1.2,23.7
"2026-06-30 13:00:00",1343,100,1000,7999,34,193,1000,"NAN",5.92,1018.7,82,26.2,22.9,1.2,23.8
"2026-06-30 13:15:00",1344,100,1000,7999,38,194,1000,"NAN",5.9,1018.6,82,26.2,22.9,1.2,23.8
"2026-06-30 13:30:00",1345,41.37759,2.21711,4,34,192,4.49,194,4.38,1018.6,83,26.1,23.1,1.2,23.9
"2026-06-30 13:45:00",1346,41.3776,2.21712,2,40,200,6.03,202,6.01,1018.5,85,26,23.4,1.2,24.1
"2026-06-30 14:00:00",1347,41.3776,2.217115,5,37,190,5.45,192,5.34,1018.5,82,26.1,22.8,1.2,23.7
"2026-06-30 14:15:00",1348,41.37761,2.217131,5,32,193,6.72,195,6.56,1018.2,82,26.2,22.9,1.2,23.8
"2026-06-30 14:30:00",1349,41.37759,2.217173,3,28,192,5.41,194,5.3,1018.1,82,26.3,23,1.2,23.9
"2026-06-30 14:45:00",1350,41.37756,2.217211,2,38,207,5.49,209,5.22,1018,81,26.3,22.7,1.2,23.7
"2026-06-30 15:00:00",1351,41.37758,2.217168,1,32,192,4.75,194,4.69,1017.9,79,26.5,22.7,1.2,23.7
"2026-06-30 15:15:00",1352,41.3776,2.217116,2,15,174,5.11,176,5.09,1017.8,79,26.5,22.7,1.2,23.7
"2026-06-30 15:30:00",1353,41.37762,2.217073,2,15,172,4.45,174,4.53,1017.8,80,26.6,22.9,1.2,23.9
"2026-06-30 15:45:00",1354,41.37764,2.217033,2,12,164,4.29,166,4.48,1017.9,80,26.7,23,1.2,24
"2026-06-30 16:00:00",1355,41.37764,2.217028,1,13,168,3.86,170,3.74,1017.9,81,26.7,23.2,1.2,24.1
"2026-06-30 16:15:00",1356,41.37762,2.216975,0,359,155,2.81,157,2.8,1017.8,83,26.6,23.5,1.2,24.3
"2026-06-30 16:30:00",1357,41.37759,2.217011,4,330,120,2.2,122,2.04,1017.7,86,26.4,24,1.2,24.6
"2026-06-30 16:45:00",1358,41.3776,2.217001,4,354,142,2.11,144,2,1017.8,83,26.7,23.5,1.2,24.4
"2026-06-30 17:00:00",1359,41.37759,2.216998,5,359,149,2.53,151,2.48,1017.7,84,26.8,23.9,1.2,24.6
"2026-06-30 17:15:00",1360,41.37759,2.216981,6,350,141,2.16,143,2.06,1017.8,85,26.7,24.1,1.2,24.8
"2026-06-30 17:30:00",1361,41.37759,2.216951,6,342,137,1.79,139,1.67,1017.8,86,26.7,24.2,1.2,24.9
"2026-06-30 17:45:00",1362,41.37759,2.216858,3,349,122,2.41,124,2.44,1017.7,87,26.7,24.4,1.2,25
"2026-06-30 18:00:00",1363,41.37756,2.216805,3,358,122,2.13,124,2.21,1017.6,87,26.8,24.4,1.2,25
"2026-06-30 18:15:00",1364,41.37756,2.216773,5,0,120,2.7,122,2.8,1017.6,86,26.8,24.3,1.2,24.9
"2026-06-30 18:30:00",1365,41.37761,2.216718,5,359,112,2.26,114,2.37,1017.7,86,26.8,24.3,1.2,25
"2026-06-30 18:45:00",1366,41.37764,2.216794,1,18,133,1.23,135,1.46,1017.7,86,26.8,24.4,1.2,25
"2026-06-30 19:00:00",1367,41.37762,2.21682,2,6,129,2.57,131,2.57,1017.7,86,26.9,24.4,1.2,25
"2026-06-30 19:15:00",1368,41.37764,2.216921,4,359,121,2.67,123,2.54,1017.8,86,26.9,24.4,1.2,25
"2026-06-30 19:30:00",1369,41.37762,2.216902,1,0,124,2.59,126,2.52,1017.8,86,26.8,24.4,1.2,25
"2026-06-30 19:45:00",1370,41.37762,2.216913,2,3,133,1.91,135,1.9,1017.8,85,26.8,24.2,1.2,24.9
"2026-06-30 20:00:00",1371,41.3776,2.216963,5,337,120,2.54,122,2.49,1017.8,86,26.6,24.2,1.2,24.8
"2026-06-30 20:15:00",1372,41.37762,2.216983,8,16,143,2.36,145,2.36,1017.7,87,26.5,24.2,1.2,24.8
"2026-06-30 20:30:00",1373,41.37759,2.216975,4,0,132,2,134,2,1017.7,87,26.4,24.2,1.2,24.7
"2026-06-30 20:45:00",1374,41.37758,2.217003,2,344,107,1.72,109,1.63,1017.9,88,26.2,24.1,1.2,24.6
"2026-06-30 21:00:00",1375,41.37759,2.217008,4,8,120,1.25,122,1.32,1017.9,89,26.2,24.2,1.2,24.7
"2026-06-30 21:15:00",1376,41.37759,2.217025,2,350,105,1.44,107,1.45,1018,89,26.1,24.2,1.2,24.7
"2026-06-30 21:30:00",1377,41.37759,2.217093,4,348,117,1.11,119,1.14,1018.2,89,26,24.1,1.2,24.6
"2026-06-30 21:45:00",1378,41.37759,2.217118,3,303,63,2.29,64.95,2.05,1018.4,90,25.9,24.2,1.2,24.6
"2026-06-30 22:00:00",1379,41.37759,2.217113,3,24,162,2.07,164,2.29,1018.6,90,26.2,24.4,1.2,24.8
"2026-06-30 22:15:00",1380,41.37759,2.217125,8,2,156,0.96,158,0.87,1018.7,91,25.9,24.3,1.2,24.7
"2026-06-30 22:30:00",1381,41.37756,2.217103,2,11,158,1.34,160,1.34,1018.8,91,25.7,24.3,1.2,24.6
"2026-06-30 22:45:00",1382,41.37756,2.217101,2,312,170,0.49,172,0.14,1018.9,92,25.3,24,1.2,24.4
"2026-06-30 23:00:00",1383,41.37757,2.217074,6,44,120,0.13,122,0.22,1019.2,92,25.4,24.1,1.2,24.4
"2026-06-30 23:15:00",1384,41.37758,2.217061,5,242,33,0.23,34.95,0.1,1019.3,92,25.4,24,1.2,24.3
"2026-06-30 23:30:00",1385,41.37756,2.217081,4,83,239,0.34,241,0.42,1019.3,91,25.4,23.9,1.2,24.3
"2026-06-30 23:45:00",1386,41.37756,2.217066,5,69,228,0.68,230,0.75,1019.2,90,25.1,23.5,1.2,23.9
"2026-07-01 00:00:00",1387,41.37756,2.217066,5,67,212,2.11,214,2.21,1019.2,89,25.2,23.4,1.2,23.8
"2026-07-01 00:15:00",1388,41.37757,2.217106,5,39,206,2.79,208,2.87,1019.1,89,25.3,23.4,1.2,23.8
"2026-07-01 00:30:00",1389,41.37762,2.217133,3,55,211,2.42,213,2.57,1018.9,87,25.4,23.2,1.2,23.8
"2026-07-01 00:45:00",1390,41.37768,2.217131,3,54,207,3.11,209,3.11,1018.8,87,25.4,23.2,1.2,23.8
"2026-07-01 01:00:00",1391,41.37756,2.217105,12,38,199,2.02,201,2.2,1018.8,87,25.3,23.1,1.2,23.7
"2026-07-01 01:15:00",1392,100,1000,7999,59,217,1000,"NAN",2.32,1018.8,88,25.3,23.1,1.2,23.7
"2026-07-01 01:30:00",1393,100,1000,7999,73,224,1000,"NAN",1.39,1018.8,89,25,23.1,1.2,23.6
"2026-07-01 01:45:00",1394,100,1000,7999,53,218,1000,"NAN",1.62,1018.7,89,25,23,1.2,23.5
"2026-07-01 02:00:00",1395,41.37756,2.217205,2,73,224,1.64,226,1.58,1018.8,89,25.1,23.1,1.2,23.6
"2026-07-01 02:15:00",1396,41.37755,2.217224,7,62,216,2.18,218,2.11,1018.8,89,25.1,23.2,1.2,23.6
"2026-07-01 02:30:00",1397,41.37756,2.217185,7,71,225,3.13,227,3.01,1018.5,87,25.3,23.2,1.2,23.7
"2026-07-01 02:45:00",1398,41.37756,2.217185,6,82,244,1.74,246,1.74,1018.5,87,25.5,23.3,1.2,23.9
"2026-07-01 03:00:00",1399,41.37756,2.217146,7,73,225,1.93,227,1.93,1018.4,86,25.6,23.2,1.2,23.8
"2026-07-01 03:15:00",1400,41.37755,2.21718,5,56,226,2.81,228,2.77,1018.4,85,25.9,23.2,1.2,23.9
"2026-07-01 03:30:00",1401,41.37753,2.217191,4,69,235,2.14,237,2.07,1018.4,85,25.6,23,1.2,23.7
"2026-07-01 03:45:00",1402,41.37752,2.217206,4,78,247,1.74,249,1.75,1018.3,86,25.5,23,1.2,23.7
"2026-07-01 04:00:00",1403,41.37753,2.217215,4,86,265,1.96,267,1.98,1018.1,86,25.4,23,1.2,23.6
"2026-07-01 04:15:00",1404,41.37748,2.217293,4,47,246,3.1,248,3.12,1018.2,84,25.7,22.8,1.2,23.6
"2026-07-01 04:30:00",1405,41.37745,2.21734,6,50,252,2.58,254,2.6,1018.1,84,25.7,22.8,1.2,23.6
"2026-07-01 04:45:00",1406,41.37746,2.217303,7,34,232,1.73,234,1.78,1018.2,84,25.5,22.6,1.2,23.4
"2026-07-01 05:00:00",1407,41.37741,2.217321,7,36,241,2.06,243,2.08,1018.1,82,25.5,22.3,1.2,23.2
"2026-07-01 05:15:00",1408,41.37733,2.21738,7,28,250,1.68,252,1.68,1017.9,81,25.7,22.2,1.2,23.2
"2026-07-01 05:30:00",1409,41.37726,2.217403,7,5,237,1.54,239,1.57,1017.7,81,25.8,22.3,1.2,23.2
"2026-07-01 05:45:00",1410,41.3772,2.217403,6,1,241,1.19,243,1.22,1017.7,80,25.5,22,1.2,23
"2026-07-01 06:00:00",1411,41.37716,2.217401,5,318,201,0.78,203,0.85,1017.8,81,25.3,21.8,1.2,22.8
"2026-07-01 06:15:00",1412,41.3771,2.217357,5,336,227,2.11,229,2.13,1017.9,84,25.2,22.3,1.2,23
"2026-07-01 06:30:00",1413,41.37717,2.217399,4,358,236,2.04,238,2.06,1017.8,73,25.7,20.6,1.2,22.1
"2026-07-01 06:45:00",1414,41.37704,2.217247,5,115,62,1.44,63.95,1.45,1017.9,80,25.6,21.9,1.2,23
"2026-07-01 07:00:00",1415,41.37687,2.216973,2,31,342,4.37,344,4.37,1018,75,25.4,20.7,1.2,22.1
"2026-07-01 07:15:00",1416,41.37685,2.216992,6,29,328,5.27,330,5.18,1018,65,25.6,18.5,1.2,20.8
"2026-07-01 07:30:00",1417,41.37687,2.216968,4,22,322,2.89,324,2.89,1018.2,67,25.6,19.1,1.2,21.1
"2026-07-01 07:45:00",1418,41.37688,2.216956,1,20,332,3.82,334,3.67,1018.2,69,25.4,19.3,1.2,21.2
"2026-07-01 08:00:00",1419,41.37688,2.216996,-1,22,334,3.91,336,3.82,1018.5,67,25.6,19.2,1.2,21.2
"2026-07-01 08:15:00",1420,41.37695,2.217373,0,18,320,5.09,322,5.04,1018.6,64,25.5,18.2,1.2,20.5
"2026-07-01 08:30:00",1421,41.3769,2.217476,9,21,323,5.17,325,5.07,1018.6,61,25.5,17.6,1.2,20.2
"2026-07-01 08:45:00",1422,41.37682,2.216888,6,18,338,4.76,340,4.71,1018.7,64,25.7,18.4,1.2,20.7
"2026-07-01 09:00:00",1423,41.37684,2.216853,7,35,1,5.58,2.95,5.58,1018.8,65,25.7,18.8,1.2,21
"2026-07-01 09:15:00",1424,41.37684,2.216798,6,14,338,3.8,340,3.8,1018.7,67,26,19.5,1.2,21.5
"2026-07-01 09:30:00",1425,41.37684,2.21677,8,21,345,2.09,347,2.01,1018.7,67,26.3,19.7,1.2,21.7
"2026-07-01 09:45:00",1426,41.3769,2.216703,0,46,21,2.46,22.95,2.46,1018.6,68,26.4,20.1,1.2,22
"2026-07-01 10:00:00",1427,41.37691,2.216683,-2,80,53,1.85,54.95,1.85,1018.7,72,26.3,21.1,1.2,22.6
"2026-07-01 10:15:00",1428,41.3769,2.216688,-1,88,68,2.84,69.95,2.84,1018.5,81,25.9,22.5,1.2,23.4
"2026-07-01 10:30:00",1429,41.37696,2.216613,1,86,72,2.02,73.95,2.02,1018.9,84,25.7,22.8,1.2,23.6
"2026-07-01 10:45:00",1430,41.37697,2.216608,1,69,68,3.28,69.95,3.29,1018.7,83,25.6,22.7,1.2,23.5
"2026-07-01 11:00:00",1431,41.377,2.216598,2,84,80,2.4,82,2.49,1018.8,85,25.7,23.1,1.2,23.7
"2026-07-01 11:15:00",1432,41.37701,2.21656,0,72,78,1.61,79.95,1.62,1018.7,86,25.9,23.4,1.2,24
"2026-07-01 11:30:00",1433,41.377,2.216571,0,45,47,2.34,48.95,2.34,1018.8,87,25.9,23.6,1.2,24.2
"2026-07-01 11:45:00",1434,41.37701,2.216546,-1,52,52,2.33,53.95,2.32,1018.8,88,25.9,23.8,1.2,24.3
"2026-07-01 12:00:00",1435,41.377,2.216514,2,47,53,5.09,54.95,5.08,1018.7,85,25.9,23.2,1.2,23.9
"2026-07-01 12:15:00",1436,41.37711,2.216478,-3,72,100,4.19,102,4.32,1018.7,81,25.9,22.4,1.2,23.4
"2026-07-01 12:30:00",1437,41.37712,2.216483,-4,67,102,5.39,104,5.49,1018.9,80,25.9,22.2,1.2,23.2
"2026-07-01 12:45:00",1438,41.37717,2.216413,8,59,118,6.08,120,6.12,1018.8,79,25.9,22,1.2,23.1
"2026-07-01 13:00:00",1439,41.37719,2.216396,9,75,142,5.66,144,5.67,1018.8,80,25.9,22.3,1.2,23.3
"2026-07-01 13:15:00",1440,41.37731,2.216468,-3,63,129,4.17,131,4.22,1018.9,80,25.9,22.3,1.2,23.3
"2026-07-01 13:30:00",1441,41.37749,2.216584,-21,57,130,5.11,132,5.16,1018.7,79,25.9,22,1.2,23
"2026-07-01 13:45:00",1442,41.37736,2.216478,6,49,128,5.02,130,5.11,1018.6,81,25.7,22.3,1.2,23.2
"2026-07-01 14:00:00",1443,41.37849,2.21758,-8,31,146,5.75,148,5.4,1018.6,81,25.7,22.3,1.2,23.2
"2026-07-01 14:15:00",1444,41.37736,2.21648,-8,35,122,3.43,124,3.42,1018.6,82,25.7,22.5,1.2,23.3
"2026-07-01 14:30:00",1445,41.37738,2.216496,-7,36,123,2.98,125,2.96,1018.5,82,25.8,22.6,1.2,23.4
"2026-07-01 14:45:00",1446,41.37744,2.216533,-10,26,115,2.88,117,2.69,1018.4,83,25.9,22.8,1.2,23.6
"2026-07-01 15:00:00",1447,41.37755,2.216658,-3,10,115,4.61,117,4.46,1018.3,83,26,22.9,1.2,23.7
"2026-07-01 15:15:00",1448,41.37759,2.216718,-2,2,105,4.56,107,4.54,1018.3,83,25.9,23,1.2,23.8
"2026-07-01 15:30:00",1449,41.37762,2.216768,0,1,108,3.7,110,3.62,1018.3,84,26.1,23.3,1.2,24
"2026-07-01 15:45:00",1450,41.37764,2.216916,-9,4,121,5.46,123,5.34,1018.2,83,26.2,23.1,1.2,24
"2026-07-01 16:00:00",1451,41.37768,2.21704,-15,7,129,4.14,131,4.14,1018.1,76,26.4,22,1.2,23.3
"2026-07-01 16:15:00",1452,41.3778,2.217003,-28,28,153,3.63,155,3.67,1018,78,26.5,22.4,1.2,23.5
"2026-07-01 16:30:00",1453,41.37754,2.216986,7,15,156,3.3,158,3.16,1018.1,78,26.4,22.3,1.2,23.5
"2026-07-01 16:45:00",1454,41.37762,2.217008,0,31,153,2.52,155,2.49,1018,75,26.5,21.8,1.2,23.1
"2026-07-01 17:00:00",1455,41.3776,2.217083,1,354,119,2.99,121,2.96,1017.9,77,26.6,22.4,1.2,23.5
"2026-07-01 17:15:00",1456,41.37762,2.217034,0,327,111,4.35,113,3.93,1018,82,26.4,23.2,1.2,24
"2026-07-01 17:30:00",1457,41.37762,2.217005,0,23,146,3.97,148,3.7,1018,77,26.5,22.3,1.2,23.4
"2026-07-01 17:45:00",1458,41.37762,2.216745,1,41,151,4.72,153,4.45,1017.9,78,26.5,22.4,1.2,23.5
"2026-07-01 18:00:00",1459,41.37762,2.216331,5,34,137,4.75,139,4.46,1017.7,79,26.4,22.5,1.2,23.6
"2026-07-01 18:15:00",1460,41.37771,2.216011,-11,41,143,2.99,145,3.51,1017.7,81,26.4,22.9,1.2,23.8
"2026-07-01 18:30:00",1461,41.37741,2.21655,0,14,139,4.59,141,4.25,1017.7,80,26.3,22.7,1.2,23.7
"2026-07-01 18:45:00",1462,41.37756,2.216663,-1,33,156,4.17,158,4.08,1017.5,80,26.2,22.4,1.2,23.5
"2026-07-01 19:00:00",1463,41.37764,2.216978,-1,41,174,3.67,176,3.45,1017.7,79,26.3,22.4,1.2,23.5
"2026-07-01 19:15:00",1464,41.37762,2.217061,1,13,152,4.73,154,4.13,1017.6,79,26.3,22.4,1.2,23.4
"2026-07-01 19:30:00",1465,41.37764,2.216996,-2,36,173,2.7,175,2.7,1017.5,79,26.3,22.5,1.2,23.6
"2026-07-01 19:45:00",1466,41.37762,2.216999,-2,18,155,3.05,157,2.5,1017.5,80,26.3,22.8,1.2,23.7
"2026-07-01 20:00:00",1467,41.37762,2.216973,-2,28,162,3.65,164,3.62,1017.7,79,26.2,22.3,1.2,23.4
"2026-07-01 20:15:00",1468,41.37761,2.217032,1,16,161,2.2,163,2.34,1017.8,80,26.2,22.6,1.2,23.6
"2026-07-01 20:30:00",1469,41.3776,2.21699,3,28,161,2.74,163,2.83,1017.9,80,26.2,22.6,1.2,23.6
"2026-07-01 20:45:00",1470,41.3776,2.216992,2,14,152,3.23,154,3.18,1018.1,81,26.1,22.6,1.2,23.5
"2026-07-01 21:00:00",1471,41.3776,2.216986,4,29,162,2.2,164,2.43,1018.3,81,26,22.6,1.2,23.5
"2026-07-01 21:15:00",1472,41.37759,2.217005,5,46,197,2.53,199,2.75,1018.4,80,25.9,22.3,1.2,23.3
"2026-07-01 21:30:00",1473,41.37758,2.217041,3,31,163,1.48,165,1.49,1018.5,86,25.6,23.1,1.2,23.7
"2026-07-01 21:45:00",1474,41.37757,2.217098,0,73,210,0.69,212,0.81,1018.7,86,25.5,22.9,1.2,23.6
"2026-07-01 22:00:00",1475,41.37757,2.217103,0,105,247,1.83,249,1.72,1019,87,25.4,23.2,1.2,23.7
"2026-07-01 22:15:00",1476,41.37756,2.217121,1,64,217,0.9,219,0.8,1019.1,87,25.2,23,1.2,23.6
"2026-07-01 22:30:00",1477,41.37756,2.217113,2,89,226,0.27,228,0.5,1019.3,87,25.2,23,1.2,23.6
"2026-07-01 22:45:00",1478,41.37751,2.217211,0,64,220,0.59,222,0.79,1019.4,86,25.2,22.7,1.2,23.4
"2026-07-01 23:00:00",1479,41.37743,2.217298,1,69,230,1.33,232,1.01,1019.6,87,25.3,22.9,1.2,23.5
"2026-07-01 23:15:00",1480,41.37744,2.217334,2,35,216,0.98,218,1.04,1019.6,86,25.2,22.9,1.2,23.5
"2026-07-01 23:30:00",1481,41.37712,2.217373,8,30,277,2.13,279,2.16,1019.5,84,25.5,22.7,1.2,23.5
"2026-07-01 23:45:00",1482,100,1000,7999,347,201,1000,"NAN",1.23,1019.5,82,25.8,22.6,1.2,23.4
"2026-07-02 00:00:00",1483,100,1000,7999,269,192,1000,"NAN",1.55,1019.6,81,25.6,22.3,1.2,23.2
"2026-07-02 00:15:00",1484,100,1000,7999,299,236,1000,"NAN",1.04,1019.6,82,25.7,22.5,1.2,23.4
"2026-07-02 00:30:00",1485,41.37684,2.216915,3,302,226,2.32,228,2.45,1019.3,78,26,22,1.2,23.1
"2026-07-02 00:45:00",1486,41.37684,2.216923,4,316,220,2.19,222,2.08,1019.3,79,25.9,22.2,1.2,23.2
"2026-07-02 01:00:00",1487,41.37684,2.21697,5,322,216,1.8,218,1.8,1019.2,75,26.1,21.4,1.2,22.7
"2026-07-02 01:15:00",1488,41.37684,2.216973,4,336,215,2.06,217,1.87,1019.2,73,26.1,21.1,1.2,22.6
"2026-07-02 01:30:00",1489,41.37684,2.216883,5,297,192,0.85,194,0.84,1019.3,76,25.9,21.4,1.2,22.7
"2026-07-02 01:45:00",1490,41.3769,2.216729,3,215,163,1.14,165,1.05,1019.3,76,25.9,21.3,1.2,22.6
"2026-07-02 02:00:00",1491,41.37694,2.21669,4,69,37,0.79,38.95,0.92,1019.3,75,25.6,21,1.2,22.3
"2026-07-02 02:15:00",1492,41.37696,2.216663,5,65,49,0.83,50.95,1.06,1019.2,77,25.6,21.3,1.2,22.5
"2026-07-02 02:30:00",1493,41.37697,2.21663,5,87,82,0.97,84,1.08,1019.3,78,25.5,21.5,1.2,22.6
"2026-07-02 02:45:00",1494,41.37703,2.216578,5,122,128,2.12,130,2.11,1019.3,83,25.5,22.5,1.2,23.3
"2026-07-02 03:00:00",1495,41.37704,2.216563,4,176,180,1.28,182,1.28,1019.2,81,25.1,21.7,1.2,22.6
"2026-07-02 03:15:00",1496,41.37697,2.216662,20,202,205,1.18,207,1.07,1019.1,80,25.1,21.6,1.2,22.5
"2026-07-02 03:30:00",1497,41.37698,2.216635,13,201,201,1.47,203,1.41,1019.1,81,25.2,21.7,1.2,22.6
"2026-07-02 03:45:00",1498,41.37703,2.216529,2,219,215,1.48,217,1.48,1019.1,83,25,22,1.2,22.8
"2026-07-02 04:00:00",1499,41.37697,2.216548,2,272,252,1.78,254,1.59,1019,85,24.8,22.1,1.2,22.8
"2026-07-02 04:15:00",1500,41.37696,2.216563,4,2,354,1.04,356,0.87,1019.1,83,25.2,22.1,1.2,22.9
"2026-07-02 04:30:00",1501,41.37695,2.21656,4,17,5,1.82,6.95,1.59,1019.1,81,25.5,22,1.2,22.9
"2026-07-02 04:45:00",1502,41.37694,2.21662,5,11,353,3.27,355,3.22,1018.9,68,25.7,19.4,1.2,21.3
"2026-07-02 05:00:00",1503,41.37692,2.216671,9,4,340,3.73,342,3.59,1018.9,70,25.6,19.8,1.2,21.6
"2026-07-02 05:15:00",1504,41.37689,2.216691,9,358,317,3.26,319,3.23,1018.9,61,25.6,17.6,1.2,20.2
"2026-07-02 05:30:00",1505,41.37687,2.216738,9,6,325,4.96,327,4.88,1018.9,58,25.4,16.8,1.2,19.7
"2026-07-02 05:45:00",1506,41.37687,2.216758,8,17,330,5.04,332,4.94,1018.8,58,25.3,16.6,1.2,19.6
"2026-07-02 06:00:00",1507,41.37685,2.216746,5,26,351,6.79,353,6.77,1018.7,60,24.9,16.6,1.2,19.4
"2026-07-02 06:15:00",1508,41.37685,2.21674,5,17,331,5.32,333,5.21,1018.8,58,24.8,16.2,1.2,19.2
"2026-07-02 06:30:00",1509,41.37687,2.216718,2,7,326,5.45,328,5.4,1018.9,55,24.7,15.1,1.2,18.5
"2026-07-02 06:45:00",1510,41.37685,2.216771,2,359,317,5.32,319,5.23,1019,60,24.6,16.3,1.2,19.1
"2026-07-02 07:00:00",1511,41.37684,2.216768,2,12,327,5.23,329,5.18,1018.9,61,24.4,16.5,1.2,19.2
"2026-07-02 07:15:00",1512,41.37687,2.216759,4,7,330,5,332,4.97,1019.1,59,24.4,15.8,1.2,18.8
"2026-07-02 07:30:00",1513,41.37688,2.216759,5,3,330,4.91,332,4.81,1019.1,58,24.4,15.8,1.2,18.8
"2026-07-02 07:45:00",1514,41.37692,2.216763,1,0,338,3.7,340,3.7,1019.1,57,24.5,15.6,1.2,18.7
"2026-07-02 08:00:00",1515,41.37688,2.21667,4,27,5,3.67,6.95,3.68,1019,55,24.4,15,1.2,18.3
"2026-07-02 08:15:00",1516,41.37693,2.21661,3,28,17,3.59,18.95,3.6,1019.1,54,24.5,14.5,1.2,18.1
"2026-07-02 08:30:00",1517,41.3769,2.21662,2,19,1,4.93,2.95,4.68,1019,54,24.6,14.9,1.2,18.4
"2026-07-02 08:45:00",1518,41.3769,2.216626,1,21,3,3.73,4.95,3.73,1019.3,58,25,16.3,1.2,19.3
"2026-07-02 09:00:00",1519,41.37692,2.216635,-1,255,237,2.3,239,2.34,1019.3,56,25,15.7,1.2,18.9
"2026-07-02 09:15:00",1520,41.37691,2.216649,-1,5,337,3.94,339,3.81,1019.3,55,25.4,15.8,1.2,19.2
"2026-07-02 09:30:00",1521,41.3769,2.216649,-2,19,354,2.91,356,2.62,1019.4,50,25.6,14.5,1.2,18.6
"2026-07-02 09:45:00",1522,41.37697,2.216611,-6,228,212,1.58,214,1.69,1019.5,54,25.5,15.7,1.2,19.1
"2026-07-02 10:00:00",1523,41.377,2.216558,-5,200,191,1.92,193,1.96,1019.7,56,25.5,16.2,1.2,19.4
"2026-07-02 10:15:00",1524,41.37697,2.216561,-1,206,201,1.78,203,1.78,1019.8,57,25.6,16.6,1.2,19.7
"2026-07-02 10:30:00",1525,41.37701,2.216553,1,181,193,1.77,195,1.63,1019.7,56,25.9,16.6,1.2,19.7
"2026-07-02 10:45:00",1526,41.377,2.216541,3,150,164,1.54,166,1.67,1019.6,53,26.2,16.1,1.2,19.6
"2026-07-02 11:00:00",1527,41.37701,2.216548,2,158,162,2.27,164,2.19,1019.5,58,26.2,17.5,1.2,20.4
"2026-07-02 11:15:00",1528,41.37703,2.21652,1,178,193,2.89,195,2.71,1019.5,58,26.2,17.4,1.2,20.3
"2026-07-02 11:30:00",1529,41.37701,2.216508,0,152,155,2.66,157,2.55,1019.4,58,26.2,17.3,1.2,20.3
"2026-07-02 11:45:00",1530,41.37708,2.21648,0,118,163,3.6,165,3.61,1019.4,62,26.1,18.3,1.2,20.8
"2026-07-02 12:00:00",1531,41.37711,2.21643,7,114,168,3.13,170,3.27,1019.4,57,26.2,17.1,1.2,20.2
"2026-07-02 12:15:00",1532,41.37715,2.216461,0,109,171,2.9,173,2.93,1019.4,61,26.2,18.2,1.2,20.8
"2026-07-02 12:30:00",1533,41.3772,2.216441,0,78,167,4.46,169,4.29,1019.3,60,26.2,18,1.2,20.7
"2026-07-02 12:45:00",1534,41.37723,2.216458,-2,81,169,4.52,171,4.54,1019.2,62,26.3,18.5,1.2,21
"2026-07-02 13:00:00",1535,41.37739,2.216556,-15,87,190,5.32,192,5.4,1019.4,60,26.3,18,1.2,20.7
"2026-07-02 13:15:00",1536,41.3774,2.216532,-1,78,196,4.85,198,4.99,1019.4,67,26.5,20,1.2,22
"2026-07-02 13:30:00",1537,100,1000,7999,53,200,1000,"NAN",5.61,1019.2,69,25.8,19.6,1.2,21.5
"2026-07-02 13:45:00",1538,41.37759,2.216698,0,67,193,6.06,195,6.47,1019.2,64,26,18.9,1.2,21.2
"2026-07-02 14:00:00",1539,41.37752,2.216718,1,72,200,4.3,202,4.42,1019.2,70,26.1,20.3,1.2,22
"2026-07-02 14:15:00",1540,41.37757,2.21677,0,39,184,6.44,186,6.41,1019.2,66,26,19.3,1.2,21.4
"2026-07-02 14:30:00",1541,41.37756,2.21675,0,53,175,4.02,177,4.21,1019.2,65,26.1,19,1.2,21.2
"2026-07-02 14:45:00",1542,41.37756,2.216822,13,53,193,4.12,195,4.24,1019,67,26.2,19.5,1.2,21.6
"2026-07-02 15:00:00",1543,41.37753,2.216748,5,39,178,4.65,180,4.76,1019,64,26.1,18.8,1.2,21.1
"2026-07-02 15:15:00",1544,41.37748,2.216746,0,29,169,4.63,171,4.71,1018.9,63,26.2,18.6,1.2,21
"2026-07-02 15:30:00",1545,41.37741,2.21672,0,37,166,4.97,168,5.1,1018.9,68,26.4,20,1.2,21.9
"2026-07-02 15:45:00",1546,41.37738,2.21674,0,24,162,3.49,164,3.58,1018.9,65,26.4,19.5,1.2,21.6
"2026-07-02 16:00:00",1547,41.37728,2.216786,0,1,154,4.12,156,4.12,1018.7,62,26.4,18.8,1.2,21.2
"2026-07-02 16:15:00",1548,41.37723,2.216791,15,29,179,4.02,181,3.84,1018.7,68,26.6,20.2,1.2,22.2
"2026-07-02 16:30:00",1549,41.37707,2.216902,1,37,191,3.78,193,3.71,1018.5,64,26.5,19.3,1.2,21.6
"2026-07-02 16:45:00",1550,41.37704,2.216537,-10,33,179,4.05,181,4.05,1018.3,62,26.7,18.9,1.2,21.4
"2026-07-02 17:00:00",1551,41.37701,2.216516,-10,29,170,4.92,172,4.7,1018.3,61,26.7,18.7,1.2,21.2
"2026-07-02 17:15:00",1552,41.377,2.216556,-11,58,196,4.09,198,4.09,1018.3,60,26.7,18.5,1.2,21.2
"2026-07-02 17:30:00",1553,41.37696,2.216584,-7,65,201,4.3,203,4.23,1018.3,64,26.7,19.5,1.2,21.8
"2026-07-02 17:45:00",1554,41.37689,2.216706,1,56,182,3.47,184,3.4,1018.3,65,26.8,19.9,1.2,22
"2026-07-02 18:00:00",1555,41.37687,2.216735,1,58,191,3.99,193,3.97,1018,69,26.7,20.5,1.2,22.4
"2026-07-02 18:15:00",1556,41.37689,2.216701,1,55,183,3.51,185,3.8,1018,71,26.6,21,1.2,22.6
"2026-07-02 18:30:00",1557,41.37695,2.216626,-1,45,175,4.06,177,3.91,1018,71,26.7,21.1,1.2,22.7
"2026-07-02 18:45:00",1558,41.37693,2.216655,-1,49,177,4.8,179,4.34,1018.1,76,26.5,21.9,1.2,23.2
"2026-07-02 19:00:00",1559,41.37691,2.2167,0,67,204,4.98,206,4.91,1018.1,73,26.5,21.5,1.2,22.9
"2026-07-02 19:15:00",1560,41.3769,2.21672,1,56,186,4.57,188,4.47,1018.1,74,26.5,21.7,1.2,23.1
"2026-07-02 19:30:00",1561,41.3769,2.216703,2,56,192,3.31,194,3.26,1018.3,75,26.5,21.7,1.2,23
"2026-07-02 19:45:00",1562,41.37689,2.216691,3,67,200,4.49,202,4.4,1018.3,76,26.5,21.9,1.2,23.2
"2026-07-02 20:00:00",1563,41.3769,2.216663,2,50,195,4.17,197,4.3,1018.4,74,26.4,21.5,1.2,22.9
"2026-07-02 20:15:00",1564,41.37691,2.216611,3,54,205,4.64,207,4.46,1018.6,74,26.3,21.4,1.2,22.8
"2026-07-02 20:30:00",1565,41.3769,2.216638,3,58,213,3.99,215,4.3,1018.6,73,26.4,21.2,1.2,22.7
"2026-07-02 20:45:00",1566,41.3769,2.216645,2,76,222,4.27,224,4.36,1018.6,71,26.5,20.9,1.2,22.5
"2026-07-02 21:00:00",1567,41.37692,2.216639,4,65,213,4.03,215,4.13,1018.7,75,26.3,21.6,1.2,22.9
"2026-07-02 21:15:00",1568,41.37693,2.216636,7,45,196,3.78,198,3.71,1018.9,74,26.3,21.4,1.2,22.8
"2026-07-02 21:30:00",1569,41.37692,2.216646,3,72,226,3.23,228,3.43,1018.9,73,26.4,21.1,1.2,22.6
"2026-07-02 21:45:00",1570,41.37691,2.216653,5,72,226,5.25,228,4.94,1018.8,72,26.2,20.9,1.2,22.4
"2026-07-02 22:00:00",1571,41.37692,2.216659,1,80,218,2.74,220,2.75,1019,75,26.1,21.5,1.2,22.8
"2026-07-02 22:15:00",1572,41.37689,2.216646,1,63,204,4.13,206,3.9,1019.1,75,26,21.4,1.2,22.7
"2026-07-02 22:30:00",1573,41.37689,2.2167,2,82,234,4.03,236,4.2,1019.2,73,26.1,21,1.2,22.5
"2026-07-02 22:45:00",1574,41.37685,2.21672,0,98,249,4.09,251,4,1019.4,66,26.5,19.8,1.2,21.9
"2026-07-02 23:00:00",1575,41.37687,2.216731,3,115,252,1.95,254,1.89,1019.4,69,26.6,20.5,1.2,22.3
"2026-07-02 23:15:00",1576,41.37684,2.216757,2,124,251,2.8,253,2.72,1019.5,63,26.8,19.3,1.2,21.6
"2026-07-02 23:30:00",1577,41.37682,2.216778,0,101,231,1.49,233,1.49,1019.6,65,26.6,19.6,1.2,21.8
"2026-07-02 23:45:00",1578,41.37682,2.216766,0,110,244,1.26,246,1.3,1019.5,69,26.4,20.4,1.2,22.2
"2026-07-03 00:00:00",1579,41.37682,2.216755,0,111,228,1.17,230,0.96,1019.6,71,26.4,20.8,1.2,22.5
"2026-07-03 00:15:00",1580,100,1000,7999,78,208,1000,"NAN",0.77,1019.7,71,26.4,20.7,1.2,22.4
"2026-07-03 00:30:00",1581,100,1000,7999,115,248,1000,"NAN",0.12,1019.9,75,26.2,21.4,1.2,22.8
"2026-07-03 00:45:00",1582,41.37689,2.216716,0,126,252,0.13,254,0.38,1020,72,25.9,20.5,1.2,22.1
"2026-07-03 01:00:00",1583,100,1000,7999,262,40,1000,"NAN",0.88,1020.1,75,25.9,21.2,1.2,22.5
"2026-07-03 01:15:00",1584,100,1000,7999,301,72,1000,"NAN",1.03,1020.1,74,25.7,20.8,1.2,22.2
"2026-07-03 01:30:00",1585,100,1000,7999,267,54,1000,"NAN",1.73,1020,79,25.6,21.9,1.2,22.9
"2026-07-03 01:45:00",1586,100,1000,7999,244,13,1000,"NAN",2.66,1020,67,25.5,19.1,1.2,21.1
"2026-07-03 02:00:00",1587,41.37687,2.216671,2,178,328,2.12,330,1.79,1019.7,64,25.9,18.6,1.2,20.9
"2026-07-03 02:15:00",1588,41.37689,2.216655,2,208,13,1.1,14.95,1.58,1019.8,65,25.9,18.9,1.2,21.1
"2026-07-03 02:30:00",1589,41.37688,2.216651,5,172,324,0.75,326,0.77,1019.7,56,25.9,16.5,1.2,19.7
"2026-07-03 02:45:00",1590,41.37687,2.216662,6,211,307,0.41,309,0.77,1019.6,63,26.1,18.6,1.2,21
"2026-07-03 03:00:00",1591,41.37687,2.216683,4,222,3,0.82,4.95,0.59,1019.5,62,26,18.4,1.2,20.8
"2026-07-03 03:15:00",1592,41.37688,2.216658,4,236,18,3.05,19.95,2.98,1019.5,65,25.9,18.9,1.2,21.1
"2026-07-03 03:30:00",1593,41.37689,2.216653,2,172,259,0.34,261,0.67,1019.4,58,25.8,16.9,1.2,19.9
"2026-07-03 03:45:00",1594,41.37691,2.216626,2,189,45,0.01,46.95,0.26,1019.4,62,25.8,18.1,1.2,20.6
"2026-07-03 04:00:00",1595,41.37687,2.216638,6,331,113,0.77,115,0.83,1019.4,65,25.9,18.9,1.2,21.1
"2026-07-03 04:15:00",1596,41.37689,2.216616,6,303,86,0.66,88,0.76,1019.4,62,25.9,18,1.2,20.6
"2026-07-03 04:30:00",1597,41.37689,2.216611,6,248,29,0.26,30.95,0.23,1019.3,56,26.2,16.9,1.2,20.1
"2026-07-03 04:45:00",1598,41.37689,2.216628,6,305,90,1.28,92,1.35,1019.3,58,26,17,1.2,20.1
"2026-07-03 05:00:00",1599,41.37689,2.216641,8,205,358,1.13,360,1.05,1019.3,59,25.3,16.9,1.2,19.7
"2026-07-03 05:15:00",1600,41.37688,2.216687,7,241,20,2.27,21.95,2.2,1019.3,61,25.2,17.3,1.2,19.9
"2026-07-03 05:30:00",1601,41.37688,2.21669,6,257,33,1.93,34.95,1.88,1019.4,66,25.3,18.5,1.2,20.7
"2026-07-03 05:45:00",1602,41.37687,2.216716,4,253,16,4.85,17.95,4.61,1019.3,66,24.3,17.6,1.2,19.8
"2026-07-03 06:00:00",1603,41.37687,2.21669,2,167,317,2.9,319,2.82,1019.5,64,24.2,17.1,1.2,19.4
"2026-07-03 06:15:00",1604,41.37687,2.216688,1,190,324,2.08,326,2.24,1019.6,60,24.5,16.3,1.2,19.1
"2026-07-03 06:30:00",1605,41.37687,2.2167,0,248,13,4.46,14.95,4.67,1019.7,63,24.7,17.3,1.2,19.7
"2026-07-03 06:45:00",1606,41.37689,2.216665,1,32,35,4.3,36.95,4.35,1019.8,62,24.5,16.7,1.2,19.3
"2026-07-03 07:00:00",1607,41.37688,2.216688,1,12,12,5.08,13.95,4.94,1019.9,63,24.6,17.3,1.2,19.7
"2026-07-03 07:15:00",1608,41.3769,2.216678,3,13,9,3.9,10.95,3.77,1020,63,24.6,17.3,1.2,19.7
"2026-07-03 07:30:00",1609,41.37692,2.21672,2,13,17,3.56,18.95,3.56,1020.2,65,24.5,17.7,1.2,19.9
"2026-07-03 07:45:00",1610,41.37689,2.216675,1,359,354,3.91,356,3.68,1020.2,61,24.4,16.6,1.2,19.2
"2026-07-03 08:00:00",1611,41.37688,2.216687,0,345,346,3.58,348,3.57,1020.4,63,24.6,17.1,1.2,19.6
"2026-07-03 08:15:00",1612,41.37689,2.216657,0,2,359,4.02,0.95,4.25,1020.5,62,25,17.3,1.2,19.8
"2026-07-03 08:30:00",1613,41.3769,2.216643,0,358,358,4.26,360,4.39,1020.6,60,25.2,17,1.2,19.7
"2026-07-03 08:45:00",1614,41.37687,2.216666,-1,355,345,4.25,347,4.27,1020.7,62,25.8,18.1,1.2,20.6
"2026-07-03 09:00:00",1615,41.3769,2.216613,-2,348,359,2.34,0.95,2.22,1020.7,62,26,18.3,1.2,20.8
"2026-07-03 09:15:00",1616,41.37691,2.216616,0,356,5,2.84,6.95,2.69,1021,54,26.6,16.7,1.2,20.1
"2026-07-03 09:30:00",1617,41.37692,2.216622,0,338,324,1.23,326,1.49,1020.9,57,26.8,17.7,1.2,20.7
"2026-07-03 09:45:00",1618,41.37691,2.21661,-2,264,256,1.01,258,0.89,1021.1,61,27.2,19.3,1.2,21.8
"2026-07-03 10:00:00",1619,41.37695,2.21656,-2,215,230,1.28,232,1.1,1021.2,63,27.9,20.4,1.2,22.7
"2026-07-03 10:15:00",1620,41.37697,2.216593,2,123,146,1.04,148,0.97,1021.2,63,28.1,20.4,1.2,22.8
"2026-07-03 10:30:00",1621,41.377,2.216555,4,136,161,3.26,163,3.33,1021,65,27.1,20,1.2,22.2
"2026-07-03 10:45:00",1622,41.377,2.216551,4,152,177,2.33,179,2.03,1021.3,71,26.8,21.1,1.2,22.8
"2026-07-03 11:00:00",1623,41.37704,2.216499,4,160,182,3.78,184,3.48,1021.4,72,26.5,21.2,1.2,22.8
"2026-07-03 11:15:00",1624,41.377,2.216563,7,177,197,3.8,199,3.61,1021.6,77,26.2,21.9,1.2,23.1
"2026-07-03 11:30:00",1625,41.37701,2.216534,8,200,210,3.71,212,3.61,1021.5,76,26.2,21.6,1.2,22.9
"2026-07-03 11:45:00",1626,41.37697,2.216563,0,212,220,3.91,222,3.7,1021.6,77,26.1,21.8,1.2,23
"2026-07-03 12:00:00",1627,41.37696,2.216581,1,213,212,4.24,214,4.09,1021.7,79,26,22.2,1.2,23.2
"2026-07-03 12:15:00",1628,41.37694,2.216616,0,204,205,5.68,207,5.56,1021.7,79,25.9,22,1.2,23.1
"2026-07-03 12:30:00",1629,41.37689,2.216696,0,234,196,4.59,198,4.97,1021.6,81,25.9,22.5,1.2,23.4
"2026-07-03 12:45:00",1630,41.37689,2.216741,1,250,189,5.42,191,5.29,1021.6,81,25.9,22.3,1.2,23.3
"2026-07-03 13:00:00",1631,41.3769,2.216741,0,255,194,5.77,196,5.7,1021.7,81,25.9,22.5,1.2,23.4
"2026-07-03 13:15:00",1632,41.37689,2.216776,2,275,188,6.55,190,6.07,1021.8,82,25.9,22.7,1.2,23.5
"2026-07-03 13:30:00",1633,41.37687,2.216794,4,291,191,5.97,193,5.86,1021.8,81,25.9,22.5,1.2,23.4
"2026-07-03 13:45:00",1634,41.37689,2.216778,1,313,195,5.86,197,6.01,1021.7,82,25.9,22.6,1.2,23.5
"2026-07-03 14:00:00",1635,41.37689,2.21677,0,336,200,6.23,202,6.06,1021.5,82,25.9,22.7,1.2,23.5
"2026-07-03 14:15:00",1636,41.37689,2.216775,2,340,203,5.7,205,5.38,1021.6,82,25.9,22.7,1.2,23.5
"2026-07-03 14:30:00",1637,41.37692,2.216753,3,5,206,6.2,208,6.22,1021.4,80,25.9,22.3,1.2,23.3
"2026-07-03 14:45:00",1638,41.37694,2.2167,2,1,208,6.51,210,6.6,1021.3,81,25.9,22.5,1.2,23.4
"2026-07-03 15:00:00",1639,41.37691,2.21677,0,351,197,5.36,199,5.23,1021.3,82,25.9,22.7,1.2,23.5
"2026-07-03 15:15:00",1640,41.3769,2.216773,0,343,196,5.29,198,5.18,1021.3,82,25.8,22.6,1.2,23.5
"2026-07-03 15:30:00",1641,41.3769,2.216822,0,342,192,6.3,194,5.88,1021.2,81,25.9,22.5,1.2,23.4
"2026-07-03 15:45:00",1642,41.37691,2.216881,1,358,202,4.98,204,5.03,1021.2,82,25.9,22.6,1.2,23.5
"2026-07-03 16:00:00",1643,41.37692,2.216883,-1,2,195,4.85,197,5.13,1021,82,25.9,22.7,1.2,23.5
"2026-07-03 16:15:00",1644,41.37696,2.216801,0,10,193,6.06,195,6.19,1020.9,80,25.9,22.2,1.2,23.2
"2026-07-03 16:30:00",1645,41.37696,2.216763,-5,353,200,4.33,202,4.45,1020.9,79,25.9,22.1,1.2,23.1
"2026-07-03 16:45:00",1646,41.37695,2.216878,1,11,206,5.21,208,5.11,1020.8,75,25.9,21.2,1.2,22.5
"2026-07-03 17:00:00",1647,41.37701,2.216708,-7,15,197,5.06,199,5.17,1020.9,74,25.9,21,1.2,22.4
"2026-07-03 17:15:00",1648,41.37706,2.216616,-7,6,193,5.71,195,5.2,1020.8,75,25.9,21.1,1.2,22.5
"2026-07-03 17:30:00",1649,41.377,2.216651,-3,2,190,5.24,192,5.03,1020.8,77,25.9,21.7,1.2,22.9
"2026-07-03 17:45:00",1650,41.37696,2.216711,1,19,197,4.91,199,4.66,1020.7,76,25.9,21.4,1.2,22.7
"2026-07-03 18:00:00",1651,41.37694,2.216693,1,14,192,4.13,194,4.13,1020.6,79,25.9,22,1.2,23.1
"2026-07-03 18:15:00",1652,41.377,2.216648,6,356,202,2.19,204,2.44,1020.6,81,25.9,22.4,1.2,23.3
"2026-07-03 18:30:00",1653,41.37697,2.216683,5,21,202,3.46,204,3.47,1020.6,79,25.9,22.1,1.2,23.1
"2026-07-03 18:45:00",1654,41.37697,2.216666,4,26,197,3.85,199,3.57,1020.6,81,25.9,22.5,1.2,23.4
"2026-07-03 19:00:00",1655,41.37697,2.216691,4,6,184,3.02,186,2.93,1020.7,79,25.9,22,1.2,23.1
"2026-07-03 19:15:00",1656,41.37704,2.216566,3,8,179,3.63,181,3.43,1020.6,80,25.9,22.2,1.2,23.2
"2026-07-03 19:30:00",1657,41.37701,2.21662,4,39,201,3.56,203,3.58,1020.8,80,25.9,22.3,1.2,23.3
"2026-07-03 19:45:00",1658,41.37695,2.216695,4,29,197,3.71,199,3.36,1020.9,79,25.8,22,1.2,23
"2026-07-03 20:00:00",1659,41.37694,2.216687,3,30,201,3.97,203,3.82,1021,81,25.7,22.3,1.2,23.2
"2026-07-03 20:15:00",1660,41.37694,2.216681,2,40,201,4.54,203,4.54,1021,80,25.7,22,1.2,23
"2026-07-03 20:30:00",1661,41.377,2.216616,1,26,199,4.84,201,4.55,1021.2,77,25.9,21.6,1.2,22.8
"2026-07-03 20:45:00",1662,41.37693,2.216728,1,35,210,4.65,212,4.86,1021.3,78,25.9,21.7,1.2,22.9
"2026-07-03 21:00:00",1663,41.37695,2.216678,0,44,220,3.54,222,3.61,1021.4,75,25.9,21.2,1.2,22.5
"2026-07-03 21:15:00",1664,41.37694,2.21668,2,41,219,3.33,221,3.59,1021.6,76,25.9,21.5,1.2,22.7
"2026-07-03 21:30:00",1665,41.37692,2.216724,1,32,215,3.1,217,3.2,1021.7,78,25.9,21.9,1.2,23
"2026-07-03 21:45:00",1666,41.37695,2.216645,5,48,209,3.43,211,3.59,1021.8,79,25.6,21.8,1.2,22.8
"2026-07-03 22:00:00",1667,41.37694,2.216662,5,59,235,3.73,237,3.78,1022,74,25.9,21,1.2,22.4
"2026-07-03 22:15:00",1668,41.37685,2.216816,1,35,221,4.98,223,4.87,1022.2,71,26.1,20.5,1.2,22.1
"2026-07-03 22:30:00",1669,41.37687,2.21675,1,53,221,3.49,223,3.49,1022.4,74,26,21.2,1.2,22.6
"2026-07-03 22:45:00",1670,41.37685,2.216771,-2,66,235,3.33,237,3.52,1022.6,74,26,21.2,1.2,22.6
"2026-07-03 23:00:00",1671,41.37687,2.216775,5,320,228,3.02,230,3.08,1022.7,75,26.1,21.4,1.2,22.8
"2026-07-03 23:15:00",1672,41.37684,2.21682,2,320,225,3.56,227,3.46,1022.7,75,26,21.3,1.2,22.6
"2026-07-03 23:30:00",1673,41.37684,2.216838,0,317,232,2.98,234,3.06,1022.7,75,25.9,21.2,1.2,22.5
"2026-07-03 23:45:00",1674,41.37682,2.216853,1,326,230,3.65,232,3.56,1022.7,71,26,20.4,1.2,22.1
"2026-07-04 00:00:00",1675,41.37684,2.216879,1,323,245,3.01,247,2.92,1022.7,68,26.2,19.9,1.2,21.8
"2026-07-04 00:15:00",1676,100,1000,7999,328,244,1000,"NAN",2.41,1022.8,63,26.6,19.2,1.2,21.5
"2026-07-04 00:30:00",1677,100,1000,7999,323,239,1000,"NAN",3.64,1022.8,55,26.7,17,1.2,20.3
"2026-07-04 00:45:00",1678,100,1000,7999,307,228,1000,"NAN",2.69,1022.7,66,26.1,19.5,1.2,21.6
"2026-07-04 01:00:00",1679,100,1000,7999,307,241,1000,"NAN",2.28,1022.7,68,26,19.7,1.2,21.6
"2026-07-04 01:15:00",1680,100,1000,7999,4,306,1000,"NAN",1.29,1022.7,69,25.9,19.8,1.2,21.6
"2026-07-04 01:30:00",1681,100,1000,7999,292,239,1000,"NAN",1.28,1022.6,66,26.2,19.5,1.2,21.6
"2026-07-04 01:45:00",1682,41.37691,2.216696,5,292,244,2.13,246,2.4,1022.5,64,26,18.8,1.2,21
"2026-07-04 02:00:00",1683,41.3769,2.21669,4,312,264,1.93,266,1.81,1022.4,67,25.9,19.4,1.2,21.4
"2026-07-04 02:15:00",1684,41.37693,2.216663,3,340,292,1.11,294,1.14,1022.4,65,26,19.1,1.2,21.3
"2026-07-04 02:30:00",1685,41.37694,2.216646,3,256,225,0.61,227,0.42,1022.3,67,25.9,19.3,1.2,21.4
"2026-07-04 02:45:00",1686,41.37693,2.216622,3,236,212,0.74,214,0.75,1022.3,68,25.4,19.1,1.2,21.1
"2026-07-04 03:00:00",1687,41.37695,2.216593,4,101,85,0.5,87,0.5,1022.3,67,25.7,19.2,1.2,21.2
"2026-07-04 03:15:00",1688,41.37694,2.21661,0,159,126,0.55,128,0.69,1022.3,71,25.3,19.7,1.2,21.4
"2026-07-04 03:30:00",1689,41.37694,2.21659,2,206,203,0.8,205,0.99,1022.3,76,25.1,20.6,1.2,21.9
"2026-07-04 03:45:00",1690,41.37697,2.216588,2,75,95,0.56,97,0.62,1022.3,66,25.1,18.5,1.2,20.6
"2026-07-04 04:00:00",1691,41.37696,2.2166,4,130,103,0.99,105,1.18,1022.3,69,25.1,19,1.2,20.9
"2026-07-04 04:15:00",1692,41.37695,2.21661,5,133,110,1.45,112,1.5,1022.3,73,25,19.9,1.2,21.4
"2026-07-04 04:30:00",1693,41.37691,2.216623,7,98,62,2.16,63.95,1.99,1022.3,77,24.8,20.6,1.2,21.8
"2026-07-04 04:45:00",1694,41.3769,2.216639,5,179,138,1.97,140,1.81,1022.3,75,24.9,20.2,1.2,21.6
"2026-07-04 05:00:00",1695,41.37692,2.216648,5,179,145,1.43,147,1.43,1022.3,78,24.9,20.8,1.2,22
"2026-07-04 05:15:00",1696,41.37691,2.216633,5,70,34,1.26,35.95,1.1,1022.3,72,24.9,19.6,1.2,21.2
"2026-07-04 05:30:00",1697,41.3769,2.216623,7,79,59,0.75,60.95,0.88,1022.4,74,24.5,19.6,1.2,21
"2026-07-04 05:45:00",1698,41.3769,2.21663,6,45,22,1.86,23.95,1.54,1022.4,71,24.3,18.9,1.2,20.5
"2026-07-04 06:00:00",1699,41.37694,2.216598,2,70,67,1.03,68.95,1.16,1022.4,72,24.3,19.1,1.2,20.7
"2026-07-04 06:15:00",1700,41.37694,2.216606,2,30,16,2.54,17.95,2.38,1022.4,70,24.3,18.5,1.2,20.3
"2026-07-04 06:30:00",1701,41.37694,2.216618,0,41,19,2.52,20.95,2.37,1022.5,71,24.3,18.9,1.2,20.5
"2026-07-04 06:45:00",1702,41.37692,2.216641,0,18,355,2.56,357,2.39,1022.6,69,24.3,18.2,1.2,20.1
"2026-07-04 07:00:00",1703,41.3769,2.216662,1,19,349,3.93,351,3.73,1022.7,65,24.3,17.5,1.2,19.7
"2026-07-04 07:15:00",1704,41.3769,2.216685,0,12,338,2.05,340,2.23,1022.7,62,24.5,16.9,1.2,19.4
"2026-07-04 07:30:00",1705,41.37691,2.216695,0,34,1,2.04,2.95,2.32,1022.7,63,24.6,17.2,1.2,19.7
"2026-07-04 07:45:00",1706,41.37689,2.216681,0,26,5,1.98,6.95,2.04,1022.8,65,24.6,17.6,1.2,19.9
"2026-07-04 08:00:00",1707,41.37691,2.2167,-1,15,347,1.7,349,1.82,1022.9,66,24.8,18,1.2,20.2
"2026-07-04 08:15:00",1708,41.37693,2.216593,1,41,28,1.46,29.95,1.65,1022.9,68,25,18.8,1.2,20.8
"2026-07-04 08:30:00",1709,41.37689,2.216633,1,31,6,1.87,7.95,1.87,1023,66,25,18.2,1.2,20.3
"2026-07-04 08:45:00",1710,41.3769,2.216691,0,33,3,1.52,4.95,1.58,1023.1,64,25.4,18.2,1.2,20.5
"2026-07-04 09:00:00",1711,41.37689,2.216683,2,24,1,4.02,2.95,4.07,1023,62,25.6,18,1.2,20.5
"2026-07-04 09:15:00",1712,41.37688,2.216709,2,32,351,2.28,353,2.63,1023.2,62,25.7,18.1,1.2,20.6
"2026-07-04 09:30:00",1713,41.37689,2.216708,-1,60,30,1.93,31.95,2.14,1023.3,68,25.9,19.5,1.2,21.5
"2026-07-04 09:45:00",1714,41.3769,2.216696,-3,113,100,0.68,102,0.77,1023.4,64,26.1,18.8,1.2,21.1
"2026-07-04 10:00:00",1715,41.3769,2.216701,-1,109,85,1.87,87,1.93,1023.2,68,25.9,19.7,1.2,21.6
"2026-07-04 10:15:00",1716,41.3769,2.216718,0,122,104,2.22,106,2.23,1023.2,74,25.6,20.8,1.2,22.2
"2026-07-04 10:30:00",1717,41.37692,2.216715,0,119,105,2.37,107,2.38,1023.1,73,25.3,20.3,1.2,21.8
"2026-07-04 10:45:00",1718,41.37693,2.216698,1,101,85,2.05,87,2.07,1023.3,73,25.3,20.3,1.2,21.7
"2026-07-04 11:00:00",1719,41.37694,2.216691,3,113,111,1.85,113,1.86,1023.2,75,25.4,20.7,1.2,22.1
"2026-07-04 11:15:00",1720,41.37692,2.216715,6,107,96,2.36,98,2.37,1023.3,77,25.4,21.1,1.2,22.3
"2026-07-04 11:30:00",1721,41.37696,2.216666,5,105,101,1.89,103,1.91,1023.3,75,25.6,20.9,1.2,22.2
"2026-07-04 11:45:00",1722,41.37701,2.216646,17,105,103,1.97,105,1.99,1023.3,70,25.6,19.9,1.2,21.6
"2026-07-04 12:00:00",1723,41.37678,2.216366,10,104,98,2.44,100,2.25,1023.2,74,25.8,21,1.2,22.4
"2026-07-04 12:15:00",1724,100,1000,7999,129,130,1000,"NAN",2.46,1023.2,74,25.8,20.8,1.2,22.3
"2026-07-04 12:30:00",1725,100,1000,7999,172,174,1000,"NAN",2.11,1023.1,72,25.9,20.5,1.2,22.1
"2026-07-04 12:45:00",1726,100,1000,7999,210,203,1000,"NAN",2.13,1023.1,76,25.8,21.2,1.2,22.5
"2026-07-04 13:00:00",1727,100,1000,7999,205,193,1000,"NAN",2.29,1023.1,75,25.6,21,1.2,22.3
"2026-07-04 13:15:00",1728,41.37697,2.216615,1,195,175,2.13,177,2.11,1023,73,25.9,20.7,1.2,22.2
"2026-07-04 13:30:00",1729,41.37696,2.21662,-2,196,187,3.38,189,3.35,1022.8,78,25.9,21.9,1.2,23
"2026-07-04 13:45:00",1730,41.37695,2.216646,0,198,180,4.73,182,4.46,1022.6,81,25.7,22.3,1.2,23.2
"2026-07-04 14:00:00",1731,41.37694,2.216651,0,226,185,3.27,187,3.09,1022.6,81,25.9,22.4,1.2,23.4
"2026-07-04 14:15:00",1732,41.37693,2.216668,-1,233,197,3.69,199,3.97,1022.5,83,25.8,22.8,1.2,23.6
"2026-07-04 14:30:00",1733,41.37689,2.216715,-2,241,181,4.36,183,4.25,1022.3,83,25.7,22.7,1.2,23.5
"2026-07-04 14:45:00",1734,41.37688,2.216743,-2,256,193,4.61,195,5.14,1022,82,25.5,22.3,1.2,23.2
"2026-07-04 15:00:00",1735,41.37692,2.216698,1,53,207,6.16,209,6.45,1021.9,80,25.6,21.9,1.2,22.9
"2026-07-04 15:15:00",1736,41.3769,2.216736,0,65,209,6.87,211,6.68,1021.7,77,25.9,21.6,1.2,22.8
"2026-07-04 15:30:00",1737,41.3769,2.216743,0,53,208,5.87,210,6.61,1021.4,77,25.9,21.6,1.2,22.8
"2026-07-04 15:45:00",1738,41.37694,2.216724,-1,34,191,10.19,193,9.68,1021.4,76,25.9,21.5,1.2,22.7
"2026-07-04 16:00:00",1739,41.37694,2.216701,-4,44,215,8.04,217,8.53,1021.3,76,25.9,21.5,1.2,22.7
"2026-07-04 16:15:00",1740,41.37692,2.216696,0,43,200,7.35,202,7.03,1021.2,73,26.1,21,1.2,22.4
"2026-07-04 16:30:00",1741,41.37694,2.216688,2,37,199,5.94,201,5.84,1021.2,74,26.1,21.1,1.2,22.5
"2026-07-04 16:45:00",1742,41.37695,2.216685,3,42,195,9,197,8.71,1021.3,75,26.1,21.3,1.2,22.7
"2026-07-04 17:00:00",1743,41.37697,2.216641,4,47,199,6.38,201,6.2,1021.3,76,26.1,21.5,1.2,22.8
"2026-07-04 17:15:00",1744,41.37695,2.216655,0,36,191,6.52,193,6.48,1021.1,76,26.3,21.8,1.2,23
"2026-07-04 17:30:00",1745,41.37695,2.216678,-1,36,198,6.14,200,6.14,1021.1,75,26.4,21.7,1.2,23
"2026-07-04 17:45:00",1746,41.37692,2.216763,0,48,204,7.16,206,7.11,1021.1,69,26.8,20.8,1.2,22.6
"2026-07-04 18:00:00",1747,41.37677,2.217046,6,36,209,7.2,211,6.97,1021,71,26.8,21.3,1.2,22.9
"2026-07-04 18:15:00",1748,41.37695,2.216765,-1,6,182,7.07,184,6.86,1020.9,73,26.7,21.6,1.2,23
"2026-07-04 18:30:00",1749,41.37696,2.216704,-1,44,200,6.97,202,7.03,1020.9,76,26.2,21.7,1.2,23
"2026-07-04 18:45:00",1750,41.37697,2.216701,-2,44,194,7.58,196,7.45,1020.9,76,26.4,21.8,1.2,23.1
"2026-07-04 19:00:00",1751,41.37696,2.216745,-2,35,199,5.91,201,5.96,1020.8,78,26.1,22,1.2,23.1
"2026-07-04 19:15:00",1752,41.37697,2.216687,-2,48,190,7.37,192,7.19,1020.9,82,25.9,22.6,1.2,23.5
"2026-07-04 19:30:00",1753,41.37697,2.216696,0,25,180,6,182,5.79,1021.1,83,25.6,22.5,1.2,23.4
"2026-07-04 19:45:00",1754,41.37695,2.216701,0,46,193,6.25,195,6.44,1021.1,82,25.8,22.6,1.2,23.5
"2026-07-04 20:00:00",1755,41.37693,2.216723,0,37,205,5.84,207,5.61,1021,81,25.7,22.2,1.2,23.2
"2026-07-04 20:15:00",1756,41.3769,2.216784,-1,28,200,5.18,202,5.18,1021.1,76,26,21.5,1.2,22.8
"2026-07-04 20:30:00",1757,41.3769,2.216809,-2,44,207,6.62,209,6.46,1021.2,72,26.3,21,1.2,22.5
"2026-07-04 20:45:00",1758,41.37689,2.216812,-1,40,208,5.09,210,4.86,1021.3,70,26.4,20.5,1.2,22.2
"2026-07-04 21:00:00",1759,41.37688,2.216828,-1,37,217,5.95,219,5.86,1021.3,66,26.5,19.7,1.2,21.8
"2026-07-04 21:15:00",1760,41.37688,2.21684,-2,3,203,5.62,205,5.73,1021.3,63,27.1,19.6,1.2,21.9
"2026-07-04 21:30:00",1761,41.37688,2.216856,-3,354,215,5.15,217,5.07,1021.4,63,26.9,19.4,1.2,21.8
"2026-07-04 21:45:00",1762,41.37688,2.216851,-1,346,213,4.04,215,3.85,1021.4,67,26.8,20.1,1.2,22.1
"2026-07-04 22:00:00",1763,41.37687,2.216858,0,344,216,4.6,218,4.34,1021.5,63,26.8,19.4,1.2,21.7
"2026-07-04 22:15:00",1764,41.37684,2.216889,0,339,216,5.19,218,4.94,1021.7,62,27,19.2,1.2,21.7
"2026-07-04 22:30:00",1765,41.37682,2.216881,-1,318,219,3.47,221,3.31,1021.9,61,27,18.9,1.2,21.5
"2026-07-04 22:45:00",1766,41.37684,2.216809,0,329,238,2.04,240,2.3,1022.1,68,26.5,20.3,1.2,22.2
"2026-07-04 23:00:00",1767,41.37685,2.216776,0,282,207,2.45,209,2.47,1022.3,62,26.8,19.1,1.2,21.5
"2026-07-04 23:15:00",1768,41.37687,2.216768,1,276,203,2.54,205,2.4,1022.1,60,26.8,18.5,1.2,21.2
"2026-07-04 23:30:00",1769,41.37687,2.216755,2,282,219,2.64,221,2.61,1022.1,58,27.1,18.2,1.2,21.2
"2026-07-04 23:45:00",1770,41.37688,2.216726,0,268,214,2.41,216,2.49,1022,55,27,17.2,1.2,20.5
"2026-07-05 00:00:00",1771,41.37688,2.216724,0,278,218,2.52,220,2.44,1022,57,27.1,17.9,1.2,20.9
"2026-07-05 00:15:00",1772,41.37687,2.216715,3,275,221,2.11,223,1.97,1022.1,57,27.1,17.9,1.2,20.9
"2026-07-05 00:30:00",1773,41.37687,2.216691,5,248,208,1.86,210,1.82,1022.1,61,26.6,18.5,1.2,21.2
"2026-07-05 00:45:00",1774,41.37687,2.21672,3,290,242,1.89,244,1.82,1022,61,26.5,18.6,1.2,21.2
"2026-07-05 01:00:00",1775,41.37689,2.216704,3,342,296,1.81,298,1.84,1022,55,26.6,17,1.2,20.3
"2026-07-05 01:15:00",1776,41.37689,2.216681,2,33,350,0.49,352,0.68,1021.9,50,27.5,16.3,1.2,20.2
"2026-07-05 01:30:00",1777,100,1000,7999,117,90,1000,"NAN",1.12,1021.8,64,26.4,19.1,1.2,21.4
"2026-07-05 01:45:00",1778,100,1000,7999,136,109,1000,"NAN",0.64,1021.7,70,25.9,20.2,1.2,21.9
"2026-07-05 02:00:00",1779,100,1000,7999,99,78,1000,"NAN",0.59,1021.7,52,25.9,15.4,1.2,19.2
"2026-07-05 02:15:00",1780,41.3769,2.216615,2,140,105,0.86,107,0.94,1021.6,48,26.5,14.9,1.2,19.1
"2026-07-05 02:30:00",1781,41.37697,2.216576,2,69,59,0.72,60.95,0.92,1021.5,51,26.2,15.5,1.2,19.3
"2026-07-05 02:45:00",1782,41.37696,2.216593,2,114,74,0.81,75.95,0.68,1021.4,60,26,17.8,1.2,20.5
"2026-07-05 03:00:00",1783,41.37695,2.216583,4,169,135,1.29,137,1.21,1021.3,66,25.2,18.5,1.2,20.6
"2026-07-05 03:15:00",1784,41.37697,2.21656,2,161,131,1.45,133,1.38,1021.3,69,25.3,19.2,1.2,21.1
"2026-07-05 03:30:00",1785,41.37693,2.216611,0,156,131,1.07,133,1.1,1021.2,72,25.2,19.8,1.2,21.4
"2026-07-05 03:45:00",1786,41.37694,2.216616,1,132,104,1.01,106,1.01,1021,73,25,20,1.2,21.4
"2026-07-05 04:00:00",1787,41.37692,2.216636,3,127,72,0.58,73.95,0.62,1021,79,25.1,21.4,1.2,22.4
"2026-07-05 04:15:00",1788,41.37692,2.216636,3,127,96,0.66,98,0.85,1021,77,24.9,20.7,1.2,21.9
"2026-07-05 04:30:00",1789,41.37691,2.216645,5,115,75,1.47,76.95,1.41,1020.9,69,24.9,18.8,1.2,20.7
"2026-07-05 04:45:00",1790,41.37694,2.216626,8,87,70,1.63,71.95,1.68,1020.9,68,25.3,19.2,1.2,21.1
"2026-07-05 05:00:00",1791,41.37694,2.216626,5,123,91,1.11,93,1.11,1020.8,72,24.9,19.5,1.2,21.1
"2026-07-05 05:15:00",1792,41.37694,2.216623,4,94,57,1.52,58.95,1.45,1020.7,74,24.6,19.7,1.2,21.2
"2026-07-05 05:30:00",1793,41.37692,2.216635,6,77,49,1.78,50.95,1.74,1020.8,79,24.6,20.8,1.2,21.8
"2026-07-05 05:45:00",1794,41.37692,2.216645,4,90,59,1.54,60.95,1.47,1020.9,76,24.5,20.1,1.2,21.4
"2026-07-05 06:00:00",1795,41.37692,2.216659,1,66,27,1.58,28.95,1.47,1021,75,24.6,20,1.2,21.4
"2026-07-05 06:15:00",1796,41.37691,2.216663,0,329,274,1.6,276,1.68,1020.9,67,24.7,18.2,1.2,20.3
"2026-07-05 06:30:00",1797,41.3769,2.21667,0,62,24,2.9,25.95,2.46,1021,70,24.4,18.7,1.2,20.4
"2026-07-05 06:45:00",1798,41.3769,2.216685,-1,41,3,2.48,4.95,2.59,1021.1,70,24.6,18.9,1.2,20.7
"2026-07-05 07:00:00",1799,41.37692,2.216658,-1,47,15,2.4,16.95,2.36,1021.1,70,24.5,18.8,1.2,20.6
"2026-07-05 07:15:00",1800,41.37692,2.216668,-1,56,25,2.71,26.95,2.87,1021.1,71,24.5,19,1.2,20.7
"2026-07-05 07:30:00",1801,41.37692,2.216665,-1,21,342,2.1,344,2.36,1021.2,68,24.5,18.3,1.2,20.2
"2026-07-05 07:45:00",1802,41.37691,2.216658,-1,22,350,2.6,352,2.71,1021.3,70,24.6,18.9,1.2,20.6
"2026-07-05 08:00:00",1803,41.37714,2.217586,4,9,341,2.82,343,3.06,1021.4,67,24.9,18.6,1.2,20.5
"2026-07-05 08:15:00",1804,41.37695,2.21702,7,25,354,2.15,356,2.15,1021.3,65,25.5,18.5,1.2,20.7
"2026-07-05 08:30:00",1805,41.3769,2.216809,4,228,169,0.75,171,0.78,1021.4,65,25.4,18.5,1.2,20.7
"2026-07-05 08:45:00",1806,41.3769,2.216703,0,279,226,1.74,228,1.97,1021.3,71,25.2,19.6,1.2,21.3
"2026-07-05 09:00:00",1807,41.37689,2.216701,1,266,210,1.97,212,1.97,1021.3,77,24.7,20.5,1.2,21.7
"2026-07-05 09:15:00",1808,41.3769,2.216681,1,250,199,2.03,201,2.04,1021.3,79,24.9,21.1,1.2,22.2
"2026-07-05 09:30:00",1809,41.3769,2.216698,-2,237,185,2.08,187,2.32,1021.2,72,25.3,19.9,1.2,21.5
"2026-07-05 09:45:00",1810,41.3769,2.216706,-4,231,188,2.27,190,1.99,1021.3,72,25.6,20.2,1.2,21.8
"2026-07-05 10:00:00",1811,41.3769,2.216709,-1,216,188,0.71,190,0.5,1021.3,72,26.1,20.7,1.2,22.2
"2026-07-05 10:15:00",1812,41.37691,2.216711,-2,185,155,1.74,157,1.74,1021.3,74,25.9,20.9,1.2,22.4
"2026-07-05 10:30:00",1813,41.37689,2.216731,-2,235,174,3.2,176,3.01,1021.1,79,25.8,21.9,1.2,23
"2026-07-05 10:45:00",1814,41.37694,2.216708,1,27,189,4.19,191,4.1,1021,81,25.3,21.9,1.2,22.8
"2026-07-05 11:00:00",1815,41.37695,2.216698,0,37,196,4.73,198,4.64,1020.9,82,25.3,22.1,1.2,23
"2026-07-05 11:15:00",1816,41.377,2.216606,-2,27,181,3.86,183,3.86,1020.9,81,25.3,22,1.2,22.9
"2026-07-05 11:30:00",1817,41.37701,2.216591,-3,36,194,5.26,196,5.16,1020.9,78,25.5,21.4,1.2,22.6
"2026-07-05 11:45:00",1818,41.3771,2.216543,-4,2,175,3.85,177,3.63,1021,78,25.9,21.9,1.2,23
"2026-07-05 12:00:00",1819,41.37709,2.21655,-4,44,202,4.35,204,4.32,1021,77,25.7,21.3,1.2,22.6
"2026-07-05 12:15:00",1820,100,1000,7999,13,189,1000,"NAN",3.77,1021.1,82,25.4,22.2,1.2,23.1
"2026-07-05 12:30:00",1821,41.37697,2.216574,-3,23,200,3.22,202,2.91,1021.1,83,25.4,22.4,1.2,23.2
"2026-07-05 12:45:00",1822,41.37701,2.216616,-3,16,195,3.93,197,3.82,1021,84,25.5,22.8,1.2,23.5
"2026-07-05 13:00:00",1823,41.37704,2.216615,-3,2,193,5.16,195,4.23,1020.9,86,25.5,23.1,1.2,23.7
"2026-07-05 13:15:00",1824,100,1000,7999,31,209,1000,"NAN",5.49,1020.8,86,25.4,23,1.2,23.6
"2026-07-05 13:30:00",1825,41.37723,2.2166,-3,19,197,4.82,199,5.21,1020.6,87,25.4,23.1,1.2,23.7
"2026-07-05 13:45:00",1826,41.3773,2.216628,-1,6,190,4.67,192,4.96,1020.5,89,25.4,23.5,1.2,24
"2026-07-05 14:00:00",1827,41.37738,2.216733,-1,7,192,5.66,194,5.76,1020.3,89,25.4,23.5,1.2,24
"2026-07-05 14:15:00",1828,41.37751,2.21694,0,27,199,5.59,201,5.8,1020.2,89,25.4,23.6,1.2,24.1
"2026-07-05 14:30:00",1829,41.37756,2.217088,0,29,196,5.77,198,5.79,1020.1,89,25.4,23.6,1.2,24.1
"2026-07-05 14:45:00",1830,41.37753,2.217193,11,22,194,6.51,196,6.56,1020,89,25.5,23.5,1.2,24
"2026-07-05 15:00:00",1831,41.37749,2.217278,5,11,192,4.92,194,5.13,1019.9,83,25.6,22.6,1.2,23.4
"2026-07-05 15:15:00",1832,41.37748,2.217313,0,23,196,5.61,198,5.96,1019.8,84,25.9,23,1.2,23.8
"2026-07-05 15:30:00",1833,41.37746,2.21732,-3,18,194,5.03,196,5.21,1019.7,80,26.1,22.4,1.2,23.4
"2026-07-05 15:45:00",1834,41.37744,2.217326,-2,29,191,5.16,193,5.44,1019.6,79,26.2,22.3,1.2,23.4
"2026-07-05 16:00:00",1835,41.37748,2.217211,2,31,197,5.87,199,5.87,1019.6,78,26.3,22.4,1.2,23.4
"2026-07-05 16:15:00",1836,41.37756,2.21711,-1,28,187,5.61,189,5.6,1019.4,82,26.1,23,1.2,23.8
"2026-07-05 16:30:00",1837,41.37753,2.217088,3,25,195,5.24,197,5.11,1019.3,83,26.1,23.1,1.2,23.9
"2026-07-05 16:45:00",1838,41.37749,2.217113,5,31,194,5.95,196,5.86,1019.1,82,26.1,23,1.2,23.8
"2026-07-05 17:00:00",1839,41.38263,2.23159,-12,31,228,16.7,230,6,1019,82,26.2,22.9,1.2,23.8
"2026-07-05 17:15:00",1840,41.37761,2.21724,20,34,192,5.35,194,5.81,1018.9,83,26.1,23,1.2,23.8
"2026-07-05 17:30:00",1841,41.37754,2.216896,7,31,185,6.81,187,7.01,1018.9,87,25.7,23.5,1.2,24
"2026-07-05 17:45:00",1842,41.37759,2.21696,3,29,179,6.36,181,6.09,1018.7,88,25.6,23.5,1.2,24
"2026-07-05 18:00:00",1843,41.37759,2.216992,1,25,184,6.65,186,6.49,1018.7,89,25.5,23.6,1.2,24.1
"2026-07-05 18:15:00",1844,41.37756,2.216956,2,20,179,4.84,181,4.63,1018.6,89,25.5,23.6,1.2,24.1
"2026-07-05 18:30:00",1845,41.3776,2.21699,0,34,185,5.86,187,6.07,1018.6,89,25.5,23.7,1.2,24.1
"2026-07-05 18:45:00",1846,41.37761,2.217005,0,19,181,4.69,183,4.69,1018.5,90,25.5,23.7,1.2,24.2
"2026-07-05 19:00:00",1847,41.37762,2.217009,-3,26,181,4.58,183,4.49,1018.5,89,25.5,23.7,1.2,24.2
"2026-07-05 19:15:00",1848,41.37762,2.217009,-1,15,176,4.72,178,4.55,1018.4,89,25.5,23.7,1.2,24.2
"2026-07-05 19:30:00",1849,41.37759,2.21709,-1,24,189,5.61,191,5.45,1018.5,89,25.6,23.7,1.2,24.2
"2026-07-05 19:45:00",1850,41.37753,2.217253,0,27,201,4.78,203,4.55,1018.4,89,25.5,23.7,1.2,24.1
"2026-07-05 20:00:00",1851,41.37748,2.21732,0,27,202,4.92,204,4.85,1018.4,90,25.4,23.7,1.2,24.1
"2026-07-05 20:15:00",1852,41.37746,2.217345,0,15,191,4.44,193,4.45,1018.5,90,25.3,23.6,1.2,24
"2026-07-05 20:30:00",1853,41.37746,2.217328,0,29,202,4.9,204,4.75,1018.5,89,25.3,23.4,1.2,23.9
"2026-07-05 20:45:00",1854,41.3774,2.217375,0,20,200,4.87,202,4.7,1018.6,86,25.6,23.1,1.2,23.7
"2026-07-05 21:00:00",1855,41.37736,2.217396,1,14,202,5.02,204,4.84,1018.6,84,25.8,22.8,1.2,23.6
"2026-07-05 21:15:00",1856,41.3773,2.217418,0,20,197,4.48,199,4.49,1018.7,82,25.9,22.6,1.2,23.5
"2026-07-05 21:30:00",1857,41.37731,2.217428,1,10,199,4.39,201,4.25,1018.7,79,25.9,22,1.2,23.1
"2026-07-05 21:45:00",1858,41.3773,2.217421,0,17,205,3.09,207,2.99,1018.8,78,25.9,21.7,1.2,22.9
"2026-07-05 22:00:00",1859,41.37725,2.217437,-1,16,213,2.74,215,2.75,1018.9,79,25.9,22.1,1.2,23.1
"2026-07-05 22:15:00",1860,41.37724,2.217428,-2,17,211,2.8,213,2.81,1019,78,25.9,21.9,1.2,23
"2026-07-05 22:30:00",1861,41.37722,2.217409,-5,19,222,2.52,224,2.5,1019.2,78,25.9,21.9,1.2,23
"2026-07-05 22:45:00",1862,41.37719,2.217372,-2,19,207,3.11,209,3.13,1019.3,80,25.5,21.8,1.2,22.8
"2026-07-05 23:00:00",1863,41.37701,2.217403,-2,4,200,2.57,202,2.78,1019.4,80,25.4,21.8,1.2,22.8
"2026-07-05 23:15:00",1864,41.38605,2.212819,-1,6,168,10.01,170,2.69,1019.5,80,25.3,21.8,1.2,22.7
"2026-07-05 23:30:00",1865,100,1000,7999,357,195,1000,"NAN",2.17,1019.5,81,25.2,21.8,1.2,22.7
"2026-07-05 23:45:00",1866,100,1000,7999,6,197,1000,"NAN",2.08,1019.4,82,25.1,22,1.2,22.8
"2026-07-06 00:00:00",1867,100,1000,7999,351,189,1000,"NAN",2.24,1019.5,82,25.1,21.9,1.2,22.8
"2026-07-06 00:15:00",1868,41.37697,2.217198,2,350,186,2.02,188,2.04,1019.4,84,24.9,22.1,1.2,22.9
"2026-07-06 00:30:00",1869,41.37694,2.217176,2,345,193,1.63,195,1.68,1019.4,83,24.9,21.9,1.2,22.7
"2026-07-06 00:45:00",1870,41.37692,2.217153,0,338,194,1.55,196,1.76,1019.3,83,24.8,21.9,1.2,22.7
"2026-07-06 01:00:00",1871,41.37694,2.217165,0,345,189,2.12,191,2.15,1019.3,83,24.8,21.7,1.2,22.6
"2026-07-06 01:15:00",1872,41.37695,2.217182,0,350,196,2.39,198,2.39,1019.2,82,24.9,21.6,1.2,22.5
"2026-07-06 01:30:00",1873,41.37691,2.217168,0,357,210,2.13,212,1.88,1019.1,82,24.7,21.5,1.2,22.4
"2026-07-06 01:45:00",1874,41.37689,2.21714,4,102,320,0.56,322,0.66,1019,82,24.7,21.4,1.2,22.3
"2026-07-06 02:00:00",1875,41.3769,2.217143,5,74,301,0.61,303,0.62,1019,62,25.3,17.7,1.2,20.2
"2026-07-06 02:15:00",1876,41.3769,2.21715,2,202,83,0.79,85,0.82,1018.8,60,26.3,18.1,1.2,20.8
"2026-07-06 02:30:00",1877,41.37691,2.217098,3,192,60,0.74,61.95,0.74,1018.8,55,26.5,16.8,1.2,20.1
"2026-07-06 02:45:00",1878,41.37693,2.21704,0,284,160,0.81,162,0.64,1018.8,53,26.4,16.3,1.2,19.8
"2026-07-06 03:00:00",1879,41.37691,2.217013,1,235,116,0.61,118,0.59,1018.7,53,26.3,16.2,1.2,19.7
"2026-07-06 03:15:00",1880,41.37688,2.216968,2,225,99,0.74,101,0.75,1018.7,54,26,16.1,1.2,19.6
"2026-07-06 03:30:00",1881,41.37693,2.21698,2,310,163,1.44,165,1.34,1018.5,61,25.5,17.6,1.2,20.2
"2026-07-06 03:45:00",1882,41.3769,2.217083,3,311,169,1.46,171,1.34,1018.6,71,24.9,19.5,1.2,21.1
"2026-07-06 04:00:00",1883,41.37694,2.217138,2,336,188,2.22,190,2.05,1018.5,71,24.9,19.4,1.2,21.1
"2026-07-06 04:15:00",1884,41.37695,2.217141,3,6,201,2.81,203,2.66,1018.3,74,24.9,20,1.2,21.4
"2026-07-06 04:30:00",1885,41.37704,2.217245,3,11,202,2.8,204,2.7,1018.2,68,25.1,18.9,1.2,20.8
"2026-07-06 04:45:00",1886,41.37717,2.217273,3,17,201,3.07,203,3.01,1018.2,71,24.9,19.3,1.2,21
"2026-07-06 05:00:00",1887,41.3771,2.217215,2,23,223,0.77,225,0.64,1018.1,72,25.3,20.1,1.2,21.6
"2026-07-06 05:15:00",1888,41.37692,2.217045,3,29,246,1.24,248,1.22,1018.2,52,26.4,15.9,1.2,19.6
"2026-07-06 05:30:00",1889,41.37694,2.216788,4,141,68,1.11,69.95,1.11,1018,60,25.9,17.6,1.2,20.3
"2026-07-06 05:45:00",1890,41.37703,2.216596,4,88,69,1.63,70.95,1.68,1018,73,24.8,19.8,1.2,21.3
"2026-07-06 06:00:00",1891,41.3771,2.216546,2,41,40,0.34,41.95,0.4,1018.1,70,24.6,18.8,1.2,20.6
"2026-07-06 06:15:00",1892,41.37708,2.216569,1,106,120,0.51,122,0.44,1018.1,64,24.5,17.5,1.2,19.8
"2026-07-06 06:30:00",1893,41.37701,2.216648,2,18,0,0.42,1.95,0.45,1018.2,66,24.8,18.2,1.2,20.3
"2026-07-06 06:45:00",1894,41.37694,2.216757,3,35,4,1.22,5.95,1.22,1018.3,58,25.1,16.3,1.2,19.3
"2026-07-06 07:00:00",1895,41.37695,2.216723,3,37,19,0.83,20.95,1.09,1018.3,66,24.8,18,1.2,20.2
"2026-07-06 07:15:00",1896,41.377,2.216659,1,22,24,1.92,25.95,2.01,1018.4,66,24.8,18,1.2,20.2
"2026-07-06 07:30:00",1897,41.37691,2.216556,10,21,15,0.81,16.95,1.17,1018.4,64,24.9,17.7,1.2,20
"2026-07-06 07:45:00",1898,41.37695,2.216601,6,19,14,1.79,15.95,2.06,1018.4,62,25.1,17.5,1.2,20
"2026-07-06 08:00:00",1899,41.37694,2.216703,3,16,340,2.94,342,3.18,1018.5,58,25.3,16.4,1.2,19.5
"2026-07-06 08:15:00",1900,41.37691,2.216728,1,26,358,2.36,360,2.56,1018.5,61,25.3,17.4,1.2,20
"2026-07-06 08:30:00",1901,41.37693,2.216723,1,21,353,1.71,355,1.71,1018.7,48,26.2,14.4,1.2,18.7
"2026-07-06 08:45:00",1902,41.377,2.216631,-1,7,15,1.42,16.95,1.61,1018.7,49,26.6,15,1.2,19.2
"2026-07-06 09:00:00",1903,41.37711,2.216545,0,57,89,1.51,91,1.51,1018.7,57,26.3,17.2,1.2,20.2
"2026-07-06 09:15:00",1904,41.37711,2.216532,0,5,29,1.04,30.95,1.14,1018.8,54,26.6,16.6,1.2,20.1
"2026-07-06 09:30:00",1905,41.37708,2.216596,-6,204,222,0.88,224,0.81,1018.8,60,26.2,18,1.2,20.7
"2026-07-06 09:45:00",1906,41.37701,2.216681,-2,131,197,1.59,199,1.59,1018.8,69,25.9,19.8,1.2,21.6
"2026-07-06 10:00:00",1907,41.377,2.21669,-1,25,174,1.53,176,1.53,1018.8,73,25.4,20.3,1.2,21.8
"2026-07-06 10:15:00",1908,41.37704,2.216611,-1,96,169,1.67,171,1.65,1018.9,68,25.4,19.3,1.2,21.2
"2026-07-06 10:30:00",1909,41.37704,2.216608,2,91,151,1.82,153,1.69,1018.8,75,25.5,20.8,1.2,22.2
"2026-07-06 10:45:00",1910,41.37708,2.216576,2,68,167,2.18,169,2.18,1018.9,67,25.7,19.2,1.2,21.2
"2026-07-06 11:00:00",1911,41.37716,2.216501,0,43,178,2.61,180,2.61,1018.9,78,25.6,21.7,1.2,22.8
"2026-07-06 11:15:00",1912,41.37721,2.216533,0,27,191,2.41,193,2.41,1018.8,82,25.3,22.1,1.2,23
"2026-07-06 11:30:00",1913,41.37734,2.216563,0,21,187,3.81,189,3.81,1018.7,84,25.1,22.3,1.2,23
"2026-07-06 11:45:00",1914,41.37751,2.216695,3,44,189,4.23,191,4.05,1018.7,85,24.9,22.4,1.2,23.1
"2026-07-06 12:00:00",1915,41.37759,2.216863,1,15,182,4.28,184,4.28,1018.6,87,25,22.7,1.2,23.3
"2026-07-06 12:15:00",1916,41.37759,2.216948,-1,36,191,4.85,193,4.76,1018.6,88,25,23,1.2,23.5
"2026-07-06 12:30:00",1917,41.37761,2.217053,-1,35,197,4.96,199,4.84,1018.6,89,25,23,1.2,23.5
"2026-07-06 12:45:00",1918,41.37761,2.217045,-1,40,191,5.05,193,5,1018.6,89,25,23.1,1.2,23.6
"2026-07-06 13:00:00",1919,41.37762,2.217007,-2,28,186,4.7,188,4.69,1018.6,89,25.1,23.3,1.2,23.8
"2026-07-06 13:15:00",1920,100,1000,7999,34,180,1000,"NAN",4,1018.6,90,25.2,23.5,1.2,23.9
"2026-07-06 13:30:00",1921,41.37754,2.21696,-1,23,180,4.08,182,4.68,1018.5,90,25.3,23.6,1.2,24
"2026-07-06 13:45:00",1922,41.37756,2.217076,-1,30,189,4.37,191,5,1018.3,90,25.3,23.7,1.2,24.1
"2026-07-06 14:00:00",1923,41.37752,2.217153,-1,11,187,3.64,189,3.75,1018.4,90,25.4,23.7,1.2,24.1
"2026-07-06 14:15:00",1924,41.37756,2.21708,-1,8,159,2.01,161,2.27,1018.4,90,25.5,23.8,1.2,24.2
"2026-07-06 14:30:00",1925,41.37756,2.21709,-1,15,163,2.63,165,2.77,1018.3,90,25.6,23.9,1.2,24.3
"2026-07-06 14:45:00",1926,41.37758,2.217015,-1,25,180,2.85,182,2.88,1018.2,90,25.6,24,1.2,24.4
"2026-07-06 15:00:00",1927,41.37757,2.21711,-7,25,169,3.74,171,3.81,1018.1,90,25.7,24,1.2,24.5
"2026-07-06 15:15:00",1928,41.37758,2.217115,-8,31,178,3.35,180,3.4,1018,90,25.7,24,1.2,24.5
"2026-07-06 15:30:00",1929,41.37758,2.217134,-5,16,172,4.1,174,4.11,1018,90,25.7,24.1,1.2,24.5
"2026-07-06 15:45:00",1930,41.37759,2.217108,-5,32,177,2.81,179,2.95,1017.9,91,25.7,24.1,1.2,24.5
"2026-07-06 16:00:00",1931,41.37762,2.216971,0,21,175,3.99,177,4.29,1017.8,90,25.7,24.1,1.2,24.5
"2026-07-06 16:15:00",1932,41.37759,2.217054,2,20,176,3.99,178,3.99,1017.7,91,25.6,24.1,1.2,24.5
"2026-07-06 16:30:00",1933,41.37756,2.217163,2,21,181,4.68,183,4.68,1017.6,91,25.7,24.2,1.2,24.6
"2026-07-06 16:45:00",1934,41.37756,2.217173,3,9,172,4.96,174,4.96,1017.5,91,25.8,24.3,1.2,24.7
"2026-07-06 17:00:00",1935,41.3776,2.217076,2,10,168,3.99,170,3.84,1017.3,91,25.7,24.2,1.2,24.6
"2026-07-06 17:15:00",1936,41.37756,2.217166,2,10,167,4.93,169,4.59,1017.2,92,25.7,24.3,1.2,24.6
"2026-07-06 17:30:00",1937,41.37759,2.217116,4,13,169,4.48,171,4.31,1017,92,25.6,24.3,1.2,24.6
"2026-07-06 17:45:00",1938,41.37752,2.217229,-1,6,163,4.51,165,4.44,1017.1,92,25.6,24.3,1.2,24.6
"2026-07-06 18:00:00",1939,41.37752,2.217206,0,359,160,3.78,162,3.78,1017,92,25.6,24.3,1.2,24.7
"2026-07-06 18:15:00",1940,41.37752,2.217088,1,359,147,3.67,149,3.67,1017,92,25.6,24.3,1.2,24.6
"2026-07-06 18:30:00",1941,41.37743,2.216986,0,356,149,3.61,151,3.43,1016.9,93,25.4,24.2,1.2,24.5
"2026-07-06 18:45:00",1942,41.37721,2.216823,0,15,149,3.52,151,3.52,1016.9,93,25.6,24.5,1.2,24.7
"2026-07-06 19:00:00",1943,41.37703,2.216633,0,7,143,3.59,145,3.4,1016.8,93,25.5,24.3,1.2,24.6
"2026-07-06 19:15:00",1944,41.37703,2.216611,3,22,148,3.79,150,3.79,1016.8,93,25.6,24.4,1.2,24.7
"2026-07-06 19:30:00",1945,41.37707,2.21659,2,26,155,3.35,157,3.35,1016.8,92,25.6,24.3,1.2,24.6
"2026-07-06 19:45:00",1946,41.3771,2.216545,0,28,153,3.1,155,3.1,1016.9,93,25.5,24.3,1.2,24.6
"2026-07-06 20:00:00",1947,41.37704,2.216588,0,11,144,2.93,146,2.84,1016.9,93,25.4,24.2,1.2,24.5
"2026-07-06 20:15:00",1948,41.37701,2.216631,2,359,154,2.65,156,2.46,1017,93,25.4,24.2,1.2,24.5
"2026-07-06 20:30:00",1949,41.37697,2.216683,3,11,151,2.42,153,2.26,1017,92,25.5,24.2,1.2,24.5
"2026-07-06 20:45:00",1950,41.37692,2.216709,-2,135,32,1.7,33.95,1.83,1017.1,93,25.3,24.1,1.2,24.4
"2026-07-06 21:00:00",1951,41.37693,2.216748,-1,272,119,0.97,121,0.94,1017.1,91,25.6,24.2,1.2,24.5
"2026-07-06 21:15:00",1952,41.37694,2.216753,-2,298,151,1.16,153,1.05,1017.1,91,25.7,24.2,1.2,24.6
"2026-07-06 21:30:00",1953,41.37692,2.216755,0,128,21,1.07,22.95,1.17,1017.1,91,25.2,23.8,1.2,24.2
"2026-07-06 21:45:00",1954,41.37694,2.216724,0,211,93,0.68,95,0.68,1017.2,92,25.4,24.1,1.2,24.5
"2026-07-06 22:00:00",1955,41.37695,2.216698,0,256,97,1.14,99,1.15,1017.4,92,25.4,24.1,1.2,24.5
"2026-07-06 22:15:00",1956,41.377,2.216613,2,64,19,0.77,20.95,0.93,1017.6,93,25,23.9,1.2,24.2
"2026-07-06 22:30:00",1957,41.37697,2.216643,1,254,135,0.7,137,0.6,1017.7,93,25.2,24.1,1.2,24.4
"2026-07-06 22:45:00",1958,41.37697,2.216641,3,249,140,1.17,142,1.17,1017.8,93,25.1,24,1.2,24.3
"2026-07-06 23:00:00",1959,41.37697,2.216635,0,334,187,0.87,189,1.09,1017.8,93,24.9,23.8,1.2,24.1
"2026-07-06 23:15:00",1960,41.37697,2.21661,-7,347,173,1.23,175,1.25,1017.8,93,24.7,23.6,1.2,23.9
"2026-07-06 23:30:00",1961,41.37701,2.2166,0,7,190,2.3,192,2.47,1017.8,93,24.5,23.4,1.2,23.7
"2026-07-06 23:45:00",1962,41.37706,2.216565,7,347,172,1.76,174,1.67,1017.7,93,24.3,23.2,1.2,23.5
"2026-07-07 00:00:00",1963,41.37707,2.21655,-1,351,173,1.82,175,1.75,1017.7,94,24,23,1.2,23.3
"2026-07-07 00:15:00",1964,41.37707,2.216551,-6,349,177,1.97,179,1.96,1017.8,93,24.2,23,1.2,23.3
"2026-07-07 00:30:00",1965,41.37708,2.216574,-11,12,189,2.44,191,2.45,1017.8,92,24.3,23,1.2,23.4
"2026-07-07 00:45:00",1966,41.37706,2.216603,-14,10,192,2.13,194,2.13,1017.9,91,24.6,23.1,1.2,23.5
"2026-07-07 01:00:00",1967,41.37706,2.216584,-8,16,184,2.01,186,2.05,1017.9,91,24.4,22.9,1.2,23.3
"2026-07-07 01:15:00",1968,100,1000,7999,22,198,1000,"NAN",2.53,1017.8,91,24.4,22.9,1.2,23.3
"2026-07-07 01:30:00",1969,100,1000,7999,22,204,1000,"NAN",2.62,1017.9,91,24.4,22.9,1.2,23.3
"2026-07-07 01:45:00",1970,100,1000,7999,28,201,1000,"NAN",2.33,1017.8,90,24.4,22.8,1.2,23.2
"2026-07-07 02:00:00",1971,100,1000,7999,27,205,1000,"NAN",2.34,1017.8,90,24.4,22.8,1.2,23.2
"2026-07-07 02:15:00",1972,41.377,2.216668,0,28,212,2.23,214,2.23,1017.7,91,24.3,22.8,1.2,23.2
"2026-07-07 02:30:00",1973,41.37697,2.216724,0,23,211,3.14,213,3.14,1017.7,89,24.8,22.9,1.2,23.4
"2026-07-07 02:45:00",1974,41.37694,2.216812,0,12,199,2.22,201,2.23,1017.5,87,24.7,22.6,1.2,23.1
"2026-07-07 03:00:00",1975,41.37697,2.216826,0,21,201,2.56,203,2.59,1017.4,86,24.5,22.2,1.2,22.8
"2026-07-07 03:15:00",1976,41.37693,2.216856,0,5,203,2.44,205,2.44,1017.3,86,24.5,22.1,1.2,22.8
"2026-07-07 03:30:00",1977,41.37694,2.216823,0,27,228,1.11,230,1.39,1017.3,86,24.3,22,1.2,22.6
"2026-07-07 03:45:00",1978,41.3769,2.216884,2,8,217,1.24,219,1.45,1017.3,83,24.7,21.6,1.2,22.4
"2026-07-07 04:00:00",1979,41.37689,2.216908,3,71,307,1.17,309,1.2,1017.2,81,24.9,21.5,1.2,22.5
"2026-07-07 04:15:00",1980,41.37689,2.216921,4,182,38,0.91,39.95,0.91,1017.1,83,24.2,21.1,1.2,22
"2026-07-07 04:30:00",1981,41.37687,2.216951,2,196,53,0.55,54.95,0.34,1016.9,80,24.2,20.7,1.2,21.7
"2026-07-07 04:45:00",1982,41.37689,2.216925,2,218,81,0.21,83,0.21,1016.9,81,24.5,21,1.2,21.9
"2026-07-07 05:00:00",1983,41.37688,2.216905,0,223,74,0.41,75.95,0.33,1016.7,77,24,19.8,1.2,21
"2026-07-07 05:15:00",1984,41.37688,2.216893,0,347,220,0.29,222,0.43,1016.7,77,23.8,19.7,1.2,20.9
"2026-07-07 05:30:00",1985,41.37689,2.216873,3,303,159,1.04,161,1.13,1016.7,79,23.6,19.8,1.2,20.9
"2026-07-07 05:45:00",1986,41.37689,2.216849,1,271,122,0.5,124,0.54,1016.8,86,23.6,21.2,1.2,21.8
"2026-07-07 06:00:00",1987,41.3769,2.216781,3,327,177,0.67,179,0.87,1016.8,87,23.5,21.3,1.2,21.9
"2026-07-07 06:15:00",1988,41.37692,2.216766,1,337,213,0.58,215,0.58,1016.8,80,23.4,19.9,1.2,20.9
"2026-07-07 06:30:00",1989,41.37693,2.216748,1,331,202,1.05,204,1.08,1016.9,80,23.4,19.8,1.2,20.8
"2026-07-07 06:45:00",1990,41.37695,2.216713,2,340,191,1.79,193,2.01,1017,75,23.6,19.1,1.2,20.4
"2026-07-07 07:00:00",1991,41.3769,2.216751,2,351,232,0.92,234,1.06,1017.1,75,23.7,19.1,1.2,20.5
"2026-07-07 07:15:00",1992,41.37694,2.216673,0,143,53,0.82,54.95,0.82,1017.2,80,24.3,20.7,1.2,21.7
"2026-07-07 07:30:00",1993,41.377,2.2166,-2,320,146,0.71,148,0.79,1017.2,73,24,18.9,1.2,20.4
"2026-07-07 07:45:00",1994,41.37703,2.216545,-3,292,173,0.82,175,0.88,1017.3,78,24.2,20.2,1.2,21.3
"2026-07-07 08:00:00",1995,41.37707,2.216538,-3,17,341,1.1,343,1.06,1017.3,65,24.4,17.5,1.2,19.7
"2026-07-07 08:15:00",1996,41.3771,2.216558,2,84,84,1.22,86,1.15,1017.4,62,25,17.4,1.2,19.9
"2026-07-07 08:30:00",1997,41.3771,2.216533,0,59,67,1.27,68.95,1.2,1017.5,71,24.6,19,1.2,20.7
"2026-07-07 08:45:00",1998,41.37707,2.216563,0,22,24,1.05,25.95,0.91,1017.5,65,25.2,18.3,1.2,20.5
"2026-07-07 09:00:00",1999,41.37713,2.216509,6,26,47,0.99,48.95,0.99,1017.5,60,25.9,17.6,1.2,20.3
"2026-07-07 09:15:00",2000,41.3772,2.216425,2,92,172,1.54,174,1.7,1017.4,68,25.5,19.4,1.2,21.3
"2026-07-07 09:30:00",2001,41.3773,2.216195,7,40,171,1.97,173,2.18,1017.5,74,24.9,19.9,1.2,21.4
"2026-07-07 09:45:00",2002,41.37723,2.216701,0,61,158,2.68,160,2.62,1017.8,74,24.9,20.1,1.2,21.5
"2026-07-07 10:00:00",2003,41.37724,2.216566,3,35,176,2.15,178,2.19,1017.9,65,25.4,18.4,1.2,20.6
"2026-07-07 10:15:00",2004,41.37712,2.216526,8,36,78,1.3,79.95,1.15,1017.9,65,26.3,19.2,1.2,21.4
"2026-07-07 10:30:00",2005,41.37708,2.216543,7,85,115,0.76,117,0.87,1017.8,51,27.1,16.2,1.2,20
"2026-07-07 10:45:00",2006,41.3771,2.21655,6,143,196,1.09,198,1.09,1017.7,61,27.5,19.3,1.2,21.9
"2026-07-07 11:00:00",2007,41.37717,2.216571,6,41,208,2.1,210,2.06,1017.6,82,25.9,22.6,1.2,23.5
"2026-07-07 11:15:00",2008,41.37725,2.21658,6,27,194,2.33,196,2.36,1017.8,85,25.4,22.8,1.2,23.4
"2026-07-07 11:30:00",2009,41.37744,2.216646,6,43,190,3.12,192,3.09,1017.8,87,25.2,23.1,1.2,23.6
"2026-07-07 11:45:00",2010,41.37743,2.216649,5,36,180,2.3,182,2.37,1017.8,88,25.2,23.2,1.2,23.7
"2026-07-07 12:00:00",2011,100,1000,7999,346,93,1000,"NAN",2.61,1018,88,25.4,23.4,1.2,23.9
"2026-07-07 12:15:00",2012,41.37719,2.216533,6,24,107,1.37,109,1.41,1018,86,25.9,23.5,1.2,24.1
"2026-07-07 12:30:00",2013,41.37731,2.21647,7,62,148,2.19,150,2.12,1017.9,87,25.9,23.7,1.2,24.2
"2026-07-07 12:45:00",2014,41.3773,2.216448,7,42,130,1.61,132,1.58,1017.9,89,25.9,23.9,1.2,24.4
"2026-07-07 13:00:00",2015,41.37722,2.21646,7,62,125,1.49,127,1.59,1017.9,89,25.9,24,1.2,24.5
"2026-07-07 13:15:00",2016,100,1000,7999,32,96,1000,"NAN",1.74,1017.8,89,26.1,24.2,1.2,24.7
"2026-07-07 13:30:00",2017,100,1000,7999,48,102,1000,"NAN",1.55,1017.8,89,26.3,24.5,1.2,24.9
"2026-07-07 13:45:00",2018,100,1000,7999,24,80,1000,"NAN",2.34,1017.7,90,26.2,24.5,1.2,24.9
"2026-07-07 14:00:00",2019,100,1000,7999,35,88,1000,"NAN",2.08,1017.8,90,26.2,24.6,1.2,25
"2026-07-07 14:15:00",2020,41.37712,2.216499,6,33,87,2.68,89,2.68,1017.8,90,26.2,24.5,1.2,24.9
"2026-07-07 14:30:00",2021,41.37714,2.216485,6,30,91,2.9,93,2.65,1017.8,90,26.2,24.6,1.2,25
"2026-07-07 14:45:00",2022,41.3772,2.216468,6,31,97,2.82,99,2.76,1017.8,91,26.3,24.7,1.2,25.1
"2026-07-07 15:00:00",2023,41.37715,2.216503,6,39,98,2.31,100,2.37,1017.7,89,26.3,24.5,1.2,24.9
"2026-07-07 15:15:00",2024,41.37711,2.216525,6,29,75,2.32,76.95,2.33,1017.6,91,26.4,24.8,1.2,25.2
"2026-07-07 15:30:00",2025,41.37713,2.216438,-4,31,73,2.17,74.95,2.2,1017.6,91,26.4,24.8,1.2,25.2
"2026-07-07 15:45:00",2026,41.37715,2.216485,0,54,89,2.41,91,2.44,1017.6,89,26.6,24.8,1.2,25.3
"2026-07-07 16:00:00",2027,41.37716,2.216445,3,36,68,2.54,69.95,2.53,1017.6,90,26.7,25.1,1.2,25.5
"2026-07-07 16:15:00",2028,41.3772,2.216426,6,45,84,3.13,86,3.15,1017.6,90,26.8,25,1.2,25.5
"2026-07-07 16:30:00",2029,41.3772,2.21644,3,61,97,1.85,99,2.03,1017.5,90,26.8,25.1,1.2,25.5
"2026-07-07 16:45:00",2030,41.37717,2.216449,4,27,69,2.92,70.95,2.9,1017.4,90,26.8,25.1,1.2,25.6
"2026-07-07 17:00:00",2031,41.37712,2.216475,4,13,63,3.92,64.95,4.17,1017.3,90,26.1,24.3,1.2,24.8
"2026-07-07 17:15:00",2032,41.37713,2.216496,11,19,66,2.62,67.95,3.07,1017.3,89,26.1,24.2,1.2,24.7
"2026-07-07 17:30:00",2033,41.37712,2.216453,-4,22,60,3.81,61.95,4.08,1017.3,89,26.1,24.1,1.2,24.6
"2026-07-07 17:45:00",2034,41.37714,2.216455,-1,5,59,4.29,60.95,3.96,1017.3,88,26.1,24,1.2,24.5
"2026-07-07 18:00:00",2035,41.37715,2.216358,4,20,62,3.66,63.95,3.42,1017.3,86,26.2,23.7,1.2,24.4
"2026-07-07 18:15:00",2036,41.37713,2.216386,4,2,63,3.75,64.95,3.55,1017.1,84,26.3,23.5,1.2,24.2
"2026-07-07 18:30:00",2037,41.37721,2.216493,0,12,64,4.18,65.95,4,1017.1,83,26.4,23.3,1.2,24.1
"2026-07-07 18:45:00",2038,41.3772,2.216472,6,9,57,3.17,58.95,3.29,1017.2,82,26.3,23.1,1.2,23.9
"2026-07-07 19:00:00",2039,41.3772,2.216449,3,5,61,3.58,62.95,3.64,1017.3,81,26.5,23.2,1.2,24.1
"2026-07-07 19:15:00",2040,41.3772,2.216455,1,349,52,3.12,53.95,3.12,1017.4,78,26.6,22.7,1.2,23.7
"2026-07-07 19:30:00",2041,41.37719,2.216451,0,5,70,2.41,71.95,2.51,1017.4,79,26.7,22.7,1.2,23.8
"2026-07-07 19:45:00",2042,41.37724,2.216438,1,19,79,1.85,81,1.88,1017.3,78,26.6,22.6,1.2,23.7
"2026-07-07 20:00:00",2043,41.3773,2.21646,2,8,85,2.01,87,1.87,1017.3,79,26.7,22.9,1.2,23.9
"2026-07-07 20:15:00",2044,41.3773,2.216456,3,328,348,0.72,350,0.57,1017.2,83,26.6,23.5,1.2,24.3
"2026-07-07 20:30:00",2045,41.3773,2.21646,2,300,15,1.71,16.95,1.58,1017.3,81,26,22.6,1.2,23.5
"2026-07-07 20:45:00",2046,41.37731,2.216487,5,341,68,1.28,69.95,1.13,1017.2,80,26.2,22.5,1.2,23.5
"2026-07-07 21:00:00",2047,41.37733,2.216521,0,322,19,0.73,20.95,0.38,1017.3,82,26.2,23,1.2,23.9
"2026-07-07 21:15:00",2048,41.37738,2.216573,0,270,0,0.84,1.95,0.71,1017.3,83,26.2,23.2,1.2,24
"2026-07-07 21:30:00",2049,41.37741,2.216639,2,256,8,0.63,9.95,0.63,1017.3,85,26,23.4,1.2,24
"2026-07-07 21:45:00",2050,41.37733,2.216711,3,44,207,1.25,209,1.03,1017.3,85,25.8,23.1,1.2,23.8
"2026-07-07 22:00:00",2051,41.37712,2.216773,2,80,225,1.45,227,1.15,1017.6,84,25.7,22.9,1.2,23.7
"2026-07-07 22:15:00",2052,41.377,2.216881,2,38,204,2.15,206,2.06,1017.7,85,26.1,23.5,1.2,24.2
"2026-07-07 22:30:00",2053,41.37703,2.217125,1,34,206,3.54,208,3.27,1017.7,90,26.1,24.4,1.2,24.8
"2026-07-07 22:45:00",2054,41.37701,2.217316,0,336,181,2.58,183,2.31,1017.9,90,26.1,24.4,1.2,24.9
"2026-07-07 23:00:00",2055,41.3771,2.21739,-1,16,198,4.61,200,4.48,1017.7,88,26.5,24.4,1.2,24.9
"2026-07-07 23:15:00",2056,41.3773,2.217416,0,6,200,4.19,202,4.05,1017.6,87,26.7,24.5,1.2,25.1
"2026-07-07 23:30:00",2057,41.37726,2.217411,1,15,220,2.97,222,2.88,1017.6,88,26.4,24.4,1.2,24.9
"2026-07-07 23:45:00",2058,41.37722,2.217408,2,5,213,3.01,215,2.95,1017.5,88,26.4,24.4,1.2,24.9
"2026-07-08 00:00:00",2059,41.37712,2.217387,0,4,216,2.86,218,2.63,1017.5,87,26.5,24.3,1.2,24.9
"2026-07-08 00:15:00",2060,41.37708,2.217331,1,359,200,2.64,202,2.71,1017.4,89,26.4,24.4,1.2,24.9
"2026-07-08 00:30:00",2061,41.37706,2.217321,5,359,207,2.1,209,2.12,1017.3,88,26.3,24.4,1.2,24.9
"2026-07-08 00:45:00",2062,100,1000,7999,356,207,1000,"NAN",3.01,1017.2,89,26.3,24.4,1.2,24.9
"2026-07-08 01:00:00",2063,100,1000,7999,10,211,1000,"NAN",3.71,1017.2,86,26.6,24.1,1.2,24.7
"2026-07-08 01:15:00",2064,100,1000,7999,3,222,1000,"NAN",2.99,1017.1,87,26.5,24.2,1.2,24.8
"2026-07-08 01:30:00",2065,100,1000,7999,8,221,1000,"NAN",3.12,1016.9,82,26.8,23.6,1.2,24.4
"2026-07-08 01:45:00",2066,41.377,2.217293,4,3,244,1.97,246,1.88,1016.9,79,26.8,22.9,1.2,23.9
"2026-07-08 02:00:00",2067,41.37701,2.217308,4,11,223,2.92,225,2.92,1016.8,76,27.2,22.6,1.2,23.9
"2026-07-08 02:15:00",2068,41.3771,2.217373,3,357,216,2.97,218,2.98,1016.7,73,27.2,22.1,1.2,23.5
"2026-07-08 02:30:00",2069,41.37713,2.217384,3,356,212,3.37,214,3.28,1016.5,74,26.9,21.9,1.2,23.3
"2026-07-08 02:45:00",2070,41.37711,2.217366,1,24,241,2.82,243,2.76,1016.3,66,27.2,20.5,1.2,22.5
"2026-07-08 03:00:00",2071,41.3771,2.217341,0,15,213,2.56,215,2.45,1016.3,72,27,21.7,1.2,23.2
"2026-07-08 03:15:00",2072,41.377,2.217228,1,29,214,3.31,216,3.08,1016.2,73,26.5,21.4,1.2,22.9
"2026-07-08 03:30:00",2073,41.37703,2.217284,2,3,226,2.01,228,1.97,1015.9,71,26.6,21,1.2,22.6
"2026-07-08 03:45:00",2074,41.37697,2.217193,2,357,234,1.06,236,0.99,1015.7,72,26.5,21.2,1.2,22.7
"2026-07-08 04:00:00",2075,41.37691,2.217086,2,324,220,1.2,222,1.52,1015.6,77,26.2,21.9,1.2,23.1
"2026-07-08 04:15:00",2076,41.37693,2.217063,3,345,201,1.97,203,1.5,1015.4,77,25.9,21.7,1.2,22.9
"2026-07-08 04:30:00",2077,41.37692,2.217108,2,10,255,0.93,257,1.21,1015.4,79,25.9,22.1,1.2,23.1
"2026-07-08 04:45:00",2078,41.3769,2.217034,4,350,205,2.12,207,2.42,1015.2,80,25.5,22,1.2,23
"2026-07-08 05:00:00",2079,41.3769,2.217025,2,345,202,2.18,204,2.19,1015.2,77,25.8,21.4,1.2,22.6
"2026-07-08 05:15:00",2080,41.3769,2.217051,2,355,220,1.87,222,1.89,1015.2,76,25.9,21.4,1.2,22.7
"2026-07-08 05:30:00",2081,41.37689,2.217041,3,78,341,1.47,343,1.38,1015.1,77,25.8,21.6,1.2,22.8
"2026-07-08 05:45:00",2082,41.37689,2.216836,5,51,340,0.92,342,0.84,1015.2,76,25.9,21.3,1.2,22.6
"2026-07-08 06:00:00",2083,41.37695,2.216688,5,128,97,1.42,99,1.47,1015.2,78,26.1,22.2,1.2,23.3
"2026-07-08 06:15:00",2084,41.37704,2.216591,1,197,165,1.15,167,1.24,1015.1,76,25.9,21.4,1.2,22.6
"2026-07-08 06:30:00",2085,41.37705,2.216563,1,25,322,0.11,324,0.32,1015.1,73,25.9,20.8,1.2,22.3
"2026-07-08 06:45:00",2086,41.37701,2.216569,3,32,346,1.32,348,1.08,1015.3,78,25.8,21.7,1.2,22.8
"2026-07-08 07:00:00",2087,41.377,2.2166,1,198,166,1.15,168,1.13,1015.6,75,25.7,21.1,1.2,22.4
"2026-07-08 07:15:00",2088,41.37703,2.216645,0,342,303,1.13,305,1.09,1015.5,76,25.5,21.1,1.2,22.4
"2026-07-08 07:30:00",2089,41.37705,2.216771,-9,54,24,1.05,25.95,1.38,1015.4,71,25.9,20.4,1.2,22
"2026-07-08 07:45:00",2090,41.37707,2.216675,-3,80,49,1.17,50.95,1.36,1015.3,72,26.1,20.7,1.2,22.3
"2026-07-08 08:00:00",2091,41.37707,2.216618,0,131,114,0.85,116,1,1015.5,74,26.1,21.2,1.2,22.6
"2026-07-08 08:15:00",2092,41.37697,2.216603,5,164,144,1.52,146,1.52,1015.6,71,26.2,20.5,1.2,22.2
"2026-07-08 08:30:00",2093,41.37704,2.216532,4,136,136,1.42,138,1.33,1015.7,64,26.3,19.1,1.2,21.3
"2026-07-08 08:45:00",2094,41.3771,2.216503,6,95,122,1.98,124,1.86,1015.7,62,26.6,18.7,1.2,21.2
"2026-07-08 09:00:00",2095,41.37711,2.216504,5,126,140,1.32,142,1.24,1015.8,66,26.8,20,1.2,22.1
"2026-07-08 09:15:00",2096,41.37709,2.216525,8,163,198,1.78,200,1.78,1015.9,71,27,21.3,1.2,22.9
"2026-07-08 09:30:00",2097,41.37709,2.216543,3,50,177,1.33,179,1.37,1015.9,70,26.5,20.7,1.2,22.4
"2026-07-08 09:45:00",2098,41.37712,2.216525,4,183,198,0.98,200,0.9,1015.9,72,27,21.7,1.2,23.2
"2026-07-08 10:00:00",2099,41.37716,2.216509,5,165,199,0.75,201,0.51,1016,75,27.7,22.9,1.2,24.3
"2026-07-08 10:15:00",2100,41.37723,2.216501,1,139,198,2.04,200,1.97,1015.9,80,26.9,23.3,1.2,24.3
"2026-07-08 10:30:00",2101,41.3773,2.216566,5,350,162,1.69,164,1.68,1015.9,73,27.3,22.1,1.2,23.5
"2026-07-08 10:45:00",2102,41.37734,2.216556,4,6,166,1.74,168,1.43,1015.9,71,27.5,21.9,1.2,23.5
"2026-07-08 11:00:00",2103,41.37738,2.216551,2,100,178,1.52,180,1.67,1016,73,27.7,22.5,1.2,23.9
"2026-07-08 11:15:00",2104,41.37738,2.216568,5,8,156,1.49,158,1.41,1015.9,77,27.7,23.5,1.2,24.6
"2026-07-08 11:30:00",2105,41.37736,2.216568,1,10,145,1.59,147,1.94,1015.9,80,27.4,23.8,1.2,24.7
"2026-07-08 11:45:00",2106,41.37756,2.216676,3,95,184,1.39,186,1.5,1015.8,81,27.3,23.8,1.2,24.8
"2026-07-08 12:00:00",2107,100,1000,7999,98,187,1000,"NAN",1.42,1015.8,82,27.2,24,1.2,24.8
"2026-07-08 12:15:00",2108,100,1000,7999,87,188,1000,"NAN",2.03,1015.7,83,27.1,24,1.2,24.8
"2026-07-08 12:30:00",2109,100,1000,7999,84,200,1000,"NAN",2.61,1015.7,84,26.9,24,1.2,24.7
"2026-07-08 12:45:00",2110,100,1000,7999,86,201,1000,"NAN",2.72,1015.8,85,26.9,24.1,1.2,24.8
"2026-07-08 13:00:00",2111,41.37756,2.216726,2,81,203,2.78,205,2.7,1015.6,83,27.1,23.9,1.2,24.8
"2026-07-08 13:15:00",2112,41.37759,2.216808,2,92,208,2.12,210,2.36,1015.6,78,27.5,23.5,1.2,24.5
"2026-07-08 13:30:00",2113,41.37758,2.216884,5,39,195,2.62,197,2.3,1015.5,77,27.7,23.5,1.2,24.6
"2026-07-08 13:45:00",2114,41.37757,2.217003,4,62,194,2.12,196,2.12,1015.4,76,28,23.5,1.2,24.7
"2026-07-08 14:00:00",2115,41.37756,2.217108,3,53,212,2.01,214,1.84,1015.3,76,28.2,23.7,1.2,24.9
"2026-07-08 14:15:00",2116,41.37753,2.217163,3,37,194,2.41,196,2.3,1015.1,75,28.4,23.7,1.2,25
"2026-07-08 14:30:00",2117,41.37755,2.217146,4,43,188,2.2,190,2.09,1014.9,76,28.5,23.8,1.2,25.1
"2026-07-08 14:45:00",2118,41.37754,2.217168,4,49,195,2.34,197,2.21,1014.8,76,28.4,24,1.2,25.1
"2026-07-08 15:00:00",2119,41.37756,2.217163,2,24,180,2.3,182,2.22,1014.6,78,28.2,24.1,1.2,25.2
"2026-07-08 15:15:00",2120,41.37756,2.21715,2,23,183,3.49,185,3.31,1014.5,82,27.7,24.4,1.2,25.2
"2026-07-08 15:30:00",2121,41.37758,2.217166,0,26,187,4.47,189,4.36,1014.4,83,27.4,24.4,1.2,25.2
"2026-07-08 15:45:00",2122,41.37757,2.217231,-2,23,191,4.9,193,4.66,1014.3,87,27.2,25,1.2,25.6
"2026-07-08 16:00:00",2123,41.37752,2.217281,0,16,192,5,194,4.61,1014.2,88,27.1,25.1,1.2,25.6
"2026-07-08 16:15:00",2124,41.37752,2.217268,2,15,186,5.66,188,5.58,1014,88,27,24.9,1.2,25.4
"2026-07-08 16:30:00",2125,41.37755,2.217228,4,24,187,5.19,189,5.19,1013.9,89,27,25,1.2,25.5
"2026-07-08 16:45:00",2126,41.37756,2.217205,7,32,191,4.61,193,4.4,1013.8,89,27,25.1,1.2,25.6
"2026-07-08 17:00:00",2127,41.37757,2.217158,4,20,181,5.04,183,5.06,1013.8,89,26.9,25,1.2,25.5
"2026-07-08 17:15:00",2128,41.37758,2.217133,1,22,183,5.5,185,5.45,1013.7,89,27,25,1.2,25.5
"2026-07-08 17:30:00",2129,41.37756,2.217178,1,13,181,5.62,183,5.45,1013.6,89,26.9,25.1,1.2,25.6
"2026-07-08 17:45:00",2130,41.37756,2.217158,2,21,183,5.14,185,5.01,1013.7,90,26.8,25.1,1.2,25.5
"2026-07-08 18:00:00",2131,41.37759,2.217101,7,32,189,4.89,191,4.89,1013.6,90,26.8,25.1,1.2,25.5
"2026-07-08 18:15:00",2132,41.37761,2.217085,4,30,185,5.3,187,5.13,1013.6,90,26.8,25,1.2,25.5
"2026-07-08 18:30:00",2133,41.37762,2.217081,5,19,181,5.01,183,4.64,1013.5,90,26.7,25,1.2,25.4
"2026-07-08 18:45:00",2134,41.37762,2.217106,5,12,176,5.72,178,5.49,1013.6,90,26.7,25,1.2,25.5
"2026-07-08 19:00:00",2135,41.37762,2.217095,4,30,189,4.54,191,4.51,1013.6,90,26.7,24.9,1.2,25.4
"2026-07-08 19:15:00",2136,41.37762,2.21704,2,16,181,4.64,183,4.37,1013.6,90,26.6,24.8,1.2,25.3
"2026-07-08 19:30:00",2137,41.3776,2.217073,2,24,190,5.22,192,4.98,1013.6,90,26.6,24.8,1.2,25.3
"2026-07-08 19:45:00",2138,41.37759,2.217066,6,16,174,3.83,176,3.93,1013.4,90,26.5,24.9,1.2,25.3
"2026-07-08 20:00:00",2139,41.37759,2.217098,6,31,180,3.28,182,3.28,1013.6,91,26.4,24.9,1.2,25.3
"2026-07-08 20:15:00",2140,41.37759,2.217059,5,31,182,4.45,184,4.51,1013.5,91,26.3,24.9,1.2,25.2
"2026-07-08 20:30:00",2141,41.37759,2.217103,0,24,186,3.82,188,3.73,1013.4,92,26.1,24.8,1.2,25.2
"2026-07-08 20:45:00",2142,41.37758,2.21707,0,31,185,3.73,187,3.72,1013.4,92,26.1,24.8,1.2,25.1
"2026-07-08 21:00:00",2143,41.37757,2.217041,0,27,181,3.42,183,3.22,1013.3,93,26,24.8,1.2,25.1
"2026-07-08 21:15:00",2144,41.37759,2.217046,1,28,194,3.95,196,4.19,1013.2,93,25.9,24.8,1.2,25.1
"2026-07-08 21:30:00",2145,41.37756,2.21702,3,25,187,2.85,189,2.73,1013.3,93,25.7,24.7,1.2,25
"2026-07-08 21:45:00",2146,41.37759,2.21703,3,38,199,3.76,201,3.76,1013.2,93,25.8,24.7,1.2,25
"2026-07-08 22:00:00",2147,41.37758,2.217053,1,33,205,3.84,207,3.66,1013.2,92,25.9,24.6,1.2,24.9
"2026-07-08 22:15:00",2148,41.37758,2.21697,-2,34,196,2.27,198,2.42,1013.1,92,25.9,24.5,1.2,24.9
"2026-07-08 22:30:00",2149,41.37753,2.216815,2,18,190,2.47,192,2.28,1013.1,92,25.9,24.6,1.2,24.9
"2026-07-08 22:45:00",2150,41.37748,2.216701,4,5,155,0.91,157,1.11,1013.3,92,25.9,24.6,1.2,24.9
"2026-07-08 23:00:00",2151,41.37744,2.21667,2,53,196,1.86,198,1.97,1013.3,94,25.8,24.7,1.2,25
"2026-07-08 23:15:00",2152,41.37748,2.216715,4,36,186,2.32,188,2.53,1013.1,94,25.6,24.6,1.2,24.8
"2026-07-08 23:30:00",2153,41.37757,2.216849,2,43,207,4.87,209,4.7,1013.4,94,25.5,24.4,1.2,24.7
"2026-07-08 23:45:00",2154,41.37756,2.217123,2,30,201,4.49,203,4.42,1013.3,93,25.9,24.7,1.2,25
"2026-07-09 00:00:00",2155,41.37756,2.217157,2,20,202,4.06,204,3.81,1013.2,93,25.8,24.6,1.2,24.9
"2026-07-09 00:15:00",2156,41.37751,2.217226,2,29,212,3.47,214,3.37,1013.2,90,26.2,24.6,1.2,25
"2026-07-09 00:30:00",2157,41.37749,2.217178,5,23,211,3.81,213,3.64,1013.1,89,26,24.1,1.2,24.6
"2026-07-09 00:45:00",2158,41.3775,2.217236,3,20,209,2.41,211,2.34,1013.1,88,25.9,23.8,1.2,24.4
"2026-07-09 01:00:00",2159,41.37746,2.217286,2,74,263,2.22,265,2.24,1013.1,83,26.7,23.7,1.2,24.5
"2026-07-09 01:15:00",2160,41.37739,2.217333,2,24,201,1.64,203,1.56,1013.1,81,27,23.6,1.2,24.5
"2026-07-09 01:30:00",2161,41.3773,2.217351,2,47,240,0.93,242,0.93,1012.9,77,27.3,23.1,1.2,24.2
"2026-07-09 01:45:00",2162,41.37741,2.2173,-1,14,200,1.37,202,1.52,1012.8,81,27.2,23.7,1.2,24.6
"2026-07-09 02:00:00",2163,41.3773,2.217312,0,249,66,0.79,67.95,0.79,1012.7,85,26.3,23.6,1.2,24.3
"2026-07-09 02:15:00",2164,41.37715,2.217336,0,175,21,0.77,22.95,0.62,1012.7,79,26.8,22.9,1.2,23.9
"2026-07-09 02:30:00",2165,41.37707,2.217303,-1,241,62,0.63,63.95,0.6,1012.6,69,26.4,20.3,1.2,22.2
"2026-07-09 02:45:00",2166,41.37695,2.217158,1,107,0,1.45,1.95,1.73,1012.4,63,27,19.4,1.2,21.8
"2026-07-09 03:00:00",2167,41.37691,2.216967,3,86,359,1.53,0.95,1.7,1012.1,65,27,19.8,1.2,22.1
"2026-07-09 03:15:00",2168,41.3769,2.216923,0,83,18,2.75,19.95,2.89,1012,65,27,20,1.2,22.1
"2026-07-09 03:30:00",2169,41.37689,2.216984,1,43,336,5.08,338,5.15,1011.9,58,27.7,18.9,1.2,21.7
"2026-07-09 03:45:00",2170,41.37687,2.217007,2,50,327,3.2,329,3.22,1011.7,58,27.5,18.5,1.2,21.4
"2026-07-09 04:00:00",2171,41.37688,2.217005,3,32,325,2.92,327,2.92,1011.6,55,27.5,17.7,1.2,21
"2026-07-09 04:15:00",2172,41.37687,2.216975,6,55,330,1.59,332,1.59,1011.5,60,27.2,18.7,1.2,21.4
"2026-07-09 04:30:00",2173,41.37685,2.21693,4,53,339,2.46,341,2.7,1011.5,59,26.9,18.4,1.2,21.1
"2026-07-09 04:45:00",2174,41.37687,2.216908,3,58,353,2.53,355,2.53,1011.3,57,26.6,17.5,1.2,20.6
"2026-07-09 05:00:00",2175,41.37687,2.216856,4,46,352,3.07,354,3.26,1011.4,50,26.8,15.7,1.2,19.7
"2026-07-09 05:15:00",2176,41.37687,2.216836,4,24,337,2.65,339,2.83,1011.2,55,26.5,16.7,1.2,20.1
"2026-07-09 05:30:00",2177,41.37687,2.216849,4,34,338,3.16,340,3.08,1010.9,52,26.6,16.2,1.2,19.8
"2026-07-09 05:45:00",2178,41.37687,2.216853,4,16,337,3.07,339,2.98,1010.9,45,27.1,14.4,1.2,19.1
"2026-07-09 06:00:00",2179,41.37687,2.216863,1,25,326,4.32,328,4.32,1010.8,46,27.2,14.9,1.2,19.4
"2026-07-09 06:15:00",2180,41.37687,2.2169,2,40,351,4.18,353,4,1010.9,51,27,16.1,1.2,19.9
"2026-07-09 06:30:00",2181,41.37687,2.216986,2,2,299,2.87,301,2.83,1011.1,48,27.1,15.3,1.2,19.5
"2026-07-09 06:45:00",2182,41.37687,2.216861,6,337,265,2.19,267,2.15,1011.2,48,27.4,15.7,1.2,19.9
"2026-07-09 07:00:00",2183,41.37694,2.216735,4,174,151,1.23,153,1.16,1011.1,64,26.4,19.1,1.2,21.4
"2026-07-09 07:15:00",2184,41.37701,2.216671,5,36,200,2.75,202,2.75,1011.3,67,25.9,19.4,1.2,21.4
"2026-07-09 07:30:00",2185,41.37707,2.216581,5,61,281,0.5,283,0.44,1011.3,62,25.9,18.2,1.2,20.7
"2026-07-09 07:45:00",2186,41.37712,2.216596,4,217,210,0.41,212,0.59,1011.5,58,26.8,18,1.2,20.9
"2026-07-09 08:00:00",2187,41.3771,2.21656,4,52,57,1.69,58.95,1.52,1011.5,63,26.4,18.8,1.2,21.2
"2026-07-09 08:15:00",2188,41.37716,2.216553,3,27,79,1.83,81,1.71,1011.6,69,26.1,19.9,1.2,21.8
"2026-07-09 08:30:00",2189,41.37728,2.216538,0,341,45,0.54,46.95,0.54,1011.7,65,26.3,19.4,1.2,21.5
"2026-07-09 08:45:00",2190,41.37734,2.216558,-1,48,107,0.4,109,0.31,1011.9,62,27.5,19.8,1.2,22.2
"2026-07-09 09:00:00",2191,41.37734,2.21655,-1,24,101,0.43,103,0.43,1011.8,51,28,17.1,1.2,20.8
"2026-07-09 09:15:00",2192,41.37733,2.216532,0,77,148,1.06,150,1.06,1011.8,60,27.1,18.6,1.2,21.4
"2026-07-09 09:30:00",2193,41.3773,2.216495,0,68,139,1.17,141,1.17,1011.8,61,26.6,18.6,1.2,21.2
"2026-07-09 09:45:00",2194,41.37721,2.216518,3,11,77,1.57,78.95,1.57,1011.8,68,27,20.7,1.2,22.6
"2026-07-09 10:00:00",2195,41.37717,2.216511,1,0,72,1.19,73.95,1.19,1011.8,67,27.2,20.7,1.2,22.7
"2026-07-09 10:15:00",2196,41.37713,2.216513,2,20,77,2.31,78.95,2.31,1011.8,68,26.6,20.4,1.2,22.2
"2026-07-09 10:30:00",2197,41.37717,2.216495,1,5,58,2.25,59.95,2.25,1011.8,64,27,19.7,1.2,22
"2026-07-09 10:45:00",2198,41.37723,2.21646,1,353,70,1.97,71.95,2.04,1011.7,65,26.9,19.8,1.2,22
"2026-07-09 11:00:00",2199,41.37726,2.216506,2,0,63,1.3,64.95,1.34,1011.7,70,26.8,21,1.2,22.7
"2026-07-09 11:15:00",2200,41.37733,2.216514,2,2,75,1.3,76.95,1.35,1011.8,69,26.9,20.9,1.2,22.7
"2026-07-09 11:30:00",2201,41.37743,2.216558,2,334,62,1.17,63.95,0.88,1011.9,70,27.5,21.7,1.2,23.4
"2026-07-09 11:45:00",2202,41.37746,2.216611,6,328,65,0.93,66.95,1.08,1011.8,71,27.7,22,1.2,23.6
"2026-07-09 12:00:00",2203,41.37756,2.21669,2,15,114,0.73,116,0.73,1011.8,67,28.2,21.6,1.2,23.5
"2026-07-09 12:15:00",2204,41.3776,2.216788,4,68,176,0.89,178,0.84,1011.8,66,28.5,21.7,1.2,23.7
"2026-07-09 12:30:00",2205,41.37761,2.216784,5,180,281,0.24,283,0.25,1011.8,70,28.7,22.7,1.2,24.4
"2026-07-09 12:45:00",2206,41.3776,2.216822,6,96,198,1.25,200,1.18,1011.7,70,28.8,22.9,1.2,24.5
"2026-07-09 13:00:00",2207,41.3776,2.216863,6,91,197,1.59,199,1.58,1011.7,71,28.6,23,1.2,24.6
"2026-07-09 13:15:00",2208,41.3776,2.216965,5,78,199,1.4,201,1.33,1011.6,74,28.7,23.8,1.2,25.1
"2026-07-09 13:30:00",2209,41.37762,2.217032,4,72,199,1.54,201,1.54,1011.6,72,28.9,23.5,1.2,25
"2026-07-09 13:45:00",2210,41.37759,2.217051,4,79,207,1.82,209,1.75,1011.5,70,29.2,23.4,1.2,25
"2026-07-09 14:00:00",2211,41.37759,2.216981,2,81,201,1.87,203,1.84,1011.3,74,29,24,1.2,25.4
"2026-07-09 14:15:00",2212,41.3776,2.216918,2,92,206,1.96,208,1.96,1011.1,81,28.9,25.3,1.2,26.2
"2026-07-09 14:30:00",2213,41.3776,2.216938,2,81,200,2.16,202,2.16,1010.9,79,28.3,24.4,1.2,25.5
"2026-07-09 14:45:00",2214,41.3776,2.217005,3,78,206,2.62,208,2.56,1010.8,73,28.3,23.1,1.2,24.5
"2026-07-09 15:00:00",2215,41.37761,2.217048,2,72,201,2.32,203,2.3,1010.7,69,28.4,22.1,1.2,23.9
"2026-07-09 15:15:00",2216,41.37758,2.21707,8,59,200,2.63,202,2.55,1010.6,69,28.3,22.1,1.2,23.9
"2026-07-09 15:30:00",2217,41.37756,2.217108,9,60,200,2.07,202,1.99,1010.5,76,28.3,23.8,1.2,25
"2026-07-09 15:45:00",2218,41.37756,2.217141,4,62,213,1.77,215,1.56,1010.5,82,28.1,24.8,1.2,25.7
"2026-07-09 16:00:00",2219,100,1000,7999,43,190,1000,"NAN",2.67,1010.5,78,28.2,24.1,1.2,25.2
"2026-07-09 16:15:00",2220,41.37752,2.217211,4,36,190,1.47,192,1.89,1010.4,79,28.5,24.7,1.2,25.7
"2026-07-09 16:30:00",2221,41.37752,2.217238,8,28,189,1.54,191,1.63,1010.3,77,28.6,24.2,1.2,25.4
"2026-07-09 16:45:00",2222,41.37751,2.217241,10,23,183,1.79,185,1.75,1010.3,77,28.7,24.3,1.2,25.5
"2026-07-09 17:00:00",2223,41.37746,2.217306,12,19,179,1.05,181,1.07,1010.3,77,28.8,24.5,1.2,25.6
"2026-07-09 17:15:00",2224,41.37746,2.217261,0,14,171,2.05,173,2.06,1010.3,73,29,23.8,1.2,25.2
"2026-07-09 17:30:00",2225,41.37745,2.217291,-1,347,146,0.81,148,1.15,1010.1,72,29.2,23.8,1.2,25.3
"2026-07-09 17:45:00",2226,41.37746,2.21728,0,17,166,1.05,168,1.17,1010.1,75,29.3,24.4,1.2,25.7
"2026-07-09 18:00:00",2227,41.37751,2.217278,3,5,153,1.09,155,1.11,1010,75,29.3,24.5,1.2,25.7
"2026-07-09 18:15:00",2228,41.37746,2.217336,2,325,123,1.04,125,1.04,1010,76,29.1,24.5,1.2,25.7
"2026-07-09 18:30:00",2229,41.3774,2.217365,0,289,86,0.9,88,1.06,1010,78,28.8,24.7,1.2,25.8
"2026-07-09 18:45:00",2230,41.37734,2.217395,0,259,75,0.97,76.95,0.98,1009.9,78,29,24.8,1.2,25.9
"2026-07-09 19:00:00",2231,41.37731,2.217387,0,236,58,0.84,59.95,0.84,1009.9,80,29.5,25.7,1.2,26.7
"2026-07-09 19:15:00",2232,41.37728,2.217378,0,247,75,0.66,76.95,0.66,1009.8,80,29.1,25.4,1.2,26.3
"2026-07-09 19:30:00",2233,41.37722,2.217387,2,222,58,1.05,59.95,1.05,1009.8,81,29.1,25.5,1.2,26.4
"2026-07-09 19:45:00",2234,41.37719,2.217388,2,222,60,1.02,61.95,1.02,1009.8,82,29.1,25.8,1.2,26.6
"2026-07-09 20:00:00",2235,41.37713,2.217342,4,177,34,1.86,35.95,1.93,1009.8,83,28.6,25.4,1.2,26.2
"2026-07-09 20:15:00",2236,41.37704,2.217261,4,143,6,0.87,7.95,1.05,1009.9,82,28.7,25.4,1.2,26.2
"2026-07-09 20:30:00",2237,41.37695,2.217171,-3,128,15,2.58,16.95,2.66,1009.8,85,28.1,25.3,1.2,26
"2026-07-09 20:45:00",2238,41.37689,2.217043,-4,39,38,1.83,39.95,1.84,1009.9,84,27.6,24.8,1.2,25.5
"2026-07-09 21:00:00",2239,41.3769,2.216918,3,92,10,1.75,11.95,1.79,1010,85,27.4,24.8,1.2,25.5
"2026-07-09 21:15:00",2240,41.3769,2.216893,4,92,4,1.87,5.95,1.87,1010,85,27.2,24.5,1.2,25.2
"2026-07-09 21:30:00",2241,41.37689,2.216848,5,87,359,1.3,0.95,1.39,1010,83,27.1,24.1,1.2,24.8
"2026-07-09 21:45:00",2242,41.3769,2.216778,4,94,21,0.82,22.95,0.93,1010.1,82,27.2,24,1.2,24.8
"2026-07-09 22:00:00",2243,41.37697,2.216728,7,40,293,0.59,295,0.79,1010.2,77,27.3,23.1,1.2,24.2
"2026-07-09 22:15:00",2244,41.377,2.216683,3,334,195,0.11,197,0.13,1010.2,83,27.5,24.3,1.2,25.1
"2026-07-09 22:30:00",2245,41.37697,2.216653,-3,14,340,0.55,342,0.65,1010.4,78,27.3,23.1,1.2,24.3
"2026-07-09 22:45:00",2246,41.377,2.216639,-2,330,283,0.58,285,0.64,1010.4,73,27.3,22.1,1.2,23.6
"2026-07-09 23:00:00",2247,41.37697,2.216631,-9,323,284,0.95,286,0.96,1010.5,55,28.1,18.2,1.2,21.5
"2026-07-09 23:15:00",2248,41.37703,2.216603,-4,273,243,1.14,245,1.17,1010.4,55,28,18.1,1.2,21.4
"2026-07-09 23:30:00",2249,41.37707,2.216578,0,254,225,1.43,227,1.44,1010.3,54,28.3,18.2,1.2,21.6
"2026-07-09 23:45:00",2250,41.37708,2.216598,-4,245,203,1.34,205,1.25,1010.3,60,28,19.7,1.2,22.3
"2026-07-10 00:00:00",2251,41.3771,2.216596,-8,210,218,1.37,220,1.36,1010.3,61,27.9,19.7,1.2,22.3
"2026-07-10 00:15:00",2252,41.37716,2.216583,5,133,224,1.86,226,1.88,1010.2,62,27.7,19.9,1.2,22.3
"2026-07-10 00:30:00",2253,41.37725,2.216753,-4,108,226,2.22,228,1.45,1010.1,66,27.4,20.6,1.2,22.7
"2026-07-10 00:45:00",2254,100,1000,7999,140,209,1000,"NAN",1.28,1010,63,27.3,19.6,1.2,22
"2026-07-10 01:00:00",2255,100,1000,7999,87,246,1000,"NAN",1.89,1010,65,27.3,20.1,1.2,22.3
"2026-07-10 01:15:00",2256,100,1000,7999,330,4,1000,"NAN",1.42,1009.8,62,27.3,19.5,1.2,21.9
"2026-07-10 01:30:00",2257,41.37721,2.21654,3,296,332,0.92,334,0.88,1009.8,58,28,19,1.2,21.9
"2026-07-10 01:45:00",2258,41.37728,2.216518,3,307,324,0.2,326,0.18,1009.7,60,27.4,19.1,1.2,21.8
"2026-07-10 02:00:00",2259,41.3773,2.216516,2,353,43,1.41,44.95,1.43,1009.5,67,27.1,20.5,1.2,22.5
"2026-07-10 02:15:00",2260,41.3773,2.216529,1,328,354,1.15,356,1.18,1009.5,65,26.9,19.9,1.2,22.1
"2026-07-10 02:30:00",2261,41.37725,2.216526,2,348,41,0.66,42.95,0.85,1009.3,69,27.1,20.9,1.2,22.7
"2026-07-10 02:45:00",2262,41.37716,2.21655,3,22,40,1.28,41.95,1.3,1009.1,66,26.7,20,1.2,22
"2026-07-10 03:00:00",2263,41.37713,2.216574,2,18,48,1.19,49.95,1.31,1008.8,67,26.7,20.1,1.2,22.1
"2026-07-10 03:15:00",2264,41.3771,2.216598,1,31,58,1.17,59.95,1.4,1008.6,70,26.3,20.5,1.2,22.2
"2026-07-10 03:30:00",2265,41.37707,2.216666,2,20,4,1.63,5.95,1.65,1008.6,71,26.1,20.6,1.2,22.2
"2026-07-10 03:45:00",2266,41.37701,2.216726,2,6,17,0.8,18.95,0.85,1008.5,64,26.5,19.3,1.2,21.5
"2026-07-10 04:00:00",2267,41.37695,2.216788,7,6,359,0.67,0.95,0.69,1008.5,67,26.4,19.8,1.2,21.8
"2026-07-10 04:15:00",2268,41.37695,2.2168,5,3,311,0.9,313,0.82,1008.5,69,26.2,20.1,1.2,22
"2026-07-10 04:30:00",2269,41.377,2.216731,1,88,300,1.14,302,1.15,1008.6,72,25.9,20.4,1.2,22
"2026-07-10 04:45:00",2270,41.37706,2.21667,4,77,254,0.94,256,0.78,1008.5,80,25.7,22.2,1.2,23.1
"2026-07-10 05:00:00",2271,41.37719,2.216571,0,64,288,0.7,290,0.59,1008.6,73,25.5,20.4,1.2,21.9
"2026-07-10 05:15:00",2272,41.37731,2.216591,4,188,292,0.44,294,0.45,1008.6,68,25.5,19.4,1.2,21.3
"2026-07-10 05:30:00",2273,41.37741,2.216631,2,259,356,1.07,358,1.09,1008.6,71,25.9,20.2,1.2,21.9
"2026-07-10 05:45:00",2274,41.37741,2.216649,2,347,18,2.35,19.95,2.35,1008.7,66,25.9,19.1,1.2,21.2
"2026-07-10 06:00:00",2275,41.37736,2.216639,1,43,356,2.4,358,2.41,1008.8,60,25.9,17.6,1.2,20.3
"2026-07-10 06:15:00",2276,41.3773,2.21669,2,47,4,1.72,5.95,1.75,1008.9,62,25.9,18,1.2,20.6
"2026-07-10 06:30:00",2277,41.37701,2.216733,3,43,4,2.84,5.95,2.86,1008.9,57,25.9,16.7,1.2,19.8
"2026-07-10 06:45:00",2278,41.37691,2.216788,5,28,352,3.76,354,3.76,1009,60,25.9,17.6,1.2,20.4
"2026-07-10 07:00:00",2279,41.3769,2.216805,2,33,7,3.72,8.95,3.78,1009.1,61,25.9,17.9,1.2,20.5
"2026-07-10 07:15:00",2280,41.37689,2.216809,1,33,13,4.02,14.95,4.06,1009.2,58,25.9,17.1,1.2,20.1
"2026-07-10 07:30:00",2281,41.37689,2.216841,0,35,2,3.04,3.95,3.07,1009.4,61,25.9,18,1.2,20.6
"2026-07-10 07:45:00",2282,41.37692,2.216776,1,26,10,2.23,11.95,2.27,1009.6,60,26.1,17.9,1.2,20.6
"2026-07-10 08:00:00",2283,41.37695,2.216704,1,33,32,2.07,33.95,2.09,1009.9,65,26.2,19.2,1.2,21.4
"2026-07-10 08:15:00",2284,41.37695,2.216703,0,27,20,2.26,21.95,2.39,1010,65,26.3,19.3,1.2,21.5
"2026-07-10 08:30:00",2285,41.37692,2.216721,0,50,34,4.28,35.95,4.47,1010.2,67,26.4,20,1.2,21.9
"2026-07-10 08:45:00",2286,41.37694,2.216696,1,22,36,3.49,37.95,3.51,1010.3,69,26.2,20.3,1.2,22.1
"2026-07-10 09:00:00",2287,41.37697,2.216628,2,26,44,3.83,45.95,3.98,1010.4,72,25.9,20.5,1.2,22.1
"2026-07-10 09:15:00",2288,41.37689,2.216975,0,23,54,3.68,55.95,4.07,1010.3,75,25.9,21.1,1.2,22.5
"2026-07-10 09:30:00",2289,41.37707,2.216449,5,29,79,5.29,81,5.28,1010.4,76,25.9,21.4,1.2,22.7
"2026-07-10 09:45:00",2290,41.37707,2.216532,4,36,69,4.78,70.95,4.7,1010.4,78,25.9,21.8,1.2,23
"2026-07-10 10:00:00",2291,41.37708,2.216499,3,37,83,4.81,85,4.78,1010.5,80,25.9,22.3,1.2,23.3
"2026-07-10 10:15:00",2292,41.37705,2.216491,-2,24,70,5.46,71.95,5.35,1010.5,82,25.9,22.7,1.2,23.5
"2026-07-10 10:30:00",2293,41.37711,2.216485,2,26,64,4.28,65.95,4.29,1010.6,85,26,23.3,1.2,24
"2026-07-10 10:45:00",2294,41.37713,2.216475,3,19,67,4.58,68.95,4.56,1010.7,86,25.9,23.5,1.2,24.2
"2026-07-10 11:00:00",2295,41.37723,2.216443,2,13,67,4.05,68.95,3.87,1010.8,88,26,23.9,1.2,24.4
"2026-07-10 11:15:00",2296,41.37726,2.216438,2,357,71,4.23,72.95,4.11,1010.8,89,26.1,24.3,1.2,24.7
"2026-07-10 11:30:00",2297,41.37728,2.216445,2,6,71,4.52,72.95,4.27,1010.8,89,26.2,24.4,1.2,24.8
"2026-07-10 11:45:00",2298,41.3773,2.216449,2,9,76,4.35,77.95,4.11,1010.9,90,26.3,24.7,1.2,25.1
"2026-07-10 12:00:00",2299,41.37733,2.216445,2,7,78,3.46,79.95,3.47,1011,91,26.6,25,1.2,25.4
"2026-07-10 12:15:00",2300,41.37726,2.216456,2,8,67,4.1,68.95,4.15,1010.9,91,26.7,25.2,1.2,25.6
"2026-07-10 12:30:00",2301,41.37723,2.216458,3,8,68,3.34,69.95,3.46,1010.9,92,26.7,25.3,1.2,25.6
"2026-07-10 12:45:00",2302,41.37725,2.216458,3,358,64,4.42,65.95,4.68,1011,92,26.6,25.2,1.2,25.6
"2026-07-10 13:00:00",2303,41.37723,2.21647,1,9,72,5.28,73.95,5.45,1010.8,92,26.4,25.1,1.2,25.5
"2026-07-10 13:15:00",2304,41.37719,2.216488,1,10,71,5.11,72.95,5.22,1010.8,93,26.4,25.1,1.2,25.5
"2026-07-10 13:30:00",2305,41.37719,2.216491,1,14,69,4.44,70.95,4.78,1010.6,93,26.4,25.2,1.2,25.5
"2026-07-10 13:45:00",2306,41.3772,2.216466,0,3,64,5.81,65.95,5.91,1010.6,92,26.3,24.9,1.2,25.3
"2026-07-10 14:00:00",2307,41.37713,2.216482,0,19,66,5.05,67.95,5.4,1010.6,91,26.3,24.8,1.2,25.2
"2026-07-10 14:15:00",2308,41.3771,2.216476,1,10,77,6.16,78.95,6.35,1010.5,90,26.4,24.7,1.2,25.1
"2026-07-10 14:30:00",2309,41.37715,2.216472,1,39,93,4.51,95,4.83,1010.7,88,26.5,24.5,1.2,25
"2026-07-10 14:45:00",2310,41.37716,2.216461,0,39,104,5.01,106,5.31,1010.6,85,26.7,24.1,1.2,24.7
"2026-07-10 15:00:00",2311,41.37721,2.216448,0,32,102,4.89,104,4.6,1010.8,87,26.7,24.5,1.2,25
"2026-07-10 15:15:00",2312,41.37726,2.216449,0,27,113,5.41,115,5.42,1010.8,90,26.5,24.8,1.2,25.2
"2026-07-10 15:30:00",2313,41.37728,2.216434,1,18,100,5.8,102,5.52,1010.6,88,26.2,24.2,1.2,24.7
"2026-07-10 15:45:00",2314,41.37721,2.216436,1,8,90,4.96,92,4.86,1010.7,88,26.1,24,1.2,24.6
"2026-07-10 16:00:00",2315,41.37725,2.216436,2,26,111,5.23,113,4.98,1010.9,89,26.2,24.3,1.2,24.8
"2026-07-10 16:15:00",2316,41.37719,2.216443,2,9,79,5.69,81,5.2,1010.7,88,26.1,24.1,1.2,24.6
"2026-07-10 16:30:00",2317,41.37716,2.216446,3,7,81,4.84,83,4.47,1010.4,88,26,24,1.2,24.5
"2026-07-10 16:45:00",2318,41.37707,2.21647,4,34,88,8.82,90,8.58,1009.2,89,25.9,24,1.2,24.5
"2026-07-10 17:00:00",2319,41.37714,2.216468,3,40,91,6.46,93,6.26,1010.1,88,25.9,23.8,1.2,24.3
"2026-07-10 17:15:00",2320,41.37721,2.216446,1,27,97,5.5,99,5.41,1010.5,87,26.2,24,1.2,24.6
"2026-07-10 17:30:00",2321,41.37717,2.216438,-1,38,90,5.48,92,5.56,1010.1,83,26.1,23.1,1.2,23.9
"2026-07-10 17:45:00",2322,41.37724,2.21642,0,48,103,5.15,105,4.72,1010.4,85,26.2,23.6,1.2,24.3
"2026-07-10 18:00:00",2323,41.3773,2.216413,1,36,102,4.89,104,4.71,1010.3,85,26.3,23.7,1.2,24.4
"2026-07-10 18:15:00",2324,41.37723,2.216426,0,17,90,4.59,92,4.17,1010.6,85,26.3,23.6,1.2,24.3
"2026-07-10 18:30:00",2325,41.3772,2.216428,2,23,75,4.45,76.95,4.57,1010.4,86,26.1,23.7,1.2,24.3
"2026-07-10 18:45:00",2326,41.37717,2.216431,0,1,66,5.84,67.95,5.4,1009.9,88,26.2,24.1,1.2,24.6
"2026-07-10 19:00:00",2327,41.37713,2.216485,2,29,76,2.84,77.95,2.83,1010.4,88,26,24,1.2,24.5
"2026-07-10 19:15:00",2328,41.37717,2.216498,5,346,42,2.22,43.95,2.9,1010.9,88,25.9,23.9,1.2,24.4
"2026-07-10 19:30:00",2329,41.37711,2.216514,6,352,44,3.35,45.95,3.2,1010.9,89,25.8,23.8,1.2,24.3
"2026-07-10 19:45:00",2330,41.37706,2.216518,3,15,69,4.51,70.95,4.53,1010.7,89,25.6,23.7,1.2,24.2
"2026-07-10 20:00:00",2331,41.3771,2.216514,4,38,79,5.07,81,5.04,1010.8,89,25.9,24,1.2,24.4
"2026-07-10 20:15:00",2332,41.37706,2.216529,0,85,77,4.03,78.95,3.93,1011,88,25.6,23.6,1.2,24.2
"2026-07-10 20:30:00",2333,41.37704,2.216508,1,91,84,6.05,86,6.17,1010.7,88,25.6,23.5,1.2,24.1
"2026-07-10 20:45:00",2334,41.37703,2.216525,2,92,65,5.61,66.95,5.54,1010.8,88,25.7,23.6,1.2,24.1
"2026-07-10 21:00:00",2335,41.377,2.216565,2,91,56,5.07,57.95,4.75,1010.8,88,25.7,23.6,1.2,24.1
"2026-07-10 21:15:00",2336,41.37697,2.216581,3,99,58,6.71,59.95,6.54,1010.8,89,25.7,23.8,1.2,24.3
"2026-07-10 21:30:00",2337,41.37697,2.216573,3,87,43,5.13,44.95,4.87,1011.1,88,25.7,23.7,1.2,24.2
"2026-07-10 21:45:00",2338,41.37696,2.216608,6,101,44,5.16,45.95,5.07,1011.3,90,25.5,23.7,1.2,24.2
"2026-07-10 22:00:00",2339,41.37696,2.216615,6,92,40,4.22,41.95,4.45,1011.6,90,25.5,23.7,1.2,24.2
"2026-07-10 22:15:00",2340,41.377,2.216563,3,98,70,6.49,71.95,6.38,1011.4,88,25.3,23.1,1.2,23.7
"2026-07-10 22:30:00",2341,41.377,2.216541,2,111,84,8.09,86,7.43,1011.6,88,25.5,23.4,1.2,23.9
"2026-07-10 22:45:00",2342,41.37703,2.216496,2,98,83,5.85,85,5.94,1011.8,87,25.5,23.3,1.2,23.9
"2026-07-10 23:00:00",2343,41.37701,2.216501,3,104,102,5.38,104,5.55,1011.9,88,25.5,23.6,1.2,24.1
"2026-07-10 23:15:00",2344,41.37705,2.216476,3,102,102,5.67,104,5.81,1012,88,25.6,23.6,1.2,24.1
"2026-07-10 23:30:00",2345,41.37708,2.216478,2,101,97,5.62,99,5.38,1012.1,88,25.6,23.6,1.2,24.1
"2026-07-10 23:45:00",2346,41.37708,2.21647,4,97,94,5.34,96,5.42,1012.1,87,25.5,23.4,1.2,23.9
"2026-07-11 00:00:00",2347,41.37707,2.21648,6,97,100,5.7,102,6.01,1012.1,88,25.6,23.5,1.2,24.1
"2026-07-11 00:15:00",2348,41.37703,2.216538,1,103,89,5.95,91,6.24,1012.1,88,25.6,23.5,1.2,24.1
"2026-07-11 00:30:00",2349,41.37704,2.216533,4,92,87,5.32,89,5.42,1012.2,88,25.6,23.6,1.2,24.1
"2026-07-11 00:45:00",2350,41.37705,2.216533,6,99,87,5.81,89,5.81,1012.1,88,25.8,23.7,1.2,24.2
"2026-07-11 01:00:00",2351,41.37705,2.216525,6,94,98,6.2,100,6.13,1012,87,25.7,23.4,1.2,24
"2026-07-11 01:15:00",2352,41.37707,2.216508,6,87,77,5.65,78.95,5.8,1011.9,87,25.7,23.5,1.2,24
"2026-07-11 01:30:00",2353,41.37704,2.216526,0,100,78,5.47,79.95,5.88,1011.7,88,25.7,23.7,1.2,24.2
"2026-07-11 01:45:00",2354,41.37707,2.216503,-2,98,98,5.89,100,5.97,1011.7,88,25.6,23.6,1.2,24.1
"2026-07-11 02:00:00",2355,41.37701,2.216475,4,105,88,6.11,90,5.62,1011.7,88,25.6,23.5,1.2,24.1
"2026-07-11 02:15:00",2356,41.37704,2.216453,4,96,80,6.64,82,6.18,1011.3,90,25.7,23.9,1.2,24.4
"2026-07-11 02:30:00",2357,41.37705,2.216436,4,110,96,9.74,98,9.61,1011.2,89,25.6,23.8,1.2,24.2
"2026-07-11 02:45:00",2358,41.377,2.216516,-1,113,80,8.01,82,7.86,1011.1,90,25.5,23.7,1.2,24.2
"2026-07-11 03:00:00",2359,41.37703,2.216466,2,93,75,6.76,76.95,6.75,1011.3,88,25.5,23.5,1.2,24.1
"2026-07-11 03:15:00",2360,41.37703,2.216476,2,95,87,5.51,89,5.53,1011.5,88,25.7,23.7,1.2,24.2
"2026-07-11 03:30:00",2361,41.37704,2.21648,3,92,85,6.39,87,6.21,1011.6,87,25.6,23.4,1.2,23.9
"2026-07-11 03:45:00",2362,41.37707,2.216473,4,93,78,5.9,79.95,6.06,1011.7,88,25.5,23.4,1.2,24
"2026-07-11 04:00:00",2363,41.37705,2.216473,4,101,78,7.15,79.95,7.03,1011.6,88,25.3,23.2,1.2,23.8
"2026-07-11 04:15:00",2364,41.37703,2.216487,7,102,85,7.49,87,7.38,1011.6,89,25.3,23.5,1.2,23.9
"2026-07-11 04:30:00",2365,41.37705,2.216475,7,104,95,7.85,97,8.09,1011.6,89,25.4,23.6,1.2,24
"2026-07-11 04:45:00",2366,41.37701,2.216493,9,93,78,8.29,79.95,8.02,1011.7,89,25.3,23.5,1.2,24
"2026-07-11 05:00:00",2367,41.37701,2.216488,6,84,84,5.83,86,6.01,1011.8,87,25.3,23.1,1.2,23.7
"2026-07-11 05:15:00",2368,41.37703,2.21649,4,96,101,9.46,103,9.34,1011.8,88,25.1,23.1,1.2,23.6
"2026-07-11 05:30:00",2369,41.377,2.216503,2,100,88,9.11,90,8.91,1011.9,87,25,22.8,1.2,23.4
"2026-07-11 05:45:00",2370,41.377,2.216508,2,94,84,9.03,86,9.11,1012,87,25,22.8,1.2,23.4
"2026-07-11 06:00:00",2371,41.377,2.216498,1,97,95,9.4,97,8.7,1012.2,88,25.2,23,1.2,23.6
"2026-07-11 06:15:00",2372,41.377,2.216523,1,102,85,8.76,87,8.95,1011.9,87,24.9,22.7,1.2,23.3
"2026-07-11 06:30:00",2373,41.377,2.216532,1,102,79,8.31,81,9.06,1012.1,86,25.2,22.8,1.2,23.4
"2026-07-11 06:45:00",2374,41.37697,2.216509,3,102,91,8.08,93,8.57,1012.2,85,25.5,23,1.2,23.6
"2026-07-11 07:00:00",2375,41.37695,2.216498,5,97,77,7.85,78.95,8.18,1011.9,85,25.6,23,1.2,23.7
"2026-07-11 07:15:00",2376,41.3769,2.216407,8,97,82,7.64,84,7.66,1012.1,84,25.5,22.8,1.2,23.5
"2026-07-11 07:30:00",2377,41.37798,2.219985,-1,102,93,4.5,95,4.96,1012.3,86,25.3,22.9,1.2,23.5
"2026-07-11 07:45:00",2378,41.37694,2.216548,5,81,37,4.3,38.95,4.33,1012.2,87,25.3,23,1.2,23.6
"2026-07-11 08:00:00",2379,41.37695,2.21656,5,78,44,3.5,45.95,3.19,1012.2,85,25.2,22.5,1.2,23.2
"2026-07-11 08:15:00",2380,41.37692,2.216574,2,47,5,3.17,6.95,3.93,1012.5,85,25.4,22.9,1.2,23.5
"2026-07-11 08:30:00",2381,41.37696,2.216555,3,83,25,2.06,26.95,2.54,1012.8,83,25.3,22.2,1.2,23
"2026-07-11 08:45:00",2382,41.377,2.216525,4,115,89,3.82,91,3.99,1012.7,83,25.4,22.4,1.2,23.2
"2026-07-11 09:00:00",2383,41.37701,2.216514,-1,102,78,6.14,79.95,5.18,1012.7,86,25.6,23.2,1.2,23.8
"2026-07-11 09:15:00",2384,41.37703,2.21652,0,77,26,4.53,27.95,4.29,1012.8,86,25.7,23.3,1.2,23.9
"2026-07-11 09:30:00",2385,41.37703,2.216496,-1,103,73,9.06,74.95,8.87,1012.6,84,25.9,23.1,1.2,23.8
"2026-07-11 09:45:00",2386,41.377,2.216538,1,93,31,3.92,32.95,3.89,1012.8,83,25.9,22.9,1.2,23.7
"2026-07-11 10:00:00",2387,41.37701,2.216516,-1,54,38,3.58,39.95,3.87,1012.8,83,25.9,22.8,1.2,23.6
"2026-07-11 10:15:00",2388,41.37705,2.216526,4,76,38,2.39,39.95,1.94,1012.8,83,25.9,22.8,1.2,23.7
"2026-07-11 10:30:00",2389,41.37704,2.216518,3,106,74,7.5,75.95,7.33,1012.8,82,26.2,23,1.2,23.8
"2026-07-11 10:45:00",2390,41.37707,2.216501,2,94,96,6.94,98,6.97,1012.7,82,26.2,23,1.2,23.9
"2026-07-11 11:00:00",2391,41.37711,2.216468,3,102,100,7.33,102,7.28,1012.7,80,26.4,22.8,1.2,23.7
"2026-07-11 11:15:00",2392,41.37709,2.21649,1,93,73,6.26,74.95,6.52,1012.6,82,26.5,23.2,1.2,24.1
"2026-07-11 11:30:00",2393,41.37703,2.216413,13,114,105,7.2,107,6.99,1012.8,82,26.6,23.3,1.2,24.2
"2026-07-11 11:45:00",2394,41.37703,2.216436,5,98,111,9.04,113,8.82,1012.8,81,26.6,23.2,1.2,24.1
"2026-07-11 12:00:00",2395,41.37704,2.216453,2,109,105,4.87,107,4.72,1013,83,26.7,23.6,1.2,24.4
"2026-07-11 12:15:00",2396,41.37708,2.216478,1,108,118,6.3,120,6.57,1012.9,83,26.5,23.4,1.2,24.2
"2026-07-11 12:30:00",2397,41.37708,2.216463,1,106,90,6.67,92,6.71,1012.9,82,26.6,23.4,1.2,24.2
"2026-07-11 12:45:00",2398,41.37711,2.216476,-1,110,108,6.2,110,6.46,1013.1,81,26.7,23.2,1.2,24.1
"2026-07-11 13:00:00",2399,41.37708,2.216499,-9,114,127,8.18,129,7.7,1013.2,82,26.8,23.6,1.2,24.4
"2026-07-11 13:15:00",2400,41.3771,2.216499,-12,108,120,7.4,122,7.47,1013.1,82,26.8,23.6,1.2,24.4
"2026-07-11 13:30:00",2401,41.37715,2.216503,7,104,114,4.96,116,5.6,1013.3,85,26.6,23.9,1.2,24.6
"2026-07-11 13:45:00",2402,41.3772,2.21652,26,95,120,8.05,122,8.01,1013.4,85,26.5,23.8,1.2,24.5
"2026-07-11 14:00:00",2403,41.37722,2.2166,42,110,118,8.15,120,8.37,1013.3,85,26.5,23.9,1.2,24.6
"2026-07-11 14:15:00",2404,41.37712,2.216396,9,96,116,7.16,118,6.95,1013.2,85,26.4,23.7,1.2,24.4
"2026-07-11 14:30:00",2405,41.37714,2.216468,7,104,126,8.3,128,8,1013.3,88,26.2,24.1,1.2,24.7
"2026-07-11 14:45:00",2406,41.37712,2.216434,8,104,123,7.91,125,7.42,1013.3,86,26.1,23.7,1.2,24.3
"2026-07-11 15:00:00",2407,41.3771,2.216425,7,89,95,5.85,97,5.47,1013.3,87,26.2,23.9,1.2,24.5
"2026-07-11 15:15:00",2408,41.37712,2.216428,4,91,91,6.49,93,6.36,1013.4,87,26.2,23.9,1.2,24.5
"2026-07-11 15:30:00",2409,41.37715,2.216418,2,97,90,6.13,92,5.61,1013.3,88,26.1,24.1,1.2,24.6
"2026-07-11 15:45:00",2410,41.37712,2.216438,7,106,99,7.8,101,7,1013.3,89,26.1,24.2,1.2,24.7
"2026-07-11 16:00:00",2411,41.37713,2.216537,3,107,102,6.48,104,6.22,1013.3,89,26.2,24.3,1.2,24.8
"2026-07-11 16:15:00",2412,41.37713,2.216596,2,111,112,6.4,114,5.79,1013.2,88,26.2,24.1,1.2,24.6
"2026-07-11 16:30:00",2413,41.3771,2.216525,7,115,109,4.61,111,4.88,1013.1,87,26.1,23.9,1.2,24.5
"2026-07-11 16:45:00",2414,41.37753,2.217851,36,94,81,6.39,83,5,1013,87,26.2,24,1.2,24.5
"2026-07-11 17:00:00",2415,41.37707,2.216573,17,105,98,5.79,100,5.19,1012.8,87,26.2,23.9,1.2,24.5
"2026-07-11 17:15:00",2416,41.37704,2.216537,0,96,106,6.14,108,5.62,1013,87,26.3,24.1,1.2,24.7
"2026-07-11 17:30:00",2417,41.377,2.216553,0,120,100,5.74,102,6.13,1012.7,86,26.3,23.8,1.2,24.5
"2026-07-11 17:45:00",2418,41.37697,2.216496,5,111,92,4.49,94,4.62,1012.7,87,26.3,24,1.2,24.6
"2026-07-11 18:00:00",2419,41.377,2.216472,5,119,104,3.91,106,4.23,1012.8,86,26.2,23.8,1.2,24.4
"2026-07-11 18:15:00",2420,41.37704,2.21652,3,120,121,4.37,123,4.52,1012.7,86,26.3,23.9,1.2,24.5
"2026-07-11 18:30:00",2421,41.37705,2.21652,2,109,90,3.71,92,3.9,1012.8,87,26.4,24.2,1.2,24.8
"2026-07-11 18:45:00",2422,41.37703,2.21654,1,111,87,2.91,89,3.39,1012.7,87,26.3,24.1,1.2,24.6
"2026-07-11 19:00:00",2423,41.37701,2.216543,2,93,93,3.4,95,3.27,1012.7,88,26.3,24.3,1.2,24.8
"2026-07-11 19:15:00",2424,41.37704,2.216525,3,101,91,2.92,93,2.88,1012.9,87,26.2,23.9,1.2,24.5
"2026-07-11 19:30:00",2425,41.37701,2.216553,4,115,102,3.89,104,3.65,1013,88,26.1,24,1.2,24.5
"2026-07-11 19:45:00",2426,41.37696,2.216591,3,114,70,4.6,71.95,4.63,1012.9,88,26.1,24,1.2,24.5
"2026-07-11 20:00:00",2427,41.37697,2.216571,2,119,105,4.02,107,3.95,1012.9,88,26.2,24.2,1.2,24.7
"2026-07-11 20:15:00",2428,41.37696,2.216613,1,110,78,3.54,79.95,3.54,1013,88,26.1,24,1.2,24.5
"2026-07-11 20:30:00",2429,41.37694,2.216639,3,119,71,3.96,72.95,3.94,1013.1,88,26.1,24,1.2,24.5
"2026-07-11 20:45:00",2430,41.37694,2.216622,5,126,83,3.82,85,3.86,1013.2,88,26,23.9,1.2,24.4
"2026-07-11 21:00:00",2431,41.3769,2.216673,4,115,62,3.72,63.95,3.33,1013.5,88,26.2,24.2,1.2,24.7
"2026-07-11 21:15:00",2432,41.37691,2.216649,5,100,48,2.49,49.95,2.75,1013.3,88,26.1,24.1,1.2,24.6
"2026-07-11 21:30:00",2433,41.3769,2.216658,6,116,70,3.81,71.95,3.99,1013.2,89,26.1,24.3,1.2,24.7
"2026-07-11 21:45:00",2434,41.37693,2.216648,4,122,82,5.08,84,5.08,1013.3,89,26,24.2,1.2,24.6
"2026-07-11 22:00:00",2435,41.37694,2.216645,4,118,80,4.96,82,4.96,1013.4,89,25.9,24,1.2,24.5
"2026-07-11 22:15:00",2436,41.37691,2.216675,4,117,64,4.31,65.95,4.15,1013.8,89,25.9,23.9,1.2,24.4
"2026-07-11 22:30:00",2437,41.37687,2.216658,-3,105,52,5.68,53.95,5.65,1013.7,90,25.9,24.1,1.2,24.6
"2026-07-11 22:45:00",2438,41.37685,2.216657,-5,116,69,5.58,70.95,5.42,1013.8,90,25.9,24.2,1.2,24.7
"2026-07-11 23:00:00",2439,41.37689,2.216645,4,105,63,4.97,64.95,4.94,1014.1,90,25.7,24.1,1.2,24.5
"2026-07-11 23:15:00",2440,41.37693,2.216618,5,109,65,4.85,66.95,4.73,1014.3,91,25.6,24,1.2,24.4
"2026-07-11 23:30:00",2441,41.37694,2.216593,5,113,90,5.02,92,4.67,1014.3,91,25.7,24.2,1.2,24.6
"2026-07-11 23:45:00",2442,41.37693,2.216578,5,101,67,5.65,68.95,5.63,1014.2,91,25.5,23.9,1.2,24.3
"2026-07-12 00:00:00",2443,41.37692,2.216603,6,100,50,5.08,51.95,5.5,1014.4,91,25.6,24.1,1.2,24.5
"2026-07-12 00:15:00",2444,41.3769,2.216623,13,105,72,4.96,73.95,5.16,1014.5,92,25.7,24.3,1.2,24.6
"2026-07-12 00:30:00",2445,41.37692,2.216628,9,105,64,4.43,65.95,4.06,1014.7,91,25.6,24.1,1.2,24.5
"2026-07-12 00:45:00",2446,41.37694,2.216633,6,110,78,4.75,79.95,4.91,1014.9,92,25.6,24.3,1.2,24.7
"2026-07-12 01:00:00",2447,100,1000,7999,110,91,1000,"NAN",5.63,1014.9,91,25.7,24.3,1.2,24.6
"2026-07-12 01:15:00",2448,100,1000,7999,112,89,1000,"NAN",5.46,1014.9,91,25.8,24.3,1.2,24.7
"2026-07-12 01:30:00",2449,100,1000,7999,104,89,1000,"NAN",6.16,1014.9,91,25.7,24.2,1.2,24.6
"2026-07-12 01:45:00",2450,41.37701,2.216496,2,106,106,5.82,108,5.94,1014.7,92,25.9,24.5,1.2,24.8
"2026-07-12 02:00:00",2451,41.37703,2.216495,3,102,100,7.28,102,7.22,1014.6,92,25.7,24.5,1.2,24.8
"2026-07-12 02:15:00",2452,41.377,2.216496,2,96,81,8.08,83,7.64,1014.6,92,25.6,24.3,1.2,24.6
"2026-07-12 02:30:00",2453,41.377,2.216513,2,106,75,7.19,76.95,7.1,1014.4,90,25.6,24,1.2,24.4
"2026-07-12 02:45:00",2454,41.37703,2.21649,0,91,84,7.75,86,7.38,1014.2,88,25.6,23.7,1.2,24.2
"2026-07-12 03:00:00",2455,41.377,2.216518,1,97,77,6.73,78.95,6.57,1013.9,88,25.9,23.9,1.2,24.4
"2026-07-12 03:15:00",2456,41.377,2.216532,2,91,72,5.26,73.95,5.6,1013.8,87,25.7,23.5,1.2,24.1
"2026-07-12 03:30:00",2457,41.377,2.216521,1,105,82,5.91,84,6.6,1013.5,87,25.6,23.4,1.2,24
"2026-07-12 03:45:00",2458,41.377,2.216546,3,86,66,6.28,67.95,6.01,1013.7,89,25.8,23.9,1.2,24.4
"2026-07-12 04:00:00",2459,41.37697,2.216541,5,97,82,6.73,84,6.79,1013.7,89,25.7,23.7,1.2,24.2
"2026-07-12 04:15:00",2460,41.377,2.216523,7,104,89,6.99,91,6.72,1013.5,87,25.5,23.3,1.2,23.9
"2026-07-12 04:30:00",2461,41.377,2.216532,9,102,76,4.58,77.95,4.72,1013.5,87,25.5,23.3,1.2,23.9
"2026-07-12 04:45:00",2462,41.377,2.216518,9,101,86,5.17,88,5.42,1013.4,86,25.4,23.1,1.2,23.7
"2026-07-12 05:00:00",2463,41.37701,2.216523,7,100,89,5.24,91,5.69,1013.5,88,25.5,23.4,1.2,24
"2026-07-12 05:15:00",2464,41.37701,2.216509,4,95,89,4.82,91,5.15,1013.5,87,25.4,23.2,1.2,23.7
"2026-07-12 05:30:00",2465,41.377,2.216511,4,95,83,4.42,85,4.96,1013.6,87,25.3,23,1.2,23.6
"2026-07-12 05:45:00",2466,41.37701,2.216506,3,83,58,3.2,59.95,3.48,1013.6,89,25.5,23.6,1.2,24.1
"2026-07-12 06:00:00",2467,41.37701,2.216504,0,98,55,5.3,56.95,5.37,1013.7,89,25.4,23.5,1.2,24
"2026-07-12 06:15:00",2468,41.37703,2.21648,1,88,37,2.97,38.95,3.01,1013.8,88,25.4,23.3,1.2,23.9
"2026-07-12 06:30:00",2469,41.37701,2.216491,-1,95,49,3.34,50.95,3.08,1013.7,89,25.3,23.4,1.2,23.9
"2026-07-12 06:45:00",2470,41.37697,2.216456,0,50,346,2.73,348,3.23,1013.7,88,25.3,23.2,1.2,23.8
"2026-07-12 07:00:00",2471,41.37695,2.216541,-1,111,345,3.7,347,3.62,1013.7,86,25,22.5,1.2,23.1
"2026-07-12 07:15:00",2472,41.37691,2.216583,-6,79,335,4.27,337,3.76,1013.8,84,25.1,22.3,1.2,23.1
"2026-07-12 07:30:00",2473,41.37687,2.216695,-5,110,350,3.79,352,3.47,1013.9,84,25.1,22.3,1.2,23.1
"2026-07-12 07:45:00",2474,41.37687,2.216835,4,84,328,3.44,330,3.45,1014,83,25.4,22.4,1.2,23.2
"2026-07-12 08:00:00",2475,41.37687,2.216838,4,91,336,3.64,338,3.73,1014.1,82,25.6,22.4,1.2,23.2
"2026-07-12 08:15:00",2476,41.37685,2.216889,5,100,329,5.84,331,4.9,1014.1,79,25.6,21.9,1.2,22.9
"2026-07-12 08:30:00",2477,41.37684,2.216906,5,98,341,4.52,343,4.49,1014.3,78,25.9,21.8,1.2,22.9
"2026-07-12 08:45:00",2478,41.37684,2.216902,4,95,349,4.17,351,4.03,1014.4,76,25.9,21.4,1.2,22.7
"2026-07-12 09:00:00",2479,41.37684,2.216828,5,102,8,4.22,9.95,4.44,1014.5,76,26.3,21.9,1.2,23.1
"2026-07-12 09:15:00",2480,41.37687,2.216761,6,107,24,3.15,25.95,2.78,1014.4,72,26.5,21.1,1.2,22.6
"2026-07-12 09:30:00",2481,41.37692,2.216657,3,106,47,4.28,48.95,4.5,1014.5,73,26.7,21.5,1.2,23
"2026-07-12 09:45:00",2482,41.377,2.216529,1,104,70,5.47,71.95,5.29,1014.7,73,26.6,21.4,1.2,22.9
"2026-07-12 10:00:00",2483,41.37705,2.216491,2,96,76,5.75,77.95,5.98,1014.7,75,26.4,21.8,1.2,23.1
"2026-07-12 10:15:00",2484,41.37707,2.216476,0,98,72,5.18,73.95,5.62,1014.8,79,26.3,22.5,1.2,23.5
"2026-07-12 10:30:00",2485,41.37703,2.216491,0,116,73,5.35,74.95,5.46,1014.6,80,26.4,22.9,1.2,23.8
"2026-07-12 10:45:00",2486,41.37706,2.216472,0,105,77,6.64,78.95,6.63,1014.7,82,26.1,23,1.2,23.8
"2026-07-12 11:00:00",2487,41.37706,2.216478,0,101,87,6.03,89,6.26,1014.8,82,26.2,23,1.2,23.9
"2026-07-12 11:15:00",2488,41.37707,2.216458,1,108,94,8.21,96,8.05,1014.8,84,26.1,23.2,1.2,24
"2026-07-12 11:30:00",2489,41.37707,2.216463,1,106,88,4.23,90,5.01,1014.9,84,26.2,23.3,1.2,24.1
"2026-07-12 11:45:00",2490,41.37701,2.216485,1,114,93,7.65,95,7.44,1014.8,83,26,22.9,1.2,23.7
"2026-07-12 12:00:00",2491,41.37703,2.216472,1,102,79,7.39,81,7.23,1014.7,85,26,23.4,1.2,24.1
"2026-07-12 12:15:00",2492,41.37701,2.216508,1,101,80,6.81,82,7,1014.8,84,26.1,23.3,1.2,24
"2026-07-12 12:30:00",2493,41.37703,2.216498,1,109,74,6.11,75.95,5.99,1015.1,85,26.2,23.6,1.2,24.3
"2026-07-12 12:45:00",2494,41.37701,2.216473,0,111,86,6.84,88,6.6,1015.2,85,26.3,23.7,1.2,24.4
"2026-07-12 13:00:00",2495,41.37716,2.216651,0,107,100,5.62,102,5.45,1015.3,85,26.3,23.6,1.2,24.3
"2026-07-12 13:15:00",2496,41.37705,2.21655,5,116,91,4.2,93,4.64,1015.3,87,26.4,24.1,1.2,24.7
"2026-07-12 13:30:00",2497,41.37705,2.216478,11,95,78,5.69,79.95,5.97,1015.4,86,26.3,23.9,1.2,24.5
"2026-07-12 13:45:00",2498,41.37703,2.216468,15,119,90,6.32,92,6.54,1015.4,86,26.4,24,1.2,24.7
"2026-07-12 14:00:00",2499,41.37704,2.216483,13,104,94,5.94,96,5.96,1015.3,86,26.4,23.9,1.2,24.6
"2026-07-12 14:15:00",2500,41.37704,2.216476,20,108,99,4.94,101,5.05,1015.3,87,26.4,24,1.2,24.6
"2026-07-12 14:30:00",2501,41.37707,2.216496,0,105,99,6.3,101,5.96,1015.3,88,26.5,24.4,1.2,24.9
"2026-07-12 14:45:00",2502,41.37709,2.216483,2,109,103,5.35,105,5.68,1015.2,89,26.3,24.4,1.2,24.9
"2026-07-12 15:00:00",2503,41.37706,2.216498,2,95,92,5.76,94,5.61,1015,89,26.2,24.2,1.2,24.7
"2026-07-12 15:15:00",2504,41.37705,2.216465,3,87,92,5.35,94,5.55,1014.9,90,26.2,24.5,1.2,24.9
"2026-07-12 15:30:00",2505,41.37701,2.216506,2,92,81,6.66,83,6.74,1014.7,90,26.2,24.5,1.2,25
"2026-07-12 15:45:00",2506,41.377,2.216503,5,100,80,7.17,82,6.7,1014.7,90,26.3,24.6,1.2,25.1
"2026-07-12 16:00:00",2507,41.37698,2.216513,6,98,74,6.13,75.95,6.31,1014.7,90,26.1,24.4,1.2,24.8
"2026-07-12 16:15:00",2508,41.377,2.216509,7,91,71,5.47,72.95,5.48,1014.6,91,26.1,24.6,1.2,25
"2026-07-12 16:30:00",2509,41.377,2.216513,7,103,106,7.9,108,7.1,1014.5,91,26,24.5,1.2,24.9
"2026-07-12 16:45:00",2510,41.37698,2.21654,7,97,81,7.43,83,7.33,1014.4,91,26.1,24.6,1.2,25
"2026-07-12 17:00:00",2511,41.377,2.216537,7,105,80,5.93,82,5.92,1014.4,91,26.1,24.6,1.2,25
"2026-07-12 17:15:00",2512,41.377,2.216538,1,105,87,7.29,89,6.92,1014.3,91,26.1,24.6,1.2,25
"2026-07-12 17:30:00",2513,41.37697,2.21656,2,123,92,6.94,94,6.7,1014.1,92,26,24.6,1.2,25
"2026-07-12 17:45:00",2514,41.377,2.216534,4,97,84,5.95,86,5.62,1014.2,91,25.9,24.4,1.2,24.8
"2026-07-12 18:00:00",2515,41.37698,2.216541,1,105,89,5.95,91,5.82,1014.2,91,26,24.5,1.2,24.9
"2026-07-12 18:15:00",2516,41.37701,2.216521,0,102,82,6.51,84,6.23,1014.1,91,26,24.6,1.2,24.9
"2026-07-12 18:30:00",2517,41.37704,2.21652,-1,109,93,5.7,95,5.49,1014,91,26.2,24.7,1.2,25.1
"2026-07-12 18:45:00",2518,41.37701,2.216525,1,97,88,6.22,90,5.98,1014,89,26.1,24.2,1.2,24.7
"2026-07-12 19:00:00",2519,41.37703,2.216508,1,112,106,6.57,108,6.48,1013.9,90,26.1,24.4,1.2,24.9
"2026-07-12 19:15:00",2520,41.37701,2.216523,4,104,87,7.46,89,7.39,1013.7,90,26.2,24.5,1.2,24.9
"2026-07-12 19:30:00",2521,41.37701,2.216511,4,101,83,6.73,85,6.42,1013.7,90,26.1,24.5,1.2,24.9
"2026-07-12 19:45:00",2522,41.377,2.216523,1,110,81,5.17,83,5.49,1013.7,91,26.1,24.6,1.2,25
"2026-07-12 20:00:00",2523,41.37701,2.216523,0,98,82,4.99,84,5.42,1013.7,91,26.1,24.6,1.2,25
"2026-07-12 20:15:00",2524,41.37701,2.216529,1,106,82,4.9,84,5.08,1013.6,91,26.2,24.7,1.2,25.1
"2026-07-12 20:30:00",2525,41.37701,2.216521,2,104,79,5.02,81,4.8,1013.6,91,26.1,24.6,1.2,25
"2026-07-12 20:45:00",2526,41.37701,2.216528,2,97,82,4.39,84,4.75,1013.5,92,26.2,24.8,1.2,25.1
"2026-07-12 21:00:00",2527,41.377,2.216556,3,96,70,6.34,71.95,5.75,1013.4,92,26,24.7,1.2,25.1
"2026-07-12 21:15:00",2528,41.377,2.216558,4,90,58,5.92,59.95,6.04,1013.5,93,26.1,24.9,1.2,25.2
"2026-07-12 21:30:00",2529,41.37698,2.216563,5,95,62,6.66,63.95,6.42,1013.4,92,25.9,24.6,1.2,24.9
"2026-07-12 21:45:00",2530,41.37697,2.216573,4,98,59,5.24,60.95,5.17,1013.4,91,25.9,24.5,1.2,24.8
"2026-07-12 22:00:00",2531,41.37694,2.216596,4,110,56,6.18,57.95,5.88,1013.7,90,26,24.3,1.2,24.8
"2026-07-12 22:15:00",2532,41.37694,2.216598,1,106,56,5.23,57.95,5.23,1013.8,88,26.4,24.3,1.2,24.8
"2026-07-12 22:30:00",2533,41.37695,2.216581,1,49,61,5.73,62.95,5.59,1013.9,84,26.6,23.7,1.2,24.5
"2026-07-12 22:45:00",2534,41.37694,2.216596,1,104,43,6.23,44.95,6.17,1013.8,81,26.9,23.4,1.2,24.3
"2026-07-12 23:00:00",2535,41.37694,2.216595,1,101,53,6.03,54.95,5.88,1013.6,75,27,22.3,1.2,23.6
"2026-07-12 23:15:00",2536,41.37694,2.21661,2,120,61,6.87,62.95,6.58,1013.5,71,27.2,21.5,1.2,23.2
"2026-07-12 23:30:00",2537,41.37694,2.216615,1,102,49,6.76,50.95,6.82,1012.8,74,27.4,22.4,1.2,23.8
"2026-07-12 23:45:00",2538,41.37698,2.216581,0,95,37,3.72,38.95,4.25,1013.3,66,27.7,20.8,1.2,22.9
"2026-07-13 00:00:00",2539,41.37697,2.216521,6,106,67,4.6,68.95,4.72,1013.8,66,27.8,21,1.2,23
"2026-07-13 00:15:00",2540,41.37701,2.21652,4,95,81,5.01,83,4.85,1013.6,63,27.8,20.2,1.2,22.6
"2026-07-13 00:30:00",2541,100,1000,7999,98,87,1000,"NAN",4.8,1013.9,67,27.7,21.1,1.2,23
"2026-07-13 00:45:00",2542,100,1000,7999,100,74,1000,"NAN",3.89,1014.1,71,27.5,21.9,1.2,23.5
"2026-07-13 01:00:00",2543,100,1000,7999,100,75,1000,"NAN",4.05,1014,68,27.5,21.1,1.2,23
"2026-07-13 01:15:00",2544,41.37705,2.21652,2,100,73,4.03,74.95,3.89,1014.2,68,27.4,21.1,1.2,23
"2026-07-13 01:30:00",2545,41.37706,2.216509,-1,103,46,3.59,47.95,3.69,1014.3,69,27.3,21.3,1.2,23.1
"2026-07-13 01:45:00",2546,41.37703,2.216513,0,96,38,3.73,39.95,4.11,1014.2,69,27.3,21.2,1.2,23
"2026-07-13 02:00:00",2547,41.37701,2.216525,3,91,50,2.59,51.95,1.96,1014,72,27.3,21.9,1.2,23.4
"2026-07-13 02:15:00",2548,41.37701,2.216543,2,90,332,3.06,334,2.83,1014,64,27.2,19.8,1.2,22.1
"2026-07-13 02:30:00",2549,41.377,2.216548,2,68,38,1.28,39.95,1.79,1013.8,61,27.2,19.2,1.2,21.7
"2026-07-13 02:45:00",2550,41.37701,2.21655,2,71,27,1.3,28.95,1.29,1013.8,63,27.2,19.6,1.2,22
"2026-07-13 03:00:00",2551,41.377,2.216568,3,75,3,1.9,4.95,1.41,1013.7,62,27.2,19.3,1.2,21.8
"2026-07-13 03:15:00",2552,41.37705,2.216518,2,90,78,2.76,79.95,2.92,1013.9,69,27.3,21.2,1.2,23
"2026-07-13 03:30:00",2553,41.37712,2.216498,3,105,70,2.61,71.95,2.85,1013.9,69,27.3,21.2,1.2,23
"2026-07-13 03:45:00",2554,41.37707,2.216528,3,124,88,3.47,90,3.5,1013.9,70,27.1,21.2,1.2,22.9
"2026-07-13 04:00:00",2555,41.37706,2.216508,5,108,68,2.07,69.95,2.2,1013.8,75,26.9,22.2,1.2,23.5
"2026-07-13 04:15:00",2556,41.37704,2.216528,7,86,58,2.96,59.95,3.07,1013.7,71,26.8,21.2,1.2,22.9
"2026-07-13 04:30:00",2557,41.37701,2.21655,3,107,66,3.05,67.95,3.28,1013.6,75,26.8,22,1.2,23.4
"2026-07-13 04:45:00",2558,"NAN","NAN",-7999,"NAN","NAN","NAN","NAN","NAN","NAN","NAN","NAN","NAN","NAN","NAN"
"2026-07-13 05:00:00",2559,41.3771,2.216493,5,116,94,4.66,96,4.99,1013.5,80,26.4,22.7,1.2,23.7
"2026-07-13 05:15:00",2560,41.3771,2.21647,4,104,92,5.1,94,4.75,1013.3,83,26.4,23.3,1.2,24.1
"2026-07-13 05:30:00",2561,41.3771,2.216468,3,102,84,6.01,86,5.91,1013.1,81,26.4,22.9,1.2,23.8
"2026-07-13 05:45:00",2562,41.37708,2.216496,1,92,66,5.18,67.95,5.55,1012.9,85,26.3,23.5,1.2,24.2
"2026-07-13 06:00:00",2563,41.37705,2.216513,1,109,34,3.95,35.95,3.77,1012.8,75,25.7,21,1.2,22.4
"2026-07-13 06:15:00",2564,41.37697,2.216595,1,121,35,3.65,36.95,3.69,1012.9,71,25.9,20.3,1.2,21.9
"2026-07-13 06:30:00",2565,41.37703,2.216521,2,116,53,4.82,54.95,4.87,1012.9,84,26.2,23.4,1.2,24.1
"2026-07-13 06:45:00",2566,41.37697,2.216568,5,97,59,5.74,60.95,5.81,1013,82,25.9,22.6,1.2,23.5
"2026-07-13 07:00:00",2567,41.37696,2.21656,-2,96,48,5.73,49.95,5.5,1013.2,79,26,22.1,1.2,23.2
"2026-07-13 07:15:00",2568,41.37696,2.216576,-1,97,59,4.8,60.95,4.89,1013.2,81,26.2,22.7,1.2,23.6
"2026-07-13 07:30:00",2569,41.37701,2.216513,0,98,84,5.97,86,5.97,1013.3,83,26,23,1.2,23.8
"2026-07-13 07:45:00",2570,41.37696,2.21658,2,98,40,5.75,41.95,5.37,1013.3,79,26,22.2,1.2,23.2
"2026-07-13 08:00:00",2571,41.37697,2.216568,3,112,73,5.69,74.95,5.29,1013.2,86,26,23.6,1.2,24.2
"2026-07-13 08:15:00",2572,41.377,2.216548,2,102,79,6.29,81,6.61,1013.2,88,25.9,23.8,1.2,24.3
"2026-07-13 08:30:00",2573,41.377,2.21656,3,100,72,7.69,73.95,7.56,1013.2,88,25.6,23.6,1.2,24.1
"2026-07-13 08:45:00",2574,41.37697,2.216571,4,95,73,4.48,74.95,4.94,1013.2,88,25.8,23.8,1.2,24.3
"2026-07-13 09:00:00",2575,41.37706,2.216258,4,93,71,5.87,72.95,6.19,1013.2,88,25.9,23.8,1.2,24.3
"2026-07-13 09:15:00",2576,41.37687,2.216876,-1,118,74,6.18,75.95,6.44,1013.1,87,25.8,23.4,1.2,24
"2026-07-13 09:30:00",2577,41.37695,2.216626,3,105,84,8.11,86,8.41,1013.1,89,25.6,23.8,1.2,24.2
"2026-07-13 09:45:00",2578,41.37697,2.21659,4,94,83,6.68,85,6.78,1013.1,91,25.3,23.8,1.2,24.2
"2026-07-13 10:00:00",2579,41.377,2.216533,19,105,75,8.23,76.95,7.77,1013.1,92,25.4,24.1,1.2,24.4
"2026-07-13 10:15:00",2580,41.377,2.21655,7,109,80,8.01,82,8.09,1013.1,92,25.5,24.2,1.2,24.6
"2026-07-13 10:30:00",2581,41.377,2.216545,4,104,81,6.67,83,7.03,1013.2,92,25.6,24.3,1.2,24.6
"2026-07-13 10:45:00",2582,41.377,2.216543,4,107,84,7.66,86,7.44,1013.2,93,25.6,24.4,1.2,24.7
"2026-07-13 11:00:00",2583,41.37701,2.216525,3,109,90,4.59,92,4.8,1013.4,92,25.9,24.5,1.2,24.9
"2026-07-13 11:15:00",2584,41.37704,2.216482,4,100,99,6.24,101,6.08,1013.4,91,25.9,24.4,1.2,24.8
"2026-07-13 11:30:00",2585,41.3771,2.216453,3,108,114,6.16,116,6.21,1013.7,91,26.2,24.6,1.2,25
"2026-07-13 11:45:00",2586,41.37712,2.216446,1,113,118,6.67,120,6.84,1014,91,26,24.5,1.2,24.9
"2026-07-13 12:00:00",2587,41.37716,2.216436,3,114,127,5.69,129,6.1,1014.2,91,26,24.5,1.2,24.9
"2026-07-13 12:15:00",2588,41.37716,2.216465,3,117,118,5.18,120,5.74,1014.5,91,26.1,24.5,1.2,24.9
"2026-07-13 12:30:00",2589,41.37716,2.216456,3,106,118,4.68,120,4.92,1014.4,90,26.2,24.5,1.2,24.9
"2026-07-13 12:45:00",2590,41.37716,2.216466,3,110,110,4.95,112,5.1,1014.4,90,26.3,24.5,1.2,24.9
"2026-07-13 13:00:00",2591,41.3771,2.216478,7,112,96,3.79,98,4.83,1014.4,89,26.3,24.5,1.2,24.9
"2026-07-13 13:15:00",2592,41.37704,2.216421,11,116,117,4.97,119,4.84,1014.3,90,26.2,24.5,1.2,24.9
"2026-07-13 13:30:00",2593,41.37701,2.216425,16,102,87,4.55,89,5.06,1014.3,90,26.3,24.7,1.2,25.1
"2026-07-13 13:45:00",2594,41.37701,2.216441,16,105,73,6.57,74.95,6.43,1014.1,90,26.2,24.5,1.2,24.9
"2026-07-13 14:00:00",2595,41.37706,2.216448,17,106,80,5.95,82,6,1014.1,90,26.2,24.6,1.2,25
"2026-07-13 14:15:00",2596,41.37704,2.216461,19,93,79,6.56,81,7.17,1013.9,90,26.1,24.5,1.2,24.9
"2026-07-13 14:30:00",2597,41.37707,2.216491,7,82,64,5.13,65.95,5.77,1013.7,90,26.2,24.6,1.2,25
"2026-07-13 14:45:00",2598,41.3771,2.216488,6,100,90,5.16,92,5.17,1013.5,91,26.2,24.7,1.2,25.1
"2026-07-13 15:00:00",2599,41.37707,2.216504,5,96,76,6.19,77.95,6.39,1013.5,91,26.4,24.8,1.2,25.2
"2026-07-13 15:15:00",2600,41.37717,2.216509,5,101,92,5.8,94,6.1,1013.3,91,26.4,24.9,1.2,25.2
"2026-07-13 15:30:00",2601,41.37693,2.216445,1,100,77,7.39,78.95,7.31,1013.2,92,26.3,24.9,1.2,25.2
"2026-07-13 15:45:00",2602,41.37704,2.216463,3,99,104,6.93,106,6.64,1013.1,92,26.3,24.9,1.2,25.3
"2026-07-13 16:00:00",2603,41.37708,2.216446,5,92,73,2.68,74.95,3.29,1012.9,91,26.4,24.8,1.2,25.2
"2026-07-13 16:15:00",2604,41.37712,2.216451,5,95,96,6.13,98,5.72,1012.7,91,26.6,25.2,1.2,25.6
"2026-07-13 16:30:00",2605,41.37712,2.216446,8,103,96,5.5,98,5.69,1012.6,91,26.5,25.1,1.2,25.4
"2026-07-13 16:45:00",2606,41.37714,2.216433,12,92,82,4.39,84,4.26,1012.4,93,26.6,25.3,1.2,25.6
"2026-07-13 17:00:00",2607,41.37716,2.21644,2,89,89,3.79,91,3.53,1012.2,92,26.6,25.3,1.2,25.6
"2026-07-13 17:15:00",2608,41.37719,2.21643,0,92,103,6.43,105,5.74,1012,91,26.5,25.1,1.2,25.5
"2026-07-13 17:30:00",2609,41.3772,2.216431,-1,91,89,3.17,91,2.8,1012,91,26.6,25.1,1.2,25.5
"2026-07-13 17:45:00",2610,41.37719,2.216438,4,98,95,4.28,97,4.36,1012,92,26.7,25.3,1.2,25.7
"2026-07-13 18:00:00",2611,41.37728,2.216407,0,96,96,3.47,98,3.25,1011.9,92,26.6,25.2,1.2,25.6
"2026-07-13 18:15:00",2612,41.37729,2.216413,0,100,106,2.92,108,2.96,1011.9,91,26.6,25.2,1.2,25.5
"2026-07-13 18:30:00",2613,41.37736,2.216423,0,106,98,3.18,100,2.88,1011.9,92,26.7,25.3,1.2,25.7
"2026-07-13 18:45:00",2614,41.37738,2.216465,1,89,101,3.43,103,3.56,1011.8,91,26.7,25.3,1.2,25.7
"2026-07-13 19:00:00",2615,41.37739,2.216483,3,91,120,2.88,122,2.81,1011.8,91,26.7,25.1,1.2,25.5
"2026-07-13 19:15:00",2616,41.37741,2.216516,4,117,132,2.64,134,2.68,1011.8,91,26.7,25.2,1.2,25.6
"2026-07-13 19:30:00",2617,41.37739,2.216478,0,135,118,2.51,120,2.53,1011.8,91,26.8,25.3,1.2,25.7
"2026-07-13 19:45:00",2618,41.37744,2.216506,2,90,114,2.7,116,2.34,1011.8,91,26.9,25.4,1.2,25.8
"2026-07-13 20:00:00",2619,41.37741,2.21654,1,116,142,2.04,144,1.55,1012.1,91,26.8,25.2,1.2,25.6
"2026-07-13 20:15:00",2620,41.37741,2.216528,4,177,199,0.79,201,0.65,1012.1,91,26.8,25.3,1.2,25.7
"2026-07-13 20:30:00",2621,41.37738,2.216538,2,85,113,2.61,115,2.44,1011.9,91,26.8,25.3,1.2,25.7
"2026-07-13 20:45:00",2622,41.37733,2.216566,2,94,98,1.59,100,1.53,1012.2,90,26.8,25.2,1.2,25.6
"2026-07-13 21:00:00",2623,41.37725,2.21656,3,86,72,1.54,73.95,1.5,1012.2,91,26.8,25.3,1.2,25.7
"2026-07-13 21:15:00",2624,41.37716,2.216574,4,75,69,1.38,70.95,1.67,1012.2,91,26.8,25.3,1.2,25.7
"2026-07-13 21:30:00",2625,41.377,2.216649,1,76,42,1.9,43.95,1.86,1012.4,91,26.8,25.2,1.2,25.6
"2026-07-13 21:45:00",2626,41.37696,2.216671,0,83,93,2.96,95,3.56,1012.3,92,26.8,25.4,1.2,25.8
"2026-07-13 22:00:00",2627,41.37694,2.216718,4,97,58,3.13,59.95,2.63,1012.4,92,26.7,25.4,1.2,25.8
"2026-07-13 22:15:00",2628,41.37692,2.216735,2,87,67,1.94,68.95,1.86,1012.8,92,26.6,25.2,1.2,25.6
"2026-07-13 22:30:00",2629,41.3769,2.216778,2,121,36,1.85,37.95,1.72,1013.2,92,26.6,25.2,1.2,25.5
"2026-07-13 22:45:00",2630,41.37689,2.216843,2,121,69,2.06,70.95,1.9,1013.4,92,26.6,25.2,1.2,25.6
"2026-07-13 23:00:00",2631,41.37687,2.216884,4,93,54,3.28,55.95,2.61,1013.6,91,26.5,25.1,1.2,25.4
"2026-07-13 23:15:00",2632,41.37688,2.216913,2,127,47,1.66,48.95,1.65,1013.7,91,26.5,25,1.2,25.4
"2026-07-13 23:30:00",2633,41.37688,2.216906,2,102,32,2.06,33.95,1.91,1013.8,91,26.5,24.9,1.2,25.3
"2026-07-13 23:45:00",2634,41.3769,2.216911,1,129,42,1.85,43.95,2.12,1013.9,90,26.6,25,1.2,25.4
"2026-07-14 00:00:00",2635,41.37687,2.21687,3,144,88,1.96,90,2.16,1013.9,90,26.5,24.9,1.2,25.3
"2026-07-14 00:15:00",2636,41.37688,2.216871,4,150,73,2.44,74.95,1.86,1013.9,90,26.5,24.9,1.2,25.3
"2026-07-14 00:30:00",2637,41.37687,2.216836,1,153,99,1.72,101,1.7,1014,90,26.6,25,1.2,25.4
"2026-07-14 00:45:00",2638,41.37687,2.216849,1,137,72,1.38,73.95,1.7,1014.1,90,26.6,25,1.2,25.4
"2026-07-14 01:00:00",2639,41.37687,2.216884,1,150,80,2.02,82,2.23,1014.3,90,26.6,24.8,1.2,25.3
"2026-07-14 01:15:00",2640,41.37687,2.216879,1,122,75,3.2,76.95,2.77,1014.4,90,26.7,25,1.2,25.4
"2026-07-14 01:30:00",2641,41.37684,2.216889,1,126,42,1.37,43.95,2.15,1014.5,90,26.6,24.9,1.2,25.3
"2026-07-14 01:45:00",2642,41.37684,2.216879,1,104,28,2.01,29.95,2.26,1014.7,91,26.6,25.1,1.2,25.4
"2026-07-14 02:00:00",2643,41.37684,2.216865,1,97,17,3.84,18.95,3.5,1014.6,91,26.4,24.9,1.2,25.3
"2026-07-14 02:15:00",2644,41.37685,2.216823,1,111,41,3.36,42.95,3.83,1014.6,91,26.2,24.7,1.2,25.1
"2026-07-14 02:30:00",2645,41.37687,2.216771,1,109,38,2.45,39.95,2.36,1014.7,91,26.3,24.8,1.2,25.2
"2026-07-14 02:45:00",2646,41.37687,2.216763,3,120,56,2.49,57.95,2.73,1014.8,91,26.2,24.8,1.2,25.2
"2026-07-14 03:00:00",2647,41.37689,2.216706,1,102,38,2.45,39.95,2.29,1014.8,92,26.3,25,1.2,25.3
"2026-07-14 03:15:00",2648,41.37688,2.216688,5,98,28,3.28,29.95,2.74,1014.7,92,26.2,24.9,1.2,25.2
"2026-07-14 03:30:00",2649,41.37692,2.216638,7,104,63,3.02,64.95,2.72,1014.6,92,26.3,24.9,1.2,25.3
"2026-07-14 03:45:00",2650,41.37694,2.216616,7,124,63,1.72,64.95,1.89,1014.7,92,26.4,25,1.2,25.4
"2026-07-14 04:00:00",2651,41.37697,2.216566,7,104,73,2.91,74.95,2.96,1014.6,88,26.5,24.4,1.2,25
"2026-07-14 04:15:00",2652,41.37701,2.216523,7,96,69,3.49,70.95,3.66,1014.6,89,26.6,24.6,1.2,25.1
"2026-07-14 04:30:00",2653,41.37704,2.216495,6,105,84,3.94,86,4.14,1014.5,89,26.6,24.7,1.2,25.2
"2026-07-14 04:45:00",2654,41.37701,2.216508,7,96,66,4.24,67.95,4.43,1014.4,88,26.6,24.5,1.2,25.1
"2026-07-14 05:00:00",2655,41.377,2.216528,7,93,53,4.03,54.95,4.08,1014.4,89,26.4,24.6,1.2,25.1
"2026-07-14 05:15:00",2656,41.37697,2.216558,5,95,64,6.02,65.95,5.9,1014.2,89,26.2,24.3,1.2,24.8
"2026-07-14 05:30:00",2657,41.37701,2.216525,5,104,69,4.38,70.95,4.48,1014.3,90,26.4,24.6,1.2,25.1
"2026-07-14 05:45:00",2658,41.37701,2.21655,1,77,47,4.45,48.95,4.53,1014.3,90,26,24.3,1.2,24.7
"2026-07-14 06:00:00",2659,41.377,2.21655,1,90,45,3.34,46.95,3.4,1014.3,90,25.9,24.2,1.2,24.7
"2026-07-14 06:15:00",2660,41.37701,2.216529,1,91,52,4.26,53.95,4.31,1014.2,90,25.9,24.1,1.2,24.6
"2026-07-14 06:30:00",2661,41.37701,2.216508,4,82,38,3.62,39.95,3.85,1014.4,89,26,24.1,1.2,24.6
"2026-07-14 06:45:00",2662,41.377,2.216532,4,55,17,3.27,18.95,3.66,1014.4,90,25.9,24.1,1.2,24.6
"2026-07-14 07:00:00",2663,41.37701,2.216504,3,46,358,2.63,360,2.73,1014.4,87,25.9,23.8,1.2,24.3
"2026-07-14 07:15:00",2664,41.37723,2.217158,0,67,11,2.16,12.95,2.26,1014.7,86,26,23.6,1.2,24.3
"2026-07-14 07:30:00",2665,41.37711,2.216496,1,20,355,2.63,357,2.67,1014.7,86,26.3,23.8,1.2,24.5
"2026-07-14 07:45:00",2666,41.37713,2.216456,4,56,16,2.48,17.95,2.21,1014.7,85,26.3,23.6,1.2,24.3
"2026-07-14 08:00:00",2667,41.37712,2.216466,3,63,24,3.03,25.95,3.06,1014.6,85,26.3,23.7,1.2,24.4
"2026-07-14 08:15:00",2668,41.37715,2.216448,4,75,23,3.84,24.95,3.52,1014.4,85,26.4,23.7,1.2,24.4
"2026-07-14 08:30:00",2669,41.37715,2.216455,5,75,34,2.21,35.95,2.19,1014.4,84,26.5,23.6,1.2,24.4
"2026-07-14 08:45:00",2670,41.3772,2.216446,7,75,86,1.91,88,1.73,1014.6,84,26.8,23.9,1.2,24.6
"2026-07-14 09:00:00",2671,41.37723,2.216433,14,82,98,0.91,100,1.14,1014.9,83,26.9,23.8,1.2,24.6
"2026-07-14 09:15:00",2672,41.3774,2.21652,2,100,137,2.35,139,2.2,1014.9,84,26.9,24,1.2,24.8
"2026-07-14 09:30:00",2673,41.37746,2.216573,2,99,134,3.25,136,3.43,1015,83,26.7,23.8,1.2,24.6
"2026-07-14 09:45:00",2674,41.37748,2.216606,4,116,163,2.77,165,2.69,1015.3,83,26.9,23.9,1.2,24.7
"2026-07-14 10:00:00",2675,41.37752,2.21669,12,109,148,2.37,150,2.38,1015.5,85,26.7,24.1,1.2,24.8
"2026-07-14 10:15:00",2676,41.37751,2.216794,19,111,129,2.64,131,3.07,1015.6,86,26.8,24.3,1.2,24.9
"2026-07-14 10:30:00",2677,41.37751,2.21662,3,93,151,4.66,153,4.66,1015.9,86,26.6,24.2,1.2,24.8
"2026-07-14 10:45:00",2678,41.37752,2.216663,3,93,145,4.94,147,4.79,1016.1,85,26.7,23.9,1.2,24.6
"2026-07-14 11:00:00",2679,41.37756,2.216729,1,84,149,4.05,151,3.87,1016.4,86,26.7,24.2,1.2,24.8
"2026-07-14 11:15:00",2680,41.37757,2.216773,0,82,149,3.25,151,3.25,1016.5,85,26.7,23.9,1.2,24.6
"2026-07-14 11:30:00",2681,41.37759,2.216812,0,77,142,3.13,144,3.22,1016.8,85,26.7,24,1.2,24.7
"2026-07-14 11:45:00",2682,41.37756,2.216812,10,80,157,4.39,159,4.05,1016.9,86,26.8,24.4,1.2,25
"2026-07-14 12:00:00",2683,41.37755,2.216835,12,98,163,2.82,165,2.63,1016.9,85,26.7,24,1.2,24.7
"2026-07-14 12:15:00",2684,41.37754,2.216891,12,77,155,3.43,157,3.26,1016.9,85,26.7,24,1.2,24.7
"2026-07-14 12:30:00",2685,41.37753,2.216919,11,74,153,3.05,155,3.63,1017,87,26.7,24.4,1.2,25
"2026-07-14 12:45:00",2686,100,1000,7999,86,169,1000,"NAN",3.35,1017.1,87,26.6,24.3,1.2,24.9
"2026-07-14 13:00:00",2687,41.37775,2.217048,13,91,177,5.08,179,4.46,1017,86,26.5,24.1,1.2,24.7
"2026-07-14 13:15:00",2688,41.37772,2.217061,13,97,183,3.54,185,3.75,1017,86,26.5,24,1.2,24.6
"2026-07-14 13:30:00",2689,41.37769,2.217078,13,110,199,4.31,201,4.36,1017,88,26.6,24.4,1.2,25
"2026-07-14 13:45:00",2690,41.37765,2.217098,13,84,168,4.05,170,3.86,1016.8,86,26.5,24,1.2,24.6
"2026-07-14 14:00:00",2691,41.37762,2.217106,13,69,162,3.74,164,3.49,1016.5,86,26.5,24.2,1.2,24.8
"2026-07-14 14:15:00",2692,100,1000,7999,57,147,1000,"NAN",3.15,1016.6,87,26.6,24.3,1.2,24.9
"2026-07-14 14:30:00",2693,41.37764,2.217048,4,52,139,3.28,141,3.11,1016.4,86,26.6,24.3,1.2,24.9
"2026-07-14 14:45:00",2694,41.37764,2.217133,-2,29,115,3.12,117,3.09,1016.4,87,26.8,24.5,1.2,25.1
"2026-07-14 15:00:00",2695,41.37764,2.217168,-4,51,135,2.19,137,2.66,1016.4,86,26.6,24.1,1.2,24.7
"2026-07-14 15:15:00",2696,41.37772,2.217276,-19,58,159,3.63,161,4.08,1016.5,86,26.7,24.3,1.2,24.9
"2026-07-14 15:30:00",2697,41.3776,2.21711,7,49,149,2.59,151,2.87,1016.3,86,26.7,24.3,1.2,24.9
"2026-07-14 15:45:00",2698,41.37759,2.217151,9,30,132,1.84,134,2.12,1016,85,26.8,24.2,1.2,24.9
"2026-07-14 16:00:00",2699,41.3776,2.217145,8,50,168,2.56,170,2.71,1016,86,26.8,24.3,1.2,25
"2026-07-14 16:15:00",2700,41.37758,2.217201,5,52,165,2.18,167,2.26,1015.8,85,26.8,24.1,1.2,24.8
"2026-07-14 16:30:00",2701,41.37756,2.217229,5,42,157,1.9,159,2.2,1015.7,85,26.8,24.3,1.2,24.9
"2026-07-14 16:45:00",2702,41.37756,2.217235,9,61,180,2.1,182,2.16,1015.7,85,26.9,24.2,1.2,24.9
"2026-07-14 17:00:00",2703,41.37753,2.217301,1,44,160,2.53,162,2.34,1015.7,83,27,24,1.2,24.8
"2026-07-14 17:15:00",2704,41.37749,2.217323,-1,59,189,1.66,191,1.76,1015.5,84,27.1,24.2,1.2,25
"2026-07-14 17:30:00",2705,41.37749,2.217349,2,64,199,2.55,201,2.6,1015.3,84,27.1,24.3,1.2,25
"2026-07-14 17:45:00",2706,41.37748,2.217357,1,57,170,3.78,172,3.43,1015.3,85,27,24.3,1.2,25
"2026-07-14 18:00:00",2707,41.37746,2.217378,1,49,170,1.92,172,1.88,1015.2,86,27.1,24.6,1.2,25.2
"2026-07-14 18:15:00",2708,41.37746,2.217372,1,66,186,3.03,188,3.11,1015.2,85,27,24.3,1.2,25
"2026-07-14 18:30:00",2709,41.37744,2.21739,3,82,200,3.01,202,3.02,1015.1,85,26.9,24.2,1.2,24.9
"2026-07-14 18:45:00",2710,41.37746,2.217384,4,76,199,3.23,201,3.48,1014.9,86,27.1,24.5,1.2,25.2
"2026-07-14 19:00:00",2711,41.37743,2.217375,3,92,202,4.25,204,4.25,1014.9,85,27.1,24.4,1.2,25.1
"2026-07-14 19:15:00",2712,41.37741,2.217388,3,91,201,3.43,203,3.46,1014.9,85,27.1,24.5,1.2,25.2
"2026-07-14 19:30:00",2713,41.37745,2.217349,4,89,185,4.2,187,4.09,1014.7,85,27.1,24.5,1.2,25.1
"2026-07-14 19:45:00",2714,41.37749,2.217303,6,100,200,3.94,202,4.02,1014.6,86,27.2,24.7,1.2,25.3
"2026-07-14 20:00:00",2715,41.37748,2.217301,4,88,205,4.7,207,4.81,1014.8,87,27.2,25,1.2,25.6
"2026-07-14 20:15:00",2716,41.37751,2.21732,0,93,210,5.18,212,5.16,1014.9,88,27.2,25,1.2,25.6
"2026-07-14 20:30:00",2717,41.37751,2.217328,-1,99,204,4.99,206,4.88,1014.8,88,27.2,25.1,1.2,25.6
"2026-07-14 20:45:00",2718,41.37748,2.217346,0,96,200,4.39,202,4.2,1014.7,88,27.1,25.1,1.2,25.6
"2026-07-14 21:00:00",2719,41.3775,2.217296,0,87,202,4.69,204,4.71,1014.7,88,27.1,25.1,1.2,25.6
"2026-07-14 21:15:00",2720,41.3775,2.217312,1,97,206,4.13,208,4.14,1014.7,88,27.2,25.2,1.2,25.7
"2026-07-14 21:30:00",2721,41.37756,2.217326,4,104,212,5.35,214,5.16,1014.8,88,27.3,25.2,1.2,25.8
"2026-07-14 21:45:00",2722,41.37757,2.217321,2,94,215,4.4,217,4.4,1014.8,89,27.2,25.3,1.2,25.8
"2026-07-14 22:00:00",2723,41.37752,2.217341,0,104,221,4.98,223,4.91,1015,89,27.2,25.3,1.2,25.8
"2026-07-14 22:15:00",2724,41.37748,2.217357,1,85,219,2.99,221,3.28,1015.3,89,27.4,25.4,1.2,25.9
"2026-07-14 22:30:00",2725,41.37738,2.217401,3,85,248,3.92,250,4.66,1015.6,88,27.4,25.4,1.2,25.9
"2026-07-14 22:45:00",2726,100,1000,7999,97,237,1000,"NAN",4.6,1015.7,88,27.3,25.2,1.2,25.7
"2026-07-14 23:00:00",2727,100,1000,7999,91,218,1000,"NAN",2.06,1015.3,88,27.3,25.2,1.2,25.7
"2026-07-14 23:15:00",2728,100,1000,7999,268,56,1000,"NAN",1.48,1014.9,88,27.4,25.4,1.2,25.9
"2026-07-14 23:30:00",2729,100,1000,7999,118,240,1000,"NAN",2.6,1015.3,89,27.3,25.3,1.2,25.8
"2026-07-14 23:45:00",2730,41.37749,2.217231,4,95,180,2.77,182,2.83,1014.9,90,27,25.4,1.2,25.8
"2026-07-15 00:00:00",2731,41.37755,2.217151,2,93,191,2.9,193,2.89,1015,91,27,25.5,1.2,25.9
"2026-07-15 00:15:00",2732,41.37751,2.217276,2,96,218,4.35,220,4.37,1015.4,91,27.1,25.5,1.2,25.9
"2026-07-15 00:30:00",2733,41.37749,2.217321,2,111,231,3.99,233,4.01,1015.6,89,27.3,25.3,1.2,25.8
"2026-07-15 00:45:00",2734,41.37743,2.21736,3,104,241,2.9,243,2.91,1015.3,87,27.4,25.1,1.2,25.7
"2026-07-15 01:00:00",2735,41.37746,2.21732,4,108,253,3.55,255,3.44,1015.3,87,27.3,25,1.2,25.6
"2026-07-15 01:15:00",2736,41.37751,2.217273,1,89,204,3.33,206,3.33,1015.4,86,27.4,25,1.2,25.6
"2026-07-15 01:30:00",2737,41.37755,2.217236,1,106,217,4.25,219,4.28,1015.3,90,27.1,25.4,1.2,25.8
"2026-07-15 01:45:00",2738,41.3775,2.217328,2,102,227,5.16,229,5.22,1015.3,89,27.1,25.2,1.2,25.7
"2026-07-15 02:00:00",2739,41.37751,2.21731,2,94,218,4.08,220,4.09,1015.2,89,27.1,25.2,1.2,25.7
"2026-07-15 02:15:00",2740,41.37753,2.217298,-2,114,241,5.15,243,5.17,1015.2,89,27,25.2,1.2,25.7
"2026-07-15 02:30:00",2741,41.37751,2.217305,0,98,226,6.02,228,6.02,1015.4,90,27,25.3,1.2,25.8
"2026-07-15 02:45:00",2742,41.37752,2.217312,-1,101,231,7.67,233,7.36,1015.5,90,26.9,25.3,1.2,25.7
"2026-07-15 03:00:00",2743,41.37751,2.21731,-1,105,220,5.81,222,5.65,1015.6,90,26.9,25.3,1.2,25.7
"2026-07-15 03:15:00",2744,41.37749,2.217328,0,106,234,6.21,236,6.12,1015.4,89,26.9,25,1.2,25.5
"2026-07-20 03:15:00",3224,41.37746,2.217316,2,183,347,2.45,349,2.48,1012.5,67,27.9,21.3,1.2,23.3
"2026-07-20 03:30:00",3225,41.37746,2.217288,7,189,334,1.97,336,1.97,1012.6,67,28,21.4,1.2,23.3
"2026-07-20 03:45:00",3226,41.37746,2.217288,6,195,342,1.85,344,1.85,1012.9,66,27.9,21.2,1.2,23.2
"2026-07-20 04:00:00",3227,41.37755,2.217183,8,232,348,1.28,350,1.29,1013.1,63,27.9,20.2,1.2,22.5
"2026-07-20 04:15:00",3228,41.37756,2.217133,4,265,344,0.49,346,0.55,1013.1,65,28,20.9,1.2,23
"2026-07-20 04:30:00",3229,41.37756,2.217141,4,268,11,0.84,12.95,0.91,1013.1,64,27.9,20.7,1.2,22.9
"2026-07-20 04:45:00",3230,41.37756,2.217146,5,63,172,0.19,174,0.19,1013.2,65,27.9,20.8,1.2,23
"2026-07-20 05:00:00",3231,41.37756,2.217151,2,103,211,0.98,213,0.98,1013.6,69,27.9,21.8,1.2,23.6
"2026-07-20 05:15:00",3232,41.37756,2.217146,2,112,222,0.92,224,0.87,1013.7,73,27.9,22.7,1.2,24.2
"2026-07-20 05:30:00",3233,41.37756,2.217153,3,108,220,1.54,222,1.49,1013.7,73,27.8,22.6,1.2,24.1
"2026-07-20 05:45:00",3234,41.37756,2.217133,3,133,240,0.82,242,0.74,1013.9,75,27.8,22.9,1.2,24.3
"2026-07-20 06:00:00",3235,41.37755,2.217134,5,238,347,1.29,349,1.29,1013.6,77,27.8,23.4,1.2,24.6
"2026-07-20 06:15:00",3236,41.37752,2.217131,5,241,346,2.32,348,2.38,1013.5,72,27.3,22,1.2,23.5
"2026-07-20 06:30:00",3237,41.37757,2.217157,0,92,350,3.18,352,3.24,1013.6,72,27.3,22,1.2,23.5
"2026-07-20 06:45:00",3238,41.37751,2.217341,-2,101,347,4.06,349,4.09,1013.5,68,27,20.7,1.2,22.6
"2026-07-20 07:00:00",3239,41.37741,2.217395,-1,92,330,2.7,332,2.68,1013.5,71,26.9,21.3,1.2,22.9
"2026-07-20 07:15:00",3240,41.37743,2.217353,-2,105,349,3.89,351,3.89,1013.5,69,26.8,20.7,1.2,22.5
"2026-07-20 07:30:00",3241,41.37748,2.217298,-2,116,328,3.23,330,3.19,1013.8,71,27.2,21.5,1.2,23.2
"2026-07-20 07:45:00",3242,41.37746,2.217286,0,98,323,3.44,325,3.37,1013.6,68,27.2,21,1.2,22.9
"2026-07-20 08:00:00",3243,41.37748,2.217273,-2,107,336,3.43,338,3.43,1013.7,66,27.4,20.7,1.2,22.7
"2026-07-20 08:15:00",3244,41.37745,2.217261,0,115,343,3.54,345,3.55,1013.7,68,27.5,21.1,1.2,23
"2026-07-20 08:30:00",3245,41.37749,2.217228,0,93,332,2.68,334,2.69,1013.6,69,27.6,21.4,1.2,23.2
"2026-07-20 08:45:00",3246,41.37756,2.217058,0,106,329,2.88,331,2.87,1013.7,64,27.7,20.5,1.2,22.7
"2026-07-20 09:00:00",3247,41.37757,2.2169,2,95,342,1.93,344,1.95,1013.9,64,28.1,20.9,1.2,23
"2026-07-20 09:15:00",3248,41.37756,2.216818,2,104,359,2.69,0.95,2.73,1013.9,66,28.3,21.5,1.2,23.5
"2026-07-20 09:30:00",3249,41.37753,2.216761,3,102,24,2.98,25.95,3.11,1014,64,28.4,21.1,1.2,23.3
"2026-07-20 09:45:00",3250,41.37752,2.216698,3,110,77,1.94,78.95,2.07,1014,71,28.4,22.8,1.2,24.4
"2026-07-20 10:00:00",3251,41.37751,2.21669,2,109,63,2.06,64.95,2.06,1014,75,28.5,23.7,1.2,25
"2026-07-20 10:15:00",3252,41.37746,2.216626,1,118,77,1.86,78.95,1.98,1014.1,76,28.5,23.9,1.2,25.1
"2026-07-20 10:30:00",3253,41.3774,2.216538,2,99,92,2.56,94,2.67,1014.1,77,28.2,23.7,1.2,24.9
"2026-07-20 10:45:00",3254,41.37733,2.21646,13,118,105,1.83,107,1.96,1014,79,28.2,24.2,1.2,25.3
"2026-07-20 11:00:00",3255,41.37733,2.216449,13,106,112,2.89,114,3.02,1014.1,79,28,24,1.2,25.1
"2026-07-20 11:15:00",3256,41.37733,2.216496,4,98,109,2.84,111,2.98,1014,73,28.2,22.9,1.2,24.4
"2026-07-20 11:30:00",3257,41.37738,2.216533,2,62,97,1.88,99,1.87,1014.2,74,28.4,23.5,1.2,24.8
"2026-07-20 11:45:00",3258,41.37741,2.216498,2,95,107,4.12,109,4.07,1014.1,69,28.4,22.4,1.2,24.1
"2026-07-20 12:00:00",3259,41.37745,2.216468,2,96,106,3.38,108,3.33,1014.3,71,28.3,22.6,1.2,24.2
"2026-07-20 12:15:00",3260,100,1000,7999,90,115,1000,"NAN",4.46,1014.1,77,28,23.6,1.2,24.8
"2026-07-20 12:30:00",3261,41.37738,2.216468,2,114,119,4.61,121,4.55,1014.5,79,28.2,24.2,1.2,25.2
"2026-07-20 12:45:00",3262,41.37745,2.216513,2,97,132,3.54,134,3.63,1014.6,70,28.2,22.3,1.2,24
"2026-07-20 13:00:00",3263,41.37749,2.21655,2,105,130,5.04,132,5.01,1014.8,71,28.2,22.4,1.2,24.1
"2026-07-20 13:15:00",3264,41.37748,2.216543,2,101,135,4.25,137,3.98,1014.9,77,28.1,23.7,1.2,24.9
"2026-07-20 13:30:00",3265,41.37749,2.216509,2,102,112,3.29,114,3.59,1014.8,77,27.9,23.5,1.2,24.6
"2026-07-20 13:45:00",3266,41.3775,2.216551,2,93,128,4.7,130,4.69,1014.8,78,27.9,23.8,1.2,24.9
"2026-07-20 14:00:00",3267,41.37746,2.216655,2,104,117,3.76,119,4.28,1014.7,77,27.8,23.5,1.2,24.7
"2026-07-20 14:15:00",3268,41.37746,2.21662,2,107,117,4.66,119,4.25,1014.6,79,27.8,24,1.2,25
"2026-07-20 14:30:00",3269,41.37748,2.21662,-7,90,101,2.02,103,2.28,1014.6,79,27.9,23.9,1.2,25
"2026-07-20 14:45:00",3270,41.37751,2.216591,-2,100,102,3.59,104,3.66,1014.5,75,27.9,23.2,1.2,24.5
"2026-07-20 15:00:00",3271,41.37744,2.216504,5,89,104,3.92,106,3.75,1014.2,74,27.8,22.8,1.2,24.2
"2026-07-20 15:15:00",3272,41.3774,2.216468,7,93,103,4.24,105,4.26,1014,76,27.9,23.4,1.2,24.6
"2026-07-20 15:30:00",3273,41.37741,2.216487,7,89,125,4.09,127,4.29,1013.9,78,28,24,1.2,25
"2026-07-20 15:45:00",3274,41.37743,2.216475,9,109,136,1.61,138,1.92,1013.7,75,27.8,23.1,1.2,24.4
"2026-07-20 16:00:00",3275,41.37745,2.216518,8,81,114,1.92,116,2.12,1013.7,76,28,23.5,1.2,24.7
"2026-07-20 16:15:00",3276,41.37746,2.216509,16,95,121,3.63,123,3.62,1013.8,77,28,23.7,1.2,24.8
"2026-07-20 16:30:00",3277,41.37748,2.216553,16,96,124,3.05,126,3.05,1013.6,77,28,23.7,1.2,24.9
"2026-07-20 16:45:00",3278,41.37746,2.216566,-2,91,116,2.88,118,3.06,1013.4,75,28,23.2,1.2,24.5
"2026-07-20 17:00:00",3279,41.37748,2.216586,0,126,130,3.36,132,3.19,1013.3,75,28.1,23.3,1.2,24.6
"2026-07-20 17:15:00",3280,41.3775,2.216611,6,82,122,4.41,124,4.04,1013.1,76,28,23.4,1.2,24.7
"2026-07-20 17:30:00",3281,41.37749,2.21659,5,106,126,2.57,128,2.56,1013.3,76,28,23.5,1.2,24.7
"2026-07-20 17:45:00",3282,41.37751,2.216641,3,98,170,2.9,172,2.89,1013.7,77,28.1,23.9,1.2,25
"2026-07-20 18:00:00",3283,41.37751,2.216711,5,106,202,2.57,204,2.8,1014.4,78,28,24,1.2,25
"2026-07-20 18:15:00",3284,41.37757,2.216809,1,36,105,1.49,107,1.41,1013.5,80,28,24.2,1.2,25.2
"2026-07-20 18:30:00",3285,41.37741,2.216518,2,82,112,4.01,114,3.73,1012.1,83,27.9,24.8,1.2,25.6
"2026-07-20 18:45:00",3286,41.37705,2.21655,2,93,121,6.47,123,6.34,1010.4,76,28.4,23.9,1.2,25.1
"2026-07-20 19:00:00",3287,41.37741,2.216735,2,106,229,4.81,231,4.81,1012.6,83,28,24.9,1.2,25.7
"2026-07-20 19:15:00",3288,41.3776,2.216898,4,102,199,4.72,201,4.75,1012.8,82,28.1,24.8,1.2,25.7
"2026-07-20 19:30:00",3289,41.37758,2.216806,7,112,222,1.49,224,1.61,1012,83,28.1,25,1.2,25.8
"2026-07-20 19:45:00",3290,41.37757,2.21684,4,106,215,1.82,217,1.9,1012.6,82,28.1,24.9,1.2,25.7
"2026-07-20 20:00:00",3291,41.37754,2.21672,6,77,171,0.35,173,0.35,1011.5,81,28.3,24.8,1.2,25.7
"2026-07-20 20:15:00",3292,41.37751,2.216651,5,266,57,0.13,58.95,0.22,1011.6,80,28.5,24.9,1.2,25.8
"2026-07-20 20:30:00",3293,41.37752,2.216698,3,115,195,2.67,197,2.41,1011.8,83,28.3,25.1,1.2,25.9
"2026-07-20 20:45:00",3294,41.3776,2.216818,3,107,188,2.44,190,2.47,1011.8,85,28.2,25.5,1.2,26.1
"2026-07-20 21:00:00",3295,41.37765,2.216871,6,82,173,1.56,175,1.55,1011.9,86,28.3,25.9,1.2,26.5
"2026-07-20 21:15:00",3296,41.37768,2.217001,6,107,186,3.33,188,2.95,1011.7,86,28.1,25.6,1.2,26.2
"2026-07-20 21:30:00",3297,41.3776,2.217103,3,89,198,1.66,200,1.63,1011.5,85,28,25.3,1.2,26
"2026-07-20 21:45:00",3298,41.37768,2.217182,4,81,198,2.47,200,2.65,1011.7,86,28,25.5,1.2,26.1
"2026-07-20 22:00:00",3299,41.37756,2.217188,6,94,192,3.74,194,3.95,1012.1,86,28.1,25.6,1.2,26.2
"2026-07-20 22:15:00",3300,100,1000,7999,117,206,1000,"NAN",4.87,1012.5,87,28.2,25.8,1.2,26.4
"2026-07-20 22:30:00",3301,100,1000,7999,96,197,1000,"NAN",4.83,1012.8,88,28.2,26.1,1.2,26.6
"2026-07-20 22:45:00",3302,100,1000,7999,105,210,1000,"NAN",3.87,1013.3,87,28.1,25.9,1.2,26.4
"2026-07-20 23:00:00",3303,100,1000,7999,91,217,1000,"NAN",3.83,1013.2,87,28,25.7,1.2,26.3
"2026-07-20 23:15:00",3304,41.37751,2.217276,6,100,219,2.86,221,2.92,1013.4,87,28,25.7,1.2,26.3
"2026-07-20 23:30:00",3305,41.37751,2.21726,4,101,216,2.99,218,3.05,1013.4,88,28,25.8,1.2,26.4
"2026-07-20 23:45:00",3306,41.37751,2.217263,3,92,206,3.01,208,3.11,1013.5,88,28,25.9,1.2,26.4
"2026-07-21 00:00:00",3307,41.37748,2.2173,3,95,225,2.45,227,2.49,1013.4,87,28,25.7,1.2,26.3
"2026-07-21 00:15:00",3308,41.37741,2.21733,2,126,247,1.08,249,1.11,1013.2,87,28,25.7,1.2,26.3
"2026-07-21 00:30:00",3309,41.37738,2.217326,3,95,229,1.09,231,1.11,1013.4,87,27.9,25.6,1.2,26.2
"2026-07-21 00:45:00",3310,41.37733,2.217318,3,133,237,0.39,239,0.39,1013.3,86,27.9,25.5,1.2,26.1
"2026-07-21 01:00:00",3311,41.37733,2.217261,1,31,113,0.78,115,0.67,1013.2,87,28,25.7,1.2,26.3
"2026-07-21 01:15:00",3312,41.37733,2.217148,1,72,134,1.76,136,1.45,1013.3,86,27.9,25.5,1.2,26.1
"2026-07-21 01:30:00",3313,41.37724,2.216835,0,89,106,1.12,108,1.13,1013.2,87,28,25.7,1.2,26.2
"2026-07-21 01:45:00",3314,41.37711,2.216493,0,97,65,4.27,66.95,4.21,1013.3,90,27.6,25.8,1.2,26.3
"2026-07-21 02:00:00",3315,41.37703,2.216534,1,100,57,4.78,58.95,4.78,1013.1,90,27.4,25.7,1.2,26.1
"2026-07-21 02:15:00",3316,41.37703,2.21655,1,101,53,2.8,54.95,2.78,1013.2,90,27.5,25.7,1.2,26.2
"2026-07-21 02:30:00",3317,41.37705,2.216525,1,120,87,3.09,89,2.9,1013.4,89,27.3,25.5,1.2,26
"2026-07-21 02:45:00",3318,41.37704,2.216532,4,93,69,4,70.95,4,1013.4,89,27.4,25.6,1.2,26.1
"2026-07-21 03:00:00",3319,41.37701,2.216563,5,107,80,3.83,82,3.89,1013.4,89,27.4,25.6,1.2,26
"2026-07-21 03:15:00",3320,41.37701,2.216571,7,83,39,2.11,40.95,2.11,1013.6,89,27.4,25.6,1.2,26
"2026-07-21 03:30:00",3321,41.377,2.21661,7,86,69,2.24,70.95,2.35,1013.4,89,27.4,25.6,1.2,26.1
"2026-07-21 03:45:00",3322,41.37701,2.216606,7,92,40,1.45,41.95,1.45,1013.1,89,27.4,25.6,1.2,26
"2026-07-21 04:00:00",3323,41.37701,2.21661,8,87,47,0.98,48.95,1.01,1013.1,89,27.3,25.3,1.2,25.8
"2026-07-21 04:15:00",3324,41.37701,2.216608,6,95,43,1.57,44.95,1.59,1013,90,27.3,25.5,1.2,25.9
"2026-07-21 04:30:00",3325,41.377,2.216583,7,90,49,3.09,50.95,3.12,1013,90,27.2,25.5,1.2,25.9
"2026-07-21 04:45:00",3326,41.37704,2.216578,4,110,83,1.97,85,2.13,1013.2,90,27.2,25.4,1.2,25.9
"2026-07-21 05:00:00",3327,41.37705,2.216563,3,77,49,1.5,50.95,1.48,1013.4,90,27.3,25.6,1.2,26
"2026-07-21 05:15:00",3328,41.37711,2.216518,1,110,107,3.71,109,3.81,1012.4,91,27.3,25.8,1.2,26.2
"2026-07-21 05:30:00",3329,41.37707,2.216529,0,85,67,2.66,68.95,2.64,1013.1,91,27.1,25.5,1.2,25.9
"2026-07-21 05:45:00",3330,41.37707,2.216537,0,90,65,2.53,66.95,2.53,1013.3,91,27.1,25.6,1.2,26
"2026-07-21 06:00:00",3331,41.37709,2.216523,1,82,60,1.75,61.95,1.76,1013.5,91,27,25.6,1.2,25.9
"2026-07-21 06:15:00",3332,41.37704,2.216581,2,83,38,1.28,39.95,1.47,1013.4,91,27,25.5,1.2,25.8
"2026-07-21 06:30:00",3333,41.37716,2.216828,-13,77,42,0.55,43.95,0.87,1013.9,91,27,25.4,1.2,25.8
"2026-07-21 06:45:00",3334,41.37711,2.216828,-6,83,41,1.88,42.95,2.12,1013.7,90,26.9,25.3,1.2,25.7
"2026-07-21 07:00:00",3335,41.37717,2.217536,10,81,16,2.74,17.95,2.57,1013.5,90,27,25.2,1.2,25.6
"2026-07-21 07:15:00",3336,41.377,2.216925,9,85,22,2.42,23.95,2.33,1013.7,87,26.9,24.7,1.2,25.2
"2026-07-21 07:30:00",3337,41.3769,2.216758,0,91,1,4.4,2.95,4.4,1013.4,85,26.8,24.1,1.2,24.8
"2026-07-21 07:45:00",3338,41.37692,2.216731,0,74,349,2.28,351,2.28,1013.8,84,27,24.2,1.2,24.9
"2026-07-21 08:00:00",3339,41.37691,2.216728,0,92,334,4.2,336,4.39,1014.1,80,27.1,23.4,1.2,24.4
"2026-07-21 08:15:00",3340,41.37695,2.216638,5,308,233,1.16,235,1.35,1014.8,79,27.5,23.6,1.2,24.6
"2026-07-21 08:30:00",3341,41.37696,2.216586,6,97,41,6.95,42.95,6.88,1012.7,82,27.5,24.2,1.2,25
"2026-07-21 08:45:00",3342,41.37689,2.216728,7,84,12,4.64,13.95,4.64,1014,81,27.5,24.1,1.2,25
"2026-07-21 09:00:00",3343,41.37695,2.216626,3,101,64,3.63,65.95,3.5,1013.8,80,27.6,24,1.2,24.9
"2026-07-21 09:15:00",3344,41.37701,2.216606,1,65,38,1.35,39.95,1.34,1014.5,83,27.6,24.5,1.2,25.3
"2026-07-21 09:30:00",3345,41.37707,2.216548,0,123,173,4.24,175,4.23,1014.8,79,27.7,23.7,1.2,24.8
"2026-07-21 09:45:00",3346,41.37716,2.216501,-2,137,178,2.21,180,2.15,1015.4,77,27.7,23.4,1.2,24.5
"2026-07-21 10:00:00",3347,41.3771,2.216528,4,118,137,1.69,139,1.67,1014.9,76,27.9,23.2,1.2,24.5
"2026-07-21 10:15:00",3348,41.37715,2.21647,5,103,111,5.61,113,5.56,1012.9,79,27.5,23.7,1.2,24.7
"2026-07-21 10:30:00",3349,41.37697,2.216584,0,89,31,2.85,32.95,2.82,1014.5,75,27.8,23,1.2,24.3
"2026-07-21 10:45:00",3350,41.37694,2.216568,2,116,89,2.6,91,2.39,1013.8,74,27.9,22.9,1.2,24.3
"2026-07-21 11:00:00",3351,41.37692,2.216596,0,92,40,1.71,41.95,1.71,1014.7,72,28.2,22.8,1.2,24.3
"2026-07-21 11:15:00",3352,41.37694,2.216555,-1,128,146,2.58,148,2.54,1014.5,71,28.2,22.5,1.2,24.1
"2026-07-21 11:30:00",3353,41.37715,2.216533,-1,90,162,3.04,164,2.96,1015,75,28.1,23.4,1.2,24.7
"2026-07-21 11:45:00",3354,41.37709,2.216508,-1,117,133,3.06,135,3.07,1015,70,28.2,22.4,1.2,24
"2026-07-21 12:00:00",3355,41.37714,2.216453,-1,107,122,3.84,124,3.74,1014.4,73,27.9,22.8,1.2,24.2
"2026-07-21 12:15:00",3356,100,1000,7999,130,130,1000,"NAN",2.34,1015.5,70,28.2,22.2,1.2,23.9
"2026-07-21 12:30:00",3357,41.37712,2.216626,-1,104,125,1.84,127,2.39,1015.3,69,28.1,22,1.2,23.8
"2026-07-21 12:45:00",3358,100,1000,7999,90,109,1000,"NAN",2.38,1015.5,71,28.3,22.6,1.2,24.2
"2026-07-21 13:00:00",3359,100,1000,7999,119,127,1000,"NAN",3.65,1015.5,74,28.1,23,1.2,24.4
"2026-07-21 13:15:00",3360,41.37716,2.216455,-3,97,118,5.01,120,5.11,1015.1,75,27.9,23.1,1.2,24.4
"2026-07-21 13:30:00",3361,41.37711,2.21647,0,100,106,4.32,108,4.19,1015.2,73,27.9,22.7,1.2,24.2
"2026-07-21 13:45:00",3362,41.3771,2.216461,0,106,113,5.98,115,5.62,1015.4,71,28,22.4,1.2,24
"2026-07-21 14:00:00",3363,41.37712,2.21648,2,106,112,4.49,114,4.65,1015.8,74,27.9,22.9,1.2,24.3
"2026-07-21 14:15:00",3364,41.37716,2.21647,0,125,142,3.93,144,3.92,1016.1,76,28,23.4,1.2,24.6
"2026-07-21 14:30:00",3365,41.37717,2.21646,0,98,116,4.15,118,4.45,1015.9,73,28.1,22.8,1.2,24.3
"2026-07-21 14:45:00",3366,41.37717,2.216458,0,100,118,4.57,120,4.87,1015.4,69,28,22,1.2,23.7
"2026-07-21 15:00:00",3367,41.37715,2.216451,5,105,106,4.9,108,5.19,1015.2,67,28.1,21.5,1.2,23.4
"2026-07-21 15:15:00",3368,41.37719,2.216434,3,103,107,6.02,109,6.04,1015,66,28,21.1,1.2,23.2
"2026-07-21 15:30:00",3369,41.37707,2.216472,1,102,94,7.7,96,7.63,1014.6,66,28,21.2,1.2,23.3
"2026-07-21 15:45:00",3370,41.37707,2.216491,0,94,81,6.43,83,6.52,1014.6,69,28.2,22,1.2,23.8
"2026-07-21 16:00:00",3371,41.37706,2.21647,4,104,91,6.35,93,6.35,1014.7,70,28,22.2,1.2,23.8
"2026-07-21 16:15:00",3372,41.37709,2.216511,6,105,78,7.3,79.95,7.69,1014.3,68,27.9,21.6,1.2,23.5
"2026-07-21 16:30:00",3373,41.37705,2.216491,2,114,85,6.17,87,6.01,1014.7,66,28,21.2,1.2,23.2
"2026-07-21 16:45:00",3374,41.3771,2.216498,1,111,102,4.5,104,4.47,1014.9,66,28,21.2,1.2,23.2
"2026-07-21 17:00:00",3375,41.37715,2.216485,0,114,98,5.34,100,5.29,1015.2,68,28.2,21.8,1.2,23.7
"2026-07-21 17:15:00",3376,41.37723,2.216472,3,121,142,2.58,144,2.55,1015.3,67,28.2,21.6,1.2,23.5
"2026-07-21 17:30:00",3377,41.37726,2.216468,1,98,112,2.66,114,2.67,1015.1,70,28.4,22.4,1.2,24.1
"2026-07-21 17:45:00",3378,41.37725,2.216482,4,123,126,2.87,128,2.74,1015.3,67,28.3,21.8,1.2,23.7
"2026-07-21 18:00:00",3379,41.37723,2.216506,4,111,140,2.11,142,1.84,1015.3,66,28.4,21.5,1.2,23.6
"2026-07-21 18:15:00",3380,41.37723,2.216506,1,131,139,2.12,141,2,1015.3,66,28.4,21.5,1.2,23.5
"2026-07-21 18:30:00",3381,41.37715,2.216513,2,128,146,2.09,148,1.74,1015.2,65,28.4,21.3,1.2,23.4
"2026-07-21 18:45:00",3382,41.3772,2.216513,3,108,144,3.11,146,2.54,1015.2,70,28.5,22.6,1.2,24.3
"2026-07-21 19:00:00",3383,41.37724,2.216451,0,117,135,2.6,137,2.6,1015,69,28.4,22.2,1.2,24
"2026-07-21 19:15:00",3384,41.3772,2.216449,1,129,126,1.01,128,0.99,1015.1,65,28.5,21.4,1.2,23.5
"2026-07-21 19:30:00",3385,41.37717,2.21654,3,87,140,0.83,142,0.94,1015.3,66,28.7,21.7,1.2,23.8
"2026-07-21 19:45:00",3386,41.37719,2.216521,1,179,174,0.74,176,0.79,1015.3,66,28.9,22.1,1.2,24.1
"2026-07-21 20:00:00",3387,41.37717,2.216595,0,159,273,0.49,275,0.59,1015.6,66,28.7,21.8,1.2,23.8
"2026-07-21 20:15:00",3388,41.3772,2.21663,3,113,251,1.27,253,1.32,1015.7,68,28.7,22.3,1.2,24.2
"2026-07-21 20:30:00",3389,41.37719,2.216615,2,174,272,0.53,274,0.78,1015.7,66,28.5,21.7,1.2,23.7
"2026-07-21 20:45:00",3390,41.37723,2.216584,2,109,168,0.33,170,0.41,1015.8,68,28.3,21.9,1.2,23.7
"2026-07-21 21:00:00",3391,41.37733,2.216615,4,94,181,1.76,183,1.85,1016,70,28.1,22.2,1.2,23.9
"2026-07-21 21:15:00",3392,41.37746,2.216691,5,97,180,1.97,182,1.87,1016.2,74,28.2,23.1,1.2,24.5
"2026-07-21 21:30:00",3393,41.37759,2.21687,2,105,190,2.91,192,2.88,1016.6,76,28.3,23.7,1.2,24.9
"2026-07-21 21:45:00",3394,41.37756,2.21712,1,97,214,2.22,216,2.23,1016.4,71,28.7,22.9,1.2,24.5
"2026-07-21 22:00:00",3395,41.37751,2.217283,6,96,216,3.27,218,3.27,1016.7,69,28.7,22.6,1.2,24.3
"2026-07-21 22:15:00",3396,41.37726,2.217404,1,91,238,1.64,240,1.77,1016.6,64,28.8,21.3,1.2,23.6
"2026-07-21 22:30:00",3397,41.37716,2.21739,5,98,279,1.56,281,1.44,1016.5,65,29.1,22,1.2,24
"2026-07-21 22:45:00",3398,41.37703,2.21725,5,136,351,1.44,353,1.58,1016.4,66,29.2,22.2,1.2,24.2
"2026-07-21 23:00:00",3399,41.37693,2.217007,8,123,21,2.38,22.95,2.42,1016.4,67,29,22.3,1.2,24.3
"2026-07-21 23:15:00",3400,41.37689,2.216861,6,102,13,4.5,14.95,4.48,1016.2,77,28.3,24,1.2,25.1
"2026-07-21 23:30:00",3401,41.37689,2.216753,6,108,30,2.91,31.95,2.84,1016.3,77,28.4,24,1.2,25.2
"2026-07-21 23:45:00",3402,41.37687,2.216845,3,104,2,4.43,3.95,4.43,1016,59,28.9,20.3,1.2,23
"2026-07-22 00:00:00",3403,41.37688,2.216808,8,93,351,3.97,353,3.97,1015.7,60,29,20.5,1.2,23.1
"2026-07-22 00:15:00",3404,100,1000,7999,93,340,1000,"NAN",5.57,1015.8,53,29.2,18.8,1.2,22.2
"2026-07-22 00:30:00",3405,100,1000,7999,103,323,1000,"NAN",5.5,1015.7,51,29.2,18.2,1.2,21.9
"2026-07-22 00:45:00",3406,100,1000,7999,91,344,1000,"NAN",3.69,1015.7,55,29.2,19.3,1.2,22.5
"2026-07-22 01:00:00",3407,100,1000,7999,96,340,1000,"NAN",2.7,1015.6,57,29.1,19.8,1.2,22.7
"2026-07-22 01:15:00",3408,41.37681,2.216822,5,81,333,3.59,335,3.59,1015.7,53,29.2,18.8,1.2,22.2
"2026-07-22 01:30:00",3409,41.37682,2.216803,5,68,332,2.66,334,1.96,1015.7,58,29.2,20.3,1.2,23.1
"2026-07-22 01:45:00",3410,41.37687,2.216745,5,77,353,2.41,355,2.47,1015.4,57,29.1,19.8,1.2,22.8
"2026-07-22 02:00:00",3411,41.37687,2.216745,3,73,339,2.32,341,2.36,1015.7,62,29.2,21.1,1.2,23.6
"2026-07-22 02:15:00",3412,41.3769,2.216676,3,73,4,2.68,5.95,2.7,1015.5,60,29,20.5,1.2,23.1
"2026-07-22 02:30:00",3413,41.37693,2.216676,1,46,339,1.65,341,1.66,1016,54,29,19,1.2,22.2
"2026-07-22 02:45:00",3414,41.37693,2.216653,3,86,31,2.02,32.95,2.02,1016,59,28.9,20.2,1.2,22.9
"2026-07-22 03:00:00",3415,41.37694,2.216628,4,96,52,3.57,53.95,3.63,1016.3,62,28.5,20.6,1.2,23
"2026-07-22 03:15:00",3416,41.37696,2.216583,7,108,70,2.48,71.95,2.48,1016.6,69,28.5,22.4,1.2,24.1
"2026-07-22 03:30:00",3417,41.37706,2.216504,5,116,103,4.11,105,4.11,1016.6,70,28.7,22.8,1.2,24.4
"2026-07-22 03:45:00",3418,41.37701,2.216516,8,100,68,5.88,69.95,5.98,1016.6,64,29,21.7,1.2,23.9
"2026-07-22 04:00:00",3419,41.37701,2.216504,9,95,72,5.42,73.95,5.43,1016.8,60,29,20.5,1.2,23.1
"2026-07-22 04:15:00",3420,41.377,2.216504,7,98,79,7.34,81,7.34,1016.7,53,29,18.4,1.2,21.9
"2026-07-22 04:30:00",3421,41.37698,2.216513,7,105,84,9.35,86,9.17,1016.8,56,28.9,19.4,1.2,22.5
"2026-07-22 04:45:00",3422,41.377,2.216499,4,99,80,9.56,82,9.6,1016.7,55,28.9,19.2,1.2,22.3
"2026-07-22 05:00:00",3423,41.37701,2.216496,3,102,86,7.31,88,7.01,1016.7,52,28.8,18,1.2,21.6
"2026-07-22 05:15:00",3424,41.377,2.216504,1,94,87,7.58,89,7.56,1016.7,57,28.5,19.4,1.2,22.3
"2026-07-22 05:30:00",3425,41.37695,2.216563,0,95,75,7.68,76.95,7.69,1016.9,54,28.6,18.5,1.2,21.8
"2026-07-22 05:45:00",3426,41.377,2.216491,0,119,94,6.99,96,6.99,1017,51,28.4,17.4,1.2,21.2
"2026-07-22 06:00:00",3427,41.377,2.216498,0,105,81,6.63,83,6.75,1017,51,28.4,17.3,1.2,21.1
"2026-07-22 06:15:00",3428,41.37697,2.216498,-5,101,83,8.15,85,7.93,1016.9,52,28.3,17.5,1.2,21.1
"2026-07-22 06:30:00",3429,41.37697,2.216485,-8,99,83,6.72,85,7.03,1017,53,28,17.6,1.2,21.1
"2026-07-22 06:45:00",3430,41.377,2.216487,-4,105,86,6.61,88,6.87,1016.9,62,27.8,19.8,1.2,22.3
"2026-07-22 07:00:00",3431,41.37701,2.216465,-2,104,82,6.2,84,6.59,1016.9,58,27.5,18.6,1.2,21.5
"2026-07-22 07:15:00",3432,41.37701,2.216472,-3,96,67,5.42,68.95,5.52,1017,65,27.5,20.4,1.2,22.6
"2026-07-22 07:30:00",3433,41.37698,2.21658,4,100,71,5.48,72.95,5.91,1016.9,60,27.4,19.2,1.2,21.8
"2026-07-22 07:45:00",3434,41.37697,2.216595,3,100,11,3.61,12.95,3.23,1017.2,59,27.1,18.5,1.2,21.3
"2026-07-22 08:00:00",3435,41.377,2.216571,2,87,62,2.76,63.95,2.97,1017,57,27.1,18,1.2,21
"2026-07-22 08:15:00",3436,41.377,2.216573,2,56,355,1.25,357,1.18,1017.2,57,27.2,18.1,1.2,21.1
"2026-07-22 08:30:00",3437,41.377,2.216603,5,62,3,2.73,4.95,2.82,1017.1,58,27.2,18.4,1.2,21.3
"2026-07-22 08:45:00",3438,41.377,2.216586,2,60,351,2.42,353,2.48,1017.4,62,27.3,19.4,1.2,21.9
"2026-07-22 09:00:00",3439,41.37708,2.216545,2,40,30,1.45,31.95,1.73,1017.6,60,27.3,19,1.2,21.6
"2026-07-22 09:15:00",3440,41.37712,2.216514,3,82,58,2.34,59.95,2.39,1017.6,60,27.5,19,1.2,21.7
"2026-07-22 09:30:00",3441,41.37712,2.216493,-1,85,52,2.77,53.95,1.58,1017.7,60,27.5,19.2,1.2,21.8
"2026-07-22 09:45:00",3442,41.37717,2.216468,0,105,74,2.73,75.95,2.69,1017.9,64,27.4,20,1.2,22.3
"2026-07-22 10:00:00",3443,41.37717,2.216461,0,85,88,3.19,90,2.87,1017.8,62,27.4,19.6,1.2,22.1
"2026-07-22 10:15:00",3444,41.37719,2.216411,5,98,113,5.89,115,5.56,1017.6,64,27.6,20.3,1.2,22.5
"2026-07-22 10:30:00",3445,41.37717,2.216456,0,104,95,6.62,97,6.17,1017.7,54,27.7,17.7,1.2,21.1
"2026-07-22 10:45:00",3446,41.37719,2.216408,6,108,90,4.66,92,4.17,1017.9,60,27.6,19.1,1.2,21.8
"2026-07-22 11:00:00",3447,41.37717,2.216415,5,94,83,5.25,85,4.98,1017.9,58,27.5,18.5,1.2,21.5
"2026-07-22 11:15:00",3448,41.37715,2.216415,5,124,116,3.8,118,3.56,1018,57,27.3,18.2,1.2,21.2
"2026-07-22 11:30:00",3449,41.37719,2.216418,6,111,101,4.23,103,3.89,1017.9,61,27.2,19.1,1.2,21.7
"2026-07-22 11:45:00",3450,41.37722,2.216458,-2,113,109,5.36,111,5.18,1017.9,60,27.1,18.9,1.2,21.5
"2026-07-22 12:00:00",3451,41.37717,2.216393,11,97,100,4.63,102,4.68,1017.8,68,27.1,20.9,1.2,22.7
"2026-07-22 12:15:00",3452,41.37717,2.216423,2,102,100,6.55,102,6.15,1018,68,27.1,20.8,1.2,22.7
"2026-07-22 12:30:00",3453,41.3773,2.216576,1,93,115,3.8,117,3.99,1018.1,70,27.3,21.5,1.2,23.2
"2026-07-22 12:45:00",3454,41.37762,2.216871,16,114,91,3.63,93,3.32,1018.1,64,27.2,19.9,1.2,22.2
"2026-07-22 13:00:00",3455,41.37726,2.216513,15,117,107,4.26,109,4.1,1018.1,69,27.2,21,1.2,22.8
"2026-07-22 13:15:00",3456,41.37722,2.216488,13,107,105,5.99,107,5.91,1018.3,70,27.1,21.3,1.2,23
"2026-07-22 13:30:00",3457,41.3772,2.21648,10,99,106,5.3,108,5.44,1018.2,64,27,19.8,1.2,22
"2026-07-22 13:45:00",3458,41.37716,2.216463,1,103,109,4.39,111,4.8,1018,66,27,20.3,1.2,22.3
"2026-07-22 14:00:00",3459,41.37719,2.216455,0,108,110,4.88,112,4.63,1017.9,67,27.1,20.5,1.2,22.5
"2026-07-22 14:15:00",3460,41.37716,2.216448,0,109,108,3.45,110,4.16,1017.9,68,27.1,20.9,1.2,22.7
"2026-07-22 14:30:00",3461,41.37719,2.216445,-2,117,116,5.99,118,5.66,1017.8,65,27.1,20,1.2,22.2
"2026-07-22 14:45:00",3462,41.37725,2.216499,-11,110,118,5.14,120,5.5,1017.6,68,27.1,20.8,1.2,22.7
"2026-07-22 15:00:00",3463,41.37716,2.216423,5,111,123,6.7,125,6.7,1017,65,27,19.9,1.2,22.1
"2026-07-22 15:15:00",3464,41.37736,2.216233,-2,125,126,5.07,128,4.2,1017.7,70,27,21.2,1.2,22.9
"2026-07-22 15:30:00",3465,41.38024,2.211821,1,127,131,5.6,133,5.05,1017.6,68,27.2,21,1.2,22.8
"2026-07-22 15:45:00",3466,41.37711,2.216496,5,120,144,3.49,146,3.84,1017.5,71,27.2,21.6,1.2,23.2
"2026-07-22 16:00:00",3467,41.37716,2.216433,-1,117,128,4.01,130,3.78,1017.3,67,27.2,20.7,1.2,22.7
"2026-07-22 16:15:00",3468,41.37712,2.216433,-1,136,142,3.7,144,2.68,1017.5,69,27.4,21.3,1.2,23.1
"2026-07-22 16:30:00",3469,41.37715,2.216393,-1,132,140,3.69,142,3.69,1017.3,68,27.3,21,1.2,22.9
"2026-07-22 16:45:00",3470,100,1000,7999,118,128,1000,"NAN",4.12,1016.8,69,27.3,21.1,1.2,22.9
"2026-07-22 17:00:00",3471,41.37723,2.216285,-8,111,112,4.32,114,4.14,1016.9,69,27.3,21.1,1.2,22.9
"2026-07-22 17:15:00",3472,41.37721,2.216321,-9,111,115,5.73,117,5.57,1016,68,27,20.7,1.2,22.6
"2026-07-22 17:30:00",3473,41.37716,2.21642,-4,130,121,2.72,123,2.59,1016.6,73,27.4,22.2,1.2,23.7
"2026-07-22 17:45:00",3474,41.37712,2.216475,-1,112,106,3.19,108,3.16,1016.5,70,27.1,21.3,1.2,23
"2026-07-22 18:00:00",3475,41.37709,2.216461,-5,161,161,1.68,163,1.56,1016.6,70,27.4,21.5,1.2,23.2
"2026-07-22 18:15:00",3476,41.37707,2.21646,-7,177,168,1.57,170,1.51,1016.7,68,27.5,21.1,1.2,23
"2026-07-22 18:30:00",3477,41.3771,2.216456,-5,192,195,2.08,197,2.15,1016.6,71,27.7,22.2,1.2,23.7
"2026-07-22 18:45:00",3478,41.37704,2.216529,0,175,158,1.43,160,1.4,1016.5,66,27.6,20.9,1.2,22.9
"2026-07-22 19:00:00",3479,41.37701,2.216553,-3,105,94,2.94,96,2.86,1015.7,73,27.5,22.2,1.2,23.7
"2026-07-22 19:15:00",3480,41.37703,2.216537,-4,113,83,3.32,85,3.48,1015.7,73,27.2,22.1,1.2,23.5
"2026-07-22 19:30:00",3481,41.37704,2.216523,-3,116,95,2.98,97,2.99,1015.7,73,27,21.8,1.2,23.3
"2026-07-22 19:45:00",3482,41.37703,2.216525,0,108,86,4.65,88,4.15,1015.6,74,27,22,1.2,23.4
"2026-07-22 20:00:00",3483,41.37701,2.216548,-2,108,89,3.16,91,3.05,1015.6,74,26.9,22,1.2,23.4
"2026-07-22 20:15:00",3484,41.37703,2.216556,-2,106,90,3.47,92,3.12,1015.8,73,26.9,21.7,1.2,23.1
"2026-07-22 20:30:00",3485,41.37703,2.216556,0,93,55,2.79,56.95,3,1015.9,72,26.9,21.6,1.2,23.1
"2026-07-22 20:45:00",3486,41.37707,2.216551,0,111,94,4.26,96,4.31,1015.4,73,27,21.9,1.2,23.3
"2026-07-22 21:00:00",3487,41.3771,2.216523,-1,110,84,3.6,86,3.59,1015.6,71,26.9,21.4,1.2,23
"2026-07-22 21:15:00",3488,41.37706,2.216526,-3,122,103,2.79,105,2.76,1016.2,72,27.1,21.6,1.2,23.2
"2026-07-22 21:30:00",3489,41.37719,2.216503,0,121,85,2.3,87,2.33,1016.1,70,26.9,21,1.2,22.8
"2026-07-22 21:45:00",3490,41.37753,2.216345,1,94,75,3.2,76.95,3.18,1016,70,26.9,21.1,1.2,22.8
"2026-07-22 22:00:00",3491,41.3797,2.215316,5,110,102,3.55,104,3.47,1016.1,73,27,21.9,1.2,23.3
"2026-07-22 22:15:00",3492,100,1000,7999,99,83,1000,"NAN",3.52,1016,71,26.8,21.2,1.2,22.9
"2026-07-22 22:30:00",3493,100,1000,7999,109,78,1000,"NAN",2.76,1016.1,72,26.7,21.3,1.2,22.9
"2026-07-22 22:45:00",3494,100,1000,7999,107,63,1000,"NAN",3.45,1016.2,73,26.9,21.7,1.2,23.2
"2026-07-22 23:00:00",3495,41.37704,2.216516,1,95,72,3.51,73.95,3.61,1016.3,75,26.8,22.1,1.2,23.4
"2026-07-22 23:15:00",3496,41.37705,2.216528,4,118,92,2.61,94,2.79,1016.5,73,26.7,21.5,1.2,23
"2026-07-22 23:30:00",3497,41.37703,2.216568,1,137,98,1.54,100,1.7,1016.7,72,26.7,21.3,1.2,22.8
"2026-07-22 23:45:00",3498,41.37704,2.216555,2,118,93,1.87,95,2.13,1016.5,73,26.8,21.6,1.2,23.1
"2026-07-23 00:00:00",3499,41.37704,2.216573,3,121,78,0.65,79.95,0.81,1016.8,73,26.7,21.5,1.2,23
"2026-07-23 00:15:00",3500,41.377,2.216605,0,154,105,1.07,107,1.33,1016.7,73,26.7,21.5,1.2,23
"2026-07-23 00:30:00",3501,41.37696,2.216666,0,188,151,0.12,153,0.2,1016.9,71,26.7,21.2,1.2,22.8
"2026-07-23 00:45:00",3502,41.377,2.216687,0,274,242,1.09,244,0.96,1016.7,72,26.7,21.4,1.2,22.9
"2026-07-23 01:00:00",3503,41.37689,2.216713,7,12,300,0.29,302,0.3,1016.5,72,26.7,21.3,1.2,22.8
"2026-07-23 01:15:00",3504,41.37687,2.216759,5,91,16,1.54,17.95,1.41,1016.2,72,26.7,21.4,1.2,22.9
"2026-07-23 01:30:00",3505,41.37692,2.216704,1,89,29,1.96,30.95,1.88,1016,74,26.6,21.7,1.2,23.1
"2026-07-23 01:45:00",3506,41.37694,2.21669,4,95,27,2.73,28.95,2.57,1015.7,77,26.8,22.5,1.2,23.7
"2026-07-23 02:00:00",3507,41.37694,2.216673,3,80,23,1.42,24.95,1.42,1015.7,74,26.7,21.6,1.2,23.1
"2026-07-23 02:15:00",3508,41.37695,2.21668,3,88,25,2.35,26.95,2.23,1015.5,72,26.7,21.4,1.2,22.9
"2026-07-23 02:30:00",3509,41.37695,2.216701,3,97,24,2.95,25.95,2.81,1015.2,71,26.6,21.1,1.2,22.7
"2026-07-23 02:45:00",3510,41.37694,2.21675,4,77,336,2.14,338,1.99,1015.1,68,26.3,20.1,1.2,22
"2026-07-23 03:00:00",3511,41.37693,2.216755,4,60,337,2.09,339,1.83,1014.9,68,26.5,20.2,1.2,22.1
"2026-07-23 03:15:00",3512,41.37691,2.21684,3,101,326,3.21,328,3.04,1014.9,67,26.7,20.2,1.2,22.2
"2026-07-23 03:30:00",3513,41.37688,2.216992,3,102,317,2.41,319,2.31,1014.8,67,26.7,20.1,1.2,22.1
"2026-07-23 03:45:00",3514,41.37689,2.217049,5,95,314,2.9,316,2.82,1014.7,70,26.8,21,1.2,22.7
"2026-07-23 04:00:00",3515,41.3769,2.21704,3,70,288,1.75,290,1.62,1014.7,65,26.7,19.8,1.2,22
"2026-07-23 04:15:00",3516,41.37694,2.217043,5,82,232,1.73,234,1.8,1014.6,74,26.9,22,1.2,23.3
"2026-07-23 04:30:00",3517,41.37701,2.217194,7,83,229,1.8,231,1.88,1014.5,74,26.7,21.8,1.2,23.2
"2026-07-23 04:45:00",3518,41.37711,2.21733,2,91,226,1.59,228,1.61,1014.5,75,26.8,22.1,1.2,23.4
"2026-07-23 05:00:00",3519,41.37716,2.217351,1,93,259,2.07,261,2.01,1014.4,73,26.7,21.5,1.2,23
"2026-07-23 05:15:00",3520,41.37716,2.217354,2,87,260,0.98,262,0.84,1014.3,73,26.7,21.5,1.2,23
"2026-07-23 05:30:00",3521,41.37716,2.217354,4,202,352,0.56,354,0.64,1014.2,71,26.7,21.1,1.2,22.7
"2026-07-23 05:45:00",3522,41.37704,2.217273,7,103,337,1.65,339,1.61,1014.1,70,26.4,20.6,1.2,22.3
"2026-07-23 06:00:00",3523,41.37694,2.217158,5,103,349,2.72,351,2.72,1014.1,70,26.2,20.4,1.2,22.1
"2026-07-23 06:15:00",3524,41.37693,2.217158,4,95,337,2.95,339,2.85,1014.1,71,25.9,20.2,1.2,21.9
"2026-07-23 06:30:00",3525,41.3769,2.217101,1,95,347,2.57,349,2.52,1014,72,26,20.7,1.2,22.3
"2026-07-23 06:45:00",3526,41.37728,2.218584,5,97,336,2.94,338,2.94,1014,72,25.9,20.5,1.2,22.1
"2026-07-23 07:00:00",3527,41.37689,2.217026,0,94,345,2.84,347,2.86,1014.1,72,25.9,20.6,1.2,22.2
"2026-07-23 07:15:00",3528,41.3769,2.217133,-4,84,331,2.47,333,2.47,1014.2,69,25.9,19.7,1.2,21.6
"2026-07-23 07:30:00",3529,41.37688,2.217073,-2,100,352,3.92,354,3.94,1014.1,69,25.9,19.7,1.2,21.6
"2026-07-23 07:45:00",3530,41.37687,2.217001,0,92,344,3.33,346,3.48,1014.2,67,25.5,19,1.2,21
"2026-07-23 08:00:00",3531,41.37687,2.216995,0,93,351,3.13,353,3.25,1014.3,66,25.7,19,1.2,21.1
"2026-07-23 08:15:00",3532,41.37685,2.21699,4,90,343,3.32,345,3.45,1014.4,65,25.9,19,1.2,21.1
"2026-07-23 08:30:00",3533,41.37687,2.216999,3,98,331,3.47,333,3.43,1014.5,66,26.1,19.4,1.2,21.5
"2026-07-23 08:45:00",3534,41.37688,2.21698,0,107,355,4.24,357,4.16,1014.5,62,26.2,18.4,1.2,20.9
"2026-07-23 09:00:00",3535,41.37687,2.216976,1,109,356,3.94,358,3.81,1014.6,60,26.6,18.2,1.2,20.9
"2026-07-23 09:15:00",3536,41.37685,2.216903,1,101,359,3.12,0.95,3.19,1014.6,60,26.8,18.5,1.2,21.2
"2026-07-23 09:30:00",3537,41.37687,2.216868,1,108,21,2.92,22.95,2.67,1014.7,62,27.1,19.4,1.2,21.8
"2026-07-23 09:45:00",3538,41.37689,2.216806,2,129,77,1.99,78.95,1.67,1014.7,57,27.2,18.1,1.2,21.1
"2026-07-23 10:00:00",3539,41.37689,2.216798,1,94,49,2.94,50.95,2.76,1014.8,61,27.5,19.4,1.2,21.9
"2026-07-23 10:15:00",3540,41.37691,2.216693,6,97,67,2.55,68.95,2.46,1014.9,64,27.4,20,1.2,22.3
"2026-07-23 10:30:00",3541,41.37691,2.216711,8,102,61,2.38,62.95,2.21,1015,67,27.3,20.8,1.2,22.8
"2026-07-23 10:45:00",3542,41.37693,2.216635,10,104,85,3.17,87,3.2,1015.1,69,27.4,21.2,1.2,23
"2026-07-23 11:00:00",3543,41.37701,2.216561,5,115,103,2.74,105,2.89,1015,71,27.4,21.7,1.2,23.4
"2026-07-23 11:15:00",3544,41.37704,2.216548,1,122,115,3.98,117,3.7,1015.1,74,27.3,22.2,1.2,23.6
"2026-07-23 11:30:00",3545,41.37713,2.216533,0,113,121,3.6,123,3.75,1015.1,75,27.2,22.5,1.2,23.8
"2026-07-23 11:45:00",3546,41.37707,2.216488,7,100,93,3.65,95,3.62,1015.1,76,27.3,22.7,1.2,23.9
"2026-07-23 12:00:00",3547,41.37704,2.216431,9,109,97,4.45,99,4.44,1015.2,61,27.5,19.4,1.2,21.9
"2026-07-23 12:15:00",3548,41.3771,2.216446,0,108,116,3.99,118,3.99,1015.1,64,27.4,19.9,1.2,22.2
"2026-07-23 12:30:00",3549,41.3771,2.216426,0,118,126,4.35,128,4.15,1015.2,62,27.5,19.6,1.2,22
"2026-07-23 12:45:00",3550,41.3771,2.216411,-3,117,126,4.42,128,4.5,1015.2,60,27.6,19.1,1.2,21.8
"2026-07-23 13:00:00",3551,41.3771,2.216395,-2,108,117,4.75,119,4.57,1015.1,60,27.7,19.3,1.2,22
"2026-07-23 13:15:00",3552,41.37715,2.216534,27,120,130,4.41,132,4.17,1015,56,27.5,18.2,1.2,21.2
"2026-07-23 13:30:00",3553,41.37711,2.216576,35,113,118,4.57,120,4.58,1015,64,27.6,20.2,1.2,22.4
"2026-07-23 13:45:00",3554,41.3771,2.216499,-1,122,130,4.47,132,3.96,1014.9,60,27.5,19.1,1.2,21.8
"2026-07-23 14:00:00",3555,41.37709,2.216509,-1,101,102,3.87,104,3.69,1014.8,63,27.6,20.1,1.2,22.4
"2026-07-23 14:15:00",3556,41.37709,2.216516,-2,117,118,3.97,120,3.9,1014.7,65,27.4,20.3,1.2,22.5
"2026-07-23 14:30:00",3557,41.37711,2.216518,-4,107,114,4.24,116,3.87,1014.6,64,27.4,20.1,1.2,22.3
"2026-07-23 14:45:00",3558,41.37723,2.216533,-14,118,131,3.45,133,3.52,1014.4,67,27.4,20.9,1.2,22.8
"2026-07-23 15:00:00",3559,41.37704,2.216508,10,120,111,3.13,113,2.87,1014.3,68,27.3,20.8,1.2,22.8
"2026-07-23 15:15:00",3560,41.37762,2.215911,-4,106,120,5.54,122,4.57,1014.2,72,27.4,22.1,1.2,23.6
"2026-07-23 15:30:00",3561,100,1000,7999,114,119,1000,"NAN",3.81,1014,69,27.2,21.2,1.2,22.9
"2026-07-23 15:45:00",3562,100,1000,7999,117,120,1000,"NAN",3.14,1013.9,69,27.2,21.1,1.2,22.9
"2026-07-23 16:00:00",3563,41.37723,2.216434,-2,100,120,3.74,122,3.28,1013.9,70,27.2,21.3,1.2,23
"2026-07-23 16:15:00",3564,41.37723,2.216441,-2,103,112,4.18,114,3.15,1013.7,70,27.2,21.5,1.2,23.1
"2026-07-23 16:30:00",3565,41.37717,2.216504,-2,99,101,3.19,103,3.19,1013.4,70,27.1,21.4,1.2,23.1
"2026-07-23 16:45:00",3566,100,1000,7999,93,97,1000,"NAN",3.16,1013.3,71,27.2,21.5,1.2,23.1
"2026-07-23 17:00:00",3567,41.37734,2.216277,-11,101,111,2.72,113,2.73,1013.2,70,27.2,21.3,1.2,23
"2026-07-23 17:15:00",3568,41.37728,2.216413,-7,90,120,2.81,122,2.78,1013,71,27.2,21.5,1.2,23.1
"2026-07-23 17:30:00",3569,41.37725,2.216393,-9,118,103,2.71,105,2.29,1012.9,72,27.2,21.8,1.2,23.3
"2026-07-23 17:45:00",3570,41.37717,2.216491,1,108,116,3.72,118,3.51,1012.7,73,27.2,22,1.2,23.4
"2026-07-23 18:00:00",3571,41.3772,2.216473,-3,114,117,2.76,119,2.67,1012.8,73,27.2,22,1.2,23.5
"2026-07-23 18:15:00",3572,41.37717,2.216425,-8,92,108,1.95,110,1.86,1012.7,73,27.2,21.9,1.2,23.4
"2026-07-23 18:30:00",3573,41.3771,2.216528,-1,109,92,1.75,94,1.49,1013,72,27.1,21.8,1.2,23.3
"2026-07-23 18:45:00",3574,41.37706,2.216555,0,108,90,2.46,92,2.59,1012.9,75,27.1,22.3,1.2,23.7
"2026-07-23 19:00:00",3575,41.37708,2.216532,-2,108,97,3.43,99,3.38,1013,76,27,22.5,1.2,23.7
"2026-07-23 19:15:00",3576,41.37704,2.216566,-3,97,103,3.61,105,3.51,1012.8,77,27,22.7,1.2,23.8
"2026-07-23 19:30:00",3577,41.37703,2.216573,-3,96,88,3.97,90,3.88,1012.7,76,26.9,22.3,1.2,23.6
"2026-07-23 19:45:00",3578,41.37703,2.216556,1,102,71,4.02,72.95,4.16,1012.7,77,26.9,22.6,1.2,23.8
"2026-07-23 20:00:00",3579,41.37705,2.216561,0,113,79,2.43,81,2.53,1012.6,76,27,22.4,1.2,23.6
"2026-07-23 20:15:00",3580,41.37708,2.216593,1,131,111,1.95,113,1.95,1012.5,74,27.2,22.2,1.2,23.6
"2026-07-23 20:30:00",3581,41.37705,2.216603,3,271,249,0.28,251,0.31,1012.6,73,27.6,22.3,1.2,23.8
"2026-07-23 20:45:00",3582,41.37697,2.21668,9,97,37,1.83,38.95,1.77,1012.6,74,27.2,22.2,1.2,23.6
"2026-07-23 21:00:00",3583,41.37695,2.216791,6,128,34,0.95,35.95,0.95,1012.6,74,27.2,22.2,1.2,23.6
"2026-07-23 21:15:00",3584,41.37697,2.216828,-2,148,108,1.2,110,1.17,1012.7,74,27.1,22.1,1.2,23.5
"2026-07-23 21:30:00",3585,41.377,2.216873,-4,114,72,2.51,73.95,2.52,1012.9,75,27,22.2,1.2,23.6
"2026-07-23 21:45:00",3586,41.37791,2.216513,-1,126,32,1.83,33.95,1.72,1013.2,75,27.1,22.3,1.2,23.6
"2026-07-23 22:00:00",3587,41.3716,2.219536,-3,194,350,5.75,352,1.11,1013.4,73,27,21.9,1.2,23.3
"2026-07-23 22:15:00",3588,100,1000,7999,32,123,1000,"NAN",1.08,1013.6,75,27.1,22.3,1.2,23.7
"2026-07-23 22:30:00",3589,100,1000,7999,89,167,1000,"NAN",1.11,1013.9,74,27.1,22.1,1.2,23.5
"2026-07-23 22:45:00",3590,100,1000,7999,41,150,1000,"NAN",1.31,1014.2,76,27.1,22.6,1.2,23.9
"2026-07-23 23:00:00",3591,41.37736,2.217368,5,94,201,3.11,203,3.1,1014.1,80,27.2,23.5,1.2,24.5
"2026-07-23 23:15:00",3592,41.37756,2.217215,6,101,201,3.24,203,3.21,1014.1,81,27.1,23.6,1.2,24.5
"2026-07-23 23:30:00",3593,41.37756,2.217224,4,103,215,4.48,217,4.48,1014.2,81,27.1,23.7,1.2,24.6
"2026-07-23 23:45:00",3594,41.37753,2.217305,4,97,211,2.44,213,2.43,1014.3,82,27.3,24,1.2,24.9
"2026-07-24 00:00:00",3595,41.37753,2.217361,7,104,233,3.96,235,3.94,1014.3,84,27.5,24.6,1.2,25.3
"2026-07-24 00:15:00",3596,41.37741,2.217382,0,91,226,2.56,228,2.56,1014.2,81,27.5,24.1,1.2,24.9
"2026-07-24 00:30:00",3597,41.37733,2.217441,1,94,248,1.71,250,1.63,1014.1,82,27.5,24.3,1.2,25.1
"2026-07-24 00:45:00",3598,41.37733,2.217426,1,90,233,2.2,235,2.12,1014.1,81,27.5,24,1.2,24.9
"2026-07-24 01:00:00",3599,41.37736,2.217418,3,95,232,2.82,234,2.82,1014,82,27.6,24.3,1.2,25.1
"2026-07-24 01:15:00",3600,41.37734,2.217418,1,95,250,1.49,252,1.45,1013.7,84,27.6,24.6,1.2,25.4
"2026-07-24 01:30:00",3601,41.3772,2.217398,0,145,357,2.47,359,2.47,1013.8,65,27.3,20.2,1.2,22.4
"2026-07-24 01:45:00",3602,41.37709,2.217354,2,130,349,3.03,351,3.03,1013.6,63,27.7,20.2,1.2,22.5
"2026-07-24 02:00:00",3603,41.377,2.21732,1,110,324,3.45,326,3.45,1013.4,59,27.7,19.1,1.2,21.9
"2026-07-24 02:15:00",3604,41.37703,2.217291,1,121,344,3.89,346,3.86,1013.2,58,27.6,18.8,1.2,21.6
"2026-07-24 02:30:00",3605,41.37697,2.21725,3,104,324,3.41,326,3.34,1013.1,58,27.5,18.6,1.2,21.5
"2026-07-24 02:45:00",3606,41.3769,2.217158,6,103,336,4.39,338,4.37,1012.8,61,27.9,19.8,1.2,22.3
"2026-07-24 03:00:00",3607,41.3769,2.217162,6,106,321,5.71,323,5.66,1012.7,55,27.9,18.2,1.2,21.4
"2026-07-24 03:15:00",3608,41.37687,2.217125,3,102,331,6.69,333,6.62,1012.4,52,28,17.2,1.2,20.9
"2026-07-24 03:30:00",3609,41.37685,2.217096,3,100,330,6.18,332,6.12,1012.4,54,28.2,18.1,1.2,21.5
"2026-07-24 03:45:00",3610,41.37687,2.217091,5,115,336,5.52,338,5.52,1012.4,52,28.1,17.3,1.2,21
"2026-07-24 04:00:00",3611,41.37688,2.217113,0,107,328,4.66,330,4.62,1012.3,50,28.3,16.8,1.2,20.8
"2026-07-24 04:15:00",3612,41.37689,2.217126,5,104,328,3.26,330,3.23,1012.3,55,28.3,18.5,1.2,21.8
"2026-07-24 04:30:00",3613,41.37688,2.217115,6,98,329,4.26,331,4.26,1012.2,51,28.3,17.3,1.2,21
"2026-07-24 04:45:00",3614,41.37689,2.217116,3,99,334,3.84,336,3.82,1012.1,51,28.2,17.3,1.2,21
"2026-07-24 05:00:00",3615,41.37688,2.217106,3,97,335,3.81,337,3.81,1012.2,52,28.1,17.4,1.2,21
"2026-07-24 05:15:00",3616,41.37688,2.217059,5,111,347,3.59,349,3.59,1012.5,48,28,16.2,1.2,20.4
"2026-07-24 05:30:00",3617,41.37687,2.216968,5,108,2,4.54,3.95,4.55,1012.8,53,27.7,17.2,1.2,20.8
"2026-07-24 05:45:00",3618,41.37687,2.216988,5,101,348,4.54,350,4.55,1012.7,56,27.2,17.7,1.2,20.9
"2026-07-24 06:00:00",3619,41.3769,2.2171,4,97,335,3.88,337,3.88,1012.8,57,27,18,1.2,21
"2026-07-24 06:15:00",3620,41.37694,2.217175,1,111,344,4.32,346,4.32,1012.9,60,26.7,18.5,1.2,21.1
"2026-07-24 06:30:00",3621,41.37701,2.217326,-9,97,334,3.61,336,3.6,1013,58,26.5,17.6,1.2,20.6
"2026-07-24 06:45:00",3622,41.37694,2.216968,-1,106,6,2.5,7.95,2.56,1013.3,59,26.6,18.2,1.2,20.9
"2026-07-24 07:00:00",3623,41.37694,2.216905,0,91,341,2.15,343,2.18,1013.5,56,26.8,17.5,1.2,20.6
"2026-07-24 07:15:00",3624,41.3769,2.216874,2,85,341,3.06,343,3.06,1013.5,61,26.7,18.6,1.2,21.2
"2026-07-24 07:30:00",3625,41.37688,2.216956,5,100,327,3.36,329,3.36,1013.8,58,26.5,17.8,1.2,20.7
"2026-07-24 07:45:00",3626,41.37687,2.216988,5,92,334,3.28,336,3.28,1013.9,56,26.7,17.2,1.2,20.4
"2026-07-24 08:00:00",3627,41.37687,2.216906,8,99,346,2.95,348,2.95,1013.8,57,26.8,17.6,1.2,20.7
"2026-07-24 08:15:00",3628,41.37687,2.216856,7,83,343,2.08,345,2.08,1014,58,27,18.1,1.2,21
"2026-07-24 08:30:00",3629,41.37692,2.216724,5,57,3,1.64,4.95,1.65,1014.2,55,27.4,17.5,1.2,20.8
"2026-07-24 08:45:00",3630,41.377,2.216591,3,105,59,3.26,60.95,3.46,1014.2,56,27.8,18.4,1.2,21.5
"2026-07-24 09:00:00",3631,41.37707,2.216488,1,108,94,6.33,96,6.53,1013.8,56,28.1,18.6,1.2,21.7
"2026-07-24 09:15:00",3632,41.37706,2.216518,1,95,66,4.92,67.95,5.14,1014.2,55,28.1,18.2,1.2,21.5
"2026-07-24 09:30:00",3633,41.37706,2.216518,0,99,85,4.67,87,4.54,1014.5,59,28.1,19.4,1.2,22.2
"2026-07-24 09:45:00",3634,41.37707,2.216496,-1,106,88,5.68,90,5.58,1014.3,56,28.2,18.6,1.2,21.7
"2026-07-24 10:00:00",3635,41.37708,2.216493,-2,93,68,5.74,69.95,5.48,1014.3,54,28.1,17.9,1.2,21.3
"2026-07-24 10:15:00",3636,41.3771,2.216493,-1,94,68,3.18,69.95,3.1,1014.4,55,28,18.2,1.2,21.5
"2026-07-24 10:30:00",3637,41.37714,2.216428,4,103,102,4.85,104,4.74,1014.3,53,28,17.7,1.2,21.2
"2026-07-24 10:45:00",3638,41.37716,2.216416,3,102,99,5.42,101,5.19,1014,54,27.9,17.9,1.2,21.3
"2026-07-24 11:00:00",3639,41.37719,2.216448,-1,97,105,5.28,107,5.4,1013.9,54,28,17.9,1.2,21.3
"2026-07-24 11:15:00",3640,41.37717,2.216453,-2,102,91,4.59,93,4.7,1013.8,58,28,18.9,1.2,21.9
"2026-07-24 11:30:00",3641,41.3772,2.216453,-2,103,104,6.65,106,6.85,1013.8,55,27.8,18.2,1.2,21.4
"2026-07-24 11:45:00",3642,41.37725,2.216458,-2,104,103,5.44,105,5.53,1013.8,58,27.7,18.8,1.2,21.7
"2026-07-24 12:00:00",3643,100,1000,7999,104,97,1000,"NAN",5.67,1013.7,55,27.8,18.2,1.2,21.4
"2026-07-24 12:15:00",3644,41.37713,2.216391,-1,109,93,5.03,95,4.56,1013.9,54,27.7,17.8,1.2,21.1
"2026-07-24 12:30:00",3645,41.37716,2.21638,-1,109,114,6.01,116,6.22,1013.7,55,27.7,18,1.2,21.2
"2026-07-24 12:45:00",3646,41.37719,2.216393,-1,107,101,6.79,103,6.48,1013.5,58,27.5,18.5,1.2,21.5
"2026-07-24 13:00:00",3647,41.37717,2.216443,-1,109,104,5.9,106,6.1,1013.4,63,27.5,20.1,1.2,22.3
"2026-07-24 13:15:00",3648,41.3772,2.216498,15,108,109,5.91,111,5.9,1013.6,61,27.4,19.4,1.2,21.9
"2026-07-24 13:30:00",3649,41.3772,2.216456,2,112,107,4.78,109,4.6,1013.5,64,27.2,19.9,1.2,22.1
"2026-07-24 13:45:00",3650,41.3772,2.216455,0,113,103,3.85,105,3.89,1013.5,64,27.2,19.8,1.2,22.1
"2026-07-24 14:00:00",3651,41.37719,2.216453,-1,102,109,4.54,111,4.4,1013.4,67,27.1,20.5,1.2,22.5
"2026-07-24 14:15:00",3652,41.37717,2.216478,-1,103,113,4.67,115,4.62,1013.4,66,27,20.1,1.2,22.2
"2026-07-24 14:30:00",3653,41.37717,2.216475,-3,108,107,3.89,109,3.78,1013.1,69,27,20.9,1.2,22.7
"2026-07-24 14:45:00",3654,41.37716,2.216418,4,106,105,2.59,107,2.5,1013.1,69,26.9,20.7,1.2,22.5
"2026-07-24 15:00:00",3655,41.37716,2.216446,3,117,97,3.83,99,3.93,1012.9,69,27,20.9,1.2,22.7
"2026-07-24 15:15:00",3656,41.3772,2.21644,3,100,90,2.81,92,3.03,1012.7,72,27,21.7,1.2,23.2
"2026-07-24 15:30:00",3657,41.37726,2.216411,6,117,114,3.6,116,3.62,1012.5,72,26.9,21.6,1.2,23.1
"2026-07-24 15:45:00",3658,41.37731,2.216434,8,116,107,3.54,109,3.61,1012.4,72,26.8,21.4,1.2,22.9
"2026-07-24 16:00:00",3659,41.37738,2.216449,10,86,119,3.25,121,3.54,1012.2,73,26.8,21.7,1.2,23.1
"2026-07-24 16:15:00",3660,41.3774,2.21648,-1,86,107,4.11,109,4.32,1012,74,26.9,22,1.2,23.4
"2026-07-24 16:30:00",3661,41.37741,2.216509,-5,90,117,4.04,119,4.18,1011.8,73,27,21.7,1.2,23.2
"2026-07-24 16:45:00",3662,41.37743,2.216509,-5,107,107,3.51,109,3.65,1011.6,77,27,22.7,1.2,23.9
"2026-07-24 17:00:00",3663,41.37749,2.216546,0,105,102,3.42,104,3.92,1011.7,75,26.9,22.2,1.2,23.5
"2026-07-24 17:15:00",3664,41.37749,2.216537,-2,91,86,2.38,88,2.31,1011.6,74,26.9,22,1.2,23.4
"2026-07-24 17:30:00",3665,41.37751,2.216548,-1,98,104,3.12,106,2.77,1011.5,76,27,22.6,1.2,23.8
"2026-07-24 17:45:00",3666,41.37754,2.216662,2,60,77,3.19,78.95,3.22,1011.6,75,27,22.3,1.2,23.6
"2026-07-24 18:00:00",3667,41.37753,2.216675,0,80,105,2.76,107,3.08,1011.2,76,27,22.5,1.2,23.7
"2026-07-24 18:15:00",3668,41.37746,2.2166,-3,85,92,2.99,94,2.76,1011.2,77,27,22.7,1.2,23.9
"2026-07-24 18:30:00",3669,41.37717,2.216483,1,120,106,2.99,108,2.9,1011.1,77,27,22.8,1.2,23.9
"2026-07-24 18:45:00",3670,41.37697,2.21663,1,116,45,1.9,46.95,1.89,1011.2,78,27,23,1.2,24.1
"2026-07-24 19:00:00",3671,41.3769,2.21674,1,98,45,1.52,46.95,1.78,1011.2,78,27,22.9,1.2,24
"2026-07-24 19:15:00",3672,41.37691,2.216691,-2,99,66,3.37,67.95,3.28,1010.6,78,26.9,22.8,1.2,23.9
"2026-07-24 19:30:00",3673,41.37698,2.216622,-5,108,94,3.68,96,3.87,1010.3,81,27.1,23.6,1.2,24.5
"2026-07-24 19:45:00",3674,41.37706,2.216514,1,109,101,3.28,103,3.15,1010.1,80,27,23.4,1.2,24.3
"2026-07-24 20:00:00",3675,41.37717,2.21648,0,105,119,3.58,121,3.56,1010.2,80,27.1,23.5,1.2,24.5
"2026-07-24 20:15:00",3676,41.37726,2.21646,4,114,109,2.51,111,2.49,1010.3,79,27.2,23.4,1.2,24.4
"2026-07-24 20:30:00",3677,41.37733,2.216473,4,95,124,2.58,126,2.8,1010.3,79,27.3,23.4,1.2,24.5
"2026-07-24 20:45:00",3678,41.37736,2.216508,1,81,91,2.04,93,2.21,1010.2,79,27.3,23.3,1.2,24.4
"2026-07-24 21:00:00",3679,41.37739,2.216509,-1,76,90,1.95,92,1.95,1010.2,80,27.4,23.7,1.2,24.7
"2026-07-24 21:15:00",3680,41.3774,2.216553,2,93,40,2.68,41.95,2.87,1010.1,80,27.2,23.6,1.2,24.5
"2026-07-24 21:30:00",3681,41.3773,2.216498,7,77,49,3.44,50.95,3.19,1010.2,84,26.8,23.9,1.2,24.7
"2026-07-24 21:45:00",3682,41.3772,2.216506,1,92,49,2.25,50.95,2.25,1010.2,83,26.7,23.8,1.2,24.6
"2026-07-24 22:00:00",3683,41.37712,2.216523,2,94,20,3.38,21.95,3.48,1010.1,82,26.7,23.4,1.2,24.3
"2026-07-24 22:15:00",3684,41.37705,2.216563,1,103,37,3.56,38.95,3.65,1010.1,84,26.9,24.1,1.2,24.8
"2026-07-24 22:30:00",3685,41.37696,2.216653,0,104,27,3.46,28.95,3.43,1010.2,83,26.8,23.8,1.2,24.6
"2026-07-24 22:45:00",3686,41.37697,2.216657,3,95,41,4.08,42.95,4.26,1010.3,83,26.9,23.8,1.2,24.6
"2026-07-24 23:00:00",3687,41.37701,2.216639,3,94,40,1.92,41.95,2.43,1010.2,83,27,23.9,1.2,24.7
"2026-07-24 23:15:00",3688,41.377,2.216598,2,91,32,2.31,33.95,2.32,1010.1,83,27,23.9,1.2,24.7
"2026-07-24 23:30:00",3689,41.377,2.216601,4,96,32,3.74,33.95,3.63,1010.1,81,26.9,23.5,1.2,24.4
"2026-07-24 23:45:00",3690,41.37701,2.216623,5,93,42,3.06,43.95,2.98,1010,80,27,23.4,1.2,24.3
"2026-07-25 00:00:00",3691,41.37708,2.216576,5,93,46,3.1,47.95,3.03,1009.9,80,27.1,23.5,1.2,24.4
"2026-07-25 00:15:00",3692,41.3771,2.216581,6,108,46,2.18,47.95,2.08,1010,80,27.2,23.6,1.2,24.6
"2026-07-25 00:30:00",3693,41.37707,2.2166,7,91,35,2.78,36.95,2.68,1009.9,80,27.3,23.7,1.2,24.7
"2026-07-25 00:45:00",3694,100,1000,7999,92,32,1000,"NAN",2.47,1009.7,80,27.3,23.6,1.2,24.6
"2026-07-25 01:00:00",3695,41.37678,2.216775,6,107,39,2.22,40.95,2.22,1009.6,81,27.5,23.9,1.2,24.9
"2026-07-25 01:15:00",3696,41.37681,2.216786,6,119,79,1.9,81,2.25,1009.5,79,27.4,23.5,1.2,24.5
"2026-07-25 01:30:00",3697,41.37687,2.216765,6,114,52,2.45,53.95,2.37,1009.5,78,27.5,23.5,1.2,24.5
"2026-07-25 01:45:00",3698,41.37693,2.216783,2,131,69,1,70.95,1.29,1009.3,78,27.6,23.5,1.2,24.6
"2026-07-25 02:00:00",3699,41.37691,2.216803,2,136,86,1.85,88,1.67,1009.3,77,27.6,23.4,1.2,24.5
"2026-07-25 02:15:00",3700,41.37695,2.216808,2,142,80,1.04,82,1.04,1009.1,76,27.6,23.2,1.2,24.4
"2026-07-25 02:30:00",3701,41.3769,2.216845,7,104,17,1.66,18.95,1.46,1009,77,27.7,23.3,1.2,24.5
"2026-07-25 02:45:00",3702,41.37694,2.21686,7,88,15,0.86,16.95,0.86,1009,77,27.7,23.4,1.2,24.6
"2026-07-25 03:00:00",3703,41.37701,2.216806,8,185,122,1.3,124,1.46,1008.8,77,27.8,23.4,1.2,24.6
"2026-07-25 03:15:00",3704,41.37716,2.216724,4,129,94,0.75,96,0.81,1008.7,77,27.8,23.4,1.2,24.6
"2026-07-25 03:30:00",3705,41.37741,2.216591,4,86,121,1.85,123,1.7,1008.5,77,27.7,23.5,1.2,24.6
"2026-07-25 03:45:00",3706,41.37749,2.216693,5,110,149,1.03,151,1.24,1008.5,76,27.7,23.2,1.2,24.4
"2026-07-25 04:00:00",3707,41.37752,2.21678,4,72,127,1.86,129,2.06,1008.4,77,27.8,23.5,1.2,24.7
"2026-07-25 04:15:00",3708,41.37753,2.216841,4,94,101,1.63,103,1.55,1008.3,78,27.8,23.7,1.2,24.8
"2026-07-25 04:30:00",3709,41.37753,2.216856,4,80,97,1.51,99,2,1008.3,78,27.7,23.6,1.2,24.7
"2026-07-25 04:45:00",3710,41.37753,2.216854,4,87,106,1.79,108,1.35,1008.1,79,27.8,24,1.2,25
"2026-07-25 05:00:00",3711,41.37755,2.216858,2,84,107,1.5,109,1.34,1008.1,80,27.7,24.1,1.2,25.1
"2026-07-25 05:15:00",3712,41.37753,2.216881,2,121,85,1.07,87,1.18,1008.2,79,27.6,23.7,1.2,24.7
"2026-07-25 05:30:00",3713,41.37752,2.216911,5,148,45,0.99,46.95,0.96,1008.2,79,27.7,23.8,1.2,24.9
"2026-07-25 05:45:00",3714,41.37751,2.216918,6,99,4,3.6,5.95,3.02,1008.2,81,27.7,24.1,1.2,25.1
"2026-07-25 06:00:00",3715,41.37751,2.216848,4,80,61,1.93,62.95,2.02,1008.2,80,27.6,24,1.2,25
"2026-07-25 06:15:00",3716,41.37749,2.21677,-1,93,47,1.45,48.95,1.82,1008.3,81,27.6,24,1.2,24.9
"2026-07-25 06:30:00",3717,41.37738,2.216611,0,91,42,2.27,43.95,2.38,1008.3,81,27.5,24,1.2,24.9
"2026-07-25 06:45:00",3718,41.37728,2.216523,0,90,56,2.35,57.95,2.35,1008.4,81,27.6,24.2,1.2,25.1
"2026-07-25 07:00:00",3719,41.37724,2.216473,4,85,64,2.7,65.95,2.7,1008.6,82,27.6,24.4,1.2,25.3
"2026-07-25 07:15:00",3720,41.37721,2.216466,4,110,59,3.82,60.95,3.77,1008.6,81,27.5,24.1,1.2,25
"2026-07-25 07:30:00",3721,41.37721,2.216466,4,104,95,2.82,97,3.09,1008.5,83,27.5,24.5,1.2,25.3
"2026-07-25 07:45:00",3722,41.37722,2.216461,4,92,76,2.56,77.95,2.74,1008.5,85,27.3,24.7,1.2,25.4
"2026-07-25 08:00:00",3723,41.37728,2.21648,4,90,65,1.71,66.95,1.96,1008.6,82,27.2,24,1.2,24.9
"2026-07-25 08:15:00",3724,41.37728,2.21646,-2,88,75,2.06,76.95,2.44,1008.6,82,27.5,24.2,1.2,25.1
"2026-07-25 08:30:00",3725,41.3773,2.216487,0,89,73,1.44,74.95,1.63,1008.6,79,27.6,23.7,1.2,24.8
"2026-07-25 08:45:00",3726,41.37729,2.21652,4,88,94,1.96,96,1.84,1008.7,78,27.9,23.9,1.2,24.9
"2026-07-25 09:00:00",3727,41.37726,2.216504,3,77,70,1.42,71.95,1.48,1008.8,78,28,23.9,1.2,25
"2026-07-25 09:15:00",3728,41.3773,2.216511,5,88,102,1.23,104,1.41,1008.7,76,28.1,23.5,1.2,24.7
"2026-07-25 09:30:00",3729,41.37729,2.216463,6,91,110,4.84,112,4.72,1008.7,77,27.4,23.1,1.2,24.3
"2026-07-25 09:45:00",3730,41.37728,2.216456,6,104,105,6.55,107,6.79,1008.6,76,27.5,23,1.2,24.2
"2026-07-25 10:00:00",3731,41.37729,2.216443,13,101,107,4.52,109,4.3,1008.5,78,27.4,23.4,1.2,24.4
"2026-07-25 10:15:00",3732,41.37726,2.216455,11,99,101,7.2,103,7.05,1008.5,79,27.2,23.2,1.2,24.3
"2026-07-25 10:30:00",3733,41.37693,2.216101,6,99,98,5.21,100,4.76,1008.5,79,26.9,23.1,1.2,24.1
"2026-07-25 10:45:00",3734,100,1000,7999,114,111,1000,"NAN",5.02,1008.6,79,27,23,1.2,24.1
"2026-07-25 11:00:00",3735,41.3773,2.216458,4,104,118,4.06,120,4.8,1008.6,77,27,22.8,1.2,23.9
"2026-07-25 11:15:00",3736,41.37734,2.21648,4,94,119,3.35,121,3.86,1008.7,78,27,22.9,1.2,24
"2026-07-25 11:30:00",3737,41.37745,2.216516,4,98,146,3.19,148,3.39,1008.7,80,27,23.4,1.2,24.3
"2026-07-25 11:45:00",3738,41.37738,2.216446,4,90,121,5.22,123,5.07,1008.6,81,26.7,23.2,1.2,24.2
"2026-07-25 12:00:00",3739,100,1000,7999,92,125,1000,"NAN",4.92,1008.7,75,26.7,22.1,1.2,23.4
"2026-07-25 12:15:00",3740,41.37744,2.216488,4,113,138,4.94,140,4.77,1008.7,73,26.9,21.9,1.2,23.3
"2026-07-25 12:30:00",3741,100,1000,7999,85,123,1000,"NAN",5,1008.7,75,27.1,22.5,1.2,23.8
"2026-07-25 12:45:00",3742,100,1000,7999,96,116,1000,"NAN",5.02,1008.6,77,27.1,22.8,1.2,24
"2026-07-25 13:00:00",3743,41.37751,2.216563,4,110,122,4.1,124,4.13,1008.5,76,27,22.5,1.2,23.7
"2026-07-25 13:15:00",3744,41.37752,2.216578,4,104,113,6.27,115,6.57,1008.4,77,27,22.6,1.2,23.8
"2026-07-25 13:30:00",3745,41.37749,2.216556,4,101,126,6.13,128,5.87,1008.3,78,27.2,23.2,1.2,24.2
"2026-07-25 13:45:00",3746,41.37748,2.216556,0,96,127,7.58,129,7.98,1008.1,77,26.8,22.6,1.2,23.8
"2026-07-25 14:00:00",3747,41.37749,2.216568,0,96,132,7.4,134,7.3,1008.1,80,27,23.2,1.2,24.2
"2026-07-25 14:15:00",3748,41.37751,2.216566,0,93,124,6.52,126,6.02,1008.1,81,27,23.5,1.2,24.4
"2026-07-25 14:30:00",3749,41.37754,2.216565,-3,103,132,6.2,134,6.27,1008.2,80,26.8,23.1,1.2,24.1
"2026-07-25 14:45:00",3750,41.37753,2.21655,4,98,133,6.52,135,5.97,1008.1,81,26.9,23.4,1.2,24.3
"2026-07-25 15:00:00",3751,41.37756,2.21662,2,95,135,5.63,137,5.7,1008.1,81,26.8,23.3,1.2,24.3
"2026-07-25 15:15:00",3752,41.37756,2.216605,4,98,122,4.96,124,5.39,1008.2,81,26.8,23.4,1.2,24.3
"2026-07-25 15:30:00",3753,41.37754,2.216605,4,101,124,5.17,126,4.58,1008.3,81,26.8,23.5,1.2,24.4
"2026-07-25 15:45:00",3754,41.37751,2.21659,-1,98,109,6.03,111,6.23,1008.3,84,27,24,1.2,24.8
"2026-07-25 16:00:00",3755,41.37752,2.216596,0,106,133,6.94,135,6.67,1008.2,84,26.9,24,1.2,24.8
"2026-07-25 16:15:00",3756,41.37751,2.216583,-2,95,127,6.34,129,6.41,1008,84,26.8,23.9,1.2,24.7
"2026-07-25 16:30:00",3757,41.37752,2.216601,-2,91,122,5.56,124,5.62,1008,84,26.8,24,1.2,24.7
"2026-07-25 16:45:00",3758,41.37755,2.216623,0,91,127,5.86,129,5.76,1007.9,84,26.9,24.1,1.2,24.9
"2026-07-25 17:00:00",3759,41.37753,2.216578,0,88,124,5.05,126,5.15,1007.8,83,26.8,23.7,1.2,24.5
"2026-07-25 17:15:00",3760,41.37752,2.216537,-1,89,110,7.1,112,6.84,1007.9,84,27,24.2,1.2,24.9
"2026-07-25 17:30:00",3761,41.37751,2.216478,-2,101,110,6.74,112,5.99,1008,84,27,24.2,1.2,25
"2026-07-25 17:45:00",3762,41.37752,2.216506,-1,101,108,6.26,110,6.02,1008.1,83,27,24,1.2,24.7
"2026-07-25 18:00:00",3763,41.37743,2.216453,-1,106,110,6.08,112,5.92,1008.1,82,27,23.9,1.2,24.7
"2026-07-25 18:15:00",3764,41.37741,2.216485,0,97,113,5.86,115,5.74,1008.1,83,27.1,23.9,1.2,24.7
"2026-07-25 18:30:00",3765,41.37743,2.216485,3,97,116,7.13,118,6.75,1008.1,81,27.2,23.8,1.2,24.7
"2026-07-25 18:45:00",3766,41.37733,2.216453,-1,107,105,8.18,107,7.72,1008.2,83,26.8,23.8,1.2,24.6
"2026-07-25 19:00:00",3767,41.37736,2.216451,0,107,115,8.65,117,8.4,1008.1,82,26.9,23.7,1.2,24.5
"2026-07-25 19:15:00",3768,41.37733,2.216463,-1,100,107,6.91,109,7.1,1008.3,83,26.9,24,1.2,24.7
"2026-07-25 19:30:00",3769,41.37734,2.216426,3,110,123,8.89,125,8.59,1008.4,82,27,23.7,1.2,24.6
"2026-07-25 19:45:00",3770,41.37729,2.21644,0,101,109,6.77,111,7.51,1008.3,82,26.8,23.5,1.2,24.4
"2026-07-25 20:00:00",3771,41.37736,2.216466,0,98,129,7.41,131,7.45,1008.3,81,26.8,23.4,1.2,24.3
"2026-07-25 20:15:00",3772,41.37736,2.216473,2,79,114,5.53,116,5.68,1008.6,83,26.9,23.9,1.2,24.7
"2026-07-25 20:30:00",3773,41.37728,2.216433,1,92,96,7.12,98,7.02,1008.9,83,26.6,23.5,1.2,24.3
"2026-07-25 20:45:00",3774,41.37723,2.21643,0,89,101,7.6,103,8.21,1009,85,26.5,23.9,1.2,24.6
"2026-07-25 21:00:00",3775,41.37725,2.216426,0,119,98,6.55,100,6.45,1009,82,26.6,23.4,1.2,24.2
"2026-07-25 21:15:00",3776,41.37725,2.216431,-1,89,107,5.42,109,5.63,1008.8,81,26.5,23.2,1.2,24
"2026-07-25 21:30:00",3777,41.37728,2.216426,0,110,111,5.97,113,6.27,1009,82,26.5,23.4,1.2,24.2
"2026-07-25 21:45:00",3778,41.37723,2.21643,0,102,92,4.58,94,4.61,1009.4,83,26.6,23.5,1.2,24.3
"2026-07-25 22:00:00",3779,41.37714,2.216441,-3,98,83,4.96,85,4.87,1009.8,81,26.6,23.1,1.2,24
"2026-07-25 22:15:00",3780,41.37712,2.21644,0,93,62,5.81,63.95,5.63,1009.7,80,26.7,23,1.2,24
"2026-07-25 22:30:00",3781,41.3769,2.216578,0,92,328,6.95,330,6.63,1010.3,82,26.1,22.9,1.2,23.8
"2026-07-25 22:45:00",3782,100,1000,7999,107,122,1000,"NAN",4.99,1010.4,73,23.3,18.2,1.2,19.7
"2026-07-25 23:00:00",3783,41.37728,2.216453,0,123,134,5.04,136,4.96,1010.4,66,25.4,18.6,1.2,20.7
"2026-07-25 23:15:00",3784,41.37733,2.216421,0,95,113,3.14,115,2.67,1010.5,69,25.4,19.5,1.2,21.3
"2026-07-25 23:30:00",3785,100,1000,7999,98,74,1000,"NAN",0.39,1010.7,67,25.5,18.9,1.2,21
"2026-07-25 23:45:00",3786,100,1000,7999,66,37,1000,"NAN",1.79,1010.9,69,25.9,19.9,1.2,21.7
"2026-07-26 00:00:00",3787,100,1000,7999,100,356,1000,"NAN",3.49,1010.8,78,25.1,21,1.2,22.1
"2026-07-26 00:15:00",3788,100,1000,7999,108,347,1000,"NAN",4.15,1011,79,25.1,21.2,1.2,22.3
"2026-07-26 00:30:00",3789,41.37685,2.216889,4,97,323,4.29,325,4.47,1011,78,24.7,20.7,1.2,21.9
"2026-07-26 00:45:00",3790,41.37687,2.216975,3,99,317,4.08,319,3.82,1011.1,79,24.9,21,1.2,22.1
"2026-07-26 01:00:00",3791,41.37685,2.216981,5,102,334,4.34,336,4.24,1011,81,25.1,21.6,1.2,22.6
"2026-07-26 01:15:00",3792,41.37687,2.216984,3,101,319,3.42,321,3.55,1011.4,81,25,21.5,1.2,22.5
"2026-07-26 01:30:00",3793,41.37687,2.216986,3,96,315,3.65,317,3.77,1011.5,81,25.1,21.6,1.2,22.6
"2026-07-26 01:45:00",3794,41.37687,2.216876,2,102,339,3.15,341,3.02,1011.1,82,25.2,21.9,1.2,22.8
"2026-07-26 02:00:00",3795,41.37689,2.216796,4,96,334,2.45,336,2.48,1011.4,80,25.2,21.6,1.2,22.6
"2026-07-26 02:15:00",3796,41.37689,2.216781,3,87,349,2.71,351,2.77,1011.2,81,25,21.7,1.2,22.6
"2026-07-26 02:30:00",3797,41.37689,2.216765,5,100,329,4.25,331,3.96,1011.1,83,24.9,21.9,1.2,22.7
"2026-07-26 02:45:00",3798,41.37689,2.216805,6,62,287,2.14,289,2.04,1011.6,82,25,21.7,1.2,22.6
"2026-07-26 03:00:00",3799,41.3769,2.216753,8,20,297,1.27,299,1.11,1011.8,80,25.3,21.7,1.2,22.7
"2026-07-26 03:15:00",3800,41.37696,2.216665,8,0,261,0.71,263,0.9,1011.8,80,25.7,22.1,1.2,23.1
"2026-07-26 03:30:00",3801,41.37697,2.216646,5,28,298,0.86,300,0.81,1011.7,78,25.7,21.6,1.2,22.7
"2026-07-26 03:45:00",3802,41.37703,2.2166,6,109,212,1.64,214,1.6,1011.8,77,25.9,21.5,1.2,22.8
"2026-07-26 04:00:00",3803,41.37726,2.216581,6,94,197,5.88,199,6.01,1011.5,81,25.3,21.8,1.2,22.8
"2026-07-26 04:15:00",3804,41.37759,2.216898,4,93,180,4.48,182,4.68,1011.6,79,25.6,21.7,1.2,22.8
"2026-07-26 04:30:00",3805,41.37756,2.21674,4,105,169,5.67,171,5.58,1011.6,74,25.6,20.8,1.2,22.2
"2026-07-26 04:45:00",3806,41.37753,2.216681,4,96,157,3.74,159,3.43,1011.9,69,25.9,19.9,1.2,21.7
"2026-07-26 05:00:00",3807,41.37753,2.216687,6,119,181,4.39,183,4.36,1012.1,73,25.9,20.8,1.2,22.3
"2026-07-26 05:15:00",3808,41.37757,2.216818,5,121,173,3.42,175,3.48,1012.3,74,25.9,21,1.2,22.4
"2026-07-26 05:30:00",3809,41.37759,2.216879,8,105,201,2.22,203,2.61,1012.5,75,25.5,20.8,1.2,22.1
"2026-07-26 05:45:00",3810,41.37752,2.217059,5,138,282,3.27,284,3.19,1012.5,57,25.6,16.7,1.2,19.7
"2026-07-26 06:00:00",3811,41.37738,2.217406,5,101,284,4.65,286,4.43,1012.4,58,25.5,16.8,1.2,19.8
"2026-07-26 06:15:00",3812,41.37704,2.217326,13,121,322,4.31,324,4.19,1012.2,57,25,16,1.2,19.1
"2026-07-26 06:30:00",3813,41.37695,2.217333,7,104,313,6.39,315,6.1,1012.3,57,24.6,15.5,1.2,18.7
"2026-07-26 06:45:00",3814,41.37692,2.217275,-1,92,310,5.1,312,4.92,1012.2,57,24.4,15.6,1.2,18.7
"2026-07-26 07:00:00",3815,41.37694,2.217245,0,98,309,4.25,311,4.08,1012.2,58,24.3,15.5,1.2,18.6
"2026-07-26 07:15:00",3816,41.37691,2.217238,-2,109,320,4.18,322,4.32,1012.3,59,23.9,15.4,1.2,18.4
"2026-07-26 07:30:00",3817,41.37689,2.217247,-1,94,302,7.51,304,7.32,1012.5,62,23.8,16.3,1.2,18.9
"2026-07-26 07:45:00",3818,41.3769,2.217228,-1,94,304,5.42,306,5.13,1012.6,61,23.6,15.7,1.2,18.4
"2026-07-26 08:00:00",3819,41.37695,2.217295,-1,91,312,5.95,314,6.13,1012.8,64,23.6,16.5,1.2,18.9
"2026-07-26 08:15:00",3820,41.37695,2.217291,-1,95,302,4.92,304,5.02,1012.6,60,23.3,15.3,1.2,18.1
"2026-07-26 08:30:00",3821,41.37695,2.217291,0,87,295,4.66,297,4.46,1012.6,65,23.5,16.6,1.2,18.9
"2026-07-26 08:45:00",3822,41.37689,2.217201,3,104,317,8.57,319,8.38,1012.7,62,23.4,15.8,1.2,18.4
"2026-07-26 09:00:00",3823,41.37693,2.217266,1,105,305,6.69,307,6.69,1013,64,23.5,16.5,1.2,18.8
"2026-07-26 09:15:00",3824,41.37694,2.217275,3,117,304,5.71,306,5.71,1013.2,62,23.5,15.8,1.2,18.4
"2026-07-26 09:30:00",3825,41.3769,2.217215,3,103,306,5.43,308,5.43,1013.3,62,23.6,16.1,1.2,18.6
"2026-07-26 09:45:00",3826,41.37695,2.217312,1,116,315,5.55,317,5.57,1013.5,61,23.9,16.1,1.2,18.8
"2026-07-26 10:00:00",3827,41.37687,2.217182,5,107,330,6.41,332,6.48,1013.5,66,23.8,17.2,1.2,19.4
"2026-07-26 10:15:00",3828,41.37688,2.217185,3,96,306,5.62,308,5.64,1013.8,62,24.1,16.5,1.2,19.1
"2026-07-26 10:30:00",3829,41.37688,2.217138,0,93,316,5.5,318,5.68,1013.8,61,23.9,15.9,1.2,18.7
"2026-07-26 10:45:00",3830,100,1000,7999,99,330,1000,"NAN",4.83,1014,63,24.2,16.9,1.2,19.3
"2026-07-26 11:00:00",3831,100,1000,7999,108,319,1000,"NAN",5.77,1014.2,59,24.4,16,1.2,18.9
"2026-07-26 11:15:00",3832,41.37689,2.217115,1,97,328,5.46,330,5.46,1014.3,58,24.7,15.9,1.2,19
"2026-07-26 11:30:00",3833,41.37691,2.217115,1,90,313,1.64,315,1.97,1014.2,55,25.2,15.5,1.2,18.9
"2026-07-26 11:45:00",3834,41.37694,2.217165,0,89,264,1.65,266,1.56,1014.2,54,25.6,15.6,1.2,19.2
"2026-07-26 12:00:00",3835,100,1000,7999,5,245,1000,"NAN",1.03,1014.4,54,26.2,16.2,1.2,19.7
"2026-07-26 12:15:00",3836,41.37694,2.217134,4,61,208,1.65,210,1.56,1014.2,56,26.4,17,1.2,20.2
"2026-07-26 12:30:00",3837,41.37701,2.217203,4,114,180,1.91,182,1.91,1014.2,52,26.3,15.9,1.2,19.6
"2026-07-26 12:45:00",3838,41.37704,2.217162,4,110,169,3.59,171,3.53,1014.2,55,26.2,16.4,1.2,19.8
"2026-07-26 13:00:00",3839,41.37741,2.216923,2,97,164,4.38,166,4.21,1014,56,26.1,16.9,1.2,20
"2026-07-26 13:15:00",3840,41.37759,2.2168,1,111,176,6.13,178,6.08,1013.9,60,26,17.7,1.2,20.4
"2026-07-26 13:30:00",3841,41.37758,2.216763,1,111,184,4.37,186,4.32,1013.9,60,25.9,17.6,1.2,20.4
"2026-07-26 13:45:00",3842,41.37762,2.216836,2,104,176,5.68,178,5.6,1014,60,25.9,17.7,1.2,20.4
"2026-07-26 14:00:00",3843,41.3776,2.21679,2,100,175,4.78,177,4.78,1014.1,63,25.9,18.5,1.2,20.8
"2026-07-26 14:15:00",3844,41.37762,2.21675,0,115,185,4.74,187,4.71,1013.9,67,26,19.5,1.2,21.5
"2026-07-26 14:30:00",3845,41.37764,2.216826,2,107,188,5.41,190,5.43,1013.9,65,26,18.9,1.2,21.2
"2026-07-26 14:45:00",3846,41.37759,2.216846,8,94,174,5.13,176,5.43,1013.7,65,26.1,19.1,1.2,21.3
"2026-07-26 15:00:00",3847,41.37762,2.21679,3,96,164,4.62,166,4.91,1013.7,66,26.1,19.4,1.2,21.5
"2026-07-26 15:15:00",3848,41.37762,2.216801,3,116,183,7.14,185,7.25,1013.6,70,26.3,20.5,1.2,22.2
"2026-07-26 15:30:00",3849,41.37762,2.216861,2,99,184,5.88,186,6.06,1013.5,69,26.3,20.2,1.2,22
"2026-07-26 15:45:00",3850,41.37762,2.216888,1,108,189,7.65,191,7.65,1013.4,68,26.4,20.2,1.2,22.1
"2026-07-26 16:00:00",3851,41.37762,2.216923,2,110,180,7.88,182,7.34,1013.2,66,26.4,19.6,1.2,21.7
"2026-07-26 16:15:00",3852,41.37762,2.216956,1,96,185,6.84,187,6.52,1013.3,71,26.8,21.2,1.2,22.8
"2026-07-26 16:30:00",3853,41.37762,2.21696,3,102,199,6.25,201,6.2,1013.3,68,26.8,20.6,1.2,22.5
"2026-07-26 16:45:00",3854,41.37764,2.21703,3,88,188,6.44,190,6.43,1013.3,66,27,20.2,1.2,22.3
"2026-07-26 17:00:00",3855,41.37764,2.217018,3,106,193,6.8,195,6.79,1013.5,70,27.1,21.3,1.2,22.9
"2026-07-26 17:15:00",3856,41.37764,2.217068,2,102,188,8.28,190,7.82,1013.5,67,27.2,20.7,1.2,22.6
"2026-07-26 17:30:00",3857,41.37764,2.217098,3,103,204,7.82,206,7.75,1013.6,65,27.2,20.3,1.2,22.4
"2026-07-26 17:45:00",3858,41.37764,2.217049,3,101,194,8.35,196,8.15,1013.7,67,27.2,20.7,1.2,22.6
"2026-07-26 18:00:00",3859,41.37762,2.216999,3,116,205,6.28,207,6.34,1013.8,64,27.3,19.9,1.2,22.2
"2026-07-26 18:15:00",3860,41.37764,2.21695,2,118,200,6.22,202,6.17,1013.8,61,27.3,19.3,1.2,21.8
"2026-07-26 18:30:00",3861,41.37762,2.216919,3,108,174,6.34,176,6.43,1013.9,62,27.3,19.4,1.2,21.9
"2026-07-26 18:45:00",3862,41.37764,2.216913,3,95,169,6.66,171,6.37,1013.9,62,27.4,19.4,1.2,21.9
"2026-07-26 19:00:00",3863,41.37762,2.216876,5,90,161,3.84,163,3.93,1014,61,27.5,19.5,1.2,22
"2026-07-26 19:15:00",3864,41.37762,2.216845,2,88,168,4.42,170,4.64,1014.1,58,27.4,18.6,1.2,21.5
"2026-07-26 19:30:00",3865,41.37762,2.216798,6,100,172,5.03,174,5.31,1014,63,27.5,20,1.2,22.3
"2026-07-26 19:45:00",3866,41.37761,2.216766,1,97,162,6.04,164,5.55,1014.1,60,27.4,19.1,1.2,21.7
"2026-07-26 20:00:00",3867,41.37757,2.216709,3,90,160,4.47,162,4.63,1014.2,68,27.5,21.1,1.2,23
"2026-07-26 20:15:00",3868,41.37757,2.216711,2,91,161,4.35,163,4.1,1014.4,68,27.3,20.8,1.2,22.8
"2026-07-26 20:30:00",3869,41.37759,2.216665,5,114,163,5.99,165,6.42,1014.4,69,27,21,1.2,22.8
"2026-07-26 20:45:00",3870,41.37756,2.216668,1,89,160,5.66,162,5.52,1014.5,71,27,21.4,1.2,23
"2026-07-26 21:00:00",3871,41.37751,2.216631,1,105,173,6.4,175,6.36,1014.5,70,26.9,21.1,1.2,22.8
"2026-07-26 21:15:00",3872,41.37753,2.21663,3,91,166,4.79,168,4.98,1014.6,70,26.8,21,1.2,22.7
"2026-07-26 21:30:00",3873,41.37752,2.216584,4,94,169,4.62,171,4.79,1014.8,73,27,21.8,1.2,23.3
"2026-07-26 21:45:00",3874,41.37785,2.216475,6,97,162,3.34,164,3.77,1015.1,71,27,21.4,1.2,23
"2026-07-26 22:00:00",3875,100,1000,7999,112,165,1000,"NAN",5.73,1015.2,69,26.9,20.7,1.2,22.6
"2026-07-26 22:15:00",3876,100,1000,7999,99,168,1000,"NAN",3.94,1015.5,69,26.9,21,1.2,22.7
"2026-07-26 22:30:00",3877,100,1000,7999,102,177,1000,"NAN",4.39,1015.7,69,27,21.1,1.2,22.8
"2026-07-26 22:45:00",3878,100,1000,7999,99,170,1000,"NAN",5.26,1015.8,70,27.1,21.3,1.2,23
"2026-07-26 23:00:00",3879,41.37754,2.216713,3,102,171,3.42,173,3.74,1015.9,70,27.1,21.3,1.2,23
"2026-07-26 23:15:00",3880,41.37756,2.216735,3,116,181,3.98,183,3.94,1016,66,27.2,20.5,1.2,22.6
"2026-07-26 23:30:00",3881,100,1000,7999,98,179,1000,"NAN",4.91,1016.1,69,27.3,21.1,1.2,22.9
"2026-07-26 23:45:00",3882,100,1000,7999,101,170,1000,"NAN",3.78,1016,67,27.3,20.7,1.2,22.6
"2026-07-27 00:00:00",3883,100,1000,7999,97,176,1000,"NAN",4.64,1016.1,65,27.5,20.5,1.2,22.6
"2026-07-27 00:15:00",3884,41.37748,2.216731,2,103,188,6.82,190,6.32,1016.2,68,27.5,21.1,1.2,23
"2026-07-27 00:30:00",3885,41.37757,2.216926,1,105,207,6.93,209,6.54,1016.3,70,27.7,21.8,1.2,23.5
"2026-07-27 00:45:00",3886,41.37759,2.217085,0,96,204,4.34,206,4.37,1016.2,71,27.7,22.1,1.2,23.7
"2026-07-27 01:00:00",3887,41.37756,2.217165,2,89,200,5.52,202,5.28,1016.2,68,27.5,21.2,1.2,23
"2026-07-27 01:15:00",3888,41.37759,2.217129,1,110,215,5.02,217,5.04,1016.2,69,27.5,21.4,1.2,23.2
"2026-07-27 01:30:00",3889,41.37759,2.217088,3,97,203,5.81,205,5.49,1016.2,70,27.4,21.5,1.2,23.2
"2026-07-27 01:45:00",3890,41.37761,2.217053,5,98,208,4.35,210,4.45,1016.1,70,27.3,21.3,1.2,23.1
"2026-07-27 02:00:00",3891,41.37762,2.216999,4,100,190,3.04,192,3.11,1016.1,72,27.3,22,1.2,23.5
"2026-07-27 02:15:00",3892,41.37765,2.216803,1,102,185,4.81,187,5.02,1016,73,27.2,21.9,1.2,23.4
"2026-07-27 02:30:00",3893,41.37761,2.216813,4,84,188,4.51,190,4.25,1016,75,27.1,22.3,1.2,23.6
"2026-07-27 02:45:00",3894,41.37754,2.216715,6,106,176,4.68,178,5.02,1015.8,75,27,22.3,1.2,23.6
"2026-07-27 03:00:00",3895,41.37746,2.216648,4,96,159,4.13,161,4.39,1015.7,77,27.1,22.7,1.2,23.9
"2026-07-27 03:15:00",3896,41.37746,2.216635,7,92,162,3.84,164,3.68,1015.7,77,27,22.8,1.2,23.9
"2026-07-27 03:30:00",3897,41.37746,2.216608,8,101,162,4.55,164,4.56,1015.7,76,27,22.6,1.2,23.8
"2026-07-27 03:45:00",3898,41.37748,2.216641,6,99,166,4.23,168,4.34,1015.8,75,27.1,22.4,1.2,23.7
"2026-07-27 04:00:00",3899,41.37736,2.216662,4,296,12,0.94,13.95,1.27,1015.9,77,26,21.7,1.2,22.9
"2026-07-27 04:15:00",3900,41.37685,2.216841,4,100,346,5.58,348,5.71,1015.9,80,25.4,21.7,1.2,22.7
"2026-07-27 04:30:00",3901,41.37685,2.216919,4,96,340,3.22,342,3.09,1015.8,79,25,21.1,1.2,22.2
"2026-07-27 04:45:00",3902,41.37684,2.216931,4,100,336,5,338,4.8,1015.9,79,24.9,21.1,1.2,22.1
"2026-07-27 05:00:00",3903,41.37684,2.216938,5,97,337,5.44,339,5.63,1015.9,80,24.9,21.3,1.2,22.3
"2026-07-27 05:15:00",3904,41.37685,2.216931,6,103,330,5.73,332,5.57,1016,80,24.9,21.4,1.2,22.4
"2026-07-27 05:30:00",3905,41.37684,2.216876,6,105,327,5.1,329,5.32,1016,80,24.9,21.4,1.2,22.3
"2026-07-27 05:45:00",3906,41.37682,2.216868,4,100,340,5.94,342,5.94,1016,79,24.7,21,1.2,22
"2026-07-27 06:00:00",3907,41.37684,2.216848,2,99,339,4.84,341,4.79,1016,81,24.9,21.6,1.2,22.5
"2026-07-27 06:15:00",3908,41.37684,2.216849,0,99,335,6.15,337,6.09,1016.2,80,24.9,21.2,1.2,22.2
"2026-07-27 06:30:00",3909,41.37687,2.216709,0,103,19,4,20.95,4,1016.3,79,24.7,20.9,1.2,22
"2026-07-27 06:45:00",3910,41.37684,2.216726,1,95,347,5.12,349,5.09,1016.4,77,24.9,20.7,1.2,21.9
"2026-07-27 07:00:00",3911,41.37687,2.216715,2,99,345,5.4,347,5.35,1016.5,76,24.9,20.5,1.2,21.7
"2026-07-27 07:15:00",3912,41.37685,2.216757,2,103,329,6.13,331,6.23,1016.6,73,24.8,19.7,1.2,21.2
"2026-07-27 07:30:00",3913,41.37685,2.216763,0,92,357,5.86,359,5.87,1016.6,73,24.9,19.8,1.2,21.3
"2026-07-27 07:45:00",3914,41.37684,2.216803,1,96,350,5.48,352,5.52,1016.7,70,24.9,19.2,1.2,20.9
"2026-07-27 08:00:00",3915,41.37679,2.21702,2,89,332,4.83,334,4.92,1016.9,70,24.9,19.3,1.2,21
"2026-07-27 08:15:00",3916,41.37695,2.216456,9,107,338,5.21,340,5.27,1017,67,24.9,18.4,1.2,20.4
"2026-07-27 08:30:00",3917,41.37684,2.216878,6,98,325,5.55,327,5.73,1017.1,69,24.9,18.9,1.2,20.7
"2026-07-27 08:45:00",3918,41.37684,2.216868,5,87,332,4.74,334,4.76,1017.5,69,25.1,19.2,1.2,21
"2026-07-27 09:00:00",3919,41.37684,2.216832,3,93,349,4.21,351,4.28,1017.7,69,25.2,19.2,1.2,21
"2026-07-27 09:15:00",3920,41.37684,2.216796,5,94,3,4.64,4.95,4.6,1017.7,67,25.2,18.8,1.2,20.8
"2026-07-27 09:30:00",3921,41.37688,2.21674,2,100,25,3.48,26.95,3.48,1017.8,69,25.4,19.3,1.2,21.2
"2026-07-27 09:45:00",3922,41.37692,2.216676,4,80,17,2.39,18.95,2.41,1017.9,69,25.4,19.4,1.2,21.2
"2026-07-27 10:00:00",3923,41.37694,2.216649,3,85,29,3.15,30.95,3.11,1017.9,70,25.4,19.6,1.2,21.3
"2026-07-27 10:15:00",3924,41.377,2.21655,3,97,47,4.08,48.95,3.82,1018,75,25.6,20.9,1.2,22.2
"2026-07-27 10:30:00",3925,41.37703,2.216511,3,110,84,3.06,86,2.89,1018,73,25.5,20.4,1.2,21.9
"2026-07-27 10:45:00",3926,41.3771,2.216466,2,105,84,4.02,86,3.58,1018.1,74,25.4,20.5,1.2,21.9
"2026-07-27 11:00:00",3927,41.37713,2.216445,3,106,102,5.13,104,4.65,1018.2,77,25.6,21.5,1.2,22.7
"2026-07-27 11:15:00",3928,41.37716,2.216428,4,108,115,6.14,117,5.7,1018.2,75,25.3,20.7,1.2,22
"2026-07-27 11:30:00",3929,41.37717,2.216448,4,106,106,4.74,108,5.12,1018.3,75,25.2,20.5,1.2,21.9
"2026-07-27 11:45:00",3930,41.37717,2.21642,4,105,113,3.5,115,3.78,1018.3,75,25.4,20.8,1.2,22.1
"2026-07-27 12:00:00",3931,41.37723,2.216433,5,100,96,4.51,98,4.89,1018.3,74,25.4,20.6,1.2,22
"2026-07-27 12:15:00",3932,41.37726,2.21644,5,108,135,6.39,137,6.27,1018.4,75,25.5,20.8,1.2,22.2
"2026-07-27 12:30:00",3933,41.3773,2.216445,5,95,120,6.23,122,6.14,1018.3,75,25.3,20.6,1.2,22
"2026-07-27 12:45:00",3934,41.3773,2.216441,5,115,119,4.96,121,5.05,1018.3,76,25.3,20.9,1.2,22.2
"2026-07-27 13:00:00",3935,41.37733,2.216456,3,104,114,5.8,116,5.75,1018.3,76,25.4,20.9,1.2,22.2
"2026-07-27 13:15:00",3936,41.37738,2.216453,5,93,121,4.03,123,3.98,1018.4,76,25.4,21,1.2,22.3
"2026-07-27 13:30:00",3937,41.3774,2.216475,2,95,112,5.43,114,5.22,1018.2,76,25.4,20.9,1.2,22.2
"2026-07-27 13:45:00",3938,41.37744,2.216496,1,104,132,4.35,134,4.37,1018.2,79,25.6,21.7,1.2,22.8
"2026-07-27 14:00:00",3939,41.37748,2.216534,1,90,116,4.41,118,4.55,1018.2,78,25.6,21.6,1.2,22.7
"2026-07-27 14:15:00",3940,41.37754,2.216569,0,93,115,5.05,117,5.01,1018,79,25.7,21.7,1.2,22.8
"2026-07-27 14:30:00",3941,41.37754,2.216591,0,95,132,5.67,134,5.66,1017.9,79,25.8,22,1.2,23
"2026-07-27 14:45:00",3942,41.37756,2.21663,0,101,139,5.74,141,5.67,1017.8,80,25.9,22.3,1.2,23.2
"2026-07-27 15:00:00",3943,41.37754,2.216673,4,106,135,5.16,137,5.36,1017.7,83,26.2,23.2,1.2,24
"2026-07-27 15:15:00",3944,41.37756,2.216695,3,97,142,5.44,144,5.68,1017.7,82,26.1,22.9,1.2,23.7
"2026-07-27 15:30:00",3945,41.37752,2.216803,5,103,151,6.13,153,6.24,1017.5,83,26.2,23.1,1.2,23.9
"2026-07-27 15:45:00",3946,41.37762,2.216648,-3,110,138,5.57,140,5.86,1017.5,83,26.3,23.2,1.2,24.1
"2026-07-27 16:00:00",3947,41.37759,2.216698,-3,100,147,5.82,149,5.8,1017.3,83,26.7,23.6,1.2,24.4
"2026-07-27 16:15:00",3948,41.37762,2.216738,-3,91,138,4.67,140,4.22,1017.1,83,26.8,23.7,1.2,24.5
"2026-07-27 16:30:00",3949,41.37762,2.216793,-2,106,153,4.62,155,4.59,1017,80,26.8,23.2,1.2,24.2
"2026-07-27 16:45:00",3950,41.37768,2.216796,2,106,148,6.96,150,6.67,1017,81,27.1,23.7,1.2,24.6
"2026-07-27 17:00:00",3951,41.37764,2.216806,0,88,147,4.98,149,5.08,1016.9,81,27.2,23.7,1.2,24.6
"2026-07-27 17:15:00",3952,41.37768,2.216823,1,94,139,4.59,141,4.2,1016.8,80,27.3,23.7,1.2,24.6
"2026-07-27 17:30:00",3953,41.37764,2.217059,1,105,207,3.04,209,3.59,1016.7,79,27.4,23.5,1.2,24.5
"2026-07-27 17:45:00",3954,41.37764,2.21708,0,94,204,4.54,206,4.47,1016.6,77,27.2,22.8,1.2,24
"2026-07-27 18:00:00",3955,41.37761,2.21714,2,93,204,5.28,206,5.35,1016.7,71,27.2,21.6,1.2,23.2
"2026-07-27 18:15:00",3956,41.37762,2.217123,1,105,207,5.37,209,5.04,1016.5,69,27.5,21.3,1.2,23.1
"2026-07-27 18:30:00",3957,41.37762,2.217123,2,96,197,5.83,199,6.18,1016.5,63,27.5,20,1.2,22.3
"2026-07-27 18:45:00",3958,41.37759,2.217173,0,95,199,6.97,201,7,1016.5,66,27.4,20.7,1.2,22.7
"2026-07-27 19:00:00",3959,41.37758,2.217196,0,97,204,5.34,206,5.42,1016.4,69,27.5,21.4,1.2,23.2
"2026-07-27 19:15:00",3960,41.37759,2.217218,0,99,202,5.75,204,5.92,1016.4,63,27.4,19.9,1.2,22.2
"2026-07-27 19:30:00",3961,41.37758,2.21724,0,104,210,5.45,212,5.43,1016.4,64,27.5,20.2,1.2,22.4
"2026-07-27 19:45:00",3962,41.37757,2.217247,0,107,209,5.31,211,5.41,1016.4,59,27.6,18.9,1.2,21.7
"2026-07-27 20:00:00",3963,41.37757,2.21725,1,88,209,5.78,211,5.81,1016.4,61,27.7,19.6,1.2,22.1
"2026-07-27 20:15:00",3964,41.37756,2.217248,1,93,191,5.37,193,5.37,1016.4,65,27.8,20.6,1.2,22.8
"2026-07-27 20:30:00",3965,41.37756,2.21725,2,99,205,4.94,207,4.69,1016.4,58,27.6,18.8,1.2,21.6
"2026-07-27 20:45:00",3966,41.37756,2.217263,4,107,220,4.61,222,4.65,1016.5,60,27.6,19.3,1.2,22
"2026-07-27 21:00:00",3967,41.37755,2.217235,0,90,205,5.49,207,5.56,1016.6,58,27.5,18.7,1.2,21.5
"2026-07-27 21:15:00",3968,41.37756,2.217253,10,99,212,4.78,214,4.76,1016.7,64,27.3,19.9,1.2,22.2
"2026-07-27 21:30:00",3969,41.37755,2.217271,13,105,223,5.55,225,5.72,1016.8,60,27.2,19,1.2,21.6
"2026-07-27 21:45:00",3970,41.37751,2.217243,-10,106,223,4.06,225,4.46,1016.9,68,27.2,20.7,1.2,22.7
"2026-07-27 22:00:00",3971,41.3775,2.21732,-8,105,222,5.98,224,6.08,1017,67,27,20.4,1.2,22.4
"2026-07-27 22:15:00",3972,41.37751,2.217306,1,98,216,6.51,218,6.55,1017.3,69,27.1,21,1.2,22.8
"2026-07-27 22:30:00",3973,41.37752,2.217286,4,115,230,4.74,232,4.84,1017.5,68,27.1,20.7,1.2,22.6
"2026-07-27 22:45:00",3974,41.37756,2.217308,-10,102,225,5.56,227,5.63,1017.5,64,26.9,19.6,1.2,21.8
"2026-07-27 23:00:00",3975,41.37749,2.21727,9,108,240,3.36,242,3.54,1017.6,63,27.1,19.5,1.2,21.9
"2026-07-27 23:15:00",3976,41.37756,2.217256,-6,132,257,1.85,259,1.91,1017.6,61,27.1,19.1,1.2,21.6
"2026-07-27 23:30:00",3977,100,1000,7999,123,253,1000,"NAN",2.11,1017.6,60,27.1,18.8,1.2,21.5
"2026-07-27 23:45:00",3978,100,1000,7999,144,261,1000,"NAN",1.34,1017.6,60,27.1,18.8,1.2,21.5
"2026-07-28 00:00:00",3979,100,1000,7999,121,235,1000,"NAN",0.68,1017.6,64,27.1,19.7,1.2,22
"2026-07-28 00:15:00",3980,41.37755,2.217191,3,93,207,1.72,209,1.72,1017.7,60,27.1,18.9,1.2,21.5
"2026-07-28 00:30:00",3981,41.37756,2.217176,1,110,217,2.87,219,3,1017.7,65,27,20,1.2,22.1
"2026-07-28 00:45:00",3982,41.37755,2.217226,2,96,216,3.37,218,3.43,1017.7,62,26.9,19.1,1.2,21.6
"2026-07-28 01:00:00",3983,41.37752,2.21726,5,98,224,3.69,226,3.73,1017.7,62,26.9,19.1,1.2,21.6
"2026-07-28 01:15:00",3984,41.37751,2.217276,5,102,234,3.4,236,3.57,1017.7,66,27,20.1,1.2,22.2
"2026-07-28 01:30:00",3985,41.3775,2.217283,2,112,238,2.4,240,2.4,1017.6,63,26.9,19.5,1.2,21.8
"2026-07-28 01:45:00",3986,41.37751,2.217268,1,108,231,2.75,233,2.75,1017.6,66,26.7,20.1,1.2,22.1
"2026-07-28 02:00:00",3987,41.37752,2.217266,1,103,228,2.35,230,2.51,1017.6,67,26.7,20.3,1.2,22.2
"2026-07-28 02:15:00",3988,41.37752,2.217258,2,100,230,2.57,232,2.59,1017.6,62,26.7,19,1.2,21.5
"2026-07-28 02:30:00",3989,41.37749,2.217318,4,102,246,3.76,248,3.78,1017.5,60,26.7,18.4,1.2,21.1
"2026-07-28 02:45:00",3990,41.37746,2.21731,5,117,263,2.47,265,2.5,1017.5,60,26.8,18.6,1.2,21.2
"2026-07-28 03:00:00",3991,41.37745,2.217281,7,119,274,2.49,276,2.51,1017.5,57,26.7,17.6,1.2,20.6
"2026-07-28 03:15:00",3992,41.37749,2.217216,7,148,337,1.97,339,1.89,1017.4,67,26.3,19.7,1.2,21.7
"2026-07-28 03:30:00",3993,41.37751,2.217191,7,143,351,2.03,353,1.92,1017.4,68,25.9,19.5,1.2,21.5
"2026-07-28 03:45:00",3994,41.37746,2.217231,6,105,332,3.26,334,3.22,1017.5,67,25.4,19,1.2,21
"2026-07-28 04:00:00",3995,41.37746,2.217253,6,114,327,3.35,329,3.35,1017.5,66,25.2,18.6,1.2,20.7
"2026-07-28 04:15:00",3996,41.37744,2.217275,5,105,332,2.25,334,2.18,1017.6,67,25.4,18.9,1.2,20.9
"2026-07-28 04:30:00",3997,41.37741,2.217298,3,110,349,3.77,351,3.65,1017.6,67,25.5,18.9,1.2,20.9
"2026-07-28 04:45:00",3998,41.37741,2.217348,4,118,323,3.14,325,3.08,1017.6,65,25.2,18.4,1.2,20.5
"2026-07-28 05:00:00",3999,41.37743,2.217334,6,94,322,2.88,324,2.88,1017.5,70,25.4,19.6,1.2,21.3
"2026-07-28 05:15:00",4000,41.37745,2.217315,6,125,331,2.39,333,2.32,1017.4,68,25.2,19.1,1.2,21
"2026-07-28 05:30:00",4001,41.37749,2.217275,7,147,325,2.19,327,2.15,1017.5,69,25.2,19.2,1.2,21.1
"2026-07-28 05:45:00",4002,41.37749,2.21728,6,149,319,2.08,321,2.08,1017.5,68,25.2,19,1.2,20.9
"2026-07-28 06:00:00",4003,41.3775,2.217284,6,173,343,2.2,345,2.13,1017.5,69,25.2,19.2,1.2,21.1
"2026-07-28 06:15:00",4004,41.37749,2.217316,10,147,328,2.97,330,2.93,1017.5,70,25.1,19.4,1.2,21.1
"2026-07-28 06:30:00",4005,41.37746,2.21736,8,150,320,2.52,322,2.52,1017.5,73,24.7,19.7,1.2,21.2
"2026-07-28 06:45:00",4006,41.37746,2.217286,2,159,327,1.79,329,1.72,1017.6,73,24.8,19.7,1.2,21.2
"2026-07-28 07:00:00",4007,41.37746,2.2173,3,161,332,1.84,334,1.75,1017.6,72,24.7,19.4,1.2,21
"2026-07-28 07:15:00",4008,41.37746,2.217248,3,118,340,3.74,342,3.73,1017.6,72,24.5,19.3,1.2,20.9
"2026-07-28 07:30:00",4009,41.37746,2.217265,2,104,340,3.13,342,3.13,1017.5,72,24.4,19.2,1.2,20.8
"2026-07-28 07:45:00",4010,41.37749,2.217241,2,154,338,2.32,340,2.25,1017.5,73,24.5,19.4,1.2,20.9
"2026-07-28 08:00:00",4011,41.37752,2.217229,1,201,353,2.32,355,2.24,1017.6,73,24.8,19.6,1.2,21.2
"2026-07-28 08:15:00",4012,41.37756,2.217091,2,195,349,2.44,351,2.44,1017.7,72,25.1,19.9,1.2,21.4
"2026-07-28 08:30:00",4013,41.37756,2.217191,0,237,356,1.53,358,1.53,1017.8,70,25.3,19.6,1.2,21.4
"2026-07-28 08:45:00",4014,41.37756,2.217171,-1,245,0,1.63,1.95,1.47,1017.9,72,25.5,20.2,1.2,21.7
"2026-07-28 09:00:00",4015,41.37756,2.217133,0,308,36,2.11,37.95,1.89,1017.9,71,25.5,19.8,1.2,21.5
"2026-07-28 09:15:00",4016,41.37758,2.217086,0,310,43,1.42,44.95,1.28,1018,70,25.9,20.2,1.2,21.9
"2026-07-28 09:30:00",4017,41.37758,2.217064,0,15,102,0.83,104,0.84,1018.1,69,26.7,20.7,1.2,22.5
"2026-07-28 09:45:00",4018,41.37757,2.217021,0,76,167,2.41,169,2.48,1018,76,26.1,21.6,1.2,22.9
"2026-07-28 10:00:00",4019,41.37759,2.216973,0,97,188,3.71,190,3.71,1018,79,26.4,22.6,1.2,23.6
"2026-07-28 10:15:00",4020,41.37757,2.216955,0,99,190,3.97,192,3.97,1018.1,79,26.2,22.4,1.2,23.5
"2026-07-28 10:30:00",4021,41.37759,2.216961,-2,93,178,5.35,180,5.44,1018.2,80,26.2,22.5,1.2,23.5
"2026-07-28 10:45:00",4022,100,1000,7999,98,186,1000,"NAN",4.92,1018.2,83,26.4,23.4,1.2,24.2
"2026-07-28 11:00:00",4023,100,1000,7999,102,201,1000,"NAN",6.57,1018.2,81,26.3,23,1.2,23.9
"2026-07-28 11:15:00",4024,100,1000,7999,99,196,1000,"NAN",6.13,1018.2,82,26.4,23.3,1.2,24.1
"2026-07-28 11:30:00",4025,41.37762,2.217038,4,98,183,5.9,185,5.89,1018.4,83,26.5,23.4,1.2,24.2
"2026-07-28 11:45:00",4026,41.37762,2.217048,4,102,181,6.65,183,6.65,1018.6,83,26.6,23.6,1.2,24.4
"2026-07-28 12:00:00",4027,41.37762,2.217076,5,101,196,6.99,198,6.97,1018.6,83,26.6,23.7,1.2,24.4
"2026-07-28 12:15:00",4028,41.37762,2.217078,4,99,191,6.08,193,6.02,1018.5,84,26.8,24,1.2,24.7
"2026-07-28 12:30:00",4029,41.37762,2.217121,3,98,194,7.67,196,7.57,1018.4,85,26.9,24.2,1.2,24.9
"2026-07-28 12:45:00",4030,41.37762,2.217176,2,100,200,7.79,202,7.76,1018.3,83,27,24.1,1.2,24.8
"2026-07-28 13:00:00",4031,41.37761,2.217183,1,97,201,8.3,203,8.28,1018.2,83,27,23.9,1.2,24.7
"2026-07-28 13:15:00",4032,41.37761,2.217218,3,94,201,8.58,203,8.57,1018.1,83,27,23.9,1.2,24.7
"2026-07-28 13:30:00",4033,41.3776,2.217236,2,89,201,7.74,203,7.87,1018.1,84,27.2,24.3,1.2,25
"2026-07-28 13:45:00",4034,41.37761,2.217256,2,99,200,9.78,202,9.62,1017.9,83,27.3,24.1,1.2,25
"2026-07-28 14:00:00",4035,41.37762,2.21725,4,105,200,11.37,202,11.17,1017.8,83,27.3,24.2,1.2,25
"2026-07-28 14:15:00",4036,41.37758,2.21725,4,97,209,9.83,211,10.01,1017.7,82,27.2,24,1.2,24.9
"2026-07-28 14:30:00",4037,41.37759,2.217253,5,105,206,11.6,208,11.56,1017.6,83,27.3,24.1,1.2,24.9
"2026-07-28 14:45:00",4038,41.3776,2.217245,5,95,205,8.75,207,8.49,1017.5,82,27.4,24.1,1.2,24.9
"2026-07-28 15:00:00",4039,41.37762,2.217247,4,96,200,10.82,202,10.29,1017.4,82,27.4,24.1,1.2,24.9
"2026-07-28 15:15:00",4040,41.37761,2.217256,5,105,206,9.57,208,10.01,1017.3,79,27.5,23.6,1.2,24.7
"2026-07-28 15:30:00",4041,41.37756,2.217284,2,101,209,9.82,211,9.51,1017.3,81,27.5,24.1,1.2,25
"2026-07-28 15:45:00",4042,41.37759,2.217247,1,90,192,9.46,194,9.26,1017.3,80,27.5,23.9,1.2,24.9
"2026-07-28 16:00:00",4043,41.37757,2.217213,-4,96,200,10.6,202,10.9,1017.2,78,27.5,23.5,1.2,24.5
"2026-07-28 16:15:00",4044,41.37757,2.217241,-2,95,202,9.59,204,9.96,1017.3,76,27.7,23.2,1.2,24.4
"2026-07-28 16:30:00",4045,41.37758,2.217263,0,97,203,11.43,205,10.91,1017.2,80,27.5,23.9,1.2,24.8
"2026-07-28 16:45:00",4046,41.37756,2.217205,10,106,209,11.64,211,11.72,1017.2,79,27.5,23.6,1.2,24.7
"2026-07-28 17:00:00",4047,41.37756,2.217233,7,98,204,7.79,206,7.68,1017.2,79,27.7,23.8,1.2,24.9
"2026-07-28 17:15:00",4048,41.37756,2.217263,6,92,206,9.66,208,9.49,1017.1,79,27.6,23.7,1.2,24.7
"2026-07-28 17:30:00",4049,41.37745,2.21726,21,102,212,9.57,214,9.42,1017.1,82,27.6,24.3,1.2,25.2
"2026-07-28 17:45:00",4050,41.37758,2.21729,2,96,207,8.7,209,8.49,1016.9,80,27.7,24.1,1.2,25
"2026-07-28 18:00:00",4051,41.37759,2.217276,1,96,208,10.6,210,10.58,1016.9,81,27.6,24.1,1.2,25
"2026-07-28 18:15:00",4052,41.37759,2.217288,3,101,212,7.72,214,7.44,1016.9,81,27.7,24.2,1.2,25.1
"2026-07-28 18:30:00",4053,41.37757,2.217261,1,96,208,7.32,210,7.33,1016.9,82,27.7,24.4,1.2,25.3
"2026-07-28 18:45:00",4054,41.37756,2.217273,1,99,214,7.3,216,7.02,1017,80,28,24.2,1.2,25.2
"2026-07-28 19:00:00",4055,41.37757,2.21727,2,93,205,8.23,207,8.34,1016.8,80,27.8,24.2,1.2,25.1
"2026-07-28 19:15:00",4056,41.37756,2.21728,1,96,208,8.09,210,8.34,1016.8,79,27.9,24,1.2,25
"2026-07-28 19:30:00",4057,41.37757,2.21729,0,104,220,8.78,222,9.01,1016.7,77,28,23.7,1.2,24.8
"2026-07-28 19:45:00",4058,41.37759,2.217275,2,99,208,7.9,210,7.64,1016.8,80,27.9,24.2,1.2,25.1
"2026-07-28 20:00:00",4059,41.37759,2.217291,2,93,207,8.58,209,8.22,1016.8,80,27.7,24.1,1.2,25
"2026-07-28 20:15:00",4060,41.37758,2.217301,3,101,222,9.74,224,9.84,1016.8,79,27.7,23.8,1.2,24.8
"2026-07-28 20:30:00",4061,41.37759,2.217295,3,113,225,8.63,227,8.75,1016.9,80,27.7,24,1.2,25
"2026-07-28 20:45:00",4062,41.37757,2.217273,1,99,212,7.47,214,7.25,1017.1,82,27.5,24.3,1.2,25.1
"2026-07-28 21:00:00",4063,41.37759,2.217284,5,100,215,8.95,217,8.8,1017.1,83,27.6,24.6,1.2,25.3
"2026-07-28 21:15:00",4064,41.37757,2.217288,5,108,222,8.79,224,8.57,1017.3,83,27.4,24.3,1.2,25.1
"2026-07-28 21:30:00",4065,41.37757,2.217265,5,104,213,8.27,215,8.26,1017.4,83,27.3,24.3,1.2,25.1
"2026-07-28 21:45:00",4066,41.37756,2.217243,6,108,218,6.55,220,6.48,1017.8,84,27.3,24.4,1.2,25.2
"2026-07-28 22:00:00",4067,41.37756,2.217241,6,105,221,6.16,223,6.2,1018.1,84,27.2,24.4,1.2,25.1
"2026-07-28 22:15:00",4068,41.37755,2.217263,7,112,224,6.78,226,6.83,1018.3,82,27.1,23.8,1.2,24.7
"2026-07-28 22:30:00",4069,41.37757,2.217224,7,108,222,6.89,224,6.81,1018.4,83,27.1,24.1,1.2,24.9
"2026-07-28 22:45:00",4070,41.37758,2.21722,8,107,216,7.46,218,7.39,1018.6,83,27.1,23.9,1.2,24.8
"2026-07-28 23:00:00",4071,41.37758,2.217211,7,122,230,5.22,232,5.22,1018.7,84,27.2,24.4,1.2,25.1
"2026-07-28 23:15:00",4072,41.37759,2.217211,7,117,232,4.12,234,4.09,1018.8,84,27.1,24.2,1.2,25
"2026-07-28 23:30:00",4073,41.37758,2.21722,6,101,212,4.66,214,4.48,1018.8,82,27.1,24,1.2,24.8
"2026-07-28 23:45:00",4074,41.37756,2.21722,5,126,235,4.14,237,4.13,1018.9,82,27.2,23.9,1.2,24.8
"2026-07-29 00:00:00",4075,41.37757,2.217185,6,128,240,2.41,242,2.37,1019,81,27.1,23.7,1.2,24.6
"2026-07-29 00:15:00",4076,41.3776,2.217209,5,112,224,2.93,226,2.89,1019.1,82,27.1,23.9,1.2,24.8
"2026-07-29 00:30:00",4077,41.37756,2.217129,6,125,237,3.98,239,3.94,1019.1,82,27.1,23.8,1.2,24.7
"2026-07-29 00:45:00",4078,41.37759,2.217098,6,122,220,3.18,222,2.7,1019.1,84,27.2,24.3,1.2,25.1
"2026-07-29 01:00:00",4079,41.37759,2.217101,6,116,228,4.68,230,4.7,1019.2,82,27,23.8,1.2,24.6
"2026-07-29 01:15:00",4080,41.37762,2.217074,6,129,230,5.02,232,4.93,1019.2,84,27,24.1,1.2,24.8
"2026-07-29 01:30:00",4081,41.37762,2.217053,8,143,248,3.32,250,3.4,1019.2,82,26.9,23.6,1.2,24.5
"2026-07-29 01:45:00",4082,41.37762,2.217026,8,146,247,3.3,249,3.38,1019,83,26.9,23.9,1.2,24.6
"2026-07-29 02:00:00",4083,41.37764,2.216999,6,148,252,2.87,254,2.87,1019.1,83,26.8,23.7,1.2,24.5
"2026-07-29 02:15:00",4084,41.37762,2.217026,5,140,247,3.1,249,3.15,1019,81,26.9,23.5,1.2,24.4
"2026-07-29 02:30:00",4085,41.37759,2.217085,4,126,240,4.05,242,4.08,1018.8,81,26.8,23.3,1.2,24.3
"2026-07-29 02:45:00",4086,41.37756,2.217148,3,119,247,3.57,249,3.58,1018.6,81,26.8,23.4,1.2,24.3
"2026-07-29 03:00:00",4087,41.37753,2.217199,7,111,241,3.75,243,3.79,1018.6,81,26.6,23.2,1.2,24.1
"2026-07-29 03:15:00",4088,41.37751,2.217218,9,110,238,3.17,240,3.2,1018.5,81,26.6,23.3,1.2,24.2
"2026-07-29 03:30:00",4089,41.37749,2.217284,12,103,242,4.31,244,4.32,1018.5,81,26.6,23.2,1.2,24.1
"2026-07-29 03:45:00",4090,41.37749,2.217268,11,111,247,3.28,249,3.28,1018.4,81,26.5,23.1,1.2,24
"2026-07-29 04:00:00",4091,41.37749,2.217265,8,102,241,2.93,243,2.98,1018.3,81,26.6,23.2,1.2,24.1
"2026-07-29 04:15:00",4092,41.3775,2.217248,5,99,234,2.86,236,2.87,1018.2,82,26.6,23.3,1.2,24.2
"2026-07-29 04:30:00",4093,41.37749,2.217278,3,104,239,2.98,241,3.01,1018.2,82,26.5,23.4,1.2,24.2
"2026-07-29 04:45:00",4094,41.37751,2.217253,3,100,230,3.22,232,3.23,1018.2,82,26.5,23.3,1.2,24.2
"2026-07-29 05:00:00",4095,41.37751,2.217236,4,105,225,3.34,227,3.35,1018.2,82,26.5,23.3,1.2,24.2
"2026-07-29 05:15:00",4096,41.37752,2.217188,5,96,222,2.39,224,2.39,1018.2,82,26.6,23.4,1.2,24.2
"2026-07-29 05:30:00",4097,41.37753,2.217162,5,99,215,3.38,217,3.38,1018.2,83,26.5,23.4,1.2,24.2
"2026-07-29 05:45:00",4098,41.37753,2.217236,4,99,216,3.78,218,3.77,1018.1,83,26.5,23.4,1.2,24.2
"2026-07-29 06:00:00",4099,41.37756,2.217383,-3,103,226,3.46,228,3.47,1018.1,83,26.4,23.3,1.2,24.1
"2026-07-29 06:15:00",4100,41.37749,2.217265,1,102,225,3.32,227,3.34,1018.2,83,26.4,23.3,1.2,24.1
"2026-07-29 06:30:00",4101,41.3775,2.217293,3,109,238,3.84,240,3.87,1018.3,84,26.4,23.5,1.2,24.3
"2026-07-29 06:45:00",4102,41.37751,2.217188,5,115,233,3.32,235,3.34,1018.4,83,26.3,23.3,1.2,24.1
"2026-07-29 07:00:00",4103,41.37754,2.217101,6,114,230,3.16,232,3.18,1018.5,82,26.2,23.1,1.2,23.9
"2026-07-29 07:15:00",4104,41.37754,2.217113,6,121,244,2.28,246,2.33,1018.6,83,26.4,23.3,1.2,24.1
"2026-07-29 07:30:00",4105,41.37753,2.217116,5,97,245,2.71,247,2.73,1018.7,81,26.3,22.8,1.2,23.8
"2026-07-29 07:45:00",4106,41.37755,2.21711,5,95,232,2.73,234,2.74,1018.7,81,26.6,23,1.2,24
"2026-07-29 08:00:00",4107,41.37754,2.217103,5,109,224,2.52,226,2.52,1018.7,80,26.5,22.8,1.2,23.8
"2026-07-29 08:15:00",4108,41.37756,2.21703,4,105,221,2.89,223,2.89,1018.8,80,26.5,22.8,1.2,23.8
"2026-07-29 08:30:00",4109,41.37755,2.216948,3,109,229,2.27,231,2.28,1018.9,80,26.5,22.8,1.2,23.8
"2026-07-29 08:45:00",4110,41.37756,2.216851,2,102,218,2.84,220,2.84,1019,81,26.7,23.1,1.2,24.1
"2026-07-29 09:00:00",4111,41.37757,2.216965,6,99,223,4.27,225,4.28,1019,79,26.7,22.9,1.2,23.9
"2026-07-29 09:15:00",4112,41.37756,2.217101,3,100,214,2.86,216,2.87,1019,79,26.9,23.1,1.2,24.1
"2026-07-29 09:30:00",4113,41.37754,2.217201,3,103,214,4.31,216,4.31,1019,81,26.9,23.4,1.2,24.3
"2026-07-29 09:45:00",4114,41.37754,2.217166,6,104,210,4.07,212,4.05,1019,81,27,23.6,1.2,24.5
"2026-07-29 10:00:00",4115,41.37756,2.217093,2,95,204,4.37,206,4.37,1019.1,82,27.1,23.9,1.2,24.8
"2026-07-29 10:15:00",4116,41.37768,2.216976,3,102,200,4.82,202,4.96,1019.1,83,26.9,23.9,1.2,24.7
"2026-07-29 10:30:00",4117,100,1000,7999,109,198,1000,"NAN",4.1,1019.1,86,26.9,24.4,1.2,25
"2026-07-29 10:45:00",4118,100,1000,7999,106,201,1000,"NAN",5.87,1019.1,85,27.1,24.5,1.2,25.1
"2026-07-29 11:00:00",4119,100,1000,7999,108,195,1000,"NAN",6.19,1019.2,85,26.9,24.3,1.2,25
"2026-07-29 11:15:00",4120,100,1000,7999,100,197,1000,"NAN",6.78,1019.3,85,27,24.4,1.2,25
"2026-07-29 11:30:00",4121,41.37759,2.216824,3,100,200,7.24,202,7.08,1019.4,85,27,24.4,1.2,25
"2026-07-29 11:45:00",4122,41.3776,2.216833,4,104,196,6.32,198,6.08,1019.5,85,27,24.3,1.2,25
"2026-07-29 12:00:00",4123,41.3776,2.216841,4,103,199,5.97,201,5.81,1019.6,86,27.1,24.6,1.2,25.3
"2026-07-29 12:15:00",4124,41.3776,2.216836,3,94,197,6.47,199,6.39,1019.4,86,27,24.5,1.2,25.2
"2026-07-29 12:30:00",4125,41.37762,2.216895,2,95,204,6.57,206,6.38,1019.4,86,27.2,24.7,1.2,25.3
"2026-07-29 12:45:00",4126,41.37762,2.216928,2,111,205,6.07,207,6.03,1019.4,86,27.1,24.6,1.2,25.2
"2026-07-29 13:00:00",4127,41.37762,2.216906,0,113,195,7.48,197,7.29,1019.5,86,27.2,24.8,1.2,25.4
"2026-07-29 13:15:00",4128,41.37762,2.216928,2,102,197,7.82,199,7.83,1019.3,85,27.2,24.6,1.2,25.3
"2026-07-29 13:30:00",4129,41.37762,2.216953,1,107,201,8.63,203,8.54,1019.2,85,27.2,24.6,1.2,25.2
"2026-07-29 13:45:00",4130,41.37762,2.217003,2,101,205,8.23,207,7.84,1019.1,84,27.4,24.6,1.2,25.4
"2026-07-29 14:00:00",4131,41.37762,2.217074,3,103,202,8.43,204,8.42,1019,82,27.4,24.2,1.2,25
"2026-07-29 14:15:00",4132,41.37762,2.217083,4,102,205,9.05,207,8.74,1019,83,27.4,24.4,1.2,25.2
"2026-07-29 14:30:00",4133,41.37762,2.217101,3,100,198,6.94,200,6.61,1019,84,27.5,24.5,1.2,25.3
"2026-07-29 14:45:00",4134,41.37762,2.217134,3,101,211,8,213,7.8,1018.9,82,27.5,24.3,1.2,25.2
"2026-07-29 15:00:00",4135,41.37762,2.217083,2,97,211,8.42,213,8.23,1018.9,84,27.5,24.6,1.2,25.3
"2026-07-29 15:15:00",4136,41.37762,2.217103,4,100,203,8.77,205,8.57,1018.7,82,27.7,24.4,1.2,25.3
"2026-07-29 15:30:00",4137,41.37756,2.217183,4,108,207,8.6,209,8.57,1018.7,83,27.6,24.6,1.2,25.4
"2026-07-29 15:45:00",4138,41.37761,2.217105,0,94,208,7.87,210,7.43,1018.6,83,27.6,24.5,1.2,25.3
"2026-07-29 16:00:00",4139,41.37767,2.217021,-2,103,208,9.47,210,9.48,1018.6,82,27.5,24.2,1.2,25
"2026-07-29 16:15:00",4140,41.37765,2.21707,0,102,213,10.04,215,9.76,1018.3,82,27.6,24.3,1.2,25.2
"2026-07-29 16:30:00",4141,41.37769,2.217009,-5,102,207,8.51,209,8.54,1018.3,81,27.7,24.3,1.2,25.2
"2026-07-29 16:45:00",4142,41.37768,2.217048,-5,97,202,8.17,204,7.96,1018.3,83,27.7,24.5,1.2,25.3
"2026-07-29 17:00:00",4143,41.37762,2.217163,0,100,199,7.96,201,7.88,1018.2,82,27.8,24.5,1.2,25.4
"2026-07-29 17:15:00",4144,41.3776,2.217198,4,97,207,7.57,209,7.38,1018.1,81,27.7,24.3,1.2,25.2
"2026-07-29 17:30:00",4145,41.37762,2.217133,2,102,203,9.63,205,9.54,1018,82,27.7,24.4,1.2,25.2
"2026-07-29 17:45:00",4146,41.37762,2.217095,-1,94,201,8.08,203,7.92,1017.9,83,27.8,24.7,1.2,25.5
"2026-07-29 18:00:00",4147,41.3776,2.217096,1,91,200,6.48,202,6.61,1017.9,84,27.9,25,1.2,25.7
"2026-07-29 18:15:00",4148,41.37762,2.217007,1,104,198,9.04,200,9.04,1017.8,83,27.8,24.8,1.2,25.6
"2026-07-29 18:30:00",4149,41.37762,2.216999,1,106,203,7.9,205,7.98,1017.8,81,27.8,24.4,1.2,25.3
"2026-07-29 18:45:00",4150,41.37762,2.216991,3,103,207,10.12,209,9.91,1017.7,78,28.1,23.9,1.2,25
"2026-07-29 19:00:00",4151,41.37762,2.216995,4,93,204,8.62,206,8.5,1017.6,81,27.9,24.3,1.2,25.3
"2026-07-29 19:15:00",4152,41.37761,2.217085,-1,113,212,8.69,214,8.53,1017.5,79,28,24.1,1.2,25.1
"2026-07-29 19:30:00",4153,41.37762,2.21711,0,110,211,8.45,213,8.54,1017.5,80,28,24.2,1.2,25.2
"2026-07-29 19:45:00",4154,41.37762,2.217028,1,102,206,7.88,208,7.5,1017.5,81,27.8,24.3,1.2,25.2
"2026-07-29 20:00:00",4155,41.37762,2.217032,2,95,200,6.73,202,6.62,1017.5,80,28,24.4,1.2,25.3
"2026-07-29 20:15:00",4156,41.37762,2.217073,3,109,214,5.3,216,5.19,1017.5,80,27.8,24.2,1.2,25.1
"2026-07-29 20:30:00",4157,41.37762,2.217128,2,94,212,8.31,214,8.16,1017.5,81,27.7,24.3,1.2,25.2
"2026-07-29 20:45:00",4158,41.37754,2.217198,2,99,209,6.5,211,6.4,1017.6,81,27.7,24.3,1.2,25.2
"2026-07-29 21:00:00",4159,41.37746,2.217168,1,95,215,6.62,217,7,1017.7,80,27.6,24,1.2,24.9
"2026-07-29 21:15:00",4160,41.37736,2.217138,5,100,209,6.01,211,5.75,1017.7,81,27.6,24.1,1.2,25
"2026-07-29 21:30:00",4161,41.3771,2.217148,4,95,209,6.02,211,6,1017.8,81,27.5,24.1,1.2,25
"2026-07-29 21:45:00",4162,41.37687,2.216999,5,105,214,5.1,216,5.2,1017.9,81,27.5,24.1,1.2,25
"2026-07-29 22:00:00",4163,41.37689,2.216763,5,87,219,4.9,221,5.02,1018.2,83,27.4,24.4,1.2,25.2
"2026-07-29 22:15:00",4164,41.37688,2.216757,1,89,215,5.63,217,5.56,1018.5,84,27.3,24.3,1.2,25.1
"2026-07-29 22:30:00",4165,41.37688,2.216741,3,73,209,5,211,4.9,1018.7,84,27.3,24.5,1.2,25.2
"2026-07-29 22:45:00",4166,41.37685,2.216698,5,76,214,5.28,216,5.43,1018.8,84,27.3,24.5,1.2,25.2
"2026-07-29 23:00:00",4167,41.37684,2.216638,9,83,226,3.09,228,3.03,1018.9,84,27.3,24.4,1.2,25.1
"2026-07-29 23:15:00",4168,41.3769,2.216703,4,80,223,4.43,225,4.2,1018.9,83,27.4,24.3,1.2,25.1
"2026-07-29 23:30:00",4169,41.3769,2.216695,3,85,223,4.2,225,4.11,1018.9,84,27.3,24.3,1.2,25.1
"2026-07-29 23:45:00",4170,41.37694,2.216668,4,68,227,2.29,229,2.43,1018.9,85,27.3,24.6,1.2,25.3
"2026-07-30 00:00:00",4171,41.37692,2.216658,4,71,229,3.26,231,3.4,1018.8,85,27.2,24.5,1.2,25.2
"2026-07-30 00:15:00",4172,100,1000,7999,71,232,1000,"NAN",3.41,1018.8,83,27.2,24.1,1.2,24.9
"2026-07-30 00:30:00",4173,41.37674,2.2167,4,56,213,2.98,215,2.98,1018.8,85,27.2,24.4,1.2,25.1
"2026-07-30 00:45:00",4174,41.37684,2.216703,4,52,209,2.6,211,2.6,1018.9,86,27.1,24.7,1.2,25.4
"2026-07-30 01:00:00",4175,41.37687,2.216695,4,57,201,3.97,203,3.97,1018.9,85,26.9,24.3,1.2,25
"2026-07-30 01:15:00",4176,41.37694,2.216633,1,71,219,4.03,221,3.78,1018.9,85,27,24.3,1.2,25
"2026-07-30 01:30:00",4177,41.37693,2.216638,1,82,228,4.24,230,4.22,1019,81,27.2,23.9,1.2,24.7
"2026-07-30 01:45:00",4178,41.37694,2.216636,1,79,223,4.14,225,4.15,1018.9,83,27.2,24.2,1.2,25
"2026-07-30 02:00:00",4179,41.37697,2.216616,1,90,231,3.44,233,3.41,1018.9,82,27.1,23.9,1.2,24.7
"2026-07-30 02:15:00",4180,41.37696,2.216608,3,84,233,4.52,235,4.47,1018.9,83,26.9,23.8,1.2,24.6
"2026-07-30 02:30:00",4181,41.37694,2.21662,6,90,238,3.61,240,3.58,1018.8,86,26.8,24.3,1.2,25
"2026-07-30 02:45:00",4182,41.37694,2.216603,7,82,235,4.01,237,3.8,1018.7,85,26.7,24.1,1.2,24.8
"2026-07-30 03:00:00",4183,41.37695,2.216581,8,88,240,4.42,242,4.59,1018.6,86,26.7,24.1,1.2,24.8
"2026-07-30 03:15:00",4184,41.37698,2.216578,7,81,243,2.85,245,3.07,1018.5,85,26.6,24,1.2,24.7
"2026-07-30 03:30:00",4185,41.377,2.216565,8,82,241,3.6,243,3.67,1018.5,85,26.7,24.1,1.2,24.8
"2026-07-30 03:45:00",4186,41.37703,2.216548,11,86,238,2.69,240,2.76,1018.4,81,26.7,23.3,1.2,24.2
"2026-07-30 04:00:00",4187,41.37701,2.216555,9,86,250,2.59,252,2.62,1018.5,76,26.9,22.4,1.2,23.6
"2026-07-30 04:15:00",4188,41.37701,2.216563,5,90,239,3.15,241,3.3,1018.4,72,26.9,21.5,1.2,23.1
"2026-07-30 04:30:00",4189,41.37701,2.216561,2,85,232,2.35,234,2.37,1018.2,74,27,22.2,1.2,23.5
"2026-07-30 04:45:00",4190,41.37703,2.216573,1,82,233,3.57,235,3.63,1018.3,72,27,21.7,1.2,23.2
"2026-07-30 05:00:00",4191,41.377,2.216622,2,86,239,2.43,241,2.6,1018.1,73,26.9,21.8,1.2,23.2
"2026-07-30 05:15:00",4192,41.37694,2.216653,4,80,230,2.28,232,2.28,1018.1,72,26.9,21.5,1.2,23.1
"2026-07-30 05:30:00",4193,41.3769,2.216751,3,95,239,3.22,241,3.24,1018,74,27,22,1.2,23.4
"2026-07-30 05:45:00",4194,41.37687,2.216803,4,88,228,2.64,230,2.78,1017.9,76,26.7,22.3,1.2,23.5
"2026-07-30 06:00:00",4195,41.37684,2.216853,4,96,230,3.07,232,3.19,1017.8,76,26.7,22.1,1.2,23.4
"2026-07-30 06:15:00",4196,41.37684,2.216863,6,90,238,3.78,240,3.8,1017.7,73,27,21.9,1.2,23.3
"2026-07-30 06:30:00",4197,41.37682,2.216856,8,89,233,2.78,235,2.94,1017.8,74,26.9,21.9,1.2,23.3
"2026-07-30 06:45:00",4198,41.37684,2.216832,6,88,236,2.59,238,2.59,1017.9,75,26.8,22,1.2,23.3
"2026-07-30 07:00:00",4199,41.37684,2.216836,6,90,240,1.71,242,1.83,1018,76,26.7,22.2,1.2,23.5
"2026-07-30 07:15:00",4200,41.37684,2.216808,5,76,227,2.48,229,2.64,1018.1,75,26.9,22,1.2,23.4
"2026-07-30 07:30:00",4201,41.37687,2.21678,2,90,236,2.69,238,2.71,1018.1,74,26.8,21.8,1.2,23.2
"2026-07-30 07:45:00",4202,41.37687,2.216757,5,84,236,2.69,238,2.69,1018,74,26.8,21.9,1.2,23.3
"2026-07-30 08:00:00",4203,41.37687,2.216759,5,97,253,3.37,255,3.4,1018.1,74,26.8,21.9,1.2,23.3
"2026-07-30 08:15:00",4204,41.37687,2.216765,3,89,250,2.62,252,2.67,1018.1,74,26.9,21.9,1.2,23.3
"2026-07-30 08:30:00",4205,41.37688,2.216741,4,91,245,3.33,247,3.33,1018.1,75,26.9,22.1,1.2,23.5
"2026-07-30 08:45:00",4206,41.37689,2.216724,3,98,263,3.14,265,3.17,1018.2,76,27.1,22.6,1.2,23.9
"2026-07-30 09:00:00",4207,41.37692,2.2168,9,94,263,2.16,265,2.18,1018.2,76,27.1,22.6,1.2,23.8
"2026-07-30 09:15:00",4208,41.37691,2.216761,12,70,232,2.76,234,2.9,1018.1,78,27.3,23.2,1.2,24.3
"2026-07-30 09:30:00",4209,41.37691,2.216721,11,72,232,3.61,234,3.74,1018.2,78,27.3,23.2,1.2,24.3
"2026-07-30 09:45:00",4210,41.3769,2.216687,10,78,226,4.52,228,4.56,1018.2,79,27.4,23.5,1.2,24.5
"2026-07-30 10:00:00",4211,41.3769,2.216651,9,62,214,3.91,216,4.09,1018.3,81,27.4,24,1.2,24.9
"2026-07-30 10:15:00",4212,41.3769,2.216668,6,79,219,4.82,221,4.91,1018.3,79,27.5,23.6,1.2,24.7
"2026-07-30 10:30:00",4213,41.37694,2.216593,6,40,180,3.56,182,3.58,1018.4,83,27.2,24.1,1.2,24.9
"2026-07-30 10:45:00",4214,41.37697,2.216583,5,78,200,5.57,202,5.66,1018.3,85,27,24.4,1.2,25.1
"2026-07-30 11:00:00",4215,41.37709,2.216518,5,92,201,4.92,203,5.08,1018.3,86,27,24.4,1.2,25.1
"2026-07-30 11:15:00",4216,41.37717,2.216518,4,85,198,6.47,200,6.59,1018.3,86,27,24.6,1.2,25.2
"2026-07-30 11:30:00",4217,41.37726,2.216495,3,91,199,6,201,6.09,1018.3,86,27.1,24.7,1.2,25.3
"2026-07-30 11:45:00",4218,100,1000,7999,91,202,1000,"NAN",6.82,1018.3,86,27.1,24.6,1.2,25.2
"2026-07-30 12:00:00",4219,41.37744,2.21655,6,95,197,6.45,199,6.98,1018.3,87,27.1,24.7,1.2,25.3
"2026-07-30 12:15:00",4220,41.3775,2.2166,6,101,197,6.81,199,6.41,1018.2,87,27.1,24.9,1.2,25.4
"2026-07-30 12:30:00",4221,41.3775,2.21661,6,110,206,5.11,208,5.04,1018.3,88,27.2,25.2,1.2,25.7
"2026-07-30 12:45:00",4222,41.37751,2.216635,-2,107,199,8.02,201,7.85,1018.1,87,27.2,25,1.2,25.5
"2026-07-30 13:00:00",4223,41.37756,2.216735,-1,93,189,5.42,191,5.22,1018.1,88,27.3,25.3,1.2,25.8
"2026-07-30 13:15:00",4224,41.37762,2.216878,1,111,199,8.1,201,7.85,1018.1,88,27.2,25.1,1.2,25.6
"2026-07-30 13:30:00",4225,41.37762,2.216923,0,98,196,7.58,198,7.28,1017.9,88,27.2,25.1,1.2,25.6
"2026-07-30 13:45:00",4226,41.37762,2.216986,-1,101,190,8.39,192,8.21,1017.9,88,27.3,25.3,1.2,25.8
"2026-07-30 14:00:00",4227,41.37764,2.217034,-1,101,195,8.33,197,8.51,1017.9,88,27.3,25.2,1.2,25.7
"2026-07-30 14:15:00",4228,41.37759,2.217032,10,99,195,8.87,197,8.69,1018,87,27.4,25.1,1.2,25.7
"2026-07-30 14:30:00",4229,41.37758,2.217085,9,104,199,8.99,201,8.87,1018,87,27.4,25.3,1.2,25.8
"2026-07-30 14:45:00",4230,41.37762,2.217059,8,110,199,5.94,201,6.19,1018,86,27.5,25,1.2,25.6
"2026-07-30 15:00:00",4231,41.37762,2.21702,11,96,199,7.57,201,7.7,1017.9,85,27.6,25,1.2,25.7
"2026-07-30 15:15:00",4232,41.37762,2.216988,13,100,196,7.38,198,7.56,1017.7,86,27.6,25.1,1.2,25.7
"2026-07-30 15:30:00",4233,41.37762,2.217026,13,93,200,6.95,202,7.05,1017.7,85,27.6,24.9,1.2,25.6
"2026-07-30 15:45:00",4234,41.3776,2.217046,9,104,198,5.67,200,5.85,1017.6,85,27.6,25,1.2,25.7
"2026-07-30 16:00:00",4235,41.3776,2.217041,-4,105,195,7.71,197,7.31,1017.4,85,27.7,25.1,1.2,25.8
"2026-07-30 16:15:00",4236,41.3776,2.21707,-1,97,197,5.47,199,5.35,1017.3,85,27.7,25,1.2,25.7
"2026-07-30 16:30:00",4237,41.37762,2.217116,3,102,202,7.41,204,7.27,1017.1,82,27.7,24.4,1.2,25.3
"2026-07-30 16:45:00",4238,41.37762,2.217091,3,98,194,6.24,196,6.24,1017,80,27.9,24.1,1.2,25.1
"2026-07-30 17:00:00",4239,41.37762,2.217108,2,102,201,6.62,203,6.55,1017,80,28,24.3,1.2,25.3
"2026-07-30 17:15:00",4240,41.37762,2.217185,8,99,205,8.68,207,8.44,1016.9,80,27.9,24.2,1.2,25.2
"2026-07-30 17:30:00",4241,41.37762,2.217123,0,100,203,7.05,205,6.83,1016.8,79,27.9,24.1,1.2,25.1
"2026-07-30 17:45:00",4242,41.37762,2.217085,0,96,201,6.38,203,6.37,1016.6,80,28,24.3,1.2,25.3
"2026-07-30 18:00:00",4243,41.37762,2.217116,0,94,195,7.34,197,7.16,1016.5,78,28,24,1.2,25.1
"2026-07-30 18:15:00",4244,41.37761,2.217108,0,110,208,7.24,210,6.94,1016.4,78,28.1,24,1.2,25.1
"2026-07-30 18:30:00",4245,41.37759,2.217113,0,93,208,5.82,210,6.01,1016.3,78,28,23.9,1.2,25
"2026-07-30 18:45:00",4246,41.37761,2.217095,2,99,202,5.54,204,5.61,1016.2,80,28,24.3,1.2,25.3
"2026-07-30 19:00:00",4247,41.3776,2.217096,0,102,208,6.19,210,6.03,1016.1,80,28,24.3,1.2,25.2
"2026-07-30 19:15:00",4248,41.3776,2.217095,0,117,211,6.49,213,6.45,1016,79,27.9,24,1.2,25
"2026-07-30 19:30:00",4249,41.37761,2.217106,1,101,207,5.94,209,5.86,1015.9,79,27.9,24,1.2,25.1
"2026-07-30 19:45:00",4250,41.37762,2.217125,1,103,212,5.74,214,5.52,1016,79,27.8,23.8,1.2,24.9
"2026-07-30 20:00:00",4251,41.37761,2.217126,0,107,202,5.23,204,5.21,1016.1,80,27.9,24.1,1.2,25.1
"2026-07-30 20:15:00",4252,41.37762,2.217153,1,97,206,6.95,208,7.14,1016.1,77,27.8,23.6,1.2,24.7
"2026-07-30 20:30:00",4253,41.37764,2.217206,3,104,214,5.58,216,5.76,1016.2,78,27.8,23.7,1.2,24.8
"2026-07-30 20:45:00",4254,41.37762,2.217191,1,98,203,5.03,205,5.12,1016.2,80,27.7,23.9,1.2,24.9
"2026-07-30 21:00:00",4255,41.37767,2.217173,2,103,215,4.88,217,4.96,1016.2,80,27.6,23.8,1.2,24.8
"2026-07-30 21:15:00",4256,41.37778,2.217134,7,106,213,3.57,215,3.51,1016.3,82,27.5,24.2,1.2,25
"2026-07-30 21:30:00",4257,41.37794,2.217048,5,94,205,5.18,207,4.78,1016.4,79,27.5,23.6,1.2,24.7
"2026-07-30 21:45:00",4258,41.37785,2.217108,7,98,213,5.31,215,5.23,1016.5,78,27.6,23.5,1.2,24.6
"2026-07-30 22:00:00",4259,41.37746,2.217341,4,101,217,4.27,219,4.21,1016.7,76,27.7,23.2,1.2,24.4
"2026-07-30 22:15:00",4260,41.37753,2.217229,4,96,200,3.65,202,3.64,1016.8,81,27.5,23.9,1.2,24.9
"2026-07-30 22:30:00",4261,100,1000,7999,98,206,1000,"NAN",3.36,1017,81,27.4,23.9,1.2,24.8
"2026-07-30 22:45:00",4262,41.37758,2.217056,1,109,221,2.71,223,2.51,1017.1,80,27.3,23.7,1.2,24.7
"2026-07-30 23:00:00",4263,41.37757,2.216946,1,119,222,2.7,224,2.58,1017.2,83,27.3,24.2,1.2,25
"2026-07-30 23:15:00",4264,100,1000,7999,94,217,1000,"NAN",2.29,1017.3,82,27.2,24.1,1.2,24.9
"2026-07-30 23:30:00",4265,100,1000,7999,137,223,1000,"NAN",2.37,1017.3,83,27.1,24.1,1.2,24.9
"2026-07-30 23:45:00",4266,100,1000,7999,183,244,1000,"NAN",1.24,1017.3,85,27.1,24.5,1.2,25.1
"2026-07-31 00:00:00",4267,41.37714,2.216555,6,187,244,1.19,246,1.05,1017.3,84,27.1,24.3,1.2,25
"2026-07-31 00:15:00",4268,41.37715,2.216558,4,146,222,2.52,224,2.37,1017.2,83,26.9,23.9,1.2,24.7
"2026-07-31 00:30:00",4269,41.3772,2.216558,2,105,207,2.44,209,2.38,1017.2,85,26.9,24.2,1.2,24.9
"2026-07-31 00:45:00",4270,41.37721,2.216558,2,111,207,2.19,209,2.2,1017.3,85,26.9,24.1,1.2,24.8
"2026-07-31 01:00:00",4271,41.37721,2.216578,3,120,223,1.79,225,1.72,1017.4,86,27,24.6,1.2,25.2
"2026-07-31 01:15:00",4272,41.37719,2.216581,3,106,226,2.12,228,2.12,1017.4,85,27,24.4,1.2,25.1
"2026-07-31 01:30:00",4273,41.37719,2.216574,3,98,219,2.13,221,2.02,1017.4,85,26.9,24.3,1.2,25
"2026-07-31 01:45:00",4274,41.37717,2.216584,2,88,227,2.71,229,2.62,1017.4,85,27,24.4,1.2,25.1
"2026-07-31 02:00:00",4275,41.37721,2.216583,2,99,233,2.55,235,2.55,1017.4,86,26.9,24.4,1.2,25
"2026-07-31 02:15:00",4276,41.37719,2.216569,4,107,217,1.86,219,1.75,1017.3,87,26.9,24.5,1.2,25.1
"2026-07-31 02:30:00",4277,41.37722,2.216563,5,95,208,2.84,210,2.85,1017.3,88,26.9,24.7,1.2,25.2
"2026-07-31 02:45:00",4278,41.37723,2.216588,7,96,203,2.03,205,1.89,1017.3,88,26.9,24.8,1.2,25.3
"2026-07-31 03:00:00",4279,41.37713,2.216598,6,105,232,2.22,234,2.22,1017.3,86,26.8,24.3,1.2,25
"2026-07-31 03:15:00",4280,41.37701,2.216655,11,102,228,2.31,230,2.31,1017.2,87,26.7,24.4,1.2,25
"2026-07-31 03:30:00",4281,41.37692,2.216758,12,86,226,2,228,1.9,1017.2,85,26.7,24.1,1.2,24.8
"2026-07-31 03:45:00",4282,41.37689,2.216796,10,88,230,1.83,232,1.73,1017.2,86,26.7,24.3,1.2,24.9
"2026-07-31 04:00:00",4283,41.37689,2.216766,3,65,233,1.54,235,1.54,1017,87,26.7,24.4,1.2,25
"2026-07-31 04:15:00",4284,41.37689,2.216783,2,83,253,1.69,255,1.69,1016.9,86,26.6,24.2,1.2,24.8
"2026-07-31 04:30:00",4285,41.3769,2.216788,2,84,239,1.83,241,1.83,1017,86,26.7,24.3,1.2,24.9
"2026-07-31 04:45:00",4286,41.37691,2.216768,1,76,249,1.28,251,1.29,1016.8,85,26.7,24.1,1.2,24.7
"2026-07-31 05:00:00",4287,41.37694,2.216706,2,48,227,1.03,229,0.91,1016.7,86,26.6,24.1,1.2,24.7
"2026-07-31 05:15:00",4288,41.37697,2.21661,3,93,14,1.62,15.95,1.68,1016.6,81,25.9,22.5,1.2,23.4
"2026-07-31 05:30:00",4289,41.37696,2.216605,2,96,350,2.33,352,2.39,1016.5,76,25.8,21.3,1.2,22.6
"2026-07-31 05:45:00",4290,41.377,2.216723,-2,94,350,2.33,352,2.45,1016.5,75,25.6,20.9,1.2,22.2
"2026-07-31 06:00:00",4291,41.37706,2.2168,-9,96,331,2.35,333,2.4,1016.5,75,25.7,21,1.2,22.3
"2026-07-31 06:15:00",4292,41.37703,2.216724,-4,90,353,2.44,355,2.45,1016.3,72,25.5,20.1,1.2,21.7
"2026-07-31 06:30:00",4293,41.3771,2.216598,0,86,349,2.98,351,2.98,1016.4,75,25.5,20.8,1.2,22.2
"2026-07-31 06:45:00",4294,41.37717,2.216534,0,82,341,3.12,343,3.17,1016.3,72,25.1,19.7,1.2,21.3
"2026-07-31 07:00:00",4295,41.37725,2.216487,5,72,341,2.61,343,2.63,1016.3,72,25.2,19.9,1.2,21.5
"2026-07-31 07:15:00",4296,41.3773,2.21649,5,78,356,3.01,358,3.03,1016.2,72,25.2,20,1.2,21.5
"2026-07-31 07:30:00",4297,41.37738,2.216533,5,72,7,2.06,8.95,2.15,1016.2,72,25.3,20,1.2,21.6
"2026-07-31 07:45:00",4298,41.37748,2.216636,5,61,352,2.32,354,2.32,1016.2,74,25.6,20.7,1.2,22.1
"2026-07-31 08:00:00",4299,41.37756,2.216808,5,51,356,2.11,358,2.11,1016.2,74,25.9,20.9,1.2,22.4
"2026-07-31 08:15:00",4300,41.37757,2.216991,4,56,5,2.42,6.95,2.57,1016.1,75,26,21.2,1.2,22.6
"2026-07-31 08:30:00",4301,41.37756,2.217175,4,20,348,1.57,350,1.71,1016.3,72,26.1,20.9,1.2,22.4
"2026-07-31 08:45:00",4302,41.37756,2.217308,3,344,359,1.22,0.95,1.31,1016.4,74,26.7,21.7,1.2,23.1
"2026-07-31 09:00:00",4303,41.37741,2.217288,2,277,337,1.1,339,1.15,1016.7,75,26.7,21.9,1.2,23.3
"2026-07-31 09:15:00",4304,41.37743,2.217445,3,236,7,0.31,8.95,0.37,1016.8,72,27.7,22.3,1.2,23.8
"2026-07-31 09:30:00",4305,41.3773,2.217411,4,7,143,1.53,145,1.52,1016.6,75,27.6,22.8,1.2,24.1
"2026-07-31 09:45:00",4306,41.3773,2.217419,3,60,180,1.97,182,2.01,1016.4,83,27.2,24.2,1.2,25
"2026-07-31 10:00:00",4307,41.37731,2.217376,3,94,188,3.15,190,3.18,1016.4,84,27.1,24.3,1.2,25
"2026-07-31 10:15:00",4308,41.37731,2.217361,2,96,174,2.89,176,2.9,1016.3,85,27,24.3,1.2,25
"2026-07-31 10:30:00",4309,100,1000,7999,94,173,1000,"NAN",2.53,1016.3,83,27.2,24.2,1.2,24.9
"2026-07-31 10:45:00",4310,100,1000,7999,95,187,1000,"NAN",3.08,1016.6,84,27.2,24.3,1.2,25.1
"2026-07-31 11:00:00",4311,100,1000,7999,85,174,1000,"NAN",3.63,1016.6,84,27.1,24.2,1.2,24.9
"2026-07-31 11:15:00",4312,41.37752,2.217095,4,91,178,4.27,180,4.16,1016.8,84,27,24.2,1.2,24.9
"2026-07-31 11:30:00",4313,41.37756,2.216925,2,93,176,4.13,178,4.14,1016.8,84,27.1,24.3,1.2,25
"2026-07-31 11:45:00",4314,41.37757,2.216881,3,95,179,5.15,181,4.99,1016.7,86,27.2,24.7,1.2,25.3
"2026-07-31 12:00:00",4315,41.37759,2.216866,2,97,182,5.19,184,5.19,1016.6,86,27.1,24.6,1.2,25.2
"2026-07-31 12:15:00",4316,41.37759,2.216889,1,107,187,4.9,189,4.72,1016.6,86,27.2,24.7,1.2,25.3
"2026-07-31 12:30:00",4317,41.3776,2.216961,1,99,185,4.6,187,4.39,1016.5,87,27.2,24.9,1.2,25.5
"2026-07-31 12:45:00",4318,41.37762,2.216953,2,98,194,4.23,196,4.2,1016.4,86,27.2,24.8,1.2,25.4
"2026-07-31 13:00:00",4319,41.37762,2.216934,2,110,193,3.55,195,3.56,1016.3,86,27.4,25,1.2,25.6
"2026-07-31 13:15:00",4320,41.37762,2.21694,1,92,181,5.13,183,5.02,1016.2,86,27.4,24.9,1.2,25.5
"2026-07-31 13:30:00",4321,41.37764,2.216961,2,98,188,4.82,190,4.82,1016.2,86,27.4,24.9,1.2,25.5
"2026-07-31 13:45:00",4322,41.37764,2.216984,3,99,195,4.38,197,4.38,1016.1,86,27.5,25.1,1.2,25.7
"2026-07-31 14:00:00",4323,41.37765,2.217007,2,104,196,3.92,198,3.86,1016,87,27.5,25.1,1.2,25.7
"2026-07-31 14:15:00",4324,41.37764,2.21702,3,95,187,5.21,189,5.22,1015.8,86,27.5,24.9,1.2,25.6
"2026-07-31 14:30:00",4325,41.37764,2.217011,2,104,195,7.27,197,7.17,1015.7,85,27.4,24.7,1.2,25.4
"2026-07-31 14:45:00",4326,41.37764,2.21703,2,97,196,5.53,198,5.55,1015.8,86,27.5,24.9,1.2,25.6
"2026-07-31 15:00:00",4327,41.37764,2.217078,2,103,197,6.66,199,6.53,1015.6,85,27.4,24.8,1.2,25.4
"2026-07-31 15:15:00",4328,41.37762,2.217095,0,105,201,7.06,203,7.14,1015.4,85,27.3,24.7,1.2,25.3
"2026-07-31 15:30:00",4329,41.37762,2.217095,1,107,207,7,209,7.13,1015.4,86,27.3,24.8,1.2,25.5
"2026-07-31 15:45:00",4330,41.37762,2.217101,1,104,199,6.53,201,6.52,1015.3,86,27.3,24.8,1.2,25.4
"2026-07-31 16:00:00",4331,41.37762,2.217146,1,105,204,5.78,206,5.72,1015.2,84,27.3,24.4,1.2,25.2
"2026-07-31 16:15:00",4332,41.37761,2.217159,0,95,201,5.55,203,5.46,1015.1,85,27.5,24.8,1.2,25.5
"2026-07-31 16:30:00",4333,41.37762,2.217173,2,90,195,6.62,197,6.41,1015,84,27.5,24.7,1.2,25.4
"2026-07-31 16:45:00",4334,41.37762,2.217176,1,91,193,5.86,195,5.52,1015,80,27.8,24,1.2,25
"2026-07-31 17:00:00",4335,41.37762,2.21718,0,89,188,5.41,190,4.99,1015,85,27.6,24.9,1.2,25.6
"2026-07-31 17:15:00",4336,41.37762,2.217196,2,90,190,6.91,192,6.91,1014.9,84,27.4,24.6,1.2,25.3
"2026-07-31 17:30:00",4337,41.3776,2.217182,1,95,191,5.85,193,5.65,1014.8,85,27.3,24.7,1.2,25.3
"2026-07-31 17:45:00",4338,41.37761,2.217203,2,94,190,6.38,192,6.39,1014.7,86,27.3,24.8,1.2,25.4
"2026-07-31 18:00:00",4339,41.37759,2.217235,2,87,192,5.42,194,5.22,1014.7,85,27.3,24.7,1.2,25.3
"2026-07-31 18:15:00",4340,41.37757,2.217236,0,88,197,4.81,199,4.8,1014.8,86,27.3,24.9,1.2,25.5
"2026-07-31 18:30:00",4341,41.37756,2.217229,0,89,193,5.42,195,5.29,1014.8,86,27.3,24.8,1.2,25.5
"2026-07-31 18:45:00",4342,41.37756,2.217224,0,89,200,4.93,202,5.11,1014.7,86,27.3,24.8,1.2,25.5
"2026-07-31 19:00:00",4343,41.37757,2.21724,-1,93,199,5,201,5.07,1014.5,87,27.2,24.9,1.2,25.5
"2026-07-31 19:15:00",4344,41.37756,2.217226,-2,88,191,4.38,193,4.43,1014.2,87,27.1,24.8,1.2,25.4
"2026-07-31 19:30:00",4345,41.37756,2.21726,0,91,207,3.3,209,3.42,1014.2,88,27,24.9,1.2,25.5
"2026-07-31 19:45:00",4346,41.37752,2.217325,0,88,210,2.39,212,2.39,1014.3,88,27,24.9,1.2,25.5
"2026-07-31 20:00:00",4347,41.37751,2.21732,1,78,203,2.04,205,2.11,1014.4,88,26.9,24.9,1.2,25.4
"2026-07-31 20:15:00",4348,41.37751,2.217305,1,83,200,2.69,202,2.69,1014.3,89,26.8,24.9,1.2,25.4
"2026-07-31 20:30:00",4349,41.37755,2.217258,4,91,206,2.14,208,2.17,1014.3,90,26.7,24.9,1.2,25.4
"2026-07-31 20:45:00",4350,41.37746,2.217321,-2,91,219,1.94,221,2.01,1014.6,90,26.5,24.8,1.2,25.2
"2026-07-31 21:00:00",4351,41.37746,2.217333,0,72,208,2.14,210,2.29,1014.6,90,26.4,24.6,1.2,25.1
"2026-07-31 21:15:00",4352,41.37746,2.217333,3,66,198,1.77,200,1.89,1014.8,90,26.4,24.7,1.2,25.1
"2026-07-31 21:30:00",4353,41.37746,2.217328,-1,73,202,1.13,204,1.23,1014.8,90,26.5,24.7,1.2,25.1
"2026-07-31 21:45:00",4354,41.37749,2.217295,3,52,192,0.46,194,0.61,1014.7,90,26.5,24.7,1.2,25.2
"2026-07-31 22:00:00",4355,41.37749,2.217231,3,85,213,1.22,215,1.27,1015,89,26.5,24.6,1.2,25.1
"2026-07-31 22:15:00",4356,41.37749,2.217271,3,99,220,2.51,222,2.51,1015.6,88,26.4,24.3,1.2,24.9
"2026-07-31 22:30:00",4357,100,1000,7999,78,200,1000,"NAN",1.85,1015.5,87,26.7,24.4,1.2,25
"2026-07-31 22:45:00",4358,41.37753,2.217351,3,94,218,1.87,220,1.39,1015.6,88,26.5,24.4,1.2,24.9
"2026-07-31 23:00:00",4359,41.37756,2.217258,-8,103,197,1.33,199,1.48,1015.6,87,26.6,24.4,1.2,25
"2026-07-31 23:15:00",4360,41.37762,2.217066,2,94,195,1.21,197,1.43,1015.7,88,26.6,24.5,1.2,25.1
"2026-07-31 23:30:00",4361,41.37762,2.217083,4,99,195,1.41,197,1.33,1015.8,89,26.4,24.5,1.2,25
"2026-07-31 23:45:00",4362,100,1000,7999,104,215,1000,"NAN",1.62,1015.8,88,26.5,24.5,1.2,25
"2026-08-01 00:00:00",4363,100,1000,7999,89,201,1000,"NAN",1.84,1015.7,89,26.4,24.4,1.2,24.9
"2026-08-01 00:15:00",4364,100,1000,7999,90,191,1000,"NAN",0.9,1015.7,88,26.5,24.3,1.2,24.9
"2026-08-01 00:30:00",4365,41.37752,2.217053,3,69,170,0.82,172,0.82,1015.8,87,26.5,24.3,1.2,24.9
"2026-08-01 00:45:00",4366,41.37758,2.216986,3,88,181,1.19,183,1.19,1015.8,85,26.8,24.2,1.2,24.9
"2026-08-01 01:00:00",4367,41.37757,2.216955,3,101,183,1.5,185,1.46,1015.8,86,26.6,24.3,1.2,24.9
"2026-08-01 01:15:00",4368,41.37762,2.216898,1,86,163,1.38,165,1.64,1015.7,89,26.4,24.6,1.2,25
"2026-08-01 01:30:00",4369,41.37764,2.216874,0,97,172,1.88,174,1.71,1015.7,90,26.3,24.6,1.2,25
"2026-08-01 01:45:00",4370,41.37762,2.21686,6,101,175,1.43,177,1.35,1015.8,89,26.4,24.5,1.2,25
"2026-08-01 02:00:00",4371,41.3776,2.21684,5,86,150,1.28,152,1.25,1015.7,89,26.4,24.6,1.2,25
"2026-08-01 02:15:00",4372,41.3776,2.216833,6,92,160,1.06,162,1.07,1015.7,88,26.4,24.3,1.2,24.8
"2026-08-01 02:30:00",4373,41.37762,2.216948,3,65,144,1.24,146,1.16,1015.5,86,26.6,24.2,1.2,24.8
"2026-08-01 02:45:00",4374,41.37758,2.216963,5,335,54,0.68,55.95,0.71,1015.6,88,26.5,24.4,1.2,25
"2026-08-01 03:00:00",4375,41.37756,2.216986,5,332,35,1.44,36.95,1.57,1015.7,91,26.3,24.7,1.2,25.1
"2026-08-01 03:15:00",4376,41.37756,2.217083,7,34,34,2.12,35.95,2.24,1015.6,90,26,24.3,1.2,24.8
"2026-08-01 03:30:00",4377,41.37746,2.217255,6,16,34,0.98,35.95,1.05,1015.7,88,26.1,23.9,1.2,24.5
"2026-08-01 03:45:00",4378,41.37738,2.217361,3,352,55,1.35,56.95,1.39,1015.6,88,26.1,24,1.2,24.5
"2026-08-01 04:00:00",4379,41.3773,2.217409,3,251,19,1.49,20.95,1.55,1015.5,88,26.1,23.9,1.2,24.5
"2026-08-01 04:15:00",4380,41.37716,2.217395,3,145,359,1.54,0.95,1.58,1015.5,88,26,23.9,1.2,24.4
"2026-08-01 04:30:00",4381,41.37701,2.217286,3,104,20,2.92,21.95,3.04,1015.6,86,25.9,23.5,1.2,24.2
"2026-08-01 04:45:00",4382,41.3769,2.217085,2,107,24,2.68,25.95,2.73,1015.5,88,26,24,1.2,24.5
"2026-08-01 05:00:00",4383,41.37687,2.216918,4,102,31,2.99,32.95,2.99,1015.5,88,25.9,23.9,1.2,24.4
"2026-08-01 05:15:00",4384,41.37685,2.216771,5,104,35,3.51,36.95,3.51,1015.4,88,25.9,23.8,1.2,24.3
"2026-08-01 05:30:00",4385,41.37687,2.216741,2,105,34,3.28,35.95,3.52,1015.4,87,25.8,23.5,1.2,24.1
"2026-08-01 05:45:00",4386,41.37689,2.216704,-1,103,42,4.25,43.95,4.41,1015.3,87,25.9,23.6,1.2,24.2
"2026-08-01 06:00:00",4387,41.37691,2.216675,-1,100,26,3.55,27.95,3.83,1015.2,88,25.7,23.6,1.2,24.1
"2026-08-01 06:15:00",4388,41.37693,2.216646,0,94,36,4.62,37.95,4.67,1015.1,88,25.7,23.6,1.2,24.1
"2026-08-01 06:30:00",4389,41.377,2.21656,2,94,40,3.48,41.95,3.39,1015.1,88,25.7,23.7,1.2,24.2
"2026-08-01 06:45:00",4390,41.377,2.216551,3,83,17,2.53,18.95,2.43,1015.2,87,25.5,23.3,1.2,23.8
"2026-08-01 07:00:00",4391,41.37708,2.216495,3,58,20,2.05,21.95,2.05,1015.4,86,25.5,23,1.2,23.6
"2026-08-01 07:15:00",4392,41.37715,2.216478,3,61,11,2.79,12.95,3.01,1015.4,85,25.3,22.7,1.2,23.4
"2026-08-01 07:30:00",4393,41.3772,2.216449,4,66,12,2.72,13.95,2.78,1015.4,86,25.4,22.9,1.2,23.6
"2026-08-01 07:45:00",4394,41.37726,2.216483,4,75,13,2.92,14.95,2.91,1015.5,85,25.6,23,1.2,23.6
"2026-08-01 08:00:00",4395,41.37734,2.216466,4,79,3,2.97,4.95,2.86,1015.5,84,25.6,22.8,1.2,23.6
"2026-08-01 08:15:00",4396,41.3774,2.216546,3,73,34,2.44,35.95,2.52,1015.5,85,25.9,23.2,1.2,23.9
"2026-08-01 08:30:00",4397,41.37741,2.216548,2,61,27,2.51,28.95,2.58,1015.6,86,25.9,23.4,1.2,24.1
"2026-08-01 08:45:00",4398,41.37739,2.216511,7,91,30,2.46,31.95,2.65,1015.7,87,26.1,23.8,1.2,24.3
"2026-08-01 09:00:00",4399,41.37743,2.216566,5,75,32,3.07,33.95,3.19,1015.6,87,26.1,23.8,1.2,24.4
"2026-08-01 09:15:00",4400,41.37755,2.216741,4,44,26,3.16,27.95,3.19,1015.7,87,26.1,23.9,1.2,24.4
"2026-08-01 09:30:00",4401,41.37757,2.216878,3,67,39,2.52,40.95,2.54,1015.6,87,26.2,24,1.2,24.6
"2026-08-01 09:45:00",4402,41.37759,2.216835,4,87,68,2.48,69.95,2.62,1015.5,88,26.6,24.6,1.2,25.1
"2026-08-01 10:00:00",4403,41.37761,2.216853,1,90,91,2.24,93,2.43,1015.8,88,26.6,24.5,1.2,25
"2026-08-01 10:15:00",4404,41.37759,2.21703,0,311,48,1.22,49.95,1.06,1016.1,88,26.6,24.5,1.2,25
"2026-08-01 10:30:00",4405,41.37756,2.217131,1,299,23,1.37,24.95,1.05,1016.1,88,26.7,24.6,1.2,25.1
"2026-08-01 10:45:00",4406,41.37756,2.217145,1,28,117,0.57,119,0.43,1016.1,86,27,24.5,1.2,25.2
"2026-08-01 11:00:00",4407,41.3776,2.217085,3,70,146,2.18,148,1.87,1015.8,84,27.5,24.6,1.2,25.3
"2026-08-01 11:15:00",4408,41.37761,2.217011,3,61,147,2.95,149,2.56,1015.7,84,27.5,24.6,1.2,25.3
"2026-08-01 11:30:00",4409,41.37761,2.216911,3,84,167,1.87,169,1.87,1015.7,83,27.5,24.5,1.2,25.3
"2026-08-01 11:45:00",4410,41.37762,2.216956,3,88,174,4.65,176,4.73,1015.7,83,27.5,24.4,1.2,25.2
"2026-08-01 12:00:00",4411,41.37762,2.216879,3,91,137,3.97,139,3.98,1015.7,82,27.4,24.2,1.2,25
"2026-08-01 12:15:00",4412,41.37762,2.216858,2,89,165,5.24,167,5.24,1015.8,81,27.4,23.8,1.2,24.8
"2026-08-01 12:30:00",4413,41.37762,2.216805,2,86,164,5.82,166,5.89,1015.6,81,27.4,24,1.2,24.8
"2026-08-01 12:45:00",4414,41.37762,2.216783,3,93,157,5.03,159,4.99,1015.6,80,27.3,23.7,1.2,24.7
"2026-08-01 13:00:00",4415,41.37762,2.216828,3,102,165,4.46,167,4.55,1015.7,80,27.3,23.7,1.2,24.7
"2026-08-01 13:15:00",4416,41.37762,2.216822,3,91,172,4.68,174,4.68,1015.6,80,27.3,23.5,1.2,24.5
"2026-08-01 13:30:00",4417,41.37762,2.216871,3,89,174,4.69,176,4.85,1015.3,81,27.3,23.8,1.2,24.7
"2026-08-01 13:45:00",4418,41.37764,2.216903,3,90,176,5.97,178,6.09,1015.1,81,27.3,23.9,1.2,24.8
"2026-08-01 14:00:00",4419,41.37764,2.216923,5,88,163,5.32,165,5.06,1015.1,80,27.3,23.7,1.2,24.6
"2026-08-01 14:15:00",4420,41.37762,2.216936,10,91,162,5.93,164,5.67,1015,82,27.2,24,1.2,24.8
"2026-08-01 14:30:00",4421,41.37764,2.21695,8,88,161,5.88,163,5.88,1014.8,81,27.2,23.8,1.2,24.7
"2026-08-01 14:45:00",4422,41.37765,2.216978,9,103,164,5.32,166,5.16,1014.6,81,27.3,23.9,1.2,24.8
"2026-08-01 15:00:00",4423,41.37765,2.21698,9,85,163,4.91,165,4.51,1014.4,82,27.3,24,1.2,24.8
"2026-08-01 15:15:00",4424,41.37768,2.216991,7,97,167,5.7,169,5.67,1014.3,80,27.2,23.5,1.2,24.5
"2026-08-01 15:30:00",4425,41.37764,2.217038,2,74,167,5.12,169,4.74,1014.2,81,27.3,23.8,1.2,24.7
"2026-08-01 15:45:00",4426,41.37764,2.217056,2,85,170,6.6,172,6.3,1014.1,81,27.2,23.8,1.2,24.7
"2026-08-01 16:00:00",4427,41.37768,2.217009,0,57,158,5.69,160,5.61,1014.1,81,27.2,23.8,1.2,24.7
"2026-08-01 16:15:00",4428,41.37768,2.217025,-1,90,183,4.77,185,4.74,1013.9,82,27.2,24.1,1.2,24.9
"2026-08-01 16:30:00",4429,41.37768,2.216992,-1,114,164,5.76,166,5.49,1013.6,80,27.2,23.6,1.2,24.5
"2026-08-01 16:45:00",4430,41.37764,2.217064,1,118,176,5.2,178,5.49,1013.4,82,27.2,24,1.2,24.8
"2026-08-01 17:00:00",4431,41.37764,2.217093,5,87,175,5.09,177,5.05,1013.4,83,27.1,24,1.2,24.8
"2026-08-01 17:15:00",4432,41.37764,2.2171,2,93,176,4.71,178,4.59,1013.2,82,27.2,23.9,1.2,24.7
"2026-08-01 17:30:00",4433,41.37764,2.217081,0,108,186,5.55,188,5.52,1013.1,82,27.2,24,1.2,24.8
"2026-08-01 17:45:00",4434,41.37764,2.217056,1,96,176,7.45,178,7.04,1013.3,83,27.2,24.1,1.2,24.9
"2026-08-01 18:00:00",4435,41.37764,2.217061,1,91,182,5.09,184,4.73,1013.2,82,27.2,24,1.2,24.9
"2026-08-01 18:15:00",4436,41.37762,2.217111,1,87,188,6.62,190,6.25,1013.3,83,27.3,24.2,1.2,25
"2026-08-01 18:30:00",4437,41.37762,2.217115,2,96,181,4.57,183,4.67,1013,84,27.3,24.5,1.2,25.2
"2026-08-01 18:45:00",4438,41.37761,2.217175,0,93,184,4.4,186,4.39,1013.2,83,27.4,24.4,1.2,25.1
"2026-08-01 19:00:00",4439,41.3776,2.217206,-1,80,188,4.31,190,4.48,1013,85,27.3,24.5,1.2,25.2
"2026-08-01 19:15:00",4440,41.3776,2.217196,0,70,162,2.17,164,2.38,1013.2,84,27.4,24.6,1.2,25.3
"2026-08-01 19:30:00",4441,41.3776,2.21717,0,91,169,3,171,3.14,1013.3,84,27.3,24.4,1.2,25.2
"2026-08-01 19:45:00",4442,41.3776,2.217183,0,37,133,2.17,135,2.32,1013.7,84,27.4,24.6,1.2,25.3
"2026-08-01 20:00:00",4443,41.37759,2.217185,1,49,127,3.2,129,3.14,1013.2,84,27.3,24.4,1.2,25.1
"2026-08-01 20:15:00",4444,41.37756,2.217213,0,75,147,3.19,149,3.32,1013.6,85,27.2,24.5,1.2,25.2
"2026-08-01 20:30:00",4445,41.37756,2.217241,1,45,157,2.21,159,2.44,1013.8,84,27.3,24.4,1.2,25.2
"2026-08-01 20:45:00",4446,41.37754,2.217256,-2,59,165,3.73,167,3.06,1013.2,85,27,24.3,1.2,25
"2026-08-01 21:00:00",4447,41.37759,2.217211,5,87,212,2.27,214,2.3,1013,85,27.1,24.4,1.2,25.1
"2026-08-01 21:15:00",4448,41.37756,2.217235,4,82,196,3.32,198,3.1,1013,87,26.8,24.6,1.2,25.2
"2026-08-01 21:30:00",4449,41.37751,2.217284,1,93,223,2.33,225,2.46,1013.2,88,26.8,24.7,1.2,25.2
"2026-08-01 21:45:00",4450,41.37746,2.217321,0,274,46,0.82,47.95,0.59,1012.9,88,26.8,24.6,1.2,25.2
"2026-08-01 22:00:00",4451,41.37749,2.217318,2,284,69,0.31,70.95,0.29,1012.8,88,26.8,24.7,1.2,25.2
"2026-08-01 22:15:00",4452,41.37749,2.217286,4,42,188,1.83,190,2.14,1012.8,89,26.6,24.7,1.2,25.2
"2026-08-01 22:30:00",4453,41.3775,2.217261,11,20,145,1.24,147,1.19,1012.9,88,26.6,24.6,1.2,25.1
"2026-08-01 22:45:00",4454,41.37743,2.217326,9,96,259,0.99,261,0.74,1013.2,89,26.6,24.7,1.2,25.2
"2026-08-01 23:00:00",4455,41.37738,2.217395,6,84,221,0.92,223,0.87,1013.3,90,26.3,24.6,1.2,25
"2026-08-01 23:15:00",4456,41.37728,2.217408,13,64,216,1.65,218,1.62,1013.3,90,26.1,24.5,1.2,24.9
"2026-08-01 23:30:00",4457,100,1000,7999,58,203,1000,"NAN",1.33,1013.3,90,26.2,24.5,1.2,25
"2026-08-01 23:45:00",4458,100,1000,7999,33,225,1000,"NAN",1.12,1013.1,90,26.2,24.6,1.2,25
"2026-08-02 00:00:00",4459,100,1000,7999,50,288,1000,"NAN",0.88,1012.8,90,26.2,24.6,1.2,25
"2026-08-02 00:15:00",4460,100,1000,7999,17,262,1000,"NAN",0.6,1012.7,90,26.3,24.6,1.2,25
"2026-08-02 00:30:00",4461,41.37687,2.21694,1,15,249,0.25,251,0.35,1012.6,88,26.5,24.4,1.2,24.9
"2026-08-02 00:45:00",4462,41.37687,2.216883,2,325,209,0.6,211,0.65,1012.7,86,26.8,24.3,1.2,25
"2026-08-02 01:00:00",4463,41.37687,2.2168,3,23,300,0.45,302,0.67,1012.4,87,26.9,24.5,1.2,25.1
"2026-08-02 01:15:00",4464,41.3769,2.216731,2,94,16,0.79,17.95,0.79,1012.3,87,26.8,24.6,1.2,25.1
"2026-08-02 01:30:00",4465,41.37693,2.21667,0,244,192,0.09,194,0.16,1012.3,88,26.8,24.7,1.2,25.2
"2026-08-02 01:45:00",4466,41.37701,2.21655,0,133,98,1.06,100,1.12,1012.3,90,26.4,24.7,1.2,25.2
"2026-08-02 02:00:00",4467,41.37705,2.216529,2,140,118,0.89,120,0.64,1012.1,90,26.3,24.6,1.2,25
"2026-08-02 02:15:00",4468,41.37711,2.216495,3,184,180,0.76,182,0.57,1012,90,26.4,24.7,1.2,25.1
"2026-08-02 02:30:00",4469,41.37712,2.216473,4,205,193,1.27,195,0.94,1011.9,89,26.4,24.5,1.2,25
"2026-08-02 02:45:00",4470,41.37717,2.216458,4,201,196,0.89,198,0.73,1011.7,89,26.4,24.5,1.2,25
"2026-08-02 03:00:00",4471,41.3772,2.216451,7,220,216,0.58,218,0.56,1011.7,89,26.3,24.5,1.2,24.9
"2026-08-02 03:15:00",4472,41.37733,2.216511,4,80,149,0.74,151,0.56,1011.6,90,26.4,24.7,1.2,25.1
"2026-08-02 03:30:00",4473,41.37749,2.216639,4,301,0,0.85,1.95,0.72,1011.4,89,26.2,24.3,1.2,24.8
"2026-08-02 03:45:00",4474,41.37752,2.216731,3,346,49,1.4,50.95,1.39,1011.3,91,26.3,24.8,1.2,25.2
"2026-08-02 04:00:00",4475,41.37753,2.216766,3,73,55,1.4,56.95,1.38,1011.2,90,26.2,24.6,1.2,25
"2026-08-02 04:15:00",4476,41.37755,2.216803,2,39,20,1.48,21.95,1.49,1011.1,91,26.2,24.7,1.2,25.1
"2026-08-02 04:30:00",4477,41.37752,2.216815,2,85,25,1.98,26.95,2,1010.9,91,26.1,24.6,1.2,25
"2026-08-02 04:45:00",4478,41.37736,2.216668,2,83,22,2.6,23.95,2.61,1010.9,90,26.2,24.4,1.2,24.9
"2026-08-02 05:00:00",4479,41.37707,2.216555,3,80,42,1.5,43.95,1.72,1011,89,26.2,24.3,1.2,24.8
"2026-08-02 05:15:00",4480,41.377,2.216648,3,78,348,1.07,350,1.16,1011.2,89,26.2,24.3,1.2,24.8
"2026-08-02 05:30:00",4481,41.37695,2.216796,1,13,256,0.76,258,0.76,1011.4,89,26.1,24.2,1.2,24.7
"2026-08-02 05:45:00",4482,41.3769,2.216788,0,274,203,0.76,205,0.66,1011.5,90,26.1,24.4,1.2,24.8
"2026-08-02 06:00:00",4483,41.377,2.216678,0,251,229,1,231,1,1011.5,90,25.9,24.3,1.2,24.7
"2026-08-02 06:15:00",4484,41.37701,2.216606,0,1,308,0.27,310,0.17,1011.4,90,25.9,24.2,1.2,24.6
"2026-08-02 06:30:00",4485,41.37698,2.216657,0,97,359,1.09,0.95,0.94,1011.4,90,26.1,24.4,1.2,24.8
"2026-08-02 06:45:00",4486,41.37692,2.216713,2,92,0,2.29,1.95,2.16,1011.7,88,25.9,23.9,1.2,24.4
"2026-08-02 07:00:00",4487,41.37687,2.216828,3,88,350,2.19,352,2.07,1011.7,85,26.1,23.4,1.2,24.1
"2026-08-02 07:15:00",4488,41.37685,2.216828,3,103,19,2.14,20.95,2.05,1011.7,85,26.1,23.4,1.2,24.1
"2026-08-02 07:30:00",4489,41.37684,2.216874,4,84,353,2.37,355,2.37,1011.8,84,26.1,23.1,1.2,23.9
"2026-08-02 07:45:00",4490,41.37681,2.216975,1,88,3,3.14,4.95,3.17,1011.6,85,25.9,23.3,1.2,24
"2026-08-02 08:00:00",4491,41.37687,2.216766,6,84,352,3.35,354,3.42,1011.6,84,25.9,23.1,1.2,23.9
"2026-08-02 08:15:00",4492,41.37684,2.216791,6,87,0,3.03,1.95,3.03,1011.4,84,25.9,23.1,1.2,23.8
"2026-08-02 08:30:00",4493,41.37685,2.216759,6,77,355,3.38,357,3.4,1011.4,85,26,23.3,1.2,24
"2026-08-02 08:45:00",4494,41.37684,2.216755,6,91,359,3.58,0.95,3.59,1011.3,86,26.2,23.7,1.2,24.4
"2026-08-02 09:00:00",4495,41.37685,2.216738,6,86,0,2.52,1.95,2.58,1011.4,85,26.2,23.5,1.2,24.2
"2026-08-02 09:15:00",4496,41.37689,2.216693,-2,81,15,2.03,16.95,1.81,1011.6,85,26.6,23.9,1.2,24.6
"2026-08-02 09:30:00",4497,41.3769,2.216673,-4,66,7,1.53,8.95,1.27,1011.7,82,26.8,23.6,1.2,24.4
"2026-08-02 09:45:00",4498,41.37694,2.216626,3,150,99,0.29,101,0.36,1011.7,82,27.5,24.3,1.2,25.1
"2026-08-02 10:00:00",4499,41.377,2.21658,2,146,121,0.36,123,0.44,1011.7,78,28.4,24.3,1.2,25.4
"2026-08-02 10:15:00",4500,41.37701,2.216545,0,151,138,0.53,140,0.61,1011.6,76,28.6,24.2,1.2,25.4
"2026-08-02 10:30:00",4501,41.37705,2.216501,0,133,140,0.54,142,0.73,1011.6,79,28.5,24.6,1.2,25.6
"2026-08-02 10:45:00",4502,41.3772,2.216443,5,147,145,1.1,147,0.78,1011.6,79,28.8,24.9,1.2,25.9
"2026-08-02 11:00:00",4503,41.3773,2.216448,6,101,129,2.18,131,2.03,1011.4,84,28.2,25.3,1.2,26.1
"2026-08-02 11:15:00",4504,41.37731,2.216468,4,102,135,1.77,137,1.58,1011.5,87,27.6,25.3,1.2,25.8
"2026-08-02 11:30:00",4505,41.37738,2.216475,4,85,123,2.26,125,1.84,1011.4,88,27.3,25.2,1.2,25.7
"2026-08-02 11:45:00",4506,41.37743,2.216504,6,89,127,3.27,129,3.17,1011.4,88,27.2,25.1,1.2,25.6
"2026-08-02 12:00:00",4507,41.37749,2.216573,3,77,130,2.05,132,2,1011.4,88,27.3,25.3,1.2,25.8
"2026-08-02 12:15:00",4508,41.37756,2.216681,2,60,126,3.07,128,2.93,1011.4,88,27.3,25.1,1.2,25.6
"2026-08-02 12:30:00",4509,41.37759,2.216768,1,85,132,2.79,134,2.79,1011.3,87,27.4,25.1,1.2,25.7
"2026-08-02 12:45:00",4510,41.3776,2.216783,0,76,129,3.56,131,3.57,1011.2,86,27.4,25,1.2,25.6
"2026-08-02 13:00:00",4511,41.37762,2.216856,1,70,130,3.73,132,3.7,1011.2,86,27.4,24.9,1.2,25.5
"2026-08-02 13:15:00",4512,41.37764,2.216953,1,51,132,3.69,134,3.61,1011.3,85,27.6,24.9,1.2,25.6
"2026-08-02 13:30:00",4513,41.37767,2.216984,0,73,147,2.9,149,3.23,1011.2,87,27.6,25.3,1.2,25.9
"2026-08-02 13:45:00",4514,41.37772,2.21694,-5,71,155,4.54,157,4.41,1011.1,86,27.6,25.2,1.2,25.8
"2026-08-02 14:00:00",4515,41.37768,2.21691,1,78,159,4.39,161,4.33,1011,88,27.4,25.3,1.2,25.8
"2026-08-02 14:15:00",4516,41.37765,2.21691,3,88,154,5.81,156,6.05,1010.9,89,27.4,25.4,1.2,25.9
"2026-08-02 14:30:00",4517,41.3776,2.216828,1,84,138,4.98,140,4.81,1010.8,89,27.4,25.6,1.2,26
"2026-08-02 14:45:00",4518,41.37759,2.216798,2,101,147,4.4,149,4.55,1010.7,89,27.5,25.6,1.2,26.1
"2026-08-02 15:00:00",4519,41.37756,2.216729,0,93,145,4.85,147,4.72,1010.7,89,27.6,25.7,1.2,26.2
"2026-08-02 15:15:00",4520,41.37758,2.216786,0,95,159,4.08,161,4.13,1010.8,89,27.7,25.7,1.2,26.2
"2026-08-02 15:30:00",4521,41.37759,2.216824,3,87,160,3.51,162,3.71,1010.7,89,27.8,25.8,1.2,26.3
"2026-08-02 15:45:00",4522,41.37762,2.21686,3,82,165,3.45,167,3.86,1010.6,88,27.9,25.8,1.2,26.3
"2026-08-02 16:00:00",4523,41.37762,2.216941,2,85,165,4.68,167,4.68,1010.5,87,28,25.7,1.2,26.3
"2026-08-02 16:15:00",4524,41.37764,2.216948,4,87,153,3.71,155,3.58,1010.4,87,28.1,25.9,1.2,26.5
"2026-08-02 16:30:00",4525,41.37764,2.217011,3,87,173,3.81,175,3.61,1010.3,86,28.3,25.9,1.2,26.5
"2026-08-02 16:45:00",4526,41.37764,2.217066,1,83,176,3.18,178,2.93,1010.1,86,28.2,25.7,1.2,26.3
"2026-08-02 17:00:00",4527,41.37762,2.217138,1,55,149,3.72,151,3.49,1009.9,84,28.4,25.4,1.2,26.2
"2026-08-02 17:15:00",4528,41.37762,2.217105,0,83,167,3.91,169,3.83,1009.9,84,28.3,25.4,1.2,26.2
"2026-08-02 17:30:00",4529,41.37762,2.217083,1,97,159,3.92,161,3.73,1009.8,86,28.2,25.8,1.2,26.4
"2026-08-02 17:45:00",4530,41.37759,2.217143,2,87,172,4.39,174,4.17,1009.7,85,28.2,25.6,1.2,26.2
"2026-08-02 18:00:00",4531,41.3776,2.217058,4,99,164,3.68,166,3.69,1009.6,86,28.2,25.7,1.2,26.3
"2026-08-02 18:15:00",4532,41.3776,2.217023,2,89,173,3.53,175,3.63,1009.5,86,28.2,25.7,1.2,26.3
"2026-08-02 18:30:00",4533,41.3776,2.217032,6,98,173,3.61,175,3.43,1009.5,86,28.1,25.7,1.2,26.3
"2026-08-02 18:45:00",4534,41.3776,2.217043,5,86,164,2.36,166,2.23,1009.4,87,28.2,25.8,1.2,26.4
"2026-08-02 19:00:00",4535,41.37756,2.21712,0,79,168,3.03,170,2.85,1009.3,87,28.3,25.9,1.2,26.5
"2026-08-02 19:15:00",4536,41.37753,2.217201,3,61,165,2.31,167,2.31,1009.2,86,28.3,25.9,1.2,26.5
"2026-08-02 19:30:00",4537,41.3775,2.217258,3,72,160,2.31,162,2.48,1009.2,87,28.2,25.8,1.2,26.4
"2026-08-02 19:45:00",4538,41.37751,2.217251,3,90,162,2.82,164,3.04,1009.2,87,28.3,25.9,1.2,26.5
"2026-08-02 20:00:00",4539,41.37751,2.217238,3,89,167,2.49,169,2.57,1009.2,88,28.2,26,1.2,26.5
"2026-08-02 20:15:00",4540,41.37757,2.217141,5,101,166,3.23,168,3.02,1009,88,28,26,1.2,26.5
"2026-08-02 20:30:00",4541,41.37759,2.21703,4,96,162,2.7,164,2.46,1009.1,88,28.1,26,1.2,26.5
"2026-08-02 20:45:00",4542,41.37757,2.217091,5,97,176,2.74,178,2.93,1009.1,87,28,25.8,1.2,26.3
"2026-08-02 21:00:00",4543,41.37755,2.217151,4,90,169,2.12,171,2.11,1009.2,88,28,25.9,1.2,26.4
"2026-08-02 21:15:00",4544,41.37751,2.217211,4,102,185,2.89,187,2.79,1009.1,89,27.9,25.9,1.2,26.4
"2026-08-02 21:30:00",4545,41.37749,2.217226,4,88,187,1.56,189,1.56,1009.3,89,27.9,26,1.2,26.5
"2026-08-02 21:45:00",4546,41.37748,2.217255,3,87,185,1.29,187,1.42,1009.5,89,27.8,26,1.2,26.4
"2026-08-02 22:00:00",4547,41.37746,2.217263,3,91,162,1.8,164,1.95,1009.8,89,27.8,25.9,1.2,26.4
"2026-08-02 22:15:00",4548,41.37749,2.21727,5,77,178,0.86,180,0.9,1010.1,88,27.9,25.8,1.2,26.3
"2026-08-02 22:30:00",4549,41.3775,2.217256,2,55,150,0.62,152,0.77,1010.2,88,28,25.8,1.2,26.4
"2026-08-02 22:45:00",4550,41.37749,2.217255,8,77,188,1.48,190,1.35,1010.2,89,27.9,26,1.2,26.5
"2026-08-02 23:00:00",4551,41.37749,2.21728,3,81,196,1.12,198,0.94,1010.3,88,27.8,25.7,1.2,26.3
"2026-08-02 23:15:00",4552,41.37748,2.217265,3,57,195,0.68,197,1,1010.4,88,27.7,25.5,1.2,26.1
"2026-08-02 23:30:00",4553,100,1000,7999,87,216,1000,"NAN",1.28,1010.4,88,27.5,25.5,1.2,26
"2026-08-02 23:45:00",4554,100,1000,7999,91,206,1000,"NAN",1.37,1010.5,89,27.4,25.6,1.2,26.1
"2026-08-03 00:00:00",4555,100,1000,7999,85,202,1000,"NAN",1.16,1010.4,89,27.3,25.5,1.2,25.9
"2026-08-03 00:15:00",4556,100,1000,7999,69,169,1000,"NAN",0.81,1010.5,88,27.5,25.4,1.2,26
"2026-08-03 00:30:00",4557,41.37752,2.217176,3,97,196,1.08,198,1.39,1010.6,88,27.6,25.6,1.2,26.1
"2026-08-03 00:45:00",4558,41.37754,2.217165,4,88,177,1.47,179,1.47,1010.7,90,27.5,25.7,1.2,26.2
"2026-08-03 01:00:00",4559,41.37756,2.217128,4,110,198,1.84,200,1.84,1010.7,90,27.5,25.7,1.2,26.2
"2026-08-03 01:15:00",4560,41.37757,2.217106,5,109,192,1.24,194,1.41,1010.8,89,27.6,25.7,1.2,26.2
"2026-08-03 01:30:00",4561,41.37758,2.21711,7,92,182,1.68,184,1.68,1010.8,89,27.7,25.7,1.2,26.2
"2026-08-03 01:45:00",4562,41.37756,2.21709,4,101,197,1.13,199,1.14,1010.8,89,27.7,25.8,1.2,26.3
"2026-08-03 02:00:00",4563,41.37756,2.217098,3,93,172,1.14,174,1.08,1010.8,90,27.7,25.9,1.2,26.4
"2026-08-03 02:15:00",4564,41.37756,2.217113,4,81,156,0.55,158,0.28,1010.7,89,27.7,25.9,1.2,26.3
"2026-08-03 02:30:00",4565,41.37751,2.217059,9,23,335,0.58,337,0.81,1010.6,89,27.7,25.9,1.2,26.3
"2026-08-03 02:45:00",4566,41.37752,2.217162,8,243,359,0.64,0.95,0.65,1010.5,90,27.6,25.9,1.2,26.3
"2026-08-03 03:00:00",4567,41.37753,2.217256,8,278,39,0.79,40.95,0.79,1010.5,89,27.4,25.6,1.2,26
"2026-08-03 03:15:00",4568,41.37753,2.217256,6,267,29,0.8,30.95,0.86,1010.4,89,27.5,25.6,1.2,26.1
"2026-08-03 03:30:00",4569,41.37756,2.217218,3,296,47,1.58,48.95,1.58,1010.3,92,27.4,26,1.2,26.3
"2026-08-03 03:45:00",4570,41.37755,2.217218,3,267,19,3.1,20.95,3.14,1010.2,92,27.2,25.9,1.2,26.2
"2026-08-03 04:00:00",4571,41.37759,2.217101,3,62,50,2.99,51.95,3.14,1010.1,91,27.2,25.7,1.2,26.1
"2026-08-03 04:15:00",4572,41.37759,2.217064,2,64,41,2.72,42.95,2.72,1010.1,91,27.2,25.7,1.2,26.1
"2026-08-03 04:30:00",4573,41.3776,2.217011,2,56,30,2.7,31.95,3.08,1010,91,27.2,25.7,1.2,26.1
"2026-08-03 04:45:00",4574,41.37761,2.216976,2,60,33,2.06,34.95,2.16,1010,91,27.2,25.7,1.2,26.1
"2026-08-03 05:00:00",4575,41.3776,2.217033,0,26,13,2.03,14.95,2.1,1010,90,27.2,25.5,1.2,25.9
"2026-08-03 05:15:00",4576,41.3776,2.217073,0,46,36,2.8,37.95,2.8,1009.9,90,27.2,25.5,1.2,25.9
"2026-08-03 05:30:00",4577,41.3776,2.217061,1,47,24,3.21,25.95,3.21,1009.9,90,27.2,25.4,1.2,25.8
"2026-08-03 05:45:00",4578,41.3776,2.217026,2,60,46,2.5,47.95,2.53,1009.9,90,27.2,25.5,1.2,25.9
"2026-08-03 06:00:00",4579,41.3776,2.217043,1,60,42,2.88,43.95,2.67,1010,89,27.1,25.2,1.2,25.7
"2026-08-03 06:15:00",4580,41.37761,2.216961,1,30,23,2.54,24.95,2.56,1010.1,90,27,25.2,1.2,25.7
"2026-08-03 06:30:00",4581,41.37761,2.217001,1,48,25,2.64,26.95,2.75,1010.2,89,26.8,24.8,1.2,25.3
"2026-08-03 06:45:00",4582,41.37761,2.216923,1,78,42,3.08,43.95,2.97,1010.2,89,26.8,24.9,1.2,25.4
"2026-08-03 07:00:00",4583,41.3776,2.216843,2,74,40,3.79,41.95,3.75,1010.5,90,26.9,25.2,1.2,25.6
"2026-08-03 07:15:00",4584,41.37756,2.216676,3,79,57,4.61,58.95,4.39,1010.6,91,27.1,25.7,1.2,26
"2026-08-03 07:30:00",4585,41.37756,2.216675,1,96,62,4.73,63.95,4.89,1010.7,91,27.2,25.7,1.2,26.1
"2026-08-03 07:45:00",4586,41.37755,2.216651,0,96,53,4.68,54.95,4.69,1010.9,90,27.2,25.5,1.2,25.9
"2026-08-03 08:00:00",4587,41.37759,2.216723,4,56,70,4.09,71.95,4.46,1011,89,27.3,25.4,1.2,25.9
"2026-08-03 08:15:00",4588,41.37756,2.216723,2,92,61,4.68,62.95,4.47,1011,88,27,25,1.2,25.5
"2026-08-03 08:30:00",4589,41.37755,2.216695,2,98,60,5.01,61.95,4.77,1011.2,89,27.2,25.4,1.2,25.9
"2026-08-03 08:45:00",4590,41.37753,2.216671,1,83,52,4.53,53.95,4.62,1011.3,88,27,24.9,1.2,25.5
"2026-08-03 09:00:00",4591,41.37751,2.216601,1,92,62,5.95,63.95,5.62,1011.4,88,27,24.9,1.2,25.4
"2026-08-03 09:15:00",4592,41.37746,2.216565,0,94,64,4.79,65.95,4.92,1011.4,88,27,25,1.2,25.5
"2026-08-03 09:30:00",4593,41.37743,2.216513,0,100,69,6.63,70.95,6.56,1011.4,88,27.1,25,1.2,25.6
"2026-08-03 09:45:00",4594,41.37736,2.21644,4,81,78,6.46,79.95,5.97,1011.4,87,27.2,24.9,1.2,25.5
"2026-08-03 10:00:00",4595,41.37733,2.216445,1,99,67,6.51,68.95,6.14,1011.4,87,27.3,25,1.2,25.5
"2026-08-03 10:15:00",4596,41.37733,2.216451,-1,91,80,5.98,82,5.98,1011.4,86,27.4,25,1.2,25.6
"2026-08-03 10:30:00",4597,41.37733,2.216448,-1,93,68,5.21,69.95,4.86,1011.6,87,27.5,25.2,1.2,25.8
"2026-08-03 10:45:00",4598,41.37731,2.216451,-1,94,70,5.69,71.95,5.64,1011.6,86,27.6,25.1,1.2,25.8
"2026-08-03 11:00:00",4599,41.37734,2.216453,-1,92,82,7.04,84,6.55,1011.8,86,27.6,25.2,1.2,25.8
"2026-08-03 11:15:00",4600,41.37734,2.216448,4,108,75,4.34,76.95,5.19,1012,86,27.7,25.3,1.2,25.9
"2026-08-03 11:30:00",4601,41.37738,2.216465,-1,86,70,6.17,71.95,6.17,1012.1,86,27.8,25.4,1.2,26
"2026-08-03 11:45:00",4602,41.37738,2.216434,-1,101,85,5.8,87,5.88,1012.1,85,27.6,25,1.2,25.7
"2026-08-03 12:00:00",4603,41.37738,2.216416,-5,87,103,6.43,105,6.4,1012,86,27.8,25.4,1.2,26
"2026-08-03 12:15:00",4604,41.37743,2.216434,-4,83,97,4.63,99,4.9,1012.1,86,27.9,25.5,1.2,26.1
"2026-08-03 12:30:00",4605,41.37749,2.216546,12,93,86,5.41,88,5.43,1011.9,85,27.9,25.3,1.2,25.9
"2026-08-03 12:45:00",4606,41.37748,2.216518,2,90,100,5.39,102,5.28,1011.9,85,27.9,25.3,1.2,25.9
"2026-08-03 13:00:00",4607,41.37749,2.216558,-2,90,85,4.93,87,4.9,1011.8,85,27.8,25.2,1.2,25.8
"2026-08-03 13:15:00",4608,41.37748,2.216566,-3,94,89,4.97,91,4.86,1011.8,86,27.8,25.4,1.2,26
"2026-08-03 13:30:00",4609,41.37752,2.216603,-2,88,113,5.99,115,5.56,1011.7,86,27.7,25.3,1.2,25.9
"2026-08-03 13:45:00",4610,41.37756,2.216648,-6,98,101,5.24,103,5.24,1011.7,85,27.9,25.1,1.2,25.8
"2026-08-03 14:00:00",4611,41.37755,2.216595,1,82,109,4.88,111,4.71,1011.7,86,27.9,25.4,1.2,26
"2026-08-03 14:15:00",4612,41.37756,2.216601,2,84,132,4.56,134,4.68,1011.6,86,27.9,25.5,1.2,26.1
"2026-08-03 14:30:00",4613,41.37758,2.216635,0,91,111,7.26,113,7.2,1011.4,86,27.9,25.5,1.2,26.1
"2026-08-03 14:45:00",4614,41.37758,2.216687,1,75,116,4.78,118,5.07,1011.4,86,27.9,25.4,1.2,26
"2026-08-03 15:00:00",4615,41.37759,2.216709,0,56,111,5.61,113,5.64,1011.3,86,27.9,25.5,1.2,26.1
"2026-08-03 15:15:00",4616,41.37759,2.216735,0,82,126,5.34,128,5.46,1011.2,86,27.8,25.4,1.2,26
"2026-08-03 15:30:00",4617,41.37759,2.216736,0,78,130,5.4,132,5.92,1011.1,87,27.8,25.6,1.2,26.2
"2026-08-03 15:45:00",4618,41.37759,2.216721,0,73,122,5.71,124,6.12,1010.9,87,27.7,25.5,1.2,26.1
"2026-08-03 16:00:00",4619,41.37761,2.21674,0,78,126,3.92,128,4.14,1010.7,88,27.9,25.9,1.2,26.4
"2026-08-03 16:15:00",4620,41.3776,2.216721,3,86,113,3.52,115,3.39,1010.8,88,27.7,25.5,1.2,26.1
"2026-08-03 16:30:00",4621,41.37762,2.216743,1,53,105,2.7,107,2.88,1010.7,87,27.8,25.6,1.2,26.2
"2026-08-03 16:45:00",4622,41.3776,2.216706,1,100,124,4.61,126,4.38,1010.6,88,27.9,25.9,1.2,26.4
"2026-08-03 17:00:00",4623,41.37759,2.216709,4,86,136,3.88,138,3.74,1010.6,87,27.9,25.7,1.2,26.2
"2026-08-03 17:15:00",4624,41.37756,2.216731,5,73,144,4.24,146,4.24,1010.5,88,27.9,25.9,1.2,26.4
"2026-08-03 17:30:00",4625,41.37753,2.216645,2,93,156,2.63,158,2.61,1010.3,89,28,26,1.2,26.5
"2026-08-03 17:45:00",4626,41.37756,2.216659,3,90,162,2.8,164,3.08,1010.2,88,28,25.9,1.2,26.4
"2026-08-03 18:00:00",4627,41.37755,2.216633,2,92,156,3.86,158,3.68,1010.6,88,28.2,26,1.2,26.6
"2026-08-03 18:15:00",4628,41.37751,2.216606,0,122,164,2.17,166,2.6,1010.5,87,28.2,25.8,1.2,26.4
"2026-08-03 18:30:00",4629,41.37746,2.216551,0,103,147,3.25,149,3.33,1010.3,86,28.3,25.9,1.2,26.5
"2026-08-03 18:45:00",4630,41.37744,2.216493,2,103,109,3.68,111,3.69,1009.6,87,28.1,25.7,1.2,26.3
"2026-08-03 19:00:00",4631,41.37726,2.216456,0,90,109,4.11,111,4.09,1009.1,88,28.1,25.9,1.2,26.4
"2026-08-03 19:15:00",4632,41.37723,2.216456,0,111,112,4.25,114,4.24,1009.2,87,28,25.7,1.2,26.3
"2026-08-03 19:30:00",4633,41.37729,2.216468,0,97,121,3.87,123,3.78,1008.9,87,28.2,25.9,1.2,26.5
"2026-08-03 19:45:00",4634,41.37717,2.216449,-1,112,119,4.73,121,4.72,1008.9,87,28.1,25.8,1.2,26.4
"2026-08-03 20:00:00",4635,41.37716,2.216478,0,122,120,0.77,122,1.01,1010,86,28.1,25.7,1.2,26.3
"2026-08-03 20:15:00",4636,41.37712,2.216495,0,260,234,0.88,236,0.89,1010.4,86,28.3,25.7,1.2,26.4
"2026-08-03 20:30:00",4637,41.3771,2.216496,-3,180,198,0.98,200,1.36,1010.2,86,28.3,25.8,1.2,26.4
"2026-08-03 20:45:00",4638,41.3771,2.216485,-2,182,190,1.38,192,1.52,1010.1,87,28.3,26,1.2,26.5
"2026-08-03 21:00:00",4639,41.37714,2.216461,-1,172,171,1.59,173,1.84,1009.9,86,28.3,25.9,1.2,26.5
"2026-08-03 21:15:00",4640,41.37715,2.21646,-1,140,156,2.91,158,2.91,1009.7,87,28.3,25.9,1.2,26.5
"2026-08-03 21:30:00",4641,41.37716,2.216461,0,138,154,1.97,156,2.12,1009.9,86,28.2,25.8,1.2,26.4
"2026-08-03 21:45:00",4642,41.37712,2.21647,0,139,121,1.68,123,1.78,1010,86,28.3,25.9,1.2,26.5
"2026-08-03 22:00:00",4643,41.3771,2.216483,0,119,112,0.96,114,0.71,1010.4,86,28.3,25.8,1.2,26.5
"2026-08-03 22:15:00",4644,41.37705,2.216514,0,49,21,1.11,22.95,1.04,1010.9,86,28.4,26,1.2,26.6
"2026-08-03 22:30:00",4645,41.37704,2.216532,0,92,57,1.37,58.95,1.27,1011.1,87,28.3,26,1.2,26.6
"2026-08-03 22:45:00",4646,41.37706,2.216553,-2,75,55,1.62,56.95,1.56,1011.4,86,28.3,25.9,1.2,26.5
"2026-08-03 23:00:00",4647,41.37704,2.216521,3,89,62,2.28,63.95,2.03,1011.5,87,28.3,26,1.2,26.6
"2026-08-03 23:15:00",4648,41.37704,2.21652,3,109,92,2.75,94,2.73,1011.3,87,28.4,26.1,1.2,26.7
"2026-08-03 23:30:00",4649,41.37701,2.21654,0,94,60,2.79,61.95,2.7,1011.5,88,28.2,26,1.2,26.6
"2026-08-03 23:45:00",4650,41.37701,2.216529,0,103,82,2.52,84,2.35,1011.6,87,28.2,26,1.2,26.5
"2026-08-04 00:00:00",4651,41.37701,2.216563,-4,111,85,1.66,87,1.72,1011.6,88,28.2,26,1.2,26.6
"2026-08-04 00:15:00",4652,41.37701,2.21654,-3,116,77,2.67,78.95,2.72,1011.5,87,28.1,25.9,1.2,26.5
"2026-08-04 00:30:00",4653,41.37705,2.216509,-3,103,69,2.98,70.95,3.05,1011.7,88,28.2,26,1.2,26.6
"2026-08-04 00:45:00",4654,41.37705,2.216503,-3,112,85,3.33,87,3.33,1011.4,88,28.1,25.9,1.2,26.5
"2026-08-04 01:00:00",4655,41.37701,2.216518,2,112,88,2.22,90,2.22,1011.4,88,28.2,26.1,1.2,26.6
"2026-08-04 01:15:00",4656,41.37705,2.216493,2,118,88,1.78,90,1.74,1011.5,87,28.1,25.9,1.2,26.4
"2026-08-04 01:30:00",4657,41.37706,2.216506,1,124,107,2.27,109,2.37,1011.5,87,28.1,25.8,1.2,26.4
"2026-08-04 01:45:00",4658,41.37703,2.216511,4,120,96,2.61,98,2.46,1011.5,87,28.1,25.8,1.2,26.4
"2026-08-04 02:00:00",4659,41.37701,2.21652,5,94,72,2.23,73.95,2.25,1011.5,87,28.1,25.9,1.2,26.4
"2026-08-04 02:15:00",4660,41.377,2.216518,6,93,60,1.66,61.95,1.69,1011.6,87,28,25.6,1.2,26.2
"2026-08-04 02:30:00",4661,41.37697,2.216543,8,86,45,2.85,46.95,2.93,1011.6,88,27.8,25.7,1.2,26.2
"2026-08-04 02:45:00",4662,41.377,2.216528,9,75,38,2.3,39.95,2.32,1011.6,89,27.6,25.6,1.2,26.1
"2026-08-04 03:00:00",4663,41.377,2.216537,5,69,30,2.13,31.95,2.33,1011.6,89,27.6,25.6,1.2,26.1
"2026-08-04 03:15:00",4664,41.377,2.216525,5,84,49,2.78,50.95,2.86,1011.6,89,27.6,25.7,1.2,26.2
"2026-08-04 03:30:00",4665,41.377,2.216514,7,78,45,3.21,46.95,3.34,1011.6,89,27.7,25.9,1.2,26.3
"2026-08-04 03:45:00",4666,41.37703,2.216498,4,67,35,3.06,36.95,3.06,1011.7,88,27.6,25.6,1.2,26.1
"2026-08-04 04:00:00",4667,41.377,2.216503,3,41,7,2.07,8.95,2.17,1011.7,87,27.7,25.5,1.2,26.1
"2026-08-04 04:15:00",4668,41.37696,2.216541,5,64,355,3.69,357,3.7,1011.6,85,27.4,24.8,1.2,25.5
"2026-08-04 04:30:00",4669,41.37697,2.216566,3,42,353,2.48,355,2.69,1011.6,84,27.3,24.4,1.2,25.2
"2026-08-04 04:45:00",4670,41.37696,2.216565,4,43,353,3.12,355,3.15,1011.6,84,27.4,24.4,1.2,25.2
"2026-08-04 05:00:00",4671,41.37697,2.21655,3,46,341,2.28,343,2.53,1011.6,83,27.3,24.1,1.2,24.9
"2026-08-04 05:15:00",4672,41.37695,2.216553,5,59,358,3.29,360,3.11,1011.6,83,27.3,24.1,1.2,25
"2026-08-04 05:30:00",4673,41.37697,2.216616,1,66,340,1.9,342,1.9,1011.6,82,27.1,23.8,1.2,24.7
"2026-08-04 05:45:00",4674,41.37697,2.216671,0,55,334,2.71,336,2.76,1011.5,82,27.1,23.9,1.2,24.8
"2026-08-04 06:00:00",4675,41.37697,2.216618,2,72,359,3.26,0.95,3.26,1011.7,82,27,23.8,1.2,24.6
"2026-08-04 06:15:00",4676,41.37695,2.21661,0,54,9,3.68,10.95,3.51,1011.8,82,26.9,23.7,1.2,24.5
"2026-08-04 06:30:00",4677,41.37694,2.216605,0,65,354,3.53,356,3.64,1012,81,26.7,23.2,1.2,24.1
"2026-08-04 06:45:00",4678,41.37693,2.216659,0,83,356,4.69,358,4.85,1012,82,26.5,23.3,1.2,24.2
"2026-08-04 07:00:00",4679,41.37692,2.216635,0,86,338,4.53,340,4.53,1012.2,79,26.4,22.6,1.2,23.6
"2026-08-04 07:15:00",4680,41.37696,2.216584,0,49,349,2.62,351,2.82,1012.3,80,26.5,22.9,1.2,23.8
"2026-08-04 07:30:00",4681,41.37697,2.216584,-2,80,354,3.11,356,3.31,1012.5,79,26.4,22.6,1.2,23.6
"2026-08-04 07:45:00",4682,41.377,2.216556,0,70,346,2.6,348,2.85,1012.6,79,26.4,22.5,1.2,23.6
"2026-08-04 08:00:00",4683,41.37701,2.216532,1,86,337,2.44,339,2.7,1012.7,78,26.5,22.4,1.2,23.5
"2026-08-04 08:15:00",4684,41.37703,2.216504,2,81,6,3.14,7.95,3.29,1012.6,78,26.8,22.7,1.2,23.8
"2026-08-04 08:30:00",4685,41.37701,2.216509,1,85,336,3.17,338,3.08,1012.8,76,26.9,22.4,1.2,23.7
"2026-08-04 08:45:00",4686,41.37703,2.216503,0,83,4,3.13,5.95,3.09,1012.9,77,27.1,22.7,1.2,23.9
"2026-08-04 09:00:00",4687,41.37703,2.216521,1,76,357,3.13,359,3.06,1013,75,27.2,22.3,1.2,23.7
"2026-08-04 09:15:00",4688,41.37701,2.21652,1,73,356,3.62,358,3.58,1013.2,74,27.2,22.3,1.2,23.7
"2026-08-04 09:30:00",4689,41.37703,2.216504,3,87,335,3.09,337,2.87,1013.3,74,27.3,22.4,1.2,23.8
"2026-08-04 09:45:00",4690,41.37704,2.216526,0,91,347,3.17,349,2.93,1013.4,73,27.4,22.2,1.2,23.6
"2026-08-04 10:00:00",4691,41.3771,2.216501,0,89,5,3.01,6.95,3.12,1013.5,76,27.5,23.1,1.2,24.3
"2026-08-04 10:15:00",4692,100,1000,7999,61,31,1000,"NAN",1.83,1013.6,76,27.8,23.3,1.2,24.5
"2026-08-04 10:30:00",4693,100,1000,7999,89,78,1000,"NAN",1.72,1013.7,78,28,23.9,1.2,25
"2026-08-04 10:45:00",4694,100,1000,7999,101,98,1000,"NAN",1.49,1013.7,80,28.1,24.3,1.2,25.3
"2026-08-04 11:00:00",4695,41.37709,2.216523,1,102,93,2.23,95,2.24,1013.8,80,28,24.3,1.2,25.3
"2026-08-04 11:15:00",4696,41.37712,2.216491,2,109,118,4.37,120,4.4,1013.8,82,27.9,24.7,1.2,25.5
"2026-08-04 11:30:00",4697,41.37714,2.216485,3,102,108,4.28,110,4.31,1014,81,27.7,24.3,1.2,25.2
"2026-08-04 11:45:00",4698,41.37717,2.216475,3,115,124,3.41,126,3.43,1014,81,27.8,24.3,1.2,25.2
"2026-08-04 12:00:00",4699,41.37719,2.216465,2,105,119,4.41,121,4.59,1014,81,27.9,24.5,1.2,25.4
"2026-08-04 12:15:00",4700,41.37723,2.216458,3,122,143,3.31,145,3.34,1014,86,27.8,25.2,1.2,25.9
"2026-08-04 12:30:00",4701,41.37722,2.216449,1,114,141,6.11,143,6.19,1014.1,85,27.5,24.8,1.2,25.5
"2026-08-04 12:45:00",4702,41.37725,2.216441,0,102,126,4.89,128,4.7,1014.1,85,27.6,24.9,1.2,25.6
"2026-08-04 13:00:00",4703,41.37725,2.216431,-1,115,133,4.76,135,4.7,1014.1,85,27.7,24.9,1.2,25.6
"2026-08-04 13:15:00",4704,41.37725,2.216438,1,100,122,5.07,124,4.85,1014,85,27.8,25.1,1.2,25.8
"2026-08-04 13:30:00",4705,41.37726,2.216433,0,101,136,4.8,138,5.14,1014.1,84,27.7,24.9,1.2,25.6
"2026-08-04 13:45:00",4706,41.37728,2.216445,0,107,134,5.52,136,5.49,1014,84,27.7,24.8,1.2,25.6
"2026-08-04 14:00:00",4707,41.37728,2.216433,0,110,135,5.28,137,4.73,1014,84,27.7,24.8,1.2,25.5
"2026-08-04 14:15:00",4708,41.3773,2.21644,0,110,138,5.28,140,4.99,1014,83,27.7,24.7,1.2,25.5
"2026-08-04 14:30:00",4709,41.37728,2.216449,0,100,131,5.48,133,5.72,1014,82,27.6,24.3,1.2,25.1
"2026-08-04 14:45:00",4710,41.37729,2.216448,0,92,117,4.19,119,4.36,1013.8,84,27.5,24.7,1.2,25.4
"2026-08-04 15:00:00",4711,41.37729,2.216431,0,94,120,3.42,122,3.71,1014.1,83,27.3,24.3,1.2,25.1
"2026-08-04 15:15:00",4712,41.37731,2.216458,0,110,142,3.34,144,3.83,1014.1,83,27.3,24.2,1.2,25
"2026-08-04 15:30:00",4713,41.37733,2.216456,-1,114,150,3.03,152,3.12,1014.3,83,27.7,24.7,1.2,25.5
"2026-08-04 15:45:00",4714,41.37733,2.216468,-3,94,138,3.12,140,2.93,1014.4,82,27.5,24.3,1.2,25.1
"2026-08-04 16:00:00",4715,41.37734,2.216466,-3,122,161,3.35,163,3.37,1014.3,82,27.5,24.3,1.2,25.1
"2026-08-04 16:15:00",4716,41.37733,2.216491,1,99,148,3.02,150,3.07,1014.4,82,27.6,24.2,1.2,25.1
"2026-08-04 16:30:00",4717,41.37734,2.216503,1,105,144,2.67,146,2.62,1014.1,81,27.7,24.3,1.2,25.2
"2026-08-04 16:45:00",4718,41.37733,2.216528,3,100,160,2.11,162,2.04,1014.1,82,27.9,24.7,1.2,25.5
"2026-08-04 17:00:00",4719,41.3773,2.216538,6,114,150,2.2,152,2.07,1013.9,83,28,24.8,1.2,25.6
"2026-08-04 17:15:00",4720,41.37733,2.216509,1,107,148,2.68,150,2.58,1013.9,81,27.9,24.4,1.2,25.3
"2026-08-04 17:30:00",4721,41.37733,2.216501,0,98,149,3.07,151,2.91,1013.7,81,27.9,24.4,1.2,25.3
"2026-08-04 17:45:00",4722,41.37733,2.216516,1,101,164,2.33,166,2.33,1013.9,79,27.9,24.1,1.2,25.1
"2026-08-04 18:00:00",4723,41.37729,2.216473,0,91,129,3.65,131,3.44,1013.8,80,28,24.3,1.2,25.3
"2026-08-04 18:15:00",4724,41.37726,2.216493,0,96,135,3.47,137,3.17,1013.9,81,28.1,24.5,1.2,25.4
"2026-08-04 18:30:00",4725,41.37725,2.216475,-2,94,124,1.96,126,1.89,1014.2,80,28.1,24.4,1.2,25.4
"2026-08-04 18:45:00",4726,41.37728,2.216463,5,80,117,1.91,119,1.93,1014.2,80,28.1,24.5,1.2,25.4
"2026-08-04 19:00:00",4727,41.37723,2.216473,2,90,108,2.76,110,2.98,1014.2,83,28,25,1.2,25.8
"2026-08-04 19:15:00",4728,41.37726,2.216482,4,81,112,2.21,114,2.86,1014.3,82,27.9,24.5,1.2,25.4
"2026-08-04 19:30:00",4729,41.37729,2.216516,6,96,104,1.73,106,1.82,1013.9,81,27.8,24.4,1.2,25.3
"2026-08-04 19:45:00",4730,41.37723,2.216478,6,92,91,2.82,93,2.66,1013.9,82,27.9,24.6,1.2,25.5
"2026-08-04 20:00:00",4731,41.37724,2.216534,2,110,233,1.13,235,1.5,1013.9,81,28.1,24.5,1.2,25.5
"2026-08-04 20:15:00",4732,41.37728,2.216538,3,50,163,0.17,165,0.39,1014.1,81,28.1,24.5,1.2,25.4
"2026-08-04 20:30:00",4733,41.37731,2.216563,3,109,198,1.43,200,1.38,1014.1,81,28.1,24.6,1.2,25.5
"2026-08-04 20:45:00",4734,41.37726,2.216545,1,115,183,1.32,185,1.25,1014.1,81,28,24.6,1.2,25.5
"2026-08-04 21:00:00",4735,41.37733,2.216521,4,84,178,0.88,180,1.03,1014.2,82,27.8,24.5,1.2,25.4
"2026-08-04 21:15:00",4736,100,1000,7999,113,209,1000,"NAN",1.59,1014.2,82,27.7,24.5,1.2,25.3
"2026-08-04 21:30:00",4737,100,1000,7999,93,200,1000,"NAN",2.36,1014.4,84,27.8,24.9,1.2,25.6
"2026-08-04 21:45:00",4738,100,1000,7999,96,193,1000,"NAN",2.68,1014.5,84,27.7,24.9,1.2,25.6
"2026-08-04 22:00:00",4739,100,1000,7999,45,127,1000,"NAN",0.81,1014.9,84,27.8,25,1.2,25.7
"2026-08-04 22:15:00",4740,41.37719,2.216611,3,110,148,0.87,150,0.82,1015.1,83,27.7,24.8,1.2,25.5
"2026-08-04 22:30:00",4741,41.37715,2.216646,2,37,110,1.05,112,1.34,1015.1,84,27.8,24.9,1.2,25.7
"2026-08-04 22:45:00",4742,41.37716,2.216643,2,113,192,1.22,194,1.22,1015.2,84,27.8,24.9,1.2,25.6
"2026-08-04 23:00:00",4743,41.37719,2.216662,2,84,171,0.98,173,0.99,1015.2,84,27.8,24.9,1.2,25.7
"2026-08-04 23:15:00",4744,41.37729,2.216718,4,99,222,1.72,224,1.5,1015.1,84,27.8,24.8,1.2,25.6
"2026-08-04 23:30:00",4745,41.37736,2.216776,2,102,226,1.95,228,1.95,1015.2,83,28,24.9,1.2,25.7
"2026-08-04 23:45:00",4746,41.37746,2.216916,2,96,218,2.76,220,2.54,1015.2,85,28.4,25.6,1.2,26.3
"2026-08-05 00:00:00",4747,41.37756,2.217064,1,101,222,2.78,224,2.73,1015.1,82,28.4,25,1.2,25.9
"2026-08-05 00:15:00",4748,41.37752,2.217193,1,103,226,2.58,228,2.44,1015.1,81,28.3,24.8,1.2,25.7
"2026-08-05 00:30:00",4749,41.37751,2.217255,1,102,231,2.38,233,2.28,1015.2,80,28.3,24.6,1.2,25.6
"2026-08-05 00:45:00",4750,41.37752,2.217248,1,105,234,2.61,236,2.47,1015.3,82,28.3,24.9,1.2,25.8
"2026-08-05 01:00:00",4751,41.37753,2.217256,1,105,217,3.46,219,3.38,1015.3,81,28.2,24.6,1.2,25.5
"2026-08-05 01:15:00",4752,41.37752,2.217253,-1,104,235,3.1,237,3.1,1015.4,81,28.3,24.9,1.2,25.7
"2026-08-05 01:30:00",4753,41.37752,2.217226,0,97,231,2.43,233,2.25,1015.3,79,28,24,1.2,25.1
"2026-08-05 01:45:00",4754,41.37751,2.217182,1,203,322,0.98,324,0.99,1015.2,75,28.1,23.3,1.2,24.6
"2026-08-05 02:00:00",4755,41.37757,2.216921,3,80,166,1.45,168,1.45,1015.1,78,28.1,23.9,1.2,25.1
"2026-08-05 02:15:00",4756,41.37734,2.21659,5,83,54,2.62,55.95,2.77,1015.2,80,27.9,24.2,1.2,25.2
"2026-08-05 02:30:00",4757,41.37716,2.216541,6,90,38,2,39.95,2.14,1015.2,80,27.6,23.9,1.2,24.9
"2026-08-05 02:45:00",4758,41.37709,2.216578,5,105,353,1.13,355,1.24,1015.2,81,27.7,24.2,1.2,25.1
"2026-08-05 03:00:00",4759,41.37708,2.21658,2,96,338,1.19,340,1.23,1015.2,77,27.7,23.5,1.2,24.6
"2026-08-05 03:15:00",4760,41.37707,2.216584,2,97,324,1.79,326,1.79,1015.1,81,27.7,24.2,1.2,25.1
"2026-08-05 03:30:00",4761,41.37703,2.216673,2,94,286,2.33,288,2.22,1015.1,80,27.7,24,1.2,25
"2026-08-05 03:45:00",4762,41.37697,2.216683,4,95,324,2.82,326,2.83,1015.4,78,27.9,23.8,1.2,24.9
"2026-08-05 04:00:00",4763,41.37692,2.216657,3,114,7,3.63,8.95,3.63,1015.5,75,27.5,22.9,1.2,24.1
"2026-08-05 04:15:00",4764,41.37685,2.216793,2,107,348,6.36,350,6.39,1015.3,76,27.1,22.7,1.2,23.9
"2026-08-05 04:30:00",4765,41.37684,2.216861,4,89,337,4.55,339,4.56,1015.4,75,27,22.3,1.2,23.6
"2026-08-05 04:45:00",4766,41.37687,2.216906,4,108,323,5.27,325,5.27,1015.4,73,27.1,21.9,1.2,23.4
"2026-08-05 05:00:00",4767,41.37689,2.21683,2,92,323,3.97,325,3.98,1015.3,73,27.4,22.2,1.2,23.7
"2026-08-05 05:15:00",4768,41.37691,2.216815,2,93,318,3.23,320,3.22,1015.3,71,27.5,21.9,1.2,23.5
"2026-08-05 05:30:00",4769,41.37696,2.216757,1,91,0,3.65,1.95,3.84,1015.2,72,27.4,22,1.2,23.5
"2026-08-05 05:45:00",4770,41.37691,2.216863,-1,99,327,4.22,329,4.22,1015.2,71,27,21.4,1.2,23
"2026-08-05 06:00:00",4771,41.3769,2.216883,-2,96,323,3.85,325,3.85,1015.4,71,27.3,21.6,1.2,23.3
"2026-08-05 06:15:00",4772,41.37691,2.216786,-1,89,327,3.24,329,3.24,1015.4,68,27.2,20.9,1.2,22.8
"2026-08-05 06:30:00",4773,41.37694,2.216763,-1,91,343,2.91,345,2.93,1015.4,70,27.3,21.5,1.2,23.2
"2026-08-05 06:45:00",4774,41.37692,2.216781,-2,79,322,2.6,324,2.66,1015.5,71,27.3,21.6,1.2,23.2
"2026-08-05 07:00:00",4775,41.3769,2.216838,-1,97,327,3.5,329,3.54,1015.7,71,27.1,21.4,1.2,23
"2026-08-05 07:15:00",4776,41.37689,2.216876,-1,98,327,3.79,329,3.84,1015.8,70,27,21.2,1.2,22.9
"2026-08-05 07:30:00",4777,41.37685,2.216874,4,96,339,3.34,341,3.34,1015.8,71,27.1,21.6,1.2,23.2
"2026-08-05 07:45:00",4778,41.37685,2.216923,3,96,332,4.42,334,4.44,1015.8,70,27.1,21.2,1.2,22.9
"2026-08-05 08:00:00",4779,41.37684,2.216911,1,94,332,5.14,334,5.14,1015.9,73,27.3,22,1.2,23.5
"2026-08-05 08:15:00",4780,41.37685,2.216925,0,97,336,4.28,338,4.3,1015.9,72,27.1,21.8,1.2,23.3
"2026-08-05 08:30:00",4781,41.37684,2.216898,0,98,347,4.48,349,4.46,1016.1,72,27.2,21.8,1.2,23.3
"2026-08-05 08:45:00",4782,41.37684,2.216928,2,98,331,4.01,333,4.05,1016.3,69,27.4,21.4,1.2,23.2
"2026-08-05 09:00:00",4783,41.37684,2.2169,3,97,336,3.22,338,3.23,1016.4,69,27.9,21.8,1.2,23.5
"2026-08-05 09:15:00",4784,41.37687,2.216884,3,105,339,3.33,341,3.31,1016.6,67,28.1,21.4,1.2,23.4
"2026-08-05 09:30:00",4785,41.37688,2.216873,3,104,346,2.59,348,2.59,1016.7,68,28.5,22,1.2,23.9
"2026-08-05 09:45:00",4786,41.37693,2.216828,2,118,3,2.16,4.95,2.11,1016.8,66,28.9,22,1.2,24
"2026-08-05 10:00:00",4787,41.37708,2.216751,-1,136,34,1.57,35.95,1.54,1016.6,67,29.4,22.6,1.2,24.6
"2026-08-05 10:15:00",4788,41.37725,2.216643,3,48,64,0.84,65.95,0.84,1016.6,65,29.5,22.3,1.2,24.4
"2026-08-05 10:30:00",4789,41.37733,2.216657,3,2,81,0.63,83,0.68,1016.7,64,29.9,22.4,1.2,24.6
"2026-08-05 10:45:00",4790,41.37738,2.216646,3,2,71,0.9,72.95,0.87,1016.8,65,30,22.7,1.2,24.8
"2026-08-05 11:00:00",4791,41.37749,2.216598,4,72,118,1.91,120,1.76,1016.6,68,29.4,23,1.2,24.8
"2026-08-05 11:15:00",4792,100,1000,7999,71,120,1000,"NAN",1.71,1016.8,72,29.4,23.8,1.2,25.3
"2026-08-05 11:30:00",4793,41.37745,2.21669,4,60,148,1.15,150,1.16,1016.9,72,29.1,23.6,1.2,25.1
"2026-08-05 11:45:00",4794,41.37749,2.21669,4,93,176,2.52,178,2.27,1016.9,72,29,23.6,1.2,25.1
"2026-08-05 12:00:00",4795,41.37756,2.216796,4,96,162,2.52,164,2.65,1017.1,73,29.1,23.8,1.2,25.2
"2026-08-05 12:15:00",4796,41.37759,2.216835,4,97,167,3.13,169,3,1017.1,72,29.1,23.6,1.2,25.1
"2026-08-05 12:30:00",4797,41.37761,2.216913,4,94,171,3.11,173,3.18,1017.2,69,29.3,23.2,1.2,24.9
"2026-08-05 12:45:00",4798,41.37762,2.21694,4,96,179,3.64,181,3.82,1017.2,68,29.2,22.7,1.2,24.6
"2026-08-05 13:00:00",4799,41.37762,2.216898,10,95,181,4.55,183,4.48,1017.2,72,29.4,23.8,1.2,25.4
"2026-08-05 13:15:00",4800,41.37762,2.216953,7,101,189,3.94,191,4.23,1017.1,70,29.5,23.6,1.2,25.2
"2026-08-05 13:30:00",4801,41.37762,2.216958,4,92,184,4.66,186,4.78,1017.1,69,29.5,23.3,1.2,25
"2026-08-05 13:45:00",4802,41.37765,2.21709,-1,93,188,5.65,190,5.76,1017,72,29.6,24.1,1.2,25.6
"2026-08-05 14:00:00",4803,41.37764,2.217048,1,99,196,5.76,198,5.76,1017,67,29.6,22.9,1.2,24.8
"2026-08-05 14:15:00",4804,41.37764,2.217038,7,105,199,5.25,201,5.33,1017,69,29.7,23.5,1.2,25.3
"2026-08-05 14:30:00",4805,41.3776,2.217148,2,98,200,5.45,202,5.45,1016.9,67,29.5,23,1.2,24.8
"2026-08-05 14:45:00",4806,41.37759,2.217182,4,102,208,6.63,210,6.7,1016.8,66,29.5,22.6,1.2,24.6
"2026-08-05 15:00:00",4807,41.37756,2.217209,7,92,204,4.65,206,4.78,1016.8,73,29.4,24.2,1.2,25.6
"2026-08-05 15:15:00",4808,41.37758,2.217196,8,91,197,6.5,199,6.61,1016.7,68,29.5,23,1.2,24.8
"2026-08-05 15:30:00",4809,41.37759,2.217226,-4,99,204,7.39,206,7.4,1016.7,70,29.4,23.4,1.2,25
"2026-08-05 15:45:00",4810,41.37756,2.217245,-2,99,212,6.89,214,6.97,1016.6,72,29.4,23.9,1.2,25.4
"2026-08-05 16:00:00",4811,41.37756,2.217258,0,102,207,7.62,209,7.46,1016.4,75,29.3,24.6,1.2,25.8
"2026-08-05 16:15:00",4812,41.37759,2.217256,0,108,214,7.18,216,7.27,1016.4,74,29.2,24.3,1.2,25.6
"2026-08-05 16:30:00",4813,41.37758,2.21726,0,94,206,6.81,208,6.56,1016.3,76,29.2,24.6,1.2,25.8
"2026-08-05 16:45:00",4814,41.37759,2.217263,1,106,207,7.68,209,7.61,1016.2,77,29.3,24.9,1.2,26
"2026-08-05 17:00:00",4815,41.37759,2.21725,0,102,210,8.16,212,8.04,1016.1,77,29.4,24.9,1.2,26.1
"2026-08-05 17:15:00",4816,41.37758,2.21724,0,99,206,7,208,6.93,1016,74,29.3,24.3,1.2,25.6
"2026-08-05 17:30:00",4817,41.37758,2.217248,0,103,205,7.05,207,6.87,1016,78,29.2,25,1.2,26.1
"2026-08-05 17:45:00",4818,41.37756,2.217261,0,104,216,7.22,218,7.27,1015.9,76,29.3,24.8,1.2,25.9
"2026-08-05 18:00:00",4819,41.37756,2.217275,0,102,211,8.53,213,8.75,1015.9,74,29.4,24.3,1.2,25.7
"2026-08-05 18:15:00",4820,41.37756,2.217273,2,105,202,5.84,204,5.9,1015.9,75,29.5,24.6,1.2,25.9
"2026-08-05 18:30:00",4821,41.37756,2.217245,3,95,207,7.01,209,7.02,1016,73,29.6,24.3,1.2,25.7
"2026-08-05 18:45:00",4822,41.37755,2.217308,-5,97,202,6.02,204,6.07,1016,73,29.5,24.3,1.2,25.7
"2026-08-05 19:00:00",4823,41.37756,2.217271,0,103,206,6.09,208,6.09,1015.9,76,29.3,24.7,1.2,25.9
"2026-08-05 19:15:00",4824,41.37756,2.217263,0,90,203,6.07,205,5.83,1016,77,29.3,25,1.2,26.2
"2026-08-05 19:30:00",4825,41.37756,2.217247,1,103,200,6,202,5.73,1016.1,74,29.2,24.1,1.2,25.5
"2026-08-05 19:45:00",4826,41.37756,2.217247,0,105,208,5.2,210,5.2,1016.2,73,29.3,24.1,1.2,25.5
"2026-08-05 20:00:00",4827,41.37757,2.217201,0,91,208,4.76,210,4.69,1016.4,78,29.2,25.2,1.2,26.2
"2026-08-05 20:15:00",4828,41.37757,2.21718,2,93,200,4.7,202,4.7,1016.6,73,29.4,24.1,1.2,25.5
"2026-08-05 20:30:00",4829,41.37757,2.217183,-1,97,208,4.92,210,4.89,1016.7,76,29.2,24.6,1.2,25.8
"2026-08-05 20:45:00",4830,41.37758,2.217185,0,99,205,4.54,207,4.54,1016.7,75,29.1,24.3,1.2,25.6
"2026-08-05 21:00:00",4831,41.37769,2.217143,5,98,200,4.01,202,4.01,1016.9,77,29.1,24.7,1.2,25.8
"2026-08-05 21:15:00",4832,100,1000,7999,86,198,1000,"NAN",3.87,1017.1,76,29.1,24.6,1.2,25.8
"2026-08-05 21:30:00",4833,100,1000,7999,75,192,1000,"NAN",2.47,1017.2,76,29,24.5,1.2,25.7
"2026-08-05 21:45:00",4834,100,1000,7999,96,201,1000,"NAN",2.96,1017.3,77,28.9,24.5,1.2,25.6
"2026-08-05 22:00:00",4835,100,1000,7999,100,206,1000,"NAN",3.58,1017.5,74,28.9,24,1.2,25.3
"2026-08-05 22:15:00",4836,41.37756,2.217233,2,92,202,2.5,204,2.69,1017.7,75,28.9,24.2,1.2,25.4
"2026-08-05 22:30:00",4837,41.37753,2.21728,2,100,221,2.5,223,2.68,1017.8,75,28.8,24,1.2,25.3
"2026-08-05 22:45:00",4838,41.37753,2.21729,2,93,212,2.9,214,2.9,1017.9,76,28.9,24.3,1.2,25.6
"2026-08-05 23:00:00",4839,41.37753,2.217261,1,101,216,3.33,218,3.47,1017.9,75,28.8,24,1.2,25.3
"2026-08-05 23:15:00",4840,41.37752,2.217284,0,97,219,1.89,221,1.89,1017.9,73,28.8,23.6,1.2,25
"2026-08-05 23:30:00",4841,41.37751,2.21728,3,110,237,0.94,239,1.13,1017.9,73,28.8,23.5,1.2,24.9
"2026-08-05 23:45:00",4842,41.37754,2.217238,0,291,48,0.12,49.95,0.12,1017.7,73,28.8,23.7,1.2,25.1
"2026-08-06 00:00:00",4843,41.37757,2.217199,0,48,160,0.81,162,0.81,1017.8,74,28.8,23.9,1.2,25.2
"2026-08-06 00:15:00",4844,41.37759,2.217158,0,35,134,0.89,136,0.98,1017.8,76,28.8,24.2,1.2,25.4
"2026-08-06 00:30:00",4845,41.37759,2.217158,0,103,213,1.04,215,1.04,1017.8,74,28.7,23.6,1.2,25
"2026-08-06 00:45:00",4846,41.37757,2.217166,1,124,231,1.19,233,1.21,1017.7,75,28.7,23.9,1.2,25.2
"2026-08-06 01:00:00",4847,41.37759,2.217138,2,95,203,1.53,205,1.53,1017.7,76,28.7,24.1,1.2,25.3
"2026-08-06 01:15:00",4848,41.37762,2.217116,2,89,193,2.04,195,2.18,1017.5,75,28.6,23.7,1.2,25
"2026-08-06 01:30:00",4849,41.37762,2.217105,0,97,206,2.38,208,2.46,1017.5,77,28.7,24.4,1.2,25.5
"2026-08-06 01:45:00",4850,41.3776,2.217157,3,98,205,3.14,207,3.16,1017.5,77,28.6,24.3,1.2,25.5
"2026-08-06 02:00:00",4851,41.37759,2.217162,1,100,208,3.06,210,3.08,1017.4,78,28.6,24.6,1.2,25.6
"2026-08-06 02:15:00",4852,41.37756,2.21717,5,94,202,2.08,204,2.15,1017.2,79,28.5,24.5,1.2,25.5
"2026-08-06 02:30:00",4853,41.37756,2.217182,5,111,220,3.18,222,3.18,1017.3,81,28.7,25.2,1.2,26.1
"2026-08-06 02:45:00",4854,41.37755,2.217196,5,122,233,2.53,235,2.53,1017.3,76,28.5,24,1.2,25.2
"2026-08-06 03:00:00",4855,41.37756,2.217176,3,126,238,1.74,240,1.77,1017.3,75,28.5,23.7,1.2,25
"2026-08-06 03:15:00",4856,41.37755,2.217223,1,215,334,2.08,336,1.95,1017.3,75,28.2,23.4,1.2,24.7
"2026-08-06 03:30:00",4857,41.37755,2.217223,1,233,346,1.97,348,1.93,1017.2,77,28.2,23.8,1.2,25
"2026-08-06 03:45:00",4858,41.37756,2.217186,0,229,343,2.32,345,2.28,1017.1,76,28.1,23.5,1.2,24.7
"2026-08-06 04:00:00",4859,41.37758,2.217157,-1,237,345,2.41,347,2.32,1017,75,28.1,23.3,1.2,24.6
"2026-08-06 04:15:00",4860,41.37759,2.21714,1,242,348,2.14,350,2,1017,74,28.1,23.2,1.2,24.5
"2026-08-06 04:30:00",4861,41.37759,2.217103,1,241,351,2.37,353,2.21,1017,76,27.7,23.2,1.2,24.4
"2026-08-06 04:45:00",4862,41.37759,2.217071,2,219,327,1.46,329,1.35,1017,76,27.8,23.3,1.2,24.6
"2026-08-06 05:00:00",4863,41.37756,2.217071,1,182,287,1.11,289,1.13,1017.1,74,28,23,1.2,24.3
"2026-08-06 05:15:00",4864,41.37759,2.21708,-1,155,256,0.44,258,0.44,1016.9,74,28.1,23.2,1.2,24.5
"2026-08-06 05:30:00",4865,41.3776,2.2171,-3,119,223,1.85,225,1.85,1016.9,78,28,23.8,1.2,24.9
"2026-08-06 05:45:00",4866,41.3776,2.217108,0,95,197,1.11,199,1.11,1017,77,27.9,23.6,1.2,24.7
"2026-08-06 06:00:00",4867,41.37759,2.217134,3,95,201,1.51,203,1.51,1017.1,77,28,23.7,1.2,24.9
"2026-08-06 06:15:00",4868,41.37759,2.217178,5,99,199,0.85,201,0.89,1017.1,77,27.9,23.6,1.2,24.7
"2026-08-06 06:30:00",4869,41.37759,2.217178,3,307,63,0.68,64.95,0.53,1016.9,77,27.8,23.5,1.2,24.7
"2026-08-06 06:45:00",4870,41.37759,2.217191,2,246,6,1.99,7.95,1.96,1017.1,78,27.4,23.4,1.2,24.5
"2026-08-06 07:00:00",4871,41.37755,2.217278,4,239,4,2.32,5.95,2.3,1017.2,78,27.2,23.2,1.2,24.2
"2026-08-06 07:15:00",4872,41.37759,2.217134,0,247,7,1.58,8.95,1.66,1017.3,78,27.1,23.1,1.2,24.1
"2026-08-06 07:30:00",4873,41.37759,2.217131,2,242,355,2.11,357,2.13,1017.5,78,27.2,23.2,1.2,24.2
"2026-08-06 07:45:00",4874,41.37758,2.217143,2,245,2,1.96,3.95,1.98,1017.6,76,27.3,22.9,1.2,24.1
"2026-08-06 08:00:00",4875,41.37756,2.217182,3,242,357,2.01,359,2.01,1017.6,77,27.4,23.1,1.2,24.3
"2026-08-06 08:15:00",4876,41.37756,2.21717,5,253,3,2.49,4.95,2.42,1017.8,74,27.6,22.7,1.2,24
"2026-08-06 08:30:00",4877,41.37758,2.217183,1,249,1,2.77,2.95,2.77,1018,73,27.7,22.5,1.2,23.9
"2026-08-06 08:45:00",4878,41.37759,2.217173,2,257,8,1.83,9.95,1.83,1018.2,72,27.7,22.3,1.2,23.8
"2026-08-06 09:00:00",4879,41.37759,2.217178,0,279,32,2.2,33.95,2.2,1018.1,74,28,22.9,1.2,24.3
"2026-08-06 09:15:00",4880,41.37759,2.21718,-2,278,28,1.92,29.95,1.82,1018.3,72,28.1,22.7,1.2,24.2
"2026-08-06 09:30:00",4881,41.37759,2.217162,0,271,20,1.53,21.95,1.51,1018.4,75,28.2,23.4,1.2,24.7
"2026-08-06 09:45:00",4882,41.37759,2.217165,1,319,51,2.04,52.95,2.05,1018.3,75,28.2,23.5,1.2,24.8
"2026-08-06 10:00:00",4883,41.37762,2.217103,2,356,87,2.09,89,2.14,1018.4,76,28.6,23.9,1.2,25.2
"2026-08-06 10:15:00",4884,41.37759,2.217188,3,332,71,2.2,72.95,2.2,1018.4,77,28.7,24.3,1.2,25.4
"2026-08-06 10:30:00",4885,41.37759,2.21722,5,354,101,1.44,103,1.44,1018.6,76,28.8,24.2,1.2,25.4
"2026-08-06 10:45:00",4886,41.37758,2.217216,6,342,78,1.42,79.95,1.4,1018.6,76,28.7,24,1.2,25.3
"2026-08-06 11:00:00",4887,41.37758,2.217176,7,28,104,2.52,106,2.59,1018.6,77,28.7,24.4,1.2,25.6
"2026-08-06 11:15:00",4888,41.37757,2.217176,4,33,171,2.1,173,1.32,1018.7,77,28.8,24.4,1.2,25.5
"2026-08-06 11:30:00",4889,41.37756,2.217211,5,33,135,1.36,137,1.61,1018.9,76,28.9,24.3,1.2,25.5
"2026-08-06 11:45:00",4890,41.37756,2.217203,3,46,142,1.3,144,1.45,1018.7,77,28.9,24.6,1.2,25.7
"2026-08-06 12:00:00",4891,41.37759,2.21715,1,67,163,2.02,165,2.06,1018.8,77,28.7,24.4,1.2,25.5
"2026-08-06 12:15:00",4892,41.37759,2.217143,3,56,156,2.11,158,2.2,1018.7,78,28.7,24.6,1.2,25.7
"2026-08-06 12:30:00",4893,41.37761,2.21709,2,65,156,2.45,158,2.55,1018.7,80,28.7,24.9,1.2,25.9
"2026-08-06 12:45:00",4894,41.37762,2.217066,5,82,177,3.42,179,3.42,1018.6,82,28.8,25.4,1.2,26.3
"2026-08-06 13:00:00",4895,41.37764,2.217056,9,85,174,3.45,176,3.53,1018.6,79,28.8,24.9,1.2,25.9
"2026-08-06 13:15:00",4896,41.37764,2.217008,5,91,182,3.78,184,3.91,1018.4,80,29,25.3,1.2,26.2
"2026-08-06 13:30:00",4897,41.37764,2.217016,4,79,171,4.57,173,4.57,1018.3,79,28.8,25,1.2,26
"2026-08-06 13:45:00",4898,41.37767,2.217007,0,90,182,4.77,184,4.56,1018.2,78,28.9,24.8,1.2,25.8
"2026-08-06 14:00:00",4899,41.37765,2.217041,4,89,183,4.86,185,4.77,1018,78,28.8,24.7,1.2,25.8
"2026-08-06 14:15:00",4900,41.37762,2.217049,2,98,191,5.93,193,5.78,1017.8,80,28.9,25.1,1.2,26.1
"2026-08-06 14:30:00",4901,41.37762,2.217045,2,97,191,6.08,193,5.94,1017.6,80,28.7,25,1.2,26
"2026-08-06 14:45:00",4902,41.37762,2.217061,3,95,189,6.24,191,6.14,1017.5,81,28.7,25.2,1.2,26.1
"2026-08-06 15:00:00",4903,41.37762,2.217086,6,103,203,6.09,205,5.99,1017.3,81,28.7,25.3,1.2,26.2
"2026-08-06 15:15:00",4904,41.37762,2.217074,8,95,194,6.38,196,6.46,1017.2,82,28.8,25.5,1.2,26.3
"2026-08-06 15:30:00",4905,41.37762,2.217085,0,92,192,5.66,194,5.66,1017.1,80,28.8,25.1,1.2,26
"2026-08-06 15:45:00",4906,41.37764,2.217063,-1,103,201,5.98,203,6.02,1017,77,28.9,24.5,1.2,25.6
"2026-08-06 16:00:00",4907,41.37764,2.217066,4,94,193,6.05,195,6.15,1016.8,79,28.9,25,1.2,26
"2026-08-06 16:15:00",4908,41.37764,2.217083,3,109,198,6.29,200,6.2,1016.9,78,29,24.8,1.2,25.9
"2026-08-06 16:30:00",4909,41.37764,2.217066,1,96,192,6.17,194,6.09,1017,77,29,24.7,1.2,25.8
"2026-08-06 16:45:00",4910,41.37764,2.217093,3,103,196,7.16,198,7.02,1016.7,75,29,24.3,1.2,25.5
"2026-08-06 17:00:00",4911,41.37764,2.217095,3,100,204,6.84,206,6.68,1016.6,79,29,25,1.2,26
"2026-08-06 17:15:00",4912,41.37762,2.21711,3,106,206,6.16,208,6.16,1016.9,77,29,24.7,1.2,25.8
"2026-08-06 17:30:00",4913,41.37762,2.217116,4,98,197,7.32,199,7.25,1017,78,28.9,24.7,1.2,25.8
"2026-08-06 17:45:00",4914,41.37762,2.217111,3,97,195,6.32,197,6.17,1017.3,78,28.9,24.7,1.2,25.8
"2026-08-06 18:00:00",4915,41.37759,2.217143,2,105,209,4.99,211,5.2,1017.2,80,29.1,25.3,1.2,26.2
"2026-08-06 18:15:00",4916,41.37759,2.217171,6,110,217,3.21,219,3.23,1018.1,77,28.9,24.6,1.2,25.8
"2026-08-06 18:30:00",4917,41.37756,2.217226,0,123,229,1.39,231,1.52,1018.7,77,29.1,24.7,1.2,25.9
"2026-08-06 18:45:00",4918,41.37752,2.217296,-1,229,352,1.94,354,1.68,1018.7,63,28.3,20.6,1.2,22.9
"2026-08-06 19:00:00",4919,41.37701,2.217193,5,97,14,8.21,15.95,8.12,1019.4,78,27.3,23.2,1.2,24.3
"2026-08-06 19:15:00",4920,41.37682,2.216925,6,105,26,7.94,27.95,7.9,1019.4,77,26,21.7,1.2,22.9
"2026-08-06 19:30:00",4921,41.37712,2.217476,5,108,279,6.21,281,6.15,1019.6,73,25.7,20.6,1.2,22.1
"2026-08-06 19:45:00",4922,41.3772,2.217438,4,201,34,2.37,35.95,2.26,1017.9,74,26.1,21.3,1.2,22.7
"2026-08-06 20:00:00",4923,41.37748,2.217341,0,16,72,1.57,73.95,1.57,1017.4,73,26.6,21.5,1.2,22.9
"2026-08-06 20:15:00",4924,41.3774,2.217305,9,114,354,4.92,356,5.38,1017.5,76,26.4,21.9,1.2,23.2
"2026-08-06 20:30:00",4925,41.3771,2.217391,15,111,344,6.81,346,6.72,1017.5,80,25.4,21.8,1.2,22.8
"2026-08-06 20:45:00",4926,41.3771,2.217388,13,109,327,5.63,329,5.7,1017.5,80,25,21.3,1.2,22.3
"2026-08-06 21:00:00",4927,41.37719,2.217411,10,102,317,4.77,319,4.86,1017,81,25.2,21.8,1.2,22.8
"2026-08-06 21:15:00",4928,41.37731,2.217414,4,105,292,4.78,294,4.78,1017.4,78,25.6,21.5,1.2,22.7
"2026-08-06 21:30:00",4929,41.37738,2.21737,4,131,293,2.34,295,2.28,1017.1,75,26.1,21.5,1.2,22.8
"2026-08-06 21:45:00",4930,41.37746,2.217301,2,174,331,2.71,333,2.37,1017.2,76,26.4,22,1.2,23.2
"2026-08-06 22:00:00",4931,100,1000,7999,169,344,1000,"NAN",2.49,1017,77,26.3,21.9,1.2,23.1
"2026-08-06 22:15:00",4932,41.3775,2.217253,3,119,337,3.48,339,3.41,1017.2,77,26,21.7,1.2,22.9
"2026-08-06 22:30:00",4933,41.37745,2.217328,3,119,331,5.61,333,5.73,1017.6,74,25.9,21.1,1.2,22.5
"2026-08-06 22:45:00",4934,100,1000,7999,117,309,1000,"NAN",4.68,1017.7,76,26.1,21.6,1.2,22.8
"2026-08-06 23:00:00",4935,100,1000,7999,111,318,1000,"NAN",5.19,1017.7,75,26.3,21.5,1.2,22.9
"2026-08-06 23:15:00",4936,100,1000,7999,108,322,1000,"NAN",4.28,1017.7,72,26.5,21.1,1.2,22.7
"2026-08-06 23:30:00",4937,41.37736,2.217419,3,116,317,5.53,319,5.55,1017.3,69,26.5,20.4,1.2,22.2
"2026-08-06 23:45:00",4938,41.37738,2.217406,1,119,302,4.97,304,4.97,1017.1,70,26.9,21.1,1.2,22.8
"2026-08-07 00:00:00",4939,41.37738,2.217375,2,126,321,4.06,323,4.04,1017.5,67,26.8,20.2,1.2,22.2
"2026-08-07 00:15:00",4940,41.37748,2.217281,1,179,350,2.03,352,2.04,1017.6,71,27,21.4,1.2,23
"2026-08-07 00:30:00",4941,41.37749,2.21726,0,120,315,4.08,317,4,1017.9,66,26.6,19.8,1.2,21.9
"2026-08-07 00:45:00",4942,41.37749,2.217251,1,138,316,2.87,318,2.81,1018,68,26.9,20.6,1.2,22.5
"2026-08-07 01:00:00",4943,41.37746,2.217291,1,168,333,1.58,335,1.55,1017.7,69,26.8,20.7,1.2,22.5
"2026-08-07 01:15:00",4944,41.37752,2.21718,1,128,10,2.83,11.95,2.86,1017.6,69,26.5,20.4,1.2,22.2
"2026-08-07 01:30:00",4945,41.37755,2.217165,0,118,331,2.5,333,2.47,1017.7,72,26.3,20.9,1.2,22.5
"2026-08-07 01:45:00",4946,41.37756,2.217113,2,105,0,3.35,1.95,3.35,1017.6,72,26.2,20.9,1.2,22.4
"2026-08-07 02:00:00",4947,41.37759,2.217045,2,259,2,2.29,3.95,2.32,1017.8,70,26.2,20.4,1.2,22.1
"2026-08-07 02:15:00",4948,41.37758,2.216965,3,279,355,1.94,357,1.95,1017.6,74,26,21,1.2,22.5
"2026-08-07 02:30:00",4949,41.37757,2.216905,6,52,357,2.41,359,2.42,1017.7,75,25.9,21.1,1.2,22.5
"2026-08-07 02:45:00",4950,41.37756,2.216856,1,82,353,3.31,355,3.34,1017.6,76,25.6,21.1,1.2,22.4
"2026-08-07 03:00:00",4951,41.37756,2.216851,1,82,2,2.42,3.95,2.45,1017.5,75,25.5,20.9,1.2,22.2
"2026-08-07 03:15:00",4952,41.37757,2.216906,4,74,9,2.91,10.95,2.98,1017.5,76,25.6,21.1,1.2,22.4
"2026-08-07 03:30:00",4953,41.37759,2.216945,4,46,4,2.71,5.95,2.73,1017.4,76,25.7,21.3,1.2,22.5
"2026-08-07 03:45:00",4954,41.37756,2.217026,3,69,345,3.64,347,3.61,1017.4,77,25.2,21,1.2,22.2
"2026-08-07 04:00:00",4955,41.37756,2.217046,3,61,343,2.59,345,2.71,1017.4,78,25.4,21.3,1.2,22.5
"2026-08-07 04:15:00",4956,41.37755,2.217078,6,60,335,3.04,337,3.18,1017.5,79,25.4,21.6,1.2,22.6
"2026-08-07 04:30:00",4957,41.37753,2.217108,5,87,356,3.86,358,3.98,1017.3,77,25.2,21,1.2,22.2
"2026-08-07 04:45:00",4958,41.37746,2.217243,5,96,339,4,341,4.23,1017.3,79,25,21.2,1.2,22.3
"2026-08-07 05:00:00",4959,41.37721,2.217396,1,97,340,4.43,342,4.43,1017.3,79,25,21.1,1.2,22.2
"2026-08-07 05:15:00",4960,41.3771,2.217408,0,110,319,4.79,321,4.77,1017.3,80,24.9,21.2,1.2,22.3
"2026-08-07 05:30:00",4961,41.37712,2.217401,0,110,332,4.16,334,4.14,1017.3,79,25.1,21.2,1.2,22.3
"2026-08-07 05:45:00",4962,41.37712,2.217399,-1,100,335,4.21,337,4.19,1017.3,80,24.9,21.3,1.2,22.3
"2026-08-07 06:00:00",4963,41.37707,2.217357,0,103,328,4.63,330,4.8,1017.1,79,24.9,21.1,1.2,22.2
"2026-08-07 06:15:00",4964,41.37703,2.217336,0,106,323,4.09,325,4.12,1017.2,81,25,21.6,1.2,22.5
"2026-08-07 06:30:00",4965,41.377,2.217305,0,99,308,4.37,310,4.37,1017.3,78,24.8,20.8,1.2,22
"2026-08-07 06:45:00",4966,41.37701,2.217305,1,112,324,3.82,326,3.78,1017.5,79,25.2,21.4,1.2,22.5
"2026-08-07 07:00:00",4967,41.37701,2.217278,3,97,313,3.2,315,3.06,1017.6,78,25.2,21.1,1.2,22.3
"2026-08-07 07:15:00",4968,41.37705,2.217313,4,101,325,2.64,327,2.65,1017.7,78,25.4,21.3,1.2,22.5
"2026-08-07 07:30:00",4969,41.37708,2.21733,4,111,336,3.09,338,3.09,1017.7,78,25.3,21.3,1.2,22.4
"2026-08-07 07:45:00",4970,41.37708,2.217348,1,113,335,3.91,337,3.91,1017.8,78,25.1,21.1,1.2,22.2
"2026-08-07 08:00:00",4971,41.37703,2.217325,1,91,333,3.72,335,3.72,1017.8,78,24.9,20.8,1.2,22
"2026-08-07 08:15:00",4972,41.37704,2.217328,1,105,330,4.1,332,4.1,1017.8,77,25.1,20.8,1.2,22
"2026-08-07 08:30:00",4973,41.37704,2.21736,2,104,338,2.91,340,2.97,1017.9,76,25.4,21,1.2,22.3
"2026-08-07 08:45:00",4974,41.37712,2.217346,2,101,0,3.44,1.95,3.44,1018,76,25.6,21.2,1.2,22.4
"2026-08-07 09:00:00",4975,41.37717,2.217383,2,98,342,2.98,344,3.07,1018,76,25.9,21.3,1.2,22.6
"2026-08-07 09:15:00",4976,41.37726,2.217384,2,118,347,3.02,349,3.14,1018,77,26.2,22,1.2,23.2
"2026-08-07 09:30:00",4977,41.37734,2.217334,4,112,347,2.4,349,2.63,1018.1,76,26.6,22.1,1.2,23.4
"2026-08-07 09:45:00",4978,41.37749,2.217196,4,150,6,1.34,7.95,1.44,1018.1,75,27.1,22.4,1.2,23.7
"2026-08-07 10:00:00",4979,41.37753,2.217193,3,259,17,1.16,18.95,1.16,1018,73,27.5,22.4,1.2,23.8
"2026-08-07 10:15:00",4980,41.37752,2.217208,3,261,43,0.33,44.95,0.34,1018,73,28.2,22.9,1.2,24.3
"2026-08-07 10:30:00",4981,41.37753,2.217213,3,85,199,0.85,201,0.85,1018,72,28.7,23.3,1.2,24.8
"2026-08-07 10:45:00",4982,41.37754,2.217165,5,31,125,1.78,127,1.78,1017.9,74,28.3,23.4,1.2,24.7
"2026-08-07 11:00:00",4983,41.37756,2.217163,5,48,111,2.13,113,2.02,1017.9,77,28,23.6,1.2,24.8
"2026-08-07 11:15:00",4984,41.37753,2.217196,3,79,138,2.06,140,2.06,1017.9,76,27.8,23.4,1.2,24.6
"2026-08-07 11:30:00",4985,41.37752,2.21702,6,87,141,3.25,143,3.23,1017.8,78,27.8,23.7,1.2,24.8
"2026-08-07 11:45:00",4986,41.37756,2.216923,5,96,149,3.82,151,3.82,1017.9,80,27.8,24.1,1.2,25
"2026-08-07 12:00:00",4987,41.37752,2.216848,5,99,157,3.56,159,3.51,1017.8,82,28,24.6,1.2,25.5
"2026-08-07 12:15:00",4988,41.37748,2.216736,6,100,155,4.64,157,4.61,1017.7,81,27.8,24.4,1.2,25.3
"2026-08-07 12:30:00",4989,41.37756,2.216784,6,100,159,4.83,161,4.76,1017.6,82,27.9,24.7,1.2,25.5
"2026-08-07 12:45:00",4990,41.37761,2.216876,9,93,156,5.19,158,5.11,1017.7,83,28,24.9,1.2,25.7
"2026-08-07 13:00:00",4991,41.3776,2.216906,8,104,162,5.15,164,5.05,1017.7,83,28,24.9,1.2,25.6
"2026-08-07 13:15:00",4992,41.37761,2.216931,7,90,167,5.27,169,5.26,1017.6,84,28.1,25.2,1.2,25.9
"2026-08-07 13:30:00",4993,41.37764,2.216941,1,105,176,4.83,178,4.7,1017.4,84,28.2,25.2,1.2,26
"2026-08-07 13:45:00",4994,41.37768,2.2169,10,101,173,6.04,175,5.86,1017.4,84,28.2,25.3,1.2,26
"2026-08-07 14:00:00",4995,41.37765,2.216926,10,94,178,4.38,180,4.44,1017.3,85,28.3,25.6,1.2,26.3
"2026-08-07 14:15:00",4996,41.37764,2.216933,12,95,172,3.56,174,3.42,1017.2,85,28.5,25.9,1.2,26.5
"2026-08-07 14:30:00",4997,41.37762,2.216951,11,93,177,3.33,179,3.33,1017.1,86,28.6,26,1.2,26.6
"2026-08-07 14:45:00",4998,41.37762,2.216978,7,102,186,3.86,188,3.86,1016.8,84,28.7,25.8,1.2,26.6
"2026-08-07 15:00:00",4999,41.3776,2.217071,7,99,195,5.99,197,5.96,1016.7,83,28.7,25.6,1.2,26.4
"2026-08-07 15:15:00",5000,41.3776,2.217101,8,99,196,5.56,198,5.52,1016.5,83,28.8,25.7,1.2,26.5
"2026-08-07 15:30:00",5001,41.37762,2.217088,-4,101,197,5.81,199,5.75,1016.5,84,28.8,25.9,1.2,26.6
"2026-08-07 15:45:00",5002,41.37762,2.217093,-2,98,200,5.97,202,5.93,1016.2,82,28.7,25.5,1.2,26.3
"2026-08-07 16:00:00",5003,41.37762,2.21708,1,101,194,6.89,196,6.85,1016.2,84,28.7,25.8,1.2,26.6
"2026-08-07 16:15:00",5004,41.37762,2.217058,2,101,191,6.22,193,6.08,1016.1,84,28.7,25.9,1.2,26.6
"2026-08-07 16:30:00",5005,41.37762,2.217095,2,102,200,6.65,202,6.59,1015.9,84,28.8,25.9,1.2,26.6
"2026-08-07 16:45:00",5006,41.37762,2.217125,4,104,206,7.67,208,7.61,1015.8,85,28.7,25.9,1.2,26.6
"2026-08-07 17:00:00",5007,41.37762,2.217116,0,101,209,6.63,211,6.47,1015.8,84,28.8,25.9,1.2,26.6
"2026-08-07 17:15:00",5008,41.37762,2.217123,3,109,206,6.36,208,6.37,1015.8,83,28.8,25.7,1.2,26.4
"2026-08-07 17:30:00",5009,41.37761,2.21711,3,103,202,5.34,204,5.49,1015.7,84,28.8,25.9,1.2,26.6
"2026-08-07 17:45:00",5010,41.37759,2.217131,3,97,202,6.17,204,6.08,1015.6,85,28.8,26.1,1.2,26.7
"2026-08-07 18:00:00",5011,41.37759,2.217146,3,101,203,6.08,205,5.93,1015.4,84,28.7,25.8,1.2,26.5
"2026-08-07 18:15:00",5012,41.3776,2.217158,9,109,202,5.84,204,5.7,1015.2,84,28.8,26,1.2,26.7
"2026-08-07 18:30:00",5013,41.37759,2.21719,-3,105,205,5.73,207,5.66,1015.1,84,28.7,25.8,1.2,26.5
"2026-08-07 18:45:00",5014,41.37762,2.217155,0,112,201,6.17,203,6.04,1014.9,85,28.7,26,1.2,26.7
"2026-08-07 19:00:00",5015,41.3776,2.217155,1,103,205,5.38,207,5.31,1015.1,84,28.7,25.8,1.2,26.5
"2026-08-07 19:15:00",5016,41.37762,2.217129,2,101,203,5.47,205,5.34,1015.4,83,28.7,25.6,1.2,26.4
"2026-08-07 19:30:00",5017,41.37764,2.217037,3,97,190,6.4,192,6.28,1015.4,85,28.7,25.9,1.2,26.6
"2026-08-07 19:45:00",5018,41.37764,2.21704,3,108,204,5.37,206,5.21,1015.6,85,28.7,26.1,1.2,26.7
"2026-08-07 20:00:00",5019,41.37765,2.217059,5,110,206,4.89,208,4.89,1015.9,86,28.7,26.2,1.2,26.8
"2026-08-07 20:15:00",5020,41.37764,2.217046,3,105,209,3.33,211,3.26,1016.1,86,28.7,26.2,1.2,26.8
"2026-08-07 20:30:00",5021,41.37769,2.217081,5,96,201,2.35,203,2.21,1016.9,85,29,26.2,1.2,26.9
"2026-08-07 20:45:00",5022,41.37772,2.217098,5,101,184,3.66,186,3.63,1016.6,85,28.9,26.1,1.2,26.8
"2026-08-07 21:00:00",5023,41.37782,2.216971,4,104,189,4.02,191,3.68,1016.2,86,28.7,26.2,1.2,26.8
"2026-08-07 21:15:00",5024,41.37788,2.216933,7,103,185,4.74,187,4.52,1016.1,86,28.7,26.3,1.2,26.9
"2026-08-07 21:30:00",5025,41.37758,2.217121,6,104,197,4.65,199,5.01,1016,86,28.5,26.1,1.2,26.7
"2026-08-07 21:45:00",5026,41.37754,2.217182,7,104,203,5.1,205,5.1,1015.9,87,28.5,26.1,1.2,26.7
"2026-08-07 22:00:00",5027,100,1000,7999,96,209,1000,"NAN",3.81,1015.9,88,28.6,26.4,1.2,27
"2026-08-07 22:15:00",5028,41.37752,2.21725,3,110,215,2.85,217,3.11,1016.1,86,28.5,26.1,1.2,26.7
"2026-08-07 22:30:00",5029,41.37756,2.217231,3,105,217,3.14,219,3.3,1015.9,87,28.5,26.2,1.2,26.8
"2026-08-07 22:45:00",5030,100,1000,7999,110,222,1000,"NAN",5.99,1015.6,84,28.7,25.7,1.2,26.5
"2026-08-07 23:00:00",5031,100,1000,7999,113,241,1000,"NAN",3.42,1015.6,82,28.7,25.5,1.2,26.3
"2026-08-07 23:15:00",5032,100,1000,7999,101,244,1000,"NAN",2.15,1015.8,82,28.9,25.5,1.2,26.4
"2026-08-07 23:30:00",5033,41.37746,2.217305,5,106,234,3.75,236,3.57,1015.6,81,28.9,25.5,1.2,26.3
"2026-08-07 23:45:00",5034,41.37748,2.217308,4,117,247,3.28,249,3.17,1015.5,81,28.8,25.3,1.2,26.2
"2026-08-08 00:00:00",5035,41.37746,2.217331,2,93,235,2.75,237,2.75,1015.2,83,28.8,25.7,1.2,26.4
"2026-08-08 00:15:00",5036,41.37748,2.2173,0,101,228,3.67,230,3.62,1015.2,84,28.7,25.8,1.2,26.5
"2026-08-08 00:30:00",5037,41.37749,2.217255,0,91,216,2.55,218,2.43,1015.4,83,28.7,25.6,1.2,26.3
"2026-08-08 00:45:00",5038,41.37753,2.217182,1,97,215,1.86,217,1.71,1015.5,83,28.5,25.4,1.2,26.2
"2026-08-08 01:00:00",5039,41.37754,2.217168,1,102,227,2.58,229,2.51,1015.6,83,28.5,25.3,1.2,26.1
"2026-08-08 01:15:00",5040,41.37748,2.217312,0,107,241,5.78,243,5.72,1015.3,74,28.4,23.4,1.2,24.7
"2026-08-08 01:30:00",5041,41.37745,2.217298,1,96,225,3.03,227,2.86,1015.6,77,28.5,24.1,1.2,25.3
"2026-08-08 01:45:00",5042,41.37748,2.217248,1,101,230,2.52,232,2.31,1015.8,79,28.3,24.4,1.2,25.5
"2026-08-08 02:00:00",5043,41.37746,2.217183,2,118,306,1.85,308,1.88,1016,76,28.3,23.8,1.2,25
"2026-08-08 02:15:00",5044,41.37743,2.217073,7,95,46,1.82,47.95,1.82,1016.1,77,28.5,24.1,1.2,25.3
"2026-08-08 02:30:00",5045,41.3771,2.216775,3,92,4,3.21,5.95,3.23,1016,78,28.2,24,1.2,25.1
"2026-08-08 02:45:00",5046,41.37687,2.216794,2,93,346,3.83,348,3.85,1015.9,75,27.9,23,1.2,24.3
"2026-08-08 03:00:00",5047,41.37684,2.216873,4,99,336,4.18,338,4.23,1015.8,74,27.8,22.8,1.2,24.2
"2026-08-08 03:15:00",5048,41.37684,2.216906,4,93,333,3.18,335,3.34,1015.8,74,27.7,22.8,1.2,24.1
"2026-08-08 03:30:00",5049,41.37684,2.216916,4,82,307,2.41,309,2.49,1015.6,73,27.8,22.5,1.2,24
"2026-08-08 03:45:00",5050,41.37687,2.216845,2,69,291,2.07,293,2.09,1015.5,73,27.8,22.6,1.2,24.1
"2026-08-08 04:00:00",5051,41.37689,2.216746,2,83,284,2.35,286,2.43,1015.2,75,28.2,23.4,1.2,24.7
"2026-08-08 04:15:00",5052,41.37696,2.216641,1,78,31,1.68,32.95,1.89,1015.2,73,28.3,23.1,1.2,24.6
"2026-08-08 04:30:00",5053,41.377,2.216581,3,73,255,2.75,257,2.76,1014.9,73,28.3,23,1.2,24.4
"2026-08-08 04:45:00",5054,41.37701,2.21654,0,76,226,4.14,228,4.14,1014.8,75,28.1,23.4,1.2,24.6
"2026-08-08 05:00:00",5055,41.37717,2.21648,-3,59,216,3.87,218,3.82,1014.8,75,27.6,22.8,1.2,24.1
"2026-08-08 05:15:00",5056,41.37705,2.216316,-1,100,351,4.05,353,4.3,1014.8,74,27,22.1,1.2,23.5
"2026-08-08 05:30:00",5057,41.37689,2.216333,-7,85,329,3.3,331,3.29,1014.9,73,27.2,21.9,1.2,23.4
"2026-08-08 05:45:00",5058,41.37707,2.217403,2,93,328,4.39,330,4.48,1014.9,69,26.9,21,1.2,22.7
"2026-08-08 06:00:00",5059,41.37689,2.216733,0,81,339,3.18,341,3.22,1014.9,68,27,20.7,1.2,22.6
"2026-08-08 06:15:00",5060,41.37689,2.216748,0,95,334,3.7,336,3.7,1014.9,68,27,20.8,1.2,22.7
"2026-08-08 06:30:00",5061,41.37688,2.216761,1,87,348,4.47,350,4.5,1014.9,71,27.1,21.4,1.2,23.1
"2026-08-08 06:45:00",5062,41.37688,2.216761,1,92,326,3.17,328,3.17,1014.9,71,27,21.4,1.2,23
"2026-08-08 07:00:00",5063,41.3769,2.216696,2,79,354,2.2,356,2.2,1015.1,71,26.6,21,1.2,22.7
"2026-08-08 07:15:00",5064,41.37689,2.216688,6,66,337,1.86,339,1.95,1015.4,69,26.4,20.5,1.2,22.2
"2026-08-08 07:30:00",5065,41.37688,2.216716,5,58,345,1.76,347,1.8,1015.5,71,26.9,21.2,1.2,22.9
"2026-08-08 07:45:00",5066,41.37687,2.216735,6,75,358,2.55,360,2.55,1015.6,68,27.1,20.8,1.2,22.7
"2026-08-08 08:00:00",5067,41.37684,2.216803,4,78,345,2.89,347,2.95,1015.7,66,27.1,20.4,1.2,22.5
"2026-08-08 08:15:00",5068,41.37682,2.21682,0,91,359,3.74,0.95,3.73,1015.6,66,27,20.2,1.2,22.3
"2026-08-08 08:30:00",5069,41.37681,2.216803,0,91,350,3.78,352,3.8,1015.7,66,26.8,19.9,1.2,22
"2026-08-08 08:45:00",5070,41.37681,2.216778,1,91,350,4.64,352,4.64,1015.8,71,26.8,21.1,1.2,22.8
"2026-08-08 09:00:00",5071,41.37682,2.21675,3,77,355,3.21,357,3.23,1016,68,26.8,20.6,1.2,22.4
"2026-08-08 09:15:00",5072,41.37684,2.216724,2,63,340,3.11,342,3.11,1016.2,67,26.9,20.5,1.2,22.4
"2026-08-08 09:30:00",5073,41.37684,2.216728,4,83,12,2.71,13.95,2.67,1016.1,70,27.3,21.4,1.2,23.1
"2026-08-08 09:45:00",5074,41.37687,2.216713,3,85,22,2.1,23.95,2,1016.3,69,27.5,21.3,1.2,23.1
"2026-08-08 10:00:00",5075,41.37684,2.216655,10,90,28,2.22,29.95,2.19,1016.4,71,27.8,22.3,1.2,23.8
"2026-08-08 10:15:00",5076,41.37684,2.216622,11,96,48,2.19,49.95,1.9,1016.5,76,28.1,23.5,1.2,24.7
"2026-08-08 10:30:00",5077,41.37688,2.2166,9,114,70,1.84,71.95,1.85,1016.5,77,28.2,23.8,1.2,25
"2026-08-08 10:45:00",5078,41.3769,2.216596,5,117,81,2.45,83,2.37,1016.6,77,28.3,24,1.2,25.1
"2026-08-08 11:00:00",5079,41.37689,2.216608,6,106,63,2.81,64.95,2.98,1016.6,79,28.3,24.4,1.2,25.4
"2026-08-08 11:15:00",5080,41.3769,2.216608,7,133,90,2.25,92,2.25,1016.7,80,28.4,24.8,1.2,25.8
"2026-08-08 11:30:00",5081,41.377,2.216659,1,135,111,2.78,113,2.82,1016.7,81,28.4,25,1.2,25.9
"2026-08-08 11:45:00",5082,41.37692,2.21655,9,119,91,3.32,93,3.36,1016.7,83,28.7,25.6,1.2,26.4
"2026-08-08 12:00:00",5083,41.37695,2.216578,13,107,81,4.15,83,4.21,1016.7,76,28.6,24,1.2,25.3
"2026-08-08 12:15:00",5084,41.37696,2.216541,4,113,89,4.34,91,4.34,1016.6,73,28.7,23.5,1.2,24.9
"2026-08-08 12:30:00",5085,41.37698,2.216528,3,109,85,4.85,87,4.97,1016.6,71,28.7,23.1,1.2,24.6
"2026-08-08 12:45:00",5086,41.377,2.216496,0,118,107,4.76,109,4.78,1016.6,70,28.7,22.8,1.2,24.4
"2026-08-08 13:00:00",5087,41.37701,2.216496,1,109,91,3.43,93,3.42,1016.6,70,28.8,23,1.2,24.6
"2026-08-08 13:15:00",5088,41.37701,2.216473,2,124,99,2.75,101,2.84,1016.6,71,28.9,23.1,1.2,24.7
"2026-08-08 13:30:00",5089,41.37704,2.216509,5,115,122,2.21,124,2.32,1016.6,72,28.9,23.5,1.2,25
"2026-08-08 13:45:00",5090,41.37706,2.216436,10,105,121,3.45,123,3.18,1016.5,73,28.9,23.6,1.2,25.1
"2026-08-08 14:00:00",5091,41.3771,2.21648,6,120,132,2.68,134,2.86,1016.5,75,28.9,24.2,1.2,25.4
"2026-08-08 14:15:00",5092,41.37712,2.216465,10,120,154,2.9,156,2.61,1016.4,80,29,25.3,1.2,26.3
"2026-08-08 14:30:00",5093,41.37712,2.21648,12,100,139,2.25,141,2.42,1016.3,82,28.9,25.5,1.2,26.4
"2026-08-08 14:45:00",5094,41.37711,2.21648,12,107,138,3.11,140,3.09,1016.2,80,28.8,25.1,1.2,26.1
"2026-08-08 15:00:00",5095,41.37707,2.216533,6,120,158,2.41,160,2.39,1016.1,81,28.8,25.4,1.2,26.3
"2026-08-08 15:15:00",5096,41.37705,2.216543,2,114,164,3.35,166,3.15,1016,81,28.8,25.2,1.2,26.1
"2026-08-08 15:30:00",5097,41.3771,2.216529,4,110,166,3.43,168,3.36,1015.9,80,28.8,25,1.2,26
"2026-08-08 15:45:00",5098,41.37711,2.216513,2,117,163,2.91,165,3,1015.7,79,28.8,24.8,1.2,25.9
"2026-08-08 16:00:00",5099,41.37712,2.216523,6,111,145,3.23,147,3.43,1015.6,78,28.8,24.7,1.2,25.8
"2026-08-08 16:15:00",5100,41.37711,2.216534,8,108,147,3.63,149,3.73,1015.3,78,28.8,24.8,1.2,25.8
"2026-08-08 16:30:00",5101,41.37707,2.216541,6,137,153,3.35,155,3.23,1015.3,79,29,25.1,1.2,26.1
"2026-08-08 16:45:00",5102,41.37701,2.216576,8,160,160,2.76,162,2.59,1015.2,78,29,24.8,1.2,25.9
"2026-08-08 17:00:00",5103,41.37701,2.216537,3,193,174,2.3,176,2.28,1015.1,80,29.1,25.3,1.2,26.3
"2026-08-08 17:15:00",5104,41.377,2.216616,8,176,168,3.13,170,3.13,1015,81,29.1,25.5,1.2,26.4
"2026-08-08 17:30:00",5105,41.37698,2.216618,6,188,175,2.63,177,2.56,1014.7,83,29.3,26.2,1.2,27
"2026-08-08 17:45:00",5106,41.377,2.216583,4,161,165,2.18,167,2.32,1014.5,82,29.2,25.8,1.2,26.7
"2026-08-08 18:00:00",5107,41.377,2.216583,3,207,196,2.06,198,2.03,1014.9,84,29.5,26.6,1.2,27.3
"2026-08-08 18:15:00",5108,41.37697,2.216622,4,200,185,2.34,187,2.03,1015,84,29.5,26.6,1.2,27.3
"2026-08-08 18:30:00",5109,41.37701,2.216584,4,159,179,2.65,181,2.4,1014.8,82,29.3,26.1,1.2,26.9
"2026-08-08 18:45:00",5110,41.37701,2.216591,6,172,180,1.71,182,2.01,1014.8,83,29.3,26.2,1.2,26.9
"2026-08-08 19:00:00",5111,41.37703,2.216593,7,178,196,2.14,198,2.15,1014.9,84,29.2,26.2,1.2,27
"2026-08-08 19:15:00",5112,41.37703,2.216595,6,114,180,4.26,182,3.98,1014.6,85,29,26.2,1.2,26.9
"2026-08-08 19:30:00",5113,41.37708,2.216545,7,113,194,4.06,196,3.75,1014.6,85,29,26.3,1.2,27
"2026-08-08 19:45:00",5114,41.37707,2.216571,3,173,191,2.71,193,2.49,1014.5,86,29.1,26.5,1.2,27.2
"2026-08-08 20:00:00",5115,41.377,2.216545,5,180,193,2.76,195,2.43,1014.4,86,29,26.4,1.2,27
"2026-08-08 20:15:00",5116,41.377,2.2166,5,115,214,3.37,216,3.31,1014.5,86,29,26.4,1.2,27.1
"2026-08-08 20:30:00",5117,41.37697,2.216683,8,121,229,2.61,231,2.55,1014.9,86,28.9,26.3,1.2,26.9
"2026-08-08 20:45:00",5118,41.37689,2.216729,7,107,234,2.61,236,2.5,1015.5,85,28.9,26.3,1.2,26.9
"2026-08-08 21:00:00",5119,41.37692,2.216713,10,88,197,2.59,199,2.46,1015.4,85,28.9,26.2,1.2,26.9
"2026-08-08 21:15:00",5120,41.3769,2.216691,8,65,187,2.01,189,2.49,1015.6,85,28.8,26.2,1.2,26.8
"2026-08-08 21:30:00",5121,41.3769,2.216701,5,78,190,3.39,192,3.53,1015.2,86,28.8,26.3,1.2,26.9
"2026-08-08 21:45:00",5122,41.37685,2.21663,8,53,180,2.72,182,2.73,1015.2,87,28.7,26.4,1.2,27
"2026-08-08 22:00:00",5123,41.37689,2.216657,4,54,190,1.66,192,1.78,1015.5,86,28.7,26.3,1.2,26.9
"2026-08-08 22:15:00",5124,41.37695,2.216709,0,75,186,3.33,188,3.17,1015.4,86,28.7,26.3,1.2,26.9
"2026-08-08 22:30:00",5125,41.37703,2.216671,-3,75,200,2.98,202,3.62,1015.4,86,28.7,26.3,1.2,26.9
"2026-08-08 22:45:00",5126,41.37711,2.216646,-7,78,205,3.23,207,3.36,1015.3,86,28.7,26.1,1.2,26.8
"2026-08-08 23:00:00",5127,100,1000,7999,80,209,1000,"NAN",2.41,1015.5,86,28.7,26.3,1.2,26.9
"2026-08-08 23:15:00",5128,100,1000,7999,96,218,1000,"NAN",3.11,1015.6,83,28.8,25.7,1.2,26.5
"2026-08-08 23:30:00",5129,100,1000,7999,97,225,1000,"NAN",2.8,1015.6,83,28.9,25.9,1.2,26.6
"2026-08-08 23:45:00",5130,100,1000,7999,110,233,1000,"NAN",2.85,1015.6,83,28.8,25.8,1.2,26.5
"2026-08-09 00:00:00",5131,41.37707,2.216631,-2,101,236,3.27,238,3.33,1015.6,83,28.9,25.7,1.2,26.5
"2026-08-09 00:15:00",5132,41.3769,2.216733,5,98,228,2.98,230,3.13,1015.6,83,28.9,25.8,1.2,26.6
"2026-08-09 00:30:00",5133,41.37687,2.216765,3,93,217,2.98,219,3.1,1015.6,83,28.8,25.7,1.2,26.4
"2026-08-09 00:45:00",5134,41.37696,2.216681,1,90,202,3.39,204,3.38,1015.6,84,28.7,25.8,1.2,26.5
"2026-08-09 01:00:00",5135,41.377,2.216675,0,93,219,3.56,221,3.6,1015.7,85,28.6,25.8,1.2,26.5
"2026-08-09 01:15:00",5136,41.37703,2.216639,1,100,208,3.96,210,3.97,1015.6,84,28.7,25.8,1.2,26.5
"2026-08-09 01:30:00",5137,41.377,2.21663,2,95,218,3.86,220,3.89,1015.5,84,28.7,25.7,1.2,26.4
"2026-08-09 01:45:00",5138,41.377,2.216616,1,98,233,2.92,235,2.97,1015.4,84,28.6,25.6,1.2,26.4
"2026-08-09 02:00:00",5139,41.37695,2.21662,5,102,227,1.34,229,1.34,1015.2,84,28.6,25.6,1.2,26.4
"2026-08-09 02:15:00",5140,41.37698,2.216596,7,90,239,2.83,241,2.91,1015.1,83,28.6,25.5,1.2,26.3
"2026-08-09 02:30:00",5141,41.377,2.216581,9,86,220,1.75,222,1.8,1015,84,28.5,25.6,1.2,26.3
"2026-08-09 02:45:00",5142,41.377,2.21661,7,116,263,2.35,265,2.47,1015.2,83,28.6,25.4,1.2,26.2
"2026-08-09 03:00:00",5143,41.37696,2.216643,7,104,234,3.28,236,3.38,1015.2,81,28.5,24.9,1.2,25.8
"2026-08-09 03:15:00",5144,41.377,2.216596,6,108,252,2.12,254,1.98,1015,82,28.4,25.1,1.2,25.9
"2026-08-09 03:30:00",5145,41.377,2.216595,4,73,214,1.39,216,1.3,1014.6,81,28.4,24.9,1.2,25.8
"2026-08-09 03:45:00",5146,41.377,2.216574,3,243,44,1.94,45.95,1.94,1014.5,81,28.4,24.9,1.2,25.8
"2026-08-09 04:00:00",5147,41.37698,2.216595,2,276,73,1.47,74.95,1.5,1014.4,81,28.3,24.8,1.2,25.7
"2026-08-09 04:15:00",5148,41.37697,2.216618,4,274,75,1.02,76.95,1.07,1014.4,84,28.2,25.3,1.2,26
"2026-08-09 04:30:00",5149,41.37695,2.216618,3,290,94,1.02,96,1.04,1014.4,82,28.1,24.8,1.2,25.6
"2026-08-09 04:45:00",5150,41.37696,2.21661,5,346,129,1.59,131,1.55,1014.5,85,28.2,25.5,1.2,26.2
"2026-08-09 05:00:00",5151,41.37696,2.21663,3,57,175,2.05,177,1.85,1014.5,83,28,24.9,1.2,25.7
"2026-08-09 05:15:00",5152,41.37694,2.21669,5,77,215,1.82,217,1.83,1014.7,86,28,25.4,1.2,26.1
"2026-08-09 05:30:00",5153,41.37687,2.216781,3,98,256,4.7,258,4.7,1015.1,84,28.1,25.2,1.2,26
"2026-08-09 05:45:00",5154,41.37689,2.21677,5,124,269,1.05,271,1.07,1014.9,80,28.1,24.4,1.2,25.4
"2026-08-09 06:00:00",5155,41.37693,2.216663,0,94,352,1.8,354,1.72,1015,82,27.8,24.5,1.2,25.4
"2026-08-09 06:15:00",5156,41.3769,2.216696,2,94,351,2.8,353,2.73,1014.9,80,27.7,24.1,1.2,25
"2026-08-09 06:30:00",5157,41.37692,2.216668,0,90,339,2.18,341,2.17,1014.8,75,27.9,23.2,1.2,24.5
"2026-08-09 06:45:00",5158,41.37695,2.216628,1,123,60,2.19,61.95,2.23,1014.4,70,27.8,21.9,1.2,23.6
"2026-08-09 07:00:00",5159,41.37689,2.21668,4,101,358,4.27,360,4.27,1014.5,75,27.3,22.6,1.2,23.9
"2026-08-09 07:15:00",5160,41.3769,2.216663,2,89,15,1.77,16.95,1.75,1014.7,75,27.6,22.8,1.2,24.1
"2026-08-09 07:30:00",5161,41.37697,2.216601,1,99,41,1.94,42.95,1.95,1014.4,74,27.7,22.7,1.2,24.1
"2026-08-09 07:45:00",5162,41.37691,2.216655,1,91,12,3.43,13.95,3.32,1014.5,76,27,22.4,1.2,23.7
"2026-08-09 08:00:00",5163,41.37695,2.216613,1,89,28,1.8,29.95,1.88,1014.5,74,27.4,22.5,1.2,23.8
"2026-08-09 08:15:00",5164,41.377,2.216588,0,49,358,1.04,360,1.04,1014.7,72,27.9,22.4,1.2,23.9
"2026-08-09 08:30:00",5165,41.377,2.216583,0,74,28,1.02,29.95,1.04,1014.8,70,28,22.1,1.2,23.8
"2026-08-09 08:45:00",5166,41.37695,2.216565,1,97,309,1.53,311,1.46,1015,70,28.3,22.3,1.2,24
"2026-08-09 09:00:00",5167,41.37697,2.216571,0,112,304,1,306,0.82,1015,69,28.9,22.7,1.2,24.4
"2026-08-09 09:15:00",5168,41.37692,2.216608,2,113,333,1.56,335,1.52,1015.1,73,28.5,23.3,1.2,24.7
"2026-08-09 09:30:00",5169,41.37692,2.216673,0,96,334,1.49,336,1.46,1015.4,73,28.3,23.1,1.2,24.5
"2026-08-09 09:45:00",5170,41.3769,2.216724,-1,98,353,1.92,355,1.87,1015.4,74,28.4,23.3,1.2,24.7
"2026-08-09 10:00:00",5171,41.37689,2.216703,2,95,5,0.58,6.95,0.59,1015.5,74,28.8,23.7,1.2,25.1
"2026-08-09 10:15:00",5172,41.37688,2.216736,2,91,10,0.73,11.95,0.84,1015.4,74,29.1,24.1,1.2,25.4
"2026-08-09 10:30:00",5173,41.37689,2.216721,2,204,123,1.09,125,1.13,1015.4,74,29.8,24.8,1.2,26.1
"2026-08-09 10:45:00",5174,41.37687,2.216748,2,229,135,1.4,137,1.39,1015.5,76,29.5,24.9,1.2,26.1
"2026-08-09 11:00:00",5175,100,1000,7999,203,131,1000,"NAN",2.01,1015.5,80,29.4,25.6,1.2,26.6
"2026-08-09 11:15:00",5176,41.37687,2.216673,2,186,145,2.48,147,2.64,1015.5,82,29.1,25.8,1.2,26.6
"2026-08-09 11:30:00",5177,41.37689,2.21675,2,224,161,2.79,163,3.13,1015.6,82,29.1,25.8,1.2,26.6
"2026-08-09 11:45:00",5178,41.3769,2.216603,2,175,158,2.89,160,3.04,1015.6,80,29.2,25.4,1.2,26.4
"2026-08-09 12:00:00",5179,41.3769,2.216659,2,190,158,2.04,160,2.13,1015.5,81,29.4,25.8,1.2,26.7
"2026-08-09 12:15:00",5180,41.37694,2.21667,3,190,173,2.63,175,2.82,1015.5,80,29.4,25.6,1.2,26.6
"2026-08-09 12:30:00",5181,41.37692,2.216668,-1,193,168,2.09,170,2.19,1015.5,78,29.4,25.3,1.2,26.3
"2026-08-09 12:45:00",5182,41.37689,2.216726,-3,209,156,1.56,158,1.65,1015.4,79,29.5,25.6,1.2,26.6
"2026-08-09 13:00:00",5183,41.3769,2.2167,-2,196,160,2.19,162,2.28,1015.4,77,29.5,25.2,1.2,26.3
"2026-08-09 13:15:00",5184,41.37688,2.216728,-2,236,176,3.08,178,3.08,1015.5,78,29.5,25.4,1.2,26.4
"2026-08-09 13:30:00",5185,41.37685,2.21659,11,212,176,3.09,178,3.09,1015.4,78,29.5,25.3,1.2,26.4
"2026-08-09 13:45:00",5186,41.37687,2.216691,4,218,185,2.67,187,2.79,1015.3,78,29.6,25.5,1.2,26.5
"2026-08-09 14:00:00",5187,41.3769,2.216688,1,183,188,2.8,190,2.95,1015.2,78,29.8,25.6,1.2,26.7
"2026-08-09 14:15:00",5188,41.37694,2.216648,7,203,195,2.72,197,2.81,1015.3,77,29.9,25.6,1.2,26.7
"2026-08-09 14:30:00",5189,41.37693,2.216655,9,180,193,2.6,195,2.68,1015.2,79,30,26,1.2,27
"2026-08-09 14:45:00",5190,41.37694,2.216657,10,146,183,3.25,185,3.32,1015,76,29.9,25.4,1.2,26.6
"2026-08-09 15:00:00",5191,41.37694,2.216638,10,173,186,3.12,188,3.04,1015,75,30,25.3,1.2,26.5
"2026-08-09 15:15:00",5192,41.37694,2.216626,9,177,173,2.67,175,2.75,1014.8,76,30.1,25.4,1.2,26.6
"2026-08-09 15:30:00",5193,41.37694,2.216663,-5,163,196,2.18,198,2.19,1014.7,77,30,25.6,1.2,26.7
"2026-08-09 15:45:00",5194,41.3769,2.216757,0,173,195,3.44,197,3.57,1014.6,77,30.1,25.7,1.2,26.8
"2026-08-09 16:00:00",5195,41.37694,2.216711,0,176,185,2.6,187,2.48,1014.6,79,30.1,26.1,1.2,27.1
"2026-08-09 16:15:00",5196,41.37697,2.216675,0,118,178,4.42,180,4.35,1014.4,79,29.8,25.9,1.2,26.9
"2026-08-09 16:30:00",5197,41.37701,2.216616,0,126,177,4,179,4,1014.3,80,29.8,26,1.2,27
"2026-08-09 16:45:00",5198,41.377,2.216608,-2,125,178,3.95,180,3.77,1014.2,78,29.9,25.8,1.2,26.9
"2026-08-09 17:00:00",5199,41.377,2.216622,-1,132,181,2.95,183,2.84,1014.1,80,29.9,26.2,1.2,27.1
"2026-08-09 17:15:00",5200,41.37694,2.216683,0,120,184,4.2,186,4.2,1014,80,29.8,26,1.2,27
"2026-08-09 17:30:00",5201,41.37689,2.216796,1,126,190,3.77,192,3.77,1013.9,81,30,26.4,1.2,27.3
"2026-08-09 17:45:00",5202,41.37689,2.216766,0,118,199,3.64,201,3.65,1013.8,79,29.9,26,1.2,27
"2026-08-09 18:00:00",5203,41.3769,2.216746,0,146,185,2.49,187,2.49,1013.9,79,30.2,26.3,1.2,27.2
"2026-08-09 18:15:00",5204,41.37689,2.216701,2,260,189,2.68,191,2.7,1013.9,79,30.1,26.1,1.2,27.1
"2026-08-09 18:30:00",5205,41.37691,2.216659,5,240,191,2.42,193,2.42,1014,78,30.1,25.9,1.2,27
"2026-08-09 18:45:00",5206,41.37694,2.216633,5,222,192,2.7,194,2.65,1013.9,80,30.1,26.4,1.2,27.3
"2026-08-09 19:00:00",5207,41.37694,2.216662,2,241,190,2.98,192,2.75,1013.9,80,30.1,26.3,1.2,27.3
"2026-08-09 19:15:00",5208,41.37692,2.216663,2,238,169,3.17,171,3.12,1013.8,80,30,26.2,1.2,27.1
"2026-08-09 19:30:00",5209,41.37692,2.216706,0,75,185,2.58,187,2.57,1013.7,81,29.8,26.3,1.2,27.2
"2026-08-09 19:45:00",5210,41.37698,2.216718,2,90,188,2.6,190,2.57,1013.8,81,29.8,26.3,1.2,27.1
"2026-08-09 20:00:00",5211,41.37698,2.216715,1,87,196,2.31,198,2.31,1013.7,83,29.6,26.5,1.2,27.3
"2026-08-09 20:15:00",5212,41.37697,2.216683,1,84,196,2.79,198,2.79,1013.9,82,29.5,26.1,1.2,27
"2026-08-09 20:30:00",5213,41.37684,2.216693,2,93,188,2.51,190,2.31,1013.7,84,29.4,26.4,1.2,27.2
"2026-08-09 20:45:00",5214,41.37759,2.216348,7,100,181,3.88,183,3.95,1013.6,85,29.4,26.6,1.2,27.3
"2026-08-09 21:00:00",5215,100,1000,7999,87,180,1000,"NAN",2.94,1013.7,85,29.3,26.6,1.2,27.3
"2026-08-09 21:15:00",5216,100,1000,7999,93,179,1000,"NAN",2.28,1013.5,84,29.3,26.5,1.2,27.2
"2026-08-09 21:30:00",5217,100,1000,7999,97,194,1000,"NAN",2.55,1013.6,83,29.4,26.3,1.2,27.1
"2026-08-09 21:45:00",5218,41.37697,2.216721,4,99,191,2.97,193,2.97,1013.8,83,29.4,26.2,1.2,27
"2026-08-09 22:00:00",5219,41.37696,2.216731,2,113,208,3.05,210,2.99,1014.1,84,29.4,26.5,1.2,27.2
"2026-08-09 22:15:00",5220,41.37694,2.216775,3,88,198,2.45,200,2.39,1014.2,84,29.3,26.3,1.2,27
"2026-08-09 22:30:00",5221,41.37694,2.216759,2,108,207,1.55,209,1.4,1014.1,83,29.2,26.1,1.2,26.9
"2026-08-09 22:45:00",5222,41.37694,2.216778,2,151,250,0.94,252,0.92,1014.3,84,29.3,26.3,1.2,27
"2026-08-09 23:00:00",5223,41.37695,2.216766,3,94,162,1.08,164,1.21,1014.2,83,29.1,26.1,1.2,26.8
"2026-08-09 23:15:00",5224,41.37695,2.216765,3,92,146,1.58,148,1.71,1014.1,83,29.1,25.9,1.2,26.7
"2026-08-09 23:30:00",5225,41.37695,2.216755,2,96,170,1.71,172,1.77,1014.1,83,29.1,26,1.2,26.7
"2026-08-09 23:45:00",5226,41.37694,2.216746,1,91,160,0.93,162,0.76,1014.3,83,29.1,26.1,1.2,26.8
"2026-08-10 00:00:00",5227,41.37694,2.216775,0,160,289,0.88,291,0.86,1014.5,84,29.1,26.2,1.2,26.9
"2026-08-10 00:15:00",5228,41.37692,2.216818,1,149,235,0.54,237,0.57,1014.4,85,29,26.2,1.2,26.9
"2026-08-10 00:30:00",5229,41.37694,2.216809,0,98,165,1.15,167,0.93,1014.5,84,28.9,26.1,1.2,26.7
"2026-08-10 00:45:00",5230,41.37695,2.216808,1,186,275,1.27,277,1.27,1014.6,85,28.9,26.3,1.2,26.9
"2026-08-10 01:00:00",5231,41.37692,2.216832,0,126,248,0.74,250,0.75,1014.5,84,28.7,25.9,1.2,26.6
"2026-08-10 01:15:00",5232,41.37695,2.216846,2,359,106,0.41,108,0.36,1014.4,85,28.7,26,1.2,26.7
"2026-08-10 01:30:00",5233,41.37694,2.216818,2,346,74,0.55,75.95,0.55,1014.4,84,28.7,25.7,1.2,26.4
"2026-08-10 01:45:00",5234,41.37694,2.216788,1,50,56,0.95,57.95,0.96,1014.3,86,28.7,26.1,1.2,26.7
"2026-08-10 02:00:00",5235,41.3769,2.216758,3,75,45,1.4,46.95,1.39,1014.4,87,28.7,26.3,1.2,26.9
"2026-08-10 02:15:00",5236,41.37689,2.216808,3,101,1,1.69,2.95,1.59,1014.3,85,28.6,25.8,1.2,26.5
"2026-08-10 02:30:00",5237,41.37687,2.216873,0,83,10,2.1,11.95,1.98,1014.1,82,28.4,25.1,1.2,26
"2026-08-10 02:45:00",5238,41.37685,2.216881,0,89,0,3.67,1.95,3.59,1014.1,80,28.3,24.7,1.2,25.6
"2026-08-10 03:00:00",5239,41.37685,2.216896,0,99,342,2.98,344,2.96,1014,80,28.2,24.6,1.2,25.5
"2026-08-10 03:15:00",5240,41.37685,2.216888,1,98,340,2.82,342,2.81,1013.9,79,28.2,24.3,1.2,25.3
"2026-08-10 03:30:00",5241,41.37685,2.216856,2,91,0,2.51,1.95,2.63,1014,80,28.3,24.6,1.2,25.6
"2026-08-10 03:45:00",5242,41.37687,2.216856,3,101,354,3.11,356,2.9,1013.9,80,28,24.4,1.2,25.3
"2026-08-10 04:00:00",5243,41.37685,2.216866,2,95,339,4.25,341,4.01,1014.1,79,27.7,23.9,1.2,24.9
"2026-08-10 04:15:00",5244,41.37687,2.216815,2,89,356,3.25,358,3.59,1014,79,27.7,23.7,1.2,24.8
"2026-08-10 04:30:00",5245,41.37685,2.216763,2,94,10,2.86,11.95,3.11,1014.2,80,27.7,24,1.2,24.9
"2026-08-10 04:45:00",5246,41.37687,2.21672,3,89,1,4.48,2.95,4.17,1014.2,80,27.7,24.1,1.2,25
"2026-08-10 05:00:00",5247,41.37689,2.216709,0,71,5,3.59,6.95,3.46,1014.3,82,27.9,24.6,1.2,25.4
"2026-08-10 05:15:00",5248,41.37688,2.216698,-2,82,359,3.13,0.95,2.66,1014.3,80,27.8,24.2,1.2,25.1
"2026-08-10 05:30:00",5249,41.37689,2.216658,-4,97,46,6.28,47.95,6.07,1014.5,84,28.1,25.2,1.2,25.9
"2026-08-10 05:45:00",5250,41.37689,2.216646,-2,105,63,6.57,64.95,6.57,1014.5,84,28,25.2,1.2,25.9
"2026-08-10 06:00:00",5251,41.37688,2.216673,0,100,59,6.17,60.95,6.24,1014.5,84,28.2,25.4,1.2,26.1
"2026-08-10 06:15:00",5252,41.3769,2.216625,0,120,103,7.99,105,8.18,1014.5,74,28.5,23.6,1.2,24.9
"2026-08-10 06:30:00",5253,41.37694,2.216583,-1,108,110,6.85,112,6.58,1014.6,80,28.5,24.8,1.2,25.8
"2026-08-10 06:45:00",5254,41.37696,2.216548,0,116,95,9.38,97,9.76,1014.7,77,28.7,24.2,1.2,25.4
"2026-08-10 07:00:00",5255,41.37697,2.216499,-2,93,83,9.27,85,9.63,1014.8,79,28.5,24.6,1.2,25.6
"2026-08-10 07:15:00",5256,41.37696,2.21652,-1,96,96,10.06,98,9.36,1014.9,83,27.9,24.9,1.2,25.7
"2026-08-10 07:30:00",5257,41.37696,2.216533,1,108,93,8.25,95,8.06,1014.9,87,27.8,25.4,1.2,26
"2026-08-10 07:45:00",5258,41.37697,2.216546,2,97,82,8.21,84,8.01,1015,86,27.7,25.3,1.2,25.9
"2026-08-10 08:00:00",5259,41.377,2.216506,2,101,74,7.14,75.95,7.3,1015.1,87,27.6,25.2,1.2,25.8
"2026-08-10 08:15:00",5260,41.37703,2.216525,6,104,100,7.29,102,7.53,1015.2,86,27.6,25.2,1.2,25.8
"2026-08-10 08:30:00",5261,41.37701,2.216543,6,96,75,7.5,76.95,7.36,1015.4,86,27.7,25.1,1.2,25.8
"2026-08-10 08:45:00",5262,41.37697,2.216576,7,105,66,6.96,67.95,6.55,1015.4,85,27.8,25.2,1.2,25.8
"2026-08-10 09:00:00",5263,41.377,2.216606,12,95,80,5.61,82,5.14,1015.5,84,28,25.2,1.2,25.9
"2026-08-10 09:15:00",5264,41.37694,2.21659,9,119,79,5.17,81,5.17,1015.8,82,28.1,24.8,1.2,25.6
"2026-08-10 09:30:00",5265,41.37688,2.2166,9,99,63,3.39,64.95,3.62,1015.9,81,28.1,24.5,1.2,25.5
"2026-08-10 09:45:00",5266,41.37688,2.216665,4,100,74,4.85,75.95,5.07,1015.5,82,28.2,24.8,1.2,25.7
"2026-08-10 10:00:00",5267,41.37687,2.216713,2,123,25,3.08,26.95,2.85,1015.7,80,28.2,24.5,1.2,25.5
"2026-08-10 10:15:00",5268,41.37687,2.21674,2,121,50,2.88,51.95,2.2,1015.9,79,28.5,24.6,1.2,25.6
"2026-08-10 10:30:00",5269,41.37687,2.216681,2,123,92,4.53,94,4.36,1015.6,79,28.5,24.6,1.2,25.7
"2026-08-10 10:45:00",5270,41.37689,2.21663,0,138,84,2.97,86,2.79,1015.8,79,28.8,24.9,1.2,25.9
"2026-08-10 11:00:00",5271,100,1000,7999,138,103,1000,"NAN",3.24,1015.8,76,29,24.5,1.2,25.7
"2026-08-10 11:15:00",5272,41.37695,2.216472,3,115,110,6.38,112,6.42,1015.9,75,28.9,24.2,1.2,25.4
"2026-08-10 11:30:00",5273,41.377,2.216441,3,127,121,7.16,123,6.4,1015.8,76,29,24.4,1.2,25.6
"2026-08-10 11:45:00",5274,41.377,2.216445,3,124,112,5.41,114,4.75,1015.9,76,28.9,24.4,1.2,25.6
"2026-08-10 12:00:00",5275,41.37707,2.216551,23,117,117,4.59,119,4.71,1015.9,76,28.9,24.4,1.2,25.6
"2026-08-10 12:15:00",5276,41.37705,2.216501,6,114,121,5.47,123,5.41,1016.1,76,28.8,24.2,1.2,25.4
"2026-08-10 12:30:00",5277,41.37706,2.21649,0,119,122,5.43,124,5.64,1016.1,78,28.8,24.8,1.2,25.8
"2026-08-10 12:45:00",5278,41.37704,2.216509,0,122,128,5.02,130,5.11,1016.1,79,28.8,24.8,1.2,25.8
"2026-08-10 13:00:00",5279,41.37705,2.216498,0,111,116,5.88,118,6.03,1016.1,77,28.9,24.6,1.2,25.7
"2026-08-10 13:15:00",5280,41.3771,2.216516,-3,123,128,3.97,130,4.39,1016.1,78,29.1,25,1.2,26
"2026-08-10 13:30:00",5281,41.37716,2.21649,-8,123,131,6.66,133,6.12,1016,75,29,24.3,1.2,25.5
"2026-08-10 13:45:00",5282,41.37704,2.216458,7,123,121,5.44,123,5.07,1016.1,75,29.1,24.4,1.2,25.6
"2026-08-10 14:00:00",5283,41.3774,2.216106,-1,114,104,6.12,106,5.86,1016,77,29.1,24.8,1.2,25.9
"2026-08-10 14:15:00",5284,100,1000,7999,108,119,1000,"NAN",5.52,1016,78,29.1,25,1.2,26.1
"2026-08-10 14:30:00",5285,100,1000,7999,102,109,1000,"NAN",3.87,1015.7,81,29.1,25.6,1.2,26.5
"2026-08-10 14:45:00",5286,100,1000,7999,111,130,1000,"NAN",6.5,1015.7,81,28.7,25.2,1.2,26.1
"2026-08-10 15:00:00",5287,100,1000,7999,117,118,1000,"NAN",6.74,1015.6,81,28.8,25.3,1.2,26.2
"2026-08-10 15:15:00",5288,41.37716,2.216451,0,119,133,6.78,135,6.03,1015.6,83,28.7,25.6,1.2,26.3
"2026-08-10 15:30:00",5289,41.37716,2.216451,0,104,122,6.74,124,6.15,1015.6,85,28.7,26,1.2,26.7
"2026-08-10 15:45:00",5290,41.37716,2.216441,3,111,122,3.77,124,4.15,1015.4,84,28.4,25.6,1.2,26.3
"2026-08-10 16:00:00",5291,41.37715,2.216468,0,107,118,4.69,120,5.33,1015.5,85,28.4,25.7,1.2,26.4
"2026-08-10 16:15:00",5292,41.37713,2.216485,0,114,137,5.11,139,4.31,1015.5,86,28.3,25.8,1.2,26.4
"2026-08-10 16:30:00",5293,41.37711,2.21649,0,104,127,3.75,129,3.16,1015.5,85,28.3,25.6,1.2,26.3
"2026-08-10 16:45:00",5294,41.3771,2.216496,-2,111,93,2.15,95,2.53,1015.3,85,28.2,25.5,1.2,26.2
"2026-08-10 17:00:00",5295,41.37706,2.216514,1,122,133,1.53,135,2.06,1015.3,86,28.3,25.9,1.2,26.5
"2026-08-10 17:15:00",5296,41.37705,2.216521,2,118,118,2.71,120,2.65,1015.1,86,28.2,25.8,1.2,26.4
"2026-08-10 17:30:00",5297,41.37704,2.216526,2,115,115,3.83,117,3.67,1014.8,87,28.2,25.8,1.2,26.4
"2026-08-10 17:45:00",5298,41.37701,2.216526,0,117,100,2.27,102,1.86,1014.6,87,28.2,25.9,1.2,26.5
"2026-08-10 18:00:00",5299,41.37701,2.216541,0,119,103,1.96,105,2.18,1014.7,86,28.2,25.7,1.2,26.4
"2026-08-10 18:15:00",5300,41.37701,2.216529,2,111,92,3.09,94,2.98,1014.7,87,28.3,26,1.2,26.5
"2026-08-10 18:30:00",5301,41.377,2.216534,3,116,115,2.86,117,2.53,1014.8,86,28.3,25.9,1.2,26.5
"2026-08-10 18:45:00",5302,41.37701,2.216543,0,118,102,1.25,104,1.57,1014.9,86,28.3,25.9,1.2,26.5
"2026-08-10 19:00:00",5303,41.377,2.216558,1,101,158,0.1,160,0.11,1015.2,86,28.5,26.1,1.2,26.7
"2026-08-10 19:15:00",5304,41.37701,2.21654,1,132,107,2.17,109,1.66,1014.9,87,28.4,26,1.2,26.6
"2026-08-10 19:30:00",5305,41.37703,2.216525,2,93,69,1.64,70.95,1.37,1014.5,87,28.4,26.1,1.2,26.7
"2026-08-10 19:45:00",5306,41.37703,2.216543,0,115,102,2.64,104,2.37,1014.7,86,28.3,25.9,1.2,26.5
"2026-08-10 20:00:00",5307,41.37704,2.216526,-2,147,140,1.88,142,1.72,1014.8,86,28.4,26,1.2,26.6
"2026-08-10 20:15:00",5308,41.37707,2.216509,-1,138,123,2.94,125,3.36,1015,86,28.5,26,1.2,26.7
"2026-08-10 20:30:00",5309,41.37701,2.216523,-3,169,142,2.14,144,1.89,1015,86,28.5,26,1.2,26.6
"2026-08-10 20:45:00",5310,41.37701,2.216533,-3,174,166,1.52,168,1.33,1015.1,86,28.5,26.1,1.2,26.7
"2026-08-10 21:00:00",5311,41.377,2.216546,-3,105,56,0.58,57.95,0.4,1015.2,87,28.5,26.2,1.2,26.8
"2026-08-10 21:15:00",5312,41.377,2.216556,1,303,204,0.45,206,0.64,1015.3,86,28.5,26,1.2,26.7
"2026-08-10 21:30:00",5313,41.37701,2.216565,13,20,331,0.91,333,0.8,1015.3,87,28.5,26.2,1.2,26.8
"2026-08-10 21:45:00",5314,41.377,2.216566,-2,141,110,0.91,112,0.79,1015.4,87,28.5,26.2,1.2,26.8
"2026-08-10 22:00:00",5315,41.377,2.216574,-2,91,40,1.45,41.95,1.43,1015.4,87,28.4,26,1.2,26.6
"2026-08-10 22:15:00",5316,41.37701,2.216576,-1,91,30,1.47,31.95,1.49,1015.7,87,28.4,26,1.2,26.6
"2026-08-10 22:30:00",5317,100,1000,7999,112,57,1000,"NAN",1.05,1016.1,87,28.4,26.1,1.2,26.7
"2026-08-10 22:45:00",5318,100,1000,7999,174,148,1000,"NAN",1.65,1016.6,87,28.5,26.2,1.2,26.8
"2026-08-10 23:00:00",5319,100,1000,7999,181,169,1000,"NAN",1.46,1016.7,87,28.6,26.4,1.2,27
"2026-08-10 23:15:00",5320,41.37708,2.21652,3,146,118,1.08,120,0.98,1016.8,87,28.7,26.3,1.2,26.9
"2026-08-10 23:30:00",5321,41.37705,2.216526,2,125,82,0.89,84,0.91,1016.6,86,28.7,26.2,1.2,26.8
"2026-08-10 23:45:00",5322,41.37707,2.216521,2,4,309,1.03,311,1.14,1016.2,87,28.7,26.3,1.2,26.9
"2026-08-11 00:00:00",5323,41.37706,2.216516,1,62,32,0.26,33.95,0.64,1016.3,87,28.7,26.4,1.2,26.9
"2026-08-11 00:15:00",5324,41.37709,2.216496,1,124,84,0.86,86,0.76,1016.1,87,28.7,26.3,1.2,26.9
"2026-08-11 00:30:00",5325,41.37712,2.216482,3,119,118,0.35,120,0.37,1016,86,28.7,26.2,1.2,26.8
"2026-08-11 00:45:00",5326,41.37706,2.216509,1,92,18,4.04,19.95,4.2,1015.6,88,28.6,26.5,1.2,27
"2026-08-11 01:00:00",5327,41.37695,2.216593,1,104,27,3.89,28.95,4.01,1015.1,88,28.5,26.4,1.2,26.9
"2026-08-11 01:15:00",5328,41.37685,2.2168,2,97,354,4.02,356,4.44,1014.8,85,28.6,25.9,1.2,26.6
"2026-08-11 01:30:00",5329,41.37682,2.216918,2,111,336,6.22,338,6.17,1014,85,28.4,25.7,1.2,26.4
"2026-08-11 01:45:00",5330,41.37684,2.216916,3,105,332,7.96,334,7.76,1013.7,86,28.3,25.7,1.2,26.4
"2026-08-11 02:00:00",5331,41.37684,2.216838,1,114,341,2.26,343,2.07,1013.8,79,28.4,24.5,1.2,25.5
"2026-08-11 02:15:00",5332,41.37694,2.216631,4,114,49,6.4,50.95,6.62,1013.9,79,28.3,24.5,1.2,25.5
"2026-08-11 02:30:00",5333,41.37709,2.216504,5,129,85,3.88,87,3.8,1014.1,74,28.8,23.9,1.2,25.2
"2026-08-11 02:45:00",5334,41.37712,2.21646,6,102,76,3.63,77.95,3.52,1014,83,28.8,25.7,1.2,26.5
"2026-08-11 03:00:00",5335,41.37717,2.216458,6,114,97,3.41,99,3.6,1013.9,82,28.8,25.4,1.2,26.3
"2026-08-11 03:15:00",5336,41.37723,2.216476,4,65,59,1.39,60.95,1.45,1013.8,79,28.9,24.9,1.2,26
"2026-08-11 03:30:00",5337,41.37723,2.216461,4,77,54,2.61,55.95,2.62,1013.5,80,29.1,25.3,1.2,26.3
"2026-08-11 03:45:00",5338,41.37717,2.216485,1,98,31,2.11,32.95,2.11,1013.4,76,28.9,24.5,1.2,25.6
"2026-08-11 04:00:00",5339,41.3772,2.216482,2,4,268,2.1,270,1.85,1014.1,78,29.1,24.9,1.2,26
"2026-08-11 04:15:00",5340,41.37736,2.216521,2,87,165,2.77,167,2.86,1014.4,79,29.1,25.1,1.2,26.1
"2026-08-11 04:30:00",5341,41.37733,2.216498,-2,91,109,2.71,111,2.54,1014.6,76,29.1,24.4,1.2,25.6
"2026-08-11 04:45:00",5342,41.37715,2.216483,6,101,23,2.55,24.95,2.43,1014.5,72,28.8,23.2,1.2,24.7
"2026-08-11 05:00:00",5343,41.37719,2.216657,-5,80,13,2.51,14.95,2.38,1014.5,71,28.7,23,1.2,24.6
"2026-08-11 05:15:00",5344,41.37725,2.216704,-9,96,6,2.41,7.95,2.34,1014.6,68,28.8,22.5,1.2,24.3
"2026-08-11 05:30:00",5345,41.37731,2.216635,-4,72,319,2.09,321,1.89,1014.6,70,28.9,22.9,1.2,24.6
"2026-08-11 05:45:00",5346,41.3774,2.216566,1,58,347,1.87,349,1.71,1014.8,68,28.7,22.2,1.2,24
"2026-08-11 06:00:00",5347,41.37744,2.216626,0,67,323,2.69,325,2.47,1014.9,68,28.6,22.3,1.2,24.1
"2026-08-11 06:15:00",5348,41.37749,2.21675,0,99,335,4.45,337,4.08,1015,71,28.6,22.8,1.2,24.4
"2026-08-11 06:30:00",5349,41.37741,2.216863,0,96,357,4.65,359,4.67,1015,74,27.9,22.9,1.2,24.3
"2026-08-11 06:45:00",5350,41.37736,2.216876,0,90,346,2.98,348,2.78,1015.3,75,27.8,23,1.2,24.4
"2026-08-11 07:00:00",5351,41.37749,2.216798,2,86,9,2.69,10.95,2.83,1015.4,75,27.9,23.2,1.2,24.5
"2026-08-11 07:15:00",5352,41.37753,2.216848,4,93,345,4.14,347,3.97,1015.7,73,27.6,22.4,1.2,23.9
"2026-08-11 07:30:00",5353,41.37753,2.216923,0,80,346,2.61,348,2.53,1016.1,76,27.7,23.1,1.2,24.3
"2026-08-11 07:45:00",5354,41.37752,2.216986,0,81,336,2.26,338,2.27,1016,76,27.8,23.2,1.2,24.4
"2026-08-11 08:00:00",5355,41.37756,2.216946,2,105,70,1.79,71.95,1.76,1016.2,78,28.3,24.1,1.2,25.2
"2026-08-11 08:15:00",5356,41.37751,2.216713,0,83,23,2.69,24.95,2.74,1016.2,76,28.2,23.6,1.2,24.9
"2026-08-11 08:30:00",5357,41.37726,2.216455,2,97,88,7.03,90,6.98,1016.3,84,28.3,25.4,1.2,26.1
"2026-08-11 08:45:00",5358,41.37723,2.216458,7,104,97,5.45,99,5.35,1016.5,86,28.3,25.7,1.2,26.4
"2026-08-11 09:00:00",5359,41.37725,2.216446,9,91,80,5.95,82,6.15,1016.4,86,28.4,26,1.2,26.6
"2026-08-11 09:15:00",5360,41.37709,2.216298,5,98,83,6.13,85,6.08,1016.6,84,28.3,25.4,1.2,26.1
"2026-08-11 09:30:00",5361,41.37711,2.216289,5,94,83,7.17,85,6.87,1016.7,83,28.1,24.9,1.2,25.7
"2026-08-11 09:45:00",5362,100,1000,7999,95,101,1000,"NAN",6.75,1016.8,84,28.2,25.3,1.2,26
"2026-08-11 10:00:00",5363,100,1000,7999,95,95,1000,"NAN",6.57,1016.9,84,28,25.1,1.2,25.8
"2026-08-11 10:15:00",5364,100,1000,7999,99,90,1000,"NAN",6.58,1017.1,85,28,25.3,1.2,26
"2026-08-11 10:30:00",5365,41.37719,2.216466,3,100,96,6.04,98,5.83,1017.2,85,27.8,25.2,1.2,25.9
"2026-08-11 10:45:00",5366,41.3772,2.216473,4,102,100,6.33,102,6.69,1017.2,85,27.8,25,1.2,25.7
"2026-08-11 11:00:00",5367,41.37717,2.216483,2,118,92,4.96,94,4.78,1017.3,85,27.7,25,1.2,25.6
"2026-08-11 11:15:00",5368,41.37716,2.216485,4,118,79,4.63,81,4.8,1017.1,85,27.8,25.3,1.2,25.9
"2026-08-11 11:30:00",5369,41.37716,2.216487,2,109,94,3.38,96,3.41,1017.2,85,27.7,25,1.2,25.7
"2026-08-11 11:45:00",5370,41.37716,2.216482,3,100,90,3.17,92,3.39,1017.2,85,27.7,25,1.2,25.7
"2026-08-11 12:00:00",5371,41.37719,2.21648,0,100,91,3.08,93,3.11,1017.1,85,27.9,25.3,1.2,26
"2026-08-11 12:15:00",5372,41.3772,2.21648,0,108,96,3.84,98,3.85,1017.2,84,27.9,25,1.2,25.7
"2026-08-11 12:30:00",5373,41.37723,2.216463,0,106,125,2.2,127,2.14,1017.3,83,27.9,24.8,1.2,25.6
"2026-08-11 12:45:00",5374,41.37725,2.216475,0,102,106,2.6,108,2.73,1017.2,83,28,25,1.2,25.8
"2026-08-11 13:00:00",5375,41.37728,2.216468,1,97,116,3.57,118,3.36,1017.2,83,28,24.9,1.2,25.7
"2026-08-11 13:15:00",5376,41.37731,2.21647,-1,98,108,3.63,110,3.63,1017,84,28.5,25.6,1.2,26.4
"2026-08-11 13:30:00",5377,41.37726,2.216455,1,97,94,4.36,96,4.37,1016.7,84,28.5,25.5,1.2,26.2
"2026-08-11 13:45:00",5378,41.37725,2.21646,2,91,118,5.49,120,6.08,1016.7,82,28.5,25.2,1.2,26
"2026-08-11 14:00:00",5379,41.37726,2.216451,2,95,100,4.53,102,4.5,1016.7,82,28.6,25.2,1.2,26.1
"2026-08-11 14:15:00",5380,41.37726,2.21647,3,97,97,3.75,99,4.14,1016.4,80,28.6,24.9,1.2,25.9
"2026-08-11 14:30:00",5381,41.37725,2.216463,-1,98,108,5.14,110,4.82,1016.3,80,28.9,25.1,1.2,26.1
"2026-08-11 14:45:00",5382,41.37726,2.21647,-1,92,107,3.01,109,3.25,1016.2,81,29,25.4,1.2,26.3
"2026-08-11 15:00:00",5383,41.37733,2.216473,-3,106,139,4.14,141,4.13,1016,76,29.3,24.6,1.2,25.8
"2026-08-11 15:15:00",5384,41.37738,2.21648,-3,96,134,3.6,136,3.58,1015.9,79,29.1,25.1,1.2,26.1
"2026-08-11 15:30:00",5385,41.3774,2.216501,-2,99,143,3.39,145,3.77,1015.8,78,29,24.9,1.2,26
"2026-08-11 15:45:00",5386,41.37744,2.216508,1,124,134,2.55,136,2.78,1015.6,83,28.8,25.7,1.2,26.5
"2026-08-11 16:00:00",5387,41.37748,2.216538,0,90,136,3.77,138,3.54,1015.5,85,28.7,26,1.2,26.7
"2026-08-11 16:15:00",5388,41.37749,2.216526,0,102,138,3,140,2.75,1015.4,84,28.7,25.9,1.2,26.6
"2026-08-11 16:30:00",5389,41.37752,2.21656,0,100,123,3.41,125,3.82,1015.3,85,28.6,25.9,1.2,26.6
"2026-08-11 16:45:00",5390,41.37753,2.216631,0,89,130,2.51,132,2.59,1015.2,87,28.7,26.4,1.2,26.9
"2026-08-11 17:00:00",5391,41.37756,2.21668,1,81,126,3.79,128,3.81,1014.9,87,28.5,26.2,1.2,26.8
"2026-08-11 17:15:00",5392,41.37757,2.216715,3,103,152,3.48,154,3.66,1015,88,28.6,26.5,1.2,27
"2026-08-11 17:30:00",5393,41.37757,2.216765,2,80,141,3.61,143,3.91,1015,88,28.6,26.5,1.2,27
"2026-08-11 17:45:00",5394,41.37757,2.21678,0,73,142,2.89,144,3.06,1015,88,28.7,26.5,1.2,27.1
"2026-08-11 18:00:00",5395,41.37758,2.216816,1,95,139,1.9,141,2.17,1015,88,28.7,26.7,1.2,27.2
"2026-08-11 18:15:00",5396,41.37759,2.216816,2,81,145,1.93,147,2.09,1015.2,88,28.9,26.7,1.2,27.2
"2026-08-11 18:30:00",5397,41.3776,2.216874,1,72,141,1.93,143,2.19,1015,87,28.9,26.5,1.2,27.1
"2026-08-11 18:45:00",5398,41.3776,2.216916,2,62,120,2.09,122,2.34,1014.9,86,29,26.5,1.2,27.1
"2026-08-11 19:00:00",5399,41.3776,2.216916,1,81,99,0.92,101,1.07,1014.7,87,29,26.7,1.2,27.3
"2026-08-11 19:15:00",5400,41.37761,2.216915,2,38,112,1.92,114,1.93,1014.8,87,29.1,26.8,1.2,27.4
"2026-08-11 19:30:00",5401,41.37759,2.216874,1,77,102,2.25,104,2.24,1014.7,87,28.9,26.7,1.2,27.3
"2026-08-11 19:45:00",5402,41.37759,2.216888,0,59,100,2.87,102,2.7,1014.8,87,29.1,26.8,1.2,27.4
"2026-08-11 20:00:00",5403,41.37756,2.216873,-1,92,84,3.03,86,2.95,1015.2,87,29,26.7,1.2,27.3
"2026-08-11 20:15:00",5404,41.37758,2.216863,0,92,75,3.98,76.95,3.95,1015.4,89,28.9,27.1,1.2,27.5
"2026-08-11 20:30:00",5405,41.37756,2.216784,2,75,62,5.39,63.95,4.97,1016,90,28.9,27.2,1.2,27.7
"2026-08-11 20:45:00",5406,41.37757,2.216813,2,80,75,3.84,76.95,3.56,1015.9,90,28.8,27.1,1.2,27.5
"2026-08-11 21:00:00",5407,41.37757,2.216863,2,81,53,3.03,54.95,3.19,1015.9,90,28.8,27.1,1.2,27.5
"2026-08-11 21:15:00",5408,41.37756,2.216889,3,98,59,4.26,60.95,4.21,1016,90,28.7,26.9,1.2,27.4
"2026-08-11 21:30:00",5409,41.37757,2.216956,3,100,63,3.23,64.95,3.18,1016,91,28.9,27.3,1.2,27.7
"2026-08-11 21:45:00",5410,41.37757,2.216934,4,81,87,3.92,89,4.27,1015.9,90,28.7,27,1.2,27.4
"2026-08-11 22:00:00",5411,41.37758,2.216992,2,84,64,2.87,65.95,2.89,1016.5,90,28.7,27,1.2,27.4
"2026-08-11 22:15:00",5412,41.37759,2.217175,-9,94,43,3.29,44.95,3.46,1016.9,90,28.7,27,1.2,27.4
"2026-08-11 22:30:00",5413,41.37749,2.217168,2,90,42,3.54,43.95,3.8,1017.1,90,28.7,26.9,1.2,27.3
"2026-08-11 22:45:00",5414,41.37748,2.217213,2,90,56,3.51,57.95,3.51,1017.4,89,28.8,27,1.2,27.4
"2026-08-11 23:00:00",5415,100,1000,7999,103,66,1000,"NAN",4.73,1017.1,89,28.9,26.9,1.2,27.4
"2026-08-11 23:15:00",5416,100,1000,7999,103,84,1000,"NAN",2.86,1017,88,29.1,27,1.2,27.5
"2026-08-11 23:30:00",5417,41.3776,2.216876,2,89,96,3.5,98,3.42,1016.8,85,28.9,26.1,1.2,26.8
"2026-08-11 23:45:00",5418,41.37757,2.216863,2,115,126,2.26,128,2.33,1016.6,85,28.9,26.3,1.2,26.9
"2026-08-12 00:00:00",5419,41.37761,2.21695,2,135,165,1.36,167,1.27,1016.6,86,29.1,26.6,1.2,27.2
"2026-08-19 00:00:00",6091,41.37762,2.217051,2,96,179,4.27,181,4.14,1014.3,84,28.7,25.8,1.2,26.6
"2026-08-19 00:15:00",6092,41.37762,2.217088,2,100,183,3.85,185,3.85,1014.3,83,28.7,25.7,1.2,26.4
"2026-08-19 00:30:00",6093,41.37764,2.217103,4,101,187,4.48,189,4.48,1014.2,84,28.7,25.7,1.2,26.5
"2026-08-19 00:45:00",6094,41.37762,2.217086,4,114,191,3.31,193,3.57,1014.2,85,28.7,26,1.2,26.6
"2026-08-19 01:00:00",6095,41.37762,2.217105,4,99,184,4.99,186,4.83,1014.2,85,28.7,26,1.2,26.7
"2026-08-19 01:15:00",6096,41.37756,2.217148,4,114,220,2.41,222,2.53,1014.1,87,28.7,26.4,1.2,27
"2026-08-19 01:30:00",6097,41.37756,2.217186,8,94,209,3.55,211,3.6,1014.1,87,28.5,26.2,1.2,26.8
"2026-08-19 01:45:00",6098,41.37756,2.21719,7,122,215,3.83,217,3.91,1014,87,28.5,26.3,1.2,26.8
"2026-08-19 02:00:00",6099,41.37755,2.217199,8,108,219,2.53,221,2.58,1013.9,87,28.4,26.2,1.2,26.8
"2026-08-19 02:15:00",6100,41.37755,2.217206,7,110,236,2.42,238,2.51,1013.8,88,28.5,26.4,1.2,26.9
"2026-08-19 02:30:00",6101,41.37756,2.217208,5,119,237,2.28,239,2.49,1013.6,87,28.4,26.2,1.2,26.8
"2026-08-19 02:45:00",6102,41.37755,2.217196,4,148,260,0.95,262,0.92,1013.5,85,28.5,25.8,1.2,26.5
"2026-08-19 03:00:00",6103,41.37753,2.217203,3,131,237,1.73,239,1.73,1013.4,84,28.4,25.5,1.2,26.3
"2026-08-19 03:15:00",6104,41.37756,2.217186,1,90,196,0.99,198,1.11,1013.2,85,28.5,25.8,1.2,26.5
"2026-08-19 03:30:00",6105,41.37757,2.217171,3,95,208,1.55,210,1.19,1013.2,86,28.4,25.8,1.2,26.5
"2026-08-19 03:45:00",6106,41.37757,2.217194,1,124,238,1.33,240,1.36,1013.2,85,28.4,25.8,1.2,26.5
"2026-08-19 04:00:00",6107,41.37754,2.217213,3,144,264,1.54,266,1.49,1013,85,28.4,25.7,1.2,26.4
"2026-08-19 04:15:00",6108,41.37751,2.21722,4,128,252,2.07,254,2.05,1012.9,84,28.4,25.6,1.2,26.3
"2026-08-19 04:30:00",6109,41.37764,2.217479,-12,123,251,2.32,253,2.09,1012.8,84,28.4,25.5,1.2,26.3
"2026-08-19 04:45:00",6110,41.37769,2.217586,-5,129,249,2,251,1.83,1012.7,84,28.4,25.5,1.2,26.3
"2026-08-19 05:00:00",6111,41.37776,2.218096,12,129,239,2.37,241,2.73,1012.6,85,28.4,25.7,1.2,26.4
"2026-08-19 05:15:00",6112,41.37758,2.217383,10,134,251,1.89,253,2.21,1012.6,84,28.4,25.5,1.2,26.2
"2026-08-19 05:30:00",6113,41.37756,2.217128,1,178,296,1.22,298,1.46,1012.5,84,28.3,25.5,1.2,26.2
"2026-08-19 05:45:00",6114,41.37753,2.217216,3,145,277,2.58,279,2.72,1012.4,84,28.3,25.4,1.2,26.1
"2026-08-19 06:00:00",6115,41.37751,2.217271,2,146,275,2.05,277,2.27,1012.3,83,28.3,25.2,1.2,26
"2026-08-19 06:15:00",6116,41.37752,2.21727,3,167,271,1.52,273,1.48,1012.2,83,28.3,25.3,1.2,26
"2026-08-19 06:30:00",6117,41.3776,2.217018,6,148,265,1.24,267,1.34,1012.2,83,28.3,25.1,1.2,25.9
"2026-08-19 06:45:00",6118,41.37754,2.217236,1,158,276,1.32,278,1.04,1012.2,82,28.3,24.9,1.2,25.8
"2026-08-19 07:00:00",6119,41.37752,2.21724,2,150,280,1.67,282,1.81,1012.1,83,28.3,25.2,1.2,26
"2026-08-19 07:15:00",6120,41.37752,2.217255,0,121,242,2.07,244,2.11,1012.1,81,28.2,24.8,1.2,25.7
"2026-08-19 07:30:00",6121,41.37751,2.217291,-1,111,243,2.1,245,2.15,1012.1,82,28.3,25,1.2,25.8
"2026-08-19 07:45:00",6122,41.37751,2.21731,0,130,252,2.58,254,2.67,1012.1,84,28.4,25.4,1.2,26.2
"2026-08-19 08:00:00",6123,41.37746,2.217331,0,120,251,2.07,253,1.99,1012.2,82,28.3,25,1.2,25.9
"2026-08-19 08:15:00",6124,41.37748,2.217318,-1,115,250,2.82,252,2.81,1012.1,82,28.4,25.1,1.2,26
"2026-08-19 08:30:00",6125,41.37746,2.217308,-1,97,236,1.92,238,1.93,1012.1,83,28.5,25.5,1.2,26.2
"2026-08-19 08:45:00",6126,41.37743,2.21726,-1,116,249,2.04,251,2.18,1012,82,28.4,25.1,1.2,26
"2026-08-19 09:00:00",6127,41.37743,2.217276,8,113,242,1.93,244,1.71,1012.1,81,28.5,25.1,1.2,26
"2026-08-19 09:15:00",6128,41.37756,2.21731,3,101,222,2.77,224,2.74,1012,82,28.6,25.4,1.2,26.2
"2026-08-19 09:30:00",6129,41.37751,2.217303,0,98,215,2.37,217,2.28,1012,82,28.7,25.4,1.2,26.2
"2026-08-19 09:45:00",6130,41.37733,2.217245,0,83,205,2.15,207,2.15,1012,83,28.8,25.6,1.2,26.4
"2026-08-19 10:00:00",6131,41.37743,2.217255,-1,90,216,2.22,218,2.36,1011.9,83,28.8,25.8,1.2,26.6
"2026-08-19 10:15:00",6132,100,1000,7999,97,210,1000,"NAN",3.35,1011.8,83,28.7,25.6,1.2,26.4
"2026-08-19 10:30:00",6133,41.37764,2.217171,-1,95,208,5.25,210,3.9,1011.8,84,28.7,25.8,1.2,26.5
"2026-08-19 10:45:00",6134,41.37757,2.217101,-1,93,198,3.7,200,3.2,1011.9,85,28.8,26,1.2,26.7
"2026-08-19 11:00:00",6135,41.3776,2.217096,-1,91,198,4.42,200,4.16,1011.8,86,28.7,26.1,1.2,26.8
"2026-08-19 11:15:00",6136,41.37762,2.217076,-1,93,196,5.84,198,5.48,1011.8,86,28.5,26.1,1.2,26.7
"2026-08-19 11:30:00",6137,41.37762,2.217041,-1,100,190,4.61,192,4.6,1011.8,86,28.4,26,1.2,26.6
"2026-08-19 11:45:00",6138,41.37762,2.217051,-1,97,193,4.56,195,4.56,1011.7,87,28.7,26.5,1.2,27
"2026-08-19 12:00:00",6139,41.37762,2.217064,1,97,196,5.54,198,5.55,1011.7,87,28.7,26.3,1.2,26.9
"2026-08-19 12:15:00",6140,41.37762,2.217058,1,96,193,5.19,195,5.2,1011.6,86,28.7,26.1,1.2,26.8
"2026-08-19 12:30:00",6141,41.37762,2.217083,-1,89,193,4.37,195,4.44,1011.6,86,28.8,26.3,1.2,26.9
"2026-08-19 12:45:00",6142,41.37759,2.217128,0,105,197,4.09,199,4.27,1011.5,85,29,26.3,1.2,26.9
"2026-08-19 13:00:00",6143,41.37759,2.217068,4,106,204,4.83,206,5,1011.3,84,29,26.1,1.2,26.8
"2026-08-19 13:15:00",6144,41.37758,2.21712,5,93,198,4.47,200,4.47,1011.2,85,29,26.3,1.2,27
"2026-08-19 13:30:00",6145,41.3776,2.217105,3,97,200,4.67,202,4.71,1011,85,29,26.4,1.2,27
"2026-08-19 13:45:00",6146,41.3776,2.217118,3,101,203,5.47,205,5.58,1011,85,29.1,26.4,1.2,27.1
"2026-08-19 14:00:00",6147,41.37758,2.21715,4,105,206,3.85,208,3.85,1010.8,85,29.1,26.4,1.2,27.1
"2026-08-19 14:15:00",6148,41.37758,2.217126,6,98,206,3.99,208,4.16,1010.7,86,29.3,26.8,1.2,27.5
"2026-08-19 14:30:00",6149,41.37759,2.217133,7,108,200,5.77,202,5.65,1010.6,86,29.3,26.8,1.2,27.4
"2026-08-19 14:45:00",6150,41.37759,2.217113,8,97,198,6.64,200,6.42,1010.3,85,29.3,26.5,1.2,27.2
"2026-08-19 15:00:00",6151,41.37758,2.217115,7,99,202,5.88,204,5.74,1010.1,86,29.4,26.8,1.2,27.5
"2026-08-19 15:15:00",6152,41.37761,2.21712,1,89,197,4.96,199,4.96,1010.1,87,29.4,27.2,1.2,27.7
"2026-08-19 15:30:00",6153,41.37762,2.217111,0,103,206,6.06,208,5.73,1009.8,87,29.4,27.1,1.2,27.6
"2026-08-19 15:45:00",6154,41.37762,2.217131,1,96,191,4.87,193,4.78,1009.8,87,29.4,27.1,1.2,27.7
"2026-08-19 16:00:00",6155,41.37762,2.217153,7,104,195,6.93,197,6.67,1009.6,88,29.4,27.2,1.2,27.8
"2026-08-19 16:15:00",6156,41.37761,2.217078,-1,102,204,5.3,206,5.31,1009.4,88,29.4,27.3,1.2,27.9
"2026-08-19 16:30:00",6157,41.3776,2.217071,1,96,193,5.82,195,5.65,1009.3,88,29.4,27.2,1.2,27.8
"2026-08-19 16:45:00",6158,41.37762,2.217098,0,96,195,4.84,197,4.37,1009.1,89,29.4,27.4,1.2,27.9
"2026-08-19 17:00:00",6159,41.37759,2.21712,-1,101,203,5,205,4.88,1009.3,89,29.4,27.5,1.2,28
"2026-08-19 17:15:00",6160,41.3776,2.21709,0,104,197,5.1,199,5.22,1008.9,90,29.5,27.7,1.2,28.1
"2026-08-19 17:30:00",6161,41.37762,2.217093,0,102,203,7.44,205,7.12,1008.8,89,29.4,27.4,1.2,27.9
"2026-08-19 17:45:00",6162,41.37762,2.217138,0,112,209,6.94,211,6.76,1008.7,88,29.4,27.3,1.2,27.8
"2026-08-19 18:00:00",6163,41.37761,2.217145,0,104,205,6.08,207,6.06,1008.6,88,29.4,27.3,1.2,27.9
"2026-08-19 18:15:00",6164,41.3776,2.21719,1,96,207,5.87,209,5.78,1008.7,87,29.5,27.2,1.2,27.7
"2026-08-19 18:30:00",6165,41.37762,2.21717,4,103,211,6.13,213,5.82,1008.6,87,29.6,27.3,1.2,27.8
"2026-08-19 18:45:00",6166,41.37762,2.217178,7,105,200,6.38,202,6.36,1008.8,87,29.5,27.2,1.2,27.7
"2026-08-19 19:00:00",6167,41.3776,2.217171,0,97,199,6.65,201,6.33,1008.5,88,29.4,27.3,1.2,27.8
"2026-08-19 19:15:00",6168,41.3776,2.217159,2,103,202,6.89,204,6.73,1008.4,88,29.4,27.2,1.2,27.7
"2026-08-19 19:30:00",6169,41.37762,2.217191,0,92,203,6.08,205,5.73,1008.4,88,29.3,27.1,1.2,27.7
"2026-08-19 19:45:00",6170,41.37764,2.217176,-1,99,204,5.81,206,5.65,1008.3,87,29.2,26.9,1.2,27.5
"2026-08-19 20:00:00",6171,41.37772,2.217138,3,95,196,6.07,198,6.24,1008.3,88,29.1,27,1.2,27.5
"2026-08-19 20:15:00",6172,100,1000,7999,102,208,1000,"NAN",5.71,1008.5,88,29,26.9,1.2,27.4
"2026-08-19 20:30:00",6173,100,1000,7999,100,207,1000,"NAN",5.18,1008.7,89,29,27,1.2,27.5
"2026-08-19 20:45:00",6174,100,1000,7999,100,210,1000,"NAN",4.26,1008.8,88,28.9,26.7,1.2,27.3
"2026-08-19 21:00:00",6175,100,1000,7999,97,206,1000,"NAN",5.39,1008.9,88,28.9,26.8,1.2,27.3
"2026-08-19 21:15:00",6176,41.37757,2.217185,2,95,206,5.73,208,5.83,1008.9,88,28.9,26.7,1.2,27.2
"2026-08-19 21:30:00",6177,41.37757,2.217196,3,111,211,4.74,213,4.6,1009.1,88,28.9,26.8,1.2,27.3
"2026-08-19 21:45:00",6178,41.37756,2.217226,2,103,213,4.69,215,4.35,1009.2,89,28.8,26.9,1.2,27.4
"2026-08-19 22:00:00",6179,41.37756,2.217231,2,93,211,5.71,213,5.61,1009.3,87,29,26.7,1.2,27.3
"2026-08-19 22:15:00",6180,41.37754,2.217268,2,111,234,2.61,236,2.62,1009.3,86,29.2,26.7,1.2,27.3
"2026-08-19 22:30:00",6181,41.37754,2.217263,2,113,224,1.48,226,1.35,1009.4,86,29.1,26.7,1.2,27.3
"2026-08-19 22:45:00",6182,41.37756,2.217215,2,90,204,2,206,1.8,1009.5,88,28.8,26.7,1.2,27.2
"2026-08-19 23:00:00",6183,41.37755,2.217221,1,96,206,1.9,208,1.75,1009.6,89,28.7,26.8,1.2,27.2
"2026-08-19 23:15:00",6184,41.37755,2.217203,2,93,197,1.56,199,1.4,1009.5,89,28.7,26.7,1.2,27.2
"2026-08-19 23:30:00",6185,41.37756,2.21719,1,83,185,0.95,187,0.7,1009.4,89,28.7,26.7,1.2,27.2
"2026-08-19 23:45:00",6186,41.37757,2.217141,1,11,129,0.76,131,0.56,1009.4,88,28.7,26.6,1.2,27.1
"2026-08-20 00:00:00",6187,41.37759,2.21707,2,22,104,1.16,106,1.18,1009.3,89,28.8,27,1.2,27.4
"2026-08-20 00:15:00",6188,41.37759,2.217083,4,44,140,0.9,142,0.77,1009.4,89,28.7,26.8,1.2,27.3
"2026-08-20 00:30:00",6189,41.37764,2.21707,3,25,107,0.94,109,0.99,1009.3,90,28.8,27,1.2,27.5
"2026-08-20 00:45:00",6190,41.37762,2.217083,5,307,25,1.1,26.95,1.38,1009.4,90,28.8,27,1.2,27.4
"2026-08-20 01:00:00",6191,41.37759,2.217098,4,269,352,2.69,354,2.34,1009.6,90,28.7,27,1.2,27.4
"2026-08-20 01:15:00",6192,41.37753,2.217162,4,237,5,2.49,6.95,2.74,1009.6,91,28.5,26.9,1.2,27.3
"2026-08-20 01:30:00",6193,41.37751,2.217193,8,242,8,2.52,9.95,2.39,1009.5,91,28.5,27,1.2,27.4
"2026-08-20 01:45:00",6194,41.37753,2.217159,6,109,47,2.15,48.95,2.39,1009.5,90,28.2,26.6,1.2,27
"2026-08-20 02:00:00",6195,41.3775,2.21718,7,112,33,3.73,34.95,3.54,1009.7,90,28.4,26.7,1.2,27.1
"2026-08-20 02:15:00",6196,41.37751,2.217182,7,101,65,3.27,66.95,3.27,1009.6,89,28.5,26.7,1.2,27.2
"2026-08-20 02:30:00",6197,41.37751,2.217115,5,113,54,3.63,55.95,3.72,1009.8,89,28.7,26.8,1.2,27.3
"2026-08-20 02:45:00",6198,41.37751,2.217128,5,110,53,3.04,54.95,2.92,1009.6,90,28.7,26.9,1.2,27.4
"2026-08-20 03:00:00",6199,41.37751,2.217085,4,99,48,4.09,49.95,4.05,1009.4,91,28.7,27,1.2,27.4
"2026-08-20 03:15:00",6200,41.37749,2.217088,3,116,51,2.76,52.95,2.58,1009.4,90,28.7,27,1.2,27.4
"2026-08-20 03:30:00",6201,41.37751,2.217045,3,83,47,3.6,48.95,3.41,1009.6,89,28.7,26.7,1.2,27.2
"2026-08-20 03:45:00",6202,41.37755,2.217074,4,84,45,2.08,46.95,2.18,1009.7,89,28.6,26.8,1.2,27.2
"2026-08-20 04:00:00",6203,41.37753,2.217064,6,109,50,1.85,51.95,2.01,1009.6,90,28.5,26.7,1.2,27.2
"2026-08-20 04:15:00",6204,41.37752,2.216991,4,88,46,2.09,47.95,2.39,1009.5,89,28.2,26.2,1.2,26.7
"2026-08-20 04:30:00",6205,41.37749,2.216958,0,84,42,2.95,43.95,3.02,1009.5,87,28.4,26.1,1.2,26.6
"2026-08-20 04:45:00",6206,41.37746,2.216928,0,89,21,2.97,22.95,2.95,1009.5,86,28.4,26,1.2,26.6
"2026-08-20 05:00:00",6207,41.37749,2.216887,-1,86,34,2.27,35.95,2.26,1009.8,88,28.4,26.3,1.2,26.8
"2026-08-20 05:15:00",6208,41.37749,2.216773,0,84,30,2.98,31.95,2.78,1009.8,88,28.4,26.3,1.2,26.8
"2026-08-20 05:30:00",6209,41.3773,2.216482,1,110,88,5.22,90,5.86,1009.7,87,28.5,26.1,1.2,26.7
"2026-08-20 05:45:00",6210,41.37717,2.216514,3,99,65,5.05,66.95,5.48,1009.9,88,28.4,26.3,1.2,26.8
"2026-08-20 06:00:00",6211,41.3772,2.216423,-1,90,63,5.39,64.95,5.34,1009.9,90,28.4,26.6,1.2,27
"2026-08-20 06:15:00",6212,41.37716,2.21643,0,95,79,6.9,81,6.77,1009.9,85,28.6,25.9,1.2,26.6
"2026-08-20 06:30:00",6213,41.37724,2.216401,-1,98,116,8.78,118,8.59,1010,79,28.8,24.8,1.2,25.8
"2026-08-20 06:45:00",6214,41.37728,2.216416,2,94,117,7.53,119,7.52,1010.3,80,28.5,24.9,1.2,25.8
"2026-08-20 07:00:00",6215,41.37733,2.216418,5,94,124,8.94,126,8.32,1010.5,80,28.7,24.9,1.2,25.9
"2026-08-20 07:15:00",6216,41.3773,2.216405,5,101,114,8.41,116,8.12,1010.6,79,28.7,24.8,1.2,25.8
"2026-08-20 07:30:00",6217,41.37731,2.216423,5,92,121,6.14,123,6.24,1010.8,81,28.5,25,1.2,25.9
"2026-08-20 07:45:00",6218,41.37731,2.216423,3,104,121,6.29,123,6.55,1010.8,82,28.4,25.1,1.2,26
"2026-08-20 08:00:00",6219,41.3773,2.216408,2,105,112,5.12,114,5.22,1011.1,79,28.6,24.7,1.2,25.7
"2026-08-20 08:15:00",6220,41.37728,2.216415,2,65,86,6.24,88,6.07,1011.2,79,28.6,24.7,1.2,25.7
"2026-08-20 08:30:00",6221,41.37723,2.216416,1,100,103,4.24,105,4.01,1011.3,80,28.5,24.8,1.2,25.8
"2026-08-20 08:45:00",6222,41.37716,2.216358,12,86,118,4.17,120,4.21,1011,79,28.4,24.6,1.2,25.6
"2026-08-20 09:00:00",6223,41.37715,2.216383,10,74,104,3.68,106,3.46,1011,81,28.4,24.9,1.2,25.8
"2026-08-20 09:15:00",6224,41.37712,2.216421,6,94,96,3.55,98,3.71,1011.1,82,28.4,25.2,1.2,26
"2026-08-20 09:30:00",6225,41.37707,2.216441,6,89,64,3.39,65.95,3.9,1011.1,82,28.2,25,1.2,25.8
"2026-08-20 09:45:00",6226,41.37706,2.216458,6,98,67,5.23,68.95,4.64,1011.2,82,28.2,25,1.2,25.8
"2026-08-20 10:00:00",6227,41.37704,2.216453,9,65,65,3.27,66.95,3.43,1011.2,82,28.2,24.9,1.2,25.7
"2026-08-20 10:15:00",6228,100,1000,7999,102,65,1000,"NAN",4.76,1011.1,81,28.1,24.6,1.2,25.5
"2026-08-20 10:30:00",6229,41.37701,2.216503,11,104,46,4.12,47.95,3.79,1011.2,82,28.1,24.9,1.2,25.7
"2026-08-20 10:45:00",6230,41.37708,2.21656,11,115,49,2.51,50.95,2.65,1011.3,83,28.3,25.1,1.2,25.9
"2026-08-20 11:00:00",6231,41.37707,2.216556,11,114,67,2.47,68.95,2.06,1011.4,81,28.2,24.6,1.2,25.5
"2026-08-20 11:15:00",6232,41.37701,2.216569,11,80,30,4.17,31.95,3.91,1011.4,82,28.3,25,1.2,25.8
"2026-08-20 11:30:00",6233,41.377,2.21656,-2,98,49,4.11,50.95,4.13,1011.2,81,28.1,24.7,1.2,25.6
"2026-08-20 11:45:00",6234,41.37697,2.216578,-2,107,53,3.66,54.95,3.32,1011.2,83,28.2,25,1.2,25.8
"2026-08-20 12:00:00",6235,41.37695,2.216616,-5,102,46,4.01,47.95,4.02,1011.2,83,28.3,25.1,1.2,25.9
"2026-08-20 12:15:00",6236,41.37693,2.216641,-3,112,56,3.25,57.95,3.38,1011.1,81,28.2,24.8,1.2,25.7
"2026-08-20 12:30:00",6237,41.37692,2.216668,-3,124,52,3.1,53.95,3.27,1011.4,82,28.2,25,1.2,25.8
"2026-08-20 12:45:00",6238,41.37687,2.216608,7,96,359,4.7,0.95,4.57,1011.2,82,28.2,24.8,1.2,25.7
"2026-08-20 13:00:00",6239,41.37687,2.216671,4,117,44,3.32,45.95,3.33,1011.3,82,28.3,25.1,1.2,25.9
"2026-08-20 13:15:00",6240,41.37687,2.216668,3,94,28,1.93,29.95,1.93,1011.3,83,28.5,25.3,1.2,26.1
"2026-08-20 13:30:00",6241,41.37689,2.216648,4,124,78,3.55,79.95,3.62,1011.2,82,28.4,25.1,1.2,25.9
"2026-08-20 13:45:00",6242,41.37694,2.216583,6,122,85,3.39,87,3.63,1011,76,28.7,24.1,1.2,25.3
"2026-08-20 14:00:00",6243,41.37697,2.21654,7,136,82,4.59,84,4.67,1011,76,28.7,24.1,1.2,25.4
"2026-08-20 14:15:00",6244,41.377,2.216525,7,128,113,5.02,115,4.72,1010.8,77,28.7,24.4,1.2,25.5
"2026-08-20 14:30:00",6245,41.37701,2.216514,6,118,106,5.4,108,5.5,1010.6,79,28.7,24.7,1.2,25.7
"2026-08-20 14:45:00",6246,41.37701,2.21652,6,107,87,3.72,89,4.24,1010.5,80,28.7,25,1.2,25.9
"2026-08-20 15:00:00",6247,41.37704,2.216472,3,119,116,6.23,118,6.08,1010,80,28.6,25,1.2,25.9
"2026-08-20 15:15:00",6248,41.37707,2.216465,0,123,106,5.31,108,5.25,1010.1,82,28.7,25.4,1.2,26.2
"2026-08-20 15:30:00",6249,41.37707,2.21646,-2,113,102,5.33,104,5.74,1010.4,83,28.6,25.4,1.2,26.2
"2026-08-20 15:45:00",6250,41.377,2.216532,2,81,52,6.81,53.95,6.34,1010.7,84,28.6,25.6,1.2,26.4
"2026-08-20 16:00:00",6251,41.37692,2.216561,4,92,60,5.59,61.95,5.73,1010.4,84,28.5,25.6,1.2,26.3
"2026-08-20 16:15:00",6252,41.37695,2.216556,2,87,49,6.13,50.95,6.29,1010.3,83,28.7,25.5,1.2,26.3
"2026-08-20 16:30:00",6253,41.37694,2.216555,1,96,69,6.5,70.95,6.52,1009.8,80,28.5,24.7,1.2,25.7
"2026-08-20 16:45:00",6254,41.37692,2.216563,0,114,80,6.18,82,6.24,1010.1,81,28.4,24.8,1.2,25.7
"2026-08-20 17:00:00",6255,41.37695,2.216545,-2,113,89,6.35,91,6.11,1010.2,79,28.3,24.4,1.2,25.4
"2026-08-20 17:15:00",6256,41.37695,2.216548,-1,108,87,5.12,89,4.98,1010.4,82,27.9,24.6,1.2,25.4
"2026-08-20 17:30:00",6257,41.37696,2.216541,-2,151,128,1.74,130,1.57,1010.5,76,28.4,23.8,1.2,25
"2026-08-20 17:45:00",6258,41.37695,2.216561,0,91,43,1.84,44.95,2.14,1010.3,80,28.6,25,1.2,25.9
"2026-08-20 18:00:00",6259,41.37696,2.216561,0,113,83,3.95,85,3.76,1010,79,28.7,24.9,1.2,25.9
"2026-08-20 18:15:00",6260,41.37695,2.21659,0,79,31,1.84,32.95,2.24,1009.9,78,28.1,23.9,1.2,25
"2026-08-20 18:30:00",6261,41.37696,2.216591,2,68,34,2.31,35.95,2.22,1009.6,78,28.3,24.2,1.2,25.3
"2026-08-20 18:45:00",6262,41.37697,2.216605,3,91,50,4.3,51.95,4.4,1009.2,80,28.3,24.5,1.2,25.5
"2026-08-20 19:00:00",6263,41.37701,2.216591,4,86,34,3.82,35.95,3.88,1009.4,80,28.2,24.5,1.2,25.5
"2026-08-20 19:15:00",6264,41.37703,2.216573,1,79,47,1.89,48.95,1.96,1009.3,77,28.4,24,1.2,25.1
"2026-08-20 19:30:00",6265,41.37709,2.21655,2,33,337,2.2,339,2.27,1009.5,77,28.4,24.1,1.2,25.2
"2026-08-20 19:45:00",6266,41.37726,2.216456,4,62,20,2.23,21.95,2.08,1009.4,76,28.5,23.9,1.2,25.1
"2026-08-20 20:00:00",6267,41.37785,2.216195,10,242,327,1.23,329,0.71,1009.6,76,28.7,24,1.2,25.3
"2026-08-20 20:15:00",6268,100,1000,7999,231,202,1000,"NAN",1.13,1009.7,76,28.9,24.3,1.2,25.5
"2026-08-20 20:30:00",6269,100,1000,7999,102,204,1000,"NAN",7.64,1009.6,66,29.9,22.9,1.2,24.9
"2026-08-20 20:45:00",6270,100,1000,7999,101,221,1000,"NAN",9.76,1008.9,64,29.8,22.4,1.2,24.6
"2026-08-20 21:00:00",6271,41.3772,2.216638,2,92,226,10.19,228,9.98,1008.6,60,30.1,21.5,1.2,24.1
"2026-08-20 21:15:00",6272,41.37733,2.21687,3,97,235,9.69,237,9.6,1008.6,54,30.1,19.8,1.2,23.1
"2026-08-20 21:30:00",6273,41.37717,2.217198,2,111,263,4.78,265,5.29,1008.3,58,29.2,20.3,1.2,23.1
"2026-08-20 21:45:00",6274,41.37685,2.217046,2,96,280,6.05,282,5.92,1008.2,65,28.8,21.8,1.2,23.9
"2026-08-20 22:00:00",6275,41.37687,2.216816,2,120,309,2.89,311,3.18,1008.2,63,28.9,21.1,1.2,23.5
"2026-08-20 22:15:00",6276,41.37689,2.21668,4,59,289,0.82,291,1.06,1008.3,64,28.8,21.4,1.2,23.6
"2026-08-20 22:30:00",6277,41.37694,2.216641,1,51,205,2.82,207,2.38,1008.9,64,28.9,21.5,1.2,23.7
"2026-08-20 22:45:00",6278,41.3769,2.216786,1,88,252,6.44,254,6.45,1009.1,63,29.1,21.4,1.2,23.7
"2026-08-20 23:00:00",6279,41.37688,2.216866,0,88,247,5.75,249,5.65,1009,62,28.9,21.1,1.2,23.4
"2026-08-20 23:15:00",6280,41.37688,2.216843,1,101,240,6.11,242,5.71,1009.1,67,28.5,22,1.2,23.9
"2026-08-20 23:30:00",6281,41.37692,2.217105,0,98,228,6.48,230,6.15,1009,68,27.8,21.5,1.2,23.4
"2026-08-20 23:45:00",6282,41.37689,2.217074,2,82,252,6.28,254,6.27,1009,68,27.6,21.3,1.2,23.2
"2026-08-21 00:00:00",6283,41.37687,2.217037,0,96,231,7.48,233,7.78,1009.3,73,27.6,22.3,1.2,23.8
"2026-08-21 00:15:00",6284,41.37685,2.216971,1,100,243,6.14,245,6.14,1009,74,27.2,22.3,1.2,23.7
"2026-08-21 00:30:00",6285,41.37684,2.216963,1,94,271,7.13,273,6.76,1008.8,72,27.5,22,1.2,23.6
"2026-08-21 00:45:00",6286,41.37685,2.217045,1,113,281,7.24,283,7.14,1009.6,71,27,21.5,1.2,23.1
"2026-08-21 01:00:00",6287,41.37687,2.217083,1,114,252,8.83,254,9.25,1010.1,73,26.7,21.6,1.2,23.1
"2026-08-21 01:15:00",6288,41.37682,2.217101,4,107,268,7.74,270,7.72,1010.3,70,26.2,20.5,1.2,22.1
"2026-08-21 01:30:00",6289,41.37682,2.217116,5,113,262,6.05,264,6.1,1010,73,25.9,20.8,1.2,22.3
"2026-08-21 01:45:00",6290,41.37684,2.216931,3,111,316,3.83,318,3.99,1009.5,73,25.9,20.6,1.2,22.2
"2026-08-21 02:00:00",6291,41.37684,2.216832,3,92,289,3.95,291,3.93,1009.2,72,25.9,20.5,1.2,22.1
"2026-08-21 02:15:00",6292,41.37684,2.216846,9,108,248,5.77,250,6.03,1009.1,69,26.1,20.1,1.2,21.9
"2026-08-21 02:30:00",6293,41.37682,2.216975,9,90,249,6.23,251,6.25,1008.7,71,26.3,20.8,1.2,22.4
"2026-08-21 02:45:00",6294,41.3769,2.217245,3,100,233,7.6,235,7.6,1008.5,74,26.2,21.3,1.2,22.7
"2026-08-21 03:00:00",6295,41.37689,2.217176,2,107,235,4.22,237,3.96,1008.4,79,24.6,20.9,1.2,21.9
"2026-08-21 03:15:00",6296,41.37687,2.216923,3,94,215,5.46,217,5.05,1008.3,81,24.5,21.2,1.2,22.1
"2026-08-21 03:30:00",6297,41.37687,2.216845,2,113,245,3.93,247,3.8,1008.1,82,24,20.9,1.2,21.8
"2026-08-21 03:45:00",6298,41.37685,2.216803,3,109,240,2,242,2.61,1008.1,84,24.1,21.2,1.2,22
"2026-08-21 04:00:00",6299,41.37685,2.216861,2,102,290,3.35,292,3.51,1008.2,81,24.5,21.2,1.2,22.1
"2026-08-21 04:15:00",6300,41.37695,2.21699,-7,79,292,3.58,294,3.39,1008.2,79,24.7,20.9,1.2,22
"2026-08-21 04:30:00",6301,41.377,2.217033,-10,344,245,2.2,247,1.52,1008.2,77,24.8,20.5,1.2,21.7
"2026-08-21 04:45:00",6302,41.37694,2.216798,-2,128,260,3.27,262,2.97,1008.3,76,25,20.6,1.2,21.9
"2026-08-21 05:00:00",6303,41.37696,2.216691,0,102,261,1.54,263,1.46,1008.2,76,25.2,20.9,1.2,22.1
"2026-08-21 05:15:00",6304,41.37696,2.216639,1,120,288,1.89,290,1.84,1008.4,75,25.1,20.4,1.2,21.8
"2026-08-21 05:30:00",6305,41.37696,2.216615,2,100,278,3.99,280,3.71,1008.5,78,25.2,21.2,1.2,22.3
"2026-08-21 05:45:00",6306,41.37693,2.216675,2,71,244,2.31,246,2.79,1008.8,77,25.3,21.1,1.2,22.3
"2026-08-21 06:00:00",6307,41.37694,2.21668,4,110,249,4.44,251,4.62,1009,75,25.1,20.5,1.2,21.8
"2026-08-21 06:15:00",6308,41.37689,2.216781,6,94,264,5.21,266,4.86,1009.1,73,24.9,19.8,1.2,21.4
"2026-08-21 06:30:00",6309,41.37685,2.216849,6,108,302,3.64,304,3.66,1009,73,24.9,19.9,1.2,21.4
"2026-08-21 06:45:00",6310,41.37687,2.216794,6,111,293,3.34,295,3.37,1009.4,72,24.9,19.7,1.2,21.2
"2026-08-21 07:00:00",6311,41.37684,2.216915,1,108,321,4.53,323,4.56,1009.4,74,24.5,19.7,1.2,21.1
"2026-08-21 07:15:00",6312,41.37684,2.216861,2,91,317,5.13,319,5.39,1009.8,77,24.3,20.2,1.2,21.4
"2026-08-21 07:30:00",6313,41.37682,2.216856,1,100,335,5.17,337,5.35,1009.9,77,24.3,20,1.2,21.3
"2026-08-21 07:45:00",6314,41.37682,2.216863,0,99,282,4.35,284,4.54,1010.2,74,24.7,19.8,1.2,21.3
"2026-08-21 08:00:00",6315,41.37681,2.216874,1,89,296,4.83,298,4.98,1010.4,72,25,19.8,1.2,21.3
"2026-08-21 08:15:00",6316,41.37682,2.216809,4,88,316,4.78,318,4.52,1010.7,70,24.7,19.1,1.2,20.8
"2026-08-21 08:30:00",6317,41.37684,2.21677,5,91,345,3.42,347,3.17,1010.8,70,24.8,19.1,1.2,20.8
"2026-08-21 08:45:00",6318,41.37684,2.216757,4,95,326,4.41,328,4.27,1010.9,73,24.8,19.8,1.2,21.3
"2026-08-21 09:00:00",6319,41.37684,2.216759,3,87,346,5.08,348,5.44,1011.1,72,24.5,19.1,1.2,20.7
"2026-08-21 09:15:00",6320,41.3769,2.216595,3,96,325,5.09,327,4.94,1011.4,74,24.8,20,1.2,21.4
"2026-08-21 09:30:00",6321,41.3769,2.216623,2,96,297,5.48,299,5.48,1011.3,75,25,20.3,1.2,21.7
"2026-08-21 09:45:00",6322,41.37694,2.216576,2,98,321,4.23,323,3.95,1011.4,71,25,19.4,1.2,21.1
"2026-08-21 10:00:00",6323,41.37693,2.2166,2,61,338,2.2,340,2.41,1011.4,72,25.3,20,1.2,21.5
"2026-08-21 10:15:00",6324,100,1000,7999,59,22,1000,"NAN",1.29,1011.4,70,25.3,19.4,1.2,21.2
"2026-08-21 10:30:00",6325,41.37695,2.216616,3,75,2,2.38,3.95,2.37,1011.6,69,25.5,19.4,1.2,21.3
"2026-08-21 10:45:00",6326,41.37697,2.216576,3,81,30,2.33,31.95,2.65,1011.7,67,25.7,19.2,1.2,21.2
"2026-08-21 11:00:00",6327,41.37695,2.216622,3,27,338,0.78,340,0.41,1012,65,25.9,19,1.2,21.2
"2026-08-21 11:15:00",6328,41.37692,2.216651,5,14,326,0.79,328,0.63,1012,67,26,19.6,1.2,21.6
"2026-08-21 11:30:00",6329,41.37695,2.216671,13,93,38,2.04,39.95,2.01,1012.3,69,26.2,20.3,1.2,22.1
"2026-08-21 11:45:00",6330,41.37695,2.216611,-4,110,83,0.45,85,0.56,1012.5,70,26.3,20.6,1.2,22.3
"2026-08-21 12:00:00",6331,41.37696,2.2166,-2,144,105,2.38,107,2.21,1012.5,69,26.6,20.6,1.2,22.4
"2026-08-21 12:15:00",6332,41.37697,2.216608,-1,146,113,1.48,115,1.82,1012.5,70,26.3,20.4,1.2,22.2
"2026-08-21 12:30:00",6333,41.37701,2.216553,-1,125,101,3.81,103,3.69,1012.5,71,26.3,20.6,1.2,22.3
"2026-08-21 12:45:00",6334,41.37704,2.21654,-5,152,130,1.9,132,1.87,1012.5,70,26.4,20.6,1.2,22.3
"2026-08-21 13:00:00",6335,41.377,2.216525,4,143,112,3.15,114,3.16,1012.6,68,26.6,20.4,1.2,22.2
"2026-08-21 13:15:00",6336,41.377,2.21654,4,133,115,3.71,117,3.78,1012.6,67,26.6,20.2,1.2,22.1
"2026-08-21 13:30:00",6337,41.377,2.216543,4,133,136,4.23,138,4.3,1012.6,66,26.7,19.8,1.2,21.9
"2026-08-21 13:45:00",6338,41.37704,2.21649,4,122,134,5.71,136,5.93,1012.6,70,26.6,20.7,1.2,22.4
"2026-08-21 14:00:00",6339,41.37703,2.216487,7,121,121,6.45,123,6.58,1012.5,72,26.5,21.1,1.2,22.6
"2026-08-21 14:15:00",6340,41.37701,2.216509,8,121,127,5.85,129,5.79,1012.5,75,26.5,21.8,1.2,23.1
"2026-08-21 14:30:00",6341,41.37709,2.21648,9,115,124,7.26,126,7.28,1012.6,79,26.4,22.5,1.2,23.5
"2026-08-21 14:45:00",6342,41.37711,2.216476,8,116,129,7.01,131,6.99,1012.6,78,26.2,22.1,1.2,23.3
"2026-08-21 15:00:00",6343,41.37716,2.216466,2,105,145,6.64,147,6.4,1012.8,80,26.4,22.7,1.2,23.7
"2026-08-21 15:15:00",6344,41.37717,2.216449,1,113,137,8.46,139,7.84,1012.8,82,26.4,23,1.2,23.9
"2026-08-21 15:30:00",6345,41.37719,2.216453,1,120,139,9.71,141,9.58,1012.5,79,26,22.2,1.2,23.3
"2026-08-21 15:45:00",6346,41.37716,2.21649,5,109,138,5.89,140,5.76,1012.6,81,26,22.5,1.2,23.5
"2026-08-21 16:00:00",6347,41.37717,2.216449,0,112,129,7.59,131,7.32,1012.6,80,25.9,22.2,1.2,23.2
"2026-08-21 16:15:00",6348,41.37716,2.216416,-4,106,132,7.18,134,7.09,1012.5,81,25.9,22.5,1.2,23.4
"2026-08-21 16:30:00",6349,41.37713,2.216416,-5,108,148,5.14,150,5.73,1012.6,80,25.9,22.2,1.2,23.2
"2026-08-21 16:45:00",6350,41.37712,2.216431,-3,110,144,7.06,146,6.84,1012.7,81,26.1,22.7,1.2,23.6
"2026-08-21 17:00:00",6351,41.3771,2.21644,-2,128,141,7.39,143,7.19,1012.6,80,26,22.5,1.2,23.4
"2026-08-21 17:15:00",6352,41.37707,2.216501,-2,103,117,5.45,119,5.38,1012.6,79,26,22.1,1.2,23.2
"2026-08-21 17:30:00",6353,41.37703,2.216534,-3,133,135,4.52,137,5.08,1012.8,81,26.3,22.8,1.2,23.8
"2026-08-21 17:45:00",6354,41.37703,2.216514,2,128,128,6.64,130,6.41,1012.9,80,26.2,22.6,1.2,23.5
"2026-08-21 18:00:00",6355,41.37701,2.216532,-1,123,130,7.47,132,7.75,1012.9,80,26.3,22.6,1.2,23.6
"2026-08-21 18:15:00",6356,41.37703,2.216537,0,122,121,5.44,123,5.39,1013.2,78,26.3,22.2,1.2,23.3
"2026-08-21 18:30:00",6357,41.37704,2.216553,2,121,116,4.93,118,5,1013.3,80,26.5,23,1.2,23.9
"2026-08-21 18:45:00",6358,41.37708,2.216566,0,126,121,4.88,123,5.36,1013.2,80,26.4,22.7,1.2,23.7
"2026-08-21 19:00:00",6359,41.37706,2.216546,-1,116,123,4.71,125,4.58,1013.3,80,26.4,22.6,1.2,23.6
"2026-08-21 19:15:00",6360,41.37704,2.216532,-3,139,130,4.74,132,4.94,1013.5,77,26.3,22.1,1.2,23.3
"2026-08-21 19:30:00",6361,41.37703,2.216526,-4,123,125,7.55,127,6.65,1013.6,76,26.3,21.9,1.2,23.1
"2026-08-21 19:45:00",6362,41.37703,2.216506,-4,125,124,5.67,126,5.3,1013.6,76,26.2,21.7,1.2,23
"2026-08-21 20:00:00",6363,41.37698,2.216498,-9,115,123,6.19,125,5.91,1013.6,76,26.2,21.8,1.2,23
"2026-08-21 20:15:00",6364,41.37701,2.216499,-4,118,116,4.68,118,4.61,1013.8,77,26.3,22,1.2,23.2
"2026-08-21 20:30:00",6365,41.37701,2.216472,-4,134,125,6.1,127,6.34,1014,77,26.4,22.1,1.2,23.3
"2026-08-21 20:45:00",6366,41.377,2.216503,-5,135,133,6.73,135,7.1,1014.1,77,26.3,22,1.2,23.2
"2026-08-21 21:00:00",6367,100,1000,7999,127,147,1000,"NAN",7.71,1014.1,77,26.4,22.1,1.2,23.3
"2026-08-21 21:15:00",6368,41.37707,2.216461,-4,108,127,8.49,129,8.05,1014.4,77,26.4,22.2,1.2,23.3
"2026-08-21 21:30:00",6369,41.37712,2.216456,-4,120,134,8.18,136,8.07,1014.8,78,26.6,22.5,1.2,23.6
"2026-08-21 21:45:00",6370,100,1000,7999,121,130,1000,"NAN",6.99,1014.8,78,26.5,22.4,1.2,23.6
"2026-08-21 22:00:00",6371,100,1000,7999,115,131,1000,"NAN",7.34,1015,75,26.5,21.9,1.2,23.2
"2026-08-21 22:15:00",6372,41.377,2.216463,-4,108,137,9.58,139,9.2,1015,75,26.5,21.8,1.2,23.1
"2026-08-21 22:30:00",6373,41.37698,2.21647,-4,116,133,7.23,135,7.25,1015.6,75,26.5,21.7,1.2,23.1
"2026-08-21 22:45:00",6374,100,1000,7999,110,111,1000,"NAN",4.79,1015.6,72,26.5,21.2,1.2,22.7
"2026-08-21 23:00:00",6375,41.37712,2.216448,-3,115,127,4.96,129,4.77,1015.5,73,26.6,21.4,1.2,22.9
"2026-08-21 23:15:00",6376,41.37701,2.216488,2,106,115,4.38,117,5.83,1015.4,71,26.5,20.9,1.2,22.5
"2026-08-21 23:30:00",6377,41.377,2.216518,1,119,125,5.91,127,5.94,1015.7,71,26.6,21,1.2,22.7
"2026-08-21 23:45:00",6378,41.37701,2.216508,0,113,122,6.23,124,6.03,1015.6,73,26.8,21.6,1.2,23.1
"2026-08-22 00:00:00",6379,41.37704,2.216487,1,121,116,5.33,118,5.1,1015.5,72,26.8,21.3,1.2,22.9
"2026-08-22 00:15:00",6380,41.37703,2.216501,0,116,133,6.46,135,6.92,1015.5,70,26.6,20.8,1.2,22.5
"2026-08-22 00:30:00",6381,41.37701,2.216498,0,122,127,6.45,129,6.09,1015.5,70,26.6,20.8,1.2,22.5
"2026-08-22 00:45:00",6382,41.37698,2.216526,1,106,103,8.44,105,8.4,1015.6,70,26.5,20.7,1.2,22.4
"2026-08-22 01:00:00",6383,41.37697,2.216546,2,104,87,6.4,89,6.5,1015.6,70,26.4,20.6,1.2,22.3
"2026-08-22 01:15:00",6384,41.37697,2.216521,6,103,89,4.78,91,4.81,1015.7,70,26.4,20.7,1.2,22.4
"2026-08-22 01:30:00",6385,41.37697,2.216521,8,104,98,6.31,100,6.25,1016,68,26.2,19.9,1.2,21.8
"2026-08-22 01:45:00",6386,41.37693,2.216565,9,104,78,7.13,79.95,7.1,1015.8,70,26,20.2,1.2,22
"2026-08-22 02:00:00",6387,41.37695,2.216546,8,109,72,7.34,73.95,7.04,1015.9,68,25.9,19.6,1.2,21.5
"2026-08-22 02:15:00",6388,41.37695,2.216548,5,102,85,7.1,87,6.74,1015.6,72,26.1,20.8,1.2,22.3
"2026-08-22 02:30:00",6389,41.37695,2.216537,5,90,70,7.02,71.95,6.63,1015.6,69,25.9,19.7,1.2,21.6
"2026-08-22 02:45:00",6390,41.37695,2.216526,4,97,87,6.28,89,6.68,1015.6,68,25.7,19.5,1.2,21.4
"2026-08-22 03:00:00",6391,41.37696,2.216526,3,119,104,4.89,106,4.75,1015.6,71,25.9,20.3,1.2,22
"2026-08-22 03:15:00",6392,41.37696,2.216537,0,97,78,5.19,79.95,5.2,1015.8,68,25.7,19.5,1.2,21.4
"2026-08-22 03:30:00",6393,41.37697,2.216534,0,89,57,6.29,58.95,6.06,1015.9,69,25.7,19.6,1.2,21.4
"2026-08-22 03:45:00",6394,41.37696,2.216541,3,96,74,5.27,75.95,5.29,1015.7,68,25.6,19.3,1.2,21.3
"2026-08-22 04:00:00",6395,41.37696,2.216555,5,104,68,5.6,69.95,5.57,1015.6,67,25.5,18.9,1.2,21
"2026-08-22 04:15:00",6396,41.37696,2.216545,4,107,92,6.5,94,6.37,1015.7,68,25.6,19.2,1.2,21.2
"2026-08-22 04:30:00",6397,41.37696,2.216555,3,98,86,4.89,88,4.96,1015.7,64,25.6,18.2,1.2,20.6
"2026-08-22 04:45:00",6398,41.37693,2.216601,3,109,69,3.95,70.95,3.99,1015.7,67,25.5,18.9,1.2,21
"2026-08-22 05:00:00",6399,41.37693,2.216605,4,119,84,4.93,86,5.07,1015.9,66,25.5,18.9,1.2,20.9
"2026-08-22 05:15:00",6400,41.37694,2.21659,2,118,89,3.86,91,3.8,1015.6,66,25.4,18.6,1.2,20.7
"2026-08-22 05:30:00",6401,41.37694,2.216588,3,113,84,6.09,86,5.94,1015.6,63,25.4,17.9,1.2,20.4
"2026-08-22 05:45:00",6402,41.37692,2.216613,4,90,69,3.74,70.95,3.75,1015.7,66,25.2,18.6,1.2,20.7
"2026-08-22 06:00:00",6403,41.37693,2.216595,4,124,100,3.56,102,3.56,1015.7,63,25.4,18,1.2,20.4
"2026-08-22 06:15:00",6404,41.37694,2.216593,2,120,104,4.85,106,4.86,1015.7,66,25.6,18.9,1.2,21
"2026-08-22 06:30:00",6405,41.37694,2.216581,2,113,94,5.8,96,5.58,1015.8,65,25.5,18.5,1.2,20.7
"2026-08-22 06:45:00",6406,41.37693,2.216573,1,108,87,4.88,89,4.82,1015.8,67,25.5,19.1,1.2,21.1
"2026-08-22 07:00:00",6407,41.37694,2.21654,1,111,109,7.16,111,7,1015.7,65,25.3,18.4,1.2,20.6
"2026-08-22 07:15:00",6408,41.37694,2.216551,1,123,108,5.36,110,5.15,1016.1,67,25.3,18.8,1.2,20.8
"2026-08-22 07:30:00",6409,41.37693,2.216565,0,114,95,5.27,97,5.57,1016.4,64,25.3,18.2,1.2,20.5
"2026-08-22 07:45:00",6410,41.37694,2.216565,0,110,96,5.46,98,5.53,1016.4,64,25.4,18.2,1.2,20.5
"2026-08-22 08:00:00",6411,41.37695,2.216558,0,125,111,7.25,113,6.76,1016.8,66,25.3,18.7,1.2,20.8
"2026-08-22 08:15:00",6412,41.37698,2.216526,6,114,97,3.8,99,3.56,1016.8,62,25.3,17.4,1.2,20
"2026-08-22 08:30:00",6413,41.37692,2.216504,1,108,80,5.06,82,4.89,1016.9,59,25.2,16.8,1.2,19.7
"2026-08-22 08:45:00",6414,41.37695,2.216533,2,104,86,5.46,88,5.1,1017,62,25.2,17.6,1.2,20.1
"2026-08-22 09:00:00",6415,41.37694,2.21652,4,115,102,6.54,104,6.31,1017,65,25.2,18.2,1.2,20.4
"2026-08-22 09:15:00",6416,41.37692,2.216541,4,106,96,6.19,98,5.85,1017,66,25.2,18.4,1.2,20.6
"2026-08-22 09:30:00",6417,41.37694,2.216506,7,118,108,7.81,110,7.28,1017.1,69,25.3,19.4,1.2,21.2
"2026-08-22 09:45:00",6418,41.3769,2.216538,5,100,71,4.53,72.95,4.77,1017.3,67,25,18.5,1.2,20.6
"2026-08-22 10:00:00",6419,41.37689,2.21652,6,109,97,4.79,99,4.82,1017.2,67,25.2,18.8,1.2,20.8
"2026-08-22 10:15:00",6420,41.37693,2.216595,-15,102,74,5.06,75.95,5.1,1017.3,65,25.3,18.3,1.2,20.5
"2026-08-22 10:30:00",6421,41.377,2.216586,0,106,78,5.63,79.95,5.44,1017.3,63,25.2,17.7,1.2,20.2
"2026-08-22 10:45:00",6422,41.37697,2.216533,3,34,356,2.82,358,2.56,1017.5,68,25,18.8,1.2,20.7
"2026-08-22 11:00:00",6423,41.37697,2.216529,2,50,0,0.89,1.95,0.81,1017.9,66,25,18.2,1.2,20.4
"2026-08-22 11:15:00",6424,41.37697,2.216525,0,99,73,3.9,74.95,3.76,1017.8,65,25.1,18.2,1.2,20.4
"2026-08-22 11:30:00",6425,41.37696,2.216526,1,92,50,3.4,51.95,3.35,1017.8,63,25.2,17.7,1.2,20.2
"2026-08-22 11:45:00",6426,41.37697,2.216528,0,106,92,4.24,94,4.14,1017.9,63,25.2,17.9,1.2,20.3
"2026-08-22 12:00:00",6427,41.377,2.216526,0,120,100,6.59,102,6.66,1017.7,64,25.2,18.1,1.2,20.4
"2026-08-22 12:15:00",6428,41.377,2.216523,-1,120,104,4.86,106,4.67,1017.7,58,25.2,16.4,1.2,19.4
"2026-08-22 12:30:00",6429,41.37692,2.216568,6,114,84,4.21,86,4.13,1017.7,65,25.4,18.4,1.2,20.7
"2026-08-22 12:45:00",6430,41.37695,2.216553,3,117,92,3.99,94,3.73,1017.7,63,25.2,17.9,1.2,20.3
"2026-08-22 13:00:00",6431,41.37694,2.216576,4,116,85,3.86,87,4.08,1017.6,63,25.2,17.8,1.2,20.2
"2026-08-22 13:15:00",6432,41.37694,2.216573,3,103,95,4.63,97,4.68,1017.5,66,25.3,18.6,1.2,20.7
"2026-08-22 13:30:00",6433,41.37694,2.216588,3,126,103,4.27,105,4.17,1017.4,66,25.3,18.7,1.2,20.8
"2026-08-22 13:45:00",6434,41.37692,2.216606,0,105,87,4.87,89,4.59,1017.4,64,25.3,18,1.2,20.3
"2026-08-22 14:00:00",6435,41.37694,2.216583,-2,131,100,3.99,102,3.97,1017.1,66,25.3,18.6,1.2,20.7
"2026-08-22 14:15:00",6436,41.37694,2.216586,-4,123,88,5.02,90,4.78,1017.3,69,25.5,19.6,1.2,21.3
"2026-08-22 14:30:00",6437,41.37694,2.216569,-4,116,88,5.45,90,5.17,1017.1,68,25.4,19.2,1.2,21.1
"2026-08-22 14:45:00",6438,41.37695,2.216563,-3,124,106,4.4,108,4.64,1017.2,66,25.4,18.7,1.2,20.8
"2026-08-22 15:00:00",6439,41.37696,2.21655,0,113,95,5.73,97,5.73,1017.2,68,25.5,19.3,1.2,21.2
"2026-08-22 15:15:00",6440,41.37697,2.216528,-2,142,130,2.97,132,2.63,1017.1,68,25.7,19.5,1.2,21.4
"2026-08-22 15:30:00",6441,41.377,2.216521,-2,127,107,4.45,109,4.35,1016.9,67,25.6,19.2,1.2,21.2
"2026-08-22 15:45:00",6442,41.377,2.216518,-1,141,132,4.35,134,4.08,1016.9,67,25.6,19.1,1.2,21.2
"2026-08-22 16:00:00",6443,41.37698,2.216521,-1,137,119,3.34,121,3.09,1016.8,67,25.6,19,1.2,21
"2026-08-22 16:15:00",6444,41.37697,2.216561,1,140,134,4.95,136,4.92,1016.8,68,25.8,19.5,1.2,21.4
"2026-08-22 16:30:00",6445,41.37697,2.21655,2,145,130,3,132,2.92,1016.6,67,25.6,19.1,1.2,21.1
"2026-08-22 16:45:00",6446,41.37696,2.216558,0,161,135,2.06,137,1.86,1016.3,69,25.7,19.6,1.2,21.4
"2026-08-22 17:00:00",6447,41.37697,2.216543,-2,144,134,4.64,136,4.39,1016.3,68,25.6,19.4,1.2,21.3
"2026-08-22 17:15:00",6448,41.37697,2.216545,-3,134,134,3.52,136,3.5,1016.1,66,25.7,18.9,1.2,21
"2026-08-22 17:30:00",6449,41.37697,2.216553,1,135,119,4.32,121,4.05,1016,70,25.8,20.1,1.2,21.8
"2026-08-22 17:45:00",6450,41.37698,2.216526,2,164,141,2.64,143,2.99,1015.9,71,25.8,20.2,1.2,21.9
"2026-08-22 18:00:00",6451,41.377,2.216537,1,136,124,3.46,126,3.88,1015.8,71,25.8,20.4,1.2,22
"2026-08-22 18:15:00",6452,41.377,2.216541,2,164,138,2.33,140,2.14,1015.8,70,25.9,20.1,1.2,21.8
"2026-08-22 18:30:00",6453,41.377,2.216563,2,168,143,3.2,145,2.74,1015.9,71,26,20.5,1.2,22.1
"2026-08-22 18:45:00",6454,41.37693,2.216566,-2,178,160,2.62,162,2.39,1015.8,71,26,20.5,1.2,22.1
"2026-08-22 19:00:00",6455,41.37695,2.216584,0,136,115,2.66,117,2.52,1015.9,70,25.9,20,1.2,21.8
"2026-08-22 19:15:00",6456,41.37692,2.216611,0,166,134,1.92,136,1.81,1015.8,70,26.1,20.4,1.2,22.1
"2026-08-22 19:30:00",6457,41.37695,2.216613,3,151,120,2.51,122,2.53,1015.8,71,26.2,20.6,1.2,22.2
"2026-08-22 19:45:00",6458,41.3769,2.216628,0,149,88,1.32,90,1.25,1015.7,70,26.1,20.3,1.2,22
"2026-08-22 20:00:00",6459,41.37689,2.216639,0,162,104,1.41,106,1.14,1015.7,70,26.2,20.5,1.2,22.2
"2026-08-22 20:15:00",6460,41.37689,2.216665,-1,168,119,1.48,121,1.16,1015.8,70,26.1,20.2,1.2,22
"2026-08-22 20:30:00",6461,41.37687,2.216693,-1,157,95,1.69,97,1.65,1015.9,71,26,20.4,1.2,22.1
"2026-08-22 20:45:00",6462,41.37689,2.216675,0,173,137,1.12,139,0.87,1015.9,70,25.9,20.1,1.2,21.8
"2026-08-22 21:00:00",6463,41.3769,2.216653,0,118,82,1.6,84,1.38,1016,70,25.9,20.2,1.2,21.9
"2026-08-22 21:15:00",6464,41.3769,2.216676,-4,164,122,1.26,124,1.33,1016.1,72,25.9,20.4,1.2,22
"2026-08-22 21:30:00",6465,41.3769,2.216645,14,194,115,0.73,117,0.79,1016.2,73,25.9,20.8,1.2,22.3
"2026-08-22 21:45:00",6466,41.3769,2.216666,-3,180,123,1.91,125,1.91,1016.4,72,25.9,20.6,1.2,22.1
"2026-08-22 22:00:00",6467,41.37694,2.216641,-4,99,47,1.1,48.95,1.1,1016.4,72,25.9,20.5,1.2,22.1
"2026-08-22 22:15:00",6468,100,1000,7999,137,77,1000,"NAN",0.81,1016.3,72,25.9,20.6,1.2,22.2
"2026-08-22 22:30:00",6469,100,1000,7999,156,103,1000,"NAN",1.11,1016.3,71,25.9,20.4,1.2,22
"2026-08-22 22:45:00",6470,100,1000,7999,140,83,1000,"NAN",1.01,1016.4,72,25.9,20.5,1.2,22.1
"2026-08-22 23:00:00",6471,41.3769,2.216671,0,105,54,1.35,55.95,1.31,1016.5,73,25.9,20.7,1.2,22.2
"2026-08-22 23:15:00",6472,41.37689,2.216665,0,154,103,1.7,105,1.44,1016.7,74,25.9,20.9,1.2,22.4
"2026-08-22 23:30:00",6473,41.3769,2.216645,1,141,90,0.73,92,0.59,1016.8,72,25.9,20.5,1.2,22.1
"2026-08-22 23:45:00",6474,41.3769,2.216646,1,99,20,0.62,21.95,0.66,1016.8,73,25.9,20.7,1.2,22.2
"2026-08-23 00:00:00",6475,41.3769,2.216639,1,73,0,0.98,1.95,0.76,1016.8,73,25.9,20.7,1.2,22.2
"2026-08-23 00:15:00",6476,41.3769,2.216623,2,84,43,1.2,44.95,1.31,1016.8,74,26,21.1,1.2,22.5
"2026-08-23 00:30:00",6477,41.37688,2.216628,5,99,26,0.35,27.95,0.23,1016.8,72,25.9,20.6,1.2,22.1
"2026-08-23 00:45:00",6478,41.37687,2.216643,7,99,67,0.9,68.95,0.82,1016.9,74,25.9,20.9,1.2,22.4
"2026-08-23 01:00:00",6479,41.37689,2.216611,7,72,12,1.47,13.95,1.11,1016.9,74,25.9,21,1.2,22.4
"2026-08-23 01:15:00",6480,41.3769,2.216615,7,93,45,1.33,46.95,1.43,1016.9,76,25.9,21.4,1.2,22.7
"2026-08-23 01:30:00",6481,41.37688,2.216663,7,72,14,2.06,15.95,2.23,1016.9,76,25.5,21.1,1.2,22.3
"2026-08-23 01:45:00",6482,41.37688,2.216663,3,62,7,3.23,8.95,3.42,1017,78,25.5,21.4,1.2,22.6
"2026-08-23 02:00:00",6483,41.37687,2.216687,3,76,2,3.58,3.95,3.83,1016.9,76,25.3,20.9,1.2,22.2
"2026-08-23 02:15:00",6484,41.37685,2.216693,2,67,347,3.9,349,3.77,1016.8,78,25.2,21.2,1.2,22.3
"2026-08-23 02:30:00",6485,41.37684,2.216695,3,78,347,5.58,349,5.51,1016.7,77,24.9,20.7,1.2,21.9
"2026-08-23 02:45:00",6486,41.37685,2.216721,3,74,359,4.63,0.95,4.55,1016.6,78,24.9,20.7,1.2,21.9
"2026-08-23 03:00:00",6487,41.37687,2.216703,2,70,351,5.72,353,5.42,1016.4,77,24.7,20.4,1.2,21.6
"2026-08-23 03:15:00",6488,41.37688,2.21669,2,73,353,3.83,355,3.89,1016.2,78,24.7,20.8,1.2,21.9
"2026-08-23 03:30:00",6489,41.37685,2.216663,5,68,350,3.81,352,3.79,1016.1,77,24.5,20.2,1.2,21.4
"2026-08-23 03:45:00",6490,41.37685,2.216626,4,53,339,4.6,341,4.78,1016.1,76,24.6,20.2,1.2,21.5
"2026-08-23 04:00:00",6491,41.37685,2.216623,1,41,320,4.3,322,4.29,1016.1,78,24.9,21,1.2,22.1
"2026-08-23 04:15:00",6492,41.37684,2.216528,1,39,331,3.57,333,3.59,1016.1,77,24.9,20.6,1.2,21.8
"2026-08-23 04:30:00",6493,41.37715,2.217409,-6,44,340,4,342,4,1016.1,77,24.8,20.5,1.2,21.7
"2026-08-23 04:45:00",6494,41.37707,2.217544,15,60,6,4.56,7.95,4.41,1016,77,24.8,20.6,1.2,21.8
"2026-08-23 05:00:00",6495,41.3769,2.216691,1,67,16,3.13,17.95,3.02,1015.8,75,24.6,20,1.2,21.4
"2026-08-23 05:15:00",6496,41.37689,2.216688,3,71,15,3.82,16.95,3.45,1015.8,77,24.7,20.5,1.2,21.7
"2026-08-23 05:30:00",6497,41.37688,2.216676,3,50,352,1.83,354,1.99,1015.7,77,24.6,20.3,1.2,21.6
"2026-08-23 05:45:00",6498,41.37687,2.216683,3,64,2,3.99,3.95,3.49,1015.7,78,24.4,20.3,1.2,21.5
"2026-08-23 06:00:00",6499,41.37687,2.216695,3,72,358,3.3,360,3.47,1015.5,81,24.4,20.9,1.2,21.9
"2026-08-23 06:15:00",6500,41.37679,2.216884,5,62,345,5.47,347,5.5,1015.6,78,23.8,19.9,1.2,21.1
"2026-08-23 06:30:00",6501,41.37682,2.216794,3,61,340,3.66,342,4.01,1015.7,80,24.2,20.7,1.2,21.7
"2026-08-23 06:45:00",6502,41.37687,2.216683,3,75,350,3.45,352,3.6,1015.7,81,24.5,21,1.2,22
"2026-08-23 07:00:00",6503,41.37687,2.21669,4,59,337,3.17,339,3.44,1015.7,80,24.5,20.9,1.2,21.9
"2026-08-23 07:15:00",6504,41.37687,2.216671,5,53,336,3.23,338,3.11,1015.9,78,24.3,20.4,1.2,21.5
"2026-08-23 07:30:00",6505,41.37687,2.216709,5,67,356,4.24,358,4.05,1016,78,24.3,20.3,1.2,21.5
"2026-08-23 07:45:00",6506,41.37685,2.216713,4,73,0,3.49,1.95,3.52,1016.1,78,24.3,20.3,1.2,21.5
"2026-08-23 08:00:00",6507,41.37685,2.216723,4,57,344,3.49,346,3.28,1016.2,79,24.5,20.6,1.2,21.7
"2026-08-23 08:15:00",6508,41.37687,2.216721,4,82,7,3.96,8.95,3.8,1016.3,78,24.4,20.4,1.2,21.5
"2026-08-23 08:30:00",6509,41.37685,2.216708,1,54,332,2.82,334,2.96,1016.5,76,24.6,20.2,1.2,21.5
"2026-08-23 08:45:00",6510,41.37688,2.216687,0,53,344,2.37,346,2.54,1016.6,77,25.2,21,1.2,22.2
"2026-08-23 09:00:00",6511,41.37687,2.216663,3,56,358,2.04,360,2.16,1016.6,76,25.8,21.2,1.2,22.5
"2026-08-23 09:15:00",6512,41.3769,2.216641,4,29,329,1.25,331,1.25,1016.6,73,26,20.8,1.2,22.3
"2026-08-23 09:30:00",6513,41.37691,2.21663,4,109,60,0.38,61.95,0.33,1016.7,72,26.6,21.1,1.2,22.7
"2026-08-23 09:45:00",6514,41.37692,2.216645,4,205,153,0.67,155,0.6,1016.6,71,27.3,21.7,1.2,23.3
"2026-08-23 10:00:00",6515,100,1000,7999,220,170,1000,"NAN",0.77,1016.6,71,27.4,21.9,1.2,23.5
"2026-08-23 10:15:00",6516,41.37695,2.21668,4,258,197,0.72,199,0.89,1016.7,73,27.3,22.1,1.2,23.5
"2026-08-23 10:30:00",6517,41.3769,2.216641,4,187,148,1.35,150,1.19,1016.6,74,27.4,22.4,1.2,23.8
"2026-08-23 10:45:00",6518,41.3769,2.216635,4,197,145,1.58,147,1.55,1016.7,75,26.9,22.1,1.2,23.4
"2026-08-23 11:00:00",6519,41.37694,2.216673,17,186,141,1.8,143,1.97,1016.6,75,26.8,22.1,1.2,23.4
"2026-08-23 11:15:00",6520,41.3769,2.216681,18,171,127,2.4,129,2.5,1016.5,76,26.8,22.2,1.2,23.5
"2026-08-23 11:30:00",6521,41.3769,2.216738,35,173,138,3.8,140,3.5,1016.7,78,26.8,22.7,1.2,23.8
"2026-08-23 11:45:00",6522,41.37689,2.216701,15,174,157,2.36,159,2.62,1016.8,77,26.7,22.4,1.2,23.6
"2026-08-23 12:00:00",6523,41.37689,2.216703,10,150,140,3.61,142,3.77,1016.7,77,26.8,22.6,1.2,23.8
"2026-08-23 12:15:00",6524,41.37689,2.216704,8,180,169,3.64,171,4.08,1016.7,79,26.8,22.9,1.2,23.9
"2026-08-23 12:30:00",6525,41.37694,2.216511,5,173,175,3.58,177,3.44,1016.6,79,26.8,23,1.2,24
"2026-08-23 12:45:00",6526,41.37695,2.216478,5,176,184,4.36,186,4.36,1016.6,81,27,23.5,1.2,24.4
"2026-08-23 13:00:00",6527,100,1000,7999,173,185,1000,"NAN",4.34,1016.5,80,27,23.4,1.2,24.3
"2026-08-23 13:15:00",6528,41.377,2.216472,4,159,177,3.57,179,3.57,1016.4,80,27.1,23.5,1.2,24.5
"2026-08-23 13:30:00",6529,100,1000,7999,172,185,1000,"NAN",3.74,1016.3,82,27.3,23.9,1.2,24.8
"2026-08-23 13:45:00",6530,100,1000,7999,132,185,1000,"NAN",5.98,1016.2,80,27.1,23.5,1.2,24.5
"2026-08-23 14:00:00",6531,41.377,2.21652,4,148,181,4.71,183,4.71,1016.2,80,27.3,23.6,1.2,24.6
"2026-08-23 14:15:00",6532,41.37697,2.216499,4,155,188,3.32,190,2.86,1016.1,81,27.3,23.9,1.2,24.8
"2026-08-23 14:30:00",6533,41.377,2.216521,4,163,187,3.1,189,2.67,1015.9,81,27.3,23.8,1.2,24.8
"2026-08-23 14:45:00",6534,41.37698,2.21658,4,154,185,3.6,187,3.55,1015.8,80,27.3,23.7,1.2,24.6
"2026-08-23 15:00:00",6535,41.37697,2.216458,9,147,156,3.66,158,3.38,1015.7,81,27.3,23.7,1.2,24.7
"2026-08-23 15:15:00",6536,41.377,2.21652,7,144,167,4.06,169,4.05,1015.4,80,27.4,23.7,1.2,24.7
"2026-08-23 15:30:00",6537,41.37705,2.216569,11,131,165,4.74,167,4.45,1015.3,80,27.3,23.6,1.2,24.6
"2026-08-23 15:45:00",6538,41.37704,2.216576,10,123,164,6.01,166,5.82,1015.2,80,27.2,23.6,1.2,24.6
"2026-08-23 16:00:00",6539,41.37704,2.21655,5,130,166,5.69,168,5.68,1015.2,81,27.3,23.9,1.2,24.8
"2026-08-23 16:15:00",6540,41.37703,2.216555,2,123,175,6.06,177,5.85,1015.1,80,27.3,23.5,1.2,24.5
"2026-08-23 16:30:00",6541,41.37701,2.216576,2,118,184,6.96,186,6.79,1015.2,79,27.5,23.6,1.2,24.6
"2026-08-23 16:45:00",6542,41.37704,2.216529,1,110,173,5.3,175,5.12,1015.2,78,27.5,23.5,1.2,24.6
"2026-08-23 17:00:00",6543,41.377,2.216576,1,115,184,6.29,186,6.23,1015.3,77,27.5,23.2,1.2,24.4
"2026-08-23 17:15:00",6544,41.37703,2.216518,2,109,190,7.1,192,6.8,1015.4,78,27.7,23.6,1.2,24.7
"2026-08-23 17:30:00",6545,41.37703,2.21649,4,114,187,6.87,189,6.87,1015.3,77,27.8,23.4,1.2,24.6
"2026-08-23 17:45:00",6546,41.37703,2.216576,0,101,188,5.59,190,5.11,1015.2,78,27.9,23.8,1.2,24.9
"2026-08-23 18:00:00",6547,41.37703,2.216573,0,103,194,5.23,196,5.21,1015.2,76,27.8,23.2,1.2,24.5
"2026-08-23 18:15:00",6548,41.37704,2.216573,2,98,175,5.32,177,5.1,1015.1,75,27.8,23.1,1.2,24.4
"2026-08-23 18:30:00",6549,41.37701,2.216605,7,104,176,4.89,178,5,1015,75,28,23.2,1.2,24.5
"2026-08-23 18:45:00",6550,41.37701,2.216593,1,117,182,3.58,184,3.31,1015.1,78,28.2,24,1.2,25.1
"2026-08-23 19:00:00",6551,41.37709,2.216538,1,120,181,4.4,183,4.19,1014.9,75,27.9,23.2,1.2,24.5
"2026-08-23 19:15:00",6552,41.37713,2.216509,4,100,181,4.09,183,3.97,1015,75,27.9,23,1.2,24.3
"2026-08-23 19:30:00",6553,41.37723,2.216485,13,122,203,4.46,205,4.84,1014.8,74,27.9,22.9,1.2,24.3
"2026-08-23 19:45:00",6554,41.3771,2.216501,1,122,183,3.74,185,3.9,1014.7,75,27.8,23.2,1.2,24.5
"2026-08-23 20:00:00",6555,41.37717,2.216493,1,109,180,3.93,182,3.59,1014.5,77,28,23.6,1.2,24.8
"2026-08-23 20:15:00",6556,41.3772,2.216466,-5,114,184,4.62,186,4.51,1014.6,77,27.9,23.5,1.2,24.7
"2026-08-23 20:30:00",6557,41.37723,2.216463,-1,129,192,4.1,194,4.44,1014.5,75,27.9,23.2,1.2,24.5
"2026-08-23 20:45:00",6558,41.3772,2.216483,2,113,174,2.97,176,2.99,1014.4,76,27.7,23.3,1.2,24.5
"2026-08-23 21:00:00",6559,41.37717,2.216463,4,115,172,3.32,174,3.5,1014.7,76,27.6,23.1,1.2,24.3
"2026-08-23 21:15:00",6560,41.37703,2.216553,4,171,257,1.58,259,1.64,1015,76,27.7,23.1,1.2,24.3
"2026-08-23 21:30:00",6561,41.37695,2.2166,8,172,199,1.55,201,1.63,1015.3,75,27.7,22.8,1.2,24.2
"2026-08-23 21:45:00",6562,41.37693,2.216631,13,130,181,2.39,183,2.21,1015.3,76,27.7,23.2,1.2,24.4
"2026-08-23 22:00:00",6563,100,1000,7999,108,183,1000,"NAN",4.05,1015.3,75,27.6,22.9,1.2,24.2
"2026-08-23 22:15:00",6564,41.37701,2.216687,1,128,199,2.4,201,2.42,1015.6,77,27.7,23.4,1.2,24.5
"2026-08-23 22:30:00",6565,41.377,2.216685,1,115,191,2.19,193,2.59,1015.9,77,27.7,23.5,1.2,24.6
"2026-08-23 22:45:00",6566,41.37695,2.216713,0,136,188,2.6,190,2.15,1015.5,77,27.6,23.3,1.2,24.4
"2026-08-23 23:00:00",6567,41.37695,2.216691,0,150,190,1.65,192,1.5,1015.6,76,27.6,23.1,1.2,24.3
"2026-08-23 23:15:00",6568,41.37697,2.216693,1,106,207,2.45,209,2.44,1015.3,77,27.5,23.3,1.2,24.4
"2026-08-23 23:30:00",6569,41.37703,2.216628,2,81,186,1.85,188,1.72,1015.3,78,27.6,23.6,1.2,24.7
"2026-08-23 23:45:00",6570,41.37705,2.216596,3,93,195,1.67,197,1.68,1015.1,77,27.5,23.3,1.2,24.4
"2026-08-24 00:00:00",6571,41.37717,2.216538,4,90,185,2.75,187,2.6,1015,77,27.4,23.1,1.2,24.3
"2026-08-24 00:15:00",6572,41.37724,2.216503,2,93,180,1.32,182,1.49,1015,77,27.4,23,1.2,24.2
"2026-08-24 00:30:00",6573,41.37726,2.216508,3,95,182,1.69,184,1.87,1015.2,76,27.4,22.8,1.2,24.1
"2026-08-24 00:45:00",6574,41.37726,2.216532,2,97,237,1.79,239,1.63,1015.3,76,27.4,22.8,1.2,24.1
"2026-08-24 01:00:00",6575,41.37724,2.216514,5,91,215,1.04,217,1.2,1015.3,76,27.4,22.9,1.2,24.1
"2026-08-24 01:15:00",6576,41.37728,2.216498,2,139,184,0.96,186,1,1015.2,75,27.4,22.7,1.2,24
"2026-08-24 01:30:00",6577,41.37725,2.216491,4,161,229,1.09,231,1.12,1015.1,76,27.4,22.9,1.2,24.1
"2026-08-24 01:45:00",6578,41.37723,2.216476,2,221,275,0.96,277,0.91,1015.2,76,27.3,22.7,1.2,24
"2026-08-24 02:00:00",6579,41.37713,2.216495,2,242,290,1.34,292,1.18,1015.2,75,27.3,22.6,1.2,23.9
"2026-08-24 02:15:00",6580,41.3771,2.216503,2,252,280,0.77,282,0.74,1015.1,76,27.4,22.9,1.2,24.2
"2026-08-24 02:30:00",6581,41.37698,2.21656,4,41,347,3.09,349,2.94,1014.8,79,26.8,22.8,1.2,23.9
"2026-08-24 02:45:00",6582,41.37693,2.216606,4,63,16,2.87,17.95,2.97,1014.6,80,26.6,23,1.2,24
"2026-08-24 03:00:00",6583,41.37689,2.216638,4,84,359,2.8,0.95,2.96,1014.4,79,26.4,22.6,1.2,23.7
"2026-08-24 03:15:00",6584,41.37689,2.216645,5,69,349,3.87,351,3.66,1014.2,80,26.3,22.6,1.2,23.6
"2026-08-24 03:30:00",6585,41.37688,2.216655,3,61,346,3.67,348,3.47,1014.3,80,26.3,22.8,1.2,23.7
"2026-08-24 03:45:00",6586,41.3769,2.216636,3,48,346,2.78,348,2.79,1014,81,26.1,22.7,1.2,23.6
"2026-08-24 04:00:00",6587,41.37694,2.216718,-1,55,346,2.51,348,2.48,1014.1,80,25.9,22.3,1.2,23.3
"2026-08-24 04:15:00",6588,41.37701,2.216873,-11,57,342,2.53,344,2.34,1013.9,82,26.1,22.8,1.2,23.7
"2026-08-24 04:30:00",6589,41.377,2.216809,-11,55,330,3.59,332,3.29,1014.1,82,26,22.7,1.2,23.6
"2026-08-24 04:45:00",6590,41.37697,2.216711,-3,67,330,2.99,332,3.24,1013.9,80,25.9,22.2,1.2,23.2
"2026-08-24 05:00:00",6591,41.37695,2.216658,0,63,348,3.22,350,3.06,1013.8,81,25.9,22.5,1.2,23.4
"2026-08-24 05:15:00",6592,41.37695,2.216626,2,75,354,2.87,356,2.87,1013.5,82,26.1,22.9,1.2,23.7
"2026-08-24 05:30:00",6593,41.37694,2.216622,2,66,357,3.99,359,4.11,1013.5,82,25.9,22.6,1.2,23.5
"2026-08-24 05:45:00",6594,41.37692,2.216633,4,69,351,3.23,353,3.38,1013.6,82,25.6,22.5,1.2,23.3
"2026-08-24 06:00:00",6595,41.37691,2.216628,5,64,342,3.52,344,3.73,1013.6,82,25.7,22.5,1.2,23.4
"2026-08-24 06:15:00",6596,41.37689,2.216657,8,44,332,2.76,334,2.49,1013.6,81,25.7,22.3,1.2,23.2
"2026-08-24 06:30:00",6597,41.3769,2.216646,8,42,322,2.76,324,2.76,1013.7,82,25.9,22.6,1.2,23.5
"2026-08-24 06:45:00",6598,41.37689,2.216723,1,52,328,3.54,330,3.34,1013.5,81,25.9,22.5,1.2,23.4
"2026-08-24 07:00:00",6599,41.37689,2.216743,1,59,345,2.93,347,2.83,1013.6,82,25.9,22.6,1.2,23.5
"2026-08-24 07:15:00",6600,41.37684,2.216724,-3,76,347,3.03,349,3.14,1013.3,81,25.7,22.3,1.2,23.2
"2026-08-24 07:30:00",6601,41.37684,2.216759,-1,72,344,2.67,346,2.52,1013.6,81,25.6,22.2,1.2,23.1
"2026-08-24 07:45:00",6602,41.37684,2.216784,-1,65,338,1.65,340,1.65,1014,81,25.8,22.4,1.2,23.3
"2026-08-24 08:00:00",6603,41.37684,2.21686,0,65,324,1.23,326,1.17,1014.3,80,25.9,22.4,1.2,23.3
"2026-08-24 08:15:00",6604,41.37684,2.216826,0,94,18,2.3,19.95,2.4,1014.3,81,26,22.5,1.2,23.5
"2026-08-24 08:30:00",6605,41.37684,2.216848,1,96,359,3.32,0.95,3.39,1014.4,81,26.1,22.7,1.2,23.6
"2026-08-24 08:45:00",6606,41.37685,2.216853,0,94,359,3.19,0.95,3.24,1014.3,80,26,22.4,1.2,23.3
"2026-08-24 09:00:00",6607,41.37685,2.21684,1,89,354,3.8,356,3.7,1014,81,26,22.5,1.2,23.5
"2026-08-24 09:15:00",6608,41.37685,2.216843,1,84,352,3.83,354,4.01,1013.5,82,26.3,23,1.2,23.9
"2026-08-24 09:30:00",6609,41.37687,2.21678,0,80,349,4.77,351,4.66,1013.4,82,26.4,23,1.2,23.9
"2026-08-24 09:45:00",6610,41.37687,2.216771,0,82,345,2.86,347,2.83,1013.5,80,26.5,22.8,1.2,23.8
"2026-08-24 10:00:00",6611,100,1000,7999,74,356,1000,"NAN",2.72,1013.8,77,26.7,22.5,1.2,23.6
"2026-08-24 10:15:00",6612,41.37685,2.216645,1,24,315,0.84,317,1.22,1014.3,77,27.1,22.7,1.2,23.9
"2026-08-24 10:30:00",6613,41.37689,2.216641,1,63,28,0.98,29.95,0.86,1014.3,76,27.4,22.8,1.2,24.1
"2026-08-24 10:45:00",6614,41.37689,2.216623,1,181,124,0.51,126,0.83,1014.7,74,28,23.1,1.2,24.5
"2026-08-24 11:00:00",6615,41.3769,2.2166,1,137,114,2.1,116,2.29,1014.3,76,27.7,23.2,1.2,24.4
"2026-08-24 11:15:00",6616,41.37697,2.216613,10,122,112,3.06,114,2.97,1013.7,79,27.2,23.4,1.2,24.4
"2026-08-24 11:30:00",6617,41.37696,2.216595,3,129,111,3.27,113,3.05,1014,80,27.3,23.7,1.2,24.7
"2026-08-24 11:45:00",6618,41.37697,2.216571,1,134,121,3.14,123,2.88,1013.9,80,27.2,23.6,1.2,24.6
"2026-08-24 12:00:00",6619,41.377,2.216538,0,102,91,2.51,93,2.38,1013.3,81,27.3,23.8,1.2,24.7
"2026-08-24 12:15:00",6620,41.37701,2.216521,0,113,95,2.68,97,2.47,1013.1,81,27.3,23.9,1.2,24.8
"2026-08-24 12:30:00",6621,41.37704,2.216499,0,98,73,1.43,74.95,1.44,1013.1,79,27.4,23.5,1.2,24.5
"2026-08-24 12:45:00",6622,41.37698,2.216529,5,126,108,2.9,110,2.79,1012.9,78,27.5,23.5,1.2,24.6
"2026-08-24 13:00:00",6623,41.377,2.216538,5,148,141,2.88,143,2.73,1012.9,80,27.6,24,1.2,24.9
"2026-08-24 13:15:00",6624,41.37705,2.216499,5,119,128,4.36,130,4.36,1013,82,27.6,24.3,1.2,25.1
"2026-08-24 13:30:00",6625,41.3771,2.21648,4,114,132,2.95,134,3.05,1013,83,27.6,24.5,1.2,25.3
"2026-08-24 13:45:00",6626,41.37711,2.216453,7,107,122,2.09,124,2.25,1013.2,85,27.7,25.1,1.2,25.8
"2026-08-24 14:00:00",6627,41.37716,2.216453,8,121,152,3.6,154,3.6,1012.9,85,27.6,24.9,1.2,25.6
"2026-08-24 14:15:00",6628,41.37726,2.216453,0,112,157,5.09,159,5.11,1012.6,81,27.7,24.3,1.2,25.2
"2026-08-24 14:30:00",6629,41.3773,2.216458,-1,118,163,3.76,165,3.81,1012.3,80,27.9,24.3,1.2,25.2
"2026-08-24 14:45:00",6630,41.37734,2.216468,2,103,151,3.91,153,4.13,1012,82,27.9,24.5,1.2,25.4
"2026-08-24 15:00:00",6631,41.37744,2.216506,2,103,154,3.73,156,3.85,1011.9,78,27.9,23.8,1.2,24.9
"2026-08-24 15:15:00",6632,41.3774,2.216493,1,97,145,4.12,147,3.84,1011.4,80,27.8,24,1.2,25
"2026-08-24 15:30:00",6633,41.37741,2.216514,3,107,167,3.6,169,3.68,1011.7,81,27.9,24.4,1.2,25.3
"2026-08-24 15:45:00",6634,41.3774,2.216528,1,115,168,3.89,170,3.71,1011.7,83,27.7,24.7,1.2,25.5
"2026-08-24 16:00:00",6635,41.37736,2.21652,1,104,174,3.71,176,3.71,1011.5,83,28,25,1.2,25.7
"2026-08-24 16:15:00",6636,41.3774,2.216528,1,106,176,3.95,178,3.79,1010.7,81,27.9,24.4,1.2,25.3
"2026-08-24 16:30:00",6637,41.37738,2.216513,1,102,173,3.49,175,3.53,1010.2,82,28,24.8,1.2,25.6
"2026-08-24 16:45:00",6638,41.37738,2.216538,1,97,173,3.37,175,3.17,1010.1,82,28.1,24.7,1.2,25.6
"2026-08-24 17:00:00",6639,41.37736,2.216528,5,94,169,3.42,171,3.21,1009.6,81,27.9,24.5,1.2,25.4
"2026-08-24 17:15:00",6640,41.37738,2.216509,2,93,182,4.58,184,4.8,1009.5,81,28,24.4,1.2,25.4
"2026-08-24 17:30:00",6641,41.37752,2.216631,2,99,182,6.35,184,6.51,1009.3,82,27.8,24.5,1.2,25.4
"2026-08-24 17:45:00",6642,41.37759,2.216745,0,100,191,7.88,193,7.69,1008.7,82,27.9,24.6,1.2,25.5
"2026-08-24 18:00:00",6643,41.37761,2.216791,1,98,179,6.87,181,6.71,1008.6,82,27.8,24.5,1.2,25.4
"2026-08-24 18:15:00",6644,41.37762,2.216874,3,102,197,6.73,199,6.79,1009,83,27.9,24.8,1.2,25.6
"2026-08-24 18:30:00",6645,41.37764,2.216976,7,92,204,6.04,206,6,1008.8,83,27.9,24.8,1.2,25.6
"2026-08-24 18:45:00",6646,41.37761,2.217095,0,106,208,6.85,210,6.95,1009.5,84,27.9,24.9,1.2,25.7
"2026-08-24 19:00:00",6647,41.37759,2.217221,2,101,216,9.87,218,9.76,1009.7,84,27.9,25.1,1.2,25.8
"2026-08-24 19:15:00",6648,41.37765,2.217061,5,115,194,12.06,196,11.73,1007.6,88,27.3,25.3,1.2,25.8
"2026-08-24 19:30:00",6649,41.37764,2.217145,4,100,208,14,210,14.04,1008.7,73,27.4,22.2,1.2,23.7
"2026-08-24 19:45:00",6650,41.37764,2.216903,2,89,184,12.94,186,12.95,1008.2,71,26.6,21,1.2,22.6
"2026-08-24 20:00:00",6651,41.37759,2.217224,14,109,255,6.11,257,6.2,1009.2,78,25.7,21.6,1.2,22.7
"2026-08-24 20:15:00",6652,41.37752,2.217318,15,136,228,4.83,230,5.42,1009.5,69,26.6,20.5,1.2,22.3
"2026-08-24 20:30:00",6653,41.37751,2.217316,15,122,256,6.75,258,6.58,1009.4,68,26.2,20,1.2,21.8
"2026-08-24 20:45:00",6654,100,1000,7999,75,241,1000,"NAN",4.77,1009.4,71,25.9,20.3,1.2,21.9
"2026-08-24 21:00:00",6655,41.37726,2.217338,15,106,260,5.81,262,5.71,1009.3,73,25.9,20.8,1.2,22.3
"2026-08-24 21:15:00",6656,41.37726,2.217366,15,99,235,5.89,237,5.78,1009.4,69,26.1,20,1.2,21.8
"2026-08-24 21:30:00",6657,100,1000,7999,113,245,1000,"NAN",4.79,1009.6,70,26.3,20.4,1.2,22.2
"2026-08-24 21:45:00",6658,100,1000,7999,113,289,1000,"NAN",2.17,1010,64,26.4,19.1,1.2,21.4
"2026-08-24 22:00:00",6659,100,1000,7999,113,292,1000,"NAN",3.82,1010.1,59,26.5,18,1.2,20.8
"2026-08-24 22:15:00",6660,100,1000,7999,71,233,1000,"NAN",2.4,1010.3,57,26.6,17.7,1.2,20.7
"2026-08-24 22:30:00",6661,41.37715,2.217411,2,95,231,1.15,233,1.13,1010.4,60,26.7,18.4,1.2,21.1
"2026-08-24 22:45:00",6662,41.37705,2.217351,2,87,245,1.68,247,1.73,1010.4,61,26.8,18.8,1.2,21.4
"2026-08-24 23:00:00",6663,41.37713,2.217238,2,88,170,3.46,172,3.42,1010.3,62,26.7,18.8,1.2,21.3
"2026-08-24 23:15:00",6664,41.37726,2.217037,2,104,176,3.48,178,3.29,1010.2,63,26.8,19.3,1.2,21.7
"2026-08-24 23:30:00",6665,41.37734,2.216826,3,104,182,2.81,184,2.49,1010.2,61,26.7,18.6,1.2,21.2
"2026-08-24 23:45:00",6666,41.37745,2.21682,3,81,184,1.64,186,1.55,1010.2,62,26.8,18.9,1.2,21.4
"2026-08-25 00:00:00",6667,41.37746,2.216794,1,94,20,2.8,21.95,2.9,1010.5,65,26.6,19.5,1.2,21.7
"2026-08-25 00:15:00",6668,41.37714,2.216691,1,358,12,0.57,13.95,0.78,1010.4,64,26.4,19.2,1.2,21.5
"2026-08-25 00:30:00",6669,41.37694,2.216735,5,94,11,2.93,12.95,3.07,1010.5,61,26.2,18.1,1.2,20.8
"2026-08-25 00:45:00",6670,41.37691,2.216868,5,80,327,0.88,329,0.9,1010.5,63,26.2,18.7,1.2,21.1
"2026-08-25 01:00:00",6671,41.37691,2.216836,7,49,349,0.6,351,0.61,1010.6,61,26.4,18.5,1.2,21.1
"2026-08-25 01:15:00",6672,41.37694,2.21677,8,99,116,1.04,118,1.02,1010.7,60,26.6,18.4,1.2,21
"2026-08-25 01:30:00",6673,41.37695,2.216696,7,89,62,1.65,63.95,1.66,1010.7,65,26.7,19.6,1.2,21.8
"2026-08-25 01:45:00",6674,41.377,2.216663,5,120,130,1.53,132,1.38,1010.7,64,26.7,19.5,1.2,21.8
"2026-08-25 02:00:00",6675,41.37703,2.216586,5,89,77,1.87,78.95,1.96,1010.5,66,26.8,20,1.2,22.1
"2026-08-25 02:15:00",6676,41.377,2.216615,5,67,36,1.62,37.95,1.62,1010.5,66,26.7,20,1.2,22
"2026-08-25 02:30:00",6677,41.37696,2.216636,5,60,351,1.71,353,1.4,1010.4,67,26.6,20,1.2,22
"2026-08-25 02:45:00",6678,41.37695,2.21668,3,54,312,1.9,314,2.31,1010.4,68,26.5,20.3,1.2,22.2
"2026-08-25 03:00:00",6679,41.37697,2.216666,1,27,340,1.25,342,1.1,1010.4,64,26.5,19.3,1.2,21.6
"2026-08-25 03:15:00",6680,41.37704,2.21658,1,63,90,0.18,92,0.18,1010.2,65,26.6,19.5,1.2,21.7
"2026-08-25 03:30:00",6681,41.37704,2.216553,2,32,326,1.88,328,1.75,1010.2,69,26.3,20.3,1.2,22.1
"2026-08-25 03:45:00",6682,41.377,2.216558,5,90,11,1.6,12.95,1.07,1010.1,68,25.5,19.3,1.2,21.2
"2026-08-25 04:00:00",6683,41.377,2.216675,1,90,344,2.92,346,2.98,1010.2,68,25.4,19.2,1.2,21.1
"2026-08-25 04:15:00",6684,41.37698,2.216768,-3,94,328,3.33,330,3.15,1010.2,67,25.1,18.7,1.2,20.7
"2026-08-25 04:30:00",6685,41.37726,2.218195,14,106,0,4.5,1.95,4.28,1010.1,72,25.2,19.8,1.2,21.4
"2026-08-25 04:45:00",6686,41.37689,2.216915,-3,105,323,3.21,325,2.99,1010,67,24.9,18.6,1.2,20.5
"2026-08-25 05:00:00",6687,41.37687,2.216961,-4,104,322,2.89,324,2.8,1010.1,67,24.8,18.4,1.2,20.4
"2026-08-25 05:15:00",6688,41.37688,2.21695,-1,103,334,4.32,336,4.36,1010.2,68,25.2,19,1.2,20.9
"2026-08-25 05:30:00",6689,41.37687,2.21696,-1,97,345,4.38,347,4.11,1010.2,66,25,18.3,1.2,20.4
"2026-08-25 05:45:00",6690,41.37685,2.216906,0,94,327,4.32,329,4.7,1010.3,68,25.3,19,1.2,20.9
"2026-08-25 06:00:00",6691,41.37688,2.217011,-3,87,315,3.85,317,4,1010.2,69,25.5,19.4,1.2,21.3
"2026-08-25 06:15:00",6692,41.37688,2.217054,0,91,321,3.06,323,3.03,1010.4,69,25.7,19.6,1.2,21.4
"2026-08-25 06:30:00",6693,41.37689,2.216988,1,116,306,0.8,308,0.81,1010.5,64,25.8,18.5,1.2,20.8
"2026-08-25 06:45:00",6694,41.37689,2.21695,1,64,284,2.4,286,2.07,1010.5,64,25.9,18.6,1.2,20.9
"2026-08-25 07:00:00",6695,41.3769,2.216841,0,92,316,2.2,318,2.1,1010.5,64,25.9,18.5,1.2,20.9
"2026-08-25 07:15:00",6696,41.37693,2.216748,0,89,274,2.56,276,2.48,1010.6,67,26,19.4,1.2,21.5
"2026-08-25 07:30:00",6697,41.37701,2.216622,2,346,78,0.41,79.95,0.56,1010.8,68,26,19.7,1.2,21.6
"2026-08-25 07:45:00",6698,41.37714,2.216503,2,62,243,0.9,245,0.75,1010.9,66,25.6,18.9,1.2,21
"2026-08-25 08:00:00",6699,41.37717,2.216463,2,133,352,2.04,354,2.06,1010.9,70,25.1,19.3,1.2,21.1
"2026-08-25 08:15:00",6700,41.37714,2.216488,4,102,348,3.77,350,3.7,1011,72,24.6,19.3,1.2,20.9
"2026-08-25 08:30:00",6701,41.37719,2.216526,3,75,340,2.14,342,2.67,1011.1,74,24.6,19.7,1.2,21.2
"2026-08-25 08:45:00",6702,41.37736,2.216538,2,111,33,1.32,34.95,1.3,1011.3,71,24.9,19.3,1.2,21
"2026-08-25 09:00:00",6703,41.37746,2.216626,2,94,155,0.91,157,1.02,1011.2,68,25.9,19.6,1.2,21.6
"2026-08-25 09:15:00",6704,41.37752,2.216805,2,107,224,2.79,226,2.53,1011.4,64,27.1,19.8,1.2,22.1
"2026-08-25 09:30:00",6705,41.37752,2.217011,1,143,261,0.31,263,0.31,1011.5,62,27.4,19.5,1.2,22
"2026-08-25 09:45:00",6706,100,1000,7999,128,245,1000,"NAN",4.52,1011.4,62,27.7,19.9,1.2,22.3
"2026-08-25 10:00:00",6707,100,1000,7999,114,257,1000,"NAN",7.65,1011.4,60,28,19.5,1.2,22.2
"2026-08-25 10:15:00",6708,41.3773,2.217433,2,104,299,5.09,301,5.49,1011.4,59,28.2,19.5,1.2,22.3
"2026-08-25 10:30:00",6709,41.37724,2.217461,2,91,270,6.03,272,5.92,1011.5,54,28.3,18.3,1.2,21.6
"2026-08-25 10:45:00",6710,41.37716,2.217445,2,105,279,6.17,281,5.89,1011.6,56,28.7,19.2,1.2,22.3
"2026-08-25 11:00:00",6711,41.37717,2.217509,17,101,264,4.38,266,4.62,1011.7,55,29,19.2,1.2,22.4
"2026-08-25 11:15:00",6712,41.37723,2.217544,24,93,263,6.57,265,6.14,1011.8,54,29.2,19,1.2,22.3
"2026-08-25 11:30:00",6713,41.37724,2.217478,0,106,251,4.92,253,4.56,1011.9,53,29.5,19.2,1.2,22.5
"2026-08-25 11:45:00",6714,41.37725,2.21746,-1,137,292,1.78,294,1.98,1011.9,49,29.9,18.2,1.2,22.1
"2026-08-25 12:00:00",6715,41.37716,2.217453,1,112,295,4.23,297,4.37,1011.9,50,30.2,18.7,1.2,22.5
"2026-08-25 12:15:00",6716,41.37723,2.217486,-4,116,283,2.5,285,3,1011.8,50,30.3,18.9,1.2,22.6
"2026-08-25 12:30:00",6717,41.37731,2.217378,4,58,203,2.5,205,2.65,1011.5,66,28.5,21.7,1.2,23.7
"2026-08-25 12:45:00",6718,41.37755,2.217193,4,86,197,5.68,199,5.94,1011.7,67,28.4,21.8,1.2,23.7
"2026-08-25 13:00:00",6719,41.37762,2.217103,3,107,204,7.69,206,7.85,1011.7,68,28.5,22,1.2,23.9
"2026-08-25 13:15:00",6720,41.37762,2.217076,5,102,196,6.74,198,6.69,1011.4,68,28.4,22,1.2,23.9
"2026-08-25 13:30:00",6721,41.3776,2.217116,6,97,194,6.54,196,6.73,1011.6,65,28.7,21.5,1.2,23.6
"2026-08-25 13:45:00",6722,41.37762,2.21712,8,94,197,7.41,199,7.41,1011.5,70,28.6,22.6,1.2,24.3
"2026-08-25 14:00:00",6723,41.37757,2.217183,9,103,196,6.29,198,6.68,1011.5,75,28.6,23.8,1.2,25.1
"2026-08-25 14:15:00",6724,41.37757,2.21719,10,104,201,6.84,203,7.23,1011.4,71,28.5,22.8,1.2,24.4
"2026-08-25 14:30:00",6725,41.37759,2.217148,10,100,189,7.31,191,7.2,1011.4,72,28.5,23,1.2,24.6
"2026-08-25 14:45:00",6726,41.3775,2.2173,30,92,199,6.81,201,6.72,1011.2,70,28.8,22.7,1.2,24.4
"2026-08-25 15:00:00",6727,41.37762,2.217193,-7,101,198,9.16,200,8.88,1010.9,70,28.7,22.7,1.2,24.4
"2026-08-25 15:15:00",6728,41.37762,2.217221,3,104,200,8.44,202,8.42,1010.7,70,28.8,22.8,1.2,24.5
"2026-08-25 15:30:00",6729,41.3776,2.217278,7,94,197,8.35,199,8.09,1010.7,70,28.6,22.8,1.2,24.4
"2026-08-25 15:45:00",6730,41.37762,2.217194,-3,97,197,8.32,199,8.42,1010.6,68,28.7,22.3,1.2,24.1
"2026-08-25 16:00:00",6731,41.3776,2.217198,-3,106,205,9.47,207,9.47,1010.6,68,28.7,22.2,1.2,24
"2026-08-25 16:15:00",6732,41.3776,2.217193,-5,100,206,9.75,208,9.7,1010.5,68,28.7,22.3,1.2,24.1
"2026-08-25 16:30:00",6733,41.3776,2.217224,0,95,202,8.72,204,8.48,1010.4,70,28.6,22.6,1.2,24.3
"2026-08-25 16:45:00",6734,41.37757,2.217221,0,101,208,8.42,210,8.51,1010.4,72,28.5,23.2,1.2,24.7
"2026-08-25 17:00:00",6735,41.37759,2.217238,-1,101,209,10.5,211,10.62,1010.4,71,28.5,22.8,1.2,24.4
"2026-08-25 17:15:00",6736,41.37757,2.217247,-4,94,209,7.88,211,7.8,1010.4,74,28.4,23.5,1.2,24.8
"2026-08-25 17:30:00",6737,41.37761,2.217193,-2,113,203,11.53,205,11.01,1010.3,74,28.4,23.4,1.2,24.8
"2026-08-25 17:45:00",6738,41.3776,2.21722,-1,107,213,11.22,215,11.14,1010.3,76,28.4,23.8,1.2,25.1
"2026-08-25 18:00:00",6739,41.37762,2.217185,-1,95,206,9.55,208,9.5,1010.3,73,28.3,23.2,1.2,24.6
"2026-08-25 18:15:00",6740,41.37764,2.217162,2,106,210,7.93,212,7.76,1010.5,73,28.5,23.4,1.2,24.8
"2026-08-25 18:30:00",6741,41.37772,2.217163,3,110,208,7.86,210,7.84,1010.5,73,28.6,23.4,1.2,24.8
"2026-08-25 18:45:00",6742,41.37768,2.217125,1,94,205,8.52,207,8.28,1010.5,74,28.5,23.4,1.2,24.8
"2026-08-25 19:00:00",6743,41.37768,2.217121,2,113,207,7.81,209,8.12,1010.7,74,28.5,23.6,1.2,24.9
"2026-08-25 19:15:00",6744,41.37769,2.2171,3,108,209,6.71,211,7.02,1010.8,75,28.5,23.6,1.2,24.9
"2026-08-25 19:30:00",6745,41.37786,2.217059,4,101,214,8.35,216,8.33,1010.8,73,28.5,23.2,1.2,24.7
"2026-08-25 19:45:00",6746,41.37878,2.216681,1,106,214,7.47,216,7.77,1010.8,75,28.6,23.7,1.2,25
"2026-08-25 20:00:00",6747,100,1000,7999,96,207,1000,"NAN",6.77,1010.9,75,28.5,23.6,1.2,25
"2026-08-25 20:15:00",6748,100,1000,7999,105,213,1000,"NAN",8.22,1011.2,73,28.6,23.4,1.2,24.8
"2026-08-25 20:30:00",6749,100,1000,7999,106,223,1000,"NAN",7.63,1011.3,73,28.4,23.2,1.2,24.6
"2026-08-25 20:45:00",6750,41.37751,2.217328,3,105,221,7.84,223,8.15,1011.2,71,28.3,22.5,1.2,24.2
"2026-08-25 21:00:00",6751,41.37755,2.217276,3,111,217,7.2,219,7.01,1011.5,70,28.3,22.4,1.2,24.1
"2026-08-25 21:15:00",6752,41.37752,2.217323,1,103,234,5.74,236,5.53,1011.8,67,28.3,21.7,1.2,23.6
"2026-08-25 21:30:00",6753,41.37752,2.217316,2,98,225,4.63,227,4.8,1011.9,68,28.4,22.1,1.2,23.9
"2026-08-25 21:45:00",6754,41.37755,2.21731,6,92,226,4.13,228,4,1012.2,67,28.4,21.7,1.2,23.7
"2026-08-25 22:00:00",6755,41.37756,2.217182,0,99,205,4.79,207,4.71,1012.4,69,28.2,22.1,1.2,23.8
"2026-08-25 22:15:00",6756,41.37755,2.21715,2,96,202,4.19,204,3.98,1012.7,71,27.9,22.2,1.2,23.8
"2026-08-25 22:30:00",6757,41.37755,2.217215,1,108,218,4.23,220,4.38,1012.9,70,27.9,22.1,1.2,23.8
"2026-08-25 22:45:00",6758,41.37752,2.217238,0,110,225,3.45,227,3.36,1013.1,69,28,21.8,1.2,23.6
"2026-08-25 23:00:00",6759,41.37752,2.217247,2,107,225,1.18,227,1.2,1013.2,71,28.1,22.4,1.2,24
"2026-08-25 23:15:00",6760,41.37752,2.217243,0,122,227,1.55,229,1.54,1013.2,70,28.1,22.2,1.2,23.9
"2026-08-25 23:30:00",6761,41.37749,2.217278,3,96,240,1.54,242,1.55,1013.3,70,28,22,1.2,23.7
"2026-08-25 23:45:00",6762,41.37752,2.217235,3,63,158,1.2,160,0.91,1013.3,65,28,20.9,1.2,23
"2026-08-26 00:00:00",6763,41.37752,2.217223,5,55,144,1.03,146,1.02,1013.2,71,27.8,22.2,1.2,23.8
"2026-08-26 00:15:00",6764,41.37755,2.217121,3,93,172,1.38,174,1.19,1013.3,73,27.7,22.5,1.2,24
"2026-08-26 00:30:00",6765,41.37755,2.217028,4,289,344,0.81,346,0.9,1013.5,62,27.7,20,1.2,22.4
"2026-08-26 00:45:00",6766,41.37746,2.216921,5,102,334,1.69,336,1.94,1013.3,63,27.6,20,1.2,22.3
"2026-08-26 01:00:00",6767,41.37731,2.216808,4,82,356,3.17,358,2.98,1013.5,65,27.3,20.4,1.2,22.5
"2026-08-26 01:15:00",6768,41.37725,2.216698,1,90,340,1.87,342,1.66,1013.6,70,27.3,21.3,1.2,23.1
"2026-08-26 01:30:00",6769,41.37716,2.216508,5,91,46,3.69,47.95,3.63,1013.5,78,27.4,23.3,1.2,24.4
"2026-08-26 01:45:00",6770,41.37704,2.216537,3,93,48,5,49.95,4.88,1013.6,79,27.2,23.2,1.2,24.3
"2026-08-26 02:00:00",6771,41.37707,2.216518,6,88,43,3.26,44.95,3.11,1013.6,82,27.1,23.8,1.2,24.6
"2026-08-26 02:15:00",6772,41.37712,2.216525,2,97,54,2.89,55.95,2.71,1013.9,81,27,23.7,1.2,24.6
"2026-08-26 02:30:00",6773,41.37717,2.216525,3,92,67,3.63,68.95,3.64,1013.5,80,27,23.3,1.2,24.3
"2026-08-26 02:45:00",6774,41.37724,2.216561,1,83,80,1.62,82,1.47,1013.7,75,27.4,22.7,1.2,24
"2026-08-26 03:00:00",6775,41.37736,2.21663,4,87,132,1.45,134,1.76,1013.6,73,27.4,22.3,1.2,23.7
"2026-08-26 03:15:00",6776,41.37743,2.216663,2,85,58,2.72,59.95,2.86,1012.7,76,27.3,22.8,1.2,24.1
"2026-08-26 03:30:00",6777,41.37743,2.216776,3,156,285,1.66,287,1.71,1014.5,78,27.2,23.2,1.2,24.3
"2026-08-26 03:45:00",6778,41.37734,2.216665,6,105,46,4.58,47.95,4.71,1013.1,82,26.8,23.5,1.2,24.4
"2026-08-26 04:00:00",6779,41.37743,2.216874,-3,52,345,1.57,347,1.68,1013.9,81,26.6,23.2,1.2,24.1
"2026-08-26 04:15:00",6780,41.37736,2.217059,-3,98,29,3.07,30.95,3.16,1013.1,82,26.4,23.2,1.2,24.1
"2026-08-26 04:30:00",6781,41.3774,2.217595,13,98,8,3.13,9.95,2.95,1013.3,83,26.3,23.3,1.2,24.1
"2026-08-26 04:45:00",6782,41.37713,2.216685,0,91,357,3.22,359,3.18,1013.3,82,26,22.7,1.2,23.6
"2026-08-26 05:00:00",6783,41.37719,2.216845,0,97,325,3.38,327,3.37,1013.8,81,26,22.6,1.2,23.5
"2026-08-26 05:15:00",6784,41.37712,2.216905,1,96,27,3.24,28.95,3.07,1013,82,25.9,22.6,1.2,23.5
"2026-08-26 05:30:00",6785,41.37707,2.21697,2,93,304,4.88,306,4.8,1014.1,81,26,22.5,1.2,23.4
"2026-08-26 05:45:00",6786,41.37709,2.217105,-2,94,319,4.83,321,4.96,1014,80,25.9,22.3,1.2,23.2
"2026-08-26 06:00:00",6787,41.3769,2.217076,-1,101,348,6.72,350,6.64,1012.6,80,25.9,22.3,1.2,23.2
"2026-08-26 06:15:00",6788,41.3769,2.216963,-1,94,0,5.66,1.95,5.46,1012.1,77,25.5,21.3,1.2,22.4
"2026-08-26 06:30:00",6789,41.37701,2.216995,-1,87,306,3.97,308,3.98,1013.7,77,25.9,21.6,1.2,22.8
"2026-08-26 06:45:00",6790,41.37704,2.217054,-2,113,350,3.51,352,3.34,1013.1,73,25.7,20.6,1.2,22.1
"2026-08-26 07:00:00",6791,41.37746,2.21743,0,103,342,2.89,344,2.88,1013.3,74,25.5,20.6,1.2,22
"2026-08-26 07:15:00",6792,41.37724,2.21691,1,93,333,2.7,335,2.64,1013.1,74,25.4,20.4,1.2,21.9
"2026-08-26 07:30:00",6793,41.37726,2.217231,1,102,318,3.79,320,3.68,1013.5,73,25.6,20.5,1.2,22
"2026-08-26 07:45:00",6794,41.3772,2.217191,2,141,336,1.55,338,1.61,1013.8,73,25.9,20.8,1.2,22.3
"2026-08-26 08:00:00",6795,41.37723,2.217226,1,95,309,2.48,311,2.55,1014,74,26.1,21.2,1.2,22.6
"2026-08-26 08:15:00",6796,41.37711,2.217215,5,107,333,3.74,335,3.92,1013.8,74,26.1,21.2,1.2,22.6
"2026-08-26 08:30:00",6797,41.37695,2.217121,3,113,320,3.27,322,3.4,1014.1,74,26.4,21.6,1.2,23
"2026-08-26 08:45:00",6798,41.37694,2.216903,0,106,344,4.39,346,4.5,1013.5,76,26.6,22.1,1.2,23.3
"2026-08-26 09:00:00",6799,41.37688,2.216887,-1,106,2,4,3.95,4.15,1013.1,77,25.9,21.7,1.2,22.9
"2026-08-26 09:15:00",6800,41.37694,2.216711,-2,104,82,6.23,84,6.21,1011.7,77,26.1,21.9,1.2,23.1
"2026-08-26 09:30:00",6801,41.377,2.216532,-1,101,70,5.92,71.95,6.06,1011.7,79,26.8,22.9,1.2,23.9
"2026-08-26 09:45:00",6802,100,1000,7999,96,59,1000,"NAN",4.66,1012.5,81,26.8,23.3,1.2,24.2
"2026-08-26 10:00:00",6803,41.37688,2.216529,-1,93,27,5.67,28.95,4.67,1012.7,81,26.8,23.3,1.2,24.2
"2026-08-26 10:15:00",6804,41.37704,2.216391,-1,108,117,5.29,119,5.09,1013.1,82,27,23.6,1.2,24.5
"2026-08-26 10:30:00",6805,41.3771,2.216431,-1,122,130,2.99,132,3.12,1014.1,81,27,23.6,1.2,24.5
"2026-08-26 10:45:00",6806,41.37708,2.21642,-1,96,104,3.23,106,3.74,1013.2,85,27.2,24.5,1.2,25.2
"2026-08-26 11:00:00",6807,41.37712,2.216513,17,114,138,2.94,140,3.27,1013.2,84,27.1,24.2,1.2,25
"2026-08-26 11:15:00",6808,41.37719,2.216401,0,100,114,9.91,116,9.89,1010.3,82,27.2,23.8,1.2,24.7
"2026-08-26 11:30:00",6809,41.37716,2.21642,-2,118,116,8.05,118,7.91,1011.2,85,27.1,24.5,1.2,25.2
"2026-08-26 11:45:00",6810,41.37723,2.216431,0,104,129,6.51,131,6.24,1013.1,85,27.3,24.5,1.2,25.2
"2026-08-26 12:00:00",6811,41.37726,2.216426,0,120,150,5.2,152,5.68,1014.2,82,27.4,24.1,1.2,25
"2026-08-26 12:15:00",6812,41.37725,2.216453,1,118,142,4.35,144,4.54,1013.2,81,27.4,24,1.2,24.9
"2026-08-26 12:30:00",6813,41.3772,2.21642,4,98,101,2.99,103,2.87,1013,80,27.5,23.9,1.2,24.8
"2026-08-26 12:45:00",6814,41.37715,2.216448,3,98,98,3.84,100,3.99,1012.6,80,27.4,23.6,1.2,24.6
"2026-08-26 13:00:00",6815,41.37716,2.216456,3,115,130,1.29,132,1.9,1013.3,79,27.6,23.7,1.2,24.7
"2026-08-26 13:15:00",6816,41.37725,2.21643,8,100,138,1.58,140,2.19,1013.7,80,27.6,23.9,1.2,24.9
"2026-08-26 13:30:00",6817,41.37723,2.216448,7,104,103,3.04,105,3.15,1013.1,78,27.5,23.5,1.2,24.6
"2026-08-26 13:45:00",6818,41.37713,2.216475,8,88,97,4.92,99,4.51,1012.8,76,27.6,23.1,1.2,24.3
"2026-08-26 14:00:00",6819,41.37704,2.216526,9,87,47,3.7,48.95,3.76,1012.2,77,27.6,23.2,1.2,24.4
"2026-08-26 14:15:00",6820,41.37691,2.21663,9,109,27,5.61,28.95,5.32,1011.6,77,27.7,23.4,1.2,24.5
"2026-08-26 14:30:00",6821,41.3769,2.216666,9,85,24,4.3,25.95,4.3,1011.8,78,27.6,23.6,1.2,24.7
"2026-08-26 14:45:00",6822,41.37681,2.216763,30,107,39,4.61,40.95,4.41,1011.4,75,27.7,23,1.2,24.3
"2026-08-26 15:00:00",6823,41.37697,2.216593,0,95,68,5.23,69.95,5.05,1011,74,27.7,22.7,1.2,24.1
"2026-08-26 15:15:00",6824,41.37704,2.21655,1,97,85,4.04,87,3.45,1011.1,79,28.1,24.1,1.2,25.1
"2026-08-26 15:30:00",6825,41.37717,2.216525,6,89,107,2.56,109,2.29,1011.2,78,28,24,1.2,25
"2026-08-26 15:45:00",6826,41.37729,2.216468,1,115,143,3.77,145,3.58,1011.8,77,28,23.7,1.2,24.9
"2026-08-26 16:00:00",6827,41.3773,2.216483,1,92,132,2.05,134,2.1,1011.8,77,27.9,23.5,1.2,24.7
"2026-08-26 16:15:00",6828,41.3773,2.216458,1,80,109,2.84,111,3.12,1011.7,77,27.9,23.6,1.2,24.8
"2026-08-26 16:30:00",6829,41.37723,2.216463,0,90,125,4.1,127,3.88,1011.5,79,27.9,23.9,1.2,25
"2026-08-26 16:45:00",6830,41.3773,2.216455,-2,94,121,4.5,123,4.14,1011.2,81,27.7,24.3,1.2,25.2
"2026-08-26 17:00:00",6831,41.37723,2.216448,-2,106,123,4.3,125,4.79,1011.1,83,27.7,24.5,1.2,25.3
"2026-08-26 17:15:00",6832,41.37721,2.216441,-1,94,113,5.3,115,5.17,1011,83,27.7,24.7,1.2,25.5
"2026-08-26 17:30:00",6833,41.37721,2.216455,1,103,125,5.11,127,4.8,1010.9,84,27.7,24.9,1.2,25.6
"2026-08-26 17:45:00",6834,41.37716,2.216468,2,112,104,4.2,106,4.73,1010.7,85,27.8,25.2,1.2,25.9
"2026-08-26 18:00:00",6835,41.37711,2.216506,3,102,99,5.66,101,5.86,1010.6,85,27.7,25,1.2,25.7
"2026-08-26 18:15:00",6836,41.37716,2.216473,5,112,107,5.96,109,5.96,1010.5,85,27.7,24.9,1.2,25.6
"2026-08-26 18:30:00",6837,41.37707,2.216501,0,122,107,5.41,109,5.38,1010.5,84,27.8,25,1.2,25.7
"2026-08-26 18:45:00",6838,41.37706,2.216509,0,108,108,5.43,110,5.3,1010.4,84,27.8,25,1.2,25.7
"2026-08-26 19:00:00",6839,41.37708,2.216482,-2,98,109,3.58,111,4.12,1010.2,84,27.9,25,1.2,25.7
"2026-08-26 19:15:00",6840,41.37707,2.216483,-1,102,101,3.64,103,3.24,1010.3,83,27.9,24.8,1.2,25.6
"2026-08-26 19:30:00",6841,41.37708,2.216475,0,112,114,2.92,116,3.02,1010.2,84,27.9,25.1,1.2,25.8
"2026-08-26 19:45:00",6842,41.37708,2.216476,0,99,98,4.22,100,3.92,1010.4,82,28,24.7,1.2,25.5
"2026-08-26 20:00:00",6843,41.37711,2.216463,1,99,115,5.26,117,5.21,1010.5,82,28,24.8,1.2,25.6
"2026-08-26 20:15:00",6844,41.37719,2.21642,2,102,121,5.97,123,5.53,1010.3,82,28,24.7,1.2,25.5
"2026-08-26 20:30:00",6845,41.37716,2.216455,2,120,114,3.68,116,3.84,1010.4,80,28,24.2,1.2,25.2
"2026-08-26 20:45:00",6846,41.37714,2.216408,15,74,79,2.45,81,2.55,1010.3,80,28.2,24.4,1.2,25.4
"2026-08-26 21:00:00",6847,41.37705,2.21642,20,81,65,1.63,66.95,1.48,1010.4,80,28.2,24.6,1.2,25.5
"2026-08-26 21:15:00",6848,41.37712,2.216529,1,111,95,1.23,97,1.57,1010.5,80,28.1,24.3,1.2,25.3
"2026-08-26 21:30:00",6849,100,1000,7999,82,100,1000,"NAN",2.04,1010.6,82,28.1,24.8,1.2,25.6
"2026-08-26 21:45:00",6850,100,1000,7999,85,108,1000,"NAN",1.54,1010.7,83,28,25,1.2,25.7
"2026-08-26 22:00:00",6851,100,1000,7999,121,147,1000,"NAN",3.13,1010.8,85,27.9,25.2,1.2,25.9
"2026-08-26 22:15:00",6852,41.37723,2.216485,2,137,139,3.43,141,3.41,1010.9,85,27.9,25.3,1.2,25.9
"2026-08-26 22:30:00",6853,41.37719,2.216513,1,103,151,2.56,153,2.54,1010.9,85,27.9,25.3,1.2,25.9
"2026-08-26 22:45:00",6854,41.37717,2.216525,2,104,90,0.51,92,0.65,1011,84,28,25.2,1.2,25.9
"2026-08-26 23:00:00",6855,41.37711,2.216548,2,87,126,1.51,128,1.74,1010.8,85,27.9,25.2,1.2,25.8
"2026-08-26 23:15:00",6856,41.37703,2.216601,4,71,50,1.17,51.95,0.92,1010.8,85,27.8,25.2,1.2,25.9
"2026-08-26 23:30:00",6857,41.37701,2.216595,5,89,99,1.83,101,1.9,1010.9,85,27.8,25.2,1.2,25.8
"2026-08-26 23:45:00",6858,41.37695,2.216701,3,121,51,2.43,52.95,2.26,1010.9,86,27.9,25.4,1.2,26
"2026-08-27 00:00:00",6859,41.37692,2.21672,4,126,350,1.64,352,1.62,1011,86,27.7,25.2,1.2,25.8
"2026-08-27 00:15:00",6860,41.3769,2.216783,1,94,55,2.14,56.95,2.18,1011,85,27.7,25.1,1.2,25.8
"2026-08-27 00:30:00",6861,41.37693,2.216803,4,98,30,1.63,31.95,1.53,1011.3,85,27.8,25.1,1.2,25.8
"2026-08-27 00:45:00",6862,41.37694,2.216786,8,89,43,1.83,44.95,1.86,1011.3,85,27.8,25.2,1.2,25.9
"2026-08-27 01:00:00",6863,41.37691,2.216736,6,71,26,3.73,27.95,3.44,1011.1,86,27.6,25.2,1.2,25.8
"2026-08-27 01:15:00",6864,41.37694,2.216683,9,47,41,2.22,42.95,2.05,1011.4,87,27.6,25.3,1.2,25.9
"2026-08-27 01:30:00",6865,41.37694,2.21667,9,97,47,1.85,48.95,1.28,1011.5,87,27.6,25.3,1.2,25.9
"2026-08-27 01:45:00",6866,41.37692,2.216673,8,46,341,1.74,343,1.2,1011.4,87,27.6,25.3,1.2,25.9
"2026-08-27 02:00:00",6867,41.37695,2.216611,7,73,358,2.06,360,1.84,1011,87,27.5,25.2,1.2,25.8
"2026-08-27 02:15:00",6868,41.37688,2.216698,6,75,355,3.86,357,3.71,1010.6,84,27.3,24.4,1.2,25.1
"2026-08-27 02:30:00",6869,41.37687,2.21674,6,100,330,4.74,332,4.55,1010.4,81,27.2,23.7,1.2,24.6
"2026-08-27 02:45:00",6870,41.37688,2.216693,5,89,346,5.06,348,4.67,1010.1,82,27.2,23.9,1.2,24.8
"2026-08-27 03:00:00",6871,41.37689,2.216687,4,90,343,3.17,345,3.28,1010.2,81,27.2,23.8,1.2,24.7
"2026-08-27 03:15:00",6872,41.3769,2.216698,4,92,325,6.03,327,5.78,1009.9,80,27,23.4,1.2,24.3
"2026-08-27 03:30:00",6873,41.37689,2.216648,0,88,355,2.89,357,2.61,1009.7,81,27.1,23.7,1.2,24.6
"2026-08-27 03:45:00",6874,41.37689,2.216655,-5,70,329,3.48,331,2.85,1009.9,79,27,23.2,1.2,24.2
"2026-08-27 04:00:00",6875,41.3769,2.21659,-9,71,352,1.99,354,1.76,1009.9,80,27.2,23.6,1.2,24.5
"2026-08-27 04:15:00",6876,41.3769,2.216631,-7,61,342,2.65,344,2.43,1009.9,80,27.4,23.7,1.2,24.7
"2026-08-27 04:30:00",6877,41.3769,2.216595,-7,73,342,0.86,344,1.06,1009.7,79,27.4,23.5,1.2,24.6
"2026-08-27 04:45:00",6878,41.37689,2.216704,3,65,337,1.3,339,1.43,1009.6,82,27.6,24.3,1.2,25.2
"2026-08-27 05:00:00",6879,41.37693,2.21668,2,138,85,1.63,87,1.48,1009.7,80,27.8,24.2,1.2,25.1
"2026-08-27 05:15:00",6880,41.37694,2.216665,4,329,262,0.75,264,1.08,1009.5,79,27.7,23.8,1.2,24.8
"2026-08-27 05:30:00",6881,41.37694,2.216648,4,270,201,0.86,203,0.78,1009.7,79,27.8,23.9,1.2,24.9
"2026-08-27 05:45:00",6882,41.377,2.216581,4,305,260,1.83,262,0.99,1009.5,80,27.8,24.2,1.2,25.2
"2026-08-27 06:00:00",6883,41.3771,2.216191,4,193,169,0.64,171,0.62,1009.3,82,27.7,24.4,1.2,25.2
"2026-08-27 06:15:00",6884,41.37692,2.216766,-1,103,47,0.93,48.95,0.26,1009.5,82,27.7,24.4,1.2,25.3
"2026-08-27 06:30:00",6885,41.37695,2.216625,1,219,165,0.58,167,0.65,1009.4,82,27.6,24.4,1.2,25.3
"2026-08-27 06:45:00",6886,41.37694,2.216643,1,158,116,1.29,118,0.88,1009.5,84,27.7,24.9,1.2,25.6
"2026-08-27 07:00:00",6887,41.37692,2.216626,1,116,60,0.86,61.95,1.12,1009.3,83,27.4,24.4,1.2,25.1
"2026-08-27 07:15:00",6888,41.3769,2.216687,1,99,61,1.11,62.95,1.02,1009.7,83,27.4,24.4,1.2,25.2
"2026-08-27 07:30:00",6889,41.37687,2.216728,1,104,45,0.83,46.95,1.04,1009.9,83,27.4,24.3,1.2,25.1
"2026-08-27 07:45:00",6890,41.37687,2.216746,1,68,17,2.67,18.95,2.08,1009.8,83,27.3,24.2,1.2,25
"2026-08-27 08:00:00",6891,41.37684,2.216784,0,89,20,1.49,21.95,1.72,1009.9,82,27.3,24,1.2,24.9
"2026-08-27 08:15:00",6892,41.37684,2.216801,1,82,17,2.02,18.95,1.92,1010,81,27.3,23.8,1.2,24.7
"2026-08-27 08:30:00",6893,100,1000,7999,257,194,1000,"NAN",2.54,1010.2,82,27.7,24.4,1.2,25.3
"2026-08-27 08:45:00",6894,100,1000,7999,92,205,1000,"NAN",4.36,1010.4,85,27.6,24.9,1.2,25.6
"2026-08-27 09:00:00",6895,100,1000,7999,95,211,1000,"NAN",4.96,1010.5,85,27.6,24.9,1.2,25.6
"2026-08-27 09:15:00",6896,100,1000,7999,101,218,1000,"NAN",3.88,1010.5,83,27.8,24.8,1.2,25.6
"2026-08-27 09:30:00",6897,41.377,2.217318,2,111,233,5.52,235,5.3,1010.5,83,27.7,24.6,1.2,25.4
"2026-08-27 09:45:00",6898,41.37716,2.217418,5,107,217,3.83,219,3.49,1010.7,83,27.9,24.8,1.2,25.6
"2026-08-27 10:00:00",6899,41.3773,2.217435,4,95,214,4.74,216,4.79,1010.9,80,28,24.4,1.2,25.3
"2026-08-27 10:15:00",6900,41.3774,2.217391,4,103,212,5.7,214,5.31,1011.1,79,27.9,23.9,1.2,25
"2026-08-27 10:30:00",6901,41.37752,2.217276,3,101,194,4.9,196,4.82,1011.3,79,27.9,24.1,1.2,25.1
"2026-08-27 10:45:00",6902,41.37749,2.217273,3,117,208,4.99,210,5.16,1011.3,81,28,24.4,1.2,25.4
"2026-08-27 11:00:00",6903,41.37749,2.217305,2,109,207,3.36,209,3.24,1011.4,81,28.1,24.6,1.2,25.5
"2026-08-27 11:15:00",6904,41.37753,2.21726,1,99,201,4.16,203,4.09,1011.5,80,28.1,24.4,1.2,25.4
"2026-08-27 11:30:00",6905,41.37752,2.217224,0,117,217,4.07,219,4.21,1011.4,80,28.1,24.4,1.2,25.3
"2026-08-27 11:45:00",6906,41.37752,2.217229,0,93,204,4.52,206,4.33,1011.4,80,28.1,24.4,1.2,25.4
"2026-08-27 12:00:00",6907,41.37752,2.217236,2,95,191,4.22,193,4.05,1011.5,80,28.1,24.5,1.2,25.4
"2026-08-27 12:15:00",6908,41.37752,2.217236,2,97,190,3.09,192,2.56,1011.2,79,28.3,24.3,1.2,25.3
"2026-08-27 12:30:00",6909,41.3774,2.217278,2,92,190,2.27,192,2.16,1011,79,28.4,24.6,1.2,25.6
"2026-08-27 12:45:00",6910,41.37717,2.2173,1,94,164,2.14,166,2.3,1011,80,28.4,24.7,1.2,25.7
"2026-08-27 13:00:00",6911,41.37701,2.217176,2,105,170,2.05,172,2.26,1010.8,82,28.4,25,1.2,25.8
"2026-08-27 13:15:00",6912,41.377,2.216967,2,103,163,2.25,165,2.4,1010.7,82,28.3,25,1.2,25.9
"2026-08-27 13:30:00",6913,41.37705,2.216803,1,91,177,2.52,179,2.6,1010.6,83,28.3,25.2,1.2,26
"2026-08-27 13:45:00",6914,41.37733,2.21669,1,101,182,4.32,184,4.32,1010.7,85,28.3,25.6,1.2,26.3
"2026-08-27 14:00:00",6915,41.37758,2.216826,2,120,206,3.96,208,4.37,1010.5,84,28.3,25.4,1.2,26.1
"2026-08-27 14:15:00",6916,41.37759,2.217023,2,97,190,4.77,192,4.86,1010.4,84,28.1,25.3,1.2,26
"2026-08-27 14:30:00",6917,41.37762,2.21707,0,88,183,5.53,185,5.52,1010.5,85,28.2,25.6,1.2,26.2
"2026-08-27 14:45:00",6918,41.37771,2.216995,-19,104,205,5.17,207,5.16,1010.2,86,28.1,25.6,1.2,26.2
"2026-08-27 15:00:00",6919,41.37762,2.217145,0,110,201,6.78,203,6.81,1010.2,85,28,25.3,1.2,26
"2026-08-27 15:15:00",6920,41.37762,2.217136,0,97,202,7.81,204,7.82,1010.3,86,28,25.4,1.2,26.1
"2026-08-27 15:30:00",6921,41.37762,2.217145,-1,101,198,7.31,200,6.79,1010.4,86,27.9,25.3,1.2,26
"2026-08-27 15:45:00",6922,41.3776,2.217153,-7,96,200,7.22,202,7.09,1010.5,86,28.1,25.6,1.2,26.2
"2026-08-27 16:00:00",6923,41.37757,2.217201,-4,91,196,7.95,198,8.78,1010.2,86,28.1,25.6,1.2,26.2
"2026-08-27 16:15:00",6924,41.37757,2.217191,-7,95,195,7.59,197,7.69,1010.5,84,28.1,25.2,1.2,25.9
"2026-08-27 16:30:00",6925,41.37759,2.217186,-4,110,193,8.95,195,9.17,1010.6,85,28,25.4,1.2,26
"2026-08-27 16:45:00",6926,41.37757,2.21722,-2,101,204,8.98,206,8.5,1010.5,85,27.9,25.2,1.2,25.9
"2026-08-27 17:00:00",6927,41.37759,2.217199,0,89,203,6.68,205,6.74,1010.3,84,28,25,1.2,25.8
"2026-08-27 17:15:00",6928,41.37756,2.2173,-5,100,208,7.7,210,7.57,1010.3,84,28,25.1,1.2,25.8
"2026-08-27 17:30:00",6929,41.37761,2.217191,0,93,200,7.34,202,6.73,1010.3,85,27.9,25.2,1.2,25.9
"2026-08-27 17:45:00",6930,41.3776,2.217201,0,96,211,5.57,213,5.75,1010.3,85,27.9,25.2,1.2,25.9
"2026-08-27 18:00:00",6931,41.3776,2.217201,0,97,206,6.09,208,5.87,1010.4,86,27.9,25.5,1.2,26.1
"2026-08-27 18:15:00",6932,41.37759,2.21724,0,96,208,6.69,210,6.58,1010.3,83,27.9,24.9,1.2,25.7
"2026-08-27 18:30:00",6933,41.37758,2.217255,1,93,208,6.92,210,6.73,1010.3,75,28.1,23.4,1.2,24.7
"2026-08-27 18:45:00",6934,41.37757,2.21725,1,94,213,4.69,215,5.22,1010.2,76,28.2,23.7,1.2,24.9
"2026-08-27 19:00:00",6935,41.37755,2.217276,-1,111,212,5.92,214,5.9,1010.1,72,28,22.6,1.2,24.1
"2026-08-27 19:15:00",6936,41.37753,2.217303,-2,99,200,6.54,202,6.66,1010.4,77,28,23.8,1.2,24.9
"2026-08-27 19:30:00",6937,41.37756,2.217241,-2,106,205,6.86,207,6.73,1010.7,79,28,24.1,1.2,25.1
"2026-08-27 19:45:00",6938,41.37755,2.217258,-11,104,209,5.52,211,5.51,1010.4,76,28,23.4,1.2,24.6
"2026-08-27 20:00:00",6939,41.37756,2.217228,1,84,201,5.1,203,4.83,1010.2,77,28,23.7,1.2,24.8
"2026-08-27 20:15:00",6940,41.37757,2.217218,1,95,215,3.91,217,3.86,1010,76,28,23.4,1.2,24.6
"2026-08-27 20:30:00",6941,41.37758,2.217198,2,115,233,4.56,235,4.24,1009.9,73,28,22.9,1.2,24.3
"2026-08-27 20:45:00",6942,41.37755,2.217261,3,117,248,3,250,2.86,1010.2,72,28.4,23,1.2,24.5
"2026-08-27 21:00:00",6943,41.37757,2.217194,4,145,270,2.6,272,2.08,1010.5,72,28.4,23,1.2,24.5
"2026-08-27 21:15:00",6944,41.37758,2.21718,3,130,250,2.13,252,2.26,1010.8,71,28.4,22.6,1.2,24.2
"2026-08-27 21:30:00",6945,41.37758,2.217145,1,86,186,1.45,188,1.96,1011.2,76,28.3,23.6,1.2,24.9
"2026-08-27 21:45:00",6946,41.37757,2.217193,1,114,231,2.72,233,2.83,1011.6,76,28.1,23.5,1.2,24.7
"2026-08-27 22:00:00",6947,41.37756,2.217221,0,131,246,3.58,248,3.55,1011.6,74,28,22.9,1.2,24.3
"2026-08-27 22:15:00",6948,41.37752,2.21728,0,106,249,3.4,251,3.83,1011.5,73,28.3,23.1,1.2,24.6
"2026-08-27 22:30:00",6949,41.37759,2.217215,0,79,196,3.67,198,3.49,1011.8,73,28.3,23,1.2,24.5
"2026-08-27 22:45:00",6950,41.37757,2.217256,0,116,232,3.82,234,3.43,1012.5,74,28.2,23.3,1.2,24.6
"2026-08-27 23:00:00",6951,41.37759,2.217208,0,96,198,4.89,200,4.24,1012.9,73,28.3,23,1.2,24.5
"2026-08-27 23:15:00",6952,41.37759,2.217186,0,114,249,1.89,251,2.06,1011.7,77,28.2,23.8,1.2,25
"2026-08-27 23:30:00",6953,41.37756,2.217228,-3,123,260,2.74,262,3,1011.7,75,28.2,23.4,1.2,24.7
"2026-08-27 23:45:00",6954,41.37755,2.21726,-4,99,214,4.03,216,3.79,1011.6,72,28.1,22.7,1.2,24.2
"2026-08-28 00:00:00",6955,41.37759,2.217175,-2,103,220,4.11,222,3.96,1012.3,75,28.2,23.5,1.2,24.8
"2026-08-28 00:15:00",6956,41.37749,2.21726,4,115,246,5.21,248,5.42,1012.6,75,28.2,23.4,1.2,24.7
"2026-08-28 00:30:00",6957,41.37752,2.21728,2,95,236,5.81,238,5.8,1012.6,73,28.2,23.1,1.2,24.5
"2026-08-28 00:45:00",6958,41.37752,2.217263,6,109,231,7.85,233,7.7,1012.8,73,28.2,23,1.2,24.4
"2026-08-28 01:00:00",6959,41.37755,2.217208,8,107,227,5.19,229,5.29,1013.2,77,28.2,23.8,1.2,25
"2026-08-28 01:15:00",6960,41.37754,2.217194,10,130,265,3.41,267,3.51,1012.5,76,28.1,23.5,1.2,24.7
"2026-08-28 01:30:00",6961,41.37752,2.217256,10,122,264,2.55,266,2.91,1011.9,73,28.2,23,1.2,24.4
"2026-08-28 01:45:00",6962,41.37754,2.217191,9,138,280,3.29,282,2.79,1012.5,64,28.5,21.1,1.2,23.3
"2026-08-28 02:00:00",6963,41.37757,2.217151,6,114,227,3.52,229,3.48,1012.7,63,28.9,21.2,1.2,23.5
"2026-08-28 02:15:00",6964,41.37752,2.217245,7,108,244,5.08,246,5.08,1012.6,51,29.2,18.2,1.2,21.9
"2026-08-28 02:30:00",6965,41.37756,2.217165,2,90,214,4.8,216,4.71,1013.3,53,29.2,18.7,1.2,22.2
"2026-08-28 02:45:00",6966,41.37756,2.217191,2,116,234,5.46,236,5.5,1013.6,54,28.8,18.6,1.2,21.9
"2026-08-28 03:00:00",6967,41.37753,2.217235,3,122,243,3.96,245,4.01,1013.3,58,28.3,19.3,1.2,22.2
"2026-08-28 03:15:00",6968,41.37756,2.217158,1,104,201,4.13,203,3.88,1013.9,46,28.4,16,1.2,20.4
"2026-08-28 03:30:00",6969,41.37754,2.217176,2,120,251,4.15,253,4.14,1013.3,55,28.3,18.4,1.2,21.6
"2026-08-28 03:45:00",6970,41.37762,2.217233,-6,170,285,3.7,287,3.15,1013.2,53,28,17.6,1.2,21.1
"2026-08-28 04:00:00",6971,41.37767,2.217349,-12,130,238,3.2,240,3.07,1013.5,52,28.2,17.5,1.2,21.1
"2026-08-28 04:15:00",6972,41.37817,2.219428,6,166,3,2.13,4.95,2.52,1012.9,42,28.5,14.7,1.2,19.8
"2026-08-28 04:30:00",6973,41.37764,2.217636,7,161,287,1.44,289,1.62,1013.4,46,28.5,15.8,1.2,20.3
"2026-08-28 04:45:00",6974,41.37756,2.217345,0,141,282,5.56,284,5.31,1013,39,28.4,13.2,1.2,19
"2026-08-28 05:00:00",6975,41.37752,2.217358,1,146,286,3.18,288,3,1013.2,41,28.2,13.7,1.2,19.1
"2026-08-28 05:15:00",6976,41.37759,2.217231,1,258,23,2.39,24.95,2.13,1013.2,37,28.1,12.1,1.2,18.3
"2026-08-28 05:30:00",6977,41.37753,2.217263,3,155,305,2.41,307,2.55,1013.4,42,28,14,1.2,19.2
"2026-08-28 05:45:00",6978,41.3775,2.217323,1,106,244,2.26,246,2.3,1013.6,43,27.8,14.4,1.2,19.4
"2026-08-28 06:00:00",6979,41.37751,2.217325,4,125,255,3.17,257,3.08,1013.8,39,27.7,12.9,1.2,18.6
"2026-08-28 06:15:00",6980,41.37746,2.217368,3,133,276,3.59,278,3.51,1013.6,41,27.6,13.3,1.2,18.8
"2026-08-28 06:30:00",6981,41.37743,2.217431,2,128,281,5.53,283,5.47,1013.6,44,27.4,14.1,1.2,19.1
"2026-08-28 06:45:00",6982,41.37741,2.217435,3,124,278,7.79,280,8.04,1013.3,39,27.3,12.5,1.2,18.2
"2026-08-28 07:00:00",6983,41.37733,2.217469,0,124,289,7.36,291,7.54,1013.4,43,27.1,13.5,1.2,18.7
"2026-08-28 07:15:00",6984,41.37746,2.217399,4,126,272,5.92,274,5.82,1013.8,43,27,13.4,1.2,18.6
"2026-08-28 07:30:00",6985,41.37746,2.21738,3,145,294,3.01,296,3.03,1013.8,44,26.9,13.7,1.2,18.6
"2026-08-28 07:45:00",6986,41.37748,2.217368,3,139,285,4.42,287,4.42,1014.2,42,26.9,13.2,1.2,18.4
"2026-08-28 08:00:00",6987,41.37746,2.217384,4,130,279,4.79,281,4.73,1014.2,43,26.8,13.3,1.2,18.4
"2026-08-28 08:15:00",6988,41.37748,2.21734,3,123,265,4.41,267,4.67,1014.3,43,26.8,13.4,1.2,18.4
"2026-08-28 08:30:00",6989,41.37746,2.217357,1,118,260,5.25,262,5.05,1014.6,42,26.9,12.9,1.2,18.3
"2026-08-28 08:45:00",6990,41.37744,2.217363,2,139,311,6.03,313,5.93,1014.4,46,26.9,14.6,1.2,19.1
"2026-08-28 09:00:00",6991,41.37746,2.217358,2,133,284,6.01,286,6.02,1015,38,26.8,11.4,1.2,17.5
"2026-08-28 09:15:00",6992,41.37749,2.217334,1,117,272,7.46,274,7.52,1015.4,41,26.9,12.6,1.2,18.1
"2026-08-28 09:30:00",6993,41.37741,2.217316,12,139,288,4.54,290,4.54,1015.5,51,26.9,16.1,1.2,19.9
"2026-08-28 09:45:00",6994,41.37738,2.217419,2,138,307,5.57,309,5.24,1015.4,45,26.7,13.8,1.2,18.6
"2026-08-28 10:00:00",6995,41.37746,2.217368,2,136,297,6.5,299,6.21,1015.7,43,26.8,13.5,1.2,18.5
"2026-08-28 10:15:00",6996,41.3774,2.217399,2,132,283,5.88,285,5.88,1015.9,38,26.7,11.3,1.2,17.5
"2026-08-28 10:30:00",6997,41.37736,2.217403,2,132,288,7.71,290,7.61,1016.1,42,26.7,12.7,1.2,18.1
"2026-08-28 10:45:00",6998,41.3773,2.21746,2,127,299,6.84,301,6.64,1016.2,42,26.5,12.9,1.2,18.1
"2026-08-28 11:00:00",6999,41.37728,2.217559,24,107,278,6.69,280,6.66,1016.3,36,26.5,10.3,1.2,16.9
"2026-08-28 11:15:00",7000,41.37721,2.21762,27,114,285,7.28,287,6.97,1016.4,39,26.7,11.7,1.2,17.6
"2026-08-28 11:30:00",7001,41.37728,2.217493,0,116,279,5.13,281,5.08,1016.5,38,26.9,11.5,1.2,17.6
"2026-08-28 11:45:00",7002,41.37728,2.217471,0,115,295,5.92,297,6.2,1016.2,36,27.1,10.8,1.2,17.4
"2026-08-28 12:00:00",7003,41.37723,2.217469,0,115,290,7.56,292,7.44,1016.3,33,27.2,10,1.2,17.1
"2026-08-28 12:15:00",7004,41.3772,2.217456,2,120,291,6.59,293,6.71,1016.1,39,27.3,12.3,1.2,18.2
"2026-08-28 12:30:00",7005,41.37714,2.217404,2,109,303,6.16,305,6.41,1016,36,27.4,11.4,1.2,17.8
"2026-08-28 12:45:00",7006,41.37729,2.217416,4,119,290,3.5,292,3.29,1016.6,30,27.8,8.7,1.2,16.7
"2026-08-28 13:00:00",7007,41.37731,2.21746,5,110,269,6.31,271,6.15,1016.6,41,27.8,13.6,1.2,19
"2026-08-28 13:15:00",7008,41.37733,2.217441,5,116,274,5.63,276,5.52,1016.7,36,27.9,11.7,1.2,18.1
"2026-08-28 13:30:00",7009,41.3773,2.217455,6,116,284,5.85,286,5.83,1016.4,32,28.2,10.1,1.2,17.5
"2026-08-28 13:45:00",7010,41.37739,2.217426,1,105,251,5,253,5.03,1016.4,33,28.2,10.4,1.2,17.6
"2026-08-28 14:00:00",7011,41.37744,2.217378,1,114,266,3.57,268,3.53,1016.3,31,28.4,9.9,1.2,17.5
"2026-08-28 14:15:00",7012,41.37746,2.21736,1,108,260,3.29,262,3.45,1016.4,37,28.7,12.8,1.2,18.9
"2026-08-28 14:30:00",7013,41.37753,2.217286,7,120,253,4.18,255,4.25,1016.4,37,29.1,13.1,1.2,19.2
"2026-08-28 14:45:00",7014,41.37762,2.217153,1,84,183,4.53,185,4.72,1016.3,50,27.9,16.7,1.2,20.6
"2026-08-28 15:00:00",7015,41.37764,2.217009,0,82,163,4.91,165,5.12,1016.2,44,28,14.9,1.2,19.7
"2026-08-28 15:15:00",7016,41.37765,2.217068,2,109,199,5.93,201,6.07,1015.9,54,27.6,17.6,1.2,20.9
"2026-08-28 15:30:00",7017,41.37767,2.217045,2,102,198,6.03,200,5.79,1015.7,52,27.7,17.2,1.2,20.8
"2026-08-28 15:45:00",7018,41.37765,2.217001,1,105,194,7.36,196,7.21,1015.5,54,27.8,17.8,1.2,21.2
"2026-08-28 16:00:00",7019,41.37765,2.217078,1,102,199,8.68,201,8.6,1015.2,55,27.9,18.2,1.2,21.4
"2026-08-28 16:15:00",7020,41.37764,2.217093,0,101,202,6.78,204,6.68,1015,55,28.2,18.3,1.2,21.6
"2026-08-28 16:30:00",7021,41.37764,2.217085,1,116,204,8.89,206,8.79,1014.9,57,28,18.7,1.2,21.7
"2026-08-28 16:45:00",7022,41.37762,2.217128,1,102,203,7.61,205,7.49,1014.9,53,27.9,17.5,1.2,21
"2026-08-28 17:00:00",7023,41.37764,2.21715,2,108,203,8.4,205,8.33,1014.8,52,28,17.4,1.2,21
"2026-08-28 17:15:00",7024,41.37764,2.217165,0,107,206,7.38,208,7.62,1014.9,58,27.8,18.8,1.2,21.7
"2026-08-28 17:30:00",7025,41.37764,2.217168,1,108,214,7.93,216,7.87,1015,53,27.7,17.4,1.2,20.9
"2026-08-28 17:45:00",7026,41.37764,2.217166,1,110,212,8.44,214,8.25,1014.9,50,27.9,16.6,1.2,20.5
"2026-08-28 18:00:00",7027,41.37762,2.217194,0,100,211,8.61,213,8.53,1015.1,58,27.7,18.8,1.2,21.7
"2026-08-28 18:15:00",7028,41.37764,2.217176,1,96,199,8.52,201,8.42,1015.2,60,27.5,19,1.2,21.7
"2026-08-28 18:30:00",7029,41.37764,2.217173,0,117,228,5.91,230,6.1,1015.2,52,27.8,17.2,1.2,20.8
"2026-08-28 18:45:00",7030,41.37765,2.21714,2,107,210,6.13,212,6.05,1015,54,27.9,17.7,1.2,21.2
"2026-08-28 19:00:00",7031,41.37764,2.217138,3,111,220,6.96,222,6.86,1014.9,54,28,17.8,1.2,21.3
"2026-08-28 19:15:00",7032,41.37765,2.217111,7,124,224,5.76,226,5.7,1014.9,58,28,19,1.2,21.9
"2026-08-28 19:30:00",7033,41.37768,2.217061,8,114,216,4.78,218,4.64,1014.9,54,28.1,18.1,1.2,21.4
"2026-08-28 19:45:00",7034,41.37772,2.217098,21,123,224,4.65,226,4.23,1014.9,53,28.1,17.8,1.2,21.3
"2026-08-28 20:00:00",7035,41.37756,2.217199,-5,135,253,3.65,255,3.61,1014.8,36,29,12.6,1.2,19
"2026-08-28 20:15:00",7036,41.37755,2.217281,0,149,277,3.88,279,3.9,1014.9,33,29.6,11.9,1.2,18.8
"2026-08-28 20:30:00",7037,41.37748,2.217372,0,135,290,5.22,292,5.15,1014.9,34,29.3,11.8,1.2,18.7
"2026-08-28 20:45:00",7038,41.37748,2.21738,3,130,277,5.33,279,5.33,1015.2,29,29.3,9.8,1.2,17.8
"2026-08-28 21:00:00",7039,41.37743,2.217428,5,119,268,5.8,270,5.79,1015.5,35,28.9,12.1,1.2,18.7
"2026-08-28 21:15:00",7040,41.37743,2.217458,7,143,296,3.89,298,3.72,1015.7,28,28.7,8.4,1.2,17
"2026-08-28 21:30:00",7041,41.37746,2.217414,5,139,286,4.7,288,4.66,1015.8,32,28.5,10.2,1.2,17.6
"2026-08-28 21:45:00",7042,41.37744,2.217411,5,144,287,3.73,289,3.73,1016.1,37,28,12.1,1.2,18.3
"2026-08-28 22:00:00",7043,41.37743,2.217448,5,131,292,4.71,294,4.71,1016.3,38,27.9,12.5,1.2,18.5
"2026-08-28 22:15:00",7044,100,1000,7999,141,301,1000,"NAN",4.32,1016.3,35,27.7,11,1.2,17.7
"2026-08-28 22:30:00",7045,41.3773,2.21745,4,160,312,1.67,314,1.67,1016.5,39,27.5,12.5,1.2,18.3
"2026-08-28 22:45:00",7046,41.3772,2.217491,12,143,313,2.58,315,2.41,1016.8,36,27.5,11.5,1.2,17.8
"2026-08-28 23:00:00",7047,41.37736,2.21743,4,177,334,2.83,336,2.75,1016.9,34,27.1,10.3,1.2,17.1
"2026-08-28 23:15:00",7048,41.37745,2.217382,1,204,350,2.22,352,2.21,1017.4,41,27,12.8,1.2,18.3
"2026-08-28 23:30:00",7049,41.37746,2.217351,1,222,26,4.28,27.95,4.22,1017.6,59,26.3,17.7,1.2,20.5
"2026-08-28 23:45:00",7050,41.37756,2.217148,2,102,82,5.41,84,5.41,1017.5,69,25.8,19.7,1.2,21.6
"2026-08-29 00:00:00",7051,41.37761,2.21709,2,93,93,4.99,95,4.99,1017.9,68,25.8,19.5,1.2,21.4
"2026-08-29 00:15:00",7052,41.37762,2.217041,3,99,75,4.17,76.95,4.17,1018,68,25.7,19.5,1.2,21.4
"2026-08-29 00:30:00",7053,41.3776,2.217068,3,91,54,3.93,55.95,3.89,1018.1,70,25.7,20,1.2,21.7
"2026-08-29 00:45:00",7054,41.37757,2.217093,8,79,28,3.29,29.95,3,1018.2,72,25.9,20.5,1.2,22.1
"2026-08-29 01:00:00",7055,41.37752,2.217188,5,92,4,2.95,5.95,2.94,1018.4,69,25.4,19.4,1.2,21.2
"2026-08-29 01:15:00",7056,41.37751,2.217241,7,131,318,2.27,320,2.07,1018.7,61,25.5,17.6,1.2,20.2
"2026-08-29 01:30:00",7057,41.37751,2.217247,8,178,337,2.19,339,2.57,1018.8,61,25.6,17.7,1.2,20.3
"2026-08-29 01:45:00",7058,41.37751,2.217235,8,100,29,2.52,30.95,2.57,1018.8,60,25.7,17.4,1.2,20.2
"2026-08-29 02:00:00",7059,41.37749,2.217268,5,125,352,1.54,354,1.42,1018.6,62,25.5,17.8,1.2,20.3
"2026-08-29 02:15:00",7060,41.3775,2.217231,7,108,343,2.11,345,2.09,1018.8,67,25.4,18.8,1.2,20.9
"2026-08-29 02:30:00",7061,41.37748,2.217268,6,115,346,2.73,348,2.64,1018.7,62,25.3,17.6,1.2,20.1
"2026-08-29 02:45:00",7062,41.37746,2.217265,7,93,347,2.54,349,2.43,1018.5,63,25.3,17.8,1.2,20.2
"2026-08-29 03:00:00",7063,41.37748,2.217247,8,106,8,3.37,9.95,2.98,1018.4,65,25.1,18,1.2,20.3
"2026-08-29 03:15:00",7064,41.3774,2.217331,6,103,329,3.64,331,3.25,1018.1,61,24.5,16.7,1.2,19.3
"2026-08-29 03:30:00",7065,41.37733,2.217416,6,92,326,4.62,328,4.6,1017.9,65,24.4,17.4,1.2,19.7
"2026-08-29 03:45:00",7066,41.3772,2.217498,5,104,315,4.61,317,4.46,1017.8,63,24.1,16.7,1.2,19.2
"2026-08-29 04:00:00",7067,41.37716,2.217725,3,103,329,4.9,331,4.9,1017.7,59,23.9,15.5,1.2,18.4
"2026-08-29 04:15:00",7068,41.37717,2.218273,15,90,335,4.8,337,5.1,1017.7,60,23.7,15.5,1.2,18.4
"2026-08-29 04:30:00",7069,41.3769,2.217166,1,86,321,5.22,323,5.49,1017.6,61,23.5,15.7,1.2,18.4
"2026-08-29 04:45:00",7070,41.3769,2.217236,-4,99,326,4.65,328,4.34,1017.5,56,23.2,14.1,1.2,17.4
"2026-08-29 05:00:00",7071,41.37688,2.21717,-3,93,332,4.03,334,4.14,1017.4,59,23.3,14.8,1.2,17.8
"2026-08-29 05:15:00",7072,41.37687,2.217133,-4,101,355,3.95,357,4.34,1017.3,59,23.3,14.9,1.2,17.9
"2026-08-29 05:30:00",7073,41.37685,2.217048,0,98,354,4.35,356,4.51,1017.3,59,23.3,15,1.2,17.9
"2026-08-29 05:45:00",7074,41.37684,2.216918,-1,73,338,4.11,340,4.02,1017.3,61,23.3,15.3,1.2,18.1
"2026-08-29 06:00:00",7075,41.37684,2.216556,16,75,338,4.34,340,4.56,1017.3,57,23.1,14.2,1.2,17.4
"2026-08-29 06:15:00",7076,41.37687,2.216443,18,71,347,3.92,349,4.13,1017.3,58,23.1,14.5,1.2,17.6
"2026-08-29 06:30:00",7077,41.37704,2.216405,7,95,337,5.42,339,5.15,1017.4,59,23,14.7,1.2,17.6
"2026-08-29 06:45:00",7078,41.37716,2.216378,6,74,331,6.27,333,6.08,1017.5,60,22.9,14.7,1.2,17.6
"2026-08-29 07:00:00",7079,41.37725,2.21637,5,53,348,5.95,350,5.77,1017.7,57,22.6,13.7,1.2,16.9
"2026-08-29 07:15:00",7080,41.37729,2.216365,5,75,344,3.5,346,3.89,1017.9,61,22.6,14.8,1.2,17.6
"2026-08-29 07:30:00",7081,41.37733,2.216365,4,73,338,4.75,340,4.5,1018.2,58,22.5,13.8,1.2,17
"2026-08-29 07:45:00",7082,41.37738,2.216415,4,98,339,3.26,341,3.28,1018.2,59,22.5,14.2,1.2,17.2
"2026-08-29 08:00:00",7083,41.37738,2.216378,2,79,336,3.27,338,3.42,1018.1,59,22.5,14.3,1.2,17.2
"2026-08-29 08:15:00",7084,41.37746,2.216416,1,70,337,3.87,339,3.87,1018,61,22.7,14.9,1.2,17.6
"2026-08-29 08:30:00",7085,41.37749,2.216605,2,80,334,3.82,336,3.86,1018.1,57,22.8,14,1.2,17.2
"2026-08-29 08:45:00",7086,41.37758,2.216806,0,59,357,3.7,359,3.75,1018.2,60,23,15,1.2,17.8
"2026-08-29 09:00:00",7087,41.3776,2.216961,0,57,341,4.11,343,4.07,1018.3,57,23.1,14.1,1.2,17.4
"2026-08-29 09:15:00",7088,41.37759,2.217043,-1,49,341,2.27,343,2.22,1018.3,57,23.5,14.7,1.2,17.8
"2026-08-29 09:30:00",7089,100,1000,7999,80,0,1000,"NAN",4.59,1018.4,55,23.8,14.2,1.2,17.7
"2026-08-29 09:45:00",7090,100,1000,7999,80,0,1000,"NAN",3.25,1018.4,56,24.4,15.3,1.2,18.5
"2026-08-29 10:00:00",7091,41.37756,2.21708,0,50,19,4.02,20.95,3.23,1018.5,56,24.7,15.3,1.2,18.6
"2026-08-29 10:15:00",7092,41.37756,2.21711,0,36,6,2.57,7.95,2.71,1018.7,52,25.1,14.6,1.2,18.4
"2026-08-29 10:30:00",7093,41.37759,2.217091,0,37,17,1.32,18.95,1.42,1018.9,48,25.5,13.8,1.2,18.2
"2026-08-29 10:45:00",7094,41.37759,2.217106,0,44,27,0.93,28.95,1.36,1019.1,52,25.9,15.3,1.2,19.1
"2026-08-29 11:00:00",7095,41.37761,2.217153,-2,329,63,1.01,64.95,1.09,1019.2,50,26.2,15.2,1.2,19.1
"2026-08-29 11:15:00",7096,41.37762,2.217175,3,330,73,0.31,74.95,0.73,1019.3,50,26.3,15.1,1.2,19.1
"2026-08-29 11:30:00",7097,41.37759,2.217196,-1,19,107,0.98,109,0.98,1019.3,53,26.5,16.3,1.2,19.8
"2026-08-29 11:45:00",7098,41.37757,2.217231,-2,35,136,0.9,138,1.12,1019.3,55,26.7,17,1.2,20.3
"2026-08-29 12:00:00",7099,41.37753,2.217171,6,346,90,1.96,92,1.94,1019.2,56,26.4,17,1.2,20.2
"2026-08-29 12:15:00",7100,41.37751,2.21717,7,349,104,1.66,106,1.39,1019.1,53,26.3,16.1,1.2,19.7
"2026-08-29 12:30:00",7101,41.37753,2.21725,2,23,144,1.33,146,1.64,1019,54,26.1,16.2,1.2,19.6
"2026-08-29 12:45:00",7102,41.37759,2.217178,1,59,158,2.85,160,3.19,1018.8,59,25.9,17.4,1.2,20.3
"2026-08-29 13:00:00",7103,41.37762,2.217081,3,61,159,3.49,161,3.61,1018.7,57,25.9,16.7,1.2,19.8
"2026-08-29 13:15:00",7104,41.37762,2.217041,4,66,147,4.22,149,4.25,1018.6,56,25.9,16.5,1.2,19.7
"2026-08-29 13:30:00",7105,41.37762,2.217038,5,87,186,3.37,188,3.43,1018.6,59,25.9,17.3,1.2,20.2
"2026-08-29 13:45:00",7106,41.37762,2.217049,5,74,166,3.12,168,3.35,1018.5,56,25.9,16.4,1.2,19.7
"2026-08-29 14:00:00",7107,41.37762,2.217051,5,87,185,3.59,187,3.66,1018.3,56,25.9,16.6,1.2,19.8
"2026-08-29 14:15:00",7108,41.37761,2.217088,5,67,152,3.98,154,4.05,1018.2,59,25.9,17.5,1.2,20.3
"2026-08-29 14:30:00",7109,41.37741,2.217288,64,87,173,3.91,175,3.88,1018,59,25.9,17.5,1.2,20.3
"2026-08-29 14:45:00",7110,41.37764,2.217033,1,82,173,5.24,175,4.93,1017.8,67,26.2,19.6,1.2,21.6
"2026-08-29 15:00:00",7111,41.37765,2.217026,0,94,181,6.28,183,6.12,1017.6,62,25.9,18.1,1.2,20.7
"2026-08-29 15:15:00",7112,41.37762,2.217138,7,88,178,5.73,180,5.48,1017.5,67,26,19.5,1.2,21.5
"2026-08-29 15:30:00",7113,41.37764,2.217063,-2,94,189,6.56,191,6.56,1017.4,66,25.9,19.1,1.2,21.2
"2026-08-29 15:45:00",7114,41.37764,2.21707,-1,94,186,6.06,188,6.06,1017.2,67,26,19.6,1.2,21.6
"2026-08-29 16:00:00",7115,41.37764,2.217059,-2,81,185,6.57,187,6.57,1017.1,68,26.1,19.7,1.2,21.6
"2026-08-29 16:15:00",7116,41.37764,2.217045,-2,103,189,6.91,191,6.91,1017,68,26.2,19.9,1.2,21.8
"2026-08-29 16:30:00",7117,41.37764,2.217043,-2,99,185,6.3,187,6.42,1016.9,67,26.3,19.8,1.2,21.8
"2026-08-29 16:45:00",7118,41.37762,2.217076,-1,107,198,7.56,200,7.77,1016.8,66,26.3,19.6,1.2,21.7
"2026-08-29 17:00:00",7119,41.37762,2.217096,-1,102,189,5.51,191,5.49,1016.7,68,26.3,20.2,1.2,22
"2026-08-29 17:15:00",7120,41.37762,2.217098,-3,107,203,6.68,205,6.31,1016.5,70,26.3,20.6,1.2,22.3
"2026-08-29 17:30:00",7121,41.37762,2.217113,-1,134,205,6.18,207,5.81,1016.4,71,26.4,20.9,1.2,22.5
"2026-08-29 17:45:00",7122,41.37762,2.217085,-3,105,198,5.49,200,5.57,1016.3,70,26.2,20.4,1.2,22.2
"2026-08-29 18:00:00",7123,41.37762,2.217083,0,106,193,7.39,195,7.22,1016.2,68,26.2,20,1.2,21.9
"2026-08-29 18:15:00",7124,41.37762,2.21708,-2,100,192,6.59,194,6.54,1016.1,72,26.3,20.8,1.2,22.4
"2026-08-29 18:30:00",7125,41.3776,2.217037,0,103,201,5.4,203,5.4,1016,73,26.2,21.2,1.2,22.6
"2026-08-29 18:45:00",7126,41.37762,2.217005,-2,107,194,6.4,196,6.29,1015.9,72,26.3,20.9,1.2,22.5
"2026-08-29 19:00:00",7127,41.37764,2.216915,0,100,193,6.09,195,5.98,1015.9,72,26.2,20.8,1.2,22.4
"2026-08-29 19:15:00",7128,41.37746,2.216851,0,106,195,6.02,197,6.81,1015.8,73,26.2,20.9,1.2,22.5
"2026-08-29 19:30:00",7129,100,1000,7999,96,194,1000,"NAN",6.7,1015.8,73,26.1,21,1.2,22.5
"2026-08-29 19:45:00",7130,41.37755,2.216663,0,103,196,5.69,198,5.86,1015.8,74,26.1,21.1,1.2,22.5
"2026-08-29 20:00:00",7131,41.37764,2.216687,16,103,204,5.75,206,5.88,1015.7,75,26.1,21.4,1.2,22.7
"2026-08-29 20:15:00",7132,41.37758,2.21662,5,110,209,5.7,211,5.67,1015.9,75,26.2,21.5,1.2,22.9
"2026-08-29 20:30:00",7133,41.37752,2.21684,-6,110,212,3.66,214,4.14,1015.9,75,26.1,21.6,1.2,22.8
"2026-08-29 20:45:00",7134,41.37759,2.217091,-13,96,220,7.3,222,7.54,1015.8,74,26.1,21.2,1.2,22.6
"2026-08-29 21:00:00",7135,41.37761,2.217091,-2,101,225,5.36,227,5.31,1015.9,76,26.1,21.7,1.2,23
"2026-08-29 21:15:00",7136,41.37761,2.217145,-2,113,215,5.27,217,5.39,1016,74,26.1,21.3,1.2,22.7
"2026-08-29 21:30:00",7137,41.37752,2.217148,7,87,223,4.78,225,4.78,1016.3,73,26.3,21.2,1.2,22.7
"2026-08-29 21:45:00",7138,100,1000,7999,89,219,1000,"NAN",4.53,1016.6,71,26.4,20.9,1.2,22.5
"2026-08-29 22:00:00",7139,100,1000,7999,84,207,1000,"NAN",3.37,1016.8,71,26.4,20.8,1.2,22.4
"2026-08-29 22:15:00",7140,100,1000,7999,95,217,1000,"NAN",3.47,1016.9,70,26.3,20.5,1.2,22.2
"2026-08-29 22:30:00",7141,41.37759,2.216816,-2,94,222,3.19,224,3.19,1017,71,26.3,20.7,1.2,22.3
"2026-08-29 22:45:00",7142,41.37743,2.216896,8,114,226,2.3,228,2.67,1017,73,26.1,21,1.2,22.5
"2026-08-29 23:00:00",7143,41.37748,2.216896,6,117,225,2.8,227,2.86,1017.1,70,26.2,20.5,1.2,22.2
"2026-08-29 23:15:00",7144,41.37756,2.216845,2,101,210,2.82,212,2.88,1017.1,75,26.1,21.4,1.2,22.7
"2026-08-29 23:30:00",7145,41.37757,2.216923,1,106,218,2.65,220,2.6,1017.1,75,26,21.4,1.2,22.7
"2026-08-29 23:45:00",7146,41.37758,2.216981,0,103,219,2.32,221,2.32,1017.1,78,25.9,21.8,1.2,22.9
"2026-08-30 00:00:00",7147,41.37758,2.216973,1,111,219,1.74,221,1.85,1017.2,77,25.9,21.6,1.2,22.8
"2026-08-30 00:15:00",7148,41.37757,2.217001,2,101,196,3,198,2.79,1017.2,78,25.8,21.8,1.2,22.9
"2026-08-30 00:30:00",7149,41.37756,2.217095,2,109,210,3.41,212,3.37,1017.3,76,25.8,21.5,1.2,22.7
"2026-08-30 00:45:00",7150,41.37753,2.217194,6,108,240,1.89,242,1.94,1017.4,80,25.7,22,1.2,23
"2026-08-30 01:00:00",7151,41.37749,2.217194,3,100,329,3.14,331,3.14,1017.4,75,25.2,20.4,1.2,21.8
"2026-08-30 01:15:00",7152,41.37744,2.217229,1,101,356,2.69,358,2.38,1017.4,76,25.4,21,1.2,22.2
"2026-08-30 01:30:00",7153,41.37743,2.217266,1,112,345,2.58,347,2.48,1017.4,75,25.3,20.6,1.2,22
"2026-08-30 01:45:00",7154,41.37738,2.21733,2,107,315,3.01,317,3.01,1017.2,75,25.2,20.4,1.2,21.8
"2026-08-30 02:00:00",7155,41.37741,2.217321,2,116,319,1.78,321,1.67,1017.2,74,25.4,20.5,1.2,21.9
"2026-08-30 02:15:00",7156,41.37746,2.217281,3,112,339,3.14,341,3.04,1017.2,72,25.2,19.9,1.2,21.5
"2026-08-30 02:30:00",7157,41.37748,2.217247,3,101,325,3.03,327,2.93,1017.1,75,25.3,20.6,1.2,21.9
"2026-08-30 02:45:00",7158,41.37746,2.217183,4,94,341,2.66,343,2.64,1016.9,75,24.8,20.1,1.2,21.5
"2026-08-30 03:00:00",7159,41.37752,2.217131,4,92,345,3.45,347,3.35,1016.9,74,24.8,19.9,1.2,21.3
"2026-08-30 03:15:00",7160,41.37756,2.217021,5,89,350,2.35,352,2.35,1016.9,74,24.9,20.1,1.2,21.5
"2026-08-30 03:30:00",7161,41.37756,2.217025,0,90,299,2.62,301,2.62,1016.9,75,24.9,20.3,1.2,21.7
"2026-08-30 03:45:00",7162,41.37753,2.217095,1,106,316,3.7,318,3.57,1016.9,73,25,19.8,1.2,21.3
"2026-08-30 04:00:00",7163,41.37753,2.21712,0,90,343,2.48,345,2.24,1016.8,75,25,20.3,1.2,21.7
"2026-08-30 04:15:00",7164,41.37756,2.217048,2,93,342,2.92,344,2.68,1016.8,76,24.6,20.2,1.2,21.5
"2026-08-30 04:30:00",7165,41.37755,2.217041,-1,93,342,2.06,344,1.99,1016.7,76,24.3,19.8,1.2,21.1
"2026-08-30 04:45:00",7166,41.37755,2.217013,1,94,354,2.32,356,2.23,1016.6,75,24.1,19.5,1.2,20.9
"2026-08-30 05:00:00",7167,41.37752,2.217038,0,91,344,2.64,346,2.57,1016.7,76,24,19.5,1.2,20.8
"2026-08-30 05:15:00",7168,41.37748,2.217141,0,96,343,2.98,345,2.88,1016.6,76,23.7,19.3,1.2,20.6
"2026-08-30 05:30:00",7169,41.37746,2.217209,-1,90,322,3.15,324,3.15,1016.6,77,23.8,19.6,1.2,20.8
"2026-08-30 05:45:00",7170,41.37744,2.217208,1,89,315,2.51,317,2.36,1016.6,76,23.8,19.5,1.2,20.8
"2026-08-30 06:00:00",7171,41.37749,2.217116,1,81,313,1.52,315,1.44,1016.7,76,24.1,19.7,1.2,21
"2026-08-30 06:15:00",7172,41.37756,2.216854,1,105,352,2.64,354,2.64,1016.6,77,23.6,19.4,1.2,20.6
"2026-08-30 06:30:00",7173,41.37756,2.216676,1,100,359,2.24,0.95,2.32,1016.6,78,23.6,19.6,1.2,20.8
"2026-08-30 06:45:00",7174,41.37753,2.216633,-2,88,349,3.91,351,3.98,1016.5,79,23.1,19.4,1.2,20.5
"2026-08-30 07:00:00",7175,41.37756,2.216668,0,84,353,2.66,355,2.76,1016.6,79,23,19.2,1.2,20.3
"2026-08-30 07:15:00",7176,41.37757,2.216711,1,67,338,2.87,340,2.9,1016.5,78,22.7,18.8,1.2,20
"2026-08-30 07:30:00",7177,41.37759,2.216758,1,71,337,2.33,339,2.42,1016.7,78,22.9,18.9,1.2,20.1
"2026-08-30 07:45:00",7178,41.37761,2.216905,2,76,341,2.42,343,2.48,1016.8,78,23.1,19.1,1.2,20.3
"2026-08-30 08:00:00",7179,41.3776,2.216946,1,82,342,2.81,344,2.91,1016.9,76,23.1,18.8,1.2,20.1
"2026-08-30 08:15:00",7180,41.37759,2.217066,1,53,343,2.58,345,2.62,1016.9,75,23.4,18.9,1.2,20.2
"2026-08-30 08:30:00",7181,41.3775,2.217213,6,98,324,2.94,326,2.97,1017,74,23.6,18.7,1.2,20.2
"2026-08-30 08:45:00",7182,41.37744,2.217325,1,113,341,4.11,343,4.11,1017,72,23.8,18.5,1.2,20.2
"2026-08-30 09:00:00",7183,41.37746,2.217326,1,172,335,3.26,337,3.26,1017.1,70,23.8,18.2,1.2,20
"2026-08-30 09:15:00",7184,41.37741,2.21732,4,152,334,2.63,336,2.69,1017.1,71,24,18.6,1.2,20.2
"2026-08-30 09:30:00",7185,41.37743,2.21737,0,168,330,1.46,332,1.61,1017.2,68,24.5,18.4,1.2,20.3
"2026-08-30 09:45:00",7186,41.37738,2.217276,7,196,353,2.06,355,2.21,1017.2,68,25.2,19,1.2,20.9
"2026-08-30 10:00:00",7187,41.37743,2.217224,9,232,15,0.92,16.95,0.92,1017.3,66,25.5,18.7,1.2,20.8
"2026-08-30 10:15:00",7188,41.3775,2.217218,6,210,335,0.3,337,0.34,1017.5,64,26.4,19,1.2,21.3
"2026-08-30 10:30:00",7189,41.37751,2.217251,3,335,99,0.81,101,0.81,1017.5,58,27.4,18.7,1.2,21.5
"2026-08-30 10:45:00",7190,41.37753,2.217238,1,71,192,1.86,194,1.86,1017.4,65,26.1,19,1.2,21.2
"2026-08-30 11:00:00",7191,41.37756,2.217215,1,72,178,2.37,180,2.3,1017.5,73,25.5,20.4,1.2,21.9
"2026-08-30 11:15:00",7192,41.37756,2.217201,1,59,171,1.92,173,1.92,1017.5,73,25.7,20.5,1.2,22
"2026-08-30 11:30:00",7193,41.37754,2.217173,-1,51,158,2.14,160,2.13,1017.5,70,25.9,20.1,1.2,21.8
"2026-08-30 11:45:00",7194,41.37756,2.217151,-2,72,172,2.57,174,2.59,1017.4,75,25.9,21.1,1.2,22.5
"2026-08-30 12:00:00",7195,41.37759,2.217032,0,91,190,4.76,192,4.6,1017.3,80,26,22.3,1.2,23.3
"2026-08-30 12:15:00",7196,41.37764,2.217021,0,95,197,4.99,199,4.92,1017.3,83,25.9,22.8,1.2,23.6
"2026-08-30 12:30:00",7197,100,1000,7999,102,197,1000,"NAN",6.47,1017.2,85,25.7,23,1.2,23.7
"2026-08-30 12:45:00",7198,41.37764,2.217049,8,102,203,5.4,205,5.69,1017.1,86,25.9,23.3,1.2,24
"2026-08-30 13:00:00",7199,41.37762,2.217046,10,89,197,5.19,199,5.3,1017.1,86,25.8,23.2,1.2,23.9
"2026-08-30 13:15:00",7200,41.37762,2.217034,11,93,193,6.2,195,6.29,1017.1,86,25.9,23.4,1.2,24
"2026-08-30 13:30:00",7201,41.37761,2.217023,12,99,195,4.93,197,4.93,1017,85,25.9,23.1,1.2,23.9
"2026-08-30 13:45:00",7202,41.37761,2.216971,12,102,187,5.41,189,5.51,1016.8,85,25.9,23.3,1.2,24
"2026-08-30 14:00:00",7203,41.37759,2.216965,11,97,201,4.89,203,4.89,1016.7,84,26.1,23.3,1.2,24
"2026-08-30 14:15:00",7204,41.37757,2.216976,9,102,199,5.58,201,5.38,1016.7,84,26.1,23.4,1.2,24.1
"2026-08-30 14:30:00",7205,41.37752,2.217032,23,95,202,5.68,204,5.68,1016.6,81,26.3,22.9,1.2,23.8
"2026-08-30 14:45:00",7206,41.37762,2.216998,-2,92,204,6.09,206,6.09,1016.4,81,26.4,23,1.2,23.9
"2026-08-30 15:00:00",7207,41.37762,2.217043,-1,97,198,6.81,200,6.61,1016.3,81,26.3,22.9,1.2,23.8
"2026-08-30 15:15:00",7208,41.37762,2.217118,4,97,199,5.9,201,5.91,1016.1,81,26.4,23.1,1.2,24
"2026-08-30 15:30:00",7209,41.37762,2.217043,-4,116,204,5.72,206,5.48,1016.1,80,26.5,22.8,1.2,23.8
"2026-08-30 15:45:00",7210,41.37762,2.217037,-3,106,200,5.73,202,5.69,1015.9,80,26.4,22.7,1.2,23.7
"2026-08-30 16:00:00",7211,41.37762,2.21698,-1,101,199,6.9,201,6.79,1015.8,79,26.4,22.5,1.2,23.6
"2026-08-30 16:15:00",7212,41.3776,2.21696,-2,95,208,5.5,210,5.36,1015.7,80,26.5,22.9,1.2,23.8
"2026-08-30 16:30:00",7213,41.37761,2.216992,-1,103,202,7.69,204,7.64,1015.6,79,26.5,22.6,1.2,23.6
"2026-08-30 16:45:00",7214,41.37761,2.217013,-1,102,204,6.62,206,6.52,1015.4,80,26.5,22.9,1.2,23.9
"2026-08-30 17:00:00",7215,41.37761,2.217033,-3,106,201,7.55,203,7.53,1015.3,77,26.5,22.3,1.2,23.5
"2026-08-30 17:15:00",7216,41.37762,2.217066,-2,104,203,7.03,205,7.03,1015.2,78,26.6,22.5,1.2,23.6
"2026-08-30 17:30:00",7217,41.37762,2.217054,-1,101,203,7,205,6.86,1015.1,78,26.6,22.6,1.2,23.7
"2026-08-30 17:45:00",7218,41.37764,2.217048,0,101,199,6.02,201,6.15,1015,79,26.6,22.7,1.2,23.8
"2026-08-30 18:00:00",7219,41.37764,2.216998,1,107,204,6.8,206,6.8,1014.9,78,26.7,22.6,1.2,23.7
"2026-08-30 18:15:00",7220,41.37762,2.21703,2,103,195,6.43,197,6.36,1014.9,82,26.6,23.3,1.2,24.2
"2026-08-30 18:30:00",7221,41.37762,2.217033,1,94,198,6.24,200,6.15,1014.9,79,26.6,22.8,1.2,23.8
"2026-08-30 18:45:00",7222,41.37762,2.217088,0,108,205,7.12,207,7.12,1014.8,80,26.6,23,1.2,23.9
"2026-08-30 19:00:00",7223,41.37759,2.217126,-1,101,203,7.13,205,6.92,1014.7,78,26.8,22.8,1.2,23.9
"2026-08-30 19:15:00",7224,41.3776,2.217148,1,107,213,6.37,215,6.31,1014.7,78,26.7,22.6,1.2,23.7
"2026-08-30 19:30:00",7225,41.37757,2.217182,0,101,206,6.14,208,6.34,1014.8,78,26.6,22.7,1.2,23.7
"2026-08-30 19:45:00",7226,41.37756,2.217235,1,94,205,6.89,207,6.77,1014.7,78,26.5,22.5,1.2,23.6
"2026-08-30 20:00:00",7227,41.37754,2.217266,1,105,214,6.86,216,6.92,1014.8,80,26.5,22.8,1.2,23.8
"2026-08-30 20:15:00",7228,41.37756,2.2173,-1,108,217,5.51,219,5.49,1014.8,80,26.5,22.8,1.2,23.8
"2026-08-30 20:30:00",7229,41.37751,2.217305,3,96,222,4.77,224,4.88,1014.9,79,26.5,22.6,1.2,23.6
"2026-08-30 20:45:00",7230,41.37752,2.21736,-5,96,212,5.2,214,5.34,1014.9,78,26.5,22.5,1.2,23.6
"2026-08-30 21:00:00",7231,41.37751,2.217348,-8,90,210,5.58,212,5.65,1015.1,76,26.4,21.8,1.2,23.1
"2026-08-30 21:15:00",7232,41.37754,2.217316,2,104,221,5.18,223,5.07,1015.3,78,26.2,22.2,1.2,23.3
"2026-08-30 21:30:00",7233,41.37758,2.217318,4,105,215,3.9,217,3.9,1015.6,80,26.2,22.6,1.2,23.6
"2026-08-30 21:45:00",7234,41.37776,2.21737,7,100,207,4.97,209,4.38,1015.7,80,26,22.4,1.2,23.4
"2026-08-30 22:00:00",7235,41.3776,2.217258,-4,104,213,4.08,215,4.53,1015.7,81,26,22.5,1.2,23.4
"2026-08-30 22:15:00",7236,41.37755,2.217281,-2,99,220,5.54,222,5.7,1015.7,77,26.2,21.9,1.2,23.1
"2026-08-30 22:30:00",7237,41.37754,2.217263,-1,106,224,4.5,226,4.58,1015.8,77,26.2,21.9,1.2,23.1
"2026-08-30 22:45:00",7238,41.37752,2.217296,0,102,222,5.32,224,5.47,1015.9,74,26.1,21.2,1.2,22.6
"2026-08-30 23:00:00",7239,41.37751,2.217296,0,98,234,3.89,236,3.92,1016,76,26.1,21.5,1.2,22.8
"2026-08-30 23:15:00",7240,41.37751,2.21727,2,97,225,4.72,227,4.72,1016,76,26.1,21.6,1.2,22.9
"2026-08-30 23:30:00",7241,41.3775,2.217296,-1,96,228,2.84,230,2.86,1016,78,25.9,21.8,1.2,22.9
"2026-08-30 23:45:00",7242,41.37751,2.21729,-2,104,234,3.66,236,3.66,1016.1,77,25.9,21.7,1.2,22.9
"2026-08-31 00:00:00",7243,41.37741,2.217325,3,97,224,3.48,226,3.42,1016.2,79,25.9,21.9,1.2,23
"2026-08-31 00:15:00",7244,41.37749,2.21728,1,107,231,3.79,233,3.74,1016.3,78,25.9,21.8,1.2,22.9
"2026-08-31 00:30:00",7245,41.37748,2.217283,2,115,240,2.18,242,2.18,1016.2,78,25.8,21.8,1.2,22.9
"2026-08-31 00:45:00",7246,41.37746,2.217291,4,100,225,3.25,227,3.18,1016.3,75,25.8,21.1,1.2,22.5
"2026-08-31 01:00:00",7247,41.37748,2.217296,7,103,228,3.32,230,3.25,1016.3,78,25.6,21.6,1.2,22.7
"2026-08-31 01:15:00",7248,41.37749,2.21728,8,122,249,2.11,251,2.12,1016.4,71,25.6,20.1,1.2,21.7
"2026-08-31 01:30:00",7249,41.37752,2.217218,3,116,222,1.14,224,1.04,1016.4,74,25.8,20.8,1.2,22.3
"2026-08-31 01:45:00",7250,41.37756,2.217183,2,104,206,2.16,208,2,1016.4,74,25.4,20.6,1.2,22
"2026-08-31 02:00:00",7251,41.37756,2.217193,0,84,191,2.31,193,2.32,1016.4,75,25.4,20.8,1.2,22.1
"2026-08-31 02:15:00",7252,41.37756,2.21718,0,100,208,2.3,210,2.3,1016.4,73,25.2,20.2,1.2,21.7
"2026-08-31 02:30:00",7253,41.37757,2.217171,0,98,206,2.55,208,2.55,1016.5,75,25.4,20.8,1.2,22.1
"2026-08-31 02:45:00",7254,41.37755,2.217229,1,102,213,3.35,215,3.23,1016.4,75,25.1,20.4,1.2,21.8
"2026-08-31 03:00:00",7255,41.37751,2.21726,4,113,237,3.49,239,3.5,1016.4,75,24.8,20.2,1.2,21.6
"2026-08-31 03:15:00",7256,41.37751,2.217243,4,122,235,3.3,237,3.22,1016.5,73,24.8,19.8,1.2,21.3
"2026-08-31 03:30:00",7257,41.37751,2.217275,2,118,243,2.07,245,2.07,1016.6,78,25,20.9,1.2,22.1
"2026-08-31 03:45:00",7258,41.37751,2.217312,1,128,252,2.22,254,2.12,1016.6,77,24.9,20.7,1.2,21.9
"2026-08-31 04:00:00",7259,41.3775,2.217293,0,319,83,0.34,85,0.42,1016.6,78,25,20.9,1.2,22.1
"2026-08-31 04:15:00",7260,41.37749,2.217293,0,246,11,1.52,12.95,1.6,1016.7,76,24.7,20.4,1.2,21.6
"2026-08-31 04:30:00",7261,41.37748,2.217276,0,243,7,1.61,8.95,1.63,1016.7,76,24.5,20,1.2,21.3
"2026-08-31 04:45:00",7262,41.37749,2.217193,1,101,346,2.08,348,2.09,1016.7,76,24.1,19.6,1.2,21
"2026-08-31 05:00:00",7263,41.37746,2.217229,0,107,338,3.2,340,3.21,1016.8,75,23.9,19.2,1.2,20.6
"2026-08-31 05:15:00",7264,41.37746,2.217266,0,122,355,2.92,357,2.92,1016.8,72,23.7,18.5,1.2,20.1
"2026-08-31 05:30:00",7265,41.37743,2.217276,2,96,350,3.29,352,3.34,1016.8,71,23.4,18,1.2,19.7
"2026-08-31 05:45:00",7266,41.37736,2.217466,-1,121,358,2.91,360,2.88,1016.8,73,23.5,18.4,1.2,19.9
"2026-08-31 06:00:00",7267,41.37762,2.216781,10,103,323,1.67,325,1.61,1016.8,70,23.5,17.8,1.2,19.6
"2026-08-31 06:15:00",7268,41.37759,2.216812,9,98,340,2.3,342,2.3,1016.8,70,23.5,17.8,1.2,19.6
"2026-08-31 06:30:00",7269,41.37753,2.21707,6,103,330,2.15,332,1.98,1016.8,69,23.4,17.4,1.2,19.3
"2026-08-31 06:45:00",7270,41.37751,2.217131,4,106,335,2.83,337,2.82,1016.9,68,23.4,17.2,1.2,19.2
"2026-08-31 07:00:00",7271,41.37751,2.217145,3,94,7,2.91,8.95,2.91,1016.9,68,23.5,17.2,1.2,19.2
"2026-08-31 07:15:00",7272,41.37752,2.217028,2,100,357,3.46,359,3.46,1016.9,66,23.2,16.6,1.2,18.8
"2026-08-31 07:30:00",7273,41.37746,2.21694,2,94,357,2.91,359,2.91,1017.2,69,23.3,17.4,1.2,19.3
"2026-08-31 07:45:00",7274,41.37749,2.216999,1,100,330,3.31,332,3.37,1017.3,63,23.3,16.1,1.2,18.6
"2026-08-31 08:00:00",7275,41.37753,2.217071,0,102,349,2.7,351,2.57,1017.5,66,23.5,16.9,1.2,19.1
"2026-08-31 08:15:00",7276,41.37749,2.21719,-3,86,351,2.4,353,2.37,1017.8,67,23.7,17.2,1.2,19.3
"2026-08-31 08:30:00",7277,41.3774,2.217348,0,110,350,1.7,352,1.81,1017.9,69,23.7,17.7,1.2,19.6
"2026-08-31 08:45:00",7278,41.3773,2.21737,0,106,343,2.29,345,2.29,1018,69,23.8,17.9,1.2,19.8
"2026-08-31 09:00:00",7279,41.3773,2.217348,1,95,343,3.54,345,3.63,1018.1,67,24,17.6,1.2,19.6
"2026-08-31 09:15:00",7280,41.37721,2.217303,1,91,356,2.48,358,2.61,1018.2,68,24.3,18.1,1.2,20
"2026-08-31 09:30:00",7281,100,1000,7999,90,32,1000,"NAN",2.18,1018.3,70,24.6,18.8,1.2,20.6
"2026-08-31 09:45:00",7282,41.37695,2.216919,2,103,44,2.87,45.95,2.81,1018.4,70,24.7,18.9,1.2,20.7
"2026-08-31 10:00:00",7283,41.37694,2.216736,2,107,37,3.64,38.95,4.01,1018.5,71,24.8,19.3,1.2,20.9
"2026-08-31 10:15:00",7284,41.37696,2.216721,2,100,43,3.29,44.95,3.03,1018.6,72,25,19.7,1.2,21.3
"2026-08-31 10:30:00",7285,41.377,2.216673,2,95,60,2.18,61.95,2,1018.8,73,25.1,20.1,1.2,21.5
"2026-08-31 10:45:00",7286,41.37703,2.21668,2,96,61,2.06,62.95,2.11,1018.9,74,25.4,20.4,1.2,21.9
"2026-08-31 11:00:00",7287,41.37714,2.216526,2,92,88,2.49,90,2.47,1019,76,25.4,20.9,1.2,22.1
"2026-08-31 11:15:00",7288,41.37719,2.216573,10,96,102,2.48,104,2.31,1019.1,79,25.6,21.7,1.2,22.8
"2026-08-31 11:30:00",7289,41.37715,2.216586,6,107,116,3.34,118,3.38,1019,79,25.6,21.9,1.2,22.9
"2026-08-31 11:45:00",7290,41.37716,2.216541,3,107,115,3.5,117,3.81,1019,80,25.7,22.1,1.2,23.1
"2026-08-31 12:00:00",7291,41.37716,2.216556,-1,105,109,3.49,111,3.54,1019,80,25.7,22.2,1.2,23.1
"2026-08-31 12:15:00",7292,41.37717,2.216537,-3,112,127,3.14,129,3.29,1019,81,25.8,22.4,1.2,23.3
"2026-08-31 12:30:00",7293,41.3772,2.216523,-1,107,129,3.4,131,3.47,1019.1,82,25.9,22.6,1.2,23.5
"2026-08-31 12:45:00",7294,41.37725,2.216475,1,113,130,3.51,132,3.54,1019.1,83,25.9,22.9,1.2,23.7
"2026-08-31 13:00:00",7295,41.37734,2.216526,0,110,144,4.59,146,4.63,1019.1,83,25.9,22.9,1.2,23.7
"2026-08-31 13:15:00",7296,100,1000,7999,94,137,1000,"NAN",3.25,1019,84,26,23.2,1.2,23.9
"2026-08-31 13:30:00",7297,41.37752,2.216606,0,82,140,2.92,142,3.13,1019.1,84,26,23.1,1.2,23.9
"2026-08-31 13:45:00",7298,41.37756,2.216643,0,89,139,3.23,141,3.12,1019,84,26.2,23.4,1.2,24.1
"2026-08-31 14:00:00",7299,41.37759,2.216713,0,71,137,2.19,139,2.63,1018.9,85,26.2,23.5,1.2,24.2
"2026-08-31 14:15:00",7300,41.37762,2.216757,0,65,139,2.56,141,2.43,1018.8,85,26.4,23.8,1.2,24.5
"2026-08-31 14:30:00",7301,41.37762,2.216801,0,57,120,2.56,122,2.19,1018.8,85,26.4,23.8,1.2,24.5
"2026-08-31 14:45:00",7302,41.37764,2.216823,0,85,157,4.32,159,4.29,1018.7,79,26.5,22.7,1.2,23.7
"2026-08-31 15:00:00",7303,41.37767,2.216916,2,91,167,3.55,169,3.47,1018.6,80,26.6,22.9,1.2,23.9
"2026-08-31 15:15:00",7304,41.37764,2.216956,0,97,172,4.2,174,4.06,1018.6,81,26.6,23.1,1.2,24.1
"2026-08-31 15:30:00",7305,41.37764,2.217025,0,92,176,4.24,178,4.1,1018.6,82,26.6,23.4,1.2,24.2
"2026-08-31 15:45:00",7306,41.37764,2.217056,0,86,173,4.84,175,4.65,1018.5,80,26.7,23,1.2,24
"2026-08-31 16:00:00",7307,41.37762,2.217034,0,102,174,5.37,176,5.13,1018.6,81,26.6,23.2,1.2,24.1
"2026-08-31 16:15:00",7308,41.37764,2.217005,0,102,182,4.66,184,4.65,1018.5,82,26.5,23.3,1.2,24.1
"2026-08-31 16:30:00",7309,41.37764,2.21696,1,117,186,4.34,188,4.19,1018.4,82,26.5,23.3,1.2,24.2
"2026-08-31 16:45:00",7310,41.37764,2.216981,0,88,177,5.25,179,5.11,1018.4,80,26.6,23,1.2,24
"2026-08-31 17:00:00",7311,41.37762,2.217021,-3,94,192,4.44,194,4.55,1018.5,80,26.5,22.9,1.2,23.9
"2026-08-31 17:15:00",7312,41.37762,2.217034,0,107,192,5.18,194,5.55,1018.4,80,26.4,22.7,1.2,23.7
"2026-08-31 17:30:00",7313,41.37762,2.217034,0,108,191,3.64,193,3.69,1018.4,80,26.5,22.9,1.2,23.8
"2026-08-31 17:45:00",7314,41.37764,2.217023,1,99,180,4.38,182,4.42,1018.4,81,26.3,23,1.2,23.9
"2026-08-31 18:00:00",7315,41.37762,2.217054,0,97,187,3.7,189,3.93,1018.3,83,26.3,23.3,1.2,24.1
"2026-08-31 18:15:00",7316,41.37762,2.217066,0,90,182,5.35,184,5.1,1018.2,80,26.3,22.7,1.2,23.7
"2026-08-31 18:30:00",7317,41.3776,2.217108,0,99,200,2.69,202,3.01,1018.2,81,26.3,22.9,1.2,23.8
"2026-08-31 18:45:00",7318,41.37761,2.217145,2,105,188,3.7,190,3.43,1018.2,80,26.2,22.6,1.2,23.6
"2026-08-31 19:00:00",7319,41.37759,2.217153,3,92,184,2.3,186,2.45,1018.1,81,26.2,22.8,1.2,23.7
"2026-08-31 19:15:00",7320,41.37755,2.217196,0,83,182,2.25,184,2.39,1018.1,81,26.2,22.8,1.2,23.7
"2026-08-31 19:30:00",7321,41.37752,2.217251,1,64,179,2.15,181,2.4,1018,82,26.2,22.9,1.2,23.8
"2026-08-31 19:45:00",7322,41.37752,2.217231,0,85,189,2.4,191,2.26,1018,83,26.1,23,1.2,23.8
"2026-08-31 20:00:00",7323,41.37752,2.217245,1,87,171,2.37,173,2.33,1018,83,25.9,22.8,1.2,23.6
"2026-08-31 20:15:00",7324,41.3776,2.217133,0,64,167,1.66,169,1.68,1018.1,84,25.9,23,1.2,23.8
"2026-08-31 20:30:00",7325,41.3776,2.217096,8,68,171,2.26,173,2.2,1018.2,83,25.9,22.9,1.2,23.7
"2026-08-31 20:45:00",7326,41.37759,2.217068,19,22,122,1.44,124,1.65,1018.3,85,25.9,23.2,1.2,23.9
"2026-08-31 21:00:00",7327,41.3776,2.2171,6,4,120,2.03,122,2,1018.6,85,25.8,23.2,1.2,23.9
"2026-08-31 21:15:00",7328,41.3776,2.217143,10,27,117,2.33,119,2.16,1018.7,85,25.8,23.2,1.2,23.9
"2026-08-31 21:30:00",7329,41.37759,2.217203,47,63,133,2.84,135,2.77,1018.9,85,25.9,23.2,1.2,23.9
"2026-08-31 21:45:00",7330,41.37762,2.21708,8,47,137,2.5,139,2.34,1019.2,85,25.8,23.2,1.2,23.9
"2026-08-31 22:00:00",7331,100,1000,7999,61,113,1000,"NAN",2.51,1019.2,85,25.6,23,1.2,23.7
"2026-08-31 22:15:00",7332,41.37762,2.217098,1,56,109,1.77,111,1.79,1019.4,85,25.7,23,1.2,23.8
"2026-08-31 22:30:00",7333,41.37756,2.217231,1,56,117,1.91,119,1.82,1019.6,85,25.7,23,1.2,23.7
"2026-08-31 22:45:00",7334,41.37752,2.21729,0,66,112,2.24,114,2.2,1019.8,84,25.6,22.9,1.2,23.6
"2026-08-31 23:00:00",7335,41.37748,2.217323,1,47,104,1.01,106,0.94,1019.8,84,25.6,22.8,1.2,23.5
"2026-08-31 23:15:00",7336,41.37741,2.217372,1,54,109,1.42,111,1.71,1019.9,85,25.6,23,1.2,23.7
"2026-08-31 23:30:00",7337,41.37734,2.217396,2,29,90,0.4,92,0.59,1020,86,25.6,23.1,1.2,23.7
"2026-08-31 23:45:00",7338,41.37717,2.217408,0,229,53,0.45,54.95,0.4,1020,85,25.4,22.9,1.2,23.6
"2026-09-01 00:00:00",7339,41.37701,2.217306,1,51,305,0.81,307,0.65,1020,86,25.3,22.8,1.2,23.5
"2026-09-01 00:15:00",7340,41.37689,2.217129,1,35,315,1.27,317,1.02,1020,87,25.3,23.1,1.2,23.7
"2026-09-01 00:30:00",7341,41.37687,2.216938,6,52,342,1.11,344,1.05,1020,88,25.1,22.9,1.2,23.5
"2026-09-01 00:45:00",7342,41.37689,2.21677,7,1,331,1.03,333,1.1,1020.1,88,25.2,23.1,1.2,23.7
"2026-09-01 01:00:00",7343,41.37697,2.216605,7,359,343,1.33,345,1.04,1020.2,88,25.1,23,1.2,23.5
"2026-09-01 01:15:00",7344,41.377,2.216578,7,352,325,1.07,327,0.88,1020.1,87,25.1,22.8,1.2,23.4
"2026-09-01 01:30:00",7345,41.377,2.216568,7,334,315,0.73,317,0.92,1020.2,86,25.2,22.8,1.2,23.4
"2026-09-01 01:45:00",7346,41.37701,2.216555,6,270,256,2.19,258,2.01,1020.3,88,25.3,23.3,1.2,23.8
"2026-09-01 02:00:00",7347,41.37703,2.216548,5,298,281,0.44,283,0.71,1020.3,85,25.2,22.6,1.2,23.3
"2026-09-01 02:15:00",7348,41.37713,2.216478,3,251,248,0.95,250,1.09,1020.3,84,25.3,22.5,1.2,23.3
"2026-09-01 02:30:00",7349,41.37717,2.216475,1,276,295,1.16,297,1.22,1020.2,84,25.3,22.5,1.2,23.2
"2026-09-01 02:45:00",7350,41.3772,2.216465,0,291,297,0.42,299,0.4,1020.2,83,25.3,22.4,1.2,23.1
"2026-09-01 03:00:00",7351,41.37719,2.216473,0,315,278,0.51,280,0.52,1020.1,85,25.3,22.6,1.2,23.3
"2026-09-01 03:15:00",7352,41.37716,2.216491,0,242,239,1.17,241,1.07,1020.1,84,25.3,22.5,1.2,23.2
"2026-09-01 03:30:00",7353,41.37714,2.216659,-8,272,254,0.53,256,0.53,1020,84,25.2,22.4,1.2,23.1
"2026-09-01 03:45:00",7354,41.37704,2.21669,-6,49,348,1.2,350,1.27,1020,83,25.1,22.1,1.2,22.9
"2026-09-01 04:00:00",7355,41.377,2.216715,-5,34,339,1.14,341,1.2,1019.9,83,25.1,22.1,1.2,22.9
"2026-09-01 04:15:00",7356,41.37695,2.216778,-5,74,359,2.05,0.95,2.09,1019.8,82,25.1,22,1.2,22.8
"2026-09-01 04:30:00",7357,41.37692,2.216808,-2,69,3,1.47,4.95,1.3,1019.6,84,25.2,22.3,1.2,23.1
"2026-09-01 04:45:00",7358,41.3769,2.21682,-2,54,337,1.85,339,1.73,1019.5,84,25,22.1,1.2,22.9
"2026-09-01 05:00:00",7359,41.37689,2.216884,0,72,350,2.3,352,2.27,1019.4,82,25,21.9,1.2,22.7
"2026-09-01 05:15:00",7360,41.37688,2.21695,0,80,342,2.28,344,2.18,1019.4,82,25,21.7,1.2,22.6
"2026-09-01 05:30:00",7361,41.37687,2.216988,1,89,344,2.56,346,2.55,1019.2,82,24.8,21.7,1.2,22.5
"2026-09-01 05:45:00",7362,41.37687,2.216976,3,76,338,2.35,340,2.34,1019.2,82,24.9,21.6,1.2,22.5
"2026-09-01 06:00:00",7363,41.37688,2.216871,0,85,351,2.23,353,2.17,1019.2,83,25,21.9,1.2,22.7
"2026-09-01 06:15:00",7364,41.37689,2.216816,1,65,339,2.47,341,2.38,1019.1,82,24.9,21.6,1.2,22.5
"2026-09-01 06:30:00",7365,41.37689,2.216775,2,74,358,2.49,360,2.65,1019.1,83,24.7,21.7,1.2,22.5
"2026-09-01 06:45:00",7366,41.37689,2.216723,0,77,16,1.69,17.95,1.96,1019,83,24.7,21.6,1.2,22.5
"2026-09-01 07:00:00",7367,41.37689,2.216715,1,54,358,2.17,360,2.17,1019,82,24.7,21.5,1.2,22.4
"2026-09-01 07:15:00",7368,41.3769,2.216713,0,75,4,2.43,5.95,2.54,1019,82,24.8,21.7,1.2,22.5
"2026-09-01 07:30:00",7369,41.37689,2.216715,1,76,357,2.44,359,2.35,1019.1,82,24.7,21.5,1.2,22.4
"2026-09-01 07:45:00",7370,41.37688,2.216733,1,82,356,3.52,358,3.52,1019.1,83,24.5,21.4,1.2,22.2
"2026-09-01 08:00:00",7371,41.37689,2.216768,-1,84,349,2.58,351,2.54,1019.2,83,24.3,21.3,1.2,22.1
"2026-09-01 08:15:00",7372,100,1000,7999,79,347,1000,"NAN",3.32,1019.2,83,24.4,21.4,1.2,22.2
"2026-09-01 08:30:00",7373,41.377,2.216581,0,85,3,2.85,4.95,2.76,1019.4,81,24.5,21.2,1.2,22.1
"2026-09-01 08:45:00",7374,41.37697,2.2166,0,85,344,2.99,346,2.33,1019.2,81,24.9,21.6,1.2,22.5
"2026-09-01 09:00:00",7375,41.37694,2.216663,0,99,6,2.58,7.95,3.25,1019,81,25.1,21.6,1.2,22.5
"2026-09-01 09:15:00",7376,41.37685,2.216715,0,95,355,3.51,357,3.38,1019.2,80,25.3,21.7,1.2,22.7
"2026-09-01 09:30:00",7377,41.37694,2.216775,0,96,350,4.09,352,4.08,1019.2,79,25.3,21.5,1.2,22.6
"2026-09-01 09:45:00",7378,41.37687,2.216726,0,94,331,3.74,333,3.74,1019.1,77,25.6,21.4,1.2,22.6
"2026-09-01 10:00:00",7379,41.37689,2.216718,0,88,7,3.95,8.95,3.34,1019.2,78,25.7,21.7,1.2,22.8
"2026-09-01 10:15:00",7380,41.37689,2.216718,0,88,9,2.84,10.95,2.96,1019.3,75,26.1,21.4,1.2,22.7
"2026-09-01 10:30:00",7381,41.37692,2.216709,7,109,48,1.36,49.95,1.21,1019.5,76,26.5,22.1,1.2,23.3
"2026-09-01 10:45:00",7382,41.37695,2.216695,2,136,96,1.92,98,1.92,1019.7,74,26.7,21.7,1.2,23.1
"2026-09-01 11:00:00",7383,41.37695,2.216676,0,160,134,1.42,136,1.55,1019.9,72,27,21.6,1.2,23.2
"2026-09-01 11:15:00",7384,41.37696,2.216665,0,146,144,2.78,146,2.82,1020,74,26.7,21.7,1.2,23.1
"2026-09-01 11:30:00",7385,41.377,2.216576,0,157,167,2.91,169,3.09,1020.2,74,26.6,21.7,1.2,23.1
"2026-09-01 11:45:00",7386,41.37701,2.21654,2,149,168,3.26,170,3.33,1020.3,78,26.3,22.3,1.2,23.4
"2026-09-01 12:00:00",7387,41.377,2.216509,9,143,176,3.64,178,3.48,1020.5,79,26.3,22.4,1.2,23.4
"2026-09-01 12:15:00",7388,41.37704,2.216528,5,144,191,4.16,193,4.16,1020.6,80,26.2,22.5,1.2,23.5
"2026-09-01 12:30:00",7389,41.37707,2.216511,5,121,190,4.78,192,4.83,1020.5,82,26.2,23,1.2,23.8
"2026-09-01 12:45:00",7390,41.37708,2.216511,6,144,193,4.31,195,4.31,1020.4,81,26.2,22.7,1.2,23.7
"2026-09-01 13:00:00",7391,41.37707,2.216525,7,117,194,5.08,196,5.12,1020.4,79,26.2,22.3,1.2,23.4
"2026-09-01 13:15:00",7392,41.37713,2.216503,8,113,195,4.23,197,4.37,1020.3,78,26.3,22.3,1.2,23.4
"2026-09-01 13:30:00",7393,41.37715,2.216516,8,105,196,4.63,198,4.79,1020.3,78,26.3,22.3,1.2,23.4
"2026-09-01 13:45:00",7394,41.3772,2.216514,9,112,197,6.6,199,6.81,1020.2,77,26.3,22,1.2,23.2
"2026-09-01 14:00:00",7395,41.3772,2.216504,-1,120,201,4.78,203,4.94,1020.2,81,26.4,23,1.2,23.9
"2026-09-01 14:15:00",7396,41.37717,2.216498,1,109,193,3.91,195,4.1,1019.9,80,26.2,22.6,1.2,23.6
"2026-09-01 14:30:00",7397,41.37715,2.216485,0,123,195,4.78,197,4.49,1019.9,80,26.1,22.5,1.2,23.4
"2026-09-01 14:45:00",7398,41.37714,2.216504,1,120,183,5.82,185,5.39,1019.8,80,26.3,22.7,1.2,23.7
"2026-09-01 15:00:00",7399,41.37707,2.216555,3,110,184,4.97,186,4.82,1019.6,80,26.2,22.7,1.2,23.6
"2026-09-01 15:15:00",7400,41.37705,2.216523,-1,124,185,4.31,187,4.16,1019.4,80,26.2,22.6,1.2,23.6
"2026-09-01 15:30:00",7401,41.37701,2.216534,-1,118,196,4.02,198,3.96,1019.3,81,26.3,22.8,1.2,23.8
"2026-09-01 15:45:00",7402,41.37704,2.216543,1,115,194,5.08,196,4.9,1019.1,81,26.1,22.7,1.2,23.6
"2026-09-01 16:00:00",7403,41.37703,2.216561,0,99,179,4.14,181,4.14,1018.6,82,26.1,22.8,1.2,23.7
"2026-09-01 16:15:00",7404,41.37704,2.216558,0,104,198,6.11,200,6.11,1019,82,26.1,22.9,1.2,23.7
"2026-09-01 16:30:00",7405,41.37703,2.216563,2,103,204,4.56,206,4.54,1019,80,26.3,22.6,1.2,23.6
"2026-09-01 16:45:00",7406,41.37709,2.216534,2,102,199,6.16,201,6.15,1018.9,79,26.4,22.5,1.2,23.5
"2026-09-01 17:00:00",7407,41.3771,2.216546,0,101,204,3.42,206,3.53,1018.8,79,26.4,22.6,1.2,23.6
"2026-09-01 17:15:00",7408,41.37703,2.216596,2,101,199,3.63,201,3.77,1018.5,78,26.2,22.2,1.2,23.3
"2026-09-01 17:30:00",7409,41.377,2.216633,1,108,201,5.11,203,5.07,1018.5,80,26.1,22.5,1.2,23.5
"2026-09-01 17:45:00",7410,41.37696,2.216683,1,100,204,5.04,206,5.05,1018.4,80,26.2,22.7,1.2,23.6
"2026-09-01 18:00:00",7411,41.37696,2.216716,2,106,200,5.51,202,5.47,1018.4,77,26.2,21.8,1.2,23.1
"2026-09-01 18:15:00",7412,41.37694,2.216711,2,101,202,5.82,204,5.7,1018.3,76,26.1,21.8,1.2,23
"2026-09-01 18:30:00",7413,41.37697,2.216653,-2,114,210,4.52,212,4.44,1018.2,77,26.3,22,1.2,23.2
"2026-09-01 18:45:00",7414,41.377,2.216631,0,96,202,4.51,204,4.59,1018,75,26.2,21.6,1.2,22.9
"2026-09-01 19:00:00",7415,41.37698,2.216653,1,95,206,5.95,208,5.79,1018.1,77,26.1,21.8,1.2,23
"2026-09-01 19:15:00",7416,41.377,2.216653,2,98,208,6.42,210,6.37,1017.9,77,26.3,22.1,1.2,23.3
"2026-09-01 19:30:00",7417,41.37695,2.21669,2,91,205,4.1,207,4.09,1017.7,76,26.1,21.7,1.2,23
"2026-09-01 19:45:00",7418,41.37694,2.216678,3,100,216,4.53,218,4.62,1017.7,78,26.3,22.3,1.2,23.4
"2026-09-01 20:00:00",7419,41.37692,2.216665,2,85,216,2.54,218,2.63,1017.3,74,26.5,21.6,1.2,23
"2026-09-01 20:15:00",7420,41.37694,2.216685,0,86,206,3.29,208,3.41,1017,78,26.3,22.3,1.2,23.4
"2026-09-01 20:30:00",7421,41.3769,2.216794,0,87,205,4.12,207,4.2,1017.1,78,26.3,22.3,1.2,23.4
"2026-09-01 20:45:00",7422,41.37691,2.216843,-1,98,204,4.26,206,4.41,1017.4,79,26.1,22.2,1.2,23.3
"2026-09-01 21:00:00",7423,41.37687,2.216815,2,96,207,3.98,209,3.98,1017.4,77,26.2,22,1.2,23.2
"2026-09-01 21:15:00",7424,41.37688,2.216813,3,106,215,3.57,217,3.5,1017.5,79,26.1,22.4,1.2,23.4
"2026-09-01 21:30:00",7425,100,1000,7999,94,232,1000,"NAN",2.74,1017.5,77,26.2,21.9,1.2,23.1
"2026-09-01 21:45:00",7426,100,1000,7999,104,230,1000,"NAN",3.61,1017.8,74,26.3,21.5,1.2,22.8
"2026-09-01 22:00:00",7427,100,1000,7999,93,219,1000,"NAN",4.02,1018.1,75,26.3,21.6,1.2,22.9
"2026-09-01 22:15:00",7428,41.37688,2.216902,0,107,230,3.94,232,3.94,1018.3,76,26.3,21.7,1.2,23
"2026-09-01 22:30:00",7429,41.3769,2.216903,0,102,228,3.44,230,3.44,1018.3,77,26.1,21.9,1.2,23.1
"2026-09-01 22:45:00",7430,41.3769,2.216879,0,98,214,2.95,216,2.95,1018.3,80,26.1,22.4,1.2,23.4
"2026-09-01 23:00:00",7431,41.37692,2.216796,2,113,224,3.28,226,3.2,1018.5,79,26.1,22.3,1.2,23.3
"2026-09-01 23:15:00",7432,41.37689,2.216816,3,95,213,3.96,215,3.83,1018.6,77,26,21.6,1.2,22.8
"2026-09-01 23:30:00",7433,41.37693,2.216813,3,91,218,3.15,220,3.22,1018.6,79,26,22.2,1.2,23.2
"2026-09-01 23:45:00",7434,41.377,2.216745,1,96,219,2.38,221,2.39,1018.8,81,26,22.6,1.2,23.5
"2026-09-02 00:00:00",7435,41.37692,2.216733,3,105,214,1.37,216,1.24,1018.8,78,26,21.9,1.2,23
"2026-09-02 00:15:00",7436,41.37689,2.216757,4,128,241,1.04,243,1.04,1019,78,26.1,22,1.2,23.1
"2026-09-02 00:30:00",7437,41.37687,2.21683,8,98,239,1.68,241,1.66,1019.1,77,26.1,21.8,1.2,23
"2026-09-02 00:45:00",7438,41.37688,2.216833,9,99,220,2.76,222,2.74,1019.2,79,26,22.1,1.2,23.2
"2026-09-02 01:00:00",7439,41.37687,2.216888,10,100,215,2.55,217,2.43,1019.3,79,26,22.2,1.2,23.2
"2026-09-02 01:15:00",7440,41.37687,2.216889,12,98,222,1.67,224,1.59,1019.5,78,25.9,21.8,1.2,22.9
"2026-09-02 01:30:00",7441,41.37689,2.216835,5,120,252,2.14,254,2.14,1019.4,80,25.9,22.2,1.2,23.2
"2026-09-02 01:45:00",7442,41.37688,2.21687,4,100,239,3.29,241,3.29,1019.3,77,25.9,21.7,1.2,22.8
"2026-09-02 02:00:00",7443,41.3769,2.216851,3,98,240,1.64,242,1.73,1019.3,78,25.9,21.8,1.2,22.9
"2026-09-02 02:15:00",7444,41.37689,2.216833,2,110,258,2,260,2.04,1019.5,78,25.9,21.8,1.2,22.9
"2026-09-02 02:30:00",7445,41.37689,2.216813,2,109,251,1.51,253,1.48,1019.5,79,25.9,22,1.2,23
"2026-09-02 02:45:00",7446,41.37692,2.216731,3,170,342,0.9,344,1,1019.4,77,25.7,21.5,1.2,22.7
"2026-09-02 03:00:00",7447,41.3769,2.216724,4,98,352,2.82,354,2.82,1019.4,78,25.2,21.1,1.2,22.3
"2026-09-02 03:15:00",7448,41.37687,2.216824,2,117,341,3.66,343,3.78,1019.2,79,25.1,21.3,1.2,22.3
"2026-09-02 03:30:00",7449,41.37689,2.216898,-1,100,326,3.07,328,3.08,1019.2,77,24.7,20.6,1.2,21.8
"2026-09-02 03:45:00",7450,41.37691,2.216965,-6,92,335,2.72,337,2.72,1019.1,77,24.8,20.6,1.2,21.8
"2026-09-02 04:00:00",7451,41.37689,2.216926,-3,112,335,3.05,337,3.02,1019.1,79,25,21.2,1.2,22.2
"2026-09-02 04:15:00",7452,41.37688,2.216896,-2,106,335,3.04,337,3.05,1019,77,24.8,20.5,1.2,21.7
"2026-09-02 04:30:00",7453,41.37688,2.216902,-4,103,328,3.69,330,3.66,1019.1,78,24.9,20.9,1.2,22
"2026-09-02 04:45:00",7454,41.37688,2.216868,-3,99,332,2.72,334,2.74,1019,78,24.7,20.6,1.2,21.8
"2026-09-02 05:00:00",7455,41.37687,2.216849,-1,104,332,3.1,334,3.1,1018.9,78,24.6,20.6,1.2,21.8
"2026-09-02 05:15:00",7456,41.37688,2.216822,-2,85,327,2.73,329,2.73,1018.9,78,24.5,20.4,1.2,21.6
"2026-09-02 05:30:00",7457,41.37688,2.216783,-1,95,343,3.09,345,3.1,1019,79,24.4,20.5,1.2,21.6
"2026-09-02 05:45:00",7458,41.37685,2.216751,4,89,321,2.72,323,2.67,1018.9,79,24.3,20.5,1.2,21.5
"2026-09-02 06:00:00",7459,41.3769,2.216723,0,92,346,2.14,348,2.16,1018.8,79,24.3,20.5,1.2,21.5
"2026-09-02 06:15:00",7460,41.3769,2.216738,0,92,350,2.87,352,2.89,1018.8,80,24.3,20.7,1.2,21.7
"2026-09-02 06:30:00",7461,41.37691,2.216628,0,66,347,1.8,349,1.94,1018.7,79,24.2,20.4,1.2,21.5
"2026-09-02 06:45:00",7462,41.3769,2.216545,2,62,1,3.8,2.95,3.78,1018.7,80,24.1,20.4,1.2,21.4
"2026-09-02 07:00:00",7463,41.37689,2.216571,4,50,340,3.46,342,3.5,1018.7,81,23.9,20.5,1.2,21.5
"2026-09-02 07:15:00",7464,41.37692,2.216526,5,2,310,2.2,312,2.28,1018.8,82,24.2,21,1.2,21.9
"2026-09-02 07:30:00",7465,41.3769,2.216595,5,30,325,2.16,327,2.27,1018.9,79,24.1,20.4,1.2,21.5
"2026-09-02 07:45:00",7466,41.3769,2.21658,5,38,332,1.42,334,1.54,1019,79,24.3,20.5,1.2,21.6
"2026-09-02 08:00:00",7467,41.37689,2.216608,6,64,359,1.18,0.95,1.31,1019.3,79,24.6,20.7,1.2,21.8
"2026-09-02 08:15:00",7468,41.37688,2.21669,4,75,359,1.4,0.95,1.52,1019.3,79,24.6,20.9,1.2,21.9
"2026-09-02 08:30:00",7469,41.37688,2.216736,1,86,3,2.63,4.95,2.77,1019.3,81,24.7,21.2,1.2,22.2
"2026-09-02 08:45:00",7470,41.37689,2.21674,2,99,2,3.12,3.95,3.12,1019.3,77,24.6,20.5,1.2,21.7
"2026-09-02 09:00:00",7471,41.37694,2.216713,-2,88,0,2.64,1.95,2.73,1019.4,76,24.9,20.6,1.2,21.8
"2026-09-02 09:15:00",7472,41.37694,2.216741,-1,98,339,4.48,341,4.61,1019.5,75,25.2,20.5,1.2,21.9
"2026-09-02 09:30:00",7473,41.37691,2.21672,3,88,350,4.31,352,4.42,1019.6,75,25.2,20.5,1.2,21.9
"2026-09-02 09:45:00",7474,41.3769,2.216666,3,107,350,2.61,352,3.55,1019.7,75,25.6,21,1.2,22.3
"2026-09-02 10:00:00",7475,41.37689,2.216715,3,103,347,3.89,349,3.97,1019.8,74,25.9,21.1,1.2,22.5
"2026-09-02 10:15:00",7476,41.37692,2.216662,3,89,1,2.7,2.95,2.83,1019.9,72,26.2,20.8,1.2,22.4
"2026-09-02 10:30:00",7477,41.37695,2.216626,6,86,33,2.19,34.95,2.19,1019.9,72,26.5,21.1,1.2,22.6
"2026-09-02 10:45:00",7478,41.37703,2.216518,4,92,62,2.24,63.95,2.19,1020.1,71,26.6,21,1.2,22.6
"2026-09-02 11:00:00",7479,41.37703,2.216529,0,95,73,2.86,74.95,2.83,1020.1,74,26.5,21.5,1.2,22.9
"2026-09-02 11:15:00",7480,41.377,2.216558,0,111,84,2.82,86,2.71,1020.3,75,26.2,21.5,1.2,22.9
"2026-09-02 11:30:00",7481,41.377,2.216593,-1,102,72,2.46,73.95,2.37,1020.5,76,26.2,21.8,1.2,23
"2026-09-02 11:45:00",7482,41.37703,2.216561,0,117,99,1.82,101,1.88,1020.6,78,26.2,22.1,1.2,23.2
"2026-09-02 12:00:00",7483,41.37695,2.216571,7,113,92,2.19,94,2.21,1020.7,78,26.2,22.3,1.2,23.3
"2026-09-02 12:15:00",7484,41.37691,2.216633,1,135,120,1.09,122,1.11,1020.8,80,26.5,22.7,1.2,23.7
"2026-09-02 12:30:00",7485,41.37694,2.216583,11,125,91,1.2,93,1.28,1020.7,79,26.6,22.8,1.2,23.8
"2026-09-02 12:45:00",7486,41.37691,2.216659,12,160,125,0.84,127,0.89,1020.8,79,27.1,23.1,1.2,24.2
"2026-09-02 13:00:00",7487,41.37689,2.216718,2,171,124,1.63,126,1.63,1020.8,78,27.2,23.2,1.2,24.2
"2026-09-02 13:15:00",7488,41.37688,2.216757,-1,163,146,1.48,148,1.43,1020.8,79,27.2,23.3,1.2,24.4
"2026-09-02 13:30:00",7489,41.37687,2.216776,0,185,143,2.47,145,2.46,1021,78,27,23,1.2,24.1
"2026-09-02 13:45:00",7490,41.37687,2.216755,-1,223,177,2.8,179,2.76,1020.9,79,27,23.1,1.2,24.1
"2026-09-02 14:00:00",7491,41.37688,2.216759,2,203,171,2.85,173,2.99,1020.8,77,27.1,22.7,1.2,23.9
"2026-09-02 14:15:00",7492,41.37689,2.216741,2,196,159,1.86,161,2.04,1020.8,77,27.2,22.8,1.2,24
"2026-09-02 14:30:00",7493,41.3769,2.21675,0,202,162,2.78,164,2.97,1020.8,75,27.1,22.4,1.2,23.7
"2026-09-02 14:45:00",7494,41.37694,2.216675,0,188,167,2.79,169,2.87,1020.8,77,27.3,23,1.2,24.2
"2026-09-02 15:00:00",7495,41.37694,2.216663,1,214,182,2.82,184,2.82,1020.8,76,27.2,22.6,1.2,23.8
"2026-09-02 15:15:00",7496,41.37696,2.216662,0,163,171,2.53,173,2.58,1020.7,75,27.3,22.7,1.2,24
"2026-09-02 15:30:00",7497,41.37695,2.216651,0,174,177,2.97,179,3.06,1020.6,77,27.4,23.2,1.2,24.3
"2026-09-02 15:45:00",7498,41.37695,2.216631,2,173,169,2.63,171,2.56,1020.5,78,27.4,23.3,1.2,24.4
"2026-09-02 16:00:00",7499,41.37697,2.21661,2,178,187,2.04,189,2.04,1020.4,78,27.4,23.3,1.2,24.4
"2026-09-02 16:15:00",7500,41.37695,2.216625,1,169,163,2.53,165,2.39,1020.3,79,27.5,23.6,1.2,24.6
"2026-09-02 16:30:00",7501,41.37694,2.216608,-1,174,169,2.38,171,2.39,1020.2,76,27.5,22.9,1.2,24.1
"2026-09-02 16:45:00",7502,41.37695,2.216568,0,179,164,2.29,166,2.3,1020.1,78,27.5,23.3,1.2,24.4
"2026-09-02 17:00:00",7503,41.37693,2.216595,1,184,158,3.09,160,3.01,1020.1,76,27.3,22.7,1.2,24
"2026-09-02 17:15:00",7504,41.37692,2.216601,1,186,153,2.42,155,2.25,1020,77,27.4,23,1.2,24.2
"2026-09-02 17:30:00",7505,41.37692,2.2166,1,205,170,2.37,172,2.29,1019.9,76,27.4,22.9,1.2,24.2
"2026-09-02 17:45:00",7506,41.37692,2.216605,1,205,169,2.05,171,1.99,1019.9,77,27.4,23.1,1.2,24.3
"2026-09-02 18:00:00",7507,41.3769,2.216643,1,215,173,2.56,175,2.54,1019.8,78,27.5,23.4,1.2,24.5
"2026-09-02 18:15:00",7508,41.37687,2.216683,1,235,182,2.4,184,2.16,1019.7,76,27.4,23,1.2,24.2
"2026-09-02 18:30:00",7509,41.37688,2.216685,0,237,180,1.79,182,1.69,1019.6,77,27.5,23.2,1.2,24.4
"2026-09-02 18:45:00",7510,41.37689,2.216683,1,234,172,1.03,174,0.96,1019.6,78,27.6,23.5,1.2,24.6
"2026-09-02 19:00:00",7511,41.37687,2.216681,-2,234,168,1.19,170,1.09,1019.7,80,27.8,24.1,1.2,25.1
"2026-09-02 19:15:00",7512,41.37687,2.216663,-2,220,157,1.14,159,1.14,1019.6,77,27.5,23.1,1.2,24.3
"2026-09-02 19:30:00",7513,41.37687,2.21667,-2,208,143,0.38,145,0.27,1019.7,77,27.7,23.3,1.2,24.5
"2026-09-02 19:45:00",7514,41.37688,2.216666,-2,209,145,0.92,147,0.8,1019.7,77,27.6,23.2,1.2,24.4
"2026-09-02 20:00:00",7515,41.37689,2.216633,0,217,155,0.61,157,0.59,1019.9,78,27.6,23.4,1.2,24.5
"2026-09-02 20:15:00",7516,41.3769,2.216635,-1,219,161,0.68,163,0.68,1019.8,78,27.3,23.2,1.2,24.3
"2026-09-02 20:30:00",7517,41.37712,2.21647,9,219,276,0.34,278,0.41,1019.9,79,27,23.1,1.2,24.1
"2026-09-02 20:45:00",7518,41.377,2.216571,0,234,190,0.42,192,0.54,1020,80,26.8,23.2,1.2,24.2
"2026-09-02 21:00:00",7519,41.37694,2.216596,12,189,93,0.7,95,0.54,1020.1,80,26.6,23,1.2,24
"2026-09-02 21:15:00",7520,41.37692,2.216665,12,174,93,0.5,95,0.85,1020.3,82,26.6,23.3,1.2,24.2
"2026-09-02 21:30:00",7521,100,1000,7999,126,54,1000,"NAN",1.62,1020.4,83,26.5,23.5,1.2,24.3
"2026-09-02 21:45:00",7522,100,1000,7999,130,48,1000,"NAN",1.83,1020.6,79,26.3,22.3,1.2,23.4
"2026-09-02 22:00:00",7523,100,1000,7999,124,43,1000,"NAN",1.75,1020.7,78,26.5,22.3,1.2,23.4
"2026-09-02 22:15:00",7524,41.37685,2.216759,1,111,34,1.76,35.95,1.76,1020.7,78,26.5,22.6,1.2,23.6
"2026-09-02 22:30:00",7525,41.37684,2.216753,0,84,4,1.08,5.95,1.16,1020.7,74,26.6,21.7,1.2,23.1
"2026-09-02 22:45:00",7526,41.37687,2.216709,0,86,18,1.24,19.95,1.3,1020.7,74,26.6,21.8,1.2,23.1
"2026-09-02 23:00:00",7527,41.37687,2.216701,0,89,20,1.34,21.95,1.44,1020.7,75,26.6,22,1.2,23.3
"2026-09-02 23:15:00",7528,41.37688,2.216649,1,74,18,0.64,19.95,0.64,1020.7,78,26.7,22.6,1.2,23.7
"2026-09-02 23:30:00",7529,41.37688,2.216635,1,56,3,2.33,4.95,2.33,1020.8,78,26.9,22.9,1.2,24
"2026-09-02 23:45:00",7530,41.37684,2.216641,4,44,342,2.03,344,2.09,1020.7,74,27.1,22.1,1.2,23.5
"2026-09-03 00:00:00",7531,41.37685,2.21661,6,68,22,2.32,23.95,2.43,1020.7,76,26.8,22.2,1.2,23.5
"2026-09-03 00:15:00",7532,41.37687,2.216606,6,34,342,2.95,344,3.01,1020.9,73,26.7,21.6,1.2,23
"2026-09-03 00:30:00",7533,41.37687,2.216641,7,27,328,1.39,330,1.44,1020.9,75,26.8,22,1.2,23.3
"2026-09-03 00:45:00",7534,41.37687,2.216663,4,352,285,1.18,287,1.13,1020.9,72,26.7,21.3,1.2,22.9
"2026-09-03 01:00:00",7535,41.37687,2.216676,2,34,320,1.72,322,1.75,1020.9,72,27,21.7,1.2,23.2
"2026-09-03 01:15:00",7536,41.37687,2.216658,4,45,331,1.46,333,1.5,1020.9,74,26.8,21.9,1.2,23.3
"2026-09-03 01:30:00",7537,41.37685,2.216676,5,51,343,1.68,345,1.78,1020.9,75,26.6,21.9,1.2,23.2
"2026-09-03 01:45:00",7538,41.37687,2.216651,3,38,343,2.14,345,2.21,1021,74,26.3,21.5,1.2,22.9
"2026-09-03 02:00:00",7539,41.37685,2.216649,2,324,264,1.69,266,1.59,1021,81,26.4,22.9,1.2,23.8
"2026-09-03 02:15:00",7540,41.37684,2.216673,5,331,270,1.59,272,1.53,1020.9,84,26.3,23.4,1.2,24.2
"2026-09-03 02:30:00",7541,41.37685,2.216666,1,359,299,0.94,301,0.9,1021,85,26.1,23.5,1.2,24.2
"2026-09-03 02:45:00",7542,41.37684,2.216646,2,61,15,3.48,16.95,3.66,1020.9,73,25.7,20.5,1.2,22
"2026-09-03 03:00:00",7543,41.37684,2.216566,0,26,347,1.28,349,1.28,1020.9,72,25.7,20.4,1.2,22
"2026-09-03 03:15:00",7544,41.37685,2.216593,-3,50,1,2.15,2.95,2.26,1020.8,73,25.6,20.6,1.2,22
"2026-09-03 03:30:00",7545,41.37687,2.216584,-9,29,345,2.06,347,2.08,1021,72,26,20.6,1.2,22.1
"2026-09-03 03:45:00",7546,41.37687,2.216568,-11,28,346,3.05,348,3.05,1020.8,72,26.1,20.8,1.2,22.3
"2026-09-03 04:00:00",7547,41.37689,2.216499,-13,40,359,2.44,0.95,2.42,1020.8,74,25.9,20.9,1.2,22.3
"2026-09-03 04:15:00",7548,41.37689,2.216668,1,53,2,3.48,3.95,3.6,1020.8,73,25.8,20.6,1.2,22.1
"2026-09-03 04:30:00",7549,41.37687,2.21668,1,32,334,2.53,336,2.53,1020.8,71,25.6,20.1,1.2,21.8
"2026-09-03 04:45:00",7550,41.37687,2.216688,2,35,333,2.5,335,2.51,1020.8,72,25.8,20.4,1.2,22
"2026-09-03 05:00:00",7551,41.37687,2.21669,2,42,336,4,338,4.01,1020.7,71,25.6,20.1,1.2,21.8
"2026-09-03 05:15:00",7552,41.37687,2.216698,3,39,329,3.08,331,3.07,1020.6,70,25.7,19.9,1.2,21.7
"2026-09-03 05:30:00",7553,41.37709,2.216008,7,36,333,3.04,335,3.05,1020.5,67,25.7,19.2,1.2,21.2
"2026-09-03 05:45:00",7554,41.37672,2.21722,-6,57,357,3.48,359,3.48,1020.5,70,25.7,20,1.2,21.7
"2026-09-03 06:00:00",7555,41.37687,2.216708,4,68,5,3.04,6.95,3.05,1020.4,69,25.4,19.3,1.2,21.2
"2026-09-03 06:15:00",7556,41.37685,2.216703,5,52,339,2.83,341,2.87,1020.4,69,25.4,19.4,1.2,21.2
"2026-09-03 06:30:00",7557,41.37684,2.216693,5,37,330,2.1,332,2.16,1020.3,73,25.5,20.3,1.2,21.8
"2026-09-03 06:45:00",7558,41.37685,2.216653,0,27,328,1.16,330,1.25,1020.4,68,25.4,19.2,1.2,21.1
"2026-09-03 07:00:00",7559,41.37687,2.216633,-17,44,356,1.71,358,1.73,1020.5,68,25.5,19.3,1.2,21.2
"2026-09-03 07:15:00",7560,41.37689,2.216625,-8,29,338,1.36,340,1.39,1020.7,67,25.4,19,1.2,21
"2026-09-03 07:30:00",7561,41.37689,2.216626,-1,79,23,2.21,24.95,2.21,1020.8,69,25.4,19.5,1.2,21.3
"2026-09-03 07:45:00",7562,41.37689,2.216655,-5,62,10,2.36,11.95,2.37,1020.9,68,25.2,19,1.2,20.9
"2026-09-03 08:00:00",7563,41.37689,2.216673,-8,72,9,3.74,10.95,3.76,1021,72,25.1,19.6,1.2,21.3
"2026-09-03 08:15:00",7564,41.37688,2.216676,-7,68,349,4.98,351,5.03,1021.2,69,25.1,19.1,1.2,20.9
"2026-09-03 08:30:00",7565,41.37688,2.216718,-7,66,0,3.69,1.95,3.72,1021.4,73,25.4,20.3,1.2,21.8
"2026-09-03 08:45:00",7566,41.37687,2.216706,0,67,355,3.38,357,3.42,1021.5,69,25.4,19.4,1.2,21.2
"2026-09-03 09:00:00",7567,41.37685,2.216726,0,60,354,4.09,356,4.11,1021.7,68,25.6,19.3,1.2,21.3
"2026-09-03 09:15:00",7568,41.37697,2.216773,-8,59,354,3.22,356,3.22,1021.7,67,25.9,19.4,1.2,21.4
"2026-09-03 09:30:00",7569,41.37687,2.216728,4,65,3,2.35,4.95,2.35,1021.8,65,26.3,19.2,1.2,21.4
"2026-09-03 09:45:00",7570,41.37685,2.216695,2,57,359,1.53,0.95,1.54,1021.8,66,26.7,19.8,1.2,21.9
"2026-09-03 10:00:00",7571,41.37684,2.216695,0,124,69,0.29,70.95,0.29,1021.9,63,27.3,19.8,1.2,22.1
"2026-09-03 10:15:00",7572,41.37684,2.216685,-2,178,163,0.24,165,0.21,1021.9,60,28.3,20,1.2,22.6
"2026-09-03 10:30:00",7573,41.37684,2.216659,-2,141,94,0.53,96,0.6,1021.9,60,29,20.5,1.2,23.1
"2026-09-03 10:45:00",7574,41.37684,2.216657,-1,249,202,0.61,204,0.47,1022,60,29.2,20.8,1.2,23.4
"2026-09-03 11:00:00",7575,41.37685,2.216645,0,141,94,0.9,96,0.9,1022.2,62,28.8,20.8,1.2,23.2
"2026-09-03 11:15:00",7576,41.37684,2.216648,1,165,115,0.85,117,0.86,1022.2,66,28.5,21.6,1.2,23.6
"2026-09-03 11:30:00",7577,41.37685,2.216643,0,200,164,1.3,166,1.22,1022.4,67,28,21.4,1.2,23.3
"2026-09-03 11:45:00",7578,41.37687,2.216633,-1,197,149,1.46,151,1.46,1022.4,70,27.6,21.7,1.2,23.4
"2026-09-03 12:00:00",7579,41.37684,2.216658,1,195,145,1.39,147,1.39,1022.3,72,27.5,22,1.2,23.6
"2026-09-03 12:15:00",7580,41.37685,2.216646,3,180,132,2.18,134,2.2,1022.3,73,27.3,22.1,1.2,23.6
"2026-09-03 12:30:00",7581,41.37687,2.216639,3,195,154,2.13,156,2.09,1022.2,73,27.2,22.1,1.2,23.5
"2026-09-03 12:45:00",7582,41.37687,2.216628,1,164,126,2.16,128,2.18,1022,75,27.2,22.5,1.2,23.8
"2026-09-03 13:00:00",7583,41.37687,2.216633,-1,204,165,3.01,167,2.93,1021.9,71,27.1,21.5,1.2,23.1
"2026-09-03 13:15:00",7584,41.37687,2.216636,-3,204,179,2.86,181,2.68,1021.9,70,27.3,21.4,1.2,23.1
"2026-09-03 13:30:00",7585,41.37687,2.216639,-3,215,177,3.01,179,3.01,1021.7,76,27.4,22.8,1.2,24
"2026-09-03 13:45:00",7586,41.37689,2.216615,-4,220,187,3.54,189,3.38,1021.7,76,27.4,22.9,1.2,24.2
"2026-09-03 14:00:00",7587,41.3769,2.216598,-4,212,185,3.98,187,3.78,1021.6,74,27.2,22.2,1.2,23.6
"2026-09-03 14:15:00",7588,41.3769,2.216586,0,228,199,3.52,201,3.51,1021.5,78,27.3,23.2,1.2,24.3
"2026-09-03 14:30:00",7589,41.37697,2.216538,-8,220,199,3.76,201,3.77,1021.6,77,27.3,23,1.2,24.2
"2026-09-03 14:45:00",7590,41.37695,2.216556,-2,218,194,3.25,196,3.33,1021.6,79,27.3,23.4,1.2,24.4
"2026-09-03 15:00:00",7591,41.37707,2.216438,-2,200,206,4.61,208,4.62,1021.5,80,27.3,23.7,1.2,24.6
"2026-09-03 15:15:00",7592,41.37705,2.216475,-2,191,213,4.66,215,4.89,1021.2,82,27.3,24.1,1.2,24.9
"2026-09-03 15:30:00",7593,41.377,2.216545,0,196,224,4.21,226,4.43,1021.1,82,27.3,24.1,1.2,24.9
"2026-09-03 15:45:00",7594,41.37697,2.216563,0,194,202,5.48,204,5.36,1021,82,27.3,24,1.2,24.9
"2026-09-03 16:00:00",7595,41.37695,2.216613,0,115,202,7.85,204,7.61,1020.8,83,27.2,24.2,1.2,25
"2026-09-03 16:15:00",7596,41.37692,2.216638,0,100,205,6.69,207,6.66,1020.7,83,27.2,24.1,1.2,24.9
"2026-09-03 16:30:00",7597,41.37694,2.216641,0,99,197,6.51,199,6.27,1020.8,83,27.3,24.2,1.2,25
"2026-09-03 16:45:00",7598,41.37694,2.216663,-2,116,200,7.38,202,7.16,1020.6,83,27.2,24.1,1.2,24.9
"2026-09-03 17:00:00",7599,41.37691,2.21667,0,101,197,6,199,5.77,1020.6,84,27.5,24.6,1.2,25.3
"2026-09-03 17:15:00",7600,41.3769,2.216708,0,96,205,5.96,207,6.15,1020.5,81,27.4,24,1.2,24.9
"2026-09-03 17:30:00",7601,41.3769,2.216745,0,104,197,9.17,199,8.81,1020.2,84,27.3,24.4,1.2,25.1
"2026-09-03 17:45:00",7602,41.3769,2.216778,0,114,213,8.19,215,7.96,1020.2,83,27.4,24.3,1.2,25.1
"2026-09-03 18:00:00",7603,41.37691,2.216775,0,100,203,8.57,205,8.9,1020.2,83,27.5,24.4,1.2,25.2
"2026-09-03 18:15:00",7604,41.37692,2.216728,0,107,207,7.17,209,7.09,1020,82,27.5,24.3,1.2,25.1
"2026-09-03 18:30:00",7605,41.37696,2.216643,3,116,200,8.33,202,7.88,1020.1,83,27.5,24.5,1.2,25.2
"2026-09-03 18:45:00",7606,41.37697,2.216641,2,104,205,8.43,207,8.17,1020.1,82,27.5,24.1,1.2,25
"2026-09-03 19:00:00",7607,41.37697,2.216626,2,91,200,5.04,202,5.17,1020.2,83,27.7,24.6,1.2,25.4
"2026-09-03 19:15:00",7608,41.37698,2.216596,-8,109,200,6.96,202,7.19,1020.2,83,27.5,24.4,1.2,25.2
"2026-09-03 19:30:00",7609,41.377,2.216603,-1,109,214,5.99,216,6.42,1020.3,82,27.4,24.1,1.2,24.9
"2026-09-03 19:45:00",7610,41.377,2.216631,3,98,200,5.43,202,5.31,1020.3,83,27.5,24.5,1.2,25.3
"2026-09-03 20:00:00",7611,41.377,2.216648,0,100,211,6.65,213,6.73,1020.3,83,27.3,24.3,1.2,25.1
"2026-09-03 20:15:00",7612,41.37698,2.216653,-1,93,204,5.31,206,5.58,1020.4,83,27.4,24.4,1.2,25.1
"2026-09-03 20:30:00",7613,41.37695,2.216776,-9,95,201,5.34,203,5.01,1020.4,83,27.4,24.4,1.2,25.1
"2026-09-03 20:45:00",7614,41.37696,2.216721,-5,99,212,5.57,214,5.64,1020.4,83,27.3,24.4,1.2,25.1
"2026-09-03 21:00:00",7615,41.37696,2.216685,0,107,206,5.99,208,5.64,1020.6,83,27.3,24.3,1.2,25.1
"2026-09-03 21:15:00",7616,41.37692,2.216704,-2,102,217,6.09,219,6.09,1020.7,83,27.3,24.2,1.2,25
"2026-09-03 21:30:00",7617,41.37682,2.2167,-4,100,221,5.14,223,5.14,1020.9,81,27.3,23.8,1.2,24.7
"2026-09-03 21:45:00",7618,41.37724,2.216639,-2,107,227,4.4,229,4.4,1021.1,80,27.3,23.7,1.2,24.7
"2026-09-03 22:00:00",7619,41.3769,2.216724,1,106,222,5.78,224,6.03,1021,80,27.3,23.6,1.2,24.6
"2026-09-03 22:15:00",7620,41.37685,2.216751,3,103,228,5.11,230,5.3,1021,81,27.4,23.9,1.2,24.8
"2026-09-03 22:30:00",7621,41.37687,2.216743,1,114,229,4.93,231,4.71,1021,81,27.5,24.1,1.2,25
"2026-09-03 22:45:00",7622,41.37695,2.21662,0,111,233,4.99,235,5.02,1021,79,27.4,23.6,1.2,24.6
"2026-09-03 23:00:00",7623,41.37694,2.216628,0,124,241,6.09,243,5.92,1020.9,79,27.4,23.5,1.2,24.5
"2026-09-03 23:15:00",7624,41.37694,2.216649,0,119,240,5.39,242,5.35,1021,79,27.3,23.4,1.2,24.4
"2026-09-03 23:30:00",7625,41.37692,2.216676,0,111,238,5.1,240,5.11,1020.9,80,27.3,23.7,1.2,24.7
"2026-09-03 23:45:00",7626,41.37688,2.216733,1,121,246,5.22,248,5.13,1021,81,27.2,23.7,1.2,24.6
"2026-09-04 00:00:00",7627,41.37689,2.216731,1,126,235,4.6,237,4.5,1021,82,27.2,23.9,1.2,24.8
"2026-09-04 00:15:00",7628,41.37688,2.216759,4,124,244,3.91,246,3.84,1020.9,81,27.1,23.7,1.2,24.6
"2026-09-04 00:30:00",7629,41.37688,2.2168,7,116,232,4.17,234,4.13,1020.9,82,27.2,23.9,1.2,24.7
"2026-09-04 00:45:00",7630,41.37687,2.216816,11,125,236,4.26,238,4.22,1021,82,27.2,23.9,1.2,24.7
"2026-09-04 01:00:00",7631,41.37687,2.216846,11,138,245,3.45,247,3.43,1021.1,81,27.1,23.6,1.2,24.5
"2026-09-04 01:15:00",7632,41.37687,2.216849,5,128,242,4.19,244,4.17,1021,80,27,23.4,1.2,24.4
"2026-09-04 01:30:00",7633,41.37688,2.21684,6,125,238,3.59,240,3.57,1021.1,82,27.2,23.9,1.2,24.7
"2026-09-04 01:45:00",7634,41.37689,2.216813,2,130,254,2.57,256,2.57,1021,81,27,23.6,1.2,24.5
"2026-09-04 02:00:00",7635,41.37689,2.216808,2,117,246,4.86,248,4.75,1020.8,80,26.9,23.3,1.2,24.2
"2026-09-04 02:15:00",7636,41.37689,2.216786,3,125,248,4.03,250,4.03,1020.7,82,26.9,23.5,1.2,24.4
"2026-09-04 02:30:00",7637,41.3769,2.216716,3,118,242,2.96,244,3.18,1020.6,81,26.7,23.2,1.2,24.1
"2026-09-04 02:45:00",7638,41.37689,2.216695,3,126,256,2.65,258,2.65,1020.5,82,26.7,23.4,1.2,24.3
"2026-09-04 03:00:00",7639,41.37689,2.216693,3,116,246,3.75,248,3.75,1020.3,82,26.7,23.5,1.2,24.3
"2026-09-04 03:15:00",7640,41.37688,2.216708,1,110,236,3.71,238,3.82,1020.2,82,26.7,23.4,1.2,24.3
"2026-09-04 03:30:00",7641,41.37688,2.216743,1,119,255,4.59,257,4.65,1020.1,82,26.7,23.4,1.2,24.3
"2026-09-04 03:45:00",7642,41.37689,2.216748,-1,102,241,3.95,243,4.02,1020,81,26.5,23.1,1.2,24
"2026-09-04 04:00:00",7643,41.37688,2.216761,0,119,252,5.36,254,5.39,1019.9,82,26.4,23.1,1.2,24
"2026-09-04 04:15:00",7644,41.37688,2.216745,0,105,244,4.36,246,4.45,1019.8,83,26.5,23.5,1.2,24.3
"2026-09-04 04:30:00",7645,41.37688,2.216731,2,114,239,3.77,241,3.84,1019.8,81,26.5,23.1,1.2,24
"2026-09-04 04:45:00",7646,41.37688,2.21672,1,98,233,3.29,235,3.32,1019.6,83,26.4,23.4,1.2,24.2
"2026-09-04 05:00:00",7647,41.37689,2.216678,1,108,246,4.05,248,4.21,1019.6,84,26.4,23.5,1.2,24.3
"2026-09-04 05:15:00",7648,41.3769,2.21662,0,90,251,2.68,253,2.71,1019.4,82,26.3,22.9,1.2,23.8
"2026-09-04 05:30:00",7649,41.37692,2.216626,0,93,251,2.6,253,2.67,1019.4,82,26.3,23.1,1.2,23.9
"2026-09-04 05:45:00",7650,41.37693,2.216605,0,93,235,3.04,237,3.04,1019.2,82,26.1,23,1.2,23.8
"2026-09-04 06:00:00",7651,41.37694,2.216596,0,67,217,2.29,219,2.16,1019.2,82,26,22.8,1.2,23.6
"2026-09-04 06:15:00",7652,41.37693,2.2166,1,72,223,1.73,225,1.66,1019.1,83,26.1,23.1,1.2,23.9
"2026-09-04 06:30:00",7653,41.37694,2.216628,7,126,278,1.98,280,2.09,1019,82,26.3,23,1.2,23.9
"2026-09-04 06:45:00",7654,41.3769,2.21656,6,112,259,1.02,261,0.85,1019,81,26.3,22.9,1.2,23.8
"2026-09-04 07:00:00",7655,41.3769,2.216534,7,95,244,1.8,246,1.51,1018.9,81,26.1,22.8,1.2,23.7
"2026-09-04 07:15:00",7656,41.37689,2.21656,8,42,194,1.14,196,1.17,1018.9,82,26.2,22.9,1.2,23.8
"2026-09-04 07:30:00",7657,41.37688,2.216576,9,102,247,2.13,249,2.38,1018.8,82,26.2,23.1,1.2,23.9
"2026-09-04 07:45:00",7658,41.37688,2.216588,9,79,225,2.55,227,2.69,1018.9,81,26.3,22.8,1.2,23.8
"2026-09-04 08:00:00",7659,41.37689,2.216616,7,106,251,1.74,253,1.95,1019,80,26.2,22.6,1.2,23.5
"2026-09-04 08:15:00",7660,41.37691,2.216659,1,106,251,3.69,253,3.55,1019,79,26.1,22.3,1.2,23.3
"2026-09-04 08:30:00",7661,41.3769,2.216681,-1,104,248,2.62,250,2.6,1019.2,78,26.3,22.3,1.2,23.4
"2026-09-04 08:45:00",7662,41.37691,2.21668,-1,84,219,2.65,221,2.72,1019.2,79,26.3,22.3,1.2,23.4
"2026-09-04 09:00:00",7663,41.3769,2.216706,-1,114,265,2.29,267,2.35,1019.3,78,26.6,22.6,1.2,23.7
"2026-09-04 09:15:00",7664,100,1000,7999,104,246,1000,"NAN",1.06,1019.3,77,27,22.7,1.2,23.9
"2026-09-04 09:30:00",7665,41.37697,2.216546,0,226,254,1.45,256,1.84,1019.1,75,26.9,22.1,1.2,23.4
"2026-09-04 09:45:00",7666,41.3769,2.216615,0,250,213,1.23,215,1.13,1019.3,76,27,22.5,1.2,23.8
"2026-09-04 10:00:00",7667,41.37689,2.216646,0,290,237,0.65,239,0.77,1019.2,73,27,21.9,1.2,23.4
"2026-09-04 10:15:00",7668,41.37689,2.216685,0,119,21,0.13,22.95,0.27,1019.4,71,28.3,22.7,1.2,24.3
"2026-09-04 10:30:00",7669,41.3769,2.216668,1,188,135,0.61,137,0.61,1019.4,69,28.7,22.6,1.2,24.3
"2026-09-04 10:45:00",7670,41.3769,2.216701,-1,234,179,1.58,181,1.58,1019.4,72,27.9,22.5,1.2,24
"2026-09-04 11:00:00",7671,41.37691,2.216708,-3,223,178,1.71,180,1.72,1019.4,74,27.8,22.9,1.2,24.3
"2026-09-04 11:15:00",7672,41.37692,2.216715,0,214,201,3.95,203,4.13,1019.6,82,27.7,24.5,1.2,25.3
"2026-09-04 11:30:00",7673,41.37694,2.216678,0,108,200,4.24,202,4.29,1019.6,86,27.3,24.7,1.2,25.4
"2026-09-04 11:45:00",7674,41.37695,2.216563,8,114,200,5.25,202,5.34,1019.6,87,27.1,24.7,1.2,25.3
"2026-09-04 12:00:00",7675,41.37696,2.216576,5,109,202,6.76,204,7.06,1019.7,87,26.9,24.7,1.2,25.3
"2026-09-04 12:15:00",7676,41.377,2.216561,2,108,205,6.48,207,6.77,1019.5,87,26.9,24.7,1.2,25.2
"2026-09-04 12:30:00",7677,41.37701,2.216548,6,97,198,5.91,200,6.19,1019.4,88,26.9,24.7,1.2,25.3
"2026-09-04 12:45:00",7678,41.37703,2.216523,9,99,198,5.87,200,5.75,1019.4,88,26.9,24.7,1.2,25.3
"2026-09-04 13:00:00",7679,41.37703,2.216533,9,112,200,6.86,202,7.06,1019.3,88,26.9,24.8,1.2,25.3
"2026-09-04 13:15:00",7680,41.37704,2.21654,10,101,200,7.69,202,7.77,1019.1,88,26.8,24.8,1.2,25.3
"2026-09-04 13:30:00",7681,41.37704,2.216555,10,103,201,7.75,203,7.84,1019.1,88,26.9,24.9,1.2,25.4
"2026-09-04 13:45:00",7682,41.37704,2.216568,4,106,203,7.36,205,7.55,1019,88,26.9,24.9,1.2,25.4
"2026-09-04 14:00:00",7683,41.37703,2.216568,0,107,202,7.63,204,7.57,1018.9,88,26.9,24.9,1.2,25.4
"2026-09-04 14:15:00",7684,41.37701,2.216596,0,99,198,7.5,200,7.22,1018.7,89,27,25,1.2,25.5
"2026-09-04 14:30:00",7685,41.37701,2.216606,-1,106,198,9.12,200,8.84,1018.7,89,27,25,1.2,25.5
"2026-09-04 14:45:00",7686,41.37701,2.216639,0,110,203,7.01,205,6.86,1018.6,88,27.2,25.2,1.2,25.7
"2026-09-04 15:00:00",7687,41.37701,2.216683,0,97,199,7.2,201,6.94,1018.5,88,27.2,25.1,1.2,25.6
"2026-09-04 15:15:00",7688,41.37703,2.216713,0,95,191,7.15,193,7.09,1018.5,88,27.4,25.2,1.2,25.8
"2026-09-04 15:30:00",7689,41.37704,2.21672,1,102,202,7.7,204,7.42,1018.3,87,27.3,25.1,1.2,25.6
"2026-09-04 15:45:00",7690,41.37704,2.216715,0,105,203,8.27,205,8.21,1018.2,87,27.3,25,1.2,25.6
"2026-09-04 16:00:00",7691,41.37705,2.216724,0,104,201,9.08,203,8.66,1018.1,87,27.3,25,1.2,25.6
"2026-09-04 16:15:00",7692,41.37716,2.216731,2,110,200,7.63,202,7.63,1018.1,86,27.4,25.1,1.2,25.7
"2026-09-04 16:30:00",7693,41.37716,2.216648,2,101,200,6.55,202,6.41,1018,87,27.5,25.1,1.2,25.7
"2026-09-04 16:45:00",7694,41.37719,2.216605,0,107,194,7.88,196,8.21,1018,86,27.4,25,1.2,25.6
"2026-09-04 17:00:00",7695,41.37723,2.21663,-1,99,197,7.17,199,7.05,1018,86,27.5,25.1,1.2,25.7
"2026-09-04 17:15:00",7696,41.37733,2.216655,-1,101,197,8.3,199,8.22,1017.9,86,27.5,25.1,1.2,25.7
"2026-09-04 17:30:00",7697,41.3775,2.216746,2,103,200,8.19,202,8.19,1017.9,86,27.5,25,1.2,25.7
"2026-09-04 17:45:00",7698,41.37748,2.216711,3,95,193,5.98,195,6,1018,87,27.7,25.4,1.2,26
"2026-09-04 18:00:00",7699,41.37746,2.216711,0,99,191,6.67,193,6.59,1017.9,87,27.5,25.2,1.2,25.8
"2026-09-04 18:15:00",7700,41.3773,2.216651,0,101,196,5.83,198,5.63,1018,88,27.5,25.3,1.2,25.9
"2026-09-04 18:30:00",7701,41.37716,2.2166,0,102,188,5.23,190,5.12,1018.1,88,27.4,25.4,1.2,25.9
"2026-09-04 18:45:00",7702,41.37711,2.216611,5,100,191,5.67,193,5.48,1018,89,27.4,25.5,1.2,26
"2026-09-04 19:00:00",7703,41.37708,2.216635,8,92,184,4.53,186,4.41,1018,89,27.5,25.6,1.2,26.1
"2026-09-04 19:15:00",7704,41.37696,2.2167,2,101,194,5.88,196,5.71,1018.2,89,27.4,25.5,1.2,26
"2026-09-04 19:30:00",7705,41.37692,2.216761,2,104,209,3.12,211,3.27,1018.3,90,27.4,25.7,1.2,26.1
"2026-09-04 19:45:00",7706,41.37692,2.21679,5,97,195,4.14,197,3.91,1018.5,90,27.3,25.5,1.2,25.9
"2026-09-04 20:00:00",7707,41.3769,2.216832,2,96,196,3.56,198,3.36,1018.6,90,27.3,25.5,1.2,26
"2026-09-04 20:15:00",7708,41.3769,2.21679,1,88,204,3.02,206,2.86,1018.6,90,27.2,25.6,1.2,26
"2026-09-04 20:30:00",7709,41.37692,2.216761,0,105,215,4,217,3.86,1018.7,90,27.1,25.5,1.2,25.9
"2026-09-04 20:45:00",7710,41.37694,2.216709,0,108,211,5.02,213,5,1019,90,27.1,25.5,1.2,25.9
"2026-09-04 21:00:00",7711,41.37694,2.216659,1,88,218,4.78,220,4.66,1019.2,91,27.1,25.5,1.2,25.9
"2026-09-04 21:15:00",7712,41.37694,2.216623,3,88,212,4.39,214,4.33,1019.3,90,27.1,25.4,1.2,25.8
"2026-09-04 21:30:00",7713,41.37691,2.21661,0,93,226,4.93,228,4.93,1019.4,88,27.2,25.2,1.2,25.7
"2026-09-04 21:45:00",7714,41.37698,2.216595,1,85,217,3.41,219,3.41,1019.3,89,27.4,25.4,1.2,25.9
"2026-09-04 22:00:00",7715,41.377,2.216591,1,93,221,4.69,223,4.69,1019.3,89,27.4,25.5,1.2,26
"2026-09-04 22:15:00",7716,41.37701,2.216573,0,88,223,5.05,225,5.18,1019.3,88,27.3,25.3,1.2,25.8
"2026-09-04 22:30:00",7717,41.37703,2.21658,0,96,224,5.17,226,5.17,1019.2,88,27.3,25.3,1.2,25.8
"2026-09-04 22:45:00",7718,41.377,2.216565,1,91,244,4.22,246,4.24,1019.3,87,27.5,25.3,1.2,25.8
"2026-09-04 23:00:00",7719,41.377,2.216578,0,91,239,4.2,241,4.2,1019.3,86,27.5,25.1,1.2,25.7
"2026-09-04 23:15:00",7720,41.37697,2.21661,0,98,237,5.13,239,5.13,1019.2,86,27.3,24.8,1.2,25.5
"2026-09-04 23:30:00",7721,41.37697,2.21663,-1,89,228,4.74,230,4.74,1019.2,88,27.3,25.2,1.2,25.8
"2026-09-04 23:45:00",7722,41.37687,2.216696,5,92,227,4.72,229,4.78,1019.2,87,27.3,25.1,1.2,25.7
"2026-09-05 00:00:00",7723,41.37687,2.216776,3,97,225,5.72,227,5.72,1019.1,87,27.1,24.9,1.2,25.5
"2026-09-05 00:15:00",7724,41.37685,2.216856,4,96,237,5.65,239,5.65,1019.2,87,27,24.7,1.2,25.3
"2026-09-05 00:30:00",7725,41.37684,2.216895,8,98,248,3.66,250,3.66,1019.2,85,27.1,24.4,1.2,25.1
"2026-09-05 00:45:00",7726,41.37684,2.216884,9,106,236,2.48,238,2.48,1019.3,86,27.4,24.8,1.2,25.5
"2026-09-05 01:00:00",7727,41.37688,2.216883,11,100,218,2.96,220,3.02,1019.2,85,27.2,24.4,1.2,25.1
"2026-09-05 01:15:00",7728,41.37689,2.216887,3,116,228,3.78,230,3.78,1019.2,84,27,24.2,1.2,24.9
"2026-09-05 01:30:00",7729,41.37689,2.216896,4,103,214,3.26,216,3.28,1019.1,84,27.1,24.3,1.2,25
"2026-09-05 01:45:00",7730,41.37692,2.216881,1,110,219,3.37,221,3.37,1019,84,27.1,24.2,1.2,25
"2026-09-05 02:00:00",7731,41.3769,2.216828,1,97,219,2.67,221,2.79,1018.9,81,27,23.5,1.2,24.4
"2026-09-05 02:15:00",7732,41.37694,2.216765,2,95,217,3.66,219,3.66,1018.9,81,27,23.5,1.2,24.4
"2026-09-05 02:30:00",7733,41.37693,2.216728,2,102,221,2.38,223,2.42,1018.9,80,26.8,23.3,1.2,24.2
"2026-09-05 02:45:00",7734,41.37694,2.2167,2,99,222,2.42,224,2.42,1018.8,82,26.9,23.6,1.2,24.5
"2026-09-05 03:00:00",7735,41.37691,2.216724,0,91,232,1.7,234,1.79,1018.7,83,26.9,23.8,1.2,24.6
"2026-09-05 03:15:00",7736,41.37689,2.216728,0,95,244,1.61,246,1.68,1018.7,81,26.8,23.5,1.2,24.4
"2026-09-05 03:30:00",7737,41.37693,2.216771,0,106,264,0.51,266,0.54,1018.6,82,26.9,23.6,1.2,24.5
"2026-09-05 03:45:00",7738,41.37705,2.217188,5,86,230,0.51,232,0.51,1018.6,82,26.9,23.6,1.2,24.4
"2026-09-05 04:00:00",7739,41.3769,2.216687,2,64,204,1.01,206,1.01,1018.7,83,26.9,23.8,1.2,24.6
"2026-09-05 04:15:00",7740,41.37692,2.21667,2,68,217,0.82,219,0.82,1018.7,83,26.8,23.8,1.2,24.6
"2026-09-05 04:30:00",7741,41.37694,2.216636,1,62,241,0.56,243,0.45,1018.6,83,26.7,23.6,1.2,24.4
"2026-09-05 04:45:00",7742,41.37692,2.216633,2,14,169,0.32,171,0.32,1018.7,84,26.8,23.9,1.2,24.6
"2026-09-05 05:00:00",7743,41.37694,2.216623,0,159,345,0.79,347,0.79,1018.7,84,26.7,23.9,1.2,24.6
"2026-09-05 05:15:00",7744,41.37695,2.216633,-3,88,18,2.14,19.95,2.14,1018.7,82,26.7,23.5,1.2,24.3
"2026-09-05 05:30:00",7745,41.37694,2.21661,3,63,6,1.26,7.95,1.26,1018.8,78,26.5,22.4,1.2,23.5
"2026-09-05 05:45:00",7746,41.37696,2.216611,0,50,347,1.04,349,1.04,1018.9,80,26.5,22.8,1.2,23.8
"2026-09-05 06:00:00",7747,41.37694,2.216676,0,79,357,2.67,359,2.67,1018.9,79,26.4,22.6,1.2,23.6
"2026-09-05 06:15:00",7748,41.37689,2.21668,0,89,355,2.92,357,2.87,1018.8,78,26.4,22.4,1.2,23.5
"2026-09-05 06:30:00",7749,41.37688,2.216685,0,92,338,3.01,340,3.01,1019,78,26.2,22.2,1.2,23.3
"2026-09-05 06:45:00",7750,41.3769,2.216675,1,78,357,1.35,359,1.6,1019.1,78,26.2,22.3,1.2,23.4
"2026-09-05 07:00:00",7751,41.3769,2.216633,1,348,276,1.48,278,1.48,1019.2,80,26.5,22.8,1.2,23.8
"2026-09-05 07:15:00",7752,41.37695,2.216613,1,280,240,0.95,242,0.95,1019.2,81,26.8,23.2,1.2,24.2
"2026-09-05 07:30:00",7753,41.37694,2.216561,5,82,256,1.4,258,1.37,1019.2,82,26.6,23.4,1.2,24.3
"2026-09-05 07:45:00",7754,41.37695,2.216525,7,76,245,1.3,247,1.12,1019.4,81,26.6,23.2,1.2,24.1
"2026-09-05 08:00:00",7755,41.377,2.216541,2,42,244,0.42,246,0.42,1019.5,81,26.8,23.4,1.2,24.3
"2026-09-05 08:15:00",7756,41.37697,2.216565,2,79,31,2.23,32.95,2.19,1019.6,80,26.2,22.5,1.2,23.5
"2026-09-05 08:30:00",7757,41.37701,2.216529,2,39,5,2.04,6.95,2.04,1019.8,79,26.4,22.5,1.2,23.5
"2026-09-05 08:45:00",7758,41.37703,2.216551,2,68,37,1.45,38.95,1.41,1019.9,76,26.5,22,1.2,23.2
"2026-09-05 09:00:00",7759,100,1000,7999,30,356,1000,"NAN",1.04,1020.1,76,26.9,22.3,1.2,23.6
"2026-09-05 09:15:00",7760,100,1000,7999,348,327,1000,"NAN",0.62,1020.3,75,27.4,22.6,1.2,23.9
"2026-09-05 09:30:00",7761,41.37694,2.216583,2,260,214,0.64,216,0.44,1020.4,71,27.7,22.1,1.2,23.7
"2026-09-05 09:45:00",7762,41.37697,2.216613,2,200,164,1.27,166,1.04,1020.3,70,28.8,22.8,1.2,24.5
"2026-09-05 10:00:00",7763,41.377,2.216651,2,150,196,1.43,198,1.22,1020.5,75,28.2,23.4,1.2,24.7
"2026-09-05 10:15:00",7764,41.37697,2.216658,-2,98,168,1.06,170,1.06,1020.6,75,27.7,22.9,1.2,24.2
"2026-09-05 10:30:00",7765,41.37696,2.216663,-4,97,198,1.67,200,1.63,1020.7,74,27.8,22.8,1.2,24.2
"2026-09-05 10:45:00",7766,41.37697,2.21667,0,174,197,0.71,199,0.68,1020.9,74,28.1,23,1.2,24.4
"2026-09-05 11:00:00",7767,41.377,2.216648,1,94,105,0.49,107,0.58,1021.1,71,28.8,23.1,1.2,24.7
"2026-09-05 11:15:00",7768,41.37695,2.216662,1,148,132,0.14,134,0.32,1021.2,69,30,23.7,1.2,25.5
"2026-09-05 11:30:00",7769,41.37694,2.216724,-1,221,176,0.62,178,0.63,1021.2,69,29.9,23.8,1.2,25.5
"2026-09-05 11:45:00",7770,41.3769,2.216706,4,173,240,0.08,242,0.08,1021.3,68,30.3,23.8,1.2,25.6
"2026-09-05 12:00:00",7771,41.37689,2.216729,3,193,139,0.29,141,0.39,1021.4,69,30.5,24.2,1.2,26
"2026-09-05 12:15:00",7772,41.37689,2.216718,3,231,169,0.5,171,0.53,1021.4,66,30.5,23.6,1.2,25.5
"2026-09-05 12:30:00",7773,41.3769,2.216728,5,259,205,0.35,207,0.31,1021.4,66,30.4,23.4,1.2,25.4
"2026-09-05 12:45:00",7774,41.3769,2.216721,5,249,202,0.56,204,0.49,1021.3,69,29.5,23.4,1.2,25.1
"2026-09-05 13:00:00",7775,41.3769,2.216728,4,243,186,0.98,188,0.97,1021.2,74,29.6,24.5,1.2,25.9
"2026-09-05 13:15:00",7776,41.37691,2.216715,3,211,164,0.63,166,0.63,1021.2,74,29.2,24.2,1.2,25.6
"2026-09-05 13:30:00",7777,41.37691,2.216698,3,259,208,0.69,210,0.69,1021.5,76,29.4,24.8,1.2,26
"2026-09-05 13:45:00",7778,41.37693,2.216681,0,177,145,0.55,147,0.55,1021.5,73,30.2,24.8,1.2,26.2
"2026-09-05 14:00:00",7779,41.37694,2.21668,7,140,135,0.69,137,0.62,1021.4,72,30.2,24.6,1.2,26.1
"2026-09-05 14:15:00",7780,41.37707,2.216532,-24,135,108,0.92,110,0.92,1021.4,74,29.9,24.9,1.2,26.2
"2026-09-05 14:30:00",7781,41.37701,2.216605,-3,99,92,1.55,94,1.52,1021.1,75,29.1,24.2,1.2,25.5
"2026-09-05 14:45:00",7782,41.37701,2.216606,0,92,97,1.37,99,1.41,1021.1,75,29,24.3,1.2,25.5
"2026-09-05 15:00:00",7783,41.377,2.216655,5,133,127,1.49,129,1.53,1021.1,77,29.1,24.8,1.2,25.9
"2026-09-05 15:15:00",7784,41.37697,2.216643,2,150,138,1.03,140,1.17,1021.1,78,29.1,24.9,1.2,26
"2026-09-05 15:30:00",7785,41.37696,2.216641,3,158,146,1.1,148,1.25,1021,79,29.1,25.3,1.2,26.3
"2026-09-05 15:45:00",7786,41.37698,2.216598,3,191,196,1.54,198,1.54,1021,81,28.9,25.3,1.2,26.2
"2026-09-05 16:00:00",7787,41.37697,2.216611,2,163,173,1.82,175,1.93,1020.9,80,28.7,25.1,1.2,26
"2026-09-05 16:15:00",7788,41.37695,2.216613,-1,189,187,2.8,189,2.74,1020.9,82,28.7,25.4,1.2,26.2
"2026-09-05 16:30:00",7789,41.37696,2.216611,-1,201,193,2.04,195,2,1020.9,85,28.4,25.7,1.2,26.4
"2026-09-05 16:45:00",7790,41.377,2.216591,0,181,205,3.1,207,3.17,1020.7,87,28.3,26,1.2,26.6
"2026-09-05 17:00:00",7791,41.37701,2.216574,2,188,210,3.76,212,3.76,1020.6,87,28.2,26,1.2,26.5
"2026-09-05 17:15:00",7792,41.37701,2.216596,0,188,218,3.34,220,3.34,1020.4,88,28.1,25.9,1.2,26.5
"2026-09-05 17:30:00",7793,41.37703,2.216586,1,183,217,3.29,219,3.19,1020.4,88,28.2,26,1.2,26.6
"2026-09-05 17:45:00",7794,41.377,2.216608,0,152,188,3.27,190,3.13,1020.2,87,28.1,25.8,1.2,26.4
"2026-09-05 18:00:00",7795,41.377,2.216633,2,89,184,3.35,186,3.18,1020.3,88,28,26,1.2,26.5
"2026-09-05 18:15:00",7796,41.377,2.216623,2,111,195,3.82,197,3.76,1020.3,89,27.9,26,1.2,26.5
"2026-09-05 18:30:00",7797,41.37701,2.2166,3,104,188,4.59,190,4.61,1020.2,89,27.7,25.8,1.2,26.3
"2026-09-05 18:45:00",7798,41.377,2.216613,5,100,195,5.17,197,5.19,1020.2,89,27.7,25.9,1.2,26.3
"2026-09-05 19:00:00",7799,41.377,2.216633,8,109,189,4.31,191,4.31,1020.2,90,27.7,25.9,1.2,26.3
"2026-09-05 19:15:00",7800,41.37697,2.216595,-5,94,185,4.05,187,4.16,1020.2,90,27.7,26,1.2,26.4
"2026-09-05 19:30:00",7801,41.37704,2.216574,0,101,185,4.37,187,4.39,1020.2,90,27.5,25.8,1.2,26.3
"2026-09-05 19:45:00",7802,41.37707,2.216586,6,112,193,3.35,195,3.46,1020.2,90,27.6,25.9,1.2,26.3
"2026-09-05 20:00:00",7803,41.37708,2.216601,1,108,198,3.16,200,3.32,1020.2,91,27.6,26,1.2,26.4
"2026-09-05 20:15:00",7804,41.37712,2.216731,-4,103,199,3.9,201,3.85,1020.3,91,27.5,25.9,1.2,26.3
"2026-09-05 20:30:00",7805,41.37704,2.216716,-3,93,206,3.52,208,3.52,1020.4,91,27.5,26,1.2,26.4
"2026-09-05 20:45:00",7806,41.377,2.216698,1,98,209,3.55,211,3.48,1020.5,90,27.5,25.8,1.2,26.3
"2026-09-05 21:00:00",7807,41.37694,2.216715,5,97,199,4.37,201,4.37,1020.5,90,27.4,25.7,1.2,26.1
"2026-09-05 21:15:00",7808,100,1000,7999,103,205,1000,"NAN",2.7,1020.5,90,27.4,25.8,1.2,26.2
"2026-09-05 21:30:00",7809,100,1000,7999,108,214,1000,"NAN",3.29,1020.5,89,27.5,25.5,1.2,26
"2026-09-05 21:45:00",7810,100,1000,7999,104,210,1000,"NAN",3.29,1020.5,89,27.5,25.6,1.2,26.1
"2026-09-05 22:00:00",7811,41.37682,2.216858,7,105,208,3.08,210,3.08,1020.5,89,27.5,25.6,1.2,26.1
"2026-09-05 22:15:00",7812,41.37688,2.216863,7,108,209,3.58,211,3.58,1020.7,89,27.4,25.5,1.2,26
"2026-09-05 22:30:00",7813,41.37694,2.216822,7,97,205,3.52,207,3.58,1020.7,89,27.5,25.7,1.2,26.1
"2026-09-05 22:45:00",7814,41.37695,2.216793,4,110,212,3.66,214,3.66,1020.7,89,27.4,25.5,1.2,26
"2026-09-05 23:00:00",7815,41.37697,2.216723,2,102,210,3.38,212,3.38,1020.8,89,27.5,25.5,1.2,26
"2026-09-05 23:15:00",7816,41.37703,2.216673,1,105,216,3.66,218,3.66,1020.7,89,27.4,25.5,1.2,26
"2026-09-05 23:30:00",7817,41.3771,2.216623,1,115,225,2.73,227,2.73,1020.5,89,27.4,25.6,1.2,26
"2026-09-05 23:45:00",7818,41.3771,2.216688,2,99,218,3.57,220,3.57,1020.6,89,27.3,25.5,1.2,25.9
"2026-09-06 00:00:00",7819,41.37708,2.216826,1,105,225,2.73,227,2.73,1020.5,89,27.3,25.5,1.2,25.9
"2026-09-06 00:15:00",7820,41.37697,2.216896,7,93,219,3.26,221,3.29,1020.5,89,27.3,25.4,1.2,25.8
"2026-09-06 00:30:00",7821,41.37698,2.216967,8,97,216,4.05,218,4.05,1020.5,87,27.3,25,1.2,25.6
"2026-09-06 00:45:00",7822,41.37704,2.217168,8,106,224,3.95,226,3.95,1020.5,88,27.4,25.3,1.2,25.8
"2026-09-06 01:00:00",7823,41.37723,2.217414,8,108,223,4.3,225,4.32,1020.5,88,27.2,25.1,1.2,25.6
"2026-09-06 01:15:00",7824,41.37734,2.217425,3,107,229,5.03,231,5.05,1020.4,86,27.1,24.7,1.2,25.3
"2026-09-06 01:30:00",7825,41.37738,2.217435,4,116,233,3.97,235,4,1020.2,83,27.1,24.1,1.2,24.8
"2026-09-06 01:45:00",7826,41.37738,2.217426,3,99,219,4.51,221,4.51,1020.2,86,27,24.5,1.2,25.1
"2026-09-06 02:00:00",7827,41.37738,2.217428,2,98,224,4.68,226,4.79,1020,85,26.8,24.2,1.2,24.9
"2026-09-06 02:15:00",7828,41.37734,2.217443,2,98,225,4.65,227,4.71,1020,86,26.9,24.4,1.2,25
"2026-09-06 02:30:00",7829,41.3773,2.21744,2,95,228,4.71,230,4.74,1019.9,82,26.9,23.6,1.2,24.4
"2026-09-06 02:45:00",7830,41.37728,2.217435,2,107,227,3.52,229,3.62,1019.7,80,27,23.3,1.2,24.3
"2026-09-06 03:00:00",7831,41.3773,2.217416,1,96,217,4.3,219,4.45,1019.7,78,27,23,1.2,24
"2026-09-06 03:15:00",7832,41.37733,2.217428,-1,115,224,4.5,226,4.63,1019.6,79,26.8,22.8,1.2,23.9
"2026-09-06 03:30:00",7833,41.37721,2.217431,-3,105,230,5.38,232,5.38,1019.6,79,26.7,22.8,1.2,23.9
"2026-09-06 03:45:00",7834,41.3771,2.217325,-4,93,238,4.9,240,4.81,1019.4,78,26.5,22.5,1.2,23.6
"2026-09-06 04:00:00",7835,41.37701,2.217258,1,106,235,3.76,237,3.71,1019.4,79,26.3,22.4,1.2,23.4
"2026-09-06 04:15:00",7836,41.37701,2.217247,3,112,231,4.87,233,4.87,1019.3,78,25.9,21.7,1.2,22.9
"2026-09-06 04:30:00",7837,41.377,2.217163,2,110,229,4.44,231,4.36,1019.3,80,25.9,22.2,1.2,23.2
"2026-09-06 04:45:00",7838,41.37697,2.216976,-3,104,225,4.35,227,4.35,1019.3,80,25.9,22.3,1.2,23.3
"2026-09-06 05:00:00",7839,41.377,2.216902,-4,98,224,4.29,226,4.29,1019.2,78,25.9,22,1.2,23.1
"2026-09-06 05:15:00",7840,41.37697,2.216861,-5,108,238,3.6,240,3.48,1019.1,77,25.9,21.6,1.2,22.8
"2026-09-06 05:30:00",7841,41.37696,2.216793,-4,99,234,2.6,236,2.6,1019,77,26,21.9,1.2,23
"2026-09-06 05:45:00",7842,41.37694,2.21675,1,106,228,3.28,230,3.14,1019,76,26.2,21.8,1.2,23
"2026-09-06 06:00:00",7843,41.37692,2.216731,2,89,221,1.42,223,1.37,1019,74,26.1,21.2,1.2,22.6
"2026-09-06 06:15:00",7844,41.37694,2.216753,5,83,226,1.06,228,1.06,1018.9,73,26.3,21.1,1.2,22.6
"2026-09-06 06:30:00",7845,41.3769,2.216726,6,85,229,0.58,231,0.51,1018.9,73,26.3,21,1.2,22.6
"2026-09-06 06:45:00",7846,41.37688,2.216718,6,300,135,0.01,137,0.21,1018.8,73,26.3,21.2,1.2,22.7
"2026-09-06 07:00:00",7847,41.37687,2.2167,6,108,252,0.92,254,0.69,1018.8,74,26.4,21.6,1.2,23
"2026-09-06 07:15:00",7848,41.37687,2.216663,5,75,234,0.33,236,0.33,1018.9,75,26.4,21.7,1.2,23
"2026-09-06 07:30:00",7849,41.37688,2.216653,6,255,38,1.16,39.95,1.34,1019,74,26.4,21.5,1.2,22.9
"2026-09-06 07:45:00",7850,41.37688,2.216675,2,117,49,2.06,50.95,2.22,1019.1,70,26.5,20.8,1.2,22.4
"2026-09-06 08:00:00",7851,41.3769,2.216662,3,87,12,2.33,13.95,2.38,1019.2,68,26.5,20.2,1.2,22.1
"2026-09-06 08:15:00",7852,41.37689,2.216659,6,92,26,2.57,27.95,2.57,1019.5,66,26.1,19.3,1.2,21.4
"2026-09-06 08:30:00",7853,41.37687,2.216673,7,89,12,3.14,13.95,3.27,1019.6,67,25.9,19.5,1.2,21.4
