{"type": "FeatureCollection", "features": [{"type": "Feature", "geometry": {"type": "Point", "coordinates": [1.5478, 40.4491]}, "properties": {"var_data": [1.157, -0.285, 0.087, 0.031, 3.148, -0.003, 4, 1, 4, 1, 1]}}, {"type": "Feature", "geometry": {"type": "Point", "coordinates": [1.58314, 40.4491]}, "properties": {"var_data": [1.821, -0.335, 0.139, 0.033, 4.495, -0.004, 4, 1, 4, 4, 4]}}, {"type": "Feature", "geometry": {"type": "Point", "coordinates": [1.51246, 40.476101]}, "properties": {"var_data": [1.198, -0.335, 0.089, 0.033, 3.018, -0.003, 4, 1, 4, 1, 1]}}, {"type": "Feature", "geometry": {"type": "Point", "coordinates": [1.5478, 40.476101]}, "properties": {"var_data": [1.219, -0.295, 0.071, 0.024, 2.041, -0.002, 4, 1, 4, 1, 1]}}, {"type": "Feature", "geometry": {"type": "Point", "coordinates": [1.58314, 40.476101]}, "properties": {"var_data": [1.75, -0.315, 0.118, 0.025, 3.351, -0.002, 4, 1, 4, 1, 4]}}, {"type": "Feature", "geometry": {"type": "Point", "coordinates": [1.61848, 40.476101]}, "properties": {"var_data": [1.988, -0.313, 0.12, 0.026, 3.577, -0.002, 4, 1, 4, 1, 4]}}, {"type": "Feature", "geometry": {"type": "Point", "coordinates": [1.68916, 40.476101]}, "properties": {"var_data": [1.21, 0.017, 0.178, 0.032, 1.784, 0.0, 1, 1, 1, 1, 1]}}, {"type": "Feature", "geometry": {"type": "Point", "coordinates": [1.15906, 40.503101]}, "properties": {"var_data": [1.428, -0.878, 0.132, 0.066, 5.332, -0.009, 4, 0, 4, 1, 1]}}, {"type": "Feature", "geometry": {"type": "Point", "coordinates": [1.1944, 40.503101]}, "properties": {"var_data": [1.516, -0.919, 0.127, 0.064, 4.866, -0.008, 4, 0, 4, 1, 4]}}, {"type": "Feature", "geometry": {"type": "Point", "coordinates": [1.22974, 40.503101]}, "properties": {"var_data": [0.933, -0.465, 0.263, 0.163, 5.812, -0.043, 4, 0, 4, 1, 1]}}, {"type": "Feature", "geometry": {"type": "Point", "coordinates": [1.51246, 40.503101]}, "properties": {"var_data": [1.233, -0.315, 0.072, 0.025, 1.948, -0.002, 1, 1, 1, 1, 1]}}, {"type": "Feature", "geometry": {"type": "Point", "coordinates": [1.5478, 40.503101]}, "properties": {"var_data": [1.204, -0.279, 0.07, 0.024, 1.756, -0.002, 1, 1, 1, 1, 1]}}, {"type": "Feature", "geometry": {"type": "Point", "coordinates": [1.58314, 40.503101]}, "properties": {"var_data": [1.31, -0.286, 0.102, 0.024, 2.035, -0.002, 4, 1, 4, 1, 1]}}, {"type": "Feature", "geometry": {"type": "Point", "coordinates": [1.61848, 40.503101]}, "properties": {"var_data": [1.565, -0.293, 0.112, 0.025, 2.594, -0.002, 4, 1, 4, 1, 1]}}, {"type": "Feature", "geometry": {"type": "Point", "coordinates": [1.68916, 40.503101]}, "properties": {"var_data": [1.327, 0.037, 0.174, 0.032, 1.628, -0.001, 1, 1, 1, 1, 1]}}, {"type": "Feature", "geometry": {"type": "Point", "coordinates": [1.7245, 40.503101]}, "properties": {"var_data": [1.515, 0.083, 0.149, 0.022, 1.501, -0.001, 1, 1, 1, 1, 1]}}, {"type": "Feature", "geometry": {"type": "Point", "coordinates": [1.12372, 40.530102]}, "properties": {"var_data": [1.535, -0.927, 0.163, 0.079, 6.532, -0.013, 4, 0, 4, 4, 4]}}, {"type": "Feature", "geometry": {"type": "Point", "coordinates": [1.15906, 40.530102]}, "properties": {"var_data": [1.516, -0.919, 0.127, 0.064, 4.866, -0.008, 4, 1, 4, 1, 4]}}, {"type": "Feature", "geometry": {"type": "Point", "coordinates": [1.1944, 40.530102]}, "properties": {"var_data": [1.354, -0.844, 0.1, 0.053, 4.613, -0.005, 4, 4, 4, 1, 1]}}, {"type": "Feature", "geometry": {"type": "Point", "coordinates": [1.22974, 40.530102]}, "properties": {"var_data": [1.257, -0.799, 0.053, 0.035, 4.455, -0.002, 4, 4, 4, 1, 1]}}, {"type": "Feature", "geometry": {"type": "Point", "coordinates": [1.51246, 40.530102]}, "properties": {"var_data": [1.138, -0.288, 0.103, 0.038, 1.768, -0.004, 1, 1, 1, 1, 1]}}, {"type": "Feature", "geometry": {"type": "Point", "coordinates": [1.5478, 40.530102]}, "properties": {"var_data": [1.25, -0.3, 0.094, 0.024, 1.557, -0.002, 1, 1, 1, 1, 1]}}, {"type": "Feature", "geometry": {"type": "Point", "coordinates": [1.58314, 40.530102]}, "properties": {"var_data": [1.379, -0.291, 0.096, 0.024, 1.667, -0.002, 1, 1, 1, 1, 1]}}, {"type": "Feature", "geometry": {"type": "Point", "coordinates": [1.61848, 40.530102]}, "properties": {"var_data": [1.692, -0.304, 0.134, 0.024, 2.221, -0.002, 4, 1, 4, 1, 4]}}, {"type": "Feature", "geometry": {"type": "Point", "coordinates": [1.65382, 40.530102]}, "properties": {"var_data": [1.055, 0.011, 0.245, 0.065, 1.948, -0.014, 1, 1, 1, 1, 1]}}, {"type": "Feature", "geometry": {"type": "Point", "coordinates": [1.68916, 40.530102]}, "properties": {"var_data": [1.342, 0.063, 0.169, 0.031, 1.506, 0.0, 1, 1, 1, 1, 1]}}, {"type": "Feature", "geometry": {"type": "Point", "coordinates": [1.7245, 40.530102]}, "properties": {"var_data": [1.574, 0.117, 0.15, 0.022, 1.461, -0.001, 1, 1, 1, 1, 1]}}, {"type": "Feature", "geometry": {"type": "Point", "coordinates": [1.75984, 40.530102]}, "properties": {"var_data": [1.713, 0.158, 0.095, 0.017, 1.398, 0.0, 4, 4, 1, 1, 4]}}, {"type": "Feature", "geometry": {"type": "Point", "coordinates": [1.15906, 40.557098]}, "properties": {"var_data": [1.354, -0.844, 0.1, 0.053, 4.613, -0.005, 4, 4, 4, 1, 1]}}, {"type": "Feature", "geometry": {"type": "Point", "coordinates": [1.1944, 40.557098]}, "properties": {"var_data": [1.304, -0.821, 0.053, 0.035, 4.346, -0.002, 4, 4, 4, 1, 1]}}, {"type": "Feature", "geometry": {"type": "Point", "coordinates": [1.22974, 40.557098]}, "properties": {"var_data": [1.338, -0.836, 0.053, 0.035, 4.267, -0.002, 4, 4, 4, 1, 1]}}, {"type": "Feature", "geometry": {"type": "Point", "coordinates": [1.44178, 40.557098]}, "properties": {"var_data": [0.714, -0.228, 0.316, 0.148, 3.928, -0.046, 4, 1, 4, 1, 1]}}, {"type": "Feature", "geometry": {"type": "Point", "coordinates": [1.51246, 40.557098]}, "properties": {"var_data": [0.998, -0.258, 0.148, 0.054, 1.425, -0.007, 1, 1, 1, 1, 1]}}, {"type": "Feature", "geometry": {"type": "Point", "coordinates": [1.5478, 40.557098]}, "properties": {"var_data": [1.235, -0.283, 0.111, 0.032, 1.507, -0.003, 1, 1, 1, 1, 1]}}, {"type": "Feature", "geometry": {"type": "Point", "coordinates": [1.58314, 40.557098]}, "properties": {"var_data": [1.404, -0.274, 0.118, 0.031, 1.553, -0.003, 1, 1, 1, 1, 1]}}, {"type": "Feature", "geometry": {"type": "Point", "coordinates": [1.61848, 40.557098]}, "properties": {"var_data": [1.745, -0.275, 0.223, 0.055, 2.319, -0.011, 4, 1, 4, 1, 4]}}, {"type": "Feature", "geometry": {"type": "Point", "coordinates": [1.65382, 40.557098]}, "properties": {"var_data": [0.973, 0.056, 0.147, 0.037, 1.628, -0.004, 1, 1, 1, 1, 1]}}, {"type": "Feature", "geometry": {"type": "Point", "coordinates": [1.68916, 40.557098]}, "properties": {"var_data": [1.208, 0.038, 0.122, 0.029, 1.364, -0.002, 1, 1, 1, 1, 1]}}, {"type": "Feature", "geometry": {"type": "Point", "coordinates": [1.7245, 40.557098]}, "properties": {"var_data": [1.548, 0.121, 0.147, 0.023, 1.366, -0.001, 1, 1, 1, 1, 1]}}, {"type": "Feature", "geometry": {"type": "Point", "coordinates": [1.75984, 40.557098]}, "properties": {"var_data": [1.616, 0.167, 0.09, 0.015, 1.397, -0.0, 1, 1, 1, 1, 1]}}, {"type": "Feature", "geometry": {"type": "Point", "coordinates": [1.79518, 40.557098]}, "properties": {"var_data": [1.8, 0.259, 0.104, 0.017, 2.259, -0.0, 4, 4, 4, 1, 4]}}, {"type": "Feature", "geometry": {"type": "Point", "coordinates": [1.83052, 40.557098]}, "properties": {"var_data": [1.685, 0.343, 0.097, 0.017, 1.571, 0.0, 4, 4, 1, 1, 4]}}, {"type": "Feature", "geometry": {"type": "Point", "coordinates": [1.86586, 40.557098]}, "properties": {"var_data": [1.867, 0.44, 0.236, 0.033, 2.258, 0.002, 4, 1, 4, 1, 4]}}, {"type": "Feature", "geometry": {"type": "Point", "coordinates": [1.9012, 40.557098]}, "properties": {"var_data": [0.436, 0.334, 0.106, 0.037, 0.882, 0.003, 4, 4, 1, 1, 1]}}, {"type": "Feature", "geometry": {"type": "Point", "coordinates": [1.93654, 40.557098]}, "properties": {"var_data": [0.339, 0.343, 0.113, 0.045, 0.909, 0.004, 4, 4, 1, 1, 1]}}, {"type": "Feature", "geometry": {"type": "Point", "coordinates": [1.97188, 40.557098]}, "properties": {"var_data": [0.197, 0.318, 0.144, 0.05, 0.971, 0.005, 1, 0, 1, 1, 1]}}, {"type": "Feature", "geometry": {"type": "Point", "coordinates": [2.00722, 40.557098]}, "properties": {"var_data": [0.169, 0.284, 0.149, 0.053, 0.984, 0.005, 4, 4, 1, 1, 1]}}, {"type": "Feature", "geometry": {"type": "Point", "coordinates": [1.1944, 40.584099]}, "properties": {"var_data": [1.299, -0.817, 0.053, 0.035, 3.766, -0.002, 4, 1, 4, 1, 1]}}, {"type": "Feature", "geometry": {"type": "Point", "coordinates": [1.22974, 40.584099]}, "properties": {"var_data": [1.539, -0.978, 0.053, 0.035, 4.272, -0.002, 4, 1, 4, 1, 4]}}, {"type": "Feature", "geometry": {"type": "Point", "coordinates": [1.26508, 40.584099]}, "properties": {"var_data": [1.343, -0.834, 0.789, 0.564, 5.701, -0.445, 4, 4, 4, 1, 1]}}, {"type": "Feature", "geometry": {"type": "Point", "coordinates": [1.40644, 40.584099]}, "properties": {"var_data": [0.728, -0.244, 0.123, 0.065, 2.294, -0.008, 4, 1, 4, 1, 1]}}, {"type": "Feature", "geometry": {"type": "Point", "coordinates": [1.44178, 40.584099]}, "properties": {"var_data": [0.701, -0.238, 0.157, 0.072, 2.73, -0.011, 4, 1, 4, 1, 1]}}, {"type": "Feature", "geometry": {"type": "Point", "coordinates": [1.47712, 40.584099]}, "properties": {"var_data": [0.684, -0.196, 0.17, 0.073, 2.919, -0.012, 4, 1, 4, 1, 1]}}, {"type": "Feature", "geometry": {"type": "Point", "coordinates": [1.51246, 40.584099]}, "properties": {"var_data": [0.93, -0.255, 0.129, 0.053, 1.431, -0.006, 1, 1, 1, 1, 1]}}, {"type": "Feature", "geometry": {"type": "Point", "coordinates": [1.5478, 40.584099]}, "properties": {"var_data": [1.288, -0.277, 0.083, 0.019, 1.507, -0.001, 1, 1, 1, 1, 1]}}, {"type": "Feature", "geometry": {"type": "Point", "coordinates": [1.58314, 40.584099]}, "properties": {"var_data": [1.382, -0.262, 0.078, 0.018, 1.489, -0.001, 1, 1, 1, 1, 1]}}, {"type": "Feature", "geometry": {"type": "Point", "coordinates": [1.61848, 40.584099]}, "properties": {"var_data": [1.587, -0.278, 0.109, 0.029, 1.835, -0.002, 1, 1, 1, 1, 1]}}, {"type": "Feature", "geometry": {"type": "Point", "coordinates": [1.65382, 40.584099]}, "properties": {"var_data": [1.138, 0.02, 0.131, 0.032, 1.479, -0.003, 1, 1, 1, 1, 1]}}, {"type": "Feature", "geometry": {"type": "Point", "coordinates": [1.68916, 40.584099]}, "properties": {"var_data": [1.354, 0.031, 0.112, 0.024, 1.285, -0.001, 1, 1, 1, 1, 1]}}, {"type": "Feature", "geometry": {"type": "Point", "coordinates": [1.7245, 40.584099]}, "properties": {"var_data": [1.538, 0.095, 0.131, 0.021, 1.339, -0.001, 1, 1, 1, 1, 1]}}, {"type": "Feature", "geometry": {"type": "Point", "coordinates": [1.75984, 40.584099]}, "properties": {"var_data": [1.623, 0.143, 0.157, 0.021, 1.48, -0.002, 1, 1, 1, 1, 1]}}, {"type": "Feature", "geometry": {"type": "Point", "coordinates": [1.79518, 40.584099]}, "properties": {"var_data": [1.486, 0.29, 0.176, 0.023, 1.681, -0.002, 1, 1, 1, 1, 1]}}, {"type": "Feature", "geometry": {"type": "Point", "coordinates": [1.83052, 40.584099]}, "properties": {"var_data": [1.541, 0.352, 0.173, 0.022, 1.659, -0.002, 1, 1, 1, 1, 1]}}, {"type": "Feature", "geometry": {"type": "Point", "coordinates": [1.86586, 40.584099]}, "properties": {"var_data": [1.658, 0.43, 0.085, 0.027, 1.492, 0.001, 4, 1, 1, 1, 4]}}, {"type": "Feature", "geometry": {"type": "Point", "coordinates": [1.9012, 40.584099]}, "properties": {"var_data": [1.541, 0.449, 0.095, 0.024, 1.4, 0.002, 1, 1, 1, 1, 1]}}, {"type": "Feature", "geometry": {"type": "Point", "coordinates": [1.93654, 40.584099]}, "properties": {"var_data": [0.394, 0.361, 0.089, 0.025, 0.909, 0.001, 4, 4, 1, 1, 1]}}, {"type": "Feature", "geometry": {"type": "Point", "coordinates": [1.97188, 40.584099]}, "properties": {"var_data": [0.393, 0.313, 0.085, 0.025, 0.901, 0.001, 4, 4, 1, 1, 1]}}, {"type": "Feature", "geometry": {"type": "Point", "coordinates": [2.00722, 40.584099]}, "properties": {"var_data": [0.166, 0.285, 0.138, 0.048, 0.966, 0.004, 1, 0, 1, 1, 1]}}, {"type": "Feature", "geometry": {"type": "Point", "coordinates": [2.04256, 40.584099]}, "properties": {"var_data": [1.025, 0.522, 0.195, 0.072, 1.911, 0.011, 1, 1, 1, 1, 1]}}, {"type": "Feature", "geometry": {"type": "Point", "coordinates": [2.0779, 40.584099]}, "properties": {"var_data": [1.185, 0.55, 0.144, 0.068, 1.565, 0.008, 1, 1, 1, 1, 1]}}, {"type": "Feature", "geometry": {"type": "Point", "coordinates": [1.1944, 40.611099]}, "properties": {"var_data": [1.013, -0.658, 0.293, 0.21, 4.484, -0.062, 4, 1, 4, 1, 1]}}, {"type": "Feature", "geometry": {"type": "Point", "coordinates": [1.22974, 40.611099]}, "properties": {"var_data": [1.028, -0.647, 0.293, 0.21, 4.48, -0.062, 4, 1, 4, 1, 1]}}, {"type": "Feature", "geometry": {"type": "Point", "coordinates": [1.26508, 40.611099]}, "properties": {"var_data": [1.358, -0.841, 0.789, 0.564, 5.694, -0.445, 4, 0, 4, 1, 1]}}, {"type": "Feature", "geometry": {"type": "Point", "coordinates": [1.3711, 40.611099]}, "properties": {"var_data": [0.655, -0.218, 0.227, 0.133, 3.017, -0.03, 4, 1, 4, 1, 1]}}, {"type": "Feature", "geometry": {"type": "Point", "coordinates": [1.40644, 40.611099]}, "properties": {"var_data": [0.536, -0.164, 0.095, 0.051, 1.935, -0.005, 1, 1, 1, 1, 1]}}, {"type": "Feature", "geometry": {"type": "Point", "coordinates": [1.44178, 40.611099]}, "properties": {"var_data": [0.489, -0.151, 0.099, 0.05, 2.074, -0.005, 4, 1, 4, 1, 1]}}, {"type": "Feature", "geometry": {"type": "Point", "coordinates": [1.47712, 40.611099]}, "properties": {"var_data": [0.543, -0.166, 0.144, 0.058, 2.532, -0.008, 4, 1, 4, 1, 1]}}, {"type": "Feature", "geometry": {"type": "Point", "coordinates": [1.51246, 40.611099]}, "properties": {"var_data": [0.855, -0.236, 0.061, 0.019, 1.409, -0.001, 1, 1, 1, 1, 1]}}, {"type": "Feature", "geometry": {"type": "Point", "coordinates": [1.5478, 40.611099]}, "properties": {"var_data": [1.058, -0.248, 0.065, 0.017, 1.285, -0.001, 1, 1, 1, 1, 1]}}, {"type": "Feature", "geometry": {"type": "Point", "coordinates": [1.58314, 40.611099]}, "properties": {"var_data": [1.393, -0.253, 0.079, 0.017, 1.479, -0.001, 1, 1, 1, 1, 1]}}, {"type": "Feature", "geometry": {"type": "Point", "coordinates": [1.61848, 40.611099]}, "properties": {"var_data": [1.526, -0.249, 0.08, 0.018, 1.606, -0.001, 1, 1, 1, 1, 1]}}, {"type": "Feature", "geometry": {"type": "Point", "coordinates": [1.65382, 40.611099]}, "properties": {"var_data": [1.089, -0.001, 0.094, 0.022, 1.291, -0.001, 1, 1, 1, 1, 1]}}, {"type": "Feature", "geometry": {"type": "Point", "coordinates": [1.68916, 40.611099]}, "properties": {"var_data": [1.269, 0.04, 0.085, 0.018, 1.242, -0.001, 1, 1, 1, 1, 1]}}, {"type": "Feature", "geometry": {"type": "Point", "coordinates": [1.7245, 40.611099]}, "properties": {"var_data": [1.428, 0.08, 0.086, 0.017, 1.409, -0.0, 1, 1, 1, 1, 1]}}, {"type": "Feature", "geometry": {"type": "Point", "coordinates": [1.75984, 40.611099]}, "properties": {"var_data": [1.504, 0.153, 0.108, 0.018, 1.42, -0.001, 1, 1, 1, 1, 1]}}, {"type": "Feature", "geometry": {"type": "Point", "coordinates": [1.79518, 40.611099]}, "properties": {"var_data": [1.487, 0.253, 0.137, 0.02, 1.703, -0.001, 1, 1, 1, 1, 1]}}, {"type": "Feature", "geometry": {"type": "Point", "coordinates": [1.83052, 40.611099]}, "properties": {"var_data": [1.468, 0.367, 0.176, 0.021, 1.832, -0.002, 1, 1, 1, 1, 1]}}, {"type": "Feature", "geometry": {"type": "Point", "coordinates": [1.86586, 40.611099]}, "properties": {"var_data": [1.502, 0.403, 0.057, 0.019, 1.262, 0.001, 1, 1, 1, 1, 1]}}, {"type": "Feature", "geometry": {"type": "Point", "coordinates": [1.9012, 40.611099]}, "properties": {"var_data": [1.717, 0.492, 0.07, 0.021, 1.4, 0.001, 4, 1, 1, 1, 4]}}, {"type": "Feature", "geometry": {"type": "Point", "coordinates": [1.93654, 40.611099]}, "properties": {"var_data": [1.362, 0.48, 0.075, 0.025, 1.362, 0.001, 1, 1, 1, 1, 1]}}, {"type": "Feature", "geometry": {"type": "Point", "coordinates": [1.97188, 40.611099]}, "properties": {"var_data": [1.387, 0.51, 0.094, 0.026, 1.633, 0.002, 1, 1, 1, 1, 1]}}, {"type": "Feature", "geometry": {"type": "Point", "coordinates": [2.00722, 40.611099]}, "properties": {"var_data": [1.265, 0.535, 0.167, 0.029, 2.548, 0.003, 4, 0, 4, 1, 1]}}, {"type": "Feature", "geometry": {"type": "Point", "coordinates": [2.04256, 40.611099]}, "properties": {"var_data": [1.195, 0.573, 0.13, 0.06, 1.386, 0.007, 1, 1, 1, 1, 1]}}, {"type": "Feature", "geometry": {"type": "Point", "coordinates": [2.0779, 40.611099]}, "properties": {"var_data": [1.271, 0.615, 0.129, 0.063, 1.365, 0.007, 1, 1, 1, 1, 1]}}, {"type": "Feature", "geometry": {"type": "Point", "coordinates": [2.11324, 40.611099]}, "properties": {"var_data": [1.474, 0.761, 0.147, 0.062, 1.573, 0.009, 1, 1, 1, 1, 1]}}, {"type": "Feature", "geometry": {"type": "Point", "coordinates": [1.1944, 40.6381]}, "properties": {"var_data": [1.018, -0.684, 0.509, 0.435, 4.112, -0.221, 4, 0, 4, 1, 1]}}, {"type": "Feature", "geometry": {"type": "Point", "coordinates": [1.22974, 40.6381]}, "properties": {"var_data": [0.91, -0.543, 0.149, 0.121, 3.174, -0.018, 4, 4, 4, 1, 1]}}, {"type": "Feature", "geometry": {"type": "Point", "coordinates": [1.26508, 40.6381]}, "properties": {"var_data": [1.021, -0.602, 0.145, 0.116, 3.313, -0.017, 4, 4, 4, 1, 1]}}, {"type": "Feature", "geometry": {"type": "Point", "coordinates": [1.30042, 40.6381]}, "properties": {"var_data": [1.219, -0.723, 0.429, 0.304, 4.269, -0.13, 4, 4, 4, 1, 1]}}, {"type": "Feature", "geometry": {"type": "Point", "coordinates": [1.40644, 40.6381]}, "properties": {"var_data": [0.518, -0.161, 0.096, 0.052, 1.946, -0.005, 1, 1, 1, 1, 1]}}, {"type": "Feature", "geometry": {"type": "Point", "coordinates": [1.44178, 40.6381]}, "properties": {"var_data": [0.489, -0.152, 0.093, 0.05, 1.932, -0.004, 1, 1, 1, 1, 1]}}, {"type": "Feature", "geometry": {"type": "Point", "coordinates": [1.47712, 40.6381]}, "properties": {"var_data": [0.525, -0.158, 0.103, 0.051, 2.135, -0.005, 4, 1, 4, 1, 1]}}, {"type": "Feature", "geometry": {"type": "Point", "coordinates": [1.51246, 40.6381]}, "properties": {"var_data": [0.855, -0.221, 0.056, 0.018, 1.369, -0.001, 1, 1, 1, 1, 1]}}, {"type": "Feature", "geometry": {"type": "Point", "coordinates": [1.5478, 40.6381]}, "properties": {"var_data": [0.998, -0.24, 0.053, 0.015, 1.178, -0.001, 1, 1, 1, 1, 1]}}, {"type": "Feature", "geometry": {"type": "Point", "coordinates": [1.58314, 40.6381]}, "properties": {"var_data": [1.459, -0.257, 0.072, 0.014, 1.426, -0.001, 1, 1, 1, 1, 1]}}, {"type": "Feature", "geometry": {"type": "Point", "coordinates": [1.61848, 40.6381]}, "properties": {"var_data": [1.456, -0.25, 0.075, 0.015, 1.568, -0.001, 1, 1, 1, 1, 1]}}, {"type": "Feature", "geometry": {"type": "Point", "coordinates": [1.65382, 40.6381]}, "properties": {"var_data": [0.889, -0.031, 0.106, 0.024, 1.393, -0.0, 1, 1, 1, 1, 1]}}, {"type": "Feature", "geometry": {"type": "Point", "coordinates": [1.68916, 40.6381]}, "properties": {"var_data": [1.127, 0.016, 0.09, 0.019, 1.218, -0.001, 1, 1, 1, 1, 1]}}, {"type": "Feature", "geometry": {"type": "Point", "coordinates": [1.7245, 40.6381]}, "properties": {"var_data": [1.186, 0.044, 0.082, 0.017, 1.201, -0.001, 1, 1, 1, 1, 1]}}, {"type": "Feature", "geometry": {"type": "Point", "coordinates": [1.75984, 40.6381]}, "properties": {"var_data": [1.54, 0.138, 0.091, 0.015, 1.524, -0.001, 4, 4, 1, 1, 1]}}, {"type": "Feature", "geometry": {"type": "Point", "coordinates": [1.79518, 40.6381]}, "properties": {"var_data": [1.128, 0.266, 0.15, 0.022, 2.613, -0.003, 4, 1, 4, 1, 1]}}, {"type": "Feature", "geometry": {"type": "Point", "coordinates": [1.83052, 40.6381]}, "properties": {"var_data": [1.405, 0.361, 0.139, 0.017, 1.541, -0.001, 1, 1, 1, 1, 1]}}, {"type": "Feature", "geometry": {"type": "Point", "coordinates": [1.86586, 40.6381]}, "properties": {"var_data": [1.441, 0.4, 0.073, 0.024, 1.327, 0.001, 1, 1, 1, 1, 1]}}, {"type": "Feature", "geometry": {"type": "Point", "coordinates": [1.9012, 40.6381]}, "properties": {"var_data": [1.539, 0.492, 0.066, 0.019, 1.403, 0.001, 1, 1, 1, 1, 1]}}, {"type": "Feature", "geometry": {"type": "Point", "coordinates": [1.93654, 40.6381]}, "properties": {"var_data": [1.501, 0.513, 0.067, 0.021, 1.25, 0.001, 1, 1, 1, 1, 1]}}, {"type": "Feature", "geometry": {"type": "Point", "coordinates": [1.97188, 40.6381]}, "properties": {"var_data": [1.604, 0.563, 0.073, 0.024, 1.485, 0.001, 4, 1, 1, 1, 4]}}, {"type": "Feature", "geometry": {"type": "Point", "coordinates": [2.00722, 40.6381]}, "properties": {"var_data": [1.269, 0.527, 0.101, 0.026, 1.226, 0.002, 1, 0, 1, 1, 1]}}, {"type": "Feature", "geometry": {"type": "Point", "coordinates": [2.04256, 40.6381]}, "properties": {"var_data": [1.258, 0.603, 0.117, 0.052, 1.196, 0.005, 1, 1, 1, 1, 1]}}, {"type": "Feature", "geometry": {"type": "Point", "coordinates": [2.0779, 40.6381]}, "properties": {"var_data": [1.361, 0.664, 0.119, 0.055, 1.242, 0.006, 1, 1, 1, 1, 1]}}, {"type": "Feature", "geometry": {"type": "Point", "coordinates": [2.11324, 40.6381]}, "properties": {"var_data": [1.332, 0.754, 0.12, 0.063, 1.235, 0.007, 1, 1, 1, 1, 1]}}, {"type": "Feature", "geometry": {"type": "Point", "coordinates": [2.14858, 40.6381]}, "properties": {"var_data": [1.379, 0.791, 0.128, 0.056, 1.388, 0.007, 1, 1, 1, 1, 1]}}, {"type": "Feature", "geometry": {"type": "Point", "coordinates": [2.18392, 40.6381]}, "properties": {"var_data": [1.117, 0.756, 0.226, 0.09, 2.239, 0.02, 4, 1, 4, 1, 1]}}, {"type": "Feature", "geometry": {"type": "Point", "coordinates": [2.21926, 40.6381]}, "properties": {"var_data": [0.501, 0.48, 0.058, 0.036, 1.348, 0.002, 4, 4, 1, 1, 1]}}, {"type": "Feature", "geometry": {"type": "Point", "coordinates": [2.2546, 40.6381]}, "properties": {"var_data": [0.226, 0.407, 0.078, 0.06, 1.496, 0.004, 4, 4, 1, 1, 1]}}, {"type": "Feature", "geometry": {"type": "Point", "coordinates": [2.28994, 40.6381]}, "properties": {"var_data": [0.252, 0.389, 0.077, 0.057, 1.44, 0.004, 4, 4, 1, 1, 1]}}, {"type": "Feature", "geometry": {"type": "Point", "coordinates": [2.32528, 40.6381]}, "properties": {"var_data": [0.248, 0.334, 0.108, 0.092, 1.461, 0.01, 4, 4, 1, 1, 1]}}, {"type": "Feature", "geometry": {"type": "Point", "coordinates": [1.1944, 40.6651]}, "properties": {"var_data": [1.018, -0.684, 0.509, 0.435, 4.112, -0.221, 4, 0, 4, 1, 1]}}, {"type": "Feature", "geometry": {"type": "Point", "coordinates": [1.22974, 40.6651]}, "properties": {"var_data": [0.886, -0.57, 0.273, 0.233, 3.078, -0.064, 4, 4, 4, 1, 1]}}, {"type": "Feature", "geometry": {"type": "Point", "coordinates": [1.26508, 40.6651]}, "properties": {"var_data": [0.97, -0.581, 0.163, 0.133, 3.17, -0.022, 4, 4, 4, 1, 1]}}, {"type": "Feature", "geometry": {"type": "Point", "coordinates": [1.30042, 40.6651]}, "properties": {"var_data": [0.855, -0.48, 0.349, 0.254, 4.908, -0.088, 4, 4, 4, 1, 1]}}, {"type": "Feature", "geometry": {"type": "Point", "coordinates": [1.40644, 40.6651]}, "properties": {"var_data": [0.409, -0.121, 0.095, 0.054, 1.984, -0.005, 1, 0, 1, 1, 1]}}, {"type": "Feature", "geometry": {"type": "Point", "coordinates": [1.44178, 40.6651]}, "properties": {"var_data": [0.492, -0.152, 0.093, 0.05, 1.933, -0.004, 1, 1, 1, 1, 1]}}, {"type": "Feature", "geometry": {"type": "Point", "coordinates": [1.47712, 40.6651]}, "properties": {"var_data": [0.457, -0.12, 0.1, 0.053, 2.288, -0.005, 4, 1, 4, 1, 1]}}, {"type": "Feature", "geometry": {"type": "Point", "coordinates": [1.51246, 40.6651]}, "properties": {"var_data": [0.858, -0.259, 0.066, 0.022, 1.433, -0.001, 1, 1, 1, 1, 1]}}, {"type": "Feature", "geometry": {"type": "Point", "coordinates": [1.5478, 40.6651]}, "properties": {"var_data": [1.006, -0.252, 0.048, 0.014, 1.153, -0.0, 1, 1, 1, 1, 1]}}, {"type": "Feature", "geometry": {"type": "Point", "coordinates": [1.58314, 40.6651]}, "properties": {"var_data": [1.163, -0.259, 0.059, 0.014, 1.284, -0.0, 1, 1, 1, 1, 1]}}, {"type": "Feature", "geometry": {"type": "Point", "coordinates": [1.61848, 40.6651]}, "properties": {"var_data": [1.417, -0.255, 0.075, 0.016, 1.519, -0.001, 1, 1, 1, 1, 1]}}, {"type": "Feature", "geometry": {"type": "Point", "coordinates": [1.65382, 40.6651]}, "properties": {"var_data": [0.861, -0.042, 0.076, 0.023, 1.099, -0.001, 1, 1, 1, 1, 1]}}, {"type": "Feature", "geometry": {"type": "Point", "coordinates": [1.68916, 40.6651]}, "properties": {"var_data": [1.1, 0.018, 0.091, 0.02, 1.244, -0.001, 1, 1, 1, 1, 1]}}, {"type": "Feature", "geometry": {"type": "Point", "coordinates": [1.7245, 40.6651]}, "properties": {"var_data": [0.958, 0.053, 0.082, 0.018, 1.221, -0.001, 1, 1, 1, 1, 1]}}, {"type": "Feature", "geometry": {"type": "Point", "coordinates": [1.75984, 40.6651]}, "properties": {"var_data": [1.319, 0.162, 0.102, 0.017, 1.631, -0.001, 4, 4, 1, 1, 1]}}, {"type": "Feature", "geometry": {"type": "Point", "coordinates": [1.79518, 40.6651]}, "properties": {"var_data": [1.044, 0.252, 0.15, 0.023, 2.547, -0.003, 4, 4, 4, 1, 1]}}, {"type": "Feature", "geometry": {"type": "Point", "coordinates": [1.83052, 40.6651]}, "properties": {"var_data": [0.987, 0.402, 0.316, 0.025, 2.092, -0.006, 4, 1, 4, 1, 1]}}, {"type": "Feature", "geometry": {"type": "Point", "coordinates": [1.86586, 40.6651]}, "properties": {"var_data": [1.167, 0.409, 0.065, 0.015, 1.617, 0.0, 1, 1, 1, 1, 1]}}, {"type": "Feature", "geometry": {"type": "Point", "coordinates": [1.9012, 40.6651]}, "properties": {"var_data": [1.222, 0.482, 0.04, 0.019, 1.129, 0.001, 1, 1, 1, 1, 1]}}, {"type": "Feature", "geometry": {"type": "Point", "coordinates": [1.93654, 40.6651]}, "properties": {"var_data": [1.245, 0.497, 0.039, 0.018, 1.164, 0.001, 4, 4, 1, 1, 1]}}, {"type": "Feature", "geometry": {"type": "Point", "coordinates": [1.97188, 40.6651]}, "properties": {"var_data": [1.103, 0.511, 0.065, 0.034, 1.163, 0.002, 1, 0, 1, 1, 1]}}, {"type": "Feature", "geometry": {"type": "Point", "coordinates": [2.00722, 40.6651]}, "properties": {"var_data": [1.037, 0.491, 0.067, 0.037, 1.084, 0.002, 1, 0, 1, 1, 1]}}, {"type": "Feature", "geometry": {"type": "Point", "coordinates": [2.04256, 40.6651]}, "properties": {"var_data": [1.326, 0.628, 0.125, 0.05, 1.254, 0.005, 1, 1, 1, 1, 1]}}, {"type": "Feature", "geometry": {"type": "Point", "coordinates": [2.0779, 40.6651]}, "properties": {"var_data": [1.194, 0.634, 0.092, 0.048, 1.055, 0.004, 1, 1, 1, 1, 1]}}, {"type": "Feature", "geometry": {"type": "Point", "coordinates": [2.11324, 40.6651]}, "properties": {"var_data": [1.381, 0.791, 0.095, 0.047, 1.111, 0.004, 1, 1, 1, 1, 1]}}, {"type": "Feature", "geometry": {"type": "Point", "coordinates": [2.14858, 40.6651]}, "properties": {"var_data": [1.261, 0.793, 0.133, 0.059, 1.407, 0.007, 1, 1, 1, 1, 1]}}, {"type": "Feature", "geometry": {"type": "Point", "coordinates": [2.18392, 40.6651]}, "properties": {"var_data": [1.281, 0.859, 0.073, 0.045, 1.337, 0.003, 1, 1, 1, 1, 1]}}, {"type": "Feature", "geometry": {"type": "Point", "coordinates": [2.21926, 40.6651]}, "properties": {"var_data": [0.76, 0.577, 0.06, 0.046, 1.142, 0.003, 4, 4, 1, 1, 1]}}, {"type": "Feature", "geometry": {"type": "Point", "coordinates": [2.2546, 40.6651]}, "properties": {"var_data": [0.445, 0.488, 0.073, 0.054, 1.321, 0.004, 4, 4, 1, 1, 1]}}, {"type": "Feature", "geometry": {"type": "Point", "coordinates": [2.28994, 40.6651]}, "properties": {"var_data": [0.22, 0.404, 0.077, 0.058, 1.439, 0.004, 4, 4, 1, 1, 1]}}, {"type": "Feature", "geometry": {"type": "Point", "coordinates": [2.32528, 40.6651]}, "properties": {"var_data": [0.262, 0.335, 0.119, 0.104, 1.432, 0.012, 4, 4, 1, 1, 1]}}, {"type": "Feature", "geometry": {"type": "Point", "coordinates": [1.1944, 40.692101]}, "properties": {"var_data": [0.595, -0.355, 0.159, 0.141, 3.401, -0.022, 4, 1, 4, 1, 1]}}, {"type": "Feature", "geometry": {"type": "Point", "coordinates": [1.22974, 40.692101]}, "properties": {"var_data": [0.775, -0.464, 0.322, 0.275, 4.029, -0.089, 4, 4, 4, 1, 1]}}, {"type": "Feature", "geometry": {"type": "Point", "coordinates": [1.26508, 40.692101]}, "properties": {"var_data": [1.128, -0.749, 0.179, 0.149, 3.067, -0.027, 4, 4, 4, 1, 1]}}, {"type": "Feature", "geometry": {"type": "Point", "coordinates": [1.30042, 40.692101]}, "properties": {"var_data": [1.062, -0.688, 0.192, 0.152, 3.167, -0.029, 4, 4, 4, 1, 1]}}, {"type": "Feature", "geometry": {"type": "Point", "coordinates": [1.33576, 40.692101]}, "properties": {"var_data": [1.548, -1.021, 0.213, 0.167, 4.474, -0.036, 4, 4, 4, 1, 4]}}, {"type": "Feature", "geometry": {"type": "Point", "coordinates": [1.44178, 40.692101]}, "properties": {"var_data": [0.265, -0.012, 0.137, 0.078, 3.012, -0.011, 4, 1, 4, 1, 1]}}, {"type": "Feature", "geometry": {"type": "Point", "coordinates": [1.51246, 40.692101]}, "properties": {"var_data": [0.861, -0.302, 0.049, 0.021, 1.153, -0.001, 1, 1, 1, 1, 1]}}, {"type": "Feature", "geometry": {"type": "Point", "coordinates": [1.5478, 40.692101]}, "properties": {"var_data": [1.066, -0.275, 0.062, 0.021, 1.167, -0.001, 1, 1, 1, 1, 1]}}, {"type": "Feature", "geometry": {"type": "Point", "coordinates": [1.58314, 40.692101]}, "properties": {"var_data": [1.13, -0.276, 0.063, 0.021, 1.206, -0.001, 1, 1, 1, 1, 1]}}, {"type": "Feature", "geometry": {"type": "Point", "coordinates": [1.61848, 40.692101]}, "properties": {"var_data": [1.162, -0.198, 0.079, 0.021, 1.238, -0.001, 1, 1, 1, 1, 1]}}, {"type": "Feature", "geometry": {"type": "Point", "coordinates": [1.65382, 40.692101]}, "properties": {"var_data": [0.908, -0.087, 0.07, 0.022, 1.037, -0.001, 1, 1, 1, 1, 1]}}, {"type": "Feature", "geometry": {"type": "Point", "coordinates": [1.68916, 40.692101]}, "properties": {"var_data": [1.117, -0.019, 0.088, 0.019, 1.167, -0.001, 1, 1, 1, 1, 1]}}, {"type": "Feature", "geometry": {"type": "Point", "coordinates": [1.7245, 40.692101]}, "properties": {"var_data": [1.11, 0.014, 0.079, 0.017, 1.186, -0.001, 1, 1, 1, 1, 1]}}, {"type": "Feature", "geometry": {"type": "Point", "coordinates": [1.75984, 40.692101]}, "properties": {"var_data": [0.677, 0.253, 0.136, 0.023, 1.673, -0.002, 1, 1, 1, 1, 1]}}, {"type": "Feature", "geometry": {"type": "Point", "coordinates": [1.79518, 40.692101]}, "properties": {"var_data": [0.714, 0.27, 0.157, 0.022, 1.72, -0.002, 1, 1, 1, 1, 1]}}, {"type": "Feature", "geometry": {"type": "Point", "coordinates": [1.83052, 40.692101]}, "properties": {"var_data": [1.015, 0.378, 0.2, 0.02, 1.385, -0.003, 4, 4, 1, 1, 1]}}, {"type": "Feature", "geometry": {"type": "Point", "coordinates": [1.86586, 40.692101]}, "properties": {"var_data": [1.135, 0.396, 0.239, 0.021, 1.62, -0.003, 1, 1, 1, 1, 1]}}, {"type": "Feature", "geometry": {"type": "Point", "coordinates": [1.9012, 40.692101]}, "properties": {"var_data": [1.057, 0.462, 0.039, 0.018, 1.198, 0.001, 4, 4, 1, 1, 1]}}, {"type": "Feature", "geometry": {"type": "Point", "coordinates": [1.93654, 40.692101]}, "properties": {"var_data": [1.044, 0.47, 0.042, 0.02, 1.289, 0.001, 4, 4, 1, 1, 1]}}, {"type": "Feature", "geometry": {"type": "Point", "coordinates": [1.97188, 40.692101]}, "properties": {"var_data": [0.727, 0.382, 0.051, 0.027, 0.957, 0.001, 1, 0, 1, 1, 1]}}, {"type": "Feature", "geometry": {"type": "Point", "coordinates": [2.00722, 40.692101]}, "properties": {"var_data": [0.782, 0.404, 0.054, 0.029, 0.997, 0.001, 1, 0, 1, 1, 1]}}, {"type": "Feature", "geometry": {"type": "Point", "coordinates": [2.04256, 40.692101]}, "properties": {"var_data": [0.847, 0.431, 0.07, 0.035, 0.94, 0.002, 1, 1, 1, 1, 1]}}, {"type": "Feature", "geometry": {"type": "Point", "coordinates": [2.0779, 40.692101]}, "properties": {"var_data": [1.333, 0.762, 0.098, 0.047, 1.142, 0.004, 4, 4, 1, 1, 1]}}, {"type": "Feature", "geometry": {"type": "Point", "coordinates": [2.11324, 40.692101]}, "properties": {"var_data": [1.272, 0.768, 0.102, 0.046, 1.205, 0.004, 1, 1, 1, 1, 1]}}, {"type": "Feature", "geometry": {"type": "Point", "coordinates": [2.14858, 40.692101]}, "properties": {"var_data": [1.31, 0.858, 0.073, 0.051, 1.149, 0.003, 1, 1, 1, 1, 1]}}, {"type": "Feature", "geometry": {"type": "Point", "coordinates": [2.18392, 40.692101]}, "properties": {"var_data": [0.757, 0.509, 0.045, 0.022, 0.993, 0.001, 1, 1, 1, 1, 1]}}, {"type": "Feature", "geometry": {"type": "Point", "coordinates": [2.21926, 40.692101]}, "properties": {"var_data": [0.355, 0.307, 0.047, 0.022, 1.004, 0.001, 4, 4, 1, 1, 1]}}, {"type": "Feature", "geometry": {"type": "Point", "coordinates": [2.2546, 40.692101]}, "properties": {"var_data": [0.256, 0.281, 0.033, 0.017, 0.958, 0.0, 4, 4, 1, 1, 1]}}, {"type": "Feature", "geometry": {"type": "Point", "coordinates": [2.28994, 40.692101]}, "properties": {"var_data": [0.128, 0.234, 0.045, 0.025, 1.146, 0.001, 4, 4, 1, 1, 1]}}, {"type": "Feature", "geometry": {"type": "Point", "coordinates": [2.32528, 40.692101]}, "properties": {"var_data": [0.122, 0.257, 0.152, 0.078, 1.224, 0.011, 4, 4, 1, 1, 1]}}, {"type": "Feature", "geometry": {"type": "Point", "coordinates": [1.0177, 40.719101]}, "properties": {"var_data": [-0.301, 0.541, 0.188, 0.21, 11.46, -0.039, 4, 0, 4, 1, 1]}}, {"type": "Feature", "geometry": {"type": "Point", "coordinates": [1.22974, 40.719101]}, "properties": {"var_data": [1.055, -0.74, 0.163, 0.143, 2.791, -0.023, 4, 4, 4, 1, 1]}}, {"type": "Feature", "geometry": {"type": "Point", "coordinates": [1.26508, 40.719101]}, "properties": {"var_data": [1.149, -0.829, 0.213, 0.181, 2.685, -0.039, 4, 4, 4, 1, 1]}}, {"type": "Feature", "geometry": {"type": "Point", "coordinates": [1.30042, 40.719101]}, "properties": {"var_data": [1.156, -0.8, 0.155, 0.13, 2.433, -0.02, 4, 4, 4, 1, 1]}}, {"type": "Feature", "geometry": {"type": "Point", "coordinates": [1.33576, 40.719101]}, "properties": {"var_data": [1.308, -0.912, 0.156, 0.13, 2.666, -0.02, 4, 1, 4, 1, 1]}}, {"type": "Feature", "geometry": {"type": "Point", "coordinates": [1.47712, 40.719101]}, "properties": {"var_data": [0.863, -0.316, 0.159, 0.087, 1.981, -0.014, 1, 1, 1, 1, 1]}}, {"type": "Feature", "geometry": {"type": "Point", "coordinates": [1.51246, 40.719101]}, "properties": {"var_data": [0.883, -0.3, 0.077, 0.038, 1.144, -0.003, 1, 1, 1, 1, 1]}}, {"type": "Feature", "geometry": {"type": "Point", "coordinates": [1.5478, 40.719101]}, "properties": {"var_data": [1.069, -0.294, 0.058, 0.021, 1.155, -0.001, 1, 1, 1, 1, 1]}}, {"type": "Feature", "geometry": {"type": "Point", "coordinates": [1.58314, 40.719101]}, "properties": {"var_data": [1.121, -0.29, 0.055, 0.021, 1.152, -0.001, 1, 1, 1, 1, 1]}}, {"type": "Feature", "geometry": {"type": "Point", "coordinates": [1.61848, 40.719101]}, "properties": {"var_data": [1.094, -0.216, 0.066, 0.023, 1.033, -0.001, 1, 1, 1, 1, 1]}}, {"type": "Feature", "geometry": {"type": "Point", "coordinates": [1.65382, 40.719101]}, "properties": {"var_data": [0.888, -0.079, 0.072, 0.022, 1.103, -0.001, 1, 1, 1, 1, 1]}}, {"type": "Feature", "geometry": {"type": "Point", "coordinates": [1.68916, 40.719101]}, "properties": {"var_data": [0.91, -0.025, 0.078, 0.021, 1.019, -0.001, 1, 1, 1, 1, 1]}}, {"type": "Feature", "geometry": {"type": "Point", "coordinates": [1.7245, 40.719101]}, "properties": {"var_data": [1.009, 0.018, 0.115, 0.027, 1.017, -0.002, 1, 1, 1, 1, 1]}}, {"type": "Feature", "geometry": {"type": "Point", "coordinates": [1.75984, 40.719101]}, "properties": {"var_data": [1.161, 0.153, 0.043, 0.014, 1.211, 0.0, 4, 4, 1, 1, 1]}}, {"type": "Feature", "geometry": {"type": "Point", "coordinates": [1.79518, 40.719101]}, "properties": {"var_data": [1.008, 0.217, 0.039, 0.011, 1.054, 0.0, 4, 4, 1, 1, 1]}}, {"type": "Feature", "geometry": {"type": "Point", "coordinates": [1.83052, 40.719101]}, "properties": {"var_data": [1.169, 0.358, 0.176, 0.016, 1.275, -0.002, 4, 4, 1, 1, 1]}}, {"type": "Feature", "geometry": {"type": "Point", "coordinates": [1.86586, 40.719101]}, "properties": {"var_data": [1.117, 0.398, 0.126, 0.013, 1.114, -0.0, 4, 4, 1, 1, 1]}}, {"type": "Feature", "geometry": {"type": "Point", "coordinates": [1.9012, 40.719101]}, "properties": {"var_data": [0.745, 0.379, 0.031, 0.013, 1.062, 0.0, 1, 1, 1, 1, 1]}}, {"type": "Feature", "geometry": {"type": "Point", "coordinates": [1.93654, 40.719101]}, "properties": {"var_data": [0.453, 0.282, 0.024, 0.01, 0.787, 0.0, 1, 1, 1, 1, 1]}}, {"type": "Feature", "geometry": {"type": "Point", "coordinates": [1.97188, 40.719101]}, "properties": {"var_data": [0.574, 0.317, 0.039, 0.02, 0.841, 0.001, 1, 1, 1, 1, 1]}}, {"type": "Feature", "geometry": {"type": "Point", "coordinates": [2.00722, 40.719101]}, "properties": {"var_data": [0.718, 0.418, 0.062, 0.033, 0.993, 0.002, 1, 1, 1, 1, 1]}}, {"type": "Feature", "geometry": {"type": "Point", "coordinates": [2.04256, 40.719101]}, "properties": {"var_data": [0.63, 0.343, 0.049, 0.02, 0.843, 0.001, 1, 1, 1, 1, 1]}}, {"type": "Feature", "geometry": {"type": "Point", "coordinates": [2.0779, 40.719101]}, "properties": {"var_data": [0.83, 0.498, 0.064, 0.021, 1.126, 0.001, 1, 1, 1, 1, 1]}}, {"type": "Feature", "geometry": {"type": "Point", "coordinates": [2.11324, 40.719101]}, "properties": {"var_data": [0.862, 0.532, 0.05, 0.02, 0.837, 0.001, 1, 1, 1, 1, 1]}}, {"type": "Feature", "geometry": {"type": "Point", "coordinates": [2.14858, 40.719101]}, "properties": {"var_data": [0.838, 0.524, 0.042, 0.021, 0.901, 0.001, 1, 1, 1, 1, 1]}}, {"type": "Feature", "geometry": {"type": "Point", "coordinates": [2.18392, 40.719101]}, "properties": {"var_data": [0.696, 0.494, 0.046, 0.022, 1.05, 0.001, 1, 1, 1, 1, 1]}}, {"type": "Feature", "geometry": {"type": "Point", "coordinates": [2.21926, 40.719101]}, "properties": {"var_data": [0.366, 0.29, 0.039, 0.017, 0.985, 0.0, 1, 1, 1, 1, 1]}}, {"type": "Feature", "geometry": {"type": "Point", "coordinates": [2.2546, 40.719101]}, "properties": {"var_data": [0.093, 0.141, 0.044, 0.017, 0.79, 0.001, 4, 4, 1, 1, 1]}}, {"type": "Feature", "geometry": {"type": "Point", "coordinates": [2.28994, 40.719101]}, "properties": {"var_data": [-0.134, 0.078, 0.097, 0.028, 0.831, 0.002, 1, 1, 1, 1, 1]}}, {"type": "Feature", "geometry": {"type": "Point", "coordinates": [2.32528, 40.719101]}, "properties": {"var_data": [0.051, 0.134, 0.078, 0.027, 0.981, 0.002, 4, 4, 1, 1, 1]}}, {"type": "Feature", "geometry": {"type": "Point", "coordinates": [2.36062, 40.719101]}, "properties": {"var_data": [1.16, 0.944, 0.236, 0.194, 2.525, 0.043, 4, 4, 4, 1, 1]}}, {"type": "Feature", "geometry": {"type": "Point", "coordinates": [2.4313, 40.719101]}, "properties": {"var_data": [-0.317, -0.101, 0.195, 0.15, 1.625, 0.029, 1, 0, 1, 1, 1]}}, {"type": "Feature", "geometry": {"type": "Point", "coordinates": [2.46664, 40.719101]}, "properties": {"var_data": [-0.224, -0.129, 0.207, 0.164, 1.598, 0.034, 1, 1, 1, 1, 1]}}, {"type": "Feature", "geometry": {"type": "Point", "coordinates": [2.50198, 40.719101]}, "properties": {"var_data": [-0.156, -0.109, 0.192, 0.155, 1.489, 0.03, 1, 1, 1, 1, 1]}}, {"type": "Feature", "geometry": {"type": "Point", "coordinates": [0.98236, 40.746101]}, "properties": {"var_data": [0.25, -0.071, 0.096, 0.118, 5.332, -0.011, 4, 0, 4, 1, 1]}}, {"type": "Feature", "geometry": {"type": "Point", "coordinates": [1.0177, 40.746101]}, "properties": {"var_data": [0.572, -0.444, 0.185, 0.199, 5.342, -0.037, 4, 0, 4, 1, 1]}}, {"type": "Feature", "geometry": {"type": "Point", "coordinates": [1.05304, 40.746101]}, "properties": {"var_data": [0.302, -0.161, 0.202, 0.218, 8.544, -0.044, 4, 0, 4, 1, 1]}}, {"type": "Feature", "geometry": {"type": "Point", "coordinates": [1.08838, 40.746101]}, "properties": {"var_data": [0.128, 0.012, 0.227, 0.241, 8.52, -0.054, 4, 0, 4, 1, 1]}}, {"type": "Feature", "geometry": {"type": "Point", "coordinates": [1.22974, 40.746101]}, "properties": {"var_data": [1.205, -0.931, 0.201, 0.185, 3.244, -0.037, 4, 4, 4, 1, 1]}}, {"type": "Feature", "geometry": {"type": "Point", "coordinates": [1.26508, 40.746101]}, "properties": {"var_data": [1.2, -0.93, 0.202, 0.174, 1.968, -0.035, 4, 4, 1, 1, 1]}}, {"type": "Feature", "geometry": {"type": "Point", "coordinates": [1.30042, 40.746101]}, "properties": {"var_data": [1.275, -0.969, 0.218, 0.186, 2.326, -0.04, 4, 4, 4, 1, 1]}}, {"type": "Feature", "geometry": {"type": "Point", "coordinates": [1.33576, 40.746101]}, "properties": {"var_data": [1.407, -0.999, 0.136, 0.111, 2.361, -0.015, 4, 4, 4, 1, 4]}}, {"type": "Feature", "geometry": {"type": "Point", "coordinates": [1.3711, 40.746101]}, "properties": {"var_data": [1.491, -1.002, 0.135, 0.108, 3.048, -0.015, 4, 4, 4, 1, 4]}}, {"type": "Feature", "geometry": {"type": "Point", "coordinates": [1.44178, 40.746101]}, "properties": {"var_data": [0.807, -0.361, 0.127, 0.086, 2.42, -0.011, 4, 4, 4, 1, 1]}}, {"type": "Feature", "geometry": {"type": "Point", "coordinates": [1.47712, 40.746101]}, "properties": {"var_data": [0.814, -0.327, 0.136, 0.086, 1.755, -0.012, 1, 1, 1, 1, 1]}}, {"type": "Feature", "geometry": {"type": "Point", "coordinates": [1.51246, 40.746101]}, "properties": {"var_data": [0.937, -0.32, 0.076, 0.039, 1.058, -0.003, 1, 1, 1, 1, 1]}}, {"type": "Feature", "geometry": {"type": "Point", "coordinates": [1.5478, 40.746101]}, "properties": {"var_data": [0.938, -0.303, 0.061, 0.031, 0.967, -0.002, 1, 1, 1, 1, 1]}}, {"type": "Feature", "geometry": {"type": "Point", "coordinates": [1.58314, 40.746101]}, "properties": {"var_data": [1.124, -0.293, 0.071, 0.031, 1.136, -0.002, 1, 1, 1, 1, 1]}}, {"type": "Feature", "geometry": {"type": "Point", "coordinates": [1.61848, 40.746101]}, "properties": {"var_data": [0.81, -0.167, 0.033, 0.011, 0.878, -0.0, 1, 1, 1, 1, 1]}}, {"type": "Feature", "geometry": {"type": "Point", "coordinates": [1.65382, 40.746101]}, "properties": {"var_data": [0.844, -0.066, 0.033, 0.009, 0.944, -0.0, 1, 1, 1, 1, 1]}}, {"type": "Feature", "geometry": {"type": "Point", "coordinates": [1.68916, 40.746101]}, "properties": {"var_data": [0.906, -0.043, 0.034, 0.009, 0.999, -0.0, 1, 1, 1, 1, 1]}}, {"type": "Feature", "geometry": {"type": "Point", "coordinates": [1.7245, 40.746101]}, "properties": {"var_data": [1.194, -0.028, 0.015, 0.004, 0.883, -0.0, 1, 1, 1, 1, 1]}}, {"type": "Feature", "geometry": {"type": "Point", "coordinates": [1.75984, 40.746101]}, "properties": {"var_data": [1.092, 0.075, 0.015, 0.005, 0.935, -0.0, 4, 4, 1, 1, 1]}}, {"type": "Feature", "geometry": {"type": "Point", "coordinates": [1.79518, 40.746101]}, "properties": {"var_data": [1.135, 0.174, 0.033, 0.01, 0.839, 0.0, 4, 4, 1, 1, 1]}}, {"type": "Feature", "geometry": {"type": "Point", "coordinates": [1.83052, 40.746101]}, "properties": {"var_data": [1.303, 0.329, 0.037, 0.01, 0.972, 0.0, 4, 4, 1, 1, 1]}}, {"type": "Feature", "geometry": {"type": "Point", "coordinates": [1.86586, 40.746101]}, "properties": {"var_data": [0.932, 0.321, 0.1, 0.011, 1.098, -0.001, 4, 4, 1, 1, 1]}}, {"type": "Feature", "geometry": {"type": "Point", "coordinates": [1.9012, 40.746101]}, "properties": {"var_data": [0.755, 0.312, 0.064, 0.011, 0.83, -0.0, 1, 1, 1, 1, 1]}}, {"type": "Feature", "geometry": {"type": "Point", "coordinates": [1.93654, 40.746101]}, "properties": {"var_data": [0.536, 0.272, 0.025, 0.011, 0.794, 0.0, 1, 1, 1, 1, 1]}}, {"type": "Feature", "geometry": {"type": "Point", "coordinates": [1.97188, 40.746101]}, "properties": {"var_data": [0.395, 0.226, 0.041, 0.015, 0.748, -0.0, 1, 1, 1, 1, 1]}}, {"type": "Feature", "geometry": {"type": "Point", "coordinates": [2.00722, 40.746101]}, "properties": {"var_data": [0.434, 0.282, 0.053, 0.016, 0.911, 0.001, 1, 1, 1, 1, 1]}}, {"type": "Feature", "geometry": {"type": "Point", "coordinates": [2.04256, 40.746101]}, "properties": {"var_data": [0.47, 0.315, 0.051, 0.015, 0.9, 0.001, 1, 1, 1, 1, 1]}}, {"type": "Feature", "geometry": {"type": "Point", "coordinates": [2.0779, 40.746101]}, "properties": {"var_data": [0.557, 0.342, 0.044, 0.014, 0.817, 0.0, 1, 1, 1, 1, 1]}}, {"type": "Feature", "geometry": {"type": "Point", "coordinates": [2.11324, 40.746101]}, "properties": {"var_data": [0.643, 0.409, 0.036, 0.01, 0.786, 0.0, 1, 1, 1, 1, 1]}}, {"type": "Feature", "geometry": {"type": "Point", "coordinates": [2.14858, 40.746101]}, "properties": {"var_data": [0.51, 0.301, 0.024, 0.01, 0.795, 0.0, 1, 1, 1, 1, 1]}}, {"type": "Feature", "geometry": {"type": "Point", "coordinates": [2.18392, 40.746101]}, "properties": {"var_data": [0.646, 0.425, 0.029, 0.02, 0.81, 0.0, 1, 1, 1, 1, 1]}}, {"type": "Feature", "geometry": {"type": "Point", "coordinates": [2.21926, 40.746101]}, "properties": {"var_data": [0.277, 0.192, 0.027, 0.015, 0.792, 0.0, 1, 1, 1, 1, 1]}}, {"type": "Feature", "geometry": {"type": "Point", "coordinates": [2.2546, 40.746101]}, "properties": {"var_data": [-0.044, 0.059, 0.042, 0.015, 0.702, 0.0, 1, 1, 1, 1, 1]}}, {"type": "Feature", "geometry": {"type": "Point", "coordinates": [2.28994, 40.746101]}, "properties": {"var_data": [0.173, 0.122, 0.042, 0.019, 0.643, 0.001, 1, 1, 1, 1, 1]}}, {"type": "Feature", "geometry": {"type": "Point", "coordinates": [2.32528, 40.746101]}, "properties": {"var_data": [0.19, 0.114, 0.043, 0.021, 0.654, 0.001, 1, 1, 1, 1, 1]}}, {"type": "Feature", "geometry": {"type": "Point", "coordinates": [2.36062, 40.746101]}, "properties": {"var_data": [0.279, 0.248, 0.1, 0.094, 0.859, 0.009, 1, 1, 1, 1, 1]}}, {"type": "Feature", "geometry": {"type": "Point", "coordinates": [2.39596, 40.746101]}, "properties": {"var_data": [1.135, 1.008, 0.246, 0.198, 2.966, 0.048, 4, 4, 4, 1, 1]}}, {"type": "Feature", "geometry": {"type": "Point", "coordinates": [2.4313, 40.746101]}, "properties": {"var_data": [-0.367, -0.126, 0.212, 0.168, 1.642, 0.035, 1, 0, 1, 1, 1]}}, {"type": "Feature", "geometry": {"type": "Point", "coordinates": [2.46664, 40.746101]}, "properties": {"var_data": [-0.188, -0.092, 0.193, 0.156, 1.5, 0.03, 1, 1, 1, 1, 1]}}, {"type": "Feature", "geometry": {"type": "Point", "coordinates": [2.50198, 40.746101]}, "properties": {"var_data": [-0.14, -0.11, 0.188, 0.153, 1.478, 0.029, 1, 1, 1, 1, 1]}}, {"type": "Feature", "geometry": {"type": "Point", "coordinates": [2.53732, 40.746101]}, "properties": {"var_data": [-0.129, -0.134, 0.191, 0.169, 1.498, 0.03, 1, 1, 1, 1, 1]}}, {"type": "Feature", "geometry": {"type": "Point", "coordinates": [0.98236, 40.773102]}, "properties": {"var_data": [0.375, -0.232, 0.09, 0.11, 4.487, -0.01, 4, 0, 4, 1, 1]}}, {"type": "Feature", "geometry": {"type": "Point", "coordinates": [1.0177, 40.773102]}, "properties": {"var_data": [0.635, -0.501, 0.155, 0.167, 4.608, -0.026, 4, 1, 4, 1, 1]}}, {"type": "Feature", "geometry": {"type": "Point", "coordinates": [1.05304, 40.773102]}, "properties": {"var_data": [1.019, -0.959, 0.203, 0.217, 4.849, -0.044, 4, 4, 4, 1, 1]}}, {"type": "Feature", "geometry": {"type": "Point", "coordinates": [1.08838, 40.773102]}, "properties": {"var_data": [0.187, -0.047, 0.225, 0.239, 8.496, -0.053, 4, 4, 4, 1, 1]}}, {"type": "Feature", "geometry": {"type": "Point", "coordinates": [1.26508, 40.773102]}, "properties": {"var_data": [1.147, -0.905, 0.182, 0.157, 1.778, -0.028, 4, 4, 1, 1, 1]}}, {"type": "Feature", "geometry": {"type": "Point", "coordinates": [1.30042, 40.773102]}, "properties": {"var_data": [1.145, -0.897, 0.156, 0.135, 1.623, -0.021, 4, 4, 1, 1, 1]}}, {"type": "Feature", "geometry": {"type": "Point", "coordinates": [1.33576, 40.773102]}, "properties": {"var_data": [1.247, -0.949, 0.181, 0.156, 2.303, -0.028, 4, 4, 4, 1, 1]}}, {"type": "Feature", "geometry": {"type": "Point", "coordinates": [1.3711, 40.773102]}, "properties": {"var_data": [1.669, -1.114, 0.1, 0.086, 2.492, -0.009, 4, 4, 4, 1, 4]}}, {"type": "Feature", "geometry": {"type": "Point", "coordinates": [1.40644, 40.773102]}, "properties": {"var_data": [0.822, -0.423, 0.082, 0.071, 2.265, -0.006, 4, 0, 4, 1, 1]}}, {"type": "Feature", "geometry": {"type": "Point", "coordinates": [1.44178, 40.773102]}, "properties": {"var_data": [0.863, -0.38, 0.125, 0.086, 2.422, -0.011, 4, 4, 4, 1, 1]}}, {"type": "Feature", "geometry": {"type": "Point", "coordinates": [1.47712, 40.773102]}, "properties": {"var_data": [0.793, -0.307, 0.106, 0.069, 1.294, -0.007, 1, 1, 1, 1, 1]}}, {"type": "Feature", "geometry": {"type": "Point", "coordinates": [1.51246, 40.773102]}, "properties": {"var_data": [0.846, -0.295, 0.061, 0.032, 0.968, -0.002, 1, 1, 1, 1, 1]}}, {"type": "Feature", "geometry": {"type": "Point", "coordinates": [1.5478, 40.773102]}, "properties": {"var_data": [0.966, -0.314, 0.055, 0.027, 0.947, -0.001, 1, 1, 1, 1, 1]}}, {"type": "Feature", "geometry": {"type": "Point", "coordinates": [1.58314, 40.773102]}, "properties": {"var_data": [1.09, -0.301, 0.055, 0.026, 1.008, -0.001, 1, 1, 1, 1, 1]}}, {"type": "Feature", "geometry": {"type": "Point", "coordinates": [1.61848, 40.773102]}, "properties": {"var_data": [0.799, -0.15, 0.028, 0.01, 0.806, -0.0, 1, 1, 1, 1, 1]}}, {"type": "Feature", "geometry": {"type": "Point", "coordinates": [1.65382, 40.773102]}, "properties": {"var_data": [0.811, -0.08, 0.024, 0.009, 0.923, -0.0, 1, 1, 1, 1, 1]}}, {"type": "Feature", "geometry": {"type": "Point", "coordinates": [1.68916, 40.773102]}, "properties": {"var_data": [0.831, -0.051, 0.018, 0.006, 0.889, -0.0, 1, 1, 1, 1, 1]}}, {"type": "Feature", "geometry": {"type": "Point", "coordinates": [1.7245, 40.773102]}, "properties": {"var_data": [1.014, 0.015, 0.014, 0.004, 0.846, -0.0, 1, 1, 1, 1, 1]}}, {"type": "Feature", "geometry": {"type": "Point", "coordinates": [1.75984, 40.773102]}, "properties": {"var_data": [0.957, 0.093, 0.015, 0.004, 0.782, -0.0, 1, 1, 1, 1, 1]}}, {"type": "Feature", "geometry": {"type": "Point", "coordinates": [1.79518, 40.773102]}, "properties": {"var_data": [1.037, 0.182, 0.033, 0.011, 0.84, 0.0, 1, 1, 1, 1, 1]}}, {"type": "Feature", "geometry": {"type": "Point", "coordinates": [1.83052, 40.773102]}, "properties": {"var_data": [1.203, 0.275, 0.028, 0.009, 0.802, 0.0, 4, 4, 1, 1, 1]}}, {"type": "Feature", "geometry": {"type": "Point", "coordinates": [1.86586, 40.773102]}, "properties": {"var_data": [0.844, 0.28, 0.029, 0.008, 0.821, 0.0, 1, 1, 1, 1, 1]}}, {"type": "Feature", "geometry": {"type": "Point", "coordinates": [1.9012, 40.773102]}, "properties": {"var_data": [0.656, 0.251, 0.024, 0.007, 0.769, -0.0, 1, 1, 1, 1, 1]}}, {"type": "Feature", "geometry": {"type": "Point", "coordinates": [1.93654, 40.773102]}, "properties": {"var_data": [0.545, 0.244, 0.041, 0.009, 0.737, -0.0, 1, 1, 1, 1, 1]}}, {"type": "Feature", "geometry": {"type": "Point", "coordinates": [1.97188, 40.773102]}, "properties": {"var_data": [0.332, 0.196, 0.027, 0.007, 0.691, -0.0, 1, 1, 1, 1, 1]}}, {"type": "Feature", "geometry": {"type": "Point", "coordinates": [2.00722, 40.773102]}, "properties": {"var_data": [0.457, 0.254, 0.053, 0.016, 0.875, 0.001, 4, 4, 1, 1, 1]}}, {"type": "Feature", "geometry": {"type": "Point", "coordinates": [2.04256, 40.773102]}, "properties": {"var_data": [0.468, 0.314, 0.042, 0.014, 0.75, 0.0, 1, 1, 1, 1, 1]}}, {"type": "Feature", "geometry": {"type": "Point", "coordinates": [2.0779, 40.773102]}, "properties": {"var_data": [0.326, 0.207, 0.033, 0.009, 0.709, 0.0, 1, 1, 1, 1, 1]}}, {"type": "Feature", "geometry": {"type": "Point", "coordinates": [2.11324, 40.773102]}, "properties": {"var_data": [0.406, 0.279, 0.032, 0.01, 0.733, 0.0, 1, 1, 1, 1, 1]}}, {"type": "Feature", "geometry": {"type": "Point", "coordinates": [2.14858, 40.773102]}, "properties": {"var_data": [0.635, 0.427, 0.024, 0.011, 0.809, 0.0, 1, 1, 1, 1, 1]}}, {"type": "Feature", "geometry": {"type": "Point", "coordinates": [2.18392, 40.773102]}, "properties": {"var_data": [0.393, 0.273, 0.023, 0.011, 0.705, 0.0, 1, 1, 1, 1, 1]}}, {"type": "Feature", "geometry": {"type": "Point", "coordinates": [2.21926, 40.773102]}, "properties": {"var_data": [0.06, 0.109, 0.029, 0.015, 0.779, 0.0, 1, 1, 1, 1, 1]}}, {"type": "Feature", "geometry": {"type": "Point", "coordinates": [2.2546, 40.773102]}, "properties": {"var_data": [0.211, 0.084, 0.02, 0.012, 0.517, 0.0, 1, 1, 1, 1, 1]}}, {"type": "Feature", "geometry": {"type": "Point", "coordinates": [2.28994, 40.773102]}, "properties": {"var_data": [0.238, 0.11, 0.026, 0.013, 0.533, 0.0, 1, 1, 1, 1, 1]}}, {"type": "Feature", "geometry": {"type": "Point", "coordinates": [2.32528, 40.773102]}, "properties": {"var_data": [0.182, 0.055, 0.028, 0.013, 0.558, 0.0, 1, 1, 1, 1, 1]}}, {"type": "Feature", "geometry": {"type": "Point", "coordinates": [2.36062, 40.773102]}, "properties": {"var_data": [0.211, 0.18, 0.03, 0.014, 0.619, 0.0, 1, 1, 1, 1, 1]}}, {"type": "Feature", "geometry": {"type": "Point", "coordinates": [2.39596, 40.773102]}, "properties": {"var_data": [0.492, 0.453, 0.056, 0.02, 1.147, 0.0, 4, 4, 1, 1, 1]}}, {"type": "Feature", "geometry": {"type": "Point", "coordinates": [2.4313, 40.773102]}, "properties": {"var_data": [0.054, 0.107, 0.058, 0.02, 1.054, 0.0, 1, 1, 1, 1, 1]}}, {"type": "Feature", "geometry": {"type": "Point", "coordinates": [2.46664, 40.773102]}, "properties": {"var_data": [-0.166, -0.07, 0.19, 0.154, 1.476, 0.029, 1, 1, 1, 1, 1]}}, {"type": "Feature", "geometry": {"type": "Point", "coordinates": [2.50198, 40.773102]}, "properties": {"var_data": [-0.129, -0.134, 0.189, 0.169, 1.497, 0.03, 1, 1, 1, 1, 1]}}, {"type": "Feature", "geometry": {"type": "Point", "coordinates": [2.53732, 40.773102]}, "properties": {"var_data": [-0.22, -0.163, 0.172, 0.164, 1.382, 0.027, 1, 1, 1, 1, 1]}}, {"type": "Feature", "geometry": {"type": "Point", "coordinates": [0.98236, 40.800098]}, "properties": {"var_data": [0.566, -0.422, 0.125, 0.139, 4.481, -0.017, 4, 0, 4, 1, 1]}}, {"type": "Feature", "geometry": {"type": "Point", "coordinates": [1.0177, 40.800098]}, "properties": {"var_data": [0.649, -0.504, 0.146, 0.158, 4.364, -0.023, 4, 4, 4, 1, 1]}}, {"type": "Feature", "geometry": {"type": "Point", "coordinates": [1.05304, 40.800098]}, "properties": {"var_data": [0.754, -0.667, 0.144, 0.158, 4.36, -0.022, 4, 4, 4, 1, 1]}}, {"type": "Feature", "geometry": {"type": "Point", "coordinates": [1.08838, 40.800098]}, "properties": {"var_data": [0.717, -0.611, 0.139, 0.155, 4.317, -0.021, 4, 4, 4, 1, 1]}}, {"type": "Feature", "geometry": {"type": "Point", "coordinates": [1.26508, 40.800098]}, "properties": {"var_data": [1.124, -0.89, 0.252, 0.248, 2.061, -0.062, 4, 4, 4, 1, 1]}}, {"type": "Feature", "geometry": {"type": "Point", "coordinates": [1.30042, 40.800098]}, "properties": {"var_data": [1.104, -0.855, 0.021, 0.01, 1.594, -0.0, 4, 4, 1, 1, 1]}}, {"type": "Feature", "geometry": {"type": "Point", "coordinates": [1.33576, 40.800098]}, "properties": {"var_data": [1.118, -0.816, 0.007, 0.005, 1.696, -0.0, 4, 4, 1, 1, 1]}}, {"type": "Feature", "geometry": {"type": "Point", "coordinates": [1.3711, 40.800098]}, "properties": {"var_data": [1.642, -1.037, 0.007, 0.005, 2.643, -0.0, 4, 4, 4, 1, 4]}}, {"type": "Feature", "geometry": {"type": "Point", "coordinates": [1.40644, 40.800098]}, "properties": {"var_data": [1.663, -1.043, 0.007, 0.005, 3.044, -0.0, 4, 4, 4, 1, 4]}}, {"type": "Feature", "geometry": {"type": "Point", "coordinates": [1.44178, 40.800098]}, "properties": {"var_data": [0.618, -0.245, 0.02, 0.017, 1.459, -0.0, 1, 1, 1, 1, 1]}}, {"type": "Feature", "geometry": {"type": "Point", "coordinates": [1.47712, 40.800098]}, "properties": {"var_data": [0.778, -0.295, 0.036, 0.019, 1.244, -0.001, 1, 1, 1, 1, 1]}}, {"type": "Feature", "geometry": {"type": "Point", "coordinates": [1.51246, 40.800098]}, "properties": {"var_data": [0.798, -0.297, 0.033, 0.016, 0.893, -0.0, 1, 1, 1, 1, 1]}}, {"type": "Feature", "geometry": {"type": "Point", "coordinates": [1.5478, 40.800098]}, "properties": {"var_data": [0.952, -0.282, 0.038, 0.016, 0.918, -0.001, 1, 1, 1, 1, 1]}}, {"type": "Feature", "geometry": {"type": "Point", "coordinates": [1.58314, 40.800098]}, "properties": {"var_data": [1.029, -0.281, 0.053, 0.026, 0.977, -0.001, 1, 1, 1, 1, 1]}}, {"type": "Feature", "geometry": {"type": "Point", "coordinates": [1.61848, 40.800098]}, "properties": {"var_data": [0.926, -0.182, 0.025, 0.009, 0.815, -0.0, 1, 1, 1, 1, 1]}}, {"type": "Feature", "geometry": {"type": "Point", "coordinates": [1.65382, 40.800098]}, "properties": {"var_data": [0.697, -0.05, 0.017, 0.006, 0.789, -0.0, 1, 1, 1, 1, 1]}}, {"type": "Feature", "geometry": {"type": "Point", "coordinates": [1.68916, 40.800098]}, "properties": {"var_data": [0.764, -0.02, 0.012, 0.004, 0.811, -0.0, 1, 1, 1, 1, 1]}}, {"type": "Feature", "geometry": {"type": "Point", "coordinates": [1.7245, 40.800098]}, "properties": {"var_data": [0.89, -0.002, 0.01, 0.004, 0.747, -0.0, 1, 1, 1, 1, 1]}}, {"type": "Feature", "geometry": {"type": "Point", "coordinates": [1.75984, 40.800098]}, "properties": {"var_data": [0.877, 0.12, 0.013, 0.004, 0.754, -0.0, 1, 1, 1, 1, 1]}}, {"type": "Feature", "geometry": {"type": "Point", "coordinates": [1.79518, 40.800098]}, "properties": {"var_data": [0.859, 0.136, 0.026, 0.01, 0.742, 0.0, 1, 1, 1, 1, 1]}}, {"type": "Feature", "geometry": {"type": "Point", "coordinates": [1.83052, 40.800098]}, "properties": {"var_data": [0.877, 0.215, 0.026, 0.008, 0.821, 0.0, 1, 1, 1, 1, 1]}}, {"type": "Feature", "geometry": {"type": "Point", "coordinates": [1.86586, 40.800098]}, "properties": {"var_data": [0.851, 0.301, 0.032, 0.009, 0.722, 0.0, 1, 1, 1, 1, 1]}}, {"type": "Feature", "geometry": {"type": "Point", "coordinates": [1.9012, 40.800098]}, "properties": {"var_data": [0.69, 0.231, 0.024, 0.007, 0.75, -0.0, 1, 1, 1, 1, 1]}}, {"type": "Feature", "geometry": {"type": "Point", "coordinates": [1.93654, 40.800098]}, "properties": {"var_data": [0.514, 0.212, 0.037, 0.009, 0.616, -0.0, 1, 1, 1, 1, 1]}}, {"type": "Feature", "geometry": {"type": "Point", "coordinates": [1.97188, 40.800098]}, "properties": {"var_data": [0.398, 0.232, 0.026, 0.007, 0.677, -0.0, 1, 1, 1, 1, 1]}}, {"type": "Feature", "geometry": {"type": "Point", "coordinates": [2.00722, 40.800098]}, "properties": {"var_data": [0.266, 0.128, 0.021, 0.005, 0.616, -0.0, 1, 1, 1, 1, 1]}}, {"type": "Feature", "geometry": {"type": "Point", "coordinates": [2.04256, 40.800098]}, "properties": {"var_data": [0.271, 0.202, 0.021, 0.005, 0.652, -0.0, 1, 1, 1, 1, 1]}}, {"type": "Feature", "geometry": {"type": "Point", "coordinates": [2.0779, 40.800098]}, "properties": {"var_data": [0.288, 0.199, 0.028, 0.008, 0.646, 0.0, 1, 1, 1, 1, 1]}}, {"type": "Feature", "geometry": {"type": "Point", "coordinates": [2.11324, 40.800098]}, "properties": {"var_data": [0.292, 0.192, 0.028, 0.01, 0.658, 0.0, 1, 1, 1, 1, 1]}}, {"type": "Feature", "geometry": {"type": "Point", "coordinates": [2.14858, 40.800098]}, "properties": {"var_data": [0.296, 0.203, 0.022, 0.01, 0.644, 0.0, 1, 1, 1, 1, 1]}}, {"type": "Feature", "geometry": {"type": "Point", "coordinates": [2.18392, 40.800098]}, "properties": {"var_data": [0.241, 0.182, 0.023, 0.01, 0.612, 0.0, 1, 1, 1, 1, 1]}}, {"type": "Feature", "geometry": {"type": "Point", "coordinates": [2.21926, 40.800098]}, "properties": {"var_data": [0.315, 0.195, 0.022, 0.007, 0.594, 0.0, 1, 1, 1, 1, 1]}}, {"type": "Feature", "geometry": {"type": "Point", "coordinates": [2.2546, 40.800098]}, "properties": {"var_data": [0.251, 0.101, 0.019, 0.006, 0.463, 0.0, 1, 1, 1, 1, 1]}}, {"type": "Feature", "geometry": {"type": "Point", "coordinates": [2.28994, 40.800098]}, "properties": {"var_data": [0.234, 0.107, 0.022, 0.007, 0.477, 0.0, 1, 1, 1, 1, 1]}}, {"type": "Feature", "geometry": {"type": "Point", "coordinates": [2.32528, 40.800098]}, "properties": {"var_data": [0.284, 0.097, 0.017, 0.015, 0.476, 0.0, 1, 1, 1, 1, 1]}}, {"type": "Feature", "geometry": {"type": "Point", "coordinates": [2.36062, 40.800098]}, "properties": {"var_data": [0.307, 0.161, 0.016, 0.014, 0.566, 0.0, 1, 1, 1, 1, 1]}}, {"type": "Feature", "geometry": {"type": "Point", "coordinates": [2.39596, 40.800098]}, "properties": {"var_data": [0.374, 0.287, 0.02, 0.018, 0.871, 0.0, 1, 1, 1, 1, 1]}}, {"type": "Feature", "geometry": {"type": "Point", "coordinates": [2.4313, 40.800098]}, "properties": {"var_data": [0.211, 0.218, 0.051, 0.019, 0.952, 0.0, 1, 1, 1, 1, 1]}}, {"type": "Feature", "geometry": {"type": "Point", "coordinates": [2.46664, 40.800098]}, "properties": {"var_data": [0.096, 0.071, 0.058, 0.021, 1.049, 0.0, 1, 1, 1, 1, 1]}}, {"type": "Feature", "geometry": {"type": "Point", "coordinates": [2.50198, 40.800098]}, "properties": {"var_data": [-0.218, -0.165, 0.114, 0.071, 1.31, 0.008, 1, 1, 1, 1, 1]}}, {"type": "Feature", "geometry": {"type": "Point", "coordinates": [2.57266, 40.800098]}, "properties": {"var_data": [-0.734, -0.694, 0.23, 0.168, 3.346, 0.038, 4, 1, 4, 1, 1]}}, {"type": "Feature", "geometry": {"type": "Point", "coordinates": [2.608, 40.800098]}, "properties": {"var_data": [-0.513, -0.502, 0.13, 0.102, 2.655, 0.013, 4, 1, 4, 1, 1]}}, {"type": "Feature", "geometry": {"type": "Point", "coordinates": [0.91168, 40.827099]}, "properties": {"var_data": [0.866, -1.367, 0.339, 0.581, 10.915, -0.197, 4, 0, 4, 1, 1]}}, {"type": "Feature", "geometry": {"type": "Point", "coordinates": [0.94702, 40.827099]}, "properties": {"var_data": [-0.196, 0.503, 0.259, 0.415, 7.821, -0.107, 4, 1, 4, 1, 1]}}, {"type": "Feature", "geometry": {"type": "Point", "coordinates": [0.98236, 40.827099]}, "properties": {"var_data": [-0.721, 1.423, 0.354, 0.558, 8.155, -0.196, 4, 4, 4, 1, 1]}}, {"type": "Feature", "geometry": {"type": "Point", "coordinates": [1.0177, 40.827099]}, "properties": {"var_data": [0.929, -0.885, 0.196, 0.239, 5.842, -0.046, 4, 4, 4, 1, 1]}}, {"type": "Feature", "geometry": {"type": "Point", "coordinates": [1.05304, 40.827099]}, "properties": {"var_data": [0.907, -0.863, 0.196, 0.239, 5.834, -0.046, 4, 4, 4, 1, 1]}}, {"type": "Feature", "geometry": {"type": "Point", "coordinates": [1.22974, 40.827099]}, "properties": {"var_data": [0.409, -0.189, 0.206, 0.242, 3.722, -0.05, 4, 1, 4, 1, 1]}}, {"type": "Feature", "geometry": {"type": "Point", "coordinates": [1.26508, 40.827099]}, "properties": {"var_data": [0.49, -0.243, 0.189, 0.222, 3.795, -0.042, 4, 1, 4, 1, 1]}}, {"type": "Feature", "geometry": {"type": "Point", "coordinates": [1.30042, 40.827099]}, "properties": {"var_data": [0.965, -0.738, 0.022, 0.011, 1.406, -0.0, 4, 4, 1, 1, 1]}}, {"type": "Feature", "geometry": {"type": "Point", "coordinates": [1.33576, 40.827099]}, "properties": {"var_data": [1.156, -0.839, 0.007, 0.005, 1.795, -0.0, 4, 4, 1, 1, 1]}}, {"type": "Feature", "geometry": {"type": "Point", "coordinates": [1.3711, 40.827099]}, "properties": {"var_data": [1.115, -0.76, 0.007, 0.005, 1.794, -0.0, 4, 4, 1, 1, 1]}}, {"type": "Feature", "geometry": {"type": "Point", "coordinates": [1.40644, 40.827099]}, "properties": {"var_data": [1.345, -0.82, 0.007, 0.005, 2.504, -0.0, 4, 4, 4, 1, 1]}}, {"type": "Feature", "geometry": {"type": "Point", "coordinates": [1.44178, 40.827099]}, "properties": {"var_data": [0.602, -0.227, 0.02, 0.017, 1.29, -0.0, 1, 1, 1, 1, 1]}}, {"type": "Feature", "geometry": {"type": "Point", "coordinates": [1.47712, 40.827099]}, "properties": {"var_data": [0.749, -0.288, 0.031, 0.018, 1.142, -0.0, 1, 1, 1, 1, 1]}}, {"type": "Feature", "geometry": {"type": "Point", "coordinates": [1.51246, 40.827099]}, "properties": {"var_data": [0.755, -0.264, 0.032, 0.016, 0.839, -0.0, 1, 1, 1, 1, 1]}}, {"type": "Feature", "geometry": {"type": "Point", "coordinates": [1.5478, 40.827099]}, "properties": {"var_data": [0.799, -0.244, 0.034, 0.016, 0.788, -0.0, 1, 1, 1, 1, 1]}}, {"type": "Feature", "geometry": {"type": "Point", "coordinates": [1.58314, 40.827099]}, "properties": {"var_data": [0.903, -0.241, 0.04, 0.019, 0.843, -0.001, 1, 1, 1, 1, 1]}}, {"type": "Feature", "geometry": {"type": "Point", "coordinates": [1.61848, 40.827099]}, "properties": {"var_data": [0.792, -0.15, 0.039, 0.015, 0.714, -0.001, 1, 1, 1, 1, 1]}}, {"type": "Feature", "geometry": {"type": "Point", "coordinates": [1.65382, 40.827099]}, "properties": {"var_data": [0.714, -0.045, 0.022, 0.008, 0.752, -0.0, 1, 1, 1, 1, 1]}}, {"type": "Feature", "geometry": {"type": "Point", "coordinates": [1.68916, 40.827099]}, "properties": {"var_data": [0.754, -0.017, 0.021, 0.008, 0.806, -0.0, 1, 1, 1, 1, 1]}}, {"type": "Feature", "geometry": {"type": "Point", "coordinates": [1.7245, 40.827099]}, "properties": {"var_data": [0.699, 0.066, 0.012, 0.004, 0.767, -0.0, 1, 1, 1, 1, 1]}}, {"type": "Feature", "geometry": {"type": "Point", "coordinates": [1.75984, 40.827099]}, "properties": {"var_data": [0.675, 0.171, 0.017, 0.006, 0.735, 0.0, 1, 1, 1, 1, 1]}}, {"type": "Feature", "geometry": {"type": "Point", "coordinates": [1.79518, 40.827099]}, "properties": {"var_data": [0.672, 0.166, 0.019, 0.007, 0.651, 0.0, 1, 1, 1, 1, 1]}}, {"type": "Feature", "geometry": {"type": "Point", "coordinates": [1.83052, 40.827099]}, "properties": {"var_data": [0.648, 0.244, 0.026, 0.009, 0.664, 0.0, 1, 1, 1, 1, 1]}}, {"type": "Feature", "geometry": {"type": "Point", "coordinates": [1.86586, 40.827099]}, "properties": {"var_data": [0.679, 0.289, 0.03, 0.01, 0.722, 0.0, 1, 1, 1, 1, 1]}}, {"type": "Feature", "geometry": {"type": "Point", "coordinates": [1.9012, 40.827099]}, "properties": {"var_data": [0.64, 0.259, 0.011, 0.007, 0.671, 0.0, 1, 1, 1, 1, 1]}}, {"type": "Feature", "geometry": {"type": "Point", "coordinates": [1.93654, 40.827099]}, "properties": {"var_data": [0.565, 0.222, 0.011, 0.007, 0.644, 0.0, 1, 1, 1, 1, 1]}}, {"type": "Feature", "geometry": {"type": "Point", "coordinates": [1.97188, 40.827099]}, "properties": {"var_data": [0.369, 0.156, 0.008, 0.004, 0.536, 0.0, 1, 1, 1, 1, 1]}}, {"type": "Feature", "geometry": {"type": "Point", "coordinates": [2.00722, 40.827099]}, "properties": {"var_data": [0.106, 0.096, 0.022, 0.005, 0.539, -0.0, 1, 1, 1, 1, 1]}}, {"type": "Feature", "geometry": {"type": "Point", "coordinates": [2.04256, 40.827099]}, "properties": {"var_data": [0.275, 0.183, 0.02, 0.005, 0.535, -0.0, 1, 1, 1, 1, 1]}}, {"type": "Feature", "geometry": {"type": "Point", "coordinates": [2.0779, 40.827099]}, "properties": {"var_data": [0.229, 0.161, 0.018, 0.005, 0.49, -0.0, 1, 1, 1, 1, 1]}}, {"type": "Feature", "geometry": {"type": "Point", "coordinates": [2.11324, 40.827099]}, "properties": {"var_data": [0.236, 0.163, 0.028, 0.01, 0.604, 0.0, 1, 1, 1, 1, 1]}}, {"type": "Feature", "geometry": {"type": "Point", "coordinates": [2.14858, 40.827099]}, "properties": {"var_data": [0.188, 0.179, 0.024, 0.009, 0.549, 0.0, 1, 1, 1, 1, 1]}}, {"type": "Feature", "geometry": {"type": "Point", "coordinates": [2.18392, 40.827099]}, "properties": {"var_data": [0.271, 0.173, 0.02, 0.009, 0.489, 0.0, 1, 1, 1, 1, 1]}}, {"type": "Feature", "geometry": {"type": "Point", "coordinates": [2.21926, 40.827099]}, "properties": {"var_data": [0.325, 0.171, 0.022, 0.007, 0.513, 0.0, 1, 1, 1, 1, 1]}}, {"type": "Feature", "geometry": {"type": "Point", "coordinates": [2.2546, 40.827099]}, "properties": {"var_data": [0.277, 0.122, 0.02, 0.006, 0.421, 0.0, 1, 1, 1, 1, 1]}}, {"type": "Feature", "geometry": {"type": "Point", "coordinates": [2.28994, 40.827099]}, "properties": {"var_data": [0.321, 0.11, 0.014, 0.006, 0.41, 0.0, 1, 1, 1, 1, 1]}}, {"type": "Feature", "geometry": {"type": "Point", "coordinates": [2.32528, 40.827099]}, "properties": {"var_data": [0.291, 0.1, 0.015, 0.006, 0.455, 0.0, 1, 1, 1, 1, 1]}}, {"type": "Feature", "geometry": {"type": "Point", "coordinates": [2.36062, 40.827099]}, "properties": {"var_data": [0.276, 0.104, 0.016, 0.012, 0.47, 0.0, 1, 1, 1, 1, 1]}}, {"type": "Feature", "geometry": {"type": "Point", "coordinates": [2.39596, 40.827099]}, "properties": {"var_data": [0.284, 0.183, 0.019, 0.015, 0.841, 0.0, 1, 1, 1, 1, 1]}}, {"type": "Feature", "geometry": {"type": "Point", "coordinates": [2.4313, 40.827099]}, "properties": {"var_data": [0.225, 0.185, 0.048, 0.019, 0.937, 0.0, 1, 1, 1, 1, 1]}}, {"type": "Feature", "geometry": {"type": "Point", "coordinates": [2.46664, 40.827099]}, "properties": {"var_data": [0.147, 0.138, 0.033, 0.016, 0.938, 0.0, 1, 0, 1, 1, 1]}}, {"type": "Feature", "geometry": {"type": "Point", "coordinates": [2.50198, 40.827099]}, "properties": {"var_data": [-0.354, -0.326, 0.125, 0.078, 3.187, 0.01, 4, 1, 4, 1, 1]}}, {"type": "Feature", "geometry": {"type": "Point", "coordinates": [2.53732, 40.827099]}, "properties": {"var_data": [-0.496, -0.476, 0.13, 0.082, 2.772, 0.011, 4, 1, 4, 1, 1]}}, {"type": "Feature", "geometry": {"type": "Point", "coordinates": [2.57266, 40.827099]}, "properties": {"var_data": [-0.406, -0.374, 0.091, 0.06, 2.023, 0.005, 4, 1, 4, 1, 1]}}, {"type": "Feature", "geometry": {"type": "Point", "coordinates": [2.608, 40.827099]}, "properties": {"var_data": [-0.447, -0.441, 0.115, 0.092, 2.47, 0.01, 4, 1, 4, 1, 1]}}, {"type": "Feature", "geometry": {"type": "Point", "coordinates": [2.64334, 40.827099]}, "properties": {"var_data": [-0.477, -0.516, 0.126, 0.098, 2.487, 0.012, 4, 1, 4, 1, 1]}}, {"type": "Feature", "geometry": {"type": "Point", "coordinates": [0.91168, 40.854099]}, "properties": {"var_data": [0.866, -1.367, 0.339, 0.581, 10.915, -0.197, 4, 4, 4, 1, 1]}}, {"type": "Feature", "geometry": {"type": "Point", "coordinates": [0.94702, 40.854099]}, "properties": {"var_data": [0.836, -1.32, 0.356, 0.601, 11.103, -0.213, 4, 4, 4, 1, 1]}}, {"type": "Feature", "geometry": {"type": "Point", "coordinates": [0.98236, 40.854099]}, "properties": {"var_data": [0.994, -1.549, 0.312, 0.549, 11.085, -0.171, 4, 4, 4, 1, 4]}}, {"type": "Feature", "geometry": {"type": "Point", "coordinates": [1.0177, 40.854099]}, "properties": {"var_data": [0.151, 0.103, 0.188, 0.329, 8.107, -0.062, 4, 4, 4, 1, 1]}}, {"type": "Feature", "geometry": {"type": "Point", "coordinates": [1.15906, 40.854099]}, "properties": {"var_data": [0.564, -0.403, 0.118, 0.125, 5.101, -0.015, 4, 1, 4, 1, 1]}}, {"type": "Feature", "geometry": {"type": "Point", "coordinates": [1.1944, 40.854099]}, "properties": {"var_data": [0.547, -0.419, 0.111, 0.118, 3.662, -0.013, 4, 1, 4, 1, 1]}}, {"type": "Feature", "geometry": {"type": "Point", "coordinates": [1.22974, 40.854099]}, "properties": {"var_data": [0.647, -0.527, 0.1, 0.107, 2.4, -0.011, 4, 1, 4, 1, 1]}}, {"type": "Feature", "geometry": {"type": "Point", "coordinates": [1.26508, 40.854099]}, "properties": {"var_data": [0.89, -0.708, 0.116, 0.126, 2.769, -0.014, 4, 4, 4, 1, 1]}}, {"type": "Feature", "geometry": {"type": "Point", "coordinates": [1.30042, 40.854099]}, "properties": {"var_data": [0.847, -0.651, 0.022, 0.011, 1.413, -0.0, 4, 4, 1, 1, 1]}}, {"type": "Feature", "geometry": {"type": "Point", "coordinates": [1.33576, 40.854099]}, "properties": {"var_data": [0.856, -0.605, 0.007, 0.005, 1.28, -0.0, 4, 4, 1, 1, 1]}}, {"type": "Feature", "geometry": {"type": "Point", "coordinates": [1.3711, 40.854099]}, "properties": {"var_data": [1.041, -0.682, 0.007, 0.005, 1.695, -0.0, 4, 4, 1, 1, 1]}}, {"type": "Feature", "geometry": {"type": "Point", "coordinates": [1.40644, 40.854099]}, "properties": {"var_data": [0.954, -0.591, 0.007, 0.005, 1.949, -0.0, 4, 4, 1, 1, 1]}}, {"type": "Feature", "geometry": {"type": "Point", "coordinates": [1.44178, 40.854099]}, "properties": {"var_data": [0.623, -0.286, 0.028, 0.017, 1.248, -0.0, 1, 1, 1, 1, 1]}}, {"type": "Feature", "geometry": {"type": "Point", "coordinates": [1.47712, 40.854099]}, "properties": {"var_data": [0.542, -0.174, 0.031, 0.018, 1.224, -0.0, 1, 1, 1, 1, 1]}}, {"type": "Feature", "geometry": {"type": "Point", "coordinates": [1.51246, 40.854099]}, "properties": {"var_data": [0.634, -0.19, 0.029, 0.016, 0.876, -0.0, 1, 1, 1, 1, 1]}}, {"type": "Feature", "geometry": {"type": "Point", "coordinates": [1.5478, 40.854099]}, "properties": {"var_data": [0.685, -0.195, 0.03, 0.016, 0.812, -0.0, 1, 1, 1, 1, 1]}}, {"type": "Feature", "geometry": {"type": "Point", "coordinates": [1.58314, 40.854099]}, "properties": {"var_data": [0.664, -0.143, 0.037, 0.022, 0.726, -0.001, 1, 1, 1, 1, 1]}}, {"type": "Feature", "geometry": {"type": "Point", "coordinates": [1.61848, 40.854099]}, "properties": {"var_data": [0.74, -0.127, 0.039, 0.015, 0.73, -0.001, 1, 1, 1, 1, 1]}}, {"type": "Feature", "geometry": {"type": "Point", "coordinates": [1.65382, 40.854099]}, "properties": {"var_data": [0.723, -0.039, 0.022, 0.008, 0.758, -0.0, 1, 1, 1, 1, 1]}}, {"type": "Feature", "geometry": {"type": "Point", "coordinates": [1.68916, 40.854099]}, "properties": {"var_data": [0.803, -0.004, 0.022, 0.008, 0.835, -0.0, 1, 1, 1, 1, 1]}}, {"type": "Feature", "geometry": {"type": "Point", "coordinates": [1.7245, 40.854099]}, "properties": {"var_data": [0.463, 0.185, 0.012, 0.004, 0.716, -0.0, 1, 1, 1, 1, 1]}}, {"type": "Feature", "geometry": {"type": "Point", "coordinates": [1.75984, 40.854099]}, "properties": {"var_data": [0.454, 0.194, 0.017, 0.006, 0.688, 0.0, 1, 1, 1, 1, 1]}}, {"type": "Feature", "geometry": {"type": "Point", "coordinates": [1.79518, 40.854099]}, "properties": {"var_data": [0.398, 0.242, 0.021, 0.007, 0.749, 0.0, 1, 1, 1, 1, 1]}}, {"type": "Feature", "geometry": {"type": "Point", "coordinates": [1.83052, 40.854099]}, "properties": {"var_data": [0.504, 0.264, 0.023, 0.009, 0.702, 0.0, 1, 1, 1, 1, 1]}}, {"type": "Feature", "geometry": {"type": "Point", "coordinates": [1.86586, 40.854099]}, "properties": {"var_data": [0.668, 0.236, 0.015, 0.01, 0.629, 0.0, 1, 1, 1, 1, 1]}}, {"type": "Feature", "geometry": {"type": "Point", "coordinates": [1.9012, 40.854099]}, "properties": {"var_data": [0.435, 0.176, 0.013, 0.009, 0.544, 0.0, 1, 1, 1, 1, 1]}}, {"type": "Feature", "geometry": {"type": "Point", "coordinates": [1.93654, 40.854099]}, "properties": {"var_data": [0.368, 0.134, 0.011, 0.007, 0.486, 0.0, 1, 1, 1, 1, 1]}}, {"type": "Feature", "geometry": {"type": "Point", "coordinates": [1.97188, 40.854099]}, "properties": {"var_data": [0.235, 0.097, 0.008, 0.004, 0.502, 0.0, 1, 1, 1, 1, 1]}}, {"type": "Feature", "geometry": {"type": "Point", "coordinates": [2.00722, 40.854099]}, "properties": {"var_data": [0.239, 0.116, 0.026, 0.006, 0.461, -0.0, 1, 1, 1, 1, 1]}}, {"type": "Feature", "geometry": {"type": "Point", "coordinates": [2.04256, 40.854099]}, "properties": {"var_data": [0.229, 0.157, 0.029, 0.006, 0.487, -0.0, 1, 1, 1, 1, 1]}}, {"type": "Feature", "geometry": {"type": "Point", "coordinates": [2.0779, 40.854099]}, "properties": {"var_data": [0.198, 0.14, 0.023, 0.006, 0.436, -0.0, 1, 1, 1, 1, 1]}}, {"type": "Feature", "geometry": {"type": "Point", "coordinates": [2.11324, 40.854099]}, "properties": {"var_data": [0.203, 0.198, 0.034, 0.022, 0.521, 0.0, 1, 1, 1, 1, 1]}}, {"type": "Feature", "geometry": {"type": "Point", "coordinates": [2.14858, 40.854099]}, "properties": {"var_data": [0.314, 0.258, 0.038, 0.021, 0.65, 0.0, 1, 1, 1, 1, 1]}}, {"type": "Feature", "geometry": {"type": "Point", "coordinates": [2.18392, 40.854099]}, "properties": {"var_data": [0.215, 0.167, 0.034, 0.018, 0.471, 0.0, 1, 1, 1, 1, 1]}}, {"type": "Feature", "geometry": {"type": "Point", "coordinates": [2.21926, 40.854099]}, "properties": {"var_data": [0.274, 0.139, 0.021, 0.006, 0.463, 0.0, 1, 1, 1, 1, 1]}}, {"type": "Feature", "geometry": {"type": "Point", "coordinates": [2.2546, 40.854099]}, "properties": {"var_data": [0.329, 0.18, 0.018, 0.006, 0.407, 0.0, 1, 1, 1, 1, 1]}}, {"type": "Feature", "geometry": {"type": "Point", "coordinates": [2.28994, 40.854099]}, "properties": {"var_data": [0.346, 0.144, 0.013, 0.006, 0.403, 0.0, 1, 1, 1, 1, 1]}}, {"type": "Feature", "geometry": {"type": "Point", "coordinates": [2.32528, 40.854099]}, "properties": {"var_data": [0.309, 0.171, 0.023, 0.023, 0.481, 0.0, 1, 1, 1, 1, 1]}}, {"type": "Feature", "geometry": {"type": "Point", "coordinates": [2.36062, 40.854099]}, "properties": {"var_data": [0.304, 0.167, 0.018, 0.014, 0.435, 0.0, 1, 1, 1, 1, 1]}}, {"type": "Feature", "geometry": {"type": "Point", "coordinates": [2.39596, 40.854099]}, "properties": {"var_data": [0.246, 0.111, 0.019, 0.015, 0.686, 0.0, 1, 1, 1, 1, 1]}}, {"type": "Feature", "geometry": {"type": "Point", "coordinates": [2.4313, 40.854099]}, "properties": {"var_data": [0.18, 0.104, 0.036, 0.016, 0.776, 0.0, 1, 1, 1, 1, 1]}}, {"type": "Feature", "geometry": {"type": "Point", "coordinates": [2.46664, 40.854099]}, "properties": {"var_data": [0.101, 0.085, 0.055, 0.033, 1.13, 0.002, 1, 1, 1, 1, 1]}}, {"type": "Feature", "geometry": {"type": "Point", "coordinates": [2.50198, 40.854099]}, "properties": {"var_data": [-0.064, -0.047, 0.11, 0.069, 2.826, 0.007, 4, 1, 4, 1, 1]}}, {"type": "Feature", "geometry": {"type": "Point", "coordinates": [2.53732, 40.854099]}, "properties": {"var_data": [-0.271, -0.289, 0.095, 0.062, 2.215, 0.006, 4, 1, 4, 1, 1]}}, {"type": "Feature", "geometry": {"type": "Point", "coordinates": [2.57266, 40.854099]}, "properties": {"var_data": [-0.334, -0.323, 0.089, 0.059, 1.943, 0.005, 1, 1, 1, 1, 1]}}, {"type": "Feature", "geometry": {"type": "Point", "coordinates": [2.608, 40.854099]}, "properties": {"var_data": [-0.441, -0.491, 0.122, 0.096, 2.483, 0.011, 4, 1, 4, 1, 1]}}, {"type": "Feature", "geometry": {"type": "Point", "coordinates": [2.64334, 40.854099]}, "properties": {"var_data": [-0.345, -0.389, 0.084, 0.072, 2.092, 0.006, 4, 1, 4, 1, 1]}}, {"type": "Feature", "geometry": {"type": "Point", "coordinates": [0.841, 40.8811]}, "properties": {"var_data": [2.049, -4.097, 2.07, 4.484, 0.0, -9.281, 4, 4, 4, 4, 4]}}, {"type": "Feature", "geometry": {"type": "Point", "coordinates": [0.87634, 40.8811]}, "properties": {"var_data": [0.233, -0.267, 0.202, 0.413, 8.092, -0.083, 4, 4, 4, 1, 1]}}, {"type": "Feature", "geometry": {"type": "Point", "coordinates": [0.91168, 40.8811]}, "properties": {"var_data": [0.354, -0.533, 0.139, 0.268, 6.348, -0.037, 4, 1, 4, 1, 1]}}, {"type": "Feature", "geometry": {"type": "Point", "coordinates": [0.94702, 40.8811]}, "properties": {"var_data": [0.3, -0.464, 0.184, 0.339, 6.342, -0.062, 4, 1, 4, 1, 1]}}, {"type": "Feature", "geometry": {"type": "Point", "coordinates": [0.98236, 40.8811]}, "properties": {"var_data": [1.148, -1.772, 0.312, 0.548, 11.027, -0.171, 4, 4, 4, 1, 4]}}, {"type": "Feature", "geometry": {"type": "Point", "coordinates": [1.0177, 40.8811]}, "properties": {"var_data": [1.124, -1.729, 0.312, 0.549, 10.763, -0.171, 4, 4, 4, 1, 4]}}, {"type": "Feature", "geometry": {"type": "Point", "coordinates": [1.12372, 40.8811]}, "properties": {"var_data": [0.057, 0.206, 0.103, 0.107, 4.009, -0.011, 4, 4, 4, 1, 1]}}, {"type": "Feature", "geometry": {"type": "Point", "coordinates": [1.15906, 40.8811]}, "properties": {"var_data": [0.364, -0.154, 0.174, 0.176, 4.29, -0.03, 4, 1, 4, 1, 1]}}, {"type": "Feature", "geometry": {"type": "Point", "coordinates": [1.1944, 40.8811]}, "properties": {"var_data": [0.523, -0.365, 0.11, 0.117, 3.183, -0.013, 4, 1, 4, 1, 1]}}, {"type": "Feature", "geometry": {"type": "Point", "coordinates": [1.22974, 40.8811]}, "properties": {"var_data": [0.679, -0.533, 0.094, 0.101, 2.059, -0.009, 4, 1, 4, 1, 1]}}, {"type": "Feature", "geometry": {"type": "Point", "coordinates": [1.26508, 40.8811]}, "properties": {"var_data": [0.7, -0.55, 0.154, 0.185, 2.137, -0.028, 4, 1, 4, 1, 1]}}, {"type": "Feature", "geometry": {"type": "Point", "coordinates": [1.30042, 40.8811]}, "properties": {"var_data": [0.741, -0.535, 0.128, 0.136, 2.453, -0.017, 4, 4, 4, 1, 1]}}, {"type": "Feature", "geometry": {"type": "Point", "coordinates": [1.33576, 40.8811]}, "properties": {"var_data": [0.725, -0.492, 0.018, 0.009, 1.257, -0.0, 4, 4, 1, 1, 1]}}, {"type": "Feature", "geometry": {"type": "Point", "coordinates": [1.3711, 40.8811]}, "properties": {"var_data": [0.7, -0.445, 0.017, 0.009, 1.29, -0.0, 4, 4, 1, 1, 1]}}, {"type": "Feature", "geometry": {"type": "Point", "coordinates": [1.40644, 40.8811]}, "properties": {"var_data": [0.757, -0.44, 0.069, 0.066, 1.855, -0.004, 4, 4, 1, 1, 1]}}, {"type": "Feature", "geometry": {"type": "Point", "coordinates": [1.44178, 40.8811]}, "properties": {"var_data": [0.543, -0.226, 0.057, 0.053, 1.224, -0.003, 1, 1, 1, 1, 1]}}, {"type": "Feature", "geometry": {"type": "Point", "coordinates": [1.47712, 40.8811]}, "properties": {"var_data": [0.512, -0.155, 0.027, 0.017, 1.252, -0.0, 1, 1, 1, 1, 1]}}, {"type": "Feature", "geometry": {"type": "Point", "coordinates": [1.51246, 40.8811]}, "properties": {"var_data": [0.561, -0.148, 0.031, 0.017, 0.908, -0.0, 1, 1, 1, 1, 1]}}, {"type": "Feature", "geometry": {"type": "Point", "coordinates": [1.5478, 40.8811]}, "properties": {"var_data": [0.619, -0.175, 0.025, 0.012, 0.796, -0.0, 1, 1, 1, 1, 1]}}, {"type": "Feature", "geometry": {"type": "Point", "coordinates": [1.58314, 40.8811]}, "properties": {"var_data": [0.535, -0.09, 0.042, 0.026, 0.705, -0.001, 1, 1, 1, 1, 1]}}, {"type": "Feature", "geometry": {"type": "Point", "coordinates": [1.61848, 40.8811]}, "properties": {"var_data": [0.607, -0.089, 0.038, 0.02, 0.74, -0.001, 1, 1, 1, 1, 1]}}, {"type": "Feature", "geometry": {"type": "Point", "coordinates": [1.65382, 40.8811]}, "properties": {"var_data": [0.404, 0.022, 0.02, 0.014, 0.632, -0.0, 1, 1, 1, 1, 1]}}, {"type": "Feature", "geometry": {"type": "Point", "coordinates": [1.68916, 40.8811]}, "properties": {"var_data": [0.371, 0.099, 0.021, 0.014, 0.66, -0.0, 1, 1, 1, 1, 1]}}, {"type": "Feature", "geometry": {"type": "Point", "coordinates": [1.7245, 40.8811]}, "properties": {"var_data": [0.395, 0.205, 0.022, 0.009, 0.769, 0.0, 1, 1, 1, 1, 1]}}, {"type": "Feature", "geometry": {"type": "Point", "coordinates": [1.75984, 40.8811]}, "properties": {"var_data": [0.459, 0.221, 0.021, 0.008, 0.757, 0.0, 1, 1, 1, 1, 1]}}, {"type": "Feature", "geometry": {"type": "Point", "coordinates": [1.79518, 40.8811]}, "properties": {"var_data": [0.469, 0.23, 0.021, 0.007, 0.712, 0.0, 1, 1, 1, 1, 1]}}, {"type": "Feature", "geometry": {"type": "Point", "coordinates": [1.83052, 40.8811]}, "properties": {"var_data": [0.646, 0.263, 0.015, 0.007, 0.583, 0.0, 1, 1, 1, 1, 1]}}, {"type": "Feature", "geometry": {"type": "Point", "coordinates": [1.86586, 40.8811]}, "properties": {"var_data": [0.561, 0.223, 0.014, 0.01, 0.589, 0.0, 1, 1, 1, 1, 1]}}, {"type": "Feature", "geometry": {"type": "Point", "coordinates": [1.9012, 40.8811]}, "properties": {"var_data": [0.541, 0.204, 0.01, 0.007, 0.488, 0.0, 1, 1, 1, 1, 1]}}, {"type": "Feature", "geometry": {"type": "Point", "coordinates": [1.93654, 40.8811]}, "properties": {"var_data": [0.424, 0.139, 0.008, 0.006, 0.468, 0.0, 1, 1, 1, 1, 1]}}, {"type": "Feature", "geometry": {"type": "Point", "coordinates": [1.97188, 40.8811]}, "properties": {"var_data": [0.221, 0.061, 0.007, 0.003, 0.381, 0.0, 1, 1, 1, 1, 1]}}, {"type": "Feature", "geometry": {"type": "Point", "coordinates": [2.00722, 40.8811]}, "properties": {"var_data": [0.18, 0.096, 0.013, 0.004, 0.402, -0.0, 1, 1, 1, 1, 1]}}, {"type": "Feature", "geometry": {"type": "Point", "coordinates": [2.04256, 40.8811]}, "properties": {"var_data": [0.232, 0.149, 0.012, 0.004, 0.392, 0.0, 1, 1, 1, 1, 1]}}, {"type": "Feature", "geometry": {"type": "Point", "coordinates": [2.0779, 40.8811]}, "properties": {"var_data": [0.237, 0.184, 0.018, 0.006, 0.415, 0.0, 1, 1, 1, 1, 1]}}, {"type": "Feature", "geometry": {"type": "Point", "coordinates": [2.11324, 40.8811]}, "properties": {"var_data": [0.258, 0.226, 0.026, 0.015, 0.439, 0.0, 1, 1, 1, 1, 1]}}, {"type": "Feature", "geometry": {"type": "Point", "coordinates": [2.14858, 40.8811]}, "properties": {"var_data": [0.23, 0.154, 0.025, 0.011, 0.524, 0.0, 1, 1, 1, 1, 1]}}, {"type": "Feature", "geometry": {"type": "Point", "coordinates": [2.18392, 40.8811]}, "properties": {"var_data": [0.27, 0.173, 0.02, 0.008, 0.472, 0.0, 1, 1, 1, 1, 1]}}, {"type": "Feature", "geometry": {"type": "Point", "coordinates": [2.21926, 40.8811]}, "properties": {"var_data": [0.291, 0.157, 0.018, 0.008, 0.427, 0.0, 1, 1, 1, 1, 1]}}, {"type": "Feature", "geometry": {"type": "Point", "coordinates": [2.2546, 40.8811]}, "properties": {"var_data": [0.302, 0.141, 0.02, 0.006, 0.418, 0.0, 1, 1, 1, 1, 1]}}, {"type": "Feature", "geometry": {"type": "Point", "coordinates": [2.28994, 40.8811]}, "properties": {"var_data": [0.31, 0.168, 0.018, 0.012, 0.356, 0.0, 1, 1, 1, 1, 1]}}, {"type": "Feature", "geometry": {"type": "Point", "coordinates": [2.32528, 40.8811]}, "properties": {"var_data": [0.308, 0.131, 0.02, 0.021, 0.408, 0.0, 1, 1, 1, 1, 1]}}, {"type": "Feature", "geometry": {"type": "Point", "coordinates": [2.36062, 40.8811]}, "properties": {"var_data": [0.276, 0.133, 0.019, 0.018, 0.409, 0.0, 1, 1, 1, 1, 1]}}, {"type": "Feature", "geometry": {"type": "Point", "coordinates": [2.39596, 40.8811]}, "properties": {"var_data": [0.256, 0.139, 0.021, 0.019, 0.504, 0.0, 1, 1, 1, 1, 1]}}, {"type": "Feature", "geometry": {"type": "Point", "coordinates": [2.4313, 40.8811]}, "properties": {"var_data": [0.059, -0.02, 0.047, 0.024, 0.723, 0.001, 1, 1, 1, 1, 1]}}, {"type": "Feature", "geometry": {"type": "Point", "coordinates": [2.46664, 40.8811]}, "properties": {"var_data": [0.103, 0.081, 0.05, 0.034, 1.018, 0.002, 1, 1, 1, 1, 1]}}, {"type": "Feature", "geometry": {"type": "Point", "coordinates": [2.50198, 40.8811]}, "properties": {"var_data": [-0.185, -0.232, 0.062, 0.045, 2.175, 0.003, 4, 1, 4, 1, 1]}}, {"type": "Feature", "geometry": {"type": "Point", "coordinates": [2.53732, 40.8811]}, "properties": {"var_data": [-0.201, -0.263, 0.093, 0.06, 2.178, 0.005, 4, 1, 4, 1, 1]}}, {"type": "Feature", "geometry": {"type": "Point", "coordinates": [2.57266, 40.8811]}, "properties": {"var_data": [-0.221, -0.334, 0.09, 0.059, 1.769, 0.005, 1, 1, 1, 1, 1]}}, {"type": "Feature", "geometry": {"type": "Point", "coordinates": [2.608, 40.8811]}, "properties": {"var_data": [-0.186, -0.268, 0.085, 0.073, 2.043, 0.006, 4, 1, 4, 1, 1]}}, {"type": "Feature", "geometry": {"type": "Point", "coordinates": [2.64334, 40.8811]}, "properties": {"var_data": [-0.252, -0.317, 0.076, 0.068, 2.007, 0.005, 4, 1, 4, 1, 1]}}, {"type": "Feature", "geometry": {"type": "Point", "coordinates": [2.67868, 40.8811]}, "properties": {"var_data": [-0.137, -0.219, 0.113, 0.112, 3.299, 0.013, 4, 1, 4, 1, 1]}}, {"type": "Feature", "geometry": {"type": "Point", "coordinates": [2.71402, 40.8811]}, "properties": {"var_data": [0.058, 0.057, 0.084, 0.084, 1.474, 0.007, 1, 1, 1, 1, 1]}}, {"type": "Feature", "geometry": {"type": "Point", "coordinates": [2.74936, 40.8811]}, "properties": {"var_data": [0.067, 0.021, 0.098, 0.107, 3.425, 0.01, 4, 1, 4, 1, 1]}}, {"type": "Feature", "geometry": {"type": "Point", "coordinates": [0.841, 40.9081]}, "properties": {"var_data": [2.736, -5.592, 1.817, 3.93, 0.0, -7.138, 4, 4, 4, 1, 4]}}, {"type": "Feature", "geometry": {"type": "Point", "coordinates": [0.87634, 40.9081]}, "properties": {"var_data": [0.104, -0.069, 0.769, 1.662, 11.365, -1.277, 4, 4, 4, 1, 1]}}, {"type": "Feature", "geometry": {"type": "Point", "coordinates": [0.91168, 40.9081]}, "properties": {"var_data": [0.214, -0.264, 0.743, 1.601, 11.042, -1.189, 4, 4, 4, 1, 1]}}, {"type": "Feature", "geometry": {"type": "Point", "coordinates": [0.94702, 40.9081]}, "properties": {"var_data": [0.55, -0.872, 0.146, 0.295, 5.161, -0.043, 4, 4, 4, 1, 1]}}, {"type": "Feature", "geometry": {"type": "Point", "coordinates": [0.98236, 40.9081]}, "properties": {"var_data": [0.652, -0.972, 0.165, 0.292, 5.273, -0.048, 4, 1, 4, 1, 1]}}, {"type": "Feature", "geometry": {"type": "Point", "coordinates": [1.0177, 40.9081]}, "properties": {"var_data": [0.483, -0.644, 0.195, 0.346, 7.475, -0.067, 4, 1, 4, 1, 1]}}, {"type": "Feature", "geometry": {"type": "Point", "coordinates": [1.05304, 40.9081]}, "properties": {"var_data": [1.654, -2.628, 1.665, 2.933, 0.0, -4.883, 4, 4, 4, 1, 4]}}, {"type": "Feature", "geometry": {"type": "Point", "coordinates": [1.08838, 40.9081]}, "properties": {"var_data": [0.398, -0.419, 0.067, 0.11, 8.416, -0.007, 4, 4, 4, 1, 1]}}, {"type": "Feature", "geometry": {"type": "Point", "coordinates": [1.12372, 40.9081]}, "properties": {"var_data": [0.124, 0.054, 0.053, 0.063, 3.751, -0.003, 4, 4, 4, 1, 1]}}, {"type": "Feature", "geometry": {"type": "Point", "coordinates": [1.15906, 40.9081]}, "properties": {"var_data": [0.133, 0.076, 0.053, 0.063, 3.062, -0.003, 4, 1, 4, 1, 1]}}, {"type": "Feature", "geometry": {"type": "Point", "coordinates": [1.1944, 40.9081]}, "properties": {"var_data": [0.453, -0.322, 0.119, 0.121, 2.504, -0.014, 4, 1, 4, 1, 1]}}, {"type": "Feature", "geometry": {"type": "Point", "coordinates": [1.22974, 40.9081]}, "properties": {"var_data": [0.8, -0.697, 0.108, 0.114, 2.301, -0.012, 4, 4, 4, 1, 1]}}, {"type": "Feature", "geometry": {"type": "Point", "coordinates": [1.26508, 40.9081]}, "properties": {"var_data": [0.676, -0.536, 0.149, 0.178, 2.054, -0.026, 4, 4, 4, 1, 1]}}, {"type": "Feature", "geometry": {"type": "Point", "coordinates": [1.30042, 40.9081]}, "properties": {"var_data": [0.673, -0.505, 0.123, 0.149, 1.903, -0.018, 4, 4, 1, 1, 1]}}, {"type": "Feature", "geometry": {"type": "Point", "coordinates": [1.33576, 40.9081]}, "properties": {"var_data": [0.532, -0.33, 0.071, 0.07, 1.377, -0.005, 1, 1, 1, 1, 1]}}, {"type": "Feature", "geometry": {"type": "Point", "coordinates": [1.3711, 40.9081]}, "properties": {"var_data": [0.632, -0.389, 0.061, 0.059, 1.348, -0.004, 4, 4, 1, 1, 1]}}, {"type": "Feature", "geometry": {"type": "Point", "coordinates": [1.40644, 40.9081]}, "properties": {"var_data": [0.703, -0.414, 0.06, 0.057, 1.465, -0.003, 4, 4, 1, 1, 1]}}, {"type": "Feature", "geometry": {"type": "Point", "coordinates": [1.44178, 40.9081]}, "properties": {"var_data": [0.404, -0.157, 0.074, 0.064, 1.671, -0.005, 1, 1, 1, 1, 1]}}, {"type": "Feature", "geometry": {"type": "Point", "coordinates": [1.47712, 40.9081]}, "properties": {"var_data": [0.389, -0.085, 0.057, 0.043, 1.477, -0.002, 1, 1, 1, 1, 1]}}, {"type": "Feature", "geometry": {"type": "Point", "coordinates": [1.51246, 40.9081]}, "properties": {"var_data": [0.546, -0.159, 0.027, 0.012, 0.976, -0.0, 1, 1, 1, 1, 1]}}, {"type": "Feature", "geometry": {"type": "Point", "coordinates": [1.5478, 40.9081]}, "properties": {"var_data": [0.559, -0.135, 0.024, 0.012, 0.814, -0.0, 1, 1, 1, 1, 1]}}, {"type": "Feature", "geometry": {"type": "Point", "coordinates": [1.58314, 40.9081]}, "properties": {"var_data": [0.562, -0.13, 0.021, 0.01, 0.655, -0.0, 1, 1, 1, 1, 1]}}, {"type": "Feature", "geometry": {"type": "Point", "coordinates": [1.61848, 40.9081]}, "properties": {"var_data": [0.407, -0.045, 0.018, 0.013, 0.56, -0.0, 1, 1, 1, 1, 1]}}, {"type": "Feature", "geometry": {"type": "Point", "coordinates": [1.65382, 40.9081]}, "properties": {"var_data": [0.378, 0.039, 0.019, 0.013, 0.643, -0.0, 1, 1, 1, 1, 1]}}, {"type": "Feature", "geometry": {"type": "Point", "coordinates": [1.68916, 40.9081]}, "properties": {"var_data": [0.309, 0.118, 0.019, 0.013, 0.577, -0.0, 1, 1, 1, 1, 1]}}, {"type": "Feature", "geometry": {"type": "Point", "coordinates": [1.7245, 40.9081]}, "properties": {"var_data": [0.211, 0.216, 0.016, 0.009, 0.638, 0.0, 1, 1, 1, 1, 1]}}, {"type": "Feature", "geometry": {"type": "Point", "coordinates": [1.75984, 40.9081]}, "properties": {"var_data": [0.567, 0.176, 0.02, 0.008, 0.672, 0.0, 1, 1, 1, 1, 1]}}, {"type": "Feature", "geometry": {"type": "Point", "coordinates": [1.79518, 40.9081]}, "properties": {"var_data": [0.572, 0.227, 0.012, 0.008, 0.552, 0.0, 1, 1, 1, 1, 1]}}, {"type": "Feature", "geometry": {"type": "Point", "coordinates": [1.83052, 40.9081]}, "properties": {"var_data": [0.698, 0.285, 0.011, 0.008, 0.592, 0.0, 1, 1, 1, 1, 1]}}, {"type": "Feature", "geometry": {"type": "Point", "coordinates": [1.86586, 40.9081]}, "properties": {"var_data": [0.577, 0.261, 0.015, 0.008, 0.485, 0.0, 1, 1, 1, 1, 1]}}, {"type": "Feature", "geometry": {"type": "Point", "coordinates": [1.9012, 40.9081]}, "properties": {"var_data": [0.544, 0.226, 0.01, 0.007, 0.457, 0.0, 1, 1, 1, 1, 1]}}, {"type": "Feature", "geometry": {"type": "Point", "coordinates": [1.93654, 40.9081]}, "properties": {"var_data": [0.403, 0.131, 0.008, 0.005, 0.405, 0.0, 1, 1, 1, 1, 1]}}, {"type": "Feature", "geometry": {"type": "Point", "coordinates": [1.97188, 40.9081]}, "properties": {"var_data": [0.273, 0.106, 0.01, 0.004, 0.365, -0.0, 1, 1, 1, 1, 1]}}, {"type": "Feature", "geometry": {"type": "Point", "coordinates": [2.00722, 40.9081]}, "properties": {"var_data": [0.242, 0.121, 0.011, 0.004, 0.344, 0.0, 1, 1, 1, 1, 1]}}, {"type": "Feature", "geometry": {"type": "Point", "coordinates": [2.04256, 40.9081]}, "properties": {"var_data": [0.221, 0.156, 0.011, 0.004, 0.355, 0.0, 1, 1, 1, 1, 1]}}, {"type": "Feature", "geometry": {"type": "Point", "coordinates": [2.0779, 40.9081]}, "properties": {"var_data": [0.242, 0.178, 0.016, 0.006, 0.374, 0.0, 1, 1, 1, 1, 1]}}, {"type": "Feature", "geometry": {"type": "Point", "coordinates": [2.11324, 40.9081]}, "properties": {"var_data": [0.303, 0.256, 0.025, 0.017, 0.413, 0.0, 1, 1, 1, 1, 1]}}, {"type": "Feature", "geometry": {"type": "Point", "coordinates": [2.14858, 40.9081]}, "properties": {"var_data": [0.223, 0.178, 0.022, 0.01, 0.476, 0.0, 1, 1, 1, 1, 1]}}, {"type": "Feature", "geometry": {"type": "Point", "coordinates": [2.18392, 40.9081]}, "properties": {"var_data": [0.24, 0.163, 0.023, 0.005, 0.5, 0.0, 1, 1, 1, 1, 1]}}, {"type": "Feature", "geometry": {"type": "Point", "coordinates": [2.21926, 40.9081]}, "properties": {"var_data": [0.272, 0.146, 0.018, 0.005, 0.412, 0.0, 1, 1, 1, 1, 1]}}, {"type": "Feature", "geometry": {"type": "Point", "coordinates": [2.2546, 40.9081]}, "properties": {"var_data": [0.251, 0.11, 0.016, 0.004, 0.388, 0.0, 1, 1, 1, 1, 1]}}, {"type": "Feature", "geometry": {"type": "Point", "coordinates": [2.28994, 40.9081]}, "properties": {"var_data": [0.314, 0.148, 0.019, 0.011, 0.365, 0.0, 1, 1, 1, 1, 1]}}, {"type": "Feature", "geometry": {"type": "Point", "coordinates": [2.32528, 40.9081]}, "properties": {"var_data": [0.262, 0.134, 0.023, 0.015, 0.388, 0.0, 1, 1, 1, 1, 1]}}, {"type": "Feature", "geometry": {"type": "Point", "coordinates": [2.36062, 40.9081]}, "properties": {"var_data": [0.238, 0.091, 0.027, 0.015, 0.425, 0.0, 1, 1, 1, 1, 1]}}, {"type": "Feature", "geometry": {"type": "Point", "coordinates": [2.39596, 40.9081]}, "properties": {"var_data": [0.207, 0.088, 0.031, 0.016, 0.448, 0.0, 1, 1, 1, 1, 1]}}, {"type": "Feature", "geometry": {"type": "Point", "coordinates": [2.4313, 40.9081]}, "properties": {"var_data": [0.084, -0.004, 0.045, 0.032, 0.726, 0.001, 1, 1, 1, 1, 1]}}, {"type": "Feature", "geometry": {"type": "Point", "coordinates": [2.46664, 40.9081]}, "properties": {"var_data": [0.1, 0.004, 0.05, 0.045, 0.83, 0.002, 1, 1, 1, 1, 1]}}, {"type": "Feature", "geometry": {"type": "Point", "coordinates": [2.50198, 40.9081]}, "properties": {"var_data": [-0.125, -0.232, 0.136, 0.163, 1.919, 0.021, 1, 1, 1, 1, 1]}}, {"type": "Feature", "geometry": {"type": "Point", "coordinates": [2.53732, 40.9081]}, "properties": {"var_data": [-0.261, -0.509, 0.094, 0.088, 1.798, 0.008, 1, 1, 1, 1, 1]}}, {"type": "Feature", "geometry": {"type": "Point", "coordinates": [2.57266, 40.9081]}, "properties": {"var_data": [-0.262, -0.513, 0.116, 0.104, 2.027, 0.012, 4, 1, 4, 1, 1]}}, {"type": "Feature", "geometry": {"type": "Point", "coordinates": [2.608, 40.9081]}, "properties": {"var_data": [-0.346, -0.563, 0.107, 0.099, 3.252, 0.01, 4, 1, 4, 1, 1]}}, {"type": "Feature", "geometry": {"type": "Point", "coordinates": [2.64334, 40.9081]}, "properties": {"var_data": [-0.225, -0.385, 0.12, 0.119, 3.345, 0.014, 4, 1, 4, 1, 1]}}, {"type": "Feature", "geometry": {"type": "Point", "coordinates": [2.67868, 40.9081]}, "properties": {"var_data": [0.059, 0.022, 0.062, 0.062, 1.294, 0.004, 1, 1, 1, 1, 1]}}, {"type": "Feature", "geometry": {"type": "Point", "coordinates": [2.71402, 40.9081]}, "properties": {"var_data": [0.073, 0.028, 0.058, 0.058, 1.263, 0.003, 1, 1, 1, 1, 1]}}, {"type": "Feature", "geometry": {"type": "Point", "coordinates": [2.74936, 40.9081]}, "properties": {"var_data": [0.086, 0.051, 0.06, 0.066, 1.264, 0.004, 1, 1, 1, 1, 1]}}, {"type": "Feature", "geometry": {"type": "Point", "coordinates": [2.7847, 40.9081]}, "properties": {"var_data": [0.134, 0.098, 0.041, 0.017, 1.099, 0.0, 1, 1, 1, 1, 1]}}, {"type": "Feature", "geometry": {"type": "Point", "coordinates": [2.82004, 40.9081]}, "properties": {"var_data": [0.101, 0.11, 0.044, 0.009, 0.733, -0.0, 1, 1, 1, 1, 1]}}, {"type": "Feature", "geometry": {"type": "Point", "coordinates": [2.85538, 40.9081]}, "properties": {"var_data": [0.04, 0.089, 0.03, 0.01, 0.708, 0.0, 1, 1, 1, 1, 1]}}, {"type": "Feature", "geometry": {"type": "Point", "coordinates": [0.87634, 40.935101]}, "properties": {"var_data": [0.248, -0.397, 0.527, 1.147, 12.866, -0.605, 4, 4, 4, 1, 1]}}, {"type": "Feature", "geometry": {"type": "Point", "coordinates": [0.91168, 40.935101]}, "properties": {"var_data": [0.299, -0.37, 0.724, 1.558, 11.023, -1.127, 4, 1, 4, 1, 1]}}, {"type": "Feature", "geometry": {"type": "Point", "coordinates": [0.94702, 40.935101]}, "properties": {"var_data": [0.395, -0.544, 0.752, 1.619, 10.813, -1.217, 4, 1, 4, 1, 1]}}, {"type": "Feature", "geometry": {"type": "Point", "coordinates": [0.98236, 40.935101]}, "properties": {"var_data": [0.688, -1.11, 0.438, 0.938, 7.905, -0.41, 4, 4, 4, 1, 1]}}, {"type": "Feature", "geometry": {"type": "Point", "coordinates": [1.0177, 40.935101]}, "properties": {"var_data": [0.397, -0.441, 0.151, 0.27, 5.92, -0.041, 4, 1, 4, 1, 1]}}, {"type": "Feature", "geometry": {"type": "Point", "coordinates": [1.05304, 40.935101]}, "properties": {"var_data": [0.582, -0.791, 0.06, 0.1, 4.702, -0.006, 4, 4, 4, 1, 1]}}, {"type": "Feature", "geometry": {"type": "Point", "coordinates": [1.08838, 40.935101]}, "properties": {"var_data": [0.904, -1.348, 0.132, 0.194, 5.183, -0.026, 4, 4, 4, 1, 1]}}, {"type": "Feature", "geometry": {"type": "Point", "coordinates": [1.12372, 40.935101]}, "properties": {"var_data": [0.907, -1.376, 0.249, 0.356, 10.702, -0.088, 4, 1, 4, 1, 1]}}, {"type": "Feature", "geometry": {"type": "Point", "coordinates": [1.15906, 40.935101]}, "properties": {"var_data": [0.222, -0.035, 0.052, 0.062, 2.907, -0.003, 4, 1, 4, 1, 1]}}, {"type": "Feature", "geometry": {"type": "Point", "coordinates": [1.1944, 40.935101]}, "properties": {"var_data": [0.387, -0.207, 0.063, 0.069, 2.592, -0.004, 4, 1, 4, 1, 1]}}, {"type": "Feature", "geometry": {"type": "Point", "coordinates": [1.22974, 40.935101]}, "properties": {"var_data": [0.526, -0.401, 0.095, 0.155, 2.376, -0.015, 4, 1, 4, 1, 1]}}, {"type": "Feature", "geometry": {"type": "Point", "coordinates": [1.26508, 40.935101]}, "properties": {"var_data": [0.512, -0.314, 0.079, 0.122, 1.995, -0.009, 1, 1, 1, 1, 1]}}, {"type": "Feature", "geometry": {"type": "Point", "coordinates": [1.30042, 40.935101]}, "properties": {"var_data": [0.488, -0.261, 0.162, 0.219, 2.814, -0.035, 4, 1, 4, 1, 1]}}, {"type": "Feature", "geometry": {"type": "Point", "coordinates": [1.33576, 40.935101]}, "properties": {"var_data": [0.518, -0.291, 0.067, 0.082, 2.086, -0.005, 4, 1, 4, 1, 1]}}, {"type": "Feature", "geometry": {"type": "Point", "coordinates": [1.3711, 40.935101]}, "properties": {"var_data": [0.515, -0.279, 0.048, 0.051, 1.135, -0.002, 1, 1, 1, 1, 1]}}, {"type": "Feature", "geometry": {"type": "Point", "coordinates": [1.40644, 40.935101]}, "properties": {"var_data": [0.516, -0.269, 0.055, 0.049, 1.47, -0.003, 1, 1, 1, 1, 1]}}, {"type": "Feature", "geometry": {"type": "Point", "coordinates": [1.44178, 40.935101]}, "properties": {"var_data": [0.518, -0.278, 0.049, 0.049, 1.575, -0.002, 1, 1, 1, 1, 1]}}, {"type": "Feature", "geometry": {"type": "Point", "coordinates": [1.47712, 40.935101]}, "properties": {"var_data": [0.326, -0.106, 0.014, 0.011, 1.205, -0.0, 1, 1, 1, 1, 1]}}, {"type": "Feature", "geometry": {"type": "Point", "coordinates": [1.51246, 40.935101]}, "properties": {"var_data": [0.511, -0.149, 0.014, 0.011, 0.963, -0.0, 1, 1, 1, 1, 1]}}, {"type": "Feature", "geometry": {"type": "Point", "coordinates": [1.5478, 40.935101]}, "properties": {"var_data": [0.569, -0.173, 0.014, 0.011, 0.824, -0.0, 1, 1, 1, 1, 1]}}, {"type": "Feature", "geometry": {"type": "Point", "coordinates": [1.58314, 40.935101]}, "properties": {"var_data": [0.573, -0.139, 0.02, 0.01, 0.609, -0.0, 1, 1, 1, 1, 1]}}, {"type": "Feature", "geometry": {"type": "Point", "coordinates": [1.61848, 40.935101]}, "properties": {"var_data": [0.445, -0.078, 0.018, 0.012, 0.555, -0.0, 1, 1, 1, 1, 1]}}, {"type": "Feature", "geometry": {"type": "Point", "coordinates": [1.65382, 40.935101]}, "properties": {"var_data": [0.342, 0.02, 0.017, 0.012, 0.544, -0.0, 1, 1, 1, 1, 1]}}, {"type": "Feature", "geometry": {"type": "Point", "coordinates": [1.68916, 40.935101]}, "properties": {"var_data": [0.264, 0.086, 0.018, 0.012, 0.564, -0.0, 1, 1, 1, 1, 1]}}, {"type": "Feature", "geometry": {"type": "Point", "coordinates": [1.7245, 40.935101]}, "properties": {"var_data": [0.276, 0.148, 0.017, 0.014, 0.549, -0.0, 1, 1, 1, 1, 1]}}, {"type": "Feature", "geometry": {"type": "Point", "coordinates": [1.75984, 40.935101]}, "properties": {"var_data": [0.482, 0.157, 0.011, 0.008, 0.51, 0.0, 1, 1, 1, 1, 1]}}, {"type": "Feature", "geometry": {"type": "Point", "coordinates": [1.79518, 40.935101]}, "properties": {"var_data": [0.527, 0.215, 0.011, 0.007, 0.538, 0.0, 1, 1, 1, 1, 1]}}, {"type": "Feature", "geometry": {"type": "Point", "coordinates": [1.83052, 40.935101]}, "properties": {"var_data": [0.599, 0.249, 0.01, 0.007, 0.443, 0.0, 1, 1, 1, 1, 1]}}, {"type": "Feature", "geometry": {"type": "Point", "coordinates": [1.86586, 40.935101]}, "properties": {"var_data": [0.582, 0.275, 0.009, 0.006, 0.417, 0.0, 1, 1, 1, 1, 1]}}, {"type": "Feature", "geometry": {"type": "Point", "coordinates": [1.9012, 40.935101]}, "properties": {"var_data": [0.44, 0.209, 0.012, 0.007, 0.381, 0.0, 1, 1, 1, 1, 1]}}, {"type": "Feature", "geometry": {"type": "Point", "coordinates": [1.93654, 40.935101]}, "properties": {"var_data": [0.344, 0.152, 0.011, 0.006, 0.332, 0.0, 1, 1, 1, 1, 1]}}, {"type": "Feature", "geometry": {"type": "Point", "coordinates": [1.97188, 40.935101]}, "properties": {"var_data": [0.288, 0.151, 0.014, 0.006, 0.334, -0.0, 1, 1, 1, 1, 1]}}, {"type": "Feature", "geometry": {"type": "Point", "coordinates": [2.00722, 40.935101]}, "properties": {"var_data": [0.244, 0.15, 0.009, 0.004, 0.341, -0.0, 1, 1, 1, 1, 1]}}, {"type": "Feature", "geometry": {"type": "Point", "coordinates": [2.04256, 40.935101]}, "properties": {"var_data": [0.234, 0.16, 0.009, 0.004, 0.311, -0.0, 1, 1, 1, 1, 1]}}, {"type": "Feature", "geometry": {"type": "Point", "coordinates": [2.0779, 40.935101]}, "properties": {"var_data": [0.238, 0.217, 0.019, 0.008, 0.374, 0.0, 1, 1, 1, 1, 1]}}, {"type": "Feature", "geometry": {"type": "Point", "coordinates": [2.11324, 40.935101]}, "properties": {"var_data": [0.266, 0.205, 0.021, 0.015, 0.391, 0.0, 1, 1, 1, 1, 1]}}, {"type": "Feature", "geometry": {"type": "Point", "coordinates": [2.14858, 40.935101]}, "properties": {"var_data": [0.249, 0.169, 0.018, 0.009, 0.428, 0.0, 1, 1, 1, 1, 1]}}, {"type": "Feature", "geometry": {"type": "Point", "coordinates": [2.18392, 40.935101]}, "properties": {"var_data": [0.175, 0.083, 0.02, 0.005, 0.475, 0.0, 1, 1, 1, 1, 1]}}, {"type": "Feature", "geometry": {"type": "Point", "coordinates": [2.21926, 40.935101]}, "properties": {"var_data": [0.196, 0.058, 0.019, 0.005, 0.392, 0.0, 1, 1, 1, 1, 1]}}, {"type": "Feature", "geometry": {"type": "Point", "coordinates": [2.2546, 40.935101]}, "properties": {"var_data": [0.193, 0.059, 0.016, 0.005, 0.424, 0.0, 1, 1, 1, 1, 1]}}, {"type": "Feature", "geometry": {"type": "Point", "coordinates": [2.28994, 40.935101]}, "properties": {"var_data": [0.197, 0.084, 0.017, 0.005, 0.365, 0.0, 1, 1, 1, 1, 1]}}, {"type": "Feature", "geometry": {"type": "Point", "coordinates": [2.32528, 40.935101]}, "properties": {"var_data": [0.225, 0.069, 0.019, 0.013, 0.361, 0.0, 1, 1, 1, 1, 1]}}, {"type": "Feature", "geometry": {"type": "Point", "coordinates": [2.36062, 40.935101]}, "properties": {"var_data": [0.208, 0.079, 0.02, 0.014, 0.387, 0.0, 1, 1, 1, 1, 1]}}, {"type": "Feature", "geometry": {"type": "Point", "coordinates": [2.39596, 40.935101]}, "properties": {"var_data": [0.178, 0.023, 0.022, 0.007, 0.395, 0.0, 1, 1, 1, 1, 1]}}, {"type": "Feature", "geometry": {"type": "Point", "coordinates": [2.4313, 40.935101]}, "properties": {"var_data": [0.12, -0.0, 0.019, 0.008, 0.535, 0.0, 1, 1, 1, 1, 1]}}, {"type": "Feature", "geometry": {"type": "Point", "coordinates": [2.46664, 40.935101]}, "properties": {"var_data": [0.091, -0.035, 0.024, 0.012, 0.598, 0.0, 1, 1, 1, 1, 1]}}, {"type": "Feature", "geometry": {"type": "Point", "coordinates": [2.50198, 40.935101]}, "properties": {"var_data": [0.009, -0.192, 0.031, 0.02, 0.873, 0.0, 1, 1, 1, 1, 1]}}, {"type": "Feature", "geometry": {"type": "Point", "coordinates": [2.53732, 40.935101]}, "properties": {"var_data": [0.1, -0.118, 0.027, 0.018, 0.753, 0.0, 1, 1, 1, 1, 1]}}, {"type": "Feature", "geometry": {"type": "Point", "coordinates": [2.57266, 40.935101]}, "properties": {"var_data": [-0.261, -0.582, 0.12, 0.105, 1.729, 0.012, 4, 4, 1, 1, 1]}}, {"type": "Feature", "geometry": {"type": "Point", "coordinates": [2.608, 40.935101]}, "properties": {"var_data": [-0.124, -0.474, 0.055, 0.058, 1.641, 0.003, 1, 1, 1, 1, 1]}}, {"type": "Feature", "geometry": {"type": "Point", "coordinates": [2.64334, 40.935101]}, "properties": {"var_data": [-0.149, -0.453, 0.051, 0.051, 1.822, 0.003, 1, 1, 1, 1, 1]}}, {"type": "Feature", "geometry": {"type": "Point", "coordinates": [2.67868, 40.935101]}, "properties": {"var_data": [0.08, 0.01, 0.045, 0.045, 1.21, 0.002, 1, 1, 1, 1, 1]}}, {"type": "Feature", "geometry": {"type": "Point", "coordinates": [2.71402, 40.935101]}, "properties": {"var_data": [0.06, 0.018, 0.046, 0.046, 1.23, 0.002, 1, 1, 1, 1, 1]}}, {"type": "Feature", "geometry": {"type": "Point", "coordinates": [2.74936, 40.935101]}, "properties": {"var_data": [0.127, 0.07, 0.016, 0.016, 0.874, 0.0, 1, 1, 1, 1, 1]}}, {"type": "Feature", "geometry": {"type": "Point", "coordinates": [2.7847, 40.935101]}, "properties": {"var_data": [0.133, 0.098, 0.03, 0.017, 0.861, 0.0, 1, 1, 1, 1, 1]}}, {"type": "Feature", "geometry": {"type": "Point", "coordinates": [2.82004, 40.935101]}, "properties": {"var_data": [0.121, 0.105, 0.025, 0.008, 0.595, 0.0, 1, 1, 1, 1, 1]}}, {"type": "Feature", "geometry": {"type": "Point", "coordinates": [2.85538, 40.935101]}, "properties": {"var_data": [0.088, 0.092, 0.023, 0.008, 0.516, 0.0, 1, 1, 1, 1, 1]}}, {"type": "Feature", "geometry": {"type": "Point", "coordinates": [2.89072, 40.935101]}, "properties": {"var_data": [0.058, 0.085, 0.017, 0.008, 0.56, 0.0, 1, 1, 1, 1, 1]}}, {"type": "Feature", "geometry": {"type": "Point", "coordinates": [2.92606, 40.935101]}, "properties": {"var_data": [0.031, 0.107, 0.015, 0.008, 0.538, 0.0, 1, 1, 1, 1, 1]}}, {"type": "Feature", "geometry": {"type": "Point", "coordinates": [0.91168, 40.962101]}, "properties": {"var_data": [-0.003, 0.27, 0.354, 0.776, 9.334, -0.274, 4, 1, 4, 1, 1]}}, {"type": "Feature", "geometry": {"type": "Point", "coordinates": [0.94702, 40.962101]}, "properties": {"var_data": [0.084, 0.118, 0.394, 0.866, 9.427, -0.341, 4, 4, 4, 1, 1]}}, {"type": "Feature", "geometry": {"type": "Point", "coordinates": [0.98236, 40.962101]}, "properties": {"var_data": [0.98, -1.682, 0.511, 1.087, 10.732, -0.555, 4, 4, 4, 1, 4]}}, {"type": "Feature", "geometry": {"type": "Point", "coordinates": [1.0177, 40.962101]}, "properties": {"var_data": [0.587, -0.801, 0.233, 0.475, 7.909, -0.11, 4, 1, 4, 1, 1]}}, {"type": "Feature", "geometry": {"type": "Point", "coordinates": [1.05304, 40.962101]}, "properties": {"var_data": [0.737, -1.12, 0.067, 0.104, 4.535, -0.007, 4, 4, 4, 1, 1]}}, {"type": "Feature", "geometry": {"type": "Point", "coordinates": [1.08838, 40.962101]}, "properties": {"var_data": [0.649, -0.927, 0.08, 0.122, 4.276, -0.01, 4, 4, 4, 1, 1]}}, {"type": "Feature", "geometry": {"type": "Point", "coordinates": [1.12372, 40.962101]}, "properties": {"var_data": [0.619, -0.803, 0.126, 0.184, 4.614, -0.023, 4, 4, 4, 1, 1]}}, {"type": "Feature", "geometry": {"type": "Point", "coordinates": [1.15906, 40.962101]}, "properties": {"var_data": [0.08, 0.166, 0.098, 0.142, 2.01, -0.014, 4, 4, 4, 1, 1]}}, {"type": "Feature", "geometry": {"type": "Point", "coordinates": [1.1944, 40.962101]}, "properties": {"var_data": [0.104, 0.219, 0.096, 0.167, 1.578, -0.016, 1, 1, 1, 1, 1]}}, {"type": "Feature", "geometry": {"type": "Point", "coordinates": [1.22974, 40.962101]}, "properties": {"var_data": [0.422, -0.22, 0.078, 0.116, 2.765, -0.009, 4, 1, 4, 1, 1]}}, {"type": "Feature", "geometry": {"type": "Point", "coordinates": [1.26508, 40.962101]}, "properties": {"var_data": [0.504, -0.328, 0.047, 0.083, 2.766, -0.004, 4, 1, 4, 1, 1]}}, {"type": "Feature", "geometry": {"type": "Point", "coordinates": [1.30042, 40.962101]}, "properties": {"var_data": [0.402, -0.172, 0.042, 0.073, 2.045, -0.003, 4, 1, 4, 1, 1]}}, {"type": "Feature", "geometry": {"type": "Point", "coordinates": [1.33576, 40.962101]}, "properties": {"var_data": [0.482, -0.258, 0.035, 0.062, 1.894, -0.002, 1, 1, 1, 1, 1]}}, {"type": "Feature", "geometry": {"type": "Point", "coordinates": [1.3711, 40.962101]}, "properties": {"var_data": [0.45, -0.213, 0.043, 0.043, 1.131, -0.002, 1, 1, 1, 1, 1]}}, {"type": "Feature", "geometry": {"type": "Point", "coordinates": [1.40644, 40.962101]}, "properties": {"var_data": [0.417, -0.22, 0.043, 0.036, 1.07, -0.001, 1, 1, 1, 1, 1]}}, {"type": "Feature", "geometry": {"type": "Point", "coordinates": [1.44178, 40.962101]}, "properties": {"var_data": [0.41, -0.211, 0.024, 0.021, 1.266, -0.0, 1, 1, 1, 1, 1]}}, {"type": "Feature", "geometry": {"type": "Point", "coordinates": [1.47712, 40.962101]}, "properties": {"var_data": [0.369, -0.152, 0.023, 0.02, 1.271, -0.0, 1, 1, 1, 1, 1]}}, {"type": "Feature", "geometry": {"type": "Point", "coordinates": [1.51246, 40.962101]}, "properties": {"var_data": [0.414, -0.189, 0.014, 0.011, 0.87, -0.0, 1, 1, 1, 1, 1]}}, {"type": "Feature", "geometry": {"type": "Point", "coordinates": [1.5478, 40.962101]}, "properties": {"var_data": [0.588, -0.19, 0.014, 0.011, 0.867, -0.0, 1, 1, 1, 1, 1]}}, {"type": "Feature", "geometry": {"type": "Point", "coordinates": [1.58314, 40.962101]}, "properties": {"var_data": [0.602, -0.162, 0.024, 0.01, 0.641, -0.0, 1, 1, 1, 1, 1]}}, {"type": "Feature", "geometry": {"type": "Point", "coordinates": [1.61848, 40.962101]}, "properties": {"var_data": [0.425, -0.086, 0.018, 0.013, 0.521, -0.0, 1, 1, 1, 1, 1]}}, {"type": "Feature", "geometry": {"type": "Point", "coordinates": [1.65382, 40.962101]}, "properties": {"var_data": [0.255, 0.041, 0.018, 0.013, 0.498, -0.0, 1, 1, 1, 1, 1]}}, {"type": "Feature", "geometry": {"type": "Point", "coordinates": [1.68916, 40.962101]}, "properties": {"var_data": [0.22, 0.088, 0.018, 0.012, 0.535, -0.0, 1, 1, 1, 1, 1]}}, {"type": "Feature", "geometry": {"type": "Point", "coordinates": [1.7245, 40.962101]}, "properties": {"var_data": [0.306, 0.114, 0.011, 0.007, 0.499, 0.0, 1, 1, 1, 1, 1]}}, {"type": "Feature", "geometry": {"type": "Point", "coordinates": [1.75984, 40.962101]}, "properties": {"var_data": [0.412, 0.138, 0.012, 0.009, 0.439, 0.0, 1, 1, 1, 1, 1]}}, {"type": "Feature", "geometry": {"type": "Point", "coordinates": [1.79518, 40.962101]}, "properties": {"var_data": [0.485, 0.183, 0.006, 0.003, 0.398, 0.0, 1, 1, 1, 1, 1]}}, {"type": "Feature", "geometry": {"type": "Point", "coordinates": [1.83052, 40.962101]}, "properties": {"var_data": [0.519, 0.253, 0.011, 0.008, 0.384, 0.0, 1, 1, 1, 1, 1]}}, {"type": "Feature", "geometry": {"type": "Point", "coordinates": [1.86586, 40.962101]}, "properties": {"var_data": [0.504, 0.272, 0.011, 0.008, 0.368, 0.0, 1, 1, 1, 1, 1]}}, {"type": "Feature", "geometry": {"type": "Point", "coordinates": [1.9012, 40.962101]}, "properties": {"var_data": [0.402, 0.257, 0.012, 0.007, 0.356, 0.0, 1, 1, 1, 1, 1]}}, {"type": "Feature", "geometry": {"type": "Point", "coordinates": [1.93654, 40.962101]}, "properties": {"var_data": [0.309, 0.196, 0.014, 0.006, 0.343, -0.0, 1, 1, 1, 1, 1]}}, {"type": "Feature", "geometry": {"type": "Point", "coordinates": [1.97188, 40.962101]}, "properties": {"var_data": [0.255, 0.175, 0.012, 0.006, 0.301, -0.0, 1, 1, 1, 1, 1]}}, {"type": "Feature", "geometry": {"type": "Point", "coordinates": [2.00722, 40.962101]}, "properties": {"var_data": [0.231, 0.148, 0.009, 0.004, 0.311, 0.0, 1, 1, 1, 1, 1]}}, {"type": "Feature", "geometry": {"type": "Point", "coordinates": [2.04256, 40.962101]}, "properties": {"var_data": [0.245, 0.19, 0.01, 0.004, 0.306, 0.0, 1, 1, 1, 1, 1]}}, {"type": "Feature", "geometry": {"type": "Point", "coordinates": [2.0779, 40.962101]}, "properties": {"var_data": [0.28, 0.216, 0.01, 0.005, 0.31, 0.0, 1, 1, 1, 1, 1]}}, {"type": "Feature", "geometry": {"type": "Point", "coordinates": [2.11324, 40.962101]}, "properties": {"var_data": [0.208, 0.138, 0.017, 0.012, 0.356, 0.0, 1, 1, 1, 1, 1]}}, {"type": "Feature", "geometry": {"type": "Point", "coordinates": [2.14858, 40.962101]}, "properties": {"var_data": [0.225, 0.155, 0.023, 0.016, 0.387, 0.0, 1, 1, 1, 1, 1]}}, {"type": "Feature", "geometry": {"type": "Point", "coordinates": [2.18392, 40.962101]}, "properties": {"var_data": [0.162, 0.044, 0.017, 0.005, 0.404, 0.0, 1, 1, 1, 1, 1]}}, {"type": "Feature", "geometry": {"type": "Point", "coordinates": [2.21926, 40.962101]}, "properties": {"var_data": [0.149, 0.001, 0.018, 0.005, 0.386, 0.0, 1, 1, 1, 1, 1]}}, {"type": "Feature", "geometry": {"type": "Point", "coordinates": [2.2546, 40.962101]}, "properties": {"var_data": [0.155, 0.01, 0.019, 0.005, 0.364, 0.0, 1, 1, 1, 1, 1]}}, {"type": "Feature", "geometry": {"type": "Point", "coordinates": [2.28994, 40.962101]}, "properties": {"var_data": [0.171, 0.016, 0.016, 0.005, 0.353, 0.0, 1, 1, 1, 1, 1]}}, {"type": "Feature", "geometry": {"type": "Point", "coordinates": [2.32528, 40.962101]}, "properties": {"var_data": [0.153, -0.019, 0.017, 0.009, 0.351, 0.0, 1, 1, 1, 1, 1]}}, {"type": "Feature", "geometry": {"type": "Point", "coordinates": [2.36062, 40.962101]}, "properties": {"var_data": [0.157, -0.023, 0.014, 0.006, 0.374, 0.0, 1, 1, 1, 1, 1]}}, {"type": "Feature", "geometry": {"type": "Point", "coordinates": [2.39596, 40.962101]}, "properties": {"var_data": [0.159, 0.012, 0.015, 0.006, 0.381, 0.0, 1, 1, 1, 1, 1]}}, {"type": "Feature", "geometry": {"type": "Point", "coordinates": [2.4313, 40.962101]}, "properties": {"var_data": [0.118, -0.071, 0.015, 0.007, 0.428, 0.0, 1, 1, 1, 1, 1]}}, {"type": "Feature", "geometry": {"type": "Point", "coordinates": [2.46664, 40.962101]}, "properties": {"var_data": [0.125, -0.008, 0.015, 0.007, 0.452, 0.0, 1, 1, 1, 1, 1]}}, {"type": "Feature", "geometry": {"type": "Point", "coordinates": [2.50198, 40.962101]}, "properties": {"var_data": [0.106, -0.115, 0.026, 0.017, 0.586, 0.0, 1, 1, 1, 1, 1]}}, {"type": "Feature", "geometry": {"type": "Point", "coordinates": [2.53732, 40.962101]}, "properties": {"var_data": [0.177, -0.103, 0.027, 0.018, 0.698, 0.0, 1, 1, 1, 1, 1]}}, {"type": "Feature", "geometry": {"type": "Point", "coordinates": [2.57266, 40.962101]}, "properties": {"var_data": [0.201, -0.1, 0.027, 0.022, 0.665, 0.0, 1, 1, 1, 1, 1]}}, {"type": "Feature", "geometry": {"type": "Point", "coordinates": [2.608, 40.962101]}, "properties": {"var_data": [0.122, -0.182, 0.025, 0.024, 0.862, 0.0, 1, 1, 1, 1, 1]}}, {"type": "Feature", "geometry": {"type": "Point", "coordinates": [2.64334, 40.962101]}, "properties": {"var_data": [0.151, -0.058, 0.022, 0.022, 0.802, 0.0, 1, 1, 1, 1, 1]}}, {"type": "Feature", "geometry": {"type": "Point", "coordinates": [2.67868, 40.962101]}, "properties": {"var_data": [0.156, 0.001, 0.022, 0.022, 0.753, 0.0, 1, 1, 1, 1, 1]}}, {"type": "Feature", "geometry": {"type": "Point", "coordinates": [2.71402, 40.962101]}, "properties": {"var_data": [0.125, 0.021, 0.031, 0.031, 0.806, 0.001, 1, 1, 1, 1, 1]}}, {"type": "Feature", "geometry": {"type": "Point", "coordinates": [2.74936, 40.962101]}, "properties": {"var_data": [0.121, 0.062, 0.019, 0.015, 0.675, 0.0, 1, 1, 1, 1, 1]}}, {"type": "Feature", "geometry": {"type": "Point", "coordinates": [2.7847, 40.962101]}, "properties": {"var_data": [0.101, 0.059, 0.027, 0.016, 0.853, 0.0, 1, 1, 1, 1, 1]}}, {"type": "Feature", "geometry": {"type": "Point", "coordinates": [2.82004, 40.962101]}, "properties": {"var_data": [0.113, 0.077, 0.026, 0.013, 0.571, 0.0, 1, 1, 1, 1, 1]}}, {"type": "Feature", "geometry": {"type": "Point", "coordinates": [2.85538, 40.962101]}, "properties": {"var_data": [0.094, 0.089, 0.027, 0.008, 0.546, 0.0, 1, 1, 1, 1, 1]}}, {"type": "Feature", "geometry": {"type": "Point", "coordinates": [2.89072, 40.962101]}, "properties": {"var_data": [0.076, 0.101, 0.016, 0.008, 0.536, 0.0, 1, 1, 1, 1, 1]}}, {"type": "Feature", "geometry": {"type": "Point", "coordinates": [2.92606, 40.962101]}, "properties": {"var_data": [0.059, 0.118, 0.017, 0.009, 0.506, 0.0, 1, 1, 1, 1, 1]}}, {"type": "Feature", "geometry": {"type": "Point", "coordinates": [0.94702, 40.989101]}, "properties": {"var_data": [0.008, 0.351, 0.32, 0.708, 8.107, -0.226, 4, 0, 4, 1, 1]}}, {"type": "Feature", "geometry": {"type": "Point", "coordinates": [0.98236, 40.989101]}, "properties": {"var_data": [0.277, -0.215, 0.267, 0.582, 6.07, -0.155, 4, 1, 4, 1, 1]}}, {"type": "Feature", "geometry": {"type": "Point", "coordinates": [1.0177, 40.989101]}, "properties": {"var_data": [0.282, -0.205, 0.194, 0.403, 5.701, -0.078, 4, 1, 4, 1, 1]}}, {"type": "Feature", "geometry": {"type": "Point", "coordinates": [1.05304, 40.989101]}, "properties": {"var_data": [0.452, -0.539, 0.216, 0.447, 6.436, -0.096, 4, 1, 4, 1, 1]}}, {"type": "Feature", "geometry": {"type": "Point", "coordinates": [1.08838, 40.989101]}, "properties": {"var_data": [0.608, -0.827, 0.074, 0.113, 4.619, -0.008, 4, 4, 4, 1, 1]}}, {"type": "Feature", "geometry": {"type": "Point", "coordinates": [1.12372, 40.989101]}, "properties": {"var_data": [0.138, 0.106, 0.066, 0.101, 2.055, -0.007, 4, 4, 4, 1, 1]}}, {"type": "Feature", "geometry": {"type": "Point", "coordinates": [1.15906, 40.989101]}, "properties": {"var_data": [0.126, 0.182, 0.051, 0.082, 2.001, -0.004, 4, 4, 4, 1, 1]}}, {"type": "Feature", "geometry": {"type": "Point", "coordinates": [1.1944, 40.989101]}, "properties": {"var_data": [0.055, 0.356, 0.094, 0.181, 2.08, -0.017, 4, 1, 4, 1, 1]}}, {"type": "Feature", "geometry": {"type": "Point", "coordinates": [1.22974, 40.989101]}, "properties": {"var_data": [0.179, 0.131, 0.051, 0.084, 1.647, -0.004, 1, 1, 1, 1, 1]}}, {"type": "Feature", "geometry": {"type": "Point", "coordinates": [1.26508, 40.989101]}, "properties": {"var_data": [0.469, -0.287, 0.046, 0.081, 2.263, -0.004, 4, 1, 4, 1, 1]}}, {"type": "Feature", "geometry": {"type": "Point", "coordinates": [1.30042, 40.989101]}, "properties": {"var_data": [0.366, -0.133, 0.048, 0.084, 3.334, -0.004, 4, 1, 4, 1, 1]}}, {"type": "Feature", "geometry": {"type": "Point", "coordinates": [1.33576, 40.989101]}, "properties": {"var_data": [0.492, -0.345, 0.013, 0.022, 1.988, -0.0, 1, 1, 1, 1, 1]}}, {"type": "Feature", "geometry": {"type": "Point", "coordinates": [1.3711, 40.989101]}, "properties": {"var_data": [0.431, -0.238, 0.017, 0.023, 1.325, -0.0, 1, 1, 1, 1, 1]}}, {"type": "Feature", "geometry": {"type": "Point", "coordinates": [1.40644, 40.989101]}, "properties": {"var_data": [0.485, -0.28, 0.024, 0.02, 1.008, -0.0, 1, 1, 1, 1, 1]}}, {"type": "Feature", "geometry": {"type": "Point", "coordinates": [1.44178, 40.989101]}, "properties": {"var_data": [0.499, -0.277, 0.02, 0.019, 0.995, -0.0, 1, 1, 1, 1, 1]}}, {"type": "Feature", "geometry": {"type": "Point", "coordinates": [1.47712, 40.989101]}, "properties": {"var_data": [0.445, -0.199, 0.018, 0.018, 0.952, -0.0, 1, 1, 1, 1, 1]}}, {"type": "Feature", "geometry": {"type": "Point", "coordinates": [1.51246, 40.989101]}, "properties": {"var_data": [0.426, -0.188, 0.019, 0.017, 0.746, -0.0, 1, 1, 1, 1, 1]}}, {"type": "Feature", "geometry": {"type": "Point", "coordinates": [1.5478, 40.989101]}, "properties": {"var_data": [0.481, -0.154, 0.024, 0.024, 0.72, -0.001, 1, 1, 1, 1, 1]}}, {"type": "Feature", "geometry": {"type": "Point", "coordinates": [1.58314, 40.989101]}, "properties": {"var_data": [0.481, -0.144, 0.028, 0.018, 0.649, -0.0, 1, 1, 1, 1, 1]}}, {"type": "Feature", "geometry": {"type": "Point", "coordinates": [1.61848, 40.989101]}, "properties": {"var_data": [0.444, -0.102, 0.026, 0.017, 0.543, -0.0, 1, 1, 1, 1, 1]}}, {"type": "Feature", "geometry": {"type": "Point", "coordinates": [1.65382, 40.989101]}, "properties": {"var_data": [0.372, 0.001, 0.032, 0.019, 0.57, -0.001, 1, 1, 1, 1, 1]}}, {"type": "Feature", "geometry": {"type": "Point", "coordinates": [1.68916, 40.989101]}, "properties": {"var_data": [0.28, 0.078, 0.008, 0.005, 0.476, 0.0, 1, 1, 1, 1, 1]}}, {"type": "Feature", "geometry": {"type": "Point", "coordinates": [1.7245, 40.989101]}, "properties": {"var_data": [0.308, 0.097, 0.009, 0.006, 0.422, 0.0, 1, 1, 1, 1, 1]}}, {"type": "Feature", "geometry": {"type": "Point", "coordinates": [1.75984, 40.989101]}, "properties": {"var_data": [0.364, 0.123, 0.007, 0.003, 0.372, -0.0, 1, 1, 1, 1, 1]}}, {"type": "Feature", "geometry": {"type": "Point", "coordinates": [1.79518, 40.989101]}, "properties": {"var_data": [0.418, 0.177, 0.005, 0.003, 0.346, 0.0, 1, 1, 1, 1, 1]}}, {"type": "Feature", "geometry": {"type": "Point", "coordinates": [1.83052, 40.989101]}, "properties": {"var_data": [0.417, 0.24, 0.006, 0.003, 0.335, 0.0, 1, 1, 1, 1, 1]}}, {"type": "Feature", "geometry": {"type": "Point", "coordinates": [1.86586, 40.989101]}, "properties": {"var_data": [0.382, 0.285, 0.01, 0.007, 0.336, 0.0, 1, 1, 1, 1, 1]}}, {"type": "Feature", "geometry": {"type": "Point", "coordinates": [1.9012, 40.989101]}, "properties": {"var_data": [0.323, 0.269, 0.011, 0.007, 0.314, 0.0, 1, 1, 1, 1, 1]}}, {"type": "Feature", "geometry": {"type": "Point", "coordinates": [1.93654, 40.989101]}, "properties": {"var_data": [0.276, 0.254, 0.014, 0.008, 0.327, 0.0, 1, 1, 1, 1, 1]}}, {"type": "Feature", "geometry": {"type": "Point", "coordinates": [1.97188, 40.989101]}, "properties": {"var_data": [0.234, 0.196, 0.01, 0.005, 0.28, -0.0, 1, 1, 1, 1, 1]}}, {"type": "Feature", "geometry": {"type": "Point", "coordinates": [2.00722, 40.989101]}, "properties": {"var_data": [0.219, 0.173, 0.01, 0.005, 0.28, -0.0, 1, 1, 1, 1, 1]}}, {"type": "Feature", "geometry": {"type": "Point", "coordinates": [2.04256, 40.989101]}, "properties": {"var_data": [0.214, 0.169, 0.01, 0.006, 0.317, -0.0, 1, 1, 1, 1, 1]}}, {"type": "Feature", "geometry": {"type": "Point", "coordinates": [2.0779, 40.989101]}, "properties": {"var_data": [0.215, 0.173, 0.014, 0.009, 0.31, 0.0, 1, 1, 1, 1, 1]}}, {"type": "Feature", "geometry": {"type": "Point", "coordinates": [2.11324, 40.989101]}, "properties": {"var_data": [0.2, 0.116, 0.011, 0.006, 0.325, -0.0, 1, 1, 1, 1, 1]}}, {"type": "Feature", "geometry": {"type": "Point", "coordinates": [2.14858, 40.989101]}, "properties": {"var_data": [0.197, 0.124, 0.01, 0.006, 0.349, -0.0, 1, 1, 1, 1, 1]}}, {"type": "Feature", "geometry": {"type": "Point", "coordinates": [2.18392, 40.989101]}, "properties": {"var_data": [0.182, 0.073, 0.009, 0.003, 0.353, 0.0, 1, 1, 1, 1, 1]}}, {"type": "Feature", "geometry": {"type": "Point", "coordinates": [2.21926, 40.989101]}, "properties": {"var_data": [0.142, 0.019, 0.016, 0.005, 0.386, 0.0, 1, 1, 1, 1, 1]}}, {"type": "Feature", "geometry": {"type": "Point", "coordinates": [2.2546, 40.989101]}, "properties": {"var_data": [0.13, -0.005, 0.016, 0.005, 0.354, 0.0, 1, 1, 1, 1, 1]}}, {"type": "Feature", "geometry": {"type": "Point", "coordinates": [2.28994, 40.989101]}, "properties": {"var_data": [0.109, -0.042, 0.016, 0.009, 0.334, 0.0, 1, 1, 1, 1, 1]}}, {"type": "Feature", "geometry": {"type": "Point", "coordinates": [2.32528, 40.989101]}, "properties": {"var_data": [0.161, -0.005, 0.015, 0.008, 0.331, 0.0, 1, 1, 1, 1, 1]}}, {"type": "Feature", "geometry": {"type": "Point", "coordinates": [2.36062, 40.989101]}, "properties": {"var_data": [0.175, -0.019, 0.012, 0.006, 0.322, 0.0, 1, 1, 1, 1, 1]}}, {"type": "Feature", "geometry": {"type": "Point", "coordinates": [2.39596, 40.989101]}, "properties": {"var_data": [0.202, -0.003, 0.013, 0.006, 0.335, 0.0, 1, 1, 1, 1, 1]}}, {"type": "Feature", "geometry": {"type": "Point", "coordinates": [2.4313, 40.989101]}, "properties": {"var_data": [0.182, -0.028, 0.014, 0.007, 0.383, 0.0, 1, 1, 1, 1, 1]}}, {"type": "Feature", "geometry": {"type": "Point", "coordinates": [2.46664, 40.989101]}, "properties": {"var_data": [0.208, -0.021, 0.014, 0.007, 0.381, 0.0, 1, 1, 1, 1, 1]}}, {"type": "Feature", "geometry": {"type": "Point", "coordinates": [2.50198, 40.989101]}, "properties": {"var_data": [0.206, -0.083, 0.025, 0.017, 0.527, 0.0, 1, 1, 1, 1, 1]}}, {"type": "Feature", "geometry": {"type": "Point", "coordinates": [2.53732, 40.989101]}, "properties": {"var_data": [0.204, -0.09, 0.024, 0.017, 0.583, 0.0, 1, 1, 1, 1, 1]}}, {"type": "Feature", "geometry": {"type": "Point", "coordinates": [2.57266, 40.989101]}, "properties": {"var_data": [0.225, -0.083, 0.027, 0.022, 0.674, 0.0, 1, 1, 1, 1, 1]}}, {"type": "Feature", "geometry": {"type": "Point", "coordinates": [2.608, 40.989101]}, "properties": {"var_data": [0.193, -0.148, 0.024, 0.024, 0.817, 0.0, 1, 1, 1, 1, 1]}}, {"type": "Feature", "geometry": {"type": "Point", "coordinates": [2.64334, 40.989101]}, "properties": {"var_data": [0.23, -0.027, 0.02, 0.022, 0.598, 0.0, 1, 1, 1, 1, 1]}}, {"type": "Feature", "geometry": {"type": "Point", "coordinates": [2.67868, 40.989101]}, "properties": {"var_data": [0.195, 0.011, 0.021, 0.023, 0.646, 0.0, 1, 1, 1, 1, 1]}}, {"type": "Feature", "geometry": {"type": "Point", "coordinates": [2.71402, 40.989101]}, "properties": {"var_data": [0.168, 0.085, 0.027, 0.03, 0.625, 0.001, 1, 1, 1, 1, 1]}}, {"type": "Feature", "geometry": {"type": "Point", "coordinates": [2.74936, 40.989101]}, "properties": {"var_data": [0.133, 0.073, 0.018, 0.014, 0.649, 0.0, 1, 1, 1, 1, 1]}}, {"type": "Feature", "geometry": {"type": "Point", "coordinates": [2.7847, 40.989101]}, "properties": {"var_data": [0.114, 0.063, 0.028, 0.013, 0.632, 0.0, 1, 1, 1, 1, 1]}}, {"type": "Feature", "geometry": {"type": "Point", "coordinates": [2.82004, 40.989101]}, "properties": {"var_data": [0.107, 0.064, 0.031, 0.009, 0.544, 0.0, 1, 1, 1, 1, 1]}}, {"type": "Feature", "geometry": {"type": "Point", "coordinates": [2.85538, 40.989101]}, "properties": {"var_data": [0.09, 0.084, 0.023, 0.009, 0.507, 0.0, 1, 1, 1, 1, 1]}}, {"type": "Feature", "geometry": {"type": "Point", "coordinates": [2.89072, 40.989101]}, "properties": {"var_data": [0.08, 0.102, 0.021, 0.009, 0.494, 0.0, 1, 1, 1, 1, 1]}}, {"type": "Feature", "geometry": {"type": "Point", "coordinates": [2.92606, 40.989101]}, "properties": {"var_data": [0.078, 0.104, 0.012, 0.007, 0.432, 0.0, 1, 1, 1, 1, 1]}}, {"type": "Feature", "geometry": {"type": "Point", "coordinates": [2.9614, 40.989101]}, "properties": {"var_data": [0.061, 0.13, 0.015, 0.009, 0.508, 0.0, 1, 1, 1, 1, 1]}}, {"type": "Feature", "geometry": {"type": "Point", "coordinates": [1.0177, 41.016102]}, "properties": {"var_data": [0.018, 0.402, 0.362, 0.784, 8.535, -0.284, 4, 1, 4, 1, 1]}}, {"type": "Feature", "geometry": {"type": "Point", "coordinates": [1.05304, 41.016102]}, "properties": {"var_data": [0.053, 0.376, 0.415, 0.894, 9.491, -0.37, 4, 1, 4, 1, 1]}}, {"type": "Feature", "geometry": {"type": "Point", "coordinates": [1.08838, 41.016102]}, "properties": {"var_data": [0.392, -0.401, 0.348, 0.73, 6.494, -0.253, 4, 1, 4, 1, 1]}}, {"type": "Feature", "geometry": {"type": "Point", "coordinates": [1.12372, 41.016102]}, "properties": {"var_data": [0.05, 0.328, 0.119, 0.253, 2.294, -0.03, 4, 4, 4, 1, 1]}}, {"type": "Feature", "geometry": {"type": "Point", "coordinates": [1.15906, 41.016102]}, "properties": {"var_data": [0.059, 0.305, 0.115, 0.246, 2.234, -0.028, 4, 1, 4, 1, 1]}}, {"type": "Feature", "geometry": {"type": "Point", "coordinates": [1.1944, 41.016102]}, "properties": {"var_data": [0.043, 0.367, 0.088, 0.176, 2.144, -0.015, 4, 1, 4, 1, 1]}}, {"type": "Feature", "geometry": {"type": "Point", "coordinates": [1.22974, 41.016102]}, "properties": {"var_data": [0.074, 0.35, 0.042, 0.075, 1.888, -0.003, 4, 4, 1, 1, 1]}}, {"type": "Feature", "geometry": {"type": "Point", "coordinates": [1.26508, 41.016102]}, "properties": {"var_data": [0.435, -0.272, 0.047, 0.083, 2.502, -0.004, 4, 1, 4, 1, 1]}}, {"type": "Feature", "geometry": {"type": "Point", "coordinates": [1.30042, 41.016102]}, "properties": {"var_data": [0.404, -0.211, 0.013, 0.023, 2.07, -0.0, 4, 1, 4, 1, 1]}}, {"type": "Feature", "geometry": {"type": "Point", "coordinates": [1.33576, 41.016102]}, "properties": {"var_data": [0.557, -0.43, 0.013, 0.023, 1.659, -0.0, 1, 1, 1, 1, 1]}}, {"type": "Feature", "geometry": {"type": "Point", "coordinates": [1.3711, 41.016102]}, "properties": {"var_data": [0.541, -0.41, 0.018, 0.025, 1.657, -0.0, 1, 1, 1, 1, 1]}}, {"type": "Feature", "geometry": {"type": "Point", "coordinates": [1.40644, 41.016102]}, "properties": {"var_data": [0.472, -0.269, 0.011, 0.014, 0.874, -0.0, 1, 1, 1, 1, 1]}}, {"type": "Feature", "geometry": {"type": "Point", "coordinates": [1.44178, 41.016102]}, "properties": {"var_data": [0.518, -0.289, 0.018, 0.013, 0.82, -0.0, 1, 1, 1, 1, 1]}}, {"type": "Feature", "geometry": {"type": "Point", "coordinates": [1.47712, 41.016102]}, "properties": {"var_data": [0.466, -0.225, 0.015, 0.013, 0.824, -0.0, 1, 1, 1, 1, 1]}}, {"type": "Feature", "geometry": {"type": "Point", "coordinates": [1.51246, 41.016102]}, "properties": {"var_data": [0.471, -0.196, 0.017, 0.013, 0.635, -0.0, 1, 1, 1, 1, 1]}}, {"type": "Feature", "geometry": {"type": "Point", "coordinates": [1.5478, 41.016102]}, "properties": {"var_data": [0.458, -0.177, 0.019, 0.015, 0.745, -0.0, 1, 1, 1, 1, 1]}}, {"type": "Feature", "geometry": {"type": "Point", "coordinates": [1.58314, 41.016102]}, "properties": {"var_data": [0.429, -0.15, 0.019, 0.017, 0.55, -0.0, 1, 1, 1, 1, 1]}}, {"type": "Feature", "geometry": {"type": "Point", "coordinates": [1.61848, 41.016102]}, "properties": {"var_data": [0.449, -0.12, 0.028, 0.018, 0.577, -0.0, 1, 1, 1, 1, 1]}}, {"type": "Feature", "geometry": {"type": "Point", "coordinates": [1.65382, 41.016102]}, "properties": {"var_data": [0.303, 0.021, 0.026, 0.016, 0.468, -0.0, 1, 1, 1, 1, 1]}}, {"type": "Feature", "geometry": {"type": "Point", "coordinates": [1.68916, 41.016102]}, "properties": {"var_data": [0.273, 0.08, 0.009, 0.006, 0.416, 0.0, 1, 1, 1, 1, 1]}}, {"type": "Feature", "geometry": {"type": "Point", "coordinates": [1.7245, 41.016102]}, "properties": {"var_data": [0.326, 0.077, 0.006, 0.003, 0.333, -0.0, 1, 1, 1, 1, 1]}}, {"type": "Feature", "geometry": {"type": "Point", "coordinates": [1.75984, 41.016102]}, "properties": {"var_data": [0.338, 0.12, 0.007, 0.003, 0.312, -0.0, 1, 1, 1, 1, 1]}}, {"type": "Feature", "geometry": {"type": "Point", "coordinates": [1.79518, 41.016102]}, "properties": {"var_data": [0.323, 0.168, 0.007, 0.003, 0.298, 0.0, 1, 1, 1, 1, 1]}}, {"type": "Feature", "geometry": {"type": "Point", "coordinates": [1.83052, 41.016102]}, "properties": {"var_data": [0.348, 0.249, 0.01, 0.004, 0.301, -0.0, 1, 1, 1, 1, 1]}}, {"type": "Feature", "geometry": {"type": "Point", "coordinates": [1.86586, 41.016102]}, "properties": {"var_data": [0.327, 0.286, 0.009, 0.004, 0.303, -0.0, 1, 1, 1, 1, 1]}}, {"type": "Feature", "geometry": {"type": "Point", "coordinates": [1.9012, 41.016102]}, "properties": {"var_data": [0.247, 0.273, 0.011, 0.006, 0.294, 0.0, 1, 1, 1, 1, 1]}}, {"type": "Feature", "geometry": {"type": "Point", "coordinates": [1.93654, 41.016102]}, "properties": {"var_data": [0.205, 0.224, 0.012, 0.007, 0.28, 0.0, 1, 1, 1, 1, 1]}}, {"type": "Feature", "geometry": {"type": "Point", "coordinates": [1.97188, 41.016102]}, "properties": {"var_data": [0.15, 0.179, 0.012, 0.006, 0.292, -0.0, 1, 1, 1, 1, 1]}}, {"type": "Feature", "geometry": {"type": "Point", "coordinates": [2.00722, 41.016102]}, "properties": {"var_data": [0.129, 0.125, 0.01, 0.006, 0.274, -0.0, 1, 1, 1, 1, 1]}}, {"type": "Feature", "geometry": {"type": "Point", "coordinates": [2.04256, 41.016102]}, "properties": {"var_data": [0.158, 0.134, 0.011, 0.006, 0.285, 0.0, 1, 1, 1, 1, 1]}}, {"type": "Feature", "geometry": {"type": "Point", "coordinates": [2.0779, 41.016102]}, "properties": {"var_data": [0.158, 0.102, 0.013, 0.009, 0.305, 0.0, 1, 1, 1, 1, 1]}}, {"type": "Feature", "geometry": {"type": "Point", "coordinates": [2.11324, 41.016102]}, "properties": {"var_data": [0.198, 0.122, 0.009, 0.005, 0.315, -0.0, 1, 1, 1, 1, 1]}}, {"type": "Feature", "geometry": {"type": "Point", "coordinates": [2.14858, 41.016102]}, "properties": {"var_data": [0.143, 0.062, 0.009, 0.006, 0.327, -0.0, 1, 1, 1, 1, 1]}}, {"type": "Feature", "geometry": {"type": "Point", "coordinates": [2.18392, 41.016102]}, "properties": {"var_data": [0.149, 0.075, 0.01, 0.005, 0.289, -0.0, 1, 1, 1, 1, 1]}}, {"type": "Feature", "geometry": {"type": "Point", "coordinates": [2.21926, 41.016102]}, "properties": {"var_data": [0.111, 0.041, 0.01, 0.006, 0.307, -0.0, 1, 1, 1, 1, 1]}}, {"type": "Feature", "geometry": {"type": "Point", "coordinates": [2.2546, 41.016102]}, "properties": {"var_data": [0.106, 0.028, 0.016, 0.009, 0.31, 0.0, 1, 1, 1, 1, 1]}}, {"type": "Feature", "geometry": {"type": "Point", "coordinates": [2.28994, 41.016102]}, "properties": {"var_data": [0.124, -0.018, 0.013, 0.007, 0.316, 0.0, 1, 1, 1, 1, 1]}}, {"type": "Feature", "geometry": {"type": "Point", "coordinates": [2.32528, 41.016102]}, "properties": {"var_data": [0.172, -0.006, 0.012, 0.007, 0.293, 0.0, 1, 1, 1, 1, 1]}}, {"type": "Feature", "geometry": {"type": "Point", "coordinates": [2.36062, 41.016102]}, "properties": {"var_data": [0.205, -0.004, 0.012, 0.007, 0.296, 0.0, 1, 1, 1, 1, 1]}}, {"type": "Feature", "geometry": {"type": "Point", "coordinates": [2.39596, 41.016102]}, "properties": {"var_data": [0.239, 0.008, 0.011, 0.005, 0.307, 0.0, 1, 1, 1, 1, 1]}}, {"type": "Feature", "geometry": {"type": "Point", "coordinates": [2.4313, 41.016102]}, "properties": {"var_data": [0.194, -0.003, 0.013, 0.007, 0.33, 0.0, 1, 1, 1, 1, 1]}}, {"type": "Feature", "geometry": {"type": "Point", "coordinates": [2.46664, 41.016102]}, "properties": {"var_data": [0.232, -0.022, 0.015, 0.008, 0.395, 0.0, 1, 1, 1, 1, 1]}}, {"type": "Feature", "geometry": {"type": "Point", "coordinates": [2.50198, 41.016102]}, "properties": {"var_data": [0.222, -0.059, 0.019, 0.014, 0.428, 0.0, 1, 1, 1, 1, 1]}}, {"type": "Feature", "geometry": {"type": "Point", "coordinates": [2.53732, 41.016102]}, "properties": {"var_data": [0.249, -0.064, 0.026, 0.029, 0.567, 0.001, 1, 1, 1, 1, 1]}}, {"type": "Feature", "geometry": {"type": "Point", "coordinates": [2.57266, 41.016102]}, "properties": {"var_data": [0.278, -0.08, 0.016, 0.006, 0.588, 0.0, 1, 1, 1, 1, 1]}}, {"type": "Feature", "geometry": {"type": "Point", "coordinates": [2.608, 41.016102]}, "properties": {"var_data": [0.251, -0.071, 0.02, 0.006, 0.555, 0.0, 1, 1, 1, 1, 1]}}, {"type": "Feature", "geometry": {"type": "Point", "coordinates": [2.64334, 41.016102]}, "properties": {"var_data": [0.255, -0.022, 0.015, 0.006, 0.454, 0.0, 1, 1, 1, 1, 1]}}, {"type": "Feature", "geometry": {"type": "Point", "coordinates": [2.67868, 41.016102]}, "properties": {"var_data": [0.205, -0.002, 0.018, 0.018, 0.482, 0.0, 1, 1, 1, 1, 1]}}, {"type": "Feature", "geometry": {"type": "Point", "coordinates": [2.71402, 41.016102]}, "properties": {"var_data": [0.157, 0.031, 0.027, 0.022, 0.576, 0.0, 1, 1, 1, 1, 1]}}, {"type": "Feature", "geometry": {"type": "Point", "coordinates": [2.74936, 41.016102]}, "properties": {"var_data": [0.14, 0.041, 0.015, 0.015, 0.473, 0.0, 1, 1, 1, 1, 1]}}, {"type": "Feature", "geometry": {"type": "Point", "coordinates": [2.7847, 41.016102]}, "properties": {"var_data": [0.121, 0.063, 0.018, 0.013, 0.487, 0.0, 1, 1, 1, 1, 1]}}, {"type": "Feature", "geometry": {"type": "Point", "coordinates": [2.82004, 41.016102]}, "properties": {"var_data": [0.093, 0.066, 0.02, 0.008, 0.445, 0.0, 1, 1, 1, 1, 1]}}, {"type": "Feature", "geometry": {"type": "Point", "coordinates": [2.85538, 41.016102]}, "properties": {"var_data": [0.08, 0.069, 0.023, 0.009, 0.447, 0.0, 1, 1, 1, 1, 1]}}, {"type": "Feature", "geometry": {"type": "Point", "coordinates": [2.89072, 41.016102]}, "properties": {"var_data": [0.065, 0.08, 0.02, 0.009, 0.482, 0.0, 1, 1, 1, 1, 1]}}, {"type": "Feature", "geometry": {"type": "Point", "coordinates": [2.92606, 41.016102]}, "properties": {"var_data": [0.061, 0.093, 0.016, 0.008, 0.49, 0.0, 1, 1, 1, 1, 1]}}, {"type": "Feature", "geometry": {"type": "Point", "coordinates": [2.9614, 41.016102]}, "properties": {"var_data": [0.053, 0.11, 0.019, 0.012, 0.555, 0.0, 1, 1, 1, 1, 1]}}, {"type": "Feature", "geometry": {"type": "Point", "coordinates": [2.99674, 41.016102]}, "properties": {"var_data": [0.03, 0.113, 0.021, 0.013, 0.628, 0.0, 1, 1, 1, 1, 1]}}, {"type": "Feature", "geometry": {"type": "Point", "coordinates": [3.03208, 41.016102]}, "properties": {"var_data": [0.046, 0.13, 0.024, 0.018, 0.839, 0.0, 1, 1, 1, 1, 1]}}, {"type": "Feature", "geometry": {"type": "Point", "coordinates": [3.06742, 41.016102]}, "properties": {"var_data": [0.05, 0.165, 0.126, 0.096, 1.654, 0.012, 1, 1, 1, 1, 1]}}, {"type": "Feature", "geometry": {"type": "Point", "coordinates": [3.10276, 41.016102]}, "properties": {"var_data": [-0.128, 0.002, 0.027, 0.016, 2.632, 0.0, 4, 1, 4, 1, 1]}}, {"type": "Feature", "geometry": {"type": "Point", "coordinates": [1.12372, 41.043098]}, "properties": {"var_data": [0.06, 0.28, 0.1, 0.22, 2.254, -0.022, 4, 1, 4, 1, 1]}}, {"type": "Feature", "geometry": {"type": "Point", "coordinates": [1.15906, 41.043098]}, "properties": {"var_data": [0.035, 0.291, 0.1, 0.221, 2.252, -0.022, 4, 1, 4, 1, 1]}}, {"type": "Feature", "geometry": {"type": "Point", "coordinates": [1.1944, 41.043098]}, "properties": {"var_data": [0.007, 0.431, 0.101, 0.219, 2.329, -0.022, 4, 1, 4, 1, 1]}}, {"type": "Feature", "geometry": {"type": "Point", "coordinates": [1.22974, 41.043098]}, "properties": {"var_data": [0.025, 0.385, 0.061, 0.12, 2.253, -0.007, 4, 1, 4, 1, 1]}}, {"type": "Feature", "geometry": {"type": "Point", "coordinates": [1.26508, 41.043098]}, "properties": {"var_data": [0.325, -0.162, 0.041, 0.072, 3.131, -0.003, 4, 1, 4, 1, 1]}}, {"type": "Feature", "geometry": {"type": "Point", "coordinates": [1.30042, 41.043098]}, "properties": {"var_data": [0.333, -0.16, 0.011, 0.02, 2.178, -0.0, 4, 1, 4, 1, 1]}}, {"type": "Feature", "geometry": {"type": "Point", "coordinates": [1.33576, 41.043098]}, "properties": {"var_data": [0.435, -0.296, 0.011, 0.02, 1.904, -0.0, 1, 1, 1, 1, 1]}}, {"type": "Feature", "geometry": {"type": "Point", "coordinates": [1.3711, 41.043098]}, "properties": {"var_data": [0.523, -0.409, 0.017, 0.024, 1.373, -0.0, 1, 1, 1, 1, 1]}}, {"type": "Feature", "geometry": {"type": "Point", "coordinates": [1.40644, 41.043098]}, "properties": {"var_data": [0.502, -0.299, 0.012, 0.015, 0.915, -0.0, 1, 1, 1, 1, 1]}}, {"type": "Feature", "geometry": {"type": "Point", "coordinates": [1.44178, 41.043098]}, "properties": {"var_data": [0.513, -0.313, 0.018, 0.013, 0.849, -0.0, 1, 1, 1, 1, 1]}}, {"type": "Feature", "geometry": {"type": "Point", "coordinates": [1.47712, 41.043098]}, "properties": {"var_data": [0.346, -0.138, 0.014, 0.012, 0.669, -0.0, 1, 1, 1, 1, 1]}}, {"type": "Feature", "geometry": {"type": "Point", "coordinates": [1.51246, 41.043098]}, "properties": {"var_data": [0.367, -0.146, 0.012, 0.009, 0.492, -0.0, 1, 1, 1, 1, 1]}}, {"type": "Feature", "geometry": {"type": "Point", "coordinates": [1.5478, 41.043098]}, "properties": {"var_data": [0.343, -0.163, 0.013, 0.009, 0.439, -0.0, 1, 1, 1, 1, 1]}}, {"type": "Feature", "geometry": {"type": "Point", "coordinates": [1.58314, 41.043098]}, "properties": {"var_data": [0.314, -0.142, 0.014, 0.011, 0.452, -0.0, 1, 1, 1, 1, 1]}}, {"type": "Feature", "geometry": {"type": "Point", "coordinates": [1.61848, 41.043098]}, "properties": {"var_data": [0.311, -0.108, 0.019, 0.013, 0.468, -0.0, 1, 1, 1, 1, 1]}}, {"type": "Feature", "geometry": {"type": "Point", "coordinates": [1.65382, 41.043098]}, "properties": {"var_data": [0.327, 0.005, 0.009, 0.007, 0.388, 0.0, 1, 1, 1, 1, 1]}}, {"type": "Feature", "geometry": {"type": "Point", "coordinates": [1.68916, 41.043098]}, "properties": {"var_data": [0.31, 0.065, 0.009, 0.007, 0.325, 0.0, 1, 1, 1, 1, 1]}}, {"type": "Feature", "geometry": {"type": "Point", "coordinates": [1.7245, 41.043098]}, "properties": {"var_data": [0.282, 0.091, 0.009, 0.007, 0.285, 0.0, 1, 1, 1, 1, 1]}}, {"type": "Feature", "geometry": {"type": "Point", "coordinates": [1.75984, 41.043098]}, "properties": {"var_data": [0.277, 0.134, 0.006, 0.003, 0.261, 0.0, 1, 1, 1, 1, 1]}}, {"type": "Feature", "geometry": {"type": "Point", "coordinates": [1.79518, 41.043098]}, "properties": {"var_data": [0.286, 0.204, 0.01, 0.004, 0.265, -0.0, 1, 1, 1, 1, 1]}}, {"type": "Feature", "geometry": {"type": "Point", "coordinates": [1.83052, 41.043098]}, "properties": {"var_data": [0.295, 0.276, 0.009, 0.004, 0.269, -0.0, 1, 1, 1, 1, 1]}}, {"type": "Feature", "geometry": {"type": "Point", "coordinates": [1.86586, 41.043098]}, "properties": {"var_data": [0.284, 0.316, 0.011, 0.006, 0.281, 0.0, 1, 1, 1, 1, 1]}}, {"type": "Feature", "geometry": {"type": "Point", "coordinates": [1.9012, 41.043098]}, "properties": {"var_data": [0.237, 0.279, 0.011, 0.006, 0.287, 0.0, 1, 1, 1, 1, 1]}}, {"type": "Feature", "geometry": {"type": "Point", "coordinates": [1.93654, 41.043098]}, "properties": {"var_data": [0.191, 0.241, 0.011, 0.006, 0.281, 0.0, 1, 1, 1, 1, 1]}}, {"type": "Feature", "geometry": {"type": "Point", "coordinates": [1.97188, 41.043098]}, "properties": {"var_data": [0.107, 0.158, 0.012, 0.007, 0.288, 0.0, 1, 1, 1, 1, 1]}}, {"type": "Feature", "geometry": {"type": "Point", "coordinates": [2.00722, 41.043098]}, "properties": {"var_data": [0.054, 0.074, 0.01, 0.007, 0.276, 0.0, 1, 1, 1, 1, 1]}}, {"type": "Feature", "geometry": {"type": "Point", "coordinates": [2.04256, 41.043098]}, "properties": {"var_data": [0.04, 0.058, 0.01, 0.007, 0.271, 0.0, 1, 1, 1, 1, 1]}}, {"type": "Feature", "geometry": {"type": "Point", "coordinates": [2.0779, 41.043098]}, "properties": {"var_data": [0.057, 0.041, 0.011, 0.009, 0.291, 0.0, 1, 1, 1, 1, 1]}}, {"type": "Feature", "geometry": {"type": "Point", "coordinates": [2.11324, 41.043098]}, "properties": {"var_data": [0.137, 0.093, 0.008, 0.005, 0.28, -0.0, 1, 1, 1, 1, 1]}}, {"type": "Feature", "geometry": {"type": "Point", "coordinates": [2.14858, 41.043098]}, "properties": {"var_data": [0.13, 0.082, 0.009, 0.006, 0.286, -0.0, 1, 1, 1, 1, 1]}}, {"type": "Feature", "geometry": {"type": "Point", "coordinates": [2.18392, 41.043098]}, "properties": {"var_data": [0.123, 0.078, 0.009, 0.006, 0.282, -0.0, 1, 1, 1, 1, 1]}}, {"type": "Feature", "geometry": {"type": "Point", "coordinates": [2.21926, 41.043098]}, "properties": {"var_data": [0.104, 0.035, 0.01, 0.006, 0.29, -0.0, 1, 1, 1, 1, 1]}}, {"type": "Feature", "geometry": {"type": "Point", "coordinates": [2.2546, 41.043098]}, "properties": {"var_data": [0.075, 0.013, 0.015, 0.008, 0.285, 0.0, 1, 1, 1, 1, 1]}}, {"type": "Feature", "geometry": {"type": "Point", "coordinates": [2.28994, 41.043098]}, "properties": {"var_data": [0.11, 0.011, 0.009, 0.005, 0.273, 0.0, 1, 1, 1, 1, 1]}}, {"type": "Feature", "geometry": {"type": "Point", "coordinates": [2.32528, 41.043098]}, "properties": {"var_data": [0.125, -0.021, 0.012, 0.006, 0.282, 0.0, 1, 1, 1, 1, 1]}}, {"type": "Feature", "geometry": {"type": "Point", "coordinates": [2.36062, 41.043098]}, "properties": {"var_data": [0.162, -0.01, 0.012, 0.006, 0.278, 0.0, 1, 1, 1, 1, 1]}}, {"type": "Feature", "geometry": {"type": "Point", "coordinates": [2.39596, 41.043098]}, "properties": {"var_data": [0.166, -0.038, 0.013, 0.007, 0.293, 0.0, 1, 1, 1, 1, 1]}}, {"type": "Feature", "geometry": {"type": "Point", "coordinates": [2.4313, 41.043098]}, "properties": {"var_data": [0.199, -0.025, 0.013, 0.01, 0.296, 0.0, 1, 1, 1, 1, 1]}}, {"type": "Feature", "geometry": {"type": "Point", "coordinates": [2.46664, 41.043098]}, "properties": {"var_data": [0.227, -0.044, 0.015, 0.013, 0.341, 0.0, 1, 1, 1, 1, 1]}}, {"type": "Feature", "geometry": {"type": "Point", "coordinates": [2.50198, 41.043098]}, "properties": {"var_data": [0.282, -0.032, 0.018, 0.017, 0.404, 0.0, 1, 1, 1, 1, 1]}}, {"type": "Feature", "geometry": {"type": "Point", "coordinates": [2.53732, 41.043098]}, "properties": {"var_data": [0.318, -0.02, 0.008, 0.008, 0.484, 0.0, 1, 1, 1, 1, 1]}}, {"type": "Feature", "geometry": {"type": "Point", "coordinates": [2.57266, 41.043098]}, "properties": {"var_data": [0.274, -0.083, 0.007, 0.005, 0.563, 0.0, 1, 1, 1, 1, 1]}}, {"type": "Feature", "geometry": {"type": "Point", "coordinates": [2.608, 41.043098]}, "properties": {"var_data": [0.26, -0.058, 0.008, 0.005, 0.422, 0.0, 1, 1, 1, 1, 1]}}, {"type": "Feature", "geometry": {"type": "Point", "coordinates": [2.64334, 41.043098]}, "properties": {"var_data": [0.217, -0.044, 0.016, 0.006, 0.418, 0.0, 1, 1, 1, 1, 1]}}, {"type": "Feature", "geometry": {"type": "Point", "coordinates": [2.67868, 41.043098]}, "properties": {"var_data": [0.186, -0.011, 0.018, 0.006, 0.391, 0.0, 1, 1, 1, 1, 1]}}, {"type": "Feature", "geometry": {"type": "Point", "coordinates": [2.71402, 41.043098]}, "properties": {"var_data": [0.143, 0.01, 0.013, 0.011, 0.396, 0.0, 1, 1, 1, 1, 1]}}, {"type": "Feature", "geometry": {"type": "Point", "coordinates": [2.74936, 41.043098]}, "properties": {"var_data": [0.116, 0.03, 0.014, 0.009, 0.424, 0.0, 1, 1, 1, 1, 1]}}, {"type": "Feature", "geometry": {"type": "Point", "coordinates": [2.7847, 41.043098]}, "properties": {"var_data": [0.113, 0.045, 0.016, 0.013, 0.436, 0.0, 1, 1, 1, 1, 1]}}, {"type": "Feature", "geometry": {"type": "Point", "coordinates": [2.82004, 41.043098]}, "properties": {"var_data": [0.096, 0.059, 0.017, 0.009, 0.497, 0.0, 1, 1, 1, 1, 1]}}, {"type": "Feature", "geometry": {"type": "Point", "coordinates": [2.85538, 41.043098]}, "properties": {"var_data": [0.071, 0.063, 0.014, 0.007, 0.469, 0.0, 1, 1, 1, 1, 1]}}, {"type": "Feature", "geometry": {"type": "Point", "coordinates": [2.89072, 41.043098]}, "properties": {"var_data": [0.057, 0.057, 0.015, 0.008, 0.477, 0.0, 1, 1, 1, 1, 1]}}, {"type": "Feature", "geometry": {"type": "Point", "coordinates": [2.92606, 41.043098]}, "properties": {"var_data": [0.039, 0.062, 0.015, 0.008, 0.489, 0.0, 1, 1, 1, 1, 1]}}, {"type": "Feature", "geometry": {"type": "Point", "coordinates": [2.9614, 41.043098]}, "properties": {"var_data": [0.035, 0.076, 0.017, 0.011, 0.489, 0.0, 1, 1, 1, 1, 1]}}, {"type": "Feature", "geometry": {"type": "Point", "coordinates": [2.99674, 41.043098]}, "properties": {"var_data": [0.026, 0.079, 0.017, 0.012, 0.525, 0.0, 1, 1, 1, 1, 1]}}, {"type": "Feature", "geometry": {"type": "Point", "coordinates": [3.03208, 41.043098]}, "properties": {"var_data": [0.024, 0.09, 0.026, 0.02, 0.738, 0.0, 1, 1, 1, 1, 1]}}, {"type": "Feature", "geometry": {"type": "Point", "coordinates": [3.06742, 41.043098]}, "properties": {"var_data": [-0.081, 0.014, 0.027, 0.016, 2.651, 0.0, 4, 1, 4, 1, 1]}}, {"type": "Feature", "geometry": {"type": "Point", "coordinates": [3.10276, 41.043098]}, "properties": {"var_data": [-0.082, 0.023, 0.027, 0.016, 2.256, 0.0, 4, 1, 4, 1, 1]}}, {"type": "Feature", "geometry": {"type": "Point", "coordinates": [3.1381, 41.043098]}, "properties": {"var_data": [-0.093, 0.026, 0.028, 0.016, 2.198, 0.0, 4, 1, 4, 1, 1]}}, {"type": "Feature", "geometry": {"type": "Point", "coordinates": [1.1944, 41.070099]}, "properties": {"var_data": [-0.209, 0.865, 0.097, 0.215, 5.582, -0.021, 4, 1, 4, 1, 1]}}, {"type": "Feature", "geometry": {"type": "Point", "coordinates": [1.22974, 41.070099]}, "properties": {"var_data": [-0.104, 0.601, 0.052, 0.105, 4.587, -0.005, 4, 1, 4, 1, 1]}}, {"type": "Feature", "geometry": {"type": "Point", "coordinates": [1.26508, 41.070099]}, "properties": {"var_data": [-0.201, 0.799, 0.051, 0.106, 4.574, -0.005, 4, 1, 4, 1, 1]}}, {"type": "Feature", "geometry": {"type": "Point", "coordinates": [1.30042, 41.070099]}, "properties": {"var_data": [-0.029, 0.482, 0.042, 0.088, 4.051, -0.004, 4, 1, 4, 1, 1]}}, {"type": "Feature", "geometry": {"type": "Point", "coordinates": [1.33576, 41.070099]}, "properties": {"var_data": [0.282, -0.108, 0.011, 0.02, 1.911, -0.0, 1, 1, 1, 1, 1]}}, {"type": "Feature", "geometry": {"type": "Point", "coordinates": [1.3711, 41.070099]}, "properties": {"var_data": [0.434, -0.298, 0.017, 0.025, 2.158, -0.0, 4, 1, 4, 1, 1]}}, {"type": "Feature", "geometry": {"type": "Point", "coordinates": [1.40644, 41.070099]}, "properties": {"var_data": [0.553, -0.424, 0.025, 0.029, 1.076, -0.001, 1, 1, 1, 1, 1]}}, {"type": "Feature", "geometry": {"type": "Point", "coordinates": [1.44178, 41.070099]}, "properties": {"var_data": [0.411, -0.203, 0.015, 0.014, 0.755, -0.0, 1, 1, 1, 1, 1]}}, {"type": "Feature", "geometry": {"type": "Point", "coordinates": [1.47712, 41.070099]}, "properties": {"var_data": [0.384, -0.183, 0.013, 0.011, 0.604, -0.0, 1, 1, 1, 1, 1]}}, {"type": "Feature", "geometry": {"type": "Point", "coordinates": [1.51246, 41.070099]}, "properties": {"var_data": [0.302, -0.124, 0.012, 0.009, 0.448, -0.0, 1, 1, 1, 1, 1]}}, {"type": "Feature", "geometry": {"type": "Point", "coordinates": [1.5478, 41.070099]}, "properties": {"var_data": [0.309, -0.138, 0.012, 0.008, 0.373, -0.0, 1, 1, 1, 1, 1]}}, {"type": "Feature", "geometry": {"type": "Point", "coordinates": [1.58314, 41.070099]}, "properties": {"var_data": [0.311, -0.134, 0.017, 0.01, 0.41, -0.0, 1, 1, 1, 1, 1]}}, {"type": "Feature", "geometry": {"type": "Point", "coordinates": [1.61848, 41.070099]}, "properties": {"var_data": [0.256, -0.118, 0.009, 0.007, 0.367, 0.0, 1, 1, 1, 1, 1]}}, {"type": "Feature", "geometry": {"type": "Point", "coordinates": [1.65382, 41.070099]}, "properties": {"var_data": [0.275, -0.042, 0.011, 0.01, 0.376, 0.0, 1, 1, 1, 1, 1]}}, {"type": "Feature", "geometry": {"type": "Point", "coordinates": [1.68916, 41.070099]}, "properties": {"var_data": [0.28, 0.08, 0.009, 0.008, 0.3, 0.0, 1, 1, 1, 1, 1]}}, {"type": "Feature", "geometry": {"type": "Point", "coordinates": [1.7245, 41.070099]}, "properties": {"var_data": [0.254, 0.103, 0.009, 0.008, 0.269, 0.0, 1, 1, 1, 1, 1]}}, {"type": "Feature", "geometry": {"type": "Point", "coordinates": [1.75984, 41.070099]}, "properties": {"var_data": [0.234, 0.155, 0.009, 0.009, 0.244, 0.0, 1, 1, 1, 1, 1]}}, {"type": "Feature", "geometry": {"type": "Point", "coordinates": [1.79518, 41.070099]}, "properties": {"var_data": [0.227, 0.218, 0.009, 0.008, 0.241, 0.0, 1, 1, 1, 1, 1]}}, {"type": "Feature", "geometry": {"type": "Point", "coordinates": [1.83052, 41.070099]}, "properties": {"var_data": [0.233, 0.288, 0.011, 0.006, 0.26, 0.0, 1, 1, 1, 1, 1]}}, {"type": "Feature", "geometry": {"type": "Point", "coordinates": [1.86586, 41.070099]}, "properties": {"var_data": [0.23, 0.317, 0.011, 0.005, 0.255, 0.0, 1, 1, 1, 1, 1]}}, {"type": "Feature", "geometry": {"type": "Point", "coordinates": [1.9012, 41.070099]}, "properties": {"var_data": [0.178, 0.285, 0.011, 0.005, 0.261, 0.0, 1, 1, 1, 1, 1]}}, {"type": "Feature", "geometry": {"type": "Point", "coordinates": [1.93654, 41.070099]}, "properties": {"var_data": [0.107, 0.21, 0.013, 0.006, 0.268, 0.0, 1, 1, 1, 1, 1]}}, {"type": "Feature", "geometry": {"type": "Point", "coordinates": [1.97188, 41.070099]}, "properties": {"var_data": [0.03, 0.119, 0.013, 0.006, 0.276, 0.0, 1, 1, 1, 1, 1]}}, {"type": "Feature", "geometry": {"type": "Point", "coordinates": [2.00722, 41.070099]}, "properties": {"var_data": [-0.042, 0.016, 0.011, 0.007, 0.275, 0.0, 1, 1, 1, 1, 1]}}, {"type": "Feature", "geometry": {"type": "Point", "coordinates": [2.04256, 41.070099]}, "properties": {"var_data": [-0.012, -0.005, 0.006, 0.005, 0.249, -0.0, 1, 1, 1, 1, 1]}}, {"type": "Feature", "geometry": {"type": "Point", "coordinates": [2.0779, 41.070099]}, "properties": {"var_data": [-0.019, -0.021, 0.006, 0.005, 0.261, -0.0, 1, 1, 1, 1, 1]}}, {"type": "Feature", "geometry": {"type": "Point", "coordinates": [2.11324, 41.070099]}, "properties": {"var_data": [0.05, 0.036, 0.006, 0.005, 0.247, -0.0, 1, 1, 1, 1, 1]}}, {"type": "Feature", "geometry": {"type": "Point", "coordinates": [2.14858, 41.070099]}, "properties": {"var_data": [0.097, 0.076, 0.008, 0.006, 0.263, -0.0, 1, 1, 1, 1, 1]}}, {"type": "Feature", "geometry": {"type": "Point", "coordinates": [2.18392, 41.070099]}, "properties": {"var_data": [0.088, 0.078, 0.009, 0.006, 0.252, -0.0, 1, 1, 1, 1, 1]}}, {"type": "Feature", "geometry": {"type": "Point", "coordinates": [2.21926, 41.070099]}, "properties": {"var_data": [0.065, 0.064, 0.012, 0.007, 0.264, 0.0, 1, 1, 1, 1, 1]}}, {"type": "Feature", "geometry": {"type": "Point", "coordinates": [2.2546, 41.070099]}, "properties": {"var_data": [0.078, 0.04, 0.01, 0.006, 0.252, -0.0, 1, 1, 1, 1, 1]}}, {"type": "Feature", "geometry": {"type": "Point", "coordinates": [2.28994, 41.070099]}, "properties": {"var_data": [0.088, 0.006, 0.009, 0.005, 0.265, 0.0, 1, 1, 1, 1, 1]}}, {"type": "Feature", "geometry": {"type": "Point", "coordinates": [2.32528, 41.070099]}, "properties": {"var_data": [0.129, -0.01, 0.008, 0.005, 0.258, 0.0, 1, 1, 1, 1, 1]}}, {"type": "Feature", "geometry": {"type": "Point", "coordinates": [2.36062, 41.070099]}, "properties": {"var_data": [0.142, -0.04, 0.008, 0.005, 0.27, 0.0, 1, 1, 1, 1, 1]}}, {"type": "Feature", "geometry": {"type": "Point", "coordinates": [2.39596, 41.070099]}, "properties": {"var_data": [0.173, -0.032, 0.01, 0.01, 0.284, 0.0, 1, 1, 1, 1, 1]}}, {"type": "Feature", "geometry": {"type": "Point", "coordinates": [2.4313, 41.070099]}, "properties": {"var_data": [0.229, -0.038, 0.011, 0.011, 0.303, 0.0, 1, 1, 1, 1, 1]}}, {"type": "Feature", "geometry": {"type": "Point", "coordinates": [2.46664, 41.070099]}, "properties": {"var_data": [0.228, -0.061, 0.013, 0.014, 0.354, 0.0, 1, 1, 1, 1, 1]}}, {"type": "Feature", "geometry": {"type": "Point", "coordinates": [2.50198, 41.070099]}, "properties": {"var_data": [0.256, -0.065, 0.008, 0.008, 0.372, 0.0, 1, 1, 1, 1, 1]}}, {"type": "Feature", "geometry": {"type": "Point", "coordinates": [2.53732, 41.070099]}, "properties": {"var_data": [0.284, -0.053, 0.008, 0.008, 0.447, 0.0, 1, 1, 1, 1, 1]}}, {"type": "Feature", "geometry": {"type": "Point", "coordinates": [2.57266, 41.070099]}, "properties": {"var_data": [0.237, -0.083, 0.007, 0.005, 0.469, 0.0, 1, 1, 1, 1, 1]}}, {"type": "Feature", "geometry": {"type": "Point", "coordinates": [2.608, 41.070099]}, "properties": {"var_data": [0.247, -0.048, 0.007, 0.005, 0.386, 0.0, 1, 1, 1, 1, 1]}}, {"type": "Feature", "geometry": {"type": "Point", "coordinates": [2.64334, 41.070099]}, "properties": {"var_data": [0.217, -0.03, 0.011, 0.005, 0.375, 0.0, 1, 1, 1, 1, 1]}}, {"type": "Feature", "geometry": {"type": "Point", "coordinates": [2.67868, 41.070099]}, "properties": {"var_data": [0.174, -0.014, 0.015, 0.005, 0.373, 0.0, 1, 1, 1, 1, 1]}}, {"type": "Feature", "geometry": {"type": "Point", "coordinates": [2.71402, 41.070099]}, "properties": {"var_data": [0.139, 0.009, 0.013, 0.009, 0.39, 0.0, 1, 1, 1, 1, 1]}}, {"type": "Feature", "geometry": {"type": "Point", "coordinates": [2.74936, 41.070099]}, "properties": {"var_data": [0.116, 0.035, 0.014, 0.009, 0.445, 0.0, 1, 1, 1, 1, 1]}}, {"type": "Feature", "geometry": {"type": "Point", "coordinates": [2.7847, 41.070099]}, "properties": {"var_data": [0.107, 0.036, 0.013, 0.008, 0.406, 0.0, 1, 1, 1, 1, 1]}}, {"type": "Feature", "geometry": {"type": "Point", "coordinates": [2.82004, 41.070099]}, "properties": {"var_data": [0.092, 0.052, 0.014, 0.007, 0.417, 0.0, 1, 1, 1, 1, 1]}}, {"type": "Feature", "geometry": {"type": "Point", "coordinates": [2.85538, 41.070099]}, "properties": {"var_data": [0.077, 0.048, 0.007, 0.004, 0.401, 0.0, 1, 1, 1, 1, 1]}}, {"type": "Feature", "geometry": {"type": "Point", "coordinates": [2.89072, 41.070099]}, "properties": {"var_data": [0.05, 0.054, 0.007, 0.004, 0.444, 0.0, 1, 1, 1, 1, 1]}}, {"type": "Feature", "geometry": {"type": "Point", "coordinates": [2.92606, 41.070099]}, "properties": {"var_data": [0.026, 0.045, 0.007, 0.004, 0.426, 0.0, 1, 1, 1, 1, 1]}}, {"type": "Feature", "geometry": {"type": "Point", "coordinates": [2.9614, 41.070099]}, "properties": {"var_data": [-0.003, 0.038, 0.018, 0.006, 0.54, 0.0, 1, 1, 1, 1, 1]}}, {"type": "Feature", "geometry": {"type": "Point", "coordinates": [2.99674, 41.070099]}, "properties": {"var_data": [-0.01, 0.037, 0.023, 0.013, 0.592, 0.0, 1, 1, 1, 1, 1]}}, {"type": "Feature", "geometry": {"type": "Point", "coordinates": [3.03208, 41.070099]}, "properties": {"var_data": [0.008, 0.075, 0.031, 0.022, 0.802, 0.001, 1, 1, 1, 1, 1]}}, {"type": "Feature", "geometry": {"type": "Point", "coordinates": [3.06742, 41.070099]}, "properties": {"var_data": [0.0, 0.058, 0.023, 0.014, 1.034, 0.0, 1, 1, 1, 1, 1]}}, {"type": "Feature", "geometry": {"type": "Point", "coordinates": [3.10276, 41.070099]}, "properties": {"var_data": [-0.01, 0.057, 0.024, 0.014, 1.674, 0.0, 1, 1, 1, 1, 1]}}, {"type": "Feature", "geometry": {"type": "Point", "coordinates": [3.1381, 41.070099]}, "properties": {"var_data": [-0.05, 0.043, 0.066, 0.02, 1.51, 0.001, 1, 1, 1, 1, 1]}}, {"type": "Feature", "geometry": {"type": "Point", "coordinates": [3.17344, 41.070099]}, "properties": {"var_data": [-0.086, 0.006, 0.021, 0.014, 1.47, 0.0, 1, 1, 1, 1, 1]}}, {"type": "Feature", "geometry": {"type": "Point", "coordinates": [1.26508, 41.097099]}, "properties": {"var_data": [-0.099, 0.51, 0.042, 0.088, 4.224, -0.004, 4, 1, 4, 1, 1]}}, {"type": "Feature", "geometry": {"type": "Point", "coordinates": [1.30042, 41.097099]}, "properties": {"var_data": [-0.053, 0.514, 0.042, 0.088, 3.971, -0.004, 4, 1, 4, 1, 1]}}, {"type": "Feature", "geometry": {"type": "Point", "coordinates": [1.33576, 41.097099]}, "properties": {"var_data": [-0.021, 0.508, 0.074, 0.16, 4.824, -0.012, 4, 1, 4, 1, 1]}}, {"type": "Feature", "geometry": {"type": "Point", "coordinates": [1.3711, 41.097099]}, "properties": {"var_data": [0.287, -0.061, 0.057, 0.122, 2.459, -0.007, 4, 1, 4, 1, 1]}}, {"type": "Feature", "geometry": {"type": "Point", "coordinates": [1.40644, 41.097099]}, "properties": {"var_data": [0.597, -0.623, 0.025, 0.045, 1.793, -0.001, 4, 4, 1, 1, 1]}}, {"type": "Feature", "geometry": {"type": "Point", "coordinates": [1.44178, 41.097099]}, "properties": {"var_data": [0.342, -0.158, 0.017, 0.027, 1.004, -0.0, 1, 1, 1, 1, 1]}}, {"type": "Feature", "geometry": {"type": "Point", "coordinates": [1.47712, 41.097099]}, "properties": {"var_data": [0.365, -0.192, 0.017, 0.013, 0.753, -0.0, 1, 1, 1, 1, 1]}}, {"type": "Feature", "geometry": {"type": "Point", "coordinates": [1.51246, 41.097099]}, "properties": {"var_data": [0.285, -0.117, 0.014, 0.008, 0.422, -0.0, 1, 1, 1, 1, 1]}}, {"type": "Feature", "geometry": {"type": "Point", "coordinates": [1.5478, 41.097099]}, "properties": {"var_data": [0.278, -0.124, 0.014, 0.007, 0.326, -0.0, 1, 1, 1, 1, 1]}}, {"type": "Feature", "geometry": {"type": "Point", "coordinates": [1.58314, 41.097099]}, "properties": {"var_data": [0.279, -0.122, 0.01, 0.005, 0.304, -0.0, 1, 1, 1, 1, 1]}}, {"type": "Feature", "geometry": {"type": "Point", "coordinates": [1.61848, 41.097099]}, "properties": {"var_data": [0.244, -0.09, 0.007, 0.006, 0.269, 0.0, 1, 1, 1, 1, 1]}}, {"type": "Feature", "geometry": {"type": "Point", "coordinates": [1.65382, 41.097099]}, "properties": {"var_data": [0.246, -0.018, 0.008, 0.008, 0.269, 0.0, 1, 1, 1, 1, 1]}}, {"type": "Feature", "geometry": {"type": "Point", "coordinates": [1.68916, 41.097099]}, "properties": {"var_data": [0.243, 0.065, 0.007, 0.007, 0.262, 0.0, 1, 1, 1, 1, 1]}}, {"type": "Feature", "geometry": {"type": "Point", "coordinates": [1.7245, 41.097099]}, "properties": {"var_data": [0.214, 0.092, 0.008, 0.008, 0.25, 0.0, 1, 1, 1, 1, 1]}}, {"type": "Feature", "geometry": {"type": "Point", "coordinates": [1.75984, 41.097099]}, "properties": {"var_data": [0.183, 0.173, 0.008, 0.009, 0.239, 0.0, 1, 1, 1, 1, 1]}}, {"type": "Feature", "geometry": {"type": "Point", "coordinates": [1.79518, 41.097099]}, "properties": {"var_data": [0.161, 0.244, 0.009, 0.007, 0.237, 0.0, 1, 1, 1, 1, 1]}}, {"type": "Feature", "geometry": {"type": "Point", "coordinates": [1.83052, 41.097099]}, "properties": {"var_data": [0.146, 0.276, 0.009, 0.005, 0.235, 0.0, 1, 1, 1, 1, 1]}}, {"type": "Feature", "geometry": {"type": "Point", "coordinates": [1.86586, 41.097099]}, "properties": {"var_data": [0.124, 0.303, 0.01, 0.005, 0.237, 0.0, 1, 1, 1, 1, 1]}}, {"type": "Feature", "geometry": {"type": "Point", "coordinates": [1.9012, 41.097099]}, "properties": {"var_data": [0.125, 0.287, 0.011, 0.005, 0.252, 0.0, 1, 1, 1, 1, 1]}}, {"type": "Feature", "geometry": {"type": "Point", "coordinates": [1.93654, 41.097099]}, "properties": {"var_data": [0.073, 0.252, 0.011, 0.006, 0.266, 0.0, 1, 1, 1, 1, 1]}}, {"type": "Feature", "geometry": {"type": "Point", "coordinates": [1.97188, 41.097099]}, "properties": {"var_data": [0.014, 0.146, 0.011, 0.006, 0.267, 0.0, 1, 1, 1, 1, 1]}}, {"type": "Feature", "geometry": {"type": "Point", "coordinates": [2.00722, 41.097099]}, "properties": {"var_data": [-0.066, 0.018, 0.006, 0.005, 0.259, -0.0, 1, 1, 1, 1, 1]}}, {"type": "Feature", "geometry": {"type": "Point", "coordinates": [2.04256, 41.097099]}, "properties": {"var_data": [-0.076, -0.038, 0.006, 0.005, 0.244, -0.0, 1, 1, 1, 1, 1]}}, {"type": "Feature", "geometry": {"type": "Point", "coordinates": [2.0779, 41.097099]}, "properties": {"var_data": [-0.032, -0.04, 0.006, 0.005, 0.233, -0.0, 1, 1, 1, 1, 1]}}, {"type": "Feature", "geometry": {"type": "Point", "coordinates": [2.11324, 41.097099]}, "properties": {"var_data": [-0.003, -0.019, 0.006, 0.006, 0.237, -0.0, 1, 1, 1, 1, 1]}}, {"type": "Feature", "geometry": {"type": "Point", "coordinates": [2.14858, 41.097099]}, "properties": {"var_data": [0.033, 0.038, 0.009, 0.008, 0.237, 0.0, 1, 1, 1, 1, 1]}}, {"type": "Feature", "geometry": {"type": "Point", "coordinates": [2.18392, 41.097099]}, "properties": {"var_data": [0.057, 0.051, 0.01, 0.009, 0.238, 0.0, 1, 1, 1, 1, 1]}}, {"type": "Feature", "geometry": {"type": "Point", "coordinates": [2.21926, 41.097099]}, "properties": {"var_data": [0.049, 0.029, 0.011, 0.008, 0.235, -0.0, 1, 1, 1, 1, 1]}}, {"type": "Feature", "geometry": {"type": "Point", "coordinates": [2.2546, 41.097099]}, "properties": {"var_data": [0.071, 0.016, 0.008, 0.006, 0.235, -0.0, 1, 1, 1, 1, 1]}}, {"type": "Feature", "geometry": {"type": "Point", "coordinates": [2.28994, 41.097099]}, "properties": {"var_data": [0.08, -0.027, 0.007, 0.006, 0.253, -0.0, 1, 1, 1, 1, 1]}}, {"type": "Feature", "geometry": {"type": "Point", "coordinates": [2.32528, 41.097099]}, "properties": {"var_data": [0.094, -0.044, 0.006, 0.006, 0.249, -0.0, 1, 1, 1, 1, 1]}}, {"type": "Feature", "geometry": {"type": "Point", "coordinates": [2.36062, 41.097099]}, "properties": {"var_data": [0.117, -0.045, 0.005, 0.006, 0.255, 0.0, 1, 1, 1, 1, 1]}}, {"type": "Feature", "geometry": {"type": "Point", "coordinates": [2.39596, 41.097099]}, "properties": {"var_data": [0.138, -0.054, 0.005, 0.007, 0.255, 0.0, 1, 1, 1, 1, 1]}}, {"type": "Feature", "geometry": {"type": "Point", "coordinates": [2.4313, 41.097099]}, "properties": {"var_data": [0.18, -0.079, 0.006, 0.012, 0.278, 0.0, 1, 1, 1, 1, 1]}}, {"type": "Feature", "geometry": {"type": "Point", "coordinates": [2.46664, 41.097099]}, "properties": {"var_data": [0.186, -0.102, 0.011, 0.013, 0.312, 0.0, 1, 1, 1, 1, 1]}}, {"type": "Feature", "geometry": {"type": "Point", "coordinates": [2.50198, 41.097099]}, "properties": {"var_data": [0.228, -0.09, 0.011, 0.013, 0.347, 0.0, 1, 1, 1, 1, 1]}}, {"type": "Feature", "geometry": {"type": "Point", "coordinates": [2.53732, 41.097099]}, "properties": {"var_data": [0.25, -0.085, 0.007, 0.008, 0.383, 0.0, 1, 1, 1, 1, 1]}}, {"type": "Feature", "geometry": {"type": "Point", "coordinates": [2.57266, 41.097099]}, "properties": {"var_data": [0.226, -0.077, 0.006, 0.005, 0.443, 0.0, 1, 1, 1, 1, 1]}}, {"type": "Feature", "geometry": {"type": "Point", "coordinates": [2.608, 41.097099]}, "properties": {"var_data": [0.204, -0.041, 0.006, 0.004, 0.358, 0.0, 1, 1, 1, 1, 1]}}, {"type": "Feature", "geometry": {"type": "Point", "coordinates": [2.64334, 41.097099]}, "properties": {"var_data": [0.139, -0.035, 0.008, 0.005, 0.355, 0.0, 1, 1, 1, 1, 1]}}, {"type": "Feature", "geometry": {"type": "Point", "coordinates": [2.67868, 41.097099]}, "properties": {"var_data": [0.121, -0.001, 0.01, 0.008, 0.343, 0.0, 1, 1, 1, 1, 1]}}, {"type": "Feature", "geometry": {"type": "Point", "coordinates": [2.71402, 41.097099]}, "properties": {"var_data": [0.119, 0.008, 0.012, 0.009, 0.363, 0.0, 1, 1, 1, 1, 1]}}, {"type": "Feature", "geometry": {"type": "Point", "coordinates": [2.74936, 41.097099]}, "properties": {"var_data": [0.105, 0.03, 0.013, 0.009, 0.408, 0.0, 1, 1, 1, 1, 1]}}, {"type": "Feature", "geometry": {"type": "Point", "coordinates": [2.7847, 41.097099]}, "properties": {"var_data": [0.107, 0.046, 0.012, 0.008, 0.382, 0.0, 1, 1, 1, 1, 1]}}, {"type": "Feature", "geometry": {"type": "Point", "coordinates": [2.82004, 41.097099]}, "properties": {"var_data": [0.089, 0.047, 0.007, 0.004, 0.403, 0.0, 1, 1, 1, 1, 1]}}, {"type": "Feature", "geometry": {"type": "Point", "coordinates": [2.85538, 41.097099]}, "properties": {"var_data": [0.072, 0.036, 0.007, 0.004, 0.422, 0.0, 1, 1, 1, 1, 1]}}, {"type": "Feature", "geometry": {"type": "Point", "coordinates": [2.89072, 41.097099]}, "properties": {"var_data": [0.048, 0.027, 0.007, 0.004, 0.476, 0.0, 1, 1, 1, 1, 1]}}, {"type": "Feature", "geometry": {"type": "Point", "coordinates": [2.92606, 41.097099]}, "properties": {"var_data": [0.014, 0.022, 0.007, 0.004, 0.442, 0.0, 1, 1, 1, 1, 1]}}, {"type": "Feature", "geometry": {"type": "Point", "coordinates": [2.9614, 41.097099]}, "properties": {"var_data": [0.005, 0.031, 0.019, 0.006, 0.498, 0.0, 1, 1, 1, 1, 1]}}, {"type": "Feature", "geometry": {"type": "Point", "coordinates": [2.99674, 41.097099]}, "properties": {"var_data": [-0.005, 0.03, 0.019, 0.006, 0.54, 0.0, 1, 1, 1, 1, 1]}}, {"type": "Feature", "geometry": {"type": "Point", "coordinates": [3.03208, 41.097099]}, "properties": {"var_data": [0.006, 0.051, 0.026, 0.018, 0.723, 0.0, 1, 1, 1, 1, 1]}}, {"type": "Feature", "geometry": {"type": "Point", "coordinates": [3.06742, 41.097099]}, "properties": {"var_data": [0.034, 0.074, 0.021, 0.012, 0.927, 0.0, 1, 1, 1, 1, 1]}}, {"type": "Feature", "geometry": {"type": "Point", "coordinates": [3.10276, 41.097099]}, "properties": {"var_data": [0.015, 0.061, 0.029, 0.014, 1.636, 0.0, 1, 1, 1, 1, 1]}}, {"type": "Feature", "geometry": {"type": "Point", "coordinates": [3.1381, 41.097099]}, "properties": {"var_data": [-0.063, 0.01, 0.018, 0.011, 1.095, 0.0, 1, 1, 1, 1, 1]}}, {"type": "Feature", "geometry": {"type": "Point", "coordinates": [3.17344, 41.097099]}, "properties": {"var_data": [-0.095, -0.022, 0.027, 0.024, 1.312, 0.001, 1, 1, 1, 1, 1]}}, {"type": "Feature", "geometry": {"type": "Point", "coordinates": [3.20878, 41.097099]}, "properties": {"var_data": [-0.075, -0.016, 0.025, 0.019, 1.372, 0.0, 1, 1, 1, 1, 1]}}, {"type": "Feature", "geometry": {"type": "Point", "coordinates": [1.33576, 41.1241]}, "properties": {"var_data": [-0.106, 0.644, 0.074, 0.159, 4.575, -0.012, 4, 1, 4, 1, 1]}}, {"type": "Feature", "geometry": {"type": "Point", "coordinates": [1.3711, 41.1241]}, "properties": {"var_data": [0.125, 0.333, 0.068, 0.162, 4.264, -0.011, 4, 1, 4, 1, 1]}}, {"type": "Feature", "geometry": {"type": "Point", "coordinates": [1.40644, 41.1241]}, "properties": {"var_data": [0.048, 0.527, 0.045, 0.129, 3.663, -0.006, 4, 1, 4, 1, 1]}}, {"type": "Feature", "geometry": {"type": "Point", "coordinates": [1.44178, 41.1241]}, "properties": {"var_data": [0.462, -0.475, 0.019, 0.038, 1.748, -0.001, 1, 1, 1, 1, 1]}}, {"type": "Feature", "geometry": {"type": "Point", "coordinates": [1.47712, 41.1241]}, "properties": {"var_data": [0.289, -0.145, 0.012, 0.017, 0.658, -0.0, 1, 1, 1, 1, 1]}}, {"type": "Feature", "geometry": {"type": "Point", "coordinates": [1.51246, 41.1241]}, "properties": {"var_data": [0.24, -0.095, 0.013, 0.008, 0.379, -0.0, 1, 1, 1, 1, 1]}}, {"type": "Feature", "geometry": {"type": "Point", "coordinates": [1.5478, 41.1241]}, "properties": {"var_data": [0.237, -0.085, 0.008, 0.006, 0.308, -0.0, 1, 1, 1, 1, 1]}}, {"type": "Feature", "geometry": {"type": "Point", "coordinates": [1.58314, 41.1241]}, "properties": {"var_data": [0.224, -0.08, 0.006, 0.005, 0.234, 0.0, 1, 1, 1, 1, 1]}}, {"type": "Feature", "geometry": {"type": "Point", "coordinates": [1.61848, 41.1241]}, "properties": {"var_data": [0.206, -0.051, 0.005, 0.004, 0.219, 0.0, 1, 1, 1, 1, 1]}}, {"type": "Feature", "geometry": {"type": "Point", "coordinates": [1.65382, 41.1241]}, "properties": {"var_data": [0.19, -0.013, 0.005, 0.005, 0.237, 0.0, 1, 1, 1, 1, 1]}}, {"type": "Feature", "geometry": {"type": "Point", "coordinates": [1.68916, 41.1241]}, "properties": {"var_data": [0.181, 0.035, 0.005, 0.005, 0.251, 0.0, 1, 1, 1, 1, 1]}}, {"type": "Feature", "geometry": {"type": "Point", "coordinates": [1.7245, 41.1241]}, "properties": {"var_data": [0.133, 0.108, 0.005, 0.006, 0.257, 0.0, 1, 1, 1, 1, 1]}}, {"type": "Feature", "geometry": {"type": "Point", "coordinates": [1.75984, 41.1241]}, "properties": {"var_data": [0.086, 0.181, 0.006, 0.01, 0.252, 0.0, 1, 1, 1, 1, 1]}}, {"type": "Feature", "geometry": {"type": "Point", "coordinates": [1.79518, 41.1241]}, "properties": {"var_data": [0.068, 0.251, 0.006, 0.006, 0.231, -0.0, 1, 1, 1, 1, 1]}}, {"type": "Feature", "geometry": {"type": "Point", "coordinates": [1.83052, 41.1241]}, "properties": {"var_data": [0.046, 0.282, 0.007, 0.004, 0.223, -0.0, 1, 1, 1, 1, 1]}}, {"type": "Feature", "geometry": {"type": "Point", "coordinates": [1.86586, 41.1241]}, "properties": {"var_data": [0.021, 0.275, 0.007, 0.004, 0.222, -0.0, 1, 1, 1, 1, 1]}}, {"type": "Feature", "geometry": {"type": "Point", "coordinates": [1.9012, 41.1241]}, "properties": {"var_data": [0.021, 0.252, 0.008, 0.004, 0.238, 0.0, 1, 1, 1, 1, 1]}}, {"type": "Feature", "geometry": {"type": "Point", "coordinates": [1.93654, 41.1241]}, "properties": {"var_data": [-0.003, 0.213, 0.009, 0.005, 0.248, 0.0, 1, 1, 1, 1, 1]}}, {"type": "Feature", "geometry": {"type": "Point", "coordinates": [1.97188, 41.1241]}, "properties": {"var_data": [-0.043, 0.106, 0.008, 0.006, 0.264, 0.0, 1, 1, 1, 1, 1]}}, {"type": "Feature", "geometry": {"type": "Point", "coordinates": [2.00722, 41.1241]}, "properties": {"var_data": [-0.095, 0.022, 0.005, 0.005, 0.258, -0.0, 1, 1, 1, 1, 1]}}, {"type": "Feature", "geometry": {"type": "Point", "coordinates": [2.04256, 41.1241]}, "properties": {"var_data": [-0.082, -0.031, 0.005, 0.005, 0.235, -0.0, 1, 1, 1, 1, 1]}}, {"type": "Feature", "geometry": {"type": "Point", "coordinates": [2.0779, 41.1241]}, "properties": {"var_data": [-0.018, -0.002, 0.006, 0.005, 0.227, -0.0, 1, 1, 1, 1, 1]}}, {"type": "Feature", "geometry": {"type": "Point", "coordinates": [2.11324, 41.1241]}, "properties": {"var_data": [0.018, 0.012, 0.006, 0.006, 0.226, -0.0, 1, 1, 1, 1, 1]}}, {"type": "Feature", "geometry": {"type": "Point", "coordinates": [2.14858, 41.1241]}, "properties": {"var_data": [0.065, 0.055, 0.008, 0.006, 0.219, -0.0, 1, 1, 1, 1, 1]}}, {"type": "Feature", "geometry": {"type": "Point", "coordinates": [2.18392, 41.1241]}, "properties": {"var_data": [0.088, 0.054, 0.008, 0.007, 0.218, -0.0, 1, 1, 1, 1, 1]}}, {"type": "Feature", "geometry": {"type": "Point", "coordinates": [2.21926, 41.1241]}, "properties": {"var_data": [0.09, 0.028, 0.009, 0.007, 0.224, -0.0, 1, 1, 1, 1, 1]}}, {"type": "Feature", "geometry": {"type": "Point", "coordinates": [2.2546, 41.1241]}, "properties": {"var_data": [0.092, 0.0, 0.007, 0.006, 0.229, -0.0, 1, 1, 1, 1, 1]}}, {"type": "Feature", "geometry": {"type": "Point", "coordinates": [2.28994, 41.1241]}, "properties": {"var_data": [0.099, -0.028, 0.006, 0.005, 0.224, -0.0, 1, 1, 1, 1, 1]}}, {"type": "Feature", "geometry": {"type": "Point", "coordinates": [2.32528, 41.1241]}, "properties": {"var_data": [0.118, -0.06, 0.006, 0.006, 0.251, -0.0, 1, 1, 1, 1, 1]}}, {"type": "Feature", "geometry": {"type": "Point", "coordinates": [2.36062, 41.1241]}, "properties": {"var_data": [0.133, -0.082, 0.005, 0.006, 0.26, 0.0, 1, 1, 1, 1, 1]}}, {"type": "Feature", "geometry": {"type": "Point", "coordinates": [2.39596, 41.1241]}, "properties": {"var_data": [0.16, -0.071, 0.005, 0.007, 0.255, 0.0, 1, 1, 1, 1, 1]}}, {"type": "Feature", "geometry": {"type": "Point", "coordinates": [2.4313, 41.1241]}, "properties": {"var_data": [0.189, -0.095, 0.006, 0.012, 0.291, 0.0, 1, 1, 1, 1, 1]}}, {"type": "Feature", "geometry": {"type": "Point", "coordinates": [2.46664, 41.1241]}, "properties": {"var_data": [0.202, -0.105, 0.006, 0.011, 0.298, 0.0, 1, 1, 1, 1, 1]}}, {"type": "Feature", "geometry": {"type": "Point", "coordinates": [2.50198, 41.1241]}, "properties": {"var_data": [0.214, -0.107, 0.01, 0.012, 0.315, 0.0, 1, 1, 1, 1, 1]}}, {"type": "Feature", "geometry": {"type": "Point", "coordinates": [2.53732, 41.1241]}, "properties": {"var_data": [0.194, -0.095, 0.004, 0.004, 0.368, 0.0, 1, 1, 1, 1, 1]}}, {"type": "Feature", "geometry": {"type": "Point", "coordinates": [2.57266, 41.1241]}, "properties": {"var_data": [0.184, -0.09, 0.006, 0.007, 0.411, 0.0, 1, 1, 1, 1, 1]}}, {"type": "Feature", "geometry": {"type": "Point", "coordinates": [2.608, 41.1241]}, "properties": {"var_data": [0.159, -0.039, 0.007, 0.008, 0.388, 0.0, 1, 1, 1, 1, 1]}}, {"type": "Feature", "geometry": {"type": "Point", "coordinates": [2.64334, 41.1241]}, "properties": {"var_data": [0.142, -0.024, 0.008, 0.008, 0.359, 0.0, 1, 1, 1, 1, 1]}}, {"type": "Feature", "geometry": {"type": "Point", "coordinates": [2.67868, 41.1241]}, "properties": {"var_data": [0.123, 0.008, 0.009, 0.005, 0.35, 0.0, 1, 1, 1, 1, 1]}}, {"type": "Feature", "geometry": {"type": "Point", "coordinates": [2.71402, 41.1241]}, "properties": {"var_data": [0.109, 0.019, 0.012, 0.006, 0.36, 0.0, 1, 1, 1, 1, 1]}}, {"type": "Feature", "geometry": {"type": "Point", "coordinates": [2.74936, 41.1241]}, "properties": {"var_data": [0.087, 0.021, 0.01, 0.006, 0.403, 0.0, 1, 1, 1, 1, 1]}}, {"type": "Feature", "geometry": {"type": "Point", "coordinates": [2.7847, 41.1241]}, "properties": {"var_data": [0.085, 0.042, 0.009, 0.009, 0.425, 0.0, 1, 1, 1, 1, 1]}}, {"type": "Feature", "geometry": {"type": "Point", "coordinates": [2.82004, 41.1241]}, "properties": {"var_data": [0.073, 0.035, 0.006, 0.009, 0.419, 0.0, 1, 1, 1, 1, 1]}}, {"type": "Feature", "geometry": {"type": "Point", "coordinates": [2.85538, 41.1241]}, "properties": {"var_data": [0.058, 0.042, 0.006, 0.004, 0.423, 0.0, 1, 1, 1, 1, 1]}}, {"type": "Feature", "geometry": {"type": "Point", "coordinates": [2.89072, 41.1241]}, "properties": {"var_data": [0.04, 0.024, 0.006, 0.004, 0.4, 0.0, 1, 1, 1, 1, 1]}}, {"type": "Feature", "geometry": {"type": "Point", "coordinates": [2.92606, 41.1241]}, "properties": {"var_data": [0.017, 0.01, 0.007, 0.005, 0.409, 0.0, 1, 1, 1, 1, 1]}}, {"type": "Feature", "geometry": {"type": "Point", "coordinates": [2.9614, 41.1241]}, "properties": {"var_data": [0.002, 0.013, 0.009, 0.005, 0.434, 0.0, 1, 1, 1, 1, 1]}}, {"type": "Feature", "geometry": {"type": "Point", "coordinates": [2.99674, 41.1241]}, "properties": {"var_data": [-0.011, 0.004, 0.013, 0.005, 0.448, 0.0, 1, 1, 1, 1, 1]}}, {"type": "Feature", "geometry": {"type": "Point", "coordinates": [3.03208, 41.1241]}, "properties": {"var_data": [-0.008, 0.021, 0.015, 0.009, 0.558, 0.0, 1, 1, 1, 1, 1]}}, {"type": "Feature", "geometry": {"type": "Point", "coordinates": [3.06742, 41.1241]}, "properties": {"var_data": [-0.016, 0.021, 0.023, 0.01, 0.962, 0.0, 1, 1, 1, 1, 1]}}, {"type": "Feature", "geometry": {"type": "Point", "coordinates": [3.10276, 41.1241]}, "properties": {"var_data": [-0.029, 0.015, 0.027, 0.018, 0.864, 0.0, 1, 1, 1, 1, 1]}}, {"type": "Feature", "geometry": {"type": "Point", "coordinates": [3.1381, 41.1241]}, "properties": {"var_data": [-0.021, 0.027, 0.021, 0.017, 0.835, 0.0, 1, 1, 1, 1, 1]}}, {"type": "Feature", "geometry": {"type": "Point", "coordinates": [3.17344, 41.1241]}, "properties": {"var_data": [-0.043, 0.004, 0.024, 0.021, 0.892, 0.0, 1, 1, 1, 1, 1]}}, {"type": "Feature", "geometry": {"type": "Point", "coordinates": [3.20878, 41.1241]}, "properties": {"var_data": [-0.102, -0.032, 0.022, 0.015, 1.049, 0.0, 1, 1, 1, 1, 1]}}, {"type": "Feature", "geometry": {"type": "Point", "coordinates": [3.24412, 41.1241]}, "properties": {"var_data": [-0.129, -0.041, 0.015, 0.015, 1.161, 0.0, 1, 1, 1, 1, 1]}}, {"type": "Feature", "geometry": {"type": "Point", "coordinates": [1.44178, 41.1511]}, "properties": {"var_data": [0.086, 0.354, 0.034, 0.091, 2.681, -0.003, 4, 1, 4, 1, 1]}}, {"type": "Feature", "geometry": {"type": "Point", "coordinates": [1.47712, 41.1511]}, "properties": {"var_data": [0.252, -0.128, 0.014, 0.021, 0.767, -0.0, 1, 1, 1, 1, 1]}}, {"type": "Feature", "geometry": {"type": "Point", "coordinates": [1.51246, 41.1511]}, "properties": {"var_data": [0.228, -0.105, 0.018, 0.009, 0.398, -0.0, 1, 1, 1, 1, 1]}}, {"type": "Feature", "geometry": {"type": "Point", "coordinates": [1.5478, 41.1511]}, "properties": {"var_data": [0.185, -0.066, 0.007, 0.006, 0.277, -0.0, 1, 1, 1, 1, 1]}}, {"type": "Feature", "geometry": {"type": "Point", "coordinates": [1.58314, 41.1511]}, "properties": {"var_data": [0.16, -0.062, 0.006, 0.005, 0.234, 0.0, 1, 1, 1, 1, 1]}}, {"type": "Feature", "geometry": {"type": "Point", "coordinates": [1.61848, 41.1511]}, "properties": {"var_data": [0.149, -0.033, 0.003, 0.005, 0.219, 0.0, 1, 1, 1, 1, 1]}}, {"type": "Feature", "geometry": {"type": "Point", "coordinates": [1.65382, 41.1511]}, "properties": {"var_data": [0.122, 0.002, 0.003, 0.004, 0.241, 0.0, 1, 1, 1, 1, 1]}}, {"type": "Feature", "geometry": {"type": "Point", "coordinates": [1.68916, 41.1511]}, "properties": {"var_data": [0.112, 0.033, 0.003, 0.005, 0.254, 0.0, 1, 1, 1, 1, 1]}}, {"type": "Feature", "geometry": {"type": "Point", "coordinates": [1.7245, 41.1511]}, "properties": {"var_data": [0.085, 0.199, 0.003, 0.008, 0.258, -0.0, 1, 1, 1, 1, 1]}}, {"type": "Feature", "geometry": {"type": "Point", "coordinates": [1.75984, 41.1511]}, "properties": {"var_data": [0.035, 0.228, 0.004, 0.007, 0.247, -0.0, 1, 1, 1, 1, 1]}}, {"type": "Feature", "geometry": {"type": "Point", "coordinates": [1.79518, 41.1511]}, "properties": {"var_data": [-0.008, 0.288, 0.005, 0.006, 0.232, -0.0, 1, 1, 1, 1, 1]}}, {"type": "Feature", "geometry": {"type": "Point", "coordinates": [1.83052, 41.1511]}, "properties": {"var_data": [-0.034, 0.303, 0.005, 0.004, 0.217, -0.0, 1, 1, 1, 1, 1]}}, {"type": "Feature", "geometry": {"type": "Point", "coordinates": [1.86586, 41.1511]}, "properties": {"var_data": [-0.04, 0.281, 0.004, 0.003, 0.22, -0.0, 1, 1, 1, 1, 1]}}, {"type": "Feature", "geometry": {"type": "Point", "coordinates": [1.9012, 41.1511]}, "properties": {"var_data": [-0.047, 0.231, 0.004, 0.002, 0.225, 0.0, 1, 1, 1, 1, 1]}}, {"type": "Feature", "geometry": {"type": "Point", "coordinates": [1.93654, 41.1511]}, "properties": {"var_data": [-0.043, 0.167, 0.004, 0.003, 0.237, 0.0, 1, 1, 1, 1, 1]}}, {"type": "Feature", "geometry": {"type": "Point", "coordinates": [1.97188, 41.1511]}, "properties": {"var_data": [-0.027, 0.11, 0.007, 0.006, 0.257, 0.0, 1, 1, 1, 1, 1]}}, {"type": "Feature", "geometry": {"type": "Point", "coordinates": [2.00722, 41.1511]}, "properties": {"var_data": [-0.027, 0.036, 0.005, 0.005, 0.261, 0.0, 1, 1, 1, 1, 1]}}, {"type": "Feature", "geometry": {"type": "Point", "coordinates": [2.04256, 41.1511]}, "properties": {"var_data": [-0.008, 0.009, 0.005, 0.004, 0.236, -0.0, 1, 1, 1, 1, 1]}}, {"type": "Feature", "geometry": {"type": "Point", "coordinates": [2.0779, 41.1511]}, "properties": {"var_data": [0.014, -0.006, 0.005, 0.004, 0.214, -0.0, 1, 1, 1, 1, 1]}}, {"type": "Feature", "geometry": {"type": "Point", "coordinates": [2.11324, 41.1511]}, "properties": {"var_data": [0.053, 0.033, 0.005, 0.004, 0.212, -0.0, 1, 1, 1, 1, 1]}}, {"type": "Feature", "geometry": {"type": "Point", "coordinates": [2.14858, 41.1511]}, "properties": {"var_data": [0.094, 0.045, 0.006, 0.006, 0.206, -0.0, 1, 1, 1, 1, 1]}}, {"type": "Feature", "geometry": {"type": "Point", "coordinates": [2.18392, 41.1511]}, "properties": {"var_data": [0.104, 0.04, 0.006, 0.005, 0.204, -0.0, 1, 1, 1, 1, 1]}}, {"type": "Feature", "geometry": {"type": "Point", "coordinates": [2.21926, 41.1511]}, "properties": {"var_data": [0.116, 0.008, 0.006, 0.006, 0.21, -0.0, 1, 1, 1, 1, 1]}}, {"type": "Feature", "geometry": {"type": "Point", "coordinates": [2.2546, 41.1511]}, "properties": {"var_data": [0.138, -0.024, 0.005, 0.006, 0.218, -0.0, 1, 1, 1, 1, 1]}}, {"type": "Feature", "geometry": {"type": "Point", "coordinates": [2.28994, 41.1511]}, "properties": {"var_data": [0.15, -0.044, 0.006, 0.006, 0.225, -0.0, 1, 1, 1, 1, 1]}}, {"type": "Feature", "geometry": {"type": "Point", "coordinates": [2.32528, 41.1511]}, "properties": {"var_data": [0.16, -0.08, 0.007, 0.007, 0.239, 0.0, 1, 1, 1, 1, 1]}}, {"type": "Feature", "geometry": {"type": "Point", "coordinates": [2.36062, 41.1511]}, "properties": {"var_data": [0.164, -0.078, 0.005, 0.007, 0.236, 0.0, 1, 1, 1, 1, 1]}}, {"type": "Feature", "geometry": {"type": "Point", "coordinates": [2.39596, 41.1511]}, "properties": {"var_data": [0.17, -0.086, 0.005, 0.007, 0.245, 0.0, 1, 1, 1, 1, 1]}}, {"type": "Feature", "geometry": {"type": "Point", "coordinates": [2.4313, 41.1511]}, "properties": {"var_data": [0.179, -0.102, 0.006, 0.009, 0.261, 0.0, 1, 1, 1, 1, 1]}}, {"type": "Feature", "geometry": {"type": "Point", "coordinates": [2.46664, 41.1511]}, "properties": {"var_data": [0.154, -0.115, 0.006, 0.009, 0.271, 0.0, 1, 1, 1, 1, 1]}}, {"type": "Feature", "geometry": {"type": "Point", "coordinates": [2.50198, 41.1511]}, "properties": {"var_data": [0.173, -0.109, 0.001, 0.005, 0.292, 0.0, 1, 1, 1, 1, 1]}}, {"type": "Feature", "geometry": {"type": "Point", "coordinates": [2.53732, 41.1511]}, "properties": {"var_data": [0.152, -0.129, 0.005, 0.004, 0.368, 0.0, 1, 1, 1, 1, 1]}}, {"type": "Feature", "geometry": {"type": "Point", "coordinates": [2.57266, 41.1511]}, "properties": {"var_data": [0.169, -0.09, 0.004, 0.004, 0.399, 0.0, 1, 1, 1, 1, 1]}}, {"type": "Feature", "geometry": {"type": "Point", "coordinates": [2.608, 41.1511]}, "properties": {"var_data": [0.144, -0.059, 0.004, 0.004, 0.395, 0.0, 1, 1, 1, 1, 1]}}, {"type": "Feature", "geometry": {"type": "Point", "coordinates": [2.64334, 41.1511]}, "properties": {"var_data": [0.108, -0.025, 0.008, 0.005, 0.347, 0.0, 1, 1, 1, 1, 1]}}, {"type": "Feature", "geometry": {"type": "Point", "coordinates": [2.67868, 41.1511]}, "properties": {"var_data": [0.098, -0.009, 0.006, 0.005, 0.34, 0.0, 1, 1, 1, 1, 1]}}, {"type": "Feature", "geometry": {"type": "Point", "coordinates": [2.71402, 41.1511]}, "properties": {"var_data": [0.086, 0.007, 0.007, 0.006, 0.331, 0.0, 1, 1, 1, 1, 1]}}, {"type": "Feature", "geometry": {"type": "Point", "coordinates": [2.74936, 41.1511]}, "properties": {"var_data": [0.082, 0.031, 0.006, 0.005, 0.332, 0.0, 1, 1, 1, 1, 1]}}, {"type": "Feature", "geometry": {"type": "Point", "coordinates": [2.7847, 41.1511]}, "properties": {"var_data": [0.075, 0.042, 0.007, 0.006, 0.364, 0.0, 1, 1, 1, 1, 1]}}, {"type": "Feature", "geometry": {"type": "Point", "coordinates": [2.82004, 41.1511]}, "properties": {"var_data": [0.072, 0.057, 0.008, 0.007, 0.358, 0.0, 1, 1, 1, 1, 1]}}, {"type": "Feature", "geometry": {"type": "Point", "coordinates": [2.85538, 41.1511]}, "properties": {"var_data": [0.059, 0.054, 0.006, 0.006, 0.36, 0.0, 1, 1, 1, 1, 1]}}, {"type": "Feature", "geometry": {"type": "Point", "coordinates": [2.89072, 41.1511]}, "properties": {"var_data": [0.044, 0.03, 0.007, 0.008, 0.388, 0.0, 1, 1, 1, 1, 1]}}, {"type": "Feature", "geometry": {"type": "Point", "coordinates": [2.92606, 41.1511]}, "properties": {"var_data": [0.0, 0.01, 0.009, 0.005, 0.405, 0.0, 1, 1, 1, 1, 1]}}, {"type": "Feature", "geometry": {"type": "Point", "coordinates": [2.9614, 41.1511]}, "properties": {"var_data": [0.005, 0.001, 0.009, 0.005, 0.461, 0.0, 1, 1, 1, 1, 1]}}, {"type": "Feature", "geometry": {"type": "Point", "coordinates": [2.99674, 41.1511]}, "properties": {"var_data": [0.001, 0.001, 0.009, 0.005, 0.499, 0.0, 1, 1, 1, 1, 1]}}, {"type": "Feature", "geometry": {"type": "Point", "coordinates": [3.03208, 41.1511]}, "properties": {"var_data": [-0.002, 0.003, 0.015, 0.008, 0.606, 0.0, 1, 1, 1, 1, 1]}}, {"type": "Feature", "geometry": {"type": "Point", "coordinates": [3.06742, 41.1511]}, "properties": {"var_data": [-0.005, 0.011, 0.015, 0.008, 0.683, 0.0, 1, 1, 1, 1, 1]}}, {"type": "Feature", "geometry": {"type": "Point", "coordinates": [3.10276, 41.1511]}, "properties": {"var_data": [-0.034, -0.001, 0.022, 0.011, 0.753, 0.0, 1, 1, 1, 1, 1]}}, {"type": "Feature", "geometry": {"type": "Point", "coordinates": [3.1381, 41.1511]}, "properties": {"var_data": [-0.044, -0.006, 0.022, 0.01, 0.748, 0.0, 1, 1, 1, 1, 1]}}, {"type": "Feature", "geometry": {"type": "Point", "coordinates": [3.17344, 41.1511]}, "properties": {"var_data": [-0.023, 0.013, 0.016, 0.012, 0.662, 0.0, 1, 1, 1, 1, 1]}}, {"type": "Feature", "geometry": {"type": "Point", "coordinates": [3.20878, 41.1511]}, "properties": {"var_data": [-0.028, 0.019, 0.017, 0.014, 0.681, 0.0, 1, 1, 1, 1, 1]}}, {"type": "Feature", "geometry": {"type": "Point", "coordinates": [3.24412, 41.1511]}, "properties": {"var_data": [-0.087, -0.022, 0.012, 0.012, 1.048, 0.0, 1, 1, 1, 1, 1]}}, {"type": "Feature", "geometry": {"type": "Point", "coordinates": [3.27946, 41.1511]}, "properties": {"var_data": [-0.154, -0.06, 0.015, 0.015, 1.099, 0.0, 1, 1, 1, 1, 1]}}, {"type": "Feature", "geometry": {"type": "Point", "coordinates": [1.5478, 41.178101]}, "properties": {"var_data": [0.124, -0.038, 0.007, 0.007, 0.335, -0.0, 1, 1, 1, 1, 1]}}, {"type": "Feature", "geometry": {"type": "Point", "coordinates": [1.58314, 41.178101]}, "properties": {"var_data": [0.115, -0.051, 0.006, 0.006, 0.266, -0.0, 1, 1, 1, 1, 1]}}, {"type": "Feature", "geometry": {"type": "Point", "coordinates": [1.61848, 41.178101]}, "properties": {"var_data": [0.119, -0.019, 0.003, 0.006, 0.26, 0.0, 1, 1, 1, 1, 1]}}, {"type": "Feature", "geometry": {"type": "Point", "coordinates": [1.65382, 41.178101]}, "properties": {"var_data": [0.12, 0.058, 0.003, 0.007, 0.283, 0.0, 1, 1, 1, 1, 1]}}, {"type": "Feature", "geometry": {"type": "Point", "coordinates": [1.68916, 41.178101]}, "properties": {"var_data": [0.1, 0.186, 0.003, 0.008, 0.311, -0.0, 1, 1, 1, 1, 1]}}, {"type": "Feature", "geometry": {"type": "Point", "coordinates": [1.7245, 41.178101]}, "properties": {"var_data": [0.041, 0.327, 0.003, 0.01, 0.345, -0.0, 1, 1, 1, 1, 1]}}, {"type": "Feature", "geometry": {"type": "Point", "coordinates": [1.75984, 41.178101]}, "properties": {"var_data": [-0.037, 0.393, 0.004, 0.008, 0.296, -0.0, 1, 1, 1, 1, 1]}}, {"type": "Feature", "geometry": {"type": "Point", "coordinates": [1.79518, 41.178101]}, "properties": {"var_data": [-0.064, 0.417, 0.005, 0.007, 0.256, -0.0, 1, 1, 1, 1, 1]}}, {"type": "Feature", "geometry": {"type": "Point", "coordinates": [1.83052, 41.178101]}, "properties": {"var_data": [-0.07, 0.355, 0.004, 0.004, 0.217, -0.0, 1, 1, 1, 1, 1]}}, {"type": "Feature", "geometry": {"type": "Point", "coordinates": [1.86586, 41.178101]}, "properties": {"var_data": [-0.037, 0.285, 0.003, 0.002, 0.201, 0.0, 1, 1, 1, 1, 1]}}, {"type": "Feature", "geometry": {"type": "Point", "coordinates": [1.9012, 41.178101]}, "properties": {"var_data": [-0.012, 0.206, 0.003, 0.002, 0.201, 0.0, 1, 1, 1, 1, 1]}}, {"type": "Feature", "geometry": {"type": "Point", "coordinates": [1.93654, 41.178101]}, "properties": {"var_data": [-0.011, 0.126, 0.004, 0.003, 0.23, 0.0, 1, 1, 1, 1, 1]}}, {"type": "Feature", "geometry": {"type": "Point", "coordinates": [1.97188, 41.178101]}, "properties": {"var_data": [0.014, 0.087, 0.004, 0.003, 0.257, 0.0, 1, 1, 1, 1, 1]}}, {"type": "Feature", "geometry": {"type": "Point", "coordinates": [2.00722, 41.178101]}, "properties": {"var_data": [0.049, 0.047, 0.004, 0.005, 0.257, 0.0, 1, 1, 1, 1, 1]}}, {"type": "Feature", "geometry": {"type": "Point", "coordinates": [2.04256, 41.178101]}, "properties": {"var_data": [0.078, 0.023, 0.004, 0.004, 0.236, -0.0, 1, 1, 1, 1, 1]}}, {"type": "Feature", "geometry": {"type": "Point", "coordinates": [2.0779, 41.178101]}, "properties": {"var_data": [0.101, 0.03, 0.004, 0.004, 0.212, -0.0, 1, 1, 1, 1, 1]}}, {"type": "Feature", "geometry": {"type": "Point", "coordinates": [2.11324, 41.178101]}, "properties": {"var_data": [0.143, 0.046, 0.004, 0.004, 0.199, -0.0, 1, 1, 1, 1, 1]}}, {"type": "Feature", "geometry": {"type": "Point", "coordinates": [2.14858, 41.178101]}, "properties": {"var_data": [0.14, 0.043, 0.005, 0.004, 0.2, -0.0, 1, 1, 1, 1, 1]}}, {"type": "Feature", "geometry": {"type": "Point", "coordinates": [2.18392, 41.178101]}, "properties": {"var_data": [0.164, 0.04, 0.005, 0.004, 0.195, 0.0, 1, 1, 1, 1, 1]}}, {"type": "Feature", "geometry": {"type": "Point", "coordinates": [2.21926, 41.178101]}, "properties": {"var_data": [0.156, -0.005, 0.005, 0.004, 0.204, 0.0, 1, 1, 1, 1, 1]}}, {"type": "Feature", "geometry": {"type": "Point", "coordinates": [2.2546, 41.178101]}, "properties": {"var_data": [0.153, -0.045, 0.002, 0.004, 0.206, 0.0, 1, 1, 1, 1, 1]}}, {"type": "Feature", "geometry": {"type": "Point", "coordinates": [2.28994, 41.178101]}, "properties": {"var_data": [0.18, -0.079, 0.002, 0.007, 0.225, 0.0, 1, 1, 1, 1, 1]}}, {"type": "Feature", "geometry": {"type": "Point", "coordinates": [2.32528, 41.178101]}, "properties": {"var_data": [0.194, -0.089, 0.006, 0.006, 0.223, 0.0, 1, 1, 1, 1, 1]}}, {"type": "Feature", "geometry": {"type": "Point", "coordinates": [2.36062, 41.178101]}, "properties": {"var_data": [0.195, -0.092, 0.007, 0.007, 0.23, 0.0, 1, 1, 1, 1, 1]}}, {"type": "Feature", "geometry": {"type": "Point", "coordinates": [2.39596, 41.178101]}, "properties": {"var_data": [0.191, -0.089, 0.005, 0.008, 0.244, 0.0, 1, 1, 1, 1, 1]}}, {"type": "Feature", "geometry": {"type": "Point", "coordinates": [2.4313, 41.178101]}, "properties": {"var_data": [0.176, -0.1, 0.005, 0.007, 0.249, 0.0, 1, 1, 1, 1, 1]}}, {"type": "Feature", "geometry": {"type": "Point", "coordinates": [2.46664, 41.178101]}, "properties": {"var_data": [0.164, -0.102, 0.002, 0.006, 0.271, 0.0, 1, 1, 1, 1, 1]}}, {"type": "Feature", "geometry": {"type": "Point", "coordinates": [2.50198, 41.178101]}, "properties": {"var_data": [0.174, -0.116, 0.001, 0.004, 0.303, 0.0, 1, 1, 1, 1, 1]}}, {"type": "Feature", "geometry": {"type": "Point", "coordinates": [2.53732, 41.178101]}, "properties": {"var_data": [0.155, -0.109, 0.001, 0.005, 0.363, 0.0, 1, 1, 1, 1, 1]}}, {"type": "Feature", "geometry": {"type": "Point", "coordinates": [2.57266, 41.178101]}, "properties": {"var_data": [0.15, -0.112, 0.005, 0.004, 0.405, 0.0, 1, 1, 1, 1, 1]}}, {"type": "Feature", "geometry": {"type": "Point", "coordinates": [2.608, 41.178101]}, "properties": {"var_data": [0.107, -0.077, 0.004, 0.004, 0.408, 0.0, 1, 1, 1, 1, 1]}}, {"type": "Feature", "geometry": {"type": "Point", "coordinates": [2.64334, 41.178101]}, "properties": {"var_data": [0.11, -0.04, 0.007, 0.005, 0.348, 0.0, 1, 1, 1, 1, 1]}}, {"type": "Feature", "geometry": {"type": "Point", "coordinates": [2.67868, 41.178101]}, "properties": {"var_data": [0.09, -0.016, 0.006, 0.005, 0.324, 0.0, 1, 1, 1, 1, 1]}}, {"type": "Feature", "geometry": {"type": "Point", "coordinates": [2.71402, 41.178101]}, "properties": {"var_data": [0.072, -0.005, 0.005, 0.005, 0.32, 0.0, 1, 1, 1, 1, 1]}}, {"type": "Feature", "geometry": {"type": "Point", "coordinates": [2.74936, 41.178101]}, "properties": {"var_data": [0.069, 0.024, 0.005, 0.005, 0.344, 0.0, 1, 1, 1, 1, 1]}}, {"type": "Feature", "geometry": {"type": "Point", "coordinates": [2.7847, 41.178101]}, "properties": {"var_data": [0.067, 0.064, 0.005, 0.006, 0.353, 0.0, 1, 1, 1, 1, 1]}}, {"type": "Feature", "geometry": {"type": "Point", "coordinates": [2.82004, 41.178101]}, "properties": {"var_data": [0.052, 0.072, 0.008, 0.006, 0.36, 0.0, 1, 1, 1, 1, 1]}}, {"type": "Feature", "geometry": {"type": "Point", "coordinates": [2.85538, 41.178101]}, "properties": {"var_data": [0.038, 0.067, 0.009, 0.007, 0.363, 0.0, 1, 1, 1, 1, 1]}}, {"type": "Feature", "geometry": {"type": "Point", "coordinates": [2.89072, 41.178101]}, "properties": {"var_data": [0.011, 0.043, 0.01, 0.006, 0.408, 0.0, 1, 1, 1, 1, 1]}}, {"type": "Feature", "geometry": {"type": "Point", "coordinates": [2.92606, 41.178101]}, "properties": {"var_data": [0.008, 0.019, 0.009, 0.009, 0.394, 0.0, 1, 1, 1, 1, 1]}}, {"type": "Feature", "geometry": {"type": "Point", "coordinates": [2.9614, 41.178101]}, "properties": {"var_data": [-0.002, -0.013, 0.009, 0.008, 0.455, 0.0, 1, 1, 1, 1, 1]}}, {"type": "Feature", "geometry": {"type": "Point", "coordinates": [2.99674, 41.178101]}, "properties": {"var_data": [-0.008, -0.009, 0.01, 0.008, 0.51, 0.0, 1, 1, 1, 1, 1]}}, {"type": "Feature", "geometry": {"type": "Point", "coordinates": [3.03208, 41.178101]}, "properties": {"var_data": [0.009, 0.001, 0.005, 0.007, 0.513, 0.0, 1, 1, 1, 1, 1]}}, {"type": "Feature", "geometry": {"type": "Point", "coordinates": [3.06742, 41.178101]}, "properties": {"var_data": [-0.007, -0.01, 0.006, 0.006, 0.63, 0.0, 1, 1, 1, 1, 1]}}, {"type": "Feature", "geometry": {"type": "Point", "coordinates": [3.10276, 41.178101]}, "properties": {"var_data": [-0.046, -0.016, 0.017, 0.01, 0.727, 0.0, 1, 1, 1, 1, 1]}}, {"type": "Feature", "geometry": {"type": "Point", "coordinates": [3.1381, 41.178101]}, "properties": {"var_data": [-0.041, -0.012, 0.017, 0.009, 0.633, 0.0, 1, 1, 1, 1, 1]}}, {"type": "Feature", "geometry": {"type": "Point", "coordinates": [3.17344, 41.178101]}, "properties": {"var_data": [-0.04, -0.002, 0.017, 0.01, 0.647, 0.0, 1, 1, 1, 1, 1]}}, {"type": "Feature", "geometry": {"type": "Point", "coordinates": [3.20878, 41.178101]}, "properties": {"var_data": [-0.031, 0.014, 0.019, 0.013, 0.695, 0.0, 1, 1, 1, 1, 1]}}, {"type": "Feature", "geometry": {"type": "Point", "coordinates": [3.24412, 41.178101]}, "properties": {"var_data": [-0.042, -0.009, 0.013, 0.012, 0.835, 0.0, 1, 1, 1, 1, 1]}}, {"type": "Feature", "geometry": {"type": "Point", "coordinates": [3.27946, 41.178101]}, "properties": {"var_data": [-0.113, -0.044, 0.019, 0.021, 1.108, 0.0, 1, 1, 1, 1, 1]}}, {"type": "Feature", "geometry": {"type": "Point", "coordinates": [3.3148, 41.178101]}, "properties": {"var_data": [-0.171, -0.083, 0.023, 0.027, 1.343, 0.001, 1, 1, 1, 1, 1]}}, {"type": "Feature", "geometry": {"type": "Point", "coordinates": [1.7245, 41.205101]}, "properties": {"var_data": [-0.078, 0.636, 0.003, 0.011, 0.516, -0.0, 1, 1, 1, 1, 1]}}, {"type": "Feature", "geometry": {"type": "Point", "coordinates": [1.75984, 41.205101]}, "properties": {"var_data": [-0.135, 0.65, 0.005, 0.009, 0.43, -0.0, 1, 1, 1, 1, 1]}}, {"type": "Feature", "geometry": {"type": "Point", "coordinates": [1.79518, 41.205101]}, "properties": {"var_data": [-0.126, 0.526, 0.005, 0.008, 0.321, -0.0, 1, 1, 1, 1, 1]}}, {"type": "Feature", "geometry": {"type": "Point", "coordinates": [1.83052, 41.205101]}, "properties": {"var_data": [-0.065, 0.355, 0.004, 0.005, 0.237, -0.0, 1, 1, 1, 1, 1]}}, {"type": "Feature", "geometry": {"type": "Point", "coordinates": [1.86586, 41.205101]}, "properties": {"var_data": [0.016, 0.26, 0.003, 0.002, 0.194, 0.0, 1, 1, 1, 1, 1]}}, {"type": "Feature", "geometry": {"type": "Point", "coordinates": [1.9012, 41.205101]}, "properties": {"var_data": [0.077, 0.211, 0.003, 0.002, 0.18, 0.0, 1, 1, 1, 1, 1]}}, {"type": "Feature", "geometry": {"type": "Point", "coordinates": [1.93654, 41.205101]}, "properties": {"var_data": [0.082, 0.143, 0.003, 0.003, 0.207, 0.0, 1, 1, 1, 1, 1]}}, {"type": "Feature", "geometry": {"type": "Point", "coordinates": [1.97188, 41.205101]}, "properties": {"var_data": [0.081, 0.056, 0.003, 0.003, 0.278, 0.0, 1, 1, 1, 1, 1]}}, {"type": "Feature", "geometry": {"type": "Point", "coordinates": [2.00722, 41.205101]}, "properties": {"var_data": [0.137, 0.043, 0.003, 0.005, 0.268, 0.0, 1, 1, 1, 1, 1]}}, {"type": "Feature", "geometry": {"type": "Point", "coordinates": [2.04256, 41.205101]}, "properties": {"var_data": [0.159, 0.006, 0.003, 0.004, 0.256, -0.0, 1, 1, 1, 1, 1]}}, {"type": "Feature", "geometry": {"type": "Point", "coordinates": [2.0779, 41.205101]}, "properties": {"var_data": [0.191, 0.033, 0.004, 0.003, 0.214, -0.0, 1, 1, 1, 1, 1]}}, {"type": "Feature", "geometry": {"type": "Point", "coordinates": [2.11324, 41.205101]}, "properties": {"var_data": [0.211, 0.049, 0.004, 0.003, 0.197, -0.0, 1, 1, 1, 1, 1]}}, {"type": "Feature", "geometry": {"type": "Point", "coordinates": [2.14858, 41.205101]}, "properties": {"var_data": [0.225, 0.052, 0.005, 0.003, 0.187, -0.0, 1, 1, 1, 1, 1]}}, {"type": "Feature", "geometry": {"type": "Point", "coordinates": [2.18392, 41.205101]}, "properties": {"var_data": [0.22, 0.039, 0.005, 0.003, 0.198, 0.0, 1, 1, 1, 1, 1]}}, {"type": "Feature", "geometry": {"type": "Point", "coordinates": [2.21926, 41.205101]}, "properties": {"var_data": [0.225, 0.015, 0.002, 0.003, 0.198, 0.0, 1, 1, 1, 1, 1]}}, {"type": "Feature", "geometry": {"type": "Point", "coordinates": [2.2546, 41.205101]}, "properties": {"var_data": [0.215, -0.04, 0.002, 0.004, 0.203, 0.0, 1, 1, 1, 1, 1]}}, {"type": "Feature", "geometry": {"type": "Point", "coordinates": [2.28994, 41.205101]}, "properties": {"var_data": [0.23, -0.078, 0.002, 0.005, 0.209, 0.0, 1, 1, 1, 1, 1]}}, {"type": "Feature", "geometry": {"type": "Point", "coordinates": [2.32528, 41.205101]}, "properties": {"var_data": [0.236, -0.109, 0.002, 0.008, 0.214, 0.0, 1, 1, 1, 1, 1]}}, {"type": "Feature", "geometry": {"type": "Point", "coordinates": [2.36062, 41.205101]}, "properties": {"var_data": [0.206, -0.121, 0.005, 0.008, 0.219, 0.0, 1, 1, 1, 1, 1]}}, {"type": "Feature", "geometry": {"type": "Point", "coordinates": [2.39596, 41.205101]}, "properties": {"var_data": [0.185, -0.107, 0.005, 0.006, 0.229, 0.0, 1, 1, 1, 1, 1]}}, {"type": "Feature", "geometry": {"type": "Point", "coordinates": [2.4313, 41.205101]}, "properties": {"var_data": [0.154, -0.105, 0.002, 0.006, 0.249, 0.0, 1, 1, 1, 1, 1]}}, {"type": "Feature", "geometry": {"type": "Point", "coordinates": [2.46664, 41.205101]}, "properties": {"var_data": [0.131, -0.109, 0.002, 0.007, 0.264, 0.0, 1, 1, 1, 1, 1]}}, {"type": "Feature", "geometry": {"type": "Point", "coordinates": [2.50198, 41.205101]}, "properties": {"var_data": [0.153, -0.108, 0.001, 0.005, 0.314, 0.0, 1, 1, 1, 1, 1]}}, {"type": "Feature", "geometry": {"type": "Point", "coordinates": [2.53732, 41.205101]}, "properties": {"var_data": [0.156, -0.091, 0.001, 0.005, 0.378, 0.0, 1, 1, 1, 1, 1]}}, {"type": "Feature", "geometry": {"type": "Point", "coordinates": [2.57266, 41.205101]}, "properties": {"var_data": [0.158, -0.091, 0.003, 0.005, 0.416, 0.0, 1, 1, 1, 1, 1]}}, {"type": "Feature", "geometry": {"type": "Point", "coordinates": [2.608, 41.205101]}, "properties": {"var_data": [0.113, -0.06, 0.004, 0.004, 0.418, 0.0, 1, 1, 1, 1, 1]}}, {"type": "Feature", "geometry": {"type": "Point", "coordinates": [2.64334, 41.205101]}, "properties": {"var_data": [0.114, -0.014, 0.005, 0.008, 0.351, 0.0, 1, 1, 1, 1, 1]}}, {"type": "Feature", "geometry": {"type": "Point", "coordinates": [2.67868, 41.205101]}, "properties": {"var_data": [0.091, -0.0, 0.004, 0.004, 0.307, 0.0, 1, 1, 1, 1, 1]}}, {"type": "Feature", "geometry": {"type": "Point", "coordinates": [2.71402, 41.205101]}, "properties": {"var_data": [0.071, 0.032, 0.005, 0.005, 0.309, 0.0, 1, 1, 1, 1, 1]}}, {"type": "Feature", "geometry": {"type": "Point", "coordinates": [2.74936, 41.205101]}, "properties": {"var_data": [0.074, 0.037, 0.005, 0.008, 0.309, 0.0, 1, 1, 1, 1, 1]}}, {"type": "Feature", "geometry": {"type": "Point", "coordinates": [2.7847, 41.205101]}, "properties": {"var_data": [0.047, 0.068, 0.005, 0.005, 0.314, 0.0, 1, 1, 1, 1, 1]}}, {"type": "Feature", "geometry": {"type": "Point", "coordinates": [2.82004, 41.205101]}, "properties": {"var_data": [0.044, 0.099, 0.005, 0.006, 0.309, 0.0, 1, 1, 1, 1, 1]}}, {"type": "Feature", "geometry": {"type": "Point", "coordinates": [2.85538, 41.205101]}, "properties": {"var_data": [0.029, 0.094, 0.008, 0.006, 0.344, 0.0, 1, 1, 1, 1, 1]}}, {"type": "Feature", "geometry": {"type": "Point", "coordinates": [2.89072, 41.205101]}, "properties": {"var_data": [0.012, 0.055, 0.008, 0.007, 0.377, 0.0, 1, 1, 1, 1, 1]}}, {"type": "Feature", "geometry": {"type": "Point", "coordinates": [2.92606, 41.205101]}, "properties": {"var_data": [-0.001, 0.019, 0.01, 0.009, 0.427, 0.0, 1, 1, 1, 1, 1]}}, {"type": "Feature", "geometry": {"type": "Point", "coordinates": [2.9614, 41.205101]}, "properties": {"var_data": [-0.003, -0.011, 0.01, 0.011, 0.499, 0.0, 1, 1, 1, 1, 1]}}, {"type": "Feature", "geometry": {"type": "Point", "coordinates": [2.99674, 41.205101]}, "properties": {"var_data": [0.014, -0.002, 0.005, 0.007, 0.458, 0.0, 1, 1, 1, 1, 1]}}, {"type": "Feature", "geometry": {"type": "Point", "coordinates": [3.03208, 41.205101]}, "properties": {"var_data": [0.013, -0.001, 0.005, 0.006, 0.575, 0.0, 1, 1, 1, 1, 1]}}, {"type": "Feature", "geometry": {"type": "Point", "coordinates": [3.06742, 41.205101]}, "properties": {"var_data": [0.011, 0.014, 0.006, 0.005, 0.646, 0.0, 1, 1, 1, 1, 1]}}, {"type": "Feature", "geometry": {"type": "Point", "coordinates": [3.10276, 41.205101]}, "properties": {"var_data": [-0.021, 0.009, 0.006, 0.005, 0.682, 0.0, 1, 1, 1, 1, 1]}}, {"type": "Feature", "geometry": {"type": "Point", "coordinates": [3.1381, 41.205101]}, "properties": {"var_data": [-0.023, 0.004, 0.014, 0.007, 0.624, 0.0, 1, 1, 1, 1, 1]}}, {"type": "Feature", "geometry": {"type": "Point", "coordinates": [3.17344, 41.205101]}, "properties": {"var_data": [-0.029, 0.017, 0.016, 0.008, 0.67, 0.0, 1, 1, 1, 1, 1]}}, {"type": "Feature", "geometry": {"type": "Point", "coordinates": [3.20878, 41.205101]}, "properties": {"var_data": [-0.073, -0.024, 0.02, 0.014, 0.8, 0.0, 1, 1, 1, 1, 1]}}, {"type": "Feature", "geometry": {"type": "Point", "coordinates": [3.24412, 41.205101]}, "properties": {"var_data": [-0.036, -0.006, 0.014, 0.011, 0.725, 0.0, 1, 1, 1, 1, 1]}}, {"type": "Feature", "geometry": {"type": "Point", "coordinates": [3.27946, 41.205101]}, "properties": {"var_data": [-0.165, -0.136, 0.041, 0.028, 1.547, 0.001, 1, 1, 1, 1, 1]}}, {"type": "Feature", "geometry": {"type": "Point", "coordinates": [3.3148, 41.205101]}, "properties": {"var_data": [-0.123, -0.09, 0.072, 0.044, 2.259, 0.003, 4, 1, 4, 1, 1]}}, {"type": "Feature", "geometry": {"type": "Point", "coordinates": [1.83052, 41.232101]}, "properties": {"var_data": [-0.047, 0.35, 0.005, 0.006, 0.295, -0.0, 1, 1, 1, 1, 1]}}, {"type": "Feature", "geometry": {"type": "Point", "coordinates": [1.86586, 41.232101]}, "properties": {"var_data": [0.077, 0.25, 0.004, 0.003, 0.215, 0.0, 1, 1, 1, 1, 1]}}, {"type": "Feature", "geometry": {"type": "Point", "coordinates": [1.9012, 41.232101]}, "properties": {"var_data": [0.111, 0.205, 0.003, 0.003, 0.2, 0.0, 1, 1, 1, 1, 1]}}, {"type": "Feature", "geometry": {"type": "Point", "coordinates": [1.93654, 41.232101]}, "properties": {"var_data": [0.099, 0.132, 0.003, 0.003, 0.219, 0.0, 1, 1, 1, 1, 1]}}, {"type": "Feature", "geometry": {"type": "Point", "coordinates": [1.97188, 41.232101]}, "properties": {"var_data": [0.132, 0.068, 0.003, 0.005, 0.29, 0.0, 1, 1, 1, 1, 1]}}, {"type": "Feature", "geometry": {"type": "Point", "coordinates": [2.00722, 41.232101]}, "properties": {"var_data": [0.172, 0.001, 0.003, 0.011, 0.374, -0.0, 1, 1, 1, 1, 1]}}, {"type": "Feature", "geometry": {"type": "Point", "coordinates": [2.04256, 41.232101]}, "properties": {"var_data": [0.227, -0.007, 0.003, 0.004, 0.275, -0.0, 1, 1, 1, 1, 1]}}, {"type": "Feature", "geometry": {"type": "Point", "coordinates": [2.0779, 41.232101]}, "properties": {"var_data": [0.249, 0.009, 0.003, 0.003, 0.222, -0.0, 1, 1, 1, 1, 1]}}, {"type": "Feature", "geometry": {"type": "Point", "coordinates": [2.11324, 41.232101]}, "properties": {"var_data": [0.255, 0.052, 0.003, 0.003, 0.195, -0.0, 1, 1, 1, 1, 1]}}, {"type": "Feature", "geometry": {"type": "Point", "coordinates": [2.14858, 41.232101]}, "properties": {"var_data": [0.263, 0.061, 0.004, 0.003, 0.187, 0.0, 1, 1, 1, 1, 1]}}, {"type": "Feature", "geometry": {"type": "Point", "coordinates": [2.18392, 41.232101]}, "properties": {"var_data": [0.241, 0.064, 0.004, 0.003, 0.182, 0.0, 1, 1, 1, 1, 1]}}, {"type": "Feature", "geometry": {"type": "Point", "coordinates": [2.21926, 41.232101]}, "properties": {"var_data": [0.226, 0.023, 0.001, 0.003, 0.188, 0.0, 1, 1, 1, 1, 1]}}, {"type": "Feature", "geometry": {"type": "Point", "coordinates": [2.2546, 41.232101]}, "properties": {"var_data": [0.244, -0.024, 0.001, 0.004, 0.2, 0.0, 1, 1, 1, 1, 1]}}, {"type": "Feature", "geometry": {"type": "Point", "coordinates": [2.28994, 41.232101]}, "properties": {"var_data": [0.229, -0.093, 0.002, 0.004, 0.206, 0.0, 1, 1, 1, 1, 1]}}, {"type": "Feature", "geometry": {"type": "Point", "coordinates": [2.32528, 41.232101]}, "properties": {"var_data": [0.222, -0.138, 0.002, 0.009, 0.216, 0.0, 1, 1, 1, 1, 1]}}, {"type": "Feature", "geometry": {"type": "Point", "coordinates": [2.36062, 41.232101]}, "properties": {"var_data": [0.229, -0.128, 0.005, 0.008, 0.222, 0.0, 1, 1, 1, 1, 1]}}, {"type": "Feature", "geometry": {"type": "Point", "coordinates": [2.39596, 41.232101]}, "properties": {"var_data": [0.187, -0.117, 0.003, 0.006, 0.23, 0.0, 1, 1, 1, 1, 1]}}, {"type": "Feature", "geometry": {"type": "Point", "coordinates": [2.4313, 41.232101]}, "properties": {"var_data": [0.157, -0.094, 0.003, 0.006, 0.248, 0.0, 1, 1, 1, 1, 1]}}, {"type": "Feature", "geometry": {"type": "Point", "coordinates": [2.46664, 41.232101]}, "properties": {"var_data": [0.149, -0.093, 0.002, 0.006, 0.281, 0.0, 1, 1, 1, 1, 1]}}, {"type": "Feature", "geometry": {"type": "Point", "coordinates": [2.50198, 41.232101]}, "properties": {"var_data": [0.137, -0.078, 0.001, 0.006, 0.312, 0.0, 1, 1, 1, 1, 1]}}, {"type": "Feature", "geometry": {"type": "Point", "coordinates": [2.53732, 41.232101]}, "properties": {"var_data": [0.148, -0.07, 0.002, 0.009, 0.355, 0.0, 1, 1, 1, 1, 1]}}, {"type": "Feature", "geometry": {"type": "Point", "coordinates": [2.57266, 41.232101]}, "properties": {"var_data": [0.143, -0.041, 0.003, 0.009, 0.386, 0.0, 1, 1, 1, 1, 1]}}, {"type": "Feature", "geometry": {"type": "Point", "coordinates": [2.608, 41.232101]}, "properties": {"var_data": [0.132, 0.005, 0.002, 0.006, 0.372, 0.0, 1, 1, 1, 1, 1]}}, {"type": "Feature", "geometry": {"type": "Point", "coordinates": [2.64334, 41.232101]}, "properties": {"var_data": [0.107, 0.036, 0.002, 0.006, 0.331, 0.0, 1, 1, 1, 1, 1]}}, {"type": "Feature", "geometry": {"type": "Point", "coordinates": [2.67868, 41.232101]}, "properties": {"var_data": [0.092, 0.041, 0.004, 0.01, 0.311, 0.0, 1, 1, 1, 1, 1]}}, {"type": "Feature", "geometry": {"type": "Point", "coordinates": [2.71402, 41.232101]}, "properties": {"var_data": [0.08, 0.049, 0.004, 0.007, 0.295, 0.0, 1, 1, 1, 1, 1]}}, {"type": "Feature", "geometry": {"type": "Point", "coordinates": [2.74936, 41.232101]}, "properties": {"var_data": [0.057, 0.059, 0.004, 0.008, 0.291, 0.0, 1, 1, 1, 1, 1]}}, {"type": "Feature", "geometry": {"type": "Point", "coordinates": [2.7847, 41.232101]}, "properties": {"var_data": [0.046, 0.071, 0.005, 0.003, 0.307, 0.0, 1, 1, 1, 1, 1]}}, {"type": "Feature", "geometry": {"type": "Point", "coordinates": [2.82004, 41.232101]}, "properties": {"var_data": [0.022, 0.09, 0.005, 0.004, 0.324, -0.0, 1, 1, 1, 1, 1]}}, {"type": "Feature", "geometry": {"type": "Point", "coordinates": [2.85538, 41.232101]}, "properties": {"var_data": [0.027, 0.083, 0.007, 0.004, 0.385, -0.0, 1, 1, 1, 1, 1]}}, {"type": "Feature", "geometry": {"type": "Point", "coordinates": [2.89072, 41.232101]}, "properties": {"var_data": [0.006, 0.048, 0.008, 0.004, 0.419, -0.0, 1, 1, 1, 1, 1]}}, {"type": "Feature", "geometry": {"type": "Point", "coordinates": [2.92606, 41.232101]}, "properties": {"var_data": [0.008, 0.016, 0.009, 0.011, 0.508, 0.0, 1, 1, 1, 1, 1]}}, {"type": "Feature", "geometry": {"type": "Point", "coordinates": [2.9614, 41.232101]}, "properties": {"var_data": [0.024, -0.002, 0.012, 0.013, 0.605, 0.0, 1, 1, 1, 1, 1]}}, {"type": "Feature", "geometry": {"type": "Point", "coordinates": [2.99674, 41.232101]}, "properties": {"var_data": [0.04, -0.002, 0.006, 0.01, 0.58, 0.0, 1, 1, 1, 1, 1]}}, {"type": "Feature", "geometry": {"type": "Point", "coordinates": [3.03208, 41.232101]}, "properties": {"var_data": [0.036, 0.021, 0.006, 0.01, 0.586, 0.0, 1, 1, 1, 1, 1]}}, {"type": "Feature", "geometry": {"type": "Point", "coordinates": [3.06742, 41.232101]}, "properties": {"var_data": [0.018, 0.033, 0.005, 0.005, 0.567, 0.0, 1, 1, 1, 1, 1]}}, {"type": "Feature", "geometry": {"type": "Point", "coordinates": [3.10276, 41.232101]}, "properties": {"var_data": [-0.01, 0.017, 0.006, 0.005, 0.707, 0.0, 1, 1, 1, 1, 1]}}, {"type": "Feature", "geometry": {"type": "Point", "coordinates": [3.1381, 41.232101]}, "properties": {"var_data": [-0.033, 0.001, 0.019, 0.008, 0.66, 0.0, 1, 1, 1, 1, 1]}}, {"type": "Feature", "geometry": {"type": "Point", "coordinates": [3.17344, 41.232101]}, "properties": {"var_data": [-0.03, -0.001, 0.012, 0.006, 0.602, 0.0, 1, 1, 1, 1, 1]}}, {"type": "Feature", "geometry": {"type": "Point", "coordinates": [3.20878, 41.232101]}, "properties": {"var_data": [-0.036, -0.015, 0.013, 0.01, 0.663, 0.0, 1, 1, 1, 1, 1]}}, {"type": "Feature", "geometry": {"type": "Point", "coordinates": [3.24412, 41.232101]}, "properties": {"var_data": [-0.064, -0.047, 0.016, 0.011, 0.924, 0.0, 1, 1, 1, 1, 1]}}, {"type": "Feature", "geometry": {"type": "Point", "coordinates": [3.27946, 41.232101]}, "properties": {"var_data": [-0.042, -0.051, 0.017, 0.014, 0.964, 0.0, 1, 1, 1, 1, 1]}}, {"type": "Feature", "geometry": {"type": "Point", "coordinates": [3.3148, 41.232101]}, "properties": {"var_data": [-0.03, -0.045, 0.033, 0.022, 1.196, 0.001, 1, 1, 1, 1, 1]}}, {"type": "Feature", "geometry": {"type": "Point", "coordinates": [3.35014, 41.232101]}, "properties": {"var_data": [-0.072, -0.096, 0.085, 0.064, 2.837, 0.005, 4, 1, 4, 1, 1]}}, {"type": "Feature", "geometry": {"type": "Point", "coordinates": [1.93654, 41.259102]}, "properties": {"var_data": [0.107, 0.09, 0.005, 0.006, 0.304, 0.0, 1, 1, 1, 1, 1]}}, {"type": "Feature", "geometry": {"type": "Point", "coordinates": [1.97188, 41.259102]}, "properties": {"var_data": [0.139, -0.011, 0.004, 0.014, 0.496, -0.0, 1, 1, 1, 1, 1]}}, {"type": "Feature", "geometry": {"type": "Point", "coordinates": [2.00722, 41.259102]}, "properties": {"var_data": [0.215, -0.061, 0.003, 0.018, 0.572, -0.0, 1, 1, 1, 1, 1]}}, {"type": "Feature", "geometry": {"type": "Point", "coordinates": [2.04256, 41.259102]}, "properties": {"var_data": [0.259, -0.111, 0.003, 0.009, 0.499, -0.0, 1, 1, 1, 1, 1]}}, {"type": "Feature", "geometry": {"type": "Point", "coordinates": [2.0779, 41.259102]}, "properties": {"var_data": [0.277, 0.038, 0.003, 0.004, 0.251, -0.0, 1, 1, 1, 1, 1]}}, {"type": "Feature", "geometry": {"type": "Point", "coordinates": [2.11324, 41.259102]}, "properties": {"var_data": [0.266, 0.071, 0.003, 0.003, 0.206, -0.0, 1, 1, 1, 1, 1]}}, {"type": "Feature", "geometry": {"type": "Point", "coordinates": [2.14858, 41.259102]}, "properties": {"var_data": [0.244, 0.085, 0.004, 0.003, 0.185, 0.0, 1, 1, 1, 1, 1]}}, {"type": "Feature", "geometry": {"type": "Point", "coordinates": [2.18392, 41.259102]}, "properties": {"var_data": [0.247, 0.093, 0.004, 0.003, 0.181, 0.0, 1, 1, 1, 1, 1]}}, {"type": "Feature", "geometry": {"type": "Point", "coordinates": [2.21926, 41.259102]}, "properties": {"var_data": [0.236, 0.052, 0.003, 0.003, 0.184, 0.0, 1, 1, 1, 1, 1]}}, {"type": "Feature", "geometry": {"type": "Point", "coordinates": [2.2546, 41.259102]}, "properties": {"var_data": [0.225, -0.021, 0.001, 0.004, 0.196, 0.0, 1, 1, 1, 1, 1]}}, {"type": "Feature", "geometry": {"type": "Point", "coordinates": [2.28994, 41.259102]}, "properties": {"var_data": [0.23, -0.075, 0.002, 0.006, 0.206, 0.0, 1, 1, 1, 1, 1]}}, {"type": "Feature", "geometry": {"type": "Point", "coordinates": [2.32528, 41.259102]}, "properties": {"var_data": [0.213, -0.131, 0.002, 0.008, 0.21, 0.0, 1, 1, 1, 1, 1]}}, {"type": "Feature", "geometry": {"type": "Point", "coordinates": [2.36062, 41.259102]}, "properties": {"var_data": [0.192, -0.145, 0.004, 0.008, 0.223, 0.0, 1, 1, 1, 1, 1]}}, {"type": "Feature", "geometry": {"type": "Point", "coordinates": [2.39596, 41.259102]}, "properties": {"var_data": [0.171, -0.118, 0.003, 0.008, 0.24, 0.0, 1, 1, 1, 1, 1]}}, {"type": "Feature", "geometry": {"type": "Point", "coordinates": [2.4313, 41.259102]}, "properties": {"var_data": [0.161, -0.083, 0.003, 0.007, 0.254, 0.0, 1, 1, 1, 1, 1]}}, {"type": "Feature", "geometry": {"type": "Point", "coordinates": [2.46664, 41.259102]}, "properties": {"var_data": [0.141, -0.067, 0.003, 0.004, 0.253, 0.0, 1, 1, 1, 1, 1]}}, {"type": "Feature", "geometry": {"type": "Point", "coordinates": [2.50198, 41.259102]}, "properties": {"var_data": [0.142, -0.044, 0.001, 0.005, 0.28, 0.0, 1, 1, 1, 1, 1]}}, {"type": "Feature", "geometry": {"type": "Point", "coordinates": [2.53732, 41.259102]}, "properties": {"var_data": [0.147, -0.051, 0.003, 0.005, 0.322, -0.0, 1, 1, 1, 1, 1]}}, {"type": "Feature", "geometry": {"type": "Point", "coordinates": [2.57266, 41.259102]}, "properties": {"var_data": [0.152, -0.05, 0.002, 0.007, 0.346, 0.0, 1, 1, 1, 1, 1]}}, {"type": "Feature", "geometry": {"type": "Point", "coordinates": [2.608, 41.259102]}, "properties": {"var_data": [0.137, 0.014, 0.002, 0.008, 0.325, 0.0, 1, 1, 1, 1, 1]}}, {"type": "Feature", "geometry": {"type": "Point", "coordinates": [2.64334, 41.259102]}, "properties": {"var_data": [0.12, 0.064, 0.002, 0.008, 0.32, 0.0, 1, 1, 1, 1, 1]}}, {"type": "Feature", "geometry": {"type": "Point", "coordinates": [2.67868, 41.259102]}, "properties": {"var_data": [0.095, 0.059, 0.002, 0.008, 0.288, 0.0, 1, 1, 1, 1, 1]}}, {"type": "Feature", "geometry": {"type": "Point", "coordinates": [2.71402, 41.259102]}, "properties": {"var_data": [0.058, 0.074, 0.004, 0.009, 0.268, 0.0, 1, 1, 1, 1, 1]}}, {"type": "Feature", "geometry": {"type": "Point", "coordinates": [2.74936, 41.259102]}, "properties": {"var_data": [0.037, 0.076, 0.004, 0.01, 0.283, 0.0, 1, 1, 1, 1, 1]}}, {"type": "Feature", "geometry": {"type": "Point", "coordinates": [2.7847, 41.259102]}, "properties": {"var_data": [0.021, 0.07, 0.003, 0.004, 0.279, 0.0, 1, 1, 1, 1, 1]}}, {"type": "Feature", "geometry": {"type": "Point", "coordinates": [2.82004, 41.259102]}, "properties": {"var_data": [0.031, 0.081, 0.003, 0.004, 0.299, 0.0, 1, 1, 1, 1, 1]}}, {"type": "Feature", "geometry": {"type": "Point", "coordinates": [2.85538, 41.259102]}, "properties": {"var_data": [0.03, 0.079, 0.003, 0.004, 0.331, 0.0, 1, 1, 1, 1, 1]}}, {"type": "Feature", "geometry": {"type": "Point", "coordinates": [2.89072, 41.259102]}, "properties": {"var_data": [0.021, 0.036, 0.003, 0.004, 0.349, 0.0, 1, 1, 1, 1, 1]}}, {"type": "Feature", "geometry": {"type": "Point", "coordinates": [2.92606, 41.259102]}, "properties": {"var_data": [0.015, 0.015, 0.009, 0.008, 0.396, 0.0, 1, 1, 1, 1, 1]}}, {"type": "Feature", "geometry": {"type": "Point", "coordinates": [2.9614, 41.259102]}, "properties": {"var_data": [-0.007, -0.018, 0.026, 0.018, 0.595, 0.0, 1, 1, 1, 1, 1]}}, {"type": "Feature", "geometry": {"type": "Point", "coordinates": [2.99674, 41.259102]}, "properties": {"var_data": [-0.002, -0.004, 0.005, 0.009, 0.46, 0.0, 1, 1, 1, 1, 1]}}, {"type": "Feature", "geometry": {"type": "Point", "coordinates": [3.03208, 41.259102]}, "properties": {"var_data": [0.008, 0.025, 0.006, 0.01, 0.55, 0.0, 1, 1, 1, 1, 1]}}, {"type": "Feature", "geometry": {"type": "Point", "coordinates": [3.06742, 41.259102]}, "properties": {"var_data": [0.031, 0.044, 0.005, 0.005, 0.572, 0.0, 1, 1, 1, 1, 1]}}, {"type": "Feature", "geometry": {"type": "Point", "coordinates": [3.10276, 41.259102]}, "properties": {"var_data": [0.005, 0.017, 0.01, 0.006, 0.61, 0.0, 1, 1, 1, 1, 1]}}, {"type": "Feature", "geometry": {"type": "Point", "coordinates": [3.1381, 41.259102]}, "properties": {"var_data": [-0.049, -0.013, 0.013, 0.007, 0.723, 0.0, 1, 1, 1, 1, 1]}}, {"type": "Feature", "geometry": {"type": "Point", "coordinates": [3.17344, 41.259102]}, "properties": {"var_data": [-0.037, -0.013, 0.011, 0.007, 0.643, 0.0, 1, 1, 1, 1, 1]}}, {"type": "Feature", "geometry": {"type": "Point", "coordinates": [3.20878, 41.259102]}, "properties": {"var_data": [-0.007, -0.026, 0.011, 0.009, 0.736, 0.0, 1, 1, 1, 1, 1]}}, {"type": "Feature", "geometry": {"type": "Point", "coordinates": [3.24412, 41.259102]}, "properties": {"var_data": [-0.014, -0.037, 0.011, 0.012, 0.702, 0.0, 1, 1, 1, 1, 1]}}, {"type": "Feature", "geometry": {"type": "Point", "coordinates": [3.27946, 41.259102]}, "properties": {"var_data": [-0.023, -0.053, 0.012, 0.013, 0.847, 0.0, 1, 1, 1, 1, 1]}}, {"type": "Feature", "geometry": {"type": "Point", "coordinates": [3.3148, 41.259102]}, "properties": {"var_data": [-0.026, -0.046, 0.033, 0.023, 1.195, 0.001, 1, 1, 1, 1, 1]}}, {"type": "Feature", "geometry": {"type": "Point", "coordinates": [2.11324, 41.286098]}, "properties": {"var_data": [0.221, 0.093, 0.004, 0.003, 0.226, -0.0, 1, 1, 1, 1, 1]}}, {"type": "Feature", "geometry": {"type": "Point", "coordinates": [2.14858, 41.286098]}, "properties": {"var_data": [0.207, 0.092, 0.004, 0.003, 0.189, 0.0, 1, 1, 1, 1, 1]}}, {"type": "Feature", "geometry": {"type": "Point", "coordinates": [2.18392, 41.286098]}, "properties": {"var_data": [0.205, 0.082, 0.004, 0.003, 0.176, 0.0, 1, 1, 1, 1, 1]}}, {"type": "Feature", "geometry": {"type": "Point", "coordinates": [2.21926, 41.286098]}, "properties": {"var_data": [0.218, 0.056, 0.003, 0.004, 0.184, 0.0, 1, 1, 1, 1, 1]}}, {"type": "Feature", "geometry": {"type": "Point", "coordinates": [2.2546, 41.286098]}, "properties": {"var_data": [0.209, -0.017, 0.003, 0.005, 0.19, 0.0, 1, 1, 1, 1, 1]}}, {"type": "Feature", "geometry": {"type": "Point", "coordinates": [2.28994, 41.286098]}, "properties": {"var_data": [0.194, -0.09, 0.003, 0.007, 0.211, 0.0, 1, 1, 1, 1, 1]}}, {"type": "Feature", "geometry": {"type": "Point", "coordinates": [2.32528, 41.286098]}, "properties": {"var_data": [0.185, -0.148, 0.003, 0.009, 0.23, 0.0, 1, 1, 1, 1, 1]}}, {"type": "Feature", "geometry": {"type": "Point", "coordinates": [2.36062, 41.286098]}, "properties": {"var_data": [0.174, -0.13, 0.003, 0.01, 0.235, 0.0, 1, 1, 1, 1, 1]}}, {"type": "Feature", "geometry": {"type": "Point", "coordinates": [2.39596, 41.286098]}, "properties": {"var_data": [0.16, -0.113, 0.004, 0.009, 0.241, 0.0, 1, 1, 1, 1, 1]}}, {"type": "Feature", "geometry": {"type": "Point", "coordinates": [2.4313, 41.286098]}, "properties": {"var_data": [0.156, -0.088, 0.003, 0.011, 0.257, 0.0, 1, 1, 1, 1, 1]}}, {"type": "Feature", "geometry": {"type": "Point", "coordinates": [2.46664, 41.286098]}, "properties": {"var_data": [0.153, -0.062, 0.003, 0.005, 0.257, -0.0, 1, 1, 1, 1, 1]}}, {"type": "Feature", "geometry": {"type": "Point", "coordinates": [2.50198, 41.286098]}, "properties": {"var_data": [0.152, -0.045, 0.002, 0.005, 0.294, -0.0, 1, 1, 1, 1, 1]}}, {"type": "Feature", "geometry": {"type": "Point", "coordinates": [2.53732, 41.286098]}, "properties": {"var_data": [0.15, -0.05, 0.003, 0.005, 0.312, -0.0, 1, 1, 1, 1, 1]}}, {"type": "Feature", "geometry": {"type": "Point", "coordinates": [2.57266, 41.286098]}, "properties": {"var_data": [0.135, -0.016, 0.002, 0.006, 0.318, 0.0, 1, 1, 1, 1, 1]}}, {"type": "Feature", "geometry": {"type": "Point", "coordinates": [2.608, 41.286098]}, "properties": {"var_data": [0.11, 0.019, 0.002, 0.006, 0.31, 0.0, 1, 1, 1, 1, 1]}}, {"type": "Feature", "geometry": {"type": "Point", "coordinates": [2.64334, 41.286098]}, "properties": {"var_data": [0.108, 0.056, 0.002, 0.007, 0.314, 0.0, 1, 1, 1, 1, 1]}}, {"type": "Feature", "geometry": {"type": "Point", "coordinates": [2.67868, 41.286098]}, "properties": {"var_data": [0.089, 0.06, 0.002, 0.007, 0.271, 0.0, 1, 1, 1, 1, 1]}}, {"type": "Feature", "geometry": {"type": "Point", "coordinates": [2.71402, 41.286098]}, "properties": {"var_data": [0.048, 0.078, 0.004, 0.01, 0.275, 0.0, 1, 1, 1, 1, 1]}}, {"type": "Feature", "geometry": {"type": "Point", "coordinates": [2.74936, 41.286098]}, "properties": {"var_data": [0.034, 0.075, 0.004, 0.008, 0.273, 0.0, 1, 1, 1, 1, 1]}}, {"type": "Feature", "geometry": {"type": "Point", "coordinates": [2.7847, 41.286098]}, "properties": {"var_data": [0.02, 0.07, 0.004, 0.004, 0.279, -0.0, 1, 1, 1, 1, 1]}}, {"type": "Feature", "geometry": {"type": "Point", "coordinates": [2.82004, 41.286098]}, "properties": {"var_data": [0.018, 0.056, 0.003, 0.004, 0.291, 0.0, 1, 1, 1, 1, 1]}}, {"type": "Feature", "geometry": {"type": "Point", "coordinates": [2.85538, 41.286098]}, "properties": {"var_data": [0.031, 0.047, 0.003, 0.004, 0.307, 0.0, 1, 1, 1, 1, 1]}}, {"type": "Feature", "geometry": {"type": "Point", "coordinates": [2.89072, 41.286098]}, "properties": {"var_data": [0.03, 0.018, 0.003, 0.004, 0.334, 0.0, 1, 1, 1, 1, 1]}}, {"type": "Feature", "geometry": {"type": "Point", "coordinates": [2.92606, 41.286098]}, "properties": {"var_data": [-0.001, 0.004, 0.004, 0.008, 0.386, 0.0, 1, 1, 1, 1, 1]}}, {"type": "Feature", "geometry": {"type": "Point", "coordinates": [2.9614, 41.286098]}, "properties": {"var_data": [-0.024, -0.002, 0.009, 0.008, 0.43, 0.0, 1, 1, 1, 1, 1]}}, {"type": "Feature", "geometry": {"type": "Point", "coordinates": [2.99674, 41.286098]}, "properties": {"var_data": [-0.022, 0.0, 0.008, 0.007, 0.467, 0.0, 1, 1, 1, 1, 1]}}, {"type": "Feature", "geometry": {"type": "Point", "coordinates": [3.03208, 41.286098]}, "properties": {"var_data": [0.039, 0.026, 0.008, 0.009, 0.521, 0.0, 1, 1, 1, 1, 1]}}, {"type": "Feature", "geometry": {"type": "Point", "coordinates": [3.06742, 41.286098]}, "properties": {"var_data": [0.025, 0.018, 0.01, 0.01, 0.666, 0.0, 1, 1, 1, 1, 1]}}, {"type": "Feature", "geometry": {"type": "Point", "coordinates": [3.10276, 41.286098]}, "properties": {"var_data": [0.026, 0.017, 0.009, 0.006, 0.608, 0.0, 1, 1, 1, 1, 1]}}, {"type": "Feature", "geometry": {"type": "Point", "coordinates": [3.1381, 41.286098]}, "properties": {"var_data": [-0.005, -0.007, 0.011, 0.007, 0.615, 0.0, 1, 1, 1, 1, 1]}}, {"type": "Feature", "geometry": {"type": "Point", "coordinates": [3.17344, 41.286098]}, "properties": {"var_data": [-0.047, -0.054, 0.014, 0.012, 0.795, 0.0, 1, 1, 1, 1, 1]}}, {"type": "Feature", "geometry": {"type": "Point", "coordinates": [3.20878, 41.286098]}, "properties": {"var_data": [-0.01, -0.027, 0.011, 0.011, 0.707, 0.0, 1, 1, 1, 1, 1]}}, {"type": "Feature", "geometry": {"type": "Point", "coordinates": [3.24412, 41.286098]}, "properties": {"var_data": [-0.004, -0.015, 0.012, 0.02, 0.771, 0.0, 1, 1, 1, 1, 1]}}, {"type": "Feature", "geometry": {"type": "Point", "coordinates": [3.27946, 41.286098]}, "properties": {"var_data": [0.005, -0.019, 0.012, 0.016, 0.807, 0.0, 1, 1, 1, 1, 1]}}, {"type": "Feature", "geometry": {"type": "Point", "coordinates": [3.3148, 41.286098]}, "properties": {"var_data": [-0.036, -0.056, 0.018, 0.022, 1.012, 0.0, 1, 1, 1, 1, 1]}}, {"type": "Feature", "geometry": {"type": "Point", "coordinates": [3.35014, 41.286098]}, "properties": {"var_data": [-0.096, -0.111, 0.024, 0.024, 0.952, 0.0, 1, 1, 1, 1, 1]}}, {"type": "Feature", "geometry": {"type": "Point", "coordinates": [3.38548, 41.286098]}, "properties": {"var_data": [-0.154, -0.181, 0.047, 0.045, 1.203, 0.002, 1, 1, 1, 1, 1]}}, {"type": "Feature", "geometry": {"type": "Point", "coordinates": [3.42082, 41.286098]}, "properties": {"var_data": [-0.186, -0.241, 0.032, 0.037, 1.191, 0.001, 1, 1, 1, 1, 1]}}, {"type": "Feature", "geometry": {"type": "Point", "coordinates": [3.45616, 41.286098]}, "properties": {"var_data": [-0.097, -0.134, 0.048, 0.079, 1.665, 0.003, 1, 1, 1, 1, 1]}}, {"type": "Feature", "geometry": {"type": "Point", "coordinates": [3.4915, 41.286098]}, "properties": {"var_data": [0.026, 0.006, 0.047, 0.065, 1.565, 0.003, 1, 1, 1, 1, 1]}}, {"type": "Feature", "geometry": {"type": "Point", "coordinates": [2.18392, 41.313099]}, "properties": {"var_data": [0.172, 0.069, 0.005, 0.003, 0.174, 0.0, 1, 1, 1, 1, 1]}}, {"type": "Feature", "geometry": {"type": "Point", "coordinates": [2.21926, 41.313099]}, "properties": {"var_data": [0.196, 0.056, 0.003, 0.006, 0.179, 0.0, 1, 1, 1, 1, 1]}}, {"type": "Feature", "geometry": {"type": "Point", "coordinates": [2.2546, 41.313099]}, "properties": {"var_data": [0.187, -0.016, 0.003, 0.007, 0.208, 0.0, 1, 1, 1, 1, 1]}}, {"type": "Feature", "geometry": {"type": "Point", "coordinates": [2.28994, 41.313099]}, "properties": {"var_data": [0.182, -0.092, 0.003, 0.009, 0.222, 0.0, 1, 1, 1, 1, 1]}}, {"type": "Feature", "geometry": {"type": "Point", "coordinates": [2.32528, 41.313099]}, "properties": {"var_data": [0.164, -0.118, 0.003, 0.008, 0.237, 0.0, 1, 1, 1, 1, 1]}}, {"type": "Feature", "geometry": {"type": "Point", "coordinates": [2.36062, 41.313099]}, "properties": {"var_data": [0.134, -0.117, 0.003, 0.009, 0.254, -0.0, 1, 1, 1, 1, 1]}}, {"type": "Feature", "geometry": {"type": "Point", "coordinates": [2.39596, 41.313099]}, "properties": {"var_data": [0.149, -0.108, 0.003, 0.009, 0.251, -0.0, 1, 1, 1, 1, 1]}}, {"type": "Feature", "geometry": {"type": "Point", "coordinates": [2.4313, 41.313099]}, "properties": {"var_data": [0.147, -0.105, 0.004, 0.006, 0.259, -0.0, 1, 1, 1, 1, 1]}}, {"type": "Feature", "geometry": {"type": "Point", "coordinates": [2.46664, 41.313099]}, "properties": {"var_data": [0.153, -0.066, 0.004, 0.005, 0.264, -0.0, 1, 1, 1, 1, 1]}}, {"type": "Feature", "geometry": {"type": "Point", "coordinates": [2.50198, 41.313099]}, "properties": {"var_data": [0.154, -0.048, 0.004, 0.005, 0.279, -0.0, 1, 1, 1, 1, 1]}}, {"type": "Feature", "geometry": {"type": "Point", "coordinates": [2.53732, 41.313099]}, "properties": {"var_data": [0.14, -0.028, 0.004, 0.005, 0.308, -0.0, 1, 1, 1, 1, 1]}}, {"type": "Feature", "geometry": {"type": "Point", "coordinates": [2.57266, 41.313099]}, "properties": {"var_data": [0.126, -0.007, 0.002, 0.005, 0.292, 0.0, 1, 1, 1, 1, 1]}}, {"type": "Feature", "geometry": {"type": "Point", "coordinates": [2.608, 41.313099]}, "properties": {"var_data": [0.1, 0.028, 0.002, 0.006, 0.309, 0.0, 1, 1, 1, 1, 1]}}, {"type": "Feature", "geometry": {"type": "Point", "coordinates": [2.64334, 41.313099]}, "properties": {"var_data": [0.091, 0.052, 0.002, 0.004, 0.278, 0.0, 1, 1, 1, 1, 1]}}, {"type": "Feature", "geometry": {"type": "Point", "coordinates": [2.67868, 41.313099]}, "properties": {"var_data": [0.076, 0.067, 0.002, 0.004, 0.277, 0.0, 1, 1, 1, 1, 1]}}, {"type": "Feature", "geometry": {"type": "Point", "coordinates": [2.71402, 41.313099]}, "properties": {"var_data": [0.051, 0.072, 0.004, 0.005, 0.276, -0.0, 1, 1, 1, 1, 1]}}, {"type": "Feature", "geometry": {"type": "Point", "coordinates": [2.74936, 41.313099]}, "properties": {"var_data": [0.04, 0.068, 0.004, 0.008, 0.262, 0.0, 1, 1, 1, 1, 1]}}, {"type": "Feature", "geometry": {"type": "Point", "coordinates": [2.7847, 41.313099]}, "properties": {"var_data": [0.031, 0.065, 0.004, 0.007, 0.269, 0.0, 1, 1, 1, 1, 1]}}, {"type": "Feature", "geometry": {"type": "Point", "coordinates": [2.82004, 41.313099]}, "properties": {"var_data": [0.034, 0.051, 0.003, 0.004, 0.278, 0.0, 1, 1, 1, 1, 1]}}, {"type": "Feature", "geometry": {"type": "Point", "coordinates": [2.85538, 41.313099]}, "properties": {"var_data": [0.052, 0.04, 0.003, 0.004, 0.297, 0.0, 1, 1, 1, 1, 1]}}, {"type": "Feature", "geometry": {"type": "Point", "coordinates": [2.89072, 41.313099]}, "properties": {"var_data": [0.025, 0.026, 0.004, 0.007, 0.315, 0.0, 1, 1, 1, 1, 1]}}, {"type": "Feature", "geometry": {"type": "Point", "coordinates": [2.92606, 41.313099]}, "properties": {"var_data": [0.005, 0.026, 0.004, 0.007, 0.326, 0.0, 1, 1, 1, 1, 1]}}, {"type": "Feature", "geometry": {"type": "Point", "coordinates": [2.9614, 41.313099]}, "properties": {"var_data": [-0.004, 0.023, 0.009, 0.007, 0.377, 0.0, 1, 1, 1, 1, 1]}}, {"type": "Feature", "geometry": {"type": "Point", "coordinates": [2.99674, 41.313099]}, "properties": {"var_data": [0.009, 0.019, 0.008, 0.007, 0.43, 0.0, 1, 1, 1, 1, 1]}}, {"type": "Feature", "geometry": {"type": "Point", "coordinates": [3.03208, 41.313099]}, "properties": {"var_data": [0.045, 0.027, 0.007, 0.01, 0.467, 0.0, 1, 1, 1, 1, 1]}}, {"type": "Feature", "geometry": {"type": "Point", "coordinates": [3.06742, 41.313099]}, "properties": {"var_data": [0.043, 0.025, 0.007, 0.011, 0.545, 0.0, 1, 1, 1, 1, 1]}}, {"type": "Feature", "geometry": {"type": "Point", "coordinates": [3.10276, 41.313099]}, "properties": {"var_data": [0.038, 0.002, 0.009, 0.009, 0.585, 0.0, 1, 1, 1, 1, 1]}}, {"type": "Feature", "geometry": {"type": "Point", "coordinates": [3.1381, 41.313099]}, "properties": {"var_data": [0.044, -0.002, 0.017, 0.014, 0.842, 0.0, 1, 1, 1, 1, 1]}}, {"type": "Feature", "geometry": {"type": "Point", "coordinates": [3.17344, 41.313099]}, "properties": {"var_data": [0.052, 0.024, 0.013, 0.01, 0.639, 0.0, 1, 1, 1, 1, 1]}}, {"type": "Feature", "geometry": {"type": "Point", "coordinates": [3.20878, 41.313099]}, "properties": {"var_data": [0.092, 0.034, 0.011, 0.01, 0.625, 0.0, 1, 1, 1, 1, 1]}}, {"type": "Feature", "geometry": {"type": "Point", "coordinates": [3.24412, 41.313099]}, "properties": {"var_data": [0.061, -0.005, 0.015, 0.019, 0.842, 0.0, 1, 1, 1, 1, 1]}}, {"type": "Feature", "geometry": {"type": "Point", "coordinates": [3.27946, 41.313099]}, "properties": {"var_data": [0.08, 0.046, 0.016, 0.021, 0.732, 0.0, 1, 1, 1, 1, 1]}}, {"type": "Feature", "geometry": {"type": "Point", "coordinates": [3.3148, 41.313099]}, "properties": {"var_data": [0.037, 0.029, 0.018, 0.026, 0.757, 0.0, 1, 1, 1, 1, 1]}}, {"type": "Feature", "geometry": {"type": "Point", "coordinates": [3.35014, 41.313099]}, "properties": {"var_data": [-0.174, -0.189, 0.035, 0.038, 1.272, 0.001, 1, 1, 1, 1, 1]}}, {"type": "Feature", "geometry": {"type": "Point", "coordinates": [3.38548, 41.313099]}, "properties": {"var_data": [-0.144, -0.152, 0.048, 0.049, 1.195, 0.002, 1, 1, 1, 1, 1]}}, {"type": "Feature", "geometry": {"type": "Point", "coordinates": [3.42082, 41.313099]}, "properties": {"var_data": [-0.029, 0.005, 0.026, 0.03, 0.823, 0.001, 1, 1, 1, 1, 1]}}, {"type": "Feature", "geometry": {"type": "Point", "coordinates": [3.45616, 41.313099]}, "properties": {"var_data": [-0.189, -0.249, 0.037, 0.052, 1.569, 0.002, 1, 1, 1, 1, 1]}}, {"type": "Feature", "geometry": {"type": "Point", "coordinates": [3.4915, 41.313099]}, "properties": {"var_data": [-0.033, -0.059, 0.048, 0.067, 1.692, 0.003, 1, 1, 1, 1, 1]}}, {"type": "Feature", "geometry": {"type": "Point", "coordinates": [3.52684, 41.313099]}, "properties": {"var_data": [0.343, 0.409, 0.132, 0.174, 2.788, 0.023, 4, 1, 4, 1, 1]}}, {"type": "Feature", "geometry": {"type": "Point", "coordinates": [3.56218, 41.313099]}, "properties": {"var_data": [0.343, 0.407, 0.131, 0.173, 2.776, 0.023, 4, 1, 4, 1, 1]}}, {"type": "Feature", "geometry": {"type": "Point", "coordinates": [2.18392, 41.340099]}, "properties": {"var_data": [0.169, 0.07, 0.005, 0.004, 0.192, 0.0, 1, 1, 1, 1, 1]}}, {"type": "Feature", "geometry": {"type": "Point", "coordinates": [2.21926, 41.340099]}, "properties": {"var_data": [0.183, 0.055, 0.004, 0.006, 0.188, -0.0, 1, 1, 1, 1, 1]}}, {"type": "Feature", "geometry": {"type": "Point", "coordinates": [2.2546, 41.340099]}, "properties": {"var_data": [0.184, -0.032, 0.004, 0.008, 0.225, -0.0, 1, 1, 1, 1, 1]}}, {"type": "Feature", "geometry": {"type": "Point", "coordinates": [2.28994, 41.340099]}, "properties": {"var_data": [0.184, -0.087, 0.003, 0.007, 0.243, -0.0, 1, 1, 1, 1, 1]}}, {"type": "Feature", "geometry": {"type": "Point", "coordinates": [2.32528, 41.340099]}, "properties": {"var_data": [0.161, -0.104, 0.003, 0.008, 0.258, -0.0, 1, 1, 1, 1, 1]}}, {"type": "Feature", "geometry": {"type": "Point", "coordinates": [2.36062, 41.340099]}, "properties": {"var_data": [0.129, -0.112, 0.003, 0.008, 0.267, -0.0, 1, 1, 1, 1, 1]}}, {"type": "Feature", "geometry": {"type": "Point", "coordinates": [2.39596, 41.340099]}, "properties": {"var_data": [0.133, -0.112, 0.003, 0.008, 0.258, -0.0, 1, 1, 1, 1, 1]}}, {"type": "Feature", "geometry": {"type": "Point", "coordinates": [2.4313, 41.340099]}, "properties": {"var_data": [0.128, -0.107, 0.005, 0.009, 0.268, -0.0, 1, 1, 1, 1, 1]}}, {"type": "Feature", "geometry": {"type": "Point", "coordinates": [2.46664, 41.340099]}, "properties": {"var_data": [0.137, -0.087, 0.005, 0.005, 0.27, -0.0, 1, 1, 1, 1, 1]}}, {"type": "Feature", "geometry": {"type": "Point", "coordinates": [2.50198, 41.340099]}, "properties": {"var_data": [0.148, -0.052, 0.004, 0.005, 0.306, -0.0, 1, 1, 1, 1, 1]}}, {"type": "Feature", "geometry": {"type": "Point", "coordinates": [2.53732, 41.340099]}, "properties": {"var_data": [0.132, -0.028, 0.004, 0.005, 0.313, -0.0, 1, 1, 1, 1, 1]}}, {"type": "Feature", "geometry": {"type": "Point", "coordinates": [2.57266, 41.340099]}, "properties": {"var_data": [0.119, 0.002, 0.005, 0.007, 0.31, -0.0, 1, 1, 1, 1, 1]}}, {"type": "Feature", "geometry": {"type": "Point", "coordinates": [2.608, 41.340099]}, "properties": {"var_data": [0.094, 0.037, 0.005, 0.004, 0.279, -0.0, 1, 1, 1, 1, 1]}}, {"type": "Feature", "geometry": {"type": "Point", "coordinates": [2.64334, 41.340099]}, "properties": {"var_data": [0.085, 0.06, 0.004, 0.004, 0.263, -0.0, 1, 1, 1, 1, 1]}}, {"type": "Feature", "geometry": {"type": "Point", "coordinates": [2.67868, 41.340099]}, "properties": {"var_data": [0.077, 0.079, 0.005, 0.004, 0.261, -0.0, 1, 1, 1, 1, 1]}}, {"type": "Feature", "geometry": {"type": "Point", "coordinates": [2.71402, 41.340099]}, "properties": {"var_data": [0.06, 0.089, 0.005, 0.005, 0.263, -0.0, 1, 1, 1, 1, 1]}}, {"type": "Feature", "geometry": {"type": "Point", "coordinates": [2.74936, 41.340099]}, "properties": {"var_data": [0.055, 0.087, 0.004, 0.008, 0.256, 0.0, 1, 1, 1, 1, 1]}}, {"type": "Feature", "geometry": {"type": "Point", "coordinates": [2.7847, 41.340099]}, "properties": {"var_data": [0.052, 0.079, 0.004, 0.008, 0.257, 0.0, 1, 1, 1, 1, 1]}}, {"type": "Feature", "geometry": {"type": "Point", "coordinates": [2.82004, 41.340099]}, "properties": {"var_data": [0.066, 0.071, 0.004, 0.006, 0.272, 0.0, 1, 1, 1, 1, 1]}}, {"type": "Feature", "geometry": {"type": "Point", "coordinates": [2.85538, 41.340099]}, "properties": {"var_data": [0.058, 0.059, 0.003, 0.006, 0.279, 0.0, 1, 1, 1, 1, 1]}}, {"type": "Feature", "geometry": {"type": "Point", "coordinates": [2.89072, 41.340099]}, "properties": {"var_data": [0.034, 0.042, 0.004, 0.006, 0.302, 0.0, 1, 1, 1, 1, 1]}}, {"type": "Feature", "geometry": {"type": "Point", "coordinates": [2.92606, 41.340099]}, "properties": {"var_data": [0.019, 0.038, 0.007, 0.004, 0.319, 0.0, 1, 1, 1, 1, 1]}}, {"type": "Feature", "geometry": {"type": "Point", "coordinates": [2.9614, 41.340099]}, "properties": {"var_data": [0.01, 0.034, 0.007, 0.004, 0.366, 0.0, 1, 1, 1, 1, 1]}}, {"type": "Feature", "geometry": {"type": "Point", "coordinates": [2.99674, 41.340099]}, "properties": {"var_data": [0.016, 0.033, 0.009, 0.004, 0.446, 0.0, 1, 1, 1, 1, 1]}}, {"type": "Feature", "geometry": {"type": "Point", "coordinates": [3.03208, 41.340099]}, "properties": {"var_data": [0.066, 0.058, 0.007, 0.009, 0.46, 0.0, 1, 1, 1, 1, 1]}}, {"type": "Feature", "geometry": {"type": "Point", "coordinates": [3.06742, 41.340099]}, "properties": {"var_data": [0.122, 0.066, 0.012, 0.011, 0.555, 0.0, 1, 1, 1, 1, 1]}}, {"type": "Feature", "geometry": {"type": "Point", "coordinates": [3.10276, 41.340099]}, "properties": {"var_data": [0.083, 0.058, 0.011, 0.015, 0.568, 0.0, 1, 1, 1, 1, 1]}}, {"type": "Feature", "geometry": {"type": "Point", "coordinates": [3.1381, 41.340099]}, "properties": {"var_data": [0.089, 0.059, 0.01, 0.012, 0.494, 0.0, 1, 1, 1, 1, 1]}}, {"type": "Feature", "geometry": {"type": "Point", "coordinates": [3.17344, 41.340099]}, "properties": {"var_data": [0.105, 0.069, 0.013, 0.011, 0.497, 0.0, 1, 1, 1, 1, 1]}}, {"type": "Feature", "geometry": {"type": "Point", "coordinates": [3.20878, 41.340099]}, "properties": {"var_data": [0.102, 0.075, 0.011, 0.011, 0.518, 0.0, 1, 1, 1, 1, 1]}}, {"type": "Feature", "geometry": {"type": "Point", "coordinates": [3.24412, 41.340099]}, "properties": {"var_data": [0.116, 0.073, 0.011, 0.011, 0.531, 0.0, 1, 1, 1, 1, 1]}}, {"type": "Feature", "geometry": {"type": "Point", "coordinates": [3.27946, 41.340099]}, "properties": {"var_data": [0.114, 0.062, 0.012, 0.012, 0.593, 0.0, 1, 1, 1, 1, 1]}}, {"type": "Feature", "geometry": {"type": "Point", "coordinates": [3.3148, 41.340099]}, "properties": {"var_data": [0.073, 0.053, 0.018, 0.015, 0.655, 0.0, 1, 1, 1, 1, 1]}}, {"type": "Feature", "geometry": {"type": "Point", "coordinates": [3.35014, 41.340099]}, "properties": {"var_data": [0.069, 0.051, 0.023, 0.021, 0.647, 0.0, 1, 1, 1, 1, 1]}}, {"type": "Feature", "geometry": {"type": "Point", "coordinates": [3.38548, 41.340099]}, "properties": {"var_data": [0.035, 0.067, 0.026, 0.026, 0.701, 0.001, 1, 1, 1, 1, 1]}}, {"type": "Feature", "geometry": {"type": "Point", "coordinates": [3.42082, 41.340099]}, "properties": {"var_data": [0.025, 0.09, 0.032, 0.032, 0.714, 0.001, 1, 1, 1, 1, 1]}}, {"type": "Feature", "geometry": {"type": "Point", "coordinates": [3.45616, 41.340099]}, "properties": {"var_data": [0.011, 0.101, 0.028, 0.031, 0.763, 0.001, 1, 1, 1, 1, 1]}}, {"type": "Feature", "geometry": {"type": "Point", "coordinates": [3.52684, 41.340099]}, "properties": {"var_data": [-0.033, 0.009, 0.012, 0.009, 1.276, 0.0, 1, 1, 1, 1, 1]}}, {"type": "Feature", "geometry": {"type": "Point", "coordinates": [2.21926, 41.3671]}, "properties": {"var_data": [0.176, 0.027, 0.005, 0.008, 0.263, -0.0, 1, 1, 1, 1, 1]}}, {"type": "Feature", "geometry": {"type": "Point", "coordinates": [2.2546, 41.3671]}, "properties": {"var_data": [0.191, -0.05, 0.007, 0.012, 0.291, -0.0, 1, 1, 1, 1, 1]}}, {"type": "Feature", "geometry": {"type": "Point", "coordinates": [2.28994, 41.3671]}, "properties": {"var_data": [0.164, -0.094, 0.003, 0.008, 0.31, -0.0, 1, 1, 1, 1, 1]}}, {"type": "Feature", "geometry": {"type": "Point", "coordinates": [2.32528, 41.3671]}, "properties": {"var_data": [0.13, -0.081, 0.003, 0.009, 0.303, -0.0, 1, 1, 1, 1, 1]}}, {"type": "Feature", "geometry": {"type": "Point", "coordinates": [2.36062, 41.3671]}, "properties": {"var_data": [0.132, -0.103, 0.004, 0.009, 0.311, -0.0, 1, 1, 1, 1, 1]}}, {"type": "Feature", "geometry": {"type": "Point", "coordinates": [2.39596, 41.3671]}, "properties": {"var_data": [0.148, -0.122, 0.005, 0.009, 0.28, -0.0, 1, 1, 1, 1, 1]}}, {"type": "Feature", "geometry": {"type": "Point", "coordinates": [2.4313, 41.3671]}, "properties": {"var_data": [0.141, -0.105, 0.005, 0.008, 0.277, -0.0, 1, 1, 1, 1, 1]}}, {"type": "Feature", "geometry": {"type": "Point", "coordinates": [2.46664, 41.3671]}, "properties": {"var_data": [0.143, -0.086, 0.005, 0.007, 0.282, -0.0, 1, 1, 1, 1, 1]}}, {"type": "Feature", "geometry": {"type": "Point", "coordinates": [2.50198, 41.3671]}, "properties": {"var_data": [0.159, -0.07, 0.006, 0.007, 0.296, -0.0, 1, 1, 1, 1, 1]}}, {"type": "Feature", "geometry": {"type": "Point", "coordinates": [2.53732, 41.3671]}, "properties": {"var_data": [0.127, 0.023, 0.006, 0.008, 0.326, -0.0, 1, 1, 1, 1, 1]}}, {"type": "Feature", "geometry": {"type": "Point", "coordinates": [2.57266, 41.3671]}, "properties": {"var_data": [0.099, 0.073, 0.006, 0.006, 0.285, -0.0, 1, 1, 1, 1, 1]}}, {"type": "Feature", "geometry": {"type": "Point", "coordinates": [2.608, 41.3671]}, "properties": {"var_data": [0.094, 0.085, 0.005, 0.004, 0.273, -0.0, 1, 1, 1, 1, 1]}}, {"type": "Feature", "geometry": {"type": "Point", "coordinates": [2.64334, 41.3671]}, "properties": {"var_data": [0.092, 0.104, 0.006, 0.004, 0.262, -0.0, 1, 1, 1, 1, 1]}}, {"type": "Feature", "geometry": {"type": "Point", "coordinates": [2.67868, 41.3671]}, "properties": {"var_data": [0.1, 0.105, 0.005, 0.004, 0.264, -0.0, 1, 1, 1, 1, 1]}}, {"type": "Feature", "geometry": {"type": "Point", "coordinates": [2.71402, 41.3671]}, "properties": {"var_data": [0.099, 0.1, 0.005, 0.004, 0.271, -0.0, 1, 1, 1, 1, 1]}}, {"type": "Feature", "geometry": {"type": "Point", "coordinates": [2.74936, 41.3671]}, "properties": {"var_data": [0.111, 0.105, 0.007, 0.009, 0.262, 0.0, 1, 1, 1, 1, 1]}}, {"type": "Feature", "geometry": {"type": "Point", "coordinates": [2.7847, 41.3671]}, "properties": {"var_data": [0.114, 0.097, 0.007, 0.007, 0.274, -0.0, 1, 1, 1, 1, 1]}}, {"type": "Feature", "geometry": {"type": "Point", "coordinates": [2.82004, 41.3671]}, "properties": {"var_data": [0.091, 0.09, 0.009, 0.006, 0.271, 0.0, 1, 1, 1, 1, 1]}}, {"type": "Feature", "geometry": {"type": "Point", "coordinates": [2.85538, 41.3671]}, "properties": {"var_data": [0.085, 0.068, 0.009, 0.006, 0.282, 0.0, 1, 1, 1, 1, 1]}}, {"type": "Feature", "geometry": {"type": "Point", "coordinates": [2.89072, 41.3671]}, "properties": {"var_data": [0.062, 0.041, 0.007, 0.005, 0.302, 0.0, 1, 1, 1, 1, 1]}}, {"type": "Feature", "geometry": {"type": "Point", "coordinates": [2.92606, 41.3671]}, "properties": {"var_data": [0.055, 0.03, 0.007, 0.004, 0.324, 0.0, 1, 1, 1, 1, 1]}}, {"type": "Feature", "geometry": {"type": "Point", "coordinates": [2.9614, 41.3671]}, "properties": {"var_data": [0.046, 0.041, 0.006, 0.004, 0.353, 0.0, 1, 1, 1, 1, 1]}}, {"type": "Feature", "geometry": {"type": "Point", "coordinates": [2.99674, 41.3671]}, "properties": {"var_data": [0.044, 0.042, 0.007, 0.004, 0.39, 0.0, 1, 1, 1, 1, 1]}}, {"type": "Feature", "geometry": {"type": "Point", "coordinates": [3.03208, 41.3671]}, "properties": {"var_data": [0.11, 0.05, 0.006, 0.004, 0.403, 0.0, 1, 1, 1, 1, 1]}}, {"type": "Feature", "geometry": {"type": "Point", "coordinates": [3.06742, 41.3671]}, "properties": {"var_data": [0.12, 0.071, 0.007, 0.01, 0.422, 0.0, 1, 1, 1, 1, 1]}}, {"type": "Feature", "geometry": {"type": "Point", "coordinates": [3.10276, 41.3671]}, "properties": {"var_data": [0.097, 0.074, 0.01, 0.012, 0.441, 0.0, 1, 1, 1, 1, 1]}}, {"type": "Feature", "geometry": {"type": "Point", "coordinates": [3.1381, 41.3671]}, "properties": {"var_data": [0.092, 0.073, 0.01, 0.01, 0.421, 0.0, 1, 1, 1, 1, 1]}}, {"type": "Feature", "geometry": {"type": "Point", "coordinates": [3.17344, 41.3671]}, "properties": {"var_data": [0.116, 0.087, 0.012, 0.01, 0.446, 0.0, 1, 1, 1, 1, 1]}}, {"type": "Feature", "geometry": {"type": "Point", "coordinates": [3.20878, 41.3671]}, "properties": {"var_data": [0.108, 0.089, 0.012, 0.01, 0.477, 0.0, 1, 1, 1, 1, 1]}}, {"type": "Feature", "geometry": {"type": "Point", "coordinates": [3.24412, 41.3671]}, "properties": {"var_data": [0.119, 0.085, 0.011, 0.009, 0.453, 0.0, 1, 1, 1, 1, 1]}}, {"type": "Feature", "geometry": {"type": "Point", "coordinates": [3.27946, 41.3671]}, "properties": {"var_data": [0.103, 0.058, 0.01, 0.007, 0.575, 0.0, 1, 1, 1, 1, 1]}}, {"type": "Feature", "geometry": {"type": "Point", "coordinates": [3.3148, 41.3671]}, "properties": {"var_data": [0.095, 0.051, 0.01, 0.007, 0.598, 0.0, 1, 1, 1, 1, 1]}}, {"type": "Feature", "geometry": {"type": "Point", "coordinates": [3.35014, 41.3671]}, "properties": {"var_data": [0.121, 0.076, 0.01, 0.007, 0.54, 0.0, 1, 1, 1, 1, 1]}}, {"type": "Feature", "geometry": {"type": "Point", "coordinates": [3.38548, 41.3671]}, "properties": {"var_data": [0.148, 0.104, 0.032, 0.029, 0.797, 0.001, 1, 1, 1, 1, 1]}}, {"type": "Feature", "geometry": {"type": "Point", "coordinates": [3.42082, 41.3671]}, "properties": {"var_data": [0.203, 0.129, 0.041, 0.029, 0.966, 0.001, 1, 1, 1, 1, 1]}}, {"type": "Feature", "geometry": {"type": "Point", "coordinates": [3.45616, 41.3671]}, "properties": {"var_data": [0.036, 0.1, 0.017, 0.009, 1.177, 0.0, 1, 1, 1, 1, 1]}}, {"type": "Feature", "geometry": {"type": "Point", "coordinates": [3.4915, 41.3671]}, "properties": {"var_data": [-0.06, 0.029, 0.013, 0.009, 1.276, 0.0, 1, 1, 1, 1, 1]}}, {"type": "Feature", "geometry": {"type": "Point", "coordinates": [3.52684, 41.3671]}, "properties": {"var_data": [-0.029, 0.035, 0.012, 0.009, 1.126, 0.0, 1, 1, 1, 1, 1]}}, {"type": "Feature", "geometry": {"type": "Point", "coordinates": [3.56218, 41.3671]}, "properties": {"var_data": [0.073, 0.054, 0.015, 0.009, 1.277, 0.0, 1, 1, 1, 1, 1]}}, {"type": "Feature", "geometry": {"type": "Point", "coordinates": [3.59752, 41.3671]}, "properties": {"var_data": [0.21, 0.268, 0.045, 0.058, 1.121, 0.003, 1, 1, 1, 1, 1]}}, {"type": "Feature", "geometry": {"type": "Point", "coordinates": [3.63286, 41.3671]}, "properties": {"var_data": [0.189, 0.263, 0.049, 0.058, 1.201, 0.003, 1, 1, 1, 1, 1]}}, {"type": "Feature", "geometry": {"type": "Point", "coordinates": [3.6682, 41.3671]}, "properties": {"var_data": [0.125, 0.247, 0.136, 0.067, 1.648, 0.007, 1, 1, 1, 1, 1]}}, {"type": "Feature", "geometry": {"type": "Point", "coordinates": [2.21926, 41.3941]}, "properties": {"var_data": [0.197, -0.029, 0.012, 0.019, 0.454, -0.0, 1, 1, 1, 1, 1]}}, {"type": "Feature", "geometry": {"type": "Point", "coordinates": [2.2546, 41.3941]}, "properties": {"var_data": [0.175, -0.038, 0.009, 0.014, 0.398, -0.0, 1, 1, 1, 1, 1]}}, {"type": "Feature", "geometry": {"type": "Point", "coordinates": [2.28994, 41.3941]}, "properties": {"var_data": [0.132, -0.039, 0.008, 0.013, 0.407, -0.0, 1, 1, 1, 1, 1]}}, {"type": "Feature", "geometry": {"type": "Point", "coordinates": [2.32528, 41.3941]}, "properties": {"var_data": [0.144, -0.072, 0.007, 0.011, 0.361, -0.0, 1, 1, 1, 1, 1]}}, {"type": "Feature", "geometry": {"type": "Point", "coordinates": [2.36062, 41.3941]}, "properties": {"var_data": [0.134, -0.073, 0.007, 0.012, 0.325, -0.0, 1, 1, 1, 1, 1]}}, {"type": "Feature", "geometry": {"type": "Point", "coordinates": [2.39596, 41.3941]}, "properties": {"var_data": [0.15, -0.086, 0.007, 0.011, 0.309, -0.0, 1, 1, 1, 1, 1]}}, {"type": "Feature", "geometry": {"type": "Point", "coordinates": [2.4313, 41.3941]}, "properties": {"var_data": [0.173, -0.092, 0.006, 0.009, 0.272, -0.0, 1, 1, 1, 1, 1]}}, {"type": "Feature", "geometry": {"type": "Point", "coordinates": [2.46664, 41.3941]}, "properties": {"var_data": [0.176, -0.08, 0.006, 0.006, 0.275, -0.0, 1, 1, 1, 1, 1]}}, {"type": "Feature", "geometry": {"type": "Point", "coordinates": [2.50198, 41.3941]}, "properties": {"var_data": [0.17, -0.054, 0.006, 0.007, 0.295, -0.0, 1, 1, 1, 1, 1]}}, {"type": "Feature", "geometry": {"type": "Point", "coordinates": [2.53732, 41.3941]}, "properties": {"var_data": [0.132, 0.018, 0.006, 0.002, 0.281, 0.0, 1, 1, 1, 1, 1]}}, {"type": "Feature", "geometry": {"type": "Point", "coordinates": [2.57266, 41.3941]}, "properties": {"var_data": [0.125, 0.081, 0.006, 0.002, 0.264, 0.0, 1, 1, 1, 1, 1]}}, {"type": "Feature", "geometry": {"type": "Point", "coordinates": [2.608, 41.3941]}, "properties": {"var_data": [0.117, 0.11, 0.006, 0.006, 0.245, -0.0, 1, 1, 1, 1, 1]}}, {"type": "Feature", "geometry": {"type": "Point", "coordinates": [2.64334, 41.3941]}, "properties": {"var_data": [0.121, 0.12, 0.006, 0.004, 0.241, -0.0, 1, 1, 1, 1, 1]}}, {"type": "Feature", "geometry": {"type": "Point", "coordinates": [2.67868, 41.3941]}, "properties": {"var_data": [0.129, 0.108, 0.005, 0.004, 0.253, -0.0, 1, 1, 1, 1, 1]}}, {"type": "Feature", "geometry": {"type": "Point", "coordinates": [2.71402, 41.3941]}, "properties": {"var_data": [0.144, 0.105, 0.005, 0.005, 0.246, -0.0, 1, 1, 1, 1, 1]}}, {"type": "Feature", "geometry": {"type": "Point", "coordinates": [2.74936, 41.3941]}, "properties": {"var_data": [0.135, 0.102, 0.006, 0.006, 0.246, -0.0, 1, 1, 1, 1, 1]}}, {"type": "Feature", "geometry": {"type": "Point", "coordinates": [2.7847, 41.3941]}, "properties": {"var_data": [0.129, 0.099, 0.006, 0.006, 0.249, -0.0, 1, 1, 1, 1, 1]}}, {"type": "Feature", "geometry": {"type": "Point", "coordinates": [2.82004, 41.3941]}, "properties": {"var_data": [0.119, 0.098, 0.009, 0.007, 0.264, -0.0, 1, 1, 1, 1, 1]}}, {"type": "Feature", "geometry": {"type": "Point", "coordinates": [2.85538, 41.3941]}, "properties": {"var_data": [0.123, 0.078, 0.007, 0.006, 0.27, 0.0, 1, 1, 1, 1, 1]}}, {"type": "Feature", "geometry": {"type": "Point", "coordinates": [2.89072, 41.3941]}, "properties": {"var_data": [0.098, 0.049, 0.006, 0.005, 0.288, 0.0, 1, 1, 1, 1, 1]}}, {"type": "Feature", "geometry": {"type": "Point", "coordinates": [2.92606, 41.3941]}, "properties": {"var_data": [0.068, 0.035, 0.008, 0.004, 0.315, 0.0, 1, 1, 1, 1, 1]}}, {"type": "Feature", "geometry": {"type": "Point", "coordinates": [2.9614, 41.3941]}, "properties": {"var_data": [0.093, 0.031, 0.006, 0.004, 0.337, 0.0, 1, 1, 1, 1, 1]}}, {"type": "Feature", "geometry": {"type": "Point", "coordinates": [2.99674, 41.3941]}, "properties": {"var_data": [0.116, 0.044, 0.006, 0.004, 0.379, 0.0, 1, 1, 1, 1, 1]}}, {"type": "Feature", "geometry": {"type": "Point", "coordinates": [3.03208, 41.3941]}, "properties": {"var_data": [0.119, 0.071, 0.006, 0.004, 0.386, 0.0, 1, 1, 1, 1, 1]}}, {"type": "Feature", "geometry": {"type": "Point", "coordinates": [3.06742, 41.3941]}, "properties": {"var_data": [0.092, 0.075, 0.006, 0.008, 0.379, 0.0, 1, 1, 1, 1, 1]}}, {"type": "Feature", "geometry": {"type": "Point", "coordinates": [3.10276, 41.3941]}, "properties": {"var_data": [0.102, 0.075, 0.008, 0.008, 0.376, 0.0, 1, 1, 1, 1, 1]}}, {"type": "Feature", "geometry": {"type": "Point", "coordinates": [3.1381, 41.3941]}, "properties": {"var_data": [0.103, 0.082, 0.01, 0.008, 0.347, 0.0, 1, 1, 1, 1, 1]}}, {"type": "Feature", "geometry": {"type": "Point", "coordinates": [3.17344, 41.3941]}, "properties": {"var_data": [0.098, 0.087, 0.01, 0.01, 0.398, 0.0, 1, 1, 1, 1, 1]}}, {"type": "Feature", "geometry": {"type": "Point", "coordinates": [3.20878, 41.3941]}, "properties": {"var_data": [0.108, 0.092, 0.01, 0.01, 0.418, 0.0, 1, 1, 1, 1, 1]}}, {"type": "Feature", "geometry": {"type": "Point", "coordinates": [3.24412, 41.3941]}, "properties": {"var_data": [0.104, 0.069, 0.009, 0.006, 0.407, 0.0, 1, 1, 1, 1, 1]}}, {"type": "Feature", "geometry": {"type": "Point", "coordinates": [3.27946, 41.3941]}, "properties": {"var_data": [0.103, 0.055, 0.008, 0.006, 0.504, 0.0, 1, 1, 1, 1, 1]}}, {"type": "Feature", "geometry": {"type": "Point", "coordinates": [3.3148, 41.3941]}, "properties": {"var_data": [0.113, 0.058, 0.008, 0.006, 0.589, 0.0, 1, 1, 1, 1, 1]}}, {"type": "Feature", "geometry": {"type": "Point", "coordinates": [3.35014, 41.3941]}, "properties": {"var_data": [0.14, 0.076, 0.008, 0.007, 0.595, 0.0, 1, 1, 1, 1, 1]}}, {"type": "Feature", "geometry": {"type": "Point", "coordinates": [3.38548, 41.3941]}, "properties": {"var_data": [0.183, 0.112, 0.022, 0.022, 0.781, 0.0, 1, 1, 1, 1, 1]}}, {"type": "Feature", "geometry": {"type": "Point", "coordinates": [3.42082, 41.3941]}, "properties": {"var_data": [0.25, 0.119, 0.102, 0.025, 1.563, 0.002, 1, 1, 1, 1, 1]}}, {"type": "Feature", "geometry": {"type": "Point", "coordinates": [3.45616, 41.3941]}, "properties": {"var_data": [0.017, 0.077, 0.017, 0.009, 1.096, 0.0, 1, 1, 1, 1, 1]}}, {"type": "Feature", "geometry": {"type": "Point", "coordinates": [3.4915, 41.3941]}, "properties": {"var_data": [-0.231, -0.004, 0.017, 0.009, 1.646, 0.0, 1, 1, 1, 1, 1]}}, {"type": "Feature", "geometry": {"type": "Point", "coordinates": [3.52684, 41.3941]}, "properties": {"var_data": [-0.06, 0.029, 0.013, 0.009, 1.276, 0.0, 1, 1, 1, 1, 1]}}, {"type": "Feature", "geometry": {"type": "Point", "coordinates": [3.56218, 41.3941]}, "properties": {"var_data": [0.02, 0.125, 0.012, 0.009, 1.041, 0.0, 1, 1, 1, 1, 1]}}, {"type": "Feature", "geometry": {"type": "Point", "coordinates": [3.59752, 41.3941]}, "properties": {"var_data": [0.175, 0.237, 0.026, 0.029, 1.112, 0.001, 1, 1, 1, 1, 1]}}, {"type": "Feature", "geometry": {"type": "Point", "coordinates": [3.63286, 41.3941]}, "properties": {"var_data": [0.14, 0.229, 0.073, 0.034, 1.149, 0.002, 1, 1, 1, 1, 1]}}, {"type": "Feature", "geometry": {"type": "Point", "coordinates": [3.6682, 41.3941]}, "properties": {"var_data": [0.125, 0.247, 0.136, 0.067, 1.648, 0.007, 1, 1, 1, 1, 1]}}, {"type": "Feature", "geometry": {"type": "Point", "coordinates": [3.70354, 41.3941]}, "properties": {"var_data": [0.125, 0.247, 0.138, 0.078, 1.805, 0.008, 4, 1, 1, 4, 1]}}, {"type": "Feature", "geometry": {"type": "Point", "coordinates": [2.2546, 41.421101]}, "properties": {"var_data": [0.055, 0.116, 0.015, 0.021, 0.712, -0.0, 1, 1, 1, 1, 1]}}, {"type": "Feature", "geometry": {"type": "Point", "coordinates": [2.28994, 41.421101]}, "properties": {"var_data": [0.078, 0.058, 0.013, 0.019, 0.586, -0.0, 1, 1, 1, 1, 1]}}, {"type": "Feature", "geometry": {"type": "Point", "coordinates": [2.32528, 41.421101]}, "properties": {"var_data": [0.108, 0.046, 0.012, 0.017, 0.474, -0.0, 1, 1, 1, 1, 1]}}, {"type": "Feature", "geometry": {"type": "Point", "coordinates": [2.36062, 41.421101]}, "properties": {"var_data": [0.16, -0.003, 0.011, 0.015, 0.4, -0.0, 1, 1, 1, 1, 1]}}, {"type": "Feature", "geometry": {"type": "Point", "coordinates": [2.39596, 41.421101]}, "properties": {"var_data": [0.208, -0.037, 0.012, 0.014, 0.346, -0.0, 1, 1, 1, 1, 1]}}, {"type": "Feature", "geometry": {"type": "Point", "coordinates": [2.4313, 41.421101]}, "properties": {"var_data": [0.218, -0.051, 0.008, 0.009, 0.29, -0.0, 1, 1, 1, 1, 1]}}, {"type": "Feature", "geometry": {"type": "Point", "coordinates": [2.46664, 41.421101]}, "properties": {"var_data": [0.21, -0.048, 0.008, 0.008, 0.287, -0.0, 1, 1, 1, 1, 1]}}, {"type": "Feature", "geometry": {"type": "Point", "coordinates": [2.50198, 41.421101]}, "properties": {"var_data": [0.201, -0.026, 0.006, 0.002, 0.266, 0.0, 1, 1, 1, 1, 1]}}, {"type": "Feature", "geometry": {"type": "Point", "coordinates": [2.53732, 41.421101]}, "properties": {"var_data": [0.178, 0.019, 0.006, 0.002, 0.258, 0.0, 1, 1, 1, 1, 1]}}, {"type": "Feature", "geometry": {"type": "Point", "coordinates": [2.57266, 41.421101]}, "properties": {"var_data": [0.162, 0.076, 0.008, 0.002, 0.248, 0.0, 1, 1, 1, 1, 1]}}, {"type": "Feature", "geometry": {"type": "Point", "coordinates": [2.608, 41.421101]}, "properties": {"var_data": [0.155, 0.105, 0.007, 0.002, 0.231, 0.0, 1, 1, 1, 1, 1]}}, {"type": "Feature", "geometry": {"type": "Point", "coordinates": [2.64334, 41.421101]}, "properties": {"var_data": [0.158, 0.114, 0.006, 0.005, 0.23, -0.0, 1, 1, 1, 1, 1]}}, {"type": "Feature", "geometry": {"type": "Point", "coordinates": [2.67868, 41.421101]}, "properties": {"var_data": [0.173, 0.096, 0.004, 0.004, 0.227, 0.0, 1, 1, 1, 1, 1]}}, {"type": "Feature", "geometry": {"type": "Point", "coordinates": [2.71402, 41.421101]}, "properties": {"var_data": [0.174, 0.086, 0.004, 0.005, 0.239, -0.0, 1, 1, 1, 1, 1]}}, {"type": "Feature", "geometry": {"type": "Point", "coordinates": [2.74936, 41.421101]}, "properties": {"var_data": [0.182, 0.067, 0.004, 0.005, 0.247, -0.0, 1, 1, 1, 1, 1]}}, {"type": "Feature", "geometry": {"type": "Point", "coordinates": [2.7847, 41.421101]}, "properties": {"var_data": [0.166, 0.09, 0.005, 0.008, 0.249, 0.0, 1, 1, 1, 1, 1]}}, {"type": "Feature", "geometry": {"type": "Point", "coordinates": [2.82004, 41.421101]}, "properties": {"var_data": [0.162, 0.086, 0.009, 0.006, 0.258, -0.0, 1, 1, 1, 1, 1]}}, {"type": "Feature", "geometry": {"type": "Point", "coordinates": [2.85538, 41.421101]}, "properties": {"var_data": [0.143, 0.076, 0.008, 0.006, 0.262, -0.0, 1, 1, 1, 1, 1]}}, {"type": "Feature", "geometry": {"type": "Point", "coordinates": [2.89072, 41.421101]}, "properties": {"var_data": [0.139, 0.053, 0.006, 0.005, 0.265, 0.0, 1, 1, 1, 1, 1]}}, {"type": "Feature", "geometry": {"type": "Point", "coordinates": [2.92606, 41.421101]}, "properties": {"var_data": [0.142, 0.02, 0.008, 0.005, 0.29, 0.0, 1, 1, 1, 1, 1]}}, {"type": "Feature", "geometry": {"type": "Point", "coordinates": [2.9614, 41.421101]}, "properties": {"var_data": [0.129, 0.028, 0.006, 0.004, 0.307, 0.0, 1, 1, 1, 1, 1]}}, {"type": "Feature", "geometry": {"type": "Point", "coordinates": [2.99674, 41.421101]}, "properties": {"var_data": [0.139, 0.063, 0.007, 0.004, 0.342, 0.0, 1, 1, 1, 1, 1]}}, {"type": "Feature", "geometry": {"type": "Point", "coordinates": [3.03208, 41.421101]}, "properties": {"var_data": [0.142, 0.081, 0.007, 0.008, 0.346, 0.0, 1, 1, 1, 1, 1]}}, {"type": "Feature", "geometry": {"type": "Point", "coordinates": [3.06742, 41.421101]}, "properties": {"var_data": [0.096, 0.059, 0.007, 0.008, 0.353, 0.0, 1, 1, 1, 1, 1]}}, {"type": "Feature", "geometry": {"type": "Point", "coordinates": [3.10276, 41.421101]}, "properties": {"var_data": [0.087, 0.044, 0.011, 0.008, 0.358, 0.0, 1, 1, 1, 1, 1]}}, {"type": "Feature", "geometry": {"type": "Point", "coordinates": [3.1381, 41.421101]}, "properties": {"var_data": [0.084, 0.067, 0.011, 0.009, 0.355, 0.0, 1, 1, 1, 1, 1]}}, {"type": "Feature", "geometry": {"type": "Point", "coordinates": [3.17344, 41.421101]}, "properties": {"var_data": [0.061, 0.06, 0.011, 0.01, 0.385, 0.0, 1, 1, 1, 1, 1]}}, {"type": "Feature", "geometry": {"type": "Point", "coordinates": [3.20878, 41.421101]}, "properties": {"var_data": [0.066, 0.056, 0.011, 0.011, 0.411, 0.0, 1, 1, 1, 1, 1]}}, {"type": "Feature", "geometry": {"type": "Point", "coordinates": [3.24412, 41.421101]}, "properties": {"var_data": [0.045, 0.053, 0.009, 0.004, 0.44, 0.0, 1, 1, 1, 1, 1]}}, {"type": "Feature", "geometry": {"type": "Point", "coordinates": [3.27946, 41.421101]}, "properties": {"var_data": [0.022, 0.008, 0.007, 0.004, 0.495, 0.0, 1, 1, 1, 1, 1]}}, {"type": "Feature", "geometry": {"type": "Point", "coordinates": [3.3148, 41.421101]}, "properties": {"var_data": [0.048, 0.007, 0.007, 0.004, 0.573, 0.0, 1, 1, 1, 1, 1]}}, {"type": "Feature", "geometry": {"type": "Point", "coordinates": [3.35014, 41.421101]}, "properties": {"var_data": [0.083, 0.03, 0.007, 0.004, 0.611, 0.0, 1, 1, 1, 1, 1]}}, {"type": "Feature", "geometry": {"type": "Point", "coordinates": [3.38548, 41.421101]}, "properties": {"var_data": [0.122, 0.072, 0.019, 0.02, 0.881, 0.0, 1, 1, 1, 1, 1]}}, {"type": "Feature", "geometry": {"type": "Point", "coordinates": [3.42082, 41.421101]}, "properties": {"var_data": [0.083, 0.067, 0.018, 0.019, 0.843, 0.0, 1, 1, 1, 1, 1]}}, {"type": "Feature", "geometry": {"type": "Point", "coordinates": [3.45616, 41.421101]}, "properties": {"var_data": [0.02, 0.08, 0.017, 0.021, 0.929, 0.0, 1, 1, 1, 1, 1]}}, {"type": "Feature", "geometry": {"type": "Point", "coordinates": [3.4915, 41.421101]}, "properties": {"var_data": [-0.121, -0.012, 0.012, 0.009, 1.148, 0.0, 1, 1, 1, 1, 1]}}, {"type": "Feature", "geometry": {"type": "Point", "coordinates": [3.52684, 41.421101]}, "properties": {"var_data": [-0.121, -0.012, 0.012, 0.009, 1.148, 0.0, 1, 1, 1, 1, 1]}}, {"type": "Feature", "geometry": {"type": "Point", "coordinates": [3.59752, 41.421101]}, "properties": {"var_data": [0.145, 0.193, 0.086, 0.032, 1.417, 0.002, 1, 1, 1, 1, 1]}}, {"type": "Feature", "geometry": {"type": "Point", "coordinates": [3.63286, 41.421101]}, "properties": {"var_data": [0.116, 0.185, 0.073, 0.03, 1.091, 0.002, 1, 1, 1, 1, 1]}}, {"type": "Feature", "geometry": {"type": "Point", "coordinates": [3.6682, 41.421101]}, "properties": {"var_data": [0.14, 0.229, 0.073, 0.034, 1.149, 0.002, 1, 1, 1, 1, 1]}}, {"type": "Feature", "geometry": {"type": "Point", "coordinates": [2.28994, 41.448101]}, "properties": {"var_data": [0.036, 0.165, 0.018, 0.024, 0.957, -0.0, 1, 1, 1, 1, 1]}}, {"type": "Feature", "geometry": {"type": "Point", "coordinates": [2.32528, 41.448101]}, "properties": {"var_data": [0.071, 0.185, 0.017, 0.022, 0.681, -0.0, 1, 1, 1, 1, 1]}}, {"type": "Feature", "geometry": {"type": "Point", "coordinates": [2.36062, 41.448101]}, "properties": {"var_data": [0.213, 0.054, 0.018, 0.022, 0.538, -0.0, 1, 1, 1, 1, 1]}}, {"type": "Feature", "geometry": {"type": "Point", "coordinates": [2.39596, 41.448101]}, "properties": {"var_data": [0.26, 0.042, 0.014, 0.016, 0.41, -0.0, 1, 1, 1, 1, 1]}}, {"type": "Feature", "geometry": {"type": "Point", "coordinates": [2.4313, 41.448101]}, "properties": {"var_data": [0.294, 0.012, 0.01, 0.011, 0.326, -0.0, 1, 1, 1, 1, 1]}}, {"type": "Feature", "geometry": {"type": "Point", "coordinates": [2.46664, 41.448101]}, "properties": {"var_data": [0.255, 0.01, 0.006, 0.006, 0.293, -0.0, 1, 1, 1, 1, 1]}}, {"type": "Feature", "geometry": {"type": "Point", "coordinates": [2.50198, 41.448101]}, "properties": {"var_data": [0.222, 0.01, 0.004, 0.002, 0.258, 0.0, 1, 1, 1, 1, 1]}}, {"type": "Feature", "geometry": {"type": "Point", "coordinates": [2.53732, 41.448101]}, "properties": {"var_data": [0.181, 0.032, 0.006, 0.002, 0.234, 0.0, 1, 1, 1, 1, 1]}}, {"type": "Feature", "geometry": {"type": "Point", "coordinates": [2.57266, 41.448101]}, "properties": {"var_data": [0.199, 0.067, 0.008, 0.002, 0.224, 0.0, 1, 1, 1, 1, 1]}}, {"type": "Feature", "geometry": {"type": "Point", "coordinates": [2.608, 41.448101]}, "properties": {"var_data": [0.204, 0.083, 0.006, 0.002, 0.22, 0.0, 1, 1, 1, 1, 1]}}, {"type": "Feature", "geometry": {"type": "Point", "coordinates": [2.64334, 41.448101]}, "properties": {"var_data": [0.223, 0.081, 0.005, 0.006, 0.224, 0.0, 1, 1, 1, 1, 1]}}, {"type": "Feature", "geometry": {"type": "Point", "coordinates": [2.67868, 41.448101]}, "properties": {"var_data": [0.22, 0.075, 0.005, 0.005, 0.224, 0.0, 1, 1, 1, 1, 1]}}, {"type": "Feature", "geometry": {"type": "Point", "coordinates": [2.71402, 41.448101]}, "properties": {"var_data": [0.216, 0.061, 0.004, 0.005, 0.229, 0.0, 1, 1, 1, 1, 1]}}, {"type": "Feature", "geometry": {"type": "Point", "coordinates": [2.74936, 41.448101]}, "properties": {"var_data": [0.206, 0.059, 0.004, 0.005, 0.244, 0.0, 1, 1, 1, 1, 1]}}, {"type": "Feature", "geometry": {"type": "Point", "coordinates": [2.7847, 41.448101]}, "properties": {"var_data": [0.2, 0.075, 0.005, 0.007, 0.244, 0.0, 1, 1, 1, 1, 1]}}, {"type": "Feature", "geometry": {"type": "Point", "coordinates": [2.82004, 41.448101]}, "properties": {"var_data": [0.183, 0.084, 0.006, 0.008, 0.251, 0.0, 1, 1, 1, 1, 1]}}, {"type": "Feature", "geometry": {"type": "Point", "coordinates": [2.85538, 41.448101]}, "properties": {"var_data": [0.183, 0.066, 0.007, 0.008, 0.245, 0.0, 1, 1, 1, 1, 1]}}, {"type": "Feature", "geometry": {"type": "Point", "coordinates": [2.89072, 41.448101]}, "properties": {"var_data": [0.183, 0.043, 0.008, 0.008, 0.248, 0.0, 1, 1, 1, 1, 1]}}, {"type": "Feature", "geometry": {"type": "Point", "coordinates": [2.92606, 41.448101]}, "properties": {"var_data": [0.169, 0.041, 0.011, 0.009, 0.275, 0.0, 1, 1, 1, 1, 1]}}, {"type": "Feature", "geometry": {"type": "Point", "coordinates": [2.9614, 41.448101]}, "properties": {"var_data": [0.169, 0.057, 0.014, 0.01, 0.302, 0.0, 1, 1, 1, 1, 1]}}, {"type": "Feature", "geometry": {"type": "Point", "coordinates": [2.99674, 41.448101]}, "properties": {"var_data": [0.134, 0.075, 0.007, 0.011, 0.333, 0.0, 1, 1, 1, 1, 1]}}, {"type": "Feature", "geometry": {"type": "Point", "coordinates": [3.03208, 41.448101]}, "properties": {"var_data": [0.101, 0.068, 0.009, 0.007, 0.321, 0.0, 1, 1, 1, 1, 1]}}, {"type": "Feature", "geometry": {"type": "Point", "coordinates": [3.06742, 41.448101]}, "properties": {"var_data": [0.069, 0.036, 0.008, 0.006, 0.342, 0.0, 1, 1, 1, 1, 1]}}, {"type": "Feature", "geometry": {"type": "Point", "coordinates": [3.10276, 41.448101]}, "properties": {"var_data": [0.064, 0.026, 0.011, 0.007, 0.367, 0.0, 1, 1, 1, 1, 1]}}, {"type": "Feature", "geometry": {"type": "Point", "coordinates": [3.1381, 41.448101]}, "properties": {"var_data": [0.047, 0.023, 0.013, 0.008, 0.386, 0.0, 1, 1, 1, 1, 1]}}, {"type": "Feature", "geometry": {"type": "Point", "coordinates": [3.17344, 41.448101]}, "properties": {"var_data": [0.028, 0.006, 0.014, 0.011, 0.418, 0.0, 1, 1, 1, 1, 1]}}, {"type": "Feature", "geometry": {"type": "Point", "coordinates": [3.20878, 41.448101]}, "properties": {"var_data": [0.031, 0.011, 0.013, 0.013, 0.424, 0.0, 1, 1, 1, 1, 1]}}, {"type": "Feature", "geometry": {"type": "Point", "coordinates": [3.24412, 41.448101]}, "properties": {"var_data": [0.019, 0.002, 0.013, 0.005, 0.418, 0.0, 1, 1, 1, 1, 1]}}, {"type": "Feature", "geometry": {"type": "Point", "coordinates": [3.27946, 41.448101]}, "properties": {"var_data": [-0.003, -0.031, 0.007, 0.004, 0.486, 0.0, 1, 1, 1, 1, 1]}}, {"type": "Feature", "geometry": {"type": "Point", "coordinates": [3.3148, 41.448101]}, "properties": {"var_data": [-0.01, -0.031, 0.007, 0.004, 0.515, 0.0, 1, 1, 1, 1, 1]}}, {"type": "Feature", "geometry": {"type": "Point", "coordinates": [3.35014, 41.448101]}, "properties": {"var_data": [-0.044, -0.027, 0.008, 0.005, 0.601, 0.0, 1, 1, 1, 1, 1]}}, {"type": "Feature", "geometry": {"type": "Point", "coordinates": [3.38548, 41.448101]}, "properties": {"var_data": [0.01, -0.0, 0.016, 0.016, 0.814, 0.0, 1, 1, 1, 1, 1]}}, {"type": "Feature", "geometry": {"type": "Point", "coordinates": [3.42082, 41.448101]}, "properties": {"var_data": [-0.008, -0.0, 0.016, 0.015, 1.009, 0.0, 1, 1, 1, 1, 1]}}, {"type": "Feature", "geometry": {"type": "Point", "coordinates": [3.45616, 41.448101]}, "properties": {"var_data": [0.006, 0.022, 0.018, 0.019, 1.335, 0.0, 1, 1, 1, 1, 1]}}, {"type": "Feature", "geometry": {"type": "Point", "coordinates": [3.4915, 41.448101]}, "properties": {"var_data": [0.003, 0.028, 0.022, 0.028, 1.458, 0.001, 1, 1, 1, 1, 1]}}, {"type": "Feature", "geometry": {"type": "Point", "coordinates": [3.52684, 41.448101]}, "properties": {"var_data": [0.003, 0.028, 0.022, 0.028, 1.458, 0.001, 1, 1, 1, 1, 1]}}, {"type": "Feature", "geometry": {"type": "Point", "coordinates": [3.56218, 41.448101]}, "properties": {"var_data": [0.055, 0.064, 0.082, 0.025, 1.349, 0.002, 1, 1, 1, 1, 1]}}, {"type": "Feature", "geometry": {"type": "Point", "coordinates": [3.59752, 41.448101]}, "properties": {"var_data": [0.114, 0.132, 0.086, 0.028, 1.407, 0.002, 1, 1, 1, 1, 1]}}, {"type": "Feature", "geometry": {"type": "Point", "coordinates": [3.63286, 41.448101]}, "properties": {"var_data": [0.127, 0.156, 0.086, 0.028, 1.407, 0.002, 1, 1, 1, 1, 1]}}, {"type": "Feature", "geometry": {"type": "Point", "coordinates": [3.6682, 41.448101]}, "properties": {"var_data": [0.155, 0.154, 0.083, 0.032, 1.424, 0.003, 1, 1, 1, 1, 1]}}, {"type": "Feature", "geometry": {"type": "Point", "coordinates": [3.70354, 41.448101]}, "properties": {"var_data": [0.043, -0.011, 0.091, 0.036, 1.803, 0.003, 4, 1, 1, 4, 1]}}, {"type": "Feature", "geometry": {"type": "Point", "coordinates": [2.32528, 41.475101]}, "properties": {"var_data": [0.053, 0.323, 0.052, 0.063, 1.18, -0.003, 1, 1, 1, 1, 1]}}, {"type": "Feature", "geometry": {"type": "Point", "coordinates": [2.36062, 41.475101]}, "properties": {"var_data": [0.18, 0.224, 0.021, 0.025, 0.768, -0.001, 1, 1, 1, 1, 1]}}, {"type": "Feature", "geometry": {"type": "Point", "coordinates": [2.39596, 41.475101]}, "properties": {"var_data": [0.296, 0.131, 0.017, 0.019, 0.534, -0.0, 1, 1, 1, 1, 1]}}, {"type": "Feature", "geometry": {"type": "Point", "coordinates": [2.4313, 41.475101]}, "properties": {"var_data": [0.332, 0.082, 0.011, 0.014, 0.38, -0.0, 1, 1, 1, 1, 1]}}, {"type": "Feature", "geometry": {"type": "Point", "coordinates": [2.46664, 41.475101]}, "properties": {"var_data": [0.34, 0.044, 0.006, 0.006, 0.285, -0.0, 1, 1, 1, 1, 1]}}, {"type": "Feature", "geometry": {"type": "Point", "coordinates": [2.50198, 41.475101]}, "properties": {"var_data": [0.261, 0.057, 0.004, 0.002, 0.231, 0.0, 1, 1, 1, 1, 1]}}, {"type": "Feature", "geometry": {"type": "Point", "coordinates": [2.53732, 41.475101]}, "properties": {"var_data": [0.226, 0.051, 0.006, 0.002, 0.21, 0.0, 1, 1, 1, 1, 1]}}, {"type": "Feature", "geometry": {"type": "Point", "coordinates": [2.57266, 41.475101]}, "properties": {"var_data": [0.246, 0.054, 0.008, 0.002, 0.203, 0.0, 1, 1, 1, 1, 1]}}, {"type": "Feature", "geometry": {"type": "Point", "coordinates": [2.608, 41.475101]}, "properties": {"var_data": [0.257, 0.04, 0.008, 0.005, 0.207, 0.0, 1, 1, 1, 1, 1]}}, {"type": "Feature", "geometry": {"type": "Point", "coordinates": [2.64334, 41.475101]}, "properties": {"var_data": [0.272, 0.047, 0.006, 0.007, 0.211, 0.0, 1, 1, 1, 1, 1]}}, {"type": "Feature", "geometry": {"type": "Point", "coordinates": [2.67868, 41.475101]}, "properties": {"var_data": [0.277, 0.039, 0.005, 0.007, 0.219, 0.0, 1, 1, 1, 1, 1]}}, {"type": "Feature", "geometry": {"type": "Point", "coordinates": [2.71402, 41.475101]}, "properties": {"var_data": [0.253, 0.029, 0.004, 0.006, 0.226, 0.0, 1, 1, 1, 1, 1]}}, {"type": "Feature", "geometry": {"type": "Point", "coordinates": [2.74936, 41.475101]}, "properties": {"var_data": [0.24, 0.049, 0.004, 0.006, 0.232, 0.0, 1, 1, 1, 1, 1]}}, {"type": "Feature", "geometry": {"type": "Point", "coordinates": [2.7847, 41.475101]}, "properties": {"var_data": [0.225, 0.073, 0.005, 0.006, 0.236, -0.0, 1, 1, 1, 1, 1]}}, {"type": "Feature", "geometry": {"type": "Point", "coordinates": [2.82004, 41.475101]}, "properties": {"var_data": [0.22, 0.08, 0.006, 0.007, 0.239, 0.0, 1, 1, 1, 1, 1]}}, {"type": "Feature", "geometry": {"type": "Point", "coordinates": [2.85538, 41.475101]}, "properties": {"var_data": [0.203, 0.065, 0.007, 0.008, 0.246, 0.0, 1, 1, 1, 1, 1]}}, {"type": "Feature", "geometry": {"type": "Point", "coordinates": [2.89072, 41.475101]}, "properties": {"var_data": [0.181, 0.049, 0.008, 0.009, 0.246, 0.0, 1, 1, 1, 1, 1]}}, {"type": "Feature", "geometry": {"type": "Point", "coordinates": [2.92606, 41.475101]}, "properties": {"var_data": [0.16, 0.052, 0.009, 0.009, 0.259, 0.0, 1, 1, 1, 1, 1]}}, {"type": "Feature", "geometry": {"type": "Point", "coordinates": [2.9614, 41.475101]}, "properties": {"var_data": [0.134, 0.063, 0.013, 0.009, 0.278, 0.0, 1, 1, 1, 1, 1]}}, {"type": "Feature", "geometry": {"type": "Point", "coordinates": [2.99674, 41.475101]}, "properties": {"var_data": [0.111, 0.086, 0.015, 0.01, 0.33, 0.0, 1, 1, 1, 1, 1]}}, {"type": "Feature", "geometry": {"type": "Point", "coordinates": [3.03208, 41.475101]}, "properties": {"var_data": [0.072, 0.057, 0.019, 0.009, 0.363, 0.0, 1, 1, 1, 1, 1]}}, {"type": "Feature", "geometry": {"type": "Point", "coordinates": [3.06742, 41.475101]}, "properties": {"var_data": [0.024, 0.01, 0.017, 0.008, 0.369, 0.0, 1, 1, 1, 1, 1]}}, {"type": "Feature", "geometry": {"type": "Point", "coordinates": [3.10276, 41.475101]}, "properties": {"var_data": [-0.003, -0.021, 0.015, 0.008, 0.384, 0.0, 1, 1, 1, 1, 1]}}, {"type": "Feature", "geometry": {"type": "Point", "coordinates": [3.1381, 41.475101]}, "properties": {"var_data": [-0.02, -0.05, 0.013, 0.008, 0.352, 0.0, 1, 1, 1, 1, 1]}}, {"type": "Feature", "geometry": {"type": "Point", "coordinates": [3.17344, 41.475101]}, "properties": {"var_data": [0.022, -0.031, 0.013, 0.01, 0.403, 0.0, 1, 1, 1, 1, 1]}}, {"type": "Feature", "geometry": {"type": "Point", "coordinates": [3.20878, 41.475101]}, "properties": {"var_data": [0.05, -0.006, 0.02, 0.016, 0.451, 0.0, 1, 1, 1, 1, 1]}}, {"type": "Feature", "geometry": {"type": "Point", "coordinates": [3.24412, 41.475101]}, "properties": {"var_data": [0.025, -0.041, 0.01, 0.005, 0.41, 0.0, 1, 1, 1, 1, 1]}}, {"type": "Feature", "geometry": {"type": "Point", "coordinates": [3.27946, 41.475101]}, "properties": {"var_data": [0.011, -0.051, 0.01, 0.005, 0.492, 0.0, 1, 1, 1, 1, 1]}}, {"type": "Feature", "geometry": {"type": "Point", "coordinates": [3.3148, 41.475101]}, "properties": {"var_data": [0.007, -0.054, 0.007, 0.005, 0.467, 0.0, 1, 1, 1, 1, 1]}}, {"type": "Feature", "geometry": {"type": "Point", "coordinates": [3.35014, 41.475101]}, "properties": {"var_data": [-0.032, -0.049, 0.008, 0.005, 0.495, 0.0, 1, 1, 1, 1, 1]}}, {"type": "Feature", "geometry": {"type": "Point", "coordinates": [3.38548, 41.475101]}, "properties": {"var_data": [-0.08, -0.04, 0.027, 0.016, 0.687, 0.0, 1, 1, 1, 1, 1]}}, {"type": "Feature", "geometry": {"type": "Point", "coordinates": [3.42082, 41.475101]}, "properties": {"var_data": [-0.043, -0.031, 0.016, 0.016, 0.847, 0.0, 1, 1, 1, 1, 1]}}, {"type": "Feature", "geometry": {"type": "Point", "coordinates": [3.45616, 41.475101]}, "properties": {"var_data": [-0.043, -0.005, 0.017, 0.015, 1.325, 0.0, 1, 1, 1, 1, 1]}}, {"type": "Feature", "geometry": {"type": "Point", "coordinates": [3.4915, 41.475101]}, "properties": {"var_data": [0.004, 0.03, 0.022, 0.027, 1.431, 0.0, 1, 1, 1, 1, 1]}}, {"type": "Feature", "geometry": {"type": "Point", "coordinates": [3.52684, 41.475101]}, "properties": {"var_data": [-0.007, -0.005, 0.019, 0.018, 1.445, 0.0, 1, 1, 1, 1, 1]}}, {"type": "Feature", "geometry": {"type": "Point", "coordinates": [3.56218, 41.475101]}, "properties": {"var_data": [0.026, 0.054, 0.052, 0.019, 1.254, 0.001, 1, 1, 1, 1, 1]}}, {"type": "Feature", "geometry": {"type": "Point", "coordinates": [3.59752, 41.475101]}, "properties": {"var_data": [0.071, 0.081, 0.045, 0.018, 0.994, 0.001, 1, 1, 1, 1, 1]}}, {"type": "Feature", "geometry": {"type": "Point", "coordinates": [3.63286, 41.475101]}, "properties": {"var_data": [0.082, 0.086, 0.044, 0.017, 1.0, 0.001, 1, 1, 1, 1, 1]}}, {"type": "Feature", "geometry": {"type": "Point", "coordinates": [3.6682, 41.475101]}, "properties": {"var_data": [0.116, 0.085, 0.076, 0.028, 1.418, 0.002, 1, 1, 1, 1, 1]}}, {"type": "Feature", "geometry": {"type": "Point", "coordinates": [2.39596, 41.502102]}, "properties": {"var_data": [0.362, 0.173, 0.021, 0.025, 0.81, -0.001, 1, 1, 1, 1, 1]}}, {"type": "Feature", "geometry": {"type": "Point", "coordinates": [2.4313, 41.502102]}, "properties": {"var_data": [0.43, 0.061, 0.013, 0.016, 0.449, -0.0, 1, 1, 1, 1, 1]}}, {"type": "Feature", "geometry": {"type": "Point", "coordinates": [2.46664, 41.502102]}, "properties": {"var_data": [0.38, 0.064, 0.007, 0.007, 0.291, -0.0, 1, 1, 1, 1, 1]}}, {"type": "Feature", "geometry": {"type": "Point", "coordinates": [2.50198, 41.502102]}, "properties": {"var_data": [0.303, 0.096, 0.005, 0.004, 0.21, -0.0, 1, 1, 1, 1, 1]}}, {"type": "Feature", "geometry": {"type": "Point", "coordinates": [2.53732, 41.502102]}, "properties": {"var_data": [0.276, 0.07, 0.005, 0.004, 0.181, -0.0, 1, 1, 1, 1, 1]}}, {"type": "Feature", "geometry": {"type": "Point", "coordinates": [2.57266, 41.502102]}, "properties": {"var_data": [0.276, 0.04, 0.005, 0.004, 0.186, 0.0, 1, 1, 1, 1, 1]}}, {"type": "Feature", "geometry": {"type": "Point", "coordinates": [2.608, 41.502102]}, "properties": {"var_data": [0.307, 0.036, 0.005, 0.007, 0.198, 0.0, 1, 1, 1, 1, 1]}}, {"type": "Feature", "geometry": {"type": "Point", "coordinates": [2.64334, 41.502102]}, "properties": {"var_data": [0.325, 0.024, 0.005, 0.008, 0.206, 0.0, 1, 1, 1, 1, 1]}}, {"type": "Feature", "geometry": {"type": "Point", "coordinates": [2.67868, 41.502102]}, "properties": {"var_data": [0.323, 0.009, 0.005, 0.007, 0.219, 0.0, 1, 1, 1, 1, 1]}}, {"type": "Feature", "geometry": {"type": "Point", "coordinates": [2.71402, 41.502102]}, "properties": {"var_data": [0.292, 0.015, 0.004, 0.006, 0.232, 0.0, 1, 1, 1, 1, 1]}}, {"type": "Feature", "geometry": {"type": "Point", "coordinates": [2.74936, 41.502102]}, "properties": {"var_data": [0.271, 0.048, 0.005, 0.007, 0.236, 0.0, 1, 1, 1, 1, 1]}}, {"type": "Feature", "geometry": {"type": "Point", "coordinates": [2.7847, 41.502102]}, "properties": {"var_data": [0.243, 0.066, 0.005, 0.007, 0.239, -0.0, 1, 1, 1, 1, 1]}}, {"type": "Feature", "geometry": {"type": "Point", "coordinates": [2.82004, 41.502102]}, "properties": {"var_data": [0.219, 0.082, 0.005, 0.007, 0.247, -0.0, 1, 1, 1, 1, 1]}}, {"type": "Feature", "geometry": {"type": "Point", "coordinates": [2.85538, 41.502102]}, "properties": {"var_data": [0.205, 0.079, 0.006, 0.008, 0.236, -0.0, 1, 1, 1, 1, 1]}}, {"type": "Feature", "geometry": {"type": "Point", "coordinates": [2.89072, 41.502102]}, "properties": {"var_data": [0.172, 0.073, 0.006, 0.008, 0.255, 0.0, 1, 1, 1, 1, 1]}}, {"type": "Feature", "geometry": {"type": "Point", "coordinates": [2.92606, 41.502102]}, "properties": {"var_data": [0.153, 0.073, 0.006, 0.008, 0.263, 0.0, 1, 1, 1, 1, 1]}}, {"type": "Feature", "geometry": {"type": "Point", "coordinates": [2.9614, 41.502102]}, "properties": {"var_data": [0.111, 0.081, 0.008, 0.008, 0.281, 0.0, 1, 1, 1, 1, 1]}}, {"type": "Feature", "geometry": {"type": "Point", "coordinates": [2.99674, 41.502102]}, "properties": {"var_data": [0.094, 0.085, 0.009, 0.009, 0.326, 0.0, 1, 1, 1, 1, 1]}}, {"type": "Feature", "geometry": {"type": "Point", "coordinates": [3.03208, 41.502102]}, "properties": {"var_data": [0.074, 0.086, 0.011, 0.009, 0.414, 0.0, 1, 1, 1, 1, 1]}}, {"type": "Feature", "geometry": {"type": "Point", "coordinates": [3.06742, 41.502102]}, "properties": {"var_data": [-0.013, -0.023, 0.018, 0.009, 0.373, 0.0, 1, 1, 1, 1, 1]}}, {"type": "Feature", "geometry": {"type": "Point", "coordinates": [3.10276, 41.502102]}, "properties": {"var_data": [-0.049, -0.067, 0.017, 0.01, 0.443, 0.0, 1, 1, 1, 1, 1]}}, {"type": "Feature", "geometry": {"type": "Point", "coordinates": [3.1381, 41.502102]}, "properties": {"var_data": [-0.033, -0.074, 0.016, 0.009, 0.398, 0.0, 1, 1, 1, 1, 1]}}, {"type": "Feature", "geometry": {"type": "Point", "coordinates": [3.17344, 41.502102]}, "properties": {"var_data": [0.023, -0.061, 0.018, 0.014, 0.38, 0.0, 1, 1, 1, 1, 1]}}, {"type": "Feature", "geometry": {"type": "Point", "coordinates": [3.20878, 41.502102]}, "properties": {"var_data": [0.047, -0.053, 0.02, 0.017, 0.418, 0.0, 1, 1, 1, 1, 1]}}, {"type": "Feature", "geometry": {"type": "Point", "coordinates": [3.24412, 41.502102]}, "properties": {"var_data": [0.042, -0.06, 0.013, 0.013, 0.383, 0.0, 1, 1, 1, 1, 1]}}, {"type": "Feature", "geometry": {"type": "Point", "coordinates": [3.27946, 41.502102]}, "properties": {"var_data": [0.032, -0.072, 0.01, 0.005, 0.43, 0.0, 1, 1, 1, 1, 1]}}, {"type": "Feature", "geometry": {"type": "Point", "coordinates": [3.3148, 41.502102]}, "properties": {"var_data": [0.006, -0.072, 0.01, 0.005, 0.433, 0.0, 1, 1, 1, 1, 1]}}, {"type": "Feature", "geometry": {"type": "Point", "coordinates": [3.35014, 41.502102]}, "properties": {"var_data": [-0.03, -0.062, 0.011, 0.009, 0.459, 0.0, 1, 1, 1, 1, 1]}}, {"type": "Feature", "geometry": {"type": "Point", "coordinates": [3.38548, 41.502102]}, "properties": {"var_data": [-0.07, -0.052, 0.019, 0.013, 0.573, 0.0, 1, 1, 1, 1, 1]}}, {"type": "Feature", "geometry": {"type": "Point", "coordinates": [3.42082, 41.502102]}, "properties": {"var_data": [-0.099, -0.035, 0.024, 0.012, 0.688, 0.0, 1, 1, 1, 1, 1]}}, {"type": "Feature", "geometry": {"type": "Point", "coordinates": [3.45616, 41.502102]}, "properties": {"var_data": [-0.107, -0.025, 0.015, 0.011, 0.925, 0.0, 1, 1, 1, 1, 1]}}, {"type": "Feature", "geometry": {"type": "Point", "coordinates": [3.4915, 41.502102]}, "properties": {"var_data": [-0.026, 0.014, 0.016, 0.014, 0.96, 0.0, 1, 1, 1, 1, 1]}}, {"type": "Feature", "geometry": {"type": "Point", "coordinates": [3.52684, 41.502102]}, "properties": {"var_data": [-0.007, 0.015, 0.049, 0.021, 0.897, 0.001, 1, 1, 1, 1, 1]}}, {"type": "Feature", "geometry": {"type": "Point", "coordinates": [3.56218, 41.502102]}, "properties": {"var_data": [-0.002, 0.016, 0.05, 0.02, 0.919, 0.001, 1, 1, 1, 1, 1]}}, {"type": "Feature", "geometry": {"type": "Point", "coordinates": [3.59752, 41.502102]}, "properties": {"var_data": [0.041, 0.046, 0.053, 0.021, 1.307, 0.001, 1, 1, 1, 1, 1]}}, {"type": "Feature", "geometry": {"type": "Point", "coordinates": [3.63286, 41.502102]}, "properties": {"var_data": [0.057, 0.048, 0.051, 0.019, 1.303, 0.001, 1, 1, 1, 1, 1]}}, {"type": "Feature", "geometry": {"type": "Point", "coordinates": [2.46664, 41.529099]}, "properties": {"var_data": [0.397, 0.089, 0.007, 0.009, 0.309, -0.0, 1, 1, 1, 1, 1]}}, {"type": "Feature", "geometry": {"type": "Point", "coordinates": [2.50198, 41.529099]}, "properties": {"var_data": [0.322, 0.091, 0.004, 0.004, 0.205, -0.0, 1, 1, 1, 1, 1]}}, {"type": "Feature", "geometry": {"type": "Point", "coordinates": [2.53732, 41.529099]}, "properties": {"var_data": [0.338, 0.071, 0.004, 0.005, 0.183, 0.0, 1, 1, 1, 1, 1]}}, {"type": "Feature", "geometry": {"type": "Point", "coordinates": [2.57266, 41.529099]}, "properties": {"var_data": [0.346, 0.06, 0.004, 0.005, 0.183, 0.0, 1, 1, 1, 1, 1]}}, {"type": "Feature", "geometry": {"type": "Point", "coordinates": [2.608, 41.529099]}, "properties": {"var_data": [0.366, 0.048, 0.005, 0.008, 0.194, 0.0, 1, 1, 1, 1, 1]}}, {"type": "Feature", "geometry": {"type": "Point", "coordinates": [2.64334, 41.529099]}, "properties": {"var_data": [0.373, 0.015, 0.005, 0.009, 0.208, 0.0, 1, 1, 1, 1, 1]}}, {"type": "Feature", "geometry": {"type": "Point", "coordinates": [2.67868, 41.529099]}, "properties": {"var_data": [0.367, 0.01, 0.005, 0.009, 0.222, 0.0, 1, 1, 1, 1, 1]}}, {"type": "Feature", "geometry": {"type": "Point", "coordinates": [2.71402, 41.529099]}, "properties": {"var_data": [0.335, 0.03, 0.005, 0.008, 0.242, 0.0, 1, 1, 1, 1, 1]}}, {"type": "Feature", "geometry": {"type": "Point", "coordinates": [2.74936, 41.529099]}, "properties": {"var_data": [0.262, 0.059, 0.006, 0.008, 0.257, 0.0, 1, 1, 1, 1, 1]}}, {"type": "Feature", "geometry": {"type": "Point", "coordinates": [2.7847, 41.529099]}, "properties": {"var_data": [0.215, 0.082, 0.007, 0.007, 0.25, -0.0, 1, 1, 1, 1, 1]}}, {"type": "Feature", "geometry": {"type": "Point", "coordinates": [2.82004, 41.529099]}, "properties": {"var_data": [0.175, 0.107, 0.007, 0.007, 0.253, -0.0, 1, 1, 1, 1, 1]}}, {"type": "Feature", "geometry": {"type": "Point", "coordinates": [2.85538, 41.529099]}, "properties": {"var_data": [0.179, 0.095, 0.006, 0.007, 0.243, -0.0, 1, 1, 1, 1, 1]}}, {"type": "Feature", "geometry": {"type": "Point", "coordinates": [2.89072, 41.529099]}, "properties": {"var_data": [0.137, 0.088, 0.006, 0.007, 0.241, 0.0, 1, 1, 1, 1, 1]}}, {"type": "Feature", "geometry": {"type": "Point", "coordinates": [2.92606, 41.529099]}, "properties": {"var_data": [0.115, 0.075, 0.005, 0.007, 0.252, 0.0, 1, 1, 1, 1, 1]}}, {"type": "Feature", "geometry": {"type": "Point", "coordinates": [2.9614, 41.529099]}, "properties": {"var_data": [0.076, 0.072, 0.007, 0.007, 0.272, 0.0, 1, 1, 1, 1, 1]}}, {"type": "Feature", "geometry": {"type": "Point", "coordinates": [2.99674, 41.529099]}, "properties": {"var_data": [0.009, 0.043, 0.009, 0.007, 0.326, 0.0, 1, 1, 1, 1, 1]}}, {"type": "Feature", "geometry": {"type": "Point", "coordinates": [3.03208, 41.529099]}, "properties": {"var_data": [-0.049, -0.009, 0.011, 0.01, 0.377, 0.0, 1, 1, 1, 1, 1]}}, {"type": "Feature", "geometry": {"type": "Point", "coordinates": [3.06742, 41.529099]}, "properties": {"var_data": [-0.079, -0.068, 0.026, 0.015, 0.379, 0.0, 1, 1, 1, 1, 1]}}, {"type": "Feature", "geometry": {"type": "Point", "coordinates": [3.10276, 41.529099]}, "properties": {"var_data": [-0.057, -0.087, 0.016, 0.01, 0.377, 0.0, 1, 1, 1, 1, 1]}}, {"type": "Feature", "geometry": {"type": "Point", "coordinates": [3.1381, 41.529099]}, "properties": {"var_data": [0.0, -0.069, 0.019, 0.016, 0.357, 0.0, 1, 1, 1, 1, 1]}}, {"type": "Feature", "geometry": {"type": "Point", "coordinates": [3.17344, 41.529099]}, "properties": {"var_data": [0.017, -0.08, 0.015, 0.015, 0.348, 0.0, 1, 1, 1, 1, 1]}}, {"type": "Feature", "geometry": {"type": "Point", "coordinates": [3.20878, 41.529099]}, "properties": {"var_data": [0.064, -0.066, 0.018, 0.021, 0.393, 0.0, 1, 1, 1, 1, 1]}}, {"type": "Feature", "geometry": {"type": "Point", "coordinates": [3.24412, 41.529099]}, "properties": {"var_data": [0.071, -0.065, 0.013, 0.015, 0.372, 0.0, 1, 1, 1, 1, 1]}}, {"type": "Feature", "geometry": {"type": "Point", "coordinates": [3.27946, 41.529099]}, "properties": {"var_data": [0.062, -0.057, 0.01, 0.012, 0.386, 0.0, 1, 1, 1, 1, 1]}}, {"type": "Feature", "geometry": {"type": "Point", "coordinates": [3.3148, 41.529099]}, "properties": {"var_data": [0.024, -0.066, 0.011, 0.013, 0.442, 0.0, 1, 1, 1, 1, 1]}}, {"type": "Feature", "geometry": {"type": "Point", "coordinates": [3.35014, 41.529099]}, "properties": {"var_data": [-0.015, -0.051, 0.013, 0.012, 0.437, 0.0, 1, 1, 1, 1, 1]}}, {"type": "Feature", "geometry": {"type": "Point", "coordinates": [3.38548, 41.529099]}, "properties": {"var_data": [-0.066, -0.042, 0.019, 0.014, 0.535, 0.0, 1, 1, 1, 1, 1]}}, {"type": "Feature", "geometry": {"type": "Point", "coordinates": [3.42082, 41.529099]}, "properties": {"var_data": [-0.109, -0.03, 0.019, 0.01, 0.606, 0.0, 1, 1, 1, 1, 1]}}, {"type": "Feature", "geometry": {"type": "Point", "coordinates": [3.45616, 41.529099]}, "properties": {"var_data": [-0.165, -0.033, 0.025, 0.011, 0.875, 0.0, 1, 1, 1, 1, 1]}}, {"type": "Feature", "geometry": {"type": "Point", "coordinates": [3.4915, 41.529099]}, "properties": {"var_data": [-0.038, 0.025, 0.149, 0.031, 1.231, 0.004, 1, 1, 1, 1, 1]}}, {"type": "Feature", "geometry": {"type": "Point", "coordinates": [3.52684, 41.529099]}, "properties": {"var_data": [-0.026, -0.001, 0.012, 0.012, 0.737, 0.0, 1, 1, 1, 1, 1]}}, {"type": "Feature", "geometry": {"type": "Point", "coordinates": [3.56218, 41.529099]}, "properties": {"var_data": [-0.046, -0.027, 0.013, 0.014, 0.794, 0.0, 1, 1, 1, 1, 1]}}, {"type": "Feature", "geometry": {"type": "Point", "coordinates": [3.59752, 41.529099]}, "properties": {"var_data": [-0.02, -0.019, 0.05, 0.02, 0.959, 0.001, 1, 1, 1, 1, 1]}}, {"type": "Feature", "geometry": {"type": "Point", "coordinates": [3.63286, 41.529099]}, "properties": {"var_data": [0.01, 0.022, 0.051, 0.019, 1.304, 0.001, 1, 0, 1, 1, 1]}}, {"type": "Feature", "geometry": {"type": "Point", "coordinates": [2.53732, 41.556099]}, "properties": {"var_data": [0.364, 0.079, 0.004, 0.006, 0.204, 0.0, 1, 1, 1, 1, 1]}}, {"type": "Feature", "geometry": {"type": "Point", "coordinates": [2.57266, 41.556099]}, "properties": {"var_data": [0.379, 0.072, 0.005, 0.008, 0.204, 0.0, 1, 1, 1, 1, 1]}}, {"type": "Feature", "geometry": {"type": "Point", "coordinates": [2.608, 41.556099]}, "properties": {"var_data": [0.386, 0.039, 0.006, 0.01, 0.215, 0.0, 1, 1, 1, 1, 1]}}, {"type": "Feature", "geometry": {"type": "Point", "coordinates": [2.64334, 41.556099]}, "properties": {"var_data": [0.405, 0.006, 0.003, 0.009, 0.237, 0.0, 1, 1, 1, 1, 1]}}, {"type": "Feature", "geometry": {"type": "Point", "coordinates": [2.67868, 41.556099]}, "properties": {"var_data": [0.406, 0.023, 0.004, 0.009, 0.262, 0.0, 1, 1, 1, 1, 1]}}, {"type": "Feature", "geometry": {"type": "Point", "coordinates": [2.71402, 41.556099]}, "properties": {"var_data": [0.338, 0.057, 0.004, 0.012, 0.275, -0.0, 1, 1, 1, 1, 1]}}, {"type": "Feature", "geometry": {"type": "Point", "coordinates": [2.74936, 41.556099]}, "properties": {"var_data": [0.28, 0.1, 0.004, 0.008, 0.272, -0.0, 1, 1, 1, 1, 1]}}, {"type": "Feature", "geometry": {"type": "Point", "coordinates": [2.7847, 41.556099]}, "properties": {"var_data": [0.144, 0.156, 0.014, 0.009, 0.294, -0.0, 1, 1, 1, 1, 1]}}, {"type": "Feature", "geometry": {"type": "Point", "coordinates": [2.82004, 41.556099]}, "properties": {"var_data": [0.115, 0.153, 0.008, 0.008, 0.268, -0.0, 1, 1, 1, 1, 1]}}, {"type": "Feature", "geometry": {"type": "Point", "coordinates": [2.85538, 41.556099]}, "properties": {"var_data": [0.167, 0.115, 0.005, 0.006, 0.266, -0.0, 1, 1, 1, 1, 1]}}, {"type": "Feature", "geometry": {"type": "Point", "coordinates": [2.89072, 41.556099]}, "properties": {"var_data": [0.164, 0.101, 0.006, 0.005, 0.258, -0.0, 1, 1, 1, 1, 1]}}, {"type": "Feature", "geometry": {"type": "Point", "coordinates": [2.92606, 41.556099]}, "properties": {"var_data": [0.118, 0.086, 0.005, 0.005, 0.247, 0.0, 1, 1, 1, 1, 1]}}, {"type": "Feature", "geometry": {"type": "Point", "coordinates": [2.9614, 41.556099]}, "properties": {"var_data": [0.052, 0.049, 0.007, 0.006, 0.28, 0.0, 1, 1, 1, 1, 1]}}, {"type": "Feature", "geometry": {"type": "Point", "coordinates": [2.99674, 41.556099]}, "properties": {"var_data": [0.016, 0.027, 0.009, 0.007, 0.331, 0.0, 1, 1, 1, 1, 1]}}, {"type": "Feature", "geometry": {"type": "Point", "coordinates": [3.03208, 41.556099]}, "properties": {"var_data": [0.015, -0.024, 0.011, 0.009, 0.385, 0.0, 1, 1, 1, 1, 1]}}, {"type": "Feature", "geometry": {"type": "Point", "coordinates": [3.06742, 41.556099]}, "properties": {"var_data": [-0.012, -0.074, 0.005, 0.007, 0.357, 0.0, 1, 1, 1, 1, 1]}}, {"type": "Feature", "geometry": {"type": "Point", "coordinates": [3.10276, 41.556099]}, "properties": {"var_data": [-0.013, -0.115, 0.005, 0.014, 0.377, 0.0, 1, 1, 1, 1, 1]}}, {"type": "Feature", "geometry": {"type": "Point", "coordinates": [3.1381, 41.556099]}, "properties": {"var_data": [0.018, -0.111, 0.005, 0.014, 0.389, 0.0, 1, 1, 1, 1, 1]}}, {"type": "Feature", "geometry": {"type": "Point", "coordinates": [3.17344, 41.556099]}, "properties": {"var_data": [0.061, -0.077, 0.015, 0.018, 0.338, 0.0, 1, 1, 1, 1, 1]}}, {"type": "Feature", "geometry": {"type": "Point", "coordinates": [3.20878, 41.556099]}, "properties": {"var_data": [0.063, -0.072, 0.016, 0.02, 0.373, 0.0, 1, 1, 1, 1, 1]}}, {"type": "Feature", "geometry": {"type": "Point", "coordinates": [3.24412, 41.556099]}, "properties": {"var_data": [0.062, -0.08, 0.011, 0.014, 0.335, 0.0, 1, 1, 1, 1, 1]}}, {"type": "Feature", "geometry": {"type": "Point", "coordinates": [3.27946, 41.556099]}, "properties": {"var_data": [0.053, -0.072, 0.012, 0.016, 0.394, 0.0, 1, 1, 1, 1, 1]}}, {"type": "Feature", "geometry": {"type": "Point", "coordinates": [3.3148, 41.556099]}, "properties": {"var_data": [0.002, -0.056, 0.013, 0.017, 0.44, 0.0, 1, 1, 1, 1, 1]}}, {"type": "Feature", "geometry": {"type": "Point", "coordinates": [3.35014, 41.556099]}, "properties": {"var_data": [-0.035, -0.053, 0.011, 0.012, 0.432, 0.0, 1, 1, 1, 1, 1]}}, {"type": "Feature", "geometry": {"type": "Point", "coordinates": [3.38548, 41.556099]}, "properties": {"var_data": [-0.097, -0.028, 0.018, 0.016, 0.509, 0.0, 1, 1, 1, 1, 1]}}, {"type": "Feature", "geometry": {"type": "Point", "coordinates": [3.42082, 41.556099]}, "properties": {"var_data": [-0.132, -0.047, 0.02, 0.011, 0.579, 0.0, 1, 1, 1, 1, 1]}}, {"type": "Feature", "geometry": {"type": "Point", "coordinates": [3.45616, 41.556099]}, "properties": {"var_data": [-0.143, -0.021, 0.025, 0.011, 0.893, 0.0, 1, 1, 1, 1, 1]}}, {"type": "Feature", "geometry": {"type": "Point", "coordinates": [3.4915, 41.556099]}, "properties": {"var_data": [-0.096, -0.019, 0.012, 0.013, 0.75, 0.0, 1, 1, 1, 1, 1]}}, {"type": "Feature", "geometry": {"type": "Point", "coordinates": [3.52684, 41.556099]}, "properties": {"var_data": [-0.068, -0.017, 0.012, 0.01, 0.858, 0.0, 1, 1, 1, 1, 1]}}, {"type": "Feature", "geometry": {"type": "Point", "coordinates": [3.56218, 41.556099]}, "properties": {"var_data": [-0.041, -0.012, 0.013, 0.015, 0.794, 0.0, 1, 1, 1, 1, 1]}}, {"type": "Feature", "geometry": {"type": "Point", "coordinates": [3.59752, 41.556099]}, "properties": {"var_data": [-0.037, -0.006, 0.013, 0.012, 0.92, 0.0, 1, 0, 1, 1, 1]}}, {"type": "Feature", "geometry": {"type": "Point", "coordinates": [3.63286, 41.556099]}, "properties": {"var_data": [-0.005, -0.01, 0.053, 0.021, 1.309, 0.001, 1, 0, 1, 1, 1]}}, {"type": "Feature", "geometry": {"type": "Point", "coordinates": [2.608, 41.583099]}, "properties": {"var_data": [0.412, 0.004, 0.008, 0.017, 0.297, 0.0, 1, 1, 1, 1, 1]}}, {"type": "Feature", "geometry": {"type": "Point", "coordinates": [2.64334, 41.583099]}, "properties": {"var_data": [0.426, 0.001, 0.004, 0.011, 0.328, 0.0, 1, 1, 1, 1, 1]}}, {"type": "Feature", "geometry": {"type": "Point", "coordinates": [2.67868, 41.583099]}, "properties": {"var_data": [0.404, 0.032, 0.004, 0.016, 0.358, -0.0, 1, 1, 1, 1, 1]}}, {"type": "Feature", "geometry": {"type": "Point", "coordinates": [2.71402, 41.583099]}, "properties": {"var_data": [0.321, 0.096, 0.004, 0.017, 0.354, -0.0, 1, 1, 1, 1, 1]}}, {"type": "Feature", "geometry": {"type": "Point", "coordinates": [2.74936, 41.583099]}, "properties": {"var_data": [0.174, 0.228, 0.005, 0.016, 0.363, -0.0, 1, 1, 1, 1, 1]}}, {"type": "Feature", "geometry": {"type": "Point", "coordinates": [2.7847, 41.583099]}, "properties": {"var_data": [0.095, 0.246, 0.018, 0.015, 0.34, -0.0, 1, 1, 1, 1, 1]}}, {"type": "Feature", "geometry": {"type": "Point", "coordinates": [2.82004, 41.583099]}, "properties": {"var_data": [0.102, 0.2, 0.007, 0.006, 0.301, -0.0, 1, 1, 1, 1, 1]}}, {"type": "Feature", "geometry": {"type": "Point", "coordinates": [2.85538, 41.583099]}, "properties": {"var_data": [0.155, 0.149, 0.005, 0.005, 0.265, -0.0, 1, 1, 1, 1, 1]}}, {"type": "Feature", "geometry": {"type": "Point", "coordinates": [2.89072, 41.583099]}, "properties": {"var_data": [0.151, 0.117, 0.006, 0.005, 0.255, -0.0, 1, 1, 1, 1, 1]}}, {"type": "Feature", "geometry": {"type": "Point", "coordinates": [2.92606, 41.583099]}, "properties": {"var_data": [0.115, 0.085, 0.007, 0.005, 0.256, 0.0, 1, 1, 1, 1, 1]}}, {"type": "Feature", "geometry": {"type": "Point", "coordinates": [2.9614, 41.583099]}, "properties": {"var_data": [0.099, 0.049, 0.008, 0.006, 0.27, 0.0, 1, 1, 1, 1, 1]}}, {"type": "Feature", "geometry": {"type": "Point", "coordinates": [2.99674, 41.583099]}, "properties": {"var_data": [0.031, -0.013, 0.01, 0.007, 0.306, 0.0, 1, 1, 1, 1, 1]}}, {"type": "Feature", "geometry": {"type": "Point", "coordinates": [3.03208, 41.583099]}, "properties": {"var_data": [0.008, -0.093, 0.005, 0.006, 0.352, 0.0, 1, 1, 1, 1, 1]}}, {"type": "Feature", "geometry": {"type": "Point", "coordinates": [3.06742, 41.583099]}, "properties": {"var_data": [0.042, -0.122, 0.005, 0.007, 0.368, 0.0, 1, 1, 1, 1, 1]}}, {"type": "Feature", "geometry": {"type": "Point", "coordinates": [3.10276, 41.583099]}, "properties": {"var_data": [0.066, -0.104, 0.005, 0.013, 0.411, 0.0, 1, 1, 1, 1, 1]}}, {"type": "Feature", "geometry": {"type": "Point", "coordinates": [3.1381, 41.583099]}, "properties": {"var_data": [0.082, -0.099, 0.005, 0.017, 0.454, 0.0, 1, 1, 1, 1, 1]}}, {"type": "Feature", "geometry": {"type": "Point", "coordinates": [3.17344, 41.583099]}, "properties": {"var_data": [0.106, -0.083, 0.014, 0.017, 0.336, 0.0, 1, 1, 1, 1, 1]}}, {"type": "Feature", "geometry": {"type": "Point", "coordinates": [3.20878, 41.583099]}, "properties": {"var_data": [0.094, -0.087, 0.013, 0.016, 0.36, 0.0, 1, 1, 1, 1, 1]}}, {"type": "Feature", "geometry": {"type": "Point", "coordinates": [3.24412, 41.583099]}, "properties": {"var_data": [0.098, -0.073, 0.01, 0.014, 0.328, 0.0, 1, 1, 1, 1, 1]}}, {"type": "Feature", "geometry": {"type": "Point", "coordinates": [3.27946, 41.583099]}, "properties": {"var_data": [0.043, -0.074, 0.011, 0.012, 0.37, 0.0, 1, 1, 1, 1, 1]}}, {"type": "Feature", "geometry": {"type": "Point", "coordinates": [3.3148, 41.583099]}, "properties": {"var_data": [0.0, -0.051, 0.012, 0.013, 0.418, 0.0, 1, 1, 1, 1, 1]}}, {"type": "Feature", "geometry": {"type": "Point", "coordinates": [3.35014, 41.583099]}, "properties": {"var_data": [-0.054, -0.036, 0.011, 0.013, 0.421, 0.0, 1, 1, 1, 1, 1]}}, {"type": "Feature", "geometry": {"type": "Point", "coordinates": [3.38548, 41.583099]}, "properties": {"var_data": [-0.092, -0.032, 0.015, 0.014, 0.477, 0.0, 1, 1, 1, 1, 1]}}, {"type": "Feature", "geometry": {"type": "Point", "coordinates": [3.42082, 41.583099]}, "properties": {"var_data": [-0.111, -0.002, 0.016, 0.011, 0.546, 0.0, 1, 1, 1, 1, 1]}}, {"type": "Feature", "geometry": {"type": "Point", "coordinates": [3.45616, 41.583099]}, "properties": {"var_data": [-0.131, -0.023, 0.029, 0.014, 0.73, 0.0, 1, 1, 1, 1, 1]}}, {"type": "Feature", "geometry": {"type": "Point", "coordinates": [3.4915, 41.583099]}, "properties": {"var_data": [-0.071, -0.02, 0.012, 0.009, 1.16, 0.0, 1, 1, 1, 1, 1]}}, {"type": "Feature", "geometry": {"type": "Point", "coordinates": [3.52684, 41.583099]}, "properties": {"var_data": [-0.077, -0.056, 0.012, 0.009, 0.881, 0.0, 1, 1, 1, 1, 1]}}, {"type": "Feature", "geometry": {"type": "Point", "coordinates": [3.56218, 41.583099]}, "properties": {"var_data": [-0.101, -0.069, 0.013, 0.01, 1.224, 0.0, 1, 1, 1, 1, 1]}}, {"type": "Feature", "geometry": {"type": "Point", "coordinates": [3.59752, 41.583099]}, "properties": {"var_data": [-0.112, -0.049, 0.013, 0.009, 1.213, 0.0, 1, 0, 1, 1, 1]}}, {"type": "Feature", "geometry": {"type": "Point", "coordinates": [2.67868, 41.6101]}, "properties": {"var_data": [0.387, 0.03, 0.005, 0.032, 0.598, -0.0, 1, 1, 1, 1, 1]}}, {"type": "Feature", "geometry": {"type": "Point", "coordinates": [2.71402, 41.6101]}, "properties": {"var_data": [0.238, 0.159, 0.005, 0.023, 0.523, -0.0, 1, 1, 1, 1, 1]}}, {"type": "Feature", "geometry": {"type": "Point", "coordinates": [2.74936, 41.6101]}, "properties": {"var_data": [0.095, 0.281, 0.006, 0.018, 0.436, -0.0, 1, 1, 1, 1, 1]}}, {"type": "Feature", "geometry": {"type": "Point", "coordinates": [2.7847, 41.6101]}, "properties": {"var_data": [0.047, 0.296, 0.018, 0.016, 0.378, -0.0, 1, 1, 1, 1, 1]}}, {"type": "Feature", "geometry": {"type": "Point", "coordinates": [2.82004, 41.6101]}, "properties": {"var_data": [0.135, 0.225, 0.009, 0.007, 0.333, -0.0, 1, 1, 1, 1, 1]}}, {"type": "Feature", "geometry": {"type": "Point", "coordinates": [2.85538, 41.6101]}, "properties": {"var_data": [0.245, 0.16, 0.009, 0.005, 0.296, -0.0, 1, 1, 1, 1, 1]}}, {"type": "Feature", "geometry": {"type": "Point", "coordinates": [2.89072, 41.6101]}, "properties": {"var_data": [0.212, 0.128, 0.009, 0.004, 0.271, -0.0, 1, 1, 1, 1, 1]}}, {"type": "Feature", "geometry": {"type": "Point", "coordinates": [2.92606, 41.6101]}, "properties": {"var_data": [0.173, 0.083, 0.008, 0.004, 0.255, 0.0, 1, 1, 1, 1, 1]}}, {"type": "Feature", "geometry": {"type": "Point", "coordinates": [2.9614, 41.6101]}, "properties": {"var_data": [0.128, 0.024, 0.012, 0.008, 0.275, 0.0, 1, 1, 1, 1, 1]}}, {"type": "Feature", "geometry": {"type": "Point", "coordinates": [2.99674, 41.6101]}, "properties": {"var_data": [0.093, -0.05, 0.014, 0.011, 0.319, 0.0, 1, 1, 1, 1, 1]}}, {"type": "Feature", "geometry": {"type": "Point", "coordinates": [3.03208, 41.6101]}, "properties": {"var_data": [0.096, -0.101, 0.005, 0.006, 0.368, 0.0, 1, 1, 1, 1, 1]}}, {"type": "Feature", "geometry": {"type": "Point", "coordinates": [3.06742, 41.6101]}, "properties": {"var_data": [0.113, -0.12, 0.005, 0.008, 0.364, 0.0, 1, 1, 1, 1, 1]}}, {"type": "Feature", "geometry": {"type": "Point", "coordinates": [3.10276, 41.6101]}, "properties": {"var_data": [0.131, -0.106, 0.005, 0.007, 0.341, 0.0, 1, 1, 1, 1, 1]}}, {"type": "Feature", "geometry": {"type": "Point", "coordinates": [3.1381, 41.6101]}, "properties": {"var_data": [0.134, -0.111, 0.005, 0.008, 0.371, -0.0, 1, 1, 1, 1, 1]}}, {"type": "Feature", "geometry": {"type": "Point", "coordinates": [3.17344, 41.6101]}, "properties": {"var_data": [0.151, -0.087, 0.011, 0.007, 0.297, -0.0, 1, 1, 1, 1, 1]}}, {"type": "Feature", "geometry": {"type": "Point", "coordinates": [3.20878, 41.6101]}, "properties": {"var_data": [0.116, -0.087, 0.011, 0.014, 0.322, 0.0, 1, 1, 1, 1, 1]}}, {"type": "Feature", "geometry": {"type": "Point", "coordinates": [3.24412, 41.6101]}, "properties": {"var_data": [0.119, -0.068, 0.008, 0.011, 0.302, 0.0, 1, 1, 1, 1, 1]}}, {"type": "Feature", "geometry": {"type": "Point", "coordinates": [3.27946, 41.6101]}, "properties": {"var_data": [0.079, -0.061, 0.011, 0.013, 0.332, 0.0, 1, 1, 1, 1, 1]}}, {"type": "Feature", "geometry": {"type": "Point", "coordinates": [3.3148, 41.6101]}, "properties": {"var_data": [0.027, -0.049, 0.011, 0.014, 0.355, 0.0, 1, 1, 1, 1, 1]}}, {"type": "Feature", "geometry": {"type": "Point", "coordinates": [3.35014, 41.6101]}, "properties": {"var_data": [-0.054, -0.062, 0.016, 0.013, 0.402, 0.0, 1, 1, 1, 1, 1]}}, {"type": "Feature", "geometry": {"type": "Point", "coordinates": [3.38548, 41.6101]}, "properties": {"var_data": [-0.09, -0.069, 0.015, 0.02, 0.463, 0.0, 1, 1, 1, 1, 1]}}, {"type": "Feature", "geometry": {"type": "Point", "coordinates": [3.42082, 41.6101]}, "properties": {"var_data": [-0.112, -0.059, 0.017, 0.018, 0.526, 0.0, 1, 1, 1, 1, 1]}}, {"type": "Feature", "geometry": {"type": "Point", "coordinates": [3.45616, 41.6101]}, "properties": {"var_data": [-0.132, -0.031, 0.031, 0.032, 0.752, 0.001, 1, 1, 1, 1, 1]}}, {"type": "Feature", "geometry": {"type": "Point", "coordinates": [3.52684, 41.6101]}, "properties": {"var_data": [-0.073, -0.078, 0.012, 0.005, 1.183, 0.0, 1, 1, 1, 1, 1]}}, {"type": "Feature", "geometry": {"type": "Point", "coordinates": [3.56218, 41.6101]}, "properties": {"var_data": [-0.113, -0.111, 0.012, 0.005, 1.224, 0.0, 1, 1, 1, 1, 1]}}, {"type": "Feature", "geometry": {"type": "Point", "coordinates": [3.59752, 41.6101]}, "properties": {"var_data": [-0.129, -0.084, 0.013, 0.009, 1.206, 0.0, 1, 0, 1, 1, 1]}}, {"type": "Feature", "geometry": {"type": "Point", "coordinates": [2.74936, 41.6371]}, "properties": {"var_data": [-0.031, 0.422, 0.074, 0.077, 0.805, -0.005, 1, 1, 1, 1, 1]}}, {"type": "Feature", "geometry": {"type": "Point", "coordinates": [2.7847, 41.6371]}, "properties": {"var_data": [0.032, 0.35, 0.043, 0.032, 0.52, -0.001, 1, 1, 1, 1, 1]}}, {"type": "Feature", "geometry": {"type": "Point", "coordinates": [2.82004, 41.6371]}, "properties": {"var_data": [0.184, 0.25, 0.023, 0.012, 0.414, -0.0, 1, 1, 1, 1, 1]}}, {"type": "Feature", "geometry": {"type": "Point", "coordinates": [2.85538, 41.6371]}, "properties": {"var_data": [0.36, 0.159, 0.009, 0.005, 0.296, -0.0, 1, 1, 1, 1, 1]}}, {"type": "Feature", "geometry": {"type": "Point", "coordinates": [2.89072, 41.6371]}, "properties": {"var_data": [0.376, 0.15, 0.006, 0.003, 0.245, 0.0, 1, 1, 1, 1, 1]}}, {"type": "Feature", "geometry": {"type": "Point", "coordinates": [2.92606, 41.6371]}, "properties": {"var_data": [0.321, 0.112, 0.007, 0.004, 0.246, 0.0, 1, 1, 1, 1, 1]}}, {"type": "Feature", "geometry": {"type": "Point", "coordinates": [2.9614, 41.6371]}, "properties": {"var_data": [0.275, 0.038, 0.01, 0.007, 0.295, 0.0, 1, 1, 1, 1, 1]}}, {"type": "Feature", "geometry": {"type": "Point", "coordinates": [2.99674, 41.6371]}, "properties": {"var_data": [0.246, -0.019, 0.012, 0.01, 0.34, 0.0, 1, 1, 1, 1, 1]}}, {"type": "Feature", "geometry": {"type": "Point", "coordinates": [3.03208, 41.6371]}, "properties": {"var_data": [0.247, -0.05, 0.013, 0.014, 0.421, 0.0, 1, 1, 1, 1, 1]}}, {"type": "Feature", "geometry": {"type": "Point", "coordinates": [3.06742, 41.6371]}, "properties": {"var_data": [0.232, -0.077, 0.004, 0.006, 0.376, 0.0, 1, 1, 1, 1, 1]}}, {"type": "Feature", "geometry": {"type": "Point", "coordinates": [3.10276, 41.6371]}, "properties": {"var_data": [0.215, -0.102, 0.005, 0.007, 0.345, 0.0, 1, 1, 1, 1, 1]}}, {"type": "Feature", "geometry": {"type": "Point", "coordinates": [3.1381, 41.6371]}, "properties": {"var_data": [0.225, -0.083, 0.005, 0.008, 0.372, -0.0, 1, 1, 1, 1, 1]}}, {"type": "Feature", "geometry": {"type": "Point", "coordinates": [3.17344, 41.6371]}, "properties": {"var_data": [0.209, -0.059, 0.01, 0.007, 0.289, 0.0, 1, 1, 1, 1, 1]}}, {"type": "Feature", "geometry": {"type": "Point", "coordinates": [3.20878, 41.6371]}, "properties": {"var_data": [0.153, -0.079, 0.009, 0.008, 0.298, -0.0, 1, 1, 1, 1, 1]}}, {"type": "Feature", "geometry": {"type": "Point", "coordinates": [3.24412, 41.6371]}, "properties": {"var_data": [0.134, -0.058, 0.009, 0.012, 0.283, 0.0, 1, 1, 1, 1, 1]}}, {"type": "Feature", "geometry": {"type": "Point", "coordinates": [3.27946, 41.6371]}, "properties": {"var_data": [0.101, -0.056, 0.01, 0.012, 0.303, 0.0, 1, 1, 1, 1, 1]}}, {"type": "Feature", "geometry": {"type": "Point", "coordinates": [3.3148, 41.6371]}, "properties": {"var_data": [0.057, -0.081, 0.012, 0.013, 0.332, 0.0, 1, 1, 1, 1, 1]}}, {"type": "Feature", "geometry": {"type": "Point", "coordinates": [3.35014, 41.6371]}, "properties": {"var_data": [-0.022, -0.058, 0.015, 0.01, 0.371, 0.0, 1, 1, 1, 1, 1]}}, {"type": "Feature", "geometry": {"type": "Point", "coordinates": [3.38548, 41.6371]}, "properties": {"var_data": [-0.068, -0.074, 0.017, 0.012, 0.46, 0.0, 1, 1, 1, 1, 1]}}, {"type": "Feature", "geometry": {"type": "Point", "coordinates": [3.42082, 41.6371]}, "properties": {"var_data": [-0.096, -0.051, 0.018, 0.019, 0.512, 0.0, 1, 1, 1, 1, 1]}}, {"type": "Feature", "geometry": {"type": "Point", "coordinates": [3.45616, 41.6371]}, "properties": {"var_data": [-0.101, -0.03, 0.031, 0.03, 0.716, 0.0, 1, 1, 1, 1, 1]}}, {"type": "Feature", "geometry": {"type": "Point", "coordinates": [3.4915, 41.6371]}, "properties": {"var_data": [-0.083, -0.087, 0.099, 0.028, 1.014, 0.003, 1, 1, 1, 1, 1]}}, {"type": "Feature", "geometry": {"type": "Point", "coordinates": [3.52684, 41.6371]}, "properties": {"var_data": [-0.107, -0.102, 0.101, 0.029, 1.025, 0.003, 1, 1, 1, 1, 1]}}, {"type": "Feature", "geometry": {"type": "Point", "coordinates": [3.56218, 41.6371]}, "properties": {"var_data": [-0.168, -0.107, 0.094, 0.027, 1.02, 0.003, 1, 1, 1, 1, 1]}}, {"type": "Feature", "geometry": {"type": "Point", "coordinates": [2.85538, 41.664101]}, "properties": {"var_data": [0.447, 0.156, 0.014, 0.005, 0.31, -0.0, 1, 1, 1, 1, 1]}}, {"type": "Feature", "geometry": {"type": "Point", "coordinates": [2.89072, 41.664101]}, "properties": {"var_data": [0.495, 0.154, 0.007, 0.004, 0.224, 0.0, 1, 1, 1, 1, 1]}}, {"type": "Feature", "geometry": {"type": "Point", "coordinates": [2.92606, 41.664101]}, "properties": {"var_data": [0.501, 0.159, 0.006, 0.004, 0.205, 0.0, 1, 1, 1, 1, 1]}}, {"type": "Feature", "geometry": {"type": "Point", "coordinates": [2.9614, 41.664101]}, "properties": {"var_data": [0.475, 0.134, 0.005, 0.005, 0.238, 0.0, 1, 1, 1, 1, 1]}}, {"type": "Feature", "geometry": {"type": "Point", "coordinates": [2.99674, 41.664101]}, "properties": {"var_data": [0.439, 0.102, 0.005, 0.006, 0.326, 0.0, 1, 1, 1, 1, 1]}}, {"type": "Feature", "geometry": {"type": "Point", "coordinates": [3.03208, 41.664101]}, "properties": {"var_data": [0.408, 0.057, 0.005, 0.011, 0.445, 0.0, 1, 1, 1, 1, 1]}}, {"type": "Feature", "geometry": {"type": "Point", "coordinates": [3.06742, 41.664101]}, "properties": {"var_data": [0.365, -0.027, 0.008, 0.02, 0.585, 0.0, 1, 1, 1, 1, 1]}}, {"type": "Feature", "geometry": {"type": "Point", "coordinates": [3.10276, 41.664101]}, "properties": {"var_data": [0.343, -0.036, 0.007, 0.008, 0.329, 0.0, 1, 1, 1, 1, 1]}}, {"type": "Feature", "geometry": {"type": "Point", "coordinates": [3.1381, 41.664101]}, "properties": {"var_data": [0.315, -0.021, 0.009, 0.008, 0.32, 0.0, 1, 1, 1, 1, 1]}}, {"type": "Feature", "geometry": {"type": "Point", "coordinates": [3.17344, 41.664101]}, "properties": {"var_data": [0.269, -0.034, 0.009, 0.007, 0.269, -0.0, 1, 1, 1, 1, 1]}}, {"type": "Feature", "geometry": {"type": "Point", "coordinates": [3.20878, 41.664101]}, "properties": {"var_data": [0.2, -0.069, 0.008, 0.014, 0.291, 0.0, 1, 1, 1, 1, 1]}}, {"type": "Feature", "geometry": {"type": "Point", "coordinates": [3.24412, 41.664101]}, "properties": {"var_data": [0.17, -0.063, 0.009, 0.012, 0.282, 0.0, 1, 1, 1, 1, 1]}}, {"type": "Feature", "geometry": {"type": "Point", "coordinates": [3.27946, 41.664101]}, "properties": {"var_data": [0.118, -0.053, 0.01, 0.013, 0.3, 0.0, 1, 1, 1, 1, 1]}}, {"type": "Feature", "geometry": {"type": "Point", "coordinates": [3.3148, 41.664101]}, "properties": {"var_data": [0.064, -0.058, 0.012, 0.01, 0.328, 0.0, 1, 1, 1, 1, 1]}}, {"type": "Feature", "geometry": {"type": "Point", "coordinates": [3.35014, 41.664101]}, "properties": {"var_data": [-0.008, -0.07, 0.017, 0.01, 0.379, 0.0, 1, 1, 1, 1, 1]}}, {"type": "Feature", "geometry": {"type": "Point", "coordinates": [3.38548, 41.664101]}, "properties": {"var_data": [-0.03, -0.061, 0.017, 0.012, 0.467, 0.0, 1, 1, 1, 1, 1]}}, {"type": "Feature", "geometry": {"type": "Point", "coordinates": [3.42082, 41.664101]}, "properties": {"var_data": [-0.082, -0.087, 0.034, 0.012, 1.064, 0.0, 1, 1, 1, 1, 1]}}, {"type": "Feature", "geometry": {"type": "Point", "coordinates": [3.45616, 41.664101]}, "properties": {"var_data": [-0.041, -0.059, 0.035, 0.015, 1.104, 0.0, 1, 1, 1, 1, 1]}}, {"type": "Feature", "geometry": {"type": "Point", "coordinates": [3.4915, 41.664101]}, "properties": {"var_data": [-0.1, -0.116, 0.098, 0.028, 1.006, 0.003, 1, 1, 1, 1, 1]}}, {"type": "Feature", "geometry": {"type": "Point", "coordinates": [3.52684, 41.664101]}, "properties": {"var_data": [-0.145, -0.183, 0.103, 0.029, 1.042, 0.003, 1, 1, 1, 1, 1]}}, {"type": "Feature", "geometry": {"type": "Point", "coordinates": [3.56218, 41.664101]}, "properties": {"var_data": [-0.102, -0.143, 0.053, 0.016, 0.758, 0.001, 1, 1, 1, 1, 1]}}, {"type": "Feature", "geometry": {"type": "Point", "coordinates": [3.59752, 41.664101]}, "properties": {"var_data": [-0.092, -0.124, 0.052, 0.016, 0.766, 0.001, 1, 1, 1, 1, 1]}}, {"type": "Feature", "geometry": {"type": "Point", "coordinates": [3.63286, 41.664101]}, "properties": {"var_data": [-0.023, -0.059, 0.067, 0.029, 1.133, 0.002, 1, 1, 1, 1, 1]}}, {"type": "Feature", "geometry": {"type": "Point", "coordinates": [3.10276, 41.691101]}, "properties": {"var_data": [0.452, 0.032, 0.006, 0.02, 0.36, 0.0, 1, 1, 1, 1, 1]}}, {"type": "Feature", "geometry": {"type": "Point", "coordinates": [3.1381, 41.691101]}, "properties": {"var_data": [0.383, -0.001, 0.007, 0.008, 0.321, -0.0, 1, 1, 1, 1, 1]}}, {"type": "Feature", "geometry": {"type": "Point", "coordinates": [3.17344, 41.691101]}, "properties": {"var_data": [0.31, -0.032, 0.009, 0.015, 0.28, 0.0, 1, 1, 1, 1, 1]}}, {"type": "Feature", "geometry": {"type": "Point", "coordinates": [3.20878, 41.691101]}, "properties": {"var_data": [0.245, -0.035, 0.009, 0.015, 0.288, 0.0, 1, 1, 1, 1, 1]}}, {"type": "Feature", "geometry": {"type": "Point", "coordinates": [3.24412, 41.691101]}, "properties": {"var_data": [0.195, -0.056, 0.009, 0.014, 0.292, 0.0, 1, 1, 1, 1, 1]}}, {"type": "Feature", "geometry": {"type": "Point", "coordinates": [3.27946, 41.691101]}, "properties": {"var_data": [0.128, -0.06, 0.011, 0.012, 0.303, 0.0, 1, 1, 1, 1, 1]}}, {"type": "Feature", "geometry": {"type": "Point", "coordinates": [3.3148, 41.691101]}, "properties": {"var_data": [0.075, -0.057, 0.013, 0.01, 0.348, 0.0, 1, 1, 1, 1, 1]}}, {"type": "Feature", "geometry": {"type": "Point", "coordinates": [3.35014, 41.691101]}, "properties": {"var_data": [0.016, -0.066, 0.022, 0.012, 0.436, 0.0, 1, 1, 1, 1, 1]}}, {"type": "Feature", "geometry": {"type": "Point", "coordinates": [3.38548, 41.691101]}, "properties": {"var_data": [-0.016, -0.08, 0.02, 0.012, 0.506, 0.0, 1, 1, 1, 1, 1]}}, {"type": "Feature", "geometry": {"type": "Point", "coordinates": [3.42082, 41.691101]}, "properties": {"var_data": [-0.042, -0.084, 0.034, 0.013, 1.062, 0.0, 1, 1, 1, 1, 1]}}, {"type": "Feature", "geometry": {"type": "Point", "coordinates": [3.4915, 41.691101]}, "properties": {"var_data": [-0.108, -0.139, 0.099, 0.028, 1.006, 0.003, 1, 1, 1, 1, 1]}}, {"type": "Feature", "geometry": {"type": "Point", "coordinates": [3.52684, 41.691101]}, "properties": {"var_data": [-0.124, -0.19, 0.09, 0.026, 1.03, 0.002, 1, 1, 1, 1, 1]}}, {"type": "Feature", "geometry": {"type": "Point", "coordinates": [3.56218, 41.691101]}, "properties": {"var_data": [-0.091, -0.159, 0.053, 0.016, 0.759, 0.001, 1, 1, 1, 1, 1]}}, {"type": "Feature", "geometry": {"type": "Point", "coordinates": [3.59752, 41.691101]}, "properties": {"var_data": [-0.089, -0.136, 0.056, 0.026, 0.815, 0.001, 1, 1, 1, 1, 1]}}, {"type": "Feature", "geometry": {"type": "Point", "coordinates": [3.63286, 41.691101]}, "properties": {"var_data": [-0.022, -0.112, 0.066, 0.029, 1.123, 0.002, 1, 1, 1, 1, 1]}}, {"type": "Feature", "geometry": {"type": "Point", "coordinates": [3.6682, 41.691101]}, "properties": {"var_data": [-0.012, -0.054, 0.066, 0.04, 1.175, 0.002, 1, 1, 1, 1, 1]}}, {"type": "Feature", "geometry": {"type": "Point", "coordinates": [3.10276, 41.718102]}, "properties": {"var_data": [0.521, 0.087, 0.006, 0.023, 0.4, 0.0, 1, 1, 1, 1, 1]}}, {"type": "Feature", "geometry": {"type": "Point", "coordinates": [3.1381, 41.718102]}, "properties": {"var_data": [0.449, 0.03, 0.006, 0.022, 0.346, -0.0, 1, 1, 1, 1, 1]}}, {"type": "Feature", "geometry": {"type": "Point", "coordinates": [3.17344, 41.718102]}, "properties": {"var_data": [0.373, -0.004, 0.007, 0.015, 0.276, -0.0, 1, 1, 1, 1, 1]}}, {"type": "Feature", "geometry": {"type": "Point", "coordinates": [3.20878, 41.718102]}, "properties": {"var_data": [0.293, -0.003, 0.007, 0.014, 0.286, -0.0, 1, 1, 1, 1, 1]}}, {"type": "Feature", "geometry": {"type": "Point", "coordinates": [3.24412, 41.718102]}, "properties": {"var_data": [0.209, -0.045, 0.011, 0.01, 0.303, 0.0, 1, 1, 1, 1, 1]}}, {"type": "Feature", "geometry": {"type": "Point", "coordinates": [3.27946, 41.718102]}, "properties": {"var_data": [0.145, -0.063, 0.018, 0.01, 0.354, 0.0, 1, 1, 1, 1, 1]}}, {"type": "Feature", "geometry": {"type": "Point", "coordinates": [3.3148, 41.718102]}, "properties": {"var_data": [0.094, -0.066, 0.022, 0.012, 0.431, 0.0, 1, 1, 1, 1, 1]}}, {"type": "Feature", "geometry": {"type": "Point", "coordinates": [3.35014, 41.718102]}, "properties": {"var_data": [0.01, -0.067, 0.027, 0.005, 0.613, 0.0, 1, 1, 1, 1, 1]}}, {"type": "Feature", "geometry": {"type": "Point", "coordinates": [3.38548, 41.718102]}, "properties": {"var_data": [-0.016, -0.102, 0.014, 0.004, 0.542, 0.0, 1, 1, 1, 1, 1]}}, {"type": "Feature", "geometry": {"type": "Point", "coordinates": [3.4915, 41.718102]}, "properties": {"var_data": [-0.121, -0.194, 0.098, 0.028, 1.006, 0.003, 1, 1, 1, 1, 1]}}, {"type": "Feature", "geometry": {"type": "Point", "coordinates": [3.52684, 41.718102]}, "properties": {"var_data": [-0.127, -0.202, 0.091, 0.029, 1.025, 0.003, 1, 1, 1, 1, 1]}}, {"type": "Feature", "geometry": {"type": "Point", "coordinates": [3.56218, 41.718102]}, "properties": {"var_data": [-0.078, -0.181, 0.054, 0.019, 0.766, 0.001, 1, 1, 1, 1, 1]}}, {"type": "Feature", "geometry": {"type": "Point", "coordinates": [3.59752, 41.718102]}, "properties": {"var_data": [-0.044, -0.152, 0.066, 0.03, 1.126, 0.002, 1, 1, 1, 1, 1]}}, {"type": "Feature", "geometry": {"type": "Point", "coordinates": [3.63286, 41.718102]}, "properties": {"var_data": [-0.044, -0.152, 0.066, 0.03, 1.126, 0.002, 1, 1, 1, 1, 1]}}, {"type": "Feature", "geometry": {"type": "Point", "coordinates": [3.6682, 41.718102]}, "properties": {"var_data": [-0.024, -0.086, 0.067, 0.064, 1.257, 0.002, 1, 1, 1, 1, 1]}}, {"type": "Feature", "geometry": {"type": "Point", "coordinates": [3.10276, 41.745098]}, "properties": {"var_data": [0.538, 0.074, 0.005, 0.021, 0.377, -0.0, 1, 1, 1, 1, 1]}}, {"type": "Feature", "geometry": {"type": "Point", "coordinates": [3.1381, 41.745098]}, "properties": {"var_data": [0.444, 0.018, 0.007, 0.026, 0.358, -0.0, 1, 1, 1, 1, 1]}}, {"type": "Feature", "geometry": {"type": "Point", "coordinates": [3.17344, 41.745098]}, "properties": {"var_data": [0.343, 0.017, 0.007, 0.015, 0.295, -0.0, 1, 1, 1, 1, 1]}}, {"type": "Feature", "geometry": {"type": "Point", "coordinates": [3.20878, 41.745098]}, "properties": {"var_data": [0.277, 0.037, 0.008, 0.014, 0.288, -0.0, 1, 1, 1, 1, 1]}}, {"type": "Feature", "geometry": {"type": "Point", "coordinates": [3.24412, 41.745098]}, "properties": {"var_data": [0.208, -0.024, 0.008, 0.011, 0.327, -0.0, 1, 1, 1, 1, 1]}}, {"type": "Feature", "geometry": {"type": "Point", "coordinates": [3.27946, 41.745098]}, "properties": {"var_data": [0.154, -0.04, 0.037, 0.011, 0.381, -0.0, 1, 1, 1, 1, 1]}}, {"type": "Feature", "geometry": {"type": "Point", "coordinates": [3.3148, 41.745098]}, "properties": {"var_data": [0.023, -0.084, 0.014, 0.004, 0.405, 0.0, 1, 1, 1, 1, 1]}}, {"type": "Feature", "geometry": {"type": "Point", "coordinates": [3.35014, 41.745098]}, "properties": {"var_data": [-0.037, -0.085, 0.014, 0.004, 0.54, 0.0, 1, 1, 1, 1, 1]}}, {"type": "Feature", "geometry": {"type": "Point", "coordinates": [3.38548, 41.745098]}, "properties": {"var_data": [-0.096, -0.136, 0.013, 0.005, 0.608, 0.0, 1, 1, 1, 1, 1]}}, {"type": "Feature", "geometry": {"type": "Point", "coordinates": [3.42082, 41.745098]}, "properties": {"var_data": [-0.106, -0.163, 0.014, 0.005, 0.732, 0.0, 1, 1, 1, 1, 1]}}, {"type": "Feature", "geometry": {"type": "Point", "coordinates": [3.45616, 41.745098]}, "properties": {"var_data": [-0.091, -0.203, 0.026, 0.01, 0.728, 0.0, 1, 1, 1, 1, 1]}}, {"type": "Feature", "geometry": {"type": "Point", "coordinates": [3.4915, 41.745098]}, "properties": {"var_data": [-0.068, -0.194, 0.042, 0.014, 0.736, 0.0, 1, 1, 1, 1, 1]}}, {"type": "Feature", "geometry": {"type": "Point", "coordinates": [3.52684, 41.745098]}, "properties": {"var_data": [-0.069, -0.203, 0.042, 0.014, 0.741, 0.001, 1, 1, 1, 1, 1]}}, {"type": "Feature", "geometry": {"type": "Point", "coordinates": [3.56218, 41.745098]}, "properties": {"var_data": [-0.026, -0.186, 0.063, 0.024, 1.075, 0.001, 1, 1, 1, 1, 1]}}, {"type": "Feature", "geometry": {"type": "Point", "coordinates": [3.59752, 41.745098]}, "properties": {"var_data": [-0.05, -0.17, 0.066, 0.029, 1.117, 0.002, 1, 1, 1, 1, 1]}}, {"type": "Feature", "geometry": {"type": "Point", "coordinates": [3.63286, 41.745098]}, "properties": {"var_data": [-0.047, -0.162, 0.066, 0.03, 1.139, 0.002, 1, 1, 1, 1, 1]}}, {"type": "Feature", "geometry": {"type": "Point", "coordinates": [3.1381, 41.772099]}, "properties": {"var_data": [0.389, 0.005, 0.01, 0.035, 0.467, -0.0, 1, 1, 1, 1, 1]}}, {"type": "Feature", "geometry": {"type": "Point", "coordinates": [3.17344, 41.772099]}, "properties": {"var_data": [0.285, 0.05, 0.008, 0.02, 0.332, -0.0, 1, 1, 1, 1, 1]}}, {"type": "Feature", "geometry": {"type": "Point", "coordinates": [3.20878, 41.772099]}, "properties": {"var_data": [0.194, 0.059, 0.008, 0.018, 0.317, -0.0, 1, 1, 1, 1, 1]}}, {"type": "Feature", "geometry": {"type": "Point", "coordinates": [3.24412, 41.772099]}, "properties": {"var_data": [0.152, -0.007, 0.033, 0.011, 0.308, -0.0, 1, 1, 1, 1, 1]}}, {"type": "Feature", "geometry": {"type": "Point", "coordinates": [3.27946, 41.772099]}, "properties": {"var_data": [0.121, -0.021, 0.032, 0.011, 0.329, -0.0, 1, 1, 1, 1, 1]}}, {"type": "Feature", "geometry": {"type": "Point", "coordinates": [3.3148, 41.772099]}, "properties": {"var_data": [0.037, -0.085, 0.015, 0.004, 0.391, 0.0, 1, 1, 1, 1, 1]}}, {"type": "Feature", "geometry": {"type": "Point", "coordinates": [3.35014, 41.772099]}, "properties": {"var_data": [-0.045, -0.108, 0.014, 0.004, 0.535, 0.0, 1, 1, 1, 1, 1]}}, {"type": "Feature", "geometry": {"type": "Point", "coordinates": [3.38548, 41.772099]}, "properties": {"var_data": [-0.075, -0.114, 0.014, 0.005, 0.605, 0.0, 1, 1, 1, 1, 1]}}, {"type": "Feature", "geometry": {"type": "Point", "coordinates": [3.42082, 41.772099]}, "properties": {"var_data": [-0.093, -0.159, 0.013, 0.004, 0.602, 0.0, 1, 1, 1, 1, 1]}}, {"type": "Feature", "geometry": {"type": "Point", "coordinates": [3.45616, 41.772099]}, "properties": {"var_data": [-0.083, -0.199, 0.025, 0.01, 0.539, 0.0, 1, 1, 1, 1, 1]}}, {"type": "Feature", "geometry": {"type": "Point", "coordinates": [3.4915, 41.772099]}, "properties": {"var_data": [-0.076, -0.215, 0.04, 0.013, 0.605, 0.0, 1, 1, 1, 1, 1]}}, {"type": "Feature", "geometry": {"type": "Point", "coordinates": [3.52684, 41.772099]}, "properties": {"var_data": [-0.07, -0.21, 0.042, 0.014, 0.745, 0.001, 1, 1, 1, 1, 1]}}, {"type": "Feature", "geometry": {"type": "Point", "coordinates": [3.56218, 41.772099]}, "properties": {"var_data": [-0.07, -0.213, 0.042, 0.015, 0.763, 0.001, 1, 1, 1, 1, 1]}}, {"type": "Feature", "geometry": {"type": "Point", "coordinates": [3.17344, 41.799099]}, "properties": {"var_data": [0.16, 0.104, 0.009, 0.027, 0.354, -0.0, 1, 1, 1, 1, 1]}}, {"type": "Feature", "geometry": {"type": "Point", "coordinates": [3.20878, 41.799099]}, "properties": {"var_data": [0.088, 0.111, 0.035, 0.021, 0.342, -0.0, 1, 1, 1, 1, 1]}}, {"type": "Feature", "geometry": {"type": "Point", "coordinates": [3.24412, 41.799099]}, "properties": {"var_data": [0.101, 0.003, 0.03, 0.017, 0.316, -0.0, 1, 1, 1, 1, 1]}}, {"type": "Feature", "geometry": {"type": "Point", "coordinates": [3.27946, 41.799099]}, "properties": {"var_data": [0.129, 0.001, 0.034, 0.015, 0.355, -0.0, 1, 1, 1, 1, 1]}}, {"type": "Feature", "geometry": {"type": "Point", "coordinates": [3.3148, 41.799099]}, "properties": {"var_data": [0.05, -0.094, 0.015, 0.004, 0.41, 0.0, 1, 1, 1, 1, 1]}}, {"type": "Feature", "geometry": {"type": "Point", "coordinates": [3.35014, 41.799099]}, "properties": {"var_data": [-0.039, -0.113, 0.014, 0.005, 0.479, 0.0, 1, 1, 1, 1, 1]}}, {"type": "Feature", "geometry": {"type": "Point", "coordinates": [3.38548, 41.799099]}, "properties": {"var_data": [-0.072, -0.147, 0.014, 0.005, 0.605, 0.0, 1, 1, 1, 1, 1]}}, {"type": "Feature", "geometry": {"type": "Point", "coordinates": [3.42082, 41.799099]}, "properties": {"var_data": [-0.082, -0.176, 0.014, 0.01, 0.594, 0.0, 1, 1, 1, 1, 1]}}, {"type": "Feature", "geometry": {"type": "Point", "coordinates": [3.45616, 41.799099]}, "properties": {"var_data": [-0.057, -0.194, 0.022, 0.009, 0.487, 0.0, 1, 1, 1, 1, 1]}}, {"type": "Feature", "geometry": {"type": "Point", "coordinates": [3.4915, 41.799099]}, "properties": {"var_data": [-0.052, -0.216, 0.031, 0.011, 0.555, 0.0, 1, 1, 1, 1, 1]}}, {"type": "Feature", "geometry": {"type": "Point", "coordinates": [3.52684, 41.799099]}, "properties": {"var_data": [-0.049, -0.22, 0.031, 0.011, 0.555, 0.0, 1, 1, 1, 1, 1]}}, {"type": "Feature", "geometry": {"type": "Point", "coordinates": [3.56218, 41.799099]}, "properties": {"var_data": [-0.021, -0.189, 0.025, 0.021, 0.622, 0.0, 1, 1, 1, 1, 1]}}, {"type": "Feature", "geometry": {"type": "Point", "coordinates": [3.59752, 41.799099]}, "properties": {"var_data": [0.022, -0.186, 0.041, 0.025, 1.089, 0.001, 1, 1, 1, 1, 1]}}, {"type": "Feature", "geometry": {"type": "Point", "coordinates": [3.17344, 41.826099]}, "properties": {"var_data": [0.0, 0.134, 0.024, 0.031, 0.4, -0.001, 1, 1, 1, 1, 1]}}, {"type": "Feature", "geometry": {"type": "Point", "coordinates": [3.20878, 41.826099]}, "properties": {"var_data": [0.025, 0.134, 0.019, 0.022, 0.355, -0.0, 1, 1, 1, 1, 1]}}, {"type": "Feature", "geometry": {"type": "Point", "coordinates": [3.24412, 41.826099]}, "properties": {"var_data": [0.08, 0.048, 0.032, 0.02, 0.351, -0.0, 1, 1, 1, 1, 1]}}, {"type": "Feature", "geometry": {"type": "Point", "coordinates": [3.27946, 41.826099]}, "properties": {"var_data": [0.123, -0.004, 0.036, 0.018, 0.345, -0.0, 1, 1, 1, 1, 1]}}, {"type": "Feature", "geometry": {"type": "Point", "coordinates": [3.3148, 41.826099]}, "properties": {"var_data": [0.093, -0.098, 0.04, 0.021, 0.462, -0.0, 1, 1, 1, 1, 1]}}, {"type": "Feature", "geometry": {"type": "Point", "coordinates": [3.35014, 41.826099]}, "properties": {"var_data": [0.08, -0.114, 0.013, 0.017, 0.53, -0.0, 1, 1, 1, 1, 1]}}, {"type": "Feature", "geometry": {"type": "Point", "coordinates": [3.38548, 41.826099]}, "properties": {"var_data": [0.041, -0.14, 0.013, 0.018, 0.614, -0.0, 1, 1, 1, 1, 1]}}, {"type": "Feature", "geometry": {"type": "Point", "coordinates": [3.42082, 41.826099]}, "properties": {"var_data": [-0.072, -0.199, 0.031, 0.013, 0.714, 0.0, 1, 1, 1, 1, 1]}}, {"type": "Feature", "geometry": {"type": "Point", "coordinates": [3.45616, 41.826099]}, "properties": {"var_data": [-0.038, -0.208, 0.033, 0.012, 0.609, 0.0, 1, 1, 1, 1, 1]}}, {"type": "Feature", "geometry": {"type": "Point", "coordinates": [3.4915, 41.826099]}, "properties": {"var_data": [-0.02, -0.234, 0.022, 0.01, 0.507, 0.0, 1, 1, 1, 1, 1]}}, {"type": "Feature", "geometry": {"type": "Point", "coordinates": [3.52684, 41.826099]}, "properties": {"var_data": [-0.018, -0.214, 0.02, 0.011, 0.48, 0.0, 1, 1, 1, 1, 1]}}, {"type": "Feature", "geometry": {"type": "Point", "coordinates": [3.56218, 41.826099]}, "properties": {"var_data": [0.007, -0.216, 0.03, 0.022, 0.686, 0.0, 1, 1, 1, 1, 1]}}, {"type": "Feature", "geometry": {"type": "Point", "coordinates": [3.59752, 41.826099]}, "properties": {"var_data": [0.014, -0.155, 0.042, 0.041, 1.127, 0.0, 1, 1, 1, 1, 1]}}, {"type": "Feature", "geometry": {"type": "Point", "coordinates": [3.70354, 41.826099]}, "properties": {"var_data": [0.026, -0.157, 0.042, 0.064, 1.184, 0.0, 1, 1, 1, 1, 1]}}, {"type": "Feature", "geometry": {"type": "Point", "coordinates": [3.73888, 41.826099]}, "properties": {"var_data": [0.026, -0.157, 0.042, 0.064, 1.184, 0.0, 1, 1, 1, 1, 1]}}, {"type": "Feature", "geometry": {"type": "Point", "coordinates": [3.77422, 41.826099]}, "properties": {"var_data": [0.019, -0.198, 0.038, 0.033, 1.191, 0.001, 1, 1, 1, 1, 1]}}, {"type": "Feature", "geometry": {"type": "Point", "coordinates": [3.17344, 41.8531]}, "properties": {"var_data": [-0.142, 0.184, 0.021, 0.025, 0.453, -0.0, 1, 1, 1, 1, 1]}}, {"type": "Feature", "geometry": {"type": "Point", "coordinates": [3.20878, 41.8531]}, "properties": {"var_data": [-0.094, 0.179, 0.02, 0.022, 0.423, -0.0, 1, 1, 1, 1, 1]}}, {"type": "Feature", "geometry": {"type": "Point", "coordinates": [3.24412, 41.8531]}, "properties": {"var_data": [0.007, 0.092, 0.017, 0.019, 0.362, -0.0, 1, 1, 1, 1, 1]}}, {"type": "Feature", "geometry": {"type": "Point", "coordinates": [3.27946, 41.8531]}, "properties": {"var_data": [0.066, -0.019, 0.04, 0.018, 0.38, -0.0, 1, 1, 1, 1, 1]}}, {"type": "Feature", "geometry": {"type": "Point", "coordinates": [3.3148, 41.8531]}, "properties": {"var_data": [0.085, -0.122, 0.014, 0.018, 0.472, -0.0, 1, 1, 1, 1, 1]}}, {"type": "Feature", "geometry": {"type": "Point", "coordinates": [3.35014, 41.8531]}, "properties": {"var_data": [0.119, -0.156, 0.013, 0.016, 0.539, -0.0, 1, 1, 1, 1, 1]}}, {"type": "Feature", "geometry": {"type": "Point", "coordinates": [3.38548, 41.8531]}, "properties": {"var_data": [0.143, -0.177, 0.011, 0.012, 0.732, -0.0, 1, 1, 1, 1, 1]}}, {"type": "Feature", "geometry": {"type": "Point", "coordinates": [3.42082, 41.8531]}, "properties": {"var_data": [0.046, -0.184, 0.006, 0.01, 0.541, -0.0, 1, 1, 1, 1, 1]}}, {"type": "Feature", "geometry": {"type": "Point", "coordinates": [3.45616, 41.8531]}, "properties": {"var_data": [0.0, -0.216, 0.007, 0.01, 0.489, -0.0, 1, 1, 1, 1, 1]}}, {"type": "Feature", "geometry": {"type": "Point", "coordinates": [3.4915, 41.8531]}, "properties": {"var_data": [0.006, -0.234, 0.007, 0.01, 0.506, -0.0, 1, 1, 1, 1, 1]}}, {"type": "Feature", "geometry": {"type": "Point", "coordinates": [3.52684, 41.8531]}, "properties": {"var_data": [0.052, -0.229, 0.023, 0.015, 0.645, 0.0, 1, 1, 1, 1, 1]}}, {"type": "Feature", "geometry": {"type": "Point", "coordinates": [3.56218, 41.8531]}, "properties": {"var_data": [0.055, -0.251, 0.026, 0.046, 0.768, -0.0, 1, 1, 1, 1, 1]}}, {"type": "Feature", "geometry": {"type": "Point", "coordinates": [3.6682, 41.8531]}, "properties": {"var_data": [0.032, -0.226, 0.042, 0.077, 1.323, -0.0, 4, 1, 1, 4, 1]}}, {"type": "Feature", "geometry": {"type": "Point", "coordinates": [3.70354, 41.8531]}, "properties": {"var_data": [0.032, -0.226, 0.042, 0.077, 1.323, -0.0, 4, 1, 1, 4, 1]}}, {"type": "Feature", "geometry": {"type": "Point", "coordinates": [3.73888, 41.8531]}, "properties": {"var_data": [-0.002, -0.151, 0.038, 0.036, 1.226, 0.001, 1, 1, 1, 1, 1]}}, {"type": "Feature", "geometry": {"type": "Point", "coordinates": [3.77422, 41.8531]}, "properties": {"var_data": [0.019, -0.198, 0.038, 0.033, 1.191, 0.001, 1, 1, 1, 1, 1]}}, {"type": "Feature", "geometry": {"type": "Point", "coordinates": [3.20878, 41.8801]}, "properties": {"var_data": [-0.194, 0.222, 0.019, 0.021, 0.475, -0.0, 1, 1, 1, 1, 1]}}, {"type": "Feature", "geometry": {"type": "Point", "coordinates": [3.24412, 41.8801]}, "properties": {"var_data": [-0.062, 0.111, 0.017, 0.018, 0.396, -0.0, 1, 1, 1, 1, 1]}}, {"type": "Feature", "geometry": {"type": "Point", "coordinates": [3.27946, 41.8801]}, "properties": {"var_data": [0.061, -0.025, 0.064, 0.017, 0.445, -0.0, 1, 1, 1, 1, 1]}}, {"type": "Feature", "geometry": {"type": "Point", "coordinates": [3.3148, 41.8801]}, "properties": {"var_data": [0.077, -0.121, 0.014, 0.018, 0.441, -0.0, 1, 1, 1, 1, 1]}}, {"type": "Feature", "geometry": {"type": "Point", "coordinates": [3.35014, 41.8801]}, "properties": {"var_data": [0.114, -0.158, 0.013, 0.015, 0.469, -0.0, 1, 1, 1, 1, 1]}}, {"type": "Feature", "geometry": {"type": "Point", "coordinates": [3.38548, 41.8801]}, "properties": {"var_data": [0.096, -0.202, 0.007, 0.011, 0.537, -0.0, 1, 1, 1, 1, 1]}}, {"type": "Feature", "geometry": {"type": "Point", "coordinates": [3.42082, 41.8801]}, "properties": {"var_data": [0.085, -0.209, 0.006, 0.01, 0.493, -0.0, 1, 1, 1, 1, 1]}}, {"type": "Feature", "geometry": {"type": "Point", "coordinates": [3.45616, 41.8801]}, "properties": {"var_data": [0.027, -0.216, 0.006, 0.008, 0.483, -0.0, 1, 1, 1, 1, 1]}}, {"type": "Feature", "geometry": {"type": "Point", "coordinates": [3.4915, 41.8801]}, "properties": {"var_data": [0.035, -0.214, 0.006, 0.01, 0.465, -0.0, 1, 1, 1, 1, 1]}}, {"type": "Feature", "geometry": {"type": "Point", "coordinates": [3.52684, 41.8801]}, "properties": {"var_data": [0.054, -0.268, 0.024, 0.028, 0.707, -0.0, 1, 1, 1, 1, 1]}}, {"type": "Feature", "geometry": {"type": "Point", "coordinates": [3.56218, 41.8801]}, "properties": {"var_data": [0.036, -0.237, 0.026, 0.028, 0.794, 0.0, 1, 1, 1, 1, 1]}}, {"type": "Feature", "geometry": {"type": "Point", "coordinates": [3.59752, 41.8801]}, "properties": {"var_data": [0.015, -0.217, 0.041, 0.056, 1.153, 0.0, 1, 0, 1, 1, 1]}}, {"type": "Feature", "geometry": {"type": "Point", "coordinates": [3.6682, 41.8801]}, "properties": {"var_data": [0.033, -0.258, 0.031, 0.048, 0.807, 0.0, 1, 1, 1, 1, 1]}}, {"type": "Feature", "geometry": {"type": "Point", "coordinates": [3.70354, 41.8801]}, "properties": {"var_data": [0.033, -0.258, 0.031, 0.048, 0.807, 0.0, 1, 1, 1, 1, 1]}}, {"type": "Feature", "geometry": {"type": "Point", "coordinates": [3.73888, 41.8801]}, "properties": {"var_data": [-0.004, -0.153, 0.029, 0.029, 0.82, 0.001, 1, 1, 1, 1, 1]}}, {"type": "Feature", "geometry": {"type": "Point", "coordinates": [3.77422, 41.8801]}, "properties": {"var_data": [0.019, -0.198, 0.038, 0.033, 1.191, 0.001, 1, 1, 1, 1, 1]}}, {"type": "Feature", "geometry": {"type": "Point", "coordinates": [3.24412, 41.907101]}, "properties": {"var_data": [-0.022, 0.122, 0.051, 0.012, 0.466, -0.0, 1, 1, 1, 1, 1]}}, {"type": "Feature", "geometry": {"type": "Point", "coordinates": [3.27946, 41.907101]}, "properties": {"var_data": [0.043, 0.015, 0.049, 0.013, 0.429, -0.0, 1, 1, 1, 1, 1]}}, {"type": "Feature", "geometry": {"type": "Point", "coordinates": [3.3148, 41.907101]}, "properties": {"var_data": [0.051, -0.109, 0.053, 0.015, 0.489, 0.0, 1, 1, 1, 1, 1]}}, {"type": "Feature", "geometry": {"type": "Point", "coordinates": [3.35014, 41.907101]}, "properties": {"var_data": [0.089, -0.169, 0.013, 0.014, 0.445, -0.0, 1, 1, 1, 1, 1]}}, {"type": "Feature", "geometry": {"type": "Point", "coordinates": [3.38548, 41.907101]}, "properties": {"var_data": [0.116, -0.186, 0.006, 0.01, 0.456, -0.0, 1, 1, 1, 1, 1]}}, {"type": "Feature", "geometry": {"type": "Point", "coordinates": [3.42082, 41.907101]}, "properties": {"var_data": [0.067, -0.183, 0.006, 0.01, 0.486, -0.0, 1, 1, 1, 1, 1]}}, {"type": "Feature", "geometry": {"type": "Point", "coordinates": [3.45616, 41.907101]}, "properties": {"var_data": [0.023, -0.2, 0.006, 0.008, 0.487, -0.0, 1, 1, 1, 1, 1]}}, {"type": "Feature", "geometry": {"type": "Point", "coordinates": [3.4915, 41.907101]}, "properties": {"var_data": [0.021, -0.196, 0.006, 0.008, 0.489, -0.0, 1, 1, 1, 1, 1]}}, {"type": "Feature", "geometry": {"type": "Point", "coordinates": [3.52684, 41.907101]}, "properties": {"var_data": [0.031, -0.202, 0.023, 0.022, 0.644, 0.0, 1, 1, 1, 1, 1]}}, {"type": "Feature", "geometry": {"type": "Point", "coordinates": [3.56218, 41.907101]}, "properties": {"var_data": [0.048, -0.209, 0.022, 0.021, 0.773, 0.0, 1, 1, 1, 1, 1]}}, {"type": "Feature", "geometry": {"type": "Point", "coordinates": [3.63286, 41.907101]}, "properties": {"var_data": [0.006, -0.193, 0.056, 0.052, 1.116, 0.002, 1, 1, 1, 1, 1]}}, {"type": "Feature", "geometry": {"type": "Point", "coordinates": [3.6682, 41.907101]}, "properties": {"var_data": [0.012, -0.19, 0.046, 0.046, 0.846, 0.001, 1, 1, 1, 1, 1]}}, {"type": "Feature", "geometry": {"type": "Point", "coordinates": [3.70354, 41.907101]}, "properties": {"var_data": [0.033, -0.258, 0.031, 0.048, 0.807, 0.0, 1, 1, 1, 1, 1]}}, {"type": "Feature", "geometry": {"type": "Point", "coordinates": [3.73888, 41.907101]}, "properties": {"var_data": [0.007, -0.2, 0.029, 0.028, 0.755, 0.001, 1, 1, 1, 1, 1]}}, {"type": "Feature", "geometry": {"type": "Point", "coordinates": [3.77422, 41.907101]}, "properties": {"var_data": [0.022, -0.155, 0.031, 0.032, 0.869, 0.001, 1, 1, 1, 1, 1]}}, {"type": "Feature", "geometry": {"type": "Point", "coordinates": [3.24412, 41.934101]}, "properties": {"var_data": [-0.062, 0.14, 0.105, 0.013, 0.602, -0.001, 1, 1, 1, 1, 1]}}, {"type": "Feature", "geometry": {"type": "Point", "coordinates": [3.27946, 41.934101]}, "properties": {"var_data": [0.011, 0.04, 0.048, 0.009, 0.474, -0.0, 1, 1, 1, 1, 1]}}, {"type": "Feature", "geometry": {"type": "Point", "coordinates": [3.3148, 41.934101]}, "properties": {"var_data": [0.065, -0.077, 0.048, 0.01, 0.474, 0.0, 1, 1, 1, 1, 1]}}, {"type": "Feature", "geometry": {"type": "Point", "coordinates": [3.35014, 41.934101]}, "properties": {"var_data": [0.099, -0.141, 0.055, 0.011, 0.572, 0.0, 1, 1, 1, 1, 1]}}, {"type": "Feature", "geometry": {"type": "Point", "coordinates": [3.38548, 41.934101]}, "properties": {"var_data": [0.093, -0.174, 0.01, 0.006, 0.546, 0.0, 1, 1, 1, 1, 1]}}, {"type": "Feature", "geometry": {"type": "Point", "coordinates": [3.42082, 41.934101]}, "properties": {"var_data": [0.013, -0.185, 0.006, 0.007, 0.478, -0.0, 1, 1, 1, 1, 1]}}, {"type": "Feature", "geometry": {"type": "Point", "coordinates": [3.45616, 41.934101]}, "properties": {"var_data": [0.022, -0.177, 0.006, 0.007, 0.452, -0.0, 1, 1, 1, 1, 1]}}, {"type": "Feature", "geometry": {"type": "Point", "coordinates": [3.4915, 41.934101]}, "properties": {"var_data": [0.026, -0.171, 0.006, 0.008, 0.541, -0.0, 1, 1, 1, 1, 1]}}, {"type": "Feature", "geometry": {"type": "Point", "coordinates": [3.52684, 41.934101]}, "properties": {"var_data": [0.022, -0.172, 0.029, 0.016, 0.747, 0.0, 1, 1, 1, 1, 1]}}, {"type": "Feature", "geometry": {"type": "Point", "coordinates": [3.56218, 41.934101]}, "properties": {"var_data": [0.043, -0.202, 0.03, 0.026, 1.057, 0.0, 1, 1, 1, 1, 1]}}, {"type": "Feature", "geometry": {"type": "Point", "coordinates": [3.63286, 41.934101]}, "properties": {"var_data": [-0.029, -0.198, 0.056, 0.04, 1.071, 0.002, 1, 1, 1, 1, 1]}}, {"type": "Feature", "geometry": {"type": "Point", "coordinates": [3.6682, 41.934101]}, "properties": {"var_data": [-0.01, -0.164, 0.046, 0.046, 0.823, 0.001, 1, 1, 1, 1, 1]}}, {"type": "Feature", "geometry": {"type": "Point", "coordinates": [3.70354, 41.934101]}, "properties": {"var_data": [-0.008, -0.18, 0.047, 0.061, 0.919, 0.0, 1, 1, 1, 1, 1]}}, {"type": "Feature", "geometry": {"type": "Point", "coordinates": [3.73888, 41.934101]}, "properties": {"var_data": [0.018, -0.217, 0.04, 0.041, 0.822, 0.002, 1, 1, 1, 1, 1]}}, {"type": "Feature", "geometry": {"type": "Point", "coordinates": [3.77422, 41.934101]}, "properties": {"var_data": [0.029, -0.221, 0.068, 0.07, 1.17, 0.005, 1, 1, 1, 1, 1]}}, {"type": "Feature", "geometry": {"type": "Point", "coordinates": [3.24412, 41.961102]}, "properties": {"var_data": [0.261, 0.137, 0.159, 0.015, 1.206, -0.002, 1, 1, 1, 1, 1]}}, {"type": "Feature", "geometry": {"type": "Point", "coordinates": [3.27946, 41.961102]}, "properties": {"var_data": [0.042, 0.041, 0.056, 0.008, 0.61, -0.0, 1, 1, 1, 1, 1]}}, {"type": "Feature", "geometry": {"type": "Point", "coordinates": [3.3148, 41.961102]}, "properties": {"var_data": [0.194, -0.039, 0.041, 0.007, 0.644, 0.0, 1, 1, 1, 1, 1]}}, {"type": "Feature", "geometry": {"type": "Point", "coordinates": [3.35014, 41.961102]}, "properties": {"var_data": [0.188, -0.099, 0.058, 0.012, 0.742, 0.001, 1, 1, 1, 1, 1]}}, {"type": "Feature", "geometry": {"type": "Point", "coordinates": [3.38548, 41.961102]}, "properties": {"var_data": [0.141, -0.163, 0.011, 0.005, 0.624, 0.0, 1, 1, 1, 1, 1]}}, {"type": "Feature", "geometry": {"type": "Point", "coordinates": [3.42082, 41.961102]}, "properties": {"var_data": [0.043, -0.166, 0.008, 0.005, 0.606, 0.0, 1, 1, 1, 1, 1]}}, {"type": "Feature", "geometry": {"type": "Point", "coordinates": [3.45616, 41.961102]}, "properties": {"var_data": [0.025, -0.153, 0.008, 0.005, 0.61, 0.0, 1, 1, 1, 1, 1]}}, {"type": "Feature", "geometry": {"type": "Point", "coordinates": [3.4915, 41.961102]}, "properties": {"var_data": [0.012, -0.143, 0.01, 0.006, 0.618, 0.0, 1, 1, 1, 1, 1]}}, {"type": "Feature", "geometry": {"type": "Point", "coordinates": [3.52684, 41.961102]}, "properties": {"var_data": [0.07, -0.117, 0.029, 0.014, 1.004, 0.0, 1, 1, 1, 1, 1]}}, {"type": "Feature", "geometry": {"type": "Point", "coordinates": [3.6682, 41.961102]}, "properties": {"var_data": [0.015, -0.216, 0.042, 0.036, 0.822, 0.002, 1, 0, 1, 1, 1]}}, {"type": "Feature", "geometry": {"type": "Point", "coordinates": [3.70354, 41.961102]}, "properties": {"var_data": [0.023, -0.211, 0.039, 0.039, 0.796, 0.001, 1, 1, 1, 1, 1]}}, {"type": "Feature", "geometry": {"type": "Point", "coordinates": [3.73888, 41.961102]}, "properties": {"var_data": [0.026, -0.2, 0.041, 0.042, 0.836, 0.002, 1, 1, 1, 1, 1]}}, {"type": "Feature", "geometry": {"type": "Point", "coordinates": [3.38548, 41.988098]}, "properties": {"var_data": [0.048, -0.16, 0.012, 0.006, 0.711, 0.0, 1, 1, 1, 1, 1]}}, {"type": "Feature", "geometry": {"type": "Point", "coordinates": [3.42082, 41.988098]}, "properties": {"var_data": [-0.014, -0.174, 0.01, 0.005, 0.697, 0.0, 1, 1, 1, 1, 1]}}, {"type": "Feature", "geometry": {"type": "Point", "coordinates": [3.45616, 41.988098]}, "properties": {"var_data": [-0.003, -0.163, 0.01, 0.006, 0.728, 0.0, 1, 1, 1, 1, 1]}}, {"type": "Feature", "geometry": {"type": "Point", "coordinates": [3.4915, 41.988098]}, "properties": {"var_data": [0.022, -0.126, 0.01, 0.007, 0.738, 0.0, 1, 1, 1, 1, 1]}}, {"type": "Feature", "geometry": {"type": "Point", "coordinates": [3.38548, 42.015099]}, "properties": {"var_data": [0.036, -0.148, 0.011, 0.004, 0.704, 0.0, 1, 1, 1, 1, 1]}}, {"type": "Feature", "geometry": {"type": "Point", "coordinates": [3.42082, 42.015099]}, "properties": {"var_data": [0.034, -0.152, 0.01, 0.005, 0.693, 0.0, 1, 1, 1, 1, 1]}}, {"type": "Feature", "geometry": {"type": "Point", "coordinates": [3.45616, 42.015099]}, "properties": {"var_data": [0.025, -0.159, 0.01, 0.006, 0.698, 0.0, 1, 1, 1, 1, 1]}}, {"type": "Feature", "geometry": {"type": "Point", "coordinates": [3.4915, 42.015099]}, "properties": {"var_data": [0.041, -0.135, 0.01, 0.006, 0.958, 0.0, 1, 1, 1, 1, 1]}}, {"type": "Feature", "geometry": {"type": "Point", "coordinates": [3.45616, 42.042099]}, "properties": {"var_data": [0.059, -0.14, 0.01, 0.005, 0.909, 0.0, 1, 1, 1, 1, 1]}}], "metadata": {"acknowledgment": "ICATMAR HF Radar Network has been established with the support of the European Maritime and Fisheries Fund, the European Maritime, Fisheries and Aquaculture Fund, the Government of Catalonia and funds from the Interreg POCTEFA AFLE program through the OPALE project (EFA146/03, 2025-2027). The network has been designed, implemented and managed through the efforts of: the Direcci\u00f3 General de Pol\u00edtica Mar\u00edtima i Pesca Sostenible (Government of Catalonia), the Institut de Ci\u00e8ncies del Mar (CSIC, Barcelona), and Centre de Formation et de Recherche sur l'Environnement Marin (CEFREM, Perpignan).", "area": "Mediterranean Sea", "citation": "These data were collected and made freely available by ICATMAR and the programs that contribute to it. Data was collected by the Government of Catalonia and CEFREM (France), and processed by ICATMAR with the support of the European Maritime, Fisheries and Aquaculture Fund (EMFAF) and the Climatic Funds Program of the Government of Catalonia.", "Conventions": "CF-1.10", "date_created": "2026-08-29T18:45:27Z", "date_modified": "2026-08-29T18:45:27Z", "distribution_statement": "These data follow Copernicus standards; they are public and free of charge. User assumes all risk for use of data. User must display citation in any publication or product using data. User must contact ICATMAR prior to any commercial use of data.", "doi": "https://doi.org/10.20350/digitalCSIC/18102", "dataset_version": "v2", "geospatial_lat_min": "39.5851", "geospatial_lat_max": "43.4731", "geospatial_lat_resolution": "0.027", "geospatial_lat_units": "degrees_north", "geospatial_lon_min": "0.06352", "geospatial_lon_max": "4.26898", "geospatial_lon_resolution": "0.03534", "geospatial_lon_units": "degrees_east", "geospatial_vertical_min": "0", "geospatial_vertical_max": "0.75", "geospatial_vertical_units": "m", "history": "2026-08-29T18:45:27Z data collected.2026-08-29T18:45:27Z NetCDF file created", "id": "HFR_ICATMAR_Total_2026-08-29T18:45:27Z", "institution": "Catalan Institute of Research for the Governance of the Sea", "institution_edmo_code": "5801", "L2_source_files": "RDLm_CREU_2026_08_29_1400_l2b.ruv; RDLm_CREU_2026_08_29_1400_l2b.ruv; RDLm_AREN_2026_08_29_1400_l2b.ruv; RDLm_PBCN_2026_08_29_1400_l2b.ruv; RDLm_GNST_2026_08_29_1400_l2b.ruv; RDLm_TOSS_2026_08_29_1400_l2b.ruv; RDLm_SCAL_2026_08_29_1400_l2b.ruv; RDLm_CNET_2026_08_29_1400_l2b.ruv", "license": "HF radar sea surface current velocity dataset by ICATMAR is licensed under a Creative Commons Attribution 4.0 International License. You should have received a copy of the license along with this work. If not, see http://creativecommons.org/licenses/by/4.0/.", "processing_level": "3B", "publisher_name": "ICATMAR", "publisher_email": "info@icatmar.cat", "publisher_url": "https://icatmar.cat", "references": "Quir\u00f3s-Collazos, L.; Bueno-Herrero, C.; Mart\u00ednez, J.; Llorach-T\u00f3, G.; Gonz\u00e1lez-Haro, C.; Ribera-Altamir, J.; Ballabrera, J.; Garc\u00eda-Ladona, E.; Isern-Fontanet, J.: Level 3 velocity products from ICATMAR High-Frequency Radar network. 2024, ICATMAR Technical Report, number 3, pp:27. https://doi.org/10.20350/digitalCSIC/17191", "radials_combination_software": "merge_radials version 0.6 release 2026-02-23", "radials_combination_method": "unweighted least squares", "radials_combination_averaging_radius": "6100 m", "radials_combination_distance_method": "haversine version 1.0 release 2023-02-27 as defined in merge_radials 0.6", "radials_combination_grid": "hfradar_totals_grid_icatmar.nc version 2.1 release 2026-03-05", "source": "Surface ocean velocity field from HF-radar", "time_coverage_start": "2026-08-29T13:25:00Z", "time_coverage_end": "2026-08-29T14:40:00Z", "time_coverage_resolution": "PT1H", "title": "Near Real Time Surface Ocean Velocity", "var_names": ["u", "v", "stdu", "stdv", "gdop", "cov", "qcflag", "vart_qc", "gdop_qc", "ddns_qc", "cspd_qc"], "var_lnames": ["Surface Eastward Sea Water Velocity", "Surface Nortward Sea Water Velocity", "Standard Deviation Of Surface Eastward Sea Water Velocity", "Standard Deviation Of Surface Northward Sea Water Velocity", "Geometrical Dilution Of Precision", "Covariance Of Surface Sea Water Velocity", "Overall quality flag", "Variance threshold quality flag", "GDOP threshold quality flag", "Data density threshold quality flag", "Velocity threshold quality flag"], "var_units": ["m s-1", "m s-1", "m s-1", "m s-1", "1", "m2 s-2", "1", "1", "1", "1", "1"], "var_time": "2026-08-29T14:00:00Z"}}