{"type": "FeatureCollection", "features": [{"type": "Feature", "geometry": {"type": "Point", "coordinates": [1.51246, 40.4221]}, "properties": {"var_data": [0.291, -0.013, 0.358, 0.044, 3.459, -0.005, 4, 1, 4, 4, 1]}}, {"type": "Feature", "geometry": {"type": "Point", "coordinates": [1.5478, 40.4221]}, "properties": {"var_data": [0.14, -0.013, 0.621, 0.044, 4.498, -0.007, 4, 4, 4, 4, 1]}}, {"type": "Feature", "geometry": {"type": "Point", "coordinates": [1.58314, 40.4221]}, "properties": {"var_data": [0.14, -0.013, 0.621, 0.044, 4.498, -0.007, 4, 4, 4, 4, 1]}}, {"type": "Feature", "geometry": {"type": "Point", "coordinates": [1.51246, 40.4491]}, "properties": {"var_data": [-0.04, -0.013, 0.125, 0.044, 2.824, -0.005, 4, 4, 4, 1, 1]}}, {"type": "Feature", "geometry": {"type": "Point", "coordinates": [1.5478, 40.4491]}, "properties": {"var_data": [0.061, -0.034, 0.069, 0.019, 2.462, -0.001, 4, 4, 4, 1, 1]}}, {"type": "Feature", "geometry": {"type": "Point", "coordinates": [1.58314, 40.4491]}, "properties": {"var_data": [0.506, -0.037, 0.202, 0.019, 3.351, -0.001, 4, 4, 4, 1, 1]}}, {"type": "Feature", "geometry": {"type": "Point", "coordinates": [1.61848, 40.4491]}, "properties": {"var_data": [0.484, -0.04, 0.188, 0.019, 3.145, -0.001, 4, 1, 4, 1, 1]}}, {"type": "Feature", "geometry": {"type": "Point", "coordinates": [1.51246, 40.476101]}, "properties": {"var_data": [0.365, -0.086, 0.073, 0.022, 3.156, -0.001, 4, 1, 4, 1, 1]}}, {"type": "Feature", "geometry": {"type": "Point", "coordinates": [1.5478, 40.476101]}, "properties": {"var_data": [0.241, -0.005, 0.068, 0.019, 2.197, -0.001, 4, 1, 4, 1, 1]}}, {"type": "Feature", "geometry": {"type": "Point", "coordinates": [1.58314, 40.476101]}, "properties": {"var_data": [0.509, -0.021, 0.138, 0.019, 2.595, -0.001, 4, 1, 4, 1, 1]}}, {"type": "Feature", "geometry": {"type": "Point", "coordinates": [1.61848, 40.476101]}, "properties": {"var_data": [0.59, -0.056, 0.137, 0.02, 3.171, -0.002, 4, 1, 4, 1, 1]}}, {"type": "Feature", "geometry": {"type": "Point", "coordinates": [1.68916, 40.476101]}, "properties": {"var_data": [0.472, 0.006, 0.201, 0.037, 1.652, -0.003, 1, 1, 1, 1, 1]}}, {"type": "Feature", "geometry": {"type": "Point", "coordinates": [1.1944, 40.503101]}, "properties": {"var_data": [1.163, -0.618, 0.092, 0.05, 7.533, -0.004, 4, 0, 4, 4, 1]}}, {"type": "Feature", "geometry": {"type": "Point", "coordinates": [1.22974, 40.503101]}, "properties": {"var_data": [1.163, -0.618, 0.092, 0.05, 7.533, -0.004, 4, 0, 4, 4, 1]}}, {"type": "Feature", "geometry": {"type": "Point", "coordinates": [1.3711, 40.503101]}, "properties": {"var_data": [-0.173, 0.152, 0.628, 0.295, 4.245, -0.183, 4, 0, 4, 1, 1]}}, {"type": "Feature", "geometry": {"type": "Point", "coordinates": [1.40644, 40.503101]}, "properties": {"var_data": [-0.37, 0.187, 0.61, 0.294, 4.109, -0.179, 4, 0, 4, 1, 1]}}, {"type": "Feature", "geometry": {"type": "Point", "coordinates": [1.44178, 40.503101]}, "properties": {"var_data": [-0.175, 0.097, 0.174, 0.082, 3.975, -0.014, 4, 4, 4, 1, 1]}}, {"type": "Feature", "geometry": {"type": "Point", "coordinates": [1.47712, 40.503101]}, "properties": {"var_data": [-0.609, 0.262, 0.169, 0.079, 4.473, -0.013, 4, 1, 4, 1, 1]}}, {"type": "Feature", "geometry": {"type": "Point", "coordinates": [1.51246, 40.503101]}, "properties": {"var_data": [0.217, -0.029, 0.071, 0.021, 2.361, -0.001, 4, 1, 4, 1, 1]}}, {"type": "Feature", "geometry": {"type": "Point", "coordinates": [1.5478, 40.503101]}, "properties": {"var_data": [0.043, 0.064, 0.069, 0.02, 2.026, -0.001, 4, 1, 4, 1, 1]}}, {"type": "Feature", "geometry": {"type": "Point", "coordinates": [1.58314, 40.503101]}, "properties": {"var_data": [0.389, 0.018, 0.125, 0.02, 2.071, -0.001, 4, 1, 4, 1, 1]}}, {"type": "Feature", "geometry": {"type": "Point", "coordinates": [1.61848, 40.503101]}, "properties": {"var_data": [0.4, 0.05, 0.13, 0.02, 2.594, -0.001, 4, 1, 4, 1, 1]}}, {"type": "Feature", "geometry": {"type": "Point", "coordinates": [1.68916, 40.503101]}, "properties": {"var_data": [0.355, 0.069, 0.201, 0.038, 1.651, -0.004, 1, 1, 1, 1, 1]}}, {"type": "Feature", "geometry": {"type": "Point", "coordinates": [1.7245, 40.503101]}, "properties": {"var_data": [0.58, 0.079, 0.186, 0.026, 1.529, -0.003, 1, 1, 1, 1, 1]}}, {"type": "Feature", "geometry": {"type": "Point", "coordinates": [1.15906, 40.530102]}, "properties": {"var_data": [1.132, -0.597, 0.092, 0.049, 6.155, -0.004, 4, 0, 4, 1, 1]}}, {"type": "Feature", "geometry": {"type": "Point", "coordinates": [1.1944, 40.530102]}, "properties": {"var_data": [0.616, -0.359, 0.091, 0.049, 4.864, -0.004, 4, 0, 4, 1, 1]}}, {"type": "Feature", "geometry": {"type": "Point", "coordinates": [1.22974, 40.530102]}, "properties": {"var_data": [0.391, -0.255, 0.071, 0.042, 4.348, -0.003, 4, 1, 4, 1, 1]}}, {"type": "Feature", "geometry": {"type": "Point", "coordinates": [1.3711, 40.530102]}, "properties": {"var_data": [-0.37, 0.187, 0.61, 0.294, 4.109, -0.179, 4, 0, 4, 1, 1]}}, {"type": "Feature", "geometry": {"type": "Point", "coordinates": [1.40644, 40.530102]}, "properties": {"var_data": [-0.206, 0.158, 0.61, 0.294, 3.968, -0.179, 4, 0, 4, 1, 1]}}, {"type": "Feature", "geometry": {"type": "Point", "coordinates": [1.44178, 40.530102]}, "properties": {"var_data": [-0.288, 0.172, 0.61, 0.294, 4.024, -0.179, 4, 4, 4, 1, 1]}}, {"type": "Feature", "geometry": {"type": "Point", "coordinates": [1.47712, 40.530102]}, "properties": {"var_data": [-0.236, 0.149, 0.168, 0.079, 4.007, -0.013, 4, 4, 4, 1, 1]}}, {"type": "Feature", "geometry": {"type": "Point", "coordinates": [1.51246, 40.530102]}, "properties": {"var_data": [0.07, 0.046, 0.135, 0.048, 1.995, -0.006, 1, 1, 1, 1, 1]}}, {"type": "Feature", "geometry": {"type": "Point", "coordinates": [1.5478, 40.530102]}, "properties": {"var_data": [0.358, 0.001, 0.118, 0.02, 1.67, -0.001, 1, 1, 1, 1, 1]}}, {"type": "Feature", "geometry": {"type": "Point", "coordinates": [1.58314, 40.530102]}, "properties": {"var_data": [0.436, 0.006, 0.111, 0.02, 1.746, -0.001, 1, 1, 1, 1, 1]}}, {"type": "Feature", "geometry": {"type": "Point", "coordinates": [1.61848, 40.530102]}, "properties": {"var_data": [0.564, 0.01, 0.194, 0.046, 2.299, -0.007, 4, 1, 4, 1, 1]}}, {"type": "Feature", "geometry": {"type": "Point", "coordinates": [1.65382, 40.530102]}, "properties": {"var_data": [0.217, 0.121, 0.27, 0.067, 1.863, -0.017, 1, 1, 1, 1, 1]}}, {"type": "Feature", "geometry": {"type": "Point", "coordinates": [1.68916, 40.530102]}, "properties": {"var_data": [0.458, 0.07, 0.209, 0.039, 1.522, -0.004, 1, 1, 1, 1, 1]}}, {"type": "Feature", "geometry": {"type": "Point", "coordinates": [1.7245, 40.530102]}, "properties": {"var_data": [0.633, 0.104, 0.19, 0.03, 1.468, -0.003, 1, 1, 1, 1, 1]}}, {"type": "Feature", "geometry": {"type": "Point", "coordinates": [1.75984, 40.530102]}, "properties": {"var_data": [0.642, 0.127, 0.176, 0.024, 1.397, -0.002, 1, 1, 1, 1, 1]}}, {"type": "Feature", "geometry": {"type": "Point", "coordinates": [1.15906, 40.557098]}, "properties": {"var_data": [0.615, -0.359, 0.091, 0.049, 4.855, -0.004, 4, 0, 4, 1, 1]}}, {"type": "Feature", "geometry": {"type": "Point", "coordinates": [1.1944, 40.557098]}, "properties": {"var_data": [0.391, -0.255, 0.071, 0.042, 4.348, -0.003, 4, 1, 4, 1, 1]}}, {"type": "Feature", "geometry": {"type": "Point", "coordinates": [1.22974, 40.557098]}, "properties": {"var_data": [0.391, -0.255, 0.071, 0.042, 4.348, -0.003, 4, 1, 4, 1, 1]}}, {"type": "Feature", "geometry": {"type": "Point", "coordinates": [1.26508, 40.557098]}, "properties": {"var_data": [0.375, -0.244, 0.622, 0.444, 6.152, -0.276, 4, 1, 4, 1, 1]}}, {"type": "Feature", "geometry": {"type": "Point", "coordinates": [1.3711, 40.557098]}, "properties": {"var_data": [-0.442, 0.207, 0.592, 0.285, 3.674, -0.169, 4, 0, 4, 1, 1]}}, {"type": "Feature", "geometry": {"type": "Point", "coordinates": [1.40644, 40.557098]}, "properties": {"var_data": [-0.38, 0.206, 0.592, 0.285, 3.643, -0.169, 4, 0, 4, 1, 1]}}, {"type": "Feature", "geometry": {"type": "Point", "coordinates": [1.44178, 40.557098]}, "properties": {"var_data": [-0.336, 0.181, 0.61, 0.294, 4.022, -0.179, 4, 1, 4, 1, 1]}}, {"type": "Feature", "geometry": {"type": "Point", "coordinates": [1.47712, 40.557098]}, "properties": {"var_data": [-0.419, 0.244, 0.421, 0.202, 3.871, -0.085, 4, 1, 4, 1, 1]}}, {"type": "Feature", "geometry": {"type": "Point", "coordinates": [1.51246, 40.557098]}, "properties": {"var_data": [0.247, 0.008, 0.117, 0.019, 1.48, -0.001, 1, 1, 1, 1, 1]}}, {"type": "Feature", "geometry": {"type": "Point", "coordinates": [1.5478, 40.557098]}, "properties": {"var_data": [0.347, -0.0, 0.125, 0.019, 1.651, -0.001, 1, 1, 1, 1, 1]}}, {"type": "Feature", "geometry": {"type": "Point", "coordinates": [1.58314, 40.557098]}, "properties": {"var_data": [0.399, 0.008, 0.074, 0.019, 1.682, -0.001, 1, 1, 1, 1, 1]}}, {"type": "Feature", "geometry": {"type": "Point", "coordinates": [1.61848, 40.557098]}, "properties": {"var_data": [0.523, -0.0, 0.076, 0.019, 2.09, -0.001, 4, 1, 4, 1, 1]}}, {"type": "Feature", "geometry": {"type": "Point", "coordinates": [1.65382, 40.557098]}, "properties": {"var_data": [0.473, 0.039, 0.205, 0.057, 1.566, -0.012, 1, 1, 1, 1, 1]}}, {"type": "Feature", "geometry": {"type": "Point", "coordinates": [1.68916, 40.557098]}, "properties": {"var_data": [0.483, 0.033, 0.171, 0.048, 1.381, -0.008, 1, 1, 1, 1, 1]}}, {"type": "Feature", "geometry": {"type": "Point", "coordinates": [1.7245, 40.557098]}, "properties": {"var_data": [0.639, 0.07, 0.185, 0.033, 1.411, -0.002, 1, 1, 1, 1, 1]}}, {"type": "Feature", "geometry": {"type": "Point", "coordinates": [1.75984, 40.557098]}, "properties": {"var_data": [0.796, 0.106, 0.079, 0.02, 1.349, 0.001, 1, 1, 1, 1, 1]}}, {"type": "Feature", "geometry": {"type": "Point", "coordinates": [1.79518, 40.557098]}, "properties": {"var_data": [1.164, 0.145, 0.097, 0.025, 1.944, 0.002, 1, 1, 1, 1, 1]}}, {"type": "Feature", "geometry": {"type": "Point", "coordinates": [1.83052, 40.557098]}, "properties": {"var_data": [0.899, 0.183, 0.095, 0.024, 1.486, 0.002, 1, 1, 1, 1, 1]}}, {"type": "Feature", "geometry": {"type": "Point", "coordinates": [1.86586, 40.557098]}, "properties": {"var_data": [0.67, 0.212, 0.301, 0.049, 2.257, 0.005, 4, 0, 4, 1, 1]}}, {"type": "Feature", "geometry": {"type": "Point", "coordinates": [1.9012, 40.557098]}, "properties": {"var_data": [0.554, 0.235, 0.182, 0.043, 1.37, 0.005, 1, 1, 1, 1, 1]}}, {"type": "Feature", "geometry": {"type": "Point", "coordinates": [1.93654, 40.557098]}, "properties": {"var_data": [0.557, 0.231, 0.202, 0.038, 1.534, 0.005, 1, 1, 1, 1, 1]}}, {"type": "Feature", "geometry": {"type": "Point", "coordinates": [1.97188, 40.557098]}, "properties": {"var_data": [0.52, 0.228, 0.215, 0.036, 1.744, 0.007, 1, 1, 1, 1, 1]}}, {"type": "Feature", "geometry": {"type": "Point", "coordinates": [2.00722, 40.557098]}, "properties": {"var_data": [0.297, 0.183, 0.249, 0.042, 2.009, 0.01, 4, 1, 4, 1, 1]}}, {"type": "Feature", "geometry": {"type": "Point", "coordinates": [1.1944, 40.584099]}, "properties": {"var_data": [0.365, -0.236, 0.071, 0.042, 4.071, -0.003, 4, 1, 4, 1, 1]}}, {"type": "Feature", "geometry": {"type": "Point", "coordinates": [1.22974, 40.584099]}, "properties": {"var_data": [0.272, -0.188, 0.391, 0.278, 4.069, -0.108, 4, 1, 4, 1, 1]}}, {"type": "Feature", "geometry": {"type": "Point", "coordinates": [1.26508, 40.584099]}, "properties": {"var_data": [0.35, -0.22, 0.535, 0.381, 4.457, -0.204, 4, 1, 4, 1, 1]}}, {"type": "Feature", "geometry": {"type": "Point", "coordinates": [1.40644, 40.584099]}, "properties": {"var_data": [-0.497, 0.204, 0.241, 0.116, 2.503, -0.028, 4, 0, 4, 1, 1]}}, {"type": "Feature", "geometry": {"type": "Point", "coordinates": [1.44178, 40.584099]}, "properties": {"var_data": [-0.088, 0.11, 0.261, 0.125, 3.071, -0.033, 4, 0, 4, 1, 1]}}, {"type": "Feature", "geometry": {"type": "Point", "coordinates": [1.47712, 40.584099]}, "properties": {"var_data": [0.193, 0.036, 0.386, 0.145, 4.031, -0.053, 4, 0, 4, 1, 1]}}, {"type": "Feature", "geometry": {"type": "Point", "coordinates": [1.51246, 40.584099]}, "properties": {"var_data": [0.432, -0.075, 0.099, 0.02, 1.712, -0.001, 1, 1, 1, 1, 1]}}, {"type": "Feature", "geometry": {"type": "Point", "coordinates": [1.5478, 40.584099]}, "properties": {"var_data": [0.241, 0.02, 0.101, 0.019, 1.65, -0.001, 1, 1, 1, 1, 1]}}, {"type": "Feature", "geometry": {"type": "Point", "coordinates": [1.58314, 40.584099]}, "properties": {"var_data": [0.31, 0.029, 0.073, 0.019, 1.646, -0.001, 1, 1, 1, 1, 1]}}, {"type": "Feature", "geometry": {"type": "Point", "coordinates": [1.61848, 40.584099]}, "properties": {"var_data": [0.572, -0.059, 0.077, 0.02, 2.135, -0.001, 4, 1, 4, 1, 1]}}, {"type": "Feature", "geometry": {"type": "Point", "coordinates": [1.65382, 40.584099]}, "properties": {"var_data": [0.651, -0.048, 0.114, 0.032, 1.413, -0.003, 1, 1, 1, 1, 1]}}, {"type": "Feature", "geometry": {"type": "Point", "coordinates": [1.68916, 40.584099]}, "properties": {"var_data": [0.556, -0.0, 0.077, 0.021, 1.207, -0.001, 1, 1, 1, 1, 1]}}, {"type": "Feature", "geometry": {"type": "Point", "coordinates": [1.7245, 40.584099]}, "properties": {"var_data": [0.876, 0.047, 0.101, 0.026, 1.266, 0.002, 1, 1, 1, 1, 1]}}, {"type": "Feature", "geometry": {"type": "Point", "coordinates": [1.75984, 40.584099]}, "properties": {"var_data": [0.919, 0.049, 0.097, 0.025, 1.369, 0.002, 1, 1, 1, 1, 1]}}, {"type": "Feature", "geometry": {"type": "Point", "coordinates": [1.79518, 40.584099]}, "properties": {"var_data": [0.732, 0.187, 0.132, 0.035, 1.441, 0.004, 1, 0, 1, 1, 1]}}, {"type": "Feature", "geometry": {"type": "Point", "coordinates": [1.83052, 40.584099]}, "properties": {"var_data": [0.745, 0.194, 0.102, 0.026, 1.395, 0.002, 1, 0, 1, 1, 1]}}, {"type": "Feature", "geometry": {"type": "Point", "coordinates": [1.86586, 40.584099]}, "properties": {"var_data": [0.724, 0.221, 0.189, 0.036, 1.417, 0.002, 1, 1, 1, 1, 1]}}, {"type": "Feature", "geometry": {"type": "Point", "coordinates": [1.9012, 40.584099]}, "properties": {"var_data": [0.781, 0.226, 0.139, 0.034, 1.227, 0.003, 1, 1, 1, 1, 1]}}, {"type": "Feature", "geometry": {"type": "Point", "coordinates": [1.93654, 40.584099]}, "properties": {"var_data": [0.708, 0.253, 0.142, 0.025, 1.344, 0.002, 4, 4, 1, 1, 1]}}, {"type": "Feature", "geometry": {"type": "Point", "coordinates": [1.97188, 40.584099]}, "properties": {"var_data": [0.651, 0.264, 0.158, 0.025, 1.452, 0.003, 4, 4, 1, 1, 1]}}, {"type": "Feature", "geometry": {"type": "Point", "coordinates": [2.00722, 40.584099]}, "properties": {"var_data": [0.473, 0.201, 0.221, 0.041, 1.635, 0.008, 1, 1, 1, 1, 1]}}, {"type": "Feature", "geometry": {"type": "Point", "coordinates": [2.04256, 40.584099]}, "properties": {"var_data": [0.42, 0.161, 0.108, 0.023, 1.649, 0.002, 1, 1, 1, 1, 1]}}, {"type": "Feature", "geometry": {"type": "Point", "coordinates": [2.0779, 40.584099]}, "properties": {"var_data": [0.537, 0.228, 0.091, 0.026, 1.681, 0.002, 1, 1, 1, 1, 1]}}, {"type": "Feature", "geometry": {"type": "Point", "coordinates": [1.1944, 40.611099]}, "properties": {"var_data": [0.019, -0.082, 0.347, 0.245, 4.618, -0.085, 4, 1, 4, 1, 1]}}, {"type": "Feature", "geometry": {"type": "Point", "coordinates": [1.22974, 40.611099]}, "properties": {"var_data": [0.254, -0.197, 0.364, 0.258, 3.769, -0.094, 4, 1, 4, 1, 1]}}, {"type": "Feature", "geometry": {"type": "Point", "coordinates": [1.26508, 40.611099]}, "properties": {"var_data": [0.226, -0.187, 0.443, 0.314, 4.069, -0.139, 4, 0, 4, 1, 1]}}, {"type": "Feature", "geometry": {"type": "Point", "coordinates": [1.40644, 40.611099]}, "properties": {"var_data": [-0.052, -0.016, 0.057, 0.057, 1.14, -0.001, 4, 4, 1, 1, 1]}}, {"type": "Feature", "geometry": {"type": "Point", "coordinates": [1.44178, 40.611099]}, "properties": {"var_data": [-0.042, 0.037, 0.057, 0.056, 1.138, -0.001, 4, 4, 1, 1, 1]}}, {"type": "Feature", "geometry": {"type": "Point", "coordinates": [1.47712, 40.611099]}, "properties": {"var_data": [0.084, 0.052, 0.379, 0.145, 4.104, -0.05, 4, 1, 4, 1, 1]}}, {"type": "Feature", "geometry": {"type": "Point", "coordinates": [1.51246, 40.611099]}, "properties": {"var_data": [0.073, 0.06, 0.095, 0.02, 1.942, -0.001, 1, 1, 1, 1, 1]}}, {"type": "Feature", "geometry": {"type": "Point", "coordinates": [1.5478, 40.611099]}, "properties": {"var_data": [0.311, -0.004, 0.092, 0.02, 1.759, -0.001, 1, 1, 1, 1, 1]}}, {"type": "Feature", "geometry": {"type": "Point", "coordinates": [1.58314, 40.611099]}, "properties": {"var_data": [0.308, -0.004, 0.075, 0.02, 1.933, -0.001, 1, 1, 1, 1, 1]}}, {"type": "Feature", "geometry": {"type": "Point", "coordinates": [1.61848, 40.611099]}, "properties": {"var_data": [0.301, -0.002, 0.075, 0.02, 2.009, -0.001, 4, 1, 4, 1, 1]}}, {"type": "Feature", "geometry": {"type": "Point", "coordinates": [1.65382, 40.611099]}, "properties": {"var_data": [0.698, -0.094, 0.049, 0.013, 1.254, -0.0, 1, 1, 1, 1, 1]}}, {"type": "Feature", "geometry": {"type": "Point", "coordinates": [1.68916, 40.611099]}, "properties": {"var_data": [0.725, -0.042, 0.049, 0.013, 1.178, -0.0, 1, 1, 1, 1, 1]}}, {"type": "Feature", "geometry": {"type": "Point", "coordinates": [1.7245, 40.611099]}, "properties": {"var_data": [0.893, 0.008, 0.125, 0.031, 1.338, 0.004, 1, 1, 1, 1, 1]}}, {"type": "Feature", "geometry": {"type": "Point", "coordinates": [1.75984, 40.611099]}, "properties": {"var_data": [1.035, 0.067, 0.103, 0.026, 1.323, 0.002, 1, 1, 1, 1, 1]}}, {"type": "Feature", "geometry": {"type": "Point", "coordinates": [1.79518, 40.611099]}, "properties": {"var_data": [0.716, 0.193, 0.111, 0.029, 1.316, 0.003, 1, 0, 1, 1, 1]}}, {"type": "Feature", "geometry": {"type": "Point", "coordinates": [1.83052, 40.611099]}, "properties": {"var_data": [0.724, 0.21, 0.092, 0.023, 1.466, 0.002, 1, 0, 1, 1, 1]}}, {"type": "Feature", "geometry": {"type": "Point", "coordinates": [1.86586, 40.611099]}, "properties": {"var_data": [0.676, 0.209, 0.144, 0.031, 1.212, 0.002, 1, 1, 1, 1, 1]}}, {"type": "Feature", "geometry": {"type": "Point", "coordinates": [1.9012, 40.611099]}, "properties": {"var_data": [0.779, 0.252, 0.139, 0.021, 1.199, 0.002, 4, 4, 1, 1, 1]}}, {"type": "Feature", "geometry": {"type": "Point", "coordinates": [1.93654, 40.611099]}, "properties": {"var_data": [0.744, 0.259, 0.059, 0.022, 1.114, 0.001, 1, 1, 1, 1, 1]}}, {"type": "Feature", "geometry": {"type": "Point", "coordinates": [1.97188, 40.611099]}, "properties": {"var_data": [0.79, 0.261, 0.063, 0.023, 1.264, 0.001, 4, 4, 1, 1, 1]}}, {"type": "Feature", "geometry": {"type": "Point", "coordinates": [2.00722, 40.611099]}, "properties": {"var_data": [0.686, 0.255, 0.062, 0.018, 1.646, 0.001, 4, 4, 1, 1, 1]}}, {"type": "Feature", "geometry": {"type": "Point", "coordinates": [2.04256, 40.611099]}, "properties": {"var_data": [0.313, 0.153, 0.034, 0.022, 1.441, 0.001, 1, 1, 1, 1, 1]}}, {"type": "Feature", "geometry": {"type": "Point", "coordinates": [2.0779, 40.611099]}, "properties": {"var_data": [0.251, 0.105, 0.035, 0.023, 1.68, 0.001, 1, 1, 1, 1, 1]}}, {"type": "Feature", "geometry": {"type": "Point", "coordinates": [2.11324, 40.611099]}, "properties": {"var_data": [0.683, 0.469, 0.065, 0.049, 2.626, 0.003, 4, 1, 4, 1, 1]}}, {"type": "Feature", "geometry": {"type": "Point", "coordinates": [1.22974, 40.6381]}, "properties": {"var_data": [0.476, -0.303, 0.534, 0.343, 4.862, -0.18, 4, 1, 4, 1, 1]}}, {"type": "Feature", "geometry": {"type": "Point", "coordinates": [1.26508, 40.6381]}, "properties": {"var_data": [0.225, -0.186, 0.463, 0.32, 4.065, -0.147, 4, 1, 4, 1, 1]}}, {"type": "Feature", "geometry": {"type": "Point", "coordinates": [1.30042, 40.6381]}, "properties": {"var_data": [0.275, -0.21, 0.461, 0.32, 3.885, -0.147, 4, 1, 4, 1, 1]}}, {"type": "Feature", "geometry": {"type": "Point", "coordinates": [1.40644, 40.6381]}, "properties": {"var_data": [-0.054, -0.057, 0.057, 0.062, 1.217, -0.001, 4, 4, 1, 1, 1]}}, {"type": "Feature", "geometry": {"type": "Point", "coordinates": [1.44178, 40.6381]}, "properties": {"var_data": [-0.032, 0.031, 0.057, 0.052, 1.128, -0.001, 4, 4, 1, 1, 1]}}, {"type": "Feature", "geometry": {"type": "Point", "coordinates": [1.47712, 40.6381]}, "properties": {"var_data": [-0.003, 0.059, 0.058, 0.06, 1.153, -0.001, 4, 4, 1, 1, 1]}}, {"type": "Feature", "geometry": {"type": "Point", "coordinates": [1.51246, 40.6381]}, "properties": {"var_data": [0.067, 0.1, 0.242, 0.089, 2.326, -0.02, 4, 1, 4, 1, 1]}}, {"type": "Feature", "geometry": {"type": "Point", "coordinates": [1.5478, 40.6381]}, "properties": {"var_data": [0.279, -0.001, 0.09, 0.02, 1.661, -0.001, 1, 1, 1, 1, 1]}}, {"type": "Feature", "geometry": {"type": "Point", "coordinates": [1.58314, 40.6381]}, "properties": {"var_data": [0.605, -0.084, 0.094, 0.019, 1.791, -0.001, 1, 1, 1, 1, 1]}}, {"type": "Feature", "geometry": {"type": "Point", "coordinates": [1.61848, 40.6381]}, "properties": {"var_data": [0.283, 0.01, 0.261, 0.076, 2.339, -0.02, 4, 1, 4, 1, 1]}}, {"type": "Feature", "geometry": {"type": "Point", "coordinates": [1.65382, 40.6381]}, "properties": {"var_data": [0.556, -0.026, 0.049, 0.013, 1.328, -0.0, 1, 1, 1, 1, 1]}}, {"type": "Feature", "geometry": {"type": "Point", "coordinates": [1.68916, 40.6381]}, "properties": {"var_data": [0.775, 0.008, 0.094, 0.018, 1.218, 0.001, 1, 1, 1, 1, 1]}}, {"type": "Feature", "geometry": {"type": "Point", "coordinates": [1.7245, 40.6381]}, "properties": {"var_data": [0.695, 0.024, 0.108, 0.02, 1.253, 0.001, 1, 1, 1, 1, 1]}}, {"type": "Feature", "geometry": {"type": "Point", "coordinates": [1.75984, 40.6381]}, "properties": {"var_data": [1.107, 0.08, 0.077, 0.018, 1.388, 0.001, 1, 1, 1, 1, 1]}}, {"type": "Feature", "geometry": {"type": "Point", "coordinates": [1.79518, 40.6381]}, "properties": {"var_data": [0.763, 0.216, 0.081, 0.02, 1.373, 0.001, 1, 0, 1, 1, 1]}}, {"type": "Feature", "geometry": {"type": "Point", "coordinates": [1.83052, 40.6381]}, "properties": {"var_data": [0.464, 0.234, 0.144, 0.023, 1.168, -0.0, 1, 0, 1, 1, 1]}}, {"type": "Feature", "geometry": {"type": "Point", "coordinates": [1.86586, 40.6381]}, "properties": {"var_data": [0.566, 0.239, 0.113, 0.023, 1.09, 0.001, 1, 1, 1, 1, 1]}}, {"type": "Feature", "geometry": {"type": "Point", "coordinates": [1.9012, 40.6381]}, "properties": {"var_data": [0.524, 0.237, 0.13, 0.019, 1.219, 0.001, 1, 1, 1, 1, 1]}}, {"type": "Feature", "geometry": {"type": "Point", "coordinates": [1.93654, 40.6381]}, "properties": {"var_data": [0.727, 0.264, 0.058, 0.021, 1.141, 0.001, 1, 1, 1, 1, 1]}}, {"type": "Feature", "geometry": {"type": "Point", "coordinates": [1.97188, 40.6381]}, "properties": {"var_data": [0.718, 0.231, 0.063, 0.023, 1.322, 0.001, 1, 1, 1, 1, 1]}}, {"type": "Feature", "geometry": {"type": "Point", "coordinates": [2.00722, 40.6381]}, "properties": {"var_data": [0.514, 0.207, 0.034, 0.022, 1.213, 0.001, 1, 1, 1, 1, 1]}}, {"type": "Feature", "geometry": {"type": "Point", "coordinates": [2.04256, 40.6381]}, "properties": {"var_data": [0.37, 0.131, 0.089, 0.061, 1.321, 0.005, 1, 1, 1, 1, 1]}}, {"type": "Feature", "geometry": {"type": "Point", "coordinates": [2.0779, 40.6381]}, "properties": {"var_data": [0.296, 0.103, 0.131, 0.09, 1.591, 0.012, 1, 1, 1, 1, 1]}}, {"type": "Feature", "geometry": {"type": "Point", "coordinates": [2.11324, 40.6381]}, "properties": {"var_data": [0.92, 0.614, 0.057, 0.043, 2.291, 0.002, 4, 4, 4, 1, 1]}}, {"type": "Feature", "geometry": {"type": "Point", "coordinates": [2.14858, 40.6381]}, "properties": {"var_data": [0.798, 0.533, 0.074, 0.061, 1.754, 0.004, 1, 1, 1, 1, 1]}}, {"type": "Feature", "geometry": {"type": "Point", "coordinates": [2.18392, 40.6381]}, "properties": {"var_data": [0.722, 0.518, 0.076, 0.062, 1.737, 0.005, 1, 1, 1, 1, 1]}}, {"type": "Feature", "geometry": {"type": "Point", "coordinates": [2.21926, 40.6381]}, "properties": {"var_data": [0.639, 0.498, 0.088, 0.072, 1.374, 0.006, 1, 1, 1, 1, 1]}}, {"type": "Feature", "geometry": {"type": "Point", "coordinates": [2.2546, 40.6381]}, "properties": {"var_data": [0.72, 0.582, 0.089, 0.068, 1.597, 0.006, 1, 1, 1, 1, 1]}}, {"type": "Feature", "geometry": {"type": "Point", "coordinates": [2.28994, 40.6381]}, "properties": {"var_data": [0.733, 0.604, 0.081, 0.057, 1.578, 0.004, 4, 4, 1, 1, 1]}}, {"type": "Feature", "geometry": {"type": "Point", "coordinates": [2.32528, 40.6381]}, "properties": {"var_data": [0.608, 0.519, 0.099, 0.08, 1.885, 0.008, 1, 1, 1, 1, 1]}}, {"type": "Feature", "geometry": {"type": "Point", "coordinates": [2.36062, 40.6381]}, "properties": {"var_data": [0.499, 0.449, 0.111, 0.084, 2.22, 0.009, 4, 1, 4, 1, 1]}}, {"type": "Feature", "geometry": {"type": "Point", "coordinates": [1.26508, 40.6651]}, "properties": {"var_data": [0.275, -0.21, 0.461, 0.32, 3.885, -0.147, 4, 1, 4, 1, 1]}}, {"type": "Feature", "geometry": {"type": "Point", "coordinates": [1.30042, 40.6651]}, "properties": {"var_data": [0.498, -0.33, 0.505, 0.352, 4.34, -0.177, 4, 1, 4, 1, 1]}}, {"type": "Feature", "geometry": {"type": "Point", "coordinates": [1.40644, 40.6651]}, "properties": {"var_data": [0.02, 0.042, 0.057, 0.055, 1.128, -0.002, 4, 4, 1, 1, 1]}}, {"type": "Feature", "geometry": {"type": "Point", "coordinates": [1.44178, 40.6651]}, "properties": {"var_data": [-0.018, 0.059, 0.057, 0.057, 1.12, -0.001, 4, 4, 1, 1, 1]}}, {"type": "Feature", "geometry": {"type": "Point", "coordinates": [1.47712, 40.6651]}, "properties": {"var_data": [0.001, 0.101, 0.058, 0.057, 1.118, -0.001, 4, 4, 1, 1, 1]}}, {"type": "Feature", "geometry": {"type": "Point", "coordinates": [1.51246, 40.6651]}, "properties": {"var_data": [0.655, -0.197, 0.166, 0.048, 1.917, -0.005, 1, 1, 1, 1, 1]}}, {"type": "Feature", "geometry": {"type": "Point", "coordinates": [1.5478, 40.6651]}, "properties": {"var_data": [0.545, -0.121, 0.094, 0.027, 1.461, -0.002, 1, 1, 1, 1, 1]}}, {"type": "Feature", "geometry": {"type": "Point", "coordinates": [1.58314, 40.6651]}, "properties": {"var_data": [0.758, -0.124, 0.072, 0.027, 1.61, -0.002, 4, 4, 1, 1, 1]}}, {"type": "Feature", "geometry": {"type": "Point", "coordinates": [1.61848, 40.6651]}, "properties": {"var_data": [0.943, -0.13, 0.071, 0.026, 1.778, -0.002, 4, 4, 1, 1, 1]}}, {"type": "Feature", "geometry": {"type": "Point", "coordinates": [1.65382, 40.6651]}, "properties": {"var_data": [0.574, 0.002, 0.088, 0.019, 1.086, 0.001, 1, 1, 1, 1, 1]}}, {"type": "Feature", "geometry": {"type": "Point", "coordinates": [1.68916, 40.6651]}, "properties": {"var_data": [0.708, 0.039, 0.096, 0.019, 1.186, 0.001, 1, 1, 1, 1, 1]}}, {"type": "Feature", "geometry": {"type": "Point", "coordinates": [1.7245, 40.6651]}, "properties": {"var_data": [0.788, 0.073, 0.113, 0.021, 1.201, 0.001, 1, 1, 1, 1, 1]}}, {"type": "Feature", "geometry": {"type": "Point", "coordinates": [1.75984, 40.6651]}, "properties": {"var_data": [1.008, 0.126, 0.118, 0.019, 1.631, 0.001, 1, 1, 1, 1, 1]}}, {"type": "Feature", "geometry": {"type": "Point", "coordinates": [1.79518, 40.6651]}, "properties": {"var_data": [0.485, 0.23, 0.551, 0.074, 2.546, -0.038, 4, 0, 4, 1, 1]}}, {"type": "Feature", "geometry": {"type": "Point", "coordinates": [1.83052, 40.6651]}, "properties": {"var_data": [0.354, 0.274, 0.158, 0.022, 1.247, -0.001, 1, 1, 1, 1, 1]}}, {"type": "Feature", "geometry": {"type": "Point", "coordinates": [1.86586, 40.6651]}, "properties": {"var_data": [0.477, 0.256, 0.125, 0.021, 1.177, 0.0, 1, 1, 1, 1, 1]}}, {"type": "Feature", "geometry": {"type": "Point", "coordinates": [1.9012, 40.6651]}, "properties": {"var_data": [0.622, 0.273, 0.124, 0.019, 1.201, 0.001, 1, 1, 1, 1, 1]}}, {"type": "Feature", "geometry": {"type": "Point", "coordinates": [1.93654, 40.6651]}, "properties": {"var_data": [0.652, 0.272, 0.054, 0.018, 1.09, 0.001, 1, 1, 1, 1, 1]}}, {"type": "Feature", "geometry": {"type": "Point", "coordinates": [1.97188, 40.6651]}, "properties": {"var_data": [0.674, 0.268, 0.055, 0.02, 1.129, 0.001, 1, 1, 1, 1, 1]}}, {"type": "Feature", "geometry": {"type": "Point", "coordinates": [2.00722, 40.6651]}, "properties": {"var_data": [0.521, 0.207, 0.053, 0.035, 1.068, 0.002, 1, 1, 1, 1, 1]}}, {"type": "Feature", "geometry": {"type": "Point", "coordinates": [2.04256, 40.6651]}, "properties": {"var_data": [0.432, 0.183, 0.056, 0.038, 1.326, 0.002, 1, 1, 1, 1, 1]}}, {"type": "Feature", "geometry": {"type": "Point", "coordinates": [2.0779, 40.6651]}, "properties": {"var_data": [0.479, 0.224, 0.07, 0.051, 1.271, 0.004, 1, 1, 1, 1, 1]}}, {"type": "Feature", "geometry": {"type": "Point", "coordinates": [2.11324, 40.6651]}, "properties": {"var_data": [0.799, 0.473, 0.062, 0.045, 1.48, 0.003, 1, 1, 1, 1, 1]}}, {"type": "Feature", "geometry": {"type": "Point", "coordinates": [2.14858, 40.6651]}, "properties": {"var_data": [0.844, 0.557, 0.081, 0.067, 1.907, 0.005, 4, 4, 1, 1, 1]}}, {"type": "Feature", "geometry": {"type": "Point", "coordinates": [2.18392, 40.6651]}, "properties": {"var_data": [0.683, 0.501, 0.071, 0.058, 1.369, 0.004, 1, 1, 1, 1, 1]}}, {"type": "Feature", "geometry": {"type": "Point", "coordinates": [2.21926, 40.6651]}, "properties": {"var_data": [0.719, 0.568, 0.068, 0.056, 1.403, 0.004, 1, 1, 1, 1, 1]}}, {"type": "Feature", "geometry": {"type": "Point", "coordinates": [2.2546, 40.6651]}, "properties": {"var_data": [0.403, 0.327, 0.084, 0.066, 1.361, 0.005, 1, 1, 1, 1, 1]}}, {"type": "Feature", "geometry": {"type": "Point", "coordinates": [2.28994, 40.6651]}, "properties": {"var_data": [0.292, 0.286, 0.039, 0.043, 1.171, 0.002, 1, 1, 1, 1, 1]}}, {"type": "Feature", "geometry": {"type": "Point", "coordinates": [2.32528, 40.6651]}, "properties": {"var_data": [0.505, 0.489, 0.048, 0.054, 1.606, 0.003, 1, 1, 1, 1, 1]}}, {"type": "Feature", "geometry": {"type": "Point", "coordinates": [2.36062, 40.6651]}, "properties": {"var_data": [0.348, 0.399, 0.048, 0.054, 2.014, 0.003, 4, 1, 4, 1, 1]}}, {"type": "Feature", "geometry": {"type": "Point", "coordinates": [2.39596, 40.6651]}, "properties": {"var_data": [0.084, 0.218, 0.041, 0.038, 1.171, 0.001, 1, 1, 1, 1, 1]}}, {"type": "Feature", "geometry": {"type": "Point", "coordinates": [0.98236, 40.692101]}, "properties": {"var_data": [-1.44, 1.817, 1.132, 1.178, 13.923, -1.328, 4, 0, 4, 4, 4]}}, {"type": "Feature", "geometry": {"type": "Point", "coordinates": [1.0177, 40.692101]}, "properties": {"var_data": [-1.44, 1.817, 1.132, 1.178, 13.923, -1.328, 4, 0, 4, 4, 4]}}, {"type": "Feature", "geometry": {"type": "Point", "coordinates": [1.26508, 40.692101]}, "properties": {"var_data": [0.212, -0.198, 0.511, 0.353, 4.854, -0.179, 4, 4, 4, 1, 1]}}, {"type": "Feature", "geometry": {"type": "Point", "coordinates": [1.30042, 40.692101]}, "properties": {"var_data": [0.618, -0.381, 0.676, 0.476, 5.738, -0.321, 4, 1, 4, 1, 1]}}, {"type": "Feature", "geometry": {"type": "Point", "coordinates": [1.47712, 40.692101]}, "properties": {"var_data": [-0.486, 0.322, 0.22, 0.102, 3.042, -0.021, 4, 1, 4, 1, 1]}}, {"type": "Feature", "geometry": {"type": "Point", "coordinates": [1.51246, 40.692101]}, "properties": {"var_data": [0.511, -0.214, 0.089, 0.027, 1.392, -0.001, 1, 1, 1, 1, 1]}}, {"type": "Feature", "geometry": {"type": "Point", "coordinates": [1.5478, 40.692101]}, "properties": {"var_data": [0.717, -0.187, 0.071, 0.027, 1.597, -0.002, 4, 4, 1, 1, 1]}}, {"type": "Feature", "geometry": {"type": "Point", "coordinates": [1.58314, 40.692101]}, "properties": {"var_data": [0.837, -0.194, 0.072, 0.027, 1.66, -0.002, 4, 4, 1, 1, 1]}}, {"type": "Feature", "geometry": {"type": "Point", "coordinates": [1.61848, 40.692101]}, "properties": {"var_data": [0.656, -0.02, 0.065, 0.024, 1.229, -0.002, 1, 1, 1, 1, 1]}}, {"type": "Feature", "geometry": {"type": "Point", "coordinates": [1.65382, 40.692101]}, "properties": {"var_data": [0.726, 0.009, 0.078, 0.029, 1.032, -0.002, 1, 1, 1, 1, 1]}}, {"type": "Feature", "geometry": {"type": "Point", "coordinates": [1.68916, 40.692101]}, "properties": {"var_data": [0.902, 0.034, 0.065, 0.015, 1.185, -0.0, 1, 1, 1, 1, 1]}}, {"type": "Feature", "geometry": {"type": "Point", "coordinates": [1.7245, 40.692101]}, "properties": {"var_data": [0.847, 0.085, 0.04, 0.01, 1.116, 0.0, 1, 1, 1, 1, 1]}}, {"type": "Feature", "geometry": {"type": "Point", "coordinates": [1.75984, 40.692101]}, "properties": {"var_data": [0.777, 0.16, 0.063, 0.016, 1.831, 0.001, 1, 1, 1, 1, 1]}}, {"type": "Feature", "geometry": {"type": "Point", "coordinates": [1.79518, 40.692101]}, "properties": {"var_data": [0.528, 0.224, 0.445, 0.069, 2.492, -0.029, 4, 1, 4, 1, 1]}}, {"type": "Feature", "geometry": {"type": "Point", "coordinates": [1.83052, 40.692101]}, "properties": {"var_data": [0.215, 0.292, 0.177, 0.021, 1.55, -0.001, 1, 1, 1, 1, 1]}}, {"type": "Feature", "geometry": {"type": "Point", "coordinates": [1.86586, 40.692101]}, "properties": {"var_data": [0.336, 0.269, 0.174, 0.021, 1.383, -0.0, 1, 1, 1, 1, 1]}}, {"type": "Feature", "geometry": {"type": "Point", "coordinates": [1.9012, 40.692101]}, "properties": {"var_data": [0.326, 0.272, 0.185, 0.019, 1.562, 0.001, 1, 1, 1, 1, 1]}}, {"type": "Feature", "geometry": {"type": "Point", "coordinates": [1.93654, 40.692101]}, "properties": {"var_data": [0.648, 0.309, 0.059, 0.021, 1.267, 0.001, 1, 1, 1, 1, 1]}}, {"type": "Feature", "geometry": {"type": "Point", "coordinates": [1.97188, 40.692101]}, "properties": {"var_data": [0.769, 0.312, 0.052, 0.02, 0.94, 0.001, 1, 1, 1, 1, 1]}}, {"type": "Feature", "geometry": {"type": "Point", "coordinates": [2.00722, 40.692101]}, "properties": {"var_data": [0.726, 0.304, 0.059, 0.025, 1.076, 0.001, 1, 1, 1, 1, 1]}}, {"type": "Feature", "geometry": {"type": "Point", "coordinates": [2.04256, 40.692101]}, "properties": {"var_data": [0.666, 0.306, 0.031, 0.021, 1.032, 0.001, 1, 1, 1, 1, 1]}}, {"type": "Feature", "geometry": {"type": "Point", "coordinates": [2.0779, 40.692101]}, "properties": {"var_data": [0.774, 0.406, 0.043, 0.031, 1.353, 0.001, 1, 1, 1, 1, 1]}}, {"type": "Feature", "geometry": {"type": "Point", "coordinates": [2.11324, 40.692101]}, "properties": {"var_data": [0.829, 0.46, 0.038, 0.027, 1.395, 0.001, 1, 1, 1, 1, 1]}}, {"type": "Feature", "geometry": {"type": "Point", "coordinates": [2.14858, 40.692101]}, "properties": {"var_data": [0.803, 0.533, 0.043, 0.031, 1.6, 0.001, 1, 1, 1, 1, 1]}}, {"type": "Feature", "geometry": {"type": "Point", "coordinates": [2.18392, 40.692101]}, "properties": {"var_data": [0.733, 0.514, 0.049, 0.032, 1.395, 0.001, 1, 1, 1, 1, 1]}}, {"type": "Feature", "geometry": {"type": "Point", "coordinates": [2.21926, 40.692101]}, "properties": {"var_data": [0.365, 0.267, 0.07, 0.038, 1.33, 0.002, 1, 1, 1, 1, 1]}}, {"type": "Feature", "geometry": {"type": "Point", "coordinates": [2.2546, 40.692101]}, "properties": {"var_data": [0.17, 0.148, 0.024, 0.02, 0.934, 0.0, 1, 1, 1, 1, 1]}}, {"type": "Feature", "geometry": {"type": "Point", "coordinates": [2.28994, 40.692101]}, "properties": {"var_data": [0.112, 0.112, 0.03, 0.034, 0.933, 0.001, 1, 1, 1, 1, 1]}}, {"type": "Feature", "geometry": {"type": "Point", "coordinates": [2.32528, 40.692101]}, "properties": {"var_data": [0.013, 0.133, 0.032, 0.035, 1.126, 0.001, 1, 1, 1, 1, 1]}}, {"type": "Feature", "geometry": {"type": "Point", "coordinates": [2.36062, 40.692101]}, "properties": {"var_data": [0.426, 0.505, 0.046, 0.052, 1.867, 0.002, 1, 1, 1, 1, 1]}}, {"type": "Feature", "geometry": {"type": "Point", "coordinates": [2.39596, 40.692101]}, "properties": {"var_data": [0.36, 0.458, 0.076, 0.088, 2.063, 0.007, 4, 1, 4, 1, 1]}}, {"type": "Feature", "geometry": {"type": "Point", "coordinates": [2.4313, 40.692101]}, "properties": {"var_data": [0.423, 0.49, 0.233, 0.176, 3.788, 0.04, 4, 1, 4, 1, 1]}}, {"type": "Feature", "geometry": {"type": "Point", "coordinates": [0.94702, 40.719101]}, "properties": {"var_data": [-1.449, 1.839, 0.704, 0.696, 10.579, -0.49, 4, 0, 4, 1, 4]}}, {"type": "Feature", "geometry": {"type": "Point", "coordinates": [0.98236, 40.719101]}, "properties": {"var_data": [-1.546, 1.946, 0.999, 0.987, 11.408, -0.986, 4, 0, 4, 1, 4]}}, {"type": "Feature", "geometry": {"type": "Point", "coordinates": [1.0177, 40.719101]}, "properties": {"var_data": [-1.546, 1.946, 0.999, 0.987, 11.408, -0.986, 4, 4, 4, 1, 4]}}, {"type": "Feature", "geometry": {"type": "Point", "coordinates": [1.05304, 40.719101]}, "properties": {"var_data": [-1.297, 1.712, 0.083, 0.085, 8.988, -0.007, 4, 0, 4, 1, 4]}}, {"type": "Feature", "geometry": {"type": "Point", "coordinates": [1.30042, 40.719101]}, "properties": {"var_data": [-0.518, 0.509, 0.444, 0.249, 5.954, -0.108, 4, 4, 4, 1, 1]}}, {"type": "Feature", "geometry": {"type": "Point", "coordinates": [1.33576, 40.719101]}, "properties": {"var_data": [-0.802, 0.641, 0.326, 0.207, 5.749, -0.066, 4, 1, 4, 1, 1]}}, {"type": "Feature", "geometry": {"type": "Point", "coordinates": [1.40644, 40.719101]}, "properties": {"var_data": [-0.348, 0.279, 0.14, 0.091, 2.431, -0.012, 4, 0, 4, 1, 1]}}, {"type": "Feature", "geometry": {"type": "Point", "coordinates": [1.44178, 40.719101]}, "properties": {"var_data": [-0.46, 0.294, 0.067, 0.026, 1.896, -0.001, 1, 0, 1, 1, 1]}}, {"type": "Feature", "geometry": {"type": "Point", "coordinates": [1.47712, 40.719101]}, "properties": {"var_data": [-0.439, 0.3, 0.119, 0.033, 2.252, -0.003, 4, 0, 4, 1, 1]}}, {"type": "Feature", "geometry": {"type": "Point", "coordinates": [1.51246, 40.719101]}, "properties": {"var_data": [0.289, -0.101, 0.072, 0.021, 1.403, -0.001, 1, 1, 1, 1, 1]}}, {"type": "Feature", "geometry": {"type": "Point", "coordinates": [1.5478, 40.719101]}, "properties": {"var_data": [0.654, -0.145, 0.066, 0.025, 1.338, -0.002, 4, 4, 1, 1, 1]}}, {"type": "Feature", "geometry": {"type": "Point", "coordinates": [1.58314, 40.719101]}, "properties": {"var_data": [0.659, -0.138, 0.066, 0.025, 1.296, -0.002, 4, 4, 1, 1, 1]}}, {"type": "Feature", "geometry": {"type": "Point", "coordinates": [1.61848, 40.719101]}, "properties": {"var_data": [0.594, -0.061, 0.056, 0.021, 0.977, -0.001, 1, 1, 1, 1, 1]}}, {"type": "Feature", "geometry": {"type": "Point", "coordinates": [1.65382, 40.719101]}, "properties": {"var_data": [0.671, 0.014, 0.098, 0.036, 1.118, -0.004, 1, 1, 1, 1, 1]}}, {"type": "Feature", "geometry": {"type": "Point", "coordinates": [1.68916, 40.719101]}, "properties": {"var_data": [0.722, 0.037, 0.034, 0.009, 1.032, 0.0, 1, 1, 1, 1, 1]}}, {"type": "Feature", "geometry": {"type": "Point", "coordinates": [1.7245, 40.719101]}, "properties": {"var_data": [0.86, 0.051, 0.037, 0.01, 1.22, 0.0, 1, 1, 1, 1, 1]}}, {"type": "Feature", "geometry": {"type": "Point", "coordinates": [1.75984, 40.719101]}, "properties": {"var_data": [0.915, 0.142, 0.05, 0.012, 2.391, 0.0, 4, 1, 4, 1, 1]}}, {"type": "Feature", "geometry": {"type": "Point", "coordinates": [1.79518, 40.719101]}, "properties": {"var_data": [0.786, 0.186, 0.055, 0.016, 1.572, 0.001, 1, 1, 1, 1, 1]}}, {"type": "Feature", "geometry": {"type": "Point", "coordinates": [1.83052, 40.719101]}, "properties": {"var_data": [0.541, 0.28, 0.063, 0.019, 1.549, 0.001, 1, 1, 1, 1, 1]}}, {"type": "Feature", "geometry": {"type": "Point", "coordinates": [1.86586, 40.719101]}, "properties": {"var_data": [0.411, 0.3, 0.063, 0.017, 1.35, 0.001, 1, 1, 1, 1, 1]}}, {"type": "Feature", "geometry": {"type": "Point", "coordinates": [1.9012, 40.719101]}, "properties": {"var_data": [0.246, 0.309, 0.196, 0.019, 1.828, 0.002, 1, 1, 1, 1, 1]}}, {"type": "Feature", "geometry": {"type": "Point", "coordinates": [1.93654, 40.719101]}, "properties": {"var_data": [0.857, 0.353, 0.086, 0.019, 1.188, 0.001, 1, 1, 1, 1, 1]}}, {"type": "Feature", "geometry": {"type": "Point", "coordinates": [1.97188, 40.719101]}, "properties": {"var_data": [0.826, 0.366, 0.087, 0.021, 1.043, 0.001, 1, 1, 1, 1, 1]}}, {"type": "Feature", "geometry": {"type": "Point", "coordinates": [2.00722, 40.719101]}, "properties": {"var_data": [0.91, 0.421, 0.041, 0.018, 0.973, 0.001, 1, 1, 1, 1, 1]}}, {"type": "Feature", "geometry": {"type": "Point", "coordinates": [2.04256, 40.719101]}, "properties": {"var_data": [0.81, 0.395, 0.028, 0.017, 0.924, 0.0, 1, 1, 1, 1, 1]}}, {"type": "Feature", "geometry": {"type": "Point", "coordinates": [2.0779, 40.719101]}, "properties": {"var_data": [0.967, 0.516, 0.03, 0.019, 1.228, 0.0, 4, 4, 1, 1, 1]}}, {"type": "Feature", "geometry": {"type": "Point", "coordinates": [2.11324, 40.719101]}, "properties": {"var_data": [0.794, 0.479, 0.026, 0.017, 0.978, 0.0, 1, 1, 1, 1, 1]}}, {"type": "Feature", "geometry": {"type": "Point", "coordinates": [2.14858, 40.719101]}, "properties": {"var_data": [0.919, 0.636, 0.03, 0.02, 1.221, 0.001, 1, 1, 1, 1, 1]}}, {"type": "Feature", "geometry": {"type": "Point", "coordinates": [2.18392, 40.719101]}, "properties": {"var_data": [0.706, 0.542, 0.058, 0.032, 1.401, 0.002, 1, 1, 1, 1, 1]}}, {"type": "Feature", "geometry": {"type": "Point", "coordinates": [2.21926, 40.719101]}, "properties": {"var_data": [0.227, 0.178, 0.024, 0.019, 0.925, 0.0, 1, 1, 1, 1, 1]}}, {"type": "Feature", "geometry": {"type": "Point", "coordinates": [2.2546, 40.719101]}, "properties": {"var_data": [0.128, 0.098, 0.024, 0.019, 0.877, 0.0, 1, 1, 1, 1, 1]}}, {"type": "Feature", "geometry": {"type": "Point", "coordinates": [2.28994, 40.719101]}, "properties": {"var_data": [-0.02, 0.047, 0.022, 0.023, 0.931, 0.0, 4, 4, 1, 1, 1]}}, {"type": "Feature", "geometry": {"type": "Point", "coordinates": [2.32528, 40.719101]}, "properties": {"var_data": [-0.037, 0.04, 0.027, 0.031, 0.856, 0.001, 4, 4, 1, 1, 1]}}, {"type": "Feature", "geometry": {"type": "Point", "coordinates": [2.36062, 40.719101]}, "properties": {"var_data": [0.093, 0.186, 0.041, 0.047, 1.306, 0.002, 1, 1, 1, 1, 1]}}, {"type": "Feature", "geometry": {"type": "Point", "coordinates": [2.39596, 40.719101]}, "properties": {"var_data": [0.379, 0.522, 0.065, 0.07, 1.84, 0.004, 1, 1, 1, 1, 1]}}, {"type": "Feature", "geometry": {"type": "Point", "coordinates": [2.4313, 40.719101]}, "properties": {"var_data": [0.383, 0.556, 0.082, 0.081, 2.34, 0.006, 4, 1, 4, 1, 1]}}, {"type": "Feature", "geometry": {"type": "Point", "coordinates": [0.98236, 40.746101]}, "properties": {"var_data": [-1.504, 1.905, 0.704, 0.696, 9.681, -0.49, 4, 4, 4, 1, 4]}}, {"type": "Feature", "geometry": {"type": "Point", "coordinates": [1.0177, 40.746101]}, "properties": {"var_data": [-1.377, 1.812, 0.083, 0.085, 8.538, -0.007, 4, 4, 4, 1, 4]}}, {"type": "Feature", "geometry": {"type": "Point", "coordinates": [1.05304, 40.746101]}, "properties": {"var_data": [-1.474, 1.926, 0.082, 0.085, 8.049, -0.007, 4, 4, 4, 1, 4]}}, {"type": "Feature", "geometry": {"type": "Point", "coordinates": [1.08838, 40.746101]}, "properties": {"var_data": [-1.681, 2.21, 0.156, 0.181, 12.072, -0.028, 4, 4, 4, 4, 4]}}, {"type": "Feature", "geometry": {"type": "Point", "coordinates": [1.12372, 40.746101]}, "properties": {"var_data": [-0.441, 0.727, 0.354, 0.427, 6.18, -0.151, 4, 0, 4, 1, 1]}}, {"type": "Feature", "geometry": {"type": "Point", "coordinates": [1.15906, 40.746101]}, "properties": {"var_data": [-0.467, 0.748, 0.47, 0.498, 6.549, -0.23, 4, 0, 4, 4, 1]}}, {"type": "Feature", "geometry": {"type": "Point", "coordinates": [1.33576, 40.746101]}, "properties": {"var_data": [-0.839, 0.667, 0.255, 0.16, 4.451, -0.04, 4, 0, 4, 1, 1]}}, {"type": "Feature", "geometry": {"type": "Point", "coordinates": [1.3711, 40.746101]}, "properties": {"var_data": [-0.909, 0.699, 0.233, 0.152, 4.268, -0.035, 4, 0, 4, 1, 1]}}, {"type": "Feature", "geometry": {"type": "Point", "coordinates": [1.40644, 40.746101]}, "properties": {"var_data": [-0.357, 0.26, 0.066, 0.026, 1.838, -0.001, 1, 0, 1, 1, 1]}}, {"type": "Feature", "geometry": {"type": "Point", "coordinates": [1.44178, 40.746101]}, "properties": {"var_data": [-0.456, 0.285, 0.058, 0.026, 1.833, -0.001, 1, 0, 1, 1, 1]}}, {"type": "Feature", "geometry": {"type": "Point", "coordinates": [1.47712, 40.746101]}, "properties": {"var_data": [-0.414, 0.277, 0.065, 0.026, 1.932, -0.001, 1, 0, 1, 1, 1]}}, {"type": "Feature", "geometry": {"type": "Point", "coordinates": [1.51246, 40.746101]}, "properties": {"var_data": [0.014, 0.035, 0.079, 0.028, 1.373, -0.002, 1, 1, 1, 1, 1]}}, {"type": "Feature", "geometry": {"type": "Point", "coordinates": [1.5478, 40.746101]}, "properties": {"var_data": [0.276, -0.103, 0.072, 0.03, 1.126, -0.002, 1, 1, 1, 1, 1]}}, {"type": "Feature", "geometry": {"type": "Point", "coordinates": [1.58314, 40.746101]}, "properties": {"var_data": [0.346, -0.027, 0.067, 0.026, 1.176, -0.002, 1, 1, 1, 1, 1]}}, {"type": "Feature", "geometry": {"type": "Point", "coordinates": [1.61848, 40.746101]}, "properties": {"var_data": [0.423, -0.04, 0.064, 0.024, 0.918, -0.001, 1, 1, 1, 1, 1]}}, {"type": "Feature", "geometry": {"type": "Point", "coordinates": [1.65382, 40.746101]}, "properties": {"var_data": [0.631, 0.003, 0.083, 0.031, 0.994, -0.003, 1, 1, 1, 1, 1]}}, {"type": "Feature", "geometry": {"type": "Point", "coordinates": [1.68916, 40.746101]}, "properties": {"var_data": [0.72, 0.007, 0.032, 0.009, 0.999, 0.0, 1, 1, 1, 1, 1]}}, {"type": "Feature", "geometry": {"type": "Point", "coordinates": [1.7245, 40.746101]}, "properties": {"var_data": [0.847, 0.036, 0.035, 0.009, 1.26, 0.0, 1, 1, 1, 1, 1]}}, {"type": "Feature", "geometry": {"type": "Point", "coordinates": [1.75984, 40.746101]}, "properties": {"var_data": [0.574, 0.142, 0.036, 0.009, 2.055, 0.0, 4, 1, 4, 1, 1]}}, {"type": "Feature", "geometry": {"type": "Point", "coordinates": [1.79518, 40.746101]}, "properties": {"var_data": [0.757, 0.177, 0.044, 0.013, 1.549, 0.0, 1, 1, 1, 1, 1]}}, {"type": "Feature", "geometry": {"type": "Point", "coordinates": [1.83052, 40.746101]}, "properties": {"var_data": [0.678, 0.265, 0.063, 0.018, 2.066, 0.001, 4, 1, 4, 1, 1]}}, {"type": "Feature", "geometry": {"type": "Point", "coordinates": [1.86586, 40.746101]}, "properties": {"var_data": [0.62, 0.294, 0.058, 0.013, 2.03, 0.0, 4, 1, 4, 1, 1]}}, {"type": "Feature", "geometry": {"type": "Point", "coordinates": [1.9012, 40.746101]}, "properties": {"var_data": [0.627, 0.334, 0.095, 0.012, 1.347, 0.0, 1, 1, 1, 1, 1]}}, {"type": "Feature", "geometry": {"type": "Point", "coordinates": [1.93654, 40.746101]}, "properties": {"var_data": [0.779, 0.364, 0.076, 0.018, 1.087, 0.001, 1, 1, 1, 1, 1]}}, {"type": "Feature", "geometry": {"type": "Point", "coordinates": [1.97188, 40.746101]}, "properties": {"var_data": [0.801, 0.373, 0.021, 0.011, 0.889, 0.0, 1, 1, 1, 1, 1]}}, {"type": "Feature", "geometry": {"type": "Point", "coordinates": [2.00722, 40.746101]}, "properties": {"var_data": [0.803, 0.407, 0.02, 0.011, 0.933, 0.0, 1, 1, 1, 1, 1]}}, {"type": "Feature", "geometry": {"type": "Point", "coordinates": [2.04256, 40.746101]}, "properties": {"var_data": [0.897, 0.475, 0.028, 0.017, 0.96, 0.0, 4, 4, 1, 1, 1]}}, {"type": "Feature", "geometry": {"type": "Point", "coordinates": [2.0779, 40.746101]}, "properties": {"var_data": [0.58, 0.369, 0.025, 0.015, 0.871, 0.0, 1, 1, 1, 1, 1]}}, {"type": "Feature", "geometry": {"type": "Point", "coordinates": [2.11324, 40.746101]}, "properties": {"var_data": [0.641, 0.42, 0.017, 0.009, 0.859, 0.0, 1, 1, 1, 1, 1]}}, {"type": "Feature", "geometry": {"type": "Point", "coordinates": [2.14858, 40.746101]}, "properties": {"var_data": [0.418, 0.321, 0.019, 0.009, 0.929, 0.0, 1, 1, 1, 1, 1]}}, {"type": "Feature", "geometry": {"type": "Point", "coordinates": [2.18392, 40.746101]}, "properties": {"var_data": [0.478, 0.4, 0.042, 0.022, 0.977, 0.001, 1, 1, 1, 1, 1]}}, {"type": "Feature", "geometry": {"type": "Point", "coordinates": [2.21926, 40.746101]}, "properties": {"var_data": [0.212, 0.193, 0.023, 0.017, 0.831, 0.0, 1, 1, 1, 1, 1]}}, {"type": "Feature", "geometry": {"type": "Point", "coordinates": [2.2546, 40.746101]}, "properties": {"var_data": [0.044, 0.068, 0.015, 0.01, 0.756, 0.0, 1, 1, 1, 1, 1]}}, {"type": "Feature", "geometry": {"type": "Point", "coordinates": [2.28994, 40.746101]}, "properties": {"var_data": [0.003, 0.037, 0.011, 0.011, 0.67, 0.0, 1, 1, 1, 1, 1]}}, {"type": "Feature", "geometry": {"type": "Point", "coordinates": [2.32528, 40.746101]}, "properties": {"var_data": [-0.0, 0.036, 0.011, 0.011, 0.66, 0.0, 1, 1, 1, 1, 1]}}, {"type": "Feature", "geometry": {"type": "Point", "coordinates": [2.36062, 40.746101]}, "properties": {"var_data": [0.075, 0.18, 0.038, 0.043, 1.212, 0.002, 1, 1, 1, 1, 1]}}, {"type": "Feature", "geometry": {"type": "Point", "coordinates": [2.39596, 40.746101]}, "properties": {"var_data": [-0.016, 0.146, 0.045, 0.045, 1.431, 0.002, 4, 4, 1, 1, 1]}}, {"type": "Feature", "geometry": {"type": "Point", "coordinates": [2.4313, 40.746101]}, "properties": {"var_data": [0.354, 0.542, 0.055, 0.078, 1.95, 0.004, 1, 1, 1, 1, 1]}}, {"type": "Feature", "geometry": {"type": "Point", "coordinates": [2.46664, 40.746101]}, "properties": {"var_data": [0.369, 0.539, 0.053, 0.075, 1.93, 0.004, 1, 1, 1, 1, 1]}}, {"type": "Feature", "geometry": {"type": "Point", "coordinates": [2.50198, 40.746101]}, "properties": {"var_data": [0.373, 0.516, 0.079, 0.122, 2.479, 0.009, 4, 1, 4, 1, 1]}}, {"type": "Feature", "geometry": {"type": "Point", "coordinates": [2.53732, 40.746101]}, "properties": {"var_data": [0.419, 0.549, 0.151, 0.179, 3.922, 0.026, 4, 1, 4, 1, 1]}}, {"type": "Feature", "geometry": {"type": "Point", "coordinates": [0.98236, 40.773102]}, "properties": {"var_data": [-1.041, 1.481, 0.315, 0.311, 6.016, -0.098, 4, 4, 4, 1, 4]}}, {"type": "Feature", "geometry": {"type": "Point", "coordinates": [1.0177, 40.773102]}, "properties": {"var_data": [-0.733, 1.111, 0.079, 0.081, 4.557, -0.006, 4, 1, 4, 1, 1]}}, {"type": "Feature", "geometry": {"type": "Point", "coordinates": [1.05304, 40.773102]}, "properties": {"var_data": [-0.889, 1.263, 0.074, 0.076, 4.049, -0.006, 4, 4, 4, 1, 1]}}, {"type": "Feature", "geometry": {"type": "Point", "coordinates": [1.08838, 40.773102]}, "properties": {"var_data": [-0.495, 0.803, 0.13, 0.149, 5.751, -0.019, 4, 1, 4, 1, 1]}}, {"type": "Feature", "geometry": {"type": "Point", "coordinates": [1.12372, 40.773102]}, "properties": {"var_data": [-0.416, 0.654, 0.189, 0.224, 5.642, -0.042, 4, 4, 4, 1, 1]}}, {"type": "Feature", "geometry": {"type": "Point", "coordinates": [1.15906, 40.773102]}, "properties": {"var_data": [-0.535, 0.767, 0.18, 0.191, 3.683, -0.033, 4, 0, 4, 1, 1]}}, {"type": "Feature", "geometry": {"type": "Point", "coordinates": [1.1944, 40.773102]}, "properties": {"var_data": [-0.24, 0.434, 0.17, 0.174, 2.834, -0.029, 4, 0, 4, 1, 1]}}, {"type": "Feature", "geometry": {"type": "Point", "coordinates": [1.3711, 40.773102]}, "properties": {"var_data": [-1.215, 0.841, 0.232, 0.152, 4.343, -0.035, 4, 0, 4, 1, 1]}}, {"type": "Feature", "geometry": {"type": "Point", "coordinates": [1.40644, 40.773102]}, "properties": {"var_data": [-0.362, 0.24, 0.057, 0.026, 2.461, -0.001, 4, 0, 4, 1, 1]}}, {"type": "Feature", "geometry": {"type": "Point", "coordinates": [1.44178, 40.773102]}, "properties": {"var_data": [-0.358, 0.244, 0.053, 0.024, 1.566, -0.001, 1, 0, 1, 1, 1]}}, {"type": "Feature", "geometry": {"type": "Point", "coordinates": [1.47712, 40.773102]}, "properties": {"var_data": [-0.34, 0.242, 0.054, 0.024, 1.586, -0.001, 1, 0, 1, 1, 1]}}, {"type": "Feature", "geometry": {"type": "Point", "coordinates": [1.51246, 40.773102]}, "properties": {"var_data": [0.037, 0.022, 0.056, 0.023, 1.021, -0.001, 1, 1, 1, 1, 1]}}, {"type": "Feature", "geometry": {"type": "Point", "coordinates": [1.5478, 40.773102]}, "properties": {"var_data": [0.215, -0.064, 0.121, 0.06, 1.11, -0.007, 1, 1, 1, 1, 1]}}, {"type": "Feature", "geometry": {"type": "Point", "coordinates": [1.58314, 40.773102]}, "properties": {"var_data": [0.223, -0.016, 0.092, 0.039, 1.054, -0.003, 1, 1, 1, 1, 1]}}, {"type": "Feature", "geometry": {"type": "Point", "coordinates": [1.61848, 40.773102]}, "properties": {"var_data": [0.367, -0.052, 0.053, 0.02, 0.828, -0.001, 1, 1, 1, 1, 1]}}, {"type": "Feature", "geometry": {"type": "Point", "coordinates": [1.65382, 40.773102]}, "properties": {"var_data": [0.538, -0.033, 0.055, 0.019, 0.936, -0.001, 1, 1, 1, 1, 1]}}, {"type": "Feature", "geometry": {"type": "Point", "coordinates": [1.68916, 40.773102]}, "properties": {"var_data": [0.624, -0.029, 0.026, 0.008, 0.961, -0.0, 1, 1, 1, 1, 1]}}, {"type": "Feature", "geometry": {"type": "Point", "coordinates": [1.7245, 40.773102]}, "properties": {"var_data": [0.803, 0.04, 0.036, 0.009, 1.385, 0.0, 1, 1, 1, 1, 1]}}, {"type": "Feature", "geometry": {"type": "Point", "coordinates": [1.75984, 40.773102]}, "properties": {"var_data": [0.449, 0.141, 0.036, 0.011, 1.129, 0.0, 1, 1, 1, 1, 1]}}, {"type": "Feature", "geometry": {"type": "Point", "coordinates": [1.79518, 40.773102]}, "properties": {"var_data": [0.437, 0.186, 0.046, 0.014, 1.365, 0.0, 1, 1, 1, 1, 1]}}, {"type": "Feature", "geometry": {"type": "Point", "coordinates": [1.83052, 40.773102]}, "properties": {"var_data": [0.463, 0.239, 0.046, 0.01, 1.414, 0.0, 1, 1, 1, 1, 1]}}, {"type": "Feature", "geometry": {"type": "Point", "coordinates": [1.86586, 40.773102]}, "properties": {"var_data": [0.658, 0.279, 0.047, 0.01, 1.338, 0.0, 1, 1, 1, 1, 1]}}, {"type": "Feature", "geometry": {"type": "Point", "coordinates": [1.9012, 40.773102]}, "properties": {"var_data": [0.535, 0.285, 0.034, 0.008, 1.01, 0.0, 1, 1, 1, 1, 1]}}, {"type": "Feature", "geometry": {"type": "Point", "coordinates": [1.93654, 40.773102]}, "properties": {"var_data": [0.552, 0.291, 0.034, 0.008, 0.823, 0.0, 1, 1, 1, 1, 1]}}, {"type": "Feature", "geometry": {"type": "Point", "coordinates": [1.97188, 40.773102]}, "properties": {"var_data": [0.559, 0.304, 0.016, 0.008, 0.747, 0.0, 1, 1, 1, 1, 1]}}, {"type": "Feature", "geometry": {"type": "Point", "coordinates": [2.00722, 40.773102]}, "properties": {"var_data": [0.807, 0.418, 0.021, 0.011, 0.95, 0.0, 1, 1, 1, 1, 1]}}, {"type": "Feature", "geometry": {"type": "Point", "coordinates": [2.04256, 40.773102]}, "properties": {"var_data": [0.457, 0.313, 0.019, 0.01, 0.711, 0.0, 1, 1, 1, 1, 1]}}, {"type": "Feature", "geometry": {"type": "Point", "coordinates": [2.0779, 40.773102]}, "properties": {"var_data": [0.304, 0.201, 0.022, 0.008, 0.697, 0.0, 1, 1, 1, 1, 1]}}, {"type": "Feature", "geometry": {"type": "Point", "coordinates": [2.11324, 40.773102]}, "properties": {"var_data": [0.363, 0.294, 0.022, 0.009, 0.711, 0.0, 1, 1, 1, 1, 1]}}, {"type": "Feature", "geometry": {"type": "Point", "coordinates": [2.14858, 40.773102]}, "properties": {"var_data": [0.418, 0.374, 0.026, 0.01, 0.826, 0.0, 1, 1, 1, 1, 1]}}, {"type": "Feature", "geometry": {"type": "Point", "coordinates": [2.18392, 40.773102]}, "properties": {"var_data": [0.37, 0.339, 0.023, 0.01, 0.875, 0.0, 1, 1, 1, 1, 1]}}, {"type": "Feature", "geometry": {"type": "Point", "coordinates": [2.21926, 40.773102]}, "properties": {"var_data": [0.001, 0.082, 0.036, 0.019, 0.85, 0.001, 1, 1, 1, 1, 1]}}, {"type": "Feature", "geometry": {"type": "Point", "coordinates": [2.2546, 40.773102]}, "properties": {"var_data": [0.01, 0.039, 0.01, 0.005, 0.58, 0.0, 1, 1, 1, 1, 1]}}, {"type": "Feature", "geometry": {"type": "Point", "coordinates": [2.28994, 40.773102]}, "properties": {"var_data": [0.009, 0.014, 0.009, 0.005, 0.577, 0.0, 1, 1, 1, 1, 1]}}, {"type": "Feature", "geometry": {"type": "Point", "coordinates": [2.32528, 40.773102]}, "properties": {"var_data": [-0.055, 0.002, 0.01, 0.005, 0.623, 0.0, 1, 1, 1, 1, 1]}}, {"type": "Feature", "geometry": {"type": "Point", "coordinates": [2.36062, 40.773102]}, "properties": {"var_data": [0.001, 0.097, 0.013, 0.005, 0.71, -0.0, 1, 1, 1, 1, 1]}}, {"type": "Feature", "geometry": {"type": "Point", "coordinates": [2.39596, 40.773102]}, "properties": {"var_data": [0.042, 0.111, 0.029, 0.031, 0.921, 0.001, 1, 1, 1, 1, 1]}}, {"type": "Feature", "geometry": {"type": "Point", "coordinates": [2.4313, 40.773102]}, "properties": {"var_data": [0.166, 0.261, 0.037, 0.048, 1.228, 0.002, 1, 1, 1, 1, 1]}}, {"type": "Feature", "geometry": {"type": "Point", "coordinates": [2.46664, 40.773102]}, "properties": {"var_data": [0.321, 0.464, 0.047, 0.065, 1.683, 0.003, 1, 1, 1, 1, 1]}}, {"type": "Feature", "geometry": {"type": "Point", "coordinates": [2.50198, 40.773102]}, "properties": {"var_data": [0.266, 0.385, 0.07, 0.106, 2.299, 0.007, 4, 1, 4, 1, 1]}}, {"type": "Feature", "geometry": {"type": "Point", "coordinates": [2.53732, 40.773102]}, "properties": {"var_data": [0.183, 0.352, 0.077, 0.115, 2.906, 0.009, 4, 1, 4, 1, 1]}}, {"type": "Feature", "geometry": {"type": "Point", "coordinates": [2.57266, 40.773102]}, "properties": {"var_data": [-0.425, -0.25, 0.436, 0.461, 3.042, 0.2, 4, 1, 4, 1, 1]}}, {"type": "Feature", "geometry": {"type": "Point", "coordinates": [0.91168, 40.800098]}, "properties": {"var_data": [0.096, 0.038, 0.502, 0.721, 7.555, -0.354, 4, 4, 4, 4, 1]}}, {"type": "Feature", "geometry": {"type": "Point", "coordinates": [0.94702, 40.800098]}, "properties": {"var_data": [0.096, 0.038, 0.502, 0.721, 7.555, -0.354, 4, 1, 4, 4, 1]}}, {"type": "Feature", "geometry": {"type": "Point", "coordinates": [0.98236, 40.800098]}, "properties": {"var_data": [-0.936, 1.371, 0.058, 0.062, 4.852, -0.004, 4, 4, 4, 1, 1]}}, {"type": "Feature", "geometry": {"type": "Point", "coordinates": [1.0177, 40.800098]}, "properties": {"var_data": [-0.75, 1.128, 0.054, 0.058, 3.769, -0.003, 4, 4, 4, 1, 1]}}, {"type": "Feature", "geometry": {"type": "Point", "coordinates": [1.05304, 40.800098]}, "properties": {"var_data": [-0.531, 0.881, 0.103, 0.121, 3.859, -0.013, 4, 1, 4, 1, 1]}}, {"type": "Feature", "geometry": {"type": "Point", "coordinates": [1.08838, 40.800098]}, "properties": {"var_data": [-0.448, 0.757, 0.1, 0.116, 3.005, -0.012, 4, 4, 4, 1, 1]}}, {"type": "Feature", "geometry": {"type": "Point", "coordinates": [1.12372, 40.800098]}, "properties": {"var_data": [-0.134, 0.387, 0.136, 0.148, 3.297, -0.02, 4, 1, 4, 1, 1]}}, {"type": "Feature", "geometry": {"type": "Point", "coordinates": [1.15906, 40.800098]}, "properties": {"var_data": [-0.645, 0.869, 0.128, 0.141, 3.434, -0.018, 4, 1, 4, 1, 1]}}, {"type": "Feature", "geometry": {"type": "Point", "coordinates": [1.1944, 40.800098]}, "properties": {"var_data": [-0.711, 0.888, 0.117, 0.139, 3.196, -0.016, 4, 0, 4, 1, 1]}}, {"type": "Feature", "geometry": {"type": "Point", "coordinates": [1.22974, 40.800098]}, "properties": {"var_data": [-0.579, 0.679, 0.097, 0.115, 2.089, -0.011, 4, 0, 4, 1, 1]}}, {"type": "Feature", "geometry": {"type": "Point", "coordinates": [1.3711, 40.800098]}, "properties": {"var_data": [-0.338, 0.299, 0.272, 0.18, 3.526, -0.048, 4, 1, 4, 1, 1]}}, {"type": "Feature", "geometry": {"type": "Point", "coordinates": [1.40644, 40.800098]}, "properties": {"var_data": [-0.607, 0.475, 0.405, 0.292, 4.461, -0.118, 4, 1, 4, 1, 1]}}, {"type": "Feature", "geometry": {"type": "Point", "coordinates": [1.44178, 40.800098]}, "properties": {"var_data": [-0.205, 0.18, 0.055, 0.024, 1.702, -0.001, 1, 0, 1, 1, 1]}}, {"type": "Feature", "geometry": {"type": "Point", "coordinates": [1.47712, 40.800098]}, "properties": {"var_data": [-0.238, 0.197, 0.057, 0.025, 1.831, -0.001, 1, 0, 1, 1, 1]}}, {"type": "Feature", "geometry": {"type": "Point", "coordinates": [1.51246, 40.800098]}, "properties": {"var_data": [0.105, -0.014, 0.055, 0.024, 0.992, -0.001, 1, 1, 1, 1, 1]}}, {"type": "Feature", "geometry": {"type": "Point", "coordinates": [1.5478, 40.800098]}, "properties": {"var_data": [0.238, -0.06, 0.084, 0.04, 0.963, -0.003, 1, 1, 1, 1, 1]}}, {"type": "Feature", "geometry": {"type": "Point", "coordinates": [1.58314, 40.800098]}, "properties": {"var_data": [0.224, -0.023, 0.081, 0.035, 0.938, -0.003, 1, 1, 1, 1, 1]}}, {"type": "Feature", "geometry": {"type": "Point", "coordinates": [1.61848, 40.800098]}, "properties": {"var_data": [0.37, -0.048, 0.052, 0.02, 0.799, -0.001, 1, 1, 1, 1, 1]}}, {"type": "Feature", "geometry": {"type": "Point", "coordinates": [1.65382, 40.800098]}, "properties": {"var_data": [0.364, -0.014, 0.055, 0.02, 0.887, -0.001, 1, 1, 1, 1, 1]}}, {"type": "Feature", "geometry": {"type": "Point", "coordinates": [1.68916, 40.800098]}, "properties": {"var_data": [0.58, -0.054, 0.061, 0.021, 1.102, -0.001, 1, 1, 1, 1, 1]}}, {"type": "Feature", "geometry": {"type": "Point", "coordinates": [1.7245, 40.800098]}, "properties": {"var_data": [0.559, 0.013, 0.061, 0.02, 1.263, -0.001, 1, 1, 1, 1, 1]}}, {"type": "Feature", "geometry": {"type": "Point", "coordinates": [1.75984, 40.800098]}, "properties": {"var_data": [0.124, 0.191, 0.092, 0.02, 1.283, -0.001, 1, 1, 1, 1, 1]}}, {"type": "Feature", "geometry": {"type": "Point", "coordinates": [1.79518, 40.800098]}, "properties": {"var_data": [0.307, 0.202, 0.044, 0.012, 1.141, 0.0, 1, 1, 1, 1, 1]}}, {"type": "Feature", "geometry": {"type": "Point", "coordinates": [1.83052, 40.800098]}, "properties": {"var_data": [0.395, 0.23, 0.046, 0.009, 1.379, 0.0, 1, 1, 1, 1, 1]}}, {"type": "Feature", "geometry": {"type": "Point", "coordinates": [1.86586, 40.800098]}, "properties": {"var_data": [0.505, 0.286, 0.045, 0.009, 1.091, 0.0, 1, 1, 1, 1, 1]}}, {"type": "Feature", "geometry": {"type": "Point", "coordinates": [1.9012, 40.800098]}, "properties": {"var_data": [0.493, 0.285, 0.046, 0.009, 1.066, -0.0, 1, 1, 1, 1, 1]}}, {"type": "Feature", "geometry": {"type": "Point", "coordinates": [1.93654, 40.800098]}, "properties": {"var_data": [0.42, 0.256, 0.015, 0.007, 0.72, 0.0, 1, 1, 1, 1, 1]}}, {"type": "Feature", "geometry": {"type": "Point", "coordinates": [1.97188, 40.800098]}, "properties": {"var_data": [0.359, 0.248, 0.016, 0.008, 0.735, 0.0, 1, 1, 1, 1, 1]}}, {"type": "Feature", "geometry": {"type": "Point", "coordinates": [2.00722, 40.800098]}, "properties": {"var_data": [0.269, 0.168, 0.016, 0.008, 0.628, 0.0, 1, 1, 1, 1, 1]}}, {"type": "Feature", "geometry": {"type": "Point", "coordinates": [2.04256, 40.800098]}, "properties": {"var_data": [0.348, 0.253, 0.019, 0.009, 0.656, 0.0, 1, 1, 1, 1, 1]}}, {"type": "Feature", "geometry": {"type": "Point", "coordinates": [2.0779, 40.800098]}, "properties": {"var_data": [0.275, 0.232, 0.023, 0.009, 0.645, 0.0, 1, 1, 1, 1, 1]}}, {"type": "Feature", "geometry": {"type": "Point", "coordinates": [2.11324, 40.800098]}, "properties": {"var_data": [0.22, 0.23, 0.022, 0.009, 0.65, 0.0, 1, 1, 1, 1, 1]}}, {"type": "Feature", "geometry": {"type": "Point", "coordinates": [2.14858, 40.800098]}, "properties": {"var_data": [0.414, 0.393, 0.025, 0.01, 0.795, 0.0, 1, 1, 1, 1, 1]}}, {"type": "Feature", "geometry": {"type": "Point", "coordinates": [2.18392, 40.800098]}, "properties": {"var_data": [0.237, 0.318, 0.027, 0.01, 0.809, 0.0, 1, 1, 1, 1, 1]}}, {"type": "Feature", "geometry": {"type": "Point", "coordinates": [2.21926, 40.800098]}, "properties": {"var_data": [-0.015, 0.07, 0.037, 0.019, 0.657, 0.001, 1, 1, 1, 1, 1]}}, {"type": "Feature", "geometry": {"type": "Point", "coordinates": [2.2546, 40.800098]}, "properties": {"var_data": [-0.013, 0.037, 0.018, 0.005, 0.539, -0.0, 1, 1, 1, 1, 1]}}, {"type": "Feature", "geometry": {"type": "Point", "coordinates": [2.28994, 40.800098]}, "properties": {"var_data": [-0.061, 0.015, 0.014, 0.004, 0.519, -0.0, 1, 1, 1, 1, 1]}}, {"type": "Feature", "geometry": {"type": "Point", "coordinates": [2.32528, 40.800098]}, "properties": {"var_data": [-0.022, 0.011, 0.013, 0.004, 0.49, -0.0, 1, 1, 1, 1, 1]}}, {"type": "Feature", "geometry": {"type": "Point", "coordinates": [2.36062, 40.800098]}, "properties": {"var_data": [0.026, 0.054, 0.012, 0.004, 0.545, -0.0, 1, 1, 1, 1, 1]}}, {"type": "Feature", "geometry": {"type": "Point", "coordinates": [2.39596, 40.800098]}, "properties": {"var_data": [-0.039, -0.0, 0.027, 0.027, 0.799, 0.001, 1, 1, 1, 1, 1]}}, {"type": "Feature", "geometry": {"type": "Point", "coordinates": [2.4313, 40.800098]}, "properties": {"var_data": [0.053, 0.121, 0.028, 0.031, 1.002, 0.001, 1, 1, 1, 1, 1]}}, {"type": "Feature", "geometry": {"type": "Point", "coordinates": [2.46664, 40.800098]}, "properties": {"var_data": [0.078, 0.122, 0.041, 0.055, 1.555, 0.002, 1, 1, 1, 1, 1]}}, {"type": "Feature", "geometry": {"type": "Point", "coordinates": [2.50198, 40.800098]}, "properties": {"var_data": [0.05, 0.112, 0.043, 0.06, 1.547, 0.002, 1, 1, 1, 1, 1]}}, {"type": "Feature", "geometry": {"type": "Point", "coordinates": [2.53732, 40.800098]}, "properties": {"var_data": [0.075, 0.249, 0.085, 0.129, 2.045, 0.011, 4, 1, 4, 1, 1]}}, {"type": "Feature", "geometry": {"type": "Point", "coordinates": [2.57266, 40.800098]}, "properties": {"var_data": [-0.343, -0.151, 1.017, 1.157, 3.931, 1.176, 4, 1, 4, 1, 1]}}, {"type": "Feature", "geometry": {"type": "Point", "coordinates": [2.608, 40.800098]}, "properties": {"var_data": [-0.197, 0.003, 0.448, 0.542, 3.824, 0.242, 4, 1, 4, 1, 1]}}, {"type": "Feature", "geometry": {"type": "Point", "coordinates": [0.87634, 40.827099]}, "properties": {"var_data": [-0.211, 0.582, 4.635, 7.961, 0.0, 0.0, 4, 4, 4, 1, 1]}}, {"type": "Feature", "geometry": {"type": "Point", "coordinates": [0.94702, 40.827099]}, "properties": {"var_data": [-0.131, 0.398, 0.318, 0.375, 6.57, -0.119, 4, 1, 4, 4, 1]}}, {"type": "Feature", "geometry": {"type": "Point", "coordinates": [0.98236, 40.827099]}, "properties": {"var_data": [-0.079, 0.203, 0.206, 0.243, 6.442, -0.05, 4, 1, 4, 1, 1]}}, {"type": "Feature", "geometry": {"type": "Point", "coordinates": [1.0177, 40.827099]}, "properties": {"var_data": [-0.463, 0.799, 0.111, 0.129, 4.379, -0.014, 4, 1, 4, 1, 1]}}, {"type": "Feature", "geometry": {"type": "Point", "coordinates": [1.05304, 40.827099]}, "properties": {"var_data": [-0.407, 0.719, 0.109, 0.127, 3.877, -0.014, 4, 4, 4, 1, 1]}}, {"type": "Feature", "geometry": {"type": "Point", "coordinates": [1.08838, 40.827099]}, "properties": {"var_data": [-0.28, 0.56, 0.125, 0.143, 2.804, -0.018, 4, 1, 4, 1, 1]}}, {"type": "Feature", "geometry": {"type": "Point", "coordinates": [1.12372, 40.827099]}, "properties": {"var_data": [-0.203, 0.466, 0.119, 0.131, 2.685, -0.015, 4, 1, 4, 1, 1]}}, {"type": "Feature", "geometry": {"type": "Point", "coordinates": [1.15906, 40.827099]}, "properties": {"var_data": [-0.382, 0.639, 0.117, 0.128, 2.631, -0.015, 4, 1, 4, 1, 1]}}, {"type": "Feature", "geometry": {"type": "Point", "coordinates": [1.1944, 40.827099]}, "properties": {"var_data": [-0.807, 0.98, 0.113, 0.133, 3.285, -0.015, 4, 0, 4, 1, 1]}}, {"type": "Feature", "geometry": {"type": "Point", "coordinates": [1.22974, 40.827099]}, "properties": {"var_data": [-0.492, 0.632, 0.035, 0.042, 2.097, -0.001, 4, 1, 4, 1, 1]}}, {"type": "Feature", "geometry": {"type": "Point", "coordinates": [1.26508, 40.827099]}, "properties": {"var_data": [-0.484, 0.62, 0.036, 0.043, 2.218, -0.002, 4, 1, 4, 1, 1]}}, {"type": "Feature", "geometry": {"type": "Point", "coordinates": [1.30042, 40.827099]}, "properties": {"var_data": [0.195, 0.116, 0.034, 0.041, 2.593, -0.001, 4, 0, 4, 1, 1]}}, {"type": "Feature", "geometry": {"type": "Point", "coordinates": [1.3711, 40.827099]}, "properties": {"var_data": [-0.007, 0.096, 0.155, 0.127, 1.215, -0.016, 1, 1, 1, 1, 1]}}, {"type": "Feature", "geometry": {"type": "Point", "coordinates": [1.40644, 40.827099]}, "properties": {"var_data": [-0.007, 0.072, 0.13, 0.106, 1.171, -0.014, 1, 1, 1, 1, 1]}}, {"type": "Feature", "geometry": {"type": "Point", "coordinates": [1.44178, 40.827099]}, "properties": {"var_data": [-0.258, 0.259, 0.067, 0.051, 1.664, -0.003, 1, 0, 1, 1, 1]}}, {"type": "Feature", "geometry": {"type": "Point", "coordinates": [1.47712, 40.827099]}, "properties": {"var_data": [-0.186, 0.201, 0.03, 0.014, 1.409, -0.0, 1, 1, 1, 1, 1]}}, {"type": "Feature", "geometry": {"type": "Point", "coordinates": [1.51246, 40.827099]}, "properties": {"var_data": [0.151, -0.014, 0.031, 0.015, 0.931, -0.0, 1, 1, 1, 1, 1]}}, {"type": "Feature", "geometry": {"type": "Point", "coordinates": [1.5478, 40.827099]}, "properties": {"var_data": [0.18, -0.021, 0.086, 0.053, 0.933, -0.004, 1, 1, 1, 1, 1]}}, {"type": "Feature", "geometry": {"type": "Point", "coordinates": [1.58314, 40.827099]}, "properties": {"var_data": [0.282, -0.063, 0.094, 0.053, 0.903, -0.005, 1, 1, 1, 1, 1]}}, {"type": "Feature", "geometry": {"type": "Point", "coordinates": [1.61848, 40.827099]}, "properties": {"var_data": [0.419, -0.098, 0.039, 0.019, 0.718, -0.001, 1, 1, 1, 1, 1]}}, {"type": "Feature", "geometry": {"type": "Point", "coordinates": [1.65382, 40.827099]}, "properties": {"var_data": [0.462, -0.091, 0.052, 0.02, 0.844, -0.001, 1, 1, 1, 1, 1]}}, {"type": "Feature", "geometry": {"type": "Point", "coordinates": [1.68916, 40.827099]}, "properties": {"var_data": [0.374, -0.031, 0.057, 0.021, 0.909, -0.001, 1, 1, 1, 1, 1]}}, {"type": "Feature", "geometry": {"type": "Point", "coordinates": [1.7245, 40.827099]}, "properties": {"var_data": [0.236, 0.043, 0.07, 0.02, 1.015, -0.001, 1, 1, 1, 1, 1]}}, {"type": "Feature", "geometry": {"type": "Point", "coordinates": [1.75984, 40.827099]}, "properties": {"var_data": [0.147, 0.196, 0.096, 0.018, 1.315, -0.001, 1, 1, 1, 1, 1]}}, {"type": "Feature", "geometry": {"type": "Point", "coordinates": [1.79518, 40.827099]}, "properties": {"var_data": [0.166, 0.214, 0.098, 0.018, 1.346, -0.001, 1, 1, 1, 1, 1]}}, {"type": "Feature", "geometry": {"type": "Point", "coordinates": [1.83052, 40.827099]}, "properties": {"var_data": [0.377, 0.225, 0.022, 0.009, 0.917, 0.0, 1, 1, 1, 1, 1]}}, {"type": "Feature", "geometry": {"type": "Point", "coordinates": [1.86586, 40.827099]}, "properties": {"var_data": [0.624, 0.284, 0.022, 0.009, 0.961, 0.0, 1, 1, 1, 1, 1]}}, {"type": "Feature", "geometry": {"type": "Point", "coordinates": [1.9012, 40.827099]}, "properties": {"var_data": [0.466, 0.238, 0.018, 0.008, 0.72, 0.0, 1, 1, 1, 1, 1]}}, {"type": "Feature", "geometry": {"type": "Point", "coordinates": [1.93654, 40.827099]}, "properties": {"var_data": [0.469, 0.254, 0.026, 0.007, 0.67, 0.0, 1, 1, 1, 1, 1]}}, {"type": "Feature", "geometry": {"type": "Point", "coordinates": [1.97188, 40.827099]}, "properties": {"var_data": [0.462, 0.246, 0.014, 0.008, 0.602, 0.0, 1, 1, 1, 1, 1]}}, {"type": "Feature", "geometry": {"type": "Point", "coordinates": [2.00722, 40.827099]}, "properties": {"var_data": [0.245, 0.158, 0.015, 0.008, 0.623, 0.0, 1, 1, 1, 1, 1]}}, {"type": "Feature", "geometry": {"type": "Point", "coordinates": [2.04256, 40.827099]}, "properties": {"var_data": [0.276, 0.213, 0.018, 0.009, 0.591, 0.0, 1, 1, 1, 1, 1]}}, {"type": "Feature", "geometry": {"type": "Point", "coordinates": [2.0779, 40.827099]}, "properties": {"var_data": [0.268, 0.261, 0.03, 0.014, 0.658, 0.0, 1, 1, 1, 1, 1]}}, {"type": "Feature", "geometry": {"type": "Point", "coordinates": [2.11324, 40.827099]}, "properties": {"var_data": [0.178, 0.216, 0.024, 0.009, 0.656, 0.0, 1, 1, 1, 1, 1]}}, {"type": "Feature", "geometry": {"type": "Point", "coordinates": [2.14858, 40.827099]}, "properties": {"var_data": [0.176, 0.272, 0.021, 0.009, 0.655, 0.0, 1, 1, 1, 1, 1]}}, {"type": "Feature", "geometry": {"type": "Point", "coordinates": [2.18392, 40.827099]}, "properties": {"var_data": [0.124, 0.207, 0.019, 0.007, 0.613, 0.0, 1, 1, 1, 1, 1]}}, {"type": "Feature", "geometry": {"type": "Point", "coordinates": [2.21926, 40.827099]}, "properties": {"var_data": [-0.035, 0.032, 0.02, 0.009, 0.533, 0.0, 1, 1, 1, 1, 1]}}, {"type": "Feature", "geometry": {"type": "Point", "coordinates": [2.2546, 40.827099]}, "properties": {"var_data": [-0.05, 0.043, 0.015, 0.004, 0.443, -0.0, 1, 1, 1, 1, 1]}}, {"type": "Feature", "geometry": {"type": "Point", "coordinates": [2.28994, 40.827099]}, "properties": {"var_data": [-0.031, 0.018, 0.015, 0.004, 0.418, -0.0, 1, 1, 1, 1, 1]}}, {"type": "Feature", "geometry": {"type": "Point", "coordinates": [2.32528, 40.827099]}, "properties": {"var_data": [-0.016, 0.011, 0.013, 0.004, 0.437, -0.0, 1, 1, 1, 1, 1]}}, {"type": "Feature", "geometry": {"type": "Point", "coordinates": [2.36062, 40.827099]}, "properties": {"var_data": [-0.008, 0.034, 0.011, 0.004, 0.479, -0.0, 1, 1, 1, 1, 1]}}, {"type": "Feature", "geometry": {"type": "Point", "coordinates": [2.39596, 40.827099]}, "properties": {"var_data": [-0.07, -0.036, 0.034, 0.028, 0.789, 0.001, 1, 1, 1, 1, 1]}}, {"type": "Feature", "geometry": {"type": "Point", "coordinates": [2.4313, 40.827099]}, "properties": {"var_data": [-0.031, -0.01, 0.024, 0.026, 0.758, 0.001, 1, 1, 1, 1, 1]}}, {"type": "Feature", "geometry": {"type": "Point", "coordinates": [2.46664, 40.827099]}, "properties": {"var_data": [0.008, 0.027, 0.031, 0.038, 1.001, 0.001, 1, 1, 1, 1, 1]}}, {"type": "Feature", "geometry": {"type": "Point", "coordinates": [2.50198, 40.827099]}, "properties": {"var_data": [-0.073, -0.055, 0.028, 0.032, 1.112, 0.001, 1, 1, 1, 1, 1]}}, {"type": "Feature", "geometry": {"type": "Point", "coordinates": [2.53732, 40.827099]}, "properties": {"var_data": [-0.11, -0.017, 0.027, 0.015, 0.954, -0.0, 4, 4, 1, 1, 1]}}, {"type": "Feature", "geometry": {"type": "Point", "coordinates": [2.57266, 40.827099]}, "properties": {"var_data": [-0.122, -0.019, 0.031, 0.015, 0.994, -0.0, 4, 4, 1, 1, 1]}}, {"type": "Feature", "geometry": {"type": "Point", "coordinates": [2.608, 40.827099]}, "properties": {"var_data": [-0.124, 0.022, 0.034, 0.016, 1.083, -0.0, 4, 4, 1, 1, 1]}}, {"type": "Feature", "geometry": {"type": "Point", "coordinates": [2.64334, 40.827099]}, "properties": {"var_data": [-0.676, -0.842, 1.322, 1.793, 5.739, 2.368, 4, 4, 4, 1, 1]}}, {"type": "Feature", "geometry": {"type": "Point", "coordinates": [0.87634, 40.854099]}, "properties": {"var_data": [-0.211, 0.582, 4.635, 7.961, 0.0, 0.0, 4, 4, 4, 1, 1]}}, {"type": "Feature", "geometry": {"type": "Point", "coordinates": [0.91168, 40.854099]}, "properties": {"var_data": [-6.873, 0.0, 4.666, 8.075, 0.0, 0.0, 4, 4, 4, 1, 4]}}, {"type": "Feature", "geometry": {"type": "Point", "coordinates": [0.98236, 40.854099]}, "properties": {"var_data": [-0.335, 0.602, 0.074, 0.089, 5.773, -0.006, 4, 4, 4, 1, 1]}}, {"type": "Feature", "geometry": {"type": "Point", "coordinates": [1.0177, 40.854099]}, "properties": {"var_data": [-0.371, 0.715, 0.07, 0.084, 5.303, -0.006, 4, 4, 4, 1, 1]}}, {"type": "Feature", "geometry": {"type": "Point", "coordinates": [1.05304, 40.854099]}, "properties": {"var_data": [-0.116, 0.37, 0.065, 0.079, 2.936, -0.005, 4, 1, 4, 1, 1]}}, {"type": "Feature", "geometry": {"type": "Point", "coordinates": [1.08838, 40.854099]}, "properties": {"var_data": [-0.208, 0.504, 0.135, 0.155, 3.439, -0.021, 4, 1, 4, 1, 1]}}, {"type": "Feature", "geometry": {"type": "Point", "coordinates": [1.12372, 40.854099]}, "properties": {"var_data": [0.011, 0.309, 0.144, 0.154, 3.188, -0.022, 4, 1, 4, 1, 1]}}, {"type": "Feature", "geometry": {"type": "Point", "coordinates": [1.15906, 40.854099]}, "properties": {"var_data": [-0.489, 0.736, 0.127, 0.15, 3.334, -0.019, 4, 1, 4, 1, 1]}}, {"type": "Feature", "geometry": {"type": "Point", "coordinates": [1.1944, 40.854099]}, "properties": {"var_data": [-0.631, 0.882, 0.122, 0.148, 3.453, -0.018, 4, 0, 4, 1, 1]}}, {"type": "Feature", "geometry": {"type": "Point", "coordinates": [1.22974, 40.854099]}, "properties": {"var_data": [-0.321, 0.443, 0.036, 0.044, 2.903, -0.002, 4, 1, 4, 1, 1]}}, {"type": "Feature", "geometry": {"type": "Point", "coordinates": [1.26508, 40.854099]}, "properties": {"var_data": [-0.283, 0.454, 0.037, 0.045, 2.638, -0.002, 4, 4, 4, 1, 1]}}, {"type": "Feature", "geometry": {"type": "Point", "coordinates": [1.30042, 40.854099]}, "properties": {"var_data": [0.079, 0.115, 0.036, 0.043, 1.681, -0.002, 1, 1, 1, 1, 1]}}, {"type": "Feature", "geometry": {"type": "Point", "coordinates": [1.33576, 40.854099]}, "properties": {"var_data": [-0.002, 0.174, 0.056, 0.044, 1.073, -0.002, 1, 1, 1, 1, 1]}}, {"type": "Feature", "geometry": {"type": "Point", "coordinates": [1.3711, 40.854099]}, "properties": {"var_data": [-0.01, 0.154, 0.052, 0.037, 1.126, -0.002, 1, 1, 1, 1, 1]}}, {"type": "Feature", "geometry": {"type": "Point", "coordinates": [1.40644, 40.854099]}, "properties": {"var_data": [-0.005, 0.133, 0.053, 0.04, 1.14, -0.002, 1, 1, 1, 1, 1]}}, {"type": "Feature", "geometry": {"type": "Point", "coordinates": [1.44178, 40.854099]}, "properties": {"var_data": [-0.066, 0.149, 0.032, 0.015, 1.005, -0.0, 1, 1, 1, 1, 1]}}, {"type": "Feature", "geometry": {"type": "Point", "coordinates": [1.47712, 40.854099]}, "properties": {"var_data": [-0.159, 0.192, 0.028, 0.014, 1.317, -0.0, 1, 1, 1, 1, 1]}}, {"type": "Feature", "geometry": {"type": "Point", "coordinates": [1.51246, 40.854099]}, "properties": {"var_data": [0.071, 0.042, 0.03, 0.015, 1.114, -0.0, 1, 1, 1, 1, 1]}}, {"type": "Feature", "geometry": {"type": "Point", "coordinates": [1.5478, 40.854099]}, "properties": {"var_data": [0.252, -0.048, 0.029, 0.014, 0.895, -0.0, 1, 1, 1, 1, 1]}}, {"type": "Feature", "geometry": {"type": "Point", "coordinates": [1.58314, 40.854099]}, "properties": {"var_data": [0.331, -0.092, 0.051, 0.031, 0.764, -0.002, 1, 1, 1, 1, 1]}}, {"type": "Feature", "geometry": {"type": "Point", "coordinates": [1.61848, 40.854099]}, "properties": {"var_data": [0.434, -0.114, 0.039, 0.02, 0.69, -0.001, 1, 1, 1, 1, 1]}}, {"type": "Feature", "geometry": {"type": "Point", "coordinates": [1.65382, 40.854099]}, "properties": {"var_data": [0.47, -0.102, 0.043, 0.016, 0.769, -0.0, 1, 1, 1, 1, 1]}}, {"type": "Feature", "geometry": {"type": "Point", "coordinates": [1.68916, 40.854099]}, "properties": {"var_data": [0.298, -0.027, 0.053, 0.02, 0.78, -0.001, 1, 1, 1, 1, 1]}}, {"type": "Feature", "geometry": {"type": "Point", "coordinates": [1.7245, 40.854099]}, "properties": {"var_data": [0.157, 0.138, 0.063, 0.021, 0.876, -0.001, 1, 1, 1, 1, 1]}}, {"type": "Feature", "geometry": {"type": "Point", "coordinates": [1.75984, 40.854099]}, "properties": {"var_data": [0.249, 0.185, 0.082, 0.02, 0.995, -0.001, 1, 1, 1, 1, 1]}}, {"type": "Feature", "geometry": {"type": "Point", "coordinates": [1.79518, 40.854099]}, "properties": {"var_data": [0.366, 0.202, 0.076, 0.015, 1.023, -0.001, 1, 1, 1, 1, 1]}}, {"type": "Feature", "geometry": {"type": "Point", "coordinates": [1.83052, 40.854099]}, "properties": {"var_data": [0.509, 0.227, 0.021, 0.01, 0.762, 0.0, 1, 1, 1, 1, 1]}}, {"type": "Feature", "geometry": {"type": "Point", "coordinates": [1.86586, 40.854099]}, "properties": {"var_data": [0.682, 0.278, 0.02, 0.009, 0.69, 0.0, 1, 1, 1, 1, 1]}}, {"type": "Feature", "geometry": {"type": "Point", "coordinates": [1.9012, 40.854099]}, "properties": {"var_data": [0.6, 0.261, 0.022, 0.011, 0.674, 0.0, 1, 1, 1, 1, 1]}}, {"type": "Feature", "geometry": {"type": "Point", "coordinates": [1.93654, 40.854099]}, "properties": {"var_data": [0.438, 0.202, 0.013, 0.007, 0.543, 0.0, 1, 1, 1, 1, 1]}}, {"type": "Feature", "geometry": {"type": "Point", "coordinates": [1.97188, 40.854099]}, "properties": {"var_data": [0.303, 0.162, 0.015, 0.007, 0.534, 0.0, 1, 1, 1, 1, 1]}}, {"type": "Feature", "geometry": {"type": "Point", "coordinates": [2.00722, 40.854099]}, "properties": {"var_data": [0.192, 0.154, 0.016, 0.007, 0.532, 0.0, 1, 1, 1, 1, 1]}}, {"type": "Feature", "geometry": {"type": "Point", "coordinates": [2.04256, 40.854099]}, "properties": {"var_data": [0.123, 0.136, 0.022, 0.01, 0.557, 0.0, 1, 1, 1, 1, 1]}}, {"type": "Feature", "geometry": {"type": "Point", "coordinates": [2.0779, 40.854099]}, "properties": {"var_data": [0.105, 0.151, 0.017, 0.01, 0.519, 0.0, 1, 1, 1, 1, 1]}}, {"type": "Feature", "geometry": {"type": "Point", "coordinates": [2.11324, 40.854099]}, "properties": {"var_data": [0.058, 0.176, 0.02, 0.014, 0.602, 0.0, 1, 1, 1, 1, 1]}}, {"type": "Feature", "geometry": {"type": "Point", "coordinates": [2.14858, 40.854099]}, "properties": {"var_data": [0.199, 0.255, 0.028, 0.024, 0.743, 0.001, 1, 1, 1, 1, 1]}}, {"type": "Feature", "geometry": {"type": "Point", "coordinates": [2.18392, 40.854099]}, "properties": {"var_data": [0.006, 0.107, 0.015, 0.009, 0.556, 0.0, 1, 1, 1, 1, 1]}}, {"type": "Feature", "geometry": {"type": "Point", "coordinates": [2.21926, 40.854099]}, "properties": {"var_data": [-0.071, 0.006, 0.016, 0.008, 0.465, -0.0, 1, 1, 1, 1, 1]}}, {"type": "Feature", "geometry": {"type": "Point", "coordinates": [2.2546, 40.854099]}, "properties": {"var_data": [-0.077, 0.016, 0.013, 0.005, 0.385, -0.0, 1, 1, 1, 1, 1]}}, {"type": "Feature", "geometry": {"type": "Point", "coordinates": [2.28994, 40.854099]}, "properties": {"var_data": [-0.042, 0.012, 0.015, 0.004, 0.387, -0.0, 1, 1, 1, 1, 1]}}, {"type": "Feature", "geometry": {"type": "Point", "coordinates": [2.32528, 40.854099]}, "properties": {"var_data": [-0.067, -0.016, 0.014, 0.005, 0.462, -0.0, 1, 1, 1, 1, 1]}}, {"type": "Feature", "geometry": {"type": "Point", "coordinates": [2.36062, 40.854099]}, "properties": {"var_data": [-0.046, -0.004, 0.012, 0.005, 0.425, -0.0, 1, 1, 1, 1, 1]}}, {"type": "Feature", "geometry": {"type": "Point", "coordinates": [2.39596, 40.854099]}, "properties": {"var_data": [-0.06, -0.047, 0.024, 0.018, 0.645, 0.0, 1, 1, 1, 1, 1]}}, {"type": "Feature", "geometry": {"type": "Point", "coordinates": [2.4313, 40.854099]}, "properties": {"var_data": [-0.079, -0.072, 0.026, 0.022, 0.665, 0.001, 1, 1, 1, 1, 1]}}, {"type": "Feature", "geometry": {"type": "Point", "coordinates": [2.46664, 40.854099]}, "properties": {"var_data": [-0.056, -0.045, 0.032, 0.021, 0.94, 0.001, 1, 1, 1, 1, 1]}}, {"type": "Feature", "geometry": {"type": "Point", "coordinates": [2.50198, 40.854099]}, "properties": {"var_data": [-0.104, -0.091, 0.045, 0.038, 1.185, 0.002, 1, 1, 1, 1, 1]}}, {"type": "Feature", "geometry": {"type": "Point", "coordinates": [2.53732, 40.854099]}, "properties": {"var_data": [-0.11, -0.083, 0.023, 0.013, 0.895, 0.0, 1, 1, 1, 1, 1]}}, {"type": "Feature", "geometry": {"type": "Point", "coordinates": [2.57266, 40.854099]}, "properties": {"var_data": [-0.022, 0.027, 0.014, 0.015, 0.901, 0.0, 4, 4, 1, 1, 1]}}, {"type": "Feature", "geometry": {"type": "Point", "coordinates": [2.608, 40.854099]}, "properties": {"var_data": [-0.123, -0.015, 0.016, 0.016, 1.036, 0.0, 1, 1, 1, 1, 1]}}, {"type": "Feature", "geometry": {"type": "Point", "coordinates": [2.64334, 40.854099]}, "properties": {"var_data": [-0.14, -0.07, 0.04, 0.018, 1.043, -0.0, 1, 0, 1, 1, 1]}}, {"type": "Feature", "geometry": {"type": "Point", "coordinates": [0.87634, 40.8811]}, "properties": {"var_data": [0.178, 0.019, 0.436, 0.817, 8.126, -0.354, 4, 4, 4, 1, 1]}}, {"type": "Feature", "geometry": {"type": "Point", "coordinates": [0.91168, 40.8811]}, "properties": {"var_data": [-0.464, 1.212, 0.534, 0.967, 8.69, -0.514, 4, 1, 4, 1, 1]}}, {"type": "Feature", "geometry": {"type": "Point", "coordinates": [0.94702, 40.8811]}, "properties": {"var_data": [-0.245, 0.711, 0.525, 0.93, 8.977, -0.488, 4, 1, 4, 1, 1]}}, {"type": "Feature", "geometry": {"type": "Point", "coordinates": [0.98236, 40.8811]}, "properties": {"var_data": [-0.987, 1.948, 0.293, 0.499, 11.076, -0.146, 4, 4, 4, 1, 4]}}, {"type": "Feature", "geometry": {"type": "Point", "coordinates": [1.0177, 40.8811]}, "properties": {"var_data": [-0.336, 0.755, 0.07, 0.085, 5.085, -0.006, 4, 4, 4, 1, 1]}}, {"type": "Feature", "geometry": {"type": "Point", "coordinates": [1.05304, 40.8811]}, "properties": {"var_data": [-0.499, 1.046, 0.149, 0.236, 5.027, -0.035, 4, 0, 4, 1, 1]}}, {"type": "Feature", "geometry": {"type": "Point", "coordinates": [1.08838, 40.8811]}, "properties": {"var_data": [-0.107, 0.466, 0.133, 0.17, 2.712, -0.022, 4, 1, 4, 1, 1]}}, {"type": "Feature", "geometry": {"type": "Point", "coordinates": [1.12372, 40.8811]}, "properties": {"var_data": [-0.25, 0.591, 0.195, 0.209, 3.176, -0.04, 4, 1, 4, 1, 1]}}, {"type": "Feature", "geometry": {"type": "Point", "coordinates": [1.15906, 40.8811]}, "properties": {"var_data": [-0.323, 0.598, 0.211, 0.214, 3.18, -0.045, 4, 0, 4, 1, 1]}}, {"type": "Feature", "geometry": {"type": "Point", "coordinates": [1.1944, 40.8811]}, "properties": {"var_data": [-0.276, 0.471, 0.126, 0.153, 3.263, -0.019, 4, 0, 4, 1, 1]}}, {"type": "Feature", "geometry": {"type": "Point", "coordinates": [1.22974, 40.8811]}, "properties": {"var_data": [-0.025, 0.153, 0.037, 0.044, 2.862, -0.002, 4, 1, 4, 1, 1]}}, {"type": "Feature", "geometry": {"type": "Point", "coordinates": [1.26508, 40.8811]}, "properties": {"var_data": [0.142, -0.038, 0.037, 0.045, 3.09, -0.002, 4, 1, 4, 1, 1]}}, {"type": "Feature", "geometry": {"type": "Point", "coordinates": [1.30042, 40.8811]}, "properties": {"var_data": [-0.009, 0.217, 0.026, 0.031, 2.667, -0.001, 4, 1, 4, 1, 1]}}, {"type": "Feature", "geometry": {"type": "Point", "coordinates": [1.33576, 40.8811]}, "properties": {"var_data": [0.002, 0.149, 0.047, 0.033, 1.057, -0.001, 1, 1, 1, 1, 1]}}, {"type": "Feature", "geometry": {"type": "Point", "coordinates": [1.3711, 40.8811]}, "properties": {"var_data": [-0.013, 0.154, 0.041, 0.032, 1.062, -0.001, 1, 1, 1, 1, 1]}}, {"type": "Feature", "geometry": {"type": "Point", "coordinates": [1.40644, 40.8811]}, "properties": {"var_data": [-0.011, 0.156, 0.043, 0.026, 1.126, -0.001, 1, 1, 1, 1, 1]}}, {"type": "Feature", "geometry": {"type": "Point", "coordinates": [1.44178, 40.8811]}, "properties": {"var_data": [-0.05, 0.19, 0.027, 0.013, 0.927, -0.0, 1, 1, 1, 1, 1]}}, {"type": "Feature", "geometry": {"type": "Point", "coordinates": [1.47712, 40.8811]}, "properties": {"var_data": [-0.132, 0.188, 0.027, 0.014, 1.336, -0.0, 1, 1, 1, 1, 1]}}, {"type": "Feature", "geometry": {"type": "Point", "coordinates": [1.51246, 40.8811]}, "properties": {"var_data": [0.148, 0.026, 0.027, 0.012, 1.053, -0.0, 1, 1, 1, 1, 1]}}, {"type": "Feature", "geometry": {"type": "Point", "coordinates": [1.5478, 40.8811]}, "properties": {"var_data": [0.253, -0.05, 0.028, 0.014, 0.917, -0.0, 1, 1, 1, 1, 1]}}, {"type": "Feature", "geometry": {"type": "Point", "coordinates": [1.58314, 40.8811]}, "properties": {"var_data": [0.452, -0.165, 0.044, 0.026, 0.705, -0.001, 1, 1, 1, 1, 1]}}, {"type": "Feature", "geometry": {"type": "Point", "coordinates": [1.61848, 40.8811]}, "properties": {"var_data": [0.408, -0.123, 0.036, 0.02, 0.687, -0.001, 1, 1, 1, 1, 1]}}, {"type": "Feature", "geometry": {"type": "Point", "coordinates": [1.65382, 40.8811]}, "properties": {"var_data": [0.301, -0.048, 0.037, 0.02, 0.65, -0.001, 1, 1, 1, 1, 1]}}, {"type": "Feature", "geometry": {"type": "Point", "coordinates": [1.68916, 40.8811]}, "properties": {"var_data": [0.214, 0.017, 0.049, 0.019, 0.653, -0.001, 1, 1, 1, 1, 1]}}, {"type": "Feature", "geometry": {"type": "Point", "coordinates": [1.7245, 40.8811]}, "properties": {"var_data": [0.133, 0.142, 0.065, 0.022, 0.775, -0.001, 1, 1, 1, 1, 1]}}, {"type": "Feature", "geometry": {"type": "Point", "coordinates": [1.75984, 40.8811]}, "properties": {"var_data": [0.183, 0.181, 0.108, 0.034, 0.851, -0.003, 1, 1, 1, 1, 1]}}, {"type": "Feature", "geometry": {"type": "Point", "coordinates": [1.79518, 40.8811]}, "properties": {"var_data": [0.522, 0.187, 0.033, 0.013, 0.679, 0.0, 1, 1, 1, 1, 1]}}, {"type": "Feature", "geometry": {"type": "Point", "coordinates": [1.83052, 40.8811]}, "properties": {"var_data": [0.599, 0.217, 0.02, 0.012, 0.547, 0.0, 1, 1, 1, 1, 1]}}, {"type": "Feature", "geometry": {"type": "Point", "coordinates": [1.86586, 40.8811]}, "properties": {"var_data": [0.708, 0.279, 0.019, 0.011, 0.576, 0.0, 1, 1, 1, 1, 1]}}, {"type": "Feature", "geometry": {"type": "Point", "coordinates": [1.9012, 40.8811]}, "properties": {"var_data": [0.604, 0.264, 0.017, 0.01, 0.513, 0.0, 1, 1, 1, 1, 1]}}, {"type": "Feature", "geometry": {"type": "Point", "coordinates": [1.93654, 40.8811]}, "properties": {"var_data": [0.422, 0.193, 0.013, 0.007, 0.506, 0.0, 1, 1, 1, 1, 1]}}, {"type": "Feature", "geometry": {"type": "Point", "coordinates": [1.97188, 40.8811]}, "properties": {"var_data": [0.246, 0.134, 0.015, 0.007, 0.471, 0.0, 1, 1, 1, 1, 1]}}, {"type": "Feature", "geometry": {"type": "Point", "coordinates": [2.00722, 40.8811]}, "properties": {"var_data": [0.121, 0.126, 0.015, 0.007, 0.507, 0.0, 1, 1, 1, 1, 1]}}, {"type": "Feature", "geometry": {"type": "Point", "coordinates": [2.04256, 40.8811]}, "properties": {"var_data": [0.015, 0.089, 0.014, 0.006, 0.465, 0.0, 1, 1, 1, 1, 1]}}, {"type": "Feature", "geometry": {"type": "Point", "coordinates": [2.0779, 40.8811]}, "properties": {"var_data": [0.005, 0.115, 0.017, 0.01, 0.495, 0.0, 1, 1, 1, 1, 1]}}, {"type": "Feature", "geometry": {"type": "Point", "coordinates": [2.11324, 40.8811]}, "properties": {"var_data": [0.118, 0.2, 0.021, 0.014, 0.603, 0.0, 1, 1, 1, 1, 1]}}, {"type": "Feature", "geometry": {"type": "Point", "coordinates": [2.14858, 40.8811]}, "properties": {"var_data": [-0.004, 0.067, 0.02, 0.018, 0.546, 0.0, 1, 1, 1, 1, 1]}}, {"type": "Feature", "geometry": {"type": "Point", "coordinates": [2.18392, 40.8811]}, "properties": {"var_data": [-0.044, 0.042, 0.013, 0.008, 0.469, 0.0, 1, 1, 1, 1, 1]}}, {"type": "Feature", "geometry": {"type": "Point", "coordinates": [2.21926, 40.8811]}, "properties": {"var_data": [-0.092, 0.001, 0.014, 0.008, 0.429, -0.0, 1, 1, 1, 1, 1]}}, {"type": "Feature", "geometry": {"type": "Point", "coordinates": [2.2546, 40.8811]}, "properties": {"var_data": [-0.099, -0.021, 0.015, 0.007, 0.413, -0.0, 1, 1, 1, 1, 1]}}, {"type": "Feature", "geometry": {"type": "Point", "coordinates": [2.28994, 40.8811]}, "properties": {"var_data": [-0.059, 0.008, 0.011, 0.004, 0.35, -0.0, 1, 1, 1, 1, 1]}}, {"type": "Feature", "geometry": {"type": "Point", "coordinates": [2.32528, 40.8811]}, "properties": {"var_data": [-0.051, -0.007, 0.011, 0.004, 0.387, -0.0, 1, 1, 1, 1, 1]}}, {"type": "Feature", "geometry": {"type": "Point", "coordinates": [2.36062, 40.8811]}, "properties": {"var_data": [-0.058, -0.029, 0.015, 0.009, 0.386, 0.0, 1, 1, 1, 1, 1]}}, {"type": "Feature", "geometry": {"type": "Point", "coordinates": [2.39596, 40.8811]}, "properties": {"var_data": [-0.068, -0.051, 0.021, 0.013, 0.484, 0.0, 1, 1, 1, 1, 1]}}, {"type": "Feature", "geometry": {"type": "Point", "coordinates": [2.4313, 40.8811]}, "properties": {"var_data": [-0.133, -0.105, 0.029, 0.018, 0.668, 0.001, 1, 1, 1, 1, 1]}}, {"type": "Feature", "geometry": {"type": "Point", "coordinates": [2.46664, 40.8811]}, "properties": {"var_data": [-0.065, -0.086, 0.034, 0.021, 0.792, 0.001, 1, 1, 1, 1, 1]}}, {"type": "Feature", "geometry": {"type": "Point", "coordinates": [2.50198, 40.8811]}, "properties": {"var_data": [-0.07, -0.096, 0.034, 0.021, 0.832, 0.001, 1, 1, 1, 1, 1]}}, {"type": "Feature", "geometry": {"type": "Point", "coordinates": [2.53732, 40.8811]}, "properties": {"var_data": [-0.029, -0.052, 0.013, 0.009, 0.741, 0.0, 1, 1, 1, 1, 1]}}, {"type": "Feature", "geometry": {"type": "Point", "coordinates": [2.57266, 40.8811]}, "properties": {"var_data": [-0.079, -0.118, 0.013, 0.013, 0.85, 0.0, 1, 1, 1, 1, 1]}}, {"type": "Feature", "geometry": {"type": "Point", "coordinates": [2.608, 40.8811]}, "properties": {"var_data": [-0.092, -0.087, 0.013, 0.013, 0.909, 0.0, 1, 1, 1, 1, 1]}}, {"type": "Feature", "geometry": {"type": "Point", "coordinates": [2.64334, 40.8811]}, "properties": {"var_data": [-0.105, -0.088, 0.014, 0.013, 0.957, 0.0, 1, 1, 1, 1, 1]}}, {"type": "Feature", "geometry": {"type": "Point", "coordinates": [2.67868, 40.8811]}, "properties": {"var_data": [-0.49, -0.631, 0.096, 0.09, 2.006, 0.008, 4, 4, 4, 1, 1]}}, {"type": "Feature", "geometry": {"type": "Point", "coordinates": [2.71402, 40.8811]}, "properties": {"var_data": [-0.233, -0.347, 0.132, 0.162, 3.35, 0.021, 4, 1, 4, 1, 1]}}, {"type": "Feature", "geometry": {"type": "Point", "coordinates": [2.74936, 40.8811]}, "properties": {"var_data": [-0.237, -0.341, 0.084, 0.119, 2.658, 0.009, 4, 1, 4, 1, 1]}}, {"type": "Feature", "geometry": {"type": "Point", "coordinates": [0.87634, 40.9081]}, "properties": {"var_data": [-0.27, 1.06, 0.466, 0.974, 8.634, -0.453, 4, 1, 4, 1, 1]}}, {"type": "Feature", "geometry": {"type": "Point", "coordinates": [0.91168, 40.9081]}, "properties": {"var_data": [-0.549, 1.558, 0.309, 0.648, 8.476, -0.2, 4, 4, 4, 1, 1]}}, {"type": "Feature", "geometry": {"type": "Point", "coordinates": [0.94702, 40.9081]}, "properties": {"var_data": [0.101, 0.145, 0.13, 0.266, 7.335, -0.034, 4, 4, 4, 1, 1]}}, {"type": "Feature", "geometry": {"type": "Point", "coordinates": [0.98236, 40.9081]}, "properties": {"var_data": [-0.104, 0.491, 0.071, 0.143, 4.827, -0.01, 4, 4, 4, 1, 1]}}, {"type": "Feature", "geometry": {"type": "Point", "coordinates": [1.0177, 40.9081]}, "properties": {"var_data": [0.014, 0.278, 0.071, 0.144, 4.836, -0.01, 4, 0, 4, 1, 1]}}, {"type": "Feature", "geometry": {"type": "Point", "coordinates": [1.05304, 40.9081]}, "properties": {"var_data": [-0.481, 1.008, 0.155, 0.249, 5.243, -0.038, 4, 0, 4, 1, 1]}}, {"type": "Feature", "geometry": {"type": "Point", "coordinates": [1.08838, 40.9081]}, "properties": {"var_data": [-0.238, 0.672, 0.281, 0.399, 5.073, -0.111, 4, 0, 4, 1, 1]}}, {"type": "Feature", "geometry": {"type": "Point", "coordinates": [1.12372, 40.9081]}, "properties": {"var_data": [-0.101, 0.41, 0.147, 0.173, 3.212, -0.025, 4, 0, 4, 1, 1]}}, {"type": "Feature", "geometry": {"type": "Point", "coordinates": [1.15906, 40.9081]}, "properties": {"var_data": [-0.205, 0.443, 0.239, 0.257, 3.51, -0.061, 4, 0, 4, 1, 1]}}, {"type": "Feature", "geometry": {"type": "Point", "coordinates": [1.1944, 40.9081]}, "properties": {"var_data": [-0.101, 0.298, 0.163, 0.171, 3.449, -0.028, 4, 4, 4, 1, 1]}}, {"type": "Feature", "geometry": {"type": "Point", "coordinates": [1.22974, 40.9081]}, "properties": {"var_data": [-0.168, 0.398, 0.062, 0.075, 3.129, -0.005, 4, 1, 4, 1, 1]}}, {"type": "Feature", "geometry": {"type": "Point", "coordinates": [1.26508, 40.9081]}, "properties": {"var_data": [0.074, 0.113, 0.029, 0.035, 2.437, -0.001, 4, 1, 4, 1, 1]}}, {"type": "Feature", "geometry": {"type": "Point", "coordinates": [1.30042, 40.9081]}, "properties": {"var_data": [0.038, 0.188, 0.023, 0.028, 1.94, -0.001, 1, 1, 1, 1, 1]}}, {"type": "Feature", "geometry": {"type": "Point", "coordinates": [1.33576, 40.9081]}, "properties": {"var_data": [-0.066, 0.286, 0.024, 0.024, 1.14, -0.001, 1, 1, 1, 1, 1]}}, {"type": "Feature", "geometry": {"type": "Point", "coordinates": [1.3711, 40.9081]}, "properties": {"var_data": [-0.057, 0.241, 0.036, 0.02, 1.022, -0.001, 1, 1, 1, 1, 1]}}, {"type": "Feature", "geometry": {"type": "Point", "coordinates": [1.40644, 40.9081]}, "properties": {"var_data": [-0.024, 0.226, 0.04, 0.023, 0.855, -0.001, 1, 1, 1, 1, 1]}}, {"type": "Feature", "geometry": {"type": "Point", "coordinates": [1.44178, 40.9081]}, "properties": {"var_data": [0.046, 0.179, 0.027, 0.013, 0.967, -0.0, 1, 0, 1, 1, 1]}}, {"type": "Feature", "geometry": {"type": "Point", "coordinates": [1.47712, 40.9081]}, "properties": {"var_data": [-0.096, 0.202, 0.03, 0.012, 1.639, -0.0, 1, 1, 1, 1, 1]}}, {"type": "Feature", "geometry": {"type": "Point", "coordinates": [1.51246, 40.9081]}, "properties": {"var_data": [0.218, -0.026, 0.03, 0.012, 1.026, -0.0, 1, 1, 1, 1, 1]}}, {"type": "Feature", "geometry": {"type": "Point", "coordinates": [1.5478, 40.9081]}, "properties": {"var_data": [0.275, -0.067, 0.023, 0.012, 0.985, -0.0, 1, 1, 1, 1, 1]}}, {"type": "Feature", "geometry": {"type": "Point", "coordinates": [1.58314, 40.9081]}, "properties": {"var_data": [0.463, -0.206, 0.041, 0.025, 0.689, -0.001, 1, 1, 1, 1, 1]}}, {"type": "Feature", "geometry": {"type": "Point", "coordinates": [1.61848, 40.9081]}, "properties": {"var_data": [0.422, -0.162, 0.032, 0.018, 0.583, -0.001, 1, 1, 1, 1, 1]}}, {"type": "Feature", "geometry": {"type": "Point", "coordinates": [1.65382, 40.9081]}, "properties": {"var_data": [0.36, -0.086, 0.032, 0.017, 0.598, -0.0, 1, 1, 1, 1, 1]}}, {"type": "Feature", "geometry": {"type": "Point", "coordinates": [1.68916, 40.9081]}, "properties": {"var_data": [0.273, -0.008, 0.043, 0.016, 0.576, -0.0, 1, 1, 1, 1, 1]}}, {"type": "Feature", "geometry": {"type": "Point", "coordinates": [1.7245, 40.9081]}, "properties": {"var_data": [0.151, 0.115, 0.055, 0.02, 0.73, -0.001, 1, 1, 1, 1, 1]}}, {"type": "Feature", "geometry": {"type": "Point", "coordinates": [1.75984, 40.9081]}, "properties": {"var_data": [0.439, 0.119, 0.033, 0.014, 0.624, -0.0, 1, 1, 1, 1, 1]}}, {"type": "Feature", "geometry": {"type": "Point", "coordinates": [1.79518, 40.9081]}, "properties": {"var_data": [0.563, 0.169, 0.028, 0.014, 0.525, 0.0, 1, 1, 1, 1, 1]}}, {"type": "Feature", "geometry": {"type": "Point", "coordinates": [1.83052, 40.9081]}, "properties": {"var_data": [0.565, 0.185, 0.012, 0.007, 0.504, 0.0, 1, 1, 1, 1, 1]}}, {"type": "Feature", "geometry": {"type": "Point", "coordinates": [1.86586, 40.9081]}, "properties": {"var_data": [0.585, 0.228, 0.011, 0.006, 0.45, 0.0, 1, 1, 1, 1, 1]}}, {"type": "Feature", "geometry": {"type": "Point", "coordinates": [1.9012, 40.9081]}, "properties": {"var_data": [0.525, 0.23, 0.011, 0.006, 0.447, 0.0, 1, 1, 1, 1, 1]}}, {"type": "Feature", "geometry": {"type": "Point", "coordinates": [1.93654, 40.9081]}, "properties": {"var_data": [0.349, 0.164, 0.011, 0.005, 0.447, 0.0, 1, 1, 1, 1, 1]}}, {"type": "Feature", "geometry": {"type": "Point", "coordinates": [1.97188, 40.9081]}, "properties": {"var_data": [0.176, 0.106, 0.011, 0.005, 0.407, -0.0, 1, 1, 1, 1, 1]}}, {"type": "Feature", "geometry": {"type": "Point", "coordinates": [2.00722, 40.9081]}, "properties": {"var_data": [0.117, 0.111, 0.011, 0.005, 0.419, -0.0, 1, 1, 1, 1, 1]}}, {"type": "Feature", "geometry": {"type": "Point", "coordinates": [2.04256, 40.9081]}, "properties": {"var_data": [-0.018, 0.097, 0.011, 0.005, 0.432, -0.0, 1, 1, 1, 1, 1]}}, {"type": "Feature", "geometry": {"type": "Point", "coordinates": [2.0779, 40.9081]}, "properties": {"var_data": [-0.022, 0.085, 0.014, 0.007, 0.424, 0.0, 1, 1, 1, 1, 1]}}, {"type": "Feature", "geometry": {"type": "Point", "coordinates": [2.11324, 40.9081]}, "properties": {"var_data": [0.009, 0.126, 0.013, 0.007, 0.476, 0.0, 1, 1, 1, 1, 1]}}, {"type": "Feature", "geometry": {"type": "Point", "coordinates": [2.14858, 40.9081]}, "properties": {"var_data": [-0.075, 0.041, 0.014, 0.008, 0.492, 0.0, 1, 1, 1, 1, 1]}}, {"type": "Feature", "geometry": {"type": "Point", "coordinates": [2.18392, 40.9081]}, "properties": {"var_data": [-0.077, 0.004, 0.014, 0.008, 0.433, 0.0, 1, 1, 1, 1, 1]}}, {"type": "Feature", "geometry": {"type": "Point", "coordinates": [2.21926, 40.9081]}, "properties": {"var_data": [-0.111, -0.001, 0.015, 0.007, 0.382, -0.0, 1, 1, 1, 1, 1]}}, {"type": "Feature", "geometry": {"type": "Point", "coordinates": [2.2546, 40.9081]}, "properties": {"var_data": [-0.126, -0.034, 0.012, 0.006, 0.371, 0.0, 1, 1, 1, 1, 1]}}, {"type": "Feature", "geometry": {"type": "Point", "coordinates": [2.28994, 40.9081]}, "properties": {"var_data": [-0.067, -0.021, 0.012, 0.006, 0.335, 0.0, 1, 1, 1, 1, 1]}}, {"type": "Feature", "geometry": {"type": "Point", "coordinates": [2.32528, 40.9081]}, "properties": {"var_data": [-0.078, -0.019, 0.014, 0.008, 0.382, 0.0, 1, 1, 1, 1, 1]}}, {"type": "Feature", "geometry": {"type": "Point", "coordinates": [2.36062, 40.9081]}, "properties": {"var_data": [-0.064, -0.044, 0.017, 0.01, 0.394, 0.0, 1, 1, 1, 1, 1]}}, {"type": "Feature", "geometry": {"type": "Point", "coordinates": [2.39596, 40.9081]}, "properties": {"var_data": [-0.043, -0.036, 0.02, 0.012, 0.402, 0.0, 1, 1, 1, 1, 1]}}, {"type": "Feature", "geometry": {"type": "Point", "coordinates": [2.4313, 40.9081]}, "properties": {"var_data": [-0.05, -0.061, 0.026, 0.016, 0.565, 0.0, 1, 1, 1, 1, 1]}}, {"type": "Feature", "geometry": {"type": "Point", "coordinates": [2.46664, 40.9081]}, "properties": {"var_data": [-0.025, -0.039, 0.025, 0.015, 0.583, 0.0, 1, 1, 1, 1, 1]}}, {"type": "Feature", "geometry": {"type": "Point", "coordinates": [2.50198, 40.9081]}, "properties": {"var_data": [-0.052, -0.069, 0.027, 0.017, 0.936, 0.0, 1, 1, 1, 1, 1]}}, {"type": "Feature", "geometry": {"type": "Point", "coordinates": [2.53732, 40.9081]}, "properties": {"var_data": [-0.026, -0.065, 0.013, 0.009, 0.762, 0.0, 1, 1, 1, 1, 1]}}, {"type": "Feature", "geometry": {"type": "Point", "coordinates": [2.57266, 40.9081]}, "properties": {"var_data": [-0.1, -0.113, 0.013, 0.013, 0.822, 0.0, 1, 1, 1, 1, 1]}}, {"type": "Feature", "geometry": {"type": "Point", "coordinates": [2.608, 40.9081]}, "properties": {"var_data": [-0.098, -0.092, 0.013, 0.013, 0.904, 0.0, 1, 1, 1, 1, 1]}}, {"type": "Feature", "geometry": {"type": "Point", "coordinates": [2.64334, 40.9081]}, "properties": {"var_data": [-0.216, -0.323, 0.023, 0.03, 1.381, 0.001, 1, 1, 1, 1, 1]}}, {"type": "Feature", "geometry": {"type": "Point", "coordinates": [2.67868, 40.9081]}, "properties": {"var_data": [-0.292, -0.432, 0.049, 0.05, 1.471, 0.002, 1, 1, 1, 1, 1]}}, {"type": "Feature", "geometry": {"type": "Point", "coordinates": [2.71402, 40.9081]}, "properties": {"var_data": [-0.151, -0.284, 0.053, 0.069, 1.966, 0.003, 1, 1, 1, 1, 1]}}, {"type": "Feature", "geometry": {"type": "Point", "coordinates": [2.74936, 40.9081]}, "properties": {"var_data": [-0.16, -0.28, 0.054, 0.066, 2.305, 0.004, 4, 1, 4, 1, 1]}}, {"type": "Feature", "geometry": {"type": "Point", "coordinates": [2.7847, 40.9081]}, "properties": {"var_data": [-0.231, -0.391, 0.075, 0.129, 3.319, 0.009, 4, 1, 4, 1, 1]}}, {"type": "Feature", "geometry": {"type": "Point", "coordinates": [2.85538, 40.9081]}, "properties": {"var_data": [-0.105, -0.053, 0.037, 0.054, 1.186, 0.001, 1, 1, 1, 1, 1]}}, {"type": "Feature", "geometry": {"type": "Point", "coordinates": [0.87634, 40.935101]}, "properties": {"var_data": [-0.676, 1.888, 0.511, 1.069, 11.488, -0.545, 4, 4, 4, 1, 4]}}, {"type": "Feature", "geometry": {"type": "Point", "coordinates": [0.91168, 40.935101]}, "properties": {"var_data": [-0.371, 1.274, 0.308, 0.648, 8.382, -0.199, 4, 4, 4, 1, 1]}}, {"type": "Feature", "geometry": {"type": "Point", "coordinates": [0.94702, 40.935101]}, "properties": {"var_data": [-0.357, 1.248, 0.238, 0.509, 8.221, -0.121, 4, 1, 4, 1, 1]}}, {"type": "Feature", "geometry": {"type": "Point", "coordinates": [0.98236, 40.935101]}, "properties": {"var_data": [-0.138, 0.722, 0.118, 0.251, 5.254, -0.03, 4, 0, 4, 1, 1]}}, {"type": "Feature", "geometry": {"type": "Point", "coordinates": [1.0177, 40.935101]}, "properties": {"var_data": [0.08, 0.198, 0.056, 0.107, 4.102, -0.006, 4, 4, 4, 1, 1]}}, {"type": "Feature", "geometry": {"type": "Point", "coordinates": [1.05304, 40.935101]}, "properties": {"var_data": [-0.181, 0.618, 0.059, 0.112, 4.492, -0.007, 4, 1, 4, 1, 1]}}, {"type": "Feature", "geometry": {"type": "Point", "coordinates": [1.08838, 40.935101]}, "properties": {"var_data": [-0.352, 0.876, 0.038, 0.08, 3.624, -0.003, 4, 4, 4, 1, 1]}}, {"type": "Feature", "geometry": {"type": "Point", "coordinates": [1.12372, 40.935101]}, "properties": {"var_data": [-0.216, 0.628, 0.198, 0.336, 6.091, -0.066, 4, 4, 4, 1, 1]}}, {"type": "Feature", "geometry": {"type": "Point", "coordinates": [1.15906, 40.935101]}, "properties": {"var_data": [0.253, -0.273, 0.272, 0.471, 4.216, -0.128, 4, 0, 4, 1, 1]}}, {"type": "Feature", "geometry": {"type": "Point", "coordinates": [1.1944, 40.935101]}, "properties": {"var_data": [0.139, -0.021, 0.065, 0.085, 3.174, -0.005, 4, 4, 4, 1, 1]}}, {"type": "Feature", "geometry": {"type": "Point", "coordinates": [1.22974, 40.935101]}, "properties": {"var_data": [0.008, 0.196, 0.041, 0.053, 2.291, -0.002, 4, 1, 4, 1, 1]}}, {"type": "Feature", "geometry": {"type": "Point", "coordinates": [1.26508, 40.935101]}, "properties": {"var_data": [0.046, 0.173, 0.039, 0.05, 2.275, -0.002, 4, 1, 4, 1, 1]}}, {"type": "Feature", "geometry": {"type": "Point", "coordinates": [1.30042, 40.935101]}, "properties": {"var_data": [-0.12, 0.363, 0.03, 0.033, 2.075, -0.001, 4, 1, 4, 1, 1]}}, {"type": "Feature", "geometry": {"type": "Point", "coordinates": [1.33576, 40.935101]}, "properties": {"var_data": [-0.066, 0.285, 0.029, 0.032, 1.6, -0.001, 1, 1, 1, 1, 1]}}, {"type": "Feature", "geometry": {"type": "Point", "coordinates": [1.3711, 40.935101]}, "properties": {"var_data": [-0.047, 0.254, 0.024, 0.016, 0.952, -0.0, 1, 1, 1, 1, 1]}}, {"type": "Feature", "geometry": {"type": "Point", "coordinates": [1.40644, 40.935101]}, "properties": {"var_data": [-0.054, 0.214, 0.048, 0.026, 1.022, -0.001, 1, 1, 1, 1, 1]}}, {"type": "Feature", "geometry": {"type": "Point", "coordinates": [1.44178, 40.935101]}, "properties": {"var_data": [-0.031, 0.173, 0.034, 0.016, 0.864, -0.001, 1, 1, 1, 1, 1]}}, {"type": "Feature", "geometry": {"type": "Point", "coordinates": [1.47712, 40.935101]}, "properties": {"var_data": [-0.025, 0.148, 0.046, 0.02, 0.906, -0.001, 1, 1, 1, 1, 1]}}, {"type": "Feature", "geometry": {"type": "Point", "coordinates": [1.51246, 40.935101]}, "properties": {"var_data": [0.2, 0.011, 0.046, 0.018, 1.406, -0.001, 1, 1, 1, 1, 1]}}, {"type": "Feature", "geometry": {"type": "Point", "coordinates": [1.5478, 40.935101]}, "properties": {"var_data": [0.301, -0.094, 0.039, 0.016, 1.003, -0.001, 1, 1, 1, 1, 1]}}, {"type": "Feature", "geometry": {"type": "Point", "coordinates": [1.58314, 40.935101]}, "properties": {"var_data": [0.437, -0.185, 0.029, 0.015, 0.638, -0.0, 1, 1, 1, 1, 1]}}, {"type": "Feature", "geometry": {"type": "Point", "coordinates": [1.61848, 40.935101]}, "properties": {"var_data": [0.442, -0.178, 0.041, 0.024, 0.59, -0.001, 1, 1, 1, 1, 1]}}, {"type": "Feature", "geometry": {"type": "Point", "coordinates": [1.65382, 40.935101]}, "properties": {"var_data": [0.318, -0.087, 0.038, 0.022, 0.544, -0.001, 1, 1, 1, 1, 1]}}, {"type": "Feature", "geometry": {"type": "Point", "coordinates": [1.68916, 40.935101]}, "properties": {"var_data": [0.296, -0.044, 0.034, 0.018, 0.543, -0.001, 1, 1, 1, 1, 1]}}, {"type": "Feature", "geometry": {"type": "Point", "coordinates": [1.7245, 40.935101]}, "properties": {"var_data": [0.297, 0.048, 0.058, 0.022, 0.533, -0.001, 1, 1, 1, 1, 1]}}, {"type": "Feature", "geometry": {"type": "Point", "coordinates": [1.75984, 40.935101]}, "properties": {"var_data": [0.41, 0.081, 0.029, 0.013, 0.456, -0.0, 1, 1, 1, 1, 1]}}, {"type": "Feature", "geometry": {"type": "Point", "coordinates": [1.79518, 40.935101]}, "properties": {"var_data": [0.468, 0.133, 0.024, 0.011, 0.446, 0.0, 1, 1, 1, 1, 1]}}, {"type": "Feature", "geometry": {"type": "Point", "coordinates": [1.83052, 40.935101]}, "properties": {"var_data": [0.531, 0.174, 0.012, 0.006, 0.412, 0.0, 1, 1, 1, 1, 1]}}, {"type": "Feature", "geometry": {"type": "Point", "coordinates": [1.86586, 40.935101]}, "properties": {"var_data": [0.483, 0.202, 0.011, 0.006, 0.394, 0.0, 1, 1, 1, 1, 1]}}, {"type": "Feature", "geometry": {"type": "Point", "coordinates": [1.9012, 40.935101]}, "properties": {"var_data": [0.404, 0.198, 0.012, 0.006, 0.412, 0.0, 1, 1, 1, 1, 1]}}, {"type": "Feature", "geometry": {"type": "Point", "coordinates": [1.93654, 40.935101]}, "properties": {"var_data": [0.203, 0.141, 0.01, 0.005, 0.371, -0.0, 1, 1, 1, 1, 1]}}, {"type": "Feature", "geometry": {"type": "Point", "coordinates": [1.97188, 40.935101]}, "properties": {"var_data": [0.109, 0.107, 0.012, 0.005, 0.375, -0.0, 1, 1, 1, 1, 1]}}, {"type": "Feature", "geometry": {"type": "Point", "coordinates": [2.00722, 40.935101]}, "properties": {"var_data": [0.022, 0.109, 0.012, 0.005, 0.369, -0.0, 1, 1, 1, 1, 1]}}, {"type": "Feature", "geometry": {"type": "Point", "coordinates": [2.04256, 40.935101]}, "properties": {"var_data": [0.005, 0.106, 0.011, 0.005, 0.363, -0.0, 1, 1, 1, 1, 1]}}, {"type": "Feature", "geometry": {"type": "Point", "coordinates": [2.0779, 40.935101]}, "properties": {"var_data": [-0.03, 0.099, 0.013, 0.005, 0.408, 0.0, 1, 1, 1, 1, 1]}}, {"type": "Feature", "geometry": {"type": "Point", "coordinates": [2.11324, 40.935101]}, "properties": {"var_data": [-0.058, 0.059, 0.012, 0.006, 0.409, 0.0, 1, 1, 1, 1, 1]}}, {"type": "Feature", "geometry": {"type": "Point", "coordinates": [2.14858, 40.935101]}, "properties": {"var_data": [-0.068, 0.058, 0.013, 0.007, 0.407, 0.0, 1, 1, 1, 1, 1]}}, {"type": "Feature", "geometry": {"type": "Point", "coordinates": [2.18392, 40.935101]}, "properties": {"var_data": [-0.146, -0.026, 0.015, 0.006, 0.397, -0.0, 1, 1, 1, 1, 1]}}, {"type": "Feature", "geometry": {"type": "Point", "coordinates": [2.21926, 40.935101]}, "properties": {"var_data": [-0.109, -0.025, 0.014, 0.007, 0.347, -0.0, 1, 1, 1, 1, 1]}}, {"type": "Feature", "geometry": {"type": "Point", "coordinates": [2.2546, 40.935101]}, "properties": {"var_data": [-0.102, -0.018, 0.013, 0.007, 0.366, 0.0, 1, 1, 1, 1, 1]}}, {"type": "Feature", "geometry": {"type": "Point", "coordinates": [2.28994, 40.935101]}, "properties": {"var_data": [-0.105, -0.023, 0.013, 0.008, 0.337, 0.0, 1, 1, 1, 1, 1]}}, {"type": "Feature", "geometry": {"type": "Point", "coordinates": [2.32528, 40.935101]}, "properties": {"var_data": [-0.097, -0.04, 0.012, 0.008, 0.332, 0.0, 1, 1, 1, 1, 1]}}, {"type": "Feature", "geometry": {"type": "Point", "coordinates": [2.36062, 40.935101]}, "properties": {"var_data": [-0.08, -0.048, 0.015, 0.011, 0.364, 0.0, 1, 1, 1, 1, 1]}}, {"type": "Feature", "geometry": {"type": "Point", "coordinates": [2.39596, 40.935101]}, "properties": {"var_data": [-0.068, -0.06, 0.014, 0.008, 0.364, 0.0, 1, 1, 1, 1, 1]}}, {"type": "Feature", "geometry": {"type": "Point", "coordinates": [2.4313, 40.935101]}, "properties": {"var_data": [-0.07, -0.088, 0.015, 0.009, 0.474, 0.0, 1, 1, 1, 1, 1]}}, {"type": "Feature", "geometry": {"type": "Point", "coordinates": [2.46664, 40.935101]}, "properties": {"var_data": [-0.022, -0.067, 0.027, 0.016, 0.543, 0.0, 1, 1, 1, 1, 1]}}, {"type": "Feature", "geometry": {"type": "Point", "coordinates": [2.50198, 40.935101]}, "properties": {"var_data": [-0.111, -0.192, 0.037, 0.023, 0.932, 0.001, 1, 1, 1, 1, 1]}}, {"type": "Feature", "geometry": {"type": "Point", "coordinates": [2.53732, 40.935101]}, "properties": {"var_data": [-0.067, -0.137, 0.023, 0.035, 1.051, 0.001, 1, 1, 1, 1, 1]}}, {"type": "Feature", "geometry": {"type": "Point", "coordinates": [2.57266, 40.935101]}, "properties": {"var_data": [-0.059, -0.11, 0.02, 0.027, 1.049, 0.0, 1, 1, 1, 1, 1]}}, {"type": "Feature", "geometry": {"type": "Point", "coordinates": [2.608, 40.935101]}, "properties": {"var_data": [-0.112, -0.209, 0.021, 0.027, 1.048, 0.0, 1, 1, 1, 1, 1]}}, {"type": "Feature", "geometry": {"type": "Point", "coordinates": [2.64334, 40.935101]}, "properties": {"var_data": [-0.147, -0.26, 0.023, 0.028, 1.173, 0.001, 1, 1, 1, 1, 1]}}, {"type": "Feature", "geometry": {"type": "Point", "coordinates": [2.67868, 40.935101]}, "properties": {"var_data": [-0.083, -0.205, 0.032, 0.037, 1.282, 0.001, 1, 1, 1, 1, 1]}}, {"type": "Feature", "geometry": {"type": "Point", "coordinates": [2.71402, 40.935101]}, "properties": {"var_data": [-0.134, -0.277, 0.053, 0.062, 1.731, 0.003, 1, 1, 1, 1, 1]}}, {"type": "Feature", "geometry": {"type": "Point", "coordinates": [2.74936, 40.935101]}, "properties": {"var_data": [-0.176, -0.341, 0.053, 0.063, 1.94, 0.003, 1, 1, 1, 1, 1]}}, {"type": "Feature", "geometry": {"type": "Point", "coordinates": [2.7847, 40.935101]}, "properties": {"var_data": [-0.068, -0.081, 0.03, 0.036, 1.071, 0.001, 1, 1, 1, 1, 1]}}, {"type": "Feature", "geometry": {"type": "Point", "coordinates": [2.82004, 40.935101]}, "properties": {"var_data": [-0.109, -0.054, 0.024, 0.037, 0.819, 0.001, 1, 1, 1, 1, 1]}}, {"type": "Feature", "geometry": {"type": "Point", "coordinates": [2.85538, 40.935101]}, "properties": {"var_data": [-0.153, -0.102, 0.026, 0.044, 0.826, 0.001, 1, 1, 1, 1, 1]}}, {"type": "Feature", "geometry": {"type": "Point", "coordinates": [2.89072, 40.935101]}, "properties": {"var_data": [-0.157, -0.098, 0.024, 0.044, 0.833, 0.001, 1, 1, 1, 1, 1]}}, {"type": "Feature", "geometry": {"type": "Point", "coordinates": [2.92606, 40.935101]}, "properties": {"var_data": [-0.148, -0.093, 0.013, 0.005, 0.652, 0.0, 1, 1, 1, 1, 1]}}, {"type": "Feature", "geometry": {"type": "Point", "coordinates": [0.91168, 40.962101]}, "properties": {"var_data": [0.205, 0.071, 0.237, 0.503, 9.044, -0.119, 4, 4, 4, 1, 1]}}, {"type": "Feature", "geometry": {"type": "Point", "coordinates": [0.94702, 40.962101]}, "properties": {"var_data": [0.12, 0.257, 0.188, 0.402, 6.742, -0.075, 4, 4, 4, 1, 1]}}, {"type": "Feature", "geometry": {"type": "Point", "coordinates": [0.98236, 40.962101]}, "properties": {"var_data": [-0.337, 1.168, 0.283, 0.606, 10.797, -0.171, 4, 0, 4, 1, 1]}}, {"type": "Feature", "geometry": {"type": "Point", "coordinates": [1.0177, 40.962101]}, "properties": {"var_data": [-0.418, 1.281, 0.066, 0.128, 10.917, -0.008, 4, 4, 4, 1, 1]}}, {"type": "Feature", "geometry": {"type": "Point", "coordinates": [1.05304, 40.962101]}, "properties": {"var_data": [-0.011, 0.307, 0.042, 0.089, 4.826, -0.004, 4, 1, 4, 1, 1]}}, {"type": "Feature", "geometry": {"type": "Point", "coordinates": [1.08838, 40.962101]}, "properties": {"var_data": [-0.156, 0.533, 0.046, 0.098, 6.629, -0.004, 4, 4, 4, 1, 1]}}, {"type": "Feature", "geometry": {"type": "Point", "coordinates": [1.12372, 40.962101]}, "properties": {"var_data": [-0.432, 1.019, 0.046, 0.098, 8.438, -0.004, 4, 1, 4, 1, 1]}}, {"type": "Feature", "geometry": {"type": "Point", "coordinates": [1.15906, 40.962101]}, "properties": {"var_data": [0.657, -0.922, 0.31, 0.552, 11.232, -0.171, 4, 4, 4, 1, 1]}}, {"type": "Feature", "geometry": {"type": "Point", "coordinates": [1.1944, 40.962101]}, "properties": {"var_data": [0.151, 0.035, 0.059, 0.078, 2.397, -0.004, 4, 1, 4, 1, 1]}}, {"type": "Feature", "geometry": {"type": "Point", "coordinates": [1.22974, 40.962101]}, "properties": {"var_data": [-0.064, 0.299, 0.051, 0.069, 2.357, -0.003, 4, 1, 4, 1, 1]}}, {"type": "Feature", "geometry": {"type": "Point", "coordinates": [1.26508, 40.962101]}, "properties": {"var_data": [-0.101, 0.362, 0.032, 0.038, 1.891, -0.001, 1, 1, 1, 1, 1]}}, {"type": "Feature", "geometry": {"type": "Point", "coordinates": [1.30042, 40.962101]}, "properties": {"var_data": [-0.082, 0.332, 0.034, 0.04, 1.92, -0.001, 1, 1, 1, 1, 1]}}, {"type": "Feature", "geometry": {"type": "Point", "coordinates": [1.33576, 40.962101]}, "properties": {"var_data": [0.019, 0.214, 0.036, 0.042, 1.599, -0.001, 1, 1, 1, 1, 1]}}, {"type": "Feature", "geometry": {"type": "Point", "coordinates": [1.3711, 40.962101]}, "properties": {"var_data": [0.023, 0.17, 0.021, 0.015, 0.912, -0.0, 1, 1, 1, 1, 1]}}, {"type": "Feature", "geometry": {"type": "Point", "coordinates": [1.40644, 40.962101]}, "properties": {"var_data": [0.064, 0.128, 0.033, 0.018, 0.82, -0.001, 1, 1, 1, 1, 1]}}, {"type": "Feature", "geometry": {"type": "Point", "coordinates": [1.44178, 40.962101]}, "properties": {"var_data": [0.001, 0.152, 0.061, 0.031, 0.913, -0.002, 1, 1, 1, 1, 1]}}, {"type": "Feature", "geometry": {"type": "Point", "coordinates": [1.47712, 40.962101]}, "properties": {"var_data": [0.001, 0.119, 0.031, 0.015, 0.827, -0.0, 1, 1, 1, 1, 1]}}, {"type": "Feature", "geometry": {"type": "Point", "coordinates": [1.51246, 40.962101]}, "properties": {"var_data": [0.108, 0.067, 0.036, 0.016, 1.14, -0.0, 1, 1, 1, 1, 1]}}, {"type": "Feature", "geometry": {"type": "Point", "coordinates": [1.5478, 40.962101]}, "properties": {"var_data": [0.142, 0.005, 0.05, 0.018, 1.016, -0.001, 1, 1, 1, 1, 1]}}, {"type": "Feature", "geometry": {"type": "Point", "coordinates": [1.58314, 40.962101]}, "properties": {"var_data": [0.392, -0.16, 0.043, 0.023, 0.647, -0.001, 1, 1, 1, 1, 1]}}, {"type": "Feature", "geometry": {"type": "Point", "coordinates": [1.61848, 40.962101]}, "properties": {"var_data": [0.443, -0.165, 0.047, 0.028, 0.594, -0.001, 1, 1, 1, 1, 1]}}, {"type": "Feature", "geometry": {"type": "Point", "coordinates": [1.65382, 40.962101]}, "properties": {"var_data": [0.338, -0.091, 0.04, 0.024, 0.542, -0.001, 1, 1, 1, 1, 1]}}, {"type": "Feature", "geometry": {"type": "Point", "coordinates": [1.68916, 40.962101]}, "properties": {"var_data": [0.346, -0.058, 0.035, 0.02, 0.529, -0.001, 1, 1, 1, 1, 1]}}, {"type": "Feature", "geometry": {"type": "Point", "coordinates": [1.7245, 40.962101]}, "properties": {"var_data": [0.329, 0.001, 0.022, 0.012, 0.439, -0.0, 1, 1, 1, 1, 1]}}, {"type": "Feature", "geometry": {"type": "Point", "coordinates": [1.75984, 40.962101]}, "properties": {"var_data": [0.384, 0.055, 0.025, 0.011, 0.417, -0.0, 1, 1, 1, 1, 1]}}, {"type": "Feature", "geometry": {"type": "Point", "coordinates": [1.79518, 40.962101]}, "properties": {"var_data": [0.461, 0.108, 0.017, 0.009, 0.383, 0.0, 1, 1, 1, 1, 1]}}, {"type": "Feature", "geometry": {"type": "Point", "coordinates": [1.83052, 40.962101]}, "properties": {"var_data": [0.461, 0.169, 0.013, 0.006, 0.367, -0.0, 1, 1, 1, 1, 1]}}, {"type": "Feature", "geometry": {"type": "Point", "coordinates": [1.86586, 40.962101]}, "properties": {"var_data": [0.436, 0.212, 0.012, 0.006, 0.382, 0.0, 1, 1, 1, 1, 1]}}, {"type": "Feature", "geometry": {"type": "Point", "coordinates": [1.9012, 40.962101]}, "properties": {"var_data": [0.235, 0.158, 0.007, 0.005, 0.347, 0.0, 1, 1, 1, 1, 1]}}, {"type": "Feature", "geometry": {"type": "Point", "coordinates": [1.93654, 40.962101]}, "properties": {"var_data": [0.133, 0.128, 0.007, 0.005, 0.357, 0.0, 1, 1, 1, 1, 1]}}, {"type": "Feature", "geometry": {"type": "Point", "coordinates": [1.97188, 40.962101]}, "properties": {"var_data": [0.036, 0.123, 0.012, 0.007, 0.333, -0.0, 1, 1, 1, 1, 1]}}, {"type": "Feature", "geometry": {"type": "Point", "coordinates": [2.00722, 40.962101]}, "properties": {"var_data": [0.013, 0.104, 0.008, 0.004, 0.338, 0.0, 1, 1, 1, 1, 1]}}, {"type": "Feature", "geometry": {"type": "Point", "coordinates": [2.04256, 40.962101]}, "properties": {"var_data": [0.008, 0.12, 0.007, 0.004, 0.334, 0.0, 1, 1, 1, 1, 1]}}, {"type": "Feature", "geometry": {"type": "Point", "coordinates": [2.0779, 40.962101]}, "properties": {"var_data": [-0.009, 0.097, 0.007, 0.003, 0.318, 0.0, 1, 1, 1, 1, 1]}}, {"type": "Feature", "geometry": {"type": "Point", "coordinates": [2.11324, 40.962101]}, "properties": {"var_data": [-0.06, 0.077, 0.014, 0.006, 0.363, 0.0, 1, 1, 1, 1, 1]}}, {"type": "Feature", "geometry": {"type": "Point", "coordinates": [2.14858, 40.962101]}, "properties": {"var_data": [-0.073, 0.067, 0.013, 0.006, 0.354, -0.0, 1, 1, 1, 1, 1]}}, {"type": "Feature", "geometry": {"type": "Point", "coordinates": [2.18392, 40.962101]}, "properties": {"var_data": [-0.108, 0.01, 0.012, 0.005, 0.343, -0.0, 1, 1, 1, 1, 1]}}, {"type": "Feature", "geometry": {"type": "Point", "coordinates": [2.21926, 40.962101]}, "properties": {"var_data": [-0.123, -0.005, 0.012, 0.006, 0.329, -0.0, 1, 1, 1, 1, 1]}}, {"type": "Feature", "geometry": {"type": "Point", "coordinates": [2.2546, 40.962101]}, "properties": {"var_data": [-0.123, -0.006, 0.01, 0.005, 0.327, -0.0, 1, 1, 1, 1, 1]}}, {"type": "Feature", "geometry": {"type": "Point", "coordinates": [2.28994, 40.962101]}, "properties": {"var_data": [-0.122, -0.024, 0.012, 0.007, 0.329, 0.0, 1, 1, 1, 1, 1]}}, {"type": "Feature", "geometry": {"type": "Point", "coordinates": [2.32528, 40.962101]}, "properties": {"var_data": [-0.093, -0.027, 0.011, 0.008, 0.32, 0.0, 1, 1, 1, 1, 1]}}, {"type": "Feature", "geometry": {"type": "Point", "coordinates": [2.36062, 40.962101]}, "properties": {"var_data": [-0.075, -0.049, 0.015, 0.009, 0.357, 0.0, 1, 1, 1, 1, 1]}}, {"type": "Feature", "geometry": {"type": "Point", "coordinates": [2.39596, 40.962101]}, "properties": {"var_data": [-0.067, -0.043, 0.014, 0.009, 0.352, 0.0, 1, 1, 1, 1, 1]}}, {"type": "Feature", "geometry": {"type": "Point", "coordinates": [2.4313, 40.962101]}, "properties": {"var_data": [-0.076, -0.106, 0.014, 0.009, 0.423, 0.0, 1, 1, 1, 1, 1]}}, {"type": "Feature", "geometry": {"type": "Point", "coordinates": [2.46664, 40.962101]}, "properties": {"var_data": [-0.023, -0.06, 0.017, 0.01, 0.458, 0.0, 1, 1, 1, 1, 1]}}, {"type": "Feature", "geometry": {"type": "Point", "coordinates": [2.50198, 40.962101]}, "properties": {"var_data": [-0.104, -0.212, 0.032, 0.024, 0.753, 0.001, 1, 1, 1, 1, 1]}}, {"type": "Feature", "geometry": {"type": "Point", "coordinates": [2.53732, 40.962101]}, "properties": {"var_data": [-0.093, -0.228, 0.038, 0.041, 0.874, 0.001, 1, 1, 1, 1, 1]}}, {"type": "Feature", "geometry": {"type": "Point", "coordinates": [2.57266, 40.962101]}, "properties": {"var_data": [-0.029, -0.133, 0.014, 0.01, 0.75, 0.0, 1, 1, 1, 1, 1]}}, {"type": "Feature", "geometry": {"type": "Point", "coordinates": [2.608, 40.962101]}, "properties": {"var_data": [-0.049, -0.138, 0.013, 0.009, 0.646, 0.0, 1, 1, 1, 1, 1]}}, {"type": "Feature", "geometry": {"type": "Point", "coordinates": [2.64334, 40.962101]}, "properties": {"var_data": [-0.02, -0.119, 0.008, 0.008, 0.611, 0.0, 1, 1, 1, 1, 1]}}, {"type": "Feature", "geometry": {"type": "Point", "coordinates": [2.67868, 40.962101]}, "properties": {"var_data": [0.062, -0.065, 0.008, 0.009, 0.774, 0.0, 1, 1, 1, 1, 1]}}, {"type": "Feature", "geometry": {"type": "Point", "coordinates": [2.71402, 40.962101]}, "properties": {"var_data": [0.043, -0.064, 0.036, 0.042, 1.046, 0.002, 1, 1, 1, 1, 1]}}, {"type": "Feature", "geometry": {"type": "Point", "coordinates": [2.74936, 40.962101]}, "properties": {"var_data": [0.019, -0.041, 0.026, 0.031, 0.827, 0.001, 1, 1, 1, 1, 1]}}, {"type": "Feature", "geometry": {"type": "Point", "coordinates": [2.7847, 40.962101]}, "properties": {"var_data": [-0.054, -0.075, 0.027, 0.033, 1.049, 0.001, 1, 1, 1, 1, 1]}}, {"type": "Feature", "geometry": {"type": "Point", "coordinates": [2.82004, 40.962101]}, "properties": {"var_data": [-0.109, -0.079, 0.024, 0.034, 0.701, 0.0, 1, 1, 1, 1, 1]}}, {"type": "Feature", "geometry": {"type": "Point", "coordinates": [2.85538, 40.962101]}, "properties": {"var_data": [-0.162, -0.074, 0.022, 0.015, 0.622, 0.0, 1, 1, 1, 1, 1]}}, {"type": "Feature", "geometry": {"type": "Point", "coordinates": [2.89072, 40.962101]}, "properties": {"var_data": [-0.156, -0.103, 0.017, 0.01, 0.618, 0.0, 1, 1, 1, 1, 1]}}, {"type": "Feature", "geometry": {"type": "Point", "coordinates": [2.92606, 40.962101]}, "properties": {"var_data": [-0.157, -0.097, 0.013, 0.005, 0.567, 0.0, 1, 1, 1, 1, 1]}}, {"type": "Feature", "geometry": {"type": "Point", "coordinates": [0.94702, 40.989101]}, "properties": {"var_data": [0.21, 0.079, 0.104, 0.227, 8.026, -0.024, 4, 4, 4, 1, 1]}}, {"type": "Feature", "geometry": {"type": "Point", "coordinates": [0.98236, 40.989101]}, "properties": {"var_data": [0.239, -0.029, 0.105, 0.231, 8.143, -0.024, 4, 4, 4, 1, 1]}}, {"type": "Feature", "geometry": {"type": "Point", "coordinates": [1.0177, 40.989101]}, "properties": {"var_data": [-0.06, 0.574, 0.052, 0.105, 8.047, -0.005, 4, 4, 4, 1, 1]}}, {"type": "Feature", "geometry": {"type": "Point", "coordinates": [1.05304, 40.989101]}, "properties": {"var_data": [-0.001, 0.3, 0.046, 0.097, 6.995, -0.004, 4, 1, 4, 1, 1]}}, {"type": "Feature", "geometry": {"type": "Point", "coordinates": [1.08838, 40.989101]}, "properties": {"var_data": [-0.219, 0.65, 0.046, 0.098, 6.708, -0.005, 4, 4, 4, 1, 1]}}, {"type": "Feature", "geometry": {"type": "Point", "coordinates": [1.12372, 40.989101]}, "properties": {"var_data": [-0.072, 0.399, 0.046, 0.098, 6.179, -0.004, 4, 1, 4, 1, 1]}}, {"type": "Feature", "geometry": {"type": "Point", "coordinates": [1.15906, 40.989101]}, "properties": {"var_data": [0.217, -0.106, 0.044, 0.093, 6.134, -0.004, 4, 1, 4, 1, 1]}}, {"type": "Feature", "geometry": {"type": "Point", "coordinates": [1.1944, 40.989101]}, "properties": {"var_data": [0.451, -0.572, 0.21, 0.366, 7.534, -0.077, 4, 4, 4, 1, 1]}}, {"type": "Feature", "geometry": {"type": "Point", "coordinates": [1.22974, 40.989101]}, "properties": {"var_data": [-0.042, 0.325, 0.039, 0.058, 2.054, -0.002, 4, 1, 4, 1, 1]}}, {"type": "Feature", "geometry": {"type": "Point", "coordinates": [1.26508, 40.989101]}, "properties": {"var_data": [0.015, 0.227, 0.033, 0.04, 1.697, -0.001, 1, 1, 1, 1, 1]}}, {"type": "Feature", "geometry": {"type": "Point", "coordinates": [1.30042, 40.989101]}, "properties": {"var_data": [0.029, 0.23, 0.035, 0.041, 2.013, -0.001, 4, 1, 4, 1, 1]}}, {"type": "Feature", "geometry": {"type": "Point", "coordinates": [1.33576, 40.989101]}, "properties": {"var_data": [0.043, 0.199, 0.033, 0.038, 1.812, -0.001, 1, 1, 1, 1, 1]}}, {"type": "Feature", "geometry": {"type": "Point", "coordinates": [1.3711, 40.989101]}, "properties": {"var_data": [0.201, 0.003, 0.025, 0.024, 1.138, -0.001, 1, 1, 1, 1, 1]}}, {"type": "Feature", "geometry": {"type": "Point", "coordinates": [1.40644, 40.989101]}, "properties": {"var_data": [0.095, 0.106, 0.022, 0.015, 0.823, -0.0, 1, 1, 1, 1, 1]}}, {"type": "Feature", "geometry": {"type": "Point", "coordinates": [1.44178, 40.989101]}, "properties": {"var_data": [0.096, 0.081, 0.028, 0.017, 0.855, -0.0, 1, 1, 1, 1, 1]}}, {"type": "Feature", "geometry": {"type": "Point", "coordinates": [1.47712, 40.989101]}, "properties": {"var_data": [0.086, 0.066, 0.029, 0.018, 0.838, -0.0, 1, 1, 1, 1, 1]}}, {"type": "Feature", "geometry": {"type": "Point", "coordinates": [1.51246, 40.989101]}, "properties": {"var_data": [0.056, 0.09, 0.034, 0.015, 0.782, -0.0, 1, 1, 1, 1, 1]}}, {"type": "Feature", "geometry": {"type": "Point", "coordinates": [1.5478, 40.989101]}, "properties": {"var_data": [0.25, -0.058, 0.039, 0.025, 0.711, -0.001, 1, 1, 1, 1, 1]}}, {"type": "Feature", "geometry": {"type": "Point", "coordinates": [1.58314, 40.989101]}, "properties": {"var_data": [0.428, -0.134, 0.047, 0.021, 0.696, -0.001, 1, 1, 1, 1, 1]}}, {"type": "Feature", "geometry": {"type": "Point", "coordinates": [1.61848, 40.989101]}, "properties": {"var_data": [0.429, -0.142, 0.037, 0.022, 0.59, -0.001, 1, 1, 1, 1, 1]}}, {"type": "Feature", "geometry": {"type": "Point", "coordinates": [1.65382, 40.989101]}, "properties": {"var_data": [0.33, -0.082, 0.027, 0.016, 0.487, -0.0, 1, 1, 1, 1, 1]}}, {"type": "Feature", "geometry": {"type": "Point", "coordinates": [1.68916, 40.989101]}, "properties": {"var_data": [0.328, -0.039, 0.019, 0.011, 0.412, -0.0, 1, 1, 1, 1, 1]}}, {"type": "Feature", "geometry": {"type": "Point", "coordinates": [1.7245, 40.989101]}, "properties": {"var_data": [0.347, -0.0, 0.013, 0.008, 0.382, -0.0, 1, 1, 1, 1, 1]}}, {"type": "Feature", "geometry": {"type": "Point", "coordinates": [1.75984, 40.989101]}, "properties": {"var_data": [0.378, 0.037, 0.017, 0.01, 0.359, 0.0, 1, 1, 1, 1, 1]}}, {"type": "Feature", "geometry": {"type": "Point", "coordinates": [1.79518, 40.989101]}, "properties": {"var_data": [0.398, 0.109, 0.016, 0.007, 0.337, 0.0, 1, 1, 1, 1, 1]}}, {"type": "Feature", "geometry": {"type": "Point", "coordinates": [1.83052, 40.989101]}, "properties": {"var_data": [0.398, 0.175, 0.014, 0.007, 0.343, 0.0, 1, 1, 1, 1, 1]}}, {"type": "Feature", "geometry": {"type": "Point", "coordinates": [1.86586, 40.989101]}, "properties": {"var_data": [0.353, 0.21, 0.008, 0.005, 0.351, 0.0, 1, 1, 1, 1, 1]}}, {"type": "Feature", "geometry": {"type": "Point", "coordinates": [1.9012, 40.989101]}, "properties": {"var_data": [0.168, 0.162, 0.007, 0.005, 0.322, 0.0, 1, 1, 1, 1, 1]}}, {"type": "Feature", "geometry": {"type": "Point", "coordinates": [1.93654, 40.989101]}, "properties": {"var_data": [0.08, 0.162, 0.007, 0.005, 0.334, 0.0, 1, 1, 1, 1, 1]}}, {"type": "Feature", "geometry": {"type": "Point", "coordinates": [1.97188, 40.989101]}, "properties": {"var_data": [0.01, 0.107, 0.006, 0.004, 0.292, 0.0, 1, 1, 1, 1, 1]}}, {"type": "Feature", "geometry": {"type": "Point", "coordinates": [2.00722, 40.989101]}, "properties": {"var_data": [0.003, 0.115, 0.006, 0.003, 0.281, 0.0, 1, 1, 1, 1, 1]}}, {"type": "Feature", "geometry": {"type": "Point", "coordinates": [2.04256, 40.989101]}, "properties": {"var_data": [0.004, 0.105, 0.007, 0.004, 0.305, 0.0, 1, 1, 1, 1, 1]}}, {"type": "Feature", "geometry": {"type": "Point", "coordinates": [2.0779, 40.989101]}, "properties": {"var_data": [-0.053, 0.083, 0.008, 0.004, 0.298, 0.0, 1, 1, 1, 1, 1]}}, {"type": "Feature", "geometry": {"type": "Point", "coordinates": [2.11324, 40.989101]}, "properties": {"var_data": [-0.066, 0.085, 0.01, 0.005, 0.3, 0.0, 1, 1, 1, 1, 1]}}, {"type": "Feature", "geometry": {"type": "Point", "coordinates": [2.14858, 40.989101]}, "properties": {"var_data": [-0.099, 0.067, 0.011, 0.005, 0.313, -0.0, 1, 1, 1, 1, 1]}}, {"type": "Feature", "geometry": {"type": "Point", "coordinates": [2.18392, 40.989101]}, "properties": {"var_data": [-0.113, 0.028, 0.011, 0.005, 0.324, -0.0, 1, 1, 1, 1, 1]}}, {"type": "Feature", "geometry": {"type": "Point", "coordinates": [2.21926, 40.989101]}, "properties": {"var_data": [-0.125, 0.006, 0.01, 0.006, 0.331, -0.0, 1, 1, 1, 1, 1]}}, {"type": "Feature", "geometry": {"type": "Point", "coordinates": [2.2546, 40.989101]}, "properties": {"var_data": [-0.121, 0.004, 0.01, 0.005, 0.309, -0.0, 1, 1, 1, 1, 1]}}, {"type": "Feature", "geometry": {"type": "Point", "coordinates": [2.28994, 40.989101]}, "properties": {"var_data": [-0.139, -0.013, 0.012, 0.008, 0.311, 0.0, 1, 1, 1, 1, 1]}}, {"type": "Feature", "geometry": {"type": "Point", "coordinates": [2.32528, 40.989101]}, "properties": {"var_data": [-0.138, -0.013, 0.013, 0.009, 0.316, 0.0, 1, 1, 1, 1, 1]}}, {"type": "Feature", "geometry": {"type": "Point", "coordinates": [2.36062, 40.989101]}, "properties": {"var_data": [-0.123, -0.046, 0.012, 0.008, 0.323, 0.0, 1, 1, 1, 1, 1]}}, {"type": "Feature", "geometry": {"type": "Point", "coordinates": [2.39596, 40.989101]}, "properties": {"var_data": [-0.089, -0.054, 0.011, 0.007, 0.336, 0.0, 1, 1, 1, 1, 1]}}, {"type": "Feature", "geometry": {"type": "Point", "coordinates": [2.4313, 40.989101]}, "properties": {"var_data": [-0.084, -0.101, 0.012, 0.008, 0.403, 0.0, 1, 1, 1, 1, 1]}}, {"type": "Feature", "geometry": {"type": "Point", "coordinates": [2.46664, 40.989101]}, "properties": {"var_data": [-0.046, -0.127, 0.013, 0.009, 0.471, 0.0, 1, 1, 1, 1, 1]}}, {"type": "Feature", "geometry": {"type": "Point", "coordinates": [2.50198, 40.989101]}, "properties": {"var_data": [-0.082, -0.231, 0.032, 0.023, 0.884, 0.001, 1, 1, 1, 1, 1]}}, {"type": "Feature", "geometry": {"type": "Point", "coordinates": [2.53732, 40.989101]}, "properties": {"var_data": [-0.028, -0.17, 0.023, 0.023, 0.68, 0.0, 1, 1, 1, 1, 1]}}, {"type": "Feature", "geometry": {"type": "Point", "coordinates": [2.57266, 40.989101]}, "properties": {"var_data": [0.006, -0.125, 0.014, 0.009, 0.562, 0.0, 1, 1, 1, 1, 1]}}, {"type": "Feature", "geometry": {"type": "Point", "coordinates": [2.608, 40.989101]}, "properties": {"var_data": [0.022, -0.128, 0.012, 0.009, 0.57, 0.0, 1, 1, 1, 1, 1]}}, {"type": "Feature", "geometry": {"type": "Point", "coordinates": [2.64334, 40.989101]}, "properties": {"var_data": [0.036, -0.1, 0.007, 0.008, 0.523, 0.0, 1, 1, 1, 1, 1]}}, {"type": "Feature", "geometry": {"type": "Point", "coordinates": [2.67868, 40.989101]}, "properties": {"var_data": [0.05, -0.1, 0.007, 0.008, 0.537, 0.0, 1, 1, 1, 1, 1]}}, {"type": "Feature", "geometry": {"type": "Point", "coordinates": [2.71402, 40.989101]}, "properties": {"var_data": [0.077, -0.028, 0.03, 0.036, 1.1, 0.001, 1, 1, 1, 1, 1]}}, {"type": "Feature", "geometry": {"type": "Point", "coordinates": [2.74936, 40.989101]}, "properties": {"var_data": [0.043, -0.047, 0.026, 0.031, 0.822, 0.001, 1, 1, 1, 1, 1]}}, {"type": "Feature", "geometry": {"type": "Point", "coordinates": [2.7847, 40.989101]}, "properties": {"var_data": [-0.027, -0.077, 0.01, 0.01, 0.801, 0.0, 1, 1, 1, 1, 1]}}, {"type": "Feature", "geometry": {"type": "Point", "coordinates": [2.82004, 40.989101]}, "properties": {"var_data": [-0.086, -0.075, 0.021, 0.009, 0.618, -0.0, 1, 1, 1, 1, 1]}}, {"type": "Feature", "geometry": {"type": "Point", "coordinates": [2.85538, 40.989101]}, "properties": {"var_data": [-0.156, -0.076, 0.02, 0.015, 0.576, 0.0, 1, 1, 1, 1, 1]}}, {"type": "Feature", "geometry": {"type": "Point", "coordinates": [2.89072, 40.989101]}, "properties": {"var_data": [-0.177, -0.111, 0.016, 0.01, 0.549, 0.0, 1, 1, 1, 1, 1]}}, {"type": "Feature", "geometry": {"type": "Point", "coordinates": [2.92606, 40.989101]}, "properties": {"var_data": [-0.173, -0.113, 0.01, 0.005, 0.459, 0.0, 1, 1, 1, 1, 1]}}, {"type": "Feature", "geometry": {"type": "Point", "coordinates": [2.9614, 40.989101]}, "properties": {"var_data": [-0.157, -0.105, 0.01, 0.005, 0.502, 0.0, 1, 1, 1, 1, 1]}}, {"type": "Feature", "geometry": {"type": "Point", "coordinates": [1.0177, 41.016102]}, "properties": {"var_data": [0.349, -0.421, 0.136, 0.318, 12.914, -0.043, 4, 0, 4, 1, 1]}}, {"type": "Feature", "geometry": {"type": "Point", "coordinates": [1.05304, 41.016102]}, "properties": {"var_data": [0.14, -0.012, 0.045, 0.096, 5.838, -0.004, 4, 4, 4, 1, 1]}}, {"type": "Feature", "geometry": {"type": "Point", "coordinates": [1.08838, 41.016102]}, "properties": {"var_data": [0.197, -0.116, 0.045, 0.096, 5.488, -0.004, 4, 1, 4, 1, 1]}}, {"type": "Feature", "geometry": {"type": "Point", "coordinates": [1.12372, 41.016102]}, "properties": {"var_data": [0.332, -0.335, 0.046, 0.097, 5.294, -0.004, 4, 1, 4, 1, 1]}}, {"type": "Feature", "geometry": {"type": "Point", "coordinates": [1.15906, 41.016102]}, "properties": {"var_data": [0.371, -0.365, 0.113, 0.203, 7.182, -0.023, 4, 1, 4, 1, 1]}}, {"type": "Feature", "geometry": {"type": "Point", "coordinates": [1.1944, 41.016102]}, "properties": {"var_data": [0.057, 0.24, 0.145, 0.254, 4.429, -0.037, 4, 1, 4, 1, 1]}}, {"type": "Feature", "geometry": {"type": "Point", "coordinates": [1.22974, 41.016102]}, "properties": {"var_data": [0.128, 0.075, 0.118, 0.209, 4.281, -0.025, 4, 1, 4, 1, 1]}}, {"type": "Feature", "geometry": {"type": "Point", "coordinates": [1.26508, 41.016102]}, "properties": {"var_data": [0.103, 0.15, 0.027, 0.035, 1.754, -0.001, 1, 1, 1, 1, 1]}}, {"type": "Feature", "geometry": {"type": "Point", "coordinates": [1.30042, 41.016102]}, "properties": {"var_data": [0.091, 0.152, 0.032, 0.036, 1.52, -0.001, 1, 1, 1, 1, 1]}}, {"type": "Feature", "geometry": {"type": "Point", "coordinates": [1.33576, 41.016102]}, "properties": {"var_data": [0.153, 0.093, 0.042, 0.046, 1.549, -0.002, 1, 1, 1, 1, 1]}}, {"type": "Feature", "geometry": {"type": "Point", "coordinates": [1.3711, 41.016102]}, "properties": {"var_data": [0.232, 0.004, 0.028, 0.025, 1.596, -0.001, 1, 1, 1, 1, 1]}}, {"type": "Feature", "geometry": {"type": "Point", "coordinates": [1.40644, 41.016102]}, "properties": {"var_data": [0.211, -0.025, 0.023, 0.018, 1.085, -0.0, 1, 1, 1, 1, 1]}}, {"type": "Feature", "geometry": {"type": "Point", "coordinates": [1.44178, 41.016102]}, "properties": {"var_data": [0.19, -0.011, 0.026, 0.018, 0.95, -0.0, 1, 1, 1, 1, 1]}}, {"type": "Feature", "geometry": {"type": "Point", "coordinates": [1.47712, 41.016102]}, "properties": {"var_data": [0.095, 0.086, 0.017, 0.013, 0.866, -0.0, 1, 1, 1, 1, 1]}}, {"type": "Feature", "geometry": {"type": "Point", "coordinates": [1.51246, 41.016102]}, "properties": {"var_data": [0.105, 0.074, 0.019, 0.021, 0.688, -0.0, 1, 1, 1, 1, 1]}}, {"type": "Feature", "geometry": {"type": "Point", "coordinates": [1.5478, 41.016102]}, "properties": {"var_data": [0.258, -0.086, 0.033, 0.022, 0.673, -0.0, 1, 1, 1, 1, 1]}}, {"type": "Feature", "geometry": {"type": "Point", "coordinates": [1.58314, 41.016102]}, "properties": {"var_data": [0.354, -0.156, 0.034, 0.023, 0.569, -0.001, 1, 1, 1, 1, 1]}}, {"type": "Feature", "geometry": {"type": "Point", "coordinates": [1.61848, 41.016102]}, "properties": {"var_data": [0.429, -0.138, 0.039, 0.023, 0.624, -0.001, 1, 1, 1, 1, 1]}}, {"type": "Feature", "geometry": {"type": "Point", "coordinates": [1.65382, 41.016102]}, "properties": {"var_data": [0.334, -0.094, 0.021, 0.013, 0.454, -0.0, 1, 1, 1, 1, 1]}}, {"type": "Feature", "geometry": {"type": "Point", "coordinates": [1.68916, 41.016102]}, "properties": {"var_data": [0.31, -0.012, 0.012, 0.008, 0.384, -0.0, 1, 1, 1, 1, 1]}}, {"type": "Feature", "geometry": {"type": "Point", "coordinates": [1.7245, 41.016102]}, "properties": {"var_data": [0.349, 0.017, 0.011, 0.007, 0.322, -0.0, 1, 1, 1, 1, 1]}}, {"type": "Feature", "geometry": {"type": "Point", "coordinates": [1.75984, 41.016102]}, "properties": {"var_data": [0.325, 0.051, 0.013, 0.008, 0.299, 0.0, 1, 1, 1, 1, 1]}}, {"type": "Feature", "geometry": {"type": "Point", "coordinates": [1.79518, 41.016102]}, "properties": {"var_data": [0.317, 0.125, 0.014, 0.007, 0.308, 0.0, 1, 1, 1, 1, 1]}}, {"type": "Feature", "geometry": {"type": "Point", "coordinates": [1.83052, 41.016102]}, "properties": {"var_data": [0.314, 0.19, 0.013, 0.007, 0.31, 0.0, 1, 1, 1, 1, 1]}}, {"type": "Feature", "geometry": {"type": "Point", "coordinates": [1.86586, 41.016102]}, "properties": {"var_data": [0.285, 0.223, 0.008, 0.007, 0.318, 0.0, 1, 1, 1, 1, 1]}}, {"type": "Feature", "geometry": {"type": "Point", "coordinates": [1.9012, 41.016102]}, "properties": {"var_data": [0.167, 0.211, 0.007, 0.005, 0.323, 0.0, 1, 1, 1, 1, 1]}}, {"type": "Feature", "geometry": {"type": "Point", "coordinates": [1.93654, 41.016102]}, "properties": {"var_data": [0.079, 0.155, 0.007, 0.006, 0.301, 0.0, 1, 1, 1, 1, 1]}}, {"type": "Feature", "geometry": {"type": "Point", "coordinates": [1.97188, 41.016102]}, "properties": {"var_data": [0.005, 0.122, 0.007, 0.005, 0.31, 0.0, 1, 1, 1, 1, 1]}}, {"type": "Feature", "geometry": {"type": "Point", "coordinates": [2.00722, 41.016102]}, "properties": {"var_data": [0.006, 0.119, 0.008, 0.004, 0.281, 0.0, 1, 1, 1, 1, 1]}}, {"type": "Feature", "geometry": {"type": "Point", "coordinates": [2.04256, 41.016102]}, "properties": {"var_data": [-0.02, 0.099, 0.008, 0.004, 0.274, 0.0, 1, 1, 1, 1, 1]}}, {"type": "Feature", "geometry": {"type": "Point", "coordinates": [2.0779, 41.016102]}, "properties": {"var_data": [-0.05, 0.101, 0.008, 0.004, 0.271, 0.0, 1, 1, 1, 1, 1]}}, {"type": "Feature", "geometry": {"type": "Point", "coordinates": [2.11324, 41.016102]}, "properties": {"var_data": [-0.081, 0.089, 0.01, 0.004, 0.28, 0.0, 1, 1, 1, 1, 1]}}, {"type": "Feature", "geometry": {"type": "Point", "coordinates": [2.14858, 41.016102]}, "properties": {"var_data": [-0.127, 0.033, 0.011, 0.005, 0.286, 0.0, 1, 1, 1, 1, 1]}}, {"type": "Feature", "geometry": {"type": "Point", "coordinates": [2.18392, 41.016102]}, "properties": {"var_data": [-0.126, 0.043, 0.01, 0.005, 0.273, -0.0, 1, 1, 1, 1, 1]}}, {"type": "Feature", "geometry": {"type": "Point", "coordinates": [2.21926, 41.016102]}, "properties": {"var_data": [-0.131, 0.02, 0.009, 0.006, 0.291, 0.0, 1, 1, 1, 1, 1]}}, {"type": "Feature", "geometry": {"type": "Point", "coordinates": [2.2546, 41.016102]}, "properties": {"var_data": [-0.136, 0.01, 0.01, 0.006, 0.295, -0.0, 1, 1, 1, 1, 1]}}, {"type": "Feature", "geometry": {"type": "Point", "coordinates": [2.28994, 41.016102]}, "properties": {"var_data": [-0.129, 0.004, 0.012, 0.009, 0.308, 0.0, 1, 1, 1, 1, 1]}}, {"type": "Feature", "geometry": {"type": "Point", "coordinates": [2.32528, 41.016102]}, "properties": {"var_data": [-0.113, 0.007, 0.013, 0.009, 0.299, 0.0, 1, 1, 1, 1, 1]}}, {"type": "Feature", "geometry": {"type": "Point", "coordinates": [2.36062, 41.016102]}, "properties": {"var_data": [-0.104, -0.019, 0.014, 0.009, 0.317, 0.0, 1, 1, 1, 1, 1]}}, {"type": "Feature", "geometry": {"type": "Point", "coordinates": [2.39596, 41.016102]}, "properties": {"var_data": [-0.072, -0.036, 0.011, 0.007, 0.333, 0.0, 1, 1, 1, 1, 1]}}, {"type": "Feature", "geometry": {"type": "Point", "coordinates": [2.4313, 41.016102]}, "properties": {"var_data": [-0.057, -0.05, 0.011, 0.008, 0.354, 0.0, 1, 1, 1, 1, 1]}}, {"type": "Feature", "geometry": {"type": "Point", "coordinates": [2.46664, 41.016102]}, "properties": {"var_data": [-0.057, -0.127, 0.012, 0.008, 0.415, 0.0, 1, 1, 1, 1, 1]}}, {"type": "Feature", "geometry": {"type": "Point", "coordinates": [2.50198, 41.016102]}, "properties": {"var_data": [-0.058, -0.197, 0.015, 0.011, 0.504, 0.0, 1, 1, 1, 1, 1]}}, {"type": "Feature", "geometry": {"type": "Point", "coordinates": [2.53732, 41.016102]}, "properties": {"var_data": [0.023, -0.142, 0.016, 0.022, 0.608, 0.0, 1, 1, 1, 1, 1]}}, {"type": "Feature", "geometry": {"type": "Point", "coordinates": [2.57266, 41.016102]}, "properties": {"var_data": [0.05, -0.116, 0.011, 0.008, 0.494, 0.0, 1, 1, 1, 1, 1]}}, {"type": "Feature", "geometry": {"type": "Point", "coordinates": [2.608, 41.016102]}, "properties": {"var_data": [0.046, -0.112, 0.01, 0.008, 0.465, 0.0, 1, 1, 1, 1, 1]}}, {"type": "Feature", "geometry": {"type": "Point", "coordinates": [2.64334, 41.016102]}, "properties": {"var_data": [0.055, -0.1, 0.004, 0.003, 0.456, 0.0, 1, 1, 1, 1, 1]}}, {"type": "Feature", "geometry": {"type": "Point", "coordinates": [2.67868, 41.016102]}, "properties": {"var_data": [0.054, -0.1, 0.004, 0.003, 0.487, 0.0, 1, 1, 1, 1, 1]}}, {"type": "Feature", "geometry": {"type": "Point", "coordinates": [2.71402, 41.016102]}, "properties": {"var_data": [0.09, -0.04, 0.031, 0.037, 1.079, 0.001, 1, 1, 1, 1, 1]}}, {"type": "Feature", "geometry": {"type": "Point", "coordinates": [2.74936, 41.016102]}, "properties": {"var_data": [-0.004, -0.074, 0.009, 0.01, 0.667, 0.0, 1, 1, 1, 1, 1]}}, {"type": "Feature", "geometry": {"type": "Point", "coordinates": [2.7847, 41.016102]}, "properties": {"var_data": [-0.075, -0.063, 0.017, 0.01, 0.782, 0.0, 1, 0, 1, 1, 1]}}, {"type": "Feature", "geometry": {"type": "Point", "coordinates": [2.82004, 41.016102]}, "properties": {"var_data": [-0.116, -0.078, 0.017, 0.009, 0.553, 0.0, 1, 1, 1, 1, 1]}}, {"type": "Feature", "geometry": {"type": "Point", "coordinates": [2.85538, 41.016102]}, "properties": {"var_data": [-0.174, -0.097, 0.016, 0.008, 0.495, 0.0, 1, 1, 1, 1, 1]}}, {"type": "Feature", "geometry": {"type": "Point", "coordinates": [2.89072, 41.016102]}, "properties": {"var_data": [-0.181, -0.126, 0.016, 0.009, 0.531, 0.0, 1, 1, 1, 1, 1]}}, {"type": "Feature", "geometry": {"type": "Point", "coordinates": [2.92606, 41.016102]}, "properties": {"var_data": [-0.179, -0.125, 0.013, 0.008, 0.487, 0.0, 1, 1, 1, 1, 1]}}, {"type": "Feature", "geometry": {"type": "Point", "coordinates": [2.9614, 41.016102]}, "properties": {"var_data": [-0.175, -0.118, 0.014, 0.009, 0.535, 0.0, 1, 1, 1, 1, 1]}}, {"type": "Feature", "geometry": {"type": "Point", "coordinates": [2.99674, 41.016102]}, "properties": {"var_data": [-0.172, -0.123, 0.015, 0.014, 0.545, 0.0, 1, 1, 1, 1, 1]}}, {"type": "Feature", "geometry": {"type": "Point", "coordinates": [3.03208, 41.016102]}, "properties": {"var_data": [-0.167, -0.12, 0.015, 0.008, 0.621, 0.0, 1, 1, 1, 1, 1]}}, {"type": "Feature", "geometry": {"type": "Point", "coordinates": [3.06742, 41.016102]}, "properties": {"var_data": [-0.168, -0.123, 0.023, 0.01, 0.819, 0.0, 1, 1, 1, 1, 1]}}, {"type": "Feature", "geometry": {"type": "Point", "coordinates": [3.10276, 41.016102]}, "properties": {"var_data": [-0.205, -0.165, 0.033, 0.017, 1.547, 0.0, 1, 1, 1, 1, 1]}}, {"type": "Feature", "geometry": {"type": "Point", "coordinates": [1.12372, 41.043098]}, "properties": {"var_data": [0.502, -0.652, 0.211, 0.461, 8.061, -0.097, 4, 0, 4, 1, 1]}}, {"type": "Feature", "geometry": {"type": "Point", "coordinates": [1.15906, 41.043098]}, "properties": {"var_data": [0.233, -0.055, 0.102, 0.182, 5.184, -0.018, 4, 1, 4, 1, 1]}}, {"type": "Feature", "geometry": {"type": "Point", "coordinates": [1.1944, 41.043098]}, "properties": {"var_data": [0.101, 0.196, 0.141, 0.249, 4.667, -0.035, 4, 1, 4, 1, 1]}}, {"type": "Feature", "geometry": {"type": "Point", "coordinates": [1.22974, 41.043098]}, "properties": {"var_data": [0.011, 0.391, 0.043, 0.08, 1.959, -0.003, 1, 1, 1, 1, 1]}}, {"type": "Feature", "geometry": {"type": "Point", "coordinates": [1.26508, 41.043098]}, "properties": {"var_data": [0.019, 0.321, 0.045, 0.089, 1.975, -0.004, 1, 1, 1, 1, 1]}}, {"type": "Feature", "geometry": {"type": "Point", "coordinates": [1.30042, 41.043098]}, "properties": {"var_data": [0.171, 0.088, 0.029, 0.039, 1.657, -0.001, 1, 1, 1, 1, 1]}}, {"type": "Feature", "geometry": {"type": "Point", "coordinates": [1.33576, 41.043098]}, "properties": {"var_data": [0.229, 0.02, 0.032, 0.041, 1.549, -0.001, 1, 1, 1, 1, 1]}}, {"type": "Feature", "geometry": {"type": "Point", "coordinates": [1.3711, 41.043098]}, "properties": {"var_data": [0.228, 0.018, 0.045, 0.052, 1.717, -0.002, 1, 1, 1, 1, 1]}}, {"type": "Feature", "geometry": {"type": "Point", "coordinates": [1.40644, 41.043098]}, "properties": {"var_data": [0.298, -0.132, 0.026, 0.023, 1.241, -0.001, 1, 1, 1, 1, 1]}}, {"type": "Feature", "geometry": {"type": "Point", "coordinates": [1.44178, 41.043098]}, "properties": {"var_data": [0.225, -0.067, 0.021, 0.021, 1.201, -0.0, 1, 1, 1, 1, 1]}}, {"type": "Feature", "geometry": {"type": "Point", "coordinates": [1.47712, 41.043098]}, "properties": {"var_data": [0.112, 0.053, 0.024, 0.029, 1.055, -0.001, 1, 1, 1, 1, 1]}}, {"type": "Feature", "geometry": {"type": "Point", "coordinates": [1.51246, 41.043098]}, "properties": {"var_data": [0.089, 0.105, 0.022, 0.026, 0.792, -0.001, 1, 1, 1, 1, 1]}}, {"type": "Feature", "geometry": {"type": "Point", "coordinates": [1.5478, 41.043098]}, "properties": {"var_data": [0.262, -0.109, 0.018, 0.023, 0.511, -0.0, 1, 1, 1, 1, 1]}}, {"type": "Feature", "geometry": {"type": "Point", "coordinates": [1.58314, 41.043098]}, "properties": {"var_data": [0.257, -0.137, 0.005, 0.004, 0.477, -0.0, 1, 1, 1, 1, 1]}}, {"type": "Feature", "geometry": {"type": "Point", "coordinates": [1.61848, 41.043098]}, "properties": {"var_data": [0.21, -0.105, 0.006, 0.005, 0.493, -0.0, 1, 1, 1, 1, 1]}}, {"type": "Feature", "geometry": {"type": "Point", "coordinates": [1.65382, 41.043098]}, "properties": {"var_data": [0.245, -0.053, 0.01, 0.006, 0.434, 0.0, 1, 1, 1, 1, 1]}}, {"type": "Feature", "geometry": {"type": "Point", "coordinates": [1.68916, 41.043098]}, "properties": {"var_data": [0.287, 0.021, 0.01, 0.005, 0.339, 0.0, 1, 1, 1, 1, 1]}}, {"type": "Feature", "geometry": {"type": "Point", "coordinates": [1.7245, 41.043098]}, "properties": {"var_data": [0.262, 0.049, 0.011, 0.008, 0.302, -0.0, 1, 1, 1, 1, 1]}}, {"type": "Feature", "geometry": {"type": "Point", "coordinates": [1.75984, 41.043098]}, "properties": {"var_data": [0.254, 0.069, 0.01, 0.007, 0.269, 0.0, 1, 1, 1, 1, 1]}}, {"type": "Feature", "geometry": {"type": "Point", "coordinates": [1.79518, 41.043098]}, "properties": {"var_data": [0.254, 0.15, 0.011, 0.008, 0.273, 0.0, 1, 1, 1, 1, 1]}}, {"type": "Feature", "geometry": {"type": "Point", "coordinates": [1.83052, 41.043098]}, "properties": {"var_data": [0.237, 0.212, 0.012, 0.007, 0.282, 0.0, 1, 1, 1, 1, 1]}}, {"type": "Feature", "geometry": {"type": "Point", "coordinates": [1.86586, 41.043098]}, "properties": {"var_data": [0.217, 0.241, 0.008, 0.007, 0.297, 0.0, 1, 1, 1, 1, 1]}}, {"type": "Feature", "geometry": {"type": "Point", "coordinates": [1.9012, 41.043098]}, "properties": {"var_data": [0.145, 0.22, 0.009, 0.007, 0.294, 0.0, 1, 1, 1, 1, 1]}}, {"type": "Feature", "geometry": {"type": "Point", "coordinates": [1.93654, 41.043098]}, "properties": {"var_data": [0.046, 0.181, 0.007, 0.004, 0.284, 0.0, 1, 1, 1, 1, 1]}}, {"type": "Feature", "geometry": {"type": "Point", "coordinates": [1.97188, 41.043098]}, "properties": {"var_data": [0.01, 0.159, 0.014, 0.006, 0.288, 0.0, 1, 1, 1, 1, 1]}}, {"type": "Feature", "geometry": {"type": "Point", "coordinates": [2.00722, 41.043098]}, "properties": {"var_data": [-0.011, 0.135, 0.012, 0.005, 0.275, 0.0, 1, 1, 1, 1, 1]}}, {"type": "Feature", "geometry": {"type": "Point", "coordinates": [2.04256, 41.043098]}, "properties": {"var_data": [-0.037, 0.108, 0.008, 0.004, 0.256, 0.0, 1, 1, 1, 1, 1]}}, {"type": "Feature", "geometry": {"type": "Point", "coordinates": [2.0779, 41.043098]}, "properties": {"var_data": [-0.061, 0.089, 0.009, 0.005, 0.258, 0.0, 1, 1, 1, 1, 1]}}, {"type": "Feature", "geometry": {"type": "Point", "coordinates": [2.11324, 41.043098]}, "properties": {"var_data": [-0.084, 0.081, 0.009, 0.005, 0.253, 0.0, 1, 1, 1, 1, 1]}}, {"type": "Feature", "geometry": {"type": "Point", "coordinates": [2.14858, 41.043098]}, "properties": {"var_data": [-0.114, 0.062, 0.01, 0.005, 0.266, 0.0, 1, 1, 1, 1, 1]}}, {"type": "Feature", "geometry": {"type": "Point", "coordinates": [2.18392, 41.043098]}, "properties": {"var_data": [-0.12, 0.051, 0.009, 0.005, 0.266, 0.0, 1, 1, 1, 1, 1]}}, {"type": "Feature", "geometry": {"type": "Point", "coordinates": [2.21926, 41.043098]}, "properties": {"var_data": [-0.118, 0.029, 0.009, 0.006, 0.274, 0.0, 1, 1, 1, 1, 1]}}, {"type": "Feature", "geometry": {"type": "Point", "coordinates": [2.2546, 41.043098]}, "properties": {"var_data": [-0.152, 0.002, 0.01, 0.008, 0.281, 0.0, 1, 1, 1, 1, 1]}}, {"type": "Feature", "geometry": {"type": "Point", "coordinates": [2.28994, 41.043098]}, "properties": {"var_data": [-0.148, 0.016, 0.011, 0.007, 0.278, 0.0, 1, 1, 1, 1, 1]}}, {"type": "Feature", "geometry": {"type": "Point", "coordinates": [2.32528, 41.043098]}, "properties": {"var_data": [-0.134, -0.006, 0.012, 0.008, 0.297, 0.0, 1, 1, 1, 1, 1]}}, {"type": "Feature", "geometry": {"type": "Point", "coordinates": [2.36062, 41.043098]}, "properties": {"var_data": [-0.108, -0.001, 0.011, 0.008, 0.287, 0.0, 1, 1, 1, 1, 1]}}, {"type": "Feature", "geometry": {"type": "Point", "coordinates": [2.39596, 41.043098]}, "properties": {"var_data": [-0.101, -0.054, 0.009, 0.006, 0.308, 0.0, 1, 1, 1, 1, 1]}}, {"type": "Feature", "geometry": {"type": "Point", "coordinates": [2.4313, 41.043098]}, "properties": {"var_data": [-0.058, -0.068, 0.008, 0.006, 0.313, 0.0, 1, 1, 1, 1, 1]}}, {"type": "Feature", "geometry": {"type": "Point", "coordinates": [2.46664, 41.043098]}, "properties": {"var_data": [-0.041, -0.11, 0.008, 0.005, 0.368, 0.0, 1, 1, 1, 1, 1]}}, {"type": "Feature", "geometry": {"type": "Point", "coordinates": [2.50198, 41.043098]}, "properties": {"var_data": [0.02, -0.123, 0.008, 0.005, 0.401, 0.0, 1, 1, 1, 1, 1]}}, {"type": "Feature", "geometry": {"type": "Point", "coordinates": [2.53732, 41.043098]}, "properties": {"var_data": [0.061, -0.112, 0.01, 0.009, 0.559, 0.0, 1, 1, 1, 1, 1]}}, {"type": "Feature", "geometry": {"type": "Point", "coordinates": [2.57266, 41.043098]}, "properties": {"var_data": [0.069, -0.098, 0.013, 0.017, 0.65, 0.0, 1, 1, 1, 1, 1]}}, {"type": "Feature", "geometry": {"type": "Point", "coordinates": [2.608, 41.043098]}, "properties": {"var_data": [0.042, -0.1, 0.009, 0.004, 0.412, -0.0, 1, 1, 1, 1, 1]}}, {"type": "Feature", "geometry": {"type": "Point", "coordinates": [2.64334, 41.043098]}, "properties": {"var_data": [0.045, -0.102, 0.01, 0.004, 0.452, -0.0, 1, 1, 1, 1, 1]}}, {"type": "Feature", "geometry": {"type": "Point", "coordinates": [2.67868, 41.043098]}, "properties": {"var_data": [0.026, -0.101, 0.012, 0.005, 0.463, -0.0, 1, 1, 1, 1, 1]}}, {"type": "Feature", "geometry": {"type": "Point", "coordinates": [2.71402, 41.043098]}, "properties": {"var_data": [0.016, -0.064, 0.004, 0.003, 0.573, 0.0, 1, 1, 1, 1, 1]}}, {"type": "Feature", "geometry": {"type": "Point", "coordinates": [2.74936, 41.043098]}, "properties": {"var_data": [-0.031, -0.044, 0.018, 0.011, 0.838, 0.0, 4, 4, 1, 1, 1]}}, {"type": "Feature", "geometry": {"type": "Point", "coordinates": [2.7847, 41.043098]}, "properties": {"var_data": [-0.092, -0.122, 0.017, 0.011, 1.036, 0.0, 4, 4, 1, 1, 1]}}, {"type": "Feature", "geometry": {"type": "Point", "coordinates": [2.82004, 41.043098]}, "properties": {"var_data": [-0.168, -0.117, 0.026, 0.01, 0.649, -0.0, 1, 1, 1, 1, 1]}}, {"type": "Feature", "geometry": {"type": "Point", "coordinates": [2.85538, 41.043098]}, "properties": {"var_data": [-0.178, -0.121, 0.019, 0.007, 0.535, 0.0, 1, 1, 1, 1, 1]}}, {"type": "Feature", "geometry": {"type": "Point", "coordinates": [2.89072, 41.043098]}, "properties": {"var_data": [-0.198, -0.137, 0.017, 0.008, 0.509, 0.0, 1, 1, 1, 1, 1]}}, {"type": "Feature", "geometry": {"type": "Point", "coordinates": [2.92606, 41.043098]}, "properties": {"var_data": [-0.206, -0.139, 0.013, 0.008, 0.465, 0.0, 1, 1, 1, 1, 1]}}, {"type": "Feature", "geometry": {"type": "Point", "coordinates": [2.9614, 41.043098]}, "properties": {"var_data": [-0.168, -0.115, 0.014, 0.016, 0.504, 0.0, 1, 1, 1, 1, 1]}}, {"type": "Feature", "geometry": {"type": "Point", "coordinates": [2.99674, 41.043098]}, "properties": {"var_data": [-0.162, -0.125, 0.014, 0.012, 0.469, 0.0, 1, 1, 1, 1, 1]}}, {"type": "Feature", "geometry": {"type": "Point", "coordinates": [3.03208, 41.043098]}, "properties": {"var_data": [-0.135, -0.105, 0.014, 0.012, 0.571, 0.0, 1, 1, 1, 1, 1]}}, {"type": "Feature", "geometry": {"type": "Point", "coordinates": [3.06742, 41.043098]}, "properties": {"var_data": [-0.116, -0.125, 0.025, 0.019, 0.748, 0.0, 1, 1, 1, 1, 1]}}, {"type": "Feature", "geometry": {"type": "Point", "coordinates": [3.10276, 41.043098]}, "properties": {"var_data": [-0.088, -0.101, 0.028, 0.016, 0.889, 0.0, 1, 1, 1, 1, 1]}}, {"type": "Feature", "geometry": {"type": "Point", "coordinates": [3.1381, 41.043098]}, "properties": {"var_data": [-0.124, -0.141, 0.031, 0.016, 1.396, 0.0, 1, 0, 1, 1, 1]}}, {"type": "Feature", "geometry": {"type": "Point", "coordinates": [1.1944, 41.070099]}, "properties": {"var_data": [0.026, 0.354, 0.043, 0.079, 2.221, -0.003, 4, 1, 4, 1, 1]}}, {"type": "Feature", "geometry": {"type": "Point", "coordinates": [1.22974, 41.070099]}, "properties": {"var_data": [0.018, 0.37, 0.034, 0.08, 1.963, -0.003, 1, 1, 1, 1, 1]}}, {"type": "Feature", "geometry": {"type": "Point", "coordinates": [1.26508, 41.070099]}, "properties": {"var_data": [0.004, 0.432, 0.034, 0.078, 1.886, -0.003, 1, 1, 1, 1, 1]}}, {"type": "Feature", "geometry": {"type": "Point", "coordinates": [1.30042, 41.070099]}, "properties": {"var_data": [0.025, 0.408, 0.035, 0.081, 1.992, -0.003, 1, 1, 1, 1, 1]}}, {"type": "Feature", "geometry": {"type": "Point", "coordinates": [1.33576, 41.070099]}, "properties": {"var_data": [0.181, 0.083, 0.028, 0.038, 2.048, -0.001, 4, 1, 4, 1, 1]}}, {"type": "Feature", "geometry": {"type": "Point", "coordinates": [1.3711, 41.070099]}, "properties": {"var_data": [0.269, -0.097, 0.108, 0.194, 2.835, -0.021, 4, 1, 4, 1, 1]}}, {"type": "Feature", "geometry": {"type": "Point", "coordinates": [1.40644, 41.070099]}, "properties": {"var_data": [0.369, -0.299, 0.024, 0.036, 1.419, -0.001, 1, 1, 1, 1, 1]}}, {"type": "Feature", "geometry": {"type": "Point", "coordinates": [1.44178, 41.070099]}, "properties": {"var_data": [0.39, -0.351, 0.025, 0.036, 1.449, -0.001, 1, 1, 1, 1, 1]}}, {"type": "Feature", "geometry": {"type": "Point", "coordinates": [1.47712, 41.070099]}, "properties": {"var_data": [0.208, -0.072, 0.023, 0.032, 0.88, -0.001, 1, 1, 1, 1, 1]}}, {"type": "Feature", "geometry": {"type": "Point", "coordinates": [1.51246, 41.070099]}, "properties": {"var_data": [0.139, -0.013, 0.012, 0.013, 0.639, -0.0, 1, 1, 1, 1, 1]}}, {"type": "Feature", "geometry": {"type": "Point", "coordinates": [1.5478, 41.070099]}, "properties": {"var_data": [0.241, -0.116, 0.011, 0.012, 0.431, -0.0, 1, 1, 1, 1, 1]}}, {"type": "Feature", "geometry": {"type": "Point", "coordinates": [1.58314, 41.070099]}, "properties": {"var_data": [0.234, -0.111, 0.005, 0.004, 0.427, -0.0, 1, 1, 1, 1, 1]}}, {"type": "Feature", "geometry": {"type": "Point", "coordinates": [1.61848, 41.070099]}, "properties": {"var_data": [0.187, -0.097, 0.005, 0.004, 0.368, -0.0, 1, 1, 1, 1, 1]}}, {"type": "Feature", "geometry": {"type": "Point", "coordinates": [1.65382, 41.070099]}, "properties": {"var_data": [0.202, -0.071, 0.005, 0.004, 0.418, -0.0, 1, 1, 1, 1, 1]}}, {"type": "Feature", "geometry": {"type": "Point", "coordinates": [1.68916, 41.070099]}, "properties": {"var_data": [0.248, 0.032, 0.009, 0.006, 0.323, 0.0, 1, 1, 1, 1, 1]}}, {"type": "Feature", "geometry": {"type": "Point", "coordinates": [1.7245, 41.070099]}, "properties": {"var_data": [0.24, 0.055, 0.009, 0.008, 0.284, 0.0, 1, 1, 1, 1, 1]}}, {"type": "Feature", "geometry": {"type": "Point", "coordinates": [1.75984, 41.070099]}, "properties": {"var_data": [0.216, 0.091, 0.01, 0.009, 0.254, 0.0, 1, 1, 1, 1, 1]}}, {"type": "Feature", "geometry": {"type": "Point", "coordinates": [1.79518, 41.070099]}, "properties": {"var_data": [0.19, 0.166, 0.009, 0.008, 0.244, 0.0, 1, 1, 1, 1, 1]}}, {"type": "Feature", "geometry": {"type": "Point", "coordinates": [1.83052, 41.070099]}, "properties": {"var_data": [0.162, 0.236, 0.011, 0.008, 0.262, 0.0, 1, 1, 1, 1, 1]}}, {"type": "Feature", "geometry": {"type": "Point", "coordinates": [1.86586, 41.070099]}, "properties": {"var_data": [0.107, 0.224, 0.011, 0.007, 0.256, 0.0, 1, 1, 1, 1, 1]}}, {"type": "Feature", "geometry": {"type": "Point", "coordinates": [1.9012, 41.070099]}, "properties": {"var_data": [0.064, 0.216, 0.009, 0.004, 0.256, 0.0, 1, 1, 1, 1, 1]}}, {"type": "Feature", "geometry": {"type": "Point", "coordinates": [1.93654, 41.070099]}, "properties": {"var_data": [-0.002, 0.187, 0.009, 0.004, 0.267, 0.0, 1, 1, 1, 1, 1]}}, {"type": "Feature", "geometry": {"type": "Point", "coordinates": [1.97188, 41.070099]}, "properties": {"var_data": [-0.026, 0.167, 0.01, 0.004, 0.26, 0.0, 1, 1, 1, 1, 1]}}, {"type": "Feature", "geometry": {"type": "Point", "coordinates": [2.00722, 41.070099]}, "properties": {"var_data": [-0.028, 0.147, 0.008, 0.004, 0.264, 0.0, 1, 1, 1, 1, 1]}}, {"type": "Feature", "geometry": {"type": "Point", "coordinates": [2.04256, 41.070099]}, "properties": {"var_data": [-0.05, 0.115, 0.008, 0.004, 0.245, 0.0, 1, 1, 1, 1, 1]}}, {"type": "Feature", "geometry": {"type": "Point", "coordinates": [2.0779, 41.070099]}, "properties": {"var_data": [-0.088, 0.093, 0.008, 0.004, 0.243, -0.0, 1, 1, 1, 1, 1]}}, {"type": "Feature", "geometry": {"type": "Point", "coordinates": [2.11324, 41.070099]}, "properties": {"var_data": [-0.115, 0.065, 0.009, 0.005, 0.241, 0.0, 1, 1, 1, 1, 1]}}, {"type": "Feature", "geometry": {"type": "Point", "coordinates": [2.14858, 41.070099]}, "properties": {"var_data": [-0.117, 0.077, 0.01, 0.006, 0.255, 0.0, 1, 1, 1, 1, 1]}}, {"type": "Feature", "geometry": {"type": "Point", "coordinates": [2.18392, 41.070099]}, "properties": {"var_data": [-0.12, 0.057, 0.008, 0.005, 0.245, 0.0, 1, 1, 1, 1, 1]}}, {"type": "Feature", "geometry": {"type": "Point", "coordinates": [2.21926, 41.070099]}, "properties": {"var_data": [-0.125, 0.032, 0.009, 0.006, 0.256, 0.0, 1, 1, 1, 1, 1]}}, {"type": "Feature", "geometry": {"type": "Point", "coordinates": [2.2546, 41.070099]}, "properties": {"var_data": [-0.121, 0.021, 0.009, 0.006, 0.254, 0.0, 1, 1, 1, 1, 1]}}, {"type": "Feature", "geometry": {"type": "Point", "coordinates": [2.28994, 41.070099]}, "properties": {"var_data": [-0.135, 0.0, 0.01, 0.007, 0.269, 0.0, 1, 1, 1, 1, 1]}}, {"type": "Feature", "geometry": {"type": "Point", "coordinates": [2.32528, 41.070099]}, "properties": {"var_data": [-0.11, -0.016, 0.011, 0.007, 0.268, 0.0, 1, 1, 1, 1, 1]}}, {"type": "Feature", "geometry": {"type": "Point", "coordinates": [2.36062, 41.070099]}, "properties": {"var_data": [-0.097, -0.026, 0.01, 0.007, 0.278, 0.0, 1, 1, 1, 1, 1]}}, {"type": "Feature", "geometry": {"type": "Point", "coordinates": [2.39596, 41.070099]}, "properties": {"var_data": [-0.061, -0.046, 0.009, 0.007, 0.281, 0.0, 1, 1, 1, 1, 1]}}, {"type": "Feature", "geometry": {"type": "Point", "coordinates": [2.4313, 41.070099]}, "properties": {"var_data": [-0.019, -0.067, 0.008, 0.006, 0.288, 0.0, 1, 1, 1, 1, 1]}}, {"type": "Feature", "geometry": {"type": "Point", "coordinates": [2.46664, 41.070099]}, "properties": {"var_data": [-0.012, -0.099, 0.009, 0.006, 0.34, 0.0, 1, 1, 1, 1, 1]}}, {"type": "Feature", "geometry": {"type": "Point", "coordinates": [2.50198, 41.070099]}, "properties": {"var_data": [0.022, -0.108, 0.007, 0.007, 0.396, 0.0, 1, 1, 1, 1, 1]}}, {"type": "Feature", "geometry": {"type": "Point", "coordinates": [2.53732, 41.070099]}, "properties": {"var_data": [0.056, -0.096, 0.009, 0.008, 0.482, 0.0, 1, 1, 1, 1, 1]}}, {"type": "Feature", "geometry": {"type": "Point", "coordinates": [2.57266, 41.070099]}, "properties": {"var_data": [0.081, -0.065, 0.011, 0.012, 0.578, 0.0, 1, 1, 1, 1, 1]}}, {"type": "Feature", "geometry": {"type": "Point", "coordinates": [2.608, 41.070099]}, "properties": {"var_data": [0.057, -0.073, 0.01, 0.004, 0.468, -0.0, 1, 1, 1, 1, 1]}}, {"type": "Feature", "geometry": {"type": "Point", "coordinates": [2.64334, 41.070099]}, "properties": {"var_data": [0.028, -0.075, 0.01, 0.004, 0.428, -0.0, 1, 1, 1, 1, 1]}}, {"type": "Feature", "geometry": {"type": "Point", "coordinates": [2.67868, 41.070099]}, "properties": {"var_data": [0.022, -0.061, 0.012, 0.004, 0.486, -0.0, 1, 1, 1, 1, 1]}}, {"type": "Feature", "geometry": {"type": "Point", "coordinates": [2.71402, 41.070099]}, "properties": {"var_data": [-0.02, -0.054, 0.016, 0.005, 0.506, -0.0, 1, 1, 1, 1, 1]}}, {"type": "Feature", "geometry": {"type": "Point", "coordinates": [2.74936, 41.070099]}, "properties": {"var_data": [-0.089, -0.033, 0.065, 0.137, 1.238, 0.008, 1, 1, 1, 1, 1]}}, {"type": "Feature", "geometry": {"type": "Point", "coordinates": [2.7847, 41.070099]}, "properties": {"var_data": [-0.125, -0.049, 0.026, 0.011, 0.826, -0.0, 1, 1, 1, 1, 1]}}, {"type": "Feature", "geometry": {"type": "Point", "coordinates": [2.82004, 41.070099]}, "properties": {"var_data": [-0.202, -0.129, 0.022, 0.007, 0.539, -0.0, 1, 1, 1, 1, 1]}}, {"type": "Feature", "geometry": {"type": "Point", "coordinates": [2.85538, 41.070099]}, "properties": {"var_data": [-0.194, -0.128, 0.022, 0.009, 0.48, 0.0, 1, 1, 1, 1, 1]}}, {"type": "Feature", "geometry": {"type": "Point", "coordinates": [2.89072, 41.070099]}, "properties": {"var_data": [-0.178, -0.127, 0.017, 0.009, 0.43, 0.0, 1, 1, 1, 1, 1]}}, {"type": "Feature", "geometry": {"type": "Point", "coordinates": [2.92606, 41.070099]}, "properties": {"var_data": [-0.157, -0.126, 0.018, 0.008, 0.412, 0.0, 1, 1, 1, 1, 1]}}, {"type": "Feature", "geometry": {"type": "Point", "coordinates": [2.9614, 41.070099]}, "properties": {"var_data": [-0.149, -0.116, 0.026, 0.016, 0.52, 0.0, 1, 1, 1, 1, 1]}}, {"type": "Feature", "geometry": {"type": "Point", "coordinates": [2.99674, 41.070099]}, "properties": {"var_data": [-0.146, -0.123, 0.022, 0.012, 0.513, 0.0, 1, 1, 1, 1, 1]}}, {"type": "Feature", "geometry": {"type": "Point", "coordinates": [3.03208, 41.070099]}, "properties": {"var_data": [-0.12, -0.116, 0.023, 0.014, 0.671, 0.0, 1, 1, 1, 1, 1]}}, {"type": "Feature", "geometry": {"type": "Point", "coordinates": [3.06742, 41.070099]}, "properties": {"var_data": [-0.13, -0.138, 0.023, 0.014, 0.705, 0.0, 1, 1, 1, 1, 1]}}, {"type": "Feature", "geometry": {"type": "Point", "coordinates": [3.10276, 41.070099]}, "properties": {"var_data": [-0.101, -0.11, 0.027, 0.022, 0.852, 0.0, 1, 1, 1, 1, 1]}}, {"type": "Feature", "geometry": {"type": "Point", "coordinates": [3.1381, 41.070099]}, "properties": {"var_data": [-0.126, -0.153, 0.056, 0.034, 1.501, 0.002, 1, 0, 1, 1, 1]}}, {"type": "Feature", "geometry": {"type": "Point", "coordinates": [3.17344, 41.070099]}, "properties": {"var_data": [-0.176, -0.202, 0.06, 0.032, 1.663, 0.002, 1, 0, 1, 1, 1]}}, {"type": "Feature", "geometry": {"type": "Point", "coordinates": [1.26508, 41.097099]}, "properties": {"var_data": [-0.005, 0.477, 0.035, 0.082, 2.073, -0.003, 4, 1, 4, 1, 1]}}, {"type": "Feature", "geometry": {"type": "Point", "coordinates": [1.30042, 41.097099]}, "properties": {"var_data": [0.015, 0.432, 0.035, 0.082, 2.06, -0.003, 4, 1, 4, 1, 1]}}, {"type": "Feature", "geometry": {"type": "Point", "coordinates": [1.33576, 41.097099]}, "properties": {"var_data": [-0.014, 0.478, 0.056, 0.135, 4.321, -0.008, 4, 1, 4, 1, 1]}}, {"type": "Feature", "geometry": {"type": "Point", "coordinates": [1.3711, 41.097099]}, "properties": {"var_data": [0.098, 0.242, 0.083, 0.176, 4.101, -0.014, 4, 1, 4, 1, 1]}}, {"type": "Feature", "geometry": {"type": "Point", "coordinates": [1.40644, 41.097099]}, "properties": {"var_data": [0.368, -0.386, 0.064, 0.134, 1.75, -0.009, 1, 1, 1, 1, 1]}}, {"type": "Feature", "geometry": {"type": "Point", "coordinates": [1.44178, 41.097099]}, "properties": {"var_data": [0.226, -0.134, 0.02, 0.034, 1.002, -0.001, 1, 1, 1, 1, 1]}}, {"type": "Feature", "geometry": {"type": "Point", "coordinates": [1.47712, 41.097099]}, "properties": {"var_data": [0.214, -0.074, 0.016, 0.025, 0.714, -0.0, 1, 1, 1, 1, 1]}}, {"type": "Feature", "geometry": {"type": "Point", "coordinates": [1.51246, 41.097099]}, "properties": {"var_data": [0.23, -0.101, 0.01, 0.012, 0.533, -0.0, 1, 1, 1, 1, 1]}}, {"type": "Feature", "geometry": {"type": "Point", "coordinates": [1.5478, 41.097099]}, "properties": {"var_data": [0.227, -0.126, 0.007, 0.008, 0.372, -0.0, 1, 1, 1, 1, 1]}}, {"type": "Feature", "geometry": {"type": "Point", "coordinates": [1.58314, 41.097099]}, "properties": {"var_data": [0.223, -0.107, 0.005, 0.004, 0.306, -0.0, 1, 1, 1, 1, 1]}}, {"type": "Feature", "geometry": {"type": "Point", "coordinates": [1.61848, 41.097099]}, "properties": {"var_data": [0.188, -0.098, 0.005, 0.004, 0.28, -0.0, 1, 1, 1, 1, 1]}}, {"type": "Feature", "geometry": {"type": "Point", "coordinates": [1.65382, 41.097099]}, "properties": {"var_data": [0.203, -0.034, 0.005, 0.004, 0.287, -0.0, 1, 1, 1, 1, 1]}}, {"type": "Feature", "geometry": {"type": "Point", "coordinates": [1.68916, 41.097099]}, "properties": {"var_data": [0.215, 0.034, 0.008, 0.005, 0.275, 0.0, 1, 1, 1, 1, 1]}}, {"type": "Feature", "geometry": {"type": "Point", "coordinates": [1.7245, 41.097099]}, "properties": {"var_data": [0.183, 0.056, 0.009, 0.008, 0.258, 0.0, 1, 1, 1, 1, 1]}}, {"type": "Feature", "geometry": {"type": "Point", "coordinates": [1.75984, 41.097099]}, "properties": {"var_data": [0.149, 0.115, 0.009, 0.01, 0.24, 0.0, 1, 1, 1, 1, 1]}}, {"type": "Feature", "geometry": {"type": "Point", "coordinates": [1.79518, 41.097099]}, "properties": {"var_data": [0.098, 0.187, 0.009, 0.008, 0.234, 0.0, 1, 1, 1, 1, 1]}}, {"type": "Feature", "geometry": {"type": "Point", "coordinates": [1.83052, 41.097099]}, "properties": {"var_data": [0.076, 0.231, 0.01, 0.008, 0.234, 0.0, 1, 1, 1, 1, 1]}}, {"type": "Feature", "geometry": {"type": "Point", "coordinates": [1.86586, 41.097099]}, "properties": {"var_data": [0.024, 0.243, 0.009, 0.007, 0.236, 0.0, 1, 1, 1, 1, 1]}}, {"type": "Feature", "geometry": {"type": "Point", "coordinates": [1.9012, 41.097099]}, "properties": {"var_data": [-0.017, 0.219, 0.009, 0.005, 0.241, -0.0, 1, 1, 1, 1, 1]}}, {"type": "Feature", "geometry": {"type": "Point", "coordinates": [1.93654, 41.097099]}, "properties": {"var_data": [-0.072, 0.189, 0.009, 0.005, 0.25, 0.0, 1, 1, 1, 1, 1]}}, {"type": "Feature", "geometry": {"type": "Point", "coordinates": [1.97188, 41.097099]}, "properties": {"var_data": [-0.054, 0.169, 0.009, 0.004, 0.261, 0.0, 1, 1, 1, 1, 1]}}, {"type": "Feature", "geometry": {"type": "Point", "coordinates": [2.00722, 41.097099]}, "properties": {"var_data": [-0.066, 0.148, 0.007, 0.004, 0.258, 0.0, 1, 1, 1, 1, 1]}}, {"type": "Feature", "geometry": {"type": "Point", "coordinates": [2.04256, 41.097099]}, "properties": {"var_data": [-0.066, 0.104, 0.008, 0.005, 0.253, 0.0, 1, 1, 1, 1, 1]}}, {"type": "Feature", "geometry": {"type": "Point", "coordinates": [2.0779, 41.097099]}, "properties": {"var_data": [-0.077, 0.092, 0.008, 0.005, 0.237, 0.0, 1, 1, 1, 1, 1]}}, {"type": "Feature", "geometry": {"type": "Point", "coordinates": [2.11324, 41.097099]}, "properties": {"var_data": [-0.086, 0.088, 0.008, 0.004, 0.241, 0.0, 1, 1, 1, 1, 1]}}, {"type": "Feature", "geometry": {"type": "Point", "coordinates": [2.14858, 41.097099]}, "properties": {"var_data": [-0.121, 0.065, 0.008, 0.004, 0.242, 0.0, 1, 1, 1, 1, 1]}}, {"type": "Feature", "geometry": {"type": "Point", "coordinates": [2.18392, 41.097099]}, "properties": {"var_data": [-0.111, 0.057, 0.008, 0.006, 0.238, 0.0, 1, 1, 1, 1, 1]}}, {"type": "Feature", "geometry": {"type": "Point", "coordinates": [2.21926, 41.097099]}, "properties": {"var_data": [-0.124, 0.031, 0.007, 0.006, 0.234, 0.0, 1, 1, 1, 1, 1]}}, {"type": "Feature", "geometry": {"type": "Point", "coordinates": [2.2546, 41.097099]}, "properties": {"var_data": [-0.118, 0.002, 0.007, 0.006, 0.243, 0.0, 1, 1, 1, 1, 1]}}, {"type": "Feature", "geometry": {"type": "Point", "coordinates": [2.28994, 41.097099]}, "properties": {"var_data": [-0.117, -0.035, 0.008, 0.007, 0.257, 0.0, 1, 1, 1, 1, 1]}}, {"type": "Feature", "geometry": {"type": "Point", "coordinates": [2.32528, 41.097099]}, "properties": {"var_data": [-0.117, -0.054, 0.008, 0.007, 0.251, 0.0, 1, 1, 1, 1, 1]}}, {"type": "Feature", "geometry": {"type": "Point", "coordinates": [2.36062, 41.097099]}, "properties": {"var_data": [-0.087, -0.06, 0.009, 0.008, 0.261, 0.0, 1, 1, 1, 1, 1]}}, {"type": "Feature", "geometry": {"type": "Point", "coordinates": [2.39596, 41.097099]}, "properties": {"var_data": [-0.048, -0.06, 0.007, 0.006, 0.249, -0.0, 1, 1, 1, 1, 1]}}, {"type": "Feature", "geometry": {"type": "Point", "coordinates": [2.4313, 41.097099]}, "properties": {"var_data": [-0.017, -0.081, 0.007, 0.005, 0.26, 0.0, 1, 1, 1, 1, 1]}}, {"type": "Feature", "geometry": {"type": "Point", "coordinates": [2.46664, 41.097099]}, "properties": {"var_data": [0.012, -0.098, 0.006, 0.006, 0.294, 0.0, 1, 1, 1, 1, 1]}}, {"type": "Feature", "geometry": {"type": "Point", "coordinates": [2.50198, 41.097099]}, "properties": {"var_data": [0.048, -0.078, 0.007, 0.006, 0.364, 0.0, 1, 1, 1, 1, 1]}}, {"type": "Feature", "geometry": {"type": "Point", "coordinates": [2.53732, 41.097099]}, "properties": {"var_data": [0.06, -0.073, 0.007, 0.008, 0.478, 0.0, 1, 1, 1, 1, 1]}}, {"type": "Feature", "geometry": {"type": "Point", "coordinates": [2.57266, 41.097099]}, "properties": {"var_data": [0.103, 0.01, 0.011, 0.014, 0.756, 0.0, 1, 1, 1, 1, 1]}}, {"type": "Feature", "geometry": {"type": "Point", "coordinates": [2.608, 41.097099]}, "properties": {"var_data": [0.033, -0.063, 0.01, 0.004, 0.443, -0.0, 1, 1, 1, 1, 1]}}, {"type": "Feature", "geometry": {"type": "Point", "coordinates": [2.64334, 41.097099]}, "properties": {"var_data": [-0.007, -0.06, 0.012, 0.005, 0.431, -0.0, 1, 1, 1, 1, 1]}}, {"type": "Feature", "geometry": {"type": "Point", "coordinates": [2.67868, 41.097099]}, "properties": {"var_data": [-0.031, -0.058, 0.015, 0.005, 0.446, -0.0, 1, 1, 1, 1, 1]}}, {"type": "Feature", "geometry": {"type": "Point", "coordinates": [2.71402, 41.097099]}, "properties": {"var_data": [-0.077, -0.046, 0.018, 0.012, 0.526, 0.0, 1, 1, 1, 1, 1]}}, {"type": "Feature", "geometry": {"type": "Point", "coordinates": [2.74936, 41.097099]}, "properties": {"var_data": [-0.147, -0.108, 0.029, 0.029, 0.904, 0.001, 1, 1, 1, 1, 1]}}, {"type": "Feature", "geometry": {"type": "Point", "coordinates": [2.7847, 41.097099]}, "properties": {"var_data": [-0.161, -0.098, 0.031, 0.024, 0.677, 0.001, 1, 1, 1, 1, 1]}}, {"type": "Feature", "geometry": {"type": "Point", "coordinates": [2.82004, 41.097099]}, "properties": {"var_data": [-0.2, -0.124, 0.022, 0.009, 0.51, 0.0, 1, 1, 1, 1, 1]}}, {"type": "Feature", "geometry": {"type": "Point", "coordinates": [2.85538, 41.097099]}, "properties": {"var_data": [-0.163, -0.118, 0.022, 0.009, 0.453, 0.0, 1, 1, 1, 1, 1]}}, {"type": "Feature", "geometry": {"type": "Point", "coordinates": [2.89072, 41.097099]}, "properties": {"var_data": [-0.14, -0.112, 0.022, 0.009, 0.443, 0.0, 1, 1, 1, 1, 1]}}, {"type": "Feature", "geometry": {"type": "Point", "coordinates": [2.92606, 41.097099]}, "properties": {"var_data": [-0.145, -0.128, 0.026, 0.009, 0.445, 0.0, 1, 1, 1, 1, 1]}}, {"type": "Feature", "geometry": {"type": "Point", "coordinates": [2.9614, 41.097099]}, "properties": {"var_data": [-0.124, -0.125, 0.03, 0.015, 0.51, 0.0, 1, 1, 1, 1, 1]}}, {"type": "Feature", "geometry": {"type": "Point", "coordinates": [2.99674, 41.097099]}, "properties": {"var_data": [-0.13, -0.125, 0.023, 0.013, 0.517, 0.0, 1, 1, 1, 1, 1]}}, {"type": "Feature", "geometry": {"type": "Point", "coordinates": [3.03208, 41.097099]}, "properties": {"var_data": [-0.106, -0.127, 0.024, 0.015, 0.681, 0.0, 1, 1, 1, 1, 1]}}, {"type": "Feature", "geometry": {"type": "Point", "coordinates": [3.06742, 41.097099]}, "properties": {"var_data": [-0.124, -0.136, 0.024, 0.015, 0.726, 0.0, 1, 1, 1, 1, 1]}}, {"type": "Feature", "geometry": {"type": "Point", "coordinates": [3.10276, 41.097099]}, "properties": {"var_data": [-0.07, -0.072, 0.033, 0.034, 0.966, 0.001, 1, 1, 1, 1, 1]}}, {"type": "Feature", "geometry": {"type": "Point", "coordinates": [3.1381, 41.097099]}, "properties": {"var_data": [-0.1, -0.137, 0.064, 0.046, 1.297, 0.003, 1, 1, 1, 1, 1]}}, {"type": "Feature", "geometry": {"type": "Point", "coordinates": [3.17344, 41.097099]}, "properties": {"var_data": [-0.12, -0.148, 0.056, 0.033, 1.405, 0.002, 1, 0, 1, 1, 1]}}, {"type": "Feature", "geometry": {"type": "Point", "coordinates": [3.20878, 41.097099]}, "properties": {"var_data": [-0.348, -0.24, 0.122, 0.053, 2.691, 0.006, 4, 0, 4, 1, 1]}}, {"type": "Feature", "geometry": {"type": "Point", "coordinates": [1.33576, 41.1241]}, "properties": {"var_data": [-0.051, 0.536, 0.056, 0.135, 4.059, -0.007, 4, 1, 4, 1, 1]}}, {"type": "Feature", "geometry": {"type": "Point", "coordinates": [1.3711, 41.1241]}, "properties": {"var_data": [0.013, 0.369, 0.078, 0.164, 4.07, -0.013, 4, 1, 4, 1, 1]}}, {"type": "Feature", "geometry": {"type": "Point", "coordinates": [1.40644, 41.1241]}, "properties": {"var_data": [0.155, -0.005, 0.04, 0.08, 2.162, -0.003, 4, 1, 4, 1, 1]}}, {"type": "Feature", "geometry": {"type": "Point", "coordinates": [1.44178, 41.1241]}, "properties": {"var_data": [0.213, -0.168, 0.03, 0.059, 1.246, -0.002, 1, 1, 1, 1, 1]}}, {"type": "Feature", "geometry": {"type": "Point", "coordinates": [1.47712, 41.1241]}, "properties": {"var_data": [0.087, 0.047, 0.019, 0.034, 0.661, -0.001, 1, 1, 1, 1, 1]}}, {"type": "Feature", "geometry": {"type": "Point", "coordinates": [1.51246, 41.1241]}, "properties": {"var_data": [0.155, -0.087, 0.008, 0.009, 0.446, -0.0, 1, 1, 1, 1, 1]}}, {"type": "Feature", "geometry": {"type": "Point", "coordinates": [1.5478, 41.1241]}, "properties": {"var_data": [0.171, -0.089, 0.008, 0.008, 0.339, -0.0, 1, 1, 1, 1, 1]}}, {"type": "Feature", "geometry": {"type": "Point", "coordinates": [1.58314, 41.1241]}, "properties": {"var_data": [0.226, -0.108, 0.005, 0.006, 0.25, -0.0, 1, 1, 1, 1, 1]}}, {"type": "Feature", "geometry": {"type": "Point", "coordinates": [1.61848, 41.1241]}, "properties": {"var_data": [0.199, -0.081, 0.004, 0.004, 0.229, -0.0, 1, 1, 1, 1, 1]}}, {"type": "Feature", "geometry": {"type": "Point", "coordinates": [1.65382, 41.1241]}, "properties": {"var_data": [0.176, -0.01, 0.006, 0.005, 0.244, 0.0, 1, 1, 1, 1, 1]}}, {"type": "Feature", "geometry": {"type": "Point", "coordinates": [1.68916, 41.1241]}, "properties": {"var_data": [0.163, 0.023, 0.006, 0.008, 0.243, -0.0, 1, 1, 1, 1, 1]}}, {"type": "Feature", "geometry": {"type": "Point", "coordinates": [1.7245, 41.1241]}, "properties": {"var_data": [0.123, 0.09, 0.005, 0.009, 0.241, 0.0, 1, 1, 1, 1, 1]}}, {"type": "Feature", "geometry": {"type": "Point", "coordinates": [1.75984, 41.1241]}, "properties": {"var_data": [0.063, 0.152, 0.006, 0.01, 0.239, 0.0, 1, 1, 1, 1, 1]}}, {"type": "Feature", "geometry": {"type": "Point", "coordinates": [1.79518, 41.1241]}, "properties": {"var_data": [0.013, 0.218, 0.007, 0.01, 0.226, 0.0, 1, 1, 1, 1, 1]}}, {"type": "Feature", "geometry": {"type": "Point", "coordinates": [1.83052, 41.1241]}, "properties": {"var_data": [-0.033, 0.252, 0.008, 0.007, 0.219, 0.0, 1, 1, 1, 1, 1]}}, {"type": "Feature", "geometry": {"type": "Point", "coordinates": [1.86586, 41.1241]}, "properties": {"var_data": [-0.071, 0.234, 0.008, 0.006, 0.22, -0.0, 1, 1, 1, 1, 1]}}, {"type": "Feature", "geometry": {"type": "Point", "coordinates": [1.9012, 41.1241]}, "properties": {"var_data": [-0.097, 0.214, 0.008, 0.005, 0.221, -0.0, 1, 1, 1, 1, 1]}}, {"type": "Feature", "geometry": {"type": "Point", "coordinates": [1.93654, 41.1241]}, "properties": {"var_data": [-0.121, 0.163, 0.007, 0.006, 0.228, -0.0, 1, 1, 1, 1, 1]}}, {"type": "Feature", "geometry": {"type": "Point", "coordinates": [1.97188, 41.1241]}, "properties": {"var_data": [-0.115, 0.135, 0.007, 0.004, 0.25, 0.0, 1, 1, 1, 1, 1]}}, {"type": "Feature", "geometry": {"type": "Point", "coordinates": [2.00722, 41.1241]}, "properties": {"var_data": [-0.091, 0.125, 0.007, 0.006, 0.252, -0.0, 1, 1, 1, 1, 1]}}, {"type": "Feature", "geometry": {"type": "Point", "coordinates": [2.04256, 41.1241]}, "properties": {"var_data": [-0.069, 0.096, 0.007, 0.005, 0.24, -0.0, 1, 1, 1, 1, 1]}}, {"type": "Feature", "geometry": {"type": "Point", "coordinates": [2.0779, 41.1241]}, "properties": {"var_data": [-0.064, 0.082, 0.007, 0.005, 0.239, -0.0, 1, 1, 1, 1, 1]}}, {"type": "Feature", "geometry": {"type": "Point", "coordinates": [2.11324, 41.1241]}, "properties": {"var_data": [-0.059, 0.079, 0.007, 0.006, 0.247, 0.0, 1, 1, 1, 1, 1]}}, {"type": "Feature", "geometry": {"type": "Point", "coordinates": [2.14858, 41.1241]}, "properties": {"var_data": [-0.063, 0.088, 0.007, 0.005, 0.232, -0.0, 1, 1, 1, 1, 1]}}, {"type": "Feature", "geometry": {"type": "Point", "coordinates": [2.18392, 41.1241]}, "properties": {"var_data": [-0.064, 0.074, 0.008, 0.006, 0.233, 0.0, 1, 1, 1, 1, 1]}}, {"type": "Feature", "geometry": {"type": "Point", "coordinates": [2.21926, 41.1241]}, "properties": {"var_data": [-0.075, 0.043, 0.007, 0.006, 0.232, 0.0, 1, 1, 1, 1, 1]}}, {"type": "Feature", "geometry": {"type": "Point", "coordinates": [2.2546, 41.1241]}, "properties": {"var_data": [-0.071, 0.005, 0.006, 0.006, 0.237, 0.0, 1, 1, 1, 1, 1]}}, {"type": "Feature", "geometry": {"type": "Point", "coordinates": [2.28994, 41.1241]}, "properties": {"var_data": [-0.081, -0.034, 0.006, 0.007, 0.234, 0.0, 1, 1, 1, 1, 1]}}, {"type": "Feature", "geometry": {"type": "Point", "coordinates": [2.32528, 41.1241]}, "properties": {"var_data": [-0.074, -0.071, 0.006, 0.007, 0.255, 0.0, 1, 1, 1, 1, 1]}}, {"type": "Feature", "geometry": {"type": "Point", "coordinates": [2.36062, 41.1241]}, "properties": {"var_data": [-0.049, -0.083, 0.008, 0.008, 0.258, 0.0, 1, 1, 1, 1, 1]}}, {"type": "Feature", "geometry": {"type": "Point", "coordinates": [2.39596, 41.1241]}, "properties": {"var_data": [0.0, -0.073, 0.007, 0.007, 0.246, 0.0, 1, 1, 1, 1, 1]}}, {"type": "Feature", "geometry": {"type": "Point", "coordinates": [2.4313, 41.1241]}, "properties": {"var_data": [0.043, -0.073, 0.006, 0.006, 0.265, 0.0, 1, 1, 1, 1, 1]}}, {"type": "Feature", "geometry": {"type": "Point", "coordinates": [2.46664, 41.1241]}, "properties": {"var_data": [0.06, -0.082, 0.005, 0.005, 0.278, -0.0, 1, 1, 1, 1, 1]}}, {"type": "Feature", "geometry": {"type": "Point", "coordinates": [2.50198, 41.1241]}, "properties": {"var_data": [0.07, -0.067, 0.006, 0.007, 0.347, 0.0, 1, 1, 1, 1, 1]}}, {"type": "Feature", "geometry": {"type": "Point", "coordinates": [2.53732, 41.1241]}, "properties": {"var_data": [0.053, -0.047, 0.007, 0.008, 0.522, 0.0, 1, 1, 1, 1, 1]}}, {"type": "Feature", "geometry": {"type": "Point", "coordinates": [2.57266, 41.1241]}, "properties": {"var_data": [0.05, -0.017, 0.011, 0.014, 0.609, 0.0, 1, 1, 1, 1, 1]}}, {"type": "Feature", "geometry": {"type": "Point", "coordinates": [2.608, 41.1241]}, "properties": {"var_data": [0.019, -0.045, 0.01, 0.01, 0.577, 0.0, 1, 1, 1, 1, 1]}}, {"type": "Feature", "geometry": {"type": "Point", "coordinates": [2.64334, 41.1241]}, "properties": {"var_data": [-0.026, -0.058, 0.008, 0.009, 0.48, 0.0, 1, 1, 1, 1, 1]}}, {"type": "Feature", "geometry": {"type": "Point", "coordinates": [2.67868, 41.1241]}, "properties": {"var_data": [-0.054, -0.046, 0.01, 0.012, 0.516, 0.0, 1, 1, 1, 1, 1]}}, {"type": "Feature", "geometry": {"type": "Point", "coordinates": [2.71402, 41.1241]}, "properties": {"var_data": [-0.077, -0.048, 0.018, 0.011, 0.526, 0.0, 1, 1, 1, 1, 1]}}, {"type": "Feature", "geometry": {"type": "Point", "coordinates": [2.74936, 41.1241]}, "properties": {"var_data": [-0.115, -0.057, 0.017, 0.022, 0.652, 0.0, 1, 1, 1, 1, 1]}}, {"type": "Feature", "geometry": {"type": "Point", "coordinates": [2.7847, 41.1241]}, "properties": {"var_data": [-0.134, -0.083, 0.019, 0.018, 0.616, 0.0, 1, 1, 1, 1, 1]}}, {"type": "Feature", "geometry": {"type": "Point", "coordinates": [2.82004, 41.1241]}, "properties": {"var_data": [-0.17, -0.115, 0.017, 0.016, 0.474, 0.0, 1, 1, 1, 1, 1]}}, {"type": "Feature", "geometry": {"type": "Point", "coordinates": [2.85538, 41.1241]}, "properties": {"var_data": [-0.172, -0.108, 0.017, 0.009, 0.434, 0.0, 1, 1, 1, 1, 1]}}, {"type": "Feature", "geometry": {"type": "Point", "coordinates": [2.89072, 41.1241]}, "properties": {"var_data": [-0.168, -0.102, 0.013, 0.007, 0.377, 0.0, 1, 1, 1, 1, 1]}}, {"type": "Feature", "geometry": {"type": "Point", "coordinates": [2.92606, 41.1241]}, "properties": {"var_data": [-0.123, -0.114, 0.014, 0.009, 0.37, 0.0, 1, 1, 1, 1, 1]}}, {"type": "Feature", "geometry": {"type": "Point", "coordinates": [2.9614, 41.1241]}, "properties": {"var_data": [-0.11, -0.124, 0.018, 0.015, 0.421, 0.0, 1, 1, 1, 1, 1]}}, {"type": "Feature", "geometry": {"type": "Point", "coordinates": [2.99674, 41.1241]}, "properties": {"var_data": [-0.096, -0.14, 0.015, 0.011, 0.419, 0.0, 1, 1, 1, 1, 1]}}, {"type": "Feature", "geometry": {"type": "Point", "coordinates": [3.03208, 41.1241]}, "properties": {"var_data": [-0.064, -0.132, 0.018, 0.013, 0.505, 0.0, 1, 1, 1, 1, 1]}}, {"type": "Feature", "geometry": {"type": "Point", "coordinates": [3.06742, 41.1241]}, "properties": {"var_data": [-0.089, -0.132, 0.018, 0.013, 0.531, 0.0, 1, 1, 1, 1, 1]}}, {"type": "Feature", "geometry": {"type": "Point", "coordinates": [3.10276, 41.1241]}, "properties": {"var_data": [-0.096, -0.126, 0.033, 0.036, 0.914, 0.001, 1, 1, 1, 1, 1]}}, {"type": "Feature", "geometry": {"type": "Point", "coordinates": [3.1381, 41.1241]}, "properties": {"var_data": [-0.156, -0.164, 0.038, 0.041, 1.148, 0.002, 1, 1, 1, 1, 1]}}, {"type": "Feature", "geometry": {"type": "Point", "coordinates": [3.17344, 41.1241]}, "properties": {"var_data": [-0.175, -0.183, 0.084, 0.046, 1.703, 0.004, 1, 0, 1, 1, 1]}}, {"type": "Feature", "geometry": {"type": "Point", "coordinates": [3.20878, 41.1241]}, "properties": {"var_data": [-0.233, -0.207, 0.03, 0.016, 1.272, 0.0, 1, 0, 1, 1, 1]}}, {"type": "Feature", "geometry": {"type": "Point", "coordinates": [3.24412, 41.1241]}, "properties": {"var_data": [-0.207, -0.193, 0.025, 0.014, 1.243, 0.0, 1, 0, 1, 1, 1]}}, {"type": "Feature", "geometry": {"type": "Point", "coordinates": [1.44178, 41.1511]}, "properties": {"var_data": [0.096, -0.009, 0.03, 0.06, 1.431, -0.002, 1, 1, 1, 1, 1]}}, {"type": "Feature", "geometry": {"type": "Point", "coordinates": [1.47712, 41.1511]}, "properties": {"var_data": [0.075, 0.015, 0.022, 0.039, 0.884, -0.001, 1, 1, 1, 1, 1]}}, {"type": "Feature", "geometry": {"type": "Point", "coordinates": [1.51246, 41.1511]}, "properties": {"var_data": [0.162, -0.141, 0.009, 0.012, 0.435, -0.0, 1, 1, 1, 1, 1]}}, {"type": "Feature", "geometry": {"type": "Point", "coordinates": [1.5478, 41.1511]}, "properties": {"var_data": [0.168, -0.131, 0.007, 0.008, 0.305, -0.0, 1, 1, 1, 1, 1]}}, {"type": "Feature", "geometry": {"type": "Point", "coordinates": [1.58314, 41.1511]}, "properties": {"var_data": [0.174, -0.096, 0.006, 0.007, 0.257, -0.0, 1, 1, 1, 1, 1]}}, {"type": "Feature", "geometry": {"type": "Point", "coordinates": [1.61848, 41.1511]}, "properties": {"var_data": [0.162, -0.067, 0.005, 0.007, 0.239, -0.0, 1, 1, 1, 1, 1]}}, {"type": "Feature", "geometry": {"type": "Point", "coordinates": [1.65382, 41.1511]}, "properties": {"var_data": [0.144, -0.02, 0.004, 0.008, 0.241, 0.0, 1, 1, 1, 1, 1]}}, {"type": "Feature", "geometry": {"type": "Point", "coordinates": [1.68916, 41.1511]}, "properties": {"var_data": [0.134, 0.077, 0.003, 0.009, 0.25, -0.0, 1, 1, 1, 1, 1]}}, {"type": "Feature", "geometry": {"type": "Point", "coordinates": [1.7245, 41.1511]}, "properties": {"var_data": [0.097, 0.193, 0.004, 0.01, 0.248, -0.0, 1, 1, 1, 1, 1]}}, {"type": "Feature", "geometry": {"type": "Point", "coordinates": [1.75984, 41.1511]}, "properties": {"var_data": [0.053, 0.271, 0.004, 0.008, 0.236, -0.0, 1, 1, 1, 1, 1]}}, {"type": "Feature", "geometry": {"type": "Point", "coordinates": [1.79518, 41.1511]}, "properties": {"var_data": [-0.014, 0.31, 0.005, 0.008, 0.228, -0.0, 1, 1, 1, 1, 1]}}, {"type": "Feature", "geometry": {"type": "Point", "coordinates": [1.83052, 41.1511]}, "properties": {"var_data": [-0.067, 0.307, 0.007, 0.006, 0.221, -0.0, 1, 1, 1, 1, 1]}}, {"type": "Feature", "geometry": {"type": "Point", "coordinates": [1.86586, 41.1511]}, "properties": {"var_data": [-0.098, 0.258, 0.008, 0.006, 0.217, -0.0, 1, 1, 1, 1, 1]}}, {"type": "Feature", "geometry": {"type": "Point", "coordinates": [1.9012, 41.1511]}, "properties": {"var_data": [-0.11, 0.196, 0.008, 0.005, 0.223, -0.0, 1, 1, 1, 1, 1]}}, {"type": "Feature", "geometry": {"type": "Point", "coordinates": [1.93654, 41.1511]}, "properties": {"var_data": [-0.121, 0.124, 0.007, 0.005, 0.229, 0.0, 1, 1, 1, 1, 1]}}, {"type": "Feature", "geometry": {"type": "Point", "coordinates": [1.97188, 41.1511]}, "properties": {"var_data": [-0.084, 0.084, 0.007, 0.007, 0.244, 0.0, 1, 1, 1, 1, 1]}}, {"type": "Feature", "geometry": {"type": "Point", "coordinates": [2.00722, 41.1511]}, "properties": {"var_data": [-0.053, 0.076, 0.008, 0.008, 0.261, 0.0, 1, 1, 1, 1, 1]}}, {"type": "Feature", "geometry": {"type": "Point", "coordinates": [2.04256, 41.1511]}, "properties": {"var_data": [-0.018, 0.063, 0.007, 0.005, 0.242, -0.0, 1, 1, 1, 1, 1]}}, {"type": "Feature", "geometry": {"type": "Point", "coordinates": [2.0779, 41.1511]}, "properties": {"var_data": [-0.021, 0.046, 0.007, 0.006, 0.236, -0.0, 1, 1, 1, 1, 1]}}, {"type": "Feature", "geometry": {"type": "Point", "coordinates": [2.11324, 41.1511]}, "properties": {"var_data": [-0.022, 0.054, 0.007, 0.006, 0.24, 0.0, 1, 1, 1, 1, 1]}}, {"type": "Feature", "geometry": {"type": "Point", "coordinates": [2.14858, 41.1511]}, "properties": {"var_data": [-0.007, 0.09, 0.007, 0.006, 0.227, 0.0, 1, 1, 1, 1, 1]}}, {"type": "Feature", "geometry": {"type": "Point", "coordinates": [2.18392, 41.1511]}, "properties": {"var_data": [-0.013, 0.084, 0.006, 0.005, 0.219, 0.0, 1, 1, 1, 1, 1]}}, {"type": "Feature", "geometry": {"type": "Point", "coordinates": [2.21926, 41.1511]}, "properties": {"var_data": [-0.009, 0.048, 0.005, 0.006, 0.223, 0.0, 1, 1, 1, 1, 1]}}, {"type": "Feature", "geometry": {"type": "Point", "coordinates": [2.2546, 41.1511]}, "properties": {"var_data": [-0.001, 0.02, 0.004, 0.005, 0.228, 0.0, 1, 1, 1, 1, 1]}}, {"type": "Feature", "geometry": {"type": "Point", "coordinates": [2.28994, 41.1511]}, "properties": {"var_data": [-0.009, -0.031, 0.005, 0.006, 0.233, 0.0, 1, 1, 1, 1, 1]}}, {"type": "Feature", "geometry": {"type": "Point", "coordinates": [2.32528, 41.1511]}, "properties": {"var_data": [-0.035, -0.082, 0.005, 0.007, 0.244, 0.0, 1, 1, 1, 1, 1]}}, {"type": "Feature", "geometry": {"type": "Point", "coordinates": [2.36062, 41.1511]}, "properties": {"var_data": [-0.009, -0.069, 0.006, 0.007, 0.242, 0.0, 1, 1, 1, 1, 1]}}, {"type": "Feature", "geometry": {"type": "Point", "coordinates": [2.39596, 41.1511]}, "properties": {"var_data": [0.026, -0.079, 0.008, 0.008, 0.238, 0.0, 1, 1, 1, 1, 1]}}, {"type": "Feature", "geometry": {"type": "Point", "coordinates": [2.4313, 41.1511]}, "properties": {"var_data": [0.056, -0.063, 0.007, 0.006, 0.254, -0.0, 1, 1, 1, 1, 1]}}, {"type": "Feature", "geometry": {"type": "Point", "coordinates": [2.46664, 41.1511]}, "properties": {"var_data": [0.063, -0.052, 0.006, 0.004, 0.269, -0.0, 1, 1, 1, 1, 1]}}, {"type": "Feature", "geometry": {"type": "Point", "coordinates": [2.50198, 41.1511]}, "properties": {"var_data": [0.081, -0.038, 0.006, 0.004, 0.316, -0.0, 1, 1, 1, 1, 1]}}, {"type": "Feature", "geometry": {"type": "Point", "coordinates": [2.53732, 41.1511]}, "properties": {"var_data": [0.099, 0.044, 0.005, 0.004, 0.533, 0.0, 1, 1, 1, 1, 1]}}, {"type": "Feature", "geometry": {"type": "Point", "coordinates": [2.57266, 41.1511]}, "properties": {"var_data": [0.032, -0.049, 0.008, 0.014, 0.755, 0.0, 1, 1, 1, 1, 1]}}, {"type": "Feature", "geometry": {"type": "Point", "coordinates": [2.608, 41.1511]}, "properties": {"var_data": [0.019, 0.01, 0.009, 0.014, 0.661, 0.0, 1, 1, 1, 1, 1]}}, {"type": "Feature", "geometry": {"type": "Point", "coordinates": [2.64334, 41.1511]}, "properties": {"var_data": [-0.048, 0.005, 0.008, 0.006, 0.489, 0.0, 1, 1, 1, 1, 1]}}, {"type": "Feature", "geometry": {"type": "Point", "coordinates": [2.67868, 41.1511]}, "properties": {"var_data": [-0.075, -0.038, 0.008, 0.006, 0.508, 0.0, 1, 1, 1, 1, 1]}}, {"type": "Feature", "geometry": {"type": "Point", "coordinates": [2.71402, 41.1511]}, "properties": {"var_data": [-0.09, -0.036, 0.009, 0.006, 0.503, 0.0, 1, 1, 1, 1, 1]}}, {"type": "Feature", "geometry": {"type": "Point", "coordinates": [2.74936, 41.1511]}, "properties": {"var_data": [-0.116, -0.064, 0.011, 0.013, 0.474, 0.0, 1, 1, 1, 1, 1]}}, {"type": "Feature", "geometry": {"type": "Point", "coordinates": [2.7847, 41.1511]}, "properties": {"var_data": [-0.136, -0.063, 0.012, 0.013, 0.505, 0.0, 1, 1, 1, 1, 1]}}, {"type": "Feature", "geometry": {"type": "Point", "coordinates": [2.82004, 41.1511]}, "properties": {"var_data": [-0.165, -0.084, 0.014, 0.014, 0.424, 0.0, 1, 1, 1, 1, 1]}}, {"type": "Feature", "geometry": {"type": "Point", "coordinates": [2.85538, 41.1511]}, "properties": {"var_data": [-0.169, -0.072, 0.012, 0.009, 0.386, 0.0, 1, 1, 1, 1, 1]}}, {"type": "Feature", "geometry": {"type": "Point", "coordinates": [2.89072, 41.1511]}, "properties": {"var_data": [-0.159, -0.083, 0.012, 0.008, 0.363, 0.0, 1, 1, 1, 1, 1]}}, {"type": "Feature", "geometry": {"type": "Point", "coordinates": [2.92606, 41.1511]}, "properties": {"var_data": [-0.125, -0.081, 0.013, 0.009, 0.384, 0.0, 1, 1, 1, 1, 1]}}, {"type": "Feature", "geometry": {"type": "Point", "coordinates": [2.9614, 41.1511]}, "properties": {"var_data": [-0.106, -0.119, 0.016, 0.015, 0.46, 0.0, 1, 1, 1, 1, 1]}}, {"type": "Feature", "geometry": {"type": "Point", "coordinates": [2.99674, 41.1511]}, "properties": {"var_data": [-0.083, -0.132, 0.015, 0.013, 0.444, 0.0, 1, 1, 1, 1, 1]}}, {"type": "Feature", "geometry": {"type": "Point", "coordinates": [3.03208, 41.1511]}, "properties": {"var_data": [-0.059, -0.138, 0.022, 0.015, 0.561, 0.0, 1, 1, 1, 1, 1]}}, {"type": "Feature", "geometry": {"type": "Point", "coordinates": [3.06742, 41.1511]}, "properties": {"var_data": [-0.078, -0.137, 0.017, 0.019, 0.568, 0.0, 1, 1, 1, 1, 1]}}, {"type": "Feature", "geometry": {"type": "Point", "coordinates": [3.10276, 41.1511]}, "properties": {"var_data": [-0.085, -0.124, 0.02, 0.022, 0.72, 0.0, 1, 1, 1, 1, 1]}}, {"type": "Feature", "geometry": {"type": "Point", "coordinates": [3.1381, 41.1511]}, "properties": {"var_data": [-0.228, -0.197, 0.023, 0.024, 1.13, 0.001, 1, 1, 1, 1, 1]}}, {"type": "Feature", "geometry": {"type": "Point", "coordinates": [3.17344, 41.1511]}, "properties": {"var_data": [-0.24, -0.219, 0.017, 0.018, 1.033, 0.0, 1, 0, 1, 1, 1]}}, {"type": "Feature", "geometry": {"type": "Point", "coordinates": [3.20878, 41.1511]}, "properties": {"var_data": [-0.209, -0.198, 0.03, 0.023, 1.019, 0.001, 1, 0, 1, 1, 1]}}, {"type": "Feature", "geometry": {"type": "Point", "coordinates": [3.24412, 41.1511]}, "properties": {"var_data": [-0.225, -0.22, 0.024, 0.013, 1.086, 0.0, 1, 0, 1, 1, 1]}}, {"type": "Feature", "geometry": {"type": "Point", "coordinates": [3.27946, 41.1511]}, "properties": {"var_data": [-0.234, -0.226, 0.025, 0.014, 1.186, 0.0, 1, 0, 1, 1, 1]}}, {"type": "Feature", "geometry": {"type": "Point", "coordinates": [1.5478, 41.178101]}, "properties": {"var_data": [0.145, -0.16, 0.007, 0.008, 0.396, -0.0, 1, 1, 1, 1, 1]}}, {"type": "Feature", "geometry": {"type": "Point", "coordinates": [1.58314, 41.178101]}, "properties": {"var_data": [0.138, -0.114, 0.006, 0.008, 0.314, -0.0, 1, 1, 1, 1, 1]}}, {"type": "Feature", "geometry": {"type": "Point", "coordinates": [1.61848, 41.178101]}, "properties": {"var_data": [0.141, -0.053, 0.005, 0.01, 0.291, -0.0, 1, 1, 1, 1, 1]}}, {"type": "Feature", "geometry": {"type": "Point", "coordinates": [1.65382, 41.178101]}, "properties": {"var_data": [0.152, 0.059, 0.005, 0.011, 0.288, 0.0, 1, 1, 1, 1, 1]}}, {"type": "Feature", "geometry": {"type": "Point", "coordinates": [1.68916, 41.178101]}, "properties": {"var_data": [0.115, 0.212, 0.003, 0.011, 0.289, -0.0, 1, 1, 1, 1, 1]}}, {"type": "Feature", "geometry": {"type": "Point", "coordinates": [1.7245, 41.178101]}, "properties": {"var_data": [0.053, 0.406, 0.003, 0.009, 0.319, -0.0, 1, 1, 1, 1, 1]}}, {"type": "Feature", "geometry": {"type": "Point", "coordinates": [1.75984, 41.178101]}, "properties": {"var_data": [-0.011, 0.459, 0.003, 0.009, 0.279, -0.0, 1, 1, 1, 1, 1]}}, {"type": "Feature", "geometry": {"type": "Point", "coordinates": [1.79518, 41.178101]}, "properties": {"var_data": [-0.037, 0.415, 0.004, 0.008, 0.257, -0.0, 1, 1, 1, 1, 1]}}, {"type": "Feature", "geometry": {"type": "Point", "coordinates": [1.83052, 41.178101]}, "properties": {"var_data": [-0.07, 0.344, 0.006, 0.007, 0.231, -0.0, 1, 1, 1, 1, 1]}}, {"type": "Feature", "geometry": {"type": "Point", "coordinates": [1.86586, 41.178101]}, "properties": {"var_data": [-0.038, 0.262, 0.007, 0.005, 0.216, -0.0, 1, 1, 1, 1, 1]}}, {"type": "Feature", "geometry": {"type": "Point", "coordinates": [1.9012, 41.178101]}, "properties": {"var_data": [-0.021, 0.181, 0.008, 0.005, 0.214, 0.0, 1, 1, 1, 1, 1]}}, {"type": "Feature", "geometry": {"type": "Point", "coordinates": [1.93654, 41.178101]}, "properties": {"var_data": [0.004, 0.107, 0.007, 0.006, 0.235, 0.0, 1, 1, 1, 1, 1]}}, {"type": "Feature", "geometry": {"type": "Point", "coordinates": [1.97188, 41.178101]}, "properties": {"var_data": [0.018, 0.066, 0.006, 0.006, 0.246, 0.0, 1, 1, 1, 1, 1]}}, {"type": "Feature", "geometry": {"type": "Point", "coordinates": [2.00722, 41.178101]}, "properties": {"var_data": [0.055, 0.056, 0.005, 0.006, 0.261, -0.0, 1, 1, 1, 1, 1]}}, {"type": "Feature", "geometry": {"type": "Point", "coordinates": [2.04256, 41.178101]}, "properties": {"var_data": [0.098, 0.049, 0.005, 0.006, 0.268, -0.0, 1, 1, 1, 1, 1]}}, {"type": "Feature", "geometry": {"type": "Point", "coordinates": [2.0779, 41.178101]}, "properties": {"var_data": [0.101, 0.044, 0.006, 0.007, 0.245, -0.0, 1, 1, 1, 1, 1]}}, {"type": "Feature", "geometry": {"type": "Point", "coordinates": [2.11324, 41.178101]}, "properties": {"var_data": [0.091, 0.052, 0.006, 0.006, 0.227, -0.0, 1, 1, 1, 1, 1]}}, {"type": "Feature", "geometry": {"type": "Point", "coordinates": [2.14858, 41.178101]}, "properties": {"var_data": [0.052, 0.065, 0.005, 0.004, 0.219, 0.0, 1, 1, 1, 1, 1]}}, {"type": "Feature", "geometry": {"type": "Point", "coordinates": [2.18392, 41.178101]}, "properties": {"var_data": [0.063, 0.082, 0.005, 0.005, 0.208, 0.0, 1, 1, 1, 1, 1]}}, {"type": "Feature", "geometry": {"type": "Point", "coordinates": [2.21926, 41.178101]}, "properties": {"var_data": [0.049, 0.054, 0.005, 0.005, 0.214, 0.0, 1, 1, 1, 1, 1]}}, {"type": "Feature", "geometry": {"type": "Point", "coordinates": [2.2546, 41.178101]}, "properties": {"var_data": [0.037, 0.023, 0.004, 0.006, 0.215, 0.0, 1, 1, 1, 1, 1]}}, {"type": "Feature", "geometry": {"type": "Point", "coordinates": [2.28994, 41.178101]}, "properties": {"var_data": [0.035, -0.014, 0.005, 0.006, 0.233, 0.0, 1, 1, 1, 1, 1]}}, {"type": "Feature", "geometry": {"type": "Point", "coordinates": [2.32528, 41.178101]}, "properties": {"var_data": [0.016, -0.046, 0.005, 0.007, 0.233, 0.0, 1, 1, 1, 1, 1]}}, {"type": "Feature", "geometry": {"type": "Point", "coordinates": [2.36062, 41.178101]}, "properties": {"var_data": [0.026, -0.051, 0.005, 0.007, 0.242, 0.0, 1, 1, 1, 1, 1]}}, {"type": "Feature", "geometry": {"type": "Point", "coordinates": [2.39596, 41.178101]}, "properties": {"var_data": [0.039, -0.05, 0.006, 0.007, 0.245, 0.0, 1, 1, 1, 1, 1]}}, {"type": "Feature", "geometry": {"type": "Point", "coordinates": [2.4313, 41.178101]}, "properties": {"var_data": [0.077, -0.035, 0.005, 0.005, 0.246, -0.0, 1, 1, 1, 1, 1]}}, {"type": "Feature", "geometry": {"type": "Point", "coordinates": [2.46664, 41.178101]}, "properties": {"var_data": [0.115, -0.005, 0.007, 0.004, 0.271, -0.0, 1, 1, 1, 1, 1]}}, {"type": "Feature", "geometry": {"type": "Point", "coordinates": [2.50198, 41.178101]}, "properties": {"var_data": [0.122, 0.022, 0.005, 0.003, 0.315, 0.0, 1, 1, 1, 1, 1]}}, {"type": "Feature", "geometry": {"type": "Point", "coordinates": [2.53732, 41.178101]}, "properties": {"var_data": [0.089, 0.04, 0.004, 0.003, 0.404, 0.0, 1, 1, 1, 1, 1]}}, {"type": "Feature", "geometry": {"type": "Point", "coordinates": [2.57266, 41.178101]}, "properties": {"var_data": [0.077, 0.109, 0.005, 0.004, 0.597, 0.0, 1, 1, 1, 1, 1]}}, {"type": "Feature", "geometry": {"type": "Point", "coordinates": [2.608, 41.178101]}, "properties": {"var_data": [0.038, 0.123, 0.005, 0.006, 0.722, 0.0, 1, 1, 1, 1, 1]}}, {"type": "Feature", "geometry": {"type": "Point", "coordinates": [2.64334, 41.178101]}, "properties": {"var_data": [-0.014, 0.071, 0.008, 0.007, 0.534, 0.0, 1, 1, 1, 1, 1]}}, {"type": "Feature", "geometry": {"type": "Point", "coordinates": [2.67868, 41.178101]}, "properties": {"var_data": [-0.035, 0.072, 0.008, 0.007, 0.492, 0.0, 1, 1, 1, 1, 1]}}, {"type": "Feature", "geometry": {"type": "Point", "coordinates": [2.71402, 41.178101]}, "properties": {"var_data": [-0.048, 0.059, 0.009, 0.007, 0.464, 0.0, 1, 1, 1, 1, 1]}}, {"type": "Feature", "geometry": {"type": "Point", "coordinates": [2.74936, 41.178101]}, "properties": {"var_data": [-0.082, 0.007, 0.011, 0.007, 0.482, 0.0, 1, 1, 1, 1, 1]}}, {"type": "Feature", "geometry": {"type": "Point", "coordinates": [2.7847, 41.178101]}, "properties": {"var_data": [-0.105, -0.015, 0.012, 0.01, 0.496, 0.0, 1, 1, 1, 1, 1]}}, {"type": "Feature", "geometry": {"type": "Point", "coordinates": [2.82004, 41.178101]}, "properties": {"var_data": [-0.103, -0.006, 0.012, 0.008, 0.446, 0.0, 1, 1, 1, 1, 1]}}, {"type": "Feature", "geometry": {"type": "Point", "coordinates": [2.85538, 41.178101]}, "properties": {"var_data": [-0.152, -0.05, 0.012, 0.008, 0.422, 0.0, 1, 1, 1, 1, 1]}}, {"type": "Feature", "geometry": {"type": "Point", "coordinates": [2.89072, 41.178101]}, "properties": {"var_data": [-0.159, -0.059, 0.013, 0.009, 0.397, 0.0, 1, 1, 1, 1, 1]}}, {"type": "Feature", "geometry": {"type": "Point", "coordinates": [2.92606, 41.178101]}, "properties": {"var_data": [-0.163, -0.071, 0.013, 0.008, 0.402, 0.0, 1, 1, 1, 1, 1]}}, {"type": "Feature", "geometry": {"type": "Point", "coordinates": [2.9614, 41.178101]}, "properties": {"var_data": [-0.125, -0.117, 0.016, 0.011, 0.453, 0.0, 1, 1, 1, 1, 1]}}, {"type": "Feature", "geometry": {"type": "Point", "coordinates": [2.99674, 41.178101]}, "properties": {"var_data": [-0.083, -0.114, 0.015, 0.011, 0.44, 0.0, 1, 1, 1, 1, 1]}}, {"type": "Feature", "geometry": {"type": "Point", "coordinates": [3.03208, 41.178101]}, "properties": {"var_data": [-0.061, -0.121, 0.016, 0.013, 0.556, 0.0, 1, 1, 1, 1, 1]}}, {"type": "Feature", "geometry": {"type": "Point", "coordinates": [3.06742, 41.178101]}, "properties": {"var_data": [-0.075, -0.133, 0.013, 0.014, 0.561, 0.0, 1, 1, 1, 1, 1]}}, {"type": "Feature", "geometry": {"type": "Point", "coordinates": [3.10276, 41.178101]}, "properties": {"var_data": [-0.075, -0.127, 0.021, 0.022, 0.701, 0.0, 1, 1, 1, 1, 1]}}, {"type": "Feature", "geometry": {"type": "Point", "coordinates": [3.1381, 41.178101]}, "properties": {"var_data": [-0.158, -0.167, 0.022, 0.024, 0.889, 0.001, 1, 0, 1, 1, 1]}}, {"type": "Feature", "geometry": {"type": "Point", "coordinates": [3.17344, 41.178101]}, "properties": {"var_data": [-0.189, -0.187, 0.018, 0.019, 0.92, 0.0, 1, 0, 1, 1, 1]}}, {"type": "Feature", "geometry": {"type": "Point", "coordinates": [3.20878, 41.178101]}, "properties": {"var_data": [-0.2, -0.195, 0.03, 0.024, 0.972, 0.001, 1, 0, 1, 1, 1]}}, {"type": "Feature", "geometry": {"type": "Point", "coordinates": [3.24412, 41.178101]}, "properties": {"var_data": [-0.206, -0.203, 0.027, 0.021, 1.048, 0.001, 1, 0, 1, 1, 1]}}, {"type": "Feature", "geometry": {"type": "Point", "coordinates": [3.27946, 41.178101]}, "properties": {"var_data": [-0.262, -0.257, 0.029, 0.023, 1.245, 0.001, 1, 0, 1, 1, 1]}}, {"type": "Feature", "geometry": {"type": "Point", "coordinates": [3.3148, 41.178101]}, "properties": {"var_data": [-0.224, -0.256, 0.043, 0.034, 1.728, 0.001, 1, 0, 1, 1, 1]}}, {"type": "Feature", "geometry": {"type": "Point", "coordinates": [1.7245, 41.205101]}, "properties": {"var_data": [-0.071, 0.78, 0.004, 0.01, 0.468, -0.0, 1, 1, 1, 1, 1]}}, {"type": "Feature", "geometry": {"type": "Point", "coordinates": [1.75984, 41.205101]}, "properties": {"var_data": [-0.114, 0.719, 0.004, 0.009, 0.431, -0.0, 1, 1, 1, 1, 1]}}, {"type": "Feature", "geometry": {"type": "Point", "coordinates": [1.79518, 41.205101]}, "properties": {"var_data": [-0.067, 0.491, 0.004, 0.009, 0.351, -0.0, 1, 1, 1, 1, 1]}}, {"type": "Feature", "geometry": {"type": "Point", "coordinates": [1.83052, 41.205101]}, "properties": {"var_data": [0.021, 0.308, 0.006, 0.008, 0.274, -0.0, 1, 1, 1, 1, 1]}}, {"type": "Feature", "geometry": {"type": "Point", "coordinates": [1.86586, 41.205101]}, "properties": {"var_data": [0.119, 0.215, 0.007, 0.006, 0.221, 0.0, 1, 1, 1, 1, 1]}}, {"type": "Feature", "geometry": {"type": "Point", "coordinates": [1.9012, 41.205101]}, "properties": {"var_data": [0.167, 0.174, 0.007, 0.005, 0.194, 0.0, 1, 1, 1, 1, 1]}}, {"type": "Feature", "geometry": {"type": "Point", "coordinates": [1.93654, 41.205101]}, "properties": {"var_data": [0.179, 0.141, 0.007, 0.006, 0.215, 0.0, 1, 1, 1, 1, 1]}}, {"type": "Feature", "geometry": {"type": "Point", "coordinates": [1.97188, 41.205101]}, "properties": {"var_data": [0.197, 0.124, 0.005, 0.005, 0.279, -0.0, 1, 1, 1, 1, 1]}}, {"type": "Feature", "geometry": {"type": "Point", "coordinates": [2.00722, 41.205101]}, "properties": {"var_data": [0.209, 0.1, 0.005, 0.006, 0.286, -0.0, 1, 1, 1, 1, 1]}}, {"type": "Feature", "geometry": {"type": "Point", "coordinates": [2.04256, 41.205101]}, "properties": {"var_data": [0.211, 0.023, 0.005, 0.006, 0.294, -0.0, 1, 1, 1, 1, 1]}}, {"type": "Feature", "geometry": {"type": "Point", "coordinates": [2.0779, 41.205101]}, "properties": {"var_data": [0.213, 0.013, 0.005, 0.006, 0.252, -0.0, 1, 1, 1, 1, 1]}}, {"type": "Feature", "geometry": {"type": "Point", "coordinates": [2.11324, 41.205101]}, "properties": {"var_data": [0.194, 0.022, 0.004, 0.005, 0.226, 0.0, 1, 1, 1, 1, 1]}}, {"type": "Feature", "geometry": {"type": "Point", "coordinates": [2.14858, 41.205101]}, "properties": {"var_data": [0.164, 0.066, 0.004, 0.004, 0.203, 0.0, 1, 1, 1, 1, 1]}}, {"type": "Feature", "geometry": {"type": "Point", "coordinates": [2.18392, 41.205101]}, "properties": {"var_data": [0.146, 0.086, 0.004, 0.004, 0.21, 0.0, 1, 1, 1, 1, 1]}}, {"type": "Feature", "geometry": {"type": "Point", "coordinates": [2.21926, 41.205101]}, "properties": {"var_data": [0.138, 0.08, 0.004, 0.004, 0.206, 0.0, 1, 1, 1, 1, 1]}}, {"type": "Feature", "geometry": {"type": "Point", "coordinates": [2.2546, 41.205101]}, "properties": {"var_data": [0.122, 0.043, 0.004, 0.004, 0.212, 0.0, 1, 1, 1, 1, 1]}}, {"type": "Feature", "geometry": {"type": "Point", "coordinates": [2.28994, 41.205101]}, "properties": {"var_data": [0.117, 0.027, 0.004, 0.005, 0.221, 0.0, 1, 1, 1, 1, 1]}}, {"type": "Feature", "geometry": {"type": "Point", "coordinates": [2.32528, 41.205101]}, "properties": {"var_data": [0.098, -0.004, 0.004, 0.006, 0.227, 0.0, 1, 1, 1, 1, 1]}}, {"type": "Feature", "geometry": {"type": "Point", "coordinates": [2.36062, 41.205101]}, "properties": {"var_data": [0.089, -0.018, 0.005, 0.006, 0.231, 0.0, 1, 1, 1, 1, 1]}}, {"type": "Feature", "geometry": {"type": "Point", "coordinates": [2.39596, 41.205101]}, "properties": {"var_data": [0.1, 0.008, 0.005, 0.006, 0.244, 0.0, 1, 1, 1, 1, 1]}}, {"type": "Feature", "geometry": {"type": "Point", "coordinates": [2.4313, 41.205101]}, "properties": {"var_data": [0.092, 0.013, 0.005, 0.004, 0.252, -0.0, 1, 1, 1, 1, 1]}}, {"type": "Feature", "geometry": {"type": "Point", "coordinates": [2.46664, 41.205101]}, "properties": {"var_data": [0.116, 0.021, 0.004, 0.003, 0.259, -0.0, 1, 1, 1, 1, 1]}}, {"type": "Feature", "geometry": {"type": "Point", "coordinates": [2.50198, 41.205101]}, "properties": {"var_data": [0.098, 0.028, 0.003, 0.003, 0.304, 0.0, 1, 1, 1, 1, 1]}}, {"type": "Feature", "geometry": {"type": "Point", "coordinates": [2.53732, 41.205101]}, "properties": {"var_data": [0.055, 0.016, 0.005, 0.003, 0.388, 0.0, 1, 1, 1, 1, 1]}}, {"type": "Feature", "geometry": {"type": "Point", "coordinates": [2.57266, 41.205101]}, "properties": {"var_data": [0.073, 0.097, 0.005, 0.004, 0.422, 0.0, 1, 1, 1, 1, 1]}}, {"type": "Feature", "geometry": {"type": "Point", "coordinates": [2.608, 41.205101]}, "properties": {"var_data": [0.047, 0.133, 0.005, 0.005, 0.577, 0.0, 1, 1, 1, 1, 1]}}, {"type": "Feature", "geometry": {"type": "Point", "coordinates": [2.64334, 41.205101]}, "properties": {"var_data": [0.045, 0.126, 0.008, 0.006, 0.521, 0.0, 1, 1, 1, 1, 1]}}, {"type": "Feature", "geometry": {"type": "Point", "coordinates": [2.67868, 41.205101]}, "properties": {"var_data": [-0.006, 0.092, 0.007, 0.006, 0.455, 0.0, 1, 1, 1, 1, 1]}}, {"type": "Feature", "geometry": {"type": "Point", "coordinates": [2.71402, 41.205101]}, "properties": {"var_data": [-0.049, 0.072, 0.009, 0.005, 0.412, 0.0, 1, 1, 1, 1, 1]}}, {"type": "Feature", "geometry": {"type": "Point", "coordinates": [2.74936, 41.205101]}, "properties": {"var_data": [-0.052, 0.076, 0.008, 0.004, 0.372, 0.0, 1, 1, 1, 1, 1]}}, {"type": "Feature", "geometry": {"type": "Point", "coordinates": [2.7847, 41.205101]}, "properties": {"var_data": [-0.062, 0.043, 0.008, 0.006, 0.39, 0.0, 1, 1, 1, 1, 1]}}, {"type": "Feature", "geometry": {"type": "Point", "coordinates": [2.82004, 41.205101]}, "properties": {"var_data": [-0.104, 0.017, 0.01, 0.007, 0.375, 0.0, 1, 1, 1, 1, 1]}}, {"type": "Feature", "geometry": {"type": "Point", "coordinates": [2.85538, 41.205101]}, "properties": {"var_data": [-0.163, -0.023, 0.01, 0.009, 0.387, 0.0, 1, 1, 1, 1, 1]}}, {"type": "Feature", "geometry": {"type": "Point", "coordinates": [2.89072, 41.205101]}, "properties": {"var_data": [-0.156, -0.028, 0.009, 0.009, 0.354, 0.0, 1, 1, 1, 1, 1]}}, {"type": "Feature", "geometry": {"type": "Point", "coordinates": [2.92606, 41.205101]}, "properties": {"var_data": [-0.149, -0.043, 0.008, 0.008, 0.359, 0.0, 1, 1, 1, 1, 1]}}, {"type": "Feature", "geometry": {"type": "Point", "coordinates": [2.9614, 41.205101]}, "properties": {"var_data": [-0.137, -0.086, 0.008, 0.011, 0.41, 0.0, 1, 1, 1, 1, 1]}}, {"type": "Feature", "geometry": {"type": "Point", "coordinates": [2.99674, 41.205101]}, "properties": {"var_data": [-0.081, -0.084, 0.009, 0.01, 0.408, 0.0, 1, 1, 1, 1, 1]}}, {"type": "Feature", "geometry": {"type": "Point", "coordinates": [3.03208, 41.205101]}, "properties": {"var_data": [-0.072, -0.108, 0.011, 0.011, 0.524, 0.0, 1, 1, 1, 1, 1]}}, {"type": "Feature", "geometry": {"type": "Point", "coordinates": [3.06742, 41.205101]}, "properties": {"var_data": [-0.097, -0.136, 0.009, 0.01, 0.531, 0.0, 1, 1, 1, 1, 1]}}, {"type": "Feature", "geometry": {"type": "Point", "coordinates": [3.10276, 41.205101]}, "properties": {"var_data": [-0.162, -0.171, 0.021, 0.023, 0.866, 0.0, 1, 1, 1, 1, 1]}}, {"type": "Feature", "geometry": {"type": "Point", "coordinates": [3.1381, 41.205101]}, "properties": {"var_data": [-0.152, -0.164, 0.02, 0.022, 0.863, 0.0, 1, 0, 1, 1, 1]}}, {"type": "Feature", "geometry": {"type": "Point", "coordinates": [3.17344, 41.205101]}, "properties": {"var_data": [-0.171, -0.187, 0.018, 0.018, 0.903, 0.0, 1, 0, 1, 1, 1]}}, {"type": "Feature", "geometry": {"type": "Point", "coordinates": [3.20878, 41.205101]}, "properties": {"var_data": [-0.183, -0.191, 0.019, 0.02, 0.91, 0.0, 1, 0, 1, 1, 1]}}, {"type": "Feature", "geometry": {"type": "Point", "coordinates": [3.24412, 41.205101]}, "properties": {"var_data": [-0.211, -0.204, 0.019, 0.021, 0.975, 0.0, 1, 0, 1, 1, 1]}}, {"type": "Feature", "geometry": {"type": "Point", "coordinates": [3.27946, 41.205101]}, "properties": {"var_data": [-0.246, -0.227, 0.031, 0.033, 1.407, 0.001, 1, 0, 1, 1, 1]}}, {"type": "Feature", "geometry": {"type": "Point", "coordinates": [1.83052, 41.232101]}, "properties": {"var_data": [0.137, 0.254, 0.008, 0.01, 0.364, -0.0, 1, 1, 1, 1, 1]}}, {"type": "Feature", "geometry": {"type": "Point", "coordinates": [1.86586, 41.232101]}, "properties": {"var_data": [0.236, 0.191, 0.009, 0.007, 0.245, -0.0, 1, 1, 1, 1, 1]}}, {"type": "Feature", "geometry": {"type": "Point", "coordinates": [1.9012, 41.232101]}, "properties": {"var_data": [0.261, 0.18, 0.011, 0.008, 0.217, 0.0, 1, 1, 1, 1, 1]}}, {"type": "Feature", "geometry": {"type": "Point", "coordinates": [1.93654, 41.232101]}, "properties": {"var_data": [0.283, 0.18, 0.012, 0.01, 0.245, 0.0, 1, 1, 1, 1, 1]}}, {"type": "Feature", "geometry": {"type": "Point", "coordinates": [1.97188, 41.232101]}, "properties": {"var_data": [0.326, 0.21, 0.005, 0.006, 0.326, -0.0, 1, 1, 1, 1, 1]}}, {"type": "Feature", "geometry": {"type": "Point", "coordinates": [2.00722, 41.232101]}, "properties": {"var_data": [0.307, 0.137, 0.005, 0.007, 0.406, -0.0, 1, 1, 1, 1, 1]}}, {"type": "Feature", "geometry": {"type": "Point", "coordinates": [2.04256, 41.232101]}, "properties": {"var_data": [0.296, -0.017, 0.005, 0.007, 0.318, -0.0, 1, 1, 1, 1, 1]}}, {"type": "Feature", "geometry": {"type": "Point", "coordinates": [2.0779, 41.232101]}, "properties": {"var_data": [0.301, -0.042, 0.004, 0.006, 0.271, -0.0, 1, 1, 1, 1, 1]}}, {"type": "Feature", "geometry": {"type": "Point", "coordinates": [2.11324, 41.232101]}, "properties": {"var_data": [0.264, 0.041, 0.004, 0.005, 0.219, 0.0, 1, 1, 1, 1, 1]}}, {"type": "Feature", "geometry": {"type": "Point", "coordinates": [2.14858, 41.232101]}, "properties": {"var_data": [0.191, 0.076, 0.004, 0.004, 0.195, 0.0, 1, 1, 1, 1, 1]}}, {"type": "Feature", "geometry": {"type": "Point", "coordinates": [2.18392, 41.232101]}, "properties": {"var_data": [0.155, 0.087, 0.004, 0.004, 0.184, 0.0, 1, 1, 1, 1, 1]}}, {"type": "Feature", "geometry": {"type": "Point", "coordinates": [2.21926, 41.232101]}, "properties": {"var_data": [0.15, 0.075, 0.003, 0.004, 0.193, 0.0, 1, 1, 1, 1, 1]}}, {"type": "Feature", "geometry": {"type": "Point", "coordinates": [2.2546, 41.232101]}, "properties": {"var_data": [0.162, 0.059, 0.004, 0.005, 0.208, 0.0, 1, 1, 1, 1, 1]}}, {"type": "Feature", "geometry": {"type": "Point", "coordinates": [2.28994, 41.232101]}, "properties": {"var_data": [0.152, 0.037, 0.004, 0.006, 0.215, 0.0, 1, 1, 1, 1, 1]}}, {"type": "Feature", "geometry": {"type": "Point", "coordinates": [2.32528, 41.232101]}, "properties": {"var_data": [0.12, 0.016, 0.002, 0.004, 0.223, 0.0, 1, 1, 1, 1, 1]}}, {"type": "Feature", "geometry": {"type": "Point", "coordinates": [2.36062, 41.232101]}, "properties": {"var_data": [0.137, 0.045, 0.002, 0.004, 0.229, 0.0, 1, 1, 1, 1, 1]}}, {"type": "Feature", "geometry": {"type": "Point", "coordinates": [2.39596, 41.232101]}, "properties": {"var_data": [0.104, 0.053, 0.003, 0.004, 0.238, 0.0, 1, 1, 1, 1, 1]}}, {"type": "Feature", "geometry": {"type": "Point", "coordinates": [2.4313, 41.232101]}, "properties": {"var_data": [0.089, 0.061, 0.003, 0.006, 0.257, 0.0, 1, 1, 1, 1, 1]}}, {"type": "Feature", "geometry": {"type": "Point", "coordinates": [2.46664, 41.232101]}, "properties": {"var_data": [0.081, 0.061, 0.004, 0.004, 0.274, 0.0, 1, 1, 1, 1, 1]}}, {"type": "Feature", "geometry": {"type": "Point", "coordinates": [2.50198, 41.232101]}, "properties": {"var_data": [0.084, 0.061, 0.004, 0.003, 0.307, 0.0, 1, 1, 1, 1, 1]}}, {"type": "Feature", "geometry": {"type": "Point", "coordinates": [2.53732, 41.232101]}, "properties": {"var_data": [0.069, 0.041, 0.004, 0.003, 0.352, 0.0, 1, 1, 1, 1, 1]}}, {"type": "Feature", "geometry": {"type": "Point", "coordinates": [2.57266, 41.232101]}, "properties": {"var_data": [0.048, 0.056, 0.005, 0.004, 0.417, 0.0, 1, 1, 1, 1, 1]}}, {"type": "Feature", "geometry": {"type": "Point", "coordinates": [2.608, 41.232101]}, "properties": {"var_data": [0.064, 0.133, 0.005, 0.005, 0.565, 0.0, 1, 1, 1, 1, 1]}}, {"type": "Feature", "geometry": {"type": "Point", "coordinates": [2.64334, 41.232101]}, "properties": {"var_data": [0.05, 0.152, 0.008, 0.006, 0.486, 0.0, 1, 1, 1, 1, 1]}}, {"type": "Feature", "geometry": {"type": "Point", "coordinates": [2.67868, 41.232101]}, "properties": {"var_data": [0.01, 0.128, 0.008, 0.005, 0.408, 0.0, 1, 1, 1, 1, 1]}}, {"type": "Feature", "geometry": {"type": "Point", "coordinates": [2.71402, 41.232101]}, "properties": {"var_data": [-0.006, 0.124, 0.007, 0.004, 0.363, 0.0, 1, 1, 1, 1, 1]}}, {"type": "Feature", "geometry": {"type": "Point", "coordinates": [2.74936, 41.232101]}, "properties": {"var_data": [-0.033, 0.101, 0.007, 0.005, 0.346, 0.0, 1, 1, 1, 1, 1]}}, {"type": "Feature", "geometry": {"type": "Point", "coordinates": [2.7847, 41.232101]}, "properties": {"var_data": [-0.053, 0.087, 0.007, 0.005, 0.37, 0.0, 1, 1, 1, 1, 1]}}, {"type": "Feature", "geometry": {"type": "Point", "coordinates": [2.82004, 41.232101]}, "properties": {"var_data": [-0.066, 0.048, 0.008, 0.005, 0.383, 0.0, 1, 1, 1, 1, 1]}}, {"type": "Feature", "geometry": {"type": "Point", "coordinates": [2.85538, 41.232101]}, "properties": {"var_data": [-0.122, -0.023, 0.01, 0.005, 0.442, 0.0, 1, 1, 1, 1, 1]}}, {"type": "Feature", "geometry": {"type": "Point", "coordinates": [2.89072, 41.232101]}, "properties": {"var_data": [-0.125, -0.014, 0.009, 0.005, 0.388, 0.0, 1, 1, 1, 1, 1]}}, {"type": "Feature", "geometry": {"type": "Point", "coordinates": [2.92606, 41.232101]}, "properties": {"var_data": [-0.14, -0.027, 0.008, 0.005, 0.413, 0.0, 1, 1, 1, 1, 1]}}, {"type": "Feature", "geometry": {"type": "Point", "coordinates": [2.9614, 41.232101]}, "properties": {"var_data": [-0.125, -0.046, 0.009, 0.01, 0.436, 0.0, 1, 1, 1, 1, 1]}}, {"type": "Feature", "geometry": {"type": "Point", "coordinates": [2.99674, 41.232101]}, "properties": {"var_data": [-0.097, -0.064, 0.009, 0.01, 0.491, 0.0, 1, 1, 1, 1, 1]}}, {"type": "Feature", "geometry": {"type": "Point", "coordinates": [3.03208, 41.232101]}, "properties": {"var_data": [-0.118, -0.101, 0.012, 0.012, 0.625, 0.0, 1, 1, 1, 1, 1]}}, {"type": "Feature", "geometry": {"type": "Point", "coordinates": [3.06742, 41.232101]}, "properties": {"var_data": [-0.106, -0.115, 0.011, 0.012, 0.62, 0.0, 1, 1, 1, 1, 1]}}, {"type": "Feature", "geometry": {"type": "Point", "coordinates": [3.10276, 41.232101]}, "properties": {"var_data": [-0.095, -0.132, 0.019, 0.018, 0.821, 0.0, 1, 1, 1, 1, 1]}}, {"type": "Feature", "geometry": {"type": "Point", "coordinates": [3.1381, 41.232101]}, "properties": {"var_data": [-0.077, -0.131, 0.02, 0.017, 0.74, 0.0, 1, 1, 1, 1, 1]}}, {"type": "Feature", "geometry": {"type": "Point", "coordinates": [3.17344, 41.232101]}, "properties": {"var_data": [-0.131, -0.149, 0.017, 0.019, 0.828, 0.0, 1, 0, 1, 1, 1]}}, {"type": "Feature", "geometry": {"type": "Point", "coordinates": [3.20878, 41.232101]}, "properties": {"var_data": [-0.153, -0.157, 0.023, 0.027, 0.962, 0.001, 1, 0, 1, 1, 1]}}, {"type": "Feature", "geometry": {"type": "Point", "coordinates": [3.24412, 41.232101]}, "properties": {"var_data": [-0.175, -0.162, 0.024, 0.029, 1.319, 0.001, 1, 0, 1, 1, 1]}}, {"type": "Feature", "geometry": {"type": "Point", "coordinates": [3.27946, 41.232101]}, "properties": {"var_data": [-0.197, -0.179, 0.029, 0.037, 1.703, 0.001, 1, 0, 1, 1, 1]}}, {"type": "Feature", "geometry": {"type": "Point", "coordinates": [1.93654, 41.259102]}, "properties": {"var_data": [0.359, 0.23, 0.017, 0.019, 0.365, 0.0, 1, 1, 1, 1, 1]}}, {"type": "Feature", "geometry": {"type": "Point", "coordinates": [1.97188, 41.259102]}, "properties": {"var_data": [0.338, 0.168, 0.006, 0.008, 0.505, -0.0, 1, 1, 1, 1, 1]}}, {"type": "Feature", "geometry": {"type": "Point", "coordinates": [2.00722, 41.259102]}, "properties": {"var_data": [0.366, 0.135, 0.006, 0.009, 0.712, -0.0, 1, 1, 1, 1, 1]}}, {"type": "Feature", "geometry": {"type": "Point", "coordinates": [2.04256, 41.259102]}, "properties": {"var_data": [0.375, -0.027, 0.005, 0.009, 0.528, -0.0, 1, 1, 1, 1, 1]}}, {"type": "Feature", "geometry": {"type": "Point", "coordinates": [2.0779, 41.259102]}, "properties": {"var_data": [0.344, -0.023, 0.004, 0.006, 0.273, -0.0, 1, 1, 1, 1, 1]}}, {"type": "Feature", "geometry": {"type": "Point", "coordinates": [2.11324, 41.259102]}, "properties": {"var_data": [0.274, 0.057, 0.004, 0.006, 0.22, -0.0, 1, 1, 1, 1, 1]}}, {"type": "Feature", "geometry": {"type": "Point", "coordinates": [2.14858, 41.259102]}, "properties": {"var_data": [0.199, 0.078, 0.004, 0.004, 0.189, 0.0, 1, 1, 1, 1, 1]}}, {"type": "Feature", "geometry": {"type": "Point", "coordinates": [2.18392, 41.259102]}, "properties": {"var_data": [0.172, 0.082, 0.004, 0.004, 0.179, 0.0, 1, 1, 1, 1, 1]}}, {"type": "Feature", "geometry": {"type": "Point", "coordinates": [2.21926, 41.259102]}, "properties": {"var_data": [0.156, 0.073, 0.004, 0.004, 0.185, 0.0, 1, 1, 1, 1, 1]}}, {"type": "Feature", "geometry": {"type": "Point", "coordinates": [2.2546, 41.259102]}, "properties": {"var_data": [0.161, 0.056, 0.004, 0.005, 0.201, 0.0, 1, 1, 1, 1, 1]}}, {"type": "Feature", "geometry": {"type": "Point", "coordinates": [2.28994, 41.259102]}, "properties": {"var_data": [0.167, 0.059, 0.002, 0.004, 0.214, 0.0, 1, 1, 1, 1, 1]}}, {"type": "Feature", "geometry": {"type": "Point", "coordinates": [2.32528, 41.259102]}, "properties": {"var_data": [0.136, 0.036, 0.002, 0.004, 0.216, 0.0, 1, 1, 1, 1, 1]}}, {"type": "Feature", "geometry": {"type": "Point", "coordinates": [2.36062, 41.259102]}, "properties": {"var_data": [0.112, 0.043, 0.002, 0.004, 0.229, 0.0, 1, 1, 1, 1, 1]}}, {"type": "Feature", "geometry": {"type": "Point", "coordinates": [2.39596, 41.259102]}, "properties": {"var_data": [0.088, 0.071, 0.002, 0.003, 0.239, 0.0, 1, 1, 1, 1, 1]}}, {"type": "Feature", "geometry": {"type": "Point", "coordinates": [2.4313, 41.259102]}, "properties": {"var_data": [0.091, 0.09, 0.003, 0.005, 0.25, 0.0, 1, 1, 1, 1, 1]}}, {"type": "Feature", "geometry": {"type": "Point", "coordinates": [2.46664, 41.259102]}, "properties": {"var_data": [0.067, 0.086, 0.003, 0.005, 0.258, 0.0, 1, 1, 1, 1, 1]}}, {"type": "Feature", "geometry": {"type": "Point", "coordinates": [2.50198, 41.259102]}, "properties": {"var_data": [0.062, 0.075, 0.004, 0.007, 0.291, 0.0, 1, 1, 1, 1, 1]}}, {"type": "Feature", "geometry": {"type": "Point", "coordinates": [2.53732, 41.259102]}, "properties": {"var_data": [0.064, 0.04, 0.004, 0.008, 0.338, 0.0, 1, 1, 1, 1, 1]}}, {"type": "Feature", "geometry": {"type": "Point", "coordinates": [2.57266, 41.259102]}, "properties": {"var_data": [0.048, 0.009, 0.008, 0.01, 0.44, 0.0, 1, 1, 1, 1, 1]}}, {"type": "Feature", "geometry": {"type": "Point", "coordinates": [2.608, 41.259102]}, "properties": {"var_data": [0.055, 0.083, 0.006, 0.009, 0.478, 0.0, 1, 1, 1, 1, 1]}}, {"type": "Feature", "geometry": {"type": "Point", "coordinates": [2.64334, 41.259102]}, "properties": {"var_data": [0.052, 0.125, 0.007, 0.006, 0.586, 0.0, 1, 1, 1, 1, 1]}}, {"type": "Feature", "geometry": {"type": "Point", "coordinates": [2.67868, 41.259102]}, "properties": {"var_data": [0.026, 0.144, 0.007, 0.005, 0.371, 0.0, 1, 1, 1, 1, 1]}}, {"type": "Feature", "geometry": {"type": "Point", "coordinates": [2.71402, 41.259102]}, "properties": {"var_data": [0.012, 0.133, 0.003, 0.004, 0.337, 0.0, 1, 1, 1, 1, 1]}}, {"type": "Feature", "geometry": {"type": "Point", "coordinates": [2.74936, 41.259102]}, "properties": {"var_data": [-0.009, 0.131, 0.003, 0.004, 0.317, 0.0, 1, 1, 1, 1, 1]}}, {"type": "Feature", "geometry": {"type": "Point", "coordinates": [2.7847, 41.259102]}, "properties": {"var_data": [-0.023, 0.113, 0.003, 0.004, 0.314, 0.0, 1, 1, 1, 1, 1]}}, {"type": "Feature", "geometry": {"type": "Point", "coordinates": [2.82004, 41.259102]}, "properties": {"var_data": [-0.048, 0.053, 0.004, 0.004, 0.339, 0.0, 1, 1, 1, 1, 1]}}, {"type": "Feature", "geometry": {"type": "Point", "coordinates": [2.85538, 41.259102]}, "properties": {"var_data": [-0.082, -0.008, 0.004, 0.005, 0.375, -0.0, 1, 1, 1, 1, 1]}}, {"type": "Feature", "geometry": {"type": "Point", "coordinates": [2.89072, 41.259102]}, "properties": {"var_data": [-0.083, 0.011, 0.008, 0.005, 0.349, 0.0, 1, 1, 1, 1, 1]}}, {"type": "Feature", "geometry": {"type": "Point", "coordinates": [2.92606, 41.259102]}, "properties": {"var_data": [-0.097, 0.007, 0.003, 0.005, 0.344, 0.0, 1, 1, 1, 1, 1]}}, {"type": "Feature", "geometry": {"type": "Point", "coordinates": [2.9614, 41.259102]}, "properties": {"var_data": [-0.097, -0.013, 0.003, 0.01, 0.393, 0.0, 1, 1, 1, 1, 1]}}, {"type": "Feature", "geometry": {"type": "Point", "coordinates": [2.99674, 41.259102]}, "properties": {"var_data": [-0.097, -0.027, 0.005, 0.01, 0.404, 0.0, 1, 1, 1, 1, 1]}}, {"type": "Feature", "geometry": {"type": "Point", "coordinates": [3.03208, 41.259102]}, "properties": {"var_data": [-0.053, -0.001, 0.011, 0.011, 0.479, 0.0, 1, 1, 1, 1, 1]}}, {"type": "Feature", "geometry": {"type": "Point", "coordinates": [3.06742, 41.259102]}, "properties": {"var_data": [-0.062, -0.038, 0.01, 0.014, 0.616, 0.0, 1, 1, 1, 1, 1]}}, {"type": "Feature", "geometry": {"type": "Point", "coordinates": [3.10276, 41.259102]}, "properties": {"var_data": [-0.077, -0.102, 0.013, 0.018, 0.647, 0.0, 1, 1, 1, 1, 1]}}, {"type": "Feature", "geometry": {"type": "Point", "coordinates": [3.1381, 41.259102]}, "properties": {"var_data": [-0.051, -0.105, 0.013, 0.017, 0.714, 0.0, 1, 1, 1, 1, 1]}}, {"type": "Feature", "geometry": {"type": "Point", "coordinates": [3.17344, 41.259102]}, "properties": {"var_data": [-0.119, -0.136, 0.017, 0.018, 0.808, 0.0, 1, 0, 1, 1, 1]}}, {"type": "Feature", "geometry": {"type": "Point", "coordinates": [3.20878, 41.259102]}, "properties": {"var_data": [-0.142, -0.147, 0.023, 0.027, 1.221, 0.001, 1, 0, 1, 1, 1]}}, {"type": "Feature", "geometry": {"type": "Point", "coordinates": [3.24412, 41.259102]}, "properties": {"var_data": [-0.204, -0.172, 0.024, 0.026, 1.551, 0.001, 1, 0, 1, 1, 1]}}, {"type": "Feature", "geometry": {"type": "Point", "coordinates": [3.27946, 41.259102]}, "properties": {"var_data": [-0.156, -0.114, 0.026, 0.029, 1.704, 0.001, 1, 0, 1, 1, 1]}}, {"type": "Feature", "geometry": {"type": "Point", "coordinates": [2.11324, 41.286098]}, "properties": {"var_data": [0.214, 0.069, 0.005, 0.006, 0.238, 0.0, 1, 1, 1, 1, 1]}}, {"type": "Feature", "geometry": {"type": "Point", "coordinates": [2.14858, 41.286098]}, "properties": {"var_data": [0.145, 0.081, 0.004, 0.005, 0.193, 0.0, 1, 1, 1, 1, 1]}}, {"type": "Feature", "geometry": {"type": "Point", "coordinates": [2.18392, 41.286098]}, "properties": {"var_data": [0.133, 0.09, 0.004, 0.005, 0.182, 0.0, 1, 1, 1, 1, 1]}}, {"type": "Feature", "geometry": {"type": "Point", "coordinates": [2.21926, 41.286098]}, "properties": {"var_data": [0.143, 0.07, 0.004, 0.005, 0.189, 0.0, 1, 1, 1, 1, 1]}}, {"type": "Feature", "geometry": {"type": "Point", "coordinates": [2.2546, 41.286098]}, "properties": {"var_data": [0.157, 0.053, 0.004, 0.005, 0.198, 0.0, 1, 1, 1, 1, 1]}}, {"type": "Feature", "geometry": {"type": "Point", "coordinates": [2.28994, 41.286098]}, "properties": {"var_data": [0.166, 0.033, 0.002, 0.004, 0.215, 0.0, 1, 1, 1, 1, 1]}}, {"type": "Feature", "geometry": {"type": "Point", "coordinates": [2.32528, 41.286098]}, "properties": {"var_data": [0.156, 0.049, 0.002, 0.004, 0.233, 0.0, 1, 1, 1, 1, 1]}}, {"type": "Feature", "geometry": {"type": "Point", "coordinates": [2.36062, 41.286098]}, "properties": {"var_data": [0.119, 0.087, 0.002, 0.003, 0.232, 0.0, 1, 1, 1, 1, 1]}}, {"type": "Feature", "geometry": {"type": "Point", "coordinates": [2.39596, 41.286098]}, "properties": {"var_data": [0.08, 0.102, 0.002, 0.003, 0.234, 0.0, 1, 1, 1, 1, 1]}}, {"type": "Feature", "geometry": {"type": "Point", "coordinates": [2.4313, 41.286098]}, "properties": {"var_data": [0.077, 0.128, 0.002, 0.005, 0.24, 0.0, 1, 1, 1, 1, 1]}}, {"type": "Feature", "geometry": {"type": "Point", "coordinates": [2.46664, 41.286098]}, "properties": {"var_data": [0.062, 0.112, 0.003, 0.006, 0.251, -0.0, 1, 1, 1, 1, 1]}}, {"type": "Feature", "geometry": {"type": "Point", "coordinates": [2.50198, 41.286098]}, "properties": {"var_data": [0.059, 0.075, 0.004, 0.013, 0.289, 0.0, 1, 1, 1, 1, 1]}}, {"type": "Feature", "geometry": {"type": "Point", "coordinates": [2.53732, 41.286098]}, "properties": {"var_data": [0.052, 0.064, 0.006, 0.014, 0.33, 0.0, 1, 1, 1, 1, 1]}}, {"type": "Feature", "geometry": {"type": "Point", "coordinates": [2.57266, 41.286098]}, "properties": {"var_data": [0.056, 0.065, 0.006, 0.009, 0.39, 0.0, 1, 1, 1, 1, 1]}}, {"type": "Feature", "geometry": {"type": "Point", "coordinates": [2.608, 41.286098]}, "properties": {"var_data": [0.051, 0.12, 0.006, 0.008, 0.389, 0.0, 1, 1, 1, 1, 1]}}, {"type": "Feature", "geometry": {"type": "Point", "coordinates": [2.64334, 41.286098]}, "properties": {"var_data": [0.066, 0.167, 0.006, 0.005, 0.426, 0.0, 1, 1, 1, 1, 1]}}, {"type": "Feature", "geometry": {"type": "Point", "coordinates": [2.67868, 41.286098]}, "properties": {"var_data": [0.037, 0.163, 0.006, 0.005, 0.362, 0.0, 1, 1, 1, 1, 1]}}, {"type": "Feature", "geometry": {"type": "Point", "coordinates": [2.71402, 41.286098]}, "properties": {"var_data": [0.016, 0.164, 0.003, 0.004, 0.324, 0.0, 1, 1, 1, 1, 1]}}, {"type": "Feature", "geometry": {"type": "Point", "coordinates": [2.74936, 41.286098]}, "properties": {"var_data": [0.005, 0.15, 0.003, 0.003, 0.287, 0.0, 1, 1, 1, 1, 1]}}, {"type": "Feature", "geometry": {"type": "Point", "coordinates": [2.7847, 41.286098]}, "properties": {"var_data": [-0.001, 0.134, 0.003, 0.005, 0.296, 0.0, 1, 1, 1, 1, 1]}}, {"type": "Feature", "geometry": {"type": "Point", "coordinates": [2.82004, 41.286098]}, "properties": {"var_data": [-0.003, 0.115, 0.003, 0.007, 0.31, -0.0, 1, 1, 1, 1, 1]}}, {"type": "Feature", "geometry": {"type": "Point", "coordinates": [2.85538, 41.286098]}, "properties": {"var_data": [-0.032, 0.068, 0.004, 0.005, 0.328, -0.0, 1, 1, 1, 1, 1]}}, {"type": "Feature", "geometry": {"type": "Point", "coordinates": [2.89072, 41.286098]}, "properties": {"var_data": [-0.064, 0.046, 0.003, 0.005, 0.329, -0.0, 1, 1, 1, 1, 1]}}, {"type": "Feature", "geometry": {"type": "Point", "coordinates": [2.92606, 41.286098]}, "properties": {"var_data": [-0.053, 0.046, 0.003, 0.005, 0.339, 0.0, 1, 1, 1, 1, 1]}}, {"type": "Feature", "geometry": {"type": "Point", "coordinates": [2.9614, 41.286098]}, "properties": {"var_data": [-0.067, 0.027, 0.003, 0.01, 0.363, -0.0, 1, 1, 1, 1, 1]}}, {"type": "Feature", "geometry": {"type": "Point", "coordinates": [2.99674, 41.286098]}, "properties": {"var_data": [-0.073, 0.036, 0.003, 0.009, 0.386, -0.0, 1, 1, 1, 1, 1]}}, {"type": "Feature", "geometry": {"type": "Point", "coordinates": [3.03208, 41.286098]}, "properties": {"var_data": [-0.041, 0.033, 0.004, 0.007, 0.405, 0.0, 1, 1, 1, 1, 1]}}, {"type": "Feature", "geometry": {"type": "Point", "coordinates": [3.06742, 41.286098]}, "properties": {"var_data": [-0.038, -0.011, 0.011, 0.015, 0.517, 0.0, 1, 1, 1, 1, 1]}}, {"type": "Feature", "geometry": {"type": "Point", "coordinates": [3.10276, 41.286098]}, "properties": {"var_data": [-0.034, -0.038, 0.012, 0.017, 0.611, 0.0, 1, 1, 1, 1, 1]}}, {"type": "Feature", "geometry": {"type": "Point", "coordinates": [3.1381, 41.286098]}, "properties": {"var_data": [-0.055, -0.071, 0.012, 0.016, 0.649, 0.0, 1, 1, 1, 1, 1]}}, {"type": "Feature", "geometry": {"type": "Point", "coordinates": [3.17344, 41.286098]}, "properties": {"var_data": [-0.138, -0.14, 0.015, 0.021, 0.97, 0.0, 1, 0, 1, 1, 1]}}, {"type": "Feature", "geometry": {"type": "Point", "coordinates": [3.20878, 41.286098]}, "properties": {"var_data": [-0.181, -0.164, 0.021, 0.02, 1.046, 0.0, 1, 1, 1, 1, 1]}}, {"type": "Feature", "geometry": {"type": "Point", "coordinates": [3.24412, 41.286098]}, "properties": {"var_data": [-0.206, -0.163, 0.024, 0.026, 1.352, 0.001, 1, 1, 1, 1, 1]}}, {"type": "Feature", "geometry": {"type": "Point", "coordinates": [3.27946, 41.286098]}, "properties": {"var_data": [-0.092, -0.093, 0.028, 0.025, 1.698, 0.001, 1, 0, 1, 1, 1]}}, {"type": "Feature", "geometry": {"type": "Point", "coordinates": [3.3148, 41.286098]}, "properties": {"var_data": [-0.084, -0.076, 0.028, 0.027, 1.947, 0.001, 1, 0, 1, 1, 1]}}, {"type": "Feature", "geometry": {"type": "Point", "coordinates": [3.35014, 41.286098]}, "properties": {"var_data": [-0.095, -0.094, 0.029, 0.029, 1.93, 0.001, 1, 0, 1, 1, 1]}}, {"type": "Feature", "geometry": {"type": "Point", "coordinates": [2.18392, 41.313099]}, "properties": {"var_data": [0.084, 0.08, 0.003, 0.005, 0.177, 0.0, 1, 1, 1, 1, 1]}}, {"type": "Feature", "geometry": {"type": "Point", "coordinates": [2.21926, 41.313099]}, "properties": {"var_data": [0.096, 0.07, 0.003, 0.005, 0.183, 0.0, 1, 1, 1, 1, 1]}}, {"type": "Feature", "geometry": {"type": "Point", "coordinates": [2.2546, 41.313099]}, "properties": {"var_data": [0.131, 0.051, 0.005, 0.009, 0.211, 0.0, 1, 1, 1, 1, 1]}}, {"type": "Feature", "geometry": {"type": "Point", "coordinates": [2.28994, 41.313099]}, "properties": {"var_data": [0.153, 0.038, 0.004, 0.008, 0.228, 0.0, 1, 1, 1, 1, 1]}}, {"type": "Feature", "geometry": {"type": "Point", "coordinates": [2.32528, 41.313099]}, "properties": {"var_data": [0.15, 0.093, 0.002, 0.004, 0.234, 0.0, 1, 1, 1, 1, 1]}}, {"type": "Feature", "geometry": {"type": "Point", "coordinates": [2.36062, 41.313099]}, "properties": {"var_data": [0.125, 0.149, 0.002, 0.003, 0.239, 0.0, 1, 1, 1, 1, 1]}}, {"type": "Feature", "geometry": {"type": "Point", "coordinates": [2.39596, 41.313099]}, "properties": {"var_data": [0.077, 0.143, 0.002, 0.003, 0.235, 0.0, 1, 1, 1, 1, 1]}}, {"type": "Feature", "geometry": {"type": "Point", "coordinates": [2.4313, 41.313099]}, "properties": {"var_data": [0.069, 0.147, 0.003, 0.004, 0.243, -0.0, 1, 1, 1, 1, 1]}}, {"type": "Feature", "geometry": {"type": "Point", "coordinates": [2.46664, 41.313099]}, "properties": {"var_data": [0.056, 0.138, 0.005, 0.006, 0.263, -0.0, 1, 1, 1, 1, 1]}}, {"type": "Feature", "geometry": {"type": "Point", "coordinates": [2.50198, 41.313099]}, "properties": {"var_data": [0.056, 0.116, 0.005, 0.007, 0.278, -0.0, 1, 1, 1, 1, 1]}}, {"type": "Feature", "geometry": {"type": "Point", "coordinates": [2.53732, 41.313099]}, "properties": {"var_data": [0.064, 0.123, 0.008, 0.01, 0.325, -0.0, 1, 1, 1, 1, 1]}}, {"type": "Feature", "geometry": {"type": "Point", "coordinates": [2.57266, 41.313099]}, "properties": {"var_data": [0.063, 0.125, 0.006, 0.01, 0.353, -0.0, 1, 1, 1, 1, 1]}}, {"type": "Feature", "geometry": {"type": "Point", "coordinates": [2.608, 41.313099]}, "properties": {"var_data": [0.059, 0.151, 0.007, 0.009, 0.41, -0.0, 1, 1, 1, 1, 1]}}, {"type": "Feature", "geometry": {"type": "Point", "coordinates": [2.64334, 41.313099]}, "properties": {"var_data": [0.061, 0.195, 0.006, 0.005, 0.343, 0.0, 1, 1, 1, 1, 1]}}, {"type": "Feature", "geometry": {"type": "Point", "coordinates": [2.67868, 41.313099]}, "properties": {"var_data": [0.063, 0.201, 0.007, 0.005, 0.32, 0.0, 1, 1, 1, 1, 1]}}, {"type": "Feature", "geometry": {"type": "Point", "coordinates": [2.71402, 41.313099]}, "properties": {"var_data": [0.063, 0.193, 0.003, 0.004, 0.295, 0.0, 1, 1, 1, 1, 1]}}, {"type": "Feature", "geometry": {"type": "Point", "coordinates": [2.74936, 41.313099]}, "properties": {"var_data": [0.056, 0.179, 0.003, 0.006, 0.28, -0.0, 1, 1, 1, 1, 1]}}, {"type": "Feature", "geometry": {"type": "Point", "coordinates": [2.7847, 41.313099]}, "properties": {"var_data": [0.044, 0.162, 0.003, 0.007, 0.281, -0.0, 1, 1, 1, 1, 1]}}, {"type": "Feature", "geometry": {"type": "Point", "coordinates": [2.82004, 41.313099]}, "properties": {"var_data": [0.048, 0.131, 0.003, 0.008, 0.291, -0.0, 1, 1, 1, 1, 1]}}, {"type": "Feature", "geometry": {"type": "Point", "coordinates": [2.85538, 41.313099]}, "properties": {"var_data": [0.043, 0.097, 0.004, 0.005, 0.301, -0.0, 1, 1, 1, 1, 1]}}, {"type": "Feature", "geometry": {"type": "Point", "coordinates": [2.89072, 41.313099]}, "properties": {"var_data": [0.029, 0.074, 0.003, 0.005, 0.309, -0.0, 1, 1, 1, 1, 1]}}, {"type": "Feature", "geometry": {"type": "Point", "coordinates": [2.92606, 41.313099]}, "properties": {"var_data": [0.011, 0.075, 0.003, 0.005, 0.315, -0.0, 1, 1, 1, 1, 1]}}, {"type": "Feature", "geometry": {"type": "Point", "coordinates": [2.9614, 41.313099]}, "properties": {"var_data": [0.0, 0.077, 0.003, 0.007, 0.345, 0.0, 1, 1, 1, 1, 1]}}, {"type": "Feature", "geometry": {"type": "Point", "coordinates": [2.99674, 41.313099]}, "properties": {"var_data": [-0.022, 0.066, 0.003, 0.006, 0.379, 0.0, 1, 1, 1, 1, 1]}}, {"type": "Feature", "geometry": {"type": "Point", "coordinates": [3.03208, 41.313099]}, "properties": {"var_data": [-0.025, 0.057, 0.004, 0.007, 0.431, 0.0, 1, 1, 1, 1, 1]}}, {"type": "Feature", "geometry": {"type": "Point", "coordinates": [3.06742, 41.313099]}, "properties": {"var_data": [-0.017, 0.022, 0.004, 0.007, 0.477, 0.0, 1, 1, 1, 1, 1]}}, {"type": "Feature", "geometry": {"type": "Point", "coordinates": [3.10276, 41.313099]}, "properties": {"var_data": [-0.001, 0.005, 0.011, 0.015, 0.56, 0.0, 1, 1, 1, 1, 1]}}, {"type": "Feature", "geometry": {"type": "Point", "coordinates": [3.1381, 41.313099]}, "properties": {"var_data": [-0.028, -0.041, 0.014, 0.02, 0.669, 0.0, 1, 1, 1, 1, 1]}}, {"type": "Feature", "geometry": {"type": "Point", "coordinates": [3.17344, 41.313099]}, "properties": {"var_data": [-0.069, -0.084, 0.011, 0.014, 0.906, 0.0, 1, 0, 1, 1, 1]}}, {"type": "Feature", "geometry": {"type": "Point", "coordinates": [3.20878, 41.313099]}, "properties": {"var_data": [-0.054, -0.063, 0.026, 0.015, 0.806, 0.0, 1, 1, 1, 1, 1]}}, {"type": "Feature", "geometry": {"type": "Point", "coordinates": [3.24412, 41.313099]}, "properties": {"var_data": [-0.1, -0.102, 0.043, 0.031, 0.99, 0.001, 1, 1, 1, 1, 1]}}, {"type": "Feature", "geometry": {"type": "Point", "coordinates": [3.27946, 41.313099]}, "properties": {"var_data": [-0.06, -0.074, 0.022, 0.019, 0.984, 0.0, 1, 1, 1, 1, 1]}}, {"type": "Feature", "geometry": {"type": "Point", "coordinates": [3.3148, 41.313099]}, "properties": {"var_data": [-0.063, -0.075, 0.022, 0.019, 1.101, 0.0, 1, 1, 1, 1, 1]}}, {"type": "Feature", "geometry": {"type": "Point", "coordinates": [3.35014, 41.313099]}, "properties": {"var_data": [-0.154, -0.168, 0.03, 0.03, 2.194, 0.001, 4, 0, 4, 1, 1]}}, {"type": "Feature", "geometry": {"type": "Point", "coordinates": [3.42082, 41.313099]}, "properties": {"var_data": [0.15, 0.113, 0.081, 0.076, 1.639, 0.006, 1, 0, 1, 1, 1]}}, {"type": "Feature", "geometry": {"type": "Point", "coordinates": [3.52684, 41.313099]}, "properties": {"var_data": [-0.202, -0.267, 0.035, 0.039, 1.707, 0.001, 1, 1, 1, 1, 1]}}, {"type": "Feature", "geometry": {"type": "Point", "coordinates": [3.56218, 41.313099]}, "properties": {"var_data": [-0.199, -0.266, 0.034, 0.038, 1.648, 0.001, 1, 1, 1, 1, 1]}}, {"type": "Feature", "geometry": {"type": "Point", "coordinates": [3.59752, 41.313099]}, "properties": {"var_data": [-0.188, -0.257, 0.031, 0.035, 1.625, 0.001, 1, 1, 1, 1, 1]}}, {"type": "Feature", "geometry": {"type": "Point", "coordinates": [2.18392, 41.340099]}, "properties": {"var_data": [0.066, 0.073, 0.003, 0.004, 0.199, -0.0, 1, 1, 1, 1, 1]}}, {"type": "Feature", "geometry": {"type": "Point", "coordinates": [2.21926, 41.340099]}, "properties": {"var_data": [0.085, 0.071, 0.003, 0.004, 0.197, -0.0, 1, 1, 1, 1, 1]}}, {"type": "Feature", "geometry": {"type": "Point", "coordinates": [2.2546, 41.340099]}, "properties": {"var_data": [0.114, 0.074, 0.003, 0.007, 0.233, -0.0, 1, 1, 1, 1, 1]}}, {"type": "Feature", "geometry": {"type": "Point", "coordinates": [2.28994, 41.340099]}, "properties": {"var_data": [0.134, 0.058, 0.005, 0.014, 0.257, 0.0, 1, 1, 1, 1, 1]}}, {"type": "Feature", "geometry": {"type": "Point", "coordinates": [2.32528, 41.340099]}, "properties": {"var_data": [0.146, 0.105, 0.005, 0.01, 0.256, 0.0, 1, 1, 1, 1, 1]}}, {"type": "Feature", "geometry": {"type": "Point", "coordinates": [2.36062, 41.340099]}, "properties": {"var_data": [0.123, 0.165, 0.002, 0.005, 0.253, 0.0, 1, 1, 1, 1, 1]}}, {"type": "Feature", "geometry": {"type": "Point", "coordinates": [2.39596, 41.340099]}, "properties": {"var_data": [0.092, 0.172, 0.003, 0.005, 0.247, -0.0, 1, 1, 1, 1, 1]}}, {"type": "Feature", "geometry": {"type": "Point", "coordinates": [2.4313, 41.340099]}, "properties": {"var_data": [0.074, 0.186, 0.003, 0.004, 0.252, -0.0, 1, 1, 1, 1, 1]}}, {"type": "Feature", "geometry": {"type": "Point", "coordinates": [2.46664, 41.340099]}, "properties": {"var_data": [0.055, 0.161, 0.005, 0.005, 0.26, -0.0, 1, 1, 1, 1, 1]}}, {"type": "Feature", "geometry": {"type": "Point", "coordinates": [2.50198, 41.340099]}, "properties": {"var_data": [0.064, 0.15, 0.008, 0.008, 0.294, -0.0, 1, 1, 1, 1, 1]}}, {"type": "Feature", "geometry": {"type": "Point", "coordinates": [2.53732, 41.340099]}, "properties": {"var_data": [0.065, 0.151, 0.008, 0.009, 0.331, -0.0, 1, 1, 1, 1, 1]}}, {"type": "Feature", "geometry": {"type": "Point", "coordinates": [2.57266, 41.340099]}, "properties": {"var_data": [0.075, 0.157, 0.008, 0.009, 0.349, -0.0, 1, 1, 1, 1, 1]}}, {"type": "Feature", "geometry": {"type": "Point", "coordinates": [2.608, 41.340099]}, "properties": {"var_data": [0.082, 0.183, 0.007, 0.008, 0.335, -0.0, 1, 1, 1, 1, 1]}}, {"type": "Feature", "geometry": {"type": "Point", "coordinates": [2.64334, 41.340099]}, "properties": {"var_data": [0.084, 0.196, 0.007, 0.006, 0.291, -0.0, 1, 1, 1, 1, 1]}}, {"type": "Feature", "geometry": {"type": "Point", "coordinates": [2.67868, 41.340099]}, "properties": {"var_data": [0.092, 0.209, 0.008, 0.006, 0.294, -0.0, 1, 1, 1, 1, 1]}}, {"type": "Feature", "geometry": {"type": "Point", "coordinates": [2.71402, 41.340099]}, "properties": {"var_data": [0.088, 0.196, 0.003, 0.006, 0.275, -0.0, 1, 1, 1, 1, 1]}}, {"type": "Feature", "geometry": {"type": "Point", "coordinates": [2.74936, 41.340099]}, "properties": {"var_data": [0.094, 0.18, 0.003, 0.005, 0.261, -0.0, 1, 1, 1, 1, 1]}}, {"type": "Feature", "geometry": {"type": "Point", "coordinates": [2.7847, 41.340099]}, "properties": {"var_data": [0.09, 0.153, 0.003, 0.007, 0.262, -0.0, 1, 1, 1, 1, 1]}}, {"type": "Feature", "geometry": {"type": "Point", "coordinates": [2.82004, 41.340099]}, "properties": {"var_data": [0.078, 0.134, 0.004, 0.007, 0.272, 0.0, 1, 1, 1, 1, 1]}}, {"type": "Feature", "geometry": {"type": "Point", "coordinates": [2.85538, 41.340099]}, "properties": {"var_data": [0.069, 0.114, 0.004, 0.01, 0.289, 0.0, 1, 1, 1, 1, 1]}}, {"type": "Feature", "geometry": {"type": "Point", "coordinates": [2.89072, 41.340099]}, "properties": {"var_data": [0.055, 0.078, 0.003, 0.01, 0.311, -0.0, 1, 1, 1, 1, 1]}}, {"type": "Feature", "geometry": {"type": "Point", "coordinates": [2.92606, 41.340099]}, "properties": {"var_data": [0.043, 0.073, 0.003, 0.01, 0.318, -0.0, 1, 1, 1, 1, 1]}}, {"type": "Feature", "geometry": {"type": "Point", "coordinates": [2.9614, 41.340099]}, "properties": {"var_data": [0.029, 0.062, 0.002, 0.006, 0.339, 0.0, 1, 1, 1, 1, 1]}}, {"type": "Feature", "geometry": {"type": "Point", "coordinates": [2.99674, 41.340099]}, "properties": {"var_data": [0.007, 0.07, 0.004, 0.006, 0.384, 0.0, 1, 1, 1, 1, 1]}}, {"type": "Feature", "geometry": {"type": "Point", "coordinates": [3.03208, 41.340099]}, "properties": {"var_data": [-0.015, 0.067, 0.004, 0.007, 0.441, 0.0, 1, 1, 1, 1, 1]}}, {"type": "Feature", "geometry": {"type": "Point", "coordinates": [3.06742, 41.340099]}, "properties": {"var_data": [-0.008, 0.032, 0.008, 0.01, 0.522, 0.0, 1, 1, 1, 1, 1]}}, {"type": "Feature", "geometry": {"type": "Point", "coordinates": [3.10276, 41.340099]}, "properties": {"var_data": [-0.009, -0.014, 0.016, 0.024, 0.702, 0.0, 1, 1, 1, 1, 1]}}, {"type": "Feature", "geometry": {"type": "Point", "coordinates": [3.1381, 41.340099]}, "properties": {"var_data": [-0.031, -0.025, 0.008, 0.013, 0.596, 0.0, 1, 1, 1, 1, 1]}}, {"type": "Feature", "geometry": {"type": "Point", "coordinates": [3.17344, 41.340099]}, "properties": {"var_data": [-0.046, -0.062, 0.008, 0.013, 0.583, 0.0, 1, 1, 1, 1, 1]}}, {"type": "Feature", "geometry": {"type": "Point", "coordinates": [3.20878, 41.340099]}, "properties": {"var_data": [-0.05, -0.072, 0.008, 0.013, 0.606, 0.0, 1, 1, 1, 1, 1]}}, {"type": "Feature", "geometry": {"type": "Point", "coordinates": [3.24412, 41.340099]}, "properties": {"var_data": [-0.055, -0.068, 0.008, 0.011, 0.613, 0.0, 1, 1, 1, 1, 1]}}, {"type": "Feature", "geometry": {"type": "Point", "coordinates": [3.27946, 41.340099]}, "properties": {"var_data": [-0.039, -0.06, 0.017, 0.014, 0.725, 0.0, 1, 1, 1, 1, 1]}}, {"type": "Feature", "geometry": {"type": "Point", "coordinates": [3.3148, 41.340099]}, "properties": {"var_data": [-0.041, -0.06, 0.018, 0.015, 0.763, 0.0, 1, 1, 1, 1, 1]}}, {"type": "Feature", "geometry": {"type": "Point", "coordinates": [3.35014, 41.340099]}, "properties": {"var_data": [-0.001, -0.014, 0.021, 0.02, 0.842, 0.0, 1, 1, 1, 1, 1]}}, {"type": "Feature", "geometry": {"type": "Point", "coordinates": [3.38548, 41.340099]}, "properties": {"var_data": [-0.02, -0.021, 0.025, 0.025, 1.07, 0.001, 1, 0, 1, 1, 1]}}, {"type": "Feature", "geometry": {"type": "Point", "coordinates": [3.42082, 41.340099]}, "properties": {"var_data": [0.019, 0.015, 0.041, 0.038, 1.198, 0.001, 4, 4, 1, 1, 1]}}, {"type": "Feature", "geometry": {"type": "Point", "coordinates": [3.45616, 41.340099]}, "properties": {"var_data": [0.042, 0.021, 0.041, 0.038, 1.191, 0.001, 1, 1, 1, 1, 1]}}, {"type": "Feature", "geometry": {"type": "Point", "coordinates": [3.52684, 41.340099]}, "properties": {"var_data": [-0.134, -0.167, 0.025, 0.029, 1.342, 0.001, 1, 1, 1, 1, 1]}}, {"type": "Feature", "geometry": {"type": "Point", "coordinates": [3.56218, 41.340099]}, "properties": {"var_data": [-0.189, -0.264, 0.035, 0.038, 1.623, 0.001, 1, 1, 1, 1, 1]}}, {"type": "Feature", "geometry": {"type": "Point", "coordinates": [3.59752, 41.340099]}, "properties": {"var_data": [-0.194, -0.25, 0.048, 0.038, 2.381, 0.002, 4, 1, 4, 1, 1]}}, {"type": "Feature", "geometry": {"type": "Point", "coordinates": [3.63286, 41.340099]}, "properties": {"var_data": [-0.134, -0.221, 0.03, 0.034, 1.857, 0.001, 1, 1, 1, 1, 1]}}, {"type": "Feature", "geometry": {"type": "Point", "coordinates": [3.6682, 41.340099]}, "properties": {"var_data": [-0.052, -0.118, 0.073, 0.096, 3.033, 0.007, 4, 1, 4, 4, 1]}}, {"type": "Feature", "geometry": {"type": "Point", "coordinates": [2.21926, 41.3671]}, "properties": {"var_data": [0.061, 0.126, 0.003, 0.004, 0.289, -0.0, 1, 1, 1, 1, 1]}}, {"type": "Feature", "geometry": {"type": "Point", "coordinates": [2.2546, 41.3671]}, "properties": {"var_data": [0.094, 0.085, 0.006, 0.008, 0.296, -0.0, 1, 1, 1, 1, 1]}}, {"type": "Feature", "geometry": {"type": "Point", "coordinates": [2.28994, 41.3671]}, "properties": {"var_data": [0.126, 0.076, 0.006, 0.012, 0.31, -0.0, 1, 1, 1, 1, 1]}}, {"type": "Feature", "geometry": {"type": "Point", "coordinates": [2.32528, 41.3671]}, "properties": {"var_data": [0.125, 0.136, 0.007, 0.013, 0.298, -0.0, 1, 1, 1, 1, 1]}}, {"type": "Feature", "geometry": {"type": "Point", "coordinates": [2.36062, 41.3671]}, "properties": {"var_data": [0.116, 0.19, 0.005, 0.008, 0.291, -0.0, 1, 1, 1, 1, 1]}}, {"type": "Feature", "geometry": {"type": "Point", "coordinates": [2.39596, 41.3671]}, "properties": {"var_data": [0.097, 0.201, 0.004, 0.006, 0.265, -0.0, 1, 1, 1, 1, 1]}}, {"type": "Feature", "geometry": {"type": "Point", "coordinates": [2.4313, 41.3671]}, "properties": {"var_data": [0.082, 0.186, 0.005, 0.006, 0.262, -0.0, 1, 1, 1, 1, 1]}}, {"type": "Feature", "geometry": {"type": "Point", "coordinates": [2.46664, 41.3671]}, "properties": {"var_data": [0.071, 0.184, 0.006, 0.006, 0.275, -0.0, 1, 1, 1, 1, 1]}}, {"type": "Feature", "geometry": {"type": "Point", "coordinates": [2.50198, 41.3671]}, "properties": {"var_data": [0.086, 0.172, 0.007, 0.007, 0.284, -0.0, 1, 1, 1, 1, 1]}}, {"type": "Feature", "geometry": {"type": "Point", "coordinates": [2.53732, 41.3671]}, "properties": {"var_data": [0.091, 0.19, 0.009, 0.009, 0.344, -0.0, 1, 1, 1, 1, 1]}}, {"type": "Feature", "geometry": {"type": "Point", "coordinates": [2.57266, 41.3671]}, "properties": {"var_data": [0.104, 0.177, 0.009, 0.011, 0.347, -0.0, 1, 1, 1, 1, 1]}}, {"type": "Feature", "geometry": {"type": "Point", "coordinates": [2.608, 41.3671]}, "properties": {"var_data": [0.107, 0.196, 0.008, 0.006, 0.303, 0.0, 1, 1, 1, 1, 1]}}, {"type": "Feature", "geometry": {"type": "Point", "coordinates": [2.64334, 41.3671]}, "properties": {"var_data": [0.119, 0.211, 0.007, 0.006, 0.278, 0.0, 1, 1, 1, 1, 1]}}, {"type": "Feature", "geometry": {"type": "Point", "coordinates": [2.67868, 41.3671]}, "properties": {"var_data": [0.133, 0.199, 0.008, 0.005, 0.27, 0.0, 1, 1, 1, 1, 1]}}, {"type": "Feature", "geometry": {"type": "Point", "coordinates": [2.71402, 41.3671]}, "properties": {"var_data": [0.145, 0.193, 0.008, 0.005, 0.272, 0.0, 1, 1, 1, 1, 1]}}, {"type": "Feature", "geometry": {"type": "Point", "coordinates": [2.74936, 41.3671]}, "properties": {"var_data": [0.155, 0.179, 0.008, 0.005, 0.265, 0.0, 1, 1, 1, 1, 1]}}, {"type": "Feature", "geometry": {"type": "Point", "coordinates": [2.7847, 41.3671]}, "properties": {"var_data": [0.159, 0.161, 0.008, 0.005, 0.28, 0.0, 1, 1, 1, 1, 1]}}, {"type": "Feature", "geometry": {"type": "Point", "coordinates": [2.82004, 41.3671]}, "properties": {"var_data": [0.136, 0.142, 0.009, 0.006, 0.273, 0.0, 1, 1, 1, 1, 1]}}, {"type": "Feature", "geometry": {"type": "Point", "coordinates": [2.85538, 41.3671]}, "properties": {"var_data": [0.138, 0.138, 0.01, 0.007, 0.29, 0.0, 1, 1, 1, 1, 1]}}, {"type": "Feature", "geometry": {"type": "Point", "coordinates": [2.89072, 41.3671]}, "properties": {"var_data": [0.142, 0.101, 0.008, 0.011, 0.315, 0.0, 1, 1, 1, 1, 1]}}, {"type": "Feature", "geometry": {"type": "Point", "coordinates": [2.92606, 41.3671]}, "properties": {"var_data": [0.136, 0.094, 0.009, 0.012, 0.332, 0.0, 1, 1, 1, 1, 1]}}, {"type": "Feature", "geometry": {"type": "Point", "coordinates": [2.9614, 41.3671]}, "properties": {"var_data": [0.132, 0.097, 0.009, 0.011, 0.402, 0.0, 1, 1, 1, 1, 1]}}, {"type": "Feature", "geometry": {"type": "Point", "coordinates": [2.99674, 41.3671]}, "properties": {"var_data": [0.11, 0.103, 0.007, 0.008, 0.487, 0.0, 1, 1, 1, 1, 1]}}, {"type": "Feature", "geometry": {"type": "Point", "coordinates": [3.03208, 41.3671]}, "properties": {"var_data": [0.075, 0.06, 0.009, 0.011, 0.539, 0.0, 1, 1, 1, 1, 1]}}, {"type": "Feature", "geometry": {"type": "Point", "coordinates": [3.06742, 41.3671]}, "properties": {"var_data": [0.04, 0.039, 0.008, 0.007, 0.526, 0.0, 1, 1, 1, 1, 1]}}, {"type": "Feature", "geometry": {"type": "Point", "coordinates": [3.10276, 41.3671]}, "properties": {"var_data": [0.008, 0.013, 0.012, 0.009, 0.555, 0.0, 1, 1, 1, 1, 1]}}, {"type": "Feature", "geometry": {"type": "Point", "coordinates": [3.1381, 41.3671]}, "properties": {"var_data": [-0.022, -0.036, 0.008, 0.012, 0.527, 0.0, 1, 1, 1, 1, 1]}}, {"type": "Feature", "geometry": {"type": "Point", "coordinates": [3.17344, 41.3671]}, "properties": {"var_data": [-0.019, -0.036, 0.008, 0.011, 0.527, 0.0, 1, 1, 1, 1, 1]}}, {"type": "Feature", "geometry": {"type": "Point", "coordinates": [3.20878, 41.3671]}, "properties": {"var_data": [-0.035, -0.057, 0.007, 0.012, 0.546, 0.0, 1, 1, 1, 1, 1]}}, {"type": "Feature", "geometry": {"type": "Point", "coordinates": [3.24412, 41.3671]}, "properties": {"var_data": [-0.016, -0.044, 0.007, 0.01, 0.543, 0.0, 1, 1, 1, 1, 1]}}, {"type": "Feature", "geometry": {"type": "Point", "coordinates": [3.27946, 41.3671]}, "properties": {"var_data": [-0.021, -0.036, 0.017, 0.014, 0.667, 0.0, 1, 1, 1, 1, 1]}}, {"type": "Feature", "geometry": {"type": "Point", "coordinates": [3.3148, 41.3671]}, "properties": {"var_data": [-0.017, -0.031, 0.018, 0.015, 0.664, 0.0, 1, 1, 1, 1, 1]}}, {"type": "Feature", "geometry": {"type": "Point", "coordinates": [3.35014, 41.3671]}, "properties": {"var_data": [-0.023, -0.015, 0.015, 0.015, 0.674, 0.0, 1, 1, 1, 1, 1]}}, {"type": "Feature", "geometry": {"type": "Point", "coordinates": [3.38548, 41.3671]}, "properties": {"var_data": [-0.001, 0.01, 0.037, 0.033, 1.004, 0.001, 1, 1, 1, 1, 1]}}, {"type": "Feature", "geometry": {"type": "Point", "coordinates": [3.42082, 41.3671]}, "properties": {"var_data": [-0.02, 0.004, 0.037, 0.033, 0.987, 0.001, 1, 1, 1, 1, 1]}}, {"type": "Feature", "geometry": {"type": "Point", "coordinates": [3.45616, 41.3671]}, "properties": {"var_data": [-0.075, -0.011, 0.023, 0.029, 1.002, 0.001, 1, 1, 1, 1, 1]}}, {"type": "Feature", "geometry": {"type": "Point", "coordinates": [3.4915, 41.3671]}, "properties": {"var_data": [-0.078, -0.054, 0.016, 0.018, 1.187, 0.0, 1, 1, 1, 1, 1]}}, {"type": "Feature", "geometry": {"type": "Point", "coordinates": [3.52684, 41.3671]}, "properties": {"var_data": [-0.12, -0.098, 0.016, 0.016, 1.169, 0.0, 1, 1, 1, 1, 1]}}, {"type": "Feature", "geometry": {"type": "Point", "coordinates": [3.56218, 41.3671]}, "properties": {"var_data": [-0.139, -0.123, 0.014, 0.016, 1.114, 0.0, 1, 1, 1, 1, 1]}}, {"type": "Feature", "geometry": {"type": "Point", "coordinates": [3.59752, 41.3671]}, "properties": {"var_data": [-0.069, -0.145, 0.042, 0.029, 1.491, 0.001, 1, 1, 1, 1, 1]}}, {"type": "Feature", "geometry": {"type": "Point", "coordinates": [3.63286, 41.3671]}, "properties": {"var_data": [0.01, -0.102, 0.043, 0.031, 1.919, 0.001, 1, 1, 1, 1, 1]}}, {"type": "Feature", "geometry": {"type": "Point", "coordinates": [3.6682, 41.3671]}, "properties": {"var_data": [0.472, 0.112, 0.167, 0.076, 4.149, 0.012, 4, 1, 4, 1, 1]}}, {"type": "Feature", "geometry": {"type": "Point", "coordinates": [3.70354, 41.3671]}, "properties": {"var_data": [-0.077, -0.132, 0.064, 0.082, 2.548, 0.004, 4, 1, 4, 4, 1]}}, {"type": "Feature", "geometry": {"type": "Point", "coordinates": [2.21926, 41.3941]}, "properties": {"var_data": [0.042, 0.147, 0.008, 0.011, 0.509, -0.0, 1, 1, 1, 1, 1]}}, {"type": "Feature", "geometry": {"type": "Point", "coordinates": [2.2546, 41.3941]}, "properties": {"var_data": [0.055, 0.161, 0.008, 0.011, 0.443, -0.0, 1, 1, 1, 1, 1]}}, {"type": "Feature", "geometry": {"type": "Point", "coordinates": [2.28994, 41.3941]}, "properties": {"var_data": [0.077, 0.157, 0.01, 0.013, 0.42, -0.0, 1, 1, 1, 1, 1]}}, {"type": "Feature", "geometry": {"type": "Point", "coordinates": [2.32528, 41.3941]}, "properties": {"var_data": [0.093, 0.205, 0.008, 0.012, 0.366, -0.0, 1, 1, 1, 1, 1]}}, {"type": "Feature", "geometry": {"type": "Point", "coordinates": [2.36062, 41.3941]}, "properties": {"var_data": [0.092, 0.228, 0.005, 0.008, 0.331, -0.0, 1, 1, 1, 1, 1]}}, {"type": "Feature", "geometry": {"type": "Point", "coordinates": [2.39596, 41.3941]}, "properties": {"var_data": [0.096, 0.237, 0.006, 0.007, 0.309, -0.0, 1, 1, 1, 1, 1]}}, {"type": "Feature", "geometry": {"type": "Point", "coordinates": [2.4313, 41.3941]}, "properties": {"var_data": [0.099, 0.215, 0.005, 0.005, 0.272, -0.0, 1, 1, 1, 1, 1]}}, {"type": "Feature", "geometry": {"type": "Point", "coordinates": [2.46664, 41.3941]}, "properties": {"var_data": [0.104, 0.197, 0.007, 0.006, 0.279, -0.0, 1, 1, 1, 1, 1]}}, {"type": "Feature", "geometry": {"type": "Point", "coordinates": [2.50198, 41.3941]}, "properties": {"var_data": [0.117, 0.188, 0.007, 0.006, 0.298, -0.0, 1, 1, 1, 1, 1]}}, {"type": "Feature", "geometry": {"type": "Point", "coordinates": [2.53732, 41.3941]}, "properties": {"var_data": [0.125, 0.182, 0.008, 0.006, 0.342, -0.0, 1, 1, 1, 1, 1]}}, {"type": "Feature", "geometry": {"type": "Point", "coordinates": [2.57266, 41.3941]}, "properties": {"var_data": [0.131, 0.193, 0.008, 0.005, 0.308, 0.0, 1, 1, 1, 1, 1]}}, {"type": "Feature", "geometry": {"type": "Point", "coordinates": [2.608, 41.3941]}, "properties": {"var_data": [0.136, 0.195, 0.007, 0.006, 0.28, 0.0, 1, 1, 1, 1, 1]}}, {"type": "Feature", "geometry": {"type": "Point", "coordinates": [2.64334, 41.3941]}, "properties": {"var_data": [0.131, 0.203, 0.007, 0.006, 0.254, 0.0, 1, 1, 1, 1, 1]}}, {"type": "Feature", "geometry": {"type": "Point", "coordinates": [2.67868, 41.3941]}, "properties": {"var_data": [0.151, 0.209, 0.007, 0.005, 0.254, 0.0, 1, 1, 1, 1, 1]}}, {"type": "Feature", "geometry": {"type": "Point", "coordinates": [2.71402, 41.3941]}, "properties": {"var_data": [0.17, 0.195, 0.007, 0.005, 0.245, 0.0, 1, 1, 1, 1, 1]}}, {"type": "Feature", "geometry": {"type": "Point", "coordinates": [2.74936, 41.3941]}, "properties": {"var_data": [0.174, 0.183, 0.007, 0.005, 0.246, 0.0, 1, 1, 1, 1, 1]}}, {"type": "Feature", "geometry": {"type": "Point", "coordinates": [2.7847, 41.3941]}, "properties": {"var_data": [0.167, 0.163, 0.008, 0.005, 0.249, -0.0, 1, 1, 1, 1, 1]}}, {"type": "Feature", "geometry": {"type": "Point", "coordinates": [2.82004, 41.3941]}, "properties": {"var_data": [0.162, 0.144, 0.009, 0.006, 0.265, 0.0, 1, 1, 1, 1, 1]}}, {"type": "Feature", "geometry": {"type": "Point", "coordinates": [2.85538, 41.3941]}, "properties": {"var_data": [0.154, 0.133, 0.008, 0.007, 0.277, 0.0, 1, 1, 1, 1, 1]}}, {"type": "Feature", "geometry": {"type": "Point", "coordinates": [2.89072, 41.3941]}, "properties": {"var_data": [0.143, 0.107, 0.01, 0.011, 0.3, 0.0, 1, 1, 1, 1, 1]}}, {"type": "Feature", "geometry": {"type": "Point", "coordinates": [2.92606, 41.3941]}, "properties": {"var_data": [0.156, 0.102, 0.008, 0.011, 0.331, 0.0, 1, 1, 1, 1, 1]}}, {"type": "Feature", "geometry": {"type": "Point", "coordinates": [2.9614, 41.3941]}, "properties": {"var_data": [0.183, 0.099, 0.007, 0.012, 0.379, 0.0, 1, 1, 1, 1, 1]}}, {"type": "Feature", "geometry": {"type": "Point", "coordinates": [2.99674, 41.3941]}, "properties": {"var_data": [0.173, 0.109, 0.012, 0.016, 0.451, 0.0, 1, 1, 1, 1, 1]}}, {"type": "Feature", "geometry": {"type": "Point", "coordinates": [3.03208, 41.3941]}, "properties": {"var_data": [0.09, 0.059, 0.013, 0.009, 0.513, 0.0, 1, 1, 1, 1, 1]}}, {"type": "Feature", "geometry": {"type": "Point", "coordinates": [3.06742, 41.3941]}, "properties": {"var_data": [0.07, 0.044, 0.01, 0.006, 0.522, 0.0, 1, 1, 1, 1, 1]}}, {"type": "Feature", "geometry": {"type": "Point", "coordinates": [3.10276, 41.3941]}, "properties": {"var_data": [0.025, 0.023, 0.009, 0.006, 0.449, 0.0, 1, 1, 1, 1, 1]}}, {"type": "Feature", "geometry": {"type": "Point", "coordinates": [3.1381, 41.3941]}, "properties": {"var_data": [-0.006, -0.015, 0.005, 0.005, 0.421, 0.0, 1, 1, 1, 1, 1]}}, {"type": "Feature", "geometry": {"type": "Point", "coordinates": [3.17344, 41.3941]}, "properties": {"var_data": [0.017, -0.017, 0.006, 0.01, 0.464, 0.0, 1, 1, 1, 1, 1]}}, {"type": "Feature", "geometry": {"type": "Point", "coordinates": [3.20878, 41.3941]}, "properties": {"var_data": [0.002, -0.032, 0.007, 0.012, 0.525, 0.0, 1, 1, 1, 1, 1]}}, {"type": "Feature", "geometry": {"type": "Point", "coordinates": [3.24412, 41.3941]}, "properties": {"var_data": [0.016, -0.026, 0.006, 0.011, 0.489, 0.0, 1, 1, 1, 1, 1]}}, {"type": "Feature", "geometry": {"type": "Point", "coordinates": [3.27946, 41.3941]}, "properties": {"var_data": [-0.009, -0.017, 0.021, 0.016, 0.613, 0.0, 1, 1, 1, 1, 1]}}, {"type": "Feature", "geometry": {"type": "Point", "coordinates": [3.3148, 41.3941]}, "properties": {"var_data": [-0.005, -0.011, 0.019, 0.017, 0.69, 0.0, 1, 1, 1, 1, 1]}}, {"type": "Feature", "geometry": {"type": "Point", "coordinates": [3.35014, 41.3941]}, "properties": {"var_data": [-0.039, -0.018, 0.018, 0.016, 0.672, 0.0, 1, 1, 1, 1, 1]}}, {"type": "Feature", "geometry": {"type": "Point", "coordinates": [3.38548, 41.3941]}, "properties": {"var_data": [-0.013, 0.009, 0.032, 0.033, 0.962, 0.001, 1, 1, 1, 1, 1]}}, {"type": "Feature", "geometry": {"type": "Point", "coordinates": [3.42082, 41.3941]}, "properties": {"var_data": [-0.037, 0.009, 0.038, 0.033, 0.987, 0.001, 1, 1, 1, 1, 1]}}, {"type": "Feature", "geometry": {"type": "Point", "coordinates": [3.45616, 41.3941]}, "properties": {"var_data": [-0.061, 0.001, 0.015, 0.016, 0.857, 0.0, 1, 1, 1, 1, 1]}}, {"type": "Feature", "geometry": {"type": "Point", "coordinates": [3.4915, 41.3941]}, "properties": {"var_data": [-0.116, -0.044, 0.014, 0.017, 0.944, 0.0, 1, 1, 1, 1, 1]}}, {"type": "Feature", "geometry": {"type": "Point", "coordinates": [3.52684, 41.3941]}, "properties": {"var_data": [-0.134, -0.042, 0.014, 0.017, 0.956, 0.0, 1, 1, 1, 1, 1]}}, {"type": "Feature", "geometry": {"type": "Point", "coordinates": [3.56218, 41.3941]}, "properties": {"var_data": [-0.126, -0.107, 0.013, 0.014, 0.961, 0.0, 1, 1, 1, 1, 1]}}, {"type": "Feature", "geometry": {"type": "Point", "coordinates": [3.59752, 41.3941]}, "properties": {"var_data": [0.001, -0.075, 0.021, 0.021, 1.561, 0.0, 1, 1, 1, 1, 1]}}, {"type": "Feature", "geometry": {"type": "Point", "coordinates": [3.63286, 41.3941]}, "properties": {"var_data": [0.012, -0.051, 0.021, 0.023, 0.996, 0.0, 1, 1, 1, 1, 1]}}, {"type": "Feature", "geometry": {"type": "Point", "coordinates": [3.6682, 41.3941]}, "properties": {"var_data": [0.029, -0.087, 0.022, 0.022, 1.173, 0.0, 1, 1, 1, 1, 1]}}, {"type": "Feature", "geometry": {"type": "Point", "coordinates": [3.70354, 41.3941]}, "properties": {"var_data": [-0.064, -0.145, 0.026, 0.026, 1.433, 0.001, 1, 1, 1, 1, 1]}}, {"type": "Feature", "geometry": {"type": "Point", "coordinates": [3.73888, 41.3941]}, "properties": {"var_data": [-0.201, -0.343, 0.033, 0.044, 2.544, 0.001, 4, 1, 4, 4, 1]}}, {"type": "Feature", "geometry": {"type": "Point", "coordinates": [2.2546, 41.421101]}, "properties": {"var_data": [0.081, 0.098, 0.012, 0.015, 0.937, -0.0, 1, 1, 1, 1, 1]}}, {"type": "Feature", "geometry": {"type": "Point", "coordinates": [2.28994, 41.421101]}, "properties": {"var_data": [0.061, 0.208, 0.011, 0.015, 0.656, -0.0, 1, 1, 1, 1, 1]}}, {"type": "Feature", "geometry": {"type": "Point", "coordinates": [2.32528, 41.421101]}, "properties": {"var_data": [0.065, 0.25, 0.009, 0.014, 0.523, -0.0, 1, 1, 1, 1, 1]}}, {"type": "Feature", "geometry": {"type": "Point", "coordinates": [2.36062, 41.421101]}, "properties": {"var_data": [0.074, 0.279, 0.007, 0.012, 0.433, -0.0, 1, 1, 1, 1, 1]}}, {"type": "Feature", "geometry": {"type": "Point", "coordinates": [2.39596, 41.421101]}, "properties": {"var_data": [0.092, 0.269, 0.006, 0.01, 0.364, -0.0, 1, 1, 1, 1, 1]}}, {"type": "Feature", "geometry": {"type": "Point", "coordinates": [2.4313, 41.421101]}, "properties": {"var_data": [0.102, 0.253, 0.006, 0.007, 0.298, -0.0, 1, 1, 1, 1, 1]}}, {"type": "Feature", "geometry": {"type": "Point", "coordinates": [2.46664, 41.421101]}, "properties": {"var_data": [0.112, 0.232, 0.006, 0.005, 0.288, -0.0, 1, 1, 1, 1, 1]}}, {"type": "Feature", "geometry": {"type": "Point", "coordinates": [2.50198, 41.421101]}, "properties": {"var_data": [0.136, 0.204, 0.007, 0.004, 0.281, -0.0, 1, 1, 1, 1, 1]}}, {"type": "Feature", "geometry": {"type": "Point", "coordinates": [2.53732, 41.421101]}, "properties": {"var_data": [0.147, 0.206, 0.007, 0.004, 0.29, -0.0, 1, 1, 1, 1, 1]}}, {"type": "Feature", "geometry": {"type": "Point", "coordinates": [2.57266, 41.421101]}, "properties": {"var_data": [0.139, 0.211, 0.007, 0.003, 0.278, 0.0, 1, 1, 1, 1, 1]}}, {"type": "Feature", "geometry": {"type": "Point", "coordinates": [2.608, 41.421101]}, "properties": {"var_data": [0.15, 0.228, 0.007, 0.004, 0.244, 0.0, 1, 1, 1, 1, 1]}}, {"type": "Feature", "geometry": {"type": "Point", "coordinates": [2.64334, 41.421101]}, "properties": {"var_data": [0.164, 0.215, 0.007, 0.006, 0.238, 0.0, 1, 1, 1, 1, 1]}}, {"type": "Feature", "geometry": {"type": "Point", "coordinates": [2.67868, 41.421101]}, "properties": {"var_data": [0.183, 0.209, 0.007, 0.006, 0.227, 0.0, 1, 1, 1, 1, 1]}}, {"type": "Feature", "geometry": {"type": "Point", "coordinates": [2.71402, 41.421101]}, "properties": {"var_data": [0.197, 0.203, 0.008, 0.007, 0.239, 0.0, 1, 1, 1, 1, 1]}}, {"type": "Feature", "geometry": {"type": "Point", "coordinates": [2.74936, 41.421101]}, "properties": {"var_data": [0.209, 0.188, 0.006, 0.005, 0.244, 0.0, 1, 1, 1, 1, 1]}}, {"type": "Feature", "geometry": {"type": "Point", "coordinates": [2.7847, 41.421101]}, "properties": {"var_data": [0.21, 0.17, 0.005, 0.006, 0.246, 0.0, 1, 1, 1, 1, 1]}}, {"type": "Feature", "geometry": {"type": "Point", "coordinates": [2.82004, 41.421101]}, "properties": {"var_data": [0.19, 0.16, 0.005, 0.006, 0.257, 0.0, 1, 1, 1, 1, 1]}}, {"type": "Feature", "geometry": {"type": "Point", "coordinates": [2.85538, 41.421101]}, "properties": {"var_data": [0.188, 0.146, 0.005, 0.006, 0.263, 0.0, 1, 1, 1, 1, 1]}}, {"type": "Feature", "geometry": {"type": "Point", "coordinates": [2.89072, 41.421101]}, "properties": {"var_data": [0.18, 0.123, 0.006, 0.01, 0.268, 0.0, 1, 1, 1, 1, 1]}}, {"type": "Feature", "geometry": {"type": "Point", "coordinates": [2.92606, 41.421101]}, "properties": {"var_data": [0.188, 0.109, 0.008, 0.011, 0.303, 0.0, 1, 1, 1, 1, 1]}}, {"type": "Feature", "geometry": {"type": "Point", "coordinates": [2.9614, 41.421101]}, "properties": {"var_data": [0.193, 0.106, 0.009, 0.013, 0.333, 0.0, 1, 1, 1, 1, 1]}}, {"type": "Feature", "geometry": {"type": "Point", "coordinates": [2.99674, 41.421101]}, "properties": {"var_data": [0.192, 0.117, 0.011, 0.02, 0.401, 0.0, 1, 1, 1, 1, 1]}}, {"type": "Feature", "geometry": {"type": "Point", "coordinates": [3.03208, 41.421101]}, "properties": {"var_data": [0.15, 0.088, 0.007, 0.006, 0.414, 0.0, 1, 1, 1, 1, 1]}}, {"type": "Feature", "geometry": {"type": "Point", "coordinates": [3.06742, 41.421101]}, "properties": {"var_data": [0.082, 0.057, 0.006, 0.005, 0.427, 0.0, 1, 1, 1, 1, 1]}}, {"type": "Feature", "geometry": {"type": "Point", "coordinates": [3.10276, 41.421101]}, "properties": {"var_data": [0.031, 0.028, 0.007, 0.005, 0.419, 0.0, 1, 1, 1, 1, 1]}}, {"type": "Feature", "geometry": {"type": "Point", "coordinates": [3.1381, 41.421101]}, "properties": {"var_data": [0.003, -0.004, 0.006, 0.005, 0.41, 0.0, 1, 1, 1, 1, 1]}}, {"type": "Feature", "geometry": {"type": "Point", "coordinates": [3.17344, 41.421101]}, "properties": {"var_data": [-0.036, -0.042, 0.005, 0.008, 0.443, 0.0, 1, 1, 1, 1, 1]}}, {"type": "Feature", "geometry": {"type": "Point", "coordinates": [3.20878, 41.421101]}, "properties": {"var_data": [-0.022, -0.056, 0.007, 0.013, 0.472, 0.0, 1, 1, 1, 1, 1]}}, {"type": "Feature", "geometry": {"type": "Point", "coordinates": [3.24412, 41.421101]}, "properties": {"var_data": [0.017, -0.031, 0.009, 0.012, 0.505, 0.0, 1, 1, 1, 1, 1]}}, {"type": "Feature", "geometry": {"type": "Point", "coordinates": [3.27946, 41.421101]}, "properties": {"var_data": [0.014, -0.014, 0.009, 0.012, 0.603, 0.0, 1, 1, 1, 1, 1]}}, {"type": "Feature", "geometry": {"type": "Point", "coordinates": [3.3148, 41.421101]}, "properties": {"var_data": [-0.022, -0.015, 0.019, 0.019, 0.636, 0.0, 1, 1, 1, 1, 1]}}, {"type": "Feature", "geometry": {"type": "Point", "coordinates": [3.35014, 41.421101]}, "properties": {"var_data": [-0.034, -0.022, 0.019, 0.019, 0.663, 0.0, 1, 1, 1, 1, 1]}}, {"type": "Feature", "geometry": {"type": "Point", "coordinates": [3.38548, 41.421101]}, "properties": {"var_data": [-0.066, -0.029, 0.032, 0.035, 1.101, 0.001, 1, 1, 1, 1, 1]}}, {"type": "Feature", "geometry": {"type": "Point", "coordinates": [3.42082, 41.421101]}, "properties": {"var_data": [-0.096, -0.037, 0.03, 0.033, 1.08, 0.001, 1, 1, 1, 1, 1]}}, {"type": "Feature", "geometry": {"type": "Point", "coordinates": [3.45616, 41.421101]}, "properties": {"var_data": [-0.111, -0.017, 0.026, 0.017, 0.878, 0.0, 1, 1, 1, 1, 1]}}, {"type": "Feature", "geometry": {"type": "Point", "coordinates": [3.4915, 41.421101]}, "properties": {"var_data": [-0.151, -0.046, 0.014, 0.017, 0.916, 0.0, 1, 1, 1, 1, 1]}}, {"type": "Feature", "geometry": {"type": "Point", "coordinates": [3.52684, 41.421101]}, "properties": {"var_data": [-0.135, -0.044, 0.014, 0.017, 0.886, 0.0, 1, 1, 1, 1, 1]}}, {"type": "Feature", "geometry": {"type": "Point", "coordinates": [3.56218, 41.421101]}, "properties": {"var_data": [-0.073, -0.051, 0.017, 0.015, 0.929, 0.0, 1, 1, 1, 1, 1]}}, {"type": "Feature", "geometry": {"type": "Point", "coordinates": [3.59752, 41.421101]}, "properties": {"var_data": [-0.025, -0.046, 0.019, 0.023, 0.885, 0.0, 1, 1, 1, 1, 1]}}, {"type": "Feature", "geometry": {"type": "Point", "coordinates": [3.63286, 41.421101]}, "properties": {"var_data": [0.066, -0.04, 0.021, 0.019, 0.918, 0.0, 1, 1, 1, 1, 1]}}, {"type": "Feature", "geometry": {"type": "Point", "coordinates": [3.6682, 41.421101]}, "properties": {"var_data": [0.036, -0.076, 0.021, 0.02, 0.981, 0.0, 1, 1, 1, 1, 1]}}, {"type": "Feature", "geometry": {"type": "Point", "coordinates": [3.70354, 41.421101]}, "properties": {"var_data": [-0.175, -0.344, 0.025, 0.028, 1.695, 0.001, 1, 1, 1, 1, 1]}}, {"type": "Feature", "geometry": {"type": "Point", "coordinates": [3.73888, 41.421101]}, "properties": {"var_data": [-0.131, -0.278, 0.016, 0.02, 1.45, 0.0, 1, 1, 1, 1, 1]}}, {"type": "Feature", "geometry": {"type": "Point", "coordinates": [3.77422, 41.421101]}, "properties": {"var_data": [-0.118, -0.241, 0.052, 0.048, 2.731, 0.002, 4, 1, 4, 4, 1]}}, {"type": "Feature", "geometry": {"type": "Point", "coordinates": [2.28994, 41.448101]}, "properties": {"var_data": [0.12, 0.137, 0.012, 0.019, 1.308, -0.0, 1, 1, 1, 1, 1]}}, {"type": "Feature", "geometry": {"type": "Point", "coordinates": [2.32528, 41.448101]}, "properties": {"var_data": [0.092, 0.237, 0.01, 0.017, 0.871, -0.0, 1, 1, 1, 1, 1]}}, {"type": "Feature", "geometry": {"type": "Point", "coordinates": [2.36062, 41.448101]}, "properties": {"var_data": [0.05, 0.343, 0.007, 0.012, 0.591, -0.0, 1, 1, 1, 1, 1]}}, {"type": "Feature", "geometry": {"type": "Point", "coordinates": [2.39596, 41.448101]}, "properties": {"var_data": [0.065, 0.324, 0.006, 0.01, 0.434, -0.0, 1, 1, 1, 1, 1]}}, {"type": "Feature", "geometry": {"type": "Point", "coordinates": [2.4313, 41.448101]}, "properties": {"var_data": [0.1, 0.291, 0.005, 0.008, 0.342, -0.0, 1, 1, 1, 1, 1]}}, {"type": "Feature", "geometry": {"type": "Point", "coordinates": [2.46664, 41.448101]}, "properties": {"var_data": [0.125, 0.254, 0.005, 0.005, 0.303, -0.0, 1, 1, 1, 1, 1]}}, {"type": "Feature", "geometry": {"type": "Point", "coordinates": [2.50198, 41.448101]}, "properties": {"var_data": [0.136, 0.234, 0.007, 0.004, 0.277, -0.0, 1, 1, 1, 1, 1]}}, {"type": "Feature", "geometry": {"type": "Point", "coordinates": [2.53732, 41.448101]}, "properties": {"var_data": [0.138, 0.211, 0.007, 0.003, 0.256, 0.0, 1, 1, 1, 1, 1]}}, {"type": "Feature", "geometry": {"type": "Point", "coordinates": [2.57266, 41.448101]}, "properties": {"var_data": [0.155, 0.218, 0.006, 0.003, 0.238, 0.0, 1, 1, 1, 1, 1]}}, {"type": "Feature", "geometry": {"type": "Point", "coordinates": [2.608, 41.448101]}, "properties": {"var_data": [0.177, 0.219, 0.007, 0.004, 0.227, 0.0, 1, 1, 1, 1, 1]}}, {"type": "Feature", "geometry": {"type": "Point", "coordinates": [2.64334, 41.448101]}, "properties": {"var_data": [0.211, 0.224, 0.007, 0.004, 0.227, 0.0, 1, 1, 1, 1, 1]}}, {"type": "Feature", "geometry": {"type": "Point", "coordinates": [2.67868, 41.448101]}, "properties": {"var_data": [0.225, 0.223, 0.006, 0.006, 0.224, 0.0, 1, 1, 1, 1, 1]}}, {"type": "Feature", "geometry": {"type": "Point", "coordinates": [2.71402, 41.448101]}, "properties": {"var_data": [0.243, 0.213, 0.006, 0.008, 0.229, 0.0, 1, 1, 1, 1, 1]}}, {"type": "Feature", "geometry": {"type": "Point", "coordinates": [2.74936, 41.448101]}, "properties": {"var_data": [0.242, 0.197, 0.006, 0.009, 0.24, 0.0, 1, 1, 1, 1, 1]}}, {"type": "Feature", "geometry": {"type": "Point", "coordinates": [2.7847, 41.448101]}, "properties": {"var_data": [0.241, 0.179, 0.004, 0.006, 0.242, 0.0, 1, 1, 1, 1, 1]}}, {"type": "Feature", "geometry": {"type": "Point", "coordinates": [2.82004, 41.448101]}, "properties": {"var_data": [0.233, 0.166, 0.005, 0.006, 0.249, 0.0, 1, 1, 1, 1, 1]}}, {"type": "Feature", "geometry": {"type": "Point", "coordinates": [2.85538, 41.448101]}, "properties": {"var_data": [0.22, 0.139, 0.005, 0.006, 0.245, 0.0, 1, 1, 1, 1, 1]}}, {"type": "Feature", "geometry": {"type": "Point", "coordinates": [2.89072, 41.448101]}, "properties": {"var_data": [0.221, 0.117, 0.006, 0.008, 0.256, 0.0, 1, 1, 1, 1, 1]}}, {"type": "Feature", "geometry": {"type": "Point", "coordinates": [2.92606, 41.448101]}, "properties": {"var_data": [0.211, 0.126, 0.008, 0.009, 0.285, 0.0, 1, 1, 1, 1, 1]}}, {"type": "Feature", "geometry": {"type": "Point", "coordinates": [2.9614, 41.448101]}, "properties": {"var_data": [0.217, 0.132, 0.008, 0.01, 0.34, 0.0, 1, 1, 1, 1, 1]}}, {"type": "Feature", "geometry": {"type": "Point", "coordinates": [2.99674, 41.448101]}, "properties": {"var_data": [0.192, 0.139, 0.01, 0.014, 0.427, 0.0, 1, 1, 1, 1, 1]}}, {"type": "Feature", "geometry": {"type": "Point", "coordinates": [3.03208, 41.448101]}, "properties": {"var_data": [0.147, 0.089, 0.007, 0.005, 0.407, 0.0, 1, 1, 1, 1, 1]}}, {"type": "Feature", "geometry": {"type": "Point", "coordinates": [3.06742, 41.448101]}, "properties": {"var_data": [0.09, 0.063, 0.006, 0.005, 0.418, 0.0, 1, 1, 1, 1, 1]}}, {"type": "Feature", "geometry": {"type": "Point", "coordinates": [3.10276, 41.448101]}, "properties": {"var_data": [0.068, 0.042, 0.007, 0.005, 0.424, 0.0, 1, 1, 1, 1, 1]}}, {"type": "Feature", "geometry": {"type": "Point", "coordinates": [3.1381, 41.448101]}, "properties": {"var_data": [-0.002, -0.004, 0.006, 0.005, 0.446, 0.0, 1, 1, 1, 1, 1]}}, {"type": "Feature", "geometry": {"type": "Point", "coordinates": [3.17344, 41.448101]}, "properties": {"var_data": [-0.034, -0.052, 0.007, 0.008, 0.471, 0.0, 1, 1, 1, 1, 1]}}, {"type": "Feature", "geometry": {"type": "Point", "coordinates": [3.20878, 41.448101]}, "properties": {"var_data": [-0.01, -0.058, 0.008, 0.013, 0.493, 0.0, 1, 1, 1, 1, 1]}}, {"type": "Feature", "geometry": {"type": "Point", "coordinates": [3.24412, 41.448101]}, "properties": {"var_data": [-0.019, -0.052, 0.008, 0.013, 0.46, 0.0, 1, 1, 1, 1, 1]}}, {"type": "Feature", "geometry": {"type": "Point", "coordinates": [3.27946, 41.448101]}, "properties": {"var_data": [-0.011, -0.029, 0.029, 0.028, 0.576, 0.001, 1, 1, 1, 1, 1]}}, {"type": "Feature", "geometry": {"type": "Point", "coordinates": [3.3148, 41.448101]}, "properties": {"var_data": [-0.017, -0.02, 0.026, 0.028, 0.596, 0.001, 1, 1, 1, 1, 1]}}, {"type": "Feature", "geometry": {"type": "Point", "coordinates": [3.35014, 41.448101]}, "properties": {"var_data": [-0.04, -0.022, 0.025, 0.026, 0.661, 0.001, 1, 1, 1, 1, 1]}}, {"type": "Feature", "geometry": {"type": "Point", "coordinates": [3.38548, 41.448101]}, "properties": {"var_data": [-0.016, 0.03, 0.025, 0.028, 0.91, 0.001, 1, 1, 1, 1, 1]}}, {"type": "Feature", "geometry": {"type": "Point", "coordinates": [3.42082, 41.448101]}, "properties": {"var_data": [-0.029, 0.03, 0.03, 0.029, 1.075, 0.001, 1, 1, 1, 1, 1]}}, {"type": "Feature", "geometry": {"type": "Point", "coordinates": [3.45616, 41.448101]}, "properties": {"var_data": [-0.101, -0.046, 0.03, 0.015, 0.917, 0.0, 1, 1, 1, 1, 1]}}, {"type": "Feature", "geometry": {"type": "Point", "coordinates": [3.4915, 41.448101]}, "properties": {"var_data": [-0.115, -0.043, 0.015, 0.01, 0.802, 0.0, 1, 1, 1, 1, 1]}}, {"type": "Feature", "geometry": {"type": "Point", "coordinates": [3.52684, 41.448101]}, "properties": {"var_data": [-0.1, -0.056, 0.017, 0.01, 0.867, 0.0, 1, 1, 1, 1, 1]}}, {"type": "Feature", "geometry": {"type": "Point", "coordinates": [3.56218, 41.448101]}, "properties": {"var_data": [-0.043, -0.021, 0.017, 0.016, 0.767, 0.0, 1, 1, 1, 1, 1]}}, {"type": "Feature", "geometry": {"type": "Point", "coordinates": [3.59752, 41.448101]}, "properties": {"var_data": [0.005, -0.005, 0.021, 0.027, 0.8, 0.0, 1, 1, 1, 1, 1]}}, {"type": "Feature", "geometry": {"type": "Point", "coordinates": [3.63286, 41.448101]}, "properties": {"var_data": [0.087, -0.02, 0.011, 0.016, 0.801, 0.0, 1, 1, 1, 1, 1]}}, {"type": "Feature", "geometry": {"type": "Point", "coordinates": [3.6682, 41.448101]}, "properties": {"var_data": [0.061, -0.055, 0.011, 0.017, 0.848, 0.0, 1, 1, 1, 1, 1]}}, {"type": "Feature", "geometry": {"type": "Point", "coordinates": [3.70354, 41.448101]}, "properties": {"var_data": [-0.125, -0.281, 0.015, 0.015, 1.349, 0.0, 1, 1, 1, 1, 1]}}, {"type": "Feature", "geometry": {"type": "Point", "coordinates": [3.73888, 41.448101]}, "properties": {"var_data": [-0.139, -0.291, 0.015, 0.015, 1.299, 0.0, 1, 1, 1, 1, 1]}}, {"type": "Feature", "geometry": {"type": "Point", "coordinates": [3.77422, 41.448101]}, "properties": {"var_data": [-0.095, -0.235, 0.018, 0.023, 1.779, 0.0, 1, 1, 1, 1, 1]}}, {"type": "Feature", "geometry": {"type": "Point", "coordinates": [2.32528, 41.475101]}, "properties": {"var_data": [0.056, 0.279, 0.012, 0.02, 1.907, -0.0, 1, 1, 1, 1, 1]}}, {"type": "Feature", "geometry": {"type": "Point", "coordinates": [2.36062, 41.475101]}, "properties": {"var_data": [-0.043, 0.458, 0.01, 0.016, 0.885, -0.0, 1, 1, 1, 1, 1]}}, {"type": "Feature", "geometry": {"type": "Point", "coordinates": [2.39596, 41.475101]}, "properties": {"var_data": [-0.04, 0.428, 0.008, 0.014, 0.581, -0.0, 1, 1, 1, 1, 1]}}, {"type": "Feature", "geometry": {"type": "Point", "coordinates": [2.4313, 41.475101]}, "properties": {"var_data": [0.012, 0.341, 0.008, 0.01, 0.401, -0.0, 1, 1, 1, 1, 1]}}, {"type": "Feature", "geometry": {"type": "Point", "coordinates": [2.46664, 41.475101]}, "properties": {"var_data": [0.118, 0.241, 0.006, 0.005, 0.308, -0.0, 1, 1, 1, 1, 1]}}, {"type": "Feature", "geometry": {"type": "Point", "coordinates": [2.50198, 41.475101]}, "properties": {"var_data": [0.138, 0.211, 0.007, 0.003, 0.256, 0.0, 1, 1, 1, 1, 1]}}, {"type": "Feature", "geometry": {"type": "Point", "coordinates": [2.53732, 41.475101]}, "properties": {"var_data": [0.149, 0.178, 0.006, 0.003, 0.224, 0.0, 1, 1, 1, 1, 1]}}, {"type": "Feature", "geometry": {"type": "Point", "coordinates": [2.57266, 41.475101]}, "properties": {"var_data": [0.195, 0.166, 0.006, 0.003, 0.214, 0.0, 1, 1, 1, 1, 1]}}, {"type": "Feature", "geometry": {"type": "Point", "coordinates": [2.608, 41.475101]}, "properties": {"var_data": [0.217, 0.188, 0.006, 0.003, 0.212, 0.0, 1, 1, 1, 1, 1]}}, {"type": "Feature", "geometry": {"type": "Point", "coordinates": [2.64334, 41.475101]}, "properties": {"var_data": [0.26, 0.208, 0.004, 0.004, 0.211, 0.0, 1, 1, 1, 1, 1]}}, {"type": "Feature", "geometry": {"type": "Point", "coordinates": [2.67868, 41.475101]}, "properties": {"var_data": [0.28, 0.211, 0.005, 0.007, 0.217, 0.0, 1, 1, 1, 1, 1]}}, {"type": "Feature", "geometry": {"type": "Point", "coordinates": [2.71402, 41.475101]}, "properties": {"var_data": [0.275, 0.213, 0.005, 0.007, 0.223, 0.0, 1, 1, 1, 1, 1]}}, {"type": "Feature", "geometry": {"type": "Point", "coordinates": [2.74936, 41.475101]}, "properties": {"var_data": [0.278, 0.194, 0.005, 0.008, 0.229, 0.0, 1, 1, 1, 1, 1]}}, {"type": "Feature", "geometry": {"type": "Point", "coordinates": [2.7847, 41.475101]}, "properties": {"var_data": [0.28, 0.186, 0.004, 0.007, 0.23, 0.0, 1, 1, 1, 1, 1]}}, {"type": "Feature", "geometry": {"type": "Point", "coordinates": [2.82004, 41.475101]}, "properties": {"var_data": [0.272, 0.159, 0.004, 0.007, 0.236, 0.0, 1, 1, 1, 1, 1]}}, {"type": "Feature", "geometry": {"type": "Point", "coordinates": [2.85538, 41.475101]}, "properties": {"var_data": [0.256, 0.128, 0.005, 0.007, 0.249, 0.0, 1, 1, 1, 1, 1]}}, {"type": "Feature", "geometry": {"type": "Point", "coordinates": [2.89072, 41.475101]}, "properties": {"var_data": [0.22, 0.115, 0.005, 0.008, 0.26, 0.0, 1, 1, 1, 1, 1]}}, {"type": "Feature", "geometry": {"type": "Point", "coordinates": [2.92606, 41.475101]}, "properties": {"var_data": [0.21, 0.109, 0.007, 0.009, 0.282, 0.0, 1, 1, 1, 1, 1]}}, {"type": "Feature", "geometry": {"type": "Point", "coordinates": [2.9614, 41.475101]}, "properties": {"var_data": [0.184, 0.113, 0.008, 0.009, 0.323, 0.0, 1, 1, 1, 1, 1]}}, {"type": "Feature", "geometry": {"type": "Point", "coordinates": [2.99674, 41.475101]}, "properties": {"var_data": [0.174, 0.125, 0.008, 0.012, 0.397, 0.0, 1, 1, 1, 1, 1]}}, {"type": "Feature", "geometry": {"type": "Point", "coordinates": [3.03208, 41.475101]}, "properties": {"var_data": [0.136, 0.089, 0.008, 0.008, 0.449, 0.0, 1, 1, 1, 1, 1]}}, {"type": "Feature", "geometry": {"type": "Point", "coordinates": [3.06742, 41.475101]}, "properties": {"var_data": [0.039, 0.027, 0.009, 0.006, 0.462, 0.0, 1, 1, 1, 1, 1]}}, {"type": "Feature", "geometry": {"type": "Point", "coordinates": [3.10276, 41.475101]}, "properties": {"var_data": [0.054, 0.004, 0.007, 0.005, 0.473, 0.0, 1, 1, 1, 1, 1]}}, {"type": "Feature", "geometry": {"type": "Point", "coordinates": [3.1381, 41.475101]}, "properties": {"var_data": [-0.015, -0.044, 0.007, 0.006, 0.435, 0.0, 1, 1, 1, 1, 1]}}, {"type": "Feature", "geometry": {"type": "Point", "coordinates": [3.17344, 41.475101]}, "properties": {"var_data": [-0.025, -0.052, 0.01, 0.012, 0.49, 0.0, 1, 1, 1, 1, 1]}}, {"type": "Feature", "geometry": {"type": "Point", "coordinates": [3.20878, 41.475101]}, "properties": {"var_data": [-0.015, -0.064, 0.01, 0.01, 0.505, 0.0, 1, 1, 1, 1, 1]}}, {"type": "Feature", "geometry": {"type": "Point", "coordinates": [3.24412, 41.475101]}, "properties": {"var_data": [-0.018, -0.061, 0.012, 0.015, 0.457, 0.0, 1, 1, 1, 1, 1]}}, {"type": "Feature", "geometry": {"type": "Point", "coordinates": [3.27946, 41.475101]}, "properties": {"var_data": [0.003, -0.038, 0.016, 0.015, 0.558, 0.0, 1, 1, 1, 1, 1]}}, {"type": "Feature", "geometry": {"type": "Point", "coordinates": [3.3148, 41.475101]}, "properties": {"var_data": [-0.003, -0.028, 0.016, 0.016, 0.575, 0.0, 1, 1, 1, 1, 1]}}, {"type": "Feature", "geometry": {"type": "Point", "coordinates": [3.35014, 41.475101]}, "properties": {"var_data": [-0.016, -0.008, 0.022, 0.022, 0.584, 0.0, 1, 1, 1, 1, 1]}}, {"type": "Feature", "geometry": {"type": "Point", "coordinates": [3.38548, 41.475101]}, "properties": {"var_data": [0.05, 0.102, 0.023, 0.027, 0.856, 0.001, 1, 1, 1, 1, 1]}}, {"type": "Feature", "geometry": {"type": "Point", "coordinates": [3.42082, 41.475101]}, "properties": {"var_data": [0.005, 0.052, 0.019, 0.03, 0.93, 0.0, 1, 1, 1, 1, 1]}}, {"type": "Feature", "geometry": {"type": "Point", "coordinates": [3.45616, 41.475101]}, "properties": {"var_data": [-0.018, -0.02, 0.014, 0.008, 0.793, 0.0, 1, 1, 1, 1, 1]}}, {"type": "Feature", "geometry": {"type": "Point", "coordinates": [3.4915, 41.475101]}, "properties": {"var_data": [-0.089, -0.069, 0.031, 0.015, 0.812, 0.0, 1, 1, 1, 1, 1]}}, {"type": "Feature", "geometry": {"type": "Point", "coordinates": [3.52684, 41.475101]}, "properties": {"var_data": [-0.068, -0.062, 0.027, 0.014, 0.805, 0.0, 1, 1, 1, 1, 1]}}, {"type": "Feature", "geometry": {"type": "Point", "coordinates": [3.56218, 41.475101]}, "properties": {"var_data": [-0.052, -0.039, 0.027, 0.014, 0.797, 0.0, 1, 1, 1, 1, 1]}}, {"type": "Feature", "geometry": {"type": "Point", "coordinates": [3.59752, 41.475101]}, "properties": {"var_data": [0.065, 0.02, 0.014, 0.026, 0.799, 0.0, 1, 1, 1, 1, 1]}}, {"type": "Feature", "geometry": {"type": "Point", "coordinates": [3.63286, 41.475101]}, "properties": {"var_data": [0.126, 0.037, 0.012, 0.02, 0.883, 0.0, 1, 1, 1, 1, 1]}}, {"type": "Feature", "geometry": {"type": "Point", "coordinates": [3.6682, 41.475101]}, "properties": {"var_data": [0.088, -0.001, 0.01, 0.012, 0.776, 0.0, 1, 1, 1, 1, 1]}}, {"type": "Feature", "geometry": {"type": "Point", "coordinates": [3.70354, 41.475101]}, "properties": {"var_data": [0.024, -0.106, 0.01, 0.012, 1.109, 0.0, 1, 1, 1, 1, 1]}}, {"type": "Feature", "geometry": {"type": "Point", "coordinates": [3.73888, 41.475101]}, "properties": {"var_data": [-0.009, -0.14, 0.017, 0.017, 1.36, 0.0, 1, 1, 1, 1, 1]}}, {"type": "Feature", "geometry": {"type": "Point", "coordinates": [3.77422, 41.475101]}, "properties": {"var_data": [-0.073, -0.213, 0.018, 0.018, 1.764, 0.0, 1, 1, 1, 1, 1]}}, {"type": "Feature", "geometry": {"type": "Point", "coordinates": [2.39596, 41.502102]}, "properties": {"var_data": [-0.152, 0.517, 0.023, 0.033, 0.822, -0.001, 1, 1, 1, 1, 1]}}, {"type": "Feature", "geometry": {"type": "Point", "coordinates": [2.4313, 41.502102]}, "properties": {"var_data": [-0.054, 0.371, 0.011, 0.013, 0.466, -0.0, 1, 1, 1, 1, 1]}}, {"type": "Feature", "geometry": {"type": "Point", "coordinates": [2.46664, 41.502102]}, "properties": {"var_data": [0.074, 0.241, 0.006, 0.004, 0.337, -0.0, 1, 1, 1, 1, 1]}}, {"type": "Feature", "geometry": {"type": "Point", "coordinates": [2.50198, 41.502102]}, "properties": {"var_data": [0.145, 0.167, 0.005, 0.002, 0.227, 0.0, 1, 1, 1, 1, 1]}}, {"type": "Feature", "geometry": {"type": "Point", "coordinates": [2.53732, 41.502102]}, "properties": {"var_data": [0.207, 0.131, 0.005, 0.002, 0.19, 0.0, 1, 1, 1, 1, 1]}}, {"type": "Feature", "geometry": {"type": "Point", "coordinates": [2.57266, 41.502102]}, "properties": {"var_data": [0.229, 0.119, 0.005, 0.002, 0.191, 0.0, 1, 1, 1, 1, 1]}}, {"type": "Feature", "geometry": {"type": "Point", "coordinates": [2.608, 41.502102]}, "properties": {"var_data": [0.271, 0.151, 0.003, 0.003, 0.197, 0.0, 1, 1, 1, 1, 1]}}, {"type": "Feature", "geometry": {"type": "Point", "coordinates": [2.64334, 41.502102]}, "properties": {"var_data": [0.293, 0.173, 0.005, 0.005, 0.207, 0.0, 1, 1, 1, 1, 1]}}, {"type": "Feature", "geometry": {"type": "Point", "coordinates": [2.67868, 41.502102]}, "properties": {"var_data": [0.315, 0.185, 0.005, 0.008, 0.221, 0.0, 1, 1, 1, 1, 1]}}, {"type": "Feature", "geometry": {"type": "Point", "coordinates": [2.71402, 41.502102]}, "properties": {"var_data": [0.318, 0.19, 0.004, 0.008, 0.229, 0.0, 1, 1, 1, 1, 1]}}, {"type": "Feature", "geometry": {"type": "Point", "coordinates": [2.74936, 41.502102]}, "properties": {"var_data": [0.313, 0.188, 0.004, 0.007, 0.231, 0.0, 1, 1, 1, 1, 1]}}, {"type": "Feature", "geometry": {"type": "Point", "coordinates": [2.7847, 41.502102]}, "properties": {"var_data": [0.313, 0.17, 0.004, 0.007, 0.232, 0.0, 1, 1, 1, 1, 1]}}, {"type": "Feature", "geometry": {"type": "Point", "coordinates": [2.82004, 41.502102]}, "properties": {"var_data": [0.302, 0.152, 0.004, 0.007, 0.247, 0.0, 1, 1, 1, 1, 1]}}, {"type": "Feature", "geometry": {"type": "Point", "coordinates": [2.85538, 41.502102]}, "properties": {"var_data": [0.284, 0.128, 0.004, 0.007, 0.244, 0.0, 1, 1, 1, 1, 1]}}, {"type": "Feature", "geometry": {"type": "Point", "coordinates": [2.89072, 41.502102]}, "properties": {"var_data": [0.248, 0.118, 0.006, 0.007, 0.289, 0.0, 1, 1, 1, 1, 1]}}, {"type": "Feature", "geometry": {"type": "Point", "coordinates": [2.92606, 41.502102]}, "properties": {"var_data": [0.203, 0.101, 0.009, 0.008, 0.324, 0.0, 1, 1, 1, 1, 1]}}, {"type": "Feature", "geometry": {"type": "Point", "coordinates": [2.9614, 41.502102]}, "properties": {"var_data": [0.159, 0.118, 0.01, 0.009, 0.356, 0.0, 1, 1, 1, 1, 1]}}, {"type": "Feature", "geometry": {"type": "Point", "coordinates": [2.99674, 41.502102]}, "properties": {"var_data": [0.135, 0.122, 0.012, 0.011, 0.449, 0.0, 1, 1, 1, 1, 1]}}, {"type": "Feature", "geometry": {"type": "Point", "coordinates": [3.03208, 41.502102]}, "properties": {"var_data": [0.143, 0.086, 0.02, 0.015, 0.564, 0.0, 1, 1, 1, 1, 1]}}, {"type": "Feature", "geometry": {"type": "Point", "coordinates": [3.06742, 41.502102]}, "properties": {"var_data": [0.049, -0.014, 0.009, 0.007, 0.494, 0.0, 1, 1, 1, 1, 1]}}, {"type": "Feature", "geometry": {"type": "Point", "coordinates": [3.10276, 41.502102]}, "properties": {"var_data": [-0.004, -0.054, 0.013, 0.008, 0.562, 0.0, 1, 1, 1, 1, 1]}}, {"type": "Feature", "geometry": {"type": "Point", "coordinates": [3.1381, 41.502102]}, "properties": {"var_data": [-0.03, -0.074, 0.009, 0.007, 0.469, 0.0, 1, 1, 1, 1, 1]}}, {"type": "Feature", "geometry": {"type": "Point", "coordinates": [3.17344, 41.502102]}, "properties": {"var_data": [-0.045, -0.092, 0.009, 0.008, 0.468, 0.0, 1, 1, 1, 1, 1]}}, {"type": "Feature", "geometry": {"type": "Point", "coordinates": [3.20878, 41.502102]}, "properties": {"var_data": [-0.006, -0.065, 0.01, 0.01, 0.483, 0.0, 1, 1, 1, 1, 1]}}, {"type": "Feature", "geometry": {"type": "Point", "coordinates": [3.24412, 41.502102]}, "properties": {"var_data": [0.023, -0.05, 0.012, 0.01, 0.457, 0.0, 1, 1, 1, 1, 1]}}, {"type": "Feature", "geometry": {"type": "Point", "coordinates": [3.27946, 41.502102]}, "properties": {"var_data": [0.045, -0.013, 0.015, 0.015, 0.532, 0.0, 1, 1, 1, 1, 1]}}, {"type": "Feature", "geometry": {"type": "Point", "coordinates": [3.3148, 41.502102]}, "properties": {"var_data": [0.029, -0.013, 0.014, 0.015, 0.525, 0.0, 1, 1, 1, 1, 1]}}, {"type": "Feature", "geometry": {"type": "Point", "coordinates": [3.35014, 41.502102]}, "properties": {"var_data": [0.016, 0.034, 0.016, 0.014, 0.549, 0.0, 1, 1, 1, 1, 1]}}, {"type": "Feature", "geometry": {"type": "Point", "coordinates": [3.38548, 41.502102]}, "properties": {"var_data": [0.05, 0.104, 0.017, 0.025, 0.725, 0.0, 1, 1, 1, 1, 1]}}, {"type": "Feature", "geometry": {"type": "Point", "coordinates": [3.42082, 41.502102]}, "properties": {"var_data": [0.031, 0.013, 0.014, 0.008, 0.703, 0.0, 1, 1, 1, 1, 1]}}, {"type": "Feature", "geometry": {"type": "Point", "coordinates": [3.45616, 41.502102]}, "properties": {"var_data": [-0.021, -0.035, 0.014, 0.008, 0.692, 0.0, 1, 1, 1, 1, 1]}}, {"type": "Feature", "geometry": {"type": "Point", "coordinates": [3.4915, 41.502102]}, "properties": {"var_data": [-0.022, -0.082, 0.013, 0.007, 0.714, 0.0, 1, 1, 1, 1, 1]}}, {"type": "Feature", "geometry": {"type": "Point", "coordinates": [3.52684, 41.502102]}, "properties": {"var_data": [0.028, -0.047, 0.028, 0.013, 0.933, 0.0, 1, 1, 1, 1, 1]}}, {"type": "Feature", "geometry": {"type": "Point", "coordinates": [3.56218, 41.502102]}, "properties": {"var_data": [0.015, -0.022, 0.028, 0.014, 0.959, 0.0, 1, 1, 1, 1, 1]}}, {"type": "Feature", "geometry": {"type": "Point", "coordinates": [3.59752, 41.502102]}, "properties": {"var_data": [0.047, -0.011, 0.014, 0.028, 0.886, 0.0, 1, 1, 1, 1, 1]}}, {"type": "Feature", "geometry": {"type": "Point", "coordinates": [3.63286, 41.502102]}, "properties": {"var_data": [0.191, 0.076, 0.014, 0.027, 1.16, 0.0, 1, 1, 1, 1, 1]}}, {"type": "Feature", "geometry": {"type": "Point", "coordinates": [3.6682, 41.502102]}, "properties": {"var_data": [0.178, 0.025, 0.012, 0.014, 1.423, 0.0, 1, 1, 1, 1, 1]}}, {"type": "Feature", "geometry": {"type": "Point", "coordinates": [3.70354, 41.502102]}, "properties": {"var_data": [0.112, 0.0, 0.01, 0.013, 1.171, 0.0, 1, 1, 1, 1, 1]}}, {"type": "Feature", "geometry": {"type": "Point", "coordinates": [3.73888, 41.502102]}, "properties": {"var_data": [0.133, 0.014, 0.018, 0.017, 1.549, 0.0, 1, 1, 1, 1, 1]}}, {"type": "Feature", "geometry": {"type": "Point", "coordinates": [3.77422, 41.502102]}, "properties": {"var_data": [-0.068, -0.198, 0.018, 0.018, 1.727, 0.0, 1, 1, 1, 1, 1]}}, {"type": "Feature", "geometry": {"type": "Point", "coordinates": [3.80956, 41.502102]}, "properties": {"var_data": [-0.106, -0.24, 0.096, 0.097, 3.029, 0.009, 4, 1, 4, 4, 1]}}, {"type": "Feature", "geometry": {"type": "Point", "coordinates": [2.46664, 41.529099]}, "properties": {"var_data": [0.064, 0.205, 0.01, 0.004, 0.357, -0.0, 1, 1, 1, 1, 1]}}, {"type": "Feature", "geometry": {"type": "Point", "coordinates": [2.50198, 41.529099]}, "properties": {"var_data": [0.183, 0.113, 0.006, 0.003, 0.221, 0.0, 1, 1, 1, 1, 1]}}, {"type": "Feature", "geometry": {"type": "Point", "coordinates": [2.53732, 41.529099]}, "properties": {"var_data": [0.251, 0.09, 0.003, 0.002, 0.19, 0.0, 1, 1, 1, 1, 1]}}, {"type": "Feature", "geometry": {"type": "Point", "coordinates": [2.57266, 41.529099]}, "properties": {"var_data": [0.265, 0.085, 0.002, 0.002, 0.191, 0.0, 1, 1, 1, 1, 1]}}, {"type": "Feature", "geometry": {"type": "Point", "coordinates": [2.608, 41.529099]}, "properties": {"var_data": [0.282, 0.103, 0.002, 0.003, 0.194, 0.0, 1, 1, 1, 1, 1]}}, {"type": "Feature", "geometry": {"type": "Point", "coordinates": [2.64334, 41.529099]}, "properties": {"var_data": [0.305, 0.127, 0.003, 0.004, 0.209, 0.0, 1, 1, 1, 1, 1]}}, {"type": "Feature", "geometry": {"type": "Point", "coordinates": [2.67868, 41.529099]}, "properties": {"var_data": [0.334, 0.171, 0.003, 0.005, 0.225, 0.0, 1, 1, 1, 1, 1]}}, {"type": "Feature", "geometry": {"type": "Point", "coordinates": [2.71402, 41.529099]}, "properties": {"var_data": [0.342, 0.183, 0.004, 0.008, 0.244, 0.0, 1, 1, 1, 1, 1]}}, {"type": "Feature", "geometry": {"type": "Point", "coordinates": [2.74936, 41.529099]}, "properties": {"var_data": [0.352, 0.163, 0.004, 0.008, 0.253, 0.0, 1, 1, 1, 1, 1]}}, {"type": "Feature", "geometry": {"type": "Point", "coordinates": [2.7847, 41.529099]}, "properties": {"var_data": [0.333, 0.164, 0.004, 0.008, 0.246, 0.0, 1, 1, 1, 1, 1]}}, {"type": "Feature", "geometry": {"type": "Point", "coordinates": [2.82004, 41.529099]}, "properties": {"var_data": [0.313, 0.152, 0.004, 0.008, 0.258, 0.0, 1, 1, 1, 1, 1]}}, {"type": "Feature", "geometry": {"type": "Point", "coordinates": [2.85538, 41.529099]}, "properties": {"var_data": [0.291, 0.133, 0.005, 0.005, 0.265, 0.0, 1, 1, 1, 1, 1]}}, {"type": "Feature", "geometry": {"type": "Point", "coordinates": [2.89072, 41.529099]}, "properties": {"var_data": [0.218, 0.119, 0.007, 0.005, 0.307, 0.0, 1, 1, 1, 1, 1]}}, {"type": "Feature", "geometry": {"type": "Point", "coordinates": [2.92606, 41.529099]}, "properties": {"var_data": [0.21, 0.101, 0.009, 0.006, 0.362, -0.0, 1, 1, 1, 1, 1]}}, {"type": "Feature", "geometry": {"type": "Point", "coordinates": [2.9614, 41.529099]}, "properties": {"var_data": [0.162, 0.093, 0.011, 0.006, 0.426, 0.0, 1, 1, 1, 1, 1]}}, {"type": "Feature", "geometry": {"type": "Point", "coordinates": [2.99674, 41.529099]}, "properties": {"var_data": [0.136, 0.078, 0.014, 0.007, 0.583, 0.0, 1, 1, 1, 1, 1]}}, {"type": "Feature", "geometry": {"type": "Point", "coordinates": [3.03208, 41.529099]}, "properties": {"var_data": [0.121, 0.046, 0.022, 0.011, 0.558, 0.0, 1, 1, 1, 1, 1]}}, {"type": "Feature", "geometry": {"type": "Point", "coordinates": [3.06742, 41.529099]}, "properties": {"var_data": [0.006, -0.062, 0.016, 0.013, 0.444, 0.0, 1, 1, 1, 1, 1]}}, {"type": "Feature", "geometry": {"type": "Point", "coordinates": [3.10276, 41.529099]}, "properties": {"var_data": [0.016, -0.068, 0.015, 0.012, 0.395, 0.0, 1, 1, 1, 1, 1]}}, {"type": "Feature", "geometry": {"type": "Point", "coordinates": [3.1381, 41.529099]}, "properties": {"var_data": [-0.002, -0.067, 0.012, 0.009, 0.389, 0.0, 1, 1, 1, 1, 1]}}, {"type": "Feature", "geometry": {"type": "Point", "coordinates": [3.17344, 41.529099]}, "properties": {"var_data": [-0.03, -0.086, 0.012, 0.009, 0.374, 0.0, 1, 1, 1, 1, 1]}}, {"type": "Feature", "geometry": {"type": "Point", "coordinates": [3.20878, 41.529099]}, "properties": {"var_data": [-0.005, -0.073, 0.012, 0.012, 0.455, 0.0, 1, 1, 1, 1, 1]}}, {"type": "Feature", "geometry": {"type": "Point", "coordinates": [3.24412, 41.529099]}, "properties": {"var_data": [0.014, -0.035, 0.011, 0.01, 0.424, 0.0, 1, 1, 1, 1, 1]}}, {"type": "Feature", "geometry": {"type": "Point", "coordinates": [3.27946, 41.529099]}, "properties": {"var_data": [0.016, -0.034, 0.008, 0.01, 0.462, 0.0, 1, 1, 1, 1, 1]}}, {"type": "Feature", "geometry": {"type": "Point", "coordinates": [3.3148, 41.529099]}, "properties": {"var_data": [0.031, -0.011, 0.011, 0.016, 0.544, 0.0, 1, 1, 1, 1, 1]}}, {"type": "Feature", "geometry": {"type": "Point", "coordinates": [3.35014, 41.529099]}, "properties": {"var_data": [0.027, 0.007, 0.016, 0.014, 0.523, 0.0, 1, 1, 1, 1, 1]}}, {"type": "Feature", "geometry": {"type": "Point", "coordinates": [3.38548, 41.529099]}, "properties": {"var_data": [0.023, 0.008, 0.013, 0.023, 0.627, 0.0, 1, 1, 1, 1, 1]}}, {"type": "Feature", "geometry": {"type": "Point", "coordinates": [3.42082, 41.529099]}, "properties": {"var_data": [0.016, -0.039, 0.01, 0.006, 0.595, 0.0, 1, 1, 1, 1, 1]}}, {"type": "Feature", "geometry": {"type": "Point", "coordinates": [3.45616, 41.529099]}, "properties": {"var_data": [0.062, -0.02, 0.015, 0.008, 0.715, 0.0, 1, 1, 1, 1, 1]}}, {"type": "Feature", "geometry": {"type": "Point", "coordinates": [3.4915, 41.529099]}, "properties": {"var_data": [-0.015, -0.109, 0.014, 0.007, 0.752, 0.0, 1, 1, 1, 1, 1]}}, {"type": "Feature", "geometry": {"type": "Point", "coordinates": [3.52684, 41.529099]}, "properties": {"var_data": [0.096, -0.014, 0.028, 0.013, 0.913, 0.0, 1, 1, 1, 1, 1]}}, {"type": "Feature", "geometry": {"type": "Point", "coordinates": [3.56218, 41.529099]}, "properties": {"var_data": [0.052, 0.013, 0.03, 0.028, 1.036, 0.001, 1, 1, 1, 1, 1]}}, {"type": "Feature", "geometry": {"type": "Point", "coordinates": [3.59752, 41.529099]}, "properties": {"var_data": [0.167, 0.052, 0.03, 0.028, 1.209, 0.001, 1, 1, 1, 1, 1]}}, {"type": "Feature", "geometry": {"type": "Point", "coordinates": [3.63286, 41.529099]}, "properties": {"var_data": [0.198, 0.086, 0.013, 0.021, 1.176, 0.0, 1, 1, 1, 1, 1]}}, {"type": "Feature", "geometry": {"type": "Point", "coordinates": [3.6682, 41.529099]}, "properties": {"var_data": [0.166, 0.04, 0.012, 0.014, 1.438, 0.0, 1, 1, 1, 1, 1]}}, {"type": "Feature", "geometry": {"type": "Point", "coordinates": [3.70354, 41.529099]}, "properties": {"var_data": [0.173, 0.055, 0.012, 0.014, 1.403, 0.0, 1, 1, 1, 1, 1]}}, {"type": "Feature", "geometry": {"type": "Point", "coordinates": [3.73888, 41.529099]}, "properties": {"var_data": [0.327, 0.153, 0.056, 0.044, 2.116, 0.002, 4, 1, 4, 1, 1]}}, {"type": "Feature", "geometry": {"type": "Point", "coordinates": [3.8449, 41.529099]}, "properties": {"var_data": [0.235, 0.123, 0.021, 0.025, 4.106, 0.001, 4, 1, 4, 1, 1]}}, {"type": "Feature", "geometry": {"type": "Point", "coordinates": [2.53732, 41.556099]}, "properties": {"var_data": [0.256, 0.069, 0.003, 0.003, 0.21, 0.0, 1, 1, 1, 1, 1]}}, {"type": "Feature", "geometry": {"type": "Point", "coordinates": [2.57266, 41.556099]}, "properties": {"var_data": [0.256, 0.054, 0.002, 0.002, 0.215, 0.0, 1, 1, 1, 1, 1]}}, {"type": "Feature", "geometry": {"type": "Point", "coordinates": [2.608, 41.556099]}, "properties": {"var_data": [0.285, 0.062, 0.003, 0.005, 0.221, 0.0, 1, 1, 1, 1, 1]}}, {"type": "Feature", "geometry": {"type": "Point", "coordinates": [2.64334, 41.556099]}, "properties": {"var_data": [0.319, 0.111, 0.003, 0.006, 0.242, 0.0, 1, 1, 1, 1, 1]}}, {"type": "Feature", "geometry": {"type": "Point", "coordinates": [2.67868, 41.556099]}, "properties": {"var_data": [0.343, 0.155, 0.003, 0.006, 0.269, 0.0, 1, 1, 1, 1, 1]}}, {"type": "Feature", "geometry": {"type": "Point", "coordinates": [2.71402, 41.556099]}, "properties": {"var_data": [0.367, 0.166, 0.004, 0.008, 0.281, 0.0, 1, 1, 1, 1, 1]}}, {"type": "Feature", "geometry": {"type": "Point", "coordinates": [2.74936, 41.556099]}, "properties": {"var_data": [0.363, 0.163, 0.004, 0.009, 0.271, -0.0, 1, 1, 1, 1, 1]}}, {"type": "Feature", "geometry": {"type": "Point", "coordinates": [2.7847, 41.556099]}, "properties": {"var_data": [0.343, 0.169, 0.005, 0.009, 0.275, -0.0, 1, 1, 1, 1, 1]}}, {"type": "Feature", "geometry": {"type": "Point", "coordinates": [2.82004, 41.556099]}, "properties": {"var_data": [0.336, 0.164, 0.005, 0.007, 0.283, -0.0, 1, 1, 1, 1, 1]}}, {"type": "Feature", "geometry": {"type": "Point", "coordinates": [2.85538, 41.556099]}, "properties": {"var_data": [0.31, 0.139, 0.005, 0.005, 0.332, -0.0, 1, 1, 1, 1, 1]}}, {"type": "Feature", "geometry": {"type": "Point", "coordinates": [2.89072, 41.556099]}, "properties": {"var_data": [0.303, 0.118, 0.008, 0.005, 0.413, -0.0, 1, 1, 1, 1, 1]}}, {"type": "Feature", "geometry": {"type": "Point", "coordinates": [2.92606, 41.556099]}, "properties": {"var_data": [0.194, 0.1, 0.008, 0.004, 0.431, 0.0, 1, 1, 1, 1, 1]}}, {"type": "Feature", "geometry": {"type": "Point", "coordinates": [2.9614, 41.556099]}, "properties": {"var_data": [0.174, 0.073, 0.009, 0.005, 0.433, 0.0, 1, 1, 1, 1, 1]}}, {"type": "Feature", "geometry": {"type": "Point", "coordinates": [2.99674, 41.556099]}, "properties": {"var_data": [0.202, 0.082, 0.016, 0.008, 0.463, 0.0, 1, 1, 1, 1, 1]}}, {"type": "Feature", "geometry": {"type": "Point", "coordinates": [3.03208, 41.556099]}, "properties": {"var_data": [0.181, 0.066, 0.014, 0.008, 0.448, 0.0, 1, 1, 1, 1, 1]}}, {"type": "Feature", "geometry": {"type": "Point", "coordinates": [3.06742, 41.556099]}, "properties": {"var_data": [0.094, -0.011, 0.012, 0.011, 0.374, 0.0, 1, 1, 1, 1, 1]}}, {"type": "Feature", "geometry": {"type": "Point", "coordinates": [3.10276, 41.556099]}, "properties": {"var_data": [0.018, -0.085, 0.015, 0.013, 0.369, 0.0, 1, 1, 1, 1, 1]}}, {"type": "Feature", "geometry": {"type": "Point", "coordinates": [3.1381, 41.556099]}, "properties": {"var_data": [0.007, -0.085, 0.013, 0.014, 0.389, 0.0, 1, 1, 1, 1, 1]}}, {"type": "Feature", "geometry": {"type": "Point", "coordinates": [3.17344, 41.556099]}, "properties": {"var_data": [-0.014, -0.077, 0.011, 0.01, 0.341, 0.0, 1, 1, 1, 1, 1]}}, {"type": "Feature", "geometry": {"type": "Point", "coordinates": [3.20878, 41.556099]}, "properties": {"var_data": [0.008, -0.063, 0.011, 0.012, 0.436, 0.0, 1, 1, 1, 1, 1]}}, {"type": "Feature", "geometry": {"type": "Point", "coordinates": [3.24412, 41.556099]}, "properties": {"var_data": [0.03, -0.03, 0.008, 0.01, 0.398, 0.0, 1, 1, 1, 1, 1]}}, {"type": "Feature", "geometry": {"type": "Point", "coordinates": [3.27946, 41.556099]}, "properties": {"var_data": [0.026, -0.024, 0.011, 0.016, 0.458, 0.0, 1, 1, 1, 1, 1]}}, {"type": "Feature", "geometry": {"type": "Point", "coordinates": [3.3148, 41.556099]}, "properties": {"var_data": [0.041, -0.001, 0.011, 0.017, 0.54, 0.0, 1, 1, 1, 1, 1]}}, {"type": "Feature", "geometry": {"type": "Point", "coordinates": [3.35014, 41.556099]}, "properties": {"var_data": [0.042, -0.004, 0.009, 0.012, 0.524, 0.0, 1, 1, 1, 1, 1]}}, {"type": "Feature", "geometry": {"type": "Point", "coordinates": [3.38548, 41.556099]}, "properties": {"var_data": [-0.002, -0.105, 0.005, 0.007, 0.537, 0.0, 1, 1, 1, 1, 1]}}, {"type": "Feature", "geometry": {"type": "Point", "coordinates": [3.42082, 41.556099]}, "properties": {"var_data": [0.013, -0.085, 0.01, 0.006, 0.595, 0.0, 1, 1, 1, 1, 1]}}, {"type": "Feature", "geometry": {"type": "Point", "coordinates": [3.45616, 41.556099]}, "properties": {"var_data": [0.016, -0.103, 0.011, 0.006, 0.691, 0.0, 1, 1, 1, 1, 1]}}, {"type": "Feature", "geometry": {"type": "Point", "coordinates": [3.4915, 41.556099]}, "properties": {"var_data": [-0.047, -0.146, 0.023, 0.012, 0.833, 0.0, 1, 1, 1, 1, 1]}}, {"type": "Feature", "geometry": {"type": "Point", "coordinates": [3.52684, 41.556099]}, "properties": {"var_data": [0.056, -0.054, 0.023, 0.012, 0.896, 0.0, 1, 1, 1, 1, 1]}}, {"type": "Feature", "geometry": {"type": "Point", "coordinates": [3.56218, 41.556099]}, "properties": {"var_data": [0.091, -0.033, 0.029, 0.021, 1.228, 0.001, 1, 1, 1, 1, 1]}}, {"type": "Feature", "geometry": {"type": "Point", "coordinates": [3.59752, 41.556099]}, "properties": {"var_data": [0.036, -0.019, 0.029, 0.022, 1.219, 0.001, 1, 1, 1, 1, 1]}}, {"type": "Feature", "geometry": {"type": "Point", "coordinates": [3.63286, 41.556099]}, "properties": {"var_data": [0.405, 0.172, 0.146, 0.062, 2.829, 0.008, 4, 1, 4, 1, 1]}}, {"type": "Feature", "geometry": {"type": "Point", "coordinates": [3.6682, 41.556099]}, "properties": {"var_data": [0.222, 0.084, 0.051, 0.041, 1.911, 0.002, 1, 1, 1, 1, 1]}}, {"type": "Feature", "geometry": {"type": "Point", "coordinates": [3.70354, 41.556099]}, "properties": {"var_data": [0.223, 0.084, 0.051, 0.041, 1.851, 0.002, 1, 1, 1, 1, 1]}}, {"type": "Feature", "geometry": {"type": "Point", "coordinates": [3.73888, 41.556099]}, "properties": {"var_data": [0.307, 0.157, 0.067, 0.049, 2.557, 0.003, 4, 1, 4, 1, 1]}}, {"type": "Feature", "geometry": {"type": "Point", "coordinates": [3.88024, 41.556099]}, "properties": {"var_data": [0.122, 0.063, 0.021, 0.025, 3.286, 0.001, 4, 0, 4, 4, 1]}}, {"type": "Feature", "geometry": {"type": "Point", "coordinates": [2.608, 41.583099]}, "properties": {"var_data": [0.302, 0.057, 0.003, 0.006, 0.302, 0.0, 1, 1, 1, 1, 1]}}, {"type": "Feature", "geometry": {"type": "Point", "coordinates": [2.64334, 41.583099]}, "properties": {"var_data": [0.33, 0.147, 0.003, 0.007, 0.338, 0.0, 1, 1, 1, 1, 1]}}, {"type": "Feature", "geometry": {"type": "Point", "coordinates": [2.67868, 41.583099]}, "properties": {"var_data": [0.325, 0.209, 0.008, 0.016, 0.378, -0.0, 1, 1, 1, 1, 1]}}, {"type": "Feature", "geometry": {"type": "Point", "coordinates": [2.71402, 41.583099]}, "properties": {"var_data": [0.357, 0.171, 0.006, 0.014, 0.365, -0.0, 1, 1, 1, 1, 1]}}, {"type": "Feature", "geometry": {"type": "Point", "coordinates": [2.74936, 41.583099]}, "properties": {"var_data": [0.356, 0.185, 0.006, 0.012, 0.359, -0.0, 1, 1, 1, 1, 1]}}, {"type": "Feature", "geometry": {"type": "Point", "coordinates": [2.7847, 41.583099]}, "properties": {"var_data": [0.361, 0.177, 0.004, 0.009, 0.318, -0.0, 1, 1, 1, 1, 1]}}, {"type": "Feature", "geometry": {"type": "Point", "coordinates": [2.82004, 41.583099]}, "properties": {"var_data": [0.312, 0.194, 0.006, 0.008, 0.303, -0.0, 1, 1, 1, 1, 1]}}, {"type": "Feature", "geometry": {"type": "Point", "coordinates": [2.85538, 41.583099]}, "properties": {"var_data": [0.305, 0.167, 0.008, 0.005, 0.328, -0.0, 1, 1, 1, 1, 1]}}, {"type": "Feature", "geometry": {"type": "Point", "coordinates": [2.89072, 41.583099]}, "properties": {"var_data": [0.304, 0.13, 0.008, 0.005, 0.363, -0.0, 1, 1, 1, 1, 1]}}, {"type": "Feature", "geometry": {"type": "Point", "coordinates": [2.92606, 41.583099]}, "properties": {"var_data": [0.232, 0.097, 0.013, 0.005, 0.424, 0.0, 1, 1, 1, 1, 1]}}, {"type": "Feature", "geometry": {"type": "Point", "coordinates": [2.9614, 41.583099]}, "properties": {"var_data": [0.175, 0.051, 0.011, 0.005, 0.367, 0.0, 1, 1, 1, 1, 1]}}, {"type": "Feature", "geometry": {"type": "Point", "coordinates": [2.99674, 41.583099]}, "properties": {"var_data": [0.2, 0.044, 0.012, 0.007, 0.365, 0.0, 1, 1, 1, 1, 1]}}, {"type": "Feature", "geometry": {"type": "Point", "coordinates": [3.03208, 41.583099]}, "properties": {"var_data": [0.208, 0.034, 0.011, 0.007, 0.384, 0.0, 1, 1, 1, 1, 1]}}, {"type": "Feature", "geometry": {"type": "Point", "coordinates": [3.06742, 41.583099]}, "properties": {"var_data": [0.142, -0.022, 0.012, 0.013, 0.352, 0.0, 1, 1, 1, 1, 1]}}, {"type": "Feature", "geometry": {"type": "Point", "coordinates": [3.10276, 41.583099]}, "properties": {"var_data": [0.082, -0.085, 0.014, 0.013, 0.371, 0.0, 1, 1, 1, 1, 1]}}, {"type": "Feature", "geometry": {"type": "Point", "coordinates": [3.1381, 41.583099]}, "properties": {"var_data": [0.035, -0.112, 0.01, 0.015, 0.405, 0.0, 1, 1, 1, 1, 1]}}, {"type": "Feature", "geometry": {"type": "Point", "coordinates": [3.17344, 41.583099]}, "properties": {"var_data": [0.02, -0.089, 0.015, 0.025, 0.368, 0.0, 1, 1, 1, 1, 1]}}, {"type": "Feature", "geometry": {"type": "Point", "coordinates": [3.20878, 41.583099]}, "properties": {"var_data": [-0.009, -0.097, 0.02, 0.036, 0.434, 0.001, 1, 1, 1, 1, 1]}}, {"type": "Feature", "geometry": {"type": "Point", "coordinates": [3.24412, 41.583099]}, "properties": {"var_data": [0.01, -0.065, 0.016, 0.029, 0.394, 0.0, 1, 1, 1, 1, 1]}}, {"type": "Feature", "geometry": {"type": "Point", "coordinates": [3.27946, 41.583099]}, "properties": {"var_data": [0.005, -0.06, 0.017, 0.032, 0.459, 0.001, 1, 1, 1, 1, 1]}}, {"type": "Feature", "geometry": {"type": "Point", "coordinates": [3.3148, 41.583099]}, "properties": {"var_data": [0.018, -0.071, 0.005, 0.011, 0.464, 0.0, 1, 1, 1, 1, 1]}}, {"type": "Feature", "geometry": {"type": "Point", "coordinates": [3.35014, 41.583099]}, "properties": {"var_data": [0.016, -0.075, 0.005, 0.011, 0.52, 0.0, 1, 1, 1, 1, 1]}}, {"type": "Feature", "geometry": {"type": "Point", "coordinates": [3.38548, 41.583099]}, "properties": {"var_data": [0.032, -0.11, 0.005, 0.007, 0.602, 0.0, 1, 1, 1, 1, 1]}}, {"type": "Feature", "geometry": {"type": "Point", "coordinates": [3.42082, 41.583099]}, "properties": {"var_data": [0.053, -0.109, 0.005, 0.004, 0.62, 0.0, 1, 1, 1, 1, 1]}}, {"type": "Feature", "geometry": {"type": "Point", "coordinates": [3.45616, 41.583099]}, "properties": {"var_data": [0.03, -0.169, 0.014, 0.009, 0.918, 0.0, 1, 1, 1, 1, 1]}}, {"type": "Feature", "geometry": {"type": "Point", "coordinates": [3.4915, 41.583099]}, "properties": {"var_data": [0.071, -0.134, 0.039, 0.023, 1.091, 0.001, 1, 1, 1, 1, 1]}}, {"type": "Feature", "geometry": {"type": "Point", "coordinates": [3.52684, 41.583099]}, "properties": {"var_data": [0.54, 0.157, 0.059, 0.039, 1.621, 0.002, 1, 1, 1, 1, 1]}}, {"type": "Feature", "geometry": {"type": "Point", "coordinates": [3.56218, 41.583099]}, "properties": {"var_data": [0.425, 0.119, 0.072, 0.049, 1.777, 0.003, 1, 1, 1, 1, 1]}}, {"type": "Feature", "geometry": {"type": "Point", "coordinates": [3.59752, 41.583099]}, "properties": {"var_data": [0.235, 0.037, 0.073, 0.05, 1.798, 0.004, 1, 1, 1, 1, 1]}}, {"type": "Feature", "geometry": {"type": "Point", "coordinates": [3.63286, 41.583099]}, "properties": {"var_data": [0.221, 0.078, 0.049, 0.036, 1.982, 0.002, 1, 1, 1, 1, 1]}}, {"type": "Feature", "geometry": {"type": "Point", "coordinates": [3.6682, 41.583099]}, "properties": {"var_data": [0.16, 0.029, 0.055, 0.045, 2.379, 0.002, 4, 1, 4, 1, 1]}}, {"type": "Feature", "geometry": {"type": "Point", "coordinates": [3.70354, 41.583099]}, "properties": {"var_data": [0.127, 0.013, 0.044, 0.041, 2.074, 0.002, 4, 1, 4, 1, 1]}}, {"type": "Feature", "geometry": {"type": "Point", "coordinates": [3.80956, 41.583099]}, "properties": {"var_data": [0.117, 0.06, 0.103, 0.136, 3.199, 0.014, 4, 0, 4, 1, 1]}}, {"type": "Feature", "geometry": {"type": "Point", "coordinates": [3.8449, 41.583099]}, "properties": {"var_data": [0.1, 0.052, 0.133, 0.185, 2.984, 0.025, 4, 0, 4, 1, 1]}}, {"type": "Feature", "geometry": {"type": "Point", "coordinates": [3.88024, 41.583099]}, "properties": {"var_data": [0.097, 0.051, 0.056, 0.066, 2.985, 0.004, 4, 0, 4, 1, 1]}}, {"type": "Feature", "geometry": {"type": "Point", "coordinates": [2.67868, 41.6101]}, "properties": {"var_data": [0.251, 0.326, 0.01, 0.026, 0.618, -0.0, 1, 1, 1, 1, 1]}}, {"type": "Feature", "geometry": {"type": "Point", "coordinates": [2.71402, 41.6101]}, "properties": {"var_data": [0.352, 0.147, 0.009, 0.022, 0.517, -0.0, 1, 1, 1, 1, 1]}}, {"type": "Feature", "geometry": {"type": "Point", "coordinates": [2.74936, 41.6101]}, "properties": {"var_data": [0.31, 0.196, 0.008, 0.017, 0.421, -0.0, 1, 1, 1, 1, 1]}}, {"type": "Feature", "geometry": {"type": "Point", "coordinates": [2.7847, 41.6101]}, "properties": {"var_data": [0.278, 0.23, 0.006, 0.012, 0.361, -0.0, 1, 1, 1, 1, 1]}}, {"type": "Feature", "geometry": {"type": "Point", "coordinates": [2.82004, 41.6101]}, "properties": {"var_data": [0.308, 0.237, 0.009, 0.009, 0.332, -0.0, 1, 1, 1, 1, 1]}}, {"type": "Feature", "geometry": {"type": "Point", "coordinates": [2.85538, 41.6101]}, "properties": {"var_data": [0.404, 0.194, 0.009, 0.005, 0.348, -0.0, 1, 1, 1, 1, 1]}}, {"type": "Feature", "geometry": {"type": "Point", "coordinates": [2.89072, 41.6101]}, "properties": {"var_data": [0.366, 0.165, 0.021, 0.005, 0.345, -0.0, 1, 1, 1, 1, 1]}}, {"type": "Feature", "geometry": {"type": "Point", "coordinates": [2.92606, 41.6101]}, "properties": {"var_data": [0.31, 0.124, 0.014, 0.005, 0.343, 0.0, 1, 1, 1, 1, 1]}}, {"type": "Feature", "geometry": {"type": "Point", "coordinates": [2.9614, 41.6101]}, "properties": {"var_data": [0.25, 0.059, 0.012, 0.007, 0.342, 0.0, 1, 1, 1, 1, 1]}}, {"type": "Feature", "geometry": {"type": "Point", "coordinates": [2.99674, 41.6101]}, "properties": {"var_data": [0.25, 0.035, 0.011, 0.007, 0.351, 0.0, 1, 1, 1, 1, 1]}}, {"type": "Feature", "geometry": {"type": "Point", "coordinates": [3.03208, 41.6101]}, "properties": {"var_data": [0.226, 0.012, 0.011, 0.011, 0.371, 0.0, 1, 1, 1, 1, 1]}}, {"type": "Feature", "geometry": {"type": "Point", "coordinates": [3.06742, 41.6101]}, "properties": {"var_data": [0.195, -0.019, 0.011, 0.014, 0.38, 0.0, 1, 1, 1, 1, 1]}}, {"type": "Feature", "geometry": {"type": "Point", "coordinates": [3.10276, 41.6101]}, "properties": {"var_data": [0.127, -0.065, 0.012, 0.018, 0.362, 0.0, 1, 1, 1, 1, 1]}}, {"type": "Feature", "geometry": {"type": "Point", "coordinates": [3.1381, 41.6101]}, "properties": {"var_data": [0.072, -0.101, 0.012, 0.022, 0.395, 0.0, 1, 1, 1, 1, 1]}}, {"type": "Feature", "geometry": {"type": "Point", "coordinates": [3.17344, 41.6101]}, "properties": {"var_data": [0.064, -0.096, 0.012, 0.024, 0.363, 0.0, 1, 1, 1, 1, 1]}}, {"type": "Feature", "geometry": {"type": "Point", "coordinates": [3.20878, 41.6101]}, "properties": {"var_data": [0.022, -0.106, 0.012, 0.025, 0.393, 0.0, 1, 1, 1, 1, 1]}}, {"type": "Feature", "geometry": {"type": "Point", "coordinates": [3.24412, 41.6101]}, "properties": {"var_data": [0.046, -0.081, 0.013, 0.027, 0.392, 0.0, 1, 1, 1, 1, 1]}}, {"type": "Feature", "geometry": {"type": "Point", "coordinates": [3.27946, 41.6101]}, "properties": {"var_data": [0.03, -0.085, 0.014, 0.03, 0.437, 0.0, 1, 1, 1, 1, 1]}}, {"type": "Feature", "geometry": {"type": "Point", "coordinates": [3.3148, 41.6101]}, "properties": {"var_data": [0.009, -0.112, 0.005, 0.012, 0.44, 0.0, 1, 1, 1, 1, 1]}}, {"type": "Feature", "geometry": {"type": "Point", "coordinates": [3.35014, 41.6101]}, "properties": {"var_data": [0.025, -0.122, 0.005, 0.01, 0.497, 0.0, 1, 1, 1, 1, 1]}}, {"type": "Feature", "geometry": {"type": "Point", "coordinates": [3.38548, 41.6101]}, "properties": {"var_data": [0.021, -0.157, 0.005, 0.006, 0.686, 0.0, 1, 1, 1, 1, 1]}}, {"type": "Feature", "geometry": {"type": "Point", "coordinates": [3.42082, 41.6101]}, "properties": {"var_data": [0.061, -0.142, 0.005, 0.004, 0.654, 0.0, 1, 1, 1, 1, 1]}}, {"type": "Feature", "geometry": {"type": "Point", "coordinates": [3.45616, 41.6101]}, "properties": {"var_data": [0.254, -0.069, 0.061, 0.034, 1.778, 0.002, 1, 1, 1, 1, 1]}}, {"type": "Feature", "geometry": {"type": "Point", "coordinates": [3.4915, 41.6101]}, "properties": {"var_data": [0.371, 0.026, 0.046, 0.027, 1.614, 0.001, 1, 1, 1, 1, 1]}}, {"type": "Feature", "geometry": {"type": "Point", "coordinates": [3.52684, 41.6101]}, "properties": {"var_data": [0.326, 0.04, 0.036, 0.021, 1.351, 0.001, 1, 1, 1, 1, 1]}}, {"type": "Feature", "geometry": {"type": "Point", "coordinates": [3.56218, 41.6101]}, "properties": {"var_data": [0.336, 0.073, 0.037, 0.023, 1.621, 0.001, 1, 1, 1, 1, 1]}}, {"type": "Feature", "geometry": {"type": "Point", "coordinates": [3.59752, 41.6101]}, "properties": {"var_data": [0.308, 0.095, 0.075, 0.052, 2.036, 0.004, 4, 1, 4, 1, 1]}}, {"type": "Feature", "geometry": {"type": "Point", "coordinates": [3.63286, 41.6101]}, "properties": {"var_data": [0.183, 0.068, 0.14, 0.13, 2.702, 0.018, 4, 1, 4, 1, 1]}}, {"type": "Feature", "geometry": {"type": "Point", "coordinates": [3.6682, 41.6101]}, "properties": {"var_data": [0.18, 0.069, 0.152, 0.147, 2.468, 0.022, 4, 1, 4, 1, 1]}}, {"type": "Feature", "geometry": {"type": "Point", "coordinates": [3.70354, 41.6101]}, "properties": {"var_data": [0.027, -0.077, 0.122, 0.13, 2.633, 0.016, 4, 1, 4, 1, 1]}}, {"type": "Feature", "geometry": {"type": "Point", "coordinates": [3.77422, 41.6101]}, "properties": {"var_data": [0.191, 0.115, 0.21, 0.244, 3.767, 0.051, 4, 0, 4, 4, 1]}}, {"type": "Feature", "geometry": {"type": "Point", "coordinates": [3.80956, 41.6101]}, "properties": {"var_data": [0.107, 0.053, 0.095, 0.128, 2.962, 0.012, 4, 0, 4, 1, 1]}}, {"type": "Feature", "geometry": {"type": "Point", "coordinates": [3.8449, 41.6101]}, "properties": {"var_data": [0.1, 0.052, 0.133, 0.185, 2.984, 0.025, 4, 0, 4, 1, 1]}}, {"type": "Feature", "geometry": {"type": "Point", "coordinates": [3.88024, 41.6101]}, "properties": {"var_data": [0.064, 0.037, 0.073, 0.108, 2.633, 0.008, 4, 0, 4, 1, 1]}}, {"type": "Feature", "geometry": {"type": "Point", "coordinates": [3.91558, 41.6101]}, "properties": {"var_data": [0.064, 0.037, 0.073, 0.108, 2.633, 0.008, 4, 1, 4, 1, 1]}}, {"type": "Feature", "geometry": {"type": "Point", "coordinates": [2.74936, 41.6371]}, "properties": {"var_data": [0.197, 0.296, 0.034, 0.053, 0.642, -0.002, 1, 1, 1, 1, 1]}}, {"type": "Feature", "geometry": {"type": "Point", "coordinates": [2.7847, 41.6371]}, "properties": {"var_data": [0.145, 0.356, 0.032, 0.023, 0.482, -0.001, 1, 1, 1, 1, 1]}}, {"type": "Feature", "geometry": {"type": "Point", "coordinates": [2.82004, 41.6371]}, "properties": {"var_data": [0.146, 0.344, 0.035, 0.018, 0.396, -0.001, 1, 1, 1, 1, 1]}}, {"type": "Feature", "geometry": {"type": "Point", "coordinates": [2.85538, 41.6371]}, "properties": {"var_data": [0.278, 0.238, 0.017, 0.005, 0.294, -0.0, 1, 1, 1, 1, 1]}}, {"type": "Feature", "geometry": {"type": "Point", "coordinates": [2.89072, 41.6371]}, "properties": {"var_data": [0.439, 0.207, 0.012, 0.005, 0.266, 0.0, 1, 1, 1, 1, 1]}}, {"type": "Feature", "geometry": {"type": "Point", "coordinates": [2.92606, 41.6371]}, "properties": {"var_data": [0.411, 0.172, 0.011, 0.005, 0.267, 0.0, 1, 1, 1, 1, 1]}}, {"type": "Feature", "geometry": {"type": "Point", "coordinates": [2.9614, 41.6371]}, "properties": {"var_data": [0.373, 0.114, 0.012, 0.007, 0.309, 0.0, 1, 1, 1, 1, 1]}}, {"type": "Feature", "geometry": {"type": "Point", "coordinates": [2.99674, 41.6371]}, "properties": {"var_data": [0.347, 0.061, 0.011, 0.011, 0.355, 0.0, 1, 1, 1, 1, 1]}}, {"type": "Feature", "geometry": {"type": "Point", "coordinates": [3.03208, 41.6371]}, "properties": {"var_data": [0.305, 0.021, 0.009, 0.012, 0.403, 0.0, 1, 1, 1, 1, 1]}}, {"type": "Feature", "geometry": {"type": "Point", "coordinates": [3.06742, 41.6371]}, "properties": {"var_data": [0.258, -0.008, 0.01, 0.017, 0.436, 0.0, 1, 1, 1, 1, 1]}}, {"type": "Feature", "geometry": {"type": "Point", "coordinates": [3.10276, 41.6371]}, "properties": {"var_data": [0.161, -0.123, 0.011, 0.023, 0.43, 0.0, 1, 1, 1, 1, 1]}}, {"type": "Feature", "geometry": {"type": "Point", "coordinates": [3.1381, 41.6371]}, "properties": {"var_data": [0.133, -0.128, 0.01, 0.022, 0.437, 0.0, 1, 1, 1, 1, 1]}}, {"type": "Feature", "geometry": {"type": "Point", "coordinates": [3.17344, 41.6371]}, "properties": {"var_data": [0.108, -0.106, 0.009, 0.02, 0.366, 0.0, 1, 1, 1, 1, 1]}}, {"type": "Feature", "geometry": {"type": "Point", "coordinates": [3.20878, 41.6371]}, "properties": {"var_data": [0.101, -0.07, 0.01, 0.025, 0.389, 0.0, 1, 1, 1, 1, 1]}}, {"type": "Feature", "geometry": {"type": "Point", "coordinates": [3.24412, 41.6371]}, "properties": {"var_data": [0.05, -0.117, 0.01, 0.024, 0.372, 0.0, 1, 1, 1, 1, 1]}}, {"type": "Feature", "geometry": {"type": "Point", "coordinates": [3.27946, 41.6371]}, "properties": {"var_data": [0.041, -0.115, 0.011, 0.028, 0.392, 0.0, 1, 1, 1, 1, 1]}}, {"type": "Feature", "geometry": {"type": "Point", "coordinates": [3.3148, 41.6371]}, "properties": {"var_data": [0.026, -0.149, 0.013, 0.018, 0.431, 0.0, 1, 1, 1, 1, 1]}}, {"type": "Feature", "geometry": {"type": "Point", "coordinates": [3.35014, 41.6371]}, "properties": {"var_data": [0.009, -0.124, 0.005, 0.009, 0.484, 0.0, 1, 1, 1, 1, 1]}}, {"type": "Feature", "geometry": {"type": "Point", "coordinates": [3.38548, 41.6371]}, "properties": {"var_data": [0.018, -0.142, 0.005, 0.004, 0.543, 0.0, 1, 1, 1, 1, 1]}}, {"type": "Feature", "geometry": {"type": "Point", "coordinates": [3.42082, 41.6371]}, "properties": {"var_data": [0.01, -0.174, 0.005, 0.003, 0.665, 0.0, 1, 1, 1, 1, 1]}}, {"type": "Feature", "geometry": {"type": "Point", "coordinates": [3.45616, 41.6371]}, "properties": {"var_data": [0.029, -0.167, 0.015, 0.008, 0.91, 0.0, 1, 1, 1, 1, 1]}}, {"type": "Feature", "geometry": {"type": "Point", "coordinates": [3.4915, 41.6371]}, "properties": {"var_data": [0.051, -0.132, 0.014, 0.008, 0.829, 0.0, 1, 1, 1, 1, 1]}}, {"type": "Feature", "geometry": {"type": "Point", "coordinates": [3.52684, 41.6371]}, "properties": {"var_data": [0.202, -0.04, 0.036, 0.021, 1.355, 0.001, 1, 1, 1, 1, 1]}}, {"type": "Feature", "geometry": {"type": "Point", "coordinates": [3.56218, 41.6371]}, "properties": {"var_data": [0.229, 0.005, 0.037, 0.023, 1.455, 0.001, 1, 1, 1, 1, 1]}}, {"type": "Feature", "geometry": {"type": "Point", "coordinates": [3.59752, 41.6371]}, "properties": {"var_data": [0.255, 0.044, 0.056, 0.026, 2.1, 0.001, 4, 1, 4, 1, 1]}}, {"type": "Feature", "geometry": {"type": "Point", "coordinates": [3.63286, 41.6371]}, "properties": {"var_data": [0.055, -0.02, 0.086, 0.089, 1.746, 0.008, 1, 1, 1, 1, 1]}}, {"type": "Feature", "geometry": {"type": "Point", "coordinates": [3.6682, 41.6371]}, "properties": {"var_data": [0.091, 0.033, 0.105, 0.112, 1.976, 0.012, 1, 1, 1, 1, 1]}}, {"type": "Feature", "geometry": {"type": "Point", "coordinates": [3.80956, 41.6371]}, "properties": {"var_data": [0.012, -0.007, 0.093, 0.124, 2.613, 0.011, 4, 0, 4, 1, 1]}}, {"type": "Feature", "geometry": {"type": "Point", "coordinates": [3.8449, 41.6371]}, "properties": {"var_data": [0.016, 0.001, 0.105, 0.15, 2.456, 0.016, 4, 0, 4, 1, 1]}}, {"type": "Feature", "geometry": {"type": "Point", "coordinates": [3.88024, 41.6371]}, "properties": {"var_data": [0.096, 0.118, 0.022, 0.028, 2.09, 0.001, 4, 1, 4, 1, 1]}}, {"type": "Feature", "geometry": {"type": "Point", "coordinates": [3.91558, 41.6371]}, "properties": {"var_data": [0.189, 0.257, 0.022, 0.028, 2.96, 0.001, 4, 1, 4, 1, 1]}}, {"type": "Feature", "geometry": {"type": "Point", "coordinates": [3.95092, 41.6371]}, "properties": {"var_data": [0.214, 0.292, 0.02, 0.027, 2.85, 0.0, 4, 1, 4, 1, 1]}}, {"type": "Feature", "geometry": {"type": "Point", "coordinates": [2.85538, 41.664101]}, "properties": {"var_data": [0.263, 0.261, 0.019, 0.005, 0.294, -0.0, 1, 1, 1, 1, 1]}}, {"type": "Feature", "geometry": {"type": "Point", "coordinates": [2.89072, 41.664101]}, "properties": {"var_data": [0.429, 0.201, 0.011, 0.005, 0.224, 0.0, 1, 1, 1, 1, 1]}}, {"type": "Feature", "geometry": {"type": "Point", "coordinates": [2.92606, 41.664101]}, "properties": {"var_data": [0.549, 0.221, 0.005, 0.005, 0.215, 0.0, 1, 1, 1, 1, 1]}}, {"type": "Feature", "geometry": {"type": "Point", "coordinates": [2.9614, 41.664101]}, "properties": {"var_data": [0.533, 0.208, 0.004, 0.005, 0.245, 0.0, 1, 1, 1, 1, 1]}}, {"type": "Feature", "geometry": {"type": "Point", "coordinates": [2.99674, 41.664101]}, "properties": {"var_data": [0.491, 0.164, 0.006, 0.009, 0.33, 0.0, 1, 1, 1, 1, 1]}}, {"type": "Feature", "geometry": {"type": "Point", "coordinates": [3.03208, 41.664101]}, "properties": {"var_data": [0.461, 0.145, 0.005, 0.013, 0.445, 0.0, 1, 0, 1, 1, 1]}}, {"type": "Feature", "geometry": {"type": "Point", "coordinates": [3.06742, 41.664101]}, "properties": {"var_data": [0.388, 0.087, 0.006, 0.018, 0.585, 0.0, 1, 0, 1, 1, 1]}}, {"type": "Feature", "geometry": {"type": "Point", "coordinates": [3.10276, 41.664101]}, "properties": {"var_data": [0.289, -0.01, 0.008, 0.022, 0.436, 0.0, 1, 1, 1, 1, 1]}}, {"type": "Feature", "geometry": {"type": "Point", "coordinates": [3.1381, 41.664101]}, "properties": {"var_data": [0.235, -0.014, 0.006, 0.022, 0.426, 0.0, 1, 1, 1, 1, 1]}}, {"type": "Feature", "geometry": {"type": "Point", "coordinates": [3.17344, 41.664101]}, "properties": {"var_data": [0.183, -0.055, 0.005, 0.015, 0.347, 0.0, 1, 1, 1, 1, 1]}}, {"type": "Feature", "geometry": {"type": "Point", "coordinates": [3.20878, 41.664101]}, "properties": {"var_data": [0.138, -0.095, 0.006, 0.021, 0.385, 0.0, 1, 1, 1, 1, 1]}}, {"type": "Feature", "geometry": {"type": "Point", "coordinates": [3.24412, 41.664101]}, "properties": {"var_data": [0.091, -0.121, 0.007, 0.022, 0.375, 0.0, 1, 1, 1, 1, 1]}}, {"type": "Feature", "geometry": {"type": "Point", "coordinates": [3.27946, 41.664101]}, "properties": {"var_data": [0.054, -0.143, 0.009, 0.018, 0.394, 0.0, 1, 1, 1, 1, 1]}}, {"type": "Feature", "geometry": {"type": "Point", "coordinates": [3.3148, 41.664101]}, "properties": {"var_data": [0.017, -0.172, 0.013, 0.014, 0.446, 0.0, 1, 1, 1, 1, 1]}}, {"type": "Feature", "geometry": {"type": "Point", "coordinates": [3.35014, 41.664101]}, "properties": {"var_data": [0.007, -0.164, 0.016, 0.01, 0.507, 0.0, 1, 1, 1, 1, 1]}}, {"type": "Feature", "geometry": {"type": "Point", "coordinates": [3.38548, 41.664101]}, "properties": {"var_data": [-0.003, -0.175, 0.014, 0.007, 0.595, 0.0, 1, 1, 1, 1, 1]}}, {"type": "Feature", "geometry": {"type": "Point", "coordinates": [3.42082, 41.664101]}, "properties": {"var_data": [-0.013, -0.173, 0.014, 0.007, 0.786, 0.0, 1, 1, 1, 1, 1]}}, {"type": "Feature", "geometry": {"type": "Point", "coordinates": [3.45616, 41.664101]}, "properties": {"var_data": [0.043, -0.158, 0.014, 0.007, 0.69, 0.0, 1, 1, 1, 1, 1]}}, {"type": "Feature", "geometry": {"type": "Point", "coordinates": [3.4915, 41.664101]}, "properties": {"var_data": [0.068, -0.125, 0.014, 0.007, 0.673, 0.0, 1, 1, 1, 1, 1]}}, {"type": "Feature", "geometry": {"type": "Point", "coordinates": [3.52684, 41.664101]}, "properties": {"var_data": [0.107, -0.107, 0.033, 0.019, 0.934, 0.001, 1, 1, 1, 1, 1]}}, {"type": "Feature", "geometry": {"type": "Point", "coordinates": [3.56218, 41.664101]}, "properties": {"var_data": [0.171, -0.042, 0.044, 0.022, 1.503, 0.001, 1, 1, 1, 1, 1]}}, {"type": "Feature", "geometry": {"type": "Point", "coordinates": [3.59752, 41.664101]}, "properties": {"var_data": [0.088, -0.035, 0.028, 0.017, 1.312, 0.0, 1, 1, 1, 1, 1]}}, {"type": "Feature", "geometry": {"type": "Point", "coordinates": [3.63286, 41.664101]}, "properties": {"var_data": [-0.032, -0.097, 0.036, 0.026, 1.791, 0.001, 1, 1, 1, 1, 1]}}, {"type": "Feature", "geometry": {"type": "Point", "coordinates": [3.6682, 41.664101]}, "properties": {"var_data": [-0.036, -0.06, 0.082, 0.107, 1.316, 0.009, 1, 1, 1, 1, 1]}}, {"type": "Feature", "geometry": {"type": "Point", "coordinates": [3.8449, 41.664101]}, "properties": {"var_data": [0.038, 0.082, 0.028, 0.031, 1.915, 0.001, 1, 1, 1, 1, 1]}}, {"type": "Feature", "geometry": {"type": "Point", "coordinates": [3.88024, 41.664101]}, "properties": {"var_data": [0.159, 0.243, 0.023, 0.028, 2.829, 0.001, 4, 1, 4, 1, 1]}}, {"type": "Feature", "geometry": {"type": "Point", "coordinates": [3.91558, 41.664101]}, "properties": {"var_data": [0.118, 0.217, 0.014, 0.023, 2.63, 0.0, 4, 1, 4, 1, 1]}}, {"type": "Feature", "geometry": {"type": "Point", "coordinates": [3.95092, 41.664101]}, "properties": {"var_data": [0.166, 0.295, 0.012, 0.018, 1.979, 0.0, 1, 1, 1, 1, 1]}}, {"type": "Feature", "geometry": {"type": "Point", "coordinates": [3.98626, 41.664101]}, "properties": {"var_data": [0.157, 0.241, 0.023, 0.032, 2.29, 0.001, 4, 1, 4, 1, 1]}}, {"type": "Feature", "geometry": {"type": "Point", "coordinates": [4.0216, 41.664101]}, "properties": {"var_data": [0.241, 0.408, 0.026, 0.033, 2.96, 0.001, 4, 0, 4, 1, 1]}}, {"type": "Feature", "geometry": {"type": "Point", "coordinates": [4.05694, 41.664101]}, "properties": {"var_data": [0.199, 0.394, 0.123, 0.107, 3.018, 0.013, 4, 0, 4, 4, 1]}}, {"type": "Feature", "geometry": {"type": "Point", "coordinates": [2.9614, 41.691101]}, "properties": {"var_data": [0.355, 0.032, 0.003, 0.005, 0.217, 0.0, 1, 0, 1, 1, 1]}}, {"type": "Feature", "geometry": {"type": "Point", "coordinates": [2.99674, 41.691101]}, "properties": {"var_data": [0.372, -0.072, 0.004, 0.009, 0.318, 0.0, 1, 0, 1, 1, 1]}}, {"type": "Feature", "geometry": {"type": "Point", "coordinates": [3.03208, 41.691101]}, "properties": {"var_data": [0.403, -0.097, 0.004, 0.015, 0.497, 0.0, 1, 0, 1, 1, 1]}}, {"type": "Feature", "geometry": {"type": "Point", "coordinates": [3.06742, 41.691101]}, "properties": {"var_data": [0.452, 0.144, 0.006, 0.023, 0.64, 0.0, 1, 0, 1, 1, 1]}}, {"type": "Feature", "geometry": {"type": "Point", "coordinates": [3.10276, 41.691101]}, "properties": {"var_data": [0.386, 0.092, 0.005, 0.02, 0.456, 0.0, 1, 1, 1, 1, 1]}}, {"type": "Feature", "geometry": {"type": "Point", "coordinates": [3.1381, 41.691101]}, "properties": {"var_data": [0.302, 0.053, 0.005, 0.022, 0.411, 0.0, 1, 1, 1, 1, 1]}}, {"type": "Feature", "geometry": {"type": "Point", "coordinates": [3.17344, 41.691101]}, "properties": {"var_data": [0.239, -0.007, 0.005, 0.019, 0.355, 0.0, 1, 1, 1, 1, 1]}}, {"type": "Feature", "geometry": {"type": "Point", "coordinates": [3.20878, 41.691101]}, "properties": {"var_data": [0.185, -0.026, 0.005, 0.019, 0.368, 0.0, 1, 1, 1, 1, 1]}}, {"type": "Feature", "geometry": {"type": "Point", "coordinates": [3.24412, 41.691101]}, "properties": {"var_data": [0.119, -0.085, 0.006, 0.017, 0.357, 0.0, 1, 1, 1, 1, 1]}}, {"type": "Feature", "geometry": {"type": "Point", "coordinates": [3.27946, 41.691101]}, "properties": {"var_data": [0.058, -0.11, 0.009, 0.018, 0.372, 0.0, 1, 1, 1, 1, 1]}}, {"type": "Feature", "geometry": {"type": "Point", "coordinates": [3.3148, 41.691101]}, "properties": {"var_data": [-0.001, -0.137, 0.013, 0.011, 0.389, 0.0, 1, 1, 1, 1, 1]}}, {"type": "Feature", "geometry": {"type": "Point", "coordinates": [3.35014, 41.691101]}, "properties": {"var_data": [-0.026, -0.144, 0.015, 0.009, 0.459, 0.0, 1, 1, 1, 1, 1]}}, {"type": "Feature", "geometry": {"type": "Point", "coordinates": [3.38548, 41.691101]}, "properties": {"var_data": [-0.033, -0.162, 0.016, 0.007, 0.637, 0.0, 1, 1, 1, 1, 1]}}, {"type": "Feature", "geometry": {"type": "Point", "coordinates": [3.42082, 41.691101]}, "properties": {"var_data": [0.016, -0.148, 0.014, 0.007, 0.724, 0.0, 1, 1, 1, 1, 1]}}, {"type": "Feature", "geometry": {"type": "Point", "coordinates": [3.45616, 41.691101]}, "properties": {"var_data": [-0.003, -0.186, 0.014, 0.007, 0.594, 0.0, 1, 1, 1, 1, 1]}}, {"type": "Feature", "geometry": {"type": "Point", "coordinates": [3.4915, 41.691101]}, "properties": {"var_data": [0.017, -0.167, 0.016, 0.007, 0.582, 0.0, 1, 1, 1, 1, 1]}}, {"type": "Feature", "geometry": {"type": "Point", "coordinates": [3.52684, 41.691101]}, "properties": {"var_data": [0.042, -0.159, 0.032, 0.017, 0.92, 0.0, 1, 1, 1, 1, 1]}}, {"type": "Feature", "geometry": {"type": "Point", "coordinates": [3.56218, 41.691101]}, "properties": {"var_data": [0.051, -0.141, 0.033, 0.017, 0.938, 0.0, 1, 1, 1, 1, 1]}}, {"type": "Feature", "geometry": {"type": "Point", "coordinates": [3.59752, 41.691101]}, "properties": {"var_data": [-0.164, -0.161, 0.023, 0.022, 1.343, 0.0, 1, 1, 1, 1, 1]}}, {"type": "Feature", "geometry": {"type": "Point", "coordinates": [3.63286, 41.691101]}, "properties": {"var_data": [-0.149, -0.142, 0.021, 0.022, 1.085, 0.0, 1, 1, 1, 1, 1]}}, {"type": "Feature", "geometry": {"type": "Point", "coordinates": [3.6682, 41.691101]}, "properties": {"var_data": [-0.16, -0.178, 0.089, 0.12, 1.449, 0.011, 1, 1, 1, 1, 1]}}, {"type": "Feature", "geometry": {"type": "Point", "coordinates": [3.8449, 41.691101]}, "properties": {"var_data": [0.086, 0.19, 0.014, 0.023, 2.339, 0.0, 4, 1, 4, 1, 1]}}, {"type": "Feature", "geometry": {"type": "Point", "coordinates": [3.88024, 41.691101]}, "properties": {"var_data": [0.104, 0.203, 0.014, 0.023, 2.346, 0.0, 4, 1, 4, 1, 1]}}, {"type": "Feature", "geometry": {"type": "Point", "coordinates": [3.91558, 41.691101]}, "properties": {"var_data": [0.095, 0.155, 0.014, 0.023, 2.088, 0.0, 4, 1, 4, 1, 1]}}, {"type": "Feature", "geometry": {"type": "Point", "coordinates": [3.95092, 41.691101]}, "properties": {"var_data": [0.116, 0.216, 0.012, 0.018, 1.825, 0.0, 1, 1, 1, 1, 1]}}, {"type": "Feature", "geometry": {"type": "Point", "coordinates": [3.98626, 41.691101]}, "properties": {"var_data": [0.098, 0.201, 0.015, 0.026, 2.25, 0.0, 4, 0, 4, 1, 1]}}, {"type": "Feature", "geometry": {"type": "Point", "coordinates": [4.0216, 41.691101]}, "properties": {"var_data": [0.056, 0.159, 0.011, 0.022, 1.925, 0.0, 1, 0, 1, 1, 1]}}, {"type": "Feature", "geometry": {"type": "Point", "coordinates": [4.05694, 41.691101]}, "properties": {"var_data": [0.024, 0.062, 0.011, 0.021, 1.799, 0.0, 1, 1, 1, 1, 1]}}, {"type": "Feature", "geometry": {"type": "Point", "coordinates": [2.99674, 41.718102]}, "properties": {"var_data": [0.309, -0.435, 0.003, 0.006, 0.291, -0.0, 1, 0, 1, 1, 1]}}, {"type": "Feature", "geometry": {"type": "Point", "coordinates": [3.03208, 41.718102]}, "properties": {"var_data": [0.344, -0.623, 0.004, 0.014, 0.429, 0.0, 1, 0, 1, 1, 1]}}, {"type": "Feature", "geometry": {"type": "Point", "coordinates": [3.06742, 41.718102]}, "properties": {"var_data": [0.353, -0.669, 0.004, 0.019, 0.654, 0.0, 1, 0, 1, 1, 1]}}, {"type": "Feature", "geometry": {"type": "Point", "coordinates": [3.10276, 41.718102]}, "properties": {"var_data": [0.386, -0.019, 0.005, 0.025, 0.484, 0.0, 1, 1, 1, 1, 1]}}, {"type": "Feature", "geometry": {"type": "Point", "coordinates": [3.1381, 41.718102]}, "properties": {"var_data": [0.337, 0.063, 0.005, 0.026, 0.492, 0.0, 1, 1, 1, 1, 1]}}, {"type": "Feature", "geometry": {"type": "Point", "coordinates": [3.17344, 41.718102]}, "properties": {"var_data": [0.274, 0.03, 0.006, 0.019, 0.349, 0.0, 1, 1, 1, 1, 1]}}, {"type": "Feature", "geometry": {"type": "Point", "coordinates": [3.20878, 41.718102]}, "properties": {"var_data": [0.196, 0.025, 0.006, 0.022, 0.364, 0.0, 1, 1, 1, 1, 1]}}, {"type": "Feature", "geometry": {"type": "Point", "coordinates": [3.24412, 41.718102]}, "properties": {"var_data": [0.133, -0.061, 0.007, 0.017, 0.357, 0.0, 1, 1, 1, 1, 1]}}, {"type": "Feature", "geometry": {"type": "Point", "coordinates": [3.27946, 41.718102]}, "properties": {"var_data": [0.035, -0.056, 0.015, 0.012, 0.365, 0.0, 1, 1, 1, 1, 1]}}, {"type": "Feature", "geometry": {"type": "Point", "coordinates": [3.3148, 41.718102]}, "properties": {"var_data": [-0.015, -0.105, 0.016, 0.011, 0.393, 0.0, 1, 1, 1, 1, 1]}}, {"type": "Feature", "geometry": {"type": "Point", "coordinates": [3.35014, 41.718102]}, "properties": {"var_data": [-0.049, -0.101, 0.017, 0.01, 0.498, 0.0, 1, 1, 1, 1, 1]}}, {"type": "Feature", "geometry": {"type": "Point", "coordinates": [3.38548, 41.718102]}, "properties": {"var_data": [-0.064, -0.116, 0.026, 0.016, 0.622, 0.0, 1, 1, 1, 1, 1]}}, {"type": "Feature", "geometry": {"type": "Point", "coordinates": [3.42082, 41.718102]}, "properties": {"var_data": [-0.026, -0.142, 0.014, 0.007, 0.609, 0.0, 1, 1, 1, 1, 1]}}, {"type": "Feature", "geometry": {"type": "Point", "coordinates": [3.45616, 41.718102]}, "properties": {"var_data": [-0.012, -0.147, 0.013, 0.007, 0.521, 0.0, 1, 1, 1, 1, 1]}}, {"type": "Feature", "geometry": {"type": "Point", "coordinates": [3.4915, 41.718102]}, "properties": {"var_data": [0.004, -0.147, 0.024, 0.018, 0.568, 0.0, 1, 1, 1, 1, 1]}}, {"type": "Feature", "geometry": {"type": "Point", "coordinates": [3.52684, 41.718102]}, "properties": {"var_data": [-0.003, -0.16, 0.031, 0.02, 0.683, 0.001, 1, 1, 1, 1, 1]}}, {"type": "Feature", "geometry": {"type": "Point", "coordinates": [3.56218, 41.718102]}, "properties": {"var_data": [-0.063, -0.166, 0.015, 0.018, 0.812, 0.0, 1, 1, 1, 1, 1]}}, {"type": "Feature", "geometry": {"type": "Point", "coordinates": [3.59752, 41.718102]}, "properties": {"var_data": [-0.225, -0.2, 0.017, 0.022, 1.106, 0.0, 1, 1, 1, 1, 1]}}, {"type": "Feature", "geometry": {"type": "Point", "coordinates": [3.63286, 41.718102]}, "properties": {"var_data": [-0.169, -0.184, 0.016, 0.021, 1.035, 0.0, 1, 1, 1, 1, 1]}}, {"type": "Feature", "geometry": {"type": "Point", "coordinates": [3.6682, 41.718102]}, "properties": {"var_data": [0.072, 0.153, 0.032, 0.048, 1.612, 0.002, 1, 0, 1, 1, 1]}}, {"type": "Feature", "geometry": {"type": "Point", "coordinates": [3.70354, 41.718102]}, "properties": {"var_data": [-0.041, -0.058, 0.011, 0.013, 1.355, 0.0, 1, 0, 1, 1, 1]}}, {"type": "Feature", "geometry": {"type": "Point", "coordinates": [3.73888, 41.718102]}, "properties": {"var_data": [-0.048, -0.096, 0.011, 0.014, 1.342, 0.0, 1, 0, 1, 1, 1]}}, {"type": "Feature", "geometry": {"type": "Point", "coordinates": [3.80956, 41.718102]}, "properties": {"var_data": [-0.017, 0.019, 0.04, 0.074, 2.287, 0.003, 4, 1, 4, 1, 1]}}, {"type": "Feature", "geometry": {"type": "Point", "coordinates": [3.88024, 41.718102]}, "properties": {"var_data": [0.082, 0.187, 0.012, 0.022, 2.291, 0.0, 4, 1, 4, 1, 1]}}, {"type": "Feature", "geometry": {"type": "Point", "coordinates": [3.91558, 41.718102]}, "properties": {"var_data": [0.055, 0.125, 0.014, 0.023, 2.037, 0.0, 4, 1, 4, 1, 1]}}, {"type": "Feature", "geometry": {"type": "Point", "coordinates": [3.95092, 41.718102]}, "properties": {"var_data": [0.078, 0.184, 0.015, 0.026, 2.248, 0.0, 4, 1, 4, 1, 1]}}, {"type": "Feature", "geometry": {"type": "Point", "coordinates": [3.98626, 41.718102]}, "properties": {"var_data": [0.098, 0.201, 0.015, 0.026, 2.25, 0.0, 4, 0, 4, 1, 1]}}, {"type": "Feature", "geometry": {"type": "Point", "coordinates": [4.0216, 41.718102]}, "properties": {"var_data": [0.02, 0.056, 0.011, 0.022, 1.614, 0.0, 1, 1, 1, 1, 1]}}, {"type": "Feature", "geometry": {"type": "Point", "coordinates": [4.05694, 41.718102]}, "properties": {"var_data": [0.035, 0.051, 0.011, 0.021, 1.775, 0.0, 1, 1, 1, 1, 1]}}, {"type": "Feature", "geometry": {"type": "Point", "coordinates": [4.09228, 41.718102]}, "properties": {"var_data": [-0.061, -0.089, 0.025, 0.063, 2.135, 0.002, 4, 1, 4, 1, 1]}}, {"type": "Feature", "geometry": {"type": "Point", "coordinates": [3.06742, 41.745098]}, "properties": {"var_data": [0.436, -1.23, 0.005, 0.021, 0.631, -0.0, 1, 0, 1, 1, 1]}}, {"type": "Feature", "geometry": {"type": "Point", "coordinates": [3.10276, 41.745098]}, "properties": {"var_data": [0.277, -0.294, 0.006, 0.023, 0.525, -0.0, 1, 1, 1, 1, 1]}}, {"type": "Feature", "geometry": {"type": "Point", "coordinates": [3.1381, 41.745098]}, "properties": {"var_data": [0.259, -0.064, 0.007, 0.037, 0.504, -0.0, 1, 1, 1, 1, 1]}}, {"type": "Feature", "geometry": {"type": "Point", "coordinates": [3.17344, 41.745098]}, "properties": {"var_data": [0.214, 0.044, 0.007, 0.03, 0.381, 0.0, 1, 1, 1, 1, 1]}}, {"type": "Feature", "geometry": {"type": "Point", "coordinates": [3.20878, 41.745098]}, "properties": {"var_data": [0.14, 0.06, 0.007, 0.022, 0.356, 0.0, 1, 1, 1, 1, 1]}}, {"type": "Feature", "geometry": {"type": "Point", "coordinates": [3.24412, 41.745098]}, "properties": {"var_data": [0.108, 0.025, 0.016, 0.027, 0.353, 0.0, 1, 1, 1, 1, 1]}}, {"type": "Feature", "geometry": {"type": "Point", "coordinates": [3.27946, 41.745098]}, "properties": {"var_data": [0.019, 0.033, 0.019, 0.011, 0.349, 0.0, 1, 1, 1, 1, 1]}}, {"type": "Feature", "geometry": {"type": "Point", "coordinates": [3.3148, 41.745098]}, "properties": {"var_data": [-0.046, -0.015, 0.021, 0.012, 0.368, 0.0, 1, 1, 1, 1, 1]}}, {"type": "Feature", "geometry": {"type": "Point", "coordinates": [3.35014, 41.745098]}, "properties": {"var_data": [-0.019, -0.071, 0.022, 0.014, 0.432, 0.0, 1, 1, 1, 1, 1]}}, {"type": "Feature", "geometry": {"type": "Point", "coordinates": [3.38548, 41.745098]}, "properties": {"var_data": [-0.035, -0.077, 0.019, 0.012, 0.432, 0.0, 1, 1, 1, 1, 1]}}, {"type": "Feature", "geometry": {"type": "Point", "coordinates": [3.42082, 41.745098]}, "properties": {"var_data": [-0.025, -0.1, 0.024, 0.015, 0.506, 0.0, 1, 1, 1, 1, 1]}}, {"type": "Feature", "geometry": {"type": "Point", "coordinates": [3.45616, 41.745098]}, "properties": {"var_data": [-0.023, -0.133, 0.017, 0.015, 0.465, 0.0, 1, 1, 1, 1, 1]}}, {"type": "Feature", "geometry": {"type": "Point", "coordinates": [3.4915, 41.745098]}, "properties": {"var_data": [-0.039, -0.169, 0.019, 0.017, 0.519, 0.0, 1, 1, 1, 1, 1]}}, {"type": "Feature", "geometry": {"type": "Point", "coordinates": [3.52684, 41.745098]}, "properties": {"var_data": [-0.031, -0.152, 0.019, 0.017, 0.538, 0.0, 1, 1, 1, 1, 1]}}, {"type": "Feature", "geometry": {"type": "Point", "coordinates": [3.56218, 41.745098]}, "properties": {"var_data": [-0.081, -0.17, 0.015, 0.019, 0.672, 0.0, 1, 1, 1, 1, 1]}}, {"type": "Feature", "geometry": {"type": "Point", "coordinates": [3.59752, 41.745098]}, "properties": {"var_data": [-0.17, -0.189, 0.016, 0.021, 1.051, 0.0, 1, 1, 1, 1, 1]}}, {"type": "Feature", "geometry": {"type": "Point", "coordinates": [3.63286, 41.745098]}, "properties": {"var_data": [-0.176, -0.173, 0.015, 0.021, 1.092, 0.0, 1, 1, 1, 1, 1]}}, {"type": "Feature", "geometry": {"type": "Point", "coordinates": [3.6682, 41.745098]}, "properties": {"var_data": [-0.047, -0.05, 0.012, 0.014, 1.355, 0.0, 1, 0, 1, 1, 1]}}, {"type": "Feature", "geometry": {"type": "Point", "coordinates": [3.70354, 41.745098]}, "properties": {"var_data": [-0.046, -0.051, 0.011, 0.013, 1.356, 0.0, 1, 0, 1, 1, 1]}}, {"type": "Feature", "geometry": {"type": "Point", "coordinates": [3.73888, 41.745098]}, "properties": {"var_data": [-0.048, -0.108, 0.011, 0.013, 1.356, 0.0, 1, 0, 1, 1, 1]}}, {"type": "Feature", "geometry": {"type": "Point", "coordinates": [3.77422, 41.745098]}, "properties": {"var_data": [-0.035, -0.091, 0.009, 0.012, 1.114, 0.0, 1, 1, 1, 1, 1]}}, {"type": "Feature", "geometry": {"type": "Point", "coordinates": [3.80956, 41.745098]}, "properties": {"var_data": [-0.082, -0.1, 0.031, 0.059, 1.738, 0.002, 1, 1, 1, 1, 1]}}, {"type": "Feature", "geometry": {"type": "Point", "coordinates": [3.8449, 41.745098]}, "properties": {"var_data": [-0.004, 0.041, 0.091, 0.19, 2.254, 0.017, 4, 1, 4, 1, 1]}}, {"type": "Feature", "geometry": {"type": "Point", "coordinates": [3.88024, 41.745098]}, "properties": {"var_data": [-0.193, -0.366, 0.085, 0.179, 2.753, 0.015, 4, 0, 4, 1, 1]}}, {"type": "Feature", "geometry": {"type": "Point", "coordinates": [3.91558, 41.745098]}, "properties": {"var_data": [-0.09, -0.173, 0.08, 0.166, 2.248, 0.013, 4, 0, 4, 1, 1]}}, {"type": "Feature", "geometry": {"type": "Point", "coordinates": [3.95092, 41.745098]}, "properties": {"var_data": [0.03, 0.035, 0.209, 0.437, 3.017, 0.091, 4, 0, 4, 4, 1]}}, {"type": "Feature", "geometry": {"type": "Point", "coordinates": [4.0216, 41.745098]}, "properties": {"var_data": [-0.015, -0.025, 0.011, 0.021, 1.816, 0.0, 1, 1, 1, 1, 1]}}, {"type": "Feature", "geometry": {"type": "Point", "coordinates": [4.05694, 41.745098]}, "properties": {"var_data": [-0.07, -0.112, 0.019, 0.047, 1.977, 0.001, 1, 1, 1, 1, 1]}}, {"type": "Feature", "geometry": {"type": "Point", "coordinates": [4.09228, 41.745098]}, "properties": {"var_data": [-0.065, -0.1, 0.024, 0.06, 2.063, 0.001, 4, 1, 4, 1, 1]}}, {"type": "Feature", "geometry": {"type": "Point", "coordinates": [3.1381, 41.772099]}, "properties": {"var_data": [0.093, -0.127, 0.018, 0.05, 0.598, -0.001, 1, 1, 1, 1, 1]}}, {"type": "Feature", "geometry": {"type": "Point", "coordinates": [3.17344, 41.772099]}, "properties": {"var_data": [0.073, 0.036, 0.017, 0.038, 0.412, -0.0, 1, 1, 1, 1, 1]}}, {"type": "Feature", "geometry": {"type": "Point", "coordinates": [3.20878, 41.772099]}, "properties": {"var_data": [0.053, 0.098, 0.023, 0.036, 0.38, -0.0, 1, 1, 1, 1, 1]}}, {"type": "Feature", "geometry": {"type": "Point", "coordinates": [3.24412, 41.772099]}, "properties": {"var_data": [0.044, 0.091, 0.021, 0.013, 0.32, 0.0, 1, 1, 1, 1, 1]}}, {"type": "Feature", "geometry": {"type": "Point", "coordinates": [3.27946, 41.772099]}, "properties": {"var_data": [0.021, 0.094, 0.019, 0.012, 0.317, 0.0, 1, 1, 1, 1, 1]}}, {"type": "Feature", "geometry": {"type": "Point", "coordinates": [3.3148, 41.772099]}, "properties": {"var_data": [-0.054, 0.038, 0.021, 0.012, 0.34, 0.0, 1, 1, 1, 1, 1]}}, {"type": "Feature", "geometry": {"type": "Point", "coordinates": [3.35014, 41.772099]}, "properties": {"var_data": [-0.037, 0.004, 0.02, 0.012, 0.382, 0.0, 1, 1, 1, 1, 1]}}, {"type": "Feature", "geometry": {"type": "Point", "coordinates": [3.38548, 41.772099]}, "properties": {"var_data": [-0.016, -0.043, 0.022, 0.015, 0.425, 0.0, 1, 1, 1, 1, 1]}}, {"type": "Feature", "geometry": {"type": "Point", "coordinates": [3.42082, 41.772099]}, "properties": {"var_data": [-0.05, -0.082, 0.015, 0.013, 0.454, 0.0, 1, 1, 1, 1, 1]}}, {"type": "Feature", "geometry": {"type": "Point", "coordinates": [3.45616, 41.772099]}, "properties": {"var_data": [-0.031, -0.112, 0.015, 0.014, 0.436, 0.0, 1, 1, 1, 1, 1]}}, {"type": "Feature", "geometry": {"type": "Point", "coordinates": [3.4915, 41.772099]}, "properties": {"var_data": [-0.037, -0.122, 0.017, 0.016, 0.472, 0.0, 1, 1, 1, 1, 1]}}, {"type": "Feature", "geometry": {"type": "Point", "coordinates": [3.52684, 41.772099]}, "properties": {"var_data": [-0.084, -0.155, 0.018, 0.018, 0.554, 0.0, 1, 1, 1, 1, 1]}}, {"type": "Feature", "geometry": {"type": "Point", "coordinates": [3.56218, 41.772099]}, "properties": {"var_data": [-0.114, -0.132, 0.015, 0.019, 0.751, 0.0, 1, 1, 1, 1, 1]}}, {"type": "Feature", "geometry": {"type": "Point", "coordinates": [3.59752, 41.772099]}, "properties": {"var_data": [-0.092, -0.088, 0.042, 0.061, 0.897, 0.003, 1, 1, 1, 1, 1]}}, {"type": "Feature", "geometry": {"type": "Point", "coordinates": [3.63286, 41.772099]}, "properties": {"var_data": [-0.167, -0.163, 0.054, 0.079, 1.293, 0.004, 1, 1, 1, 1, 1]}}, {"type": "Feature", "geometry": {"type": "Point", "coordinates": [3.6682, 41.772099]}, "properties": {"var_data": [-0.059, -0.076, 0.012, 0.014, 1.191, 0.0, 1, 1, 1, 1, 1]}}, {"type": "Feature", "geometry": {"type": "Point", "coordinates": [3.70354, 41.772099]}, "properties": {"var_data": [-0.042, -0.104, 0.016, 0.015, 1.189, 0.0, 1, 0, 1, 1, 1]}}, {"type": "Feature", "geometry": {"type": "Point", "coordinates": [3.73888, 41.772099]}, "properties": {"var_data": [-0.049, -0.136, 0.017, 0.015, 1.077, 0.0, 1, 1, 1, 1, 1]}}, {"type": "Feature", "geometry": {"type": "Point", "coordinates": [3.77422, 41.772099]}, "properties": {"var_data": [-0.041, -0.139, 0.009, 0.012, 1.065, 0.0, 1, 1, 1, 1, 1]}}, {"type": "Feature", "geometry": {"type": "Point", "coordinates": [3.80956, 41.772099]}, "properties": {"var_data": [-0.089, -0.102, 0.041, 0.085, 1.79, 0.003, 1, 1, 1, 1, 1]}}, {"type": "Feature", "geometry": {"type": "Point", "coordinates": [3.8449, 41.772099]}, "properties": {"var_data": [-0.136, -0.217, 0.027, 0.053, 1.575, 0.001, 1, 1, 1, 1, 1]}}, {"type": "Feature", "geometry": {"type": "Point", "coordinates": [3.88024, 41.772099]}, "properties": {"var_data": [-0.098, -0.186, 0.033, 0.066, 1.876, 0.002, 1, 1, 1, 1, 1]}}, {"type": "Feature", "geometry": {"type": "Point", "coordinates": [3.91558, 41.772099]}, "properties": {"var_data": [-0.093, -0.281, 0.094, 0.182, 3.484, 0.017, 4, 0, 4, 4, 1]}}, {"type": "Feature", "geometry": {"type": "Point", "coordinates": [4.0216, 41.772099]}, "properties": {"var_data": [-0.042, -0.078, 0.018, 0.043, 2.638, 0.001, 4, 1, 4, 1, 1]}}, {"type": "Feature", "geometry": {"type": "Point", "coordinates": [4.05694, 41.772099]}, "properties": {"var_data": [-0.08, -0.139, 0.023, 0.057, 1.978, 0.001, 1, 1, 1, 1, 1]}}, {"type": "Feature", "geometry": {"type": "Point", "coordinates": [4.09228, 41.772099]}, "properties": {"var_data": [-0.053, -0.094, 0.019, 0.046, 2.001, 0.001, 4, 1, 4, 1, 1]}}, {"type": "Feature", "geometry": {"type": "Point", "coordinates": [3.17344, 41.799099]}, "properties": {"var_data": [-0.113, 0.095, 0.033, 0.048, 0.461, -0.001, 1, 1, 1, 1, 1]}}, {"type": "Feature", "geometry": {"type": "Point", "coordinates": [3.20878, 41.799099]}, "properties": {"var_data": [-0.049, 0.133, 0.027, 0.042, 0.392, -0.001, 1, 1, 1, 1, 1]}}, {"type": "Feature", "geometry": {"type": "Point", "coordinates": [3.24412, 41.799099]}, "properties": {"var_data": [-0.04, 0.151, 0.016, 0.008, 0.291, 0.0, 1, 1, 1, 1, 1]}}, {"type": "Feature", "geometry": {"type": "Point", "coordinates": [3.27946, 41.799099]}, "properties": {"var_data": [-0.008, 0.155, 0.017, 0.008, 0.303, 0.0, 1, 1, 1, 1, 1]}}, {"type": "Feature", "geometry": {"type": "Point", "coordinates": [3.3148, 41.799099]}, "properties": {"var_data": [-0.021, 0.063, 0.018, 0.009, 0.325, 0.0, 1, 1, 1, 1, 1]}}, {"type": "Feature", "geometry": {"type": "Point", "coordinates": [3.35014, 41.799099]}, "properties": {"var_data": [-0.043, -0.003, 0.023, 0.014, 0.342, 0.0, 1, 1, 1, 1, 1]}}, {"type": "Feature", "geometry": {"type": "Point", "coordinates": [3.38548, 41.799099]}, "properties": {"var_data": [-0.028, -0.044, 0.016, 0.014, 0.358, 0.0, 1, 1, 1, 1, 1]}}, {"type": "Feature", "geometry": {"type": "Point", "coordinates": [3.42082, 41.799099]}, "properties": {"var_data": [-0.046, -0.096, 0.018, 0.018, 0.389, 0.0, 1, 1, 1, 1, 1]}}, {"type": "Feature", "geometry": {"type": "Point", "coordinates": [3.45616, 41.799099]}, "properties": {"var_data": [-0.068, -0.14, 0.016, 0.017, 0.472, 0.0, 1, 1, 1, 1, 1]}}, {"type": "Feature", "geometry": {"type": "Point", "coordinates": [3.4915, 41.799099]}, "properties": {"var_data": [-0.077, -0.147, 0.014, 0.015, 0.472, 0.0, 1, 1, 1, 1, 1]}}, {"type": "Feature", "geometry": {"type": "Point", "coordinates": [3.52684, 41.799099]}, "properties": {"var_data": [-0.101, -0.155, 0.016, 0.016, 0.525, 0.0, 1, 1, 1, 1, 1]}}, {"type": "Feature", "geometry": {"type": "Point", "coordinates": [3.56218, 41.799099]}, "properties": {"var_data": [-0.09, -0.119, 0.021, 0.026, 0.687, 0.0, 1, 1, 1, 1, 1]}}, {"type": "Feature", "geometry": {"type": "Point", "coordinates": [3.59752, 41.799099]}, "properties": {"var_data": [-0.122, -0.08, 0.043, 0.062, 0.927, 0.003, 1, 1, 1, 1, 1]}}, {"type": "Feature", "geometry": {"type": "Point", "coordinates": [3.63286, 41.799099]}, "properties": {"var_data": [-0.056, -0.052, 0.068, 0.099, 1.239, 0.007, 1, 1, 1, 1, 1]}}, {"type": "Feature", "geometry": {"type": "Point", "coordinates": [3.6682, 41.799099]}, "properties": {"var_data": [-0.202, -0.298, 0.017, 0.016, 1.787, 0.0, 1, 1, 1, 1, 1]}}, {"type": "Feature", "geometry": {"type": "Point", "coordinates": [3.70354, 41.799099]}, "properties": {"var_data": [-0.038, -0.15, 0.017, 0.015, 1.147, 0.0, 1, 1, 1, 1, 1]}}, {"type": "Feature", "geometry": {"type": "Point", "coordinates": [3.73888, 41.799099]}, "properties": {"var_data": [0.035, -0.137, 0.038, 0.024, 1.172, 0.001, 1, 1, 1, 1, 1]}}, {"type": "Feature", "geometry": {"type": "Point", "coordinates": [3.77422, 41.799099]}, "properties": {"var_data": [-0.175, -0.281, 0.062, 0.039, 1.711, 0.002, 1, 1, 1, 1, 1]}}, {"type": "Feature", "geometry": {"type": "Point", "coordinates": [3.80956, 41.799099]}, "properties": {"var_data": [-0.144, -0.271, 0.074, 0.073, 1.821, 0.005, 1, 1, 1, 1, 1]}}, {"type": "Feature", "geometry": {"type": "Point", "coordinates": [3.17344, 41.826099]}, "properties": {"var_data": [-0.238, 0.134, 0.045, 0.069, 0.558, -0.003, 1, 1, 1, 1, 1]}}, {"type": "Feature", "geometry": {"type": "Point", "coordinates": [3.20878, 41.826099]}, "properties": {"var_data": [-0.126, 0.179, 0.016, 0.008, 0.368, 0.0, 1, 1, 1, 1, 1]}}, {"type": "Feature", "geometry": {"type": "Point", "coordinates": [3.24412, 41.826099]}, "properties": {"var_data": [-0.086, 0.192, 0.015, 0.008, 0.286, 0.0, 1, 1, 1, 1, 1]}}, {"type": "Feature", "geometry": {"type": "Point", "coordinates": [3.27946, 41.826099]}, "properties": {"var_data": [-0.024, 0.181, 0.005, 0.003, 0.282, 0.0, 1, 1, 1, 1, 1]}}, {"type": "Feature", "geometry": {"type": "Point", "coordinates": [3.3148, 41.826099]}, "properties": {"var_data": [-0.048, 0.129, 0.005, 0.003, 0.294, 0.0, 1, 1, 1, 1, 1]}}, {"type": "Feature", "geometry": {"type": "Point", "coordinates": [3.35014, 41.826099]}, "properties": {"var_data": [-0.084, 0.038, 0.016, 0.009, 0.309, 0.0, 1, 1, 1, 1, 1]}}, {"type": "Feature", "geometry": {"type": "Point", "coordinates": [3.38548, 41.826099]}, "properties": {"var_data": [-0.069, -0.031, 0.021, 0.023, 0.343, 0.0, 1, 1, 1, 1, 1]}}, {"type": "Feature", "geometry": {"type": "Point", "coordinates": [3.42082, 41.826099]}, "properties": {"var_data": [-0.049, -0.122, 0.013, 0.014, 0.372, 0.0, 1, 1, 1, 1, 1]}}, {"type": "Feature", "geometry": {"type": "Point", "coordinates": [3.45616, 41.826099]}, "properties": {"var_data": [-0.057, -0.155, 0.013, 0.014, 0.392, 0.0, 1, 1, 1, 1, 1]}}, {"type": "Feature", "geometry": {"type": "Point", "coordinates": [3.4915, 41.826099]}, "properties": {"var_data": [-0.071, -0.143, 0.012, 0.012, 0.447, 0.0, 1, 1, 1, 1, 1]}}, {"type": "Feature", "geometry": {"type": "Point", "coordinates": [3.52684, 41.826099]}, "properties": {"var_data": [-0.071, -0.125, 0.021, 0.022, 0.559, 0.0, 1, 1, 1, 1, 1]}}, {"type": "Feature", "geometry": {"type": "Point", "coordinates": [3.56218, 41.826099]}, "properties": {"var_data": [-0.094, -0.116, 0.023, 0.026, 0.744, 0.0, 1, 1, 1, 1, 1]}}, {"type": "Feature", "geometry": {"type": "Point", "coordinates": [3.59752, 41.826099]}, "properties": {"var_data": [-0.054, -0.157, 0.025, 0.024, 0.722, 0.0, 1, 1, 1, 1, 1]}}, {"type": "Feature", "geometry": {"type": "Point", "coordinates": [3.63286, 41.826099]}, "properties": {"var_data": [-0.056, -0.199, 0.041, 0.047, 1.129, 0.002, 1, 1, 1, 1, 1]}}, {"type": "Feature", "geometry": {"type": "Point", "coordinates": [3.6682, 41.826099]}, "properties": {"var_data": [0.003, -0.196, 0.117, 0.074, 1.209, 0.008, 1, 1, 1, 1, 1]}}, {"type": "Feature", "geometry": {"type": "Point", "coordinates": [3.88024, 41.826099]}, "properties": {"var_data": [0.022, -0.204, 0.01, 0.025, 1.744, 0.0, 1, 1, 1, 1, 1]}}, {"type": "Feature", "geometry": {"type": "Point", "coordinates": [3.91558, 41.826099]}, "properties": {"var_data": [0.03, -0.184, 0.01, 0.026, 1.775, 0.0, 1, 1, 1, 1, 1]}}, {"type": "Feature", "geometry": {"type": "Point", "coordinates": [3.17344, 41.8531]}, "properties": {"var_data": [-0.303, 0.175, 0.044, 0.059, 0.602, -0.002, 1, 1, 1, 1, 1]}}, {"type": "Feature", "geometry": {"type": "Point", "coordinates": [3.20878, 41.8531]}, "properties": {"var_data": [-0.204, 0.201, 0.015, 0.011, 0.357, 0.0, 1, 1, 1, 1, 1]}}, {"type": "Feature", "geometry": {"type": "Point", "coordinates": [3.24412, 41.8531]}, "properties": {"var_data": [-0.087, 0.203, 0.004, 0.003, 0.282, 0.0, 1, 1, 1, 1, 1]}}, {"type": "Feature", "geometry": {"type": "Point", "coordinates": [3.27946, 41.8531]}, "properties": {"var_data": [-0.048, 0.221, 0.004, 0.003, 0.274, 0.0, 1, 1, 1, 1, 1]}}, {"type": "Feature", "geometry": {"type": "Point", "coordinates": [3.3148, 41.8531]}, "properties": {"var_data": [-0.08, 0.14, 0.003, 0.003, 0.298, 0.0, 1, 1, 1, 1, 1]}}, {"type": "Feature", "geometry": {"type": "Point", "coordinates": [3.35014, 41.8531]}, "properties": {"var_data": [-0.105, 0.041, 0.003, 0.003, 0.303, 0.0, 1, 1, 1, 1, 1]}}, {"type": "Feature", "geometry": {"type": "Point", "coordinates": [3.38548, 41.8531]}, "properties": {"var_data": [-0.08, -0.058, 0.007, 0.012, 0.33, 0.0, 1, 1, 1, 1, 1]}}, {"type": "Feature", "geometry": {"type": "Point", "coordinates": [3.42082, 41.8531]}, "properties": {"var_data": [-0.053, -0.113, 0.012, 0.013, 0.356, 0.0, 1, 1, 1, 1, 1]}}, {"type": "Feature", "geometry": {"type": "Point", "coordinates": [3.45616, 41.8531]}, "properties": {"var_data": [-0.071, -0.129, 0.012, 0.013, 0.407, 0.0, 1, 1, 1, 1, 1]}}, {"type": "Feature", "geometry": {"type": "Point", "coordinates": [3.4915, 41.8531]}, "properties": {"var_data": [-0.04, -0.165, 0.02, 0.014, 0.492, 0.0, 1, 1, 1, 1, 1]}}, {"type": "Feature", "geometry": {"type": "Point", "coordinates": [3.52684, 41.8531]}, "properties": {"var_data": [-0.047, -0.125, 0.023, 0.015, 0.565, 0.0, 1, 1, 1, 1, 1]}}, {"type": "Feature", "geometry": {"type": "Point", "coordinates": [3.56218, 41.8531]}, "properties": {"var_data": [-0.089, -0.061, 0.031, 0.026, 0.754, 0.001, 1, 1, 1, 1, 1]}}, {"type": "Feature", "geometry": {"type": "Point", "coordinates": [3.59752, 41.8531]}, "properties": {"var_data": [-0.041, -0.269, 0.047, 0.028, 0.828, 0.001, 1, 1, 1, 1, 1]}}, {"type": "Feature", "geometry": {"type": "Point", "coordinates": [3.63286, 41.8531]}, "properties": {"var_data": [0.015, -0.243, 0.117, 0.071, 1.147, 0.008, 1, 1, 1, 1, 1]}}, {"type": "Feature", "geometry": {"type": "Point", "coordinates": [3.6682, 41.8531]}, "properties": {"var_data": [-0.009, -0.215, 0.105, 0.067, 1.115, 0.007, 1, 1, 1, 1, 1]}}, {"type": "Feature", "geometry": {"type": "Point", "coordinates": [3.70354, 41.8531]}, "properties": {"var_data": [-0.025, -0.147, 0.109, 0.074, 1.141, 0.008, 1, 1, 1, 1, 1]}}, {"type": "Feature", "geometry": {"type": "Point", "coordinates": [3.77422, 41.8531]}, "properties": {"var_data": [0.038, -0.094, 0.162, 0.121, 1.676, 0.019, 1, 1, 1, 1, 1]}}, {"type": "Feature", "geometry": {"type": "Point", "coordinates": [3.80956, 41.8531]}, "properties": {"var_data": [0.004, -0.216, 0.165, 0.143, 1.694, 0.023, 1, 1, 1, 1, 1]}}, {"type": "Feature", "geometry": {"type": "Point", "coordinates": [3.8449, 41.8531]}, "properties": {"var_data": [0.027, -0.184, 0.01, 0.025, 1.308, 0.0, 1, 1, 1, 1, 1]}}, {"type": "Feature", "geometry": {"type": "Point", "coordinates": [3.88024, 41.8531]}, "properties": {"var_data": [0.014, -0.213, 0.01, 0.024, 1.319, 0.0, 1, 1, 1, 1, 1]}}, {"type": "Feature", "geometry": {"type": "Point", "coordinates": [3.91558, 41.8531]}, "properties": {"var_data": [0.044, -0.158, 0.01, 0.026, 1.849, 0.0, 1, 1, 1, 1, 1]}}, {"type": "Feature", "geometry": {"type": "Point", "coordinates": [3.95092, 41.8531]}, "properties": {"var_data": [0.064, -0.104, 0.01, 0.024, 1.923, 0.0, 1, 1, 1, 1, 1]}}, {"type": "Feature", "geometry": {"type": "Point", "coordinates": [4.05694, 41.8531]}, "properties": {"var_data": [-0.116, -0.359, 0.074, 0.096, 2.002, 0.007, 4, 1, 4, 1, 1]}}, {"type": "Feature", "geometry": {"type": "Point", "coordinates": [3.20878, 41.8801]}, "properties": {"var_data": [-0.174, 0.206, 0.013, 0.009, 0.321, 0.0, 1, 1, 1, 1, 1]}}, {"type": "Feature", "geometry": {"type": "Point", "coordinates": [3.24412, 41.8801]}, "properties": {"var_data": [-0.114, 0.204, 0.004, 0.004, 0.265, 0.0, 1, 1, 1, 1, 1]}}, {"type": "Feature", "geometry": {"type": "Point", "coordinates": [3.27946, 41.8801]}, "properties": {"var_data": [-0.099, 0.192, 0.004, 0.003, 0.26, 0.0, 1, 1, 1, 1, 1]}}, {"type": "Feature", "geometry": {"type": "Point", "coordinates": [3.3148, 41.8801]}, "properties": {"var_data": [-0.114, 0.136, 0.002, 0.003, 0.291, 0.0, 1, 1, 1, 1, 1]}}, {"type": "Feature", "geometry": {"type": "Point", "coordinates": [3.35014, 41.8801]}, "properties": {"var_data": [-0.122, 0.035, 0.002, 0.003, 0.306, 0.0, 1, 1, 1, 1, 1]}}, {"type": "Feature", "geometry": {"type": "Point", "coordinates": [3.38548, 41.8801]}, "properties": {"var_data": [-0.114, -0.031, 0.002, 0.003, 0.316, 0.0, 1, 1, 1, 1, 1]}}, {"type": "Feature", "geometry": {"type": "Point", "coordinates": [3.42082, 41.8801]}, "properties": {"var_data": [-0.062, -0.104, 0.006, 0.009, 0.345, -0.0, 1, 1, 1, 1, 1]}}, {"type": "Feature", "geometry": {"type": "Point", "coordinates": [3.45616, 41.8801]}, "properties": {"var_data": [-0.061, -0.112, 0.018, 0.013, 0.415, 0.0, 1, 1, 1, 1, 1]}}, {"type": "Feature", "geometry": {"type": "Point", "coordinates": [3.4915, 41.8801]}, "properties": {"var_data": [-0.052, -0.16, 0.022, 0.015, 0.504, 0.0, 1, 1, 1, 1, 1]}}, {"type": "Feature", "geometry": {"type": "Point", "coordinates": [3.52684, 41.8801]}, "properties": {"var_data": [-0.068, -0.098, 0.026, 0.024, 0.692, 0.0, 1, 1, 1, 1, 1]}}, {"type": "Feature", "geometry": {"type": "Point", "coordinates": [3.56218, 41.8801]}, "properties": {"var_data": [0.01, -0.168, 0.045, 0.031, 0.847, 0.001, 1, 1, 1, 1, 1]}}, {"type": "Feature", "geometry": {"type": "Point", "coordinates": [3.59752, 41.8801]}, "properties": {"var_data": [0.022, -0.274, 0.117, 0.071, 1.147, 0.008, 1, 1, 1, 1, 1]}}, {"type": "Feature", "geometry": {"type": "Point", "coordinates": [3.63286, 41.8801]}, "properties": {"var_data": [-0.013, -0.233, 0.111, 0.069, 1.109, 0.007, 1, 1, 1, 1, 1]}}, {"type": "Feature", "geometry": {"type": "Point", "coordinates": [3.6682, 41.8801]}, "properties": {"var_data": [-0.029, -0.215, 0.103, 0.067, 1.104, 0.007, 1, 1, 1, 1, 1]}}, {"type": "Feature", "geometry": {"type": "Point", "coordinates": [3.73888, 41.8801]}, "properties": {"var_data": [0.02, -0.115, 0.126, 0.103, 1.488, 0.013, 1, 1, 1, 1, 1]}}, {"type": "Feature", "geometry": {"type": "Point", "coordinates": [3.77422, 41.8801]}, "properties": {"var_data": [0.046, -0.048, 0.101, 0.084, 1.21, 0.008, 1, 1, 1, 1, 1]}}, {"type": "Feature", "geometry": {"type": "Point", "coordinates": [3.80956, 41.8801]}, "properties": {"var_data": [0.016, -0.177, 0.098, 0.093, 1.261, 0.009, 1, 1, 1, 1, 1]}}, {"type": "Feature", "geometry": {"type": "Point", "coordinates": [3.8449, 41.8801]}, "properties": {"var_data": [-0.024, -0.227, 0.01, 0.023, 1.091, 0.0, 1, 1, 1, 1, 1]}}, {"type": "Feature", "geometry": {"type": "Point", "coordinates": [3.88024, 41.8801]}, "properties": {"var_data": [-0.03, -0.247, 0.01, 0.024, 1.139, 0.0, 1, 1, 1, 1, 1]}}, {"type": "Feature", "geometry": {"type": "Point", "coordinates": [3.91558, 41.8801]}, "properties": {"var_data": [-0.04, -0.246, 0.01, 0.027, 1.341, 0.0, 1, 1, 1, 1, 1]}}, {"type": "Feature", "geometry": {"type": "Point", "coordinates": [3.95092, 41.8801]}, "properties": {"var_data": [0.052, -0.141, 0.01, 0.026, 1.923, 0.0, 1, 1, 1, 1, 1]}}, {"type": "Feature", "geometry": {"type": "Point", "coordinates": [4.0216, 41.8801]}, "properties": {"var_data": [-0.117, -0.367, 0.074, 0.098, 2.196, 0.007, 4, 1, 4, 4, 1]}}, {"type": "Feature", "geometry": {"type": "Point", "coordinates": [4.05694, 41.8801]}, "properties": {"var_data": [-0.123, -0.428, 0.074, 0.104, 2.194, 0.007, 4, 1, 4, 4, 1]}}, {"type": "Feature", "geometry": {"type": "Point", "coordinates": [4.09228, 41.8801]}, "properties": {"var_data": [-0.124, -0.437, 0.074, 0.1, 2.192, 0.007, 4, 1, 4, 4, 1]}}, {"type": "Feature", "geometry": {"type": "Point", "coordinates": [3.24412, 41.907101]}, "properties": {"var_data": [-0.163, 0.202, 0.004, 0.005, 0.251, 0.0, 1, 1, 1, 1, 1]}}, {"type": "Feature", "geometry": {"type": "Point", "coordinates": [3.27946, 41.907101]}, "properties": {"var_data": [-0.175, 0.154, 0.002, 0.003, 0.26, 0.0, 1, 1, 1, 1, 1]}}, {"type": "Feature", "geometry": {"type": "Point", "coordinates": [3.3148, 41.907101]}, "properties": {"var_data": [-0.162, 0.101, 0.002, 0.003, 0.274, 0.0, 1, 1, 1, 1, 1]}}, {"type": "Feature", "geometry": {"type": "Point", "coordinates": [3.35014, 41.907101]}, "properties": {"var_data": [-0.174, -0.017, 0.002, 0.003, 0.327, 0.0, 1, 1, 1, 1, 1]}}, {"type": "Feature", "geometry": {"type": "Point", "coordinates": [3.38548, 41.907101]}, "properties": {"var_data": [-0.144, -0.048, 0.002, 0.003, 0.332, 0.0, 1, 1, 1, 1, 1]}}, {"type": "Feature", "geometry": {"type": "Point", "coordinates": [3.42082, 41.907101]}, "properties": {"var_data": [-0.109, -0.092, 0.003, 0.005, 0.383, 0.0, 1, 1, 1, 1, 1]}}, {"type": "Feature", "geometry": {"type": "Point", "coordinates": [3.45616, 41.907101]}, "properties": {"var_data": [-0.069, -0.137, 0.005, 0.009, 0.399, -0.0, 1, 1, 1, 1, 1]}}, {"type": "Feature", "geometry": {"type": "Point", "coordinates": [3.4915, 41.907101]}, "properties": {"var_data": [-0.038, -0.156, 0.028, 0.023, 0.565, 0.0, 1, 1, 1, 1, 1]}}, {"type": "Feature", "geometry": {"type": "Point", "coordinates": [3.52684, 41.907101]}, "properties": {"var_data": [-0.134, 0.059, 0.069, 0.089, 1.224, -0.001, 4, 1, 1, 4, 1]}}, {"type": "Feature", "geometry": {"type": "Point", "coordinates": [3.56218, 41.907101]}, "properties": {"var_data": [-0.062, -0.087, 0.064, 0.068, 0.871, 0.0, 1, 1, 1, 1, 1]}}, {"type": "Feature", "geometry": {"type": "Point", "coordinates": [3.73888, 41.907101]}, "properties": {"var_data": [0.029, -0.11, 0.123, 0.099, 1.468, 0.012, 1, 1, 1, 1, 1]}}, {"type": "Feature", "geometry": {"type": "Point", "coordinates": [3.77422, 41.907101]}, "properties": {"var_data": [0.024, -0.138, 0.097, 0.093, 1.294, 0.009, 1, 1, 1, 1, 1]}}, {"type": "Feature", "geometry": {"type": "Point", "coordinates": [3.80956, 41.907101]}, "properties": {"var_data": [-0.027, -0.215, 0.07, 0.068, 1.043, 0.005, 1, 1, 1, 1, 1]}}, {"type": "Feature", "geometry": {"type": "Point", "coordinates": [3.8449, 41.907101]}, "properties": {"var_data": [-0.011, -0.174, 0.01, 0.026, 1.134, 0.0, 1, 1, 1, 1, 1]}}, {"type": "Feature", "geometry": {"type": "Point", "coordinates": [3.88024, 41.907101]}, "properties": {"var_data": [-0.028, -0.207, 0.01, 0.024, 1.161, 0.0, 1, 1, 1, 1, 1]}}, {"type": "Feature", "geometry": {"type": "Point", "coordinates": [3.91558, 41.907101]}, "properties": {"var_data": [-0.043, -0.24, 0.01, 0.023, 1.351, 0.0, 1, 1, 1, 1, 1]}}, {"type": "Feature", "geometry": {"type": "Point", "coordinates": [3.98626, 41.907101]}, "properties": {"var_data": [-0.117, -0.367, 0.074, 0.098, 2.196, 0.007, 4, 1, 4, 4, 1]}}, {"type": "Feature", "geometry": {"type": "Point", "coordinates": [4.0216, 41.907101]}, "properties": {"var_data": [-0.117, -0.367, 0.074, 0.098, 2.196, 0.007, 4, 1, 4, 4, 1]}}, {"type": "Feature", "geometry": {"type": "Point", "coordinates": [4.05694, 41.907101]}, "properties": {"var_data": [-0.119, -0.392, 0.074, 0.107, 2.535, 0.007, 4, 0, 4, 4, 1]}}, {"type": "Feature", "geometry": {"type": "Point", "coordinates": [4.12762, 41.907101]}, "properties": {"var_data": [-0.076, 0.056, 0.086, 0.379, 3.477, 0.023, 4, 1, 4, 4, 1]}}, {"type": "Feature", "geometry": {"type": "Point", "coordinates": [3.24412, 41.934101]}, "properties": {"var_data": [-0.202, 0.185, 0.003, 0.003, 0.23, -0.0, 1, 1, 1, 1, 1]}}, {"type": "Feature", "geometry": {"type": "Point", "coordinates": [3.27946, 41.934101]}, "properties": {"var_data": [-0.198, 0.133, 0.003, 0.004, 0.225, 0.0, 1, 1, 1, 1, 1]}}, {"type": "Feature", "geometry": {"type": "Point", "coordinates": [3.3148, 41.934101]}, "properties": {"var_data": [-0.198, 0.017, 0.002, 0.003, 0.248, 0.0, 1, 1, 1, 1, 1]}}, {"type": "Feature", "geometry": {"type": "Point", "coordinates": [3.35014, 41.934101]}, "properties": {"var_data": [-0.165, -0.037, 0.002, 0.003, 0.283, 0.0, 1, 1, 1, 1, 1]}}, {"type": "Feature", "geometry": {"type": "Point", "coordinates": [3.38548, 41.934101]}, "properties": {"var_data": [-0.134, -0.102, 0.002, 0.003, 0.303, 0.0, 1, 1, 1, 1, 1]}}, {"type": "Feature", "geometry": {"type": "Point", "coordinates": [3.42082, 41.934101]}, "properties": {"var_data": [-0.1, -0.148, 0.003, 0.009, 0.342, -0.0, 1, 1, 1, 1, 1]}}, {"type": "Feature", "geometry": {"type": "Point", "coordinates": [3.45616, 41.934101]}, "properties": {"var_data": [-0.123, -0.157, 0.002, 0.01, 0.396, -0.0, 1, 1, 1, 1, 1]}}, {"type": "Feature", "geometry": {"type": "Point", "coordinates": [3.4915, 41.934101]}, "properties": {"var_data": [-0.157, -0.155, 0.002, 0.019, 0.535, -0.0, 1, 1, 1, 1, 1]}}, {"type": "Feature", "geometry": {"type": "Point", "coordinates": [3.52684, 41.934101]}, "properties": {"var_data": [-0.102, -0.081, 0.005, 0.166, 0.864, 0.0, 1, 1, 1, 1, 1]}}, {"type": "Feature", "geometry": {"type": "Point", "coordinates": [3.56218, 41.934101]}, "properties": {"var_data": [-0.081, -0.05, 0.133, 0.197, 1.158, -0.009, 1, 1, 1, 1, 1]}}, {"type": "Feature", "geometry": {"type": "Point", "coordinates": [3.59752, 41.934101]}, "properties": {"var_data": [-0.148, -0.171, 0.019, 0.019, 0.962, 0.0, 1, 1, 1, 1, 1]}}, {"type": "Feature", "geometry": {"type": "Point", "coordinates": [3.63286, 41.934101]}, "properties": {"var_data": [-0.158, -0.232, 0.019, 0.016, 0.925, 0.0, 1, 1, 1, 1, 1]}}, {"type": "Feature", "geometry": {"type": "Point", "coordinates": [3.6682, 41.934101]}, "properties": {"var_data": [-0.135, -0.227, 0.012, 0.038, 0.827, 0.0, 1, 1, 1, 1, 1]}}, {"type": "Feature", "geometry": {"type": "Point", "coordinates": [3.70354, 41.934101]}, "properties": {"var_data": [-0.066, -0.146, 0.013, 0.022, 0.802, 0.0, 1, 1, 1, 1, 1]}}, {"type": "Feature", "geometry": {"type": "Point", "coordinates": [3.73888, 41.934101]}, "properties": {"var_data": [-0.055, -0.239, 0.013, 0.02, 0.765, 0.0, 1, 1, 1, 1, 1]}}, {"type": "Feature", "geometry": {"type": "Point", "coordinates": [3.77422, 41.934101]}, "properties": {"var_data": [-0.055, -0.257, 0.013, 0.021, 0.846, 0.0, 1, 1, 1, 1, 1]}}, {"type": "Feature", "geometry": {"type": "Point", "coordinates": [3.80956, 41.934101]}, "properties": {"var_data": [-0.053, -0.217, 0.019, 0.023, 0.787, 0.0, 1, 1, 1, 1, 1]}}, {"type": "Feature", "geometry": {"type": "Point", "coordinates": [3.8449, 41.934101]}, "properties": {"var_data": [-0.028, -0.187, 0.027, 0.033, 0.858, 0.001, 1, 1, 1, 1, 1]}}, {"type": "Feature", "geometry": {"type": "Point", "coordinates": [3.88024, 41.934101]}, "properties": {"var_data": [-0.048, -0.205, 0.035, 0.043, 1.2, 0.001, 1, 1, 1, 1, 1]}}, {"type": "Feature", "geometry": {"type": "Point", "coordinates": [3.91558, 41.934101]}, "properties": {"var_data": [-0.04, -0.209, 0.036, 0.054, 1.3, 0.002, 1, 1, 1, 1, 1]}}, {"type": "Feature", "geometry": {"type": "Point", "coordinates": [3.98626, 41.934101]}, "properties": {"var_data": [-0.058, -0.329, 0.011, 0.036, 1.894, 0.0, 1, 1, 1, 1, 1]}}, {"type": "Feature", "geometry": {"type": "Point", "coordinates": [4.0216, 41.934101]}, "properties": {"var_data": [-0.071, -0.308, 0.01, 0.036, 1.503, 0.0, 1, 1, 1, 1, 1]}}, {"type": "Feature", "geometry": {"type": "Point", "coordinates": [4.09228, 41.934101]}, "properties": {"var_data": [-0.062, 0.085, 0.009, 0.278, 2.366, 0.001, 4, 1, 4, 1, 1]}}, {"type": "Feature", "geometry": {"type": "Point", "coordinates": [4.12762, 41.934101]}, "properties": {"var_data": [-0.058, 0.088, 0.015, 0.299, 2.528, 0.001, 4, 1, 4, 4, 1]}}, {"type": "Feature", "geometry": {"type": "Point", "coordinates": [3.24412, 41.961102]}, "properties": {"var_data": [-0.194, 0.177, 0.002, 0.003, 0.198, -0.0, 1, 1, 1, 1, 1]}}, {"type": "Feature", "geometry": {"type": "Point", "coordinates": [3.27946, 41.961102]}, "properties": {"var_data": [-0.184, 0.133, 0.002, 0.003, 0.203, -0.0, 1, 1, 1, 1, 1]}}, {"type": "Feature", "geometry": {"type": "Point", "coordinates": [3.3148, 41.961102]}, "properties": {"var_data": [-0.156, 0.027, 0.003, 0.005, 0.237, 0.0, 1, 1, 1, 1, 1]}}, {"type": "Feature", "geometry": {"type": "Point", "coordinates": [3.35014, 41.961102]}, "properties": {"var_data": [-0.128, -0.034, 0.003, 0.005, 0.258, -0.0, 1, 1, 1, 1, 1]}}, {"type": "Feature", "geometry": {"type": "Point", "coordinates": [3.38548, 41.961102]}, "properties": {"var_data": [-0.113, -0.095, 0.002, 0.005, 0.284, -0.0, 1, 1, 1, 1, 1]}}, {"type": "Feature", "geometry": {"type": "Point", "coordinates": [3.42082, 41.961102]}, "properties": {"var_data": [-0.101, -0.131, 0.002, 0.009, 0.312, -0.0, 1, 1, 1, 1, 1]}}, {"type": "Feature", "geometry": {"type": "Point", "coordinates": [3.45616, 41.961102]}, "properties": {"var_data": [-0.116, -0.154, 0.002, 0.009, 0.387, -0.0, 1, 1, 1, 1, 1]}}, {"type": "Feature", "geometry": {"type": "Point", "coordinates": [3.4915, 41.961102]}, "properties": {"var_data": [-0.125, -0.172, 0.002, 0.019, 0.503, -0.0, 1, 1, 1, 1, 1]}}, {"type": "Feature", "geometry": {"type": "Point", "coordinates": [3.52684, 41.961102]}, "properties": {"var_data": [-0.145, -0.125, 0.002, 0.021, 0.611, -0.0, 1, 1, 1, 1, 1]}}, {"type": "Feature", "geometry": {"type": "Point", "coordinates": [3.56218, 41.961102]}, "properties": {"var_data": [-0.16, -0.063, 0.007, 0.013, 0.675, 0.0, 1, 1, 1, 1, 1]}}, {"type": "Feature", "geometry": {"type": "Point", "coordinates": [3.59752, 41.961102]}, "properties": {"var_data": [-0.15, -0.113, 0.007, 0.014, 0.65, 0.0, 1, 1, 1, 1, 1]}}, {"type": "Feature", "geometry": {"type": "Point", "coordinates": [3.63286, 41.961102]}, "properties": {"var_data": [-0.14, -0.074, 0.004, 0.012, 0.679, 0.0, 1, 1, 1, 1, 1]}}, {"type": "Feature", "geometry": {"type": "Point", "coordinates": [3.6682, 41.961102]}, "properties": {"var_data": [-0.109, -0.103, 0.005, 0.013, 0.67, 0.0, 1, 1, 1, 1, 1]}}, {"type": "Feature", "geometry": {"type": "Point", "coordinates": [3.70354, 41.961102]}, "properties": {"var_data": [-0.091, -0.187, 0.004, 0.026, 0.627, -0.0, 1, 1, 1, 1, 1]}}, {"type": "Feature", "geometry": {"type": "Point", "coordinates": [3.73888, 41.961102]}, "properties": {"var_data": [-0.058, -0.235, 0.004, 0.016, 0.625, -0.0, 1, 1, 1, 1, 1]}}, {"type": "Feature", "geometry": {"type": "Point", "coordinates": [3.77422, 41.961102]}, "properties": {"var_data": [-0.067, -0.224, 0.004, 0.008, 0.661, 0.0, 1, 1, 1, 1, 1]}}, {"type": "Feature", "geometry": {"type": "Point", "coordinates": [3.80956, 41.961102]}, "properties": {"var_data": [-0.048, -0.17, 0.016, 0.021, 0.759, 0.0, 1, 1, 1, 1, 1]}}, {"type": "Feature", "geometry": {"type": "Point", "coordinates": [3.8449, 41.961102]}, "properties": {"var_data": [-0.074, -0.208, 0.003, 0.012, 0.739, 0.0, 1, 1, 1, 1, 1]}}, {"type": "Feature", "geometry": {"type": "Point", "coordinates": [3.88024, 41.961102]}, "properties": {"var_data": [-0.065, -0.186, 0.003, 0.014, 0.941, -0.0, 1, 1, 1, 1, 1]}}, {"type": "Feature", "geometry": {"type": "Point", "coordinates": [3.91558, 41.961102]}, "properties": {"var_data": [-0.034, -0.201, 0.025, 0.035, 1.139, 0.001, 1, 1, 1, 1, 1]}}, {"type": "Feature", "geometry": {"type": "Point", "coordinates": [3.95092, 41.961102]}, "properties": {"var_data": [-0.007, -0.17, 0.014, 0.067, 1.368, -0.0, 1, 1, 1, 1, 1]}}, {"type": "Feature", "geometry": {"type": "Point", "coordinates": [3.98626, 41.961102]}, "properties": {"var_data": [-0.064, -0.262, 0.011, 0.095, 2.198, 0.0, 4, 0, 4, 4, 1]}}, {"type": "Feature", "geometry": {"type": "Point", "coordinates": [4.0216, 41.961102]}, "properties": {"var_data": [-0.038, -0.303, 0.011, 0.1, 1.735, 0.0, 1, 0, 1, 1, 1]}}, {"type": "Feature", "geometry": {"type": "Point", "coordinates": [4.05694, 41.961102]}, "properties": {"var_data": [-0.056, -0.209, 0.009, 0.102, 2.291, 0.0, 4, 0, 4, 1, 1]}}, {"type": "Feature", "geometry": {"type": "Point", "coordinates": [4.09228, 41.961102]}, "properties": {"var_data": [-0.045, -0.048, 0.009, 0.097, 1.78, 0.0, 1, 1, 1, 1, 1]}}, {"type": "Feature", "geometry": {"type": "Point", "coordinates": [4.12762, 41.961102]}, "properties": {"var_data": [-0.042, -0.044, 0.012, 0.099, 1.887, 0.0, 1, 1, 1, 1, 1]}}, {"type": "Feature", "geometry": {"type": "Point", "coordinates": [3.24412, 41.988098]}, "properties": {"var_data": [-0.181, 0.235, 0.002, 0.002, 0.2, -0.0, 1, 1, 1, 1, 1]}}, {"type": "Feature", "geometry": {"type": "Point", "coordinates": [3.27946, 41.988098]}, "properties": {"var_data": [-0.152, 0.143, 0.003, 0.003, 0.208, -0.0, 1, 1, 1, 1, 1]}}, {"type": "Feature", "geometry": {"type": "Point", "coordinates": [3.3148, 41.988098]}, "properties": {"var_data": [-0.098, 0.045, 0.004, 0.006, 0.238, -0.0, 1, 1, 1, 1, 1]}}, {"type": "Feature", "geometry": {"type": "Point", "coordinates": [3.35014, 41.988098]}, "properties": {"var_data": [-0.074, -0.057, 0.003, 0.006, 0.252, -0.0, 1, 1, 1, 1, 1]}}, {"type": "Feature", "geometry": {"type": "Point", "coordinates": [3.38548, 41.988098]}, "properties": {"var_data": [-0.075, -0.102, 0.003, 0.009, 0.275, -0.0, 1, 1, 1, 1, 1]}}, {"type": "Feature", "geometry": {"type": "Point", "coordinates": [3.42082, 41.988098]}, "properties": {"var_data": [-0.094, -0.131, 0.002, 0.008, 0.302, -0.0, 1, 1, 1, 1, 1]}}, {"type": "Feature", "geometry": {"type": "Point", "coordinates": [3.45616, 41.988098]}, "properties": {"var_data": [-0.099, -0.182, 0.002, 0.014, 0.367, -0.0, 1, 1, 1, 1, 1]}}, {"type": "Feature", "geometry": {"type": "Point", "coordinates": [3.4915, 41.988098]}, "properties": {"var_data": [-0.112, -0.204, 0.002, 0.02, 0.57, -0.0, 1, 1, 1, 1, 1]}}, {"type": "Feature", "geometry": {"type": "Point", "coordinates": [3.52684, 41.988098]}, "properties": {"var_data": [-0.165, -0.049, 0.002, 0.022, 0.623, -0.0, 1, 1, 1, 1, 1]}}, {"type": "Feature", "geometry": {"type": "Point", "coordinates": [3.56218, 41.988098]}, "properties": {"var_data": [-0.158, -0.092, 0.002, 0.011, 0.566, -0.0, 1, 1, 1, 1, 1]}}, {"type": "Feature", "geometry": {"type": "Point", "coordinates": [3.59752, 41.988098]}, "properties": {"var_data": [-0.128, -0.065, 0.006, 0.013, 0.618, 0.0, 1, 1, 1, 1, 1]}}, {"type": "Feature", "geometry": {"type": "Point", "coordinates": [3.63286, 41.988098]}, "properties": {"var_data": [-0.099, -0.068, 0.004, 0.013, 0.605, -0.0, 1, 1, 1, 1, 1]}}, {"type": "Feature", "geometry": {"type": "Point", "coordinates": [3.6682, 41.988098]}, "properties": {"var_data": [-0.079, -0.152, 0.003, 0.012, 0.517, -0.0, 1, 1, 1, 1, 1]}}, {"type": "Feature", "geometry": {"type": "Point", "coordinates": [3.70354, 41.988098]}, "properties": {"var_data": [-0.067, -0.24, 0.004, 0.028, 0.624, -0.0, 1, 1, 1, 1, 1]}}, {"type": "Feature", "geometry": {"type": "Point", "coordinates": [3.73888, 41.988098]}, "properties": {"var_data": [-0.074, -0.175, 0.003, 0.008, 0.556, 0.0, 1, 1, 1, 1, 1]}}, {"type": "Feature", "geometry": {"type": "Point", "coordinates": [3.77422, 41.988098]}, "properties": {"var_data": [-0.074, -0.187, 0.004, 0.009, 0.65, 0.0, 1, 1, 1, 1, 1]}}, {"type": "Feature", "geometry": {"type": "Point", "coordinates": [3.80956, 41.988098]}, "properties": {"var_data": [-0.073, -0.147, 0.003, 0.008, 0.687, 0.0, 1, 1, 1, 1, 1]}}, {"type": "Feature", "geometry": {"type": "Point", "coordinates": [3.8449, 41.988098]}, "properties": {"var_data": [-0.068, -0.073, 0.003, 0.008, 0.848, 0.0, 1, 1, 1, 1, 1]}}, {"type": "Feature", "geometry": {"type": "Point", "coordinates": [3.88024, 41.988098]}, "properties": {"var_data": [-0.058, -0.116, 0.003, 0.015, 0.902, -0.0, 1, 1, 1, 1, 1]}}, {"type": "Feature", "geometry": {"type": "Point", "coordinates": [3.91558, 41.988098]}, "properties": {"var_data": [-0.053, -0.162, 0.003, 0.015, 0.811, -0.0, 1, 1, 1, 1, 1]}}, {"type": "Feature", "geometry": {"type": "Point", "coordinates": [3.95092, 41.988098]}, "properties": {"var_data": [-0.061, -0.218, 0.005, 0.027, 1.082, -0.0, 1, 1, 1, 1, 1]}}, {"type": "Feature", "geometry": {"type": "Point", "coordinates": [3.98626, 41.988098]}, "properties": {"var_data": [-0.053, -0.2, 0.004, 0.028, 1.122, -0.0, 1, 0, 1, 1, 1]}}, {"type": "Feature", "geometry": {"type": "Point", "coordinates": [4.0216, 41.988098]}, "properties": {"var_data": [-0.06, -0.436, 0.006, 0.072, 1.237, -0.0, 1, 0, 1, 1, 1]}}, {"type": "Feature", "geometry": {"type": "Point", "coordinates": [4.05694, 41.988098]}, "properties": {"var_data": [-0.067, -0.271, 0.006, 0.071, 1.974, -0.0, 1, 0, 1, 1, 1]}}, {"type": "Feature", "geometry": {"type": "Point", "coordinates": [4.09228, 41.988098]}, "properties": {"var_data": [-0.066, -0.221, 0.006, 0.064, 1.245, -0.0, 1, 1, 1, 1, 1]}}, {"type": "Feature", "geometry": {"type": "Point", "coordinates": [4.12762, 41.988098]}, "properties": {"var_data": [-0.057, -0.217, 0.007, 0.042, 1.291, 0.0, 1, 1, 1, 1, 1]}}, {"type": "Feature", "geometry": {"type": "Point", "coordinates": [3.24412, 42.015099]}, "properties": {"var_data": [-0.18, 0.255, 0.002, 0.002, 0.236, -0.0, 1, 1, 1, 1, 1]}}, {"type": "Feature", "geometry": {"type": "Point", "coordinates": [3.27946, 42.015099]}, "properties": {"var_data": [-0.097, 0.146, 0.003, 0.004, 0.241, -0.0, 1, 1, 1, 1, 1]}}, {"type": "Feature", "geometry": {"type": "Point", "coordinates": [3.3148, 42.015099]}, "properties": {"var_data": [-0.039, 0.041, 0.004, 0.005, 0.25, -0.0, 1, 1, 1, 1, 1]}}, {"type": "Feature", "geometry": {"type": "Point", "coordinates": [3.35014, 42.015099]}, "properties": {"var_data": [-0.017, -0.044, 0.004, 0.006, 0.252, -0.0, 1, 1, 1, 1, 1]}}, {"type": "Feature", "geometry": {"type": "Point", "coordinates": [3.38548, 42.015099]}, "properties": {"var_data": [-0.039, -0.103, 0.004, 0.009, 0.276, -0.0, 1, 1, 1, 1, 1]}}, {"type": "Feature", "geometry": {"type": "Point", "coordinates": [3.42082, 42.015099]}, "properties": {"var_data": [-0.04, -0.151, 0.002, 0.007, 0.317, -0.0, 1, 1, 1, 1, 1]}}, {"type": "Feature", "geometry": {"type": "Point", "coordinates": [3.45616, 42.015099]}, "properties": {"var_data": [-0.085, -0.218, 0.002, 0.009, 0.396, -0.0, 1, 1, 1, 1, 1]}}, {"type": "Feature", "geometry": {"type": "Point", "coordinates": [3.4915, 42.015099]}, "properties": {"var_data": [-0.1, -0.203, 0.002, 0.02, 0.572, -0.0, 1, 1, 1, 1, 1]}}, {"type": "Feature", "geometry": {"type": "Point", "coordinates": [3.52684, 42.015099]}, "properties": {"var_data": [-0.155, -0.135, 0.003, 0.023, 0.807, -0.0, 1, 1, 1, 1, 1]}}, {"type": "Feature", "geometry": {"type": "Point", "coordinates": [3.56218, 42.015099]}, "properties": {"var_data": [-0.12, -0.126, 0.006, 0.013, 0.733, 0.0, 1, 1, 1, 1, 1]}}, {"type": "Feature", "geometry": {"type": "Point", "coordinates": [3.59752, 42.015099]}, "properties": {"var_data": [-0.111, -0.158, 0.007, 0.013, 0.623, 0.0, 1, 1, 1, 1, 1]}}, {"type": "Feature", "geometry": {"type": "Point", "coordinates": [3.63286, 42.015099]}, "properties": {"var_data": [-0.08, -0.188, 0.004, 0.012, 0.554, 0.0, 1, 1, 1, 1, 1]}}, {"type": "Feature", "geometry": {"type": "Point", "coordinates": [3.6682, 42.015099]}, "properties": {"var_data": [-0.07, -0.195, 0.004, 0.026, 0.541, -0.0, 1, 1, 1, 1, 1]}}, {"type": "Feature", "geometry": {"type": "Point", "coordinates": [3.70354, 42.015099]}, "properties": {"var_data": [-0.068, -0.171, 0.004, 0.025, 0.568, -0.0, 1, 1, 1, 1, 1]}}, {"type": "Feature", "geometry": {"type": "Point", "coordinates": [3.73888, 42.015099]}, "properties": {"var_data": [-0.072, -0.149, 0.003, 0.008, 0.579, 0.0, 1, 1, 1, 1, 1]}}, {"type": "Feature", "geometry": {"type": "Point", "coordinates": [3.77422, 42.015099]}, "properties": {"var_data": [-0.092, -0.096, 0.003, 0.008, 0.572, 0.0, 1, 1, 1, 1, 1]}}, {"type": "Feature", "geometry": {"type": "Point", "coordinates": [3.80956, 42.015099]}, "properties": {"var_data": [-0.106, 0.006, 0.003, 0.008, 0.695, 0.0, 1, 1, 1, 1, 1]}}, {"type": "Feature", "geometry": {"type": "Point", "coordinates": [3.8449, 42.015099]}, "properties": {"var_data": [-0.11, -0.048, 0.003, 0.007, 0.712, 0.0, 1, 1, 1, 1, 1]}}, {"type": "Feature", "geometry": {"type": "Point", "coordinates": [3.88024, 42.015099]}, "properties": {"var_data": [-0.092, -0.037, 0.003, 0.015, 0.805, -0.0, 1, 1, 1, 1, 1]}}, {"type": "Feature", "geometry": {"type": "Point", "coordinates": [3.91558, 42.015099]}, "properties": {"var_data": [-0.079, -0.095, 0.003, 0.022, 0.916, -0.0, 1, 1, 1, 1, 1]}}, {"type": "Feature", "geometry": {"type": "Point", "coordinates": [3.95092, 42.015099]}, "properties": {"var_data": [-0.065, -0.132, 0.004, 0.022, 0.887, -0.0, 1, 1, 1, 1, 1]}}, {"type": "Feature", "geometry": {"type": "Point", "coordinates": [3.98626, 42.015099]}, "properties": {"var_data": [-0.066, -0.163, 0.005, 0.027, 0.963, -0.0, 1, 0, 1, 1, 1]}}, {"type": "Feature", "geometry": {"type": "Point", "coordinates": [4.0216, 42.015099]}, "properties": {"var_data": [-0.055, -0.33, 0.004, 0.019, 1.098, 0.0, 1, 1, 1, 1, 1]}}, {"type": "Feature", "geometry": {"type": "Point", "coordinates": [4.05694, 42.015099]}, "properties": {"var_data": [-0.055, -0.428, 0.004, 0.022, 1.097, 0.0, 1, 1, 1, 1, 1]}}, {"type": "Feature", "geometry": {"type": "Point", "coordinates": [4.09228, 42.015099]}, "properties": {"var_data": [-0.059, -0.408, 0.007, 0.024, 1.143, 0.0, 1, 1, 1, 1, 1]}}, {"type": "Feature", "geometry": {"type": "Point", "coordinates": [4.12762, 42.015099]}, "properties": {"var_data": [-0.063, -0.355, 0.007, 0.033, 1.179, 0.0, 1, 1, 1, 1, 1]}}, {"type": "Feature", "geometry": {"type": "Point", "coordinates": [3.24412, 42.042099]}, "properties": {"var_data": [-0.157, 0.263, 0.003, 0.002, 0.333, -0.0, 1, 1, 1, 1, 1]}}, {"type": "Feature", "geometry": {"type": "Point", "coordinates": [3.27946, 42.042099]}, "properties": {"var_data": [-0.004, 0.142, 0.004, 0.004, 0.312, -0.0, 1, 1, 1, 1, 1]}}, {"type": "Feature", "geometry": {"type": "Point", "coordinates": [3.3148, 42.042099]}, "properties": {"var_data": [0.069, 0.02, 0.005, 0.006, 0.294, -0.0, 1, 1, 1, 1, 1]}}, {"type": "Feature", "geometry": {"type": "Point", "coordinates": [3.35014, 42.042099]}, "properties": {"var_data": [0.078, -0.062, 0.005, 0.007, 0.284, -0.0, 1, 1, 1, 1, 1]}}, {"type": "Feature", "geometry": {"type": "Point", "coordinates": [3.38548, 42.042099]}, "properties": {"var_data": [0.076, -0.132, 0.003, 0.006, 0.293, -0.0, 1, 1, 1, 1, 1]}}, {"type": "Feature", "geometry": {"type": "Point", "coordinates": [3.42082, 42.042099]}, "properties": {"var_data": [0.055, -0.162, 0.003, 0.006, 0.331, -0.0, 1, 1, 1, 1, 1]}}, {"type": "Feature", "geometry": {"type": "Point", "coordinates": [3.45616, 42.042099]}, "properties": {"var_data": [0.014, -0.206, 0.006, 0.007, 0.425, -0.0, 1, 1, 1, 1, 1]}}, {"type": "Feature", "geometry": {"type": "Point", "coordinates": [3.4915, 42.042099]}, "properties": {"var_data": [-0.027, -0.261, 0.01, 0.01, 0.525, 0.0, 1, 1, 1, 1, 1]}}, {"type": "Feature", "geometry": {"type": "Point", "coordinates": [3.52684, 42.042099]}, "properties": {"var_data": [-0.11, -0.26, 0.009, 0.016, 0.656, 0.0, 1, 1, 1, 1, 1]}}, {"type": "Feature", "geometry": {"type": "Point", "coordinates": [3.56218, 42.042099]}, "properties": {"var_data": [-0.105, -0.221, 0.011, 0.044, 0.701, -0.0, 1, 1, 1, 1, 1]}}, {"type": "Feature", "geometry": {"type": "Point", "coordinates": [3.59752, 42.042099]}, "properties": {"var_data": [-0.079, -0.189, 0.008, 0.028, 0.645, -0.0, 1, 1, 1, 1, 1]}}, {"type": "Feature", "geometry": {"type": "Point", "coordinates": [3.63286, 42.042099]}, "properties": {"var_data": [-0.047, -0.244, 0.005, 0.023, 0.647, -0.0, 1, 1, 1, 1, 1]}}, {"type": "Feature", "geometry": {"type": "Point", "coordinates": [3.6682, 42.042099]}, "properties": {"var_data": [-0.049, -0.18, 0.005, 0.023, 0.564, -0.0, 1, 1, 1, 1, 1]}}, {"type": "Feature", "geometry": {"type": "Point", "coordinates": [3.70354, 42.042099]}, "properties": {"var_data": [-0.074, -0.207, 0.004, 0.025, 0.582, -0.0, 1, 1, 1, 1, 1]}}, {"type": "Feature", "geometry": {"type": "Point", "coordinates": [3.73888, 42.042099]}, "properties": {"var_data": [-0.093, -0.142, 0.004, 0.024, 0.536, -0.0, 1, 1, 1, 1, 1]}}, {"type": "Feature", "geometry": {"type": "Point", "coordinates": [3.77422, 42.042099]}, "properties": {"var_data": [-0.122, 0.02, 0.003, 0.008, 0.62, 0.0, 1, 1, 1, 1, 1]}}, {"type": "Feature", "geometry": {"type": "Point", "coordinates": [3.80956, 42.042099]}, "properties": {"var_data": [-0.165, 0.025, 0.004, 0.009, 0.718, 0.0, 1, 1, 1, 1, 1]}}, {"type": "Feature", "geometry": {"type": "Point", "coordinates": [3.8449, 42.042099]}, "properties": {"var_data": [-0.143, 0.048, 0.003, 0.008, 0.71, 0.0, 1, 1, 1, 1, 1]}}, {"type": "Feature", "geometry": {"type": "Point", "coordinates": [3.88024, 42.042099]}, "properties": {"var_data": [-0.133, 0.04, 0.004, 0.028, 0.806, -0.0, 1, 1, 1, 1, 1]}}, {"type": "Feature", "geometry": {"type": "Point", "coordinates": [3.91558, 42.042099]}, "properties": {"var_data": [-0.093, -0.0, 0.003, 0.022, 0.851, -0.0, 1, 1, 1, 1, 1]}}, {"type": "Feature", "geometry": {"type": "Point", "coordinates": [3.95092, 42.042099]}, "properties": {"var_data": [-0.074, -0.059, 0.005, 0.027, 0.941, -0.0, 1, 1, 1, 1, 1]}}, {"type": "Feature", "geometry": {"type": "Point", "coordinates": [3.98626, 42.042099]}, "properties": {"var_data": [-0.056, -0.128, 0.005, 0.027, 1.055, -0.0, 1, 1, 1, 1, 1]}}, {"type": "Feature", "geometry": {"type": "Point", "coordinates": [4.0216, 42.042099]}, "properties": {"var_data": [-0.063, -0.198, 0.004, 0.019, 1.005, 0.0, 1, 1, 1, 1, 1]}}, {"type": "Feature", "geometry": {"type": "Point", "coordinates": [4.05694, 42.042099]}, "properties": {"var_data": [-0.059, -0.384, 0.005, 0.022, 1.113, 0.0, 1, 1, 1, 1, 1]}}, {"type": "Feature", "geometry": {"type": "Point", "coordinates": [4.09228, 42.042099]}, "properties": {"var_data": [-0.057, -0.464, 0.008, 0.025, 1.241, 0.0, 1, 1, 1, 1, 1]}}, {"type": "Feature", "geometry": {"type": "Point", "coordinates": [4.12762, 42.042099]}, "properties": {"var_data": [-0.042, -0.362, 0.006, 0.023, 1.307, 0.0, 1, 1, 1, 1, 1]}}, {"type": "Feature", "geometry": {"type": "Point", "coordinates": [3.24412, 42.069099]}, "properties": {"var_data": [-0.039, 0.251, 0.006, 0.003, 0.473, -0.0, 1, 1, 1, 1, 1]}}, {"type": "Feature", "geometry": {"type": "Point", "coordinates": [3.27946, 42.069099]}, "properties": {"var_data": [0.111, 0.121, 0.003, 0.003, 0.363, -0.0, 1, 1, 1, 1, 1]}}, {"type": "Feature", "geometry": {"type": "Point", "coordinates": [3.3148, 42.069099]}, "properties": {"var_data": [0.159, -0.004, 0.004, 0.005, 0.314, -0.0, 1, 1, 1, 1, 1]}}, {"type": "Feature", "geometry": {"type": "Point", "coordinates": [3.35014, 42.069099]}, "properties": {"var_data": [0.144, -0.076, 0.005, 0.006, 0.3, -0.0, 1, 1, 1, 1, 1]}}, {"type": "Feature", "geometry": {"type": "Point", "coordinates": [3.38548, 42.069099]}, "properties": {"var_data": [0.121, -0.129, 0.004, 0.006, 0.313, -0.0, 1, 1, 1, 1, 1]}}, {"type": "Feature", "geometry": {"type": "Point", "coordinates": [3.42082, 42.069099]}, "properties": {"var_data": [0.122, -0.174, 0.004, 0.006, 0.359, -0.0, 1, 1, 1, 1, 1]}}, {"type": "Feature", "geometry": {"type": "Point", "coordinates": [3.45616, 42.069099]}, "properties": {"var_data": [0.065, -0.234, 0.006, 0.006, 0.417, -0.0, 1, 1, 1, 1, 1]}}, {"type": "Feature", "geometry": {"type": "Point", "coordinates": [3.4915, 42.069099]}, "properties": {"var_data": [0.004, -0.229, 0.01, 0.009, 0.537, -0.0, 1, 1, 1, 1, 1]}}, {"type": "Feature", "geometry": {"type": "Point", "coordinates": [3.52684, 42.069099]}, "properties": {"var_data": [-0.053, -0.234, 0.028, 0.024, 0.733, 0.0, 1, 1, 1, 1, 1]}}, {"type": "Feature", "geometry": {"type": "Point", "coordinates": [3.56218, 42.069099]}, "properties": {"var_data": [-0.014, -0.209, 0.036, 0.039, 0.832, 0.001, 1, 1, 1, 1, 1]}}, {"type": "Feature", "geometry": {"type": "Point", "coordinates": [3.59752, 42.069099]}, "properties": {"var_data": [-0.006, -0.191, 0.022, 0.031, 0.679, 0.0, 1, 1, 1, 1, 1]}}, {"type": "Feature", "geometry": {"type": "Point", "coordinates": [3.63286, 42.069099]}, "properties": {"var_data": [-0.013, -0.214, 0.015, 0.025, 0.564, 0.0, 1, 1, 1, 1, 1]}}, {"type": "Feature", "geometry": {"type": "Point", "coordinates": [3.6682, 42.069099]}, "properties": {"var_data": [-0.034, -0.164, 0.015, 0.025, 0.635, 0.0, 1, 1, 1, 1, 1]}}, {"type": "Feature", "geometry": {"type": "Point", "coordinates": [3.70354, 42.069099]}, "properties": {"var_data": [-0.059, -0.146, 0.015, 0.031, 0.646, 0.0, 1, 1, 1, 1, 1]}}, {"type": "Feature", "geometry": {"type": "Point", "coordinates": [3.73888, 42.069099]}, "properties": {"var_data": [-0.105, -0.085, 0.024, 0.051, 0.686, 0.0, 1, 1, 1, 1, 1]}}, {"type": "Feature", "geometry": {"type": "Point", "coordinates": [3.77422, 42.069099]}, "properties": {"var_data": [-0.145, 0.04, 0.009, 0.046, 0.656, -0.0, 1, 1, 1, 1, 1]}}, {"type": "Feature", "geometry": {"type": "Point", "coordinates": [3.80956, 42.069099]}, "properties": {"var_data": [-0.174, 0.021, 0.01, 0.053, 0.769, -0.0, 1, 0, 1, 1, 1]}}, {"type": "Feature", "geometry": {"type": "Point", "coordinates": [3.8449, 42.069099]}, "properties": {"var_data": [-0.177, 0.095, 0.012, 0.066, 0.8, -0.001, 1, 0, 1, 1, 1]}}, {"type": "Feature", "geometry": {"type": "Point", "coordinates": [3.88024, 42.069099]}, "properties": {"var_data": [-0.108, 0.102, 0.016, 0.037, 0.951, 0.0, 1, 1, 1, 1, 1]}}, {"type": "Feature", "geometry": {"type": "Point", "coordinates": [3.91558, 42.069099]}, "properties": {"var_data": [-0.083, 0.062, 0.016, 0.036, 1.264, 0.0, 1, 1, 1, 1, 1]}}, {"type": "Feature", "geometry": {"type": "Point", "coordinates": [3.95092, 42.069099]}, "properties": {"var_data": [-0.041, 0.063, 0.042, 0.079, 1.696, 0.003, 1, 1, 1, 1, 1]}}, {"type": "Feature", "geometry": {"type": "Point", "coordinates": [3.98626, 42.069099]}, "properties": {"var_data": [-0.056, -0.125, 0.005, 0.027, 1.223, -0.0, 1, 1, 1, 1, 1]}}, {"type": "Feature", "geometry": {"type": "Point", "coordinates": [4.0216, 42.069099]}, "properties": {"var_data": [-0.039, -0.199, 0.013, 0.032, 1.421, 0.0, 1, 1, 1, 1, 1]}}, {"type": "Feature", "geometry": {"type": "Point", "coordinates": [4.05694, 42.069099]}, "properties": {"var_data": [-0.103, -0.476, 0.044, 0.101, 2.186, 0.004, 4, 1, 4, 1, 1]}}, {"type": "Feature", "geometry": {"type": "Point", "coordinates": [4.09228, 42.069099]}, "properties": {"var_data": [-0.027, -0.451, 0.016, 0.04, 1.664, 0.001, 1, 1, 1, 1, 1]}}, {"type": "Feature", "geometry": {"type": "Point", "coordinates": [4.12762, 42.069099]}, "properties": {"var_data": [-0.046, -0.408, 0.008, 0.024, 1.445, 0.0, 1, 1, 1, 1, 1]}}, {"type": "Feature", "geometry": {"type": "Point", "coordinates": [3.24412, 42.0961]}, "properties": {"var_data": [0.003, 0.241, 0.008, 0.002, 0.661, -0.0, 1, 1, 1, 1, 1]}}, {"type": "Feature", "geometry": {"type": "Point", "coordinates": [3.27946, 42.0961]}, "properties": {"var_data": [0.201, 0.111, 0.008, 0.004, 0.455, -0.0, 1, 1, 1, 1, 1]}}, {"type": "Feature", "geometry": {"type": "Point", "coordinates": [3.3148, 42.0961]}, "properties": {"var_data": [0.221, -0.002, 0.007, 0.004, 0.355, -0.0, 1, 1, 1, 1, 1]}}, {"type": "Feature", "geometry": {"type": "Point", "coordinates": [3.35014, 42.0961]}, "properties": {"var_data": [0.203, -0.065, 0.005, 0.005, 0.311, -0.0, 1, 1, 1, 1, 1]}}, {"type": "Feature", "geometry": {"type": "Point", "coordinates": [3.38548, 42.0961]}, "properties": {"var_data": [0.172, -0.106, 0.004, 0.004, 0.318, -0.0, 1, 1, 1, 1, 1]}}, {"type": "Feature", "geometry": {"type": "Point", "coordinates": [3.42082, 42.0961]}, "properties": {"var_data": [0.147, -0.149, 0.003, 0.003, 0.324, -0.0, 1, 1, 1, 1, 1]}}, {"type": "Feature", "geometry": {"type": "Point", "coordinates": [3.45616, 42.0961]}, "properties": {"var_data": [0.122, -0.19, 0.004, 0.004, 0.375, -0.0, 1, 1, 1, 1, 1]}}, {"type": "Feature", "geometry": {"type": "Point", "coordinates": [3.4915, 42.0961]}, "properties": {"var_data": [0.069, -0.179, 0.004, 0.005, 0.433, -0.0, 1, 1, 1, 1, 1]}}, {"type": "Feature", "geometry": {"type": "Point", "coordinates": [3.52684, 42.0961]}, "properties": {"var_data": [0.048, -0.192, 0.019, 0.018, 0.499, 0.0, 1, 1, 1, 1, 1]}}, {"type": "Feature", "geometry": {"type": "Point", "coordinates": [3.56218, 42.0961]}, "properties": {"var_data": [0.042, -0.158, 0.025, 0.029, 0.588, 0.0, 1, 1, 1, 1, 1]}}, {"type": "Feature", "geometry": {"type": "Point", "coordinates": [3.59752, 42.0961]}, "properties": {"var_data": [-0.024, -0.245, 0.048, 0.054, 0.803, 0.002, 1, 1, 1, 1, 1]}}, {"type": "Feature", "geometry": {"type": "Point", "coordinates": [3.63286, 42.0961]}, "properties": {"var_data": [-0.015, -0.252, 0.037, 0.043, 0.692, 0.001, 1, 1, 1, 1, 1]}}, {"type": "Feature", "geometry": {"type": "Point", "coordinates": [3.6682, 42.0961]}, "properties": {"var_data": [-0.035, -0.248, 0.035, 0.042, 0.637, 0.001, 1, 1, 1, 1, 1]}}, {"type": "Feature", "geometry": {"type": "Point", "coordinates": [3.70354, 42.0961]}, "properties": {"var_data": [-0.024, -0.088, 0.045, 0.067, 0.766, 0.002, 1, 1, 1, 1, 1]}}, {"type": "Feature", "geometry": {"type": "Point", "coordinates": [3.73888, 42.0961]}, "properties": {"var_data": [-0.076, -0.039, 0.024, 0.052, 0.707, 0.0, 1, 1, 1, 1, 1]}}, {"type": "Feature", "geometry": {"type": "Point", "coordinates": [3.77422, 42.0961]}, "properties": {"var_data": [-0.142, 0.033, 0.023, 0.063, 0.911, -0.0, 1, 1, 1, 1, 1]}}, {"type": "Feature", "geometry": {"type": "Point", "coordinates": [3.80956, 42.0961]}, "properties": {"var_data": [-0.128, -0.014, 0.01, 0.055, 0.787, -0.0, 1, 1, 1, 1, 1]}}, {"type": "Feature", "geometry": {"type": "Point", "coordinates": [3.8449, 42.0961]}, "properties": {"var_data": [-0.118, 0.03, 0.017, 0.059, 0.867, -0.0, 1, 1, 1, 1, 1]}}, {"type": "Feature", "geometry": {"type": "Point", "coordinates": [3.88024, 42.0961]}, "properties": {"var_data": [-0.085, 0.071, 0.019, 0.07, 1.193, -0.0, 1, 1, 1, 1, 1]}}, {"type": "Feature", "geometry": {"type": "Point", "coordinates": [3.91558, 42.0961]}, "properties": {"var_data": [-0.014, 0.195, 0.042, 0.101, 1.717, 0.003, 1, 1, 1, 1, 1]}}, {"type": "Feature", "geometry": {"type": "Point", "coordinates": [3.95092, 42.0961]}, "properties": {"var_data": [-0.036, 0.073, 0.042, 0.107, 1.771, 0.003, 1, 1, 1, 1, 1]}}, {"type": "Feature", "geometry": {"type": "Point", "coordinates": [3.98626, 42.0961]}, "properties": {"var_data": [-0.027, -0.074, 0.04, 0.107, 1.897, 0.003, 1, 1, 1, 1, 1]}}, {"type": "Feature", "geometry": {"type": "Point", "coordinates": [4.0216, 42.0961]}, "properties": {"var_data": [-0.001, -0.142, 0.039, 0.106, 1.915, 0.003, 1, 1, 1, 1, 1]}}, {"type": "Feature", "geometry": {"type": "Point", "coordinates": [3.27946, 42.1231]}, "properties": {"var_data": [0.311, 0.098, 0.01, 0.004, 0.529, -0.0, 1, 1, 1, 1, 1]}}, {"type": "Feature", "geometry": {"type": "Point", "coordinates": [3.3148, 42.1231]}, "properties": {"var_data": [0.304, 0.006, 0.013, 0.007, 0.384, -0.0, 1, 1, 1, 1, 1]}}, {"type": "Feature", "geometry": {"type": "Point", "coordinates": [3.35014, 42.1231]}, "properties": {"var_data": [0.243, -0.045, 0.006, 0.004, 0.333, -0.0, 1, 1, 1, 1, 1]}}, {"type": "Feature", "geometry": {"type": "Point", "coordinates": [3.38548, 42.1231]}, "properties": {"var_data": [0.176, -0.08, 0.003, 0.003, 0.314, -0.0, 1, 1, 1, 1, 1]}}, {"type": "Feature", "geometry": {"type": "Point", "coordinates": [3.42082, 42.1231]}, "properties": {"var_data": [0.133, -0.121, 0.003, 0.003, 0.333, -0.0, 1, 1, 1, 1, 1]}}, {"type": "Feature", "geometry": {"type": "Point", "coordinates": [3.45616, 42.1231]}, "properties": {"var_data": [0.121, -0.124, 0.003, 0.003, 0.34, -0.0, 1, 1, 1, 1, 1]}}, {"type": "Feature", "geometry": {"type": "Point", "coordinates": [3.4915, 42.1231]}, "properties": {"var_data": [0.08, -0.161, 0.004, 0.004, 0.372, -0.0, 1, 1, 1, 1, 1]}}, {"type": "Feature", "geometry": {"type": "Point", "coordinates": [3.52684, 42.1231]}, "properties": {"var_data": [0.053, -0.139, 0.008, 0.01, 0.41, -0.0, 1, 1, 1, 1, 1]}}, {"type": "Feature", "geometry": {"type": "Point", "coordinates": [3.56218, 42.1231]}, "properties": {"var_data": [0.03, -0.168, 0.028, 0.031, 0.526, 0.001, 1, 1, 1, 1, 1]}}, {"type": "Feature", "geometry": {"type": "Point", "coordinates": [3.59752, 42.1231]}, "properties": {"var_data": [0.029, -0.177, 0.038, 0.045, 0.59, 0.001, 1, 1, 1, 1, 1]}}, {"type": "Feature", "geometry": {"type": "Point", "coordinates": [3.63286, 42.1231]}, "properties": {"var_data": [0.02, -0.224, 0.034, 0.042, 0.613, 0.001, 1, 1, 1, 1, 1]}}, {"type": "Feature", "geometry": {"type": "Point", "coordinates": [3.6682, 42.1231]}, "properties": {"var_data": [0.005, -0.178, 0.043, 0.062, 0.658, 0.002, 1, 1, 1, 1, 1]}}, {"type": "Feature", "geometry": {"type": "Point", "coordinates": [3.70354, 42.1231]}, "properties": {"var_data": [-0.031, -0.201, 0.041, 0.048, 0.657, 0.002, 1, 1, 1, 1, 1]}}, {"type": "Feature", "geometry": {"type": "Point", "coordinates": [3.73888, 42.1231]}, "properties": {"var_data": [-0.05, -0.106, 0.011, 0.019, 0.646, -0.0, 1, 1, 1, 1, 1]}}, {"type": "Feature", "geometry": {"type": "Point", "coordinates": [3.77422, 42.1231]}, "properties": {"var_data": [-0.057, -0.035, 0.015, 0.031, 0.788, -0.0, 1, 1, 1, 1, 1]}}, {"type": "Feature", "geometry": {"type": "Point", "coordinates": [3.80956, 42.1231]}, "properties": {"var_data": [-0.096, -0.033, 0.017, 0.039, 0.915, -0.001, 1, 1, 1, 1, 1]}}, {"type": "Feature", "geometry": {"type": "Point", "coordinates": [3.8449, 42.1231]}, "properties": {"var_data": [-0.043, 0.128, 0.034, 0.083, 1.529, 0.001, 1, 1, 1, 1, 1]}}, {"type": "Feature", "geometry": {"type": "Point", "coordinates": [3.88024, 42.1231]}, "properties": {"var_data": [-0.037, 0.123, 0.034, 0.085, 1.514, 0.001, 1, 1, 1, 1, 1]}}, {"type": "Feature", "geometry": {"type": "Point", "coordinates": [3.27946, 42.150101]}, "properties": {"var_data": [0.447, 0.069, 0.009, 0.003, 0.545, -0.0, 1, 1, 1, 1, 1]}}, {"type": "Feature", "geometry": {"type": "Point", "coordinates": [3.3148, 42.150101]}, "properties": {"var_data": [0.362, 0.008, 0.01, 0.005, 0.396, -0.0, 1, 1, 1, 1, 1]}}, {"type": "Feature", "geometry": {"type": "Point", "coordinates": [3.35014, 42.150101]}, "properties": {"var_data": [0.281, -0.023, 0.003, 0.002, 0.326, -0.0, 1, 1, 1, 1, 1]}}, {"type": "Feature", "geometry": {"type": "Point", "coordinates": [3.38548, 42.150101]}, "properties": {"var_data": [0.202, -0.05, 0.002, 0.002, 0.3, -0.0, 1, 1, 1, 1, 1]}}, {"type": "Feature", "geometry": {"type": "Point", "coordinates": [3.42082, 42.150101]}, "properties": {"var_data": [0.136, -0.083, 0.002, 0.002, 0.301, -0.0, 1, 1, 1, 1, 1]}}, {"type": "Feature", "geometry": {"type": "Point", "coordinates": [3.45616, 42.150101]}, "properties": {"var_data": [0.111, -0.091, 0.002, 0.002, 0.308, -0.0, 1, 1, 1, 1, 1]}}, {"type": "Feature", "geometry": {"type": "Point", "coordinates": [3.4915, 42.150101]}, "properties": {"var_data": [0.095, -0.108, 0.004, 0.004, 0.344, -0.0, 1, 1, 1, 1, 1]}}, {"type": "Feature", "geometry": {"type": "Point", "coordinates": [3.52684, 42.150101]}, "properties": {"var_data": [0.094, -0.117, 0.006, 0.008, 0.394, -0.0, 1, 1, 1, 1, 1]}}, {"type": "Feature", "geometry": {"type": "Point", "coordinates": [3.56218, 42.150101]}, "properties": {"var_data": [0.074, -0.133, 0.009, 0.011, 0.459, 0.0, 1, 1, 1, 1, 1]}}, {"type": "Feature", "geometry": {"type": "Point", "coordinates": [3.59752, 42.150101]}, "properties": {"var_data": [0.049, -0.18, 0.01, 0.013, 0.501, 0.0, 1, 1, 1, 1, 1]}}, {"type": "Feature", "geometry": {"type": "Point", "coordinates": [3.63286, 42.150101]}, "properties": {"var_data": [0.067, -0.197, 0.033, 0.049, 0.549, 0.001, 1, 1, 1, 1, 1]}}, {"type": "Feature", "geometry": {"type": "Point", "coordinates": [3.6682, 42.150101]}, "properties": {"var_data": [0.051, -0.217, 0.037, 0.045, 0.579, 0.001, 1, 1, 1, 1, 1]}}, {"type": "Feature", "geometry": {"type": "Point", "coordinates": [3.70354, 42.150101]}, "properties": {"var_data": [0.033, -0.121, 0.011, 0.019, 0.658, -0.0, 1, 1, 1, 1, 1]}}, {"type": "Feature", "geometry": {"type": "Point", "coordinates": [3.73888, 42.150101]}, "properties": {"var_data": [0.031, -0.087, 0.011, 0.019, 0.85, -0.0, 1, 1, 1, 1, 1]}}, {"type": "Feature", "geometry": {"type": "Point", "coordinates": [3.77422, 42.150101]}, "properties": {"var_data": [-0.017, -0.085, 0.011, 0.019, 0.86, -0.0, 1, 1, 1, 1, 1]}}, {"type": "Feature", "geometry": {"type": "Point", "coordinates": [3.80956, 42.150101]}, "properties": {"var_data": [-0.044, -0.096, 0.017, 0.038, 1.331, -0.0, 1, 1, 1, 1, 1]}}, {"type": "Feature", "geometry": {"type": "Point", "coordinates": [3.8449, 42.150101]}, "properties": {"var_data": [-0.037, -0.051, 0.036, 0.086, 1.394, 0.002, 1, 1, 1, 1, 1]}}, {"type": "Feature", "geometry": {"type": "Point", "coordinates": [3.88024, 42.150101]}, "properties": {"var_data": [-0.062, -0.036, 0.037, 0.09, 1.393, 0.001, 1, 1, 1, 1, 1]}}, {"type": "Feature", "geometry": {"type": "Point", "coordinates": [3.27946, 42.177101]}, "properties": {"var_data": [0.463, 0.06, 0.01, 0.003, 0.522, -0.0, 1, 1, 1, 1, 1]}}, {"type": "Feature", "geometry": {"type": "Point", "coordinates": [3.3148, 42.177101]}, "properties": {"var_data": [0.401, 0.021, 0.01, 0.003, 0.408, -0.0, 1, 1, 1, 1, 1]}}, {"type": "Feature", "geometry": {"type": "Point", "coordinates": [3.35014, 42.177101]}, "properties": {"var_data": [0.282, -0.017, 0.003, 0.002, 0.322, -0.0, 1, 1, 1, 1, 1]}}, {"type": "Feature", "geometry": {"type": "Point", "coordinates": [3.38548, 42.177101]}, "properties": {"var_data": [0.19, -0.04, 0.002, 0.002, 0.288, -0.0, 1, 1, 1, 1, 1]}}, {"type": "Feature", "geometry": {"type": "Point", "coordinates": [3.42082, 42.177101]}, "properties": {"var_data": [0.15, -0.082, 0.002, 0.002, 0.287, -0.0, 1, 1, 1, 1, 1]}}, {"type": "Feature", "geometry": {"type": "Point", "coordinates": [3.45616, 42.177101]}, "properties": {"var_data": [0.129, -0.086, 0.003, 0.002, 0.315, 0.0, 1, 1, 1, 1, 1]}}, {"type": "Feature", "geometry": {"type": "Point", "coordinates": [3.4915, 42.177101]}, "properties": {"var_data": [0.115, -0.103, 0.005, 0.005, 0.35, -0.0, 1, 1, 1, 1, 1]}}, {"type": "Feature", "geometry": {"type": "Point", "coordinates": [3.52684, 42.177101]}, "properties": {"var_data": [0.115, -0.111, 0.006, 0.006, 0.385, -0.0, 1, 1, 1, 1, 1]}}, {"type": "Feature", "geometry": {"type": "Point", "coordinates": [3.56218, 42.177101]}, "properties": {"var_data": [0.091, -0.133, 0.008, 0.01, 0.432, 0.0, 1, 1, 1, 1, 1]}}, {"type": "Feature", "geometry": {"type": "Point", "coordinates": [3.59752, 42.177101]}, "properties": {"var_data": [0.058, -0.151, 0.009, 0.012, 0.491, -0.0, 1, 1, 1, 1, 1]}}, {"type": "Feature", "geometry": {"type": "Point", "coordinates": [3.63286, 42.177101]}, "properties": {"var_data": [0.071, -0.188, 0.021, 0.028, 0.54, -0.0, 1, 1, 1, 1, 1]}}, {"type": "Feature", "geometry": {"type": "Point", "coordinates": [3.6682, 42.177101]}, "properties": {"var_data": [0.099, -0.18, 0.05, 0.061, 0.696, 0.003, 1, 1, 1, 1, 1]}}, {"type": "Feature", "geometry": {"type": "Point", "coordinates": [3.70354, 42.177101]}, "properties": {"var_data": [0.053, -0.184, 0.011, 0.019, 0.648, -0.0, 1, 1, 1, 1, 1]}}, {"type": "Feature", "geometry": {"type": "Point", "coordinates": [3.73888, 42.177101]}, "properties": {"var_data": [0.031, -0.119, 0.01, 0.017, 0.685, -0.0, 1, 1, 1, 1, 1]}}, {"type": "Feature", "geometry": {"type": "Point", "coordinates": [3.77422, 42.177101]}, "properties": {"var_data": [-0.031, -0.167, 0.01, 0.017, 0.763, -0.0, 1, 1, 1, 1, 1]}}, {"type": "Feature", "geometry": {"type": "Point", "coordinates": [3.80956, 42.177101]}, "properties": {"var_data": [-0.068, -0.145, 0.014, 0.029, 0.767, -0.0, 1, 1, 1, 1, 1]}}, {"type": "Feature", "geometry": {"type": "Point", "coordinates": [3.8449, 42.177101]}, "properties": {"var_data": [-0.099, -0.149, 0.033, 0.081, 1.233, 0.002, 1, 1, 1, 1, 1]}}, {"type": "Feature", "geometry": {"type": "Point", "coordinates": [3.88024, 42.177101]}, "properties": {"var_data": [-0.061, 0.031, 0.033, 0.095, 1.479, 0.001, 1, 1, 1, 1, 1]}}, {"type": "Feature", "geometry": {"type": "Point", "coordinates": [3.91558, 42.177101]}, "properties": {"var_data": [-0.048, 0.094, 0.034, 0.1, 1.517, 0.001, 1, 1, 1, 1, 1]}}, {"type": "Feature", "geometry": {"type": "Point", "coordinates": [3.27946, 42.204102]}, "properties": {"var_data": [0.501, 0.057, 0.015, 0.003, 0.587, -0.0, 1, 1, 1, 1, 1]}}, {"type": "Feature", "geometry": {"type": "Point", "coordinates": [3.3148, 42.204102]}, "properties": {"var_data": [0.359, 0.047, 0.01, 0.002, 0.398, -0.0, 1, 1, 1, 1, 1]}}, {"type": "Feature", "geometry": {"type": "Point", "coordinates": [3.35014, 42.204102]}, "properties": {"var_data": [0.259, 0.01, 0.005, 0.003, 0.322, 0.0, 1, 1, 1, 1, 1]}}, {"type": "Feature", "geometry": {"type": "Point", "coordinates": [3.38548, 42.204102]}, "properties": {"var_data": [0.187, -0.011, 0.005, 0.004, 0.282, 0.0, 1, 1, 1, 1, 1]}}, {"type": "Feature", "geometry": {"type": "Point", "coordinates": [3.42082, 42.204102]}, "properties": {"var_data": [0.154, -0.022, 0.004, 0.003, 0.284, 0.0, 1, 1, 1, 1, 1]}}, {"type": "Feature", "geometry": {"type": "Point", "coordinates": [3.45616, 42.204102]}, "properties": {"var_data": [0.145, -0.073, 0.004, 0.003, 0.297, 0.0, 1, 1, 1, 1, 1]}}, {"type": "Feature", "geometry": {"type": "Point", "coordinates": [3.4915, 42.204102]}, "properties": {"var_data": [0.094, -0.096, 0.004, 0.004, 0.328, -0.0, 1, 1, 1, 1, 1]}}, {"type": "Feature", "geometry": {"type": "Point", "coordinates": [3.52684, 42.204102]}, "properties": {"var_data": [0.056, -0.101, 0.005, 0.005, 0.343, -0.0, 1, 1, 1, 1, 1]}}, {"type": "Feature", "geometry": {"type": "Point", "coordinates": [3.56218, 42.204102]}, "properties": {"var_data": [0.061, -0.148, 0.007, 0.007, 0.399, -0.0, 1, 1, 1, 1, 1]}}, {"type": "Feature", "geometry": {"type": "Point", "coordinates": [3.59752, 42.204102]}, "properties": {"var_data": [0.056, -0.163, 0.007, 0.007, 0.403, -0.0, 1, 1, 1, 1, 1]}}, {"type": "Feature", "geometry": {"type": "Point", "coordinates": [3.63286, 42.204102]}, "properties": {"var_data": [0.047, -0.192, 0.019, 0.024, 0.472, -0.0, 1, 1, 1, 1, 1]}}, {"type": "Feature", "geometry": {"type": "Point", "coordinates": [3.6682, 42.204102]}, "properties": {"var_data": [0.078, -0.236, 0.013, 0.016, 0.516, -0.0, 1, 1, 1, 1, 1]}}, {"type": "Feature", "geometry": {"type": "Point", "coordinates": [3.70354, 42.204102]}, "properties": {"var_data": [0.073, -0.146, 0.026, 0.032, 0.724, 0.001, 1, 1, 1, 1, 1]}}, {"type": "Feature", "geometry": {"type": "Point", "coordinates": [3.73888, 42.204102]}, "properties": {"var_data": [0.027, -0.179, 0.008, 0.012, 0.733, 0.0, 1, 1, 1, 1, 1]}}, {"type": "Feature", "geometry": {"type": "Point", "coordinates": [3.77422, 42.204102]}, "properties": {"var_data": [-0.026, -0.152, 0.012, 0.024, 0.842, -0.0, 1, 1, 1, 1, 1]}}, {"type": "Feature", "geometry": {"type": "Point", "coordinates": [3.80956, 42.204102]}, "properties": {"var_data": [-0.052, -0.08, 0.023, 0.038, 0.841, 0.0, 1, 1, 1, 1, 1]}}, {"type": "Feature", "geometry": {"type": "Point", "coordinates": [3.8449, 42.204102]}, "properties": {"var_data": [-0.084, -0.063, 0.029, 0.085, 1.242, 0.001, 1, 1, 1, 1, 1]}}, {"type": "Feature", "geometry": {"type": "Point", "coordinates": [3.88024, 42.204102]}, "properties": {"var_data": [-0.062, 0.101, 0.029, 0.097, 1.486, 0.001, 1, 1, 1, 1, 1]}}, {"type": "Feature", "geometry": {"type": "Point", "coordinates": [3.91558, 42.204102]}, "properties": {"var_data": [-0.056, 0.102, 0.03, 0.101, 1.519, 0.001, 1, 1, 1, 1, 1]}}, {"type": "Feature", "geometry": {"type": "Point", "coordinates": [3.27946, 42.231098]}, "properties": {"var_data": [0.425, 0.01, 0.01, 0.002, 0.587, -0.0, 1, 1, 1, 1, 1]}}, {"type": "Feature", "geometry": {"type": "Point", "coordinates": [3.3148, 42.231098]}, "properties": {"var_data": [0.221, 0.02, 0.006, 0.002, 0.345, -0.0, 1, 1, 1, 1, 1]}}, {"type": "Feature", "geometry": {"type": "Point", "coordinates": [3.35014, 42.231098]}, "properties": {"var_data": [0.235, 0.027, 0.004, 0.002, 0.294, 0.0, 1, 1, 1, 1, 1]}}, {"type": "Feature", "geometry": {"type": "Point", "coordinates": [3.38548, 42.231098]}, "properties": {"var_data": [0.198, 0.016, 0.005, 0.003, 0.283, 0.0, 1, 1, 1, 1, 1]}}, {"type": "Feature", "geometry": {"type": "Point", "coordinates": [3.42082, 42.231098]}, "properties": {"var_data": [0.16, 0.001, 0.004, 0.003, 0.268, 0.0, 1, 1, 1, 1, 1]}}, {"type": "Feature", "geometry": {"type": "Point", "coordinates": [3.45616, 42.231098]}, "properties": {"var_data": [0.126, -0.042, 0.004, 0.003, 0.281, 0.0, 1, 1, 1, 1, 1]}}, {"type": "Feature", "geometry": {"type": "Point", "coordinates": [3.4915, 42.231098]}, "properties": {"var_data": [0.086, -0.085, 0.007, 0.007, 0.325, -0.0, 1, 1, 1, 1, 1]}}, {"type": "Feature", "geometry": {"type": "Point", "coordinates": [3.52684, 42.231098]}, "properties": {"var_data": [0.061, -0.089, 0.006, 0.006, 0.33, -0.0, 1, 1, 1, 1, 1]}}, {"type": "Feature", "geometry": {"type": "Point", "coordinates": [3.56218, 42.231098]}, "properties": {"var_data": [0.057, -0.143, 0.007, 0.007, 0.352, -0.0, 1, 1, 1, 1, 1]}}, {"type": "Feature", "geometry": {"type": "Point", "coordinates": [3.59752, 42.231098]}, "properties": {"var_data": [0.036, -0.165, 0.021, 0.021, 0.398, -0.0, 1, 1, 1, 1, 1]}}, {"type": "Feature", "geometry": {"type": "Point", "coordinates": [3.63286, 42.231098]}, "properties": {"var_data": [0.025, -0.213, 0.02, 0.025, 0.426, -0.0, 1, 1, 1, 1, 1]}}, {"type": "Feature", "geometry": {"type": "Point", "coordinates": [3.6682, 42.231098]}, "properties": {"var_data": [0.043, -0.216, 0.011, 0.013, 0.474, 0.0, 1, 1, 1, 1, 1]}}, {"type": "Feature", "geometry": {"type": "Point", "coordinates": [3.70354, 42.231098]}, "properties": {"var_data": [0.028, -0.205, 0.01, 0.013, 0.517, 0.0, 1, 1, 1, 1, 1]}}, {"type": "Feature", "geometry": {"type": "Point", "coordinates": [3.73888, 42.231098]}, "properties": {"var_data": [0.058, -0.069, 0.024, 0.031, 0.854, 0.001, 1, 1, 1, 1, 1]}}, {"type": "Feature", "geometry": {"type": "Point", "coordinates": [3.77422, 42.231098]}, "properties": {"var_data": [0.021, -0.127, 0.025, 0.032, 0.898, 0.001, 1, 1, 1, 1, 1]}}, {"type": "Feature", "geometry": {"type": "Point", "coordinates": [3.80956, 42.231098]}, "properties": {"var_data": [-0.074, -0.148, 0.023, 0.04, 0.919, 0.001, 1, 1, 1, 1, 1]}}, {"type": "Feature", "geometry": {"type": "Point", "coordinates": [3.8449, 42.231098]}, "properties": {"var_data": [-0.1, -0.157, 0.03, 0.057, 1.052, 0.001, 1, 1, 1, 1, 1]}}, {"type": "Feature", "geometry": {"type": "Point", "coordinates": [3.88024, 42.231098]}, "properties": {"var_data": [-0.059, 0.152, 0.029, 0.108, 1.679, 0.001, 1, 1, 1, 1, 1]}}, {"type": "Feature", "geometry": {"type": "Point", "coordinates": [3.91558, 42.231098]}, "properties": {"var_data": [-0.061, 0.109, 0.028, 0.107, 1.64, 0.001, 1, 1, 1, 1, 1]}}, {"type": "Feature", "geometry": {"type": "Point", "coordinates": [3.27946, 42.258099]}, "properties": {"var_data": [0.143, -0.018, 0.007, 0.003, 0.349, -0.0, 1, 1, 1, 1, 1]}}, {"type": "Feature", "geometry": {"type": "Point", "coordinates": [3.3148, 42.258099]}, "properties": {"var_data": [0.113, -0.023, 0.006, 0.002, 0.246, -0.0, 1, 1, 1, 1, 1]}}, {"type": "Feature", "geometry": {"type": "Point", "coordinates": [3.35014, 42.258099]}, "properties": {"var_data": [0.153, 0.009, 0.005, 0.002, 0.232, -0.0, 1, 1, 1, 1, 1]}}, {"type": "Feature", "geometry": {"type": "Point", "coordinates": [3.38548, 42.258099]}, "properties": {"var_data": [0.192, 0.031, 0.006, 0.004, 0.252, -0.0, 1, 1, 1, 1, 1]}}, {"type": "Feature", "geometry": {"type": "Point", "coordinates": [3.42082, 42.258099]}, "properties": {"var_data": [0.162, 0.038, 0.004, 0.003, 0.257, 0.0, 1, 1, 1, 1, 1]}}, {"type": "Feature", "geometry": {"type": "Point", "coordinates": [3.45616, 42.258099]}, "properties": {"var_data": [0.12, 0.016, 0.004, 0.003, 0.268, -0.0, 1, 1, 1, 1, 1]}}, {"type": "Feature", "geometry": {"type": "Point", "coordinates": [3.4915, 42.258099]}, "properties": {"var_data": [0.083, -0.03, 0.004, 0.004, 0.29, -0.0, 1, 1, 1, 1, 1]}}, {"type": "Feature", "geometry": {"type": "Point", "coordinates": [3.52684, 42.258099]}, "properties": {"var_data": [0.042, -0.064, 0.008, 0.007, 0.314, -0.0, 1, 1, 1, 1, 1]}}, {"type": "Feature", "geometry": {"type": "Point", "coordinates": [3.56218, 42.258099]}, "properties": {"var_data": [0.025, -0.115, 0.011, 0.011, 0.366, -0.0, 1, 1, 1, 1, 1]}}, {"type": "Feature", "geometry": {"type": "Point", "coordinates": [3.59752, 42.258099]}, "properties": {"var_data": [0.031, -0.121, 0.012, 0.012, 0.375, -0.0, 1, 1, 1, 1, 1]}}, {"type": "Feature", "geometry": {"type": "Point", "coordinates": [3.63286, 42.258099]}, "properties": {"var_data": [0.026, -0.183, 0.019, 0.023, 0.399, -0.0, 1, 1, 1, 1, 1]}}, {"type": "Feature", "geometry": {"type": "Point", "coordinates": [3.6682, 42.258099]}, "properties": {"var_data": [0.05, -0.209, 0.009, 0.011, 0.424, -0.0, 1, 1, 1, 1, 1]}}, {"type": "Feature", "geometry": {"type": "Point", "coordinates": [3.70354, 42.258099]}, "properties": {"var_data": [0.033, -0.219, 0.011, 0.013, 0.527, 0.0, 1, 1, 1, 1, 1]}}, {"type": "Feature", "geometry": {"type": "Point", "coordinates": [3.73888, 42.258099]}, "properties": {"var_data": [-0.007, -0.208, 0.013, 0.018, 0.554, 0.0, 1, 1, 1, 1, 1]}}, {"type": "Feature", "geometry": {"type": "Point", "coordinates": [3.77422, 42.258099]}, "properties": {"var_data": [-0.002, -0.132, 0.016, 0.023, 0.651, 0.0, 1, 1, 1, 1, 1]}}, {"type": "Feature", "geometry": {"type": "Point", "coordinates": [3.80956, 42.258099]}, "properties": {"var_data": [-0.048, -0.111, 0.02, 0.046, 1.045, 0.001, 1, 1, 1, 1, 1]}}, {"type": "Feature", "geometry": {"type": "Point", "coordinates": [3.8449, 42.258099]}, "properties": {"var_data": [-0.064, -0.072, 0.028, 0.085, 1.929, 0.002, 1, 1, 1, 1, 1]}}, {"type": "Feature", "geometry": {"type": "Point", "coordinates": [3.88024, 42.258099]}, "properties": {"var_data": [-0.096, -0.21, 0.035, 0.092, 1.939, 0.002, 1, 1, 1, 1, 1]}}, {"type": "Feature", "geometry": {"type": "Point", "coordinates": [3.91558, 42.258099]}, "properties": {"var_data": [-0.091, -0.036, 0.036, 0.076, 1.388, 0.002, 1, 1, 1, 1, 1]}}, {"type": "Feature", "geometry": {"type": "Point", "coordinates": [3.95092, 42.258099]}, "properties": {"var_data": [-0.116, -0.054, 0.04, 0.081, 1.393, 0.003, 1, 1, 1, 1, 1]}}, {"type": "Feature", "geometry": {"type": "Point", "coordinates": [3.98626, 42.258099]}, "properties": {"var_data": [-0.118, -0.065, 0.03, 0.07, 1.384, 0.002, 1, 1, 1, 1, 1]}}, {"type": "Feature", "geometry": {"type": "Point", "coordinates": [3.3148, 42.285099]}, "properties": {"var_data": [0.032, -0.097, 0.005, 0.003, 0.208, -0.0, 1, 1, 1, 1, 1]}}, {"type": "Feature", "geometry": {"type": "Point", "coordinates": [3.35014, 42.285099]}, "properties": {"var_data": [0.041, -0.092, 0.005, 0.003, 0.203, -0.0, 1, 1, 1, 1, 1]}}, {"type": "Feature", "geometry": {"type": "Point", "coordinates": [3.38548, 42.285099]}, "properties": {"var_data": [0.105, -0.004, 0.005, 0.003, 0.226, -0.0, 1, 1, 1, 1, 1]}}, {"type": "Feature", "geometry": {"type": "Point", "coordinates": [3.42082, 42.285099]}, "properties": {"var_data": [0.133, 0.04, 0.004, 0.004, 0.234, -0.0, 1, 1, 1, 1, 1]}}, {"type": "Feature", "geometry": {"type": "Point", "coordinates": [3.45616, 42.285099]}, "properties": {"var_data": [0.1, 0.032, 0.004, 0.004, 0.262, -0.0, 1, 1, 1, 1, 1]}}, {"type": "Feature", "geometry": {"type": "Point", "coordinates": [3.4915, 42.285099]}, "properties": {"var_data": [0.039, 0.003, 0.004, 0.004, 0.274, -0.0, 1, 1, 1, 1, 1]}}, {"type": "Feature", "geometry": {"type": "Point", "coordinates": [3.52684, 42.285099]}, "properties": {"var_data": [-0.0, -0.031, 0.005, 0.004, 0.306, -0.0, 1, 1, 1, 1, 1]}}, {"type": "Feature", "geometry": {"type": "Point", "coordinates": [3.56218, 42.285099]}, "properties": {"var_data": [-0.007, -0.086, 0.007, 0.007, 0.348, -0.0, 1, 1, 1, 1, 1]}}, {"type": "Feature", "geometry": {"type": "Point", "coordinates": [3.59752, 42.285099]}, "properties": {"var_data": [0.006, -0.125, 0.011, 0.01, 0.365, -0.0, 1, 1, 1, 1, 1]}}, {"type": "Feature", "geometry": {"type": "Point", "coordinates": [3.63286, 42.285099]}, "properties": {"var_data": [0.003, -0.195, 0.017, 0.019, 0.386, -0.0, 1, 1, 1, 1, 1]}}, {"type": "Feature", "geometry": {"type": "Point", "coordinates": [3.6682, 42.285099]}, "properties": {"var_data": [0.019, -0.212, 0.009, 0.011, 0.44, -0.0, 1, 1, 1, 1, 1]}}, {"type": "Feature", "geometry": {"type": "Point", "coordinates": [3.70354, 42.285099]}, "properties": {"var_data": [0.026, -0.26, 0.01, 0.012, 0.439, 0.0, 1, 1, 1, 1, 1]}}, {"type": "Feature", "geometry": {"type": "Point", "coordinates": [3.73888, 42.285099]}, "properties": {"var_data": [-0.006, -0.244, 0.013, 0.019, 0.62, 0.0, 1, 1, 1, 1, 1]}}, {"type": "Feature", "geometry": {"type": "Point", "coordinates": [3.77422, 42.285099]}, "properties": {"var_data": [-0.002, -0.228, 0.018, 0.027, 0.87, 0.0, 1, 1, 1, 1, 1]}}, {"type": "Feature", "geometry": {"type": "Point", "coordinates": [3.80956, 42.285099]}, "properties": {"var_data": [-0.039, -0.149, 0.021, 0.073, 1.345, 0.001, 1, 1, 1, 1, 1]}}, {"type": "Feature", "geometry": {"type": "Point", "coordinates": [3.8449, 42.285099]}, "properties": {"var_data": [-0.066, -0.253, 0.022, 0.06, 1.146, 0.001, 1, 1, 1, 1, 1]}}, {"type": "Feature", "geometry": {"type": "Point", "coordinates": [3.88024, 42.285099]}, "properties": {"var_data": [-0.085, -0.203, 0.029, 0.057, 0.899, 0.001, 1, 1, 1, 1, 1]}}, {"type": "Feature", "geometry": {"type": "Point", "coordinates": [3.91558, 42.285099]}, "properties": {"var_data": [-0.105, -0.195, 0.031, 0.063, 1.054, 0.002, 1, 1, 1, 1, 1]}}, {"type": "Feature", "geometry": {"type": "Point", "coordinates": [3.95092, 42.285099]}, "properties": {"var_data": [-0.105, -0.051, 0.033, 0.071, 1.342, 0.002, 1, 1, 1, 1, 1]}}, {"type": "Feature", "geometry": {"type": "Point", "coordinates": [3.98626, 42.285099]}, "properties": {"var_data": [-0.122, -0.038, 0.035, 0.073, 1.355, 0.002, 1, 1, 1, 1, 1]}}, {"type": "Feature", "geometry": {"type": "Point", "coordinates": [3.3148, 42.312099]}, "properties": {"var_data": [-0.023, -0.116, 0.004, 0.003, 0.196, -0.0, 1, 1, 1, 1, 1]}}, {"type": "Feature", "geometry": {"type": "Point", "coordinates": [3.35014, 42.312099]}, "properties": {"var_data": [-0.003, -0.126, 0.004, 0.004, 0.205, -0.0, 1, 1, 1, 1, 1]}}, {"type": "Feature", "geometry": {"type": "Point", "coordinates": [3.38548, 42.312099]}, "properties": {"var_data": [0.006, -0.118, 0.004, 0.003, 0.217, -0.0, 1, 1, 1, 1, 1]}}, {"type": "Feature", "geometry": {"type": "Point", "coordinates": [3.42082, 42.312099]}, "properties": {"var_data": [0.025, -0.034, 0.004, 0.003, 0.239, -0.0, 1, 1, 1, 1, 1]}}, {"type": "Feature", "geometry": {"type": "Point", "coordinates": [3.45616, 42.312099]}, "properties": {"var_data": [0.006, 0.03, 0.004, 0.003, 0.25, -0.0, 1, 1, 1, 1, 1]}}, {"type": "Feature", "geometry": {"type": "Point", "coordinates": [3.4915, 42.312099]}, "properties": {"var_data": [-0.004, 0.045, 0.004, 0.004, 0.288, -0.0, 1, 1, 1, 1, 1]}}, {"type": "Feature", "geometry": {"type": "Point", "coordinates": [3.52684, 42.312099]}, "properties": {"var_data": [-0.045, 0.025, 0.004, 0.003, 0.3, -0.0, 1, 1, 1, 1, 1]}}, {"type": "Feature", "geometry": {"type": "Point", "coordinates": [3.56218, 42.312099]}, "properties": {"var_data": [-0.054, -0.048, 0.006, 0.005, 0.349, -0.0, 1, 1, 1, 1, 1]}}, {"type": "Feature", "geometry": {"type": "Point", "coordinates": [3.59752, 42.312099]}, "properties": {"var_data": [-0.028, -0.11, 0.009, 0.008, 0.366, -0.0, 1, 1, 1, 1, 1]}}, {"type": "Feature", "geometry": {"type": "Point", "coordinates": [3.63286, 42.312099]}, "properties": {"var_data": [-0.018, -0.168, 0.011, 0.012, 0.426, -0.0, 1, 1, 1, 1, 1]}}, {"type": "Feature", "geometry": {"type": "Point", "coordinates": [3.6682, 42.312099]}, "properties": {"var_data": [0.001, -0.247, 0.019, 0.02, 0.431, -0.0, 1, 1, 1, 1, 1]}}, {"type": "Feature", "geometry": {"type": "Point", "coordinates": [3.70354, 42.312099]}, "properties": {"var_data": [0.014, -0.23, 0.02, 0.025, 0.484, -0.0, 1, 1, 1, 1, 1]}}, {"type": "Feature", "geometry": {"type": "Point", "coordinates": [3.73888, 42.312099]}, "properties": {"var_data": [-0.006, -0.275, 0.017, 0.037, 0.636, -0.0, 1, 1, 1, 1, 1]}}, {"type": "Feature", "geometry": {"type": "Point", "coordinates": [3.77422, 42.312099]}, "properties": {"var_data": [-0.017, -0.27, 0.018, 0.033, 0.888, 0.001, 1, 1, 1, 1, 1]}}, {"type": "Feature", "geometry": {"type": "Point", "coordinates": [3.80956, 42.312099]}, "properties": {"var_data": [-0.022, -0.2, 0.021, 0.038, 0.881, 0.001, 1, 1, 1, 1, 1]}}, {"type": "Feature", "geometry": {"type": "Point", "coordinates": [3.8449, 42.312099]}, "properties": {"var_data": [-0.047, -0.267, 0.021, 0.04, 0.98, 0.001, 1, 1, 1, 1, 1]}}, {"type": "Feature", "geometry": {"type": "Point", "coordinates": [3.88024, 42.312099]}, "properties": {"var_data": [-0.094, -0.243, 0.035, 0.069, 1.098, 0.002, 1, 1, 1, 1, 1]}}, {"type": "Feature", "geometry": {"type": "Point", "coordinates": [3.91558, 42.312099]}, "properties": {"var_data": [-0.098, -0.17, 0.033, 0.064, 0.95, 0.002, 1, 1, 1, 1, 1]}}, {"type": "Feature", "geometry": {"type": "Point", "coordinates": [3.95092, 42.312099]}, "properties": {"var_data": [-0.118, -0.153, 0.035, 0.068, 1.184, 0.002, 1, 1, 1, 1, 1]}}, {"type": "Feature", "geometry": {"type": "Point", "coordinates": [3.98626, 42.312099]}, "properties": {"var_data": [-0.131, -0.024, 0.037, 0.074, 1.403, 0.002, 1, 1, 1, 1, 1]}}, {"type": "Feature", "geometry": {"type": "Point", "coordinates": [3.27946, 42.3391]}, "properties": {"var_data": [-0.115, -0.062, 0.005, 0.004, 0.236, 0.0, 1, 1, 1, 1, 1]}}, {"type": "Feature", "geometry": {"type": "Point", "coordinates": [3.3148, 42.3391]}, "properties": {"var_data": [-0.08, -0.089, 0.005, 0.004, 0.2, -0.0, 1, 1, 1, 1, 1]}}, {"type": "Feature", "geometry": {"type": "Point", "coordinates": [3.35014, 42.3391]}, "properties": {"var_data": [-0.059, -0.145, 0.005, 0.005, 0.209, -0.0, 1, 1, 1, 1, 1]}}, {"type": "Feature", "geometry": {"type": "Point", "coordinates": [3.38548, 42.3391]}, "properties": {"var_data": [-0.044, -0.154, 0.006, 0.003, 0.242, -0.0, 1, 1, 1, 1, 1]}}, {"type": "Feature", "geometry": {"type": "Point", "coordinates": [3.42082, 42.3391]}, "properties": {"var_data": [-0.069, -0.041, 0.004, 0.002, 0.241, -0.0, 1, 1, 1, 1, 1]}}, {"type": "Feature", "geometry": {"type": "Point", "coordinates": [3.45616, 42.3391]}, "properties": {"var_data": [-0.071, 0.025, 0.005, 0.003, 0.273, -0.0, 1, 1, 1, 1, 1]}}, {"type": "Feature", "geometry": {"type": "Point", "coordinates": [3.4915, 42.3391]}, "properties": {"var_data": [-0.091, 0.074, 0.004, 0.002, 0.274, -0.0, 1, 1, 1, 1, 1]}}, {"type": "Feature", "geometry": {"type": "Point", "coordinates": [3.52684, 42.3391]}, "properties": {"var_data": [-0.098, 0.092, 0.006, 0.005, 0.319, -0.0, 1, 1, 1, 1, 1]}}, {"type": "Feature", "geometry": {"type": "Point", "coordinates": [3.56218, 42.3391]}, "properties": {"var_data": [-0.095, 0.008, 0.007, 0.007, 0.342, 0.0, 1, 1, 1, 1, 1]}}, {"type": "Feature", "geometry": {"type": "Point", "coordinates": [3.59752, 42.3391]}, "properties": {"var_data": [-0.077, -0.065, 0.008, 0.009, 0.383, 0.0, 1, 1, 1, 1, 1]}}, {"type": "Feature", "geometry": {"type": "Point", "coordinates": [3.63286, 42.3391]}, "properties": {"var_data": [-0.053, -0.162, 0.01, 0.011, 0.388, -0.0, 1, 1, 1, 1, 1]}}, {"type": "Feature", "geometry": {"type": "Point", "coordinates": [3.6682, 42.3391]}, "properties": {"var_data": [0.002, -0.25, 0.021, 0.023, 0.469, -0.0, 1, 1, 1, 1, 1]}}, {"type": "Feature", "geometry": {"type": "Point", "coordinates": [3.70354, 42.3391]}, "properties": {"var_data": [0.029, -0.347, 0.026, 0.028, 0.532, -0.001, 1, 1, 1, 1, 1]}}, {"type": "Feature", "geometry": {"type": "Point", "coordinates": [3.73888, 42.3391]}, "properties": {"var_data": [0.011, -0.277, 0.009, 0.012, 0.56, -0.0, 1, 1, 1, 1, 1]}}, {"type": "Feature", "geometry": {"type": "Point", "coordinates": [3.77422, 42.3391]}, "properties": {"var_data": [0.002, -0.242, 0.007, 0.011, 0.632, 0.0, 1, 1, 1, 1, 1]}}, {"type": "Feature", "geometry": {"type": "Point", "coordinates": [3.80956, 42.3391]}, "properties": {"var_data": [-0.023, -0.216, 0.019, 0.035, 0.837, 0.001, 1, 1, 1, 1, 1]}}, {"type": "Feature", "geometry": {"type": "Point", "coordinates": [3.8449, 42.3391]}, "properties": {"var_data": [-0.048, -0.304, 0.02, 0.035, 0.801, 0.001, 1, 1, 1, 1, 1]}}, {"type": "Feature", "geometry": {"type": "Point", "coordinates": [3.88024, 42.3391]}, "properties": {"var_data": [-0.077, -0.295, 0.021, 0.037, 0.796, 0.001, 1, 1, 1, 1, 1]}}, {"type": "Feature", "geometry": {"type": "Point", "coordinates": [3.91558, 42.3391]}, "properties": {"var_data": [-0.097, -0.243, 0.035, 0.068, 0.882, 0.002, 1, 1, 1, 1, 1]}}, {"type": "Feature", "geometry": {"type": "Point", "coordinates": [3.95092, 42.3391]}, "properties": {"var_data": [-0.082, -0.161, 0.034, 0.065, 0.956, 0.002, 1, 1, 1, 1, 1]}}, {"type": "Feature", "geometry": {"type": "Point", "coordinates": [3.98626, 42.3391]}, "properties": {"var_data": [-0.096, -0.074, 0.039, 0.301, 2.064, -0.003, 4, 1, 4, 1, 1]}}, {"type": "Feature", "geometry": {"type": "Point", "coordinates": [3.20878, 42.3661]}, "properties": {"var_data": [-0.441, -0.091, 0.019, 0.01, 1.003, 0.0, 1, 1, 1, 1, 1]}}, {"type": "Feature", "geometry": {"type": "Point", "coordinates": [3.24412, 42.3661]}, "properties": {"var_data": [-0.296, -0.041, 0.012, 0.006, 0.557, 0.0, 1, 1, 1, 1, 1]}}, {"type": "Feature", "geometry": {"type": "Point", "coordinates": [3.27946, 42.3661]}, "properties": {"var_data": [-0.266, -0.055, 0.007, 0.004, 0.293, 0.0, 1, 1, 1, 1, 1]}}, {"type": "Feature", "geometry": {"type": "Point", "coordinates": [3.3148, 42.3661]}, "properties": {"var_data": [-0.207, -0.083, 0.005, 0.004, 0.214, -0.0, 1, 1, 1, 1, 1]}}, {"type": "Feature", "geometry": {"type": "Point", "coordinates": [3.35014, 42.3661]}, "properties": {"var_data": [-0.174, -0.119, 0.006, 0.006, 0.249, -0.0, 1, 1, 1, 1, 1]}}, {"type": "Feature", "geometry": {"type": "Point", "coordinates": [3.38548, 42.3661]}, "properties": {"var_data": [-0.158, -0.091, 0.006, 0.003, 0.269, -0.0, 1, 1, 1, 1, 1]}}, {"type": "Feature", "geometry": {"type": "Point", "coordinates": [3.42082, 42.3661]}, "properties": {"var_data": [-0.171, -0.036, 0.007, 0.004, 0.282, -0.0, 1, 1, 1, 1, 1]}}, {"type": "Feature", "geometry": {"type": "Point", "coordinates": [3.45616, 42.3661]}, "properties": {"var_data": [-0.182, 0.029, 0.009, 0.005, 0.274, -0.0, 1, 1, 1, 1, 1]}}, {"type": "Feature", "geometry": {"type": "Point", "coordinates": [3.4915, 42.3661]}, "properties": {"var_data": [-0.155, 0.049, 0.007, 0.003, 0.293, -0.0, 1, 1, 1, 1, 1]}}, {"type": "Feature", "geometry": {"type": "Point", "coordinates": [3.52684, 42.3661]}, "properties": {"var_data": [-0.144, 0.07, 0.006, 0.005, 0.311, -0.0, 1, 1, 1, 1, 1]}}, {"type": "Feature", "geometry": {"type": "Point", "coordinates": [3.56218, 42.3661]}, "properties": {"var_data": [-0.132, 0.043, 0.008, 0.009, 0.345, 0.0, 1, 1, 1, 1, 1]}}, {"type": "Feature", "geometry": {"type": "Point", "coordinates": [3.59752, 42.3661]}, "properties": {"var_data": [-0.122, -0.032, 0.008, 0.009, 0.365, 0.0, 1, 1, 1, 1, 1]}}, {"type": "Feature", "geometry": {"type": "Point", "coordinates": [3.63286, 42.3661]}, "properties": {"var_data": [-0.071, -0.13, 0.01, 0.011, 0.385, -0.0, 1, 1, 1, 1, 1]}}, {"type": "Feature", "geometry": {"type": "Point", "coordinates": [3.6682, 42.3661]}, "properties": {"var_data": [-0.027, -0.222, 0.016, 0.018, 0.492, -0.0, 1, 1, 1, 1, 1]}}, {"type": "Feature", "geometry": {"type": "Point", "coordinates": [3.70354, 42.3661]}, "properties": {"var_data": [0.008, -0.256, 0.017, 0.02, 0.519, -0.0, 1, 1, 1, 1, 1]}}, {"type": "Feature", "geometry": {"type": "Point", "coordinates": [3.73888, 42.3661]}, "properties": {"var_data": [0.045, -0.304, 0.009, 0.012, 0.633, -0.0, 1, 1, 1, 1, 1]}}, {"type": "Feature", "geometry": {"type": "Point", "coordinates": [3.77422, 42.3661]}, "properties": {"var_data": [0.032, -0.307, 0.008, 0.011, 0.696, 0.0, 1, 1, 1, 1, 1]}}, {"type": "Feature", "geometry": {"type": "Point", "coordinates": [3.80956, 42.3661]}, "properties": {"var_data": [-0.015, -0.297, 0.007, 0.011, 0.572, 0.0, 1, 1, 1, 1, 1]}}, {"type": "Feature", "geometry": {"type": "Point", "coordinates": [3.8449, 42.3661]}, "properties": {"var_data": [-0.041, -0.302, 0.018, 0.032, 0.687, 0.001, 1, 1, 1, 1, 1]}}, {"type": "Feature", "geometry": {"type": "Point", "coordinates": [3.88024, 42.3661]}, "properties": {"var_data": [-0.078, -0.288, 0.02, 0.036, 0.679, 0.001, 1, 1, 1, 1, 1]}}, {"type": "Feature", "geometry": {"type": "Point", "coordinates": [3.91558, 42.3661]}, "properties": {"var_data": [-0.094, -0.256, 0.022, 0.045, 0.737, 0.0, 1, 1, 1, 1, 1]}}, {"type": "Feature", "geometry": {"type": "Point", "coordinates": [3.95092, 42.3661]}, "properties": {"var_data": [-0.082, -0.271, 0.025, 0.096, 1.167, 0.0, 1, 1, 1, 1, 1]}}, {"type": "Feature", "geometry": {"type": "Point", "coordinates": [3.98626, 42.3661]}, "properties": {"var_data": [-0.092, -0.19, 0.033, 0.175, 1.401, -0.002, 1, 0, 1, 1, 1]}}, {"type": "Feature", "geometry": {"type": "Point", "coordinates": [4.0216, 42.3661]}, "properties": {"var_data": [-0.1, -0.151, 0.041, 0.301, 2.046, -0.003, 4, 1, 4, 1, 1]}}, {"type": "Feature", "geometry": {"type": "Point", "coordinates": [3.17344, 42.393101]}, "properties": {"var_data": [0.198, 0.271, 0.071, 0.04, 4.015, 0.003, 4, 1, 4, 1, 1]}}, {"type": "Feature", "geometry": {"type": "Point", "coordinates": [3.20878, 42.393101]}, "properties": {"var_data": [-0.379, -0.043, 0.014, 0.008, 0.913, 0.0, 1, 1, 1, 1, 1]}}, {"type": "Feature", "geometry": {"type": "Point", "coordinates": [3.24412, 42.393101]}, "properties": {"var_data": [-0.345, -0.05, 0.011, 0.006, 0.48, 0.0, 1, 1, 1, 1, 1]}}, {"type": "Feature", "geometry": {"type": "Point", "coordinates": [3.27946, 42.393101]}, "properties": {"var_data": [-0.394, -0.075, 0.009, 0.005, 0.37, 0.0, 1, 1, 1, 1, 1]}}, {"type": "Feature", "geometry": {"type": "Point", "coordinates": [3.3148, 42.393101]}, "properties": {"var_data": [-0.327, -0.087, 0.008, 0.004, 0.309, 0.0, 1, 1, 1, 1, 1]}}, {"type": "Feature", "geometry": {"type": "Point", "coordinates": [3.35014, 42.393101]}, "properties": {"var_data": [-0.269, -0.129, 0.006, 0.005, 0.281, -0.0, 1, 1, 1, 1, 1]}}, {"type": "Feature", "geometry": {"type": "Point", "coordinates": [3.38548, 42.393101]}, "properties": {"var_data": [-0.233, -0.128, 0.007, 0.007, 0.287, -0.0, 1, 1, 1, 1, 1]}}, {"type": "Feature", "geometry": {"type": "Point", "coordinates": [3.42082, 42.393101]}, "properties": {"var_data": [-0.231, -0.055, 0.01, 0.005, 0.287, -0.0, 1, 1, 1, 1, 1]}}, {"type": "Feature", "geometry": {"type": "Point", "coordinates": [3.45616, 42.393101]}, "properties": {"var_data": [-0.198, -0.014, 0.01, 0.005, 0.283, -0.0, 1, 1, 1, 1, 1]}}, {"type": "Feature", "geometry": {"type": "Point", "coordinates": [3.4915, 42.393101]}, "properties": {"var_data": [-0.191, 0.004, 0.007, 0.004, 0.283, -0.0, 1, 1, 1, 1, 1]}}, {"type": "Feature", "geometry": {"type": "Point", "coordinates": [3.52684, 42.393101]}, "properties": {"var_data": [-0.184, -0.005, 0.007, 0.005, 0.303, -0.0, 1, 1, 1, 1, 1]}}, {"type": "Feature", "geometry": {"type": "Point", "coordinates": [3.56218, 42.393101]}, "properties": {"var_data": [-0.154, 0.025, 0.007, 0.005, 0.338, -0.0, 1, 1, 1, 1, 1]}}, {"type": "Feature", "geometry": {"type": "Point", "coordinates": [3.59752, 42.393101]}, "properties": {"var_data": [-0.12, -0.023, 0.007, 0.005, 0.355, -0.0, 1, 1, 1, 1, 1]}}, {"type": "Feature", "geometry": {"type": "Point", "coordinates": [3.63286, 42.393101]}, "properties": {"var_data": [-0.089, -0.042, 0.013, 0.017, 0.434, -0.0, 1, 1, 1, 1, 1]}}, {"type": "Feature", "geometry": {"type": "Point", "coordinates": [3.6682, 42.393101]}, "properties": {"var_data": [-0.043, -0.098, 0.014, 0.019, 0.528, -0.0, 1, 1, 1, 1, 1]}}, {"type": "Feature", "geometry": {"type": "Point", "coordinates": [3.70354, 42.393101]}, "properties": {"var_data": [-0.014, -0.184, 0.015, 0.018, 0.538, -0.0, 1, 1, 1, 1, 1]}}, {"type": "Feature", "geometry": {"type": "Point", "coordinates": [3.73888, 42.393101]}, "properties": {"var_data": [0.023, -0.209, 0.008, 0.012, 0.555, -0.0, 1, 1, 1, 1, 1]}}, {"type": "Feature", "geometry": {"type": "Point", "coordinates": [3.77422, 42.393101]}, "properties": {"var_data": [0.032, -0.269, 0.006, 0.009, 0.545, -0.0, 1, 1, 1, 1, 1]}}, {"type": "Feature", "geometry": {"type": "Point", "coordinates": [3.80956, 42.393101]}, "properties": {"var_data": [0.012, -0.259, 0.007, 0.01, 0.529, 0.0, 1, 1, 1, 1, 1]}}, {"type": "Feature", "geometry": {"type": "Point", "coordinates": [3.8449, 42.393101]}, "properties": {"var_data": [-0.018, -0.294, 0.007, 0.01, 0.589, 0.0, 1, 1, 1, 1, 1]}}, {"type": "Feature", "geometry": {"type": "Point", "coordinates": [3.88024, 42.393101]}, "properties": {"var_data": [-0.048, -0.316, 0.019, 0.041, 0.799, 0.0, 1, 1, 1, 1, 1]}}, {"type": "Feature", "geometry": {"type": "Point", "coordinates": [3.91558, 42.393101]}, "properties": {"var_data": [-0.069, -0.281, 0.02, 0.044, 0.826, 0.0, 1, 1, 1, 1, 1]}}, {"type": "Feature", "geometry": {"type": "Point", "coordinates": [3.95092, 42.393101]}, "properties": {"var_data": [-0.08, -0.263, 0.025, 0.07, 0.954, 0.001, 1, 1, 1, 1, 1]}}, {"type": "Feature", "geometry": {"type": "Point", "coordinates": [3.98626, 42.393101]}, "properties": {"var_data": [-0.102, -0.287, 0.025, 0.095, 1.178, 0.0, 1, 1, 1, 1, 1]}}, {"type": "Feature", "geometry": {"type": "Point", "coordinates": [3.17344, 42.420101]}, "properties": {"var_data": [-0.024, 0.195, 0.067, 0.034, 2.581, 0.002, 4, 1, 4, 1, 1]}}, {"type": "Feature", "geometry": {"type": "Point", "coordinates": [3.20878, 42.420101]}, "properties": {"var_data": [-0.342, 0.01, 0.014, 0.007, 0.822, 0.0, 1, 1, 1, 1, 1]}}, {"type": "Feature", "geometry": {"type": "Point", "coordinates": [3.24412, 42.420101]}, "properties": {"var_data": [-0.353, -0.03, 0.009, 0.005, 0.521, 0.0, 1, 1, 1, 1, 1]}}, {"type": "Feature", "geometry": {"type": "Point", "coordinates": [3.27946, 42.420101]}, "properties": {"var_data": [-0.414, -0.077, 0.007, 0.004, 0.35, 0.0, 1, 1, 1, 1, 1]}}, {"type": "Feature", "geometry": {"type": "Point", "coordinates": [3.3148, 42.420101]}, "properties": {"var_data": [-0.368, -0.109, 0.007, 0.003, 0.329, 0.0, 1, 1, 1, 1, 1]}}, {"type": "Feature", "geometry": {"type": "Point", "coordinates": [3.35014, 42.420101]}, "properties": {"var_data": [-0.287, -0.139, 0.008, 0.004, 0.299, -0.0, 1, 1, 1, 1, 1]}}, {"type": "Feature", "geometry": {"type": "Point", "coordinates": [3.38548, 42.420101]}, "properties": {"var_data": [-0.255, -0.148, 0.009, 0.006, 0.307, -0.0, 1, 1, 1, 1, 1]}}, {"type": "Feature", "geometry": {"type": "Point", "coordinates": [3.42082, 42.420101]}, "properties": {"var_data": [-0.2, -0.103, 0.011, 0.007, 0.303, -0.0, 1, 1, 1, 1, 1]}}, {"type": "Feature", "geometry": {"type": "Point", "coordinates": [3.45616, 42.420101]}, "properties": {"var_data": [-0.2, -0.057, 0.015, 0.008, 0.29, -0.0, 1, 1, 1, 1, 1]}}, {"type": "Feature", "geometry": {"type": "Point", "coordinates": [3.4915, 42.420101]}, "properties": {"var_data": [-0.213, -0.031, 0.011, 0.006, 0.299, -0.0, 1, 1, 1, 1, 1]}}, {"type": "Feature", "geometry": {"type": "Point", "coordinates": [3.52684, 42.420101]}, "properties": {"var_data": [-0.213, -0.004, 0.011, 0.007, 0.302, -0.0, 1, 1, 1, 1, 1]}}, {"type": "Feature", "geometry": {"type": "Point", "coordinates": [3.56218, 42.420101]}, "properties": {"var_data": [-0.191, 0.046, 0.01, 0.007, 0.335, -0.0, 1, 1, 1, 1, 1]}}, {"type": "Feature", "geometry": {"type": "Point", "coordinates": [3.59752, 42.420101]}, "properties": {"var_data": [-0.161, -0.009, 0.011, 0.007, 0.366, -0.0, 1, 1, 1, 1, 1]}}, {"type": "Feature", "geometry": {"type": "Point", "coordinates": [3.63286, 42.420101]}, "properties": {"var_data": [-0.111, -0.054, 0.013, 0.014, 0.416, -0.0, 1, 1, 1, 1, 1]}}, {"type": "Feature", "geometry": {"type": "Point", "coordinates": [3.6682, 42.420101]}, "properties": {"var_data": [-0.039, -0.103, 0.009, 0.016, 0.467, 0.0, 1, 1, 1, 1, 1]}}, {"type": "Feature", "geometry": {"type": "Point", "coordinates": [3.70354, 42.420101]}, "properties": {"var_data": [-0.02, -0.126, 0.01, 0.018, 0.482, 0.0, 1, 1, 1, 1, 1]}}, {"type": "Feature", "geometry": {"type": "Point", "coordinates": [3.73888, 42.420101]}, "properties": {"var_data": [-0.011, -0.135, 0.008, 0.012, 0.5, -0.0, 1, 1, 1, 1, 1]}}, {"type": "Feature", "geometry": {"type": "Point", "coordinates": [3.77422, 42.420101]}, "properties": {"var_data": [0.005, -0.205, 0.017, 0.021, 0.547, -0.0, 1, 1, 1, 1, 1]}}, {"type": "Feature", "geometry": {"type": "Point", "coordinates": [3.80956, 42.420101]}, "properties": {"var_data": [-0.001, -0.243, 0.013, 0.017, 0.683, -0.0, 1, 1, 1, 1, 1]}}, {"type": "Feature", "geometry": {"type": "Point", "coordinates": [3.8449, 42.420101]}, "properties": {"var_data": [-0.014, -0.269, 0.008, 0.016, 0.613, -0.0, 1, 1, 1, 1, 1]}}, {"type": "Feature", "geometry": {"type": "Point", "coordinates": [3.88024, 42.420101]}, "properties": {"var_data": [-0.02, -0.252, 0.007, 0.008, 0.573, -0.0, 1, 1, 1, 1, 1]}}, {"type": "Feature", "geometry": {"type": "Point", "coordinates": [3.91558, 42.420101]}, "properties": {"var_data": [-0.044, -0.306, 0.006, 0.02, 0.78, -0.0, 1, 1, 1, 1, 1]}}, {"type": "Feature", "geometry": {"type": "Point", "coordinates": [3.95092, 42.420101]}, "properties": {"var_data": [-0.074, -0.303, 0.007, 0.023, 0.831, -0.0, 1, 1, 1, 1, 1]}}, {"type": "Feature", "geometry": {"type": "Point", "coordinates": [3.98626, 42.420101]}, "properties": {"var_data": [-0.074, -0.373, 0.009, 0.031, 1.192, -0.0, 1, 1, 1, 1, 1]}}, {"type": "Feature", "geometry": {"type": "Point", "coordinates": [4.0216, 42.420101]}, "properties": {"var_data": [-0.103, -0.363, 0.02, 0.072, 1.84, -0.001, 1, 1, 1, 1, 1]}}, {"type": "Feature", "geometry": {"type": "Point", "coordinates": [3.17344, 42.447102]}, "properties": {"var_data": [-0.079, 0.17, 0.033, 0.019, 1.453, 0.001, 1, 1, 1, 1, 1]}}, {"type": "Feature", "geometry": {"type": "Point", "coordinates": [3.20878, 42.447102]}, "properties": {"var_data": [-0.27, 0.056, 0.014, 0.008, 0.716, 0.0, 1, 1, 1, 1, 1]}}, {"type": "Feature", "geometry": {"type": "Point", "coordinates": [3.24412, 42.447102]}, "properties": {"var_data": [-0.38, -0.017, 0.009, 0.005, 0.466, 0.0, 1, 1, 1, 1, 1]}}, {"type": "Feature", "geometry": {"type": "Point", "coordinates": [3.27946, 42.447102]}, "properties": {"var_data": [-0.371, -0.06, 0.007, 0.003, 0.364, 0.0, 1, 1, 1, 1, 1]}}, {"type": "Feature", "geometry": {"type": "Point", "coordinates": [3.3148, 42.447102]}, "properties": {"var_data": [-0.32, -0.114, 0.006, 0.004, 0.297, 0.0, 1, 1, 1, 1, 1]}}, {"type": "Feature", "geometry": {"type": "Point", "coordinates": [3.35014, 42.447102]}, "properties": {"var_data": [-0.274, -0.149, 0.008, 0.004, 0.309, 0.0, 1, 1, 1, 1, 1]}}, {"type": "Feature", "geometry": {"type": "Point", "coordinates": [3.38548, 42.447102]}, "properties": {"var_data": [-0.198, -0.146, 0.005, 0.004, 0.31, 0.0, 1, 1, 1, 1, 1]}}, {"type": "Feature", "geometry": {"type": "Point", "coordinates": [3.42082, 42.447102]}, "properties": {"var_data": [-0.191, -0.111, 0.006, 0.006, 0.323, 0.0, 1, 1, 1, 1, 1]}}, {"type": "Feature", "geometry": {"type": "Point", "coordinates": [3.45616, 42.447102]}, "properties": {"var_data": [-0.203, -0.087, 0.013, 0.007, 0.32, -0.0, 1, 1, 1, 1, 1]}}, {"type": "Feature", "geometry": {"type": "Point", "coordinates": [3.4915, 42.447102]}, "properties": {"var_data": [-0.222, -0.077, 0.015, 0.009, 0.293, -0.0, 1, 1, 1, 1, 1]}}, {"type": "Feature", "geometry": {"type": "Point", "coordinates": [3.52684, 42.447102]}, "properties": {"var_data": [-0.235, -0.046, 0.013, 0.007, 0.326, -0.0, 1, 1, 1, 1, 1]}}, {"type": "Feature", "geometry": {"type": "Point", "coordinates": [3.56218, 42.447102]}, "properties": {"var_data": [-0.214, -0.022, 0.012, 0.007, 0.325, -0.0, 1, 1, 1, 1, 1]}}, {"type": "Feature", "geometry": {"type": "Point", "coordinates": [3.59752, 42.447102]}, "properties": {"var_data": [-0.171, -0.05, 0.011, 0.007, 0.332, -0.0, 1, 1, 1, 1, 1]}}, {"type": "Feature", "geometry": {"type": "Point", "coordinates": [3.63286, 42.447102]}, "properties": {"var_data": [-0.091, -0.131, 0.008, 0.005, 0.389, -0.0, 1, 1, 1, 1, 1]}}, {"type": "Feature", "geometry": {"type": "Point", "coordinates": [3.6682, 42.447102]}, "properties": {"var_data": [-0.065, -0.125, 0.011, 0.022, 0.465, 0.0, 1, 1, 1, 1, 1]}}, {"type": "Feature", "geometry": {"type": "Point", "coordinates": [3.70354, 42.447102]}, "properties": {"var_data": [-0.033, -0.145, 0.012, 0.024, 0.484, 0.0, 1, 1, 1, 1, 1]}}, {"type": "Feature", "geometry": {"type": "Point", "coordinates": [3.73888, 42.447102]}, "properties": {"var_data": [0.025, -0.172, 0.012, 0.025, 0.597, 0.0, 1, 1, 1, 1, 1]}}, {"type": "Feature", "geometry": {"type": "Point", "coordinates": [3.77422, 42.447102]}, "properties": {"var_data": [0.005, -0.196, 0.007, 0.011, 0.54, -0.0, 1, 1, 1, 1, 1]}}, {"type": "Feature", "geometry": {"type": "Point", "coordinates": [3.80956, 42.447102]}, "properties": {"var_data": [0.008, -0.275, 0.009, 0.013, 0.569, -0.0, 1, 1, 1, 1, 1]}}, {"type": "Feature", "geometry": {"type": "Point", "coordinates": [3.8449, 42.447102]}, "properties": {"var_data": [0.019, -0.238, 0.006, 0.007, 0.579, -0.0, 1, 1, 1, 1, 1]}}, {"type": "Feature", "geometry": {"type": "Point", "coordinates": [3.88024, 42.447102]}, "properties": {"var_data": [-0.016, -0.266, 0.006, 0.006, 0.596, -0.0, 1, 1, 1, 1, 1]}}, {"type": "Feature", "geometry": {"type": "Point", "coordinates": [3.91558, 42.447102]}, "properties": {"var_data": [-0.04, -0.242, 0.006, 0.007, 0.79, -0.0, 1, 1, 1, 1, 1]}}, {"type": "Feature", "geometry": {"type": "Point", "coordinates": [3.95092, 42.447102]}, "properties": {"var_data": [-0.068, -0.38, 0.007, 0.024, 0.971, -0.0, 1, 1, 1, 1, 1]}}, {"type": "Feature", "geometry": {"type": "Point", "coordinates": [3.98626, 42.447102]}, "properties": {"var_data": [-0.075, -0.342, 0.008, 0.027, 0.969, -0.0, 1, 1, 1, 1, 1]}}, {"type": "Feature", "geometry": {"type": "Point", "coordinates": [4.0216, 42.447102]}, "properties": {"var_data": [-0.13, -0.374, 0.009, 0.031, 1.371, -0.0, 1, 1, 1, 1, 1]}}, {"type": "Feature", "geometry": {"type": "Point", "coordinates": [3.17344, 42.474098]}, "properties": {"var_data": [-0.014, 0.213, 0.027, 0.016, 0.799, 0.0, 1, 1, 1, 1, 1]}}, {"type": "Feature", "geometry": {"type": "Point", "coordinates": [3.20878, 42.474098]}, "properties": {"var_data": [-0.225, 0.088, 0.014, 0.008, 0.624, 0.0, 1, 1, 1, 1, 1]}}, {"type": "Feature", "geometry": {"type": "Point", "coordinates": [3.24412, 42.474098]}, "properties": {"var_data": [-0.316, 0.016, 0.01, 0.006, 0.456, 0.0, 1, 1, 1, 1, 1]}}, {"type": "Feature", "geometry": {"type": "Point", "coordinates": [3.27946, 42.474098]}, "properties": {"var_data": [-0.29, -0.044, 0.006, 0.004, 0.347, 0.0, 1, 1, 1, 1, 1]}}, {"type": "Feature", "geometry": {"type": "Point", "coordinates": [3.3148, 42.474098]}, "properties": {"var_data": [-0.286, -0.1, 0.006, 0.004, 0.309, 0.0, 1, 1, 1, 1, 1]}}, {"type": "Feature", "geometry": {"type": "Point", "coordinates": [3.35014, 42.474098]}, "properties": {"var_data": [-0.267, -0.144, 0.005, 0.004, 0.312, 0.0, 1, 1, 1, 1, 1]}}, {"type": "Feature", "geometry": {"type": "Point", "coordinates": [3.38548, 42.474098]}, "properties": {"var_data": [-0.207, -0.138, 0.005, 0.004, 0.303, 0.0, 1, 1, 1, 1, 1]}}, {"type": "Feature", "geometry": {"type": "Point", "coordinates": [3.42082, 42.474098]}, "properties": {"var_data": [-0.181, -0.128, 0.005, 0.005, 0.334, 0.0, 1, 1, 1, 1, 1]}}, {"type": "Feature", "geometry": {"type": "Point", "coordinates": [3.45616, 42.474098]}, "properties": {"var_data": [-0.178, -0.078, 0.005, 0.004, 0.331, 0.0, 1, 1, 1, 1, 1]}}, {"type": "Feature", "geometry": {"type": "Point", "coordinates": [3.4915, 42.474098]}, "properties": {"var_data": [-0.204, -0.07, 0.008, 0.005, 0.321, -0.0, 1, 1, 1, 1, 1]}}, {"type": "Feature", "geometry": {"type": "Point", "coordinates": [3.52684, 42.474098]}, "properties": {"var_data": [-0.211, -0.089, 0.015, 0.008, 0.314, -0.0, 1, 1, 1, 1, 1]}}, {"type": "Feature", "geometry": {"type": "Point", "coordinates": [3.56218, 42.474098]}, "properties": {"var_data": [-0.185, -0.085, 0.016, 0.009, 0.313, -0.0, 1, 1, 1, 1, 1]}}, {"type": "Feature", "geometry": {"type": "Point", "coordinates": [3.59752, 42.474098]}, "properties": {"var_data": [-0.141, -0.115, 0.018, 0.011, 0.369, -0.0, 1, 1, 1, 1, 1]}}, {"type": "Feature", "geometry": {"type": "Point", "coordinates": [3.63286, 42.474098]}, "properties": {"var_data": [-0.091, -0.163, 0.008, 0.005, 0.376, -0.0, 1, 1, 1, 1, 1]}}, {"type": "Feature", "geometry": {"type": "Point", "coordinates": [3.6682, 42.474098]}, "properties": {"var_data": [-0.039, -0.196, 0.008, 0.005, 0.425, -0.0, 1, 1, 1, 1, 1]}}, {"type": "Feature", "geometry": {"type": "Point", "coordinates": [3.70354, 42.474098]}, "properties": {"var_data": [0.006, -0.209, 0.013, 0.025, 0.479, 0.0, 1, 1, 1, 1, 1]}}, {"type": "Feature", "geometry": {"type": "Point", "coordinates": [3.73888, 42.474098]}, "properties": {"var_data": [0.055, -0.203, 0.012, 0.025, 0.5, 0.0, 1, 1, 1, 1, 1]}}, {"type": "Feature", "geometry": {"type": "Point", "coordinates": [3.77422, 42.474098]}, "properties": {"var_data": [0.034, -0.199, 0.013, 0.028, 0.557, 0.0, 1, 1, 1, 1, 1]}}, {"type": "Feature", "geometry": {"type": "Point", "coordinates": [3.80956, 42.474098]}, "properties": {"var_data": [0.02, -0.242, 0.009, 0.01, 0.545, -0.0, 1, 1, 1, 1, 1]}}, {"type": "Feature", "geometry": {"type": "Point", "coordinates": [3.8449, 42.474098]}, "properties": {"var_data": [0.023, -0.266, 0.007, 0.008, 0.666, -0.0, 1, 1, 1, 1, 1]}}, {"type": "Feature", "geometry": {"type": "Point", "coordinates": [3.88024, 42.474098]}, "properties": {"var_data": [-0.011, -0.258, 0.007, 0.007, 0.655, -0.0, 1, 1, 1, 1, 1]}}, {"type": "Feature", "geometry": {"type": "Point", "coordinates": [3.91558, 42.474098]}, "properties": {"var_data": [-0.015, -0.214, 0.006, 0.007, 0.663, -0.0, 1, 1, 1, 1, 1]}}, {"type": "Feature", "geometry": {"type": "Point", "coordinates": [3.95092, 42.474098]}, "properties": {"var_data": [-0.031, -0.289, 0.006, 0.007, 0.687, -0.0, 1, 1, 1, 1, 1]}}, {"type": "Feature", "geometry": {"type": "Point", "coordinates": [3.98626, 42.474098]}, "properties": {"var_data": [-0.06, -0.335, 0.008, 0.026, 0.863, -0.0, 1, 1, 1, 1, 1]}}, {"type": "Feature", "geometry": {"type": "Point", "coordinates": [4.0216, 42.474098]}, "properties": {"var_data": [-0.113, -0.266, 0.014, 0.049, 1.333, -0.001, 1, 1, 1, 1, 1]}}, {"type": "Feature", "geometry": {"type": "Point", "coordinates": [4.05694, 42.474098]}, "properties": {"var_data": [-0.188, -0.589, 0.018, 0.071, 2.071, -0.001, 4, 1, 4, 1, 1]}}, {"type": "Feature", "geometry": {"type": "Point", "coordinates": [3.1381, 42.501099]}, "properties": {"var_data": [0.032, 0.191, 0.036, 0.021, 0.926, 0.001, 1, 1, 1, 1, 1]}}, {"type": "Feature", "geometry": {"type": "Point", "coordinates": [3.17344, 42.501099]}, "properties": {"var_data": [-0.016, 0.186, 0.021, 0.014, 0.681, 0.0, 1, 1, 1, 1, 1]}}, {"type": "Feature", "geometry": {"type": "Point", "coordinates": [3.20878, 42.501099]}, "properties": {"var_data": [-0.15, 0.117, 0.018, 0.012, 0.511, 0.0, 1, 1, 1, 1, 1]}}, {"type": "Feature", "geometry": {"type": "Point", "coordinates": [3.24412, 42.501099]}, "properties": {"var_data": [-0.23, 0.039, 0.012, 0.008, 0.419, 0.0, 1, 1, 1, 1, 1]}}, {"type": "Feature", "geometry": {"type": "Point", "coordinates": [3.27946, 42.501099]}, "properties": {"var_data": [-0.243, -0.029, 0.006, 0.004, 0.36, 0.0, 1, 1, 1, 1, 1]}}, {"type": "Feature", "geometry": {"type": "Point", "coordinates": [3.3148, 42.501099]}, "properties": {"var_data": [-0.246, -0.083, 0.006, 0.004, 0.325, 0.0, 1, 1, 1, 1, 1]}}, {"type": "Feature", "geometry": {"type": "Point", "coordinates": [3.35014, 42.501099]}, "properties": {"var_data": [-0.232, -0.119, 0.005, 0.004, 0.34, 0.0, 1, 1, 1, 1, 1]}}, {"type": "Feature", "geometry": {"type": "Point", "coordinates": [3.38548, 42.501099]}, "properties": {"var_data": [-0.191, -0.129, 0.005, 0.005, 0.351, 0.0, 1, 1, 1, 1, 1]}}, {"type": "Feature", "geometry": {"type": "Point", "coordinates": [3.42082, 42.501099]}, "properties": {"var_data": [-0.147, -0.122, 0.005, 0.005, 0.334, 0.0, 1, 1, 1, 1, 1]}}, {"type": "Feature", "geometry": {"type": "Point", "coordinates": [3.45616, 42.501099]}, "properties": {"var_data": [-0.136, -0.115, 0.005, 0.003, 0.328, -0.0, 1, 1, 1, 1, 1]}}, {"type": "Feature", "geometry": {"type": "Point", "coordinates": [3.4915, 42.501099]}, "properties": {"var_data": [-0.165, -0.091, 0.008, 0.005, 0.338, -0.0, 1, 1, 1, 1, 1]}}, {"type": "Feature", "geometry": {"type": "Point", "coordinates": [3.52684, 42.501099]}, "properties": {"var_data": [-0.167, -0.1, 0.008, 0.005, 0.374, -0.0, 1, 1, 1, 1, 1]}}, {"type": "Feature", "geometry": {"type": "Point", "coordinates": [3.56218, 42.501099]}, "properties": {"var_data": [-0.14, -0.118, 0.017, 0.01, 0.35, -0.0, 1, 1, 1, 1, 1]}}, {"type": "Feature", "geometry": {"type": "Point", "coordinates": [3.59752, 42.501099]}, "properties": {"var_data": [-0.144, -0.131, 0.018, 0.01, 0.374, -0.0, 1, 1, 1, 1, 1]}}, {"type": "Feature", "geometry": {"type": "Point", "coordinates": [3.63286, 42.501099]}, "properties": {"var_data": [-0.06, -0.264, 0.021, 0.012, 0.421, -0.0, 1, 1, 1, 1, 1]}}, {"type": "Feature", "geometry": {"type": "Point", "coordinates": [3.6682, 42.501099]}, "properties": {"var_data": [-0.01, -0.198, 0.009, 0.005, 0.436, -0.0, 1, 1, 1, 1, 1]}}, {"type": "Feature", "geometry": {"type": "Point", "coordinates": [3.70354, 42.501099]}, "properties": {"var_data": [0.015, -0.148, 0.015, 0.032, 0.521, 0.0, 1, 1, 1, 1, 1]}}, {"type": "Feature", "geometry": {"type": "Point", "coordinates": [3.73888, 42.501099]}, "properties": {"var_data": [0.078, -0.18, 0.012, 0.025, 0.48, 0.0, 1, 1, 1, 1, 1]}}, {"type": "Feature", "geometry": {"type": "Point", "coordinates": [3.77422, 42.501099]}, "properties": {"var_data": [0.105, -0.2, 0.011, 0.029, 0.534, 0.0, 1, 1, 1, 1, 1]}}, {"type": "Feature", "geometry": {"type": "Point", "coordinates": [3.80956, 42.501099]}, "properties": {"var_data": [0.08, -0.213, 0.017, 0.058, 0.6, 0.001, 1, 1, 1, 1, 1]}}, {"type": "Feature", "geometry": {"type": "Point", "coordinates": [3.8449, 42.501099]}, "properties": {"var_data": [0.025, -0.259, 0.004, 0.004, 0.589, -0.0, 1, 1, 1, 1, 1]}}, {"type": "Feature", "geometry": {"type": "Point", "coordinates": [3.88024, 42.501099]}, "properties": {"var_data": [0.003, -0.219, 0.004, 0.005, 0.617, -0.0, 1, 1, 1, 1, 1]}}, {"type": "Feature", "geometry": {"type": "Point", "coordinates": [3.91558, 42.501099]}, "properties": {"var_data": [-0.01, -0.285, 0.004, 0.005, 0.677, -0.0, 1, 1, 1, 1, 1]}}, {"type": "Feature", "geometry": {"type": "Point", "coordinates": [3.95092, 42.501099]}, "properties": {"var_data": [-0.043, -0.245, 0.01, 0.034, 0.88, -0.0, 1, 0, 1, 1, 1]}}, {"type": "Feature", "geometry": {"type": "Point", "coordinates": [3.98626, 42.501099]}, "properties": {"var_data": [-0.019, -0.34, 0.01, 0.037, 1.058, -0.0, 1, 1, 1, 1, 1]}}, {"type": "Feature", "geometry": {"type": "Point", "coordinates": [4.0216, 42.501099]}, "properties": {"var_data": [-0.052, -0.374, 0.011, 0.038, 1.374, -0.0, 1, 1, 1, 1, 1]}}, {"type": "Feature", "geometry": {"type": "Point", "coordinates": [4.05694, 42.501099]}, "properties": {"var_data": [-0.174, -0.375, 0.02, 0.07, 1.832, -0.001, 1, 1, 1, 1, 1]}}, {"type": "Feature", "geometry": {"type": "Point", "coordinates": [4.09228, 42.501099]}, "properties": {"var_data": [-0.179, -0.672, 0.023, 0.085, 2.127, -0.002, 4, 0, 4, 1, 1]}}, {"type": "Feature", "geometry": {"type": "Point", "coordinates": [4.12762, 42.501099]}, "properties": {"var_data": [-0.199, -0.722, 0.023, 0.085, 2.23, -0.002, 4, 0, 4, 1, 1]}}, {"type": "Feature", "geometry": {"type": "Point", "coordinates": [3.10276, 42.528099]}, "properties": {"var_data": [-0.08, -0.045, 0.036, 0.013, 0.944, 0.0, 1, 1, 1, 1, 1]}}, {"type": "Feature", "geometry": {"type": "Point", "coordinates": [3.1381, 42.528099]}, "properties": {"var_data": [0.061, 0.126, 0.021, 0.009, 0.802, 0.0, 1, 1, 1, 1, 1]}}, {"type": "Feature", "geometry": {"type": "Point", "coordinates": [3.17344, 42.528099]}, "properties": {"var_data": [0.02, 0.169, 0.021, 0.015, 0.624, 0.0, 1, 1, 1, 1, 1]}}, {"type": "Feature", "geometry": {"type": "Point", "coordinates": [3.20878, 42.528099]}, "properties": {"var_data": [-0.098, 0.117, 0.016, 0.011, 0.464, 0.0, 1, 1, 1, 1, 1]}}, {"type": "Feature", "geometry": {"type": "Point", "coordinates": [3.24412, 42.528099]}, "properties": {"var_data": [-0.177, 0.052, 0.011, 0.009, 0.38, 0.0, 1, 1, 1, 1, 1]}}, {"type": "Feature", "geometry": {"type": "Point", "coordinates": [3.27946, 42.528099]}, "properties": {"var_data": [-0.211, -0.023, 0.008, 0.009, 0.345, 0.0, 1, 1, 1, 1, 1]}}, {"type": "Feature", "geometry": {"type": "Point", "coordinates": [3.3148, 42.528099]}, "properties": {"var_data": [-0.209, -0.072, 0.006, 0.006, 0.336, 0.0, 1, 1, 1, 1, 1]}}, {"type": "Feature", "geometry": {"type": "Point", "coordinates": [3.35014, 42.528099]}, "properties": {"var_data": [-0.19, -0.119, 0.005, 0.006, 0.338, 0.0, 1, 1, 1, 1, 1]}}, {"type": "Feature", "geometry": {"type": "Point", "coordinates": [3.38548, 42.528099]}, "properties": {"var_data": [-0.149, -0.129, 0.006, 0.005, 0.348, 0.0, 1, 1, 1, 1, 1]}}, {"type": "Feature", "geometry": {"type": "Point", "coordinates": [3.42082, 42.528099]}, "properties": {"var_data": [-0.133, -0.121, 0.005, 0.005, 0.341, 0.0, 1, 1, 1, 1, 1]}}, {"type": "Feature", "geometry": {"type": "Point", "coordinates": [3.45616, 42.528099]}, "properties": {"var_data": [-0.098, -0.127, 0.005, 0.004, 0.322, -0.0, 1, 1, 1, 1, 1]}}, {"type": "Feature", "geometry": {"type": "Point", "coordinates": [3.4915, 42.528099]}, "properties": {"var_data": [-0.094, -0.113, 0.008, 0.005, 0.344, -0.0, 1, 1, 1, 1, 1]}}, {"type": "Feature", "geometry": {"type": "Point", "coordinates": [3.52684, 42.528099]}, "properties": {"var_data": [-0.088, -0.099, 0.009, 0.005, 0.394, -0.0, 1, 1, 1, 1, 1]}}, {"type": "Feature", "geometry": {"type": "Point", "coordinates": [3.56218, 42.528099]}, "properties": {"var_data": [-0.063, -0.171, 0.02, 0.012, 0.459, -0.0, 1, 1, 1, 1, 1]}}, {"type": "Feature", "geometry": {"type": "Point", "coordinates": [3.59752, 42.528099]}, "properties": {"var_data": [-0.06, -0.171, 0.02, 0.012, 0.497, -0.0, 1, 1, 1, 1, 1]}}, {"type": "Feature", "geometry": {"type": "Point", "coordinates": [3.63286, 42.528099]}, "properties": {"var_data": [-0.033, -0.241, 0.022, 0.013, 0.478, -0.0, 1, 1, 1, 1, 1]}}, {"type": "Feature", "geometry": {"type": "Point", "coordinates": [3.6682, 42.528099]}, "properties": {"var_data": [0.013, -0.251, 0.015, 0.009, 0.489, -0.0, 1, 1, 1, 1, 1]}}, {"type": "Feature", "geometry": {"type": "Point", "coordinates": [3.70354, 42.528099]}, "properties": {"var_data": [0.109, -0.178, 0.015, 0.03, 0.532, -0.0, 1, 1, 1, 1, 1]}}, {"type": "Feature", "geometry": {"type": "Point", "coordinates": [3.73888, 42.528099]}, "properties": {"var_data": [0.124, -0.216, 0.014, 0.039, 0.561, 0.0, 1, 1, 1, 1, 1]}}, {"type": "Feature", "geometry": {"type": "Point", "coordinates": [3.77422, 42.528099]}, "properties": {"var_data": [0.119, -0.192, 0.017, 0.05, 0.569, 0.001, 1, 1, 1, 1, 1]}}, {"type": "Feature", "geometry": {"type": "Point", "coordinates": [3.80956, 42.528099]}, "properties": {"var_data": [0.084, -0.255, 0.013, 0.045, 0.587, 0.001, 1, 1, 1, 1, 1]}}, {"type": "Feature", "geometry": {"type": "Point", "coordinates": [3.8449, 42.528099]}, "properties": {"var_data": [0.025, -0.296, 0.009, 0.029, 0.624, 0.0, 1, 1, 1, 1, 1]}}, {"type": "Feature", "geometry": {"type": "Point", "coordinates": [3.88024, 42.528099]}, "properties": {"var_data": [-0.008, -0.281, 0.004, 0.005, 0.646, -0.0, 1, 1, 1, 1, 1]}}, {"type": "Feature", "geometry": {"type": "Point", "coordinates": [3.91558, 42.528099]}, "properties": {"var_data": [-0.01, -0.341, 0.009, 0.031, 0.773, 0.0, 1, 1, 1, 1, 1]}}, {"type": "Feature", "geometry": {"type": "Point", "coordinates": [3.95092, 42.528099]}, "properties": {"var_data": [-0.012, -0.264, 0.019, 0.063, 0.767, 0.001, 1, 0, 1, 1, 1]}}, {"type": "Feature", "geometry": {"type": "Point", "coordinates": [3.98626, 42.528099]}, "properties": {"var_data": [-0.031, -0.387, 0.02, 0.087, 0.834, 0.002, 1, 0, 1, 1, 1]}}, {"type": "Feature", "geometry": {"type": "Point", "coordinates": [4.0216, 42.528099]}, "properties": {"var_data": [-0.077, -0.412, 0.011, 0.045, 0.905, 0.0, 1, 1, 1, 1, 1]}}, {"type": "Feature", "geometry": {"type": "Point", "coordinates": [4.05694, 42.528099]}, "properties": {"var_data": [-0.117, -0.492, 0.011, 0.05, 1.087, 0.0, 1, 0, 1, 1, 1]}}, {"type": "Feature", "geometry": {"type": "Point", "coordinates": [4.09228, 42.528099]}, "properties": {"var_data": [-0.168, -0.665, 0.021, 0.077, 1.324, -0.002, 1, 0, 1, 1, 1]}}, {"type": "Feature", "geometry": {"type": "Point", "coordinates": [4.12762, 42.528099]}, "properties": {"var_data": [-0.196, -0.647, 0.023, 0.084, 2.062, -0.002, 4, 0, 4, 1, 1]}}, {"type": "Feature", "geometry": {"type": "Point", "coordinates": [4.16296, 42.528099]}, "properties": {"var_data": [-0.193, -0.676, 0.023, 0.083, 2.093, -0.002, 4, 0, 4, 1, 1]}}, {"type": "Feature", "geometry": {"type": "Point", "coordinates": [3.06742, 42.555099]}, "properties": {"var_data": [-0.175, -0.207, 0.034, 0.012, 1.518, 0.0, 1, 1, 1, 1, 1]}}, {"type": "Feature", "geometry": {"type": "Point", "coordinates": [3.10276, 42.555099]}, "properties": {"var_data": [-0.065, -0.103, 0.028, 0.01, 0.803, 0.0, 1, 1, 1, 1, 1]}}, {"type": "Feature", "geometry": {"type": "Point", "coordinates": [3.1381, 42.555099]}, "properties": {"var_data": [0.068, 0.084, 0.028, 0.019, 0.663, 0.0, 1, 1, 1, 1, 1]}}, {"type": "Feature", "geometry": {"type": "Point", "coordinates": [3.17344, 42.555099]}, "properties": {"var_data": [0.019, 0.118, 0.018, 0.014, 0.502, 0.0, 1, 1, 1, 1, 1]}}, {"type": "Feature", "geometry": {"type": "Point", "coordinates": [3.20878, 42.555099]}, "properties": {"var_data": [-0.065, 0.106, 0.015, 0.012, 0.429, 0.0, 1, 1, 1, 1, 1]}}, {"type": "Feature", "geometry": {"type": "Point", "coordinates": [3.24412, 42.555099]}, "properties": {"var_data": [-0.142, 0.049, 0.011, 0.009, 0.371, 0.0, 1, 1, 1, 1, 1]}}, {"type": "Feature", "geometry": {"type": "Point", "coordinates": [3.27946, 42.555099]}, "properties": {"var_data": [-0.195, -0.03, 0.007, 0.01, 0.342, 0.0, 1, 1, 1, 1, 1]}}, {"type": "Feature", "geometry": {"type": "Point", "coordinates": [3.3148, 42.555099]}, "properties": {"var_data": [-0.18, -0.064, 0.006, 0.007, 0.329, 0.0, 1, 1, 1, 1, 1]}}, {"type": "Feature", "geometry": {"type": "Point", "coordinates": [3.35014, 42.555099]}, "properties": {"var_data": [-0.157, -0.103, 0.005, 0.006, 0.321, 0.0, 1, 1, 1, 1, 1]}}, {"type": "Feature", "geometry": {"type": "Point", "coordinates": [3.38548, 42.555099]}, "properties": {"var_data": [-0.12, -0.133, 0.005, 0.005, 0.327, 0.0, 1, 1, 1, 1, 1]}}, {"type": "Feature", "geometry": {"type": "Point", "coordinates": [3.42082, 42.555099]}, "properties": {"var_data": [-0.094, -0.141, 0.011, 0.007, 0.341, -0.0, 1, 1, 1, 1, 1]}}, {"type": "Feature", "geometry": {"type": "Point", "coordinates": [3.45616, 42.555099]}, "properties": {"var_data": [-0.078, -0.117, 0.009, 0.005, 0.344, -0.0, 1, 1, 1, 1, 1]}}, {"type": "Feature", "geometry": {"type": "Point", "coordinates": [3.4915, 42.555099]}, "properties": {"var_data": [-0.044, -0.127, 0.016, 0.008, 0.392, -0.0, 1, 1, 1, 1, 1]}}, {"type": "Feature", "geometry": {"type": "Point", "coordinates": [3.52684, 42.555099]}, "properties": {"var_data": [-0.003, -0.11, 0.015, 0.007, 0.452, -0.0, 1, 1, 1, 1, 1]}}, {"type": "Feature", "geometry": {"type": "Point", "coordinates": [3.56218, 42.555099]}, "properties": {"var_data": [0.044, -0.051, 0.018, 0.008, 0.731, -0.0, 1, 1, 1, 1, 1]}}, {"type": "Feature", "geometry": {"type": "Point", "coordinates": [3.59752, 42.555099]}, "properties": {"var_data": [0.069, -0.159, 0.019, 0.016, 0.756, -0.0, 1, 1, 1, 1, 1]}}, {"type": "Feature", "geometry": {"type": "Point", "coordinates": [3.63286, 42.555099]}, "properties": {"var_data": [0.094, -0.051, 0.022, 0.037, 0.715, 0.0, 1, 1, 1, 1, 1]}}, {"type": "Feature", "geometry": {"type": "Point", "coordinates": [3.6682, 42.555099]}, "properties": {"var_data": [0.161, 0.033, 0.019, 0.037, 0.818, 0.0, 1, 1, 1, 1, 1]}}, {"type": "Feature", "geometry": {"type": "Point", "coordinates": [3.70354, 42.555099]}, "properties": {"var_data": [0.178, 0.031, 0.023, 0.086, 0.629, 0.002, 1, 1, 1, 1, 1]}}, {"type": "Feature", "geometry": {"type": "Point", "coordinates": [3.73888, 42.555099]}, "properties": {"var_data": [0.204, -0.023, 0.018, 0.083, 0.649, 0.001, 1, 1, 1, 1, 1]}}, {"type": "Feature", "geometry": {"type": "Point", "coordinates": [3.77422, 42.555099]}, "properties": {"var_data": [0.149, -0.222, 0.011, 0.046, 0.641, 0.0, 1, 1, 1, 1, 1]}}, {"type": "Feature", "geometry": {"type": "Point", "coordinates": [3.80956, 42.555099]}, "properties": {"var_data": [0.118, -0.331, 0.011, 0.039, 0.594, 0.0, 1, 1, 1, 1, 1]}}, {"type": "Feature", "geometry": {"type": "Point", "coordinates": [3.8449, 42.555099]}, "properties": {"var_data": [0.065, -0.369, 0.01, 0.037, 0.6, 0.0, 1, 1, 1, 1, 1]}}, {"type": "Feature", "geometry": {"type": "Point", "coordinates": [3.88024, 42.555099]}, "properties": {"var_data": [0.032, -0.383, 0.014, 0.05, 0.649, 0.001, 1, 1, 1, 1, 1]}}, {"type": "Feature", "geometry": {"type": "Point", "coordinates": [3.91558, 42.555099]}, "properties": {"var_data": [0.013, -0.326, 0.016, 0.056, 0.689, 0.001, 1, 1, 1, 1, 1]}}, {"type": "Feature", "geometry": {"type": "Point", "coordinates": [3.95092, 42.555099]}, "properties": {"var_data": [0.01, -0.34, 0.019, 0.081, 0.745, 0.001, 1, 1, 1, 1, 1]}}, {"type": "Feature", "geometry": {"type": "Point", "coordinates": [3.98626, 42.555099]}, "properties": {"var_data": [-0.024, -0.446, 0.019, 0.085, 0.849, 0.001, 1, 0, 1, 1, 1]}}, {"type": "Feature", "geometry": {"type": "Point", "coordinates": [4.0216, 42.555099]}, "properties": {"var_data": [-0.069, -0.494, 0.012, 0.047, 0.951, 0.0, 1, 0, 1, 1, 1]}}, {"type": "Feature", "geometry": {"type": "Point", "coordinates": [4.05694, 42.555099]}, "properties": {"var_data": [-0.087, -0.463, 0.012, 0.047, 1.048, 0.0, 1, 0, 1, 1, 1]}}, {"type": "Feature", "geometry": {"type": "Point", "coordinates": [4.09228, 42.555099]}, "properties": {"var_data": [-0.121, -0.571, 0.026, 0.069, 1.27, -0.001, 1, 0, 1, 1, 1]}}, {"type": "Feature", "geometry": {"type": "Point", "coordinates": [4.12762, 42.555099]}, "properties": {"var_data": [-0.135, -0.715, 0.03, 0.104, 2.084, -0.001, 4, 0, 4, 1, 1]}}, {"type": "Feature", "geometry": {"type": "Point", "coordinates": [4.16296, 42.555099]}, "properties": {"var_data": [-0.154, -0.683, 0.023, 0.081, 2.071, -0.002, 4, 0, 4, 1, 1]}}, {"type": "Feature", "geometry": {"type": "Point", "coordinates": [3.06742, 42.5821]}, "properties": {"var_data": [0.036, -0.145, 0.023, 0.009, 0.991, 0.0, 1, 1, 1, 1, 1]}}, {"type": "Feature", "geometry": {"type": "Point", "coordinates": [3.10276, 42.5821]}, "properties": {"var_data": [0.04, -0.093, 0.024, 0.013, 0.706, 0.0, 1, 1, 1, 1, 1]}}, {"type": "Feature", "geometry": {"type": "Point", "coordinates": [3.1381, 42.5821]}, "properties": {"var_data": [0.126, 0.049, 0.007, 0.009, 0.557, 0.0, 1, 1, 1, 1, 1]}}, {"type": "Feature", "geometry": {"type": "Point", "coordinates": [3.17344, 42.5821]}, "properties": {"var_data": [0.045, 0.086, 0.007, 0.011, 0.448, 0.0, 1, 1, 1, 1, 1]}}, {"type": "Feature", "geometry": {"type": "Point", "coordinates": [3.20878, 42.5821]}, "properties": {"var_data": [-0.026, 0.077, 0.014, 0.013, 0.373, 0.0, 1, 1, 1, 1, 1]}}, {"type": "Feature", "geometry": {"type": "Point", "coordinates": [3.24412, 42.5821]}, "properties": {"var_data": [-0.076, 0.043, 0.009, 0.012, 0.328, 0.0, 1, 1, 1, 1, 1]}}, {"type": "Feature", "geometry": {"type": "Point", "coordinates": [3.27946, 42.5821]}, "properties": {"var_data": [-0.109, -0.006, 0.007, 0.01, 0.314, 0.0, 1, 1, 1, 1, 1]}}, {"type": "Feature", "geometry": {"type": "Point", "coordinates": [3.3148, 42.5821]}, "properties": {"var_data": [-0.127, -0.06, 0.006, 0.008, 0.32, 0.0, 1, 1, 1, 1, 1]}}, {"type": "Feature", "geometry": {"type": "Point", "coordinates": [3.35014, 42.5821]}, "properties": {"var_data": [-0.118, -0.085, 0.006, 0.008, 0.323, 0.0, 1, 1, 1, 1, 1]}}, {"type": "Feature", "geometry": {"type": "Point", "coordinates": [3.38548, 42.5821]}, "properties": {"var_data": [-0.081, -0.124, 0.006, 0.008, 0.339, 0.0, 1, 1, 1, 1, 1]}}, {"type": "Feature", "geometry": {"type": "Point", "coordinates": [3.42082, 42.5821]}, "properties": {"var_data": [-0.078, -0.15, 0.007, 0.005, 0.353, -0.0, 1, 1, 1, 1, 1]}}, {"type": "Feature", "geometry": {"type": "Point", "coordinates": [3.45616, 42.5821]}, "properties": {"var_data": [-0.056, -0.115, 0.009, 0.006, 0.357, -0.0, 1, 1, 1, 1, 1]}}, {"type": "Feature", "geometry": {"type": "Point", "coordinates": [3.4915, 42.5821]}, "properties": {"var_data": [-0.008, -0.132, 0.011, 0.006, 0.399, -0.0, 1, 1, 1, 1, 1]}}, {"type": "Feature", "geometry": {"type": "Point", "coordinates": [3.52684, 42.5821]}, "properties": {"var_data": [0.089, -0.071, 0.011, 0.006, 0.507, -0.0, 1, 1, 1, 1, 1]}}, {"type": "Feature", "geometry": {"type": "Point", "coordinates": [3.56218, 42.5821]}, "properties": {"var_data": [0.124, -0.084, 0.015, 0.007, 0.558, -0.0, 1, 1, 1, 1, 1]}}, {"type": "Feature", "geometry": {"type": "Point", "coordinates": [3.59752, 42.5821]}, "properties": {"var_data": [0.137, -0.093, 0.018, 0.016, 0.997, -0.0, 1, 1, 1, 1, 1]}}, {"type": "Feature", "geometry": {"type": "Point", "coordinates": [3.63286, 42.5821]}, "properties": {"var_data": [0.205, 0.016, 0.011, 0.015, 0.802, -0.0, 1, 1, 1, 1, 1]}}, {"type": "Feature", "geometry": {"type": "Point", "coordinates": [3.6682, 42.5821]}, "properties": {"var_data": [0.277, 0.263, 0.036, 0.168, 1.253, 0.006, 1, 1, 1, 1, 1]}}, {"type": "Feature", "geometry": {"type": "Point", "coordinates": [3.70354, 42.5821]}, "properties": {"var_data": [0.289, 0.246, 0.032, 0.163, 1.26, 0.005, 1, 1, 1, 1, 1]}}, {"type": "Feature", "geometry": {"type": "Point", "coordinates": [3.73888, 42.5821]}, "properties": {"var_data": [0.243, 0.071, 0.012, 0.055, 0.84, 0.001, 1, 1, 1, 1, 1]}}, {"type": "Feature", "geometry": {"type": "Point", "coordinates": [3.77422, 42.5821]}, "properties": {"var_data": [0.155, -0.301, 0.011, 0.05, 0.742, 0.0, 1, 1, 1, 1, 1]}}, {"type": "Feature", "geometry": {"type": "Point", "coordinates": [3.80956, 42.5821]}, "properties": {"var_data": [0.1, -0.451, 0.011, 0.049, 0.697, 0.0, 1, 1, 1, 1, 1]}}, {"type": "Feature", "geometry": {"type": "Point", "coordinates": [3.8449, 42.5821]}, "properties": {"var_data": [0.091, -0.401, 0.011, 0.042, 0.653, 0.0, 1, 1, 1, 1, 1]}}, {"type": "Feature", "geometry": {"type": "Point", "coordinates": [3.88024, 42.5821]}, "properties": {"var_data": [0.091, -0.48, 0.014, 0.062, 0.753, 0.001, 1, 1, 1, 1, 1]}}, {"type": "Feature", "geometry": {"type": "Point", "coordinates": [3.91558, 42.5821]}, "properties": {"var_data": [0.054, -0.41, 0.022, 0.077, 0.789, 0.0, 1, 1, 1, 1, 1]}}, {"type": "Feature", "geometry": {"type": "Point", "coordinates": [3.95092, 42.5821]}, "properties": {"var_data": [0.006, -0.426, 0.016, 0.091, 0.826, 0.001, 1, 1, 1, 1, 1]}}, {"type": "Feature", "geometry": {"type": "Point", "coordinates": [3.98626, 42.5821]}, "properties": {"var_data": [-0.033, -0.488, 0.012, 0.047, 0.775, 0.0, 1, 0, 1, 1, 1]}}, {"type": "Feature", "geometry": {"type": "Point", "coordinates": [4.0216, 42.5821]}, "properties": {"var_data": [-0.073, -0.498, 0.012, 0.049, 0.929, 0.0, 1, 0, 1, 1, 1]}}, {"type": "Feature", "geometry": {"type": "Point", "coordinates": [4.05694, 42.5821]}, "properties": {"var_data": [-0.097, -0.482, 0.011, 0.048, 0.894, 0.0, 1, 0, 1, 1, 1]}}, {"type": "Feature", "geometry": {"type": "Point", "coordinates": [4.09228, 42.5821]}, "properties": {"var_data": [-0.1, -0.456, 0.015, 0.054, 1.03, -0.0, 1, 0, 1, 1, 1]}}, {"type": "Feature", "geometry": {"type": "Point", "coordinates": [4.12762, 42.5821]}, "properties": {"var_data": [-0.141, -0.343, 0.029, 0.095, 1.859, -0.001, 1, 0, 1, 1, 1]}}, {"type": "Feature", "geometry": {"type": "Point", "coordinates": [4.16296, 42.5821]}, "properties": {"var_data": [-0.156, -0.434, 0.027, 0.081, 1.892, -0.001, 1, 0, 1, 1, 1]}}, {"type": "Feature", "geometry": {"type": "Point", "coordinates": [3.06742, 42.6091]}, "properties": {"var_data": [0.14, -0.138, 0.017, 0.009, 0.611, 0.0, 1, 1, 1, 1, 1]}}, {"type": "Feature", "geometry": {"type": "Point", "coordinates": [3.10276, 42.6091]}, "properties": {"var_data": [0.06, -0.141, 0.005, 0.005, 0.464, 0.0, 1, 1, 1, 1, 1]}}, {"type": "Feature", "geometry": {"type": "Point", "coordinates": [3.1381, 42.6091]}, "properties": {"var_data": [0.09, -0.007, 0.007, 0.01, 0.408, 0.0, 1, 1, 1, 1, 1]}}, {"type": "Feature", "geometry": {"type": "Point", "coordinates": [3.17344, 42.6091]}, "properties": {"var_data": [0.08, 0.072, 0.008, 0.013, 0.365, 0.0, 1, 1, 1, 1, 1]}}, {"type": "Feature", "geometry": {"type": "Point", "coordinates": [3.20878, 42.6091]}, "properties": {"var_data": [0.043, 0.089, 0.008, 0.013, 0.331, 0.0, 1, 1, 1, 1, 1]}}, {"type": "Feature", "geometry": {"type": "Point", "coordinates": [3.24412, 42.6091]}, "properties": {"var_data": [-0.02, 0.055, 0.009, 0.014, 0.306, 0.0, 1, 1, 1, 1, 1]}}, {"type": "Feature", "geometry": {"type": "Point", "coordinates": [3.27946, 42.6091]}, "properties": {"var_data": [-0.065, 0.006, 0.009, 0.015, 0.299, 0.0, 1, 1, 1, 1, 1]}}, {"type": "Feature", "geometry": {"type": "Point", "coordinates": [3.3148, 42.6091]}, "properties": {"var_data": [-0.063, -0.046, 0.008, 0.015, 0.31, 0.0, 1, 1, 1, 1, 1]}}, {"type": "Feature", "geometry": {"type": "Point", "coordinates": [3.35014, 42.6091]}, "properties": {"var_data": [-0.079, -0.051, 0.009, 0.018, 0.342, 0.0, 1, 1, 1, 1, 1]}}, {"type": "Feature", "geometry": {"type": "Point", "coordinates": [3.38548, 42.6091]}, "properties": {"var_data": [-0.048, -0.075, 0.009, 0.02, 0.351, 0.0, 1, 1, 1, 1, 1]}}, {"type": "Feature", "geometry": {"type": "Point", "coordinates": [3.42082, 42.6091]}, "properties": {"var_data": [-0.031, -0.089, 0.01, 0.026, 0.404, 0.0, 1, 1, 1, 1, 1]}}, {"type": "Feature", "geometry": {"type": "Point", "coordinates": [3.45616, 42.6091]}, "properties": {"var_data": [-0.007, -0.091, 0.007, 0.005, 0.381, -0.0, 1, 1, 1, 1, 1]}}, {"type": "Feature", "geometry": {"type": "Point", "coordinates": [3.4915, 42.6091]}, "properties": {"var_data": [0.043, -0.109, 0.008, 0.005, 0.443, -0.0, 1, 1, 1, 1, 1]}}, {"type": "Feature", "geometry": {"type": "Point", "coordinates": [3.52684, 42.6091]}, "properties": {"var_data": [0.102, -0.094, 0.009, 0.005, 0.447, -0.0, 1, 1, 1, 1, 1]}}, {"type": "Feature", "geometry": {"type": "Point", "coordinates": [3.56218, 42.6091]}, "properties": {"var_data": [0.196, -0.15, 0.015, 0.007, 0.584, -0.0, 1, 1, 1, 1, 1]}}, {"type": "Feature", "geometry": {"type": "Point", "coordinates": [3.59752, 42.6091]}, "properties": {"var_data": [0.167, -0.198, 0.015, 0.016, 1.031, -0.0, 1, 1, 1, 1, 1]}}, {"type": "Feature", "geometry": {"type": "Point", "coordinates": [3.63286, 42.6091]}, "properties": {"var_data": [0.211, -0.032, 0.011, 0.015, 0.822, -0.0, 1, 1, 1, 1, 1]}}, {"type": "Feature", "geometry": {"type": "Point", "coordinates": [3.6682, 42.6091]}, "properties": {"var_data": [0.207, -0.034, 0.01, 0.015, 0.825, 0.0, 1, 1, 1, 1, 1]}}, {"type": "Feature", "geometry": {"type": "Point", "coordinates": [3.70354, 42.6091]}, "properties": {"var_data": [0.257, 0.218, 0.027, 0.144, 1.262, 0.004, 1, 1, 1, 1, 1]}}, {"type": "Feature", "geometry": {"type": "Point", "coordinates": [3.73888, 42.6091]}, "properties": {"var_data": [0.204, 0.016, 0.011, 0.056, 0.997, 0.001, 1, 1, 1, 1, 1]}}, {"type": "Feature", "geometry": {"type": "Point", "coordinates": [3.77422, 42.6091]}, "properties": {"var_data": [0.159, -0.283, 0.011, 0.058, 1.451, 0.001, 1, 1, 1, 1, 1]}}, {"type": "Feature", "geometry": {"type": "Point", "coordinates": [3.80956, 42.6091]}, "properties": {"var_data": [0.116, -0.5, 0.01, 0.051, 0.744, 0.0, 1, 1, 1, 1, 1]}}, {"type": "Feature", "geometry": {"type": "Point", "coordinates": [3.8449, 42.6091]}, "properties": {"var_data": [0.115, -0.46, 0.01, 0.051, 0.755, 0.0, 1, 1, 1, 1, 1]}}, {"type": "Feature", "geometry": {"type": "Point", "coordinates": [3.88024, 42.6091]}, "properties": {"var_data": [0.081, -0.443, 0.017, 0.1, 0.734, 0.001, 1, 1, 1, 1, 1]}}, {"type": "Feature", "geometry": {"type": "Point", "coordinates": [3.91558, 42.6091]}, "properties": {"var_data": [0.068, -0.432, 0.017, 0.106, 0.707, 0.001, 1, 1, 1, 1, 1]}}, {"type": "Feature", "geometry": {"type": "Point", "coordinates": [3.95092, 42.6091]}, "properties": {"var_data": [0.027, -0.428, 0.016, 0.097, 0.726, 0.001, 1, 1, 1, 1, 1]}}, {"type": "Feature", "geometry": {"type": "Point", "coordinates": [3.98626, 42.6091]}, "properties": {"var_data": [-0.028, -0.501, 0.01, 0.047, 0.778, 0.0, 1, 0, 1, 1, 1]}}, {"type": "Feature", "geometry": {"type": "Point", "coordinates": [4.0216, 42.6091]}, "properties": {"var_data": [-0.07, -0.407, 0.011, 0.048, 0.787, 0.0, 1, 0, 1, 1, 1]}}, {"type": "Feature", "geometry": {"type": "Point", "coordinates": [4.05694, 42.6091]}, "properties": {"var_data": [-0.07, -0.364, 0.011, 0.049, 0.847, 0.0, 1, 0, 1, 1, 1]}}, {"type": "Feature", "geometry": {"type": "Point", "coordinates": [4.09228, 42.6091]}, "properties": {"var_data": [-0.081, -0.4, 0.016, 0.061, 1.247, -0.0, 1, 0, 1, 1, 1]}}, {"type": "Feature", "geometry": {"type": "Point", "coordinates": [4.12762, 42.6091]}, "properties": {"var_data": [-0.095, -0.37, 0.019, 0.102, 1.596, 0.0, 1, 0, 1, 1, 1]}}, {"type": "Feature", "geometry": {"type": "Point", "coordinates": [3.06742, 42.636101]}, "properties": {"var_data": [0.123, -0.165, 0.008, 0.006, 0.359, 0.0, 1, 1, 1, 1, 1]}}, {"type": "Feature", "geometry": {"type": "Point", "coordinates": [3.10276, 42.636101]}, "properties": {"var_data": [0.086, -0.157, 0.005, 0.005, 0.342, 0.0, 1, 1, 1, 1, 1]}}, {"type": "Feature", "geometry": {"type": "Point", "coordinates": [3.1381, 42.636101]}, "properties": {"var_data": [0.094, -0.051, 0.007, 0.011, 0.331, 0.0, 1, 1, 1, 1, 1]}}, {"type": "Feature", "geometry": {"type": "Point", "coordinates": [3.17344, 42.636101]}, "properties": {"var_data": [0.064, 0.019, 0.007, 0.012, 0.309, 0.0, 1, 1, 1, 1, 1]}}, {"type": "Feature", "geometry": {"type": "Point", "coordinates": [3.20878, 42.636101]}, "properties": {"var_data": [0.066, 0.065, 0.007, 0.012, 0.286, 0.0, 1, 1, 1, 1, 1]}}, {"type": "Feature", "geometry": {"type": "Point", "coordinates": [3.24412, 42.636101]}, "properties": {"var_data": [0.042, 0.076, 0.007, 0.015, 0.299, 0.0, 1, 1, 1, 1, 1]}}, {"type": "Feature", "geometry": {"type": "Point", "coordinates": [3.27946, 42.636101]}, "properties": {"var_data": [-0.003, 0.007, 0.007, 0.016, 0.291, 0.0, 1, 1, 1, 1, 1]}}, {"type": "Feature", "geometry": {"type": "Point", "coordinates": [3.3148, 42.636101]}, "properties": {"var_data": [-0.005, -0.006, 0.007, 0.016, 0.299, 0.0, 1, 1, 1, 1, 1]}}, {"type": "Feature", "geometry": {"type": "Point", "coordinates": [3.35014, 42.636101]}, "properties": {"var_data": [-0.011, -0.037, 0.007, 0.017, 0.326, 0.0, 1, 1, 1, 1, 1]}}, {"type": "Feature", "geometry": {"type": "Point", "coordinates": [3.38548, 42.636101]}, "properties": {"var_data": [0.001, -0.043, 0.008, 0.022, 0.384, 0.0, 1, 1, 1, 1, 1]}}, {"type": "Feature", "geometry": {"type": "Point", "coordinates": [3.42082, 42.636101]}, "properties": {"var_data": [0.022, -0.05, 0.006, 0.01, 0.403, 0.0, 1, 1, 1, 1, 1]}}, {"type": "Feature", "geometry": {"type": "Point", "coordinates": [3.45616, 42.636101]}, "properties": {"var_data": [0.091, 0.009, 0.007, 0.01, 0.46, -0.0, 1, 1, 1, 1, 1]}}, {"type": "Feature", "geometry": {"type": "Point", "coordinates": [3.4915, 42.636101]}, "properties": {"var_data": [0.147, -0.01, 0.008, 0.006, 0.423, -0.0, 1, 1, 1, 1, 1]}}, {"type": "Feature", "geometry": {"type": "Point", "coordinates": [3.52684, 42.636101]}, "properties": {"var_data": [0.188, -0.018, 0.01, 0.006, 0.48, -0.0, 1, 1, 1, 1, 1]}}, {"type": "Feature", "geometry": {"type": "Point", "coordinates": [3.56218, 42.636101]}, "properties": {"var_data": [0.232, 0.003, 0.013, 0.007, 0.568, -0.0, 1, 1, 1, 1, 1]}}, {"type": "Feature", "geometry": {"type": "Point", "coordinates": [3.59752, 42.636101]}, "properties": {"var_data": [0.232, 0.018, 0.014, 0.007, 0.647, -0.0, 1, 1, 1, 1, 1]}}, {"type": "Feature", "geometry": {"type": "Point", "coordinates": [3.63286, 42.636101]}, "properties": {"var_data": [0.177, -0.249, 0.012, 0.016, 1.063, -0.0, 1, 1, 1, 1, 1]}}, {"type": "Feature", "geometry": {"type": "Point", "coordinates": [3.70354, 42.636101]}, "properties": {"var_data": [0.222, 0.251, 0.03, 0.169, 1.345, 0.005, 1, 1, 1, 1, 1]}}, {"type": "Feature", "geometry": {"type": "Point", "coordinates": [3.77422, 42.636101]}, "properties": {"var_data": [0.144, -0.271, 0.011, 0.058, 1.469, 0.001, 1, 1, 1, 1, 1]}}, {"type": "Feature", "geometry": {"type": "Point", "coordinates": [3.80956, 42.636101]}, "properties": {"var_data": [0.131, -0.332, 0.012, 0.059, 1.098, 0.0, 1, 1, 1, 1, 1]}}, {"type": "Feature", "geometry": {"type": "Point", "coordinates": [3.8449, 42.636101]}, "properties": {"var_data": [0.125, -0.32, 0.012, 0.059, 0.93, 0.0, 1, 0, 1, 1, 1]}}, {"type": "Feature", "geometry": {"type": "Point", "coordinates": [3.88024, 42.636101]}, "properties": {"var_data": [0.102, -0.424, 0.018, 0.123, 0.853, 0.002, 1, 1, 1, 1, 1]}}, {"type": "Feature", "geometry": {"type": "Point", "coordinates": [3.91558, 42.636101]}, "properties": {"var_data": [0.057, -0.371, 0.017, 0.115, 0.837, 0.001, 1, 1, 1, 1, 1]}}, {"type": "Feature", "geometry": {"type": "Point", "coordinates": [3.95092, 42.636101]}, "properties": {"var_data": [0.038, -0.413, 0.016, 0.104, 0.856, 0.001, 1, 1, 1, 1, 1]}}, {"type": "Feature", "geometry": {"type": "Point", "coordinates": [3.98626, 42.636101]}, "properties": {"var_data": [-0.01, -0.444, 0.019, 0.141, 0.909, 0.002, 1, 1, 1, 1, 1]}}, {"type": "Feature", "geometry": {"type": "Point", "coordinates": [4.0216, 42.636101]}, "properties": {"var_data": [-0.046, -0.408, 0.011, 0.055, 0.914, 0.0, 1, 0, 1, 1, 1]}}, {"type": "Feature", "geometry": {"type": "Point", "coordinates": [4.05694, 42.636101]}, "properties": {"var_data": [-0.062, -0.294, 0.015, 0.059, 1.006, -0.0, 1, 0, 1, 1, 1]}}, {"type": "Feature", "geometry": {"type": "Point", "coordinates": [4.09228, 42.636101]}, "properties": {"var_data": [-0.066, -0.235, 0.02, 0.127, 1.096, 0.001, 1, 0, 1, 1, 1]}}, {"type": "Feature", "geometry": {"type": "Point", "coordinates": [4.12762, 42.636101]}, "properties": {"var_data": [-0.08, -0.294, 0.02, 0.118, 1.431, 0.001, 1, 0, 1, 1, 1]}}, {"type": "Feature", "geometry": {"type": "Point", "coordinates": [3.06742, 42.663101]}, "properties": {"var_data": [0.085, -0.205, 0.003, 0.003, 0.234, 0.0, 1, 1, 1, 1, 1]}}, {"type": "Feature", "geometry": {"type": "Point", "coordinates": [3.10276, 42.663101]}, "properties": {"var_data": [0.071, -0.178, 0.003, 0.004, 0.254, 0.0, 1, 1, 1, 1, 1]}}, {"type": "Feature", "geometry": {"type": "Point", "coordinates": [3.1381, 42.663101]}, "properties": {"var_data": [0.072, -0.095, 0.003, 0.006, 0.281, 0.0, 1, 1, 1, 1, 1]}}, {"type": "Feature", "geometry": {"type": "Point", "coordinates": [3.17344, 42.663101]}, "properties": {"var_data": [0.053, -0.021, 0.004, 0.007, 0.274, 0.0, 1, 1, 1, 1, 1]}}, {"type": "Feature", "geometry": {"type": "Point", "coordinates": [3.20878, 42.663101]}, "properties": {"var_data": [0.042, 0.023, 0.006, 0.01, 0.274, 0.0, 1, 1, 1, 1, 1]}}, {"type": "Feature", "geometry": {"type": "Point", "coordinates": [3.24412, 42.663101]}, "properties": {"var_data": [0.054, 0.053, 0.006, 0.016, 0.286, 0.0, 1, 1, 1, 1, 1]}}, {"type": "Feature", "geometry": {"type": "Point", "coordinates": [3.27946, 42.663101]}, "properties": {"var_data": [0.038, 0.042, 0.007, 0.018, 0.303, 0.0, 1, 1, 1, 1, 1]}}, {"type": "Feature", "geometry": {"type": "Point", "coordinates": [3.3148, 42.663101]}, "properties": {"var_data": [0.032, 0.015, 0.007, 0.019, 0.31, 0.0, 1, 1, 1, 1, 1]}}, {"type": "Feature", "geometry": {"type": "Point", "coordinates": [3.35014, 42.663101]}, "properties": {"var_data": [0.037, 0.013, 0.007, 0.023, 0.349, 0.0, 1, 1, 1, 1, 1]}}, {"type": "Feature", "geometry": {"type": "Point", "coordinates": [3.38548, 42.663101]}, "properties": {"var_data": [0.066, 0.017, 0.007, 0.023, 0.385, 0.0, 1, 1, 1, 1, 1]}}, {"type": "Feature", "geometry": {"type": "Point", "coordinates": [3.42082, 42.663101]}, "properties": {"var_data": [0.089, 0.015, 0.006, 0.01, 0.426, 0.0, 1, 1, 1, 1, 1]}}, {"type": "Feature", "geometry": {"type": "Point", "coordinates": [3.45616, 42.663101]}, "properties": {"var_data": [0.109, -0.035, 0.007, 0.01, 0.541, -0.0, 1, 1, 1, 1, 1]}}, {"type": "Feature", "geometry": {"type": "Point", "coordinates": [3.4915, 42.663101]}, "properties": {"var_data": [0.186, -0.01, 0.008, 0.006, 0.453, -0.0, 1, 1, 1, 1, 1]}}, {"type": "Feature", "geometry": {"type": "Point", "coordinates": [3.52684, 42.663101]}, "properties": {"var_data": [0.214, -0.006, 0.009, 0.006, 0.523, -0.0, 1, 1, 1, 1, 1]}}, {"type": "Feature", "geometry": {"type": "Point", "coordinates": [3.56218, 42.663101]}, "properties": {"var_data": [0.215, -0.135, 0.013, 0.007, 0.654, -0.0, 1, 1, 1, 1, 1]}}, {"type": "Feature", "geometry": {"type": "Point", "coordinates": [3.59752, 42.663101]}, "properties": {"var_data": [0.191, -0.122, 0.015, 0.008, 0.654, -0.0, 1, 1, 1, 1, 1]}}, {"type": "Feature", "geometry": {"type": "Point", "coordinates": [3.80956, 42.663101]}, "properties": {"var_data": [0.081, -0.392, 0.021, 0.257, 1.592, 0.005, 1, 1, 1, 1, 1]}}, {"type": "Feature", "geometry": {"type": "Point", "coordinates": [3.8449, 42.663101]}, "properties": {"var_data": [0.086, -0.318, 0.02, 0.23, 1.181, 0.004, 1, 0, 1, 1, 1]}}, {"type": "Feature", "geometry": {"type": "Point", "coordinates": [3.88024, 42.663101]}, "properties": {"var_data": [0.091, -0.322, 0.025, 0.27, 1.191, 0.006, 1, 0, 1, 1, 1]}}, {"type": "Feature", "geometry": {"type": "Point", "coordinates": [3.91558, 42.663101]}, "properties": {"var_data": [0.055, -0.408, 0.022, 0.202, 1.01, 0.003, 1, 0, 1, 1, 1]}}, {"type": "Feature", "geometry": {"type": "Point", "coordinates": [3.95092, 42.663101]}, "properties": {"var_data": [0.04, -0.464, 0.014, 0.13, 0.806, 0.001, 1, 1, 1, 1, 1]}}, {"type": "Feature", "geometry": {"type": "Point", "coordinates": [3.98626, 42.663101]}, "properties": {"var_data": [0.01, -0.441, 0.013, 0.132, 0.875, 0.001, 1, 1, 1, 1, 1]}}, {"type": "Feature", "geometry": {"type": "Point", "coordinates": [4.0216, 42.663101]}, "properties": {"var_data": [-0.013, -0.384, 0.011, 0.116, 0.82, 0.001, 1, 0, 1, 1, 1]}}, {"type": "Feature", "geometry": {"type": "Point", "coordinates": [4.05694, 42.663101]}, "properties": {"var_data": [-0.038, -0.267, 0.014, 0.164, 1.049, 0.001, 1, 0, 1, 1, 1]}}, {"type": "Feature", "geometry": {"type": "Point", "coordinates": [4.09228, 42.663101]}, "properties": {"var_data": [-0.025, -0.238, 0.015, 0.155, 1.027, 0.001, 1, 0, 1, 1, 1]}}, {"type": "Feature", "geometry": {"type": "Point", "coordinates": [4.12762, 42.663101]}, "properties": {"var_data": [-0.043, -0.441, 0.025, 0.132, 1.213, -0.001, 1, 0, 1, 1, 1]}}, {"type": "Feature", "geometry": {"type": "Point", "coordinates": [4.16296, 42.663101]}, "properties": {"var_data": [-0.045, -0.607, 0.035, 0.151, 2.249, -0.002, 4, 0, 4, 1, 1]}}, {"type": "Feature", "geometry": {"type": "Point", "coordinates": [3.06742, 42.690102]}, "properties": {"var_data": [0.073, -0.229, 0.002, 0.003, 0.183, 0.0, 1, 1, 1, 1, 1]}}, {"type": "Feature", "geometry": {"type": "Point", "coordinates": [3.10276, 42.690102]}, "properties": {"var_data": [0.061, -0.203, 0.002, 0.007, 0.21, 0.0, 1, 1, 1, 1, 1]}}, {"type": "Feature", "geometry": {"type": "Point", "coordinates": [3.1381, 42.690102]}, "properties": {"var_data": [0.042, -0.13, 0.002, 0.009, 0.245, 0.0, 1, 1, 1, 1, 1]}}, {"type": "Feature", "geometry": {"type": "Point", "coordinates": [3.17344, 42.690102]}, "properties": {"var_data": [0.032, -0.054, 0.003, 0.011, 0.262, 0.0, 1, 1, 1, 1, 1]}}, {"type": "Feature", "geometry": {"type": "Point", "coordinates": [3.20878, 42.690102]}, "properties": {"var_data": [0.026, -0.009, 0.003, 0.013, 0.264, 0.0, 1, 1, 1, 1, 1]}}, {"type": "Feature", "geometry": {"type": "Point", "coordinates": [3.24412, 42.690102]}, "properties": {"var_data": [0.044, 0.026, 0.006, 0.017, 0.274, 0.0, 1, 1, 1, 1, 1]}}, {"type": "Feature", "geometry": {"type": "Point", "coordinates": [3.27946, 42.690102]}, "properties": {"var_data": [0.051, 0.029, 0.006, 0.018, 0.296, 0.0, 1, 1, 1, 1, 1]}}, {"type": "Feature", "geometry": {"type": "Point", "coordinates": [3.3148, 42.690102]}, "properties": {"var_data": [0.068, 0.014, 0.007, 0.02, 0.326, 0.0, 1, 1, 1, 1, 1]}}, {"type": "Feature", "geometry": {"type": "Point", "coordinates": [3.35014, 42.690102]}, "properties": {"var_data": [0.083, -0.011, 0.007, 0.025, 0.418, 0.0, 1, 1, 1, 1, 1]}}, {"type": "Feature", "geometry": {"type": "Point", "coordinates": [3.38548, 42.690102]}, "properties": {"var_data": [0.105, 0.013, 0.007, 0.026, 0.421, 0.0, 1, 1, 1, 1, 1]}}, {"type": "Feature", "geometry": {"type": "Point", "coordinates": [3.42082, 42.690102]}, "properties": {"var_data": [0.13, -0.061, 0.008, 0.019, 0.453, 0.0, 1, 1, 1, 1, 1]}}, {"type": "Feature", "geometry": {"type": "Point", "coordinates": [3.45616, 42.690102]}, "properties": {"var_data": [0.16, -0.1, 0.007, 0.01, 0.501, -0.0, 1, 1, 1, 1, 1]}}, {"type": "Feature", "geometry": {"type": "Point", "coordinates": [3.4915, 42.690102]}, "properties": {"var_data": [0.176, -0.12, 0.008, 0.006, 0.428, -0.0, 1, 1, 1, 1, 1]}}, {"type": "Feature", "geometry": {"type": "Point", "coordinates": [3.52684, 42.690102]}, "properties": {"var_data": [0.194, -0.211, 0.011, 0.007, 0.499, -0.0, 1, 1, 1, 1, 1]}}, {"type": "Feature", "geometry": {"type": "Point", "coordinates": [3.56218, 42.690102]}, "properties": {"var_data": [0.18, -0.193, 0.013, 0.008, 0.599, -0.0, 1, 1, 1, 1, 1]}}, {"type": "Feature", "geometry": {"type": "Point", "coordinates": [3.59752, 42.690102]}, "properties": {"var_data": [0.162, -0.092, 0.017, 0.161, 0.825, 0.0, 1, 1, 1, 1, 1]}}, {"type": "Feature", "geometry": {"type": "Point", "coordinates": [3.63286, 42.690102]}, "properties": {"var_data": [0.123, -0.678, 0.018, 0.241, 1.114, 0.001, 4, 4, 1, 1, 1]}}, {"type": "Feature", "geometry": {"type": "Point", "coordinates": [3.88024, 42.690102]}, "properties": {"var_data": [0.078, -0.247, 0.02, 0.396, 1.652, 0.003, 1, 0, 1, 1, 1]}}, {"type": "Feature", "geometry": {"type": "Point", "coordinates": [3.91558, 42.690102]}, "properties": {"var_data": [0.064, -0.42, 0.024, 0.228, 1.061, 0.001, 1, 0, 1, 1, 1]}}, {"type": "Feature", "geometry": {"type": "Point", "coordinates": [3.95092, 42.690102]}, "properties": {"var_data": [0.041, -0.386, 0.015, 0.178, 1.11, 0.002, 1, 0, 1, 1, 1]}}, {"type": "Feature", "geometry": {"type": "Point", "coordinates": [3.98626, 42.690102]}, "properties": {"var_data": [0.014, -0.443, 0.015, 0.28, 1.338, 0.001, 1, 1, 1, 1, 1]}}, {"type": "Feature", "geometry": {"type": "Point", "coordinates": [4.0216, 42.690102]}, "properties": {"var_data": [0.002, -0.366, 0.014, 0.191, 1.038, 0.0, 1, 0, 1, 1, 1]}}, {"type": "Feature", "geometry": {"type": "Point", "coordinates": [4.05694, 42.690102]}, "properties": {"var_data": [-0.013, -0.317, 0.013, 0.219, 1.211, 0.0, 1, 0, 1, 1, 1]}}, {"type": "Feature", "geometry": {"type": "Point", "coordinates": [4.09228, 42.690102]}, "properties": {"var_data": [-0.013, -0.405, 0.018, 0.18, 1.222, -0.0, 1, 0, 1, 1, 1]}}, {"type": "Feature", "geometry": {"type": "Point", "coordinates": [4.12762, 42.690102]}, "properties": {"var_data": [-0.011, -0.391, 0.026, 0.195, 1.475, -0.001, 1, 0, 1, 1, 1]}}, {"type": "Feature", "geometry": {"type": "Point", "coordinates": [4.16296, 42.690102]}, "properties": {"var_data": [-0.021, -0.694, 0.033, 0.182, 1.752, -0.002, 1, 0, 1, 1, 1]}}, {"type": "Feature", "geometry": {"type": "Point", "coordinates": [3.06742, 42.717098]}, "properties": {"var_data": [0.073, -0.245, 0.002, 0.003, 0.18, 0.0, 1, 1, 1, 1, 1]}}, {"type": "Feature", "geometry": {"type": "Point", "coordinates": [3.10276, 42.717098]}, "properties": {"var_data": [0.059, -0.188, 0.002, 0.007, 0.204, -0.0, 1, 1, 1, 1, 1]}}, {"type": "Feature", "geometry": {"type": "Point", "coordinates": [3.1381, 42.717098]}, "properties": {"var_data": [0.025, -0.12, 0.002, 0.009, 0.236, -0.0, 1, 1, 1, 1, 1]}}, {"type": "Feature", "geometry": {"type": "Point", "coordinates": [3.17344, 42.717098]}, "properties": {"var_data": [0.009, -0.059, 0.003, 0.013, 0.261, -0.0, 1, 1, 1, 1, 1]}}, {"type": "Feature", "geometry": {"type": "Point", "coordinates": [3.20878, 42.717098]}, "properties": {"var_data": [0.012, -0.016, 0.004, 0.015, 0.271, -0.0, 1, 1, 1, 1, 1]}}, {"type": "Feature", "geometry": {"type": "Point", "coordinates": [3.24412, 42.717098]}, "properties": {"var_data": [0.035, -0.008, 0.006, 0.019, 0.286, 0.0, 1, 1, 1, 1, 1]}}, {"type": "Feature", "geometry": {"type": "Point", "coordinates": [3.27946, 42.717098]}, "properties": {"var_data": [0.072, 0.009, 0.011, 0.022, 0.3, -0.0, 1, 1, 1, 1, 1]}}, {"type": "Feature", "geometry": {"type": "Point", "coordinates": [3.3148, 42.717098]}, "properties": {"var_data": [0.115, -0.027, 0.009, 0.01, 0.316, -0.0, 1, 1, 1, 1, 1]}}, {"type": "Feature", "geometry": {"type": "Point", "coordinates": [3.35014, 42.717098]}, "properties": {"var_data": [0.14, -0.075, 0.008, 0.011, 0.396, -0.0, 1, 1, 1, 1, 1]}}, {"type": "Feature", "geometry": {"type": "Point", "coordinates": [3.38548, 42.717098]}, "properties": {"var_data": [0.153, -0.079, 0.008, 0.011, 0.53, -0.0, 1, 1, 1, 1, 1]}}, {"type": "Feature", "geometry": {"type": "Point", "coordinates": [3.42082, 42.717098]}, "properties": {"var_data": [0.177, -0.21, 0.009, 0.01, 0.462, -0.0, 1, 1, 1, 1, 1]}}, {"type": "Feature", "geometry": {"type": "Point", "coordinates": [3.45616, 42.717098]}, "properties": {"var_data": [0.205, -0.301, 0.009, 0.022, 0.517, -0.0, 1, 1, 1, 1, 1]}}, {"type": "Feature", "geometry": {"type": "Point", "coordinates": [3.4915, 42.717098]}, "properties": {"var_data": [0.198, -0.322, 0.01, 0.02, 0.487, -0.0, 1, 1, 1, 1, 1]}}, {"type": "Feature", "geometry": {"type": "Point", "coordinates": [3.52684, 42.717098]}, "properties": {"var_data": [0.187, -0.29, 0.011, 0.019, 0.433, -0.0, 1, 1, 1, 1, 1]}}, {"type": "Feature", "geometry": {"type": "Point", "coordinates": [3.56218, 42.717098]}, "properties": {"var_data": [0.176, -0.313, 0.012, 0.035, 0.522, -0.0, 1, 1, 1, 1, 1]}}, {"type": "Feature", "geometry": {"type": "Point", "coordinates": [3.59752, 42.717098]}, "properties": {"var_data": [0.14, -0.443, 0.018, 0.035, 0.631, -0.0, 1, 1, 1, 1, 1]}}, {"type": "Feature", "geometry": {"type": "Point", "coordinates": [3.63286, 42.717098]}, "properties": {"var_data": [0.123, -0.505, 0.018, 0.074, 0.871, -0.0, 1, 1, 1, 1, 1]}}, {"type": "Feature", "geometry": {"type": "Point", "coordinates": [3.6682, 42.717098]}, "properties": {"var_data": [0.105, -0.36, 0.017, 0.03, 1.26, -0.0, 1, 0, 1, 1, 1]}}, {"type": "Feature", "geometry": {"type": "Point", "coordinates": [3.70354, 42.717098]}, "properties": {"var_data": [0.086, -0.328, 0.014, 0.029, 1.259, -0.0, 1, 1, 1, 1, 1]}}, {"type": "Feature", "geometry": {"type": "Point", "coordinates": [3.88024, 42.717098]}, "properties": {"var_data": [0.094, -0.581, 0.017, 0.239, 1.45, -0.001, 1, 0, 1, 1, 1]}}, {"type": "Feature", "geometry": {"type": "Point", "coordinates": [3.91558, 42.717098]}, "properties": {"var_data": [0.081, -0.517, 0.023, 0.254, 1.323, -0.002, 1, 0, 1, 1, 1]}}, {"type": "Feature", "geometry": {"type": "Point", "coordinates": [3.95092, 42.717098]}, "properties": {"var_data": [0.063, -0.487, 0.015, 0.241, 1.324, -0.0, 1, 0, 1, 1, 1]}}, {"type": "Feature", "geometry": {"type": "Point", "coordinates": [3.98626, 42.717098]}, "properties": {"var_data": [0.032, -0.448, 0.013, 0.227, 1.323, -0.0, 1, 0, 1, 1, 1]}}, {"type": "Feature", "geometry": {"type": "Point", "coordinates": [4.0216, 42.717098]}, "properties": {"var_data": [0.019, -0.618, 0.012, 0.201, 1.775, -0.001, 1, 0, 1, 1, 1]}}, {"type": "Feature", "geometry": {"type": "Point", "coordinates": [4.05694, 42.717098]}, "properties": {"var_data": [0.007, -0.41, 0.011, 0.153, 1.132, -0.001, 1, 0, 1, 1, 1]}}, {"type": "Feature", "geometry": {"type": "Point", "coordinates": [4.09228, 42.717098]}, "properties": {"var_data": [0.007, -0.536, 0.011, 0.146, 1.191, -0.001, 1, 0, 1, 1, 1]}}, {"type": "Feature", "geometry": {"type": "Point", "coordinates": [4.12762, 42.717098]}, "properties": {"var_data": [0.007, -0.64, 0.014, 0.177, 1.41, -0.002, 1, 0, 1, 1, 1]}}, {"type": "Feature", "geometry": {"type": "Point", "coordinates": [4.16296, 42.717098]}, "properties": {"var_data": [-0.011, -0.348, 0.028, 0.172, 1.894, -0.002, 1, 0, 1, 1, 1]}}, {"type": "Feature", "geometry": {"type": "Point", "coordinates": [3.06742, 42.744099]}, "properties": {"var_data": [0.068, -0.243, 0.003, 0.005, 0.213, -0.0, 1, 1, 1, 1, 1]}}, {"type": "Feature", "geometry": {"type": "Point", "coordinates": [3.10276, 42.744099]}, "properties": {"var_data": [0.04, -0.183, 0.003, 0.006, 0.22, -0.0, 1, 1, 1, 1, 1]}}, {"type": "Feature", "geometry": {"type": "Point", "coordinates": [3.1381, 42.744099]}, "properties": {"var_data": [0.023, -0.139, 0.003, 0.006, 0.255, -0.0, 1, 1, 1, 1, 1]}}, {"type": "Feature", "geometry": {"type": "Point", "coordinates": [3.17344, 42.744099]}, "properties": {"var_data": [0.003, -0.091, 0.004, 0.008, 0.26, -0.0, 1, 1, 1, 1, 1]}}, {"type": "Feature", "geometry": {"type": "Point", "coordinates": [3.20878, 42.744099]}, "properties": {"var_data": [-0.006, -0.05, 0.005, 0.018, 0.275, -0.0, 1, 1, 1, 1, 1]}}, {"type": "Feature", "geometry": {"type": "Point", "coordinates": [3.24412, 42.744099]}, "properties": {"var_data": [0.024, -0.007, 0.012, 0.029, 0.305, -0.0, 1, 1, 1, 1, 1]}}, {"type": "Feature", "geometry": {"type": "Point", "coordinates": [3.27946, 42.744099]}, "properties": {"var_data": [0.092, -0.031, 0.013, 0.033, 0.301, -0.0, 1, 1, 1, 1, 1]}}, {"type": "Feature", "geometry": {"type": "Point", "coordinates": [3.3148, 42.744099]}, "properties": {"var_data": [0.134, -0.082, 0.01, 0.011, 0.334, -0.0, 1, 1, 1, 1, 1]}}, {"type": "Feature", "geometry": {"type": "Point", "coordinates": [3.35014, 42.744099]}, "properties": {"var_data": [0.191, -0.195, 0.01, 0.007, 0.425, -0.0, 1, 1, 1, 1, 1]}}, {"type": "Feature", "geometry": {"type": "Point", "coordinates": [3.38548, 42.744099]}, "properties": {"var_data": [0.217, -0.218, 0.01, 0.007, 0.433, -0.0, 1, 1, 1, 1, 1]}}, {"type": "Feature", "geometry": {"type": "Point", "coordinates": [3.42082, 42.744099]}, "properties": {"var_data": [0.224, -0.295, 0.01, 0.009, 0.43, -0.0, 1, 1, 1, 1, 1]}}, {"type": "Feature", "geometry": {"type": "Point", "coordinates": [3.45616, 42.744099]}, "properties": {"var_data": [0.22, -0.305, 0.009, 0.016, 0.441, -0.0, 1, 1, 1, 1, 1]}}, {"type": "Feature", "geometry": {"type": "Point", "coordinates": [3.4915, 42.744099]}, "properties": {"var_data": [0.214, -0.345, 0.01, 0.017, 0.403, -0.0, 1, 1, 1, 1, 1]}}, {"type": "Feature", "geometry": {"type": "Point", "coordinates": [3.52684, 42.744099]}, "properties": {"var_data": [0.188, -0.362, 0.01, 0.017, 0.405, -0.0, 1, 1, 1, 1, 1]}}, {"type": "Feature", "geometry": {"type": "Point", "coordinates": [3.56218, 42.744099]}, "properties": {"var_data": [0.166, -0.41, 0.014, 0.032, 0.507, -0.0, 1, 1, 1, 1, 1]}}, {"type": "Feature", "geometry": {"type": "Point", "coordinates": [3.59752, 42.744099]}, "properties": {"var_data": [0.135, -0.396, 0.019, 0.033, 0.51, -0.0, 1, 1, 1, 1, 1]}}, {"type": "Feature", "geometry": {"type": "Point", "coordinates": [3.63286, 42.744099]}, "properties": {"var_data": [0.12, -0.465, 0.016, 0.028, 0.751, -0.0, 1, 1, 1, 1, 1]}}, {"type": "Feature", "geometry": {"type": "Point", "coordinates": [3.6682, 42.744099]}, "properties": {"var_data": [0.098, -0.332, 0.012, 0.027, 0.9, -0.0, 1, 1, 1, 1, 1]}}, {"type": "Feature", "geometry": {"type": "Point", "coordinates": [3.70354, 42.744099]}, "properties": {"var_data": [0.088, -0.338, 0.011, 0.029, 1.244, -0.0, 1, 0, 1, 1, 1]}}, {"type": "Feature", "geometry": {"type": "Point", "coordinates": [3.73888, 42.744099]}, "properties": {"var_data": [0.089, -0.318, 0.012, 0.029, 1.253, -0.0, 1, 1, 1, 1, 1]}}, {"type": "Feature", "geometry": {"type": "Point", "coordinates": [3.80956, 42.744099]}, "properties": {"var_data": [0.104, -0.564, 0.017, 0.218, 1.483, -0.002, 1, 1, 1, 1, 1]}}, {"type": "Feature", "geometry": {"type": "Point", "coordinates": [3.8449, 42.744099]}, "properties": {"var_data": [0.112, -0.6, 0.019, 0.238, 1.498, -0.002, 1, 0, 1, 1, 1]}}, {"type": "Feature", "geometry": {"type": "Point", "coordinates": [3.88024, 42.744099]}, "properties": {"var_data": [0.106, -0.601, 0.025, 0.264, 1.498, -0.004, 1, 0, 1, 1, 1]}}, {"type": "Feature", "geometry": {"type": "Point", "coordinates": [3.91558, 42.744099]}, "properties": {"var_data": [0.097, -0.592, 0.027, 0.268, 1.497, -0.004, 1, 0, 1, 1, 1]}}, {"type": "Feature", "geometry": {"type": "Point", "coordinates": [4.05694, 42.744099]}, "properties": {"var_data": [0.028, -0.681, 0.015, 0.199, 1.857, -0.003, 1, 0, 1, 1, 1]}}, {"type": "Feature", "geometry": {"type": "Point", "coordinates": [4.09228, 42.744099]}, "properties": {"var_data": [0.03, -0.693, 0.017, 0.226, 1.893, -0.004, 1, 0, 1, 1, 1]}}, {"type": "Feature", "geometry": {"type": "Point", "coordinates": [4.12762, 42.744099]}, "properties": {"var_data": [0.03, -0.762, 0.016, 0.207, 1.592, -0.003, 1, 0, 1, 1, 1]}}, {"type": "Feature", "geometry": {"type": "Point", "coordinates": [4.16296, 42.744099]}, "properties": {"var_data": [0.046, -0.554, 0.015, 0.176, 1.941, -0.002, 1, 0, 1, 1, 1]}}, {"type": "Feature", "geometry": {"type": "Point", "coordinates": [4.1983, 42.744099]}, "properties": {"var_data": [-0.032, 0.152, 0.049, 0.262, 3.211, -0.008, 4, 0, 4, 4, 1]}}, {"type": "Feature", "geometry": {"type": "Point", "coordinates": [3.06742, 42.771099]}, "properties": {"var_data": [0.073, -0.236, 0.009, 0.007, 0.281, -0.0, 1, 1, 1, 1, 1]}}, {"type": "Feature", "geometry": {"type": "Point", "coordinates": [3.10276, 42.771099]}, "properties": {"var_data": [0.046, -0.198, 0.008, 0.009, 0.257, -0.0, 1, 1, 1, 1, 1]}}, {"type": "Feature", "geometry": {"type": "Point", "coordinates": [3.1381, 42.771099]}, "properties": {"var_data": [0.025, -0.163, 0.007, 0.008, 0.281, -0.0, 1, 1, 1, 1, 1]}}, {"type": "Feature", "geometry": {"type": "Point", "coordinates": [3.17344, 42.771099]}, "properties": {"var_data": [0.02, -0.116, 0.007, 0.009, 0.282, -0.0, 1, 1, 1, 1, 1]}}, {"type": "Feature", "geometry": {"type": "Point", "coordinates": [3.20878, 42.771099]}, "properties": {"var_data": [0.022, -0.095, 0.014, 0.019, 0.292, -0.0, 1, 1, 1, 1, 1]}}, {"type": "Feature", "geometry": {"type": "Point", "coordinates": [3.24412, 42.771099]}, "properties": {"var_data": [0.047, -0.056, 0.018, 0.039, 0.329, -0.001, 1, 1, 1, 1, 1]}}, {"type": "Feature", "geometry": {"type": "Point", "coordinates": [3.27946, 42.771099]}, "properties": {"var_data": [0.104, -0.085, 0.014, 0.03, 0.325, -0.0, 1, 1, 1, 1, 1]}}, {"type": "Feature", "geometry": {"type": "Point", "coordinates": [3.3148, 42.771099]}, "properties": {"var_data": [0.168, -0.154, 0.009, 0.007, 0.328, -0.0, 1, 1, 1, 1, 1]}}, {"type": "Feature", "geometry": {"type": "Point", "coordinates": [3.35014, 42.771099]}, "properties": {"var_data": [0.196, -0.217, 0.009, 0.007, 0.383, -0.0, 1, 1, 1, 1, 1]}}, {"type": "Feature", "geometry": {"type": "Point", "coordinates": [3.38548, 42.771099]}, "properties": {"var_data": [0.221, -0.257, 0.01, 0.007, 0.37, -0.0, 1, 1, 1, 1, 1]}}, {"type": "Feature", "geometry": {"type": "Point", "coordinates": [3.42082, 42.771099]}, "properties": {"var_data": [0.237, -0.312, 0.011, 0.006, 0.398, -0.0, 1, 1, 1, 1, 1]}}, {"type": "Feature", "geometry": {"type": "Point", "coordinates": [3.45616, 42.771099]}, "properties": {"var_data": [0.228, -0.313, 0.011, 0.009, 0.412, -0.0, 1, 1, 1, 1, 1]}}, {"type": "Feature", "geometry": {"type": "Point", "coordinates": [3.4915, 42.771099]}, "properties": {"var_data": [0.205, -0.335, 0.011, 0.008, 0.369, -0.0, 1, 1, 1, 1, 1]}}, {"type": "Feature", "geometry": {"type": "Point", "coordinates": [3.52684, 42.771099]}, "properties": {"var_data": [0.169, -0.354, 0.012, 0.015, 0.434, -0.0, 1, 1, 1, 1, 1]}}, {"type": "Feature", "geometry": {"type": "Point", "coordinates": [3.56218, 42.771099]}, "properties": {"var_data": [0.137, -0.332, 0.014, 0.025, 0.458, -0.0, 1, 1, 1, 1, 1]}}, {"type": "Feature", "geometry": {"type": "Point", "coordinates": [3.59752, 42.771099]}, "properties": {"var_data": [0.123, -0.324, 0.015, 0.034, 0.533, -0.0, 1, 1, 1, 1, 1]}}, {"type": "Feature", "geometry": {"type": "Point", "coordinates": [3.63286, 42.771099]}, "properties": {"var_data": [0.094, -0.292, 0.009, 0.01, 0.696, -0.0, 1, 1, 1, 1, 1]}}, {"type": "Feature", "geometry": {"type": "Point", "coordinates": [3.6682, 42.771099]}, "properties": {"var_data": [0.091, -0.339, 0.012, 0.011, 0.798, -0.0, 1, 1, 1, 1, 1]}}, {"type": "Feature", "geometry": {"type": "Point", "coordinates": [3.70354, 42.771099]}, "properties": {"var_data": [0.096, -0.355, 0.011, 0.03, 1.345, -0.0, 1, 1, 1, 1, 1]}}, {"type": "Feature", "geometry": {"type": "Point", "coordinates": [3.73888, 42.771099]}, "properties": {"var_data": [0.108, -0.366, 0.011, 0.03, 1.346, -0.0, 1, 0, 1, 1, 1]}}, {"type": "Feature", "geometry": {"type": "Point", "coordinates": [3.80956, 42.771099]}, "properties": {"var_data": [0.162, -0.651, 0.036, 0.249, 1.603, -0.008, 1, 0, 1, 1, 1]}}, {"type": "Feature", "geometry": {"type": "Point", "coordinates": [3.8449, 42.771099]}, "properties": {"var_data": [0.155, -0.631, 0.037, 0.265, 1.604, -0.008, 1, 0, 1, 1, 1]}}, {"type": "Feature", "geometry": {"type": "Point", "coordinates": [3.88024, 42.771099]}, "properties": {"var_data": [0.132, -0.626, 0.036, 0.276, 1.593, -0.008, 1, 0, 1, 1, 1]}}, {"type": "Feature", "geometry": {"type": "Point", "coordinates": [3.91558, 42.771099]}, "properties": {"var_data": [0.119, -0.62, 0.038, 0.284, 1.595, -0.009, 1, 0, 1, 1, 1]}}, {"type": "Feature", "geometry": {"type": "Point", "coordinates": [4.05694, 42.771099]}, "properties": {"var_data": [0.062, -0.776, 0.026, 0.336, 2.064, -0.009, 4, 0, 4, 1, 1]}}, {"type": "Feature", "geometry": {"type": "Point", "coordinates": [4.09228, 42.771099]}, "properties": {"var_data": [0.062, -0.777, 0.026, 0.336, 2.084, -0.009, 4, 0, 4, 1, 1]}}, {"type": "Feature", "geometry": {"type": "Point", "coordinates": [4.12762, 42.771099]}, "properties": {"var_data": [0.055, -0.767, 0.026, 0.336, 2.155, -0.009, 4, 0, 4, 1, 1]}}, {"type": "Feature", "geometry": {"type": "Point", "coordinates": [4.16296, 42.771099]}, "properties": {"var_data": [0.049, -0.759, 0.026, 0.337, 2.366, -0.009, 4, 0, 4, 4, 1]}}, {"type": "Feature", "geometry": {"type": "Point", "coordinates": [4.1983, 42.771099]}, "properties": {"var_data": [-0.032, 0.152, 0.049, 0.262, 3.211, -0.008, 4, 0, 4, 4, 1]}}, {"type": "Feature", "geometry": {"type": "Point", "coordinates": [3.06742, 42.7981]}, "properties": {"var_data": [0.028, -0.204, 0.012, 0.009, 0.367, -0.0, 1, 1, 1, 1, 1]}}, {"type": "Feature", "geometry": {"type": "Point", "coordinates": [3.10276, 42.7981]}, "properties": {"var_data": [0.054, -0.203, 0.009, 0.008, 0.331, -0.0, 1, 1, 1, 1, 1]}}, {"type": "Feature", "geometry": {"type": "Point", "coordinates": [3.1381, 42.7981]}, "properties": {"var_data": [0.048, -0.183, 0.011, 0.012, 0.316, -0.0, 1, 1, 1, 1, 1]}}, {"type": "Feature", "geometry": {"type": "Point", "coordinates": [3.17344, 42.7981]}, "properties": {"var_data": [0.015, -0.115, 0.018, 0.019, 0.335, -0.0, 1, 1, 1, 1, 1]}}, {"type": "Feature", "geometry": {"type": "Point", "coordinates": [3.20878, 42.7981]}, "properties": {"var_data": [0.036, -0.106, 0.019, 0.023, 0.319, -0.0, 1, 1, 1, 1, 1]}}, {"type": "Feature", "geometry": {"type": "Point", "coordinates": [3.24412, 42.7981]}, "properties": {"var_data": [0.068, -0.09, 0.019, 0.032, 0.343, -0.001, 1, 1, 1, 1, 1]}}, {"type": "Feature", "geometry": {"type": "Point", "coordinates": [3.27946, 42.7981]}, "properties": {"var_data": [0.136, -0.149, 0.015, 0.024, 0.341, -0.0, 1, 1, 1, 1, 1]}}, {"type": "Feature", "geometry": {"type": "Point", "coordinates": [3.3148, 42.7981]}, "properties": {"var_data": [0.164, -0.169, 0.008, 0.009, 0.352, -0.0, 1, 1, 1, 1, 1]}}, {"type": "Feature", "geometry": {"type": "Point", "coordinates": [3.35014, 42.7981]}, "properties": {"var_data": [0.201, -0.241, 0.01, 0.007, 0.374, -0.0, 1, 1, 1, 1, 1]}}, {"type": "Feature", "geometry": {"type": "Point", "coordinates": [3.38548, 42.7981]}, "properties": {"var_data": [0.225, -0.28, 0.014, 0.006, 0.367, -0.0, 1, 1, 1, 1, 1]}}, {"type": "Feature", "geometry": {"type": "Point", "coordinates": [3.42082, 42.7981]}, "properties": {"var_data": [0.243, -0.315, 0.013, 0.007, 0.406, -0.0, 1, 1, 1, 1, 1]}}, {"type": "Feature", "geometry": {"type": "Point", "coordinates": [3.45616, 42.7981]}, "properties": {"var_data": [0.215, -0.333, 0.014, 0.007, 0.4, -0.0, 1, 1, 1, 1, 1]}}, {"type": "Feature", "geometry": {"type": "Point", "coordinates": [3.4915, 42.7981]}, "properties": {"var_data": [0.187, -0.349, 0.012, 0.006, 0.403, -0.0, 1, 1, 1, 1, 1]}}, {"type": "Feature", "geometry": {"type": "Point", "coordinates": [3.52684, 42.7981]}, "properties": {"var_data": [0.142, -0.355, 0.011, 0.007, 0.446, -0.0, 1, 1, 1, 1, 1]}}, {"type": "Feature", "geometry": {"type": "Point", "coordinates": [3.56218, 42.7981]}, "properties": {"var_data": [0.129, -0.354, 0.008, 0.007, 0.47, -0.0, 1, 1, 1, 1, 1]}}, {"type": "Feature", "geometry": {"type": "Point", "coordinates": [3.59752, 42.7981]}, "properties": {"var_data": [0.114, -0.313, 0.009, 0.011, 0.617, -0.0, 1, 1, 1, 1, 1]}}, {"type": "Feature", "geometry": {"type": "Point", "coordinates": [3.63286, 42.7981]}, "properties": {"var_data": [0.085, -0.289, 0.009, 0.01, 0.623, -0.0, 1, 1, 1, 1, 1]}}, {"type": "Feature", "geometry": {"type": "Point", "coordinates": [3.6682, 42.7981]}, "properties": {"var_data": [0.092, -0.336, 0.008, 0.01, 0.857, -0.0, 1, 1, 1, 1, 1]}}, {"type": "Feature", "geometry": {"type": "Point", "coordinates": [3.70354, 42.7981]}, "properties": {"var_data": [0.094, -0.363, 0.009, 0.01, 0.994, -0.0, 1, 1, 1, 1, 1]}}, {"type": "Feature", "geometry": {"type": "Point", "coordinates": [3.73888, 42.7981]}, "properties": {"var_data": [0.111, -0.352, 0.011, 0.03, 1.37, -0.0, 1, 0, 1, 1, 1]}}, {"type": "Feature", "geometry": {"type": "Point", "coordinates": [3.77422, 42.7981]}, "properties": {"var_data": [0.159, -0.574, 0.025, 0.127, 1.357, -0.003, 1, 0, 1, 1, 1]}}, {"type": "Feature", "geometry": {"type": "Point", "coordinates": [3.80956, 42.7981]}, "properties": {"var_data": [0.171, -0.661, 0.043, 0.269, 1.653, -0.01, 1, 0, 1, 1, 1]}}, {"type": "Feature", "geometry": {"type": "Point", "coordinates": [3.8449, 42.7981]}, "properties": {"var_data": [0.15, -0.633, 0.039, 0.269, 1.632, -0.009, 1, 0, 1, 1, 1]}}, {"type": "Feature", "geometry": {"type": "Point", "coordinates": [3.88024, 42.7981]}, "properties": {"var_data": [0.137, -0.627, 0.044, 0.283, 1.633, -0.01, 1, 0, 1, 1, 1]}}, {"type": "Feature", "geometry": {"type": "Point", "coordinates": [3.91558, 42.7981]}, "properties": {"var_data": [0.118, -0.618, 0.048, 0.293, 1.632, -0.012, 1, 0, 1, 1, 1]}}, {"type": "Feature", "geometry": {"type": "Point", "coordinates": [4.05694, 42.7981]}, "properties": {"var_data": [0.079, -0.767, 0.013, 0.146, 2.065, -0.002, 4, 0, 4, 1, 1]}}, {"type": "Feature", "geometry": {"type": "Point", "coordinates": [4.09228, 42.7981]}, "properties": {"var_data": [0.095, -0.762, 0.01, 0.08, 2.095, -0.001, 4, 0, 4, 1, 1]}}, {"type": "Feature", "geometry": {"type": "Point", "coordinates": [4.12762, 42.7981]}, "properties": {"var_data": [0.092, -0.768, 0.01, 0.081, 2.135, -0.001, 4, 0, 4, 1, 1]}}, {"type": "Feature", "geometry": {"type": "Point", "coordinates": [3.06742, 42.8251]}, "properties": {"var_data": [-0.036, -0.18, 0.031, 0.012, 0.492, -0.0, 1, 1, 1, 1, 1]}}, {"type": "Feature", "geometry": {"type": "Point", "coordinates": [3.10276, 42.8251]}, "properties": {"var_data": [0.011, -0.183, 0.01, 0.009, 0.386, -0.0, 1, 1, 1, 1, 1]}}, {"type": "Feature", "geometry": {"type": "Point", "coordinates": [3.1381, 42.8251]}, "properties": {"var_data": [0.021, -0.173, 0.013, 0.013, 0.345, -0.0, 1, 1, 1, 1, 1]}}, {"type": "Feature", "geometry": {"type": "Point", "coordinates": [3.17344, 42.8251]}, "properties": {"var_data": [0.021, -0.138, 0.017, 0.018, 0.365, -0.0, 1, 1, 1, 1, 1]}}, {"type": "Feature", "geometry": {"type": "Point", "coordinates": [3.20878, 42.8251]}, "properties": {"var_data": [0.054, -0.112, 0.019, 0.018, 0.344, -0.0, 1, 1, 1, 1, 1]}}, {"type": "Feature", "geometry": {"type": "Point", "coordinates": [3.24412, 42.8251]}, "properties": {"var_data": [0.085, -0.099, 0.02, 0.029, 0.373, -0.001, 1, 1, 1, 1, 1]}}, {"type": "Feature", "geometry": {"type": "Point", "coordinates": [3.27946, 42.8251]}, "properties": {"var_data": [0.126, -0.14, 0.013, 0.02, 0.359, -0.0, 1, 1, 1, 1, 1]}}, {"type": "Feature", "geometry": {"type": "Point", "coordinates": [3.3148, 42.8251]}, "properties": {"var_data": [0.153, -0.171, 0.014, 0.021, 0.379, -0.0, 1, 1, 1, 1, 1]}}, {"type": "Feature", "geometry": {"type": "Point", "coordinates": [3.35014, 42.8251]}, "properties": {"var_data": [0.202, -0.255, 0.008, 0.009, 0.394, -0.0, 1, 1, 1, 1, 1]}}, {"type": "Feature", "geometry": {"type": "Point", "coordinates": [3.38548, 42.8251]}, "properties": {"var_data": [0.207, -0.275, 0.02, 0.008, 0.385, -0.0, 1, 1, 1, 1, 1]}}, {"type": "Feature", "geometry": {"type": "Point", "coordinates": [3.42082, 42.8251]}, "properties": {"var_data": [0.22, -0.324, 0.019, 0.008, 0.419, -0.0, 1, 0, 1, 1, 1]}}, {"type": "Feature", "geometry": {"type": "Point", "coordinates": [3.45616, 42.8251]}, "properties": {"var_data": [0.201, -0.344, 0.014, 0.007, 0.395, -0.0, 1, 1, 1, 1, 1]}}, {"type": "Feature", "geometry": {"type": "Point", "coordinates": [3.4915, 42.8251]}, "properties": {"var_data": [0.165, -0.351, 0.013, 0.006, 0.434, -0.0, 1, 1, 1, 1, 1]}}, {"type": "Feature", "geometry": {"type": "Point", "coordinates": [3.52684, 42.8251]}, "properties": {"var_data": [0.121, -0.341, 0.011, 0.007, 0.471, -0.0, 1, 1, 1, 1, 1]}}, {"type": "Feature", "geometry": {"type": "Point", "coordinates": [3.56218, 42.8251]}, "properties": {"var_data": [0.111, -0.333, 0.008, 0.006, 0.487, -0.0, 1, 1, 1, 1, 1]}}, {"type": "Feature", "geometry": {"type": "Point", "coordinates": [3.59752, 42.8251]}, "properties": {"var_data": [0.081, -0.279, 0.009, 0.01, 0.655, -0.0, 1, 1, 1, 1, 1]}}, {"type": "Feature", "geometry": {"type": "Point", "coordinates": [3.63286, 42.8251]}, "properties": {"var_data": [0.09, -0.306, 0.008, 0.01, 0.711, -0.0, 1, 1, 1, 1, 1]}}, {"type": "Feature", "geometry": {"type": "Point", "coordinates": [3.6682, 42.8251]}, "properties": {"var_data": [0.097, -0.38, 0.008, 0.01, 1.327, -0.0, 1, 1, 1, 1, 1]}}, {"type": "Feature", "geometry": {"type": "Point", "coordinates": [3.70354, 42.8251]}, "properties": {"var_data": [0.098, -0.376, 0.01, 0.011, 1.346, -0.0, 1, 0, 1, 1, 1]}}, {"type": "Feature", "geometry": {"type": "Point", "coordinates": [3.73888, 42.8251]}, "properties": {"var_data": [0.165, -0.573, 0.027, 0.121, 1.458, -0.003, 1, 0, 1, 1, 1]}}, {"type": "Feature", "geometry": {"type": "Point", "coordinates": [3.77422, 42.8251]}, "properties": {"var_data": [0.169, -0.591, 0.034, 0.135, 1.458, -0.004, 1, 0, 1, 1, 1]}}, {"type": "Feature", "geometry": {"type": "Point", "coordinates": [3.80956, 42.8251]}, "properties": {"var_data": [0.177, -0.603, 0.034, 0.136, 1.449, -0.004, 1, 0, 1, 1, 1]}}, {"type": "Feature", "geometry": {"type": "Point", "coordinates": [3.06742, 42.8521]}, "properties": {"var_data": [-0.086, -0.166, 0.035, 0.011, 0.567, -0.0, 1, 1, 1, 1, 1]}}, {"type": "Feature", "geometry": {"type": "Point", "coordinates": [3.10276, 42.8521]}, "properties": {"var_data": [-0.025, -0.173, 0.022, 0.012, 0.472, -0.0, 1, 1, 1, 1, 1]}}, {"type": "Feature", "geometry": {"type": "Point", "coordinates": [3.1381, 42.8521]}, "properties": {"var_data": [0.006, -0.141, 0.017, 0.014, 0.411, -0.0, 1, 1, 1, 1, 1]}}, {"type": "Feature", "geometry": {"type": "Point", "coordinates": [3.17344, 42.8521]}, "properties": {"var_data": [0.027, -0.113, 0.014, 0.009, 0.39, -0.0, 1, 1, 1, 1, 1]}}, {"type": "Feature", "geometry": {"type": "Point", "coordinates": [3.20878, 42.8521]}, "properties": {"var_data": [0.05, -0.088, 0.013, 0.009, 0.391, -0.0, 1, 1, 1, 1, 1]}}, {"type": "Feature", "geometry": {"type": "Point", "coordinates": [3.24412, 42.8521]}, "properties": {"var_data": [0.072, -0.093, 0.02, 0.027, 0.405, -0.0, 1, 1, 1, 1, 1]}}, {"type": "Feature", "geometry": {"type": "Point", "coordinates": [3.27946, 42.8521]}, "properties": {"var_data": [0.134, -0.158, 0.014, 0.021, 0.405, -0.0, 1, 1, 1, 1, 1]}}, {"type": "Feature", "geometry": {"type": "Point", "coordinates": [3.3148, 42.8521]}, "properties": {"var_data": [0.143, -0.172, 0.016, 0.022, 0.416, -0.0, 1, 1, 1, 1, 1]}}, {"type": "Feature", "geometry": {"type": "Point", "coordinates": [3.35014, 42.8521]}, "properties": {"var_data": [0.198, -0.268, 0.014, 0.019, 0.419, -0.0, 1, 1, 1, 1, 1]}}, {"type": "Feature", "geometry": {"type": "Point", "coordinates": [3.38548, 42.8521]}, "properties": {"var_data": [0.23, -0.283, 0.018, 0.021, 0.418, -0.0, 1, 0, 1, 1, 1]}}, {"type": "Feature", "geometry": {"type": "Point", "coordinates": [3.42082, 42.8521]}, "properties": {"var_data": [0.222, -0.314, 0.021, 0.01, 0.435, -0.0, 1, 1, 1, 1, 1]}}, {"type": "Feature", "geometry": {"type": "Point", "coordinates": [3.45616, 42.8521]}, "properties": {"var_data": [0.218, -0.336, 0.015, 0.007, 0.437, -0.0, 1, 1, 1, 1, 1]}}, {"type": "Feature", "geometry": {"type": "Point", "coordinates": [3.4915, 42.8521]}, "properties": {"var_data": [0.168, -0.338, 0.015, 0.007, 0.457, -0.0, 1, 1, 1, 1, 1]}}, {"type": "Feature", "geometry": {"type": "Point", "coordinates": [3.52684, 42.8521]}, "properties": {"var_data": [0.106, -0.336, 0.012, 0.006, 0.471, -0.0, 1, 1, 1, 1, 1]}}, {"type": "Feature", "geometry": {"type": "Point", "coordinates": [3.56218, 42.8521]}, "properties": {"var_data": [0.093, -0.311, 0.01, 0.006, 0.518, -0.0, 1, 1, 1, 1, 1]}}, {"type": "Feature", "geometry": {"type": "Point", "coordinates": [3.59752, 42.8521]}, "properties": {"var_data": [0.081, -0.291, 0.008, 0.007, 0.579, -0.0, 1, 1, 1, 1, 1]}}, {"type": "Feature", "geometry": {"type": "Point", "coordinates": [3.63286, 42.8521]}, "properties": {"var_data": [0.066, -0.265, 0.009, 0.01, 0.761, -0.0, 1, 1, 1, 1, 1]}}, {"type": "Feature", "geometry": {"type": "Point", "coordinates": [3.6682, 42.8521]}, "properties": {"var_data": [0.084, -0.337, 0.006, 0.009, 0.772, -0.0, 1, 1, 1, 1, 1]}}, {"type": "Feature", "geometry": {"type": "Point", "coordinates": [3.70354, 42.8521]}, "properties": {"var_data": [0.151, -0.544, 0.007, 0.01, 0.934, -0.0, 1, 0, 1, 1, 1]}}, {"type": "Feature", "geometry": {"type": "Point", "coordinates": [3.73888, 42.8521]}, "properties": {"var_data": [0.207, -0.65, 0.013, 0.034, 1.125, -0.0, 1, 0, 1, 1, 1]}}, {"type": "Feature", "geometry": {"type": "Point", "coordinates": [3.77422, 42.8521]}, "properties": {"var_data": [0.185, -0.589, 0.034, 0.124, 1.494, -0.004, 1, 0, 1, 1, 1]}}, {"type": "Feature", "geometry": {"type": "Point", "coordinates": [3.80956, 42.8521]}, "properties": {"var_data": [0.187, -0.609, 0.039, 0.149, 1.497, -0.006, 1, 0, 1, 1, 1]}}, {"type": "Feature", "geometry": {"type": "Point", "coordinates": [3.8449, 42.8521]}, "properties": {"var_data": [0.178, -0.598, 0.039, 0.149, 1.485, -0.006, 1, 0, 1, 1, 1]}}, {"type": "Feature", "geometry": {"type": "Point", "coordinates": [3.88024, 42.8521]}, "properties": {"var_data": [0.123, -0.457, 0.07, 0.273, 1.616, -0.019, 1, 0, 1, 1, 1]}}, {"type": "Feature", "geometry": {"type": "Point", "coordinates": [3.91558, 42.8521]}, "properties": {"var_data": [0.102, -0.438, 0.066, 0.277, 1.617, -0.018, 1, 0, 1, 1, 1]}}, {"type": "Feature", "geometry": {"type": "Point", "coordinates": [3.95092, 42.8521]}, "properties": {"var_data": [0.066, -0.42, 0.051, 0.227, 1.619, -0.011, 1, 0, 1, 1, 1]}}, {"type": "Feature", "geometry": {"type": "Point", "coordinates": [3.06742, 42.879101]}, "properties": {"var_data": [-0.096, -0.176, 0.039, 0.012, 0.727, -0.0, 1, 1, 1, 1, 1]}}, {"type": "Feature", "geometry": {"type": "Point", "coordinates": [3.10276, 42.879101]}, "properties": {"var_data": [-0.06, -0.156, 0.023, 0.01, 0.574, -0.0, 1, 1, 1, 1, 1]}}, {"type": "Feature", "geometry": {"type": "Point", "coordinates": [3.1381, 42.879101]}, "properties": {"var_data": [-0.031, -0.125, 0.017, 0.008, 0.514, -0.0, 1, 1, 1, 1, 1]}}, {"type": "Feature", "geometry": {"type": "Point", "coordinates": [3.17344, 42.879101]}, "properties": {"var_data": [0.011, -0.085, 0.015, 0.009, 0.429, -0.0, 1, 1, 1, 1, 1]}}, {"type": "Feature", "geometry": {"type": "Point", "coordinates": [3.20878, 42.879101]}, "properties": {"var_data": [0.033, -0.067, 0.015, 0.009, 0.451, -0.0, 1, 1, 1, 1, 1]}}, {"type": "Feature", "geometry": {"type": "Point", "coordinates": [3.24412, 42.879101]}, "properties": {"var_data": [0.041, -0.057, 0.009, 0.01, 0.405, -0.0, 1, 1, 1, 1, 1]}}, {"type": "Feature", "geometry": {"type": "Point", "coordinates": [3.27946, 42.879101]}, "properties": {"var_data": [0.112, -0.134, 0.017, 0.023, 0.455, -0.0, 1, 1, 1, 1, 1]}}, {"type": "Feature", "geometry": {"type": "Point", "coordinates": [3.3148, 42.879101]}, "properties": {"var_data": [0.142, -0.17, 0.017, 0.023, 0.431, -0.0, 1, 1, 1, 1, 1]}}, {"type": "Feature", "geometry": {"type": "Point", "coordinates": [3.35014, 42.879101]}, "properties": {"var_data": [0.191, -0.24, 0.008, 0.009, 0.429, -0.0, 1, 1, 1, 1, 1]}}, {"type": "Feature", "geometry": {"type": "Point", "coordinates": [3.38548, 42.879101]}, "properties": {"var_data": [0.228, -0.269, 0.015, 0.018, 0.435, -0.0, 1, 1, 1, 1, 1]}}, {"type": "Feature", "geometry": {"type": "Point", "coordinates": [3.42082, 42.879101]}, "properties": {"var_data": [0.224, -0.308, 0.023, 0.012, 0.482, -0.0, 1, 1, 1, 1, 1]}}, {"type": "Feature", "geometry": {"type": "Point", "coordinates": [3.45616, 42.879101]}, "properties": {"var_data": [0.179, -0.297, 0.023, 0.01, 0.492, -0.0, 1, 1, 1, 1, 1]}}, {"type": "Feature", "geometry": {"type": "Point", "coordinates": [3.4915, 42.879101]}, "properties": {"var_data": [0.135, -0.307, 0.014, 0.006, 0.505, -0.0, 1, 1, 1, 1, 1]}}, {"type": "Feature", "geometry": {"type": "Point", "coordinates": [3.52684, 42.879101]}, "properties": {"var_data": [0.094, -0.301, 0.015, 0.006, 0.535, -0.0, 1, 1, 1, 1, 1]}}, {"type": "Feature", "geometry": {"type": "Point", "coordinates": [3.56218, 42.879101]}, "properties": {"var_data": [0.054, -0.27, 0.015, 0.007, 0.67, -0.0, 1, 1, 1, 1, 1]}}, {"type": "Feature", "geometry": {"type": "Point", "coordinates": [3.59752, 42.879101]}, "properties": {"var_data": [0.069, -0.295, 0.022, 0.01, 0.633, -0.0, 1, 1, 1, 1, 1]}}, {"type": "Feature", "geometry": {"type": "Point", "coordinates": [3.63286, 42.879101]}, "properties": {"var_data": [0.066, -0.357, 0.012, 0.024, 0.798, -0.0, 1, 1, 1, 1, 1]}}, {"type": "Feature", "geometry": {"type": "Point", "coordinates": [3.6682, 42.879101]}, "properties": {"var_data": [0.101, -0.381, 0.01, 0.022, 0.777, -0.0, 1, 1, 1, 1, 1]}}, {"type": "Feature", "geometry": {"type": "Point", "coordinates": [3.70354, 42.879101]}, "properties": {"var_data": [0.208, -0.67, 0.013, 0.035, 1.482, -0.0, 1, 0, 1, 1, 1]}}, {"type": "Feature", "geometry": {"type": "Point", "coordinates": [3.73888, 42.879101]}, "properties": {"var_data": [0.207, -0.653, 0.013, 0.034, 1.13, -0.0, 1, 0, 1, 1, 1]}}, {"type": "Feature", "geometry": {"type": "Point", "coordinates": [3.77422, 42.879101]}, "properties": {"var_data": [0.199, -0.641, 0.013, 0.034, 1.129, -0.0, 1, 0, 1, 1, 1]}}, {"type": "Feature", "geometry": {"type": "Point", "coordinates": [3.80956, 42.879101]}, "properties": {"var_data": [0.191, -0.616, 0.039, 0.138, 1.59, -0.005, 1, 0, 1, 1, 1]}}, {"type": "Feature", "geometry": {"type": "Point", "coordinates": [3.8449, 42.879101]}, "properties": {"var_data": [0.152, -0.499, 0.074, 0.278, 1.796, -0.02, 1, 0, 1, 1, 1]}}, {"type": "Feature", "geometry": {"type": "Point", "coordinates": [3.88024, 42.879101]}, "properties": {"var_data": [0.141, -0.457, 0.079, 0.299, 1.799, -0.024, 1, 0, 1, 1, 1]}}, {"type": "Feature", "geometry": {"type": "Point", "coordinates": [3.91558, 42.879101]}, "properties": {"var_data": [0.104, -0.452, 0.098, 0.37, 1.811, -0.036, 1, 0, 1, 1, 1]}}, {"type": "Feature", "geometry": {"type": "Point", "coordinates": [3.95092, 42.879101]}, "properties": {"var_data": [0.051, -0.408, 0.096, 0.369, 1.796, -0.035, 1, 0, 1, 1, 1]}}, {"type": "Feature", "geometry": {"type": "Point", "coordinates": [3.06742, 42.906101]}, "properties": {"var_data": [-0.256, -0.131, 0.062, 0.016, 0.908, -0.001, 1, 1, 1, 1, 1]}}, {"type": "Feature", "geometry": {"type": "Point", "coordinates": [3.10276, 42.906101]}, "properties": {"var_data": [-0.156, -0.125, 0.039, 0.012, 0.711, -0.0, 1, 1, 1, 1, 1]}}, {"type": "Feature", "geometry": {"type": "Point", "coordinates": [3.1381, 42.906101]}, "properties": {"var_data": [-0.105, -0.083, 0.018, 0.008, 0.556, -0.0, 1, 1, 1, 1, 1]}}, {"type": "Feature", "geometry": {"type": "Point", "coordinates": [3.17344, 42.906101]}, "properties": {"var_data": [-0.032, -0.061, 0.016, 0.009, 0.461, -0.0, 1, 1, 1, 1, 1]}}, {"type": "Feature", "geometry": {"type": "Point", "coordinates": [3.20878, 42.906101]}, "properties": {"var_data": [0.02, -0.061, 0.019, 0.009, 0.479, -0.0, 1, 1, 1, 1, 1]}}, {"type": "Feature", "geometry": {"type": "Point", "coordinates": [3.24412, 42.906101]}, "properties": {"var_data": [0.03, -0.064, 0.016, 0.009, 0.441, -0.0, 1, 1, 1, 1, 1]}}, {"type": "Feature", "geometry": {"type": "Point", "coordinates": [3.27946, 42.906101]}, "properties": {"var_data": [0.094, -0.124, 0.011, 0.01, 0.454, -0.0, 1, 1, 1, 1, 1]}}, {"type": "Feature", "geometry": {"type": "Point", "coordinates": [3.3148, 42.906101]}, "properties": {"var_data": [0.15, -0.162, 0.01, 0.01, 0.471, -0.0, 1, 1, 1, 1, 1]}}, {"type": "Feature", "geometry": {"type": "Point", "coordinates": [3.35014, 42.906101]}, "properties": {"var_data": [0.205, -0.245, 0.01, 0.01, 0.488, -0.0, 1, 1, 1, 1, 1]}}, {"type": "Feature", "geometry": {"type": "Point", "coordinates": [3.38548, 42.906101]}, "properties": {"var_data": [0.185, -0.251, 0.01, 0.01, 0.476, -0.0, 1, 1, 1, 1, 1]}}, {"type": "Feature", "geometry": {"type": "Point", "coordinates": [3.42082, 42.906101]}, "properties": {"var_data": [0.201, -0.278, 0.011, 0.009, 0.537, -0.0, 1, 0, 1, 1, 1]}}, {"type": "Feature", "geometry": {"type": "Point", "coordinates": [3.45616, 42.906101]}, "properties": {"var_data": [0.141, -0.26, 0.03, 0.011, 0.547, -0.0, 1, 1, 1, 1, 1]}}, {"type": "Feature", "geometry": {"type": "Point", "coordinates": [3.4915, 42.906101]}, "properties": {"var_data": [0.124, -0.276, 0.026, 0.01, 0.647, -0.0, 1, 1, 1, 1, 1]}}, {"type": "Feature", "geometry": {"type": "Point", "coordinates": [3.52684, 42.906101]}, "properties": {"var_data": [0.117, -0.262, 0.03, 0.011, 0.687, -0.0, 1, 1, 1, 1, 1]}}, {"type": "Feature", "geometry": {"type": "Point", "coordinates": [3.56218, 42.906101]}, "properties": {"var_data": [0.062, -0.289, 0.024, 0.011, 0.724, -0.0, 1, 1, 1, 1, 1]}}, {"type": "Feature", "geometry": {"type": "Point", "coordinates": [3.59752, 42.906101]}, "properties": {"var_data": [0.068, -0.279, 0.007, 0.007, 0.804, -0.0, 1, 1, 1, 1, 1]}}, {"type": "Feature", "geometry": {"type": "Point", "coordinates": [3.63286, 42.906101]}, "properties": {"var_data": [0.051, -0.276, 0.015, 0.03, 0.914, -0.0, 1, 1, 1, 1, 1]}}, {"type": "Feature", "geometry": {"type": "Point", "coordinates": [3.6682, 42.906101]}, "properties": {"var_data": [0.102, -0.413, 0.013, 0.029, 0.94, -0.0, 1, 0, 1, 1, 1]}}, {"type": "Feature", "geometry": {"type": "Point", "coordinates": [3.70354, 42.906101]}, "properties": {"var_data": [0.197, -0.612, 0.013, 0.029, 1.12, -0.0, 1, 1, 1, 1, 1]}}, {"type": "Feature", "geometry": {"type": "Point", "coordinates": [3.73888, 42.906101]}, "properties": {"var_data": [0.205, -0.654, 0.015, 0.036, 1.59, -0.0, 1, 0, 1, 1, 1]}}, {"type": "Feature", "geometry": {"type": "Point", "coordinates": [3.77422, 42.906101]}, "properties": {"var_data": [0.211, -0.617, 0.055, 0.154, 1.689, -0.008, 1, 0, 1, 1, 1]}}, {"type": "Feature", "geometry": {"type": "Point", "coordinates": [3.8449, 42.906101]}, "properties": {"var_data": [0.154, -0.49, 0.068, 0.25, 1.858, -0.017, 1, 0, 1, 1, 1]}}, {"type": "Feature", "geometry": {"type": "Point", "coordinates": [3.88024, 42.906101]}, "properties": {"var_data": [0.147, -0.477, 0.087, 0.282, 1.809, -0.024, 1, 0, 1, 1, 1]}}, {"type": "Feature", "geometry": {"type": "Point", "coordinates": [3.91558, 42.906101]}, "properties": {"var_data": [0.097, -0.417, 0.076, 0.258, 1.809, -0.019, 1, 0, 1, 1, 1]}}, {"type": "Feature", "geometry": {"type": "Point", "coordinates": [3.95092, 42.906101]}, "properties": {"var_data": [0.047, -0.39, 0.073, 0.264, 1.792, -0.019, 1, 0, 1, 1, 1]}}, {"type": "Feature", "geometry": {"type": "Point", "coordinates": [3.06742, 42.933102]}, "properties": {"var_data": [-0.434, -0.087, 0.082, 0.018, 1.04, -0.001, 1, 1, 1, 1, 1]}}, {"type": "Feature", "geometry": {"type": "Point", "coordinates": [3.10276, 42.933102]}, "properties": {"var_data": [-0.283, -0.081, 0.05, 0.014, 0.765, -0.001, 1, 1, 1, 1, 1]}}, {"type": "Feature", "geometry": {"type": "Point", "coordinates": [3.1381, 42.933102]}, "properties": {"var_data": [-0.172, -0.047, 0.025, 0.009, 0.574, -0.0, 1, 1, 1, 1, 1]}}, {"type": "Feature", "geometry": {"type": "Point", "coordinates": [3.17344, 42.933102]}, "properties": {"var_data": [-0.021, -0.051, 0.02, 0.009, 0.491, -0.0, 1, 1, 1, 1, 1]}}, {"type": "Feature", "geometry": {"type": "Point", "coordinates": [3.20878, 42.933102]}, "properties": {"var_data": [0.008, -0.056, 0.019, 0.009, 0.506, -0.0, 1, 1, 1, 1, 1]}}, {"type": "Feature", "geometry": {"type": "Point", "coordinates": [3.24412, 42.933102]}, "properties": {"var_data": [-0.023, -0.02, 0.019, 0.009, 0.489, -0.0, 1, 1, 1, 1, 1]}}, {"type": "Feature", "geometry": {"type": "Point", "coordinates": [3.27946, 42.933102]}, "properties": {"var_data": [0.074, -0.093, 0.015, 0.01, 0.511, -0.0, 1, 1, 1, 1, 1]}}, {"type": "Feature", "geometry": {"type": "Point", "coordinates": [3.3148, 42.933102]}, "properties": {"var_data": [0.097, -0.12, 0.011, 0.01, 0.527, -0.0, 1, 1, 1, 1, 1]}}, {"type": "Feature", "geometry": {"type": "Point", "coordinates": [3.35014, 42.933102]}, "properties": {"var_data": [0.167, -0.218, 0.01, 0.01, 0.532, -0.0, 1, 1, 1, 1, 1]}}, {"type": "Feature", "geometry": {"type": "Point", "coordinates": [3.38548, 42.933102]}, "properties": {"var_data": [0.134, -0.214, 0.01, 0.01, 0.54, -0.0, 1, 1, 1, 1, 1]}}, {"type": "Feature", "geometry": {"type": "Point", "coordinates": [3.42082, 42.933102]}, "properties": {"var_data": [0.157, -0.258, 0.012, 0.01, 0.605, -0.0, 1, 0, 1, 1, 1]}}, {"type": "Feature", "geometry": {"type": "Point", "coordinates": [3.45616, 42.933102]}, "properties": {"var_data": [0.107, -0.246, 0.026, 0.012, 0.627, -0.0, 1, 0, 1, 1, 1]}}, {"type": "Feature", "geometry": {"type": "Point", "coordinates": [3.4915, 42.933102]}, "properties": {"var_data": [0.083, -0.243, 0.033, 0.013, 0.89, -0.0, 1, 0, 1, 1, 1]}}, {"type": "Feature", "geometry": {"type": "Point", "coordinates": [3.52684, 42.933102]}, "properties": {"var_data": [0.023, -0.222, 0.023, 0.009, 0.821, -0.0, 1, 1, 1, 1, 1]}}, {"type": "Feature", "geometry": {"type": "Point", "coordinates": [3.56218, 42.933102]}, "properties": {"var_data": [0.017, -0.231, 0.022, 0.01, 1.041, -0.0, 1, 1, 1, 1, 1]}}, {"type": "Feature", "geometry": {"type": "Point", "coordinates": [3.59752, 42.933102]}, "properties": {"var_data": [0.094, -0.372, 0.007, 0.007, 1.132, -0.0, 1, 1, 1, 1, 1]}}, {"type": "Feature", "geometry": {"type": "Point", "coordinates": [3.63286, 42.933102]}, "properties": {"var_data": [0.077, -0.319, 0.028, 0.058, 1.178, -0.002, 1, 1, 1, 1, 1]}}, {"type": "Feature", "geometry": {"type": "Point", "coordinates": [3.6682, 42.933102]}, "properties": {"var_data": [0.153, -0.519, 0.019, 0.046, 1.483, -0.001, 1, 0, 1, 1, 1]}}, {"type": "Feature", "geometry": {"type": "Point", "coordinates": [3.70354, 42.933102]}, "properties": {"var_data": [0.229, -0.672, 0.015, 0.034, 1.631, -0.0, 1, 1, 1, 1, 1]}}, {"type": "Feature", "geometry": {"type": "Point", "coordinates": [3.88024, 42.933102]}, "properties": {"var_data": [0.151, -0.491, 0.149, 0.411, 2.05, -0.06, 4, 0, 4, 1, 1]}}, {"type": "Feature", "geometry": {"type": "Point", "coordinates": [3.91558, 42.933102]}, "properties": {"var_data": [0.092, -0.44, 0.11, 0.322, 1.925, -0.035, 1, 0, 1, 1, 1]}}, {"type": "Feature", "geometry": {"type": "Point", "coordinates": [3.95092, 42.933102]}, "properties": {"var_data": [0.032, -0.388, 0.064, 0.213, 1.827, -0.013, 1, 0, 1, 1, 1]}}, {"type": "Feature", "geometry": {"type": "Point", "coordinates": [3.06742, 42.960098]}, "properties": {"var_data": [-0.537, -0.035, 0.082, 0.019, 0.981, -0.001, 1, 1, 1, 1, 1]}}, {"type": "Feature", "geometry": {"type": "Point", "coordinates": [3.10276, 42.960098]}, "properties": {"var_data": [-0.392, -0.03, 0.067, 0.018, 0.815, -0.001, 1, 1, 1, 1, 1]}}, {"type": "Feature", "geometry": {"type": "Point", "coordinates": [3.1381, 42.960098]}, "properties": {"var_data": [-0.267, -0.033, 0.046, 0.019, 0.638, -0.001, 1, 1, 1, 1, 1]}}, {"type": "Feature", "geometry": {"type": "Point", "coordinates": [3.17344, 42.960098]}, "properties": {"var_data": [-0.149, -0.013, 0.032, 0.018, 0.527, -0.0, 1, 1, 1, 1, 1]}}, {"type": "Feature", "geometry": {"type": "Point", "coordinates": [3.20878, 42.960098]}, "properties": {"var_data": [-0.068, -0.03, 0.034, 0.02, 0.535, -0.001, 1, 1, 1, 1, 1]}}, {"type": "Feature", "geometry": {"type": "Point", "coordinates": [3.24412, 42.960098]}, "properties": {"var_data": [-0.022, -0.025, 0.035, 0.022, 0.521, -0.001, 1, 1, 1, 1, 1]}}, {"type": "Feature", "geometry": {"type": "Point", "coordinates": [3.27946, 42.960098]}, "properties": {"var_data": [0.039, -0.063, 0.018, 0.011, 0.606, -0.0, 1, 1, 1, 1, 1]}}, {"type": "Feature", "geometry": {"type": "Point", "coordinates": [3.3148, 42.960098]}, "properties": {"var_data": [0.04, -0.059, 0.011, 0.01, 0.554, -0.0, 1, 1, 1, 1, 1]}}, {"type": "Feature", "geometry": {"type": "Point", "coordinates": [3.35014, 42.960098]}, "properties": {"var_data": [0.047, -0.112, 0.011, 0.01, 0.642, -0.0, 1, 1, 1, 1, 1]}}, {"type": "Feature", "geometry": {"type": "Point", "coordinates": [3.38548, 42.960098]}, "properties": {"var_data": [0.02, -0.125, 0.011, 0.01, 0.596, -0.0, 1, 0, 1, 1, 1]}}, {"type": "Feature", "geometry": {"type": "Point", "coordinates": [3.42082, 42.960098]}, "properties": {"var_data": [0.067, -0.217, 0.014, 0.014, 0.715, -0.0, 1, 0, 1, 1, 1]}}, {"type": "Feature", "geometry": {"type": "Point", "coordinates": [3.45616, 42.960098]}, "properties": {"var_data": [0.019, -0.189, 0.024, 0.013, 0.719, -0.0, 1, 0, 1, 1, 1]}}, {"type": "Feature", "geometry": {"type": "Point", "coordinates": [3.4915, 42.960098]}, "properties": {"var_data": [-0.018, -0.179, 0.027, 0.014, 0.835, -0.0, 1, 0, 1, 1, 1]}}, {"type": "Feature", "geometry": {"type": "Point", "coordinates": [3.52684, 42.960098]}, "properties": {"var_data": [-0.051, -0.129, 0.033, 0.031, 0.958, -0.001, 1, 1, 1, 1, 1]}}, {"type": "Feature", "geometry": {"type": "Point", "coordinates": [3.56218, 42.960098]}, "properties": {"var_data": [-0.184, 0.063, 0.126, 0.189, 1.482, -0.023, 1, 1, 1, 1, 1]}}, {"type": "Feature", "geometry": {"type": "Point", "coordinates": [3.63286, 42.960098]}, "properties": {"var_data": [0.012, -0.213, 0.025, 0.052, 1.208, -0.001, 1, 1, 1, 1, 1]}}, {"type": "Feature", "geometry": {"type": "Point", "coordinates": [3.6682, 42.960098]}, "properties": {"var_data": [-0.146, 0.135, 0.062, 0.134, 1.603, -0.008, 1, 1, 1, 1, 1]}}, {"type": "Feature", "geometry": {"type": "Point", "coordinates": [3.70354, 42.960098]}, "properties": {"var_data": [-0.148, 0.123, 0.065, 0.142, 1.595, -0.009, 1, 1, 1, 1, 1]}}, {"type": "Feature", "geometry": {"type": "Point", "coordinates": [3.73888, 42.960098]}, "properties": {"var_data": [-0.166, 0.139, 0.076, 0.152, 1.6, -0.011, 1, 1, 1, 1, 1]}}, {"type": "Feature", "geometry": {"type": "Point", "coordinates": [3.10276, 42.987099]}, "properties": {"var_data": [-0.44, -0.016, 0.081, 0.021, 0.952, -0.001, 1, 1, 1, 1, 1]}}, {"type": "Feature", "geometry": {"type": "Point", "coordinates": [3.1381, 42.987099]}, "properties": {"var_data": [-0.325, -0.012, 0.054, 0.02, 0.761, -0.001, 1, 1, 1, 1, 1]}}, {"type": "Feature", "geometry": {"type": "Point", "coordinates": [3.17344, 42.987099]}, "properties": {"var_data": [-0.202, -0.018, 0.056, 0.026, 0.718, -0.001, 1, 1, 1, 1, 1]}}, {"type": "Feature", "geometry": {"type": "Point", "coordinates": [3.20878, 42.987099]}, "properties": {"var_data": [-0.056, -0.042, 0.059, 0.031, 0.652, -0.002, 1, 1, 1, 1, 1]}}, {"type": "Feature", "geometry": {"type": "Point", "coordinates": [3.24412, 42.987099]}, "properties": {"var_data": [0.001, -0.043, 0.057, 0.031, 0.627, -0.002, 1, 1, 1, 1, 1]}}, {"type": "Feature", "geometry": {"type": "Point", "coordinates": [3.27946, 42.987099]}, "properties": {"var_data": [-0.02, -0.037, 0.047, 0.036, 0.665, -0.002, 1, 1, 1, 1, 1]}}, {"type": "Feature", "geometry": {"type": "Point", "coordinates": [3.3148, 42.987099]}, "properties": {"var_data": [-0.026, -0.057, 0.035, 0.029, 0.595, -0.001, 1, 1, 1, 1, 1]}}, {"type": "Feature", "geometry": {"type": "Point", "coordinates": [3.35014, 42.987099]}, "properties": {"var_data": [-0.05, -0.042, 0.036, 0.03, 0.76, -0.001, 1, 0, 1, 1, 1]}}, {"type": "Feature", "geometry": {"type": "Point", "coordinates": [3.38548, 42.987099]}, "properties": {"var_data": [-0.014, -0.108, 0.02, 0.015, 0.636, -0.0, 1, 1, 1, 1, 1]}}, {"type": "Feature", "geometry": {"type": "Point", "coordinates": [3.42082, 42.987099]}, "properties": {"var_data": [0.033, -0.194, 0.024, 0.017, 0.833, -0.0, 1, 1, 1, 1, 1]}}, {"type": "Feature", "geometry": {"type": "Point", "coordinates": [3.45616, 42.987099]}, "properties": {"var_data": [0.002, -0.18, 0.024, 0.017, 0.749, -0.0, 1, 1, 1, 1, 1]}}, {"type": "Feature", "geometry": {"type": "Point", "coordinates": [3.4915, 42.987099]}, "properties": {"var_data": [-0.071, -0.124, 0.025, 0.017, 0.864, -0.0, 1, 1, 1, 1, 1]}}, {"type": "Feature", "geometry": {"type": "Point", "coordinates": [3.52684, 42.987099]}, "properties": {"var_data": [-0.116, -0.078, 0.059, 0.075, 1.193, -0.004, 1, 1, 1, 1, 1]}}, {"type": "Feature", "geometry": {"type": "Point", "coordinates": [3.56218, 42.987099]}, "properties": {"var_data": [-0.067, -0.091, 0.052, 0.072, 1.086, -0.004, 1, 1, 1, 1, 1]}}, {"type": "Feature", "geometry": {"type": "Point", "coordinates": [3.63286, 42.987099]}, "properties": {"var_data": [-0.203, 0.146, 0.098, 0.145, 1.808, -0.014, 1, 1, 1, 1, 1]}}, {"type": "Feature", "geometry": {"type": "Point", "coordinates": [3.6682, 42.987099]}, "properties": {"var_data": [-0.2, 0.148, 0.079, 0.121, 1.691, -0.009, 1, 1, 1, 1, 1]}}, {"type": "Feature", "geometry": {"type": "Point", "coordinates": [3.70354, 42.987099]}, "properties": {"var_data": [-0.178, 0.145, 0.079, 0.15, 1.637, -0.011, 1, 1, 1, 1, 1]}}, {"type": "Feature", "geometry": {"type": "Point", "coordinates": [3.73888, 42.987099]}, "properties": {"var_data": [-0.166, 0.139, 0.077, 0.15, 1.606, -0.011, 1, 0, 1, 1, 1]}}, {"type": "Feature", "geometry": {"type": "Point", "coordinates": [3.10276, 43.014099]}, "properties": {"var_data": [-0.523, 0.023, 0.102, 0.027, 1.208, -0.002, 1, 1, 1, 1, 1]}}, {"type": "Feature", "geometry": {"type": "Point", "coordinates": [3.1381, 43.014099]}, "properties": {"var_data": [-0.285, -0.011, 0.057, 0.021, 0.851, -0.001, 1, 1, 1, 1, 1]}}, {"type": "Feature", "geometry": {"type": "Point", "coordinates": [3.17344, 43.014099]}, "properties": {"var_data": [-0.057, -0.069, 0.057, 0.024, 0.907, -0.001, 1, 1, 1, 1, 1]}}, {"type": "Feature", "geometry": {"type": "Point", "coordinates": [3.20878, 43.014099]}, "properties": {"var_data": [-0.034, -0.07, 0.061, 0.026, 0.834, -0.002, 1, 0, 1, 1, 1]}}, {"type": "Feature", "geometry": {"type": "Point", "coordinates": [3.24412, 43.014099]}, "properties": {"var_data": [-0.009, -0.037, 0.062, 0.032, 0.75, -0.002, 1, 0, 1, 1, 1]}}, {"type": "Feature", "geometry": {"type": "Point", "coordinates": [3.27946, 43.014099]}, "properties": {"var_data": [-0.018, -0.045, 0.042, 0.033, 0.712, -0.001, 1, 0, 1, 1, 1]}}, {"type": "Feature", "geometry": {"type": "Point", "coordinates": [3.3148, 43.014099]}, "properties": {"var_data": [-0.017, -0.058, 0.037, 0.03, 0.661, -0.001, 1, 0, 1, 1, 1]}}, {"type": "Feature", "geometry": {"type": "Point", "coordinates": [3.35014, 43.014099]}, "properties": {"var_data": [-0.1, -0.009, 0.038, 0.032, 0.748, -0.001, 1, 0, 1, 1, 1]}}, {"type": "Feature", "geometry": {"type": "Point", "coordinates": [3.38548, 43.014099]}, "properties": {"var_data": [-0.093, -0.063, 0.021, 0.016, 0.708, -0.0, 1, 1, 1, 1, 1]}}, {"type": "Feature", "geometry": {"type": "Point", "coordinates": [3.42082, 43.014099]}, "properties": {"var_data": [-0.008, -0.172, 0.023, 0.016, 0.905, -0.0, 1, 1, 1, 1, 1]}}, {"type": "Feature", "geometry": {"type": "Point", "coordinates": [3.45616, 43.014099]}, "properties": {"var_data": [-0.038, -0.149, 0.026, 0.017, 0.878, -0.0, 1, 1, 1, 1, 1]}}, {"type": "Feature", "geometry": {"type": "Point", "coordinates": [3.4915, 43.014099]}, "properties": {"var_data": [-0.075, -0.132, 0.027, 0.017, 0.819, -0.0, 1, 1, 1, 1, 1]}}, {"type": "Feature", "geometry": {"type": "Point", "coordinates": [3.52684, 43.014099]}, "properties": {"var_data": [-0.1, -0.083, 0.059, 0.07, 1.195, -0.004, 1, 1, 1, 1, 1]}}, {"type": "Feature", "geometry": {"type": "Point", "coordinates": [3.56218, 43.014099]}, "properties": {"var_data": [-0.096, -0.074, 0.057, 0.074, 1.19, -0.004, 1, 1, 1, 1, 1]}}, {"type": "Feature", "geometry": {"type": "Point", "coordinates": [3.63286, 43.014099]}, "properties": {"var_data": [-0.243, 0.185, 0.105, 0.154, 1.857, -0.016, 1, 1, 1, 1, 1]}}, {"type": "Feature", "geometry": {"type": "Point", "coordinates": [3.6682, 43.014099]}, "properties": {"var_data": [-0.258, 0.189, 0.106, 0.155, 1.856, -0.016, 1, 1, 1, 1, 1]}}, {"type": "Feature", "geometry": {"type": "Point", "coordinates": [3.70354, 43.014099]}, "properties": {"var_data": [-0.228, 0.158, 0.105, 0.154, 1.832, -0.016, 1, 0, 1, 1, 1]}}, {"type": "Feature", "geometry": {"type": "Point", "coordinates": [3.73888, 43.014099]}, "properties": {"var_data": [-0.223, 0.16, 0.104, 0.155, 1.841, -0.016, 1, 0, 1, 1, 1]}}, {"type": "Feature", "geometry": {"type": "Point", "coordinates": [3.1381, 43.0411]}, "properties": {"var_data": [-0.246, -0.038, 0.061, 0.02, 1.031, -0.001, 1, 0, 1, 1, 1]}}, {"type": "Feature", "geometry": {"type": "Point", "coordinates": [3.17344, 43.0411]}, "properties": {"var_data": [-0.09, -0.073, 0.051, 0.018, 0.974, -0.001, 1, 0, 1, 1, 1]}}, {"type": "Feature", "geometry": {"type": "Point", "coordinates": [3.20878, 43.0411]}, "properties": {"var_data": [-0.118, -0.055, 0.065, 0.025, 0.898, -0.002, 1, 0, 1, 1, 1]}}, {"type": "Feature", "geometry": {"type": "Point", "coordinates": [3.24412, 43.0411]}, "properties": {"var_data": [0.01, -0.078, 0.074, 0.029, 0.884, -0.002, 1, 0, 1, 1, 1]}}, {"type": "Feature", "geometry": {"type": "Point", "coordinates": [3.27946, 43.0411]}, "properties": {"var_data": [-0.086, -0.066, 0.064, 0.031, 0.823, -0.002, 1, 0, 1, 1, 1]}}, {"type": "Feature", "geometry": {"type": "Point", "coordinates": [3.3148, 43.0411]}, "properties": {"var_data": [-0.102, -0.04, 0.044, 0.032, 0.707, -0.001, 1, 0, 1, 1, 1]}}, {"type": "Feature", "geometry": {"type": "Point", "coordinates": [3.35014, 43.0411]}, "properties": {"var_data": [-0.155, -0.014, 0.048, 0.036, 0.841, -0.002, 1, 1, 1, 1, 1]}}, {"type": "Feature", "geometry": {"type": "Point", "coordinates": [3.38548, 43.0411]}, "properties": {"var_data": [-0.116, -0.068, 0.022, 0.016, 0.7, -0.0, 1, 1, 1, 1, 1]}}, {"type": "Feature", "geometry": {"type": "Point", "coordinates": [3.42082, 43.0411]}, "properties": {"var_data": [-0.106, -0.091, 0.023, 0.017, 0.843, -0.0, 1, 1, 1, 1, 1]}}, {"type": "Feature", "geometry": {"type": "Point", "coordinates": [3.45616, 43.0411]}, "properties": {"var_data": [-0.031, -0.16, 0.024, 0.018, 0.963, -0.0, 1, 1, 1, 1, 1]}}, {"type": "Feature", "geometry": {"type": "Point", "coordinates": [3.4915, 43.0411]}, "properties": {"var_data": [0.017, -0.203, 0.025, 0.017, 0.949, -0.0, 1, 1, 1, 1, 1]}}, {"type": "Feature", "geometry": {"type": "Point", "coordinates": [3.52684, 43.0411]}, "properties": {"var_data": [0.146, -0.331, 0.078, 0.081, 1.807, -0.006, 1, 1, 1, 1, 1]}}, {"type": "Feature", "geometry": {"type": "Point", "coordinates": [3.56218, 43.0411]}, "properties": {"var_data": [0.084, -0.283, 0.055, 0.064, 1.592, -0.003, 1, 1, 1, 1, 1]}}, {"type": "Feature", "geometry": {"type": "Point", "coordinates": [3.6682, 43.0411]}, "properties": {"var_data": [-0.282, 0.222, 0.112, 0.161, 1.969, -0.018, 1, 1, 1, 1, 1]}}, {"type": "Feature", "geometry": {"type": "Point", "coordinates": [3.70354, 43.0411]}, "properties": {"var_data": [-0.246, 0.174, 0.113, 0.165, 1.887, -0.019, 1, 1, 1, 1, 1]}}, {"type": "Feature", "geometry": {"type": "Point", "coordinates": [3.1381, 43.0681]}, "properties": {"var_data": [-0.025, -0.119, 0.058, 0.019, 1.243, -0.001, 1, 0, 1, 1, 1]}}, {"type": "Feature", "geometry": {"type": "Point", "coordinates": [3.17344, 43.0681]}, "properties": {"var_data": [-0.001, -0.118, 0.054, 0.018, 1.008, -0.001, 1, 0, 1, 1, 1]}}, {"type": "Feature", "geometry": {"type": "Point", "coordinates": [3.20878, 43.0681]}, "properties": {"var_data": [-0.049, -0.095, 0.05, 0.017, 0.893, -0.001, 1, 0, 1, 1, 1]}}, {"type": "Feature", "geometry": {"type": "Point", "coordinates": [3.24412, 43.0681]}, "properties": {"var_data": [-0.15, -0.063, 0.077, 0.03, 0.927, -0.002, 1, 0, 1, 1, 1]}}, {"type": "Feature", "geometry": {"type": "Point", "coordinates": [3.27946, 43.0681]}, "properties": {"var_data": [-0.22, -0.027, 0.087, 0.043, 0.884, -0.004, 1, 0, 1, 1, 1]}}, {"type": "Feature", "geometry": {"type": "Point", "coordinates": [3.3148, 43.0681]}, "properties": {"var_data": [-0.154, -0.06, 0.058, 0.03, 0.833, -0.001, 1, 1, 1, 1, 1]}}, {"type": "Feature", "geometry": {"type": "Point", "coordinates": [3.35014, 43.0681]}, "properties": {"var_data": [-0.082, -0.088, 0.045, 0.034, 0.875, -0.001, 1, 1, 1, 1, 1]}}, {"type": "Feature", "geometry": {"type": "Point", "coordinates": [3.38548, 43.0681]}, "properties": {"var_data": [-0.064, -0.1, 0.04, 0.032, 0.818, -0.001, 1, 1, 1, 1, 1]}}, {"type": "Feature", "geometry": {"type": "Point", "coordinates": [3.42082, 43.0681]}, "properties": {"var_data": [-0.157, -0.068, 0.025, 0.018, 0.843, -0.0, 1, 1, 1, 1, 1]}}, {"type": "Feature", "geometry": {"type": "Point", "coordinates": [3.45616, 43.0681]}, "properties": {"var_data": [-0.069, -0.164, 0.075, 0.066, 1.33, -0.005, 1, 1, 1, 1, 1]}}, {"type": "Feature", "geometry": {"type": "Point", "coordinates": [3.4915, 43.0681]}, "properties": {"var_data": [-0.019, -0.19, 0.064, 0.058, 1.631, -0.004, 1, 1, 1, 1, 1]}}, {"type": "Feature", "geometry": {"type": "Point", "coordinates": [3.73888, 43.0681]}, "properties": {"var_data": [-0.207, 0.114, 0.065, 0.094, 1.956, -0.006, 1, 0, 1, 1, 1]}}, {"type": "Feature", "geometry": {"type": "Point", "coordinates": [3.77422, 43.0681]}, "properties": {"var_data": [-0.168, 0.087, 0.062, 0.091, 1.86, -0.006, 1, 0, 1, 1, 1]}}, {"type": "Feature", "geometry": {"type": "Point", "coordinates": [3.1381, 43.0951]}, "properties": {"var_data": [-0.113, -0.124, 0.064, 0.019, 1.368, -0.001, 1, 0, 1, 1, 1]}}, {"type": "Feature", "geometry": {"type": "Point", "coordinates": [3.17344, 43.0951]}, "properties": {"var_data": [-0.067, -0.121, 0.055, 0.018, 1.146, -0.001, 1, 0, 1, 1, 1]}}, {"type": "Feature", "geometry": {"type": "Point", "coordinates": [3.20878, 43.0951]}, "properties": {"var_data": [-0.126, -0.082, 0.052, 0.019, 0.975, -0.001, 1, 0, 1, 1, 1]}}, {"type": "Feature", "geometry": {"type": "Point", "coordinates": [3.24412, 43.0951]}, "properties": {"var_data": [-0.203, -0.06, 0.07, 0.028, 1.081, -0.002, 1, 0, 1, 1, 1]}}, {"type": "Feature", "geometry": {"type": "Point", "coordinates": [3.27946, 43.0951]}, "properties": {"var_data": [-0.297, -0.021, 0.102, 0.051, 1.126, -0.005, 1, 0, 1, 1, 1]}}, {"type": "Feature", "geometry": {"type": "Point", "coordinates": [3.3148, 43.0951]}, "properties": {"var_data": [-0.214, -0.037, 0.076, 0.04, 0.911, -0.003, 1, 1, 1, 1, 1]}}, {"type": "Feature", "geometry": {"type": "Point", "coordinates": [3.35014, 43.0951]}, "properties": {"var_data": [-0.191, -0.053, 0.092, 0.054, 1.059, -0.005, 1, 1, 1, 1, 1]}}, {"type": "Feature", "geometry": {"type": "Point", "coordinates": [3.38548, 43.0951]}, "properties": {"var_data": [-0.216, -0.056, 0.05, 0.039, 0.893, -0.002, 1, 1, 1, 1, 1]}}, {"type": "Feature", "geometry": {"type": "Point", "coordinates": [3.42082, 43.0951]}, "properties": {"var_data": [-0.065, -0.146, 0.065, 0.053, 1.163, -0.003, 1, 1, 1, 1, 1]}}, {"type": "Feature", "geometry": {"type": "Point", "coordinates": [3.45616, 43.0951]}, "properties": {"var_data": [-0.062, -0.169, 0.074, 0.065, 1.79, -0.005, 1, 1, 1, 1, 1]}}, {"type": "Feature", "geometry": {"type": "Point", "coordinates": [3.4915, 43.0951]}, "properties": {"var_data": [-0.064, -0.122, 0.073, 0.065, 1.804, -0.005, 1, 1, 1, 1, 1]}}, {"type": "Feature", "geometry": {"type": "Point", "coordinates": [3.70354, 43.0951]}, "properties": {"var_data": [-0.277, 0.155, 0.048, 0.065, 2.132, -0.003, 4, 0, 4, 1, 1]}}, {"type": "Feature", "geometry": {"type": "Point", "coordinates": [3.73888, 43.0951]}, "properties": {"var_data": [-0.278, 0.178, 0.014, 0.017, 1.579, -0.0, 1, 0, 1, 1, 1]}}, {"type": "Feature", "geometry": {"type": "Point", "coordinates": [3.77422, 43.0951]}, "properties": {"var_data": [-0.255, 0.172, 0.014, 0.018, 1.673, -0.0, 1, 0, 1, 1, 1]}}, {"type": "Feature", "geometry": {"type": "Point", "coordinates": [3.80956, 43.0951]}, "properties": {"var_data": [-0.196, 0.135, 0.014, 0.017, 1.489, -0.0, 1, 0, 1, 1, 1]}}, {"type": "Feature", "geometry": {"type": "Point", "coordinates": [3.17344, 43.122101]}, "properties": {"var_data": [-0.005, -0.145, 0.071, 0.024, 1.543, -0.002, 1, 0, 1, 1, 1]}}, {"type": "Feature", "geometry": {"type": "Point", "coordinates": [3.20878, 43.122101]}, "properties": {"var_data": [-0.143, -0.088, 0.061, 0.022, 1.116, -0.001, 1, 0, 1, 1, 1]}}, {"type": "Feature", "geometry": {"type": "Point", "coordinates": [3.24412, 43.122101]}, "properties": {"var_data": [-0.357, -0.016, 0.109, 0.046, 1.355, -0.005, 1, 0, 1, 1, 1]}}, {"type": "Feature", "geometry": {"type": "Point", "coordinates": [3.27946, 43.122101]}, "properties": {"var_data": [-0.36, -0.011, 0.09, 0.044, 1.213, -0.004, 1, 0, 1, 1, 1]}}, {"type": "Feature", "geometry": {"type": "Point", "coordinates": [3.3148, 43.122101]}, "properties": {"var_data": [-0.245, -0.05, 0.068, 0.037, 0.999, -0.002, 1, 1, 1, 1, 1]}}, {"type": "Feature", "geometry": {"type": "Point", "coordinates": [3.35014, 43.122101]}, "properties": {"var_data": [-0.234, -0.056, 0.082, 0.047, 1.16, -0.004, 1, 1, 1, 1, 1]}}, {"type": "Feature", "geometry": {"type": "Point", "coordinates": [3.38548, 43.122101]}, "properties": {"var_data": [-0.16, -0.048, 0.091, 0.054, 1.152, -0.005, 1, 1, 1, 1, 1]}}, {"type": "Feature", "geometry": {"type": "Point", "coordinates": [3.42082, 43.122101]}, "properties": {"var_data": [-0.076, -0.102, 0.047, 0.035, 1.185, -0.002, 1, 1, 1, 1, 1]}}, {"type": "Feature", "geometry": {"type": "Point", "coordinates": [3.45616, 43.122101]}, "properties": {"var_data": [-0.051, -0.108, 0.098, 0.082, 2.017, -0.008, 4, 1, 4, 1, 1]}}, {"type": "Feature", "geometry": {"type": "Point", "coordinates": [3.70354, 43.122101]}, "properties": {"var_data": [-0.253, 0.137, 0.048, 0.066, 2.24, -0.003, 4, 0, 4, 1, 1]}}, {"type": "Feature", "geometry": {"type": "Point", "coordinates": [3.73888, 43.122101]}, "properties": {"var_data": [-0.229, 0.157, 0.014, 0.017, 1.635, -0.0, 1, 0, 1, 1, 1]}}, {"type": "Feature", "geometry": {"type": "Point", "coordinates": [3.77422, 43.122101]}, "properties": {"var_data": [-0.199, 0.152, 0.014, 0.018, 1.662, -0.0, 1, 0, 1, 1, 1]}}, {"type": "Feature", "geometry": {"type": "Point", "coordinates": [3.80956, 43.122101]}, "properties": {"var_data": [-0.236, 0.164, 0.022, 0.019, 1.67, -0.0, 1, 0, 1, 1, 1]}}, {"type": "Feature", "geometry": {"type": "Point", "coordinates": [3.20878, 43.149101]}, "properties": {"var_data": [-0.26, -0.05, 0.088, 0.032, 1.46, -0.003, 1, 0, 1, 1, 1]}}, {"type": "Feature", "geometry": {"type": "Point", "coordinates": [3.24412, 43.149101]}, "properties": {"var_data": [-0.405, -0.003, 0.124, 0.049, 1.527, -0.006, 1, 0, 1, 1, 1]}}, {"type": "Feature", "geometry": {"type": "Point", "coordinates": [3.27946, 43.149101]}, "properties": {"var_data": [-0.376, -0.001, 0.074, 0.034, 1.378, -0.002, 1, 0, 1, 1, 1]}}, {"type": "Feature", "geometry": {"type": "Point", "coordinates": [3.3148, 43.149101]}, "properties": {"var_data": [-0.409, 0.04, 0.074, 0.037, 1.129, -0.003, 1, 0, 1, 1, 1]}}, {"type": "Feature", "geometry": {"type": "Point", "coordinates": [3.35014, 43.149101]}, "properties": {"var_data": [-0.361, 0.008, 0.067, 0.034, 1.146, -0.002, 1, 0, 1, 1, 1]}}, {"type": "Feature", "geometry": {"type": "Point", "coordinates": [3.38548, 43.149101]}, "properties": {"var_data": [-0.286, 0.054, 0.1, 0.059, 1.168, -0.006, 1, 1, 1, 1, 1]}}, {"type": "Feature", "geometry": {"type": "Point", "coordinates": [3.42082, 43.149101]}, "properties": {"var_data": [-0.301, 0.088, 0.087, 0.055, 1.427, -0.005, 1, 1, 1, 1, 1]}}, {"type": "Feature", "geometry": {"type": "Point", "coordinates": [3.73888, 43.149101]}, "properties": {"var_data": [-0.178, 0.137, 0.018, 0.019, 1.818, -0.0, 1, 0, 1, 1, 1]}}, {"type": "Feature", "geometry": {"type": "Point", "coordinates": [3.24412, 43.176102]}, "properties": {"var_data": [-0.346, -0.04, 0.133, 0.052, 1.86, -0.007, 1, 0, 1, 1, 1]}}, {"type": "Feature", "geometry": {"type": "Point", "coordinates": [3.27946, 43.176102]}, "properties": {"var_data": [-0.304, -0.046, 0.083, 0.036, 1.802, -0.003, 1, 0, 1, 1, 1]}}, {"type": "Feature", "geometry": {"type": "Point", "coordinates": [3.3148, 43.176102]}, "properties": {"var_data": [-0.394, 0.022, 0.054, 0.025, 1.133, -0.001, 1, 0, 1, 1, 1]}}, {"type": "Feature", "geometry": {"type": "Point", "coordinates": [3.35014, 43.176102]}, "properties": {"var_data": [-0.378, 0.06, 0.067, 0.034, 1.297, -0.002, 1, 0, 1, 1, 1]}}, {"type": "Feature", "geometry": {"type": "Point", "coordinates": [3.38548, 43.176102]}, "properties": {"var_data": [-0.248, 0.041, 0.068, 0.035, 1.121, -0.002, 1, 1, 1, 1, 1]}}, {"type": "Feature", "geometry": {"type": "Point", "coordinates": [3.42082, 43.176102]}, "properties": {"var_data": [-0.207, 0.051, 0.105, 0.061, 1.201, -0.006, 1, 1, 1, 1, 1]}}, {"type": "Feature", "geometry": {"type": "Point", "coordinates": [3.45616, 43.176102]}, "properties": {"var_data": [-0.028, -0.042, 0.169, 0.101, 2.127, -0.017, 4, 1, 4, 1, 1]}}, {"type": "Feature", "geometry": {"type": "Point", "coordinates": [3.4915, 43.176102]}, "properties": {"var_data": [-0.149, 0.026, 0.152, 0.125, 2.033, -0.019, 4, 1, 4, 1, 1]}}, {"type": "Feature", "geometry": {"type": "Point", "coordinates": [3.52684, 43.176102]}, "properties": {"var_data": [-0.149, -0.001, 0.152, 0.126, 2.019, -0.019, 4, 1, 4, 1, 1]}}, {"type": "Feature", "geometry": {"type": "Point", "coordinates": [3.27946, 43.203098]}, "properties": {"var_data": [-0.14, -0.062, 0.086, 0.038, 2.378, -0.003, 4, 0, 4, 1, 1]}}, {"type": "Feature", "geometry": {"type": "Point", "coordinates": [3.3148, 43.203098]}, "properties": {"var_data": [-0.317, 0.022, 0.074, 0.033, 1.558, -0.002, 1, 0, 1, 1, 1]}}, {"type": "Feature", "geometry": {"type": "Point", "coordinates": [3.35014, 43.203098]}, "properties": {"var_data": [-0.255, 0.028, 0.067, 0.034, 1.343, -0.002, 1, 0, 1, 1, 1]}}, {"type": "Feature", "geometry": {"type": "Point", "coordinates": [3.38548, 43.203098]}, "properties": {"var_data": [-0.23, 0.028, 0.076, 0.038, 1.429, -0.003, 1, 0, 1, 1, 1]}}, {"type": "Feature", "geometry": {"type": "Point", "coordinates": [3.42082, 43.203098]}, "properties": {"var_data": [-0.124, 0.011, 0.081, 0.047, 1.083, -0.004, 1, 1, 1, 1, 1]}}, {"type": "Feature", "geometry": {"type": "Point", "coordinates": [3.45616, 43.203098]}, "properties": {"var_data": [-0.049, -0.047, 0.216, 0.127, 2.399, -0.027, 4, 1, 4, 1, 1]}}, {"type": "Feature", "geometry": {"type": "Point", "coordinates": [3.4915, 43.203098]}, "properties": {"var_data": [-0.198, 0.029, 0.154, 0.126, 2.127, -0.019, 4, 1, 4, 1, 1]}}], "metadata": {"acknowledgment": "ICATMAR HF Radar Network has been established with the support of the European Maritime and Fisheries Fund, the European Maritime, Fisheries and Aquaculture Fund, the Government of Catalonia and funds from the Interreg POCTEFA AFLE program through the OPALE project (EFA146/03, 2025-2027). The network has been designed, implemented and managed through the efforts of: the Direcci\u00f3 General de Pol\u00edtica Mar\u00edtima i Pesca Sostenible (Government of Catalonia), the Institut de Ci\u00e8ncies del Mar (CSIC, Barcelona), and Centre de Formation et de Recherche sur l'Environnement Marin (CEFREM, Perpignan).", "area": "Mediterranean Sea", "citation": "These data were collected and made freely available by ICATMAR and the programs that contribute to it. Data was collected by the Government of Catalonia and CEFREM (France), and processed by ICATMAR with the support of the European Maritime, Fisheries and Aquaculture Fund (EMFAF) and the Climatic Funds Program of the Government of Catalonia.", "Conventions": "CF-1.10", "date_created": "2026-08-31T16:45:40Z", "date_modified": "2026-08-31T16:45:40Z", "distribution_statement": "These data follow Copernicus standards; they are public and free of charge. User assumes all risk for use of data. User must display citation in any publication or product using data. User must contact ICATMAR prior to any commercial use of data.", "doi": "https://doi.org/10.20350/digitalCSIC/18102", "dataset_version": "v2", "geospatial_lat_min": "39.5851", "geospatial_lat_max": "43.4731", "geospatial_lat_resolution": "0.027", "geospatial_lat_units": "degrees_north", "geospatial_lon_min": "0.06352", "geospatial_lon_max": "4.26898", "geospatial_lon_resolution": "0.03534", "geospatial_lon_units": "degrees_east", "geospatial_vertical_min": "0", "geospatial_vertical_max": "0.75", "geospatial_vertical_units": "m", "history": "2026-08-31T16:45:40Z data collected.2026-08-31T16:45:40Z NetCDF file created", "id": "HFR_ICATMAR_Total_2026-08-31T16:45:40Z", "institution": "Catalan Institute of Research for the Governance of the Sea", "institution_edmo_code": "5801", "L2_source_files": "RDLm_CREU_2026_08_31_1400_l2b.ruv; RDLm_BEGU_2026_08_31_1400_l2b.ruv; RDLm_AREN_2026_08_31_1400_l2b.ruv; RDLm_PBCN_2026_08_31_1400_l2b.ruv; RDLm_GNST_2026_08_31_1400_l2b.ruv; RDLm_TOSS_2026_08_31_1400_l2b.ruv; RDLm_SCAL_2026_08_31_1400_l2b.ruv; RDLm_CNET_2026_08_31_1400_l2b.ruv", "license": "HF radar sea surface current velocity dataset by ICATMAR is licensed under a Creative Commons Attribution 4.0 International License. You should have received a copy of the license along with this work. If not, see http://creativecommons.org/licenses/by/4.0/.", "processing_level": "3B", "publisher_name": "ICATMAR", "publisher_email": "info@icatmar.cat", "publisher_url": "https://icatmar.cat", "references": "Quir\u00f3s-Collazos, L.; Bueno-Herrero, C.; Mart\u00ednez, J.; Llorach-T\u00f3, G.; Gonz\u00e1lez-Haro, C.; Ribera-Altamir, J.; Ballabrera, J.; Garc\u00eda-Ladona, E.; Isern-Fontanet, J.: Level 3 velocity products from ICATMAR High-Frequency Radar network. 2024, ICATMAR Technical Report, number 3, pp:27. https://doi.org/10.20350/digitalCSIC/17191", "radials_combination_software": "merge_radials version 0.6 release 2026-02-23", "radials_combination_method": "unweighted least squares", "radials_combination_averaging_radius": "6100 m", "radials_combination_distance_method": "haversine version 1.0 release 2023-02-27 as defined in merge_radials 0.6", "radials_combination_grid": "hfradar_totals_grid_icatmar.nc version 2.1 release 2026-03-05", "source": "Surface ocean velocity field from HF-radar", "time_coverage_start": "2026-08-31T13:25:00Z", "time_coverage_end": "2026-08-31T14:40:00Z", "time_coverage_resolution": "PT1H", "title": "Near Real Time Surface Ocean Velocity", "var_names": ["u", "v", "stdu", "stdv", "gdop", "cov", "qcflag", "vart_qc", "gdop_qc", "ddns_qc", "cspd_qc"], "var_lnames": ["Surface Eastward Sea Water Velocity", "Surface Nortward Sea Water Velocity", "Standard Deviation Of Surface Eastward Sea Water Velocity", "Standard Deviation Of Surface Northward Sea Water Velocity", "Geometrical Dilution Of Precision", "Covariance Of Surface Sea Water Velocity", "Overall quality flag", "Variance threshold quality flag", "GDOP threshold quality flag", "Data density threshold quality flag", "Velocity threshold quality flag"], "var_units": ["m s-1", "m s-1", "m s-1", "m s-1", "1", "m2 s-2", "1", "1", "1", "1", "1"], "var_time": "2026-08-31T14:00:00Z"}}