{"type": "FeatureCollection", "features": [{"type": "Feature", "geometry": {"type": "Point", "coordinates": [1.44178, 40.503101]}, "properties": {"var_data": [0.902, -0.709, 0.36, 0.158, 3.924, -0.055, 4, 1, 4, 1, 1]}}, {"type": "Feature", "geometry": {"type": "Point", "coordinates": [1.68916, 40.503101]}, "properties": {"var_data": [0.361, -0.298, 0.443, 0.085, 3.009, -0.038, 4, 4, 4, 1, 1]}}, {"type": "Feature", "geometry": {"type": "Point", "coordinates": [1.7245, 40.503101]}, "properties": {"var_data": [0.394, -0.267, 0.448, 0.086, 3.013, -0.038, 4, 4, 4, 1, 1]}}, {"type": "Feature", "geometry": {"type": "Point", "coordinates": [1.1944, 40.530102]}, "properties": {"var_data": [1.594, -1.372, 1.397, 0.987, 5.073, -1.376, 4, 4, 4, 4, 4]}}, {"type": "Feature", "geometry": {"type": "Point", "coordinates": [1.22974, 40.530102]}, "properties": {"var_data": [1.62, -1.39, 1.249, 0.88, 4.496, -1.096, 4, 4, 4, 1, 4]}}, {"type": "Feature", "geometry": {"type": "Point", "coordinates": [1.26508, 40.530102]}, "properties": {"var_data": [1.632, -1.33, 2.062, 1.469, 4.507, -3.025, 4, 0, 4, 4, 4]}}, {"type": "Feature", "geometry": {"type": "Point", "coordinates": [1.40644, 40.530102]}, "properties": {"var_data": [0.587, -0.633, 0.326, 0.137, 3.747, -0.043, 4, 0, 4, 1, 1]}}, {"type": "Feature", "geometry": {"type": "Point", "coordinates": [1.44178, 40.530102]}, "properties": {"var_data": [0.751, -0.628, 0.359, 0.158, 3.594, -0.055, 4, 1, 4, 1, 1]}}, {"type": "Feature", "geometry": {"type": "Point", "coordinates": [1.47712, 40.530102]}, "properties": {"var_data": [0.723, -0.608, 0.366, 0.161, 3.622, -0.057, 4, 1, 4, 1, 1]}}, {"type": "Feature", "geometry": {"type": "Point", "coordinates": [1.65382, 40.530102]}, "properties": {"var_data": [0.816, -0.383, 0.674, 0.13, 3.397, -0.087, 4, 4, 4, 1, 1]}}, {"type": "Feature", "geometry": {"type": "Point", "coordinates": [1.68916, 40.530102]}, "properties": {"var_data": [0.603, -0.318, 0.383, 0.074, 1.935, -0.028, 4, 4, 1, 1, 1]}}, {"type": "Feature", "geometry": {"type": "Point", "coordinates": [1.7245, 40.530102]}, "properties": {"var_data": [0.562, -0.278, 0.399, 0.077, 1.907, -0.031, 4, 4, 1, 1, 1]}}, {"type": "Feature", "geometry": {"type": "Point", "coordinates": [1.75984, 40.530102]}, "properties": {"var_data": [0.49, -0.253, 0.419, 0.08, 1.893, -0.034, 4, 4, 1, 1, 1]}}, {"type": "Feature", "geometry": {"type": "Point", "coordinates": [1.15906, 40.557098]}, "properties": {"var_data": [2.021, -1.608, 1.29, 0.909, 6.529, -1.169, 4, 1, 4, 4, 4]}}, {"type": "Feature", "geometry": {"type": "Point", "coordinates": [1.1944, 40.557098]}, "properties": {"var_data": [2.021, -1.608, 1.29, 0.909, 6.529, -1.169, 4, 1, 4, 4, 4]}}, {"type": "Feature", "geometry": {"type": "Point", "coordinates": [1.22974, 40.557098]}, "properties": {"var_data": [1.625, -1.367, 1.105, 0.775, 4.49, -0.853, 4, 4, 4, 1, 4]}}, {"type": "Feature", "geometry": {"type": "Point", "coordinates": [1.26508, 40.557098]}, "properties": {"var_data": [1.635, -1.316, 1.532, 1.086, 4.497, -1.66, 4, 4, 4, 1, 4]}}, {"type": "Feature", "geometry": {"type": "Point", "coordinates": [1.3711, 40.557098]}, "properties": {"var_data": [0.87, -0.714, 0.433, 0.192, 3.888, -0.081, 4, 0, 4, 1, 1]}}, {"type": "Feature", "geometry": {"type": "Point", "coordinates": [1.40644, 40.557098]}, "properties": {"var_data": [0.909, -0.676, 0.361, 0.159, 3.795, -0.055, 4, 1, 4, 1, 1]}}, {"type": "Feature", "geometry": {"type": "Point", "coordinates": [1.44178, 40.557098]}, "properties": {"var_data": [0.834, -0.65, 0.338, 0.155, 2.709, -0.051, 4, 1, 4, 1, 1]}}, {"type": "Feature", "geometry": {"type": "Point", "coordinates": [1.47712, 40.557098]}, "properties": {"var_data": [1.06, -0.778, 0.557, 0.264, 2.786, -0.146, 4, 4, 4, 1, 1]}}, {"type": "Feature", "geometry": {"type": "Point", "coordinates": [1.51246, 40.557098]}, "properties": {"var_data": [0.627, -0.548, 0.389, 0.181, 2.569, -0.068, 4, 1, 4, 1, 1]}}, {"type": "Feature", "geometry": {"type": "Point", "coordinates": [1.61848, 40.557098]}, "properties": {"var_data": [1.204, -0.513, 0.688, 0.142, 3.388, -0.064, 4, 4, 4, 1, 1]}}, {"type": "Feature", "geometry": {"type": "Point", "coordinates": [1.65382, 40.557098]}, "properties": {"var_data": [1.054, -0.407, 0.513, 0.099, 1.91, -0.051, 1, 1, 1, 1, 1]}}, {"type": "Feature", "geometry": {"type": "Point", "coordinates": [1.68916, 40.557098]}, "properties": {"var_data": [0.923, -0.344, 0.324, 0.062, 1.799, -0.02, 1, 1, 1, 1, 1]}}, {"type": "Feature", "geometry": {"type": "Point", "coordinates": [1.7245, 40.557098]}, "properties": {"var_data": [0.815, -0.287, 0.314, 0.06, 1.516, -0.019, 1, 1, 1, 1, 1]}}, {"type": "Feature", "geometry": {"type": "Point", "coordinates": [1.75984, 40.557098]}, "properties": {"var_data": [0.839, -0.26, 0.312, 0.059, 1.519, -0.018, 4, 4, 1, 1, 1]}}, {"type": "Feature", "geometry": {"type": "Point", "coordinates": [1.79518, 40.557098]}, "properties": {"var_data": [0.613, -0.126, 1.301, 0.137, 2.3, -0.173, 4, 4, 4, 1, 1]}}, {"type": "Feature", "geometry": {"type": "Point", "coordinates": [1.83052, 40.557098]}, "properties": {"var_data": [0.713, -0.116, 0.297, 0.026, 1.499, -0.004, 4, 4, 1, 1, 1]}}, {"type": "Feature", "geometry": {"type": "Point", "coordinates": [1.86586, 40.557098]}, "properties": {"var_data": [0.554, -0.09, 0.304, 0.028, 1.889, 0.001, 4, 4, 1, 1, 1]}}, {"type": "Feature", "geometry": {"type": "Point", "coordinates": [1.9012, 40.557098]}, "properties": {"var_data": [0.434, -0.138, 0.169, 0.015, 1.606, 0.002, 4, 4, 1, 1, 1]}}, {"type": "Feature", "geometry": {"type": "Point", "coordinates": [1.93654, 40.557098]}, "properties": {"var_data": [0.389, -0.19, 0.205, 0.018, 1.956, 0.003, 1, 1, 1, 1, 1]}}, {"type": "Feature", "geometry": {"type": "Point", "coordinates": [1.97188, 40.557098]}, "properties": {"var_data": [0.575, -0.173, 0.213, 0.019, 1.632, 0.003, 1, 1, 1, 1, 1]}}, {"type": "Feature", "geometry": {"type": "Point", "coordinates": [2.00722, 40.557098]}, "properties": {"var_data": [0.576, -0.157, 0.208, 0.019, 1.685, 0.003, 1, 1, 1, 1, 1]}}, {"type": "Feature", "geometry": {"type": "Point", "coordinates": [1.1944, 40.584099]}, "properties": {"var_data": [2.099, -1.664, 0.821, 0.565, 6.16, -0.46, 4, 4, 4, 1, 4]}}, {"type": "Feature", "geometry": {"type": "Point", "coordinates": [1.22974, 40.584099]}, "properties": {"var_data": [1.835, -1.521, 0.758, 0.533, 3.964, -0.403, 4, 4, 4, 1, 4]}}, {"type": "Feature", "geometry": {"type": "Point", "coordinates": [1.26508, 40.584099]}, "properties": {"var_data": [1.079, -1.029, 0.098, 0.069, 2.946, -0.007, 4, 4, 4, 1, 1]}}, {"type": "Feature", "geometry": {"type": "Point", "coordinates": [1.30042, 40.584099]}, "properties": {"var_data": [0.437, -0.635, 0.098, 0.069, 2.658, -0.007, 4, 1, 4, 1, 1]}}, {"type": "Feature", "geometry": {"type": "Point", "coordinates": [1.33576, 40.584099]}, "properties": {"var_data": [0.375, -0.544, 0.195, 0.092, 3.248, -0.017, 4, 0, 4, 1, 1]}}, {"type": "Feature", "geometry": {"type": "Point", "coordinates": [1.40644, 40.584099]}, "properties": {"var_data": [0.949, -0.72, 0.361, 0.185, 2.322, -0.066, 4, 4, 4, 1, 1]}}, {"type": "Feature", "geometry": {"type": "Point", "coordinates": [1.44178, 40.584099]}, "properties": {"var_data": [0.972, -0.728, 0.536, 0.253, 2.754, -0.134, 4, 4, 4, 1, 1]}}, {"type": "Feature", "geometry": {"type": "Point", "coordinates": [1.47712, 40.584099]}, "properties": {"var_data": [0.99, -0.738, 0.576, 0.273, 2.786, -0.156, 4, 4, 4, 1, 1]}}, {"type": "Feature", "geometry": {"type": "Point", "coordinates": [1.51246, 40.584099]}, "properties": {"var_data": [0.667, -0.565, 0.465, 0.218, 2.648, -0.099, 4, 1, 4, 1, 1]}}, {"type": "Feature", "geometry": {"type": "Point", "coordinates": [1.5478, 40.584099]}, "properties": {"var_data": [0.78, -0.487, 0.421, 0.153, 3.023, -0.062, 4, 1, 4, 1, 1]}}, {"type": "Feature", "geometry": {"type": "Point", "coordinates": [1.58314, 40.584099]}, "properties": {"var_data": [0.741, -0.427, 0.374, 0.133, 2.276, -0.047, 4, 1, 4, 1, 1]}}, {"type": "Feature", "geometry": {"type": "Point", "coordinates": [1.61848, 40.584099]}, "properties": {"var_data": [0.834, -0.403, 0.645, 0.159, 2.498, -0.086, 4, 1, 4, 1, 1]}}, {"type": "Feature", "geometry": {"type": "Point", "coordinates": [1.65382, 40.584099]}, "properties": {"var_data": [0.662, -0.293, 0.291, 0.056, 1.469, -0.016, 1, 1, 1, 1, 1]}}, {"type": "Feature", "geometry": {"type": "Point", "coordinates": [1.68916, 40.584099]}, "properties": {"var_data": [0.711, -0.274, 0.271, 0.052, 1.335, -0.014, 1, 1, 1, 1, 1]}}, {"type": "Feature", "geometry": {"type": "Point", "coordinates": [1.7245, 40.584099]}, "properties": {"var_data": [0.721, -0.23, 0.259, 0.05, 1.304, -0.013, 1, 1, 1, 1, 1]}}, {"type": "Feature", "geometry": {"type": "Point", "coordinates": [1.75984, 40.584099]}, "properties": {"var_data": [0.819, -0.232, 0.222, 0.042, 1.389, -0.009, 1, 1, 1, 1, 1]}}, {"type": "Feature", "geometry": {"type": "Point", "coordinates": [1.79518, 40.584099]}, "properties": {"var_data": [0.467, -0.118, 0.065, 0.022, 1.771, 0.001, 4, 4, 1, 1, 1]}}, {"type": "Feature", "geometry": {"type": "Point", "coordinates": [1.83052, 40.584099]}, "properties": {"var_data": [0.711, -0.103, 0.053, 0.016, 1.397, 0.001, 4, 4, 1, 1, 1]}}, {"type": "Feature", "geometry": {"type": "Point", "coordinates": [1.86586, 40.584099]}, "properties": {"var_data": [0.614, -0.07, 0.069, 0.022, 1.585, 0.001, 1, 1, 1, 1, 1]}}, {"type": "Feature", "geometry": {"type": "Point", "coordinates": [1.9012, 40.584099]}, "properties": {"var_data": [0.643, -0.095, 0.168, 0.014, 1.429, 0.002, 1, 1, 1, 1, 1]}}, {"type": "Feature", "geometry": {"type": "Point", "coordinates": [1.93654, 40.584099]}, "properties": {"var_data": [0.559, -0.073, 0.186, 0.016, 1.989, 0.002, 1, 1, 1, 1, 1]}}, {"type": "Feature", "geometry": {"type": "Point", "coordinates": [1.97188, 40.584099]}, "properties": {"var_data": [0.799, -0.028, 0.212, 0.019, 1.696, 0.003, 1, 1, 1, 1, 1]}}, {"type": "Feature", "geometry": {"type": "Point", "coordinates": [2.00722, 40.584099]}, "properties": {"var_data": [0.744, -0.047, 0.206, 0.019, 1.581, 0.003, 1, 1, 1, 1, 1]}}, {"type": "Feature", "geometry": {"type": "Point", "coordinates": [2.04256, 40.584099]}, "properties": {"var_data": [1.238, 0.159, 0.743, 0.133, 1.776, 0.092, 1, 1, 1, 1, 1]}}, {"type": "Feature", "geometry": {"type": "Point", "coordinates": [2.0779, 40.584099]}, "properties": {"var_data": [1.132, 0.112, 0.714, 0.135, 1.955, 0.089, 1, 1, 1, 1, 1]}}, {"type": "Feature", "geometry": {"type": "Point", "coordinates": [1.1944, 40.611099]}, "properties": {"var_data": [2.282, -1.795, 0.781, 0.535, 5.967, -0.415, 4, 4, 4, 1, 4]}}, {"type": "Feature", "geometry": {"type": "Point", "coordinates": [1.22974, 40.611099]}, "properties": {"var_data": [1.437, -1.295, 0.714, 0.511, 3.445, -0.365, 4, 4, 4, 1, 4]}}, {"type": "Feature", "geometry": {"type": "Point", "coordinates": [1.26508, 40.611099]}, "properties": {"var_data": [0.936, -1.0, 0.098, 0.069, 3.115, -0.007, 4, 4, 4, 1, 1]}}, {"type": "Feature", "geometry": {"type": "Point", "coordinates": [1.30042, 40.611099]}, "properties": {"var_data": [0.526, -0.642, 0.098, 0.07, 2.512, -0.007, 4, 1, 4, 1, 1]}}, {"type": "Feature", "geometry": {"type": "Point", "coordinates": [1.33576, 40.611099]}, "properties": {"var_data": [0.422, -0.572, 0.098, 0.069, 2.218, -0.007, 4, 4, 4, 1, 1]}}, {"type": "Feature", "geometry": {"type": "Point", "coordinates": [1.3711, 40.611099]}, "properties": {"var_data": [0.651, -0.598, 0.259, 0.116, 3.334, -0.029, 4, 1, 4, 1, 1]}}, {"type": "Feature", "geometry": {"type": "Point", "coordinates": [1.40644, 40.611099]}, "properties": {"var_data": [0.787, -0.639, 0.253, 0.128, 2.629, -0.031, 4, 1, 4, 1, 1]}}, {"type": "Feature", "geometry": {"type": "Point", "coordinates": [1.44178, 40.611099]}, "properties": {"var_data": [0.786, -0.645, 0.255, 0.13, 2.636, -0.032, 4, 1, 4, 1, 1]}}, {"type": "Feature", "geometry": {"type": "Point", "coordinates": [1.47712, 40.611099]}, "properties": {"var_data": [0.951, -0.692, 0.345, 0.151, 3.641, -0.05, 4, 4, 4, 1, 1]}}, {"type": "Feature", "geometry": {"type": "Point", "coordinates": [1.51246, 40.611099]}, "properties": {"var_data": [0.44, -0.407, 0.392, 0.167, 2.164, -0.064, 4, 1, 4, 1, 1]}}, {"type": "Feature", "geometry": {"type": "Point", "coordinates": [1.5478, 40.611099]}, "properties": {"var_data": [0.799, -0.394, 0.38, 0.143, 1.991, -0.054, 1, 1, 1, 1, 1]}}, {"type": "Feature", "geometry": {"type": "Point", "coordinates": [1.58314, 40.611099]}, "properties": {"var_data": [0.52, -0.307, 0.288, 0.107, 1.554, -0.03, 1, 1, 1, 1, 1]}}, {"type": "Feature", "geometry": {"type": "Point", "coordinates": [1.61848, 40.611099]}, "properties": {"var_data": [0.529, -0.289, 0.209, 0.064, 1.486, -0.013, 1, 1, 1, 1, 1]}}, {"type": "Feature", "geometry": {"type": "Point", "coordinates": [1.65382, 40.611099]}, "properties": {"var_data": [0.623, -0.252, 0.176, 0.048, 1.269, -0.008, 1, 1, 1, 1, 1]}}, {"type": "Feature", "geometry": {"type": "Point", "coordinates": [1.68916, 40.611099]}, "properties": {"var_data": [0.619, -0.237, 0.16, 0.042, 1.219, -0.007, 1, 1, 1, 1, 1]}}, {"type": "Feature", "geometry": {"type": "Point", "coordinates": [1.7245, 40.611099]}, "properties": {"var_data": [0.633, -0.216, 0.272, 0.052, 1.469, -0.013, 1, 1, 1, 1, 1]}}, {"type": "Feature", "geometry": {"type": "Point", "coordinates": [1.75984, 40.611099]}, "properties": {"var_data": [0.68, -0.191, 0.249, 0.043, 1.469, -0.01, 1, 1, 1, 1, 1]}}, {"type": "Feature", "geometry": {"type": "Point", "coordinates": [1.79518, 40.611099]}, "properties": {"var_data": [0.49, -0.134, 0.058, 0.019, 1.394, 0.001, 1, 1, 1, 1, 1]}}, {"type": "Feature", "geometry": {"type": "Point", "coordinates": [1.83052, 40.611099]}, "properties": {"var_data": [0.484, -0.084, 0.049, 0.015, 1.281, 0.001, 1, 1, 1, 1, 1]}}, {"type": "Feature", "geometry": {"type": "Point", "coordinates": [1.86586, 40.611099]}, "properties": {"var_data": [0.689, -0.045, 0.053, 0.016, 1.298, 0.001, 1, 1, 1, 1, 1]}}, {"type": "Feature", "geometry": {"type": "Point", "coordinates": [1.9012, 40.611099]}, "properties": {"var_data": [0.721, -0.014, 0.048, 0.011, 1.459, 0.0, 1, 1, 1, 1, 1]}}, {"type": "Feature", "geometry": {"type": "Point", "coordinates": [1.93654, 40.611099]}, "properties": {"var_data": [0.721, -0.027, 0.163, 0.016, 1.452, 0.002, 1, 1, 1, 1, 1]}}, {"type": "Feature", "geometry": {"type": "Point", "coordinates": [1.97188, 40.611099]}, "properties": {"var_data": [0.723, 0.03, 0.17, 0.017, 1.544, 0.002, 1, 1, 1, 1, 1]}}, {"type": "Feature", "geometry": {"type": "Point", "coordinates": [2.00722, 40.611099]}, "properties": {"var_data": [1.075, 0.081, 0.255, 0.022, 1.653, 0.005, 4, 4, 1, 1, 1]}}, {"type": "Feature", "geometry": {"type": "Point", "coordinates": [2.04256, 40.611099]}, "properties": {"var_data": [1.397, 0.228, 0.43, 0.105, 1.521, 0.045, 1, 1, 1, 1, 1]}}, {"type": "Feature", "geometry": {"type": "Point", "coordinates": [2.0779, 40.611099]}, "properties": {"var_data": [1.389, 0.211, 0.465, 0.113, 1.647, 0.053, 1, 1, 1, 1, 1]}}, {"type": "Feature", "geometry": {"type": "Point", "coordinates": [2.11324, 40.611099]}, "properties": {"var_data": [1.154, 0.206, 0.737, 0.183, 2.158, 0.134, 4, 4, 4, 1, 1]}}, {"type": "Feature", "geometry": {"type": "Point", "coordinates": [1.22974, 40.6381]}, "properties": {"var_data": [1.579, -1.401, 0.644, 0.461, 4.35, -0.297, 4, 4, 4, 1, 4]}}, {"type": "Feature", "geometry": {"type": "Point", "coordinates": [1.26508, 40.6381]}, "properties": {"var_data": [1.056, -1.07, 0.097, 0.069, 2.831, -0.007, 4, 4, 4, 1, 1]}}, {"type": "Feature", "geometry": {"type": "Point", "coordinates": [1.30042, 40.6381]}, "properties": {"var_data": [0.821, -0.904, 0.097, 0.069, 2.485, -0.007, 4, 4, 4, 1, 1]}}, {"type": "Feature", "geometry": {"type": "Point", "coordinates": [1.33576, 40.6381]}, "properties": {"var_data": [0.457, -0.567, 0.095, 0.068, 2.248, -0.006, 4, 1, 4, 1, 1]}}, {"type": "Feature", "geometry": {"type": "Point", "coordinates": [1.3711, 40.6381]}, "properties": {"var_data": [0.365, -0.482, 0.097, 0.068, 2.641, -0.007, 4, 1, 4, 1, 1]}}, {"type": "Feature", "geometry": {"type": "Point", "coordinates": [1.40644, 40.6381]}, "properties": {"var_data": [0.796, -0.678, 0.257, 0.136, 3.144, -0.033, 4, 1, 4, 1, 1]}}, {"type": "Feature", "geometry": {"type": "Point", "coordinates": [1.44178, 40.6381]}, "properties": {"var_data": [0.672, -0.583, 0.25, 0.126, 2.637, -0.031, 4, 1, 4, 1, 1]}}, {"type": "Feature", "geometry": {"type": "Point", "coordinates": [1.47712, 40.6381]}, "properties": {"var_data": [0.786, -0.605, 0.337, 0.146, 4.022, -0.047, 4, 1, 4, 1, 1]}}, {"type": "Feature", "geometry": {"type": "Point", "coordinates": [1.51246, 40.6381]}, "properties": {"var_data": [0.598, -0.395, 0.345, 0.127, 2.417, -0.043, 4, 1, 4, 1, 1]}}, {"type": "Feature", "geometry": {"type": "Point", "coordinates": [1.5478, 40.6381]}, "properties": {"var_data": [0.922, -0.42, 0.343, 0.129, 1.766, -0.044, 1, 1, 1, 1, 1]}}, {"type": "Feature", "geometry": {"type": "Point", "coordinates": [1.58314, 40.6381]}, "properties": {"var_data": [0.73, -0.363, 0.249, 0.093, 1.266, -0.023, 1, 1, 1, 1, 1]}}, {"type": "Feature", "geometry": {"type": "Point", "coordinates": [1.61848, 40.6381]}, "properties": {"var_data": [0.722, -0.338, 0.167, 0.052, 1.256, -0.009, 1, 1, 1, 1, 1]}}, {"type": "Feature", "geometry": {"type": "Point", "coordinates": [1.65382, 40.6381]}, "properties": {"var_data": [0.62, -0.263, 0.225, 0.064, 1.338, -0.014, 1, 1, 1, 1, 1]}}, {"type": "Feature", "geometry": {"type": "Point", "coordinates": [1.68916, 40.6381]}, "properties": {"var_data": [0.651, -0.226, 0.159, 0.043, 1.179, -0.007, 1, 1, 1, 1, 1]}}, {"type": "Feature", "geometry": {"type": "Point", "coordinates": [1.7245, 40.6381]}, "properties": {"var_data": [0.572, -0.192, 0.158, 0.042, 1.161, -0.007, 1, 1, 1, 1, 1]}}, {"type": "Feature", "geometry": {"type": "Point", "coordinates": [1.75984, 40.6381]}, "properties": {"var_data": [0.408, -0.141, 0.06, 0.014, 1.18, -0.0, 1, 1, 1, 1, 1]}}, {"type": "Feature", "geometry": {"type": "Point", "coordinates": [1.79518, 40.6381]}, "properties": {"var_data": [0.141, -0.111, 0.045, 0.015, 1.305, 0.001, 1, 1, 1, 1, 1]}}, {"type": "Feature", "geometry": {"type": "Point", "coordinates": [1.83052, 40.6381]}, "properties": {"var_data": [0.396, -0.094, 0.049, 0.016, 1.141, 0.001, 1, 1, 1, 1, 1]}}, {"type": "Feature", "geometry": {"type": "Point", "coordinates": [1.86586, 40.6381]}, "properties": {"var_data": [0.531, -0.055, 0.073, 0.024, 1.218, 0.002, 1, 1, 1, 1, 1]}}, {"type": "Feature", "geometry": {"type": "Point", "coordinates": [1.9012, 40.6381]}, "properties": {"var_data": [0.632, 0.023, 0.068, 0.022, 1.465, 0.001, 1, 1, 1, 1, 1]}}, {"type": "Feature", "geometry": {"type": "Point", "coordinates": [1.93654, 40.6381]}, "properties": {"var_data": [0.687, 0.047, 0.151, 0.024, 1.308, 0.002, 1, 1, 1, 1, 1]}}, {"type": "Feature", "geometry": {"type": "Point", "coordinates": [1.97188, 40.6381]}, "properties": {"var_data": [0.68, 0.097, 0.183, 0.034, 1.686, 0.004, 1, 1, 1, 1, 1]}}, {"type": "Feature", "geometry": {"type": "Point", "coordinates": [2.00722, 40.6381]}, "properties": {"var_data": [0.834, 0.105, 0.176, 0.035, 1.176, 0.005, 1, 1, 1, 1, 1]}}, {"type": "Feature", "geometry": {"type": "Point", "coordinates": [2.04256, 40.6381]}, "properties": {"var_data": [1.062, 0.158, 0.276, 0.068, 1.316, 0.018, 1, 1, 1, 1, 1]}}, {"type": "Feature", "geometry": {"type": "Point", "coordinates": [2.0779, 40.6381]}, "properties": {"var_data": [1.272, 0.281, 0.424, 0.104, 1.542, 0.044, 1, 1, 1, 1, 1]}}, {"type": "Feature", "geometry": {"type": "Point", "coordinates": [2.11324, 40.6381]}, "properties": {"var_data": [1.223, 0.224, 0.621, 0.154, 1.709, 0.096, 1, 1, 1, 1, 1]}}, {"type": "Feature", "geometry": {"type": "Point", "coordinates": [2.14858, 40.6381]}, "properties": {"var_data": [1.186, 0.255, 0.515, 0.128, 1.714, 0.066, 1, 1, 1, 1, 1]}}, {"type": "Feature", "geometry": {"type": "Point", "coordinates": [2.18392, 40.6381]}, "properties": {"var_data": [1.936, 0.87, 1.041, 0.601, 4.015, 0.596, 4, 4, 4, 1, 4]}}, {"type": "Feature", "geometry": {"type": "Point", "coordinates": [2.21926, 40.6381]}, "properties": {"var_data": [0.331, -0.189, 0.148, 0.051, 1.256, -0.002, 4, 4, 1, 1, 1]}}, {"type": "Feature", "geometry": {"type": "Point", "coordinates": [2.2546, 40.6381]}, "properties": {"var_data": [0.309, -0.152, 0.089, 0.041, 1.259, 0.002, 1, 1, 1, 1, 1]}}, {"type": "Feature", "geometry": {"type": "Point", "coordinates": [2.28994, 40.6381]}, "properties": {"var_data": [0.186, -0.104, 0.07, 0.038, 1.359, 0.003, 1, 1, 1, 1, 1]}}, {"type": "Feature", "geometry": {"type": "Point", "coordinates": [2.32528, 40.6381]}, "properties": {"var_data": [0.68, -0.034, 0.07, 0.038, 1.175, 0.003, 1, 1, 1, 1, 1]}}, {"type": "Feature", "geometry": {"type": "Point", "coordinates": [2.36062, 40.6381]}, "properties": {"var_data": [1.482, 0.676, 0.237, 0.131, 1.974, 0.031, 4, 4, 1, 1, 1]}}, {"type": "Feature", "geometry": {"type": "Point", "coordinates": [1.26508, 40.6651]}, "properties": {"var_data": [0.832, -0.912, 0.096, 0.068, 2.595, -0.007, 4, 4, 4, 1, 1]}}, {"type": "Feature", "geometry": {"type": "Point", "coordinates": [1.30042, 40.6651]}, "properties": {"var_data": [0.772, -0.859, 0.097, 0.069, 2.465, -0.007, 4, 4, 4, 1, 1]}}, {"type": "Feature", "geometry": {"type": "Point", "coordinates": [1.33576, 40.6651]}, "properties": {"var_data": [0.481, -0.568, 0.097, 0.069, 2.682, -0.007, 4, 1, 4, 1, 1]}}, {"type": "Feature", "geometry": {"type": "Point", "coordinates": [1.3711, 40.6651]}, "properties": {"var_data": [0.503, -0.575, 0.382, 0.274, 3.07, -0.104, 4, 4, 4, 1, 1]}}, {"type": "Feature", "geometry": {"type": "Point", "coordinates": [1.40644, 40.6651]}, "properties": {"var_data": [0.47, -0.502, 0.121, 0.087, 1.773, -0.011, 1, 1, 1, 1, 1]}}, {"type": "Feature", "geometry": {"type": "Point", "coordinates": [1.44178, 40.6651]}, "properties": {"var_data": [0.425, -0.468, 0.206, 0.12, 1.993, -0.024, 1, 1, 1, 1, 1]}}, {"type": "Feature", "geometry": {"type": "Point", "coordinates": [1.47712, 40.6651]}, "properties": {"var_data": [0.451, -0.485, 0.21, 0.121, 2.357, -0.025, 4, 1, 4, 1, 1]}}, {"type": "Feature", "geometry": {"type": "Point", "coordinates": [1.51246, 40.6651]}, "properties": {"var_data": [0.965, -0.535, 0.381, 0.14, 2.876, -0.052, 4, 4, 4, 1, 1]}}, {"type": "Feature", "geometry": {"type": "Point", "coordinates": [1.5478, 40.6651]}, "properties": {"var_data": [0.92, -0.45, 0.133, 0.062, 1.449, -0.008, 4, 4, 1, 1, 1]}}, {"type": "Feature", "geometry": {"type": "Point", "coordinates": [1.58314, 40.6651]}, "properties": {"var_data": [0.751, -0.389, 0.269, 0.101, 1.241, -0.027, 1, 1, 1, 1, 1]}}, {"type": "Feature", "geometry": {"type": "Point", "coordinates": [1.61848, 40.6651]}, "properties": {"var_data": [0.741, -0.356, 0.157, 0.05, 1.137, -0.008, 1, 1, 1, 1, 1]}}, {"type": "Feature", "geometry": {"type": "Point", "coordinates": [1.65382, 40.6651]}, "properties": {"var_data": [0.629, -0.282, 0.149, 0.046, 0.973, -0.007, 1, 1, 1, 1, 1]}}, {"type": "Feature", "geometry": {"type": "Point", "coordinates": [1.68916, 40.6651]}, "properties": {"var_data": [0.586, -0.227, 0.116, 0.032, 1.035, -0.004, 1, 1, 1, 1, 1]}}, {"type": "Feature", "geometry": {"type": "Point", "coordinates": [1.7245, 40.6651]}, "properties": {"var_data": [0.534, -0.197, 0.119, 0.033, 1.163, -0.004, 1, 1, 1, 1, 1]}}, {"type": "Feature", "geometry": {"type": "Point", "coordinates": [1.75984, 40.6651]}, "properties": {"var_data": [0.373, -0.168, 0.067, 0.017, 1.25, 0.0, 1, 1, 1, 1, 1]}}, {"type": "Feature", "geometry": {"type": "Point", "coordinates": [1.79518, 40.6651]}, "properties": {"var_data": [0.161, -0.129, 0.072, 0.018, 1.414, 0.0, 1, 1, 1, 1, 1]}}, {"type": "Feature", "geometry": {"type": "Point", "coordinates": [1.83052, 40.6651]}, "properties": {"var_data": [0.27, -0.108, 0.037, 0.009, 1.188, 0.0, 1, 1, 1, 1, 1]}}, {"type": "Feature", "geometry": {"type": "Point", "coordinates": [1.86586, 40.6651]}, "properties": {"var_data": [0.343, -0.089, 0.037, 0.009, 1.094, 0.0, 1, 1, 1, 1, 1]}}, {"type": "Feature", "geometry": {"type": "Point", "coordinates": [1.9012, 40.6651]}, "properties": {"var_data": [0.387, -0.013, 0.077, 0.01, 1.088, 0.0, 1, 1, 1, 1, 1]}}, {"type": "Feature", "geometry": {"type": "Point", "coordinates": [1.93654, 40.6651]}, "properties": {"var_data": [0.626, 0.041, 0.091, 0.022, 1.041, 0.001, 1, 1, 1, 1, 1]}}, {"type": "Feature", "geometry": {"type": "Point", "coordinates": [1.97188, 40.6651]}, "properties": {"var_data": [0.45, 0.056, 0.105, 0.033, 1.088, 0.003, 1, 1, 1, 1, 1]}}, {"type": "Feature", "geometry": {"type": "Point", "coordinates": [2.00722, 40.6651]}, "properties": {"var_data": [0.749, 0.118, 0.138, 0.036, 1.084, 0.004, 1, 1, 1, 1, 1]}}, {"type": "Feature", "geometry": {"type": "Point", "coordinates": [2.04256, 40.6651]}, "properties": {"var_data": [0.894, 0.163, 0.186, 0.047, 1.276, 0.008, 1, 1, 1, 1, 1]}}, {"type": "Feature", "geometry": {"type": "Point", "coordinates": [2.0779, 40.6651]}, "properties": {"var_data": [1.091, 0.172, 0.446, 0.111, 1.405, 0.049, 1, 1, 1, 1, 1]}}, {"type": "Feature", "geometry": {"type": "Point", "coordinates": [2.11324, 40.6651]}, "properties": {"var_data": [1.491, 0.376, 0.411, 0.104, 1.586, 0.042, 1, 1, 1, 1, 1]}}, {"type": "Feature", "geometry": {"type": "Point", "coordinates": [2.14858, 40.6651]}, "properties": {"var_data": [1.081, 0.238, 0.457, 0.115, 1.618, 0.052, 4, 4, 1, 1, 1]}}, {"type": "Feature", "geometry": {"type": "Point", "coordinates": [2.18392, 40.6651]}, "properties": {"var_data": [1.08, 0.322, 0.303, 0.134, 1.533, 0.04, 4, 4, 1, 1, 1]}}, {"type": "Feature", "geometry": {"type": "Point", "coordinates": [2.21926, 40.6651]}, "properties": {"var_data": [0.38, -0.147, 0.083, 0.036, 1.18, 0.003, 1, 1, 1, 1, 1]}}, {"type": "Feature", "geometry": {"type": "Point", "coordinates": [2.2546, 40.6651]}, "properties": {"var_data": [0.329, -0.066, 0.083, 0.038, 1.219, 0.002, 1, 1, 1, 1, 1]}}, {"type": "Feature", "geometry": {"type": "Point", "coordinates": [2.28994, 40.6651]}, "properties": {"var_data": [0.431, -0.01, 0.083, 0.04, 1.192, 0.002, 1, 1, 1, 1, 1]}}, {"type": "Feature", "geometry": {"type": "Point", "coordinates": [2.32528, 40.6651]}, "properties": {"var_data": [1.588, 0.742, 0.161, 0.09, 1.897, 0.015, 4, 4, 1, 1, 4]}}, {"type": "Feature", "geometry": {"type": "Point", "coordinates": [2.36062, 40.6651]}, "properties": {"var_data": [1.589, 0.759, 0.143, 0.081, 1.889, 0.012, 4, 4, 1, 1, 4]}}, {"type": "Feature", "geometry": {"type": "Point", "coordinates": [2.39596, 40.6651]}, "properties": {"var_data": [1.673, 0.846, 0.479, 0.318, 2.174, 0.152, 4, 4, 4, 1, 4]}}, {"type": "Feature", "geometry": {"type": "Point", "coordinates": [1.26508, 40.692101]}, "properties": {"var_data": [0.816, -0.896, 0.49, 0.351, 3.036, -0.172, 4, 4, 4, 1, 1]}}, {"type": "Feature", "geometry": {"type": "Point", "coordinates": [1.30042, 40.692101]}, "properties": {"var_data": [0.705, -0.778, 0.405, 0.29, 2.447, -0.118, 4, 4, 4, 1, 1]}}, {"type": "Feature", "geometry": {"type": "Point", "coordinates": [1.33576, 40.692101]}, "properties": {"var_data": [0.581, -0.664, 0.44, 0.316, 2.392, -0.139, 4, 4, 4, 1, 1]}}, {"type": "Feature", "geometry": {"type": "Point", "coordinates": [1.3711, 40.692101]}, "properties": {"var_data": [0.434, -0.525, 0.574, 0.412, 2.596, -0.237, 4, 1, 4, 1, 1]}}, {"type": "Feature", "geometry": {"type": "Point", "coordinates": [1.40644, 40.692101]}, "properties": {"var_data": [0.405, -0.494, 0.131, 0.094, 1.416, -0.012, 1, 1, 1, 1, 1]}}, {"type": "Feature", "geometry": {"type": "Point", "coordinates": [1.44178, 40.692101]}, "properties": {"var_data": [0.524, -0.52, 0.187, 0.107, 1.985, -0.02, 1, 1, 1, 1, 1]}}, {"type": "Feature", "geometry": {"type": "Point", "coordinates": [1.47712, 40.692101]}, "properties": {"var_data": [0.533, -0.474, 0.103, 0.05, 1.911, -0.005, 4, 4, 1, 1, 1]}}, {"type": "Feature", "geometry": {"type": "Point", "coordinates": [1.51246, 40.692101]}, "properties": {"var_data": [0.597, -0.51, 0.158, 0.078, 1.332, -0.012, 4, 4, 1, 1, 1]}}, {"type": "Feature", "geometry": {"type": "Point", "coordinates": [1.5478, 40.692101]}, "properties": {"var_data": [1.088, -0.506, 0.138, 0.065, 1.5, -0.009, 4, 4, 1, 1, 1]}}, {"type": "Feature", "geometry": {"type": "Point", "coordinates": [1.58314, 40.692101]}, "properties": {"var_data": [0.969, -0.471, 0.053, 0.025, 1.202, -0.001, 4, 4, 1, 1, 1]}}, {"type": "Feature", "geometry": {"type": "Point", "coordinates": [1.61848, 40.692101]}, "properties": {"var_data": [0.885, -0.405, 0.065, 0.02, 1.037, -0.001, 4, 4, 1, 1, 1]}}, {"type": "Feature", "geometry": {"type": "Point", "coordinates": [1.65382, 40.692101]}, "properties": {"var_data": [0.829, -0.36, 0.065, 0.019, 0.955, -0.001, 4, 4, 1, 1, 1]}}, {"type": "Feature", "geometry": {"type": "Point", "coordinates": [1.68916, 40.692101]}, "properties": {"var_data": [0.691, -0.259, 0.117, 0.033, 1.1, -0.004, 4, 4, 1, 1, 1]}}, {"type": "Feature", "geometry": {"type": "Point", "coordinates": [1.7245, 40.692101]}, "properties": {"var_data": [0.663, -0.221, 0.104, 0.029, 1.163, -0.003, 4, 4, 1, 1, 1]}}, {"type": "Feature", "geometry": {"type": "Point", "coordinates": [1.75984, 40.692101]}, "properties": {"var_data": [0.009, -0.107, 0.065, 0.014, 1.57, -0.0, 1, 1, 1, 1, 1]}}, {"type": "Feature", "geometry": {"type": "Point", "coordinates": [1.79518, 40.692101]}, "properties": {"var_data": [0.101, -0.145, 0.073, 0.021, 1.243, 0.001, 1, 1, 1, 1, 1]}}, {"type": "Feature", "geometry": {"type": "Point", "coordinates": [1.83052, 40.692101]}, "properties": {"var_data": [0.18, -0.112, 0.06, 0.009, 1.123, 0.0, 1, 1, 1, 1, 1]}}, {"type": "Feature", "geometry": {"type": "Point", "coordinates": [1.86586, 40.692101]}, "properties": {"var_data": [0.339, -0.089, 0.06, 0.009, 1.04, 0.0, 1, 1, 1, 1, 1]}}, {"type": "Feature", "geometry": {"type": "Point", "coordinates": [1.9012, 40.692101]}, "properties": {"var_data": [0.529, 0.017, 0.068, 0.01, 1.065, 0.0, 1, 1, 1, 1, 1]}}, {"type": "Feature", "geometry": {"type": "Point", "coordinates": [1.93654, 40.692101]}, "properties": {"var_data": [0.554, 0.025, 0.076, 0.01, 1.074, 0.0, 1, 1, 1, 1, 1]}}, {"type": "Feature", "geometry": {"type": "Point", "coordinates": [1.97188, 40.692101]}, "properties": {"var_data": [0.674, 0.093, 0.094, 0.027, 0.936, 0.002, 1, 1, 1, 1, 1]}}, {"type": "Feature", "geometry": {"type": "Point", "coordinates": [2.00722, 40.692101]}, "properties": {"var_data": [0.686, 0.102, 0.131, 0.035, 1.089, 0.004, 1, 1, 1, 1, 1]}}, {"type": "Feature", "geometry": {"type": "Point", "coordinates": [2.04256, 40.692101]}, "properties": {"var_data": [0.637, 0.093, 0.188, 0.05, 1.187, 0.007, 1, 1, 1, 1, 1]}}, {"type": "Feature", "geometry": {"type": "Point", "coordinates": [2.0779, 40.692101]}, "properties": {"var_data": [0.909, 0.211, 0.135, 0.041, 1.519, 0.005, 1, 1, 1, 1, 1]}}, {"type": "Feature", "geometry": {"type": "Point", "coordinates": [2.11324, 40.692101]}, "properties": {"var_data": [1.129, 0.301, 0.152, 0.047, 1.796, 0.007, 1, 1, 1, 1, 1]}}, {"type": "Feature", "geometry": {"type": "Point", "coordinates": [2.14858, 40.692101]}, "properties": {"var_data": [1.369, 0.455, 0.14, 0.056, 1.482, 0.008, 1, 1, 1, 1, 1]}}, {"type": "Feature", "geometry": {"type": "Point", "coordinates": [2.18392, 40.692101]}, "properties": {"var_data": [1.152, 0.373, 0.316, 0.139, 1.375, 0.044, 1, 1, 1, 1, 1]}}, {"type": "Feature", "geometry": {"type": "Point", "coordinates": [2.21926, 40.692101]}, "properties": {"var_data": [1.067, 0.408, 0.327, 0.146, 1.724, 0.048, 4, 4, 1, 1, 1]}}, {"type": "Feature", "geometry": {"type": "Point", "coordinates": [2.2546, 40.692101]}, "properties": {"var_data": [0.799, 0.286, 0.246, 0.115, 1.492, 0.028, 1, 1, 1, 1, 1]}}, {"type": "Feature", "geometry": {"type": "Point", "coordinates": [2.28994, 40.692101]}, "properties": {"var_data": [1.019, 0.459, 0.379, 0.217, 1.67, 0.081, 1, 1, 1, 1, 1]}}, {"type": "Feature", "geometry": {"type": "Point", "coordinates": [2.32528, 40.692101]}, "properties": {"var_data": [1.513, 0.768, 0.314, 0.203, 1.777, 0.064, 4, 4, 1, 1, 1]}}, {"type": "Feature", "geometry": {"type": "Point", "coordinates": [2.36062, 40.692101]}, "properties": {"var_data": [0.824, 0.227, 0.032, 0.016, 1.254, 0.0, 1, 1, 1, 1, 1]}}, {"type": "Feature", "geometry": {"type": "Point", "coordinates": [2.39596, 40.692101]}, "properties": {"var_data": [0.686, 0.05, 0.02, 0.005, 0.932, -0.0, 1, 1, 1, 1, 1]}}, {"type": "Feature", "geometry": {"type": "Point", "coordinates": [2.4313, 40.692101]}, "properties": {"var_data": [0.77, 0.111, 0.027, 0.016, 1.155, 0.0, 1, 1, 1, 1, 1]}}, {"type": "Feature", "geometry": {"type": "Point", "coordinates": [2.46664, 40.692101]}, "properties": {"var_data": [0.71, 0.014, 0.091, 0.069, 1.233, 0.006, 1, 1, 1, 1, 1]}}, {"type": "Feature", "geometry": {"type": "Point", "coordinates": [1.30042, 40.719101]}, "properties": {"var_data": [0.6, -0.74, 0.417, 0.299, 2.847, -0.125, 4, 4, 4, 1, 1]}}, {"type": "Feature", "geometry": {"type": "Point", "coordinates": [1.33576, 40.719101]}, "properties": {"var_data": [0.682, -0.738, 0.429, 0.308, 2.482, -0.132, 4, 4, 4, 1, 1]}}, {"type": "Feature", "geometry": {"type": "Point", "coordinates": [1.3711, 40.719101]}, "properties": {"var_data": [0.504, -0.56, 0.313, 0.225, 2.174, -0.07, 4, 1, 4, 1, 1]}}, {"type": "Feature", "geometry": {"type": "Point", "coordinates": [1.40644, 40.719101]}, "properties": {"var_data": [0.267, -0.386, 0.065, 0.046, 1.304, -0.003, 1, 1, 1, 1, 1]}}, {"type": "Feature", "geometry": {"type": "Point", "coordinates": [1.44178, 40.719101]}, "properties": {"var_data": [0.399, -0.452, 0.081, 0.047, 1.279, -0.004, 1, 1, 1, 1, 1]}}, {"type": "Feature", "geometry": {"type": "Point", "coordinates": [1.47712, 40.719101]}, "properties": {"var_data": [0.63, -0.516, 0.095, 0.046, 1.665, -0.004, 4, 4, 1, 1, 1]}}, {"type": "Feature", "geometry": {"type": "Point", "coordinates": [1.51246, 40.719101]}, "properties": {"var_data": [0.619, -0.488, 0.093, 0.045, 1.287, -0.004, 1, 1, 1, 1, 1]}}, {"type": "Feature", "geometry": {"type": "Point", "coordinates": [1.5478, 40.719101]}, "properties": {"var_data": [1.07, -0.535, 0.156, 0.074, 1.567, -0.012, 4, 4, 1, 1, 1]}}, {"type": "Feature", "geometry": {"type": "Point", "coordinates": [1.58314, 40.719101]}, "properties": {"var_data": [0.983, -0.505, 0.047, 0.022, 1.098, -0.001, 4, 4, 1, 1, 1]}}, {"type": "Feature", "geometry": {"type": "Point", "coordinates": [1.61848, 40.719101]}, "properties": {"var_data": [0.837, -0.438, 0.07, 0.022, 1.078, -0.001, 4, 4, 1, 1, 1]}}, {"type": "Feature", "geometry": {"type": "Point", "coordinates": [1.65382, 40.719101]}, "properties": {"var_data": [0.885, -0.396, 0.068, 0.02, 1.043, -0.001, 4, 4, 1, 1, 1]}}, {"type": "Feature", "geometry": {"type": "Point", "coordinates": [1.68916, 40.719101]}, "properties": {"var_data": [0.801, -0.322, 0.061, 0.017, 1.094, -0.001, 4, 4, 1, 1, 1]}}, {"type": "Feature", "geometry": {"type": "Point", "coordinates": [1.7245, 40.719101]}, "properties": {"var_data": [0.61, -0.229, 0.073, 0.017, 1.247, -0.001, 1, 1, 1, 1, 1]}}, {"type": "Feature", "geometry": {"type": "Point", "coordinates": [1.75984, 40.719101]}, "properties": {"var_data": [-0.035, -0.097, 0.162, 0.031, 1.864, -0.005, 1, 1, 1, 1, 1]}}, {"type": "Feature", "geometry": {"type": "Point", "coordinates": [1.79518, 40.719101]}, "properties": {"var_data": [0.043, -0.128, 0.063, 0.012, 1.099, -0.001, 1, 1, 1, 1, 1]}}, {"type": "Feature", "geometry": {"type": "Point", "coordinates": [1.83052, 40.719101]}, "properties": {"var_data": [0.152, -0.076, 0.067, 0.01, 1.197, 0.0, 1, 1, 1, 1, 1]}}, {"type": "Feature", "geometry": {"type": "Point", "coordinates": [1.86586, 40.719101]}, "properties": {"var_data": [0.401, -0.045, 0.086, 0.01, 1.005, 0.0, 1, 1, 1, 1, 1]}}, {"type": "Feature", "geometry": {"type": "Point", "coordinates": [1.9012, 40.719101]}, "properties": {"var_data": [0.499, 0.025, 0.066, 0.01, 1.001, 0.0, 1, 1, 1, 1, 1]}}, {"type": "Feature", "geometry": {"type": "Point", "coordinates": [1.93654, 40.719101]}, "properties": {"var_data": [0.756, 0.079, 0.078, 0.01, 1.07, 0.0, 1, 1, 1, 1, 1]}}, {"type": "Feature", "geometry": {"type": "Point", "coordinates": [1.97188, 40.719101]}, "properties": {"var_data": [0.706, 0.132, 0.097, 0.027, 1.001, 0.002, 1, 1, 1, 1, 1]}}, {"type": "Feature", "geometry": {"type": "Point", "coordinates": [2.00722, 40.719101]}, "properties": {"var_data": [0.723, 0.168, 0.143, 0.034, 1.074, 0.004, 1, 1, 1, 1, 1]}}, {"type": "Feature", "geometry": {"type": "Point", "coordinates": [2.04256, 40.719101]}, "properties": {"var_data": [0.767, 0.177, 0.15, 0.038, 1.086, 0.005, 1, 1, 1, 1, 1]}}, {"type": "Feature", "geometry": {"type": "Point", "coordinates": [2.0779, 40.719101]}, "properties": {"var_data": [0.56, 0.185, 0.229, 0.078, 1.728, 0.018, 1, 1, 1, 1, 1]}}, {"type": "Feature", "geometry": {"type": "Point", "coordinates": [2.11324, 40.719101]}, "properties": {"var_data": [0.882, 0.288, 0.22, 0.076, 1.279, 0.017, 1, 1, 1, 1, 1]}}, {"type": "Feature", "geometry": {"type": "Point", "coordinates": [2.14858, 40.719101]}, "properties": {"var_data": [1.245, 0.443, 0.109, 0.041, 1.318, 0.004, 1, 1, 1, 1, 1]}}, {"type": "Feature", "geometry": {"type": "Point", "coordinates": [2.18392, 40.719101]}, "properties": {"var_data": [1.043, 0.341, 0.134, 0.054, 1.525, 0.007, 1, 1, 1, 1, 1]}}, {"type": "Feature", "geometry": {"type": "Point", "coordinates": [2.21926, 40.719101]}, "properties": {"var_data": [1.133, 0.475, 0.216, 0.097, 1.262, 0.021, 1, 1, 1, 1, 1]}}, {"type": "Feature", "geometry": {"type": "Point", "coordinates": [2.2546, 40.719101]}, "properties": {"var_data": [1.036, 0.428, 0.237, 0.107, 1.355, 0.025, 1, 1, 1, 1, 1]}}, {"type": "Feature", "geometry": {"type": "Point", "coordinates": [2.28994, 40.719101]}, "properties": {"var_data": [0.293, 0.051, 0.049, 0.011, 1.239, -0.0, 1, 1, 1, 1, 1]}}, {"type": "Feature", "geometry": {"type": "Point", "coordinates": [2.32528, 40.719101]}, "properties": {"var_data": [0.531, 0.106, 0.022, 0.005, 0.886, -0.0, 1, 1, 1, 1, 1]}}, {"type": "Feature", "geometry": {"type": "Point", "coordinates": [2.36062, 40.719101]}, "properties": {"var_data": [0.526, 0.001, 0.023, 0.005, 0.826, -0.0, 1, 1, 1, 1, 1]}}, {"type": "Feature", "geometry": {"type": "Point", "coordinates": [2.39596, 40.719101]}, "properties": {"var_data": [0.482, 0.018, 0.018, 0.005, 0.81, -0.0, 1, 1, 1, 1, 1]}}, {"type": "Feature", "geometry": {"type": "Point", "coordinates": [2.4313, 40.719101]}, "properties": {"var_data": [0.286, -0.082, 0.015, 0.004, 0.793, -0.0, 1, 1, 1, 1, 1]}}, {"type": "Feature", "geometry": {"type": "Point", "coordinates": [2.46664, 40.719101]}, "properties": {"var_data": [0.52, -0.066, 0.031, 0.02, 1.028, 0.0, 1, 1, 1, 1, 1]}}, {"type": "Feature", "geometry": {"type": "Point", "coordinates": [2.50198, 40.719101]}, "properties": {"var_data": [0.553, -0.064, 0.023, 0.02, 0.87, 0.0, 1, 1, 1, 1, 1]}}, {"type": "Feature", "geometry": {"type": "Point", "coordinates": [1.33576, 40.746101]}, "properties": {"var_data": [0.743, -0.784, 0.35, 0.251, 2.462, -0.088, 4, 4, 4, 1, 1]}}, {"type": "Feature", "geometry": {"type": "Point", "coordinates": [1.3711, 40.746101]}, "properties": {"var_data": [0.537, -0.612, 0.281, 0.202, 2.249, -0.057, 4, 4, 4, 1, 1]}}, {"type": "Feature", "geometry": {"type": "Point", "coordinates": [1.40644, 40.746101]}, "properties": {"var_data": [0.472, -0.53, 0.061, 0.043, 1.333, -0.003, 1, 1, 1, 1, 1]}}, {"type": "Feature", "geometry": {"type": "Point", "coordinates": [1.44178, 40.746101]}, "properties": {"var_data": [0.528, -0.552, 0.078, 0.046, 1.215, -0.003, 4, 4, 1, 1, 1]}}, {"type": "Feature", "geometry": {"type": "Point", "coordinates": [1.47712, 40.746101]}, "properties": {"var_data": [0.47, -0.477, 0.086, 0.047, 1.391, -0.004, 1, 1, 1, 1, 1]}}, {"type": "Feature", "geometry": {"type": "Point", "coordinates": [1.51246, 40.746101]}, "properties": {"var_data": [0.671, -0.513, 0.102, 0.049, 1.329, -0.005, 4, 4, 1, 1, 1]}}, {"type": "Feature", "geometry": {"type": "Point", "coordinates": [1.5478, 40.746101]}, "properties": {"var_data": [0.746, -0.483, 0.233, 0.113, 1.374, -0.026, 4, 4, 1, 1, 1]}}, {"type": "Feature", "geometry": {"type": "Point", "coordinates": [1.58314, 40.746101]}, "properties": {"var_data": [0.859, -0.484, 0.046, 0.021, 1.079, -0.001, 4, 4, 1, 1, 1]}}, {"type": "Feature", "geometry": {"type": "Point", "coordinates": [1.61848, 40.746101]}, "properties": {"var_data": [0.707, -0.455, 0.049, 0.021, 0.998, -0.001, 1, 1, 1, 1, 1]}}, {"type": "Feature", "geometry": {"type": "Point", "coordinates": [1.65382, 40.746101]}, "properties": {"var_data": [0.819, -0.388, 0.066, 0.019, 1.009, -0.001, 4, 4, 1, 1, 1]}}, {"type": "Feature", "geometry": {"type": "Point", "coordinates": [1.68916, 40.746101]}, "properties": {"var_data": [0.894, -0.363, 0.059, 0.014, 1.203, -0.001, 4, 4, 1, 1, 1]}}, {"type": "Feature", "geometry": {"type": "Point", "coordinates": [1.7245, 40.746101]}, "properties": {"var_data": [0.774, -0.287, 0.073, 0.017, 1.229, -0.001, 1, 1, 1, 1, 1]}}, {"type": "Feature", "geometry": {"type": "Point", "coordinates": [1.75984, 40.746101]}, "properties": {"var_data": [0.605, -0.184, 0.074, 0.018, 1.586, -0.001, 1, 1, 1, 1, 1]}}, {"type": "Feature", "geometry": {"type": "Point", "coordinates": [1.79518, 40.746101]}, "properties": {"var_data": [0.303, -0.1, 0.064, 0.012, 1.039, -0.001, 1, 1, 1, 1, 1]}}, {"type": "Feature", "geometry": {"type": "Point", "coordinates": [1.83052, 40.746101]}, "properties": {"var_data": [0.405, 0.005, 0.072, 0.011, 1.038, -0.0, 1, 1, 1, 1, 1]}}, {"type": "Feature", "geometry": {"type": "Point", "coordinates": [1.86586, 40.746101]}, "properties": {"var_data": [0.461, 0.015, 0.07, 0.008, 1.001, -0.0, 1, 1, 1, 1, 1]}}, {"type": "Feature", "geometry": {"type": "Point", "coordinates": [1.9012, 40.746101]}, "properties": {"var_data": [0.468, 0.042, 0.068, 0.01, 1.099, 0.0, 1, 1, 1, 1, 1]}}, {"type": "Feature", "geometry": {"type": "Point", "coordinates": [1.93654, 40.746101]}, "properties": {"var_data": [0.829, 0.122, 0.102, 0.027, 1.038, 0.002, 4, 4, 1, 1, 1]}}, {"type": "Feature", "geometry": {"type": "Point", "coordinates": [1.97188, 40.746101]}, "properties": {"var_data": [0.706, 0.139, 0.05, 0.026, 0.917, 0.001, 1, 1, 1, 1, 1]}}, {"type": "Feature", "geometry": {"type": "Point", "coordinates": [2.00722, 40.746101]}, "properties": {"var_data": [0.745, 0.197, 0.048, 0.016, 1.013, 0.001, 1, 1, 1, 1, 1]}}, {"type": "Feature", "geometry": {"type": "Point", "coordinates": [2.04256, 40.746101]}, "properties": {"var_data": [0.777, 0.22, 0.099, 0.029, 1.101, 0.003, 1, 1, 1, 1, 1]}}, {"type": "Feature", "geometry": {"type": "Point", "coordinates": [2.0779, 40.746101]}, "properties": {"var_data": [0.879, 0.314, 0.102, 0.032, 1.228, 0.003, 4, 4, 1, 1, 1]}}, {"type": "Feature", "geometry": {"type": "Point", "coordinates": [2.11324, 40.746101]}, "properties": {"var_data": [0.906, 0.358, 0.176, 0.061, 1.267, 0.011, 4, 4, 1, 1, 1]}}, {"type": "Feature", "geometry": {"type": "Point", "coordinates": [2.14858, 40.746101]}, "properties": {"var_data": [1.167, 0.491, 0.102, 0.038, 1.284, 0.004, 4, 4, 1, 1, 1]}}, {"type": "Feature", "geometry": {"type": "Point", "coordinates": [2.18392, 40.746101]}, "properties": {"var_data": [1.356, 0.579, 0.101, 0.041, 1.136, 0.004, 4, 4, 1, 1, 1]}}, {"type": "Feature", "geometry": {"type": "Point", "coordinates": [2.21926, 40.746101]}, "properties": {"var_data": [1.288, 0.582, 0.194, 0.087, 1.19, 0.017, 4, 4, 1, 1, 1]}}, {"type": "Feature", "geometry": {"type": "Point", "coordinates": [2.2546, 40.746101]}, "properties": {"var_data": [0.559, 0.099, 0.016, 0.005, 0.852, -0.0, 1, 1, 1, 1, 1]}}, {"type": "Feature", "geometry": {"type": "Point", "coordinates": [2.28994, 40.746101]}, "properties": {"var_data": [0.426, 0.092, 0.032, 0.008, 0.806, -0.0, 1, 1, 1, 1, 1]}}, {"type": "Feature", "geometry": {"type": "Point", "coordinates": [2.32528, 40.746101]}, "properties": {"var_data": [0.321, -0.019, 0.031, 0.006, 0.626, -0.0, 1, 1, 1, 1, 1]}}, {"type": "Feature", "geometry": {"type": "Point", "coordinates": [2.36062, 40.746101]}, "properties": {"var_data": [0.264, -0.007, 0.017, 0.004, 0.702, -0.0, 1, 1, 1, 1, 1]}}, {"type": "Feature", "geometry": {"type": "Point", "coordinates": [2.39596, 40.746101]}, "properties": {"var_data": [0.248, -0.01, 0.018, 0.005, 0.846, -0.0, 1, 1, 1, 1, 1]}}, {"type": "Feature", "geometry": {"type": "Point", "coordinates": [2.4313, 40.746101]}, "properties": {"var_data": [0.31, -0.096, 0.026, 0.005, 0.792, -0.0, 1, 1, 1, 1, 1]}}, {"type": "Feature", "geometry": {"type": "Point", "coordinates": [2.46664, 40.746101]}, "properties": {"var_data": [0.419, -0.008, 0.025, 0.02, 0.903, 0.0, 1, 1, 1, 1, 1]}}, {"type": "Feature", "geometry": {"type": "Point", "coordinates": [2.50198, 40.746101]}, "properties": {"var_data": [0.472, -0.047, 0.023, 0.02, 0.864, 0.0, 1, 1, 1, 1, 1]}}, {"type": "Feature", "geometry": {"type": "Point", "coordinates": [2.53732, 40.746101]}, "properties": {"var_data": [0.462, -0.079, 0.023, 0.02, 0.866, 0.0, 1, 1, 1, 1, 1]}}, {"type": "Feature", "geometry": {"type": "Point", "coordinates": [1.3711, 40.773102]}, "properties": {"var_data": [1.003, -0.956, 0.253, 0.175, 2.01, -0.044, 4, 4, 4, 1, 1]}}, {"type": "Feature", "geometry": {"type": "Point", "coordinates": [1.40644, 40.773102]}, "properties": {"var_data": [0.749, -0.736, 0.142, 0.097, 1.573, -0.013, 4, 4, 1, 1, 1]}}, {"type": "Feature", "geometry": {"type": "Point", "coordinates": [1.44178, 40.773102]}, "properties": {"var_data": [0.707, -0.676, 0.066, 0.045, 1.32, -0.003, 4, 4, 1, 1, 1]}}, {"type": "Feature", "geometry": {"type": "Point", "coordinates": [1.47712, 40.773102]}, "properties": {"var_data": [0.598, -0.572, 0.058, 0.038, 1.355, -0.002, 1, 1, 1, 1, 1]}}, {"type": "Feature", "geometry": {"type": "Point", "coordinates": [1.51246, 40.773102]}, "properties": {"var_data": [0.528, -0.46, 0.065, 0.036, 1.112, -0.002, 1, 1, 1, 1, 1]}}, {"type": "Feature", "geometry": {"type": "Point", "coordinates": [1.5478, 40.773102]}, "properties": {"var_data": [0.608, -0.468, 0.091, 0.05, 1.15, -0.004, 1, 1, 1, 1, 1]}}, {"type": "Feature", "geometry": {"type": "Point", "coordinates": [1.58314, 40.773102]}, "properties": {"var_data": [0.583, -0.42, 0.068, 0.034, 1.202, -0.002, 1, 1, 1, 1, 1]}}, {"type": "Feature", "geometry": {"type": "Point", "coordinates": [1.61848, 40.773102]}, "properties": {"var_data": [0.466, -0.384, 0.049, 0.021, 0.954, -0.001, 1, 1, 1, 1, 1]}}, {"type": "Feature", "geometry": {"type": "Point", "coordinates": [1.65382, 40.773102]}, "properties": {"var_data": [0.632, -0.346, 0.068, 0.019, 1.043, -0.001, 1, 1, 1, 1, 1]}}, {"type": "Feature", "geometry": {"type": "Point", "coordinates": [1.68916, 40.773102]}, "properties": {"var_data": [0.511, -0.3, 0.128, 0.037, 1.131, -0.005, 1, 1, 1, 1, 1]}}, {"type": "Feature", "geometry": {"type": "Point", "coordinates": [1.7245, 40.773102]}, "properties": {"var_data": [0.624, -0.213, 0.078, 0.019, 1.162, -0.001, 1, 1, 1, 1, 1]}}, {"type": "Feature", "geometry": {"type": "Point", "coordinates": [1.75984, 40.773102]}, "properties": {"var_data": [0.433, -0.092, 0.093, 0.017, 0.937, -0.002, 1, 1, 1, 1, 1]}}, {"type": "Feature", "geometry": {"type": "Point", "coordinates": [1.79518, 40.773102]}, "properties": {"var_data": [0.503, -0.039, 0.092, 0.017, 0.935, -0.001, 1, 1, 1, 1, 1]}}, {"type": "Feature", "geometry": {"type": "Point", "coordinates": [1.83052, 40.773102]}, "properties": {"var_data": [0.641, 0.016, 0.074, 0.011, 0.831, -0.0, 1, 1, 1, 1, 1]}}, {"type": "Feature", "geometry": {"type": "Point", "coordinates": [1.86586, 40.773102]}, "properties": {"var_data": [0.656, 0.081, 0.076, 0.011, 0.974, -0.0, 1, 1, 1, 1, 1]}}, {"type": "Feature", "geometry": {"type": "Point", "coordinates": [1.9012, 40.773102]}, "properties": {"var_data": [0.809, 0.098, 0.163, 0.023, 1.211, 0.001, 4, 4, 1, 1, 1]}}, {"type": "Feature", "geometry": {"type": "Point", "coordinates": [1.93654, 40.773102]}, "properties": {"var_data": [0.932, 0.13, 0.159, 0.025, 1.239, 0.002, 4, 4, 1, 1, 1]}}, {"type": "Feature", "geometry": {"type": "Point", "coordinates": [1.97188, 40.773102]}, "properties": {"var_data": [0.795, 0.169, 0.048, 0.016, 0.999, 0.001, 4, 4, 1, 1, 1]}}, {"type": "Feature", "geometry": {"type": "Point", "coordinates": [2.00722, 40.773102]}, "properties": {"var_data": [0.879, 0.227, 0.049, 0.015, 1.163, 0.001, 4, 4, 1, 1, 1]}}, {"type": "Feature", "geometry": {"type": "Point", "coordinates": [2.04256, 40.773102]}, "properties": {"var_data": [0.74, 0.245, 0.039, 0.014, 0.872, 0.0, 4, 4, 1, 1, 1]}}, {"type": "Feature", "geometry": {"type": "Point", "coordinates": [2.0779, 40.773102]}, "properties": {"var_data": [0.865, 0.316, 0.058, 0.019, 1.032, 0.001, 4, 4, 1, 1, 1]}}, {"type": "Feature", "geometry": {"type": "Point", "coordinates": [2.11324, 40.773102]}, "properties": {"var_data": [0.928, 0.39, 0.067, 0.025, 1.055, 0.002, 4, 4, 1, 1, 1]}}, {"type": "Feature", "geometry": {"type": "Point", "coordinates": [2.14858, 40.773102]}, "properties": {"var_data": [1.187, 0.525, 0.098, 0.037, 1.098, 0.004, 4, 4, 1, 1, 1]}}, {"type": "Feature", "geometry": {"type": "Point", "coordinates": [2.18392, 40.773102]}, "properties": {"var_data": [0.945, 0.368, 0.019, 0.008, 0.893, 0.0, 4, 4, 1, 1, 1]}}, {"type": "Feature", "geometry": {"type": "Point", "coordinates": [2.21926, 40.773102]}, "properties": {"var_data": [0.832, 0.314, 0.019, 0.008, 0.976, 0.0, 4, 4, 1, 1, 1]}}, {"type": "Feature", "geometry": {"type": "Point", "coordinates": [2.2546, 40.773102]}, "properties": {"var_data": [0.461, 0.043, 0.028, 0.007, 0.615, -0.0, 1, 1, 1, 1, 1]}}, {"type": "Feature", "geometry": {"type": "Point", "coordinates": [2.28994, 40.773102]}, "properties": {"var_data": [0.407, 0.027, 0.03, 0.007, 0.628, -0.0, 1, 1, 1, 1, 1]}}, {"type": "Feature", "geometry": {"type": "Point", "coordinates": [2.32528, 40.773102]}, "properties": {"var_data": [0.278, -0.012, 0.023, 0.006, 0.605, -0.0, 1, 1, 1, 1, 1]}}, {"type": "Feature", "geometry": {"type": "Point", "coordinates": [2.36062, 40.773102]}, "properties": {"var_data": [0.161, -0.048, 0.018, 0.004, 0.549, -0.0, 1, 1, 1, 1, 1]}}, {"type": "Feature", "geometry": {"type": "Point", "coordinates": [2.39596, 40.773102]}, "properties": {"var_data": [0.378, 0.013, 0.022, 0.004, 0.602, -0.0, 1, 1, 1, 1, 1]}}, {"type": "Feature", "geometry": {"type": "Point", "coordinates": [2.4313, 40.773102]}, "properties": {"var_data": [0.294, -0.045, 0.013, 0.004, 0.586, -0.0, 1, 1, 1, 1, 1]}}, {"type": "Feature", "geometry": {"type": "Point", "coordinates": [2.46664, 40.773102]}, "properties": {"var_data": [0.415, 0.023, 0.018, 0.011, 0.763, 0.0, 1, 1, 1, 1, 1]}}, {"type": "Feature", "geometry": {"type": "Point", "coordinates": [2.50198, 40.773102]}, "properties": {"var_data": [0.442, -0.052, 0.018, 0.011, 0.76, 0.0, 1, 1, 1, 1, 1]}}, {"type": "Feature", "geometry": {"type": "Point", "coordinates": [2.53732, 40.773102]}, "properties": {"var_data": [0.426, -0.053, 0.012, 0.009, 0.759, 0.0, 1, 1, 1, 1, 1]}}, {"type": "Feature", "geometry": {"type": "Point", "coordinates": [2.57266, 40.773102]}, "properties": {"var_data": [0.557, 0.084, 0.012, 0.009, 1.093, 0.0, 1, 1, 1, 1, 1]}}, {"type": "Feature", "geometry": {"type": "Point", "coordinates": [1.3711, 40.800098]}, "properties": {"var_data": [1.408, -1.214, 0.366, 0.25, 2.957, -0.09, 4, 4, 4, 1, 4]}}, {"type": "Feature", "geometry": {"type": "Point", "coordinates": [1.40644, 40.800098]}, "properties": {"var_data": [1.308, -1.125, 0.339, 0.243, 1.835, -0.082, 4, 4, 1, 1, 4]}}, {"type": "Feature", "geometry": {"type": "Point", "coordinates": [1.44178, 40.800098]}, "properties": {"var_data": [0.662, -0.673, 0.085, 0.059, 1.363, -0.005, 1, 1, 1, 1, 1]}}, {"type": "Feature", "geometry": {"type": "Point", "coordinates": [1.47712, 40.800098]}, "properties": {"var_data": [0.638, -0.601, 0.055, 0.035, 1.257, -0.002, 1, 1, 1, 1, 1]}}, {"type": "Feature", "geometry": {"type": "Point", "coordinates": [1.51246, 40.800098]}, "properties": {"var_data": [0.28, -0.328, 0.054, 0.034, 0.992, -0.002, 1, 1, 1, 1, 1]}}, {"type": "Feature", "geometry": {"type": "Point", "coordinates": [1.5478, 40.800098]}, "properties": {"var_data": [0.195, -0.284, 0.089, 0.049, 1.183, -0.004, 1, 1, 1, 1, 1]}}, {"type": "Feature", "geometry": {"type": "Point", "coordinates": [1.58314, 40.800098]}, "properties": {"var_data": [0.315, -0.304, 0.079, 0.043, 1.003, -0.003, 1, 1, 1, 1, 1]}}, {"type": "Feature", "geometry": {"type": "Point", "coordinates": [1.61848, 40.800098]}, "properties": {"var_data": [0.261, -0.25, 0.092, 0.043, 0.858, -0.004, 1, 1, 1, 1, 1]}}, {"type": "Feature", "geometry": {"type": "Point", "coordinates": [1.65382, 40.800098]}, "properties": {"var_data": [0.206, -0.204, 0.067, 0.025, 0.86, -0.001, 1, 1, 1, 1, 1]}}, {"type": "Feature", "geometry": {"type": "Point", "coordinates": [1.68916, 40.800098]}, "properties": {"var_data": [0.182, -0.128, 0.046, 0.016, 0.938, -0.001, 1, 1, 1, 1, 1]}}, {"type": "Feature", "geometry": {"type": "Point", "coordinates": [1.7245, 40.800098]}, "properties": {"var_data": [0.273, -0.144, 0.077, 0.016, 0.877, -0.001, 1, 1, 1, 1, 1]}}, {"type": "Feature", "geometry": {"type": "Point", "coordinates": [1.75984, 40.800098]}, "properties": {"var_data": [0.294, -0.048, 0.057, 0.011, 0.782, -0.001, 1, 1, 1, 1, 1]}}, {"type": "Feature", "geometry": {"type": "Point", "coordinates": [1.79518, 40.800098]}, "properties": {"var_data": [0.455, -0.029, 0.061, 0.011, 0.748, -0.001, 1, 1, 1, 1, 1]}}, {"type": "Feature", "geometry": {"type": "Point", "coordinates": [1.83052, 40.800098]}, "properties": {"var_data": [0.642, 0.034, 0.085, 0.012, 0.76, -0.001, 1, 1, 1, 1, 1]}}, {"type": "Feature", "geometry": {"type": "Point", "coordinates": [1.86586, 40.800098]}, "properties": {"var_data": [0.696, 0.073, 0.08, 0.011, 0.802, -0.0, 4, 4, 1, 1, 1]}}, {"type": "Feature", "geometry": {"type": "Point", "coordinates": [1.9012, 40.800098]}, "properties": {"var_data": [0.892, 0.11, 0.12, 0.024, 1.093, 0.001, 4, 4, 1, 1, 1]}}, {"type": "Feature", "geometry": {"type": "Point", "coordinates": [1.93654, 40.800098]}, "properties": {"var_data": [0.479, 0.086, 0.043, 0.021, 0.882, 0.001, 1, 1, 1, 1, 1]}}, {"type": "Feature", "geometry": {"type": "Point", "coordinates": [1.97188, 40.800098]}, "properties": {"var_data": [0.729, 0.178, 0.048, 0.015, 1.063, 0.001, 4, 4, 1, 1, 1]}}, {"type": "Feature", "geometry": {"type": "Point", "coordinates": [2.00722, 40.800098]}, "properties": {"var_data": [0.696, 0.203, 0.04, 0.014, 0.892, 0.0, 4, 4, 1, 1, 1]}}, {"type": "Feature", "geometry": {"type": "Point", "coordinates": [2.04256, 40.800098]}, "properties": {"var_data": [0.794, 0.257, 0.04, 0.014, 0.887, 0.0, 4, 4, 1, 1, 1]}}, {"type": "Feature", "geometry": {"type": "Point", "coordinates": [2.0779, 40.800098]}, "properties": {"var_data": [0.883, 0.334, 0.054, 0.018, 0.857, 0.001, 4, 4, 1, 1, 1]}}, {"type": "Feature", "geometry": {"type": "Point", "coordinates": [2.11324, 40.800098]}, "properties": {"var_data": [1.072, 0.477, 0.067, 0.026, 0.963, 0.002, 4, 4, 1, 1, 1]}}, {"type": "Feature", "geometry": {"type": "Point", "coordinates": [2.14858, 40.800098]}, "properties": {"var_data": [0.806, 0.315, 0.019, 0.007, 0.834, 0.0, 4, 4, 1, 1, 1]}}, {"type": "Feature", "geometry": {"type": "Point", "coordinates": [2.18392, 40.800098]}, "properties": {"var_data": [0.649, 0.202, 0.02, 0.008, 0.771, -0.0, 1, 1, 1, 1, 1]}}, {"type": "Feature", "geometry": {"type": "Point", "coordinates": [2.21926, 40.800098]}, "properties": {"var_data": [0.534, 0.126, 0.02, 0.008, 0.647, -0.0, 1, 1, 1, 1, 1]}}, {"type": "Feature", "geometry": {"type": "Point", "coordinates": [2.2546, 40.800098]}, "properties": {"var_data": [0.334, -0.038, 0.023, 0.006, 0.507, -0.0, 1, 1, 1, 1, 1]}}, {"type": "Feature", "geometry": {"type": "Point", "coordinates": [2.28994, 40.800098]}, "properties": {"var_data": [0.225, -0.003, 0.022, 0.006, 0.569, -0.0, 1, 1, 1, 1, 1]}}, {"type": "Feature", "geometry": {"type": "Point", "coordinates": [2.32528, 40.800098]}, "properties": {"var_data": [0.236, -0.036, 0.022, 0.006, 0.512, -0.0, 1, 1, 1, 1, 1]}}, {"type": "Feature", "geometry": {"type": "Point", "coordinates": [2.36062, 40.800098]}, "properties": {"var_data": [0.261, -0.062, 0.025, 0.006, 0.49, -0.0, 1, 1, 1, 1, 1]}}, {"type": "Feature", "geometry": {"type": "Point", "coordinates": [2.39596, 40.800098]}, "properties": {"var_data": [0.308, -0.014, 0.021, 0.006, 0.583, -0.0, 1, 1, 1, 1, 1]}}, {"type": "Feature", "geometry": {"type": "Point", "coordinates": [2.4313, 40.800098]}, "properties": {"var_data": [0.232, -0.046, 0.023, 0.006, 0.537, -0.0, 1, 1, 1, 1, 1]}}, {"type": "Feature", "geometry": {"type": "Point", "coordinates": [2.46664, 40.800098]}, "properties": {"var_data": [0.294, -0.072, 0.016, 0.007, 0.632, 0.0, 1, 1, 1, 1, 1]}}, {"type": "Feature", "geometry": {"type": "Point", "coordinates": [2.50198, 40.800098]}, "properties": {"var_data": [0.286, -0.051, 0.018, 0.011, 0.699, 0.0, 1, 1, 1, 1, 1]}}, {"type": "Feature", "geometry": {"type": "Point", "coordinates": [2.53732, 40.800098]}, "properties": {"var_data": [0.279, -0.087, 0.012, 0.007, 0.726, 0.0, 1, 1, 1, 1, 1]}}, {"type": "Feature", "geometry": {"type": "Point", "coordinates": [2.57266, 40.800098]}, "properties": {"var_data": [0.43, -0.017, 0.016, 0.009, 1.12, 0.0, 1, 1, 1, 1, 1]}}, {"type": "Feature", "geometry": {"type": "Point", "coordinates": [2.608, 40.800098]}, "properties": {"var_data": [0.26, -0.195, 0.012, 0.009, 0.767, 0.0, 1, 1, 1, 1, 1]}}, {"type": "Feature", "geometry": {"type": "Point", "coordinates": [1.40644, 40.827099]}, "properties": {"var_data": [1.31, -1.126, 0.258, 0.184, 2.033, -0.047, 4, 4, 4, 1, 4]}}, {"type": "Feature", "geometry": {"type": "Point", "coordinates": [1.44178, 40.827099]}, "properties": {"var_data": [0.504, -0.578, 0.022, 0.008, 1.367, -0.0, 1, 1, 1, 1, 1]}}, {"type": "Feature", "geometry": {"type": "Point", "coordinates": [1.47712, 40.827099]}, "properties": {"var_data": [0.638, -0.588, 0.019, 0.008, 1.186, -0.0, 1, 1, 1, 1, 1]}}, {"type": "Feature", "geometry": {"type": "Point", "coordinates": [1.51246, 40.827099]}, "properties": {"var_data": [0.189, -0.285, 0.014, 0.007, 0.882, -0.0, 1, 1, 1, 1, 1]}}, {"type": "Feature", "geometry": {"type": "Point", "coordinates": [1.5478, 40.827099]}, "properties": {"var_data": [0.089, -0.169, 0.014, 0.007, 0.784, -0.0, 1, 1, 1, 1, 1]}}, {"type": "Feature", "geometry": {"type": "Point", "coordinates": [1.58314, 40.827099]}, "properties": {"var_data": [0.106, -0.167, 0.086, 0.05, 0.864, -0.004, 1, 1, 1, 1, 1]}}, {"type": "Feature", "geometry": {"type": "Point", "coordinates": [1.61848, 40.827099]}, "properties": {"var_data": [0.106, -0.134, 0.087, 0.035, 0.758, -0.003, 1, 1, 1, 1, 1]}}, {"type": "Feature", "geometry": {"type": "Point", "coordinates": [1.65382, 40.827099]}, "properties": {"var_data": [0.003, -0.096, 0.041, 0.015, 0.748, -0.001, 1, 1, 1, 1, 1]}}, {"type": "Feature", "geometry": {"type": "Point", "coordinates": [1.68916, 40.827099]}, "properties": {"var_data": [0.052, -0.079, 0.043, 0.015, 0.75, -0.001, 1, 1, 1, 1, 1]}}, {"type": "Feature", "geometry": {"type": "Point", "coordinates": [1.7245, 40.827099]}, "properties": {"var_data": [0.018, -0.035, 0.037, 0.012, 0.734, -0.0, 1, 1, 1, 1, 1]}}, {"type": "Feature", "geometry": {"type": "Point", "coordinates": [1.75984, 40.827099]}, "properties": {"var_data": [0.293, -0.032, 0.042, 0.013, 0.729, -0.0, 1, 1, 1, 1, 1]}}, {"type": "Feature", "geometry": {"type": "Point", "coordinates": [1.79518, 40.827099]}, "properties": {"var_data": [0.33, -0.025, 0.043, 0.009, 0.63, -0.0, 1, 1, 1, 1, 1]}}, {"type": "Feature", "geometry": {"type": "Point", "coordinates": [1.83052, 40.827099]}, "properties": {"var_data": [0.444, 0.045, 0.062, 0.01, 0.645, -0.0, 1, 1, 1, 1, 1]}}, {"type": "Feature", "geometry": {"type": "Point", "coordinates": [1.86586, 40.827099]}, "properties": {"var_data": [0.551, 0.037, 0.086, 0.02, 0.649, 0.0, 1, 1, 1, 1, 1]}}, {"type": "Feature", "geometry": {"type": "Point", "coordinates": [1.9012, 40.827099]}, "properties": {"var_data": [0.436, 0.033, 0.034, 0.018, 0.684, -0.0, 1, 1, 1, 1, 1]}}, {"type": "Feature", "geometry": {"type": "Point", "coordinates": [1.93654, 40.827099]}, "properties": {"var_data": [0.397, 0.051, 0.029, 0.015, 0.771, -0.0, 1, 1, 1, 1, 1]}}, {"type": "Feature", "geometry": {"type": "Point", "coordinates": [1.97188, 40.827099]}, "properties": {"var_data": [0.388, 0.07, 0.017, 0.009, 0.651, -0.0, 1, 1, 1, 1, 1]}}, {"type": "Feature", "geometry": {"type": "Point", "coordinates": [2.00722, 40.827099]}, "properties": {"var_data": [0.674, 0.216, 0.045, 0.015, 0.922, 0.001, 4, 4, 1, 1, 1]}}, {"type": "Feature", "geometry": {"type": "Point", "coordinates": [2.04256, 40.827099]}, "properties": {"var_data": [0.822, 0.265, 0.039, 0.014, 0.822, 0.0, 4, 4, 1, 1, 1]}}, {"type": "Feature", "geometry": {"type": "Point", "coordinates": [2.0779, 40.827099]}, "properties": {"var_data": [0.686, 0.215, 0.026, 0.009, 0.768, 0.0, 4, 4, 1, 1, 1]}}, {"type": "Feature", "geometry": {"type": "Point", "coordinates": [2.11324, 40.827099]}, "properties": {"var_data": [0.553, 0.141, 0.016, 0.007, 0.7, -0.0, 1, 1, 1, 1, 1]}}, {"type": "Feature", "geometry": {"type": "Point", "coordinates": [2.14858, 40.827099]}, "properties": {"var_data": [0.52, 0.155, 0.016, 0.006, 0.586, -0.0, 1, 1, 1, 1, 1]}}, {"type": "Feature", "geometry": {"type": "Point", "coordinates": [2.18392, 40.827099]}, "properties": {"var_data": [0.369, 0.031, 0.016, 0.006, 0.494, -0.0, 1, 1, 1, 1, 1]}}, {"type": "Feature", "geometry": {"type": "Point", "coordinates": [2.21926, 40.827099]}, "properties": {"var_data": [0.36, 0.013, 0.024, 0.009, 0.551, -0.0, 1, 1, 1, 1, 1]}}, {"type": "Feature", "geometry": {"type": "Point", "coordinates": [2.2546, 40.827099]}, "properties": {"var_data": [0.201, -0.028, 0.023, 0.007, 0.453, -0.0, 1, 1, 1, 1, 1]}}, {"type": "Feature", "geometry": {"type": "Point", "coordinates": [2.28994, 40.827099]}, "properties": {"var_data": [0.216, -0.046, 0.023, 0.008, 0.444, -0.0, 1, 1, 1, 1, 1]}}, {"type": "Feature", "geometry": {"type": "Point", "coordinates": [2.32528, 40.827099]}, "properties": {"var_data": [0.249, -0.019, 0.024, 0.009, 0.493, -0.0, 1, 1, 1, 1, 1]}}, {"type": "Feature", "geometry": {"type": "Point", "coordinates": [2.36062, 40.827099]}, "properties": {"var_data": [0.22, -0.066, 0.025, 0.007, 0.445, -0.0, 1, 1, 1, 1, 1]}}, {"type": "Feature", "geometry": {"type": "Point", "coordinates": [2.39596, 40.827099]}, "properties": {"var_data": [0.252, -0.027, 0.026, 0.007, 0.596, -0.0, 1, 1, 1, 1, 1]}}, {"type": "Feature", "geometry": {"type": "Point", "coordinates": [2.4313, 40.827099]}, "properties": {"var_data": [0.191, -0.062, 0.033, 0.007, 0.51, -0.0, 1, 1, 1, 1, 1]}}, {"type": "Feature", "geometry": {"type": "Point", "coordinates": [2.46664, 40.827099]}, "properties": {"var_data": [0.204, -0.073, 0.038, 0.009, 0.527, -0.0, 1, 1, 1, 1, 1]}}, {"type": "Feature", "geometry": {"type": "Point", "coordinates": [2.50198, 40.827099]}, "properties": {"var_data": [0.208, -0.036, 0.047, 0.013, 0.689, 0.0, 1, 1, 1, 1, 1]}}, {"type": "Feature", "geometry": {"type": "Point", "coordinates": [2.53732, 40.827099]}, "properties": {"var_data": [0.136, -0.116, 0.037, 0.008, 0.745, 0.0, 1, 1, 1, 1, 1]}}, {"type": "Feature", "geometry": {"type": "Point", "coordinates": [2.57266, 40.827099]}, "properties": {"var_data": [0.254, -0.041, 0.012, 0.009, 1.128, 0.0, 1, 1, 1, 1, 1]}}, {"type": "Feature", "geometry": {"type": "Point", "coordinates": [2.608, 40.827099]}, "properties": {"var_data": [0.2, -0.183, 0.012, 0.009, 0.738, 0.0, 1, 1, 1, 1, 1]}}, {"type": "Feature", "geometry": {"type": "Point", "coordinates": [2.64334, 40.827099]}, "properties": {"var_data": [0.376, -0.179, 0.015, 0.009, 0.766, 0.0, 1, 1, 1, 1, 1]}}, {"type": "Feature", "geometry": {"type": "Point", "coordinates": [1.40644, 40.854099]}, "properties": {"var_data": [0.883, -0.991, 0.238, 0.179, 2.705, -0.041, 4, 0, 4, 1, 1]}}, {"type": "Feature", "geometry": {"type": "Point", "coordinates": [1.44178, 40.854099]}, "properties": {"var_data": [0.361, -0.497, 0.022, 0.008, 1.283, -0.0, 1, 1, 1, 1, 1]}}, {"type": "Feature", "geometry": {"type": "Point", "coordinates": [1.47712, 40.854099]}, "properties": {"var_data": [0.395, -0.427, 0.014, 0.007, 1.164, -0.0, 1, 1, 1, 1, 1]}}, {"type": "Feature", "geometry": {"type": "Point", "coordinates": [1.51246, 40.854099]}, "properties": {"var_data": [0.166, -0.248, 0.014, 0.007, 0.862, -0.0, 1, 1, 1, 1, 1]}}, {"type": "Feature", "geometry": {"type": "Point", "coordinates": [1.5478, 40.854099]}, "properties": {"var_data": [0.122, -0.174, 0.014, 0.007, 0.806, -0.0, 1, 1, 1, 1, 1]}}, {"type": "Feature", "geometry": {"type": "Point", "coordinates": [1.58314, 40.854099]}, "properties": {"var_data": [-0.019, -0.076, 0.055, 0.038, 0.697, -0.002, 1, 1, 1, 1, 1]}}, {"type": "Feature", "geometry": {"type": "Point", "coordinates": [1.61848, 40.854099]}, "properties": {"var_data": [-0.064, -0.053, 0.044, 0.018, 0.683, -0.001, 1, 1, 1, 1, 1]}}, {"type": "Feature", "geometry": {"type": "Point", "coordinates": [1.65382, 40.854099]}, "properties": {"var_data": [-0.076, -0.046, 0.04, 0.016, 0.69, -0.001, 1, 1, 1, 1, 1]}}, {"type": "Feature", "geometry": {"type": "Point", "coordinates": [1.68916, 40.854099]}, "properties": {"var_data": [-0.074, -0.024, 0.04, 0.015, 0.693, -0.0, 1, 1, 1, 1, 1]}}, {"type": "Feature", "geometry": {"type": "Point", "coordinates": [1.7245, 40.854099]}, "properties": {"var_data": [0.048, -0.039, 0.029, 0.01, 0.604, -0.0, 1, 1, 1, 1, 1]}}, {"type": "Feature", "geometry": {"type": "Point", "coordinates": [1.75984, 40.854099]}, "properties": {"var_data": [0.092, -0.027, 0.032, 0.01, 0.582, -0.0, 1, 1, 1, 1, 1]}}, {"type": "Feature", "geometry": {"type": "Point", "coordinates": [1.79518, 40.854099]}, "properties": {"var_data": [0.186, -0.042, 0.04, 0.012, 0.56, -0.0, 1, 1, 1, 1, 1]}}, {"type": "Feature", "geometry": {"type": "Point", "coordinates": [1.83052, 40.854099]}, "properties": {"var_data": [0.273, -0.001, 0.045, 0.015, 0.599, 0.0, 1, 1, 1, 1, 1]}}, {"type": "Feature", "geometry": {"type": "Point", "coordinates": [1.86586, 40.854099]}, "properties": {"var_data": [0.274, -0.013, 0.026, 0.015, 0.507, -0.0, 1, 1, 1, 1, 1]}}, {"type": "Feature", "geometry": {"type": "Point", "coordinates": [1.9012, 40.854099]}, "properties": {"var_data": [0.363, 0.023, 0.028, 0.014, 0.59, -0.0, 1, 1, 1, 1, 1]}}, {"type": "Feature", "geometry": {"type": "Point", "coordinates": [1.93654, 40.854099]}, "properties": {"var_data": [0.267, 0.018, 0.025, 0.013, 0.527, -0.0, 1, 1, 1, 1, 1]}}, {"type": "Feature", "geometry": {"type": "Point", "coordinates": [1.97188, 40.854099]}, "properties": {"var_data": [0.207, 0.033, 0.022, 0.011, 0.585, -0.0, 1, 1, 1, 1, 1]}}, {"type": "Feature", "geometry": {"type": "Point", "coordinates": [2.00722, 40.854099]}, "properties": {"var_data": [0.206, 0.045, 0.017, 0.007, 0.661, -0.0, 1, 1, 1, 1, 1]}}, {"type": "Feature", "geometry": {"type": "Point", "coordinates": [2.04256, 40.854099]}, "properties": {"var_data": [0.454, 0.097, 0.026, 0.009, 0.721, 0.0, 1, 1, 1, 1, 1]}}, {"type": "Feature", "geometry": {"type": "Point", "coordinates": [2.0779, 40.854099]}, "properties": {"var_data": [0.4, 0.063, 0.017, 0.007, 0.559, -0.0, 1, 1, 1, 1, 1]}}, {"type": "Feature", "geometry": {"type": "Point", "coordinates": [2.11324, 40.854099]}, "properties": {"var_data": [0.367, 0.08, 0.018, 0.007, 0.568, -0.0, 1, 1, 1, 1, 1]}}, {"type": "Feature", "geometry": {"type": "Point", "coordinates": [2.14858, 40.854099]}, "properties": {"var_data": [0.495, 0.133, 0.019, 0.008, 0.595, -0.0, 1, 1, 1, 1, 1]}}, {"type": "Feature", "geometry": {"type": "Point", "coordinates": [2.18392, 40.854099]}, "properties": {"var_data": [0.294, 0.005, 0.019, 0.007, 0.45, -0.0, 1, 1, 1, 1, 1]}}, {"type": "Feature", "geometry": {"type": "Point", "coordinates": [2.21926, 40.854099]}, "properties": {"var_data": [0.331, 0.018, 0.025, 0.009, 0.511, -0.0, 1, 1, 1, 1, 1]}}, {"type": "Feature", "geometry": {"type": "Point", "coordinates": [2.2546, 40.854099]}, "properties": {"var_data": [0.271, -0.009, 0.023, 0.009, 0.418, -0.0, 1, 1, 1, 1, 1]}}, {"type": "Feature", "geometry": {"type": "Point", "coordinates": [2.28994, 40.854099]}, "properties": {"var_data": [0.251, -0.041, 0.033, 0.014, 0.434, -0.0, 1, 1, 1, 1, 1]}}, {"type": "Feature", "geometry": {"type": "Point", "coordinates": [2.32528, 40.854099]}, "properties": {"var_data": [0.21, -0.011, 0.03, 0.019, 0.504, 0.0, 1, 1, 1, 1, 1]}}, {"type": "Feature", "geometry": {"type": "Point", "coordinates": [2.36062, 40.854099]}, "properties": {"var_data": [0.196, -0.031, 0.023, 0.008, 0.424, 0.0, 1, 1, 1, 1, 1]}}, {"type": "Feature", "geometry": {"type": "Point", "coordinates": [2.39596, 40.854099]}, "properties": {"var_data": [0.204, -0.05, 0.025, 0.007, 0.507, -0.0, 1, 1, 1, 1, 1]}}, {"type": "Feature", "geometry": {"type": "Point", "coordinates": [2.4313, 40.854099]}, "properties": {"var_data": [0.23, -0.05, 0.032, 0.009, 0.482, -0.0, 1, 1, 1, 1, 1]}}, {"type": "Feature", "geometry": {"type": "Point", "coordinates": [2.46664, 40.854099]}, "properties": {"var_data": [0.099, -0.063, 0.036, 0.008, 0.541, -0.0, 1, 1, 1, 1, 1]}}, {"type": "Feature", "geometry": {"type": "Point", "coordinates": [2.50198, 40.854099]}, "properties": {"var_data": [0.138, -0.078, 0.035, 0.013, 0.7, 0.0, 1, 1, 1, 1, 1]}}, {"type": "Feature", "geometry": {"type": "Point", "coordinates": [2.53732, 40.854099]}, "properties": {"var_data": [0.107, -0.08, 0.034, 0.009, 0.728, 0.0, 1, 1, 1, 1, 1]}}, {"type": "Feature", "geometry": {"type": "Point", "coordinates": [2.57266, 40.854099]}, "properties": {"var_data": [0.26, -0.028, 0.014, 0.009, 0.76, 0.0, 1, 1, 1, 1, 1]}}, {"type": "Feature", "geometry": {"type": "Point", "coordinates": [2.608, 40.854099]}, "properties": {"var_data": [0.263, -0.076, 0.015, 0.009, 0.635, 0.0, 1, 1, 1, 1, 1]}}, {"type": "Feature", "geometry": {"type": "Point", "coordinates": [2.64334, 40.854099]}, "properties": {"var_data": [0.226, -0.183, 0.033, 0.045, 0.696, 0.001, 1, 1, 1, 1, 1]}}, {"type": "Feature", "geometry": {"type": "Point", "coordinates": [1.40644, 40.8811]}, "properties": {"var_data": [0.967, -1.085, 0.244, 0.183, 3.131, -0.043, 4, 0, 4, 1, 1]}}, {"type": "Feature", "geometry": {"type": "Point", "coordinates": [1.44178, 40.8811]}, "properties": {"var_data": [0.047, -0.434, 0.073, 0.015, 1.528, -0.001, 1, 1, 1, 1, 1]}}, {"type": "Feature", "geometry": {"type": "Point", "coordinates": [1.47712, 40.8811]}, "properties": {"var_data": [0.373, -0.388, 0.015, 0.007, 1.151, -0.0, 1, 1, 1, 1, 1]}}, {"type": "Feature", "geometry": {"type": "Point", "coordinates": [1.51246, 40.8811]}, "properties": {"var_data": [0.203, -0.248, 0.015, 0.007, 0.861, -0.0, 1, 1, 1, 1, 1]}}, {"type": "Feature", "geometry": {"type": "Point", "coordinates": [1.5478, 40.8811]}, "properties": {"var_data": [0.068, -0.128, 0.015, 0.007, 0.764, -0.0, 1, 1, 1, 1, 1]}}, {"type": "Feature", "geometry": {"type": "Point", "coordinates": [1.58314, 40.8811]}, "properties": {"var_data": [-0.029, -0.042, 0.051, 0.035, 0.613, -0.002, 1, 1, 1, 1, 1]}}, {"type": "Feature", "geometry": {"type": "Point", "coordinates": [1.61848, 40.8811]}, "properties": {"var_data": [-0.025, -0.05, 0.071, 0.038, 0.668, -0.003, 1, 1, 1, 1, 1]}}, {"type": "Feature", "geometry": {"type": "Point", "coordinates": [1.65382, 40.8811]}, "properties": {"var_data": [-0.089, -0.013, 0.028, 0.013, 0.598, -0.0, 1, 1, 1, 1, 1]}}, {"type": "Feature", "geometry": {"type": "Point", "coordinates": [1.68916, 40.8811]}, "properties": {"var_data": [-0.02, -0.034, 0.03, 0.011, 0.599, -0.0, 1, 1, 1, 1, 1]}}, {"type": "Feature", "geometry": {"type": "Point", "coordinates": [1.7245, 40.8811]}, "properties": {"var_data": [0.005, -0.026, 0.027, 0.009, 0.575, -0.0, 1, 1, 1, 1, 1]}}, {"type": "Feature", "geometry": {"type": "Point", "coordinates": [1.75984, 40.8811]}, "properties": {"var_data": [-0.0, -0.015, 0.028, 0.008, 0.569, -0.0, 1, 1, 1, 1, 1]}}, {"type": "Feature", "geometry": {"type": "Point", "coordinates": [1.79518, 40.8811]}, "properties": {"var_data": [0.016, -0.027, 0.02, 0.007, 0.496, -0.0, 1, 1, 1, 1, 1]}}, {"type": "Feature", "geometry": {"type": "Point", "coordinates": [1.83052, 40.8811]}, "properties": {"var_data": [0.049, -0.017, 0.018, 0.009, 0.465, -0.0, 1, 1, 1, 1, 1]}}, {"type": "Feature", "geometry": {"type": "Point", "coordinates": [1.86586, 40.8811]}, "properties": {"var_data": [0.103, -0.017, 0.02, 0.013, 0.462, -0.0, 1, 1, 1, 1, 1]}}, {"type": "Feature", "geometry": {"type": "Point", "coordinates": [1.9012, 40.8811]}, "properties": {"var_data": [0.11, -0.018, 0.018, 0.011, 0.425, -0.0, 1, 1, 1, 1, 1]}}, {"type": "Feature", "geometry": {"type": "Point", "coordinates": [1.93654, 40.8811]}, "properties": {"var_data": [0.152, 0.031, 0.022, 0.01, 0.541, -0.0, 1, 1, 1, 1, 1]}}, {"type": "Feature", "geometry": {"type": "Point", "coordinates": [1.97188, 40.8811]}, "properties": {"var_data": [0.284, 0.033, 0.021, 0.01, 0.504, -0.0, 1, 1, 1, 1, 1]}}, {"type": "Feature", "geometry": {"type": "Point", "coordinates": [2.00722, 40.8811]}, "properties": {"var_data": [0.258, 0.035, 0.027, 0.01, 0.586, 0.0, 1, 1, 1, 1, 1]}}, {"type": "Feature", "geometry": {"type": "Point", "coordinates": [2.04256, 40.8811]}, "properties": {"var_data": [0.166, 0.021, 0.025, 0.01, 0.665, 0.0, 1, 1, 1, 1, 1]}}, {"type": "Feature", "geometry": {"type": "Point", "coordinates": [2.0779, 40.8811]}, "properties": {"var_data": [0.217, 0.004, 0.017, 0.007, 0.569, -0.0, 1, 1, 1, 1, 1]}}, {"type": "Feature", "geometry": {"type": "Point", "coordinates": [2.11324, 40.8811]}, "properties": {"var_data": [0.258, 0.014, 0.016, 0.007, 0.5, -0.0, 1, 1, 1, 1, 1]}}, {"type": "Feature", "geometry": {"type": "Point", "coordinates": [2.14858, 40.8811]}, "properties": {"var_data": [0.452, 0.125, 0.02, 0.009, 0.544, -0.0, 1, 1, 1, 1, 1]}}, {"type": "Feature", "geometry": {"type": "Point", "coordinates": [2.18392, 40.8811]}, "properties": {"var_data": [0.327, 0.016, 0.022, 0.01, 0.456, -0.0, 1, 1, 1, 1, 1]}}, {"type": "Feature", "geometry": {"type": "Point", "coordinates": [2.21926, 40.8811]}, "properties": {"var_data": [0.315, 0.014, 0.028, 0.012, 0.444, -0.0, 1, 1, 1, 1, 1]}}, {"type": "Feature", "geometry": {"type": "Point", "coordinates": [2.2546, 40.8811]}, "properties": {"var_data": [0.264, -0.018, 0.033, 0.013, 0.43, -0.0, 1, 1, 1, 1, 1]}}, {"type": "Feature", "geometry": {"type": "Point", "coordinates": [2.28994, 40.8811]}, "properties": {"var_data": [0.253, -0.029, 0.025, 0.014, 0.37, 0.0, 1, 1, 1, 1, 1]}}, {"type": "Feature", "geometry": {"type": "Point", "coordinates": [2.32528, 40.8811]}, "properties": {"var_data": [0.294, -0.006, 0.029, 0.018, 0.435, 0.0, 1, 1, 1, 1, 1]}}, {"type": "Feature", "geometry": {"type": "Point", "coordinates": [2.36062, 40.8811]}, "properties": {"var_data": [0.236, -0.019, 0.019, 0.011, 0.396, 0.0, 1, 1, 1, 1, 1]}}, {"type": "Feature", "geometry": {"type": "Point", "coordinates": [2.39596, 40.8811]}, "properties": {"var_data": [0.179, -0.029, 0.02, 0.009, 0.46, 0.0, 1, 1, 1, 1, 1]}}, {"type": "Feature", "geometry": {"type": "Point", "coordinates": [2.4313, 40.8811]}, "properties": {"var_data": [0.123, -0.059, 0.034, 0.01, 0.533, -0.0, 1, 1, 1, 1, 1]}}, {"type": "Feature", "geometry": {"type": "Point", "coordinates": [2.46664, 40.8811]}, "properties": {"var_data": [0.094, -0.052, 0.024, 0.013, 0.557, 0.0, 1, 1, 1, 1, 1]}}, {"type": "Feature", "geometry": {"type": "Point", "coordinates": [2.50198, 40.8811]}, "properties": {"var_data": [0.127, -0.041, 0.031, 0.031, 0.753, 0.001, 1, 1, 1, 1, 1]}}, {"type": "Feature", "geometry": {"type": "Point", "coordinates": [2.53732, 40.8811]}, "properties": {"var_data": [0.146, -0.035, 0.036, 0.03, 0.627, 0.001, 1, 1, 1, 1, 1]}}, {"type": "Feature", "geometry": {"type": "Point", "coordinates": [2.57266, 40.8811]}, "properties": {"var_data": [0.213, -0.03, 0.012, 0.01, 0.723, 0.0, 1, 1, 1, 1, 1]}}, {"type": "Feature", "geometry": {"type": "Point", "coordinates": [2.608, 40.8811]}, "properties": {"var_data": [0.237, -0.049, 0.012, 0.01, 0.645, 0.0, 1, 1, 1, 1, 1]}}, {"type": "Feature", "geometry": {"type": "Point", "coordinates": [2.64334, 40.8811]}, "properties": {"var_data": [0.222, -0.091, 0.011, 0.01, 0.597, 0.0, 1, 1, 1, 1, 1]}}, {"type": "Feature", "geometry": {"type": "Point", "coordinates": [2.67868, 40.8811]}, "properties": {"var_data": [0.231, -0.163, 0.013, 0.006, 0.607, 0.0, 1, 1, 1, 1, 1]}}, {"type": "Feature", "geometry": {"type": "Point", "coordinates": [2.71402, 40.8811]}, "properties": {"var_data": [0.243, -0.117, 0.021, 0.007, 0.55, 0.0, 1, 1, 1, 1, 1]}}, {"type": "Feature", "geometry": {"type": "Point", "coordinates": [2.74936, 40.8811]}, "properties": {"var_data": [0.153, -0.146, 0.013, 0.006, 0.53, 0.0, 1, 1, 1, 1, 1]}}, {"type": "Feature", "geometry": {"type": "Point", "coordinates": [1.22974, 40.9081]}, "properties": {"var_data": [0.918, -1.476, 0.058, 0.05, 3.469, -0.003, 4, 1, 4, 1, 4]}}, {"type": "Feature", "geometry": {"type": "Point", "coordinates": [1.26508, 40.9081]}, "properties": {"var_data": [0.719, -1.251, 0.062, 0.054, 3.868, -0.003, 4, 4, 4, 1, 1]}}, {"type": "Feature", "geometry": {"type": "Point", "coordinates": [1.30042, 40.9081]}, "properties": {"var_data": [0.549, -1.193, 0.063, 0.054, 3.855, -0.003, 4, 4, 4, 1, 1]}}, {"type": "Feature", "geometry": {"type": "Point", "coordinates": [1.33576, 40.9081]}, "properties": {"var_data": [0.591, -1.153, 0.271, 0.226, 2.252, -0.061, 4, 0, 4, 1, 1]}}, {"type": "Feature", "geometry": {"type": "Point", "coordinates": [1.3711, 40.9081]}, "properties": {"var_data": [0.667, -0.928, 0.137, 0.132, 1.872, -0.017, 1, 0, 1, 1, 1]}}, {"type": "Feature", "geometry": {"type": "Point", "coordinates": [1.40644, 40.9081]}, "properties": {"var_data": [0.362, -0.621, 0.101, 0.083, 1.544, -0.008, 4, 4, 1, 1, 1]}}, {"type": "Feature", "geometry": {"type": "Point", "coordinates": [1.44178, 40.9081]}, "properties": {"var_data": [-0.416, -0.268, 0.147, 0.094, 1.745, -0.013, 1, 1, 1, 1, 1]}}, {"type": "Feature", "geometry": {"type": "Point", "coordinates": [1.47712, 40.9081]}, "properties": {"var_data": [0.281, -0.341, 0.014, 0.007, 1.201, -0.0, 1, 1, 1, 1, 1]}}, {"type": "Feature", "geometry": {"type": "Point", "coordinates": [1.51246, 40.9081]}, "properties": {"var_data": [0.164, -0.239, 0.014, 0.007, 0.853, -0.0, 1, 1, 1, 1, 1]}}, {"type": "Feature", "geometry": {"type": "Point", "coordinates": [1.5478, 40.9081]}, "properties": {"var_data": [0.04, -0.119, 0.072, 0.052, 0.675, -0.004, 1, 1, 1, 1, 1]}}, {"type": "Feature", "geometry": {"type": "Point", "coordinates": [1.58314, 40.9081]}, "properties": {"var_data": [-0.045, -0.034, 0.053, 0.038, 0.585, -0.002, 1, 1, 1, 1, 1]}}, {"type": "Feature", "geometry": {"type": "Point", "coordinates": [1.61848, 40.9081]}, "properties": {"var_data": [-0.088, -0.014, 0.033, 0.019, 0.53, -0.001, 1, 1, 1, 1, 1]}}, {"type": "Feature", "geometry": {"type": "Point", "coordinates": [1.65382, 40.9081]}, "properties": {"var_data": [-0.108, -0.001, 0.033, 0.017, 0.564, -0.001, 1, 1, 1, 1, 1]}}, {"type": "Feature", "geometry": {"type": "Point", "coordinates": [1.68916, 40.9081]}, "properties": {"var_data": [-0.035, -0.018, 0.023, 0.01, 0.514, -0.0, 1, 1, 1, 1, 1]}}, {"type": "Feature", "geometry": {"type": "Point", "coordinates": [1.7245, 40.9081]}, "properties": {"var_data": [-0.032, -0.008, 0.022, 0.008, 0.528, -0.0, 1, 1, 1, 1, 1]}}, {"type": "Feature", "geometry": {"type": "Point", "coordinates": [1.75984, 40.9081]}, "properties": {"var_data": [-0.051, -0.001, 0.023, 0.008, 0.501, -0.0, 1, 1, 1, 1, 1]}}, {"type": "Feature", "geometry": {"type": "Point", "coordinates": [1.79518, 40.9081]}, "properties": {"var_data": [-0.023, -0.025, 0.02, 0.007, 0.446, -0.0, 1, 1, 1, 1, 1]}}, {"type": "Feature", "geometry": {"type": "Point", "coordinates": [1.83052, 40.9081]}, "properties": {"var_data": [-0.025, -0.011, 0.017, 0.009, 0.442, -0.0, 1, 1, 1, 1, 1]}}, {"type": "Feature", "geometry": {"type": "Point", "coordinates": [1.86586, 40.9081]}, "properties": {"var_data": [0.074, -0.014, 0.016, 0.009, 0.39, -0.0, 1, 1, 1, 1, 1]}}, {"type": "Feature", "geometry": {"type": "Point", "coordinates": [1.9012, 40.9081]}, "properties": {"var_data": [0.12, -0.014, 0.015, 0.009, 0.373, -0.0, 1, 1, 1, 1, 1]}}, {"type": "Feature", "geometry": {"type": "Point", "coordinates": [1.93654, 40.9081]}, "properties": {"var_data": [0.193, -0.004, 0.016, 0.01, 0.4, -0.0, 1, 1, 1, 1, 1]}}, {"type": "Feature", "geometry": {"type": "Point", "coordinates": [1.97188, 40.9081]}, "properties": {"var_data": [0.321, 0.022, 0.014, 0.008, 0.441, -0.0, 1, 1, 1, 1, 1]}}, {"type": "Feature", "geometry": {"type": "Point", "coordinates": [2.00722, 40.9081]}, "properties": {"var_data": [0.326, 0.02, 0.011, 0.006, 0.442, -0.0, 1, 1, 1, 1, 1]}}, {"type": "Feature", "geometry": {"type": "Point", "coordinates": [2.04256, 40.9081]}, "properties": {"var_data": [0.287, 0.017, 0.01, 0.005, 0.516, -0.0, 1, 1, 1, 1, 1]}}, {"type": "Feature", "geometry": {"type": "Point", "coordinates": [2.0779, 40.9081]}, "properties": {"var_data": [0.308, 0.038, 0.023, 0.009, 0.534, 0.0, 1, 1, 1, 1, 1]}}, {"type": "Feature", "geometry": {"type": "Point", "coordinates": [2.11324, 40.9081]}, "properties": {"var_data": [0.221, 0.027, 0.017, 0.008, 0.455, -0.0, 1, 1, 1, 1, 1]}}, {"type": "Feature", "geometry": {"type": "Point", "coordinates": [2.14858, 40.9081]}, "properties": {"var_data": [0.276, 0.052, 0.018, 0.008, 0.456, -0.0, 1, 1, 1, 1, 1]}}, {"type": "Feature", "geometry": {"type": "Point", "coordinates": [2.18392, 40.9081]}, "properties": {"var_data": [0.34, 0.053, 0.023, 0.01, 0.449, -0.0, 1, 1, 1, 1, 1]}}, {"type": "Feature", "geometry": {"type": "Point", "coordinates": [2.21926, 40.9081]}, "properties": {"var_data": [0.288, 0.029, 0.028, 0.017, 0.395, 0.0, 1, 1, 1, 1, 1]}}, {"type": "Feature", "geometry": {"type": "Point", "coordinates": [2.2546, 40.9081]}, "properties": {"var_data": [0.292, 0.021, 0.028, 0.018, 0.419, 0.0, 1, 1, 1, 1, 1]}}, {"type": "Feature", "geometry": {"type": "Point", "coordinates": [2.28994, 40.9081]}, "properties": {"var_data": [0.287, -0.003, 0.025, 0.015, 0.358, 0.0, 1, 1, 1, 1, 1]}}, {"type": "Feature", "geometry": {"type": "Point", "coordinates": [2.32528, 40.9081]}, "properties": {"var_data": [0.26, -0.0, 0.024, 0.021, 0.391, 0.0, 1, 1, 1, 1, 1]}}, {"type": "Feature", "geometry": {"type": "Point", "coordinates": [2.36062, 40.9081]}, "properties": {"var_data": [0.231, -0.023, 0.019, 0.012, 0.408, 0.0, 1, 1, 1, 1, 1]}}, {"type": "Feature", "geometry": {"type": "Point", "coordinates": [2.39596, 40.9081]}, "properties": {"var_data": [0.183, -0.032, 0.02, 0.011, 0.405, 0.0, 1, 1, 1, 1, 1]}}, {"type": "Feature", "geometry": {"type": "Point", "coordinates": [2.4313, 40.9081]}, "properties": {"var_data": [0.166, -0.045, 0.019, 0.013, 0.526, 0.0, 1, 1, 1, 1, 1]}}, {"type": "Feature", "geometry": {"type": "Point", "coordinates": [2.46664, 40.9081]}, "properties": {"var_data": [0.127, -0.044, 0.024, 0.013, 0.524, 0.0, 1, 1, 1, 1, 1]}}, {"type": "Feature", "geometry": {"type": "Point", "coordinates": [2.50198, 40.9081]}, "properties": {"var_data": [0.169, 0.017, 0.032, 0.032, 0.952, 0.001, 1, 1, 1, 1, 1]}}, {"type": "Feature", "geometry": {"type": "Point", "coordinates": [2.53732, 40.9081]}, "properties": {"var_data": [0.171, -0.038, 0.019, 0.01, 0.636, -0.0, 1, 1, 1, 1, 1]}}, {"type": "Feature", "geometry": {"type": "Point", "coordinates": [2.57266, 40.9081]}, "properties": {"var_data": [0.205, -0.036, 0.025, 0.011, 0.615, -0.0, 1, 1, 1, 1, 1]}}, {"type": "Feature", "geometry": {"type": "Point", "coordinates": [2.608, 40.9081]}, "properties": {"var_data": [0.24, -0.047, 0.022, 0.01, 0.566, -0.0, 1, 1, 1, 1, 1]}}, {"type": "Feature", "geometry": {"type": "Point", "coordinates": [2.64334, 40.9081]}, "properties": {"var_data": [0.271, -0.086, 0.015, 0.009, 0.588, -0.0, 1, 1, 1, 1, 1]}}, {"type": "Feature", "geometry": {"type": "Point", "coordinates": [2.67868, 40.9081]}, "properties": {"var_data": [0.254, -0.139, 0.018, 0.006, 0.67, 0.0, 1, 1, 1, 1, 1]}}, {"type": "Feature", "geometry": {"type": "Point", "coordinates": [2.71402, 40.9081]}, "properties": {"var_data": [0.303, -0.118, 0.017, 0.006, 0.612, 0.0, 1, 1, 1, 1, 1]}}, {"type": "Feature", "geometry": {"type": "Point", "coordinates": [2.74936, 40.9081]}, "properties": {"var_data": [0.284, -0.093, 0.017, 0.006, 0.489, 0.0, 1, 1, 1, 1, 1]}}, {"type": "Feature", "geometry": {"type": "Point", "coordinates": [2.7847, 40.9081]}, "properties": {"var_data": [0.275, -0.094, 0.023, 0.006, 0.506, 0.0, 1, 1, 1, 1, 1]}}, {"type": "Feature", "geometry": {"type": "Point", "coordinates": [2.82004, 40.9081]}, "properties": {"var_data": [0.225, -0.07, 0.017, 0.009, 0.481, 0.0, 1, 1, 1, 1, 1]}}, {"type": "Feature", "geometry": {"type": "Point", "coordinates": [2.85538, 40.9081]}, "properties": {"var_data": [0.212, -0.116, 0.017, 0.008, 0.515, 0.0, 1, 1, 1, 1, 1]}}, {"type": "Feature", "geometry": {"type": "Point", "coordinates": [1.22974, 40.935101]}, "properties": {"var_data": [0.792, -1.313, 0.058, 0.05, 3.587, -0.003, 4, 1, 4, 1, 1]}}, {"type": "Feature", "geometry": {"type": "Point", "coordinates": [1.26508, 40.935101]}, "properties": {"var_data": [0.854, -1.397, 0.058, 0.05, 3.489, -0.003, 4, 4, 4, 1, 1]}}, {"type": "Feature", "geometry": {"type": "Point", "coordinates": [1.30042, 40.935101]}, "properties": {"var_data": [0.707, -1.332, 0.06, 0.052, 2.927, -0.003, 4, 4, 4, 1, 1]}}, {"type": "Feature", "geometry": {"type": "Point", "coordinates": [1.33576, 40.935101]}, "properties": {"var_data": [0.975, -1.521, 0.057, 0.05, 2.293, -0.003, 4, 4, 4, 1, 4]}}, {"type": "Feature", "geometry": {"type": "Point", "coordinates": [1.3711, 40.935101]}, "properties": {"var_data": [0.378, -0.776, 0.034, 0.027, 1.348, -0.001, 4, 4, 1, 1, 1]}}, {"type": "Feature", "geometry": {"type": "Point", "coordinates": [1.40644, 40.935101]}, "properties": {"var_data": [0.372, -0.599, 0.102, 0.061, 1.775, -0.006, 4, 4, 1, 1, 1]}}, {"type": "Feature", "geometry": {"type": "Point", "coordinates": [1.44178, 40.935101]}, "properties": {"var_data": [0.086, -0.35, 0.091, 0.055, 1.197, -0.005, 1, 1, 1, 1, 1]}}, {"type": "Feature", "geometry": {"type": "Point", "coordinates": [1.47712, 40.935101]}, "properties": {"var_data": [0.099, -0.279, 0.106, 0.087, 1.48, -0.009, 1, 1, 1, 1, 1]}}, {"type": "Feature", "geometry": {"type": "Point", "coordinates": [1.51246, 40.935101]}, "properties": {"var_data": [0.07, -0.175, 0.089, 0.072, 0.948, -0.006, 1, 1, 1, 1, 1]}}, {"type": "Feature", "geometry": {"type": "Point", "coordinates": [1.5478, 40.935101]}, "properties": {"var_data": [-0.027, -0.111, 0.083, 0.066, 0.698, -0.005, 1, 1, 1, 1, 1]}}, {"type": "Feature", "geometry": {"type": "Point", "coordinates": [1.58314, 40.935101]}, "properties": {"var_data": [-0.051, -0.043, 0.048, 0.032, 0.541, -0.002, 1, 1, 1, 1, 1]}}, {"type": "Feature", "geometry": {"type": "Point", "coordinates": [1.61848, 40.935101]}, "properties": {"var_data": [-0.087, -0.016, 0.03, 0.018, 0.485, -0.001, 1, 1, 1, 1, 1]}}, {"type": "Feature", "geometry": {"type": "Point", "coordinates": [1.65382, 40.935101]}, "properties": {"var_data": [-0.098, 0.003, 0.026, 0.013, 0.476, -0.0, 1, 1, 1, 1, 1]}}, {"type": "Feature", "geometry": {"type": "Point", "coordinates": [1.68916, 40.935101]}, "properties": {"var_data": [-0.091, -0.0, 0.019, 0.009, 0.473, -0.0, 1, 1, 1, 1, 1]}}, {"type": "Feature", "geometry": {"type": "Point", "coordinates": [1.7245, 40.935101]}, "properties": {"var_data": [-0.036, -0.009, 0.019, 0.007, 0.462, -0.0, 1, 1, 1, 1, 1]}}, {"type": "Feature", "geometry": {"type": "Point", "coordinates": [1.75984, 40.935101]}, "properties": {"var_data": [-0.054, -0.001, 0.019, 0.007, 0.425, -0.0, 1, 1, 1, 1, 1]}}, {"type": "Feature", "geometry": {"type": "Point", "coordinates": [1.79518, 40.935101]}, "properties": {"var_data": [-0.046, 0.004, 0.023, 0.007, 0.416, -0.0, 1, 1, 1, 1, 1]}}, {"type": "Feature", "geometry": {"type": "Point", "coordinates": [1.83052, 40.935101]}, "properties": {"var_data": [0.005, -0.01, 0.016, 0.008, 0.36, -0.0, 1, 1, 1, 1, 1]}}, {"type": "Feature", "geometry": {"type": "Point", "coordinates": [1.86586, 40.935101]}, "properties": {"var_data": [0.059, -0.009, 0.015, 0.008, 0.359, -0.0, 1, 1, 1, 1, 1]}}, {"type": "Feature", "geometry": {"type": "Point", "coordinates": [1.9012, 40.935101]}, "properties": {"var_data": [0.154, -0.011, 0.015, 0.009, 0.359, -0.0, 1, 1, 1, 1, 1]}}, {"type": "Feature", "geometry": {"type": "Point", "coordinates": [1.93654, 40.935101]}, "properties": {"var_data": [0.222, -0.003, 0.014, 0.008, 0.34, -0.0, 1, 1, 1, 1, 1]}}, {"type": "Feature", "geometry": {"type": "Point", "coordinates": [1.97188, 40.935101]}, "properties": {"var_data": [0.326, 0.013, 0.01, 0.005, 0.383, -0.0, 1, 1, 1, 1, 1]}}, {"type": "Feature", "geometry": {"type": "Point", "coordinates": [2.00722, 40.935101]}, "properties": {"var_data": [0.414, 0.058, 0.009, 0.004, 0.479, -0.0, 1, 1, 1, 1, 1]}}, {"type": "Feature", "geometry": {"type": "Point", "coordinates": [2.04256, 40.935101]}, "properties": {"var_data": [0.311, 0.015, 0.008, 0.004, 0.434, -0.0, 1, 1, 1, 1, 1]}}, {"type": "Feature", "geometry": {"type": "Point", "coordinates": [2.0779, 40.935101]}, "properties": {"var_data": [0.306, 0.052, 0.02, 0.009, 0.484, 0.0, 1, 1, 1, 1, 1]}}, {"type": "Feature", "geometry": {"type": "Point", "coordinates": [2.11324, 40.935101]}, "properties": {"var_data": [0.298, 0.058, 0.018, 0.009, 0.442, 0.0, 1, 1, 1, 1, 1]}}, {"type": "Feature", "geometry": {"type": "Point", "coordinates": [2.14858, 40.935101]}, "properties": {"var_data": [0.311, 0.073, 0.021, 0.012, 0.399, 0.0, 1, 1, 1, 1, 1]}}, {"type": "Feature", "geometry": {"type": "Point", "coordinates": [2.18392, 40.935101]}, "properties": {"var_data": [0.384, 0.148, 0.024, 0.015, 0.475, 0.0, 1, 1, 1, 1, 1]}}, {"type": "Feature", "geometry": {"type": "Point", "coordinates": [2.21926, 40.935101]}, "properties": {"var_data": [0.304, 0.062, 0.024, 0.014, 0.37, -0.0, 1, 1, 1, 1, 1]}}, {"type": "Feature", "geometry": {"type": "Point", "coordinates": [2.2546, 40.935101]}, "properties": {"var_data": [0.293, 0.044, 0.023, 0.015, 0.375, 0.0, 1, 1, 1, 1, 1]}}, {"type": "Feature", "geometry": {"type": "Point", "coordinates": [2.28994, 40.935101]}, "properties": {"var_data": [0.247, 0.03, 0.025, 0.017, 0.342, 0.0, 1, 1, 1, 1, 1]}}, {"type": "Feature", "geometry": {"type": "Point", "coordinates": [2.32528, 40.935101]}, "properties": {"var_data": [0.255, 0.006, 0.02, 0.015, 0.34, 0.0, 1, 1, 1, 1, 1]}}, {"type": "Feature", "geometry": {"type": "Point", "coordinates": [2.36062, 40.935101]}, "properties": {"var_data": [0.23, -0.032, 0.02, 0.014, 0.372, 0.0, 1, 1, 1, 1, 1]}}, {"type": "Feature", "geometry": {"type": "Point", "coordinates": [2.39596, 40.935101]}, "properties": {"var_data": [0.201, -0.025, 0.02, 0.01, 0.383, 0.0, 1, 1, 1, 1, 1]}}, {"type": "Feature", "geometry": {"type": "Point", "coordinates": [2.4313, 40.935101]}, "properties": {"var_data": [0.155, -0.038, 0.018, 0.011, 0.486, 0.0, 1, 1, 1, 1, 1]}}, {"type": "Feature", "geometry": {"type": "Point", "coordinates": [2.46664, 40.935101]}, "properties": {"var_data": [0.131, -0.042, 0.022, 0.012, 0.581, 0.0, 1, 1, 1, 1, 1]}}, {"type": "Feature", "geometry": {"type": "Point", "coordinates": [2.50198, 40.935101]}, "properties": {"var_data": [0.125, -0.133, 0.073, 0.103, 0.939, 0.007, 1, 1, 1, 1, 1]}}, {"type": "Feature", "geometry": {"type": "Point", "coordinates": [2.53732, 40.935101]}, "properties": {"var_data": [0.114, -0.123, 0.017, 0.009, 0.526, -0.0, 1, 1, 1, 1, 1]}}, {"type": "Feature", "geometry": {"type": "Point", "coordinates": [2.57266, 40.935101]}, "properties": {"var_data": [0.156, -0.1, 0.026, 0.011, 0.487, -0.0, 1, 1, 1, 1, 1]}}, {"type": "Feature", "geometry": {"type": "Point", "coordinates": [2.608, 40.935101]}, "properties": {"var_data": [0.198, -0.126, 0.006, 0.009, 0.474, 0.0, 1, 1, 1, 1, 1]}}, {"type": "Feature", "geometry": {"type": "Point", "coordinates": [2.64334, 40.935101]}, "properties": {"var_data": [0.223, -0.133, 0.006, 0.009, 0.503, 0.0, 1, 1, 1, 1, 1]}}, {"type": "Feature", "geometry": {"type": "Point", "coordinates": [2.67868, 40.935101]}, "properties": {"var_data": [0.274, -0.13, 0.009, 0.024, 0.562, 0.0, 1, 1, 1, 1, 1]}}, {"type": "Feature", "geometry": {"type": "Point", "coordinates": [2.71402, 40.935101]}, "properties": {"var_data": [0.309, -0.133, 0.018, 0.006, 0.59, 0.0, 1, 1, 1, 1, 1]}}, {"type": "Feature", "geometry": {"type": "Point", "coordinates": [2.74936, 40.935101]}, "properties": {"var_data": [0.306, -0.092, 0.021, 0.006, 0.503, 0.0, 1, 1, 1, 1, 1]}}, {"type": "Feature", "geometry": {"type": "Point", "coordinates": [2.7847, 40.935101]}, "properties": {"var_data": [0.286, -0.095, 0.019, 0.008, 0.511, 0.0, 1, 1, 1, 1, 1]}}, {"type": "Feature", "geometry": {"type": "Point", "coordinates": [2.82004, 40.935101]}, "properties": {"var_data": [0.26, -0.106, 0.019, 0.006, 0.454, 0.0, 1, 1, 1, 1, 1]}}, {"type": "Feature", "geometry": {"type": "Point", "coordinates": [2.85538, 40.935101]}, "properties": {"var_data": [0.247, -0.099, 0.011, 0.007, 0.415, 0.0, 1, 1, 1, 1, 1]}}, {"type": "Feature", "geometry": {"type": "Point", "coordinates": [2.89072, 40.935101]}, "properties": {"var_data": [0.207, -0.12, 0.011, 0.008, 0.48, 0.0, 1, 1, 1, 1, 1]}}, {"type": "Feature", "geometry": {"type": "Point", "coordinates": [2.92606, 40.935101]}, "properties": {"var_data": [0.225, -0.122, 0.012, 0.005, 0.52, 0.0, 1, 1, 1, 1, 1]}}, {"type": "Feature", "geometry": {"type": "Point", "coordinates": [1.22974, 40.962101]}, "properties": {"var_data": [0.444, -0.915, 0.169, 0.224, 5.749, -0.038, 4, 4, 4, 1, 1]}}, {"type": "Feature", "geometry": {"type": "Point", "coordinates": [1.26508, 40.962101]}, "properties": {"var_data": [0.665, -1.246, 0.014, 0.016, 2.356, -0.0, 4, 1, 4, 1, 1]}}, {"type": "Feature", "geometry": {"type": "Point", "coordinates": [1.30042, 40.962101]}, "properties": {"var_data": [0.786, -1.473, 0.014, 0.016, 2.164, -0.0, 4, 4, 4, 1, 1]}}, {"type": "Feature", "geometry": {"type": "Point", "coordinates": [1.33576, 40.962101]}, "properties": {"var_data": [0.877, -1.514, 0.014, 0.016, 1.857, -0.0, 4, 4, 1, 1, 4]}}, {"type": "Feature", "geometry": {"type": "Point", "coordinates": [1.3711, 40.962101]}, "properties": {"var_data": [0.188, -0.601, 0.033, 0.027, 1.233, -0.001, 4, 4, 1, 1, 1]}}, {"type": "Feature", "geometry": {"type": "Point", "coordinates": [1.40644, 40.962101]}, "properties": {"var_data": [0.153, -0.477, 0.033, 0.026, 1.158, -0.001, 1, 1, 1, 1, 1]}}, {"type": "Feature", "geometry": {"type": "Point", "coordinates": [1.44178, 40.962101]}, "properties": {"var_data": [0.213, -0.385, 0.045, 0.032, 1.042, -0.001, 1, 1, 1, 1, 1]}}, {"type": "Feature", "geometry": {"type": "Point", "coordinates": [1.47712, 40.962101]}, "properties": {"var_data": [0.137, -0.26, 0.045, 0.033, 1.037, -0.001, 1, 1, 1, 1, 1]}}, {"type": "Feature", "geometry": {"type": "Point", "coordinates": [1.51246, 40.962101]}, "properties": {"var_data": [-0.001, -0.143, 0.052, 0.047, 0.819, -0.002, 1, 1, 1, 1, 1]}}, {"type": "Feature", "geometry": {"type": "Point", "coordinates": [1.5478, 40.962101]}, "properties": {"var_data": [-0.021, -0.09, 0.043, 0.042, 0.687, -0.002, 1, 1, 1, 1, 1]}}, {"type": "Feature", "geometry": {"type": "Point", "coordinates": [1.58314, 40.962101]}, "properties": {"var_data": [-0.048, -0.049, 0.044, 0.031, 0.541, -0.001, 1, 1, 1, 1, 1]}}, {"type": "Feature", "geometry": {"type": "Point", "coordinates": [1.61848, 40.962101]}, "properties": {"var_data": [-0.085, -0.018, 0.028, 0.018, 0.493, -0.0, 1, 1, 1, 1, 1]}}, {"type": "Feature", "geometry": {"type": "Point", "coordinates": [1.65382, 40.962101]}, "properties": {"var_data": [-0.097, -0.009, 0.018, 0.011, 0.466, -0.0, 1, 1, 1, 1, 1]}}, {"type": "Feature", "geometry": {"type": "Point", "coordinates": [1.68916, 40.962101]}, "properties": {"var_data": [-0.086, -0.006, 0.015, 0.007, 0.436, -0.0, 1, 1, 1, 1, 1]}}, {"type": "Feature", "geometry": {"type": "Point", "coordinates": [1.7245, 40.962101]}, "properties": {"var_data": [-0.029, -0.021, 0.016, 0.007, 0.399, -0.0, 1, 1, 1, 1, 1]}}, {"type": "Feature", "geometry": {"type": "Point", "coordinates": [1.75984, 40.962101]}, "properties": {"var_data": [-0.044, 0.001, 0.014, 0.005, 0.378, -0.0, 1, 1, 1, 1, 1]}}, {"type": "Feature", "geometry": {"type": "Point", "coordinates": [1.79518, 40.962101]}, "properties": {"var_data": [-0.002, 0.003, 0.01, 0.006, 0.353, -0.0, 1, 1, 1, 1, 1]}}, {"type": "Feature", "geometry": {"type": "Point", "coordinates": [1.83052, 40.962101]}, "properties": {"var_data": [0.076, -0.016, 0.012, 0.007, 0.327, -0.0, 1, 1, 1, 1, 1]}}, {"type": "Feature", "geometry": {"type": "Point", "coordinates": [1.86586, 40.962101]}, "properties": {"var_data": [0.139, -0.026, 0.013, 0.009, 0.322, -0.0, 1, 1, 1, 1, 1]}}, {"type": "Feature", "geometry": {"type": "Point", "coordinates": [1.9012, 40.962101]}, "properties": {"var_data": [0.192, -0.013, 0.015, 0.009, 0.334, -0.0, 1, 1, 1, 1, 1]}}, {"type": "Feature", "geometry": {"type": "Point", "coordinates": [1.93654, 40.962101]}, "properties": {"var_data": [0.226, -0.013, 0.014, 0.008, 0.348, -0.0, 1, 1, 1, 1, 1]}}, {"type": "Feature", "geometry": {"type": "Point", "coordinates": [1.97188, 40.962101]}, "properties": {"var_data": [0.32, 0.012, 0.01, 0.005, 0.358, -0.0, 1, 1, 1, 1, 1]}}, {"type": "Feature", "geometry": {"type": "Point", "coordinates": [2.00722, 40.962101]}, "properties": {"var_data": [0.381, 0.05, 0.009, 0.004, 0.405, -0.0, 1, 1, 1, 1, 1]}}, {"type": "Feature", "geometry": {"type": "Point", "coordinates": [2.04256, 40.962101]}, "properties": {"var_data": [0.268, 0.021, 0.008, 0.004, 0.379, -0.0, 1, 1, 1, 1, 1]}}, {"type": "Feature", "geometry": {"type": "Point", "coordinates": [2.0779, 40.962101]}, "properties": {"var_data": [0.252, 0.013, 0.019, 0.009, 0.347, 0.0, 1, 1, 1, 1, 1]}}, {"type": "Feature", "geometry": {"type": "Point", "coordinates": [2.11324, 40.962101]}, "properties": {"var_data": [0.241, 0.038, 0.019, 0.01, 0.391, 0.0, 1, 1, 1, 1, 1]}}, {"type": "Feature", "geometry": {"type": "Point", "coordinates": [2.14858, 40.962101]}, "properties": {"var_data": [0.318, 0.084, 0.017, 0.01, 0.369, -0.0, 1, 1, 1, 1, 1]}}, {"type": "Feature", "geometry": {"type": "Point", "coordinates": [2.18392, 40.962101]}, "properties": {"var_data": [0.278, 0.049, 0.019, 0.013, 0.353, -0.0, 1, 1, 1, 1, 1]}}, {"type": "Feature", "geometry": {"type": "Point", "coordinates": [2.21926, 40.962101]}, "properties": {"var_data": [0.231, 0.03, 0.022, 0.014, 0.323, -0.0, 1, 1, 1, 1, 1]}}, {"type": "Feature", "geometry": {"type": "Point", "coordinates": [2.2546, 40.962101]}, "properties": {"var_data": [0.226, 0.041, 0.023, 0.014, 0.312, -0.0, 1, 1, 1, 1, 1]}}, {"type": "Feature", "geometry": {"type": "Point", "coordinates": [2.28994, 40.962101]}, "properties": {"var_data": [0.243, 0.05, 0.026, 0.017, 0.341, 0.0, 1, 1, 1, 1, 1]}}, {"type": "Feature", "geometry": {"type": "Point", "coordinates": [2.32528, 40.962101]}, "properties": {"var_data": [0.231, 0.032, 0.018, 0.013, 0.334, 0.0, 1, 1, 1, 1, 1]}}, {"type": "Feature", "geometry": {"type": "Point", "coordinates": [2.36062, 40.962101]}, "properties": {"var_data": [0.207, -0.01, 0.019, 0.009, 0.371, 0.0, 1, 1, 1, 1, 1]}}, {"type": "Feature", "geometry": {"type": "Point", "coordinates": [2.39596, 40.962101]}, "properties": {"var_data": [0.192, -0.009, 0.019, 0.009, 0.385, 0.0, 1, 1, 1, 1, 1]}}, {"type": "Feature", "geometry": {"type": "Point", "coordinates": [2.4313, 40.962101]}, "properties": {"var_data": [0.162, -0.054, 0.016, 0.009, 0.441, 0.0, 1, 1, 1, 1, 1]}}, {"type": "Feature", "geometry": {"type": "Point", "coordinates": [2.46664, 40.962101]}, "properties": {"var_data": [0.122, -0.081, 0.019, 0.011, 0.413, 0.0, 1, 1, 1, 1, 1]}}, {"type": "Feature", "geometry": {"type": "Point", "coordinates": [2.50198, 40.962101]}, "properties": {"var_data": [0.092, -0.142, 0.025, 0.028, 0.579, 0.0, 1, 1, 1, 1, 1]}}, {"type": "Feature", "geometry": {"type": "Point", "coordinates": [2.53732, 40.962101]}, "properties": {"var_data": [0.106, -0.189, 0.027, 0.029, 0.525, 0.0, 1, 1, 1, 1, 1]}}, {"type": "Feature", "geometry": {"type": "Point", "coordinates": [2.57266, 40.962101]}, "properties": {"var_data": [0.152, -0.154, 0.006, 0.009, 0.411, 0.0, 1, 1, 1, 1, 1]}}, {"type": "Feature", "geometry": {"type": "Point", "coordinates": [2.608, 40.962101]}, "properties": {"var_data": [0.167, -0.169, 0.006, 0.009, 0.472, 0.0, 1, 1, 1, 1, 1]}}, {"type": "Feature", "geometry": {"type": "Point", "coordinates": [2.64334, 40.962101]}, "properties": {"var_data": [0.216, -0.144, 0.006, 0.008, 0.416, 0.0, 1, 1, 1, 1, 1]}}, {"type": "Feature", "geometry": {"type": "Point", "coordinates": [2.67868, 40.962101]}, "properties": {"var_data": [0.255, -0.177, 0.008, 0.021, 0.474, 0.0, 1, 1, 1, 1, 1]}}, {"type": "Feature", "geometry": {"type": "Point", "coordinates": [2.71402, 40.962101]}, "properties": {"var_data": [0.28, -0.142, 0.022, 0.01, 0.514, -0.0, 1, 1, 1, 1, 1]}}, {"type": "Feature", "geometry": {"type": "Point", "coordinates": [2.74936, 40.962101]}, "properties": {"var_data": [0.301, -0.105, 0.018, 0.006, 0.418, -0.0, 1, 1, 1, 1, 1]}}, {"type": "Feature", "geometry": {"type": "Point", "coordinates": [2.7847, 40.962101]}, "properties": {"var_data": [0.307, -0.071, 0.018, 0.007, 0.484, 0.0, 1, 1, 1, 1, 1]}}, {"type": "Feature", "geometry": {"type": "Point", "coordinates": [2.82004, 40.962101]}, "properties": {"var_data": [0.218, -0.118, 0.02, 0.006, 0.429, -0.0, 1, 1, 1, 1, 1]}}, {"type": "Feature", "geometry": {"type": "Point", "coordinates": [2.85538, 40.962101]}, "properties": {"var_data": [0.168, -0.088, 0.013, 0.006, 0.432, 0.0, 1, 1, 1, 1, 1]}}, {"type": "Feature", "geometry": {"type": "Point", "coordinates": [2.89072, 40.962101]}, "properties": {"var_data": [0.207, -0.104, 0.013, 0.007, 0.451, 0.0, 1, 1, 1, 1, 1]}}, {"type": "Feature", "geometry": {"type": "Point", "coordinates": [2.92606, 40.962101]}, "properties": {"var_data": [0.235, -0.096, 0.011, 0.005, 0.458, 0.0, 1, 1, 1, 1, 1]}}, {"type": "Feature", "geometry": {"type": "Point", "coordinates": [1.26508, 40.989101]}, "properties": {"var_data": [0.506, -1.183, 0.104, 0.181, 2.522, -0.019, 4, 4, 4, 1, 1]}}, {"type": "Feature", "geometry": {"type": "Point", "coordinates": [1.30042, 40.989101]}, "properties": {"var_data": [0.81, -1.495, 0.07, 0.12, 2.321, -0.008, 4, 4, 4, 1, 4]}}, {"type": "Feature", "geometry": {"type": "Point", "coordinates": [1.33576, 40.989101]}, "properties": {"var_data": [0.794, -1.45, 0.074, 0.129, 1.915, -0.01, 4, 4, 1, 1, 1]}}, {"type": "Feature", "geometry": {"type": "Point", "coordinates": [1.3711, 40.989101]}, "properties": {"var_data": [0.286, -0.711, 0.026, 0.024, 1.345, -0.001, 1, 1, 1, 1, 1]}}, {"type": "Feature", "geometry": {"type": "Point", "coordinates": [1.40644, 40.989101]}, "properties": {"var_data": [0.145, -0.471, 0.03, 0.026, 1.091, -0.001, 1, 1, 1, 1, 1]}}, {"type": "Feature", "geometry": {"type": "Point", "coordinates": [1.44178, 40.989101]}, "properties": {"var_data": [0.141, -0.3, 0.026, 0.024, 1.016, -0.001, 1, 1, 1, 1, 1]}}, {"type": "Feature", "geometry": {"type": "Point", "coordinates": [1.47712, 40.989101]}, "properties": {"var_data": [0.112, -0.254, 0.023, 0.022, 0.811, -0.0, 1, 1, 1, 1, 1]}}, {"type": "Feature", "geometry": {"type": "Point", "coordinates": [1.51246, 40.989101]}, "properties": {"var_data": [0.089, -0.237, 0.025, 0.027, 0.686, -0.001, 1, 1, 1, 1, 1]}}, {"type": "Feature", "geometry": {"type": "Point", "coordinates": [1.5478, 40.989101]}, "properties": {"var_data": [0.005, -0.08, 0.022, 0.024, 0.607, -0.001, 1, 1, 1, 1, 1]}}, {"type": "Feature", "geometry": {"type": "Point", "coordinates": [1.58314, 40.989101]}, "properties": {"var_data": [-0.018, -0.064, 0.029, 0.027, 0.535, -0.001, 1, 1, 1, 1, 1]}}, {"type": "Feature", "geometry": {"type": "Point", "coordinates": [1.61848, 40.989101]}, "properties": {"var_data": [-0.062, -0.05, 0.014, 0.012, 0.45, -0.0, 1, 1, 1, 1, 1]}}, {"type": "Feature", "geometry": {"type": "Point", "coordinates": [1.65382, 40.989101]}, "properties": {"var_data": [-0.034, -0.05, 0.019, 0.011, 0.413, -0.0, 1, 1, 1, 1, 1]}}, {"type": "Feature", "geometry": {"type": "Point", "coordinates": [1.68916, 40.989101]}, "properties": {"var_data": [-0.017, -0.053, 0.013, 0.007, 0.382, -0.0, 1, 1, 1, 1, 1]}}, {"type": "Feature", "geometry": {"type": "Point", "coordinates": [1.7245, 40.989101]}, "properties": {"var_data": [-0.028, -0.031, 0.011, 0.005, 0.374, -0.0, 1, 1, 1, 1, 1]}}, {"type": "Feature", "geometry": {"type": "Point", "coordinates": [1.75984, 40.989101]}, "properties": {"var_data": [0.006, -0.022, 0.01, 0.005, 0.344, -0.0, 1, 1, 1, 1, 1]}}, {"type": "Feature", "geometry": {"type": "Point", "coordinates": [1.79518, 40.989101]}, "properties": {"var_data": [0.078, -0.024, 0.009, 0.005, 0.31, -0.0, 1, 1, 1, 1, 1]}}, {"type": "Feature", "geometry": {"type": "Point", "coordinates": [1.83052, 40.989101]}, "properties": {"var_data": [0.116, -0.021, 0.011, 0.006, 0.318, -0.0, 1, 1, 1, 1, 1]}}, {"type": "Feature", "geometry": {"type": "Point", "coordinates": [1.86586, 40.989101]}, "properties": {"var_data": [0.184, -0.034, 0.013, 0.008, 0.309, -0.0, 1, 1, 1, 1, 1]}}, {"type": "Feature", "geometry": {"type": "Point", "coordinates": [1.9012, 40.989101]}, "properties": {"var_data": [0.216, -0.03, 0.012, 0.007, 0.301, -0.0, 1, 1, 1, 1, 1]}}, {"type": "Feature", "geometry": {"type": "Point", "coordinates": [1.93654, 40.989101]}, "properties": {"var_data": [0.223, -0.015, 0.019, 0.008, 0.336, -0.0, 1, 1, 1, 1, 1]}}, {"type": "Feature", "geometry": {"type": "Point", "coordinates": [1.97188, 40.989101]}, "properties": {"var_data": [0.233, -0.004, 0.012, 0.007, 0.313, -0.0, 1, 1, 1, 1, 1]}}, {"type": "Feature", "geometry": {"type": "Point", "coordinates": [2.00722, 40.989101]}, "properties": {"var_data": [0.222, 0.021, 0.008, 0.004, 0.317, -0.0, 1, 1, 1, 1, 1]}}, {"type": "Feature", "geometry": {"type": "Point", "coordinates": [2.04256, 40.989101]}, "properties": {"var_data": [0.251, 0.043, 0.023, 0.011, 0.365, 0.0, 1, 1, 1, 1, 1]}}, {"type": "Feature", "geometry": {"type": "Point", "coordinates": [2.0779, 40.989101]}, "properties": {"var_data": [0.202, 0.036, 0.016, 0.009, 0.32, 0.0, 1, 1, 1, 1, 1]}}, {"type": "Feature", "geometry": {"type": "Point", "coordinates": [2.11324, 40.989101]}, "properties": {"var_data": [0.224, 0.031, 0.014, 0.008, 0.318, 0.0, 1, 1, 1, 1, 1]}}, {"type": "Feature", "geometry": {"type": "Point", "coordinates": [2.14858, 40.989101]}, "properties": {"var_data": [0.235, 0.027, 0.014, 0.01, 0.312, 0.0, 1, 1, 1, 1, 1]}}, {"type": "Feature", "geometry": {"type": "Point", "coordinates": [2.18392, 40.989101]}, "properties": {"var_data": [0.262, 0.04, 0.016, 0.011, 0.317, -0.0, 1, 1, 1, 1, 1]}}, {"type": "Feature", "geometry": {"type": "Point", "coordinates": [2.21926, 40.989101]}, "properties": {"var_data": [0.236, 0.039, 0.019, 0.013, 0.336, 0.0, 1, 1, 1, 1, 1]}}, {"type": "Feature", "geometry": {"type": "Point", "coordinates": [2.2546, 40.989101]}, "properties": {"var_data": [0.223, 0.048, 0.018, 0.012, 0.313, -0.0, 1, 1, 1, 1, 1]}}, {"type": "Feature", "geometry": {"type": "Point", "coordinates": [2.28994, 40.989101]}, "properties": {"var_data": [0.182, 0.054, 0.021, 0.013, 0.331, -0.0, 1, 1, 1, 1, 1]}}, {"type": "Feature", "geometry": {"type": "Point", "coordinates": [2.32528, 40.989101]}, "properties": {"var_data": [0.168, 0.02, 0.023, 0.012, 0.326, -0.0, 1, 1, 1, 1, 1]}}, {"type": "Feature", "geometry": {"type": "Point", "coordinates": [2.36062, 40.989101]}, "properties": {"var_data": [0.16, -0.015, 0.02, 0.009, 0.331, -0.0, 1, 1, 1, 1, 1]}}, {"type": "Feature", "geometry": {"type": "Point", "coordinates": [2.39596, 40.989101]}, "properties": {"var_data": [0.155, -0.053, 0.02, 0.008, 0.325, -0.0, 1, 1, 1, 1, 1]}}, {"type": "Feature", "geometry": {"type": "Point", "coordinates": [2.4313, 40.989101]}, "properties": {"var_data": [0.168, -0.06, 0.024, 0.009, 0.405, -0.0, 1, 1, 1, 1, 1]}}, {"type": "Feature", "geometry": {"type": "Point", "coordinates": [2.46664, 40.989101]}, "properties": {"var_data": [0.163, -0.081, 0.02, 0.009, 0.369, -0.0, 1, 1, 1, 1, 1]}}, {"type": "Feature", "geometry": {"type": "Point", "coordinates": [2.50198, 40.989101]}, "properties": {"var_data": [0.123, -0.177, 0.022, 0.017, 0.463, 0.0, 1, 1, 1, 1, 1]}}, {"type": "Feature", "geometry": {"type": "Point", "coordinates": [2.53732, 40.989101]}, "properties": {"var_data": [0.131, -0.169, 0.022, 0.016, 0.46, 0.0, 1, 1, 1, 1, 1]}}, {"type": "Feature", "geometry": {"type": "Point", "coordinates": [2.57266, 40.989101]}, "properties": {"var_data": [0.121, -0.184, 0.023, 0.018, 0.407, -0.0, 1, 1, 1, 1, 1]}}, {"type": "Feature", "geometry": {"type": "Point", "coordinates": [2.608, 40.989101]}, "properties": {"var_data": [0.152, -0.196, 0.007, 0.016, 0.511, 0.0, 1, 1, 1, 1, 1]}}, {"type": "Feature", "geometry": {"type": "Point", "coordinates": [2.64334, 40.989101]}, "properties": {"var_data": [0.215, -0.145, 0.007, 0.018, 0.415, 0.0, 1, 1, 1, 1, 1]}}, {"type": "Feature", "geometry": {"type": "Point", "coordinates": [2.67868, 40.989101]}, "properties": {"var_data": [0.223, -0.137, 0.006, 0.009, 0.4, 0.0, 1, 1, 1, 1, 1]}}, {"type": "Feature", "geometry": {"type": "Point", "coordinates": [2.71402, 40.989101]}, "properties": {"var_data": [0.248, -0.089, 0.02, 0.009, 0.43, -0.0, 1, 1, 1, 1, 1]}}, {"type": "Feature", "geometry": {"type": "Point", "coordinates": [2.74936, 40.989101]}, "properties": {"var_data": [0.266, -0.097, 0.02, 0.006, 0.407, -0.0, 1, 1, 1, 1, 1]}}, {"type": "Feature", "geometry": {"type": "Point", "coordinates": [2.7847, 40.989101]}, "properties": {"var_data": [0.217, -0.081, 0.024, 0.006, 0.478, -0.0, 1, 1, 1, 1, 1]}}, {"type": "Feature", "geometry": {"type": "Point", "coordinates": [2.82004, 40.989101]}, "properties": {"var_data": [0.229, -0.082, 0.02, 0.006, 0.456, 0.0, 1, 1, 1, 1, 1]}}, {"type": "Feature", "geometry": {"type": "Point", "coordinates": [2.85538, 40.989101]}, "properties": {"var_data": [0.225, -0.098, 0.01, 0.006, 0.423, 0.0, 1, 1, 1, 1, 1]}}, {"type": "Feature", "geometry": {"type": "Point", "coordinates": [2.89072, 40.989101]}, "properties": {"var_data": [0.206, -0.126, 0.009, 0.007, 0.426, 0.0, 1, 1, 1, 1, 1]}}, {"type": "Feature", "geometry": {"type": "Point", "coordinates": [2.92606, 40.989101]}, "properties": {"var_data": [0.22, -0.107, 0.008, 0.005, 0.417, 0.0, 1, 1, 1, 1, 1]}}, {"type": "Feature", "geometry": {"type": "Point", "coordinates": [2.9614, 40.989101]}, "properties": {"var_data": [0.183, -0.127, 0.009, 0.006, 0.57, 0.0, 1, 1, 1, 1, 1]}}, {"type": "Feature", "geometry": {"type": "Point", "coordinates": [1.22974, 41.016102]}, "properties": {"var_data": [0.756, -1.936, 0.202, 0.361, 11.8, -0.073, 4, 4, 4, 1, 4]}}, {"type": "Feature", "geometry": {"type": "Point", "coordinates": [1.26508, 41.016102]}, "properties": {"var_data": [0.243, -0.847, 0.19, 0.338, 3.754, -0.064, 4, 4, 4, 1, 1]}}, {"type": "Feature", "geometry": {"type": "Point", "coordinates": [1.30042, 41.016102]}, "properties": {"var_data": [0.567, -1.232, 0.107, 0.19, 1.85, -0.02, 1, 1, 1, 1, 1]}}, {"type": "Feature", "geometry": {"type": "Point", "coordinates": [1.33576, 41.016102]}, "properties": {"var_data": [0.642, -1.217, 0.074, 0.13, 1.781, -0.01, 4, 4, 1, 1, 1]}}, {"type": "Feature", "geometry": {"type": "Point", "coordinates": [1.3711, 41.016102]}, "properties": {"var_data": [0.267, -0.702, 0.013, 0.019, 1.399, -0.0, 1, 1, 1, 1, 1]}}, {"type": "Feature", "geometry": {"type": "Point", "coordinates": [1.40644, 41.016102]}, "properties": {"var_data": [0.19, -0.488, 0.013, 0.019, 0.905, -0.0, 1, 1, 1, 1, 1]}}, {"type": "Feature", "geometry": {"type": "Point", "coordinates": [1.44178, 41.016102]}, "properties": {"var_data": [0.2, -0.415, 0.01, 0.014, 0.753, -0.0, 1, 1, 1, 1, 1]}}, {"type": "Feature", "geometry": {"type": "Point", "coordinates": [1.47712, 41.016102]}, "properties": {"var_data": [0.058, -0.234, 0.013, 0.016, 0.665, -0.0, 1, 1, 1, 1, 1]}}, {"type": "Feature", "geometry": {"type": "Point", "coordinates": [1.51246, 41.016102]}, "properties": {"var_data": [0.026, -0.17, 0.012, 0.014, 0.591, -0.0, 1, 1, 1, 1, 1]}}, {"type": "Feature", "geometry": {"type": "Point", "coordinates": [1.5478, 41.016102]}, "properties": {"var_data": [-0.002, -0.068, 0.007, 0.005, 0.607, -0.0, 1, 1, 1, 1, 1]}}, {"type": "Feature", "geometry": {"type": "Point", "coordinates": [1.58314, 41.016102]}, "properties": {"var_data": [0.006, -0.077, 0.007, 0.005, 0.475, -0.0, 1, 1, 1, 1, 1]}}, {"type": "Feature", "geometry": {"type": "Point", "coordinates": [1.61848, 41.016102]}, "properties": {"var_data": [-0.016, -0.072, 0.008, 0.005, 0.456, -0.0, 1, 1, 1, 1, 1]}}, {"type": "Feature", "geometry": {"type": "Point", "coordinates": [1.65382, 41.016102]}, "properties": {"var_data": [-0.037, -0.058, 0.013, 0.009, 0.41, -0.0, 1, 1, 1, 1, 1]}}, {"type": "Feature", "geometry": {"type": "Point", "coordinates": [1.68916, 41.016102]}, "properties": {"var_data": [-0.025, -0.052, 0.011, 0.006, 0.374, -0.0, 1, 1, 1, 1, 1]}}, {"type": "Feature", "geometry": {"type": "Point", "coordinates": [1.7245, 41.016102]}, "properties": {"var_data": [-0.042, -0.027, 0.008, 0.005, 0.305, -0.0, 1, 1, 1, 1, 1]}}, {"type": "Feature", "geometry": {"type": "Point", "coordinates": [1.75984, 41.016102]}, "properties": {"var_data": [0.032, -0.032, 0.01, 0.005, 0.295, -0.0, 1, 1, 1, 1, 1]}}, {"type": "Feature", "geometry": {"type": "Point", "coordinates": [1.79518, 41.016102]}, "properties": {"var_data": [0.1, -0.041, 0.009, 0.005, 0.278, -0.0, 1, 1, 1, 1, 1]}}, {"type": "Feature", "geometry": {"type": "Point", "coordinates": [1.83052, 41.016102]}, "properties": {"var_data": [0.136, -0.046, 0.009, 0.005, 0.28, -0.0, 1, 1, 1, 1, 1]}}, {"type": "Feature", "geometry": {"type": "Point", "coordinates": [1.86586, 41.016102]}, "properties": {"var_data": [0.181, -0.043, 0.01, 0.005, 0.295, -0.0, 1, 1, 1, 1, 1]}}, {"type": "Feature", "geometry": {"type": "Point", "coordinates": [1.9012, 41.016102]}, "properties": {"var_data": [0.194, -0.031, 0.009, 0.006, 0.29, -0.0, 1, 1, 1, 1, 1]}}, {"type": "Feature", "geometry": {"type": "Point", "coordinates": [1.93654, 41.016102]}, "properties": {"var_data": [0.19, -0.012, 0.01, 0.007, 0.299, -0.0, 1, 1, 1, 1, 1]}}, {"type": "Feature", "geometry": {"type": "Point", "coordinates": [1.97188, 41.016102]}, "properties": {"var_data": [0.165, -0.002, 0.017, 0.01, 0.325, 0.0, 1, 1, 1, 1, 1]}}, {"type": "Feature", "geometry": {"type": "Point", "coordinates": [2.00722, 41.016102]}, "properties": {"var_data": [0.164, 0.005, 0.017, 0.011, 0.316, 0.0, 1, 1, 1, 1, 1]}}, {"type": "Feature", "geometry": {"type": "Point", "coordinates": [2.04256, 41.016102]}, "properties": {"var_data": [0.16, 0.014, 0.014, 0.008, 0.297, 0.0, 1, 1, 1, 1, 1]}}, {"type": "Feature", "geometry": {"type": "Point", "coordinates": [2.0779, 41.016102]}, "properties": {"var_data": [0.21, 0.045, 0.012, 0.007, 0.303, 0.0, 1, 1, 1, 1, 1]}}, {"type": "Feature", "geometry": {"type": "Point", "coordinates": [2.11324, 41.016102]}, "properties": {"var_data": [0.209, 0.039, 0.012, 0.009, 0.299, 0.0, 1, 1, 1, 1, 1]}}, {"type": "Feature", "geometry": {"type": "Point", "coordinates": [2.14858, 41.016102]}, "properties": {"var_data": [0.197, 0.01, 0.013, 0.011, 0.308, 0.0, 1, 1, 1, 1, 1]}}, {"type": "Feature", "geometry": {"type": "Point", "coordinates": [2.18392, 41.016102]}, "properties": {"var_data": [0.234, 0.039, 0.013, 0.01, 0.29, -0.0, 1, 1, 1, 1, 1]}}, {"type": "Feature", "geometry": {"type": "Point", "coordinates": [2.21926, 41.016102]}, "properties": {"var_data": [0.183, 0.007, 0.015, 0.011, 0.304, -0.0, 1, 1, 1, 1, 1]}}, {"type": "Feature", "geometry": {"type": "Point", "coordinates": [2.2546, 41.016102]}, "properties": {"var_data": [0.158, 0.026, 0.017, 0.009, 0.303, -0.0, 1, 1, 1, 1, 1]}}, {"type": "Feature", "geometry": {"type": "Point", "coordinates": [2.28994, 41.016102]}, "properties": {"var_data": [0.156, 0.004, 0.017, 0.009, 0.301, -0.0, 1, 1, 1, 1, 1]}}, {"type": "Feature", "geometry": {"type": "Point", "coordinates": [2.32528, 41.016102]}, "properties": {"var_data": [0.164, -0.009, 0.017, 0.008, 0.306, -0.0, 1, 1, 1, 1, 1]}}, {"type": "Feature", "geometry": {"type": "Point", "coordinates": [2.36062, 41.016102]}, "properties": {"var_data": [0.174, -0.037, 0.017, 0.008, 0.318, -0.0, 1, 1, 1, 1, 1]}}, {"type": "Feature", "geometry": {"type": "Point", "coordinates": [2.39596, 41.016102]}, "properties": {"var_data": [0.152, -0.067, 0.016, 0.007, 0.318, -0.0, 1, 1, 1, 1, 1]}}, {"type": "Feature", "geometry": {"type": "Point", "coordinates": [2.4313, 41.016102]}, "properties": {"var_data": [0.184, -0.055, 0.019, 0.008, 0.352, -0.0, 1, 1, 1, 1, 1]}}, {"type": "Feature", "geometry": {"type": "Point", "coordinates": [2.46664, 41.016102]}, "properties": {"var_data": [0.18, -0.091, 0.021, 0.01, 0.415, -0.0, 1, 1, 1, 1, 1]}}, {"type": "Feature", "geometry": {"type": "Point", "coordinates": [2.50198, 41.016102]}, "properties": {"var_data": [0.143, -0.144, 0.021, 0.011, 0.392, -0.0, 1, 1, 1, 1, 1]}}, {"type": "Feature", "geometry": {"type": "Point", "coordinates": [2.53732, 41.016102]}, "properties": {"var_data": [0.13, -0.177, 0.019, 0.016, 0.449, 0.0, 1, 1, 1, 1, 1]}}, {"type": "Feature", "geometry": {"type": "Point", "coordinates": [2.57266, 41.016102]}, "properties": {"var_data": [0.123, -0.203, 0.022, 0.019, 0.434, -0.0, 1, 1, 1, 1, 1]}}, {"type": "Feature", "geometry": {"type": "Point", "coordinates": [2.608, 41.016102]}, "properties": {"var_data": [0.192, -0.164, 0.024, 0.019, 0.423, -0.0, 1, 1, 1, 1, 1]}}, {"type": "Feature", "geometry": {"type": "Point", "coordinates": [2.64334, 41.016102]}, "properties": {"var_data": [0.197, -0.128, 0.007, 0.014, 0.417, 0.0, 1, 1, 1, 1, 1]}}, {"type": "Feature", "geometry": {"type": "Point", "coordinates": [2.67868, 41.016102]}, "properties": {"var_data": [0.215, -0.11, 0.024, 0.009, 0.396, -0.0, 1, 1, 1, 1, 1]}}, {"type": "Feature", "geometry": {"type": "Point", "coordinates": [2.71402, 41.016102]}, "properties": {"var_data": [0.213, -0.098, 0.025, 0.009, 0.445, -0.0, 1, 1, 1, 1, 1]}}, {"type": "Feature", "geometry": {"type": "Point", "coordinates": [2.74936, 41.016102]}, "properties": {"var_data": [0.208, -0.103, 0.02, 0.006, 0.389, -0.0, 1, 1, 1, 1, 1]}}, {"type": "Feature", "geometry": {"type": "Point", "coordinates": [2.7847, 41.016102]}, "properties": {"var_data": [0.216, -0.08, 0.016, 0.006, 0.403, 0.0, 1, 1, 1, 1, 1]}}, {"type": "Feature", "geometry": {"type": "Point", "coordinates": [2.82004, 41.016102]}, "properties": {"var_data": [0.227, -0.064, 0.013, 0.006, 0.397, 0.0, 1, 1, 1, 1, 1]}}, {"type": "Feature", "geometry": {"type": "Point", "coordinates": [2.85538, 41.016102]}, "properties": {"var_data": [0.215, -0.075, 0.013, 0.006, 0.399, 0.0, 1, 1, 1, 1, 1]}}, {"type": "Feature", "geometry": {"type": "Point", "coordinates": [2.89072, 41.016102]}, "properties": {"var_data": [0.209, -0.092, 0.01, 0.015, 0.442, 0.0, 1, 1, 1, 1, 1]}}, {"type": "Feature", "geometry": {"type": "Point", "coordinates": [2.92606, 41.016102]}, "properties": {"var_data": [0.192, -0.108, 0.01, 0.007, 0.47, 0.0, 1, 1, 1, 1, 1]}}, {"type": "Feature", "geometry": {"type": "Point", "coordinates": [2.9614, 41.016102]}, "properties": {"var_data": [0.214, -0.121, 0.011, 0.007, 0.654, 0.0, 1, 1, 1, 1, 1]}}, {"type": "Feature", "geometry": {"type": "Point", "coordinates": [2.99674, 41.016102]}, "properties": {"var_data": [0.14, -0.127, 0.011, 0.007, 0.689, 0.0, 1, 1, 1, 1, 1]}}, {"type": "Feature", "geometry": {"type": "Point", "coordinates": [3.03208, 41.016102]}, "properties": {"var_data": [0.242, -0.128, 0.021, 0.013, 0.775, 0.0, 1, 1, 1, 1, 1]}}, {"type": "Feature", "geometry": {"type": "Point", "coordinates": [3.06742, 41.016102]}, "properties": {"var_data": [0.376, -0.071, 0.05, 0.017, 0.989, 0.001, 1, 1, 1, 1, 1]}}, {"type": "Feature", "geometry": {"type": "Point", "coordinates": [3.10276, 41.016102]}, "properties": {"var_data": [0.479, -0.048, 0.06, 0.022, 1.083, 0.001, 1, 1, 1, 1, 1]}}, {"type": "Feature", "geometry": {"type": "Point", "coordinates": [1.22974, 41.043098]}, "properties": {"var_data": [0.504, -1.446, 1.206, 2.646, 13.945, -3.189, 4, 0, 4, 4, 1]}}, {"type": "Feature", "geometry": {"type": "Point", "coordinates": [1.26508, 41.043098]}, "properties": {"var_data": [0.96, -2.382, 0.203, 0.362, 11.885, -0.073, 4, 0, 4, 1, 4]}}, {"type": "Feature", "geometry": {"type": "Point", "coordinates": [1.30042, 41.043098]}, "properties": {"var_data": [0.269, -0.933, 0.138, 0.246, 2.461, -0.034, 4, 1, 4, 1, 1]}}, {"type": "Feature", "geometry": {"type": "Point", "coordinates": [1.33576, 41.043098]}, "properties": {"var_data": [0.221, -0.785, 0.091, 0.162, 1.51, -0.015, 1, 1, 1, 1, 1]}}, {"type": "Feature", "geometry": {"type": "Point", "coordinates": [1.3711, 41.043098]}, "properties": {"var_data": [0.318, -0.845, 0.088, 0.157, 1.401, -0.014, 4, 4, 1, 1, 1]}}, {"type": "Feature", "geometry": {"type": "Point", "coordinates": [1.40644, 41.043098]}, "properties": {"var_data": [0.198, -0.529, 0.013, 0.022, 0.843, -0.0, 1, 1, 1, 1, 1]}}, {"type": "Feature", "geometry": {"type": "Point", "coordinates": [1.44178, 41.043098]}, "properties": {"var_data": [0.184, -0.453, 0.012, 0.021, 0.74, -0.0, 1, 1, 1, 1, 1]}}, {"type": "Feature", "geometry": {"type": "Point", "coordinates": [1.47712, 41.043098]}, "properties": {"var_data": [0.09, -0.298, 0.01, 0.013, 0.605, -0.0, 1, 1, 1, 1, 1]}}, {"type": "Feature", "geometry": {"type": "Point", "coordinates": [1.51246, 41.043098]}, "properties": {"var_data": [0.031, -0.154, 0.005, 0.005, 0.502, -0.0, 1, 1, 1, 1, 1]}}, {"type": "Feature", "geometry": {"type": "Point", "coordinates": [1.5478, 41.043098]}, "properties": {"var_data": [-0.021, -0.095, 0.005, 0.005, 0.449, -0.0, 1, 1, 1, 1, 1]}}, {"type": "Feature", "geometry": {"type": "Point", "coordinates": [1.58314, 41.043098]}, "properties": {"var_data": [0.022, -0.086, 0.006, 0.005, 0.437, -0.0, 1, 1, 1, 1, 1]}}, {"type": "Feature", "geometry": {"type": "Point", "coordinates": [1.61848, 41.043098]}, "properties": {"var_data": [0.009, -0.081, 0.007, 0.005, 0.438, -0.0, 1, 1, 1, 1, 1]}}, {"type": "Feature", "geometry": {"type": "Point", "coordinates": [1.65382, 41.043098]}, "properties": {"var_data": [-0.015, -0.063, 0.009, 0.007, 0.357, -0.0, 1, 1, 1, 1, 1]}}, {"type": "Feature", "geometry": {"type": "Point", "coordinates": [1.68916, 41.043098]}, "properties": {"var_data": [0.0, -0.061, 0.006, 0.004, 0.308, -0.0, 1, 1, 1, 1, 1]}}, {"type": "Feature", "geometry": {"type": "Point", "coordinates": [1.7245, 41.043098]}, "properties": {"var_data": [0.039, -0.063, 0.006, 0.004, 0.284, -0.0, 1, 1, 1, 1, 1]}}, {"type": "Feature", "geometry": {"type": "Point", "coordinates": [1.75984, 41.043098]}, "properties": {"var_data": [0.063, -0.051, 0.009, 0.005, 0.267, -0.0, 1, 1, 1, 1, 1]}}, {"type": "Feature", "geometry": {"type": "Point", "coordinates": [1.79518, 41.043098]}, "properties": {"var_data": [0.091, -0.042, 0.009, 0.004, 0.269, -0.0, 1, 1, 1, 1, 1]}}, {"type": "Feature", "geometry": {"type": "Point", "coordinates": [1.83052, 41.043098]}, "properties": {"var_data": [0.149, -0.062, 0.009, 0.005, 0.265, -0.0, 1, 1, 1, 1, 1]}}, {"type": "Feature", "geometry": {"type": "Point", "coordinates": [1.86586, 41.043098]}, "properties": {"var_data": [0.175, -0.045, 0.01, 0.005, 0.276, -0.0, 1, 1, 1, 1, 1]}}, {"type": "Feature", "geometry": {"type": "Point", "coordinates": [1.9012, 41.043098]}, "properties": {"var_data": [0.185, -0.037, 0.01, 0.005, 0.275, -0.0, 1, 1, 1, 1, 1]}}, {"type": "Feature", "geometry": {"type": "Point", "coordinates": [1.93654, 41.043098]}, "properties": {"var_data": [0.176, -0.02, 0.009, 0.006, 0.285, 0.0, 1, 1, 1, 1, 1]}}, {"type": "Feature", "geometry": {"type": "Point", "coordinates": [1.97188, 41.043098]}, "properties": {"var_data": [0.171, 0.009, 0.006, 0.004, 0.299, -0.0, 1, 1, 1, 1, 1]}}, {"type": "Feature", "geometry": {"type": "Point", "coordinates": [2.00722, 41.043098]}, "properties": {"var_data": [0.158, 0.006, 0.006, 0.004, 0.311, -0.0, 1, 1, 1, 1, 1]}}, {"type": "Feature", "geometry": {"type": "Point", "coordinates": [2.04256, 41.043098]}, "properties": {"var_data": [0.127, 0.012, 0.006, 0.004, 0.274, -0.0, 1, 1, 1, 1, 1]}}, {"type": "Feature", "geometry": {"type": "Point", "coordinates": [2.0779, 41.043098]}, "properties": {"var_data": [0.157, 0.027, 0.007, 0.005, 0.294, -0.0, 1, 1, 1, 1, 1]}}, {"type": "Feature", "geometry": {"type": "Point", "coordinates": [2.11324, 41.043098]}, "properties": {"var_data": [0.185, 0.042, 0.01, 0.008, 0.28, 0.0, 1, 1, 1, 1, 1]}}, {"type": "Feature", "geometry": {"type": "Point", "coordinates": [2.14858, 41.043098]}, "properties": {"var_data": [0.191, 0.037, 0.011, 0.009, 0.296, 0.0, 1, 1, 1, 1, 1]}}, {"type": "Feature", "geometry": {"type": "Point", "coordinates": [2.18392, 41.043098]}, "properties": {"var_data": [0.189, 0.023, 0.012, 0.01, 0.283, 0.0, 1, 1, 1, 1, 1]}}, {"type": "Feature", "geometry": {"type": "Point", "coordinates": [2.21926, 41.043098]}, "properties": {"var_data": [0.164, -0.004, 0.013, 0.011, 0.297, 0.0, 1, 1, 1, 1, 1]}}, {"type": "Feature", "geometry": {"type": "Point", "coordinates": [2.2546, 41.043098]}, "properties": {"var_data": [0.141, -0.027, 0.013, 0.008, 0.29, -0.0, 1, 1, 1, 1, 1]}}, {"type": "Feature", "geometry": {"type": "Point", "coordinates": [2.28994, 41.043098]}, "properties": {"var_data": [0.123, -0.016, 0.015, 0.008, 0.286, -0.0, 1, 1, 1, 1, 1]}}, {"type": "Feature", "geometry": {"type": "Point", "coordinates": [2.32528, 41.043098]}, "properties": {"var_data": [0.109, -0.067, 0.014, 0.008, 0.293, -0.0, 1, 1, 1, 1, 1]}}, {"type": "Feature", "geometry": {"type": "Point", "coordinates": [2.36062, 41.043098]}, "properties": {"var_data": [0.134, -0.052, 0.015, 0.006, 0.296, -0.0, 1, 1, 1, 1, 1]}}, {"type": "Feature", "geometry": {"type": "Point", "coordinates": [2.39596, 41.043098]}, "properties": {"var_data": [0.144, -0.099, 0.015, 0.006, 0.306, -0.0, 1, 1, 1, 1, 1]}}, {"type": "Feature", "geometry": {"type": "Point", "coordinates": [2.4313, 41.043098]}, "properties": {"var_data": [0.17, -0.09, 0.016, 0.006, 0.312, -0.0, 1, 1, 1, 1, 1]}}, {"type": "Feature", "geometry": {"type": "Point", "coordinates": [2.46664, 41.043098]}, "properties": {"var_data": [0.193, -0.09, 0.017, 0.007, 0.387, -0.0, 1, 1, 1, 1, 1]}}, {"type": "Feature", "geometry": {"type": "Point", "coordinates": [2.50198, 41.043098]}, "properties": {"var_data": [0.173, -0.115, 0.019, 0.008, 0.397, -0.0, 1, 1, 1, 1, 1]}}, {"type": "Feature", "geometry": {"type": "Point", "coordinates": [2.53732, 41.043098]}, "properties": {"var_data": [0.209, -0.14, 0.02, 0.016, 0.506, 0.0, 1, 1, 1, 1, 1]}}, {"type": "Feature", "geometry": {"type": "Point", "coordinates": [2.57266, 41.043098]}, "properties": {"var_data": [0.198, -0.142, 0.02, 0.018, 0.481, 0.0, 1, 1, 1, 1, 1]}}, {"type": "Feature", "geometry": {"type": "Point", "coordinates": [2.608, 41.043098]}, "properties": {"var_data": [0.205, -0.107, 0.021, 0.014, 0.43, -0.0, 1, 1, 1, 1, 1]}}, {"type": "Feature", "geometry": {"type": "Point", "coordinates": [2.64334, 41.043098]}, "properties": {"var_data": [0.189, -0.092, 0.024, 0.015, 0.466, -0.0, 1, 1, 1, 1, 1]}}, {"type": "Feature", "geometry": {"type": "Point", "coordinates": [2.67868, 41.043098]}, "properties": {"var_data": [0.19, -0.104, 0.021, 0.008, 0.368, -0.0, 1, 1, 1, 1, 1]}}, {"type": "Feature", "geometry": {"type": "Point", "coordinates": [2.71402, 41.043098]}, "properties": {"var_data": [0.2, -0.078, 0.021, 0.008, 0.366, -0.0, 1, 1, 1, 1, 1]}}, {"type": "Feature", "geometry": {"type": "Point", "coordinates": [2.74936, 41.043098]}, "properties": {"var_data": [0.193, -0.08, 0.021, 0.007, 0.372, -0.0, 1, 1, 1, 1, 1]}}, {"type": "Feature", "geometry": {"type": "Point", "coordinates": [2.7847, 41.043098]}, "properties": {"var_data": [0.201, -0.092, 0.013, 0.006, 0.363, 0.0, 1, 1, 1, 1, 1]}}, {"type": "Feature", "geometry": {"type": "Point", "coordinates": [2.82004, 41.043098]}, "properties": {"var_data": [0.222, -0.076, 0.013, 0.006, 0.403, 0.0, 1, 1, 1, 1, 1]}}, {"type": "Feature", "geometry": {"type": "Point", "coordinates": [2.85538, 41.043098]}, "properties": {"var_data": [0.163, -0.087, 0.013, 0.005, 0.39, 0.0, 1, 1, 1, 1, 1]}}, {"type": "Feature", "geometry": {"type": "Point", "coordinates": [2.89072, 41.043098]}, "properties": {"var_data": [0.127, -0.107, 0.009, 0.006, 0.424, 0.0, 1, 1, 1, 1, 1]}}, {"type": "Feature", "geometry": {"type": "Point", "coordinates": [2.92606, 41.043098]}, "properties": {"var_data": [0.127, -0.119, 0.008, 0.005, 0.444, 0.0, 1, 1, 1, 1, 1]}}, {"type": "Feature", "geometry": {"type": "Point", "coordinates": [2.9614, 41.043098]}, "properties": {"var_data": [0.201, -0.101, 0.011, 0.007, 0.649, 0.0, 1, 1, 1, 1, 1]}}, {"type": "Feature", "geometry": {"type": "Point", "coordinates": [2.99674, 41.043098]}, "properties": {"var_data": [0.151, -0.13, 0.01, 0.007, 0.645, 0.0, 1, 1, 1, 1, 1]}}, {"type": "Feature", "geometry": {"type": "Point", "coordinates": [3.03208, 41.043098]}, "properties": {"var_data": [0.222, -0.137, 0.018, 0.011, 0.793, 0.0, 1, 1, 1, 1, 1]}}, {"type": "Feature", "geometry": {"type": "Point", "coordinates": [3.06742, 41.043098]}, "properties": {"var_data": [0.389, -0.083, 0.047, 0.014, 1.049, 0.001, 1, 1, 1, 1, 1]}}, {"type": "Feature", "geometry": {"type": "Point", "coordinates": [3.10276, 41.043098]}, "properties": {"var_data": [0.461, -0.052, 0.041, 0.014, 0.921, 0.0, 1, 1, 1, 1, 1]}}, {"type": "Feature", "geometry": {"type": "Point", "coordinates": [3.1381, 41.043098]}, "properties": {"var_data": [0.54, -0.004, 0.037, 0.013, 0.95, 0.0, 1, 1, 1, 1, 1]}}, {"type": "Feature", "geometry": {"type": "Point", "coordinates": [1.22974, 41.070099]}, "properties": {"var_data": [0.504, -1.446, 1.206, 2.646, 13.945, -3.189, 4, 0, 4, 4, 1]}}, {"type": "Feature", "geometry": {"type": "Point", "coordinates": [1.26508, 41.070099]}, "properties": {"var_data": [1.184, -2.947, 0.736, 1.604, 12.134, -1.179, 4, 0, 4, 4, 4]}}, {"type": "Feature", "geometry": {"type": "Point", "coordinates": [1.30042, 41.070099]}, "properties": {"var_data": [1.866, -4.446, 0.864, 1.889, 12.217, -1.632, 4, 4, 4, 4, 4]}}, {"type": "Feature", "geometry": {"type": "Point", "coordinates": [1.33576, 41.070099]}, "properties": {"var_data": [0.31, -0.931, 0.1, 0.179, 2.074, -0.018, 4, 4, 4, 1, 1]}}, {"type": "Feature", "geometry": {"type": "Point", "coordinates": [1.3711, 41.070099]}, "properties": {"var_data": [0.214, -0.687, 0.089, 0.159, 1.514, -0.014, 4, 4, 1, 1, 1]}}, {"type": "Feature", "geometry": {"type": "Point", "coordinates": [1.40644, 41.070099]}, "properties": {"var_data": [0.315, -0.715, 0.023, 0.039, 1.193, -0.001, 4, 4, 1, 1, 1]}}, {"type": "Feature", "geometry": {"type": "Point", "coordinates": [1.44178, 41.070099]}, "properties": {"var_data": [0.175, -0.438, 0.01, 0.015, 0.713, -0.0, 1, 1, 1, 1, 1]}}, {"type": "Feature", "geometry": {"type": "Point", "coordinates": [1.47712, 41.070099]}, "properties": {"var_data": [0.101, -0.279, 0.006, 0.009, 0.568, -0.0, 1, 1, 1, 1, 1]}}, {"type": "Feature", "geometry": {"type": "Point", "coordinates": [1.51246, 41.070099]}, "properties": {"var_data": [0.034, -0.169, 0.003, 0.004, 0.46, -0.0, 1, 1, 1, 1, 1]}}, {"type": "Feature", "geometry": {"type": "Point", "coordinates": [1.5478, 41.070099]}, "properties": {"var_data": [0.014, -0.103, 0.003, 0.004, 0.424, -0.0, 1, 1, 1, 1, 1]}}, {"type": "Feature", "geometry": {"type": "Point", "coordinates": [1.58314, 41.070099]}, "properties": {"var_data": [0.01, -0.076, 0.006, 0.005, 0.427, -0.0, 1, 1, 1, 1, 1]}}, {"type": "Feature", "geometry": {"type": "Point", "coordinates": [1.61848, 41.070099]}, "properties": {"var_data": [0.032, -0.089, 0.006, 0.004, 0.376, -0.0, 1, 1, 1, 1, 1]}}, {"type": "Feature", "geometry": {"type": "Point", "coordinates": [1.65382, 41.070099]}, "properties": {"var_data": [0.043, -0.081, 0.005, 0.005, 0.339, -0.0, 1, 1, 1, 1, 1]}}, {"type": "Feature", "geometry": {"type": "Point", "coordinates": [1.68916, 41.070099]}, "properties": {"var_data": [0.068, -0.084, 0.005, 0.005, 0.291, -0.0, 1, 1, 1, 1, 1]}}, {"type": "Feature", "geometry": {"type": "Point", "coordinates": [1.7245, 41.070099]}, "properties": {"var_data": [0.064, -0.071, 0.006, 0.004, 0.279, -0.0, 1, 1, 1, 1, 1]}}, {"type": "Feature", "geometry": {"type": "Point", "coordinates": [1.75984, 41.070099]}, "properties": {"var_data": [0.069, -0.056, 0.007, 0.004, 0.263, -0.0, 1, 1, 1, 1, 1]}}, {"type": "Feature", "geometry": {"type": "Point", "coordinates": [1.79518, 41.070099]}, "properties": {"var_data": [0.073, -0.046, 0.008, 0.005, 0.251, -0.0, 1, 1, 1, 1, 1]}}, {"type": "Feature", "geometry": {"type": "Point", "coordinates": [1.83052, 41.070099]}, "properties": {"var_data": [0.094, -0.064, 0.009, 0.005, 0.263, -0.0, 1, 1, 1, 1, 1]}}, {"type": "Feature", "geometry": {"type": "Point", "coordinates": [1.86586, 41.070099]}, "properties": {"var_data": [0.11, -0.078, 0.012, 0.005, 0.247, -0.0, 1, 1, 1, 1, 1]}}, {"type": "Feature", "geometry": {"type": "Point", "coordinates": [1.9012, 41.070099]}, "properties": {"var_data": [0.115, -0.073, 0.009, 0.005, 0.252, -0.0, 1, 1, 1, 1, 1]}}, {"type": "Feature", "geometry": {"type": "Point", "coordinates": [1.93654, 41.070099]}, "properties": {"var_data": [0.11, -0.056, 0.007, 0.005, 0.27, 0.0, 1, 1, 1, 1, 1]}}, {"type": "Feature", "geometry": {"type": "Point", "coordinates": [1.97188, 41.070099]}, "properties": {"var_data": [0.139, -0.005, 0.005, 0.004, 0.283, -0.0, 1, 1, 1, 1, 1]}}, {"type": "Feature", "geometry": {"type": "Point", "coordinates": [2.00722, 41.070099]}, "properties": {"var_data": [0.132, 0.007, 0.005, 0.003, 0.304, -0.0, 1, 1, 1, 1, 1]}}, {"type": "Feature", "geometry": {"type": "Point", "coordinates": [2.04256, 41.070099]}, "properties": {"var_data": [0.143, 0.029, 0.005, 0.004, 0.285, -0.0, 1, 1, 1, 1, 1]}}, {"type": "Feature", "geometry": {"type": "Point", "coordinates": [2.0779, 41.070099]}, "properties": {"var_data": [0.122, 0.021, 0.005, 0.004, 0.282, -0.0, 1, 1, 1, 1, 1]}}, {"type": "Feature", "geometry": {"type": "Point", "coordinates": [2.11324, 41.070099]}, "properties": {"var_data": [0.149, 0.038, 0.009, 0.009, 0.279, 0.0, 1, 1, 1, 1, 1]}}, {"type": "Feature", "geometry": {"type": "Point", "coordinates": [2.14858, 41.070099]}, "properties": {"var_data": [0.165, 0.037, 0.009, 0.009, 0.291, 0.0, 1, 1, 1, 1, 1]}}, {"type": "Feature", "geometry": {"type": "Point", "coordinates": [2.18392, 41.070099]}, "properties": {"var_data": [0.167, 0.024, 0.01, 0.011, 0.286, 0.0, 1, 1, 1, 1, 1]}}, {"type": "Feature", "geometry": {"type": "Point", "coordinates": [2.21926, 41.070099]}, "properties": {"var_data": [0.129, -0.015, 0.011, 0.011, 0.285, 0.0, 1, 1, 1, 1, 1]}}, {"type": "Feature", "geometry": {"type": "Point", "coordinates": [2.2546, 41.070099]}, "properties": {"var_data": [0.138, -0.025, 0.01, 0.006, 0.282, -0.0, 1, 1, 1, 1, 1]}}, {"type": "Feature", "geometry": {"type": "Point", "coordinates": [2.28994, 41.070099]}, "properties": {"var_data": [0.135, -0.046, 0.012, 0.007, 0.301, -0.0, 1, 1, 1, 1, 1]}}, {"type": "Feature", "geometry": {"type": "Point", "coordinates": [2.32528, 41.070099]}, "properties": {"var_data": [0.114, -0.075, 0.012, 0.006, 0.276, -0.0, 1, 1, 1, 1, 1]}}, {"type": "Feature", "geometry": {"type": "Point", "coordinates": [2.36062, 41.070099]}, "properties": {"var_data": [0.128, -0.088, 0.013, 0.006, 0.291, -0.0, 1, 1, 1, 1, 1]}}, {"type": "Feature", "geometry": {"type": "Point", "coordinates": [2.39596, 41.070099]}, "properties": {"var_data": [0.154, -0.102, 0.014, 0.006, 0.299, -0.0, 1, 1, 1, 1, 1]}}, {"type": "Feature", "geometry": {"type": "Point", "coordinates": [2.4313, 41.070099]}, "properties": {"var_data": [0.164, -0.105, 0.016, 0.006, 0.324, -0.0, 1, 1, 1, 1, 1]}}, {"type": "Feature", "geometry": {"type": "Point", "coordinates": [2.46664, 41.070099]}, "properties": {"var_data": [0.201, -0.093, 0.02, 0.007, 0.391, -0.0, 1, 1, 1, 1, 1]}}, {"type": "Feature", "geometry": {"type": "Point", "coordinates": [2.50198, 41.070099]}, "properties": {"var_data": [0.194, -0.092, 0.017, 0.007, 0.408, -0.0, 1, 1, 1, 1, 1]}}, {"type": "Feature", "geometry": {"type": "Point", "coordinates": [2.53732, 41.070099]}, "properties": {"var_data": [0.16, -0.111, 0.017, 0.014, 0.453, -0.0, 1, 1, 1, 1, 1]}}, {"type": "Feature", "geometry": {"type": "Point", "coordinates": [2.57266, 41.070099]}, "properties": {"var_data": [0.154, -0.088, 0.019, 0.018, 0.54, -0.0, 1, 1, 1, 1, 1]}}, {"type": "Feature", "geometry": {"type": "Point", "coordinates": [2.608, 41.070099]}, "properties": {"var_data": [0.179, -0.084, 0.022, 0.012, 0.406, -0.0, 1, 1, 1, 1, 1]}}, {"type": "Feature", "geometry": {"type": "Point", "coordinates": [2.64334, 41.070099]}, "properties": {"var_data": [0.191, -0.083, 0.025, 0.012, 0.384, -0.0, 1, 1, 1, 1, 1]}}, {"type": "Feature", "geometry": {"type": "Point", "coordinates": [2.67868, 41.070099]}, "properties": {"var_data": [0.187, -0.093, 0.025, 0.012, 0.36, -0.0, 1, 1, 1, 1, 1]}}, {"type": "Feature", "geometry": {"type": "Point", "coordinates": [2.71402, 41.070099]}, "properties": {"var_data": [0.193, -0.099, 0.022, 0.009, 0.366, -0.0, 1, 1, 1, 1, 1]}}, {"type": "Feature", "geometry": {"type": "Point", "coordinates": [2.74936, 41.070099]}, "properties": {"var_data": [0.177, -0.088, 0.025, 0.008, 0.409, 0.0, 1, 1, 1, 1, 1]}}, {"type": "Feature", "geometry": {"type": "Point", "coordinates": [2.7847, 41.070099]}, "properties": {"var_data": [0.256, -0.079, 0.012, 0.006, 0.379, 0.0, 1, 1, 1, 1, 1]}}, {"type": "Feature", "geometry": {"type": "Point", "coordinates": [2.82004, 41.070099]}, "properties": {"var_data": [0.232, -0.075, 0.011, 0.005, 0.388, 0.0, 1, 1, 1, 1, 1]}}, {"type": "Feature", "geometry": {"type": "Point", "coordinates": [2.85538, 41.070099]}, "properties": {"var_data": [0.188, -0.09, 0.012, 0.005, 0.378, 0.0, 1, 1, 1, 1, 1]}}, {"type": "Feature", "geometry": {"type": "Point", "coordinates": [2.89072, 41.070099]}, "properties": {"var_data": [0.107, -0.118, 0.014, 0.007, 0.452, 0.0, 1, 1, 1, 1, 1]}}, {"type": "Feature", "geometry": {"type": "Point", "coordinates": [2.92606, 41.070099]}, "properties": {"var_data": [0.097, -0.123, 0.011, 0.006, 0.481, 0.0, 1, 1, 1, 1, 1]}}, {"type": "Feature", "geometry": {"type": "Point", "coordinates": [2.9614, 41.070099]}, "properties": {"var_data": [0.118, -0.124, 0.011, 0.008, 0.662, 0.0, 1, 1, 1, 1, 1]}}, {"type": "Feature", "geometry": {"type": "Point", "coordinates": [2.99674, 41.070099]}, "properties": {"var_data": [0.123, -0.127, 0.018, 0.011, 0.838, 0.0, 1, 1, 1, 1, 1]}}, {"type": "Feature", "geometry": {"type": "Point", "coordinates": [3.03208, 41.070099]}, "properties": {"var_data": [0.246, -0.12, 0.026, 0.016, 0.994, 0.0, 1, 1, 1, 1, 1]}}, {"type": "Feature", "geometry": {"type": "Point", "coordinates": [3.06742, 41.070099]}, "properties": {"var_data": [0.366, -0.08, 0.039, 0.012, 0.855, 0.0, 1, 1, 1, 1, 1]}}, {"type": "Feature", "geometry": {"type": "Point", "coordinates": [3.10276, 41.070099]}, "properties": {"var_data": [0.443, -0.051, 0.037, 0.013, 0.908, 0.0, 1, 1, 1, 1, 1]}}, {"type": "Feature", "geometry": {"type": "Point", "coordinates": [3.1381, 41.070099]}, "properties": {"var_data": [0.421, -0.046, 0.046, 0.015, 1.049, 0.001, 1, 1, 1, 1, 1]}}, {"type": "Feature", "geometry": {"type": "Point", "coordinates": [3.17344, 41.070099]}, "properties": {"var_data": [0.449, -0.052, 0.031, 0.011, 0.989, 0.0, 1, 1, 1, 1, 1]}}, {"type": "Feature", "geometry": {"type": "Point", "coordinates": [1.26508, 41.097099]}, "properties": {"var_data": [1.893, -4.507, 0.91, 1.99, 14.08, -1.809, 4, 0, 4, 4, 4]}}, {"type": "Feature", "geometry": {"type": "Point", "coordinates": [1.30042, 41.097099]}, "properties": {"var_data": [1.866, -4.446, 0.864, 1.889, 12.217, -1.632, 4, 4, 4, 4, 4]}}, {"type": "Feature", "geometry": {"type": "Point", "coordinates": [1.33576, 41.097099]}, "properties": {"var_data": [0.602, -1.732, 0.578, 1.269, 4.475, -0.732, 4, 4, 4, 1, 4]}}, {"type": "Feature", "geometry": {"type": "Point", "coordinates": [1.3711, 41.097099]}, "properties": {"var_data": [0.345, -0.992, 0.117, 0.21, 2.737, -0.025, 4, 4, 4, 1, 1]}}, {"type": "Feature", "geometry": {"type": "Point", "coordinates": [1.40644, 41.097099]}, "properties": {"var_data": [0.245, -0.619, 0.026, 0.041, 1.353, -0.001, 4, 4, 1, 1, 1]}}, {"type": "Feature", "geometry": {"type": "Point", "coordinates": [1.44178, 41.097099]}, "properties": {"var_data": [0.163, -0.394, 0.013, 0.019, 0.89, -0.0, 1, 1, 1, 1, 1]}}, {"type": "Feature", "geometry": {"type": "Point", "coordinates": [1.47712, 41.097099]}, "properties": {"var_data": [0.087, -0.269, 0.004, 0.008, 0.643, -0.0, 1, 1, 1, 1, 1]}}, {"type": "Feature", "geometry": {"type": "Point", "coordinates": [1.51246, 41.097099]}, "properties": {"var_data": [0.033, -0.159, 0.002, 0.004, 0.441, -0.0, 1, 1, 1, 1, 1]}}, {"type": "Feature", "geometry": {"type": "Point", "coordinates": [1.5478, 41.097099]}, "properties": {"var_data": [0.026, -0.12, 0.002, 0.003, 0.364, -0.0, 1, 1, 1, 1, 1]}}, {"type": "Feature", "geometry": {"type": "Point", "coordinates": [1.58314, 41.097099]}, "properties": {"var_data": [0.037, -0.106, 0.003, 0.003, 0.345, -0.0, 1, 1, 1, 1, 1]}}, {"type": "Feature", "geometry": {"type": "Point", "coordinates": [1.61848, 41.097099]}, "properties": {"var_data": [0.046, -0.108, 0.004, 0.003, 0.322, -0.0, 1, 1, 1, 1, 1]}}, {"type": "Feature", "geometry": {"type": "Point", "coordinates": [1.65382, 41.097099]}, "properties": {"var_data": [0.072, -0.109, 0.004, 0.004, 0.307, -0.0, 1, 1, 1, 1, 1]}}, {"type": "Feature", "geometry": {"type": "Point", "coordinates": [1.68916, 41.097099]}, "properties": {"var_data": [0.066, -0.099, 0.004, 0.004, 0.269, -0.0, 1, 1, 1, 1, 1]}}, {"type": "Feature", "geometry": {"type": "Point", "coordinates": [1.7245, 41.097099]}, "properties": {"var_data": [0.055, -0.078, 0.005, 0.005, 0.259, -0.0, 1, 1, 1, 1, 1]}}, {"type": "Feature", "geometry": {"type": "Point", "coordinates": [1.75984, 41.097099]}, "properties": {"var_data": [0.08, -0.065, 0.006, 0.005, 0.25, -0.0, 1, 1, 1, 1, 1]}}, {"type": "Feature", "geometry": {"type": "Point", "coordinates": [1.79518, 41.097099]}, "properties": {"var_data": [0.065, -0.072, 0.009, 0.006, 0.238, -0.0, 1, 1, 1, 1, 1]}}, {"type": "Feature", "geometry": {"type": "Point", "coordinates": [1.83052, 41.097099]}, "properties": {"var_data": [0.049, -0.077, 0.008, 0.005, 0.234, -0.0, 1, 1, 1, 1, 1]}}, {"type": "Feature", "geometry": {"type": "Point", "coordinates": [1.86586, 41.097099]}, "properties": {"var_data": [0.055, -0.092, 0.007, 0.005, 0.229, -0.0, 1, 1, 1, 1, 1]}}, {"type": "Feature", "geometry": {"type": "Point", "coordinates": [1.9012, 41.097099]}, "properties": {"var_data": [0.078, -0.095, 0.008, 0.006, 0.242, -0.0, 1, 1, 1, 1, 1]}}, {"type": "Feature", "geometry": {"type": "Point", "coordinates": [1.93654, 41.097099]}, "properties": {"var_data": [0.083, -0.073, 0.006, 0.004, 0.254, -0.0, 1, 1, 1, 1, 1]}}, {"type": "Feature", "geometry": {"type": "Point", "coordinates": [1.97188, 41.097099]}, "properties": {"var_data": [0.084, -0.034, 0.004, 0.003, 0.262, -0.0, 1, 1, 1, 1, 1]}}, {"type": "Feature", "geometry": {"type": "Point", "coordinates": [2.00722, 41.097099]}, "properties": {"var_data": [0.093, -0.001, 0.004, 0.003, 0.281, -0.0, 1, 1, 1, 1, 1]}}, {"type": "Feature", "geometry": {"type": "Point", "coordinates": [2.04256, 41.097099]}, "properties": {"var_data": [0.088, 0.005, 0.004, 0.003, 0.281, -0.0, 1, 1, 1, 1, 1]}}, {"type": "Feature", "geometry": {"type": "Point", "coordinates": [2.0779, 41.097099]}, "properties": {"var_data": [0.102, 0.02, 0.004, 0.003, 0.27, -0.0, 1, 1, 1, 1, 1]}}, {"type": "Feature", "geometry": {"type": "Point", "coordinates": [2.11324, 41.097099]}, "properties": {"var_data": [0.077, -0.004, 0.007, 0.009, 0.279, 0.0, 1, 1, 1, 1, 1]}}, {"type": "Feature", "geometry": {"type": "Point", "coordinates": [2.14858, 41.097099]}, "properties": {"var_data": [0.09, 0.01, 0.009, 0.012, 0.281, 0.0, 1, 1, 1, 1, 1]}}, {"type": "Feature", "geometry": {"type": "Point", "coordinates": [2.18392, 41.097099]}, "properties": {"var_data": [0.116, 0.006, 0.01, 0.014, 0.291, 0.0, 1, 1, 1, 1, 1]}}, {"type": "Feature", "geometry": {"type": "Point", "coordinates": [2.21926, 41.097099]}, "properties": {"var_data": [0.11, -0.019, 0.007, 0.006, 0.279, -0.0, 1, 1, 1, 1, 1]}}, {"type": "Feature", "geometry": {"type": "Point", "coordinates": [2.2546, 41.097099]}, "properties": {"var_data": [0.094, -0.055, 0.007, 0.006, 0.278, -0.0, 1, 1, 1, 1, 1]}}, {"type": "Feature", "geometry": {"type": "Point", "coordinates": [2.28994, 41.097099]}, "properties": {"var_data": [0.105, -0.044, 0.009, 0.006, 0.299, -0.0, 1, 1, 1, 1, 1]}}, {"type": "Feature", "geometry": {"type": "Point", "coordinates": [2.32528, 41.097099]}, "properties": {"var_data": [0.1, -0.056, 0.01, 0.005, 0.279, -0.0, 1, 1, 1, 1, 1]}}, {"type": "Feature", "geometry": {"type": "Point", "coordinates": [2.36062, 41.097099]}, "properties": {"var_data": [0.102, -0.07, 0.011, 0.006, 0.283, -0.0, 1, 1, 1, 1, 1]}}, {"type": "Feature", "geometry": {"type": "Point", "coordinates": [2.39596, 41.097099]}, "properties": {"var_data": [0.105, -0.082, 0.014, 0.005, 0.279, -0.0, 1, 1, 1, 1, 1]}}, {"type": "Feature", "geometry": {"type": "Point", "coordinates": [2.4313, 41.097099]}, "properties": {"var_data": [0.134, -0.093, 0.017, 0.005, 0.296, -0.0, 1, 1, 1, 1, 1]}}, {"type": "Feature", "geometry": {"type": "Point", "coordinates": [2.46664, 41.097099]}, "properties": {"var_data": [0.163, -0.1, 0.018, 0.007, 0.338, -0.0, 1, 1, 1, 1, 1]}}, {"type": "Feature", "geometry": {"type": "Point", "coordinates": [2.50198, 41.097099]}, "properties": {"var_data": [0.171, -0.089, 0.018, 0.008, 0.407, -0.0, 1, 1, 1, 1, 1]}}, {"type": "Feature", "geometry": {"type": "Point", "coordinates": [2.53732, 41.097099]}, "properties": {"var_data": [0.157, -0.093, 0.019, 0.014, 0.437, -0.0, 1, 1, 1, 1, 1]}}, {"type": "Feature", "geometry": {"type": "Point", "coordinates": [2.57266, 41.097099]}, "properties": {"var_data": [0.14, -0.06, 0.018, 0.013, 0.44, -0.0, 1, 1, 1, 1, 1]}}, {"type": "Feature", "geometry": {"type": "Point", "coordinates": [2.608, 41.097099]}, "properties": {"var_data": [0.147, -0.096, 0.02, 0.012, 0.385, -0.0, 1, 1, 1, 1, 1]}}, {"type": "Feature", "geometry": {"type": "Point", "coordinates": [2.64334, 41.097099]}, "properties": {"var_data": [0.142, -0.081, 0.016, 0.011, 0.367, -0.0, 1, 1, 1, 1, 1]}}, {"type": "Feature", "geometry": {"type": "Point", "coordinates": [2.67868, 41.097099]}, "properties": {"var_data": [0.126, -0.083, 0.014, 0.005, 0.359, 0.0, 1, 1, 1, 1, 1]}}, {"type": "Feature", "geometry": {"type": "Point", "coordinates": [2.71402, 41.097099]}, "properties": {"var_data": [0.129, -0.096, 0.017, 0.006, 0.356, 0.0, 1, 1, 1, 1, 1]}}, {"type": "Feature", "geometry": {"type": "Point", "coordinates": [2.74936, 41.097099]}, "properties": {"var_data": [0.177, -0.094, 0.01, 0.004, 0.358, 0.0, 1, 1, 1, 1, 1]}}, {"type": "Feature", "geometry": {"type": "Point", "coordinates": [2.7847, 41.097099]}, "properties": {"var_data": [0.217, -0.079, 0.011, 0.005, 0.347, 0.0, 1, 1, 1, 1, 1]}}, {"type": "Feature", "geometry": {"type": "Point", "coordinates": [2.82004, 41.097099]}, "properties": {"var_data": [0.227, -0.077, 0.011, 0.004, 0.376, 0.0, 1, 1, 1, 1, 1]}}, {"type": "Feature", "geometry": {"type": "Point", "coordinates": [2.85538, 41.097099]}, "properties": {"var_data": [0.165, -0.093, 0.013, 0.003, 0.397, 0.0, 1, 1, 1, 1, 1]}}, {"type": "Feature", "geometry": {"type": "Point", "coordinates": [2.89072, 41.097099]}, "properties": {"var_data": [0.029, -0.132, 0.02, 0.004, 0.509, 0.0, 1, 1, 1, 1, 1]}}, {"type": "Feature", "geometry": {"type": "Point", "coordinates": [2.92606, 41.097099]}, "properties": {"var_data": [-0.007, -0.133, 0.027, 0.004, 0.529, 0.0, 1, 1, 1, 1, 1]}}, {"type": "Feature", "geometry": {"type": "Point", "coordinates": [2.9614, 41.097099]}, "properties": {"var_data": [0.109, -0.125, 0.033, 0.011, 0.677, 0.0, 1, 1, 1, 1, 1]}}, {"type": "Feature", "geometry": {"type": "Point", "coordinates": [2.99674, 41.097099]}, "properties": {"var_data": [0.099, -0.118, 0.032, 0.011, 0.682, 0.0, 1, 1, 1, 1, 1]}}, {"type": "Feature", "geometry": {"type": "Point", "coordinates": [3.03208, 41.097099]}, "properties": {"var_data": [0.168, -0.119, 0.031, 0.013, 0.88, 0.0, 1, 1, 1, 1, 1]}}, {"type": "Feature", "geometry": {"type": "Point", "coordinates": [3.06742, 41.097099]}, "properties": {"var_data": [0.309, -0.085, 0.033, 0.012, 0.806, 0.0, 1, 1, 1, 1, 1]}}, {"type": "Feature", "geometry": {"type": "Point", "coordinates": [3.10276, 41.097099]}, "properties": {"var_data": [0.404, -0.016, 0.037, 0.014, 1.003, 0.0, 1, 1, 1, 1, 1]}}, {"type": "Feature", "geometry": {"type": "Point", "coordinates": [3.1381, 41.097099]}, "properties": {"var_data": [0.429, -0.036, 0.034, 0.013, 0.918, 0.0, 1, 1, 1, 1, 1]}}, {"type": "Feature", "geometry": {"type": "Point", "coordinates": [3.17344, 41.097099]}, "properties": {"var_data": [0.464, -0.033, 0.028, 0.011, 0.982, 0.0, 1, 1, 1, 1, 1]}}, {"type": "Feature", "geometry": {"type": "Point", "coordinates": [3.20878, 41.097099]}, "properties": {"var_data": [0.437, -0.075, 0.038, 0.015, 1.317, 0.001, 1, 1, 1, 1, 1]}}, {"type": "Feature", "geometry": {"type": "Point", "coordinates": [1.33576, 41.1241]}, "properties": {"var_data": [2.673, -5.836, 0.844, 1.857, 12.068, -1.567, 4, 4, 4, 4, 4]}}, {"type": "Feature", "geometry": {"type": "Point", "coordinates": [1.3711, 41.1241]}, "properties": {"var_data": [0.473, -1.311, 0.362, 0.793, 4.491, -0.287, 4, 4, 4, 1, 1]}}, {"type": "Feature", "geometry": {"type": "Point", "coordinates": [1.40644, 41.1241]}, "properties": {"var_data": [0.257, -0.565, 0.087, 0.171, 2.251, -0.014, 4, 1, 4, 1, 1]}}, {"type": "Feature", "geometry": {"type": "Point", "coordinates": [1.44178, 41.1241]}, "properties": {"var_data": [0.332, -0.672, 0.02, 0.03, 1.677, -0.001, 1, 1, 1, 1, 1]}}, {"type": "Feature", "geometry": {"type": "Point", "coordinates": [1.47712, 41.1241]}, "properties": {"var_data": [0.025, -0.173, 0.004, 0.009, 0.748, -0.0, 1, 1, 1, 1, 1]}}, {"type": "Feature", "geometry": {"type": "Point", "coordinates": [1.51246, 41.1241]}, "properties": {"var_data": [0.03, -0.152, 0.002, 0.004, 0.454, -0.0, 1, 1, 1, 1, 1]}}, {"type": "Feature", "geometry": {"type": "Point", "coordinates": [1.5478, 41.1241]}, "properties": {"var_data": [0.025, -0.156, 0.002, 0.004, 0.325, -0.0, 1, 1, 1, 1, 1]}}, {"type": "Feature", "geometry": {"type": "Point", "coordinates": [1.58314, 41.1241]}, "properties": {"var_data": [0.067, -0.152, 0.002, 0.003, 0.262, -0.0, 1, 1, 1, 1, 1]}}, {"type": "Feature", "geometry": {"type": "Point", "coordinates": [1.61848, 41.1241]}, "properties": {"var_data": [0.073, -0.142, 0.004, 0.003, 0.254, -0.0, 1, 1, 1, 1, 1]}}, {"type": "Feature", "geometry": {"type": "Point", "coordinates": [1.65382, 41.1241]}, "properties": {"var_data": [0.074, -0.106, 0.004, 0.005, 0.281, -0.0, 1, 1, 1, 1, 1]}}, {"type": "Feature", "geometry": {"type": "Point", "coordinates": [1.68916, 41.1241]}, "properties": {"var_data": [0.071, -0.102, 0.003, 0.004, 0.256, -0.0, 1, 1, 1, 1, 1]}}, {"type": "Feature", "geometry": {"type": "Point", "coordinates": [1.7245, 41.1241]}, "properties": {"var_data": [0.064, -0.083, 0.004, 0.006, 0.254, 0.0, 1, 1, 1, 1, 1]}}, {"type": "Feature", "geometry": {"type": "Point", "coordinates": [1.75984, 41.1241]}, "properties": {"var_data": [0.072, -0.076, 0.007, 0.006, 0.261, -0.0, 1, 1, 1, 1, 1]}}, {"type": "Feature", "geometry": {"type": "Point", "coordinates": [1.79518, 41.1241]}, "properties": {"var_data": [0.05, -0.076, 0.007, 0.006, 0.232, -0.0, 1, 1, 1, 1, 1]}}, {"type": "Feature", "geometry": {"type": "Point", "coordinates": [1.83052, 41.1241]}, "properties": {"var_data": [0.039, -0.098, 0.007, 0.005, 0.217, -0.0, 1, 1, 1, 1, 1]}}, {"type": "Feature", "geometry": {"type": "Point", "coordinates": [1.86586, 41.1241]}, "properties": {"var_data": [0.025, -0.101, 0.006, 0.004, 0.216, -0.0, 1, 1, 1, 1, 1]}}, {"type": "Feature", "geometry": {"type": "Point", "coordinates": [1.9012, 41.1241]}, "properties": {"var_data": [0.045, -0.084, 0.007, 0.004, 0.225, 0.0, 1, 1, 1, 1, 1]}}, {"type": "Feature", "geometry": {"type": "Point", "coordinates": [1.93654, 41.1241]}, "properties": {"var_data": [0.057, -0.038, 0.006, 0.003, 0.231, 0.0, 1, 1, 1, 1, 1]}}, {"type": "Feature", "geometry": {"type": "Point", "coordinates": [1.97188, 41.1241]}, "properties": {"var_data": [0.069, -0.005, 0.007, 0.004, 0.259, 0.0, 1, 1, 1, 1, 1]}}, {"type": "Feature", "geometry": {"type": "Point", "coordinates": [2.00722, 41.1241]}, "properties": {"var_data": [0.061, 0.002, 0.004, 0.003, 0.269, -0.0, 1, 1, 1, 1, 1]}}, {"type": "Feature", "geometry": {"type": "Point", "coordinates": [2.04256, 41.1241]}, "properties": {"var_data": [0.06, 0.009, 0.003, 0.002, 0.264, -0.0, 1, 1, 1, 1, 1]}}, {"type": "Feature", "geometry": {"type": "Point", "coordinates": [2.0779, 41.1241]}, "properties": {"var_data": [0.061, -0.001, 0.007, 0.009, 0.27, 0.0, 1, 1, 1, 1, 1]}}, {"type": "Feature", "geometry": {"type": "Point", "coordinates": [2.11324, 41.1241]}, "properties": {"var_data": [0.068, 0.0, 0.008, 0.011, 0.291, 0.0, 1, 1, 1, 1, 1]}}, {"type": "Feature", "geometry": {"type": "Point", "coordinates": [2.14858, 41.1241]}, "properties": {"var_data": [0.077, 0.007, 0.007, 0.009, 0.266, 0.0, 1, 1, 1, 1, 1]}}, {"type": "Feature", "geometry": {"type": "Point", "coordinates": [2.18392, 41.1241]}, "properties": {"var_data": [0.092, 0.003, 0.006, 0.008, 0.283, 0.0, 1, 1, 1, 1, 1]}}, {"type": "Feature", "geometry": {"type": "Point", "coordinates": [2.21926, 41.1241]}, "properties": {"var_data": [0.099, -0.012, 0.006, 0.006, 0.284, -0.0, 1, 1, 1, 1, 1]}}, {"type": "Feature", "geometry": {"type": "Point", "coordinates": [2.2546, 41.1241]}, "properties": {"var_data": [0.106, -0.027, 0.006, 0.006, 0.299, -0.0, 1, 1, 1, 1, 1]}}, {"type": "Feature", "geometry": {"type": "Point", "coordinates": [2.28994, 41.1241]}, "properties": {"var_data": [0.09, -0.048, 0.007, 0.006, 0.271, -0.0, 1, 1, 1, 1, 1]}}, {"type": "Feature", "geometry": {"type": "Point", "coordinates": [2.32528, 41.1241]}, "properties": {"var_data": [0.09, -0.028, 0.009, 0.007, 0.3, -0.0, 1, 1, 1, 1, 1]}}, {"type": "Feature", "geometry": {"type": "Point", "coordinates": [2.36062, 41.1241]}, "properties": {"var_data": [0.087, -0.065, 0.011, 0.005, 0.307, -0.0, 1, 1, 1, 1, 1]}}, {"type": "Feature", "geometry": {"type": "Point", "coordinates": [2.39596, 41.1241]}, "properties": {"var_data": [0.104, -0.074, 0.016, 0.006, 0.282, -0.0, 1, 1, 1, 1, 1]}}, {"type": "Feature", "geometry": {"type": "Point", "coordinates": [2.4313, 41.1241]}, "properties": {"var_data": [0.132, -0.09, 0.019, 0.005, 0.312, -0.0, 1, 1, 1, 1, 1]}}, {"type": "Feature", "geometry": {"type": "Point", "coordinates": [2.46664, 41.1241]}, "properties": {"var_data": [0.143, -0.088, 0.017, 0.006, 0.314, -0.0, 1, 1, 1, 1, 1]}}, {"type": "Feature", "geometry": {"type": "Point", "coordinates": [2.50198, 41.1241]}, "properties": {"var_data": [0.143, -0.104, 0.018, 0.009, 0.35, -0.0, 1, 1, 1, 1, 1]}}, {"type": "Feature", "geometry": {"type": "Point", "coordinates": [2.53732, 41.1241]}, "properties": {"var_data": [0.12, -0.073, 0.023, 0.014, 0.417, -0.0, 1, 1, 1, 1, 1]}}, {"type": "Feature", "geometry": {"type": "Point", "coordinates": [2.57266, 41.1241]}, "properties": {"var_data": [0.12, -0.071, 0.019, 0.013, 0.402, -0.0, 1, 1, 1, 1, 1]}}, {"type": "Feature", "geometry": {"type": "Point", "coordinates": [2.608, 41.1241]}, "properties": {"var_data": [0.133, -0.075, 0.014, 0.011, 0.372, -0.0, 1, 1, 1, 1, 1]}}, {"type": "Feature", "geometry": {"type": "Point", "coordinates": [2.64334, 41.1241]}, "properties": {"var_data": [0.127, -0.073, 0.012, 0.005, 0.349, 0.0, 1, 1, 1, 1, 1]}}, {"type": "Feature", "geometry": {"type": "Point", "coordinates": [2.67868, 41.1241]}, "properties": {"var_data": [0.116, -0.075, 0.013, 0.005, 0.355, 0.0, 1, 1, 1, 1, 1]}}, {"type": "Feature", "geometry": {"type": "Point", "coordinates": [2.71402, 41.1241]}, "properties": {"var_data": [0.134, -0.088, 0.01, 0.004, 0.342, 0.0, 1, 1, 1, 1, 1]}}, {"type": "Feature", "geometry": {"type": "Point", "coordinates": [2.74936, 41.1241]}, "properties": {"var_data": [0.159, -0.082, 0.01, 0.004, 0.394, 0.0, 1, 1, 1, 1, 1]}}, {"type": "Feature", "geometry": {"type": "Point", "coordinates": [2.7847, 41.1241]}, "properties": {"var_data": [0.22, -0.092, 0.01, 0.004, 0.401, 0.0, 1, 1, 1, 1, 1]}}, {"type": "Feature", "geometry": {"type": "Point", "coordinates": [2.82004, 41.1241]}, "properties": {"var_data": [0.216, -0.096, 0.007, 0.003, 0.402, 0.0, 1, 1, 1, 1, 1]}}, {"type": "Feature", "geometry": {"type": "Point", "coordinates": [2.85538, 41.1241]}, "properties": {"var_data": [0.166, -0.1, 0.014, 0.004, 0.439, 0.0, 1, 1, 1, 1, 1]}}, {"type": "Feature", "geometry": {"type": "Point", "coordinates": [2.89072, 41.1241]}, "properties": {"var_data": [0.087, -0.113, 0.017, 0.004, 0.444, 0.0, 1, 1, 1, 1, 1]}}, {"type": "Feature", "geometry": {"type": "Point", "coordinates": [2.92606, 41.1241]}, "properties": {"var_data": [0.06, -0.122, 0.025, 0.004, 0.52, 0.0, 1, 1, 1, 1, 1]}}, {"type": "Feature", "geometry": {"type": "Point", "coordinates": [2.9614, 41.1241]}, "properties": {"var_data": [0.129, -0.11, 0.026, 0.011, 0.59, 0.0, 1, 1, 1, 1, 1]}}, {"type": "Feature", "geometry": {"type": "Point", "coordinates": [2.99674, 41.1241]}, "properties": {"var_data": [0.156, -0.106, 0.025, 0.011, 0.566, 0.0, 1, 1, 1, 1, 1]}}, {"type": "Feature", "geometry": {"type": "Point", "coordinates": [3.03208, 41.1241]}, "properties": {"var_data": [0.223, -0.087, 0.028, 0.011, 0.697, 0.0, 1, 1, 1, 1, 1]}}, {"type": "Feature", "geometry": {"type": "Point", "coordinates": [3.06742, 41.1241]}, "properties": {"var_data": [0.253, -0.072, 0.029, 0.011, 0.696, 0.0, 1, 1, 1, 1, 1]}}, {"type": "Feature", "geometry": {"type": "Point", "coordinates": [3.10276, 41.1241]}, "properties": {"var_data": [0.321, -0.065, 0.009, 0.008, 0.724, 0.0, 1, 1, 1, 1, 1]}}, {"type": "Feature", "geometry": {"type": "Point", "coordinates": [3.1381, 41.1241]}, "properties": {"var_data": [0.399, -0.046, 0.009, 0.008, 0.852, 0.0, 1, 1, 1, 1, 1]}}, {"type": "Feature", "geometry": {"type": "Point", "coordinates": [3.17344, 41.1241]}, "properties": {"var_data": [0.415, -0.063, 0.017, 0.011, 1.115, 0.0, 1, 1, 1, 1, 1]}}, {"type": "Feature", "geometry": {"type": "Point", "coordinates": [3.20878, 41.1241]}, "properties": {"var_data": [0.538, -0.015, 0.034, 0.016, 1.053, 0.0, 1, 1, 1, 1, 1]}}, {"type": "Feature", "geometry": {"type": "Point", "coordinates": [3.24412, 41.1241]}, "properties": {"var_data": [0.513, -0.027, 0.04, 0.028, 1.096, 0.001, 1, 1, 1, 1, 1]}}, {"type": "Feature", "geometry": {"type": "Point", "coordinates": [1.44178, 41.1511]}, "properties": {"var_data": [0.049, -0.111, 0.022, 0.031, 2.806, -0.001, 4, 4, 4, 1, 1]}}, {"type": "Feature", "geometry": {"type": "Point", "coordinates": [1.47712, 41.1511]}, "properties": {"var_data": [-0.035, -0.076, 0.007, 0.014, 0.994, -0.0, 1, 1, 1, 1, 1]}}, {"type": "Feature", "geometry": {"type": "Point", "coordinates": [1.51246, 41.1511]}, "properties": {"var_data": [0.084, -0.206, 0.002, 0.004, 0.445, -0.0, 1, 1, 1, 1, 1]}}, {"type": "Feature", "geometry": {"type": "Point", "coordinates": [1.5478, 41.1511]}, "properties": {"var_data": [0.072, -0.183, 0.002, 0.004, 0.294, -0.0, 1, 1, 1, 1, 1]}}, {"type": "Feature", "geometry": {"type": "Point", "coordinates": [1.58314, 41.1511]}, "properties": {"var_data": [0.054, -0.173, 0.002, 0.004, 0.251, -0.0, 1, 1, 1, 1, 1]}}, {"type": "Feature", "geometry": {"type": "Point", "coordinates": [1.61848, 41.1511]}, "properties": {"var_data": [0.061, -0.162, 0.003, 0.003, 0.245, -0.0, 1, 1, 1, 1, 1]}}, {"type": "Feature", "geometry": {"type": "Point", "coordinates": [1.65382, 41.1511]}, "properties": {"var_data": [0.07, -0.111, 0.003, 0.005, 0.265, -0.0, 1, 1, 1, 1, 1]}}, {"type": "Feature", "geometry": {"type": "Point", "coordinates": [1.68916, 41.1511]}, "properties": {"var_data": [0.07, -0.104, 0.003, 0.005, 0.285, -0.0, 1, 1, 1, 1, 1]}}, {"type": "Feature", "geometry": {"type": "Point", "coordinates": [1.7245, 41.1511]}, "properties": {"var_data": [0.071, -0.073, 0.003, 0.005, 0.264, -0.0, 1, 1, 1, 1, 1]}}, {"type": "Feature", "geometry": {"type": "Point", "coordinates": [1.75984, 41.1511]}, "properties": {"var_data": [0.056, -0.054, 0.004, 0.006, 0.247, -0.0, 1, 1, 1, 1, 1]}}, {"type": "Feature", "geometry": {"type": "Point", "coordinates": [1.79518, 41.1511]}, "properties": {"var_data": [0.043, -0.076, 0.006, 0.006, 0.23, -0.0, 1, 1, 1, 1, 1]}}, {"type": "Feature", "geometry": {"type": "Point", "coordinates": [1.83052, 41.1511]}, "properties": {"var_data": [0.04, -0.101, 0.006, 0.005, 0.213, -0.0, 1, 1, 1, 1, 1]}}, {"type": "Feature", "geometry": {"type": "Point", "coordinates": [1.86586, 41.1511]}, "properties": {"var_data": [0.038, -0.089, 0.006, 0.003, 0.209, -0.0, 1, 1, 1, 1, 1]}}, {"type": "Feature", "geometry": {"type": "Point", "coordinates": [1.9012, 41.1511]}, "properties": {"var_data": [0.011, -0.082, 0.007, 0.004, 0.223, 0.0, 1, 1, 1, 1, 1]}}, {"type": "Feature", "geometry": {"type": "Point", "coordinates": [1.93654, 41.1511]}, "properties": {"var_data": [0.027, -0.021, 0.006, 0.004, 0.229, 0.0, 1, 1, 1, 1, 1]}}, {"type": "Feature", "geometry": {"type": "Point", "coordinates": [1.97188, 41.1511]}, "properties": {"var_data": [0.05, 0.025, 0.007, 0.005, 0.253, 0.0, 1, 1, 1, 1, 1]}}, {"type": "Feature", "geometry": {"type": "Point", "coordinates": [2.00722, 41.1511]}, "properties": {"var_data": [0.034, -0.009, 0.004, 0.005, 0.256, 0.0, 1, 1, 1, 1, 1]}}, {"type": "Feature", "geometry": {"type": "Point", "coordinates": [2.04256, 41.1511]}, "properties": {"var_data": [0.035, -0.027, 0.004, 0.005, 0.255, -0.0, 1, 1, 1, 1, 1]}}, {"type": "Feature", "geometry": {"type": "Point", "coordinates": [2.0779, 41.1511]}, "properties": {"var_data": [0.028, -0.066, 0.003, 0.006, 0.27, 0.0, 1, 1, 1, 1, 1]}}, {"type": "Feature", "geometry": {"type": "Point", "coordinates": [2.11324, 41.1511]}, "properties": {"var_data": [0.067, -0.011, 0.007, 0.01, 0.277, 0.0, 1, 1, 1, 1, 1]}}, {"type": "Feature", "geometry": {"type": "Point", "coordinates": [2.14858, 41.1511]}, "properties": {"var_data": [0.079, -0.017, 0.007, 0.01, 0.287, 0.0, 1, 1, 1, 1, 1]}}, {"type": "Feature", "geometry": {"type": "Point", "coordinates": [2.18392, 41.1511]}, "properties": {"var_data": [0.082, -0.026, 0.006, 0.008, 0.275, 0.0, 1, 1, 1, 1, 1]}}, {"type": "Feature", "geometry": {"type": "Point", "coordinates": [2.21926, 41.1511]}, "properties": {"var_data": [0.102, -0.009, 0.006, 0.006, 0.285, -0.0, 1, 1, 1, 1, 1]}}, {"type": "Feature", "geometry": {"type": "Point", "coordinates": [2.2546, 41.1511]}, "properties": {"var_data": [0.107, -0.006, 0.006, 0.006, 0.3, -0.0, 1, 1, 1, 1, 1]}}, {"type": "Feature", "geometry": {"type": "Point", "coordinates": [2.28994, 41.1511]}, "properties": {"var_data": [0.098, -0.025, 0.007, 0.006, 0.288, -0.0, 1, 1, 1, 1, 1]}}, {"type": "Feature", "geometry": {"type": "Point", "coordinates": [2.32528, 41.1511]}, "properties": {"var_data": [0.101, -0.034, 0.009, 0.006, 0.305, -0.0, 1, 1, 1, 1, 1]}}, {"type": "Feature", "geometry": {"type": "Point", "coordinates": [2.36062, 41.1511]}, "properties": {"var_data": [0.091, -0.039, 0.011, 0.006, 0.287, -0.0, 1, 1, 1, 1, 1]}}, {"type": "Feature", "geometry": {"type": "Point", "coordinates": [2.39596, 41.1511]}, "properties": {"var_data": [0.099, -0.065, 0.016, 0.006, 0.278, -0.0, 1, 1, 1, 1, 1]}}, {"type": "Feature", "geometry": {"type": "Point", "coordinates": [2.4313, 41.1511]}, "properties": {"var_data": [0.118, -0.083, 0.015, 0.006, 0.293, -0.0, 1, 1, 1, 1, 1]}}, {"type": "Feature", "geometry": {"type": "Point", "coordinates": [2.46664, 41.1511]}, "properties": {"var_data": [0.119, -0.077, 0.018, 0.006, 0.295, -0.0, 1, 1, 1, 1, 1]}}, {"type": "Feature", "geometry": {"type": "Point", "coordinates": [2.50198, 41.1511]}, "properties": {"var_data": [0.131, -0.099, 0.008, 0.005, 0.316, -0.0, 1, 1, 1, 1, 1]}}, {"type": "Feature", "geometry": {"type": "Point", "coordinates": [2.53732, 41.1511]}, "properties": {"var_data": [0.133, -0.078, 0.019, 0.013, 0.422, -0.0, 1, 1, 1, 1, 1]}}, {"type": "Feature", "geometry": {"type": "Point", "coordinates": [2.57266, 41.1511]}, "properties": {"var_data": [0.122, -0.064, 0.018, 0.012, 0.369, -0.0, 1, 1, 1, 1, 1]}}, {"type": "Feature", "geometry": {"type": "Point", "coordinates": [2.608, 41.1511]}, "properties": {"var_data": [0.141, -0.054, 0.013, 0.01, 0.375, -0.0, 1, 1, 1, 1, 1]}}, {"type": "Feature", "geometry": {"type": "Point", "coordinates": [2.64334, 41.1511]}, "properties": {"var_data": [0.123, -0.082, 0.011, 0.004, 0.331, 0.0, 1, 1, 1, 1, 1]}}, {"type": "Feature", "geometry": {"type": "Point", "coordinates": [2.67868, 41.1511]}, "properties": {"var_data": [0.128, -0.093, 0.011, 0.004, 0.323, 0.0, 1, 1, 1, 1, 1]}}, {"type": "Feature", "geometry": {"type": "Point", "coordinates": [2.71402, 41.1511]}, "properties": {"var_data": [0.104, -0.093, 0.01, 0.004, 0.331, 0.0, 1, 1, 1, 1, 1]}}, {"type": "Feature", "geometry": {"type": "Point", "coordinates": [2.74936, 41.1511]}, "properties": {"var_data": [0.129, -0.093, 0.01, 0.004, 0.351, 0.0, 1, 1, 1, 1, 1]}}, {"type": "Feature", "geometry": {"type": "Point", "coordinates": [2.7847, 41.1511]}, "properties": {"var_data": [0.163, -0.094, 0.007, 0.005, 0.382, 0.0, 1, 1, 1, 1, 1]}}, {"type": "Feature", "geometry": {"type": "Point", "coordinates": [2.82004, 41.1511]}, "properties": {"var_data": [0.234, -0.089, 0.007, 0.003, 0.389, 0.0, 1, 1, 1, 1, 1]}}, {"type": "Feature", "geometry": {"type": "Point", "coordinates": [2.85538, 41.1511]}, "properties": {"var_data": [0.195, -0.098, 0.008, 0.004, 0.454, 0.0, 1, 1, 1, 1, 1]}}, {"type": "Feature", "geometry": {"type": "Point", "coordinates": [2.89072, 41.1511]}, "properties": {"var_data": [0.101, -0.121, 0.008, 0.004, 0.454, 0.0, 1, 1, 1, 1, 1]}}, {"type": "Feature", "geometry": {"type": "Point", "coordinates": [2.92606, 41.1511]}, "properties": {"var_data": [0.057, -0.125, 0.02, 0.004, 0.512, 0.0, 1, 1, 1, 1, 1]}}, {"type": "Feature", "geometry": {"type": "Point", "coordinates": [2.9614, 41.1511]}, "properties": {"var_data": [0.163, -0.094, 0.023, 0.011, 0.646, 0.0, 1, 1, 1, 1, 1]}}, {"type": "Feature", "geometry": {"type": "Point", "coordinates": [2.99674, 41.1511]}, "properties": {"var_data": [0.199, -0.085, 0.021, 0.01, 0.566, 0.0, 1, 1, 1, 1, 1]}}, {"type": "Feature", "geometry": {"type": "Point", "coordinates": [3.03208, 41.1511]}, "properties": {"var_data": [0.23, -0.076, 0.027, 0.011, 0.691, 0.0, 1, 1, 1, 1, 1]}}, {"type": "Feature", "geometry": {"type": "Point", "coordinates": [3.06742, 41.1511]}, "properties": {"var_data": [0.236, -0.082, 0.01, 0.009, 0.632, 0.0, 1, 1, 1, 1, 1]}}, {"type": "Feature", "geometry": {"type": "Point", "coordinates": [3.10276, 41.1511]}, "properties": {"var_data": [0.275, -0.069, 0.011, 0.01, 0.697, 0.0, 1, 1, 1, 1, 1]}}, {"type": "Feature", "geometry": {"type": "Point", "coordinates": [3.1381, 41.1511]}, "properties": {"var_data": [0.279, -0.079, 0.009, 0.008, 0.865, 0.0, 1, 1, 1, 1, 1]}}, {"type": "Feature", "geometry": {"type": "Point", "coordinates": [3.17344, 41.1511]}, "properties": {"var_data": [0.32, -0.083, 0.015, 0.016, 0.943, 0.0, 1, 1, 1, 1, 1]}}, {"type": "Feature", "geometry": {"type": "Point", "coordinates": [3.20878, 41.1511]}, "properties": {"var_data": [0.437, -0.045, 0.027, 0.017, 0.931, 0.0, 1, 1, 1, 1, 1]}}, {"type": "Feature", "geometry": {"type": "Point", "coordinates": [3.24412, 41.1511]}, "properties": {"var_data": [0.506, -0.019, 0.069, 0.038, 1.094, 0.002, 1, 1, 1, 1, 1]}}, {"type": "Feature", "geometry": {"type": "Point", "coordinates": [3.27946, 41.1511]}, "properties": {"var_data": [0.556, 0.01, 0.051, 0.032, 1.064, 0.002, 1, 1, 1, 1, 1]}}, {"type": "Feature", "geometry": {"type": "Point", "coordinates": [1.5478, 41.178101]}, "properties": {"var_data": [0.068, -0.215, 0.004, 0.008, 0.335, -0.0, 1, 1, 1, 1, 1]}}, {"type": "Feature", "geometry": {"type": "Point", "coordinates": [1.58314, 41.178101]}, "properties": {"var_data": [0.05, -0.206, 0.004, 0.004, 0.289, 0.0, 1, 1, 1, 1, 1]}}, {"type": "Feature", "geometry": {"type": "Point", "coordinates": [1.61848, 41.178101]}, "properties": {"var_data": [0.055, -0.181, 0.003, 0.008, 0.295, -0.0, 1, 1, 1, 1, 1]}}, {"type": "Feature", "geometry": {"type": "Point", "coordinates": [1.65382, 41.178101]}, "properties": {"var_data": [0.074, -0.084, 0.003, 0.007, 0.309, -0.0, 1, 1, 1, 1, 1]}}, {"type": "Feature", "geometry": {"type": "Point", "coordinates": [1.68916, 41.178101]}, "properties": {"var_data": [0.063, -0.049, 0.003, 0.007, 0.346, -0.0, 1, 1, 1, 1, 1]}}, {"type": "Feature", "geometry": {"type": "Point", "coordinates": [1.7245, 41.178101]}, "properties": {"var_data": [0.052, -0.021, 0.004, 0.008, 0.362, -0.0, 1, 1, 1, 1, 1]}}, {"type": "Feature", "geometry": {"type": "Point", "coordinates": [1.75984, 41.178101]}, "properties": {"var_data": [0.049, -0.049, 0.004, 0.006, 0.294, -0.0, 1, 1, 1, 1, 1]}}, {"type": "Feature", "geometry": {"type": "Point", "coordinates": [1.79518, 41.178101]}, "properties": {"var_data": [0.057, -0.099, 0.004, 0.006, 0.257, -0.0, 1, 1, 1, 1, 1]}}, {"type": "Feature", "geometry": {"type": "Point", "coordinates": [1.83052, 41.178101]}, "properties": {"var_data": [0.051, -0.1, 0.007, 0.006, 0.225, -0.0, 1, 1, 1, 1, 1]}}, {"type": "Feature", "geometry": {"type": "Point", "coordinates": [1.86586, 41.178101]}, "properties": {"var_data": [0.023, -0.073, 0.005, 0.003, 0.208, 0.0, 1, 1, 1, 1, 1]}}, {"type": "Feature", "geometry": {"type": "Point", "coordinates": [1.9012, 41.178101]}, "properties": {"var_data": [-0.009, -0.057, 0.006, 0.003, 0.203, 0.0, 1, 1, 1, 1, 1]}}, {"type": "Feature", "geometry": {"type": "Point", "coordinates": [1.93654, 41.178101]}, "properties": {"var_data": [0.019, -0.017, 0.008, 0.005, 0.231, 0.0, 1, 1, 1, 1, 1]}}, {"type": "Feature", "geometry": {"type": "Point", "coordinates": [1.97188, 41.178101]}, "properties": {"var_data": [0.04, 0.016, 0.004, 0.003, 0.249, 0.0, 1, 1, 1, 1, 1]}}, {"type": "Feature", "geometry": {"type": "Point", "coordinates": [2.00722, 41.178101]}, "properties": {"var_data": [0.022, -0.02, 0.004, 0.006, 0.251, -0.0, 1, 1, 1, 1, 1]}}, {"type": "Feature", "geometry": {"type": "Point", "coordinates": [2.04256, 41.178101]}, "properties": {"var_data": [0.011, -0.068, 0.004, 0.007, 0.258, -0.0, 1, 1, 1, 1, 1]}}, {"type": "Feature", "geometry": {"type": "Point", "coordinates": [2.0779, 41.178101]}, "properties": {"var_data": [0.02, -0.1, 0.003, 0.006, 0.264, -0.0, 1, 1, 1, 1, 1]}}, {"type": "Feature", "geometry": {"type": "Point", "coordinates": [2.11324, 41.178101]}, "properties": {"var_data": [0.045, -0.101, 0.004, 0.009, 0.269, 0.0, 1, 1, 1, 1, 1]}}, {"type": "Feature", "geometry": {"type": "Point", "coordinates": [2.14858, 41.178101]}, "properties": {"var_data": [0.083, -0.046, 0.006, 0.011, 0.291, 0.0, 1, 1, 1, 1, 1]}}, {"type": "Feature", "geometry": {"type": "Point", "coordinates": [2.18392, 41.178101]}, "properties": {"var_data": [0.103, -0.023, 0.006, 0.01, 0.27, 0.0, 1, 1, 1, 1, 1]}}, {"type": "Feature", "geometry": {"type": "Point", "coordinates": [2.21926, 41.178101]}, "properties": {"var_data": [0.097, -0.026, 0.004, 0.008, 0.294, 0.0, 1, 1, 1, 1, 1]}}, {"type": "Feature", "geometry": {"type": "Point", "coordinates": [2.2546, 41.178101]}, "properties": {"var_data": [0.096, -0.026, 0.007, 0.007, 0.282, -0.0, 1, 1, 1, 1, 1]}}, {"type": "Feature", "geometry": {"type": "Point", "coordinates": [2.28994, 41.178101]}, "properties": {"var_data": [0.098, 0.011, 0.009, 0.006, 0.303, -0.0, 1, 1, 1, 1, 1]}}, {"type": "Feature", "geometry": {"type": "Point", "coordinates": [2.32528, 41.178101]}, "properties": {"var_data": [0.093, -0.03, 0.002, 0.004, 0.292, 0.0, 1, 1, 1, 1, 1]}}, {"type": "Feature", "geometry": {"type": "Point", "coordinates": [2.36062, 41.178101]}, "properties": {"var_data": [0.092, -0.049, 0.002, 0.004, 0.292, 0.0, 1, 1, 1, 1, 1]}}, {"type": "Feature", "geometry": {"type": "Point", "coordinates": [2.39596, 41.178101]}, "properties": {"var_data": [0.091, -0.047, 0.015, 0.004, 0.285, -0.0, 1, 1, 1, 1, 1]}}, {"type": "Feature", "geometry": {"type": "Point", "coordinates": [2.4313, 41.178101]}, "properties": {"var_data": [0.107, -0.07, 0.01, 0.004, 0.276, -0.0, 1, 1, 1, 1, 1]}}, {"type": "Feature", "geometry": {"type": "Point", "coordinates": [2.46664, 41.178101]}, "properties": {"var_data": [0.107, -0.083, 0.008, 0.004, 0.301, -0.0, 1, 1, 1, 1, 1]}}, {"type": "Feature", "geometry": {"type": "Point", "coordinates": [2.50198, 41.178101]}, "properties": {"var_data": [0.121, -0.104, 0.008, 0.004, 0.326, -0.0, 1, 1, 1, 1, 1]}}, {"type": "Feature", "geometry": {"type": "Point", "coordinates": [2.53732, 41.178101]}, "properties": {"var_data": [0.118, -0.118, 0.008, 0.005, 0.367, -0.0, 1, 1, 1, 1, 1]}}, {"type": "Feature", "geometry": {"type": "Point", "coordinates": [2.57266, 41.178101]}, "properties": {"var_data": [0.133, -0.092, 0.012, 0.01, 0.367, -0.0, 1, 1, 1, 1, 1]}}, {"type": "Feature", "geometry": {"type": "Point", "coordinates": [2.608, 41.178101]}, "properties": {"var_data": [0.143, -0.075, 0.015, 0.011, 0.367, -0.0, 1, 1, 1, 1, 1]}}, {"type": "Feature", "geometry": {"type": "Point", "coordinates": [2.64334, 41.178101]}, "properties": {"var_data": [0.132, -0.095, 0.013, 0.011, 0.344, -0.0, 1, 1, 1, 1, 1]}}, {"type": "Feature", "geometry": {"type": "Point", "coordinates": [2.67868, 41.178101]}, "properties": {"var_data": [0.116, -0.097, 0.012, 0.004, 0.322, 0.0, 1, 1, 1, 1, 1]}}, {"type": "Feature", "geometry": {"type": "Point", "coordinates": [2.71402, 41.178101]}, "properties": {"var_data": [0.082, -0.097, 0.011, 0.004, 0.349, 0.0, 1, 1, 1, 1, 1]}}, {"type": "Feature", "geometry": {"type": "Point", "coordinates": [2.74936, 41.178101]}, "properties": {"var_data": [0.116, -0.104, 0.012, 0.004, 0.376, 0.0, 1, 1, 1, 1, 1]}}, {"type": "Feature", "geometry": {"type": "Point", "coordinates": [2.7847, 41.178101]}, "properties": {"var_data": [0.153, -0.1, 0.008, 0.006, 0.448, 0.0, 1, 1, 1, 1, 1]}}, {"type": "Feature", "geometry": {"type": "Point", "coordinates": [2.82004, 41.178101]}, "properties": {"var_data": [0.179, -0.104, 0.008, 0.005, 0.463, 0.0, 1, 1, 1, 1, 1]}}, {"type": "Feature", "geometry": {"type": "Point", "coordinates": [2.85538, 41.178101]}, "properties": {"var_data": [0.174, -0.103, 0.007, 0.004, 0.499, 0.0, 1, 1, 1, 1, 1]}}, {"type": "Feature", "geometry": {"type": "Point", "coordinates": [2.89072, 41.178101]}, "properties": {"var_data": [0.082, -0.122, 0.008, 0.004, 0.486, 0.0, 1, 1, 1, 1, 1]}}, {"type": "Feature", "geometry": {"type": "Point", "coordinates": [2.92606, 41.178101]}, "properties": {"var_data": [0.07, -0.127, 0.015, 0.008, 0.485, 0.0, 1, 1, 1, 1, 1]}}, {"type": "Feature", "geometry": {"type": "Point", "coordinates": [2.9614, 41.178101]}, "properties": {"var_data": [0.151, -0.096, 0.02, 0.011, 0.623, 0.0, 1, 1, 1, 1, 1]}}, {"type": "Feature", "geometry": {"type": "Point", "coordinates": [2.99674, 41.178101]}, "properties": {"var_data": [0.186, -0.092, 0.02, 0.01, 0.57, 0.0, 1, 1, 1, 1, 1]}}, {"type": "Feature", "geometry": {"type": "Point", "coordinates": [3.03208, 41.178101]}, "properties": {"var_data": [0.236, -0.078, 0.018, 0.009, 0.634, 0.0, 1, 1, 1, 1, 1]}}, {"type": "Feature", "geometry": {"type": "Point", "coordinates": [3.06742, 41.178101]}, "properties": {"var_data": [0.258, -0.066, 0.009, 0.008, 0.632, 0.0, 1, 1, 1, 1, 1]}}, {"type": "Feature", "geometry": {"type": "Point", "coordinates": [3.10276, 41.178101]}, "properties": {"var_data": [0.255, -0.067, 0.009, 0.008, 0.662, 0.0, 1, 1, 1, 1, 1]}}, {"type": "Feature", "geometry": {"type": "Point", "coordinates": [3.1381, 41.178101]}, "properties": {"var_data": [0.193, -0.099, 0.009, 0.009, 0.754, 0.0, 1, 1, 1, 1, 1]}}, {"type": "Feature", "geometry": {"type": "Point", "coordinates": [3.17344, 41.178101]}, "properties": {"var_data": [0.225, -0.104, 0.012, 0.012, 0.851, 0.0, 1, 1, 1, 1, 1]}}, {"type": "Feature", "geometry": {"type": "Point", "coordinates": [3.20878, 41.178101]}, "properties": {"var_data": [0.314, -0.08, 0.048, 0.025, 0.935, 0.001, 1, 1, 1, 1, 1]}}, {"type": "Feature", "geometry": {"type": "Point", "coordinates": [3.24412, 41.178101]}, "properties": {"var_data": [0.45, -0.04, 0.073, 0.041, 0.963, 0.003, 1, 1, 1, 1, 1]}}, {"type": "Feature", "geometry": {"type": "Point", "coordinates": [3.27946, 41.178101]}, "properties": {"var_data": [0.532, -0.003, 0.064, 0.037, 1.065, 0.002, 1, 1, 1, 1, 1]}}, {"type": "Feature", "geometry": {"type": "Point", "coordinates": [3.3148, 41.178101]}, "properties": {"var_data": [0.637, 0.097, 0.03, 0.025, 1.12, 0.001, 1, 1, 1, 1, 1]}}, {"type": "Feature", "geometry": {"type": "Point", "coordinates": [1.7245, 41.205101]}, "properties": {"var_data": [0.037, 0.013, 0.005, 0.01, 0.525, -0.0, 1, 1, 1, 1, 1]}}, {"type": "Feature", "geometry": {"type": "Point", "coordinates": [1.75984, 41.205101]}, "properties": {"var_data": [0.053, -0.06, 0.005, 0.008, 0.466, -0.0, 1, 1, 1, 1, 1]}}, {"type": "Feature", "geometry": {"type": "Point", "coordinates": [1.79518, 41.205101]}, "properties": {"var_data": [0.082, -0.124, 0.006, 0.009, 0.334, -0.0, 1, 1, 1, 1, 1]}}, {"type": "Feature", "geometry": {"type": "Point", "coordinates": [1.83052, 41.205101]}, "properties": {"var_data": [0.062, -0.1, 0.007, 0.005, 0.262, -0.0, 1, 1, 1, 1, 1]}}, {"type": "Feature", "geometry": {"type": "Point", "coordinates": [1.86586, 41.205101]}, "properties": {"var_data": [0.023, -0.07, 0.005, 0.003, 0.215, 0.0, 1, 1, 1, 1, 1]}}, {"type": "Feature", "geometry": {"type": "Point", "coordinates": [1.9012, 41.205101]}, "properties": {"var_data": [0.037, -0.047, 0.005, 0.003, 0.195, 0.0, 1, 1, 1, 1, 1]}}, {"type": "Feature", "geometry": {"type": "Point", "coordinates": [1.93654, 41.205101]}, "properties": {"var_data": [0.062, -0.018, 0.007, 0.004, 0.216, 0.0, 1, 1, 1, 1, 1]}}, {"type": "Feature", "geometry": {"type": "Point", "coordinates": [1.97188, 41.205101]}, "properties": {"var_data": [0.084, 0.032, 0.004, 0.004, 0.271, 0.0, 1, 1, 1, 1, 1]}}, {"type": "Feature", "geometry": {"type": "Point", "coordinates": [2.00722, 41.205101]}, "properties": {"var_data": [0.039, -0.027, 0.004, 0.007, 0.272, -0.0, 1, 1, 1, 1, 1]}}, {"type": "Feature", "geometry": {"type": "Point", "coordinates": [2.04256, 41.205101]}, "properties": {"var_data": [0.007, -0.117, 0.002, 0.007, 0.302, -0.0, 1, 1, 1, 1, 1]}}, {"type": "Feature", "geometry": {"type": "Point", "coordinates": [2.0779, 41.205101]}, "properties": {"var_data": [0.02, -0.122, 0.002, 0.006, 0.279, -0.0, 1, 1, 1, 1, 1]}}, {"type": "Feature", "geometry": {"type": "Point", "coordinates": [2.11324, 41.205101]}, "properties": {"var_data": [0.047, -0.145, 0.006, 0.01, 0.287, -0.0, 1, 1, 1, 1, 1]}}, {"type": "Feature", "geometry": {"type": "Point", "coordinates": [2.14858, 41.205101]}, "properties": {"var_data": [0.087, -0.104, 0.005, 0.009, 0.28, -0.0, 1, 1, 1, 1, 1]}}, {"type": "Feature", "geometry": {"type": "Point", "coordinates": [2.18392, 41.205101]}, "properties": {"var_data": [0.113, -0.057, 0.004, 0.011, 0.308, 0.0, 1, 1, 1, 1, 1]}}, {"type": "Feature", "geometry": {"type": "Point", "coordinates": [2.21926, 41.205101]}, "properties": {"var_data": [0.112, -0.03, 0.003, 0.007, 0.298, -0.0, 1, 1, 1, 1, 1]}}, {"type": "Feature", "geometry": {"type": "Point", "coordinates": [2.2546, 41.205101]}, "properties": {"var_data": [0.107, -0.009, 0.003, 0.006, 0.307, -0.0, 1, 1, 1, 1, 1]}}, {"type": "Feature", "geometry": {"type": "Point", "coordinates": [2.28994, 41.205101]}, "properties": {"var_data": [0.102, -0.004, 0.002, 0.005, 0.313, 0.0, 1, 1, 1, 1, 1]}}, {"type": "Feature", "geometry": {"type": "Point", "coordinates": [2.32528, 41.205101]}, "properties": {"var_data": [0.092, -0.015, 0.002, 0.004, 0.308, 0.0, 1, 1, 1, 1, 1]}}, {"type": "Feature", "geometry": {"type": "Point", "coordinates": [2.36062, 41.205101]}, "properties": {"var_data": [0.084, -0.043, 0.002, 0.003, 0.298, 0.0, 1, 1, 1, 1, 1]}}, {"type": "Feature", "geometry": {"type": "Point", "coordinates": [2.39596, 41.205101]}, "properties": {"var_data": [0.084, -0.055, 0.002, 0.003, 0.292, -0.0, 1, 1, 1, 1, 1]}}, {"type": "Feature", "geometry": {"type": "Point", "coordinates": [2.4313, 41.205101]}, "properties": {"var_data": [0.097, -0.06, 0.004, 0.003, 0.282, -0.0, 1, 1, 1, 1, 1]}}, {"type": "Feature", "geometry": {"type": "Point", "coordinates": [2.46664, 41.205101]}, "properties": {"var_data": [0.108, -0.093, 0.004, 0.003, 0.296, -0.0, 1, 1, 1, 1, 1]}}, {"type": "Feature", "geometry": {"type": "Point", "coordinates": [2.50198, 41.205101]}, "properties": {"var_data": [0.105, -0.098, 0.007, 0.004, 0.319, -0.0, 1, 1, 1, 1, 1]}}, {"type": "Feature", "geometry": {"type": "Point", "coordinates": [2.53732, 41.205101]}, "properties": {"var_data": [0.111, -0.117, 0.007, 0.006, 0.349, -0.0, 1, 1, 1, 1, 1]}}, {"type": "Feature", "geometry": {"type": "Point", "coordinates": [2.57266, 41.205101]}, "properties": {"var_data": [0.119, -0.124, 0.009, 0.005, 0.335, -0.0, 1, 1, 1, 1, 1]}}, {"type": "Feature", "geometry": {"type": "Point", "coordinates": [2.608, 41.205101]}, "properties": {"var_data": [0.12, -0.077, 0.01, 0.008, 0.331, -0.0, 1, 1, 1, 1, 1]}}, {"type": "Feature", "geometry": {"type": "Point", "coordinates": [2.64334, 41.205101]}, "properties": {"var_data": [0.135, -0.089, 0.008, 0.009, 0.331, -0.0, 1, 1, 1, 1, 1]}}, {"type": "Feature", "geometry": {"type": "Point", "coordinates": [2.67868, 41.205101]}, "properties": {"var_data": [0.116, -0.092, 0.009, 0.008, 0.314, 0.0, 1, 1, 1, 1, 1]}}, {"type": "Feature", "geometry": {"type": "Point", "coordinates": [2.71402, 41.205101]}, "properties": {"var_data": [0.095, -0.095, 0.011, 0.005, 0.336, 0.0, 1, 1, 1, 1, 1]}}, {"type": "Feature", "geometry": {"type": "Point", "coordinates": [2.74936, 41.205101]}, "properties": {"var_data": [0.111, -0.089, 0.011, 0.005, 0.352, 0.0, 1, 1, 1, 1, 1]}}, {"type": "Feature", "geometry": {"type": "Point", "coordinates": [2.7847, 41.205101]}, "properties": {"var_data": [0.164, -0.075, 0.007, 0.006, 0.37, 0.0, 1, 1, 1, 1, 1]}}, {"type": "Feature", "geometry": {"type": "Point", "coordinates": [2.82004, 41.205101]}, "properties": {"var_data": [0.177, -0.076, 0.008, 0.007, 0.383, 0.0, 1, 1, 1, 1, 1]}}, {"type": "Feature", "geometry": {"type": "Point", "coordinates": [2.85538, 41.205101]}, "properties": {"var_data": [0.178, -0.083, 0.008, 0.006, 0.42, 0.0, 1, 1, 1, 1, 1]}}, {"type": "Feature", "geometry": {"type": "Point", "coordinates": [2.89072, 41.205101]}, "properties": {"var_data": [0.1, -0.116, 0.008, 0.006, 0.426, 0.0, 1, 1, 1, 1, 1]}}, {"type": "Feature", "geometry": {"type": "Point", "coordinates": [2.92606, 41.205101]}, "properties": {"var_data": [0.074, -0.112, 0.011, 0.007, 0.505, 0.0, 1, 1, 1, 1, 1]}}, {"type": "Feature", "geometry": {"type": "Point", "coordinates": [2.9614, 41.205101]}, "properties": {"var_data": [0.166, -0.084, 0.017, 0.01, 0.596, 0.0, 1, 1, 1, 1, 1]}}, {"type": "Feature", "geometry": {"type": "Point", "coordinates": [2.99674, 41.205101]}, "properties": {"var_data": [0.221, -0.074, 0.018, 0.011, 0.599, 0.0, 1, 1, 1, 1, 1]}}, {"type": "Feature", "geometry": {"type": "Point", "coordinates": [3.03208, 41.205101]}, "properties": {"var_data": [0.251, -0.055, 0.019, 0.012, 0.618, 0.0, 1, 1, 1, 1, 1]}}, {"type": "Feature", "geometry": {"type": "Point", "coordinates": [3.06742, 41.205101]}, "properties": {"var_data": [0.25, -0.056, 0.009, 0.008, 0.599, 0.0, 1, 1, 1, 1, 1]}}, {"type": "Feature", "geometry": {"type": "Point", "coordinates": [3.10276, 41.205101]}, "properties": {"var_data": [0.211, -0.061, 0.009, 0.008, 0.718, 0.0, 1, 1, 1, 1, 1]}}, {"type": "Feature", "geometry": {"type": "Point", "coordinates": [3.1381, 41.205101]}, "properties": {"var_data": [0.189, -0.089, 0.011, 0.01, 0.735, 0.0, 1, 1, 1, 1, 1]}}, {"type": "Feature", "geometry": {"type": "Point", "coordinates": [3.17344, 41.205101]}, "properties": {"var_data": [0.185, -0.113, 0.02, 0.012, 0.888, 0.0, 1, 1, 1, 1, 1]}}, {"type": "Feature", "geometry": {"type": "Point", "coordinates": [3.20878, 41.205101]}, "properties": {"var_data": [0.226, -0.135, 0.082, 0.045, 0.945, 0.003, 1, 1, 1, 1, 1]}}, {"type": "Feature", "geometry": {"type": "Point", "coordinates": [3.24412, 41.205101]}, "properties": {"var_data": [0.345, -0.077, 0.076, 0.043, 0.946, 0.003, 1, 1, 1, 1, 1]}}, {"type": "Feature", "geometry": {"type": "Point", "coordinates": [3.27946, 41.205101]}, "properties": {"var_data": [0.462, -0.04, 0.091, 0.062, 1.244, 0.005, 1, 1, 1, 1, 1]}}, {"type": "Feature", "geometry": {"type": "Point", "coordinates": [3.3148, 41.205101]}, "properties": {"var_data": [0.484, -0.006, 0.045, 0.034, 1.424, 0.001, 1, 1, 1, 1, 1]}}, {"type": "Feature", "geometry": {"type": "Point", "coordinates": [1.83052, 41.232101]}, "properties": {"var_data": [0.088, -0.108, 0.01, 0.007, 0.356, -0.0, 1, 1, 1, 1, 1]}}, {"type": "Feature", "geometry": {"type": "Point", "coordinates": [1.86586, 41.232101]}, "properties": {"var_data": [0.037, -0.072, 0.005, 0.003, 0.237, 0.0, 1, 1, 1, 1, 1]}}, {"type": "Feature", "geometry": {"type": "Point", "coordinates": [1.9012, 41.232101]}, "properties": {"var_data": [0.066, -0.049, 0.006, 0.004, 0.217, 0.0, 1, 1, 1, 1, 1]}}, {"type": "Feature", "geometry": {"type": "Point", "coordinates": [1.93654, 41.232101]}, "properties": {"var_data": [0.074, -0.018, 0.007, 0.005, 0.249, 0.0, 1, 1, 1, 1, 1]}}, {"type": "Feature", "geometry": {"type": "Point", "coordinates": [1.97188, 41.232101]}, "properties": {"var_data": [0.099, 0.038, 0.008, 0.007, 0.318, 0.0, 1, 1, 1, 1, 1]}}, {"type": "Feature", "geometry": {"type": "Point", "coordinates": [2.00722, 41.232101]}, "properties": {"var_data": [0.041, -0.086, 0.002, 0.007, 0.366, -0.0, 1, 1, 1, 1, 1]}}, {"type": "Feature", "geometry": {"type": "Point", "coordinates": [2.04256, 41.232101]}, "properties": {"var_data": [0.006, -0.159, 0.002, 0.008, 0.321, -0.0, 1, 1, 1, 1, 1]}}, {"type": "Feature", "geometry": {"type": "Point", "coordinates": [2.0779, 41.232101]}, "properties": {"var_data": [0.028, -0.154, 0.002, 0.01, 0.324, 0.0, 1, 1, 1, 1, 1]}}, {"type": "Feature", "geometry": {"type": "Point", "coordinates": [2.11324, 41.232101]}, "properties": {"var_data": [0.051, -0.147, 0.005, 0.007, 0.312, -0.0, 1, 1, 1, 1, 1]}}, {"type": "Feature", "geometry": {"type": "Point", "coordinates": [2.14858, 41.232101]}, "properties": {"var_data": [0.084, -0.148, 0.006, 0.007, 0.319, -0.0, 1, 1, 1, 1, 1]}}, {"type": "Feature", "geometry": {"type": "Point", "coordinates": [2.18392, 41.232101]}, "properties": {"var_data": [0.115, -0.087, 0.003, 0.006, 0.309, -0.0, 1, 1, 1, 1, 1]}}, {"type": "Feature", "geometry": {"type": "Point", "coordinates": [2.21926, 41.232101]}, "properties": {"var_data": [0.101, -0.028, 0.003, 0.006, 0.314, -0.0, 1, 1, 1, 1, 1]}}, {"type": "Feature", "geometry": {"type": "Point", "coordinates": [2.2546, 41.232101]}, "properties": {"var_data": [0.115, 0.01, 0.003, 0.006, 0.34, -0.0, 1, 1, 1, 1, 1]}}, {"type": "Feature", "geometry": {"type": "Point", "coordinates": [2.28994, 41.232101]}, "properties": {"var_data": [0.106, -0.002, 0.002, 0.004, 0.332, 0.0, 1, 1, 1, 1, 1]}}, {"type": "Feature", "geometry": {"type": "Point", "coordinates": [2.32528, 41.232101]}, "properties": {"var_data": [0.116, -0.022, 0.002, 0.003, 0.339, -0.0, 1, 1, 1, 1, 1]}}, {"type": "Feature", "geometry": {"type": "Point", "coordinates": [2.36062, 41.232101]}, "properties": {"var_data": [0.067, -0.022, 0.002, 0.003, 0.306, -0.0, 1, 1, 1, 1, 1]}}, {"type": "Feature", "geometry": {"type": "Point", "coordinates": [2.39596, 41.232101]}, "properties": {"var_data": [0.084, -0.045, 0.002, 0.003, 0.292, -0.0, 1, 1, 1, 1, 1]}}, {"type": "Feature", "geometry": {"type": "Point", "coordinates": [2.4313, 41.232101]}, "properties": {"var_data": [0.088, -0.043, 0.004, 0.003, 0.314, -0.0, 1, 1, 1, 1, 1]}}, {"type": "Feature", "geometry": {"type": "Point", "coordinates": [2.46664, 41.232101]}, "properties": {"var_data": [0.094, -0.087, 0.004, 0.003, 0.327, -0.0, 1, 1, 1, 1, 1]}}, {"type": "Feature", "geometry": {"type": "Point", "coordinates": [2.50198, 41.232101]}, "properties": {"var_data": [0.103, -0.109, 0.006, 0.004, 0.344, -0.0, 1, 1, 1, 1, 1]}}, {"type": "Feature", "geometry": {"type": "Point", "coordinates": [2.53732, 41.232101]}, "properties": {"var_data": [0.099, -0.121, 0.007, 0.005, 0.354, -0.0, 1, 1, 1, 1, 1]}}, {"type": "Feature", "geometry": {"type": "Point", "coordinates": [2.57266, 41.232101]}, "properties": {"var_data": [0.111, -0.113, 0.009, 0.006, 0.356, -0.0, 1, 1, 1, 1, 1]}}, {"type": "Feature", "geometry": {"type": "Point", "coordinates": [2.608, 41.232101]}, "properties": {"var_data": [0.117, -0.071, 0.008, 0.009, 0.335, -0.0, 1, 1, 1, 1, 1]}}, {"type": "Feature", "geometry": {"type": "Point", "coordinates": [2.64334, 41.232101]}, "properties": {"var_data": [0.124, -0.073, 0.007, 0.008, 0.321, -0.0, 1, 1, 1, 1, 1]}}, {"type": "Feature", "geometry": {"type": "Point", "coordinates": [2.67868, 41.232101]}, "properties": {"var_data": [0.116, -0.079, 0.008, 0.006, 0.322, 0.0, 1, 1, 1, 1, 1]}}, {"type": "Feature", "geometry": {"type": "Point", "coordinates": [2.71402, 41.232101]}, "properties": {"var_data": [0.098, -0.062, 0.008, 0.005, 0.312, 0.0, 1, 1, 1, 1, 1]}}, {"type": "Feature", "geometry": {"type": "Point", "coordinates": [2.74936, 41.232101]}, "properties": {"var_data": [0.113, -0.062, 0.011, 0.005, 0.346, 0.0, 1, 1, 1, 1, 1]}}, {"type": "Feature", "geometry": {"type": "Point", "coordinates": [2.7847, 41.232101]}, "properties": {"var_data": [0.149, -0.066, 0.011, 0.005, 0.373, 0.0, 1, 1, 1, 1, 1]}}, {"type": "Feature", "geometry": {"type": "Point", "coordinates": [2.82004, 41.232101]}, "properties": {"var_data": [0.145, -0.064, 0.012, 0.006, 0.36, 0.0, 1, 1, 1, 1, 1]}}, {"type": "Feature", "geometry": {"type": "Point", "coordinates": [2.85538, 41.232101]}, "properties": {"var_data": [0.12, -0.084, 0.012, 0.007, 0.418, 0.0, 1, 1, 1, 1, 1]}}, {"type": "Feature", "geometry": {"type": "Point", "coordinates": [2.89072, 41.232101]}, "properties": {"var_data": [0.124, -0.085, 0.011, 0.007, 0.43, 0.0, 1, 1, 1, 1, 1]}}, {"type": "Feature", "geometry": {"type": "Point", "coordinates": [2.92606, 41.232101]}, "properties": {"var_data": [0.153, -0.079, 0.012, 0.008, 0.604, 0.0, 1, 1, 1, 1, 1]}}, {"type": "Feature", "geometry": {"type": "Point", "coordinates": [2.9614, 41.232101]}, "properties": {"var_data": [0.193, -0.079, 0.016, 0.012, 0.608, 0.0, 1, 1, 1, 1, 1]}}, {"type": "Feature", "geometry": {"type": "Point", "coordinates": [2.99674, 41.232101]}, "properties": {"var_data": [0.228, -0.066, 0.019, 0.01, 0.599, 0.0, 1, 1, 1, 1, 1]}}, {"type": "Feature", "geometry": {"type": "Point", "coordinates": [3.03208, 41.232101]}, "properties": {"var_data": [0.225, -0.065, 0.019, 0.013, 0.612, 0.0, 1, 1, 1, 1, 1]}}, {"type": "Feature", "geometry": {"type": "Point", "coordinates": [3.06742, 41.232101]}, "properties": {"var_data": [0.217, -0.057, 0.021, 0.011, 0.647, 0.0, 1, 1, 1, 1, 1]}}, {"type": "Feature", "geometry": {"type": "Point", "coordinates": [3.10276, 41.232101]}, "properties": {"var_data": [0.195, -0.067, 0.023, 0.012, 0.721, 0.0, 1, 1, 1, 1, 1]}}, {"type": "Feature", "geometry": {"type": "Point", "coordinates": [3.1381, 41.232101]}, "properties": {"var_data": [0.154, -0.1, 0.033, 0.016, 0.78, 0.0, 1, 1, 1, 1, 1]}}, {"type": "Feature", "geometry": {"type": "Point", "coordinates": [3.17344, 41.232101]}, "properties": {"var_data": [0.168, -0.102, 0.034, 0.016, 0.768, 0.0, 1, 1, 1, 1, 1]}}, {"type": "Feature", "geometry": {"type": "Point", "coordinates": [3.20878, 41.232101]}, "properties": {"var_data": [0.168, -0.159, 0.067, 0.041, 0.893, 0.002, 1, 1, 1, 1, 1]}}, {"type": "Feature", "geometry": {"type": "Point", "coordinates": [3.24412, 41.232101]}, "properties": {"var_data": [0.294, -0.099, 0.097, 0.058, 1.164, 0.005, 1, 1, 1, 1, 1]}}, {"type": "Feature", "geometry": {"type": "Point", "coordinates": [3.27946, 41.232101]}, "properties": {"var_data": [0.315, -0.093, 0.11, 0.073, 1.432, 0.008, 1, 1, 1, 1, 1]}}, {"type": "Feature", "geometry": {"type": "Point", "coordinates": [3.3148, 41.232101]}, "properties": {"var_data": [0.411, -0.037, 0.129, 0.086, 1.699, 0.011, 1, 1, 1, 1, 1]}}, {"type": "Feature", "geometry": {"type": "Point", "coordinates": [3.35014, 41.232101]}, "properties": {"var_data": [0.888, 0.348, 0.043, 0.037, 1.794, 0.001, 1, 1, 1, 1, 1]}}, {"type": "Feature", "geometry": {"type": "Point", "coordinates": [1.93654, 41.259102]}, "properties": {"var_data": [0.105, -0.016, 0.008, 0.007, 0.374, 0.0, 1, 1, 1, 1, 1]}}, {"type": "Feature", "geometry": {"type": "Point", "coordinates": [1.97188, 41.259102]}, "properties": {"var_data": [0.156, 0.081, 0.011, 0.012, 0.553, 0.0, 1, 1, 1, 1, 1]}}, {"type": "Feature", "geometry": {"type": "Point", "coordinates": [2.00722, 41.259102]}, "properties": {"var_data": [0.077, -0.077, 0.002, 0.031, 0.594, 0.0, 1, 1, 1, 1, 1]}}, {"type": "Feature", "geometry": {"type": "Point", "coordinates": [2.04256, 41.259102]}, "properties": {"var_data": [0.013, -0.11, 0.002, 0.017, 0.5, 0.0, 1, 1, 1, 1, 1]}}, {"type": "Feature", "geometry": {"type": "Point", "coordinates": [2.0779, 41.259102]}, "properties": {"var_data": [0.021, -0.094, 0.002, 0.006, 0.399, -0.0, 1, 1, 1, 1, 1]}}, {"type": "Feature", "geometry": {"type": "Point", "coordinates": [2.11324, 41.259102]}, "properties": {"var_data": [0.041, -0.133, 0.002, 0.006, 0.407, -0.0, 1, 1, 1, 1, 1]}}, {"type": "Feature", "geometry": {"type": "Point", "coordinates": [2.14858, 41.259102]}, "properties": {"var_data": [0.079, -0.122, 0.007, 0.008, 0.374, -0.0, 1, 1, 1, 1, 1]}}, {"type": "Feature", "geometry": {"type": "Point", "coordinates": [2.18392, 41.259102]}, "properties": {"var_data": [0.12, -0.114, 0.003, 0.005, 0.362, -0.0, 1, 1, 1, 1, 1]}}, {"type": "Feature", "geometry": {"type": "Point", "coordinates": [2.21926, 41.259102]}, "properties": {"var_data": [0.105, -0.067, 0.003, 0.006, 0.369, -0.0, 1, 1, 1, 1, 1]}}, {"type": "Feature", "geometry": {"type": "Point", "coordinates": [2.2546, 41.259102]}, "properties": {"var_data": [0.112, -0.028, 0.003, 0.006, 0.377, -0.0, 1, 1, 1, 1, 1]}}, {"type": "Feature", "geometry": {"type": "Point", "coordinates": [2.28994, 41.259102]}, "properties": {"var_data": [0.111, -0.011, 0.003, 0.004, 0.385, -0.0, 1, 1, 1, 1, 1]}}, {"type": "Feature", "geometry": {"type": "Point", "coordinates": [2.32528, 41.259102]}, "properties": {"var_data": [0.12, -0.025, 0.002, 0.004, 0.392, -0.0, 1, 1, 1, 1, 1]}}, {"type": "Feature", "geometry": {"type": "Point", "coordinates": [2.36062, 41.259102]}, "properties": {"var_data": [0.095, -0.016, 0.002, 0.004, 0.344, -0.0, 1, 1, 1, 1, 1]}}, {"type": "Feature", "geometry": {"type": "Point", "coordinates": [2.39596, 41.259102]}, "properties": {"var_data": [0.076, -0.029, 0.004, 0.003, 0.332, -0.0, 1, 1, 1, 1, 1]}}, {"type": "Feature", "geometry": {"type": "Point", "coordinates": [2.4313, 41.259102]}, "properties": {"var_data": [0.085, -0.033, 0.004, 0.004, 0.34, -0.0, 1, 1, 1, 1, 1]}}, {"type": "Feature", "geometry": {"type": "Point", "coordinates": [2.46664, 41.259102]}, "properties": {"var_data": [0.092, -0.049, 0.004, 0.003, 0.342, -0.0, 1, 1, 1, 1, 1]}}, {"type": "Feature", "geometry": {"type": "Point", "coordinates": [2.50198, 41.259102]}, "properties": {"var_data": [0.112, -0.072, 0.009, 0.006, 0.372, -0.0, 1, 1, 1, 1, 1]}}, {"type": "Feature", "geometry": {"type": "Point", "coordinates": [2.53732, 41.259102]}, "properties": {"var_data": [0.098, -0.094, 0.01, 0.006, 0.417, -0.0, 1, 1, 1, 1, 1]}}, {"type": "Feature", "geometry": {"type": "Point", "coordinates": [2.57266, 41.259102]}, "properties": {"var_data": [0.103, -0.074, 0.012, 0.008, 0.416, -0.0, 1, 1, 1, 1, 1]}}, {"type": "Feature", "geometry": {"type": "Point", "coordinates": [2.608, 41.259102]}, "properties": {"var_data": [0.103, -0.061, 0.008, 0.009, 0.363, -0.0, 1, 1, 1, 1, 1]}}, {"type": "Feature", "geometry": {"type": "Point", "coordinates": [2.64334, 41.259102]}, "properties": {"var_data": [0.097, -0.032, 0.008, 0.007, 0.339, -0.0, 1, 1, 1, 1, 1]}}, {"type": "Feature", "geometry": {"type": "Point", "coordinates": [2.67868, 41.259102]}, "properties": {"var_data": [0.096, -0.023, 0.008, 0.005, 0.317, -0.0, 1, 1, 1, 1, 1]}}, {"type": "Feature", "geometry": {"type": "Point", "coordinates": [2.71402, 41.259102]}, "properties": {"var_data": [0.098, -0.024, 0.008, 0.005, 0.309, 0.0, 1, 1, 1, 1, 1]}}, {"type": "Feature", "geometry": {"type": "Point", "coordinates": [2.74936, 41.259102]}, "properties": {"var_data": [0.098, -0.035, 0.012, 0.006, 0.327, 0.0, 1, 1, 1, 1, 1]}}, {"type": "Feature", "geometry": {"type": "Point", "coordinates": [2.7847, 41.259102]}, "properties": {"var_data": [0.143, -0.038, 0.008, 0.005, 0.334, 0.0, 1, 1, 1, 1, 1]}}, {"type": "Feature", "geometry": {"type": "Point", "coordinates": [2.82004, 41.259102]}, "properties": {"var_data": [0.114, -0.06, 0.008, 0.006, 0.35, 0.0, 1, 1, 1, 1, 1]}}, {"type": "Feature", "geometry": {"type": "Point", "coordinates": [2.85538, 41.259102]}, "properties": {"var_data": [0.129, -0.071, 0.012, 0.007, 0.42, 0.0, 1, 1, 1, 1, 1]}}, {"type": "Feature", "geometry": {"type": "Point", "coordinates": [2.89072, 41.259102]}, "properties": {"var_data": [0.146, -0.062, 0.011, 0.006, 0.406, 0.0, 1, 1, 1, 1, 1]}}, {"type": "Feature", "geometry": {"type": "Point", "coordinates": [2.92606, 41.259102]}, "properties": {"var_data": [0.171, -0.068, 0.012, 0.008, 0.447, 0.0, 1, 1, 1, 1, 1]}}, {"type": "Feature", "geometry": {"type": "Point", "coordinates": [2.9614, 41.259102]}, "properties": {"var_data": [0.223, -0.049, 0.018, 0.014, 0.599, 0.0, 1, 1, 1, 1, 1]}}, {"type": "Feature", "geometry": {"type": "Point", "coordinates": [2.99674, 41.259102]}, "properties": {"var_data": [0.22, -0.051, 0.02, 0.012, 0.546, 0.0, 1, 1, 1, 1, 1]}}, {"type": "Feature", "geometry": {"type": "Point", "coordinates": [3.03208, 41.259102]}, "properties": {"var_data": [0.23, -0.041, 0.025, 0.015, 0.6, 0.0, 1, 1, 1, 1, 1]}}, {"type": "Feature", "geometry": {"type": "Point", "coordinates": [3.06742, 41.259102]}, "properties": {"var_data": [0.257, -0.03, 0.009, 0.009, 0.639, 0.0, 1, 1, 1, 1, 1]}}, {"type": "Feature", "geometry": {"type": "Point", "coordinates": [3.10276, 41.259102]}, "properties": {"var_data": [0.221, -0.041, 0.009, 0.009, 0.648, 0.0, 1, 1, 1, 1, 1]}}, {"type": "Feature", "geometry": {"type": "Point", "coordinates": [3.1381, 41.259102]}, "properties": {"var_data": [0.178, -0.099, 0.028, 0.013, 0.749, 0.0, 1, 1, 1, 1, 1]}}, {"type": "Feature", "geometry": {"type": "Point", "coordinates": [3.17344, 41.259102]}, "properties": {"var_data": [0.161, -0.109, 0.032, 0.02, 0.769, 0.001, 1, 1, 1, 1, 1]}}, {"type": "Feature", "geometry": {"type": "Point", "coordinates": [3.20878, 41.259102]}, "properties": {"var_data": [0.153, -0.154, 0.032, 0.037, 0.943, 0.001, 1, 1, 1, 1, 1]}}, {"type": "Feature", "geometry": {"type": "Point", "coordinates": [3.24412, 41.259102]}, "properties": {"var_data": [0.117, -0.191, 0.038, 0.039, 1.173, 0.001, 1, 1, 1, 1, 1]}}, {"type": "Feature", "geometry": {"type": "Point", "coordinates": [3.27946, 41.259102]}, "properties": {"var_data": [0.332, -0.071, 0.112, 0.076, 1.428, 0.008, 1, 1, 1, 1, 1]}}, {"type": "Feature", "geometry": {"type": "Point", "coordinates": [3.3148, 41.259102]}, "properties": {"var_data": [0.462, 0.016, 0.113, 0.084, 1.821, 0.009, 1, 1, 1, 1, 1]}}, {"type": "Feature", "geometry": {"type": "Point", "coordinates": [3.35014, 41.259102]}, "properties": {"var_data": [0.925, 0.367, 0.044, 0.038, 2.223, 0.002, 4, 1, 4, 1, 1]}}, {"type": "Feature", "geometry": {"type": "Point", "coordinates": [2.11324, 41.286098]}, "properties": {"var_data": [0.035, -0.096, 0.012, 0.012, 0.542, -0.0, 1, 1, 1, 1, 1]}}, {"type": "Feature", "geometry": {"type": "Point", "coordinates": [2.14858, 41.286098]}, "properties": {"var_data": [0.105, -0.148, 0.012, 0.012, 0.513, -0.0, 1, 1, 1, 1, 1]}}, {"type": "Feature", "geometry": {"type": "Point", "coordinates": [2.18392, 41.286098]}, "properties": {"var_data": [0.105, -0.133, 0.004, 0.006, 0.492, -0.0, 1, 1, 1, 1, 1]}}, {"type": "Feature", "geometry": {"type": "Point", "coordinates": [2.21926, 41.286098]}, "properties": {"var_data": [0.086, -0.07, 0.003, 0.008, 0.484, -0.0, 1, 1, 1, 1, 1]}}, {"type": "Feature", "geometry": {"type": "Point", "coordinates": [2.2546, 41.286098]}, "properties": {"var_data": [0.113, -0.068, 0.003, 0.006, 0.463, -0.0, 1, 1, 1, 1, 1]}}, {"type": "Feature", "geometry": {"type": "Point", "coordinates": [2.28994, 41.286098]}, "properties": {"var_data": [0.098, -0.041, 0.007, 0.006, 0.448, -0.0, 1, 1, 1, 1, 1]}}, {"type": "Feature", "geometry": {"type": "Point", "coordinates": [2.32528, 41.286098]}, "properties": {"var_data": [0.128, -0.04, 0.01, 0.007, 0.494, -0.0, 1, 1, 1, 1, 1]}}, {"type": "Feature", "geometry": {"type": "Point", "coordinates": [2.36062, 41.286098]}, "properties": {"var_data": [0.108, -0.026, 0.019, 0.011, 0.437, -0.0, 1, 1, 1, 1, 1]}}, {"type": "Feature", "geometry": {"type": "Point", "coordinates": [2.39596, 41.286098]}, "properties": {"var_data": [0.056, -0.006, 0.004, 0.005, 0.372, -0.0, 1, 1, 1, 1, 1]}}, {"type": "Feature", "geometry": {"type": "Point", "coordinates": [2.4313, 41.286098]}, "properties": {"var_data": [0.089, -0.021, 0.004, 0.006, 0.372, -0.0, 1, 1, 1, 1, 1]}}, {"type": "Feature", "geometry": {"type": "Point", "coordinates": [2.46664, 41.286098]}, "properties": {"var_data": [0.124, -0.031, 0.004, 0.004, 0.409, -0.0, 1, 1, 1, 1, 1]}}, {"type": "Feature", "geometry": {"type": "Point", "coordinates": [2.50198, 41.286098]}, "properties": {"var_data": [0.106, -0.037, 0.01, 0.004, 0.483, -0.0, 1, 1, 1, 1, 1]}}, {"type": "Feature", "geometry": {"type": "Point", "coordinates": [2.53732, 41.286098]}, "properties": {"var_data": [0.085, -0.043, 0.009, 0.004, 0.457, -0.0, 1, 1, 1, 1, 1]}}, {"type": "Feature", "geometry": {"type": "Point", "coordinates": [2.57266, 41.286098]}, "properties": {"var_data": [0.075, -0.018, 0.008, 0.005, 0.425, -0.0, 1, 1, 1, 1, 1]}}, {"type": "Feature", "geometry": {"type": "Point", "coordinates": [2.608, 41.286098]}, "properties": {"var_data": [0.072, -0.003, 0.01, 0.005, 0.369, -0.0, 1, 1, 1, 1, 1]}}, {"type": "Feature", "geometry": {"type": "Point", "coordinates": [2.64334, 41.286098]}, "properties": {"var_data": [0.083, 0.013, 0.008, 0.005, 0.355, -0.0, 1, 1, 1, 1, 1]}}, {"type": "Feature", "geometry": {"type": "Point", "coordinates": [2.67868, 41.286098]}, "properties": {"var_data": [0.091, -0.01, 0.009, 0.005, 0.32, -0.0, 1, 1, 1, 1, 1]}}, {"type": "Feature", "geometry": {"type": "Point", "coordinates": [2.71402, 41.286098]}, "properties": {"var_data": [0.079, -0.03, 0.011, 0.005, 0.311, -0.0, 1, 1, 1, 1, 1]}}, {"type": "Feature", "geometry": {"type": "Point", "coordinates": [2.74936, 41.286098]}, "properties": {"var_data": [0.085, -0.028, 0.007, 0.005, 0.307, 0.0, 1, 1, 1, 1, 1]}}, {"type": "Feature", "geometry": {"type": "Point", "coordinates": [2.7847, 41.286098]}, "properties": {"var_data": [0.126, -0.03, 0.008, 0.007, 0.332, 0.0, 1, 1, 1, 1, 1]}}, {"type": "Feature", "geometry": {"type": "Point", "coordinates": [2.82004, 41.286098]}, "properties": {"var_data": [0.126, -0.035, 0.008, 0.007, 0.349, 0.0, 1, 1, 1, 1, 1]}}, {"type": "Feature", "geometry": {"type": "Point", "coordinates": [2.85538, 41.286098]}, "properties": {"var_data": [0.163, -0.037, 0.008, 0.006, 0.372, 0.0, 1, 1, 1, 1, 1]}}, {"type": "Feature", "geometry": {"type": "Point", "coordinates": [2.89072, 41.286098]}, "properties": {"var_data": [0.164, -0.047, 0.011, 0.006, 0.414, 0.0, 1, 1, 1, 1, 1]}}, {"type": "Feature", "geometry": {"type": "Point", "coordinates": [2.92606, 41.286098]}, "properties": {"var_data": [0.22, -0.02, 0.013, 0.008, 0.462, 0.0, 1, 1, 1, 1, 1]}}, {"type": "Feature", "geometry": {"type": "Point", "coordinates": [2.9614, 41.286098]}, "properties": {"var_data": [0.25, -0.011, 0.017, 0.014, 0.491, 0.0, 1, 1, 1, 1, 1]}}, {"type": "Feature", "geometry": {"type": "Point", "coordinates": [2.99674, 41.286098]}, "properties": {"var_data": [0.25, -0.014, 0.022, 0.014, 0.543, 0.0, 1, 1, 1, 1, 1]}}, {"type": "Feature", "geometry": {"type": "Point", "coordinates": [3.03208, 41.286098]}, "properties": {"var_data": [0.271, 0.019, 0.009, 0.01, 0.543, 0.0, 1, 1, 1, 1, 1]}}, {"type": "Feature", "geometry": {"type": "Point", "coordinates": [3.06742, 41.286098]}, "properties": {"var_data": [0.274, 0.021, 0.01, 0.011, 0.639, 0.0, 1, 1, 1, 1, 1]}}, {"type": "Feature", "geometry": {"type": "Point", "coordinates": [3.10276, 41.286098]}, "properties": {"var_data": [0.242, -0.019, 0.01, 0.011, 0.638, 0.0, 1, 1, 1, 1, 1]}}, {"type": "Feature", "geometry": {"type": "Point", "coordinates": [3.1381, 41.286098]}, "properties": {"var_data": [0.228, -0.034, 0.01, 0.012, 0.709, 0.0, 1, 1, 1, 1, 1]}}, {"type": "Feature", "geometry": {"type": "Point", "coordinates": [3.17344, 41.286098]}, "properties": {"var_data": [0.13, -0.141, 0.028, 0.03, 0.872, 0.001, 1, 1, 1, 1, 1]}}, {"type": "Feature", "geometry": {"type": "Point", "coordinates": [3.20878, 41.286098]}, "properties": {"var_data": [0.149, -0.141, 0.029, 0.027, 0.984, 0.001, 1, 1, 1, 1, 1]}}, {"type": "Feature", "geometry": {"type": "Point", "coordinates": [3.24412, 41.286098]}, "properties": {"var_data": [0.129, -0.145, 0.04, 0.042, 1.352, 0.001, 1, 1, 1, 1, 1]}}, {"type": "Feature", "geometry": {"type": "Point", "coordinates": [3.27946, 41.286098]}, "properties": {"var_data": [0.177, -0.143, 0.03, 0.032, 1.145, 0.001, 1, 1, 1, 1, 1]}}, {"type": "Feature", "geometry": {"type": "Point", "coordinates": [3.3148, 41.286098]}, "properties": {"var_data": [0.492, 0.071, 0.022, 0.028, 1.246, 0.001, 1, 1, 1, 1, 1]}}, {"type": "Feature", "geometry": {"type": "Point", "coordinates": [3.35014, 41.286098]}, "properties": {"var_data": [0.66, 0.207, 0.024, 0.029, 1.498, 0.001, 1, 1, 1, 1, 1]}}, {"type": "Feature", "geometry": {"type": "Point", "coordinates": [3.38548, 41.286098]}, "properties": {"var_data": [0.751, 0.294, 0.042, 0.042, 1.485, 0.002, 1, 1, 1, 1, 1]}}, {"type": "Feature", "geometry": {"type": "Point", "coordinates": [3.42082, 41.286098]}, "properties": {"var_data": [0.723, 0.313, 0.035, 0.039, 1.244, 0.001, 1, 1, 1, 1, 1]}}, {"type": "Feature", "geometry": {"type": "Point", "coordinates": [3.45616, 41.286098]}, "properties": {"var_data": [0.729, 0.432, 0.044, 0.069, 1.346, 0.003, 1, 1, 1, 1, 1]}}, {"type": "Feature", "geometry": {"type": "Point", "coordinates": [3.4915, 41.286098]}, "properties": {"var_data": [0.685, 0.37, 0.04, 0.059, 1.259, 0.002, 1, 1, 1, 1, 1]}}, {"type": "Feature", "geometry": {"type": "Point", "coordinates": [2.18392, 41.313099]}, "properties": {"var_data": [0.004, -0.072, 0.024, 0.024, 0.803, -0.001, 1, 1, 1, 1, 1]}}, {"type": "Feature", "geometry": {"type": "Point", "coordinates": [2.21926, 41.313099]}, "properties": {"var_data": [0.008, -0.089, 0.027, 0.028, 0.708, -0.001, 1, 1, 1, 1, 1]}}, {"type": "Feature", "geometry": {"type": "Point", "coordinates": [2.2546, 41.313099]}, "properties": {"var_data": [0.145, -0.168, 0.011, 0.013, 0.647, -0.0, 1, 1, 1, 1, 1]}}, {"type": "Feature", "geometry": {"type": "Point", "coordinates": [2.28994, 41.313099]}, "properties": {"var_data": [0.13, -0.12, 0.011, 0.012, 0.594, -0.0, 1, 1, 1, 1, 1]}}, {"type": "Feature", "geometry": {"type": "Point", "coordinates": [2.32528, 41.313099]}, "properties": {"var_data": [0.118, -0.07, 0.01, 0.008, 0.514, -0.0, 1, 1, 1, 1, 1]}}, {"type": "Feature", "geometry": {"type": "Point", "coordinates": [2.36062, 41.313099]}, "properties": {"var_data": [0.072, -0.021, 0.02, 0.011, 0.516, -0.0, 1, 1, 1, 1, 1]}}, {"type": "Feature", "geometry": {"type": "Point", "coordinates": [2.39596, 41.313099]}, "properties": {"var_data": [0.075, -0.012, 0.018, 0.008, 0.45, -0.0, 1, 1, 1, 1, 1]}}, {"type": "Feature", "geometry": {"type": "Point", "coordinates": [2.4313, 41.313099]}, "properties": {"var_data": [0.062, -0.011, 0.025, 0.009, 0.494, -0.0, 1, 1, 1, 1, 1]}}, {"type": "Feature", "geometry": {"type": "Point", "coordinates": [2.46664, 41.313099]}, "properties": {"var_data": [0.054, 0.002, 0.012, 0.004, 0.592, -0.0, 1, 1, 1, 1, 1]}}, {"type": "Feature", "geometry": {"type": "Point", "coordinates": [2.50198, 41.313099]}, "properties": {"var_data": [0.077, 0.0, 0.011, 0.004, 0.584, -0.0, 1, 1, 1, 1, 1]}}, {"type": "Feature", "geometry": {"type": "Point", "coordinates": [2.53732, 41.313099]}, "properties": {"var_data": [0.052, 0.019, 0.01, 0.004, 0.606, -0.0, 1, 1, 1, 1, 1]}}, {"type": "Feature", "geometry": {"type": "Point", "coordinates": [2.57266, 41.313099]}, "properties": {"var_data": [0.048, 0.02, 0.009, 0.004, 0.476, -0.0, 1, 1, 1, 1, 1]}}, {"type": "Feature", "geometry": {"type": "Point", "coordinates": [2.608, 41.313099]}, "properties": {"var_data": [0.039, 0.015, 0.013, 0.005, 0.525, -0.0, 1, 1, 1, 1, 1]}}, {"type": "Feature", "geometry": {"type": "Point", "coordinates": [2.64334, 41.313099]}, "properties": {"var_data": [0.063, 0.008, 0.011, 0.005, 0.414, -0.0, 1, 1, 1, 1, 1]}}, {"type": "Feature", "geometry": {"type": "Point", "coordinates": [2.67868, 41.313099]}, "properties": {"var_data": [0.073, -0.011, 0.014, 0.007, 0.344, -0.0, 1, 1, 1, 1, 1]}}, {"type": "Feature", "geometry": {"type": "Point", "coordinates": [2.71402, 41.313099]}, "properties": {"var_data": [0.077, -0.029, 0.01, 0.005, 0.348, -0.0, 1, 1, 1, 1, 1]}}, {"type": "Feature", "geometry": {"type": "Point", "coordinates": [2.74936, 41.313099]}, "properties": {"var_data": [0.085, -0.026, 0.007, 0.006, 0.339, 0.0, 1, 1, 1, 1, 1]}}, {"type": "Feature", "geometry": {"type": "Point", "coordinates": [2.7847, 41.313099]}, "properties": {"var_data": [0.1, -0.045, 0.008, 0.007, 0.343, 0.0, 1, 1, 1, 1, 1]}}, {"type": "Feature", "geometry": {"type": "Point", "coordinates": [2.82004, 41.313099]}, "properties": {"var_data": [0.124, -0.052, 0.008, 0.007, 0.368, 0.0, 1, 1, 1, 1, 1]}}, {"type": "Feature", "geometry": {"type": "Point", "coordinates": [2.85538, 41.313099]}, "properties": {"var_data": [0.15, -0.048, 0.009, 0.007, 0.375, 0.0, 1, 1, 1, 1, 1]}}, {"type": "Feature", "geometry": {"type": "Point", "coordinates": [2.89072, 41.313099]}, "properties": {"var_data": [0.2, -0.024, 0.015, 0.008, 0.389, 0.0, 1, 1, 1, 1, 1]}}, {"type": "Feature", "geometry": {"type": "Point", "coordinates": [2.92606, 41.313099]}, "properties": {"var_data": [0.216, -0.0, 0.013, 0.01, 0.413, 0.0, 1, 1, 1, 1, 1]}}, {"type": "Feature", "geometry": {"type": "Point", "coordinates": [2.9614, 41.313099]}, "properties": {"var_data": [0.242, 0.014, 0.019, 0.012, 0.451, 0.0, 1, 1, 1, 1, 1]}}, {"type": "Feature", "geometry": {"type": "Point", "coordinates": [2.99674, 41.313099]}, "properties": {"var_data": [0.249, 0.013, 0.022, 0.015, 0.485, 0.0, 1, 1, 1, 1, 1]}}, {"type": "Feature", "geometry": {"type": "Point", "coordinates": [3.03208, 41.313099]}, "properties": {"var_data": [0.247, 0.017, 0.009, 0.01, 0.543, 0.0, 1, 1, 1, 1, 1]}}, {"type": "Feature", "geometry": {"type": "Point", "coordinates": [3.06742, 41.313099]}, "properties": {"var_data": [0.252, 0.01, 0.009, 0.011, 0.554, 0.0, 1, 1, 1, 1, 1]}}, {"type": "Feature", "geometry": {"type": "Point", "coordinates": [3.10276, 41.313099]}, "properties": {"var_data": [0.236, -0.027, 0.01, 0.012, 0.644, 0.0, 1, 1, 1, 1, 1]}}, {"type": "Feature", "geometry": {"type": "Point", "coordinates": [3.1381, 41.313099]}, "properties": {"var_data": [0.239, -0.033, 0.01, 0.012, 0.729, 0.0, 1, 1, 1, 1, 1]}}, {"type": "Feature", "geometry": {"type": "Point", "coordinates": [3.17344, 41.313099]}, "properties": {"var_data": [0.142, -0.132, 0.025, 0.026, 0.725, 0.001, 1, 1, 1, 1, 1]}}, {"type": "Feature", "geometry": {"type": "Point", "coordinates": [3.20878, 41.313099]}, "properties": {"var_data": [0.127, -0.16, 0.024, 0.024, 0.685, 0.0, 1, 1, 1, 1, 1]}}, {"type": "Feature", "geometry": {"type": "Point", "coordinates": [3.24412, 41.313099]}, "properties": {"var_data": [0.072, -0.205, 0.03, 0.037, 0.848, 0.001, 1, 1, 1, 1, 1]}}, {"type": "Feature", "geometry": {"type": "Point", "coordinates": [3.27946, 41.313099]}, "properties": {"var_data": [0.222, -0.117, 0.021, 0.032, 0.791, 0.001, 1, 1, 1, 1, 1]}}, {"type": "Feature", "geometry": {"type": "Point", "coordinates": [3.3148, 41.313099]}, "properties": {"var_data": [0.313, -0.066, 0.023, 0.032, 0.918, 0.001, 1, 1, 1, 1, 1]}}, {"type": "Feature", "geometry": {"type": "Point", "coordinates": [3.35014, 41.313099]}, "properties": {"var_data": [0.478, 0.061, 0.023, 0.03, 1.408, 0.001, 1, 1, 1, 1, 1]}}, {"type": "Feature", "geometry": {"type": "Point", "coordinates": [3.38548, 41.313099]}, "properties": {"var_data": [0.781, 0.319, 0.025, 0.031, 1.425, 0.001, 1, 1, 1, 1, 1]}}, {"type": "Feature", "geometry": {"type": "Point", "coordinates": [3.42082, 41.313099]}, "properties": {"var_data": [0.523, 0.134, 0.044, 0.046, 0.958, 0.002, 1, 1, 1, 1, 1]}}, {"type": "Feature", "geometry": {"type": "Point", "coordinates": [3.45616, 41.313099]}, "properties": {"var_data": [0.646, 0.334, 0.037, 0.058, 1.181, 0.002, 1, 1, 1, 1, 1]}}, {"type": "Feature", "geometry": {"type": "Point", "coordinates": [3.4915, 41.313099]}, "properties": {"var_data": [0.65, 0.336, 0.023, 0.046, 1.129, 0.001, 1, 1, 1, 1, 1]}}, {"type": "Feature", "geometry": {"type": "Point", "coordinates": [3.52684, 41.313099]}, "properties": {"var_data": [0.509, 0.147, 0.02, 0.038, 0.998, 0.001, 1, 1, 1, 1, 1]}}, {"type": "Feature", "geometry": {"type": "Point", "coordinates": [3.56218, 41.313099]}, "properties": {"var_data": [0.428, 0.032, 0.021, 0.04, 0.958, 0.001, 1, 1, 1, 1, 1]}}, {"type": "Feature", "geometry": {"type": "Point", "coordinates": [3.59752, 41.313099]}, "properties": {"var_data": [0.355, -0.042, 0.022, 0.04, 1.105, 0.001, 1, 1, 1, 1, 1]}}, {"type": "Feature", "geometry": {"type": "Point", "coordinates": [2.18392, 41.340099]}, "properties": {"var_data": [-0.162, 0.017, 0.071, 0.074, 1.683, -0.005, 1, 1, 1, 1, 1]}}, {"type": "Feature", "geometry": {"type": "Point", "coordinates": [2.21926, 41.340099]}, "properties": {"var_data": [-0.224, 0.082, 0.061, 0.062, 1.322, -0.004, 1, 1, 1, 1, 1]}}, {"type": "Feature", "geometry": {"type": "Point", "coordinates": [2.2546, 41.340099]}, "properties": {"var_data": [-0.424, 0.28, 0.051, 0.046, 1.362, -0.002, 1, 1, 1, 1, 1]}}, {"type": "Feature", "geometry": {"type": "Point", "coordinates": [2.28994, 41.340099]}, "properties": {"var_data": [-0.291, 0.176, 0.043, 0.033, 1.24, -0.001, 1, 1, 1, 1, 1]}}, {"type": "Feature", "geometry": {"type": "Point", "coordinates": [2.32528, 41.340099]}, "properties": {"var_data": [-0.242, 0.123, 0.025, 0.017, 1.051, -0.0, 1, 1, 1, 1, 1]}}, {"type": "Feature", "geometry": {"type": "Point", "coordinates": [2.36062, 41.340099]}, "properties": {"var_data": [-0.181, 0.092, 0.01, 0.005, 0.895, -0.0, 1, 1, 1, 1, 1]}}, {"type": "Feature", "geometry": {"type": "Point", "coordinates": [2.39596, 41.340099]}, "properties": {"var_data": [-0.09, 0.045, 0.024, 0.01, 0.825, -0.0, 1, 1, 1, 1, 1]}}, {"type": "Feature", "geometry": {"type": "Point", "coordinates": [2.4313, 41.340099]}, "properties": {"var_data": [-0.066, 0.042, 0.026, 0.01, 0.877, -0.0, 1, 1, 1, 1, 1]}}, {"type": "Feature", "geometry": {"type": "Point", "coordinates": [2.46664, 41.340099]}, "properties": {"var_data": [0.055, 0.021, 0.008, 0.003, 0.793, -0.0, 1, 1, 1, 1, 1]}}, {"type": "Feature", "geometry": {"type": "Point", "coordinates": [2.50198, 41.340099]}, "properties": {"var_data": [-0.028, 0.048, 0.008, 0.004, 0.665, -0.0, 1, 1, 1, 1, 1]}}, {"type": "Feature", "geometry": {"type": "Point", "coordinates": [2.53732, 41.340099]}, "properties": {"var_data": [0.041, 0.032, 0.007, 0.004, 0.522, -0.0, 1, 1, 1, 1, 1]}}, {"type": "Feature", "geometry": {"type": "Point", "coordinates": [2.57266, 41.340099]}, "properties": {"var_data": [-0.004, 0.047, 0.008, 0.003, 0.501, -0.0, 1, 1, 1, 1, 1]}}, {"type": "Feature", "geometry": {"type": "Point", "coordinates": [2.608, 41.340099]}, "properties": {"var_data": [0.041, 0.037, 0.009, 0.005, 0.449, -0.0, 1, 1, 1, 1, 1]}}, {"type": "Feature", "geometry": {"type": "Point", "coordinates": [2.64334, 41.340099]}, "properties": {"var_data": [0.072, 0.016, 0.01, 0.004, 0.404, -0.0, 1, 1, 1, 1, 1]}}, {"type": "Feature", "geometry": {"type": "Point", "coordinates": [2.67868, 41.340099]}, "properties": {"var_data": [0.078, -0.004, 0.012, 0.006, 0.359, -0.0, 1, 1, 1, 1, 1]}}, {"type": "Feature", "geometry": {"type": "Point", "coordinates": [2.71402, 41.340099]}, "properties": {"var_data": [0.099, -0.015, 0.009, 0.005, 0.338, 0.0, 1, 1, 1, 1, 1]}}, {"type": "Feature", "geometry": {"type": "Point", "coordinates": [2.74936, 41.340099]}, "properties": {"var_data": [0.106, -0.038, 0.008, 0.007, 0.328, 0.0, 1, 1, 1, 1, 1]}}, {"type": "Feature", "geometry": {"type": "Point", "coordinates": [2.7847, 41.340099]}, "properties": {"var_data": [0.131, -0.047, 0.008, 0.008, 0.34, 0.0, 1, 1, 1, 1, 1]}}, {"type": "Feature", "geometry": {"type": "Point", "coordinates": [2.82004, 41.340099]}, "properties": {"var_data": [0.145, -0.049, 0.008, 0.007, 0.364, 0.0, 1, 1, 1, 1, 1]}}, {"type": "Feature", "geometry": {"type": "Point", "coordinates": [2.85538, 41.340099]}, "properties": {"var_data": [0.174, -0.042, 0.014, 0.008, 0.375, 0.0, 1, 1, 1, 1, 1]}}, {"type": "Feature", "geometry": {"type": "Point", "coordinates": [2.89072, 41.340099]}, "properties": {"var_data": [0.204, -0.009, 0.015, 0.008, 0.384, 0.0, 1, 1, 1, 1, 1]}}, {"type": "Feature", "geometry": {"type": "Point", "coordinates": [2.92606, 41.340099]}, "properties": {"var_data": [0.2, 0.002, 0.015, 0.009, 0.37, 0.0, 1, 1, 1, 1, 1]}}, {"type": "Feature", "geometry": {"type": "Point", "coordinates": [2.9614, 41.340099]}, "properties": {"var_data": [0.222, 0.03, 0.015, 0.009, 0.411, 0.0, 1, 1, 1, 1, 1]}}, {"type": "Feature", "geometry": {"type": "Point", "coordinates": [2.99674, 41.340099]}, "properties": {"var_data": [0.234, 0.04, 0.023, 0.012, 0.46, 0.0, 1, 1, 1, 1, 1]}}, {"type": "Feature", "geometry": {"type": "Point", "coordinates": [3.03208, 41.340099]}, "properties": {"var_data": [0.226, 0.009, 0.023, 0.013, 0.495, 0.0, 1, 1, 1, 1, 1]}}, {"type": "Feature", "geometry": {"type": "Point", "coordinates": [3.06742, 41.340099]}, "properties": {"var_data": [0.237, -0.014, 0.009, 0.01, 0.556, 0.0, 1, 1, 1, 1, 1]}}, {"type": "Feature", "geometry": {"type": "Point", "coordinates": [3.10276, 41.340099]}, "properties": {"var_data": [0.225, -0.038, 0.01, 0.012, 0.624, 0.0, 1, 1, 1, 1, 1]}}, {"type": "Feature", "geometry": {"type": "Point", "coordinates": [3.1381, 41.340099]}, "properties": {"var_data": [0.22, -0.053, 0.013, 0.019, 0.553, 0.0, 1, 1, 1, 1, 1]}}, {"type": "Feature", "geometry": {"type": "Point", "coordinates": [3.17344, 41.340099]}, "properties": {"var_data": [0.169, -0.121, 0.019, 0.021, 0.544, 0.0, 1, 1, 1, 1, 1]}}, {"type": "Feature", "geometry": {"type": "Point", "coordinates": [3.20878, 41.340099]}, "properties": {"var_data": [0.098, -0.18, 0.022, 0.027, 0.576, 0.0, 1, 1, 1, 1, 1]}}, {"type": "Feature", "geometry": {"type": "Point", "coordinates": [3.24412, 41.340099]}, "properties": {"var_data": [0.125, -0.173, 0.022, 0.025, 0.572, 0.0, 1, 1, 1, 1, 1]}}, {"type": "Feature", "geometry": {"type": "Point", "coordinates": [3.27946, 41.340099]}, "properties": {"var_data": [0.179, -0.173, 0.02, 0.029, 0.626, 0.001, 1, 1, 1, 1, 1]}}, {"type": "Feature", "geometry": {"type": "Point", "coordinates": [3.3148, 41.340099]}, "properties": {"var_data": [0.225, -0.153, 0.022, 0.028, 0.691, 0.001, 1, 1, 1, 1, 1]}}, {"type": "Feature", "geometry": {"type": "Point", "coordinates": [3.35014, 41.340099]}, "properties": {"var_data": [0.271, -0.122, 0.024, 0.037, 0.75, 0.001, 1, 1, 1, 1, 1]}}, {"type": "Feature", "geometry": {"type": "Point", "coordinates": [3.38548, 41.340099]}, "properties": {"var_data": [0.49, 0.055, 0.027, 0.04, 0.91, 0.001, 1, 1, 1, 1, 1]}}, {"type": "Feature", "geometry": {"type": "Point", "coordinates": [3.42082, 41.340099]}, "properties": {"var_data": [0.429, 0.033, 0.065, 0.073, 0.903, 0.005, 1, 1, 1, 1, 1]}}, {"type": "Feature", "geometry": {"type": "Point", "coordinates": [3.45616, 41.340099]}, "properties": {"var_data": [0.472, 0.087, 0.037, 0.054, 0.831, 0.002, 1, 1, 1, 1, 1]}}, {"type": "Feature", "geometry": {"type": "Point", "coordinates": [3.4915, 41.340099]}, "properties": {"var_data": [0.465, 0.152, 0.022, 0.042, 1.133, 0.001, 1, 1, 1, 1, 1]}}, {"type": "Feature", "geometry": {"type": "Point", "coordinates": [3.52684, 41.340099]}, "properties": {"var_data": [0.503, 0.188, 0.019, 0.034, 1.014, 0.001, 1, 1, 1, 1, 1]}}, {"type": "Feature", "geometry": {"type": "Point", "coordinates": [3.56218, 41.340099]}, "properties": {"var_data": [0.408, 0.016, 0.019, 0.036, 0.879, 0.001, 1, 1, 1, 1, 1]}}, {"type": "Feature", "geometry": {"type": "Point", "coordinates": [3.59752, 41.340099]}, "properties": {"var_data": [0.362, -0.073, 0.023, 0.046, 1.011, 0.001, 1, 1, 1, 1, 1]}}, {"type": "Feature", "geometry": {"type": "Point", "coordinates": [3.63286, 41.340099]}, "properties": {"var_data": [0.274, -0.184, 0.04, 0.054, 0.947, 0.002, 1, 1, 1, 1, 1]}}, {"type": "Feature", "geometry": {"type": "Point", "coordinates": [3.6682, 41.340099]}, "properties": {"var_data": [0.161, -0.307, 0.104, 0.149, 1.407, 0.015, 1, 0, 1, 1, 1]}}, {"type": "Feature", "geometry": {"type": "Point", "coordinates": [2.21926, 41.3671]}, "properties": {"var_data": [-0.294, 0.148, 0.046, 0.053, 2.286, -0.002, 4, 1, 4, 1, 1]}}, {"type": "Feature", "geometry": {"type": "Point", "coordinates": [2.2546, 41.3671]}, "properties": {"var_data": [-0.32, 0.188, 0.015, 0.014, 1.519, -0.0, 1, 1, 1, 1, 1]}}, {"type": "Feature", "geometry": {"type": "Point", "coordinates": [2.28994, 41.3671]}, "properties": {"var_data": [-0.22, 0.073, 0.046, 0.036, 1.318, -0.002, 1, 1, 1, 1, 1]}}, {"type": "Feature", "geometry": {"type": "Point", "coordinates": [2.32528, 41.3671]}, "properties": {"var_data": [-0.22, 0.073, 0.029, 0.021, 1.153, -0.001, 1, 1, 1, 1, 1]}}, {"type": "Feature", "geometry": {"type": "Point", "coordinates": [2.36062, 41.3671]}, "properties": {"var_data": [-0.24, 0.094, 0.01, 0.005, 1.053, -0.0, 1, 1, 1, 1, 1]}}, {"type": "Feature", "geometry": {"type": "Point", "coordinates": [2.39596, 41.3671]}, "properties": {"var_data": [-0.204, 0.08, 0.015, 0.006, 0.783, -0.0, 1, 1, 1, 1, 1]}}, {"type": "Feature", "geometry": {"type": "Point", "coordinates": [2.4313, 41.3671]}, "properties": {"var_data": [-0.114, 0.054, 0.024, 0.01, 0.755, -0.0, 1, 1, 1, 1, 1]}}, {"type": "Feature", "geometry": {"type": "Point", "coordinates": [2.46664, 41.3671]}, "properties": {"var_data": [-0.014, 0.046, 0.008, 0.003, 0.677, -0.0, 1, 1, 1, 1, 1]}}, {"type": "Feature", "geometry": {"type": "Point", "coordinates": [2.50198, 41.3671]}, "properties": {"var_data": [0.0, 0.052, 0.006, 0.002, 0.578, -0.0, 1, 1, 1, 1, 1]}}, {"type": "Feature", "geometry": {"type": "Point", "coordinates": [2.53732, 41.3671]}, "properties": {"var_data": [0.03, 0.043, 0.007, 0.002, 0.532, -0.0, 1, 1, 1, 1, 1]}}, {"type": "Feature", "geometry": {"type": "Point", "coordinates": [2.57266, 41.3671]}, "properties": {"var_data": [0.032, 0.043, 0.006, 0.003, 0.432, -0.0, 1, 1, 1, 1, 1]}}, {"type": "Feature", "geometry": {"type": "Point", "coordinates": [2.608, 41.3671]}, "properties": {"var_data": [0.064, 0.032, 0.008, 0.003, 0.423, -0.0, 1, 1, 1, 1, 1]}}, {"type": "Feature", "geometry": {"type": "Point", "coordinates": [2.64334, 41.3671]}, "properties": {"var_data": [0.119, 0.021, 0.011, 0.005, 0.395, -0.0, 1, 1, 1, 1, 1]}}, {"type": "Feature", "geometry": {"type": "Point", "coordinates": [2.67868, 41.3671]}, "properties": {"var_data": [0.106, -0.013, 0.01, 0.005, 0.36, 0.0, 1, 1, 1, 1, 1]}}, {"type": "Feature", "geometry": {"type": "Point", "coordinates": [2.71402, 41.3671]}, "properties": {"var_data": [0.128, -0.022, 0.01, 0.007, 0.355, 0.0, 1, 1, 1, 1, 1]}}, {"type": "Feature", "geometry": {"type": "Point", "coordinates": [2.74936, 41.3671]}, "properties": {"var_data": [0.147, -0.038, 0.014, 0.011, 0.331, 0.0, 1, 1, 1, 1, 1]}}, {"type": "Feature", "geometry": {"type": "Point", "coordinates": [2.7847, 41.3671]}, "properties": {"var_data": [0.163, -0.049, 0.013, 0.01, 0.345, 0.0, 1, 1, 1, 1, 1]}}, {"type": "Feature", "geometry": {"type": "Point", "coordinates": [2.82004, 41.3671]}, "properties": {"var_data": [0.205, -0.027, 0.013, 0.009, 0.353, 0.0, 1, 1, 1, 1, 1]}}, {"type": "Feature", "geometry": {"type": "Point", "coordinates": [2.85538, 41.3671]}, "properties": {"var_data": [0.208, -0.03, 0.01, 0.007, 0.35, 0.0, 1, 1, 1, 1, 1]}}, {"type": "Feature", "geometry": {"type": "Point", "coordinates": [2.89072, 41.3671]}, "properties": {"var_data": [0.203, -0.008, 0.012, 0.008, 0.37, 0.0, 1, 1, 1, 1, 1]}}, {"type": "Feature", "geometry": {"type": "Point", "coordinates": [2.92606, 41.3671]}, "properties": {"var_data": [0.209, 0.019, 0.008, 0.008, 0.371, 0.0, 1, 1, 1, 1, 1]}}, {"type": "Feature", "geometry": {"type": "Point", "coordinates": [2.9614, 41.3671]}, "properties": {"var_data": [0.217, 0.041, 0.016, 0.009, 0.421, 0.0, 1, 1, 1, 1, 1]}}, {"type": "Feature", "geometry": {"type": "Point", "coordinates": [2.99674, 41.3671]}, "properties": {"var_data": [0.202, 0.036, 0.02, 0.01, 0.451, 0.0, 1, 1, 1, 1, 1]}}, {"type": "Feature", "geometry": {"type": "Point", "coordinates": [3.03208, 41.3671]}, "properties": {"var_data": [0.236, 0.007, 0.02, 0.01, 0.443, 0.0, 1, 1, 1, 1, 1]}}, {"type": "Feature", "geometry": {"type": "Point", "coordinates": [3.06742, 41.3671]}, "properties": {"var_data": [0.254, -0.023, 0.015, 0.011, 0.45, 0.0, 1, 1, 1, 1, 1]}}, {"type": "Feature", "geometry": {"type": "Point", "coordinates": [3.10276, 41.3671]}, "properties": {"var_data": [0.244, -0.043, 0.016, 0.015, 0.485, 0.0, 1, 1, 1, 1, 1]}}, {"type": "Feature", "geometry": {"type": "Point", "coordinates": [3.1381, 41.3671]}, "properties": {"var_data": [0.194, -0.097, 0.015, 0.015, 0.47, 0.0, 1, 1, 1, 1, 1]}}, {"type": "Feature", "geometry": {"type": "Point", "coordinates": [3.17344, 41.3671]}, "properties": {"var_data": [0.195, -0.107, 0.017, 0.02, 0.5, 0.0, 1, 1, 1, 1, 1]}}, {"type": "Feature", "geometry": {"type": "Point", "coordinates": [3.20878, 41.3671]}, "properties": {"var_data": [0.129, -0.154, 0.022, 0.024, 0.533, 0.0, 1, 1, 1, 1, 1]}}, {"type": "Feature", "geometry": {"type": "Point", "coordinates": [3.24412, 41.3671]}, "properties": {"var_data": [0.115, -0.183, 0.018, 0.022, 0.478, 0.0, 1, 1, 1, 1, 1]}}, {"type": "Feature", "geometry": {"type": "Point", "coordinates": [3.27946, 41.3671]}, "properties": {"var_data": [0.116, -0.201, 0.022, 0.027, 0.572, 0.0, 1, 1, 1, 1, 1]}}, {"type": "Feature", "geometry": {"type": "Point", "coordinates": [3.3148, 41.3671]}, "properties": {"var_data": [0.192, -0.175, 0.018, 0.029, 0.566, 0.0, 1, 1, 1, 1, 1]}}, {"type": "Feature", "geometry": {"type": "Point", "coordinates": [3.35014, 41.3671]}, "properties": {"var_data": [0.273, -0.147, 0.023, 0.035, 0.59, 0.001, 1, 1, 1, 1, 1]}}, {"type": "Feature", "geometry": {"type": "Point", "coordinates": [3.38548, 41.3671]}, "properties": {"var_data": [0.197, -0.19, 0.038, 0.028, 0.797, 0.001, 1, 1, 1, 1, 1]}}, {"type": "Feature", "geometry": {"type": "Point", "coordinates": [3.42082, 41.3671]}, "properties": {"var_data": [0.158, -0.204, 0.036, 0.028, 0.769, 0.001, 1, 1, 1, 1, 1]}}, {"type": "Feature", "geometry": {"type": "Point", "coordinates": [3.45616, 41.3671]}, "properties": {"var_data": [0.27, -0.08, 0.035, 0.044, 0.733, 0.001, 1, 1, 1, 1, 1]}}, {"type": "Feature", "geometry": {"type": "Point", "coordinates": [3.4915, 41.3671]}, "properties": {"var_data": [0.539, 0.27, 0.015, 0.014, 0.94, 0.0, 1, 1, 1, 1, 1]}}, {"type": "Feature", "geometry": {"type": "Point", "coordinates": [3.52684, 41.3671]}, "properties": {"var_data": [0.512, 0.252, 0.015, 0.014, 1.018, 0.0, 1, 1, 1, 1, 1]}}, {"type": "Feature", "geometry": {"type": "Point", "coordinates": [3.56218, 41.3671]}, "properties": {"var_data": [0.506, 0.225, 0.013, 0.013, 0.915, 0.0, 1, 1, 1, 1, 1]}}, {"type": "Feature", "geometry": {"type": "Point", "coordinates": [3.59752, 41.3671]}, "properties": {"var_data": [0.425, 0.074, 0.014, 0.014, 0.977, 0.0, 1, 1, 1, 1, 1]}}, {"type": "Feature", "geometry": {"type": "Point", "coordinates": [3.63286, 41.3671]}, "properties": {"var_data": [0.275, -0.155, 0.043, 0.062, 1.195, 0.002, 1, 1, 1, 1, 1]}}, {"type": "Feature", "geometry": {"type": "Point", "coordinates": [3.6682, 41.3671]}, "properties": {"var_data": [0.207, -0.299, 0.103, 0.156, 1.432, 0.015, 1, 1, 1, 1, 1]}}, {"type": "Feature", "geometry": {"type": "Point", "coordinates": [3.70354, 41.3671]}, "properties": {"var_data": [0.161, -0.318, 0.082, 0.135, 1.174, 0.011, 1, 0, 1, 1, 1]}}, {"type": "Feature", "geometry": {"type": "Point", "coordinates": [2.21926, 41.3941]}, "properties": {"var_data": [-0.334, 0.18, 0.039, 0.051, 2.062, -0.002, 4, 1, 4, 1, 1]}}, {"type": "Feature", "geometry": {"type": "Point", "coordinates": [2.2546, 41.3941]}, "properties": {"var_data": [-0.233, 0.062, 0.012, 0.011, 1.736, -0.0, 1, 1, 1, 1, 1]}}, {"type": "Feature", "geometry": {"type": "Point", "coordinates": [2.28994, 41.3941]}, "properties": {"var_data": [-0.129, -0.037, 0.015, 0.013, 1.434, -0.0, 1, 1, 1, 1, 1]}}, {"type": "Feature", "geometry": {"type": "Point", "coordinates": [2.32528, 41.3941]}, "properties": {"var_data": [-0.224, 0.058, 0.023, 0.016, 1.065, -0.0, 1, 1, 1, 1, 1]}}, {"type": "Feature", "geometry": {"type": "Point", "coordinates": [2.36062, 41.3941]}, "properties": {"var_data": [-0.269, 0.098, 0.009, 0.005, 0.897, -0.0, 1, 1, 1, 1, 1]}}, {"type": "Feature", "geometry": {"type": "Point", "coordinates": [2.39596, 41.3941]}, "properties": {"var_data": [-0.199, 0.079, 0.011, 0.005, 0.783, -0.0, 1, 1, 1, 1, 1]}}, {"type": "Feature", "geometry": {"type": "Point", "coordinates": [2.4313, 41.3941]}, "properties": {"var_data": [-0.115, 0.054, 0.019, 0.008, 0.699, -0.0, 1, 1, 1, 1, 1]}}, {"type": "Feature", "geometry": {"type": "Point", "coordinates": [2.46664, 41.3941]}, "properties": {"var_data": [-0.036, 0.052, 0.008, 0.003, 0.558, -0.0, 1, 1, 1, 1, 1]}}, {"type": "Feature", "geometry": {"type": "Point", "coordinates": [2.50198, 41.3941]}, "properties": {"var_data": [0.006, 0.045, 0.007, 0.002, 0.552, -0.0, 1, 1, 1, 1, 1]}}, {"type": "Feature", "geometry": {"type": "Point", "coordinates": [2.53732, 41.3941]}, "properties": {"var_data": [0.018, 0.044, 0.007, 0.003, 0.447, -0.0, 1, 1, 1, 1, 1]}}, {"type": "Feature", "geometry": {"type": "Point", "coordinates": [2.57266, 41.3941]}, "properties": {"var_data": [0.068, 0.036, 0.006, 0.003, 0.391, -0.0, 1, 1, 1, 1, 1]}}, {"type": "Feature", "geometry": {"type": "Point", "coordinates": [2.608, 41.3941]}, "properties": {"var_data": [0.103, 0.017, 0.009, 0.004, 0.369, -0.0, 1, 1, 1, 1, 1]}}, {"type": "Feature", "geometry": {"type": "Point", "coordinates": [2.64334, 41.3941]}, "properties": {"var_data": [0.136, 0.007, 0.012, 0.007, 0.344, 0.0, 1, 1, 1, 1, 1]}}, {"type": "Feature", "geometry": {"type": "Point", "coordinates": [2.67868, 41.3941]}, "properties": {"var_data": [0.166, -0.01, 0.013, 0.009, 0.347, 0.0, 1, 1, 1, 1, 1]}}, {"type": "Feature", "geometry": {"type": "Point", "coordinates": [2.71402, 41.3941]}, "properties": {"var_data": [0.198, -0.004, 0.012, 0.01, 0.323, 0.0, 1, 1, 1, 1, 1]}}, {"type": "Feature", "geometry": {"type": "Point", "coordinates": [2.74936, 41.3941]}, "properties": {"var_data": [0.206, -0.018, 0.01, 0.008, 0.323, 0.0, 1, 1, 1, 1, 1]}}, {"type": "Feature", "geometry": {"type": "Point", "coordinates": [2.7847, 41.3941]}, "properties": {"var_data": [0.229, -0.007, 0.005, 0.005, 0.323, 0.0, 1, 1, 1, 1, 1]}}, {"type": "Feature", "geometry": {"type": "Point", "coordinates": [2.82004, 41.3941]}, "properties": {"var_data": [0.236, -0.005, 0.005, 0.005, 0.335, 0.0, 1, 1, 1, 1, 1]}}, {"type": "Feature", "geometry": {"type": "Point", "coordinates": [2.85538, 41.3941]}, "properties": {"var_data": [0.244, 0.003, 0.004, 0.005, 0.344, 0.0, 1, 1, 1, 1, 1]}}, {"type": "Feature", "geometry": {"type": "Point", "coordinates": [2.89072, 41.3941]}, "properties": {"var_data": [0.229, 0.02, 0.008, 0.009, 0.35, 0.0, 1, 1, 1, 1, 1]}}, {"type": "Feature", "geometry": {"type": "Point", "coordinates": [2.92606, 41.3941]}, "properties": {"var_data": [0.238, 0.049, 0.008, 0.009, 0.382, 0.0, 1, 1, 1, 1, 1]}}, {"type": "Feature", "geometry": {"type": "Point", "coordinates": [2.9614, 41.3941]}, "properties": {"var_data": [0.267, 0.066, 0.008, 0.008, 0.39, 0.0, 1, 1, 1, 1, 1]}}, {"type": "Feature", "geometry": {"type": "Point", "coordinates": [2.99674, 41.3941]}, "properties": {"var_data": [0.265, 0.062, 0.014, 0.009, 0.411, 0.0, 1, 1, 1, 1, 1]}}, {"type": "Feature", "geometry": {"type": "Point", "coordinates": [3.03208, 41.3941]}, "properties": {"var_data": [0.239, 0.005, 0.018, 0.01, 0.433, 0.0, 1, 1, 1, 1, 1]}}, {"type": "Feature", "geometry": {"type": "Point", "coordinates": [3.06742, 41.3941]}, "properties": {"var_data": [0.25, -0.028, 0.013, 0.009, 0.423, 0.0, 1, 1, 1, 1, 1]}}, {"type": "Feature", "geometry": {"type": "Point", "coordinates": [3.10276, 41.3941]}, "properties": {"var_data": [0.235, -0.07, 0.013, 0.011, 0.415, 0.0, 1, 1, 1, 1, 1]}}, {"type": "Feature", "geometry": {"type": "Point", "coordinates": [3.1381, 41.3941]}, "properties": {"var_data": [0.196, -0.115, 0.012, 0.011, 0.4, 0.0, 1, 1, 1, 1, 1]}}, {"type": "Feature", "geometry": {"type": "Point", "coordinates": [3.17344, 41.3941]}, "properties": {"var_data": [0.176, -0.119, 0.014, 0.014, 0.465, 0.0, 1, 1, 1, 1, 1]}}, {"type": "Feature", "geometry": {"type": "Point", "coordinates": [3.20878, 41.3941]}, "properties": {"var_data": [0.154, -0.141, 0.013, 0.016, 0.466, 0.0, 1, 1, 1, 1, 1]}}, {"type": "Feature", "geometry": {"type": "Point", "coordinates": [3.24412, 41.3941]}, "properties": {"var_data": [0.121, -0.186, 0.018, 0.02, 0.437, 0.0, 1, 1, 1, 1, 1]}}, {"type": "Feature", "geometry": {"type": "Point", "coordinates": [3.27946, 41.3941]}, "properties": {"var_data": [0.101, -0.213, 0.024, 0.03, 0.547, 0.001, 1, 1, 1, 1, 1]}}, {"type": "Feature", "geometry": {"type": "Point", "coordinates": [3.3148, 41.3941]}, "properties": {"var_data": [0.133, -0.215, 0.025, 0.032, 0.577, 0.001, 1, 1, 1, 1, 1]}}, {"type": "Feature", "geometry": {"type": "Point", "coordinates": [3.35014, 41.3941]}, "properties": {"var_data": [0.153, -0.226, 0.028, 0.025, 0.604, 0.001, 1, 1, 1, 1, 1]}}, {"type": "Feature", "geometry": {"type": "Point", "coordinates": [3.38548, 41.3941]}, "properties": {"var_data": [0.187, -0.166, 0.034, 0.028, 0.689, 0.001, 1, 1, 1, 1, 1]}}, {"type": "Feature", "geometry": {"type": "Point", "coordinates": [3.42082, 41.3941]}, "properties": {"var_data": [0.191, -0.156, 0.034, 0.028, 0.66, 0.001, 1, 1, 1, 1, 1]}}, {"type": "Feature", "geometry": {"type": "Point", "coordinates": [3.45616, 41.3941]}, "properties": {"var_data": [0.263, -0.097, 0.031, 0.026, 0.636, 0.001, 1, 1, 1, 1, 1]}}, {"type": "Feature", "geometry": {"type": "Point", "coordinates": [3.4915, 41.3941]}, "properties": {"var_data": [0.455, 0.229, 0.025, 0.017, 0.833, 0.0, 1, 1, 1, 1, 1]}}, {"type": "Feature", "geometry": {"type": "Point", "coordinates": [3.52684, 41.3941]}, "properties": {"var_data": [0.487, 0.241, 0.019, 0.016, 0.863, 0.0, 1, 1, 1, 1, 1]}}, {"type": "Feature", "geometry": {"type": "Point", "coordinates": [3.56218, 41.3941]}, "properties": {"var_data": [0.371, 0.08, 0.021, 0.017, 0.999, 0.0, 1, 1, 1, 1, 1]}}, {"type": "Feature", "geometry": {"type": "Point", "coordinates": [3.59752, 41.3941]}, "properties": {"var_data": [0.285, -0.101, 0.022, 0.017, 0.961, 0.0, 1, 1, 1, 1, 1]}}, {"type": "Feature", "geometry": {"type": "Point", "coordinates": [3.63286, 41.3941]}, "properties": {"var_data": [0.309, -0.103, 0.103, 0.168, 0.999, 0.017, 1, 1, 1, 1, 1]}}, {"type": "Feature", "geometry": {"type": "Point", "coordinates": [3.6682, 41.3941]}, "properties": {"var_data": [0.269, -0.165, 0.076, 0.126, 1.073, 0.009, 1, 1, 1, 1, 1]}}, {"type": "Feature", "geometry": {"type": "Point", "coordinates": [3.70354, 41.3941]}, "properties": {"var_data": [0.205, -0.27, 0.12, 0.215, 1.156, 0.025, 1, 1, 1, 1, 1]}}, {"type": "Feature", "geometry": {"type": "Point", "coordinates": [3.73888, 41.3941]}, "properties": {"var_data": [0.137, -0.381, 0.154, 0.29, 1.26, 0.044, 1, 1, 1, 1, 1]}}, {"type": "Feature", "geometry": {"type": "Point", "coordinates": [2.2546, 41.421101]}, "properties": {"var_data": [-0.293, 0.129, 0.032, 0.042, 2.253, -0.001, 4, 1, 4, 1, 1]}}, {"type": "Feature", "geometry": {"type": "Point", "coordinates": [2.28994, 41.421101]}, "properties": {"var_data": [-0.226, 0.037, 0.012, 0.011, 1.606, -0.0, 1, 1, 1, 1, 1]}}, {"type": "Feature", "geometry": {"type": "Point", "coordinates": [2.32528, 41.421101]}, "properties": {"var_data": [-0.28, 0.09, 0.01, 0.008, 1.08, -0.0, 1, 1, 1, 1, 1]}}, {"type": "Feature", "geometry": {"type": "Point", "coordinates": [2.36062, 41.421101]}, "properties": {"var_data": [-0.321, 0.12, 0.028, 0.021, 0.972, -0.001, 1, 1, 1, 1, 1]}}, {"type": "Feature", "geometry": {"type": "Point", "coordinates": [2.39596, 41.421101]}, "properties": {"var_data": [-0.262, 0.116, 0.011, 0.005, 0.734, -0.0, 1, 1, 1, 1, 1]}}, {"type": "Feature", "geometry": {"type": "Point", "coordinates": [2.4313, 41.421101]}, "properties": {"var_data": [-0.106, 0.053, 0.01, 0.004, 0.601, -0.0, 1, 1, 1, 1, 1]}}, {"type": "Feature", "geometry": {"type": "Point", "coordinates": [2.46664, 41.421101]}, "properties": {"var_data": [0.003, 0.029, 0.008, 0.003, 0.53, -0.0, 1, 1, 1, 1, 1]}}, {"type": "Feature", "geometry": {"type": "Point", "coordinates": [2.50198, 41.421101]}, "properties": {"var_data": [0.036, 0.034, 0.007, 0.002, 0.456, -0.0, 1, 1, 1, 1, 1]}}, {"type": "Feature", "geometry": {"type": "Point", "coordinates": [2.53732, 41.421101]}, "properties": {"var_data": [0.044, 0.026, 0.006, 0.002, 0.403, -0.0, 1, 1, 1, 1, 1]}}, {"type": "Feature", "geometry": {"type": "Point", "coordinates": [2.57266, 41.421101]}, "properties": {"var_data": [0.063, 0.025, 0.007, 0.003, 0.347, -0.0, 1, 1, 1, 1, 1]}}, {"type": "Feature", "geometry": {"type": "Point", "coordinates": [2.608, 41.421101]}, "properties": {"var_data": [0.137, 0.019, 0.008, 0.004, 0.327, 0.0, 1, 1, 1, 1, 1]}}, {"type": "Feature", "geometry": {"type": "Point", "coordinates": [2.64334, 41.421101]}, "properties": {"var_data": [0.167, 0.015, 0.009, 0.006, 0.302, 0.0, 1, 1, 1, 1, 1]}}, {"type": "Feature", "geometry": {"type": "Point", "coordinates": [2.67868, 41.421101]}, "properties": {"var_data": [0.192, 0.005, 0.009, 0.008, 0.291, 0.0, 1, 1, 1, 1, 1]}}, {"type": "Feature", "geometry": {"type": "Point", "coordinates": [2.71402, 41.421101]}, "properties": {"var_data": [0.216, -0.004, 0.009, 0.008, 0.302, 0.0, 1, 1, 1, 1, 1]}}, {"type": "Feature", "geometry": {"type": "Point", "coordinates": [2.74936, 41.421101]}, "properties": {"var_data": [0.246, 0.008, 0.007, 0.008, 0.299, 0.0, 1, 1, 1, 1, 1]}}, {"type": "Feature", "geometry": {"type": "Point", "coordinates": [2.7847, 41.421101]}, "properties": {"var_data": [0.265, 0.021, 0.004, 0.005, 0.297, 0.0, 1, 1, 1, 1, 1]}}, {"type": "Feature", "geometry": {"type": "Point", "coordinates": [2.82004, 41.421101]}, "properties": {"var_data": [0.289, 0.045, 0.004, 0.004, 0.316, 0.0, 1, 1, 1, 1, 1]}}, {"type": "Feature", "geometry": {"type": "Point", "coordinates": [2.85538, 41.421101]}, "properties": {"var_data": [0.294, 0.047, 0.004, 0.004, 0.329, 0.0, 1, 1, 1, 1, 1]}}, {"type": "Feature", "geometry": {"type": "Point", "coordinates": [2.89072, 41.421101]}, "properties": {"var_data": [0.283, 0.058, 0.004, 0.005, 0.333, 0.0, 1, 1, 1, 1, 1]}}, {"type": "Feature", "geometry": {"type": "Point", "coordinates": [2.92606, 41.421101]}, "properties": {"var_data": [0.298, 0.072, 0.007, 0.009, 0.375, 0.0, 1, 1, 1, 1, 1]}}, {"type": "Feature", "geometry": {"type": "Point", "coordinates": [2.9614, 41.421101]}, "properties": {"var_data": [0.297, 0.084, 0.008, 0.009, 0.365, 0.0, 1, 1, 1, 1, 1]}}, {"type": "Feature", "geometry": {"type": "Point", "coordinates": [2.99674, 41.421101]}, "properties": {"var_data": [0.319, 0.1, 0.009, 0.01, 0.399, 0.0, 1, 1, 1, 1, 1]}}, {"type": "Feature", "geometry": {"type": "Point", "coordinates": [3.03208, 41.421101]}, "properties": {"var_data": [0.274, 0.016, 0.011, 0.01, 0.375, 0.0, 1, 1, 1, 1, 1]}}, {"type": "Feature", "geometry": {"type": "Point", "coordinates": [3.06742, 41.421101]}, "properties": {"var_data": [0.234, -0.048, 0.011, 0.009, 0.385, 0.0, 1, 1, 1, 1, 1]}}, {"type": "Feature", "geometry": {"type": "Point", "coordinates": [3.10276, 41.421101]}, "properties": {"var_data": [0.227, -0.079, 0.01, 0.009, 0.398, 0.0, 1, 1, 1, 1, 1]}}, {"type": "Feature", "geometry": {"type": "Point", "coordinates": [3.1381, 41.421101]}, "properties": {"var_data": [0.185, -0.108, 0.012, 0.011, 0.396, 0.0, 1, 1, 1, 1, 1]}}, {"type": "Feature", "geometry": {"type": "Point", "coordinates": [3.17344, 41.421101]}, "properties": {"var_data": [0.174, -0.121, 0.014, 0.013, 0.455, 0.0, 1, 1, 1, 1, 1]}}, {"type": "Feature", "geometry": {"type": "Point", "coordinates": [3.20878, 41.421101]}, "properties": {"var_data": [0.142, -0.155, 0.013, 0.015, 0.461, 0.0, 1, 1, 1, 1, 1]}}, {"type": "Feature", "geometry": {"type": "Point", "coordinates": [3.24412, 41.421101]}, "properties": {"var_data": [0.141, -0.171, 0.019, 0.021, 0.453, 0.0, 1, 1, 1, 1, 1]}}, {"type": "Feature", "geometry": {"type": "Point", "coordinates": [3.27946, 41.421101]}, "properties": {"var_data": [0.126, -0.201, 0.024, 0.028, 0.527, 0.001, 1, 1, 1, 1, 1]}}, {"type": "Feature", "geometry": {"type": "Point", "coordinates": [3.3148, 41.421101]}, "properties": {"var_data": [0.152, -0.2, 0.026, 0.036, 0.542, 0.001, 1, 1, 1, 1, 1]}}, {"type": "Feature", "geometry": {"type": "Point", "coordinates": [3.35014, 41.421101]}, "properties": {"var_data": [0.154, -0.191, 0.026, 0.024, 0.503, 0.0, 1, 1, 1, 1, 1]}}, {"type": "Feature", "geometry": {"type": "Point", "coordinates": [3.38548, 41.421101]}, "properties": {"var_data": [0.134, -0.203, 0.032, 0.027, 0.61, 0.001, 1, 1, 1, 1, 1]}}, {"type": "Feature", "geometry": {"type": "Point", "coordinates": [3.42082, 41.421101]}, "properties": {"var_data": [0.116, -0.199, 0.033, 0.028, 0.611, 0.001, 1, 1, 1, 1, 1]}}, {"type": "Feature", "geometry": {"type": "Point", "coordinates": [3.45616, 41.421101]}, "properties": {"var_data": [0.194, -0.151, 0.036, 0.017, 0.566, 0.001, 1, 1, 1, 1, 1]}}, {"type": "Feature", "geometry": {"type": "Point", "coordinates": [3.4915, 41.421101]}, "properties": {"var_data": [0.222, -0.088, 0.032, 0.015, 0.71, 0.0, 1, 1, 1, 1, 1]}}, {"type": "Feature", "geometry": {"type": "Point", "coordinates": [3.52684, 41.421101]}, "properties": {"var_data": [0.244, -0.086, 0.022, 0.01, 0.706, 0.0, 1, 1, 1, 1, 1]}}, {"type": "Feature", "geometry": {"type": "Point", "coordinates": [3.56218, 41.421101]}, "properties": {"var_data": [0.233, -0.199, 0.011, 0.006, 0.606, 0.0, 1, 1, 1, 1, 1]}}, {"type": "Feature", "geometry": {"type": "Point", "coordinates": [3.59752, 41.421101]}, "properties": {"var_data": [0.211, -0.183, 0.013, 0.015, 0.74, 0.0, 1, 1, 1, 1, 1]}}, {"type": "Feature", "geometry": {"type": "Point", "coordinates": [3.63286, 41.421101]}, "properties": {"var_data": [0.214, -0.201, 0.051, 0.093, 0.732, 0.005, 1, 1, 1, 1, 1]}}, {"type": "Feature", "geometry": {"type": "Point", "coordinates": [3.6682, 41.421101]}, "properties": {"var_data": [0.266, -0.136, 0.084, 0.138, 0.803, 0.011, 1, 1, 1, 1, 1]}}, {"type": "Feature", "geometry": {"type": "Point", "coordinates": [3.70354, 41.421101]}, "properties": {"var_data": [0.215, -0.173, 0.064, 0.105, 0.951, 0.006, 1, 1, 1, 1, 1]}}, {"type": "Feature", "geometry": {"type": "Point", "coordinates": [3.73888, 41.421101]}, "properties": {"var_data": [0.2, -0.265, 0.049, 0.096, 0.821, 0.004, 1, 1, 1, 1, 1]}}, {"type": "Feature", "geometry": {"type": "Point", "coordinates": [3.77422, 41.421101]}, "properties": {"var_data": [0.114, -0.389, 0.075, 0.159, 0.884, 0.012, 1, 1, 1, 1, 1]}}, {"type": "Feature", "geometry": {"type": "Point", "coordinates": [2.28994, 41.448101]}, "properties": {"var_data": [-0.251, 0.045, 0.018, 0.025, 2.054, -0.0, 4, 1, 4, 1, 1]}}, {"type": "Feature", "geometry": {"type": "Point", "coordinates": [2.32528, 41.448101]}, "properties": {"var_data": [-0.294, 0.09, 0.011, 0.011, 1.492, -0.0, 1, 1, 1, 1, 1]}}, {"type": "Feature", "geometry": {"type": "Point", "coordinates": [2.36062, 41.448101]}, "properties": {"var_data": [-0.32, 0.124, 0.01, 0.009, 0.997, -0.0, 1, 1, 1, 1, 1]}}, {"type": "Feature", "geometry": {"type": "Point", "coordinates": [2.39596, 41.448101]}, "properties": {"var_data": [-0.271, 0.128, 0.024, 0.017, 0.74, -0.0, 1, 1, 1, 1, 1]}}, {"type": "Feature", "geometry": {"type": "Point", "coordinates": [2.4313, 41.448101]}, "properties": {"var_data": [-0.125, 0.059, 0.009, 0.005, 0.556, -0.0, 1, 1, 1, 1, 1]}}, {"type": "Feature", "geometry": {"type": "Point", "coordinates": [2.46664, 41.448101]}, "properties": {"var_data": [0.014, 0.021, 0.018, 0.003, 0.514, -0.0, 1, 1, 1, 1, 1]}}, {"type": "Feature", "geometry": {"type": "Point", "coordinates": [2.50198, 41.448101]}, "properties": {"var_data": [0.129, -0.012, 0.009, 0.002, 0.452, -0.0, 1, 1, 1, 1, 1]}}, {"type": "Feature", "geometry": {"type": "Point", "coordinates": [2.53732, 41.448101]}, "properties": {"var_data": [0.106, -0.002, 0.005, 0.001, 0.336, -0.0, 1, 1, 1, 1, 1]}}, {"type": "Feature", "geometry": {"type": "Point", "coordinates": [2.57266, 41.448101]}, "properties": {"var_data": [0.109, 0.005, 0.005, 0.002, 0.303, 0.0, 1, 1, 1, 1, 1]}}, {"type": "Feature", "geometry": {"type": "Point", "coordinates": [2.608, 41.448101]}, "properties": {"var_data": [0.16, 0.01, 0.006, 0.004, 0.284, 0.0, 1, 1, 1, 1, 1]}}, {"type": "Feature", "geometry": {"type": "Point", "coordinates": [2.64334, 41.448101]}, "properties": {"var_data": [0.199, 0.013, 0.006, 0.005, 0.282, 0.0, 1, 1, 1, 1, 1]}}, {"type": "Feature", "geometry": {"type": "Point", "coordinates": [2.67868, 41.448101]}, "properties": {"var_data": [0.219, -0.0, 0.006, 0.006, 0.269, 0.0, 1, 1, 1, 1, 1]}}, {"type": "Feature", "geometry": {"type": "Point", "coordinates": [2.71402, 41.448101]}, "properties": {"var_data": [0.249, 0.013, 0.006, 0.007, 0.27, 0.0, 1, 1, 1, 1, 1]}}, {"type": "Feature", "geometry": {"type": "Point", "coordinates": [2.74936, 41.448101]}, "properties": {"var_data": [0.265, 0.03, 0.004, 0.006, 0.282, 0.0, 1, 1, 1, 1, 1]}}, {"type": "Feature", "geometry": {"type": "Point", "coordinates": [2.7847, 41.448101]}, "properties": {"var_data": [0.282, 0.038, 0.004, 0.005, 0.286, 0.0, 1, 1, 1, 1, 1]}}, {"type": "Feature", "geometry": {"type": "Point", "coordinates": [2.82004, 41.448101]}, "properties": {"var_data": [0.306, 0.073, 0.003, 0.004, 0.303, 0.0, 1, 1, 1, 1, 1]}}, {"type": "Feature", "geometry": {"type": "Point", "coordinates": [2.85538, 41.448101]}, "properties": {"var_data": [0.315, 0.076, 0.004, 0.004, 0.297, 0.0, 1, 1, 1, 1, 1]}}, {"type": "Feature", "geometry": {"type": "Point", "coordinates": [2.89072, 41.448101]}, "properties": {"var_data": [0.326, 0.082, 0.004, 0.004, 0.313, 0.0, 1, 1, 1, 1, 1]}}, {"type": "Feature", "geometry": {"type": "Point", "coordinates": [2.92606, 41.448101]}, "properties": {"var_data": [0.336, 0.093, 0.006, 0.005, 0.343, 0.0, 1, 1, 1, 1, 1]}}, {"type": "Feature", "geometry": {"type": "Point", "coordinates": [2.9614, 41.448101]}, "properties": {"var_data": [0.325, 0.099, 0.007, 0.008, 0.353, 0.0, 1, 1, 1, 1, 1]}}, {"type": "Feature", "geometry": {"type": "Point", "coordinates": [2.99674, 41.448101]}, "properties": {"var_data": [0.334, 0.121, 0.01, 0.009, 0.382, 0.0, 1, 1, 1, 1, 1]}}, {"type": "Feature", "geometry": {"type": "Point", "coordinates": [3.03208, 41.448101]}, "properties": {"var_data": [0.273, 0.032, 0.01, 0.01, 0.379, 0.0, 1, 1, 1, 1, 1]}}, {"type": "Feature", "geometry": {"type": "Point", "coordinates": [3.06742, 41.448101]}, "properties": {"var_data": [0.214, -0.047, 0.011, 0.01, 0.381, 0.0, 1, 1, 1, 1, 1]}}, {"type": "Feature", "geometry": {"type": "Point", "coordinates": [3.10276, 41.448101]}, "properties": {"var_data": [0.204, -0.086, 0.01, 0.01, 0.392, 0.0, 1, 1, 1, 1, 1]}}, {"type": "Feature", "geometry": {"type": "Point", "coordinates": [3.1381, 41.448101]}, "properties": {"var_data": [0.147, -0.138, 0.013, 0.012, 0.416, 0.0, 1, 1, 1, 1, 1]}}, {"type": "Feature", "geometry": {"type": "Point", "coordinates": [3.17344, 41.448101]}, "properties": {"var_data": [0.13, -0.144, 0.015, 0.013, 0.468, 0.0, 1, 1, 1, 1, 1]}}, {"type": "Feature", "geometry": {"type": "Point", "coordinates": [3.20878, 41.448101]}, "properties": {"var_data": [0.144, -0.173, 0.016, 0.016, 0.479, 0.0, 1, 1, 1, 1, 1]}}, {"type": "Feature", "geometry": {"type": "Point", "coordinates": [3.24412, 41.448101]}, "properties": {"var_data": [0.148, -0.194, 0.021, 0.022, 0.449, 0.0, 1, 1, 1, 1, 1]}}, {"type": "Feature", "geometry": {"type": "Point", "coordinates": [3.27946, 41.448101]}, "properties": {"var_data": [0.155, -0.204, 0.025, 0.032, 0.516, 0.001, 1, 1, 1, 1, 1]}}, {"type": "Feature", "geometry": {"type": "Point", "coordinates": [3.3148, 41.448101]}, "properties": {"var_data": [0.146, -0.209, 0.037, 0.043, 0.542, 0.001, 1, 1, 1, 1, 1]}}, {"type": "Feature", "geometry": {"type": "Point", "coordinates": [3.35014, 41.448101]}, "properties": {"var_data": [0.156, -0.192, 0.054, 0.063, 0.506, 0.003, 1, 1, 1, 1, 1]}}, {"type": "Feature", "geometry": {"type": "Point", "coordinates": [3.38548, 41.448101]}, "properties": {"var_data": [0.125, -0.211, 0.033, 0.028, 0.62, 0.001, 1, 1, 1, 1, 1]}}, {"type": "Feature", "geometry": {"type": "Point", "coordinates": [3.42082, 41.448101]}, "properties": {"var_data": [0.08, -0.229, 0.037, 0.028, 0.613, 0.001, 1, 1, 1, 1, 1]}}, {"type": "Feature", "geometry": {"type": "Point", "coordinates": [3.45616, 41.448101]}, "properties": {"var_data": [0.174, -0.161, 0.038, 0.018, 0.53, 0.001, 1, 1, 1, 1, 1]}}, {"type": "Feature", "geometry": {"type": "Point", "coordinates": [3.4915, 41.448101]}, "properties": {"var_data": [0.18, -0.157, 0.032, 0.015, 0.638, 0.0, 1, 1, 1, 1, 1]}}, {"type": "Feature", "geometry": {"type": "Point", "coordinates": [3.52684, 41.448101]}, "properties": {"var_data": [0.192, -0.222, 0.012, 0.006, 0.601, 0.0, 1, 1, 1, 1, 1]}}, {"type": "Feature", "geometry": {"type": "Point", "coordinates": [3.56218, 41.448101]}, "properties": {"var_data": [0.145, -0.293, 0.011, 0.006, 0.574, 0.0, 1, 1, 1, 1, 1]}}, {"type": "Feature", "geometry": {"type": "Point", "coordinates": [3.59752, 41.448101]}, "properties": {"var_data": [0.132, -0.314, 0.029, 0.05, 0.671, 0.001, 1, 1, 1, 1, 1]}}, {"type": "Feature", "geometry": {"type": "Point", "coordinates": [3.63286, 41.448101]}, "properties": {"var_data": [0.16, -0.329, 0.027, 0.05, 0.67, 0.001, 1, 1, 1, 1, 1]}}, {"type": "Feature", "geometry": {"type": "Point", "coordinates": [3.6682, 41.448101]}, "properties": {"var_data": [0.225, -0.145, 0.035, 0.07, 0.604, 0.002, 1, 1, 1, 1, 1]}}, {"type": "Feature", "geometry": {"type": "Point", "coordinates": [3.70354, 41.448101]}, "properties": {"var_data": [0.279, -0.079, 0.044, 0.089, 0.745, 0.004, 1, 1, 1, 1, 1]}}, {"type": "Feature", "geometry": {"type": "Point", "coordinates": [3.73888, 41.448101]}, "properties": {"var_data": [0.251, -0.125, 0.042, 0.087, 0.736, 0.003, 1, 1, 1, 1, 1]}}, {"type": "Feature", "geometry": {"type": "Point", "coordinates": [3.77422, 41.448101]}, "properties": {"var_data": [0.165, -0.288, 0.048, 0.097, 0.833, 0.004, 1, 1, 1, 1, 1]}}, {"type": "Feature", "geometry": {"type": "Point", "coordinates": [2.32528, 41.475101]}, "properties": {"var_data": [-0.243, 0.026, 0.02, 0.029, 2.158, -0.001, 4, 1, 4, 1, 1]}}, {"type": "Feature", "geometry": {"type": "Point", "coordinates": [2.36062, 41.475101]}, "properties": {"var_data": [-0.327, 0.147, 0.012, 0.011, 1.288, -0.0, 1, 1, 1, 1, 1]}}, {"type": "Feature", "geometry": {"type": "Point", "coordinates": [2.39596, 41.475101]}, "properties": {"var_data": [-0.268, 0.157, 0.011, 0.01, 0.831, -0.0, 1, 1, 1, 1, 1]}}, {"type": "Feature", "geometry": {"type": "Point", "coordinates": [2.4313, 41.475101]}, "properties": {"var_data": [-0.186, 0.115, 0.014, 0.009, 0.572, -0.0, 1, 1, 1, 1, 1]}}, {"type": "Feature", "geometry": {"type": "Point", "coordinates": [2.46664, 41.475101]}, "properties": {"var_data": [-0.022, 0.037, 0.013, 0.002, 0.445, -0.0, 1, 1, 1, 1, 1]}}, {"type": "Feature", "geometry": {"type": "Point", "coordinates": [2.50198, 41.475101]}, "properties": {"var_data": [0.081, 0.007, 0.005, 0.001, 0.331, -0.0, 1, 1, 1, 1, 1]}}, {"type": "Feature", "geometry": {"type": "Point", "coordinates": [2.53732, 41.475101]}, "properties": {"var_data": [0.105, 0.002, 0.005, 0.001, 0.279, -0.0, 1, 1, 1, 1, 1]}}, {"type": "Feature", "geometry": {"type": "Point", "coordinates": [2.57266, 41.475101]}, "properties": {"var_data": [0.143, 0.001, 0.004, 0.001, 0.266, 0.0, 1, 1, 1, 1, 1]}}, {"type": "Feature", "geometry": {"type": "Point", "coordinates": [2.608, 41.475101]}, "properties": {"var_data": [0.175, 0.008, 0.004, 0.003, 0.245, 0.0, 1, 1, 1, 1, 1]}}, {"type": "Feature", "geometry": {"type": "Point", "coordinates": [2.64334, 41.475101]}, "properties": {"var_data": [0.223, 0.027, 0.004, 0.005, 0.243, 0.0, 1, 1, 1, 1, 1]}}, {"type": "Feature", "geometry": {"type": "Point", "coordinates": [2.67868, 41.475101]}, "properties": {"var_data": [0.243, 0.021, 0.004, 0.005, 0.247, 0.0, 1, 1, 1, 1, 1]}}, {"type": "Feature", "geometry": {"type": "Point", "coordinates": [2.71402, 41.475101]}, "properties": {"var_data": [0.268, 0.038, 0.004, 0.006, 0.258, 0.0, 1, 1, 1, 1, 1]}}, {"type": "Feature", "geometry": {"type": "Point", "coordinates": [2.74936, 41.475101]}, "properties": {"var_data": [0.284, 0.054, 0.003, 0.005, 0.261, 0.0, 1, 1, 1, 1, 1]}}, {"type": "Feature", "geometry": {"type": "Point", "coordinates": [2.7847, 41.475101]}, "properties": {"var_data": [0.291, 0.065, 0.003, 0.004, 0.263, 0.0, 1, 1, 1, 1, 1]}}, {"type": "Feature", "geometry": {"type": "Point", "coordinates": [2.82004, 41.475101]}, "properties": {"var_data": [0.31, 0.078, 0.003, 0.004, 0.275, 0.0, 1, 1, 1, 1, 1]}}, {"type": "Feature", "geometry": {"type": "Point", "coordinates": [2.85538, 41.475101]}, "properties": {"var_data": [0.315, 0.083, 0.003, 0.004, 0.288, 0.0, 1, 1, 1, 1, 1]}}, {"type": "Feature", "geometry": {"type": "Point", "coordinates": [2.89072, 41.475101]}, "properties": {"var_data": [0.32, 0.078, 0.004, 0.005, 0.306, 0.0, 1, 1, 1, 1, 1]}}, {"type": "Feature", "geometry": {"type": "Point", "coordinates": [2.92606, 41.475101]}, "properties": {"var_data": [0.325, 0.086, 0.004, 0.005, 0.316, 0.0, 1, 1, 1, 1, 1]}}, {"type": "Feature", "geometry": {"type": "Point", "coordinates": [2.9614, 41.475101]}, "properties": {"var_data": [0.32, 0.103, 0.005, 0.007, 0.332, 0.0, 1, 1, 1, 1, 1]}}, {"type": "Feature", "geometry": {"type": "Point", "coordinates": [2.99674, 41.475101]}, "properties": {"var_data": [0.332, 0.119, 0.01, 0.008, 0.387, 0.0, 1, 1, 1, 1, 1]}}, {"type": "Feature", "geometry": {"type": "Point", "coordinates": [3.03208, 41.475101]}, "properties": {"var_data": [0.287, 0.066, 0.011, 0.009, 0.405, 0.0, 1, 1, 1, 1, 1]}}, {"type": "Feature", "geometry": {"type": "Point", "coordinates": [3.06742, 41.475101]}, "properties": {"var_data": [0.203, -0.035, 0.009, 0.008, 0.4, 0.0, 1, 1, 1, 1, 1]}}, {"type": "Feature", "geometry": {"type": "Point", "coordinates": [3.10276, 41.475101]}, "properties": {"var_data": [0.149, -0.091, 0.013, 0.01, 0.435, 0.0, 1, 1, 1, 1, 1]}}, {"type": "Feature", "geometry": {"type": "Point", "coordinates": [3.1381, 41.475101]}, "properties": {"var_data": [0.13, -0.151, 0.013, 0.012, 0.417, 0.0, 1, 1, 1, 1, 1]}}, {"type": "Feature", "geometry": {"type": "Point", "coordinates": [3.17344, 41.475101]}, "properties": {"var_data": [0.123, -0.178, 0.017, 0.016, 0.468, 0.0, 1, 1, 1, 1, 1]}}, {"type": "Feature", "geometry": {"type": "Point", "coordinates": [3.20878, 41.475101]}, "properties": {"var_data": [0.152, -0.189, 0.033, 0.029, 0.505, 0.001, 1, 1, 1, 1, 1]}}, {"type": "Feature", "geometry": {"type": "Point", "coordinates": [3.24412, 41.475101]}, "properties": {"var_data": [0.188, -0.199, 0.029, 0.029, 0.475, 0.001, 1, 1, 1, 1, 1]}}, {"type": "Feature", "geometry": {"type": "Point", "coordinates": [3.27946, 41.475101]}, "properties": {"var_data": [0.172, -0.216, 0.039, 0.044, 0.536, 0.002, 1, 1, 1, 1, 1]}}, {"type": "Feature", "geometry": {"type": "Point", "coordinates": [3.3148, 41.475101]}, "properties": {"var_data": [0.165, -0.221, 0.039, 0.049, 0.535, 0.002, 1, 1, 1, 1, 1]}}, {"type": "Feature", "geometry": {"type": "Point", "coordinates": [3.35014, 41.475101]}, "properties": {"var_data": [0.133, -0.207, 0.042, 0.05, 0.477, 0.002, 1, 1, 1, 1, 1]}}, {"type": "Feature", "geometry": {"type": "Point", "coordinates": [3.38548, 41.475101]}, "properties": {"var_data": [0.155, -0.138, 0.068, 0.086, 0.596, 0.005, 1, 1, 1, 1, 1]}}, {"type": "Feature", "geometry": {"type": "Point", "coordinates": [3.42082, 41.475101]}, "properties": {"var_data": [0.096, -0.166, 0.075, 0.107, 0.616, 0.007, 1, 1, 1, 1, 1]}}, {"type": "Feature", "geometry": {"type": "Point", "coordinates": [3.45616, 41.475101]}, "properties": {"var_data": [0.128, -0.181, 0.044, 0.021, 0.504, 0.001, 1, 1, 1, 1, 1]}}, {"type": "Feature", "geometry": {"type": "Point", "coordinates": [3.4915, 41.475101]}, "properties": {"var_data": [0.139, -0.192, 0.032, 0.015, 0.588, 0.0, 1, 1, 1, 1, 1]}}, {"type": "Feature", "geometry": {"type": "Point", "coordinates": [3.52684, 41.475101]}, "properties": {"var_data": [0.13, -0.277, 0.02, 0.01, 0.579, 0.0, 1, 1, 1, 1, 1]}}, {"type": "Feature", "geometry": {"type": "Point", "coordinates": [3.56218, 41.475101]}, "properties": {"var_data": [0.133, -0.355, 0.011, 0.006, 0.526, 0.0, 1, 1, 1, 1, 1]}}, {"type": "Feature", "geometry": {"type": "Point", "coordinates": [3.59752, 41.475101]}, "properties": {"var_data": [0.124, -0.388, 0.024, 0.047, 0.567, 0.001, 1, 1, 1, 1, 1]}}, {"type": "Feature", "geometry": {"type": "Point", "coordinates": [3.63286, 41.475101]}, "properties": {"var_data": [0.156, -0.312, 0.025, 0.048, 0.566, 0.001, 1, 1, 1, 1, 1]}}, {"type": "Feature", "geometry": {"type": "Point", "coordinates": [3.6682, 41.475101]}, "properties": {"var_data": [0.218, -0.213, 0.035, 0.071, 0.598, 0.002, 1, 1, 1, 1, 1]}}, {"type": "Feature", "geometry": {"type": "Point", "coordinates": [3.70354, 41.475101]}, "properties": {"var_data": [0.249, -0.141, 0.039, 0.086, 0.714, 0.003, 1, 1, 1, 1, 1]}}, {"type": "Feature", "geometry": {"type": "Point", "coordinates": [3.73888, 41.475101]}, "properties": {"var_data": [0.244, -0.097, 0.042, 0.09, 0.768, 0.003, 1, 1, 1, 1, 1]}}, {"type": "Feature", "geometry": {"type": "Point", "coordinates": [3.77422, 41.475101]}, "properties": {"var_data": [0.204, -0.199, 0.036, 0.085, 0.712, 0.003, 1, 1, 1, 1, 1]}}, {"type": "Feature", "geometry": {"type": "Point", "coordinates": [2.39596, 41.502102]}, "properties": {"var_data": [-0.329, 0.215, 0.049, 0.039, 1.206, -0.002, 1, 1, 1, 1, 1]}}, {"type": "Feature", "geometry": {"type": "Point", "coordinates": [2.4313, 41.502102]}, "properties": {"var_data": [-0.241, 0.16, 0.022, 0.009, 0.639, -0.0, 1, 1, 1, 1, 1]}}, {"type": "Feature", "geometry": {"type": "Point", "coordinates": [2.46664, 41.502102]}, "properties": {"var_data": [-0.051, 0.055, 0.012, 0.002, 0.41, -0.0, 1, 1, 1, 1, 1]}}, {"type": "Feature", "geometry": {"type": "Point", "coordinates": [2.50198, 41.502102]}, "properties": {"var_data": [0.064, 0.014, 0.005, 0.001, 0.277, -0.0, 1, 1, 1, 1, 1]}}, {"type": "Feature", "geometry": {"type": "Point", "coordinates": [2.53732, 41.502102]}, "properties": {"var_data": [0.142, 0.01, 0.003, 0.001, 0.223, -0.0, 1, 1, 1, 1, 1]}}, {"type": "Feature", "geometry": {"type": "Point", "coordinates": [2.57266, 41.502102]}, "properties": {"var_data": [0.16, -0.001, 0.003, 0.002, 0.22, 0.0, 1, 1, 1, 1, 1]}}, {"type": "Feature", "geometry": {"type": "Point", "coordinates": [2.608, 41.502102]}, "properties": {"var_data": [0.197, 0.013, 0.003, 0.003, 0.225, 0.0, 1, 1, 1, 1, 1]}}, {"type": "Feature", "geometry": {"type": "Point", "coordinates": [2.64334, 41.502102]}, "properties": {"var_data": [0.238, 0.029, 0.003, 0.004, 0.232, 0.0, 1, 1, 1, 1, 1]}}, {"type": "Feature", "geometry": {"type": "Point", "coordinates": [2.67868, 41.502102]}, "properties": {"var_data": [0.26, 0.035, 0.003, 0.005, 0.244, 0.0, 1, 1, 1, 1, 1]}}, {"type": "Feature", "geometry": {"type": "Point", "coordinates": [2.71402, 41.502102]}, "properties": {"var_data": [0.275, 0.04, 0.003, 0.005, 0.251, 0.0, 1, 1, 1, 1, 1]}}, {"type": "Feature", "geometry": {"type": "Point", "coordinates": [2.74936, 41.502102]}, "properties": {"var_data": [0.284, 0.057, 0.002, 0.004, 0.249, 0.0, 1, 1, 1, 1, 1]}}, {"type": "Feature", "geometry": {"type": "Point", "coordinates": [2.7847, 41.502102]}, "properties": {"var_data": [0.293, 0.079, 0.003, 0.003, 0.258, 0.0, 1, 1, 1, 1, 1]}}, {"type": "Feature", "geometry": {"type": "Point", "coordinates": [2.82004, 41.502102]}, "properties": {"var_data": [0.307, 0.084, 0.004, 0.004, 0.283, 0.0, 1, 1, 1, 1, 1]}}, {"type": "Feature", "geometry": {"type": "Point", "coordinates": [2.85538, 41.502102]}, "properties": {"var_data": [0.308, 0.087, 0.004, 0.003, 0.282, 0.0, 1, 1, 1, 1, 1]}}, {"type": "Feature", "geometry": {"type": "Point", "coordinates": [2.89072, 41.502102]}, "properties": {"var_data": [0.323, 0.085, 0.004, 0.004, 0.305, 0.0, 1, 1, 1, 1, 1]}}, {"type": "Feature", "geometry": {"type": "Point", "coordinates": [2.92606, 41.502102]}, "properties": {"var_data": [0.32, 0.089, 0.004, 0.005, 0.323, 0.0, 1, 1, 1, 1, 1]}}, {"type": "Feature", "geometry": {"type": "Point", "coordinates": [2.9614, 41.502102]}, "properties": {"var_data": [0.325, 0.099, 0.004, 0.005, 0.352, 0.0, 1, 1, 1, 1, 1]}}, {"type": "Feature", "geometry": {"type": "Point", "coordinates": [2.99674, 41.502102]}, "properties": {"var_data": [0.324, 0.114, 0.005, 0.006, 0.418, 0.0, 1, 1, 1, 1, 1]}}, {"type": "Feature", "geometry": {"type": "Point", "coordinates": [3.03208, 41.502102]}, "properties": {"var_data": [0.332, 0.121, 0.01, 0.007, 0.476, 0.0, 1, 1, 1, 1, 1]}}, {"type": "Feature", "geometry": {"type": "Point", "coordinates": [3.06742, 41.502102]}, "properties": {"var_data": [0.182, -0.031, 0.01, 0.008, 0.447, 0.0, 1, 1, 1, 1, 1]}}, {"type": "Feature", "geometry": {"type": "Point", "coordinates": [3.10276, 41.502102]}, "properties": {"var_data": [0.104, -0.105, 0.013, 0.011, 0.52, 0.0, 1, 1, 1, 1, 1]}}, {"type": "Feature", "geometry": {"type": "Point", "coordinates": [3.1381, 41.502102]}, "properties": {"var_data": [0.081, -0.182, 0.028, 0.022, 0.486, 0.001, 1, 1, 1, 1, 1]}}, {"type": "Feature", "geometry": {"type": "Point", "coordinates": [3.17344, 41.502102]}, "properties": {"var_data": [0.121, -0.185, 0.02, 0.022, 0.45, 0.0, 1, 1, 1, 1, 1]}}, {"type": "Feature", "geometry": {"type": "Point", "coordinates": [3.20878, 41.502102]}, "properties": {"var_data": [0.154, -0.196, 0.021, 0.024, 0.483, 0.0, 1, 1, 1, 1, 1]}}, {"type": "Feature", "geometry": {"type": "Point", "coordinates": [3.24412, 41.502102]}, "properties": {"var_data": [0.187, -0.218, 0.024, 0.03, 0.457, 0.001, 1, 1, 1, 1, 1]}}, {"type": "Feature", "geometry": {"type": "Point", "coordinates": [3.27946, 41.502102]}, "properties": {"var_data": [0.219, -0.206, 0.033, 0.044, 0.525, 0.001, 1, 1, 1, 1, 1]}}, {"type": "Feature", "geometry": {"type": "Point", "coordinates": [3.3148, 41.502102]}, "properties": {"var_data": [0.187, -0.217, 0.033, 0.043, 0.492, 0.001, 1, 1, 1, 1, 1]}}, {"type": "Feature", "geometry": {"type": "Point", "coordinates": [3.35014, 41.502102]}, "properties": {"var_data": [0.147, -0.2, 0.037, 0.047, 0.471, 0.001, 1, 1, 1, 1, 1]}}, {"type": "Feature", "geometry": {"type": "Point", "coordinates": [3.38548, 41.502102]}, "properties": {"var_data": [0.112, -0.156, 0.061, 0.089, 0.584, 0.005, 1, 1, 1, 1, 1]}}, {"type": "Feature", "geometry": {"type": "Point", "coordinates": [3.42082, 41.502102]}, "properties": {"var_data": [0.086, -0.13, 0.049, 0.046, 0.53, 0.001, 1, 1, 1, 1, 1]}}, {"type": "Feature", "geometry": {"type": "Point", "coordinates": [3.45616, 41.502102]}, "properties": {"var_data": [0.07, -0.174, 0.044, 0.048, 0.516, 0.001, 1, 1, 1, 1, 1]}}, {"type": "Feature", "geometry": {"type": "Point", "coordinates": [3.4915, 41.502102]}, "properties": {"var_data": [0.117, -0.221, 0.036, 0.017, 0.542, 0.001, 1, 1, 1, 1, 1]}}, {"type": "Feature", "geometry": {"type": "Point", "coordinates": [3.52684, 41.502102]}, "properties": {"var_data": [0.153, -0.26, 0.016, 0.008, 0.506, 0.0, 1, 1, 1, 1, 1]}}, {"type": "Feature", "geometry": {"type": "Point", "coordinates": [3.56218, 41.502102]}, "properties": {"var_data": [0.153, -0.295, 0.025, 0.047, 0.524, 0.001, 1, 1, 1, 1, 1]}}, {"type": "Feature", "geometry": {"type": "Point", "coordinates": [3.59752, 41.502102]}, "properties": {"var_data": [0.1, -0.436, 0.024, 0.047, 0.599, 0.001, 1, 1, 1, 1, 1]}}, {"type": "Feature", "geometry": {"type": "Point", "coordinates": [3.63286, 41.502102]}, "properties": {"var_data": [0.128, -0.402, 0.016, 0.019, 0.617, 0.0, 1, 1, 1, 1, 1]}}, {"type": "Feature", "geometry": {"type": "Point", "coordinates": [3.6682, 41.502102]}, "properties": {"var_data": [0.231, -0.183, 0.019, 0.02, 0.736, 0.0, 1, 1, 1, 1, 1]}}, {"type": "Feature", "geometry": {"type": "Point", "coordinates": [3.70354, 41.502102]}, "properties": {"var_data": [0.224, -0.202, 0.016, 0.019, 0.681, 0.0, 1, 1, 1, 1, 1]}}, {"type": "Feature", "geometry": {"type": "Point", "coordinates": [3.73888, 41.502102]}, "properties": {"var_data": [0.221, -0.189, 0.016, 0.019, 0.692, 0.0, 1, 1, 1, 1, 1]}}, {"type": "Feature", "geometry": {"type": "Point", "coordinates": [3.77422, 41.502102]}, "properties": {"var_data": [0.308, 0.025, 0.049, 0.159, 1.024, 0.008, 1, 1, 1, 1, 1]}}, {"type": "Feature", "geometry": {"type": "Point", "coordinates": [2.46664, 41.529099]}, "properties": {"var_data": [-0.043, 0.054, 0.012, 0.004, 0.411, -0.0, 1, 1, 1, 1, 1]}}, {"type": "Feature", "geometry": {"type": "Point", "coordinates": [2.50198, 41.529099]}, "properties": {"var_data": [0.111, 0.008, 0.004, 0.002, 0.252, 0.0, 1, 1, 1, 1, 1]}}, {"type": "Feature", "geometry": {"type": "Point", "coordinates": [2.53732, 41.529099]}, "properties": {"var_data": [0.158, 0.007, 0.003, 0.002, 0.209, 0.0, 1, 1, 1, 1, 1]}}, {"type": "Feature", "geometry": {"type": "Point", "coordinates": [2.57266, 41.529099]}, "properties": {"var_data": [0.198, 0.018, 0.003, 0.002, 0.203, 0.0, 1, 1, 1, 1, 1]}}, {"type": "Feature", "geometry": {"type": "Point", "coordinates": [2.608, 41.529099]}, "properties": {"var_data": [0.227, 0.041, 0.003, 0.004, 0.22, 0.0, 1, 1, 1, 1, 1]}}, {"type": "Feature", "geometry": {"type": "Point", "coordinates": [2.64334, 41.529099]}, "properties": {"var_data": [0.244, 0.035, 0.002, 0.004, 0.232, 0.0, 1, 1, 1, 1, 1]}}, {"type": "Feature", "geometry": {"type": "Point", "coordinates": [2.67868, 41.529099]}, "properties": {"var_data": [0.265, 0.042, 0.002, 0.004, 0.238, 0.0, 1, 1, 1, 1, 1]}}, {"type": "Feature", "geometry": {"type": "Point", "coordinates": [2.71402, 41.529099]}, "properties": {"var_data": [0.285, 0.063, 0.002, 0.003, 0.252, 0.0, 1, 1, 1, 1, 1]}}, {"type": "Feature", "geometry": {"type": "Point", "coordinates": [2.74936, 41.529099]}, "properties": {"var_data": [0.291, 0.069, 0.002, 0.003, 0.264, 0.0, 1, 1, 1, 1, 1]}}, {"type": "Feature", "geometry": {"type": "Point", "coordinates": [2.7847, 41.529099]}, "properties": {"var_data": [0.297, 0.082, 0.002, 0.003, 0.26, -0.0, 1, 1, 1, 1, 1]}}, {"type": "Feature", "geometry": {"type": "Point", "coordinates": [2.82004, 41.529099]}, "properties": {"var_data": [0.3, 0.095, 0.003, 0.003, 0.278, -0.0, 1, 1, 1, 1, 1]}}, {"type": "Feature", "geometry": {"type": "Point", "coordinates": [2.85538, 41.529099]}, "properties": {"var_data": [0.298, 0.098, 0.003, 0.003, 0.286, -0.0, 1, 1, 1, 1, 1]}}, {"type": "Feature", "geometry": {"type": "Point", "coordinates": [2.89072, 41.529099]}, "properties": {"var_data": [0.311, 0.091, 0.003, 0.004, 0.287, 0.0, 1, 1, 1, 1, 1]}}, {"type": "Feature", "geometry": {"type": "Point", "coordinates": [2.92606, 41.529099]}, "properties": {"var_data": [0.299, 0.089, 0.004, 0.004, 0.312, 0.0, 1, 1, 1, 1, 1]}}, {"type": "Feature", "geometry": {"type": "Point", "coordinates": [2.9614, 41.529099]}, "properties": {"var_data": [0.297, 0.088, 0.004, 0.004, 0.327, 0.0, 1, 1, 1, 1, 1]}}, {"type": "Feature", "geometry": {"type": "Point", "coordinates": [2.99674, 41.529099]}, "properties": {"var_data": [0.28, 0.082, 0.005, 0.004, 0.416, 0.0, 1, 1, 1, 1, 1]}}, {"type": "Feature", "geometry": {"type": "Point", "coordinates": [3.03208, 41.529099]}, "properties": {"var_data": [0.321, 0.109, 0.009, 0.006, 0.614, 0.0, 1, 1, 1, 1, 1]}}, {"type": "Feature", "geometry": {"type": "Point", "coordinates": [3.06742, 41.529099]}, "properties": {"var_data": [0.197, -0.024, 0.012, 0.009, 0.506, 0.0, 1, 1, 1, 1, 1]}}, {"type": "Feature", "geometry": {"type": "Point", "coordinates": [3.10276, 41.529099]}, "properties": {"var_data": [0.167, -0.085, 0.011, 0.01, 0.474, 0.0, 1, 1, 1, 1, 1]}}, {"type": "Feature", "geometry": {"type": "Point", "coordinates": [3.1381, 41.529099]}, "properties": {"var_data": [0.187, -0.114, 0.009, 0.011, 0.435, 0.0, 1, 1, 1, 1, 1]}}, {"type": "Feature", "geometry": {"type": "Point", "coordinates": [3.17344, 41.529099]}, "properties": {"var_data": [0.184, -0.157, 0.009, 0.013, 0.395, 0.0, 1, 1, 1, 1, 1]}}, {"type": "Feature", "geometry": {"type": "Point", "coordinates": [3.20878, 41.529099]}, "properties": {"var_data": [0.188, -0.186, 0.011, 0.016, 0.471, 0.0, 1, 1, 1, 1, 1]}}, {"type": "Feature", "geometry": {"type": "Point", "coordinates": [3.24412, 41.529099]}, "properties": {"var_data": [0.202, -0.206, 0.023, 0.032, 0.434, 0.001, 1, 1, 1, 1, 1]}}, {"type": "Feature", "geometry": {"type": "Point", "coordinates": [3.27946, 41.529099]}, "properties": {"var_data": [0.202, -0.22, 0.025, 0.035, 0.437, 0.001, 1, 1, 1, 1, 1]}}, {"type": "Feature", "geometry": {"type": "Point", "coordinates": [3.3148, 41.529099]}, "properties": {"var_data": [0.191, -0.231, 0.032, 0.047, 0.5, 0.001, 1, 1, 1, 1, 1]}}, {"type": "Feature", "geometry": {"type": "Point", "coordinates": [3.35014, 41.529099]}, "properties": {"var_data": [0.189, -0.171, 0.029, 0.045, 0.464, 0.001, 1, 1, 1, 1, 1]}}, {"type": "Feature", "geometry": {"type": "Point", "coordinates": [3.38548, 41.529099]}, "properties": {"var_data": [0.111, -0.154, 0.046, 0.085, 0.596, 0.004, 1, 1, 1, 1, 1]}}, {"type": "Feature", "geometry": {"type": "Point", "coordinates": [3.42082, 41.529099]}, "properties": {"var_data": [0.076, -0.174, 0.033, 0.041, 0.518, 0.001, 1, 1, 1, 1, 1]}}, {"type": "Feature", "geometry": {"type": "Point", "coordinates": [3.45616, 41.529099]}, "properties": {"var_data": [0.05, -0.148, 0.047, 0.043, 0.526, 0.001, 1, 1, 1, 1, 1]}}, {"type": "Feature", "geometry": {"type": "Point", "coordinates": [3.4915, 41.529099]}, "properties": {"var_data": [0.107, -0.154, 0.04, 0.045, 0.581, 0.001, 1, 1, 1, 1, 1]}}, {"type": "Feature", "geometry": {"type": "Point", "coordinates": [3.52684, 41.529099]}, "properties": {"var_data": [0.145, -0.205, 0.017, 0.02, 0.493, 0.0, 1, 1, 1, 1, 1]}}, {"type": "Feature", "geometry": {"type": "Point", "coordinates": [3.56218, 41.529099]}, "properties": {"var_data": [0.103, -0.326, 0.017, 0.022, 0.578, 0.0, 1, 1, 1, 1, 1]}}, {"type": "Feature", "geometry": {"type": "Point", "coordinates": [3.59752, 41.529099]}, "properties": {"var_data": [0.155, -0.344, 0.016, 0.022, 0.604, 0.0, 1, 1, 1, 1, 1]}}, {"type": "Feature", "geometry": {"type": "Point", "coordinates": [3.63286, 41.529099]}, "properties": {"var_data": [0.169, -0.279, 0.022, 0.023, 0.573, 0.0, 1, 1, 1, 1, 1]}}, {"type": "Feature", "geometry": {"type": "Point", "coordinates": [3.6682, 41.529099]}, "properties": {"var_data": [0.178, -0.335, 0.019, 0.02, 0.747, 0.0, 1, 1, 1, 1, 1]}}, {"type": "Feature", "geometry": {"type": "Point", "coordinates": [3.70354, 41.529099]}, "properties": {"var_data": [0.215, -0.22, 0.017, 0.019, 0.763, 0.0, 1, 1, 1, 1, 1]}}, {"type": "Feature", "geometry": {"type": "Point", "coordinates": [3.73888, 41.529099]}, "properties": {"var_data": [0.163, -0.326, 0.019, 0.02, 0.965, 0.0, 1, 1, 1, 1, 1]}}, {"type": "Feature", "geometry": {"type": "Point", "coordinates": [3.80956, 41.529099]}, "properties": {"var_data": [0.229, -0.223, 0.099, 0.336, 2.344, 0.033, 4, 1, 4, 1, 1]}}, {"type": "Feature", "geometry": {"type": "Point", "coordinates": [3.8449, 41.529099]}, "properties": {"var_data": [0.246, -0.19, 0.096, 0.324, 2.292, 0.031, 4, 1, 4, 1, 1]}}, {"type": "Feature", "geometry": {"type": "Point", "coordinates": [2.53732, 41.556099]}, "properties": {"var_data": [0.186, 0.019, 0.003, 0.003, 0.226, 0.0, 1, 1, 1, 1, 1]}}, {"type": "Feature", "geometry": {"type": "Point", "coordinates": [2.57266, 41.556099]}, "properties": {"var_data": [0.212, 0.031, 0.003, 0.003, 0.231, 0.0, 1, 1, 1, 1, 1]}}, {"type": "Feature", "geometry": {"type": "Point", "coordinates": [2.608, 41.556099]}, "properties": {"var_data": [0.236, 0.053, 0.002, 0.004, 0.251, 0.0, 1, 1, 1, 1, 1]}}, {"type": "Feature", "geometry": {"type": "Point", "coordinates": [2.64334, 41.556099]}, "properties": {"var_data": [0.257, 0.054, 0.002, 0.004, 0.263, 0.0, 1, 1, 1, 1, 1]}}, {"type": "Feature", "geometry": {"type": "Point", "coordinates": [2.67868, 41.556099]}, "properties": {"var_data": [0.268, 0.065, 0.002, 0.003, 0.276, 0.0, 1, 1, 1, 1, 1]}}, {"type": "Feature", "geometry": {"type": "Point", "coordinates": [2.71402, 41.556099]}, "properties": {"var_data": [0.29, 0.074, 0.002, 0.003, 0.279, 0.0, 1, 1, 1, 1, 1]}}, {"type": "Feature", "geometry": {"type": "Point", "coordinates": [2.74936, 41.556099]}, "properties": {"var_data": [0.3, 0.081, 0.002, 0.003, 0.275, -0.0, 1, 1, 1, 1, 1]}}, {"type": "Feature", "geometry": {"type": "Point", "coordinates": [2.7847, 41.556099]}, "properties": {"var_data": [0.292, 0.097, 0.004, 0.003, 0.292, -0.0, 1, 1, 1, 1, 1]}}, {"type": "Feature", "geometry": {"type": "Point", "coordinates": [2.82004, 41.556099]}, "properties": {"var_data": [0.293, 0.105, 0.003, 0.003, 0.303, -0.0, 1, 1, 1, 1, 1]}}, {"type": "Feature", "geometry": {"type": "Point", "coordinates": [2.85538, 41.556099]}, "properties": {"var_data": [0.293, 0.103, 0.004, 0.003, 0.33, -0.0, 1, 1, 1, 1, 1]}}, {"type": "Feature", "geometry": {"type": "Point", "coordinates": [2.89072, 41.556099]}, "properties": {"var_data": [0.309, 0.097, 0.003, 0.003, 0.3, 0.0, 1, 1, 1, 1, 1]}}, {"type": "Feature", "geometry": {"type": "Point", "coordinates": [2.92606, 41.556099]}, "properties": {"var_data": [0.302, 0.089, 0.003, 0.003, 0.306, 0.0, 1, 1, 1, 1, 1]}}, {"type": "Feature", "geometry": {"type": "Point", "coordinates": [2.9614, 41.556099]}, "properties": {"var_data": [0.3, 0.082, 0.004, 0.003, 0.345, 0.0, 1, 1, 1, 1, 1]}}, {"type": "Feature", "geometry": {"type": "Point", "coordinates": [2.99674, 41.556099]}, "properties": {"var_data": [0.264, 0.074, 0.008, 0.005, 0.44, 0.0, 1, 1, 1, 1, 1]}}, {"type": "Feature", "geometry": {"type": "Point", "coordinates": [3.03208, 41.556099]}, "properties": {"var_data": [0.238, 0.041, 0.008, 0.006, 0.524, 0.0, 1, 1, 1, 1, 1]}}, {"type": "Feature", "geometry": {"type": "Point", "coordinates": [3.06742, 41.556099]}, "properties": {"var_data": [0.26, 0.024, 0.007, 0.006, 0.493, 0.0, 1, 1, 1, 1, 1]}}, {"type": "Feature", "geometry": {"type": "Point", "coordinates": [3.10276, 41.556099]}, "properties": {"var_data": [0.205, -0.069, 0.01, 0.01, 0.483, 0.0, 1, 1, 1, 1, 1]}}, {"type": "Feature", "geometry": {"type": "Point", "coordinates": [3.1381, 41.556099]}, "properties": {"var_data": [0.214, -0.112, 0.01, 0.013, 0.457, 0.0, 1, 1, 1, 1, 1]}}, {"type": "Feature", "geometry": {"type": "Point", "coordinates": [3.17344, 41.556099]}, "properties": {"var_data": [0.206, -0.165, 0.009, 0.014, 0.397, 0.0, 1, 1, 1, 1, 1]}}, {"type": "Feature", "geometry": {"type": "Point", "coordinates": [3.20878, 41.556099]}, "properties": {"var_data": [0.207, -0.194, 0.009, 0.015, 0.444, 0.0, 1, 1, 1, 1, 1]}}, {"type": "Feature", "geometry": {"type": "Point", "coordinates": [3.24412, 41.556099]}, "properties": {"var_data": [0.22, -0.197, 0.01, 0.016, 0.391, 0.0, 1, 1, 1, 1, 1]}}, {"type": "Feature", "geometry": {"type": "Point", "coordinates": [3.27946, 41.556099]}, "properties": {"var_data": [0.218, -0.207, 0.018, 0.028, 0.414, 0.0, 1, 1, 1, 1, 1]}}, {"type": "Feature", "geometry": {"type": "Point", "coordinates": [3.3148, 41.556099]}, "properties": {"var_data": [0.229, -0.202, 0.023, 0.044, 0.463, 0.001, 1, 1, 1, 1, 1]}}, {"type": "Feature", "geometry": {"type": "Point", "coordinates": [3.35014, 41.556099]}, "properties": {"var_data": [0.198, -0.164, 0.016, 0.014, 0.427, 0.0, 1, 1, 1, 1, 1]}}, {"type": "Feature", "geometry": {"type": "Point", "coordinates": [3.38548, 41.556099]}, "properties": {"var_data": [0.099, -0.205, 0.022, 0.014, 0.528, 0.0, 1, 1, 1, 1, 1]}}, {"type": "Feature", "geometry": {"type": "Point", "coordinates": [3.42082, 41.556099]}, "properties": {"var_data": [0.055, -0.17, 0.032, 0.041, 0.489, 0.001, 1, 1, 1, 1, 1]}}, {"type": "Feature", "geometry": {"type": "Point", "coordinates": [3.45616, 41.556099]}, "properties": {"var_data": [0.046, -0.198, 0.044, 0.032, 0.487, 0.001, 1, 1, 1, 1, 1]}}, {"type": "Feature", "geometry": {"type": "Point", "coordinates": [3.4915, 41.556099]}, "properties": {"var_data": [0.053, -0.247, 0.034, 0.027, 0.526, 0.001, 1, 1, 1, 1, 1]}}, {"type": "Feature", "geometry": {"type": "Point", "coordinates": [3.52684, 41.556099]}, "properties": {"var_data": [0.129, -0.198, 0.017, 0.017, 0.484, 0.0, 1, 1, 1, 1, 1]}}, {"type": "Feature", "geometry": {"type": "Point", "coordinates": [3.56218, 41.556099]}, "properties": {"var_data": [0.126, -0.282, 0.017, 0.018, 0.578, 0.0, 1, 1, 1, 1, 1]}}, {"type": "Feature", "geometry": {"type": "Point", "coordinates": [3.59752, 41.556099]}, "properties": {"var_data": [0.155, -0.265, 0.018, 0.018, 0.569, 0.0, 1, 1, 1, 1, 1]}}, {"type": "Feature", "geometry": {"type": "Point", "coordinates": [3.63286, 41.556099]}, "properties": {"var_data": [0.162, -0.298, 0.018, 0.016, 0.577, 0.0, 1, 1, 1, 1, 1]}}, {"type": "Feature", "geometry": {"type": "Point", "coordinates": [3.6682, 41.556099]}, "properties": {"var_data": [0.203, -0.294, 0.016, 0.018, 0.69, 0.0, 1, 1, 1, 1, 1]}}, {"type": "Feature", "geometry": {"type": "Point", "coordinates": [3.70354, 41.556099]}, "properties": {"var_data": [0.226, -0.253, 0.016, 0.018, 0.679, 0.0, 1, 1, 1, 1, 1]}}, {"type": "Feature", "geometry": {"type": "Point", "coordinates": [3.73888, 41.556099]}, "properties": {"var_data": [0.202, -0.304, 0.018, 0.02, 0.762, 0.0, 1, 1, 1, 1, 1]}}, {"type": "Feature", "geometry": {"type": "Point", "coordinates": [3.77422, 41.556099]}, "properties": {"var_data": [0.266, -0.156, 0.021, 0.041, 1.672, 0.001, 1, 1, 1, 1, 1]}}, {"type": "Feature", "geometry": {"type": "Point", "coordinates": [3.80956, 41.556099]}, "properties": {"var_data": [0.281, -0.034, 0.036, 0.118, 2.194, 0.004, 4, 1, 4, 1, 1]}}, {"type": "Feature", "geometry": {"type": "Point", "coordinates": [3.8449, 41.556099]}, "properties": {"var_data": [0.258, -0.209, 0.072, 0.25, 2.221, 0.018, 4, 1, 4, 1, 1]}}, {"type": "Feature", "geometry": {"type": "Point", "coordinates": [3.88024, 41.556099]}, "properties": {"var_data": [0.276, -0.179, 0.036, 0.081, 1.828, 0.002, 1, 1, 1, 1, 1]}}, {"type": "Feature", "geometry": {"type": "Point", "coordinates": [2.608, 41.583099]}, "properties": {"var_data": [0.239, 0.052, 0.002, 0.006, 0.356, 0.0, 1, 1, 1, 1, 1]}}, {"type": "Feature", "geometry": {"type": "Point", "coordinates": [2.64334, 41.583099]}, "properties": {"var_data": [0.263, 0.062, 0.002, 0.005, 0.374, 0.0, 1, 1, 1, 1, 1]}}, {"type": "Feature", "geometry": {"type": "Point", "coordinates": [2.67868, 41.583099]}, "properties": {"var_data": [0.276, 0.078, 0.002, 0.005, 0.381, 0.0, 1, 1, 1, 1, 1]}}, {"type": "Feature", "geometry": {"type": "Point", "coordinates": [2.71402, 41.583099]}, "properties": {"var_data": [0.294, 0.087, 0.002, 0.003, 0.352, -0.0, 1, 1, 1, 1, 1]}}, {"type": "Feature", "geometry": {"type": "Point", "coordinates": [2.74936, 41.583099]}, "properties": {"var_data": [0.301, 0.096, 0.003, 0.004, 0.357, -0.0, 1, 1, 1, 1, 1]}}, {"type": "Feature", "geometry": {"type": "Point", "coordinates": [2.7847, 41.583099]}, "properties": {"var_data": [0.282, 0.11, 0.006, 0.004, 0.348, -0.0, 1, 1, 1, 1, 1]}}, {"type": "Feature", "geometry": {"type": "Point", "coordinates": [2.82004, 41.583099]}, "properties": {"var_data": [0.292, 0.113, 0.004, 0.003, 0.337, -0.0, 1, 1, 1, 1, 1]}}, {"type": "Feature", "geometry": {"type": "Point", "coordinates": [2.85538, 41.583099]}, "properties": {"var_data": [0.286, 0.103, 0.004, 0.002, 0.316, -0.0, 1, 1, 1, 1, 1]}}, {"type": "Feature", "geometry": {"type": "Point", "coordinates": [2.89072, 41.583099]}, "properties": {"var_data": [0.305, 0.093, 0.004, 0.002, 0.3, -0.0, 1, 1, 1, 1, 1]}}, {"type": "Feature", "geometry": {"type": "Point", "coordinates": [2.92606, 41.583099]}, "properties": {"var_data": [0.297, 0.082, 0.004, 0.002, 0.296, 0.0, 1, 1, 1, 1, 1]}}, {"type": "Feature", "geometry": {"type": "Point", "coordinates": [2.9614, 41.583099]}, "properties": {"var_data": [0.311, 0.082, 0.004, 0.003, 0.309, 0.0, 1, 1, 1, 1, 1]}}, {"type": "Feature", "geometry": {"type": "Point", "coordinates": [2.99674, 41.583099]}, "properties": {"var_data": [0.296, 0.084, 0.004, 0.003, 0.361, 0.0, 1, 1, 1, 1, 1]}}, {"type": "Feature", "geometry": {"type": "Point", "coordinates": [3.03208, 41.583099]}, "properties": {"var_data": [0.26, 0.055, 0.004, 0.004, 0.441, 0.0, 1, 1, 1, 1, 1]}}, {"type": "Feature", "geometry": {"type": "Point", "coordinates": [3.06742, 41.583099]}, "properties": {"var_data": [0.239, -0.006, 0.008, 0.007, 0.428, 0.0, 1, 1, 1, 1, 1]}}, {"type": "Feature", "geometry": {"type": "Point", "coordinates": [3.10276, 41.583099]}, "properties": {"var_data": [0.254, -0.033, 0.006, 0.01, 0.486, 0.0, 1, 1, 1, 1, 1]}}, {"type": "Feature", "geometry": {"type": "Point", "coordinates": [3.1381, 41.583099]}, "properties": {"var_data": [0.246, -0.094, 0.009, 0.013, 0.545, 0.0, 1, 1, 1, 1, 1]}}, {"type": "Feature", "geometry": {"type": "Point", "coordinates": [3.17344, 41.583099]}, "properties": {"var_data": [0.204, -0.201, 0.009, 0.016, 0.387, 0.0, 1, 1, 1, 1, 1]}}, {"type": "Feature", "geometry": {"type": "Point", "coordinates": [3.20878, 41.583099]}, "properties": {"var_data": [0.194, -0.229, 0.01, 0.017, 0.441, 0.0, 1, 1, 1, 1, 1]}}, {"type": "Feature", "geometry": {"type": "Point", "coordinates": [3.24412, 41.583099]}, "properties": {"var_data": [0.218, -0.216, 0.009, 0.017, 0.367, 0.0, 1, 1, 1, 1, 1]}}, {"type": "Feature", "geometry": {"type": "Point", "coordinates": [3.27946, 41.583099]}, "properties": {"var_data": [0.222, -0.204, 0.018, 0.034, 0.396, 0.001, 1, 1, 1, 1, 1]}}, {"type": "Feature", "geometry": {"type": "Point", "coordinates": [3.3148, 41.583099]}, "properties": {"var_data": [0.25, -0.199, 0.011, 0.014, 0.434, 0.0, 1, 1, 1, 1, 1]}}, {"type": "Feature", "geometry": {"type": "Point", "coordinates": [3.35014, 41.583099]}, "properties": {"var_data": [0.246, -0.157, 0.015, 0.014, 0.444, 0.0, 1, 1, 1, 1, 1]}}, {"type": "Feature", "geometry": {"type": "Point", "coordinates": [3.38548, 41.583099]}, "properties": {"var_data": [0.185, -0.216, 0.022, 0.012, 0.492, 0.0, 1, 1, 1, 1, 1]}}, {"type": "Feature", "geometry": {"type": "Point", "coordinates": [3.42082, 41.583099]}, "properties": {"var_data": [0.08, -0.284, 0.027, 0.013, 0.447, 0.0, 1, 1, 1, 1, 1]}}, {"type": "Feature", "geometry": {"type": "Point", "coordinates": [3.45616, 41.583099]}, "properties": {"var_data": [0.056, -0.343, 0.023, 0.018, 0.519, 0.0, 1, 1, 1, 1, 1]}}, {"type": "Feature", "geometry": {"type": "Point", "coordinates": [3.4915, 41.583099]}, "properties": {"var_data": [0.076, -0.271, 0.022, 0.016, 0.438, 0.0, 1, 1, 1, 1, 1]}}, {"type": "Feature", "geometry": {"type": "Point", "coordinates": [3.52684, 41.583099]}, "properties": {"var_data": [0.094, -0.268, 0.02, 0.014, 0.465, 0.0, 1, 1, 1, 1, 1]}}, {"type": "Feature", "geometry": {"type": "Point", "coordinates": [3.56218, 41.583099]}, "properties": {"var_data": [0.116, -0.276, 0.021, 0.016, 0.526, 0.0, 1, 1, 1, 1, 1]}}, {"type": "Feature", "geometry": {"type": "Point", "coordinates": [3.59752, 41.583099]}, "properties": {"var_data": [0.152, -0.233, 0.018, 0.018, 0.538, 0.0, 1, 1, 1, 1, 1]}}, {"type": "Feature", "geometry": {"type": "Point", "coordinates": [3.63286, 41.583099]}, "properties": {"var_data": [0.179, -0.234, 0.015, 0.02, 0.564, 0.0, 1, 1, 1, 1, 1]}}, {"type": "Feature", "geometry": {"type": "Point", "coordinates": [3.6682, 41.583099]}, "properties": {"var_data": [0.177, -0.251, 0.02, 0.02, 0.684, 0.0, 1, 1, 1, 1, 1]}}, {"type": "Feature", "geometry": {"type": "Point", "coordinates": [3.70354, 41.583099]}, "properties": {"var_data": [0.233, -0.214, 0.018, 0.036, 0.741, 0.001, 1, 1, 1, 1, 1]}}, {"type": "Feature", "geometry": {"type": "Point", "coordinates": [3.73888, 41.583099]}, "properties": {"var_data": [0.265, -0.175, 0.02, 0.039, 1.711, 0.001, 1, 1, 1, 1, 1]}}, {"type": "Feature", "geometry": {"type": "Point", "coordinates": [3.77422, 41.583099]}, "properties": {"var_data": [0.287, -0.151, 0.044, 0.059, 1.695, 0.002, 1, 1, 1, 1, 1]}}, {"type": "Feature", "geometry": {"type": "Point", "coordinates": [3.80956, 41.583099]}, "properties": {"var_data": [0.279, -0.166, 0.041, 0.057, 1.479, 0.002, 1, 1, 1, 1, 1]}}, {"type": "Feature", "geometry": {"type": "Point", "coordinates": [3.8449, 41.583099]}, "properties": {"var_data": [0.281, -0.133, 0.026, 0.088, 1.743, 0.002, 1, 1, 1, 1, 1]}}, {"type": "Feature", "geometry": {"type": "Point", "coordinates": [3.88024, 41.583099]}, "properties": {"var_data": [0.287, -0.153, 0.027, 0.07, 1.629, 0.001, 1, 1, 1, 1, 1]}}, {"type": "Feature", "geometry": {"type": "Point", "coordinates": [3.91558, 41.583099]}, "properties": {"var_data": [0.316, 0.027, 0.012, 0.057, 1.031, 0.001, 1, 1, 1, 1, 1]}}, {"type": "Feature", "geometry": {"type": "Point", "coordinates": [3.95092, 41.583099]}, "properties": {"var_data": [0.327, 0.022, 0.01, 0.026, 1.021, 0.0, 1, 1, 1, 1, 1]}}, {"type": "Feature", "geometry": {"type": "Point", "coordinates": [2.67868, 41.6101]}, "properties": {"var_data": [0.264, 0.111, 0.003, 0.007, 0.724, -0.0, 1, 1, 1, 1, 1]}}, {"type": "Feature", "geometry": {"type": "Point", "coordinates": [2.71402, 41.6101]}, "properties": {"var_data": [0.299, 0.097, 0.003, 0.006, 0.551, -0.0, 1, 1, 1, 1, 1]}}, {"type": "Feature", "geometry": {"type": "Point", "coordinates": [2.74936, 41.6101]}, "properties": {"var_data": [0.297, 0.098, 0.003, 0.004, 0.518, -0.0, 1, 1, 1, 1, 1]}}, {"type": "Feature", "geometry": {"type": "Point", "coordinates": [2.7847, 41.6101]}, "properties": {"var_data": [0.297, 0.103, 0.006, 0.005, 0.445, -0.0, 1, 1, 1, 1, 1]}}, {"type": "Feature", "geometry": {"type": "Point", "coordinates": [2.82004, 41.6101]}, "properties": {"var_data": [0.283, 0.099, 0.004, 0.003, 0.363, -0.0, 1, 1, 1, 1, 1]}}, {"type": "Feature", "geometry": {"type": "Point", "coordinates": [2.85538, 41.6101]}, "properties": {"var_data": [0.286, 0.084, 0.004, 0.002, 0.33, -0.0, 1, 1, 1, 1, 1]}}, {"type": "Feature", "geometry": {"type": "Point", "coordinates": [2.89072, 41.6101]}, "properties": {"var_data": [0.324, 0.067, 0.003, 0.002, 0.284, -0.0, 1, 1, 1, 1, 1]}}, {"type": "Feature", "geometry": {"type": "Point", "coordinates": [2.92606, 41.6101]}, "properties": {"var_data": [0.304, 0.061, 0.005, 0.002, 0.272, 0.0, 1, 1, 1, 1, 1]}}, {"type": "Feature", "geometry": {"type": "Point", "coordinates": [2.9614, 41.6101]}, "properties": {"var_data": [0.284, 0.06, 0.004, 0.003, 0.294, 0.0, 1, 1, 1, 1, 1]}}, {"type": "Feature", "geometry": {"type": "Point", "coordinates": [2.99674, 41.6101]}, "properties": {"var_data": [0.284, 0.068, 0.004, 0.004, 0.33, 0.0, 1, 1, 1, 1, 1]}}, {"type": "Feature", "geometry": {"type": "Point", "coordinates": [3.03208, 41.6101]}, "properties": {"var_data": [0.302, 0.086, 0.004, 0.004, 0.4, 0.0, 1, 1, 1, 1, 1]}}, {"type": "Feature", "geometry": {"type": "Point", "coordinates": [3.06742, 41.6101]}, "properties": {"var_data": [0.255, 0.002, 0.005, 0.007, 0.439, 0.0, 1, 1, 1, 1, 1]}}, {"type": "Feature", "geometry": {"type": "Point", "coordinates": [3.10276, 41.6101]}, "properties": {"var_data": [0.256, -0.062, 0.006, 0.01, 0.398, 0.0, 1, 1, 1, 1, 1]}}, {"type": "Feature", "geometry": {"type": "Point", "coordinates": [3.1381, 41.6101]}, "properties": {"var_data": [0.264, -0.112, 0.008, 0.015, 0.443, 0.0, 1, 1, 1, 1, 1]}}, {"type": "Feature", "geometry": {"type": "Point", "coordinates": [3.17344, 41.6101]}, "properties": {"var_data": [0.239, -0.208, 0.008, 0.016, 0.364, 0.0, 1, 1, 1, 1, 1]}}, {"type": "Feature", "geometry": {"type": "Point", "coordinates": [3.20878, 41.6101]}, "properties": {"var_data": [0.214, -0.247, 0.011, 0.023, 0.381, 0.0, 1, 1, 1, 1, 1]}}, {"type": "Feature", "geometry": {"type": "Point", "coordinates": [3.24412, 41.6101]}, "properties": {"var_data": [0.228, -0.213, 0.008, 0.023, 0.351, 0.0, 1, 1, 1, 1, 1]}}, {"type": "Feature", "geometry": {"type": "Point", "coordinates": [3.27946, 41.6101]}, "properties": {"var_data": [0.242, -0.214, 0.012, 0.035, 0.398, 0.0, 1, 1, 1, 1, 1]}}, {"type": "Feature", "geometry": {"type": "Point", "coordinates": [3.3148, 41.6101]}, "properties": {"var_data": [0.262, -0.182, 0.01, 0.006, 0.411, 0.0, 1, 1, 1, 1, 1]}}, {"type": "Feature", "geometry": {"type": "Point", "coordinates": [3.35014, 41.6101]}, "properties": {"var_data": [0.3, -0.207, 0.011, 0.006, 0.4, 0.0, 1, 1, 1, 1, 1]}}, {"type": "Feature", "geometry": {"type": "Point", "coordinates": [3.38548, 41.6101]}, "properties": {"var_data": [0.229, -0.216, 0.016, 0.007, 0.457, 0.0, 1, 1, 1, 1, 1]}}, {"type": "Feature", "geometry": {"type": "Point", "coordinates": [3.42082, 41.6101]}, "properties": {"var_data": [0.15, -0.259, 0.014, 0.011, 0.429, 0.0, 1, 1, 1, 1, 1]}}, {"type": "Feature", "geometry": {"type": "Point", "coordinates": [3.45616, 41.6101]}, "properties": {"var_data": [0.074, -0.333, 0.021, 0.015, 0.451, 0.0, 1, 1, 1, 1, 1]}}, {"type": "Feature", "geometry": {"type": "Point", "coordinates": [3.4915, 41.6101]}, "properties": {"var_data": [0.076, -0.267, 0.023, 0.017, 0.47, 0.0, 1, 1, 1, 1, 1]}}, {"type": "Feature", "geometry": {"type": "Point", "coordinates": [3.52684, 41.6101]}, "properties": {"var_data": [0.078, -0.276, 0.016, 0.012, 0.464, 0.0, 1, 1, 1, 1, 1]}}, {"type": "Feature", "geometry": {"type": "Point", "coordinates": [3.56218, 41.6101]}, "properties": {"var_data": [0.099, -0.303, 0.022, 0.016, 0.524, 0.0, 1, 1, 1, 1, 1]}}, {"type": "Feature", "geometry": {"type": "Point", "coordinates": [3.59752, 41.6101]}, "properties": {"var_data": [0.146, -0.28, 0.017, 0.017, 0.493, 0.0, 1, 1, 1, 1, 1]}}, {"type": "Feature", "geometry": {"type": "Point", "coordinates": [3.63286, 41.6101]}, "properties": {"var_data": [0.143, -0.277, 0.02, 0.043, 0.578, 0.001, 1, 1, 1, 1, 1]}}, {"type": "Feature", "geometry": {"type": "Point", "coordinates": [3.6682, 41.6101]}, "properties": {"var_data": [0.155, -0.277, 0.022, 0.079, 0.66, 0.001, 1, 1, 1, 1, 1]}}, {"type": "Feature", "geometry": {"type": "Point", "coordinates": [3.70354, 41.6101]}, "properties": {"var_data": [0.242, -0.18, 0.018, 0.035, 0.695, 0.001, 1, 1, 1, 1, 1]}}, {"type": "Feature", "geometry": {"type": "Point", "coordinates": [3.73888, 41.6101]}, "properties": {"var_data": [0.253, -0.196, 0.022, 0.038, 1.525, 0.001, 1, 1, 1, 1, 1]}}, {"type": "Feature", "geometry": {"type": "Point", "coordinates": [3.77422, 41.6101]}, "properties": {"var_data": [0.263, -0.223, 0.013, 0.019, 0.992, 0.0, 1, 1, 1, 1, 1]}}, {"type": "Feature", "geometry": {"type": "Point", "coordinates": [3.80956, 41.6101]}, "properties": {"var_data": [0.255, -0.226, 0.011, 0.018, 0.977, 0.0, 1, 1, 1, 1, 1]}}, {"type": "Feature", "geometry": {"type": "Point", "coordinates": [3.8449, 41.6101]}, "properties": {"var_data": [0.264, -0.209, 0.011, 0.018, 0.989, 0.0, 1, 1, 1, 1, 1]}}, {"type": "Feature", "geometry": {"type": "Point", "coordinates": [3.88024, 41.6101]}, "properties": {"var_data": [0.276, -0.113, 0.01, 0.019, 0.925, 0.0, 1, 1, 1, 1, 1]}}, {"type": "Feature", "geometry": {"type": "Point", "coordinates": [3.91558, 41.6101]}, "properties": {"var_data": [0.299, 0.024, 0.01, 0.018, 0.85, 0.0, 1, 1, 1, 1, 1]}}, {"type": "Feature", "geometry": {"type": "Point", "coordinates": [3.95092, 41.6101]}, "properties": {"var_data": [0.306, 0.037, 0.01, 0.018, 0.897, 0.0, 1, 1, 1, 1, 1]}}, {"type": "Feature", "geometry": {"type": "Point", "coordinates": [3.98626, 41.6101]}, "properties": {"var_data": [0.303, 0.009, 0.012, 0.027, 1.158, 0.0, 1, 1, 1, 1, 1]}}, {"type": "Feature", "geometry": {"type": "Point", "coordinates": [2.74936, 41.6371]}, "properties": {"var_data": [0.275, 0.121, 0.036, 0.029, 0.939, -0.001, 1, 1, 1, 1, 1]}}, {"type": "Feature", "geometry": {"type": "Point", "coordinates": [2.7847, 41.6371]}, "properties": {"var_data": [0.276, 0.106, 0.017, 0.011, 0.633, -0.0, 1, 1, 1, 1, 1]}}, {"type": "Feature", "geometry": {"type": "Point", "coordinates": [2.82004, 41.6371]}, "properties": {"var_data": [0.266, 0.088, 0.007, 0.004, 0.478, -0.0, 1, 1, 1, 1, 1]}}, {"type": "Feature", "geometry": {"type": "Point", "coordinates": [2.85538, 41.6371]}, "properties": {"var_data": [0.281, 0.064, 0.005, 0.002, 0.353, -0.0, 1, 1, 1, 1, 1]}}, {"type": "Feature", "geometry": {"type": "Point", "coordinates": [2.89072, 41.6371]}, "properties": {"var_data": [0.322, 0.04, 0.004, 0.002, 0.256, -0.0, 1, 1, 1, 1, 1]}}, {"type": "Feature", "geometry": {"type": "Point", "coordinates": [2.92606, 41.6371]}, "properties": {"var_data": [0.276, 0.048, 0.003, 0.002, 0.255, -0.0, 1, 1, 1, 1, 1]}}, {"type": "Feature", "geometry": {"type": "Point", "coordinates": [2.9614, 41.6371]}, "properties": {"var_data": [0.235, 0.03, 0.003, 0.003, 0.302, 0.0, 1, 1, 1, 1, 1]}}, {"type": "Feature", "geometry": {"type": "Point", "coordinates": [2.99674, 41.6371]}, "properties": {"var_data": [0.256, 0.049, 0.004, 0.004, 0.375, 0.0, 1, 1, 1, 1, 1]}}, {"type": "Feature", "geometry": {"type": "Point", "coordinates": [3.03208, 41.6371]}, "properties": {"var_data": [0.299, 0.088, 0.004, 0.006, 0.432, 0.0, 1, 1, 1, 1, 1]}}, {"type": "Feature", "geometry": {"type": "Point", "coordinates": [3.06742, 41.6371]}, "properties": {"var_data": [0.32, 0.099, 0.003, 0.006, 0.48, 0.0, 1, 1, 1, 1, 1]}}, {"type": "Feature", "geometry": {"type": "Point", "coordinates": [3.10276, 41.6371]}, "properties": {"var_data": [0.262, -0.086, 0.006, 0.012, 0.443, 0.0, 1, 1, 1, 1, 1]}}, {"type": "Feature", "geometry": {"type": "Point", "coordinates": [3.1381, 41.6371]}, "properties": {"var_data": [0.257, -0.151, 0.007, 0.016, 0.444, 0.0, 1, 1, 1, 1, 1]}}, {"type": "Feature", "geometry": {"type": "Point", "coordinates": [3.17344, 41.6371]}, "properties": {"var_data": [0.237, -0.244, 0.009, 0.019, 0.357, 0.0, 1, 1, 1, 1, 1]}}, {"type": "Feature", "geometry": {"type": "Point", "coordinates": [3.20878, 41.6371]}, "properties": {"var_data": [0.237, -0.259, 0.008, 0.022, 0.381, 0.0, 1, 1, 1, 1, 1]}}, {"type": "Feature", "geometry": {"type": "Point", "coordinates": [3.24412, 41.6371]}, "properties": {"var_data": [0.227, -0.235, 0.008, 0.025, 0.35, 0.0, 1, 1, 1, 1, 1]}}, {"type": "Feature", "geometry": {"type": "Point", "coordinates": [3.27946, 41.6371]}, "properties": {"var_data": [0.244, -0.238, 0.006, 0.006, 0.36, 0.0, 1, 1, 1, 1, 1]}}, {"type": "Feature", "geometry": {"type": "Point", "coordinates": [3.3148, 41.6371]}, "properties": {"var_data": [0.263, -0.168, 0.006, 0.006, 0.368, 0.0, 1, 1, 1, 1, 1]}}, {"type": "Feature", "geometry": {"type": "Point", "coordinates": [3.35014, 41.6371]}, "properties": {"var_data": [0.284, -0.21, 0.012, 0.006, 0.373, 0.0, 1, 1, 1, 1, 1]}}, {"type": "Feature", "geometry": {"type": "Point", "coordinates": [3.38548, 41.6371]}, "properties": {"var_data": [0.275, -0.201, 0.016, 0.007, 0.418, 0.0, 1, 1, 1, 1, 1]}}, {"type": "Feature", "geometry": {"type": "Point", "coordinates": [3.42082, 41.6371]}, "properties": {"var_data": [0.245, -0.182, 0.008, 0.005, 0.422, 0.0, 1, 1, 1, 1, 1]}}, {"type": "Feature", "geometry": {"type": "Point", "coordinates": [3.45616, 41.6371]}, "properties": {"var_data": [0.186, -0.252, 0.008, 0.006, 0.426, 0.0, 1, 1, 1, 1, 1]}}, {"type": "Feature", "geometry": {"type": "Point", "coordinates": [3.4915, 41.6371]}, "properties": {"var_data": [0.233, -0.22, 0.004, 0.005, 0.405, 0.0, 1, 1, 1, 1, 1]}}, {"type": "Feature", "geometry": {"type": "Point", "coordinates": [3.52684, 41.6371]}, "properties": {"var_data": [0.211, -0.25, 0.004, 0.006, 0.44, 0.0, 1, 1, 1, 1, 1]}}, {"type": "Feature", "geometry": {"type": "Point", "coordinates": [3.56218, 41.6371]}, "properties": {"var_data": [0.223, -0.237, 0.026, 0.02, 0.442, 0.0, 1, 1, 1, 1, 1]}}, {"type": "Feature", "geometry": {"type": "Point", "coordinates": [3.59752, 41.6371]}, "properties": {"var_data": [0.2, -0.226, 0.023, 0.026, 0.5, 0.001, 1, 1, 1, 1, 1]}}, {"type": "Feature", "geometry": {"type": "Point", "coordinates": [3.63286, 41.6371]}, "properties": {"var_data": [0.152, -0.262, 0.012, 0.018, 0.544, 0.0, 1, 1, 1, 1, 1]}}, {"type": "Feature", "geometry": {"type": "Point", "coordinates": [3.6682, 41.6371]}, "properties": {"var_data": [0.153, -0.252, 0.027, 0.124, 0.638, 0.003, 1, 1, 1, 1, 1]}}, {"type": "Feature", "geometry": {"type": "Point", "coordinates": [3.70354, 41.6371]}, "properties": {"var_data": [0.254, -0.15, 0.022, 0.039, 0.89, 0.001, 1, 1, 1, 1, 1]}}, {"type": "Feature", "geometry": {"type": "Point", "coordinates": [3.73888, 41.6371]}, "properties": {"var_data": [0.246, -0.22, 0.032, 0.046, 1.437, 0.001, 1, 1, 1, 1, 1]}}, {"type": "Feature", "geometry": {"type": "Point", "coordinates": [3.77422, 41.6371]}, "properties": {"var_data": [0.259, -0.227, 0.013, 0.02, 1.036, 0.0, 1, 1, 1, 1, 1]}}, {"type": "Feature", "geometry": {"type": "Point", "coordinates": [3.80956, 41.6371]}, "properties": {"var_data": [0.27, -0.189, 0.012, 0.018, 1.07, 0.0, 1, 1, 1, 1, 1]}}, {"type": "Feature", "geometry": {"type": "Point", "coordinates": [3.8449, 41.6371]}, "properties": {"var_data": [0.261, -0.194, 0.011, 0.018, 1.077, 0.0, 1, 1, 1, 1, 1]}}, {"type": "Feature", "geometry": {"type": "Point", "coordinates": [3.88024, 41.6371]}, "properties": {"var_data": [0.268, -0.101, 0.008, 0.014, 0.783, 0.0, 1, 1, 1, 1, 1]}}, {"type": "Feature", "geometry": {"type": "Point", "coordinates": [3.91558, 41.6371]}, "properties": {"var_data": [0.276, 0.016, 0.01, 0.019, 0.843, 0.0, 1, 1, 1, 1, 1]}}, {"type": "Feature", "geometry": {"type": "Point", "coordinates": [3.95092, 41.6371]}, "properties": {"var_data": [0.275, -0.01, 0.011, 0.02, 0.87, 0.0, 1, 1, 1, 1, 1]}}, {"type": "Feature", "geometry": {"type": "Point", "coordinates": [3.98626, 41.6371]}, "properties": {"var_data": [0.271, -0.041, 0.011, 0.02, 1.083, 0.0, 1, 1, 1, 1, 1]}}, {"type": "Feature", "geometry": {"type": "Point", "coordinates": [4.0216, 41.6371]}, "properties": {"var_data": [0.22, -0.173, 0.034, 0.068, 1.517, 0.002, 1, 1, 1, 1, 1]}}, {"type": "Feature", "geometry": {"type": "Point", "coordinates": [2.85538, 41.664101]}, "properties": {"var_data": [0.342, 0.032, 0.005, 0.002, 0.339, -0.0, 1, 1, 1, 1, 1]}}, {"type": "Feature", "geometry": {"type": "Point", "coordinates": [2.89072, 41.664101]}, "properties": {"var_data": [0.253, 0.049, 0.004, 0.002, 0.236, -0.0, 1, 1, 1, 1, 1]}}, {"type": "Feature", "geometry": {"type": "Point", "coordinates": [2.92606, 41.664101]}, "properties": {"var_data": [0.198, 0.04, 0.003, 0.002, 0.226, -0.0, 1, 1, 1, 1, 1]}}, {"type": "Feature", "geometry": {"type": "Point", "coordinates": [2.9614, 41.664101]}, "properties": {"var_data": [0.173, 0.003, 0.003, 0.003, 0.296, 0.0, 1, 1, 1, 1, 1]}}, {"type": "Feature", "geometry": {"type": "Point", "coordinates": [2.99674, 41.664101]}, "properties": {"var_data": [0.199, 0.017, 0.004, 0.006, 0.376, 0.0, 1, 1, 1, 1, 1]}}, {"type": "Feature", "geometry": {"type": "Point", "coordinates": [3.03208, 41.664101]}, "properties": {"var_data": [0.27, 0.081, 0.003, 0.006, 0.483, 0.0, 1, 1, 1, 1, 1]}}, {"type": "Feature", "geometry": {"type": "Point", "coordinates": [3.06742, 41.664101]}, "properties": {"var_data": [0.291, 0.045, 0.005, 0.011, 0.626, 0.0, 1, 1, 1, 1, 1]}}, {"type": "Feature", "geometry": {"type": "Point", "coordinates": [3.10276, 41.664101]}, "properties": {"var_data": [0.264, -0.108, 0.005, 0.012, 0.476, 0.0, 1, 1, 1, 1, 1]}}, {"type": "Feature", "geometry": {"type": "Point", "coordinates": [3.1381, 41.664101]}, "properties": {"var_data": [0.272, -0.143, 0.005, 0.012, 0.508, 0.0, 1, 1, 1, 1, 1]}}, {"type": "Feature", "geometry": {"type": "Point", "coordinates": [3.17344, 41.664101]}, "properties": {"var_data": [0.258, -0.23, 0.004, 0.01, 0.376, 0.0, 1, 1, 1, 1, 1]}}, {"type": "Feature", "geometry": {"type": "Point", "coordinates": [3.20878, 41.664101]}, "properties": {"var_data": [0.248, -0.269, 0.004, 0.019, 0.378, 0.0, 1, 1, 1, 1, 1]}}, {"type": "Feature", "geometry": {"type": "Point", "coordinates": [3.24412, 41.664101]}, "properties": {"var_data": [0.235, -0.249, 0.006, 0.026, 0.364, 0.0, 1, 1, 1, 1, 1]}}, {"type": "Feature", "geometry": {"type": "Point", "coordinates": [3.27946, 41.664101]}, "properties": {"var_data": [0.245, -0.25, 0.008, 0.033, 0.39, 0.0, 1, 1, 1, 1, 1]}}, {"type": "Feature", "geometry": {"type": "Point", "coordinates": [3.3148, 41.664101]}, "properties": {"var_data": [0.261, -0.203, 0.006, 0.006, 0.411, 0.0, 1, 1, 1, 1, 1]}}, {"type": "Feature", "geometry": {"type": "Point", "coordinates": [3.35014, 41.664101]}, "properties": {"var_data": [0.289, -0.189, 0.011, 0.006, 0.391, 0.0, 1, 1, 1, 1, 1]}}, {"type": "Feature", "geometry": {"type": "Point", "coordinates": [3.38548, 41.664101]}, "properties": {"var_data": [0.298, -0.197, 0.014, 0.007, 0.41, 0.0, 1, 1, 1, 1, 1]}}, {"type": "Feature", "geometry": {"type": "Point", "coordinates": [3.42082, 41.664101]}, "properties": {"var_data": [0.279, -0.222, 0.008, 0.006, 0.393, 0.0, 1, 1, 1, 1, 1]}}, {"type": "Feature", "geometry": {"type": "Point", "coordinates": [3.45616, 41.664101]}, "properties": {"var_data": [0.244, -0.234, 0.004, 0.006, 0.422, 0.0, 1, 1, 1, 1, 1]}}, {"type": "Feature", "geometry": {"type": "Point", "coordinates": [3.4915, 41.664101]}, "properties": {"var_data": [0.205, -0.22, 0.004, 0.005, 0.427, 0.0, 1, 1, 1, 1, 1]}}, {"type": "Feature", "geometry": {"type": "Point", "coordinates": [3.52684, 41.664101]}, "properties": {"var_data": [0.263, -0.254, 0.004, 0.006, 0.426, 0.0, 1, 1, 1, 1, 1]}}, {"type": "Feature", "geometry": {"type": "Point", "coordinates": [3.56218, 41.664101]}, "properties": {"var_data": [0.219, -0.256, 0.004, 0.006, 0.407, 0.0, 1, 1, 1, 1, 1]}}, {"type": "Feature", "geometry": {"type": "Point", "coordinates": [3.59752, 41.664101]}, "properties": {"var_data": [0.211, -0.242, 0.013, 0.017, 0.436, 0.0, 1, 1, 1, 1, 1]}}, {"type": "Feature", "geometry": {"type": "Point", "coordinates": [3.63286, 41.664101]}, "properties": {"var_data": [0.168, -0.226, 0.011, 0.016, 0.523, 0.0, 1, 1, 1, 1, 1]}}, {"type": "Feature", "geometry": {"type": "Point", "coordinates": [3.6682, 41.664101]}, "properties": {"var_data": [0.104, -0.258, 0.011, 0.022, 0.603, 0.0, 1, 1, 1, 1, 1]}}, {"type": "Feature", "geometry": {"type": "Point", "coordinates": [3.70354, 41.664101]}, "properties": {"var_data": [0.113, -0.309, 0.019, 0.032, 1.246, 0.001, 1, 1, 1, 1, 1]}}, {"type": "Feature", "geometry": {"type": "Point", "coordinates": [3.73888, 41.664101]}, "properties": {"var_data": [0.241, -0.199, 0.037, 0.094, 1.603, 0.002, 1, 1, 1, 1, 1]}}, {"type": "Feature", "geometry": {"type": "Point", "coordinates": [3.77422, 41.664101]}, "properties": {"var_data": [0.28, -0.161, 0.01, 0.017, 0.988, 0.0, 1, 1, 1, 1, 1]}}, {"type": "Feature", "geometry": {"type": "Point", "coordinates": [3.80956, 41.664101]}, "properties": {"var_data": [0.29, -0.167, 0.008, 0.015, 0.885, 0.0, 1, 1, 1, 1, 1]}}, {"type": "Feature", "geometry": {"type": "Point", "coordinates": [3.8449, 41.664101]}, "properties": {"var_data": [0.277, -0.215, 0.008, 0.014, 0.625, 0.0, 1, 1, 1, 1, 1]}}, {"type": "Feature", "geometry": {"type": "Point", "coordinates": [3.88024, 41.664101]}, "properties": {"var_data": [0.271, -0.174, 0.008, 0.014, 0.627, 0.0, 1, 1, 1, 1, 1]}}, {"type": "Feature", "geometry": {"type": "Point", "coordinates": [3.91558, 41.664101]}, "properties": {"var_data": [0.255, -0.144, 0.01, 0.018, 0.73, 0.0, 1, 1, 1, 1, 1]}}, {"type": "Feature", "geometry": {"type": "Point", "coordinates": [3.95092, 41.664101]}, "properties": {"var_data": [0.29, -0.01, 0.009, 0.017, 0.708, 0.0, 1, 1, 1, 1, 1]}}, {"type": "Feature", "geometry": {"type": "Point", "coordinates": [3.98626, 41.664101]}, "properties": {"var_data": [0.297, -0.041, 0.007, 0.014, 0.757, 0.0, 1, 1, 1, 1, 1]}}, {"type": "Feature", "geometry": {"type": "Point", "coordinates": [4.0216, 41.664101]}, "properties": {"var_data": [0.329, -0.063, 0.009, 0.02, 0.991, 0.0, 1, 1, 1, 1, 1]}}, {"type": "Feature", "geometry": {"type": "Point", "coordinates": [4.05694, 41.664101]}, "properties": {"var_data": [0.335, -0.106, 0.009, 0.021, 1.183, 0.0, 1, 1, 1, 1, 1]}}, {"type": "Feature", "geometry": {"type": "Point", "coordinates": [3.10276, 41.691101]}, "properties": {"var_data": [0.253, -0.175, 0.003, 0.014, 0.561, 0.0, 1, 1, 1, 1, 1]}}, {"type": "Feature", "geometry": {"type": "Point", "coordinates": [3.1381, 41.691101]}, "properties": {"var_data": [0.287, -0.187, 0.004, 0.02, 0.559, 0.0, 1, 1, 1, 1, 1]}}, {"type": "Feature", "geometry": {"type": "Point", "coordinates": [3.17344, 41.691101]}, "properties": {"var_data": [0.263, -0.263, 0.004, 0.02, 0.403, 0.0, 1, 1, 1, 1, 1]}}, {"type": "Feature", "geometry": {"type": "Point", "coordinates": [3.20878, 41.691101]}, "properties": {"var_data": [0.262, -0.26, 0.004, 0.025, 0.397, 0.0, 1, 1, 1, 1, 1]}}, {"type": "Feature", "geometry": {"type": "Point", "coordinates": [3.24412, 41.691101]}, "properties": {"var_data": [0.25, -0.278, 0.004, 0.027, 0.382, 0.0, 1, 1, 1, 1, 1]}}, {"type": "Feature", "geometry": {"type": "Point", "coordinates": [3.27946, 41.691101]}, "properties": {"var_data": [0.223, -0.26, 0.009, 0.039, 0.41, 0.0, 1, 1, 1, 1, 1]}}, {"type": "Feature", "geometry": {"type": "Point", "coordinates": [3.3148, 41.691101]}, "properties": {"var_data": [0.244, -0.206, 0.011, 0.054, 0.413, 0.001, 1, 1, 1, 1, 1]}}, {"type": "Feature", "geometry": {"type": "Point", "coordinates": [3.35014, 41.691101]}, "properties": {"var_data": [0.27, -0.239, 0.011, 0.006, 0.382, 0.0, 1, 1, 1, 1, 1]}}, {"type": "Feature", "geometry": {"type": "Point", "coordinates": [3.38548, 41.691101]}, "properties": {"var_data": [0.329, -0.218, 0.014, 0.007, 0.391, 0.0, 1, 1, 1, 1, 1]}}, {"type": "Feature", "geometry": {"type": "Point", "coordinates": [3.42082, 41.691101]}, "properties": {"var_data": [0.338, -0.256, 0.008, 0.007, 0.424, 0.0, 1, 1, 1, 1, 1]}}, {"type": "Feature", "geometry": {"type": "Point", "coordinates": [3.45616, 41.691101]}, "properties": {"var_data": [0.36, -0.265, 0.004, 0.006, 0.442, 0.0, 1, 1, 1, 1, 1]}}, {"type": "Feature", "geometry": {"type": "Point", "coordinates": [3.4915, 41.691101]}, "properties": {"var_data": [0.422, -0.184, 0.004, 0.009, 0.482, -0.0, 1, 1, 1, 1, 1]}}, {"type": "Feature", "geometry": {"type": "Point", "coordinates": [3.52684, 41.691101]}, "properties": {"var_data": [0.283, -0.264, 0.004, 0.011, 0.441, -0.0, 1, 1, 1, 1, 1]}}, {"type": "Feature", "geometry": {"type": "Point", "coordinates": [3.56218, 41.691101]}, "properties": {"var_data": [0.274, -0.241, 0.004, 0.011, 0.428, 0.0, 1, 1, 1, 1, 1]}}, {"type": "Feature", "geometry": {"type": "Point", "coordinates": [3.59752, 41.691101]}, "properties": {"var_data": [0.187, -0.293, 0.011, 0.016, 0.498, 0.0, 1, 1, 1, 1, 1]}}, {"type": "Feature", "geometry": {"type": "Point", "coordinates": [3.63286, 41.691101]}, "properties": {"var_data": [0.138, -0.286, 0.011, 0.016, 0.527, 0.0, 1, 1, 1, 1, 1]}}, {"type": "Feature", "geometry": {"type": "Point", "coordinates": [3.6682, 41.691101]}, "properties": {"var_data": [0.11, -0.315, 0.011, 0.02, 0.737, 0.0, 1, 1, 1, 1, 1]}}, {"type": "Feature", "geometry": {"type": "Point", "coordinates": [3.70354, 41.691101]}, "properties": {"var_data": [0.078, -0.302, 0.011, 0.022, 1.048, 0.0, 1, 1, 1, 1, 1]}}, {"type": "Feature", "geometry": {"type": "Point", "coordinates": [3.73888, 41.691101]}, "properties": {"var_data": [0.299, 0.059, 0.016, 0.027, 1.245, 0.0, 1, 1, 1, 1, 1]}}, {"type": "Feature", "geometry": {"type": "Point", "coordinates": [3.77422, 41.691101]}, "properties": {"var_data": [0.289, -0.01, 0.012, 0.042, 1.068, 0.0, 1, 1, 1, 1, 1]}}, {"type": "Feature", "geometry": {"type": "Point", "coordinates": [3.80956, 41.691101]}, "properties": {"var_data": [0.261, -0.308, 0.008, 0.015, 0.727, 0.0, 1, 1, 1, 1, 1]}}, {"type": "Feature", "geometry": {"type": "Point", "coordinates": [3.8449, 41.691101]}, "properties": {"var_data": [0.265, -0.286, 0.01, 0.023, 0.683, 0.0, 1, 1, 1, 1, 1]}}, {"type": "Feature", "geometry": {"type": "Point", "coordinates": [3.88024, 41.691101]}, "properties": {"var_data": [0.232, -0.272, 0.013, 0.023, 0.68, 0.0, 1, 1, 1, 1, 1]}}, {"type": "Feature", "geometry": {"type": "Point", "coordinates": [3.91558, 41.691101]}, "properties": {"var_data": [0.197, -0.326, 0.021, 0.036, 0.792, 0.001, 1, 1, 1, 1, 1]}}, {"type": "Feature", "geometry": {"type": "Point", "coordinates": [3.95092, 41.691101]}, "properties": {"var_data": [0.294, -0.112, 0.009, 0.017, 0.763, 0.0, 1, 1, 1, 1, 1]}}, {"type": "Feature", "geometry": {"type": "Point", "coordinates": [3.98626, 41.691101]}, "properties": {"var_data": [0.309, -0.102, 0.009, 0.021, 0.985, 0.0, 1, 1, 1, 1, 1]}}, {"type": "Feature", "geometry": {"type": "Point", "coordinates": [4.0216, 41.691101]}, "properties": {"var_data": [0.339, -0.114, 0.009, 0.022, 1.042, 0.0, 1, 1, 1, 1, 1]}}, {"type": "Feature", "geometry": {"type": "Point", "coordinates": [4.05694, 41.691101]}, "properties": {"var_data": [0.332, -0.14, 0.009, 0.021, 0.85, 0.0, 1, 1, 1, 1, 1]}}, {"type": "Feature", "geometry": {"type": "Point", "coordinates": [3.10276, 41.718102]}, "properties": {"var_data": [0.272, -0.155, 0.003, 0.016, 0.681, 0.0, 1, 1, 1, 1, 1]}}, {"type": "Feature", "geometry": {"type": "Point", "coordinates": [3.1381, 41.718102]}, "properties": {"var_data": [0.301, -0.147, 0.003, 0.015, 0.58, 0.0, 1, 1, 1, 1, 1]}}, {"type": "Feature", "geometry": {"type": "Point", "coordinates": [3.17344, 41.718102]}, "properties": {"var_data": [0.312, -0.246, 0.003, 0.023, 0.411, 0.0, 1, 1, 1, 1, 1]}}, {"type": "Feature", "geometry": {"type": "Point", "coordinates": [3.20878, 41.718102]}, "properties": {"var_data": [0.296, -0.246, 0.004, 0.029, 0.41, 0.0, 1, 1, 1, 1, 1]}}, {"type": "Feature", "geometry": {"type": "Point", "coordinates": [3.24412, 41.718102]}, "properties": {"var_data": [0.283, -0.278, 0.004, 0.032, 0.408, 0.0, 1, 1, 1, 1, 1]}}, {"type": "Feature", "geometry": {"type": "Point", "coordinates": [3.27946, 41.718102]}, "properties": {"var_data": [0.25, -0.285, 0.012, 0.043, 0.448, -0.0, 1, 1, 1, 1, 1]}}, {"type": "Feature", "geometry": {"type": "Point", "coordinates": [3.3148, 41.718102]}, "properties": {"var_data": [0.231, -0.264, 0.015, 0.028, 0.432, 0.0, 1, 1, 1, 1, 1]}}, {"type": "Feature", "geometry": {"type": "Point", "coordinates": [3.35014, 41.718102]}, "properties": {"var_data": [0.27, -0.297, 0.014, 0.011, 0.378, 0.0, 1, 1, 1, 1, 1]}}, {"type": "Feature", "geometry": {"type": "Point", "coordinates": [3.38548, 41.718102]}, "properties": {"var_data": [0.309, -0.303, 0.022, 0.015, 0.403, 0.0, 1, 1, 1, 1, 1]}}, {"type": "Feature", "geometry": {"type": "Point", "coordinates": [3.42082, 41.718102]}, "properties": {"var_data": [0.456, -0.248, 0.009, 0.007, 0.538, 0.0, 1, 1, 1, 1, 1]}}, {"type": "Feature", "geometry": {"type": "Point", "coordinates": [3.45616, 41.718102]}, "properties": {"var_data": [0.301, -0.307, 0.006, 0.006, 0.455, 0.0, 1, 1, 1, 1, 1]}}, {"type": "Feature", "geometry": {"type": "Point", "coordinates": [3.4915, 41.718102]}, "properties": {"var_data": [0.323, -0.262, 0.004, 0.017, 0.449, -0.0, 1, 1, 1, 1, 1]}}, {"type": "Feature", "geometry": {"type": "Point", "coordinates": [3.52684, 41.718102]}, "properties": {"var_data": [0.156, -0.311, 0.004, 0.017, 0.449, -0.0, 1, 1, 1, 1, 1]}}, {"type": "Feature", "geometry": {"type": "Point", "coordinates": [3.56218, 41.718102]}, "properties": {"var_data": [0.173, -0.309, 0.008, 0.013, 0.466, 0.0, 1, 1, 1, 1, 1]}}, {"type": "Feature", "geometry": {"type": "Point", "coordinates": [3.59752, 41.718102]}, "properties": {"var_data": [0.09, -0.351, 0.007, 0.012, 0.513, 0.0, 1, 1, 1, 1, 1]}}, {"type": "Feature", "geometry": {"type": "Point", "coordinates": [3.63286, 41.718102]}, "properties": {"var_data": [0.092, -0.325, 0.007, 0.016, 0.615, 0.0, 1, 1, 1, 1, 1]}}, {"type": "Feature", "geometry": {"type": "Point", "coordinates": [3.6682, 41.718102]}, "properties": {"var_data": [0.041, -0.503, 0.012, 0.021, 0.98, 0.0, 1, 1, 1, 1, 1]}}, {"type": "Feature", "geometry": {"type": "Point", "coordinates": [3.70354, 41.718102]}, "properties": {"var_data": [-0.135, -0.747, 0.016, 0.028, 1.536, 0.0, 4, 4, 1, 1, 1]}}, {"type": "Feature", "geometry": {"type": "Point", "coordinates": [3.73888, 41.718102]}, "properties": {"var_data": [0.249, -0.114, 0.017, 0.028, 1.219, 0.0, 1, 1, 1, 1, 1]}}, {"type": "Feature", "geometry": {"type": "Point", "coordinates": [3.77422, 41.718102]}, "properties": {"var_data": [0.237, -0.188, 0.004, 0.014, 0.846, 0.0, 1, 1, 1, 1, 1]}}, {"type": "Feature", "geometry": {"type": "Point", "coordinates": [3.80956, 41.718102]}, "properties": {"var_data": [0.243, -0.281, 0.004, 0.013, 0.651, 0.0, 1, 1, 1, 1, 1]}}, {"type": "Feature", "geometry": {"type": "Point", "coordinates": [3.8449, 41.718102]}, "properties": {"var_data": [0.279, -0.345, 0.004, 0.013, 0.609, 0.0, 1, 1, 1, 1, 1]}}, {"type": "Feature", "geometry": {"type": "Point", "coordinates": [3.88024, 41.718102]}, "properties": {"var_data": [0.258, -0.3, 0.01, 0.023, 0.58, 0.0, 1, 1, 1, 1, 1]}}, {"type": "Feature", "geometry": {"type": "Point", "coordinates": [3.91558, 41.718102]}, "properties": {"var_data": [0.228, -0.36, 0.019, 0.041, 0.762, 0.001, 1, 1, 1, 1, 1]}}, {"type": "Feature", "geometry": {"type": "Point", "coordinates": [3.95092, 41.718102]}, "properties": {"var_data": [0.256, -0.128, 0.013, 0.035, 1.191, 0.0, 1, 1, 1, 1, 1]}}, {"type": "Feature", "geometry": {"type": "Point", "coordinates": [3.98626, 41.718102]}, "properties": {"var_data": [0.286, -0.121, 0.009, 0.029, 1.117, 0.0, 1, 0, 1, 1, 1]}}, {"type": "Feature", "geometry": {"type": "Point", "coordinates": [4.0216, 41.718102]}, "properties": {"var_data": [0.33, -0.148, 0.009, 0.03, 0.863, 0.0, 1, 1, 1, 1, 1]}}, {"type": "Feature", "geometry": {"type": "Point", "coordinates": [4.05694, 41.718102]}, "properties": {"var_data": [0.329, -0.169, 0.009, 0.021, 0.781, 0.0, 1, 1, 1, 1, 1]}}, {"type": "Feature", "geometry": {"type": "Point", "coordinates": [4.09228, 41.718102]}, "properties": {"var_data": [0.296, -0.143, 0.018, 0.07, 0.871, 0.001, 1, 1, 1, 1, 1]}}, {"type": "Feature", "geometry": {"type": "Point", "coordinates": [3.10276, 41.745098]}, "properties": {"var_data": [0.299, -0.125, 0.006, 0.036, 1.024, -0.0, 1, 1, 1, 1, 1]}}, {"type": "Feature", "geometry": {"type": "Point", "coordinates": [3.1381, 41.745098]}, "properties": {"var_data": [0.314, -0.157, 0.004, 0.029, 0.77, -0.0, 1, 1, 1, 1, 1]}}, {"type": "Feature", "geometry": {"type": "Point", "coordinates": [3.17344, 41.745098]}, "properties": {"var_data": [0.297, -0.249, 0.004, 0.031, 0.457, -0.0, 1, 1, 1, 1, 1]}}, {"type": "Feature", "geometry": {"type": "Point", "coordinates": [3.20878, 41.745098]}, "properties": {"var_data": [0.296, -0.29, 0.003, 0.026, 0.418, 0.0, 1, 1, 1, 1, 1]}}, {"type": "Feature", "geometry": {"type": "Point", "coordinates": [3.24412, 41.745098]}, "properties": {"var_data": [0.285, -0.287, 0.016, 0.062, 0.426, -0.001, 1, 1, 1, 1, 1]}}, {"type": "Feature", "geometry": {"type": "Point", "coordinates": [3.27946, 41.745098]}, "properties": {"var_data": [0.256, -0.315, 0.015, 0.028, 0.407, -0.0, 1, 1, 1, 1, 1]}}, {"type": "Feature", "geometry": {"type": "Point", "coordinates": [3.3148, 41.745098]}, "properties": {"var_data": [0.237, -0.269, 0.018, 0.023, 0.392, 0.0, 1, 1, 1, 1, 1]}}, {"type": "Feature", "geometry": {"type": "Point", "coordinates": [3.35014, 41.745098]}, "properties": {"var_data": [0.276, -0.298, 0.017, 0.019, 0.371, 0.0, 1, 1, 1, 1, 1]}}, {"type": "Feature", "geometry": {"type": "Point", "coordinates": [3.38548, 41.745098]}, "properties": {"var_data": [0.291, -0.354, 0.009, 0.009, 0.374, 0.0, 1, 1, 1, 1, 1]}}, {"type": "Feature", "geometry": {"type": "Point", "coordinates": [3.42082, 41.745098]}, "properties": {"var_data": [0.318, -0.342, 0.009, 0.009, 0.444, 0.0, 1, 1, 1, 1, 1]}}, {"type": "Feature", "geometry": {"type": "Point", "coordinates": [3.45616, 41.745098]}, "properties": {"var_data": [0.247, -0.364, 0.009, 0.027, 0.478, 0.0, 1, 1, 1, 1, 1]}}, {"type": "Feature", "geometry": {"type": "Point", "coordinates": [3.4915, 41.745098]}, "properties": {"var_data": [0.064, -0.395, 0.008, 0.022, 0.479, 0.0, 1, 1, 1, 1, 1]}}, {"type": "Feature", "geometry": {"type": "Point", "coordinates": [3.52684, 41.745098]}, "properties": {"var_data": [0.035, -0.378, 0.006, 0.019, 0.472, 0.0, 1, 1, 1, 1, 1]}}, {"type": "Feature", "geometry": {"type": "Point", "coordinates": [3.56218, 41.745098]}, "properties": {"var_data": [-0.019, -0.42, 0.007, 0.018, 0.514, 0.0, 1, 1, 1, 1, 1]}}, {"type": "Feature", "geometry": {"type": "Point", "coordinates": [3.59752, 41.745098]}, "properties": {"var_data": [0.002, -0.411, 0.006, 0.016, 0.571, 0.0, 1, 1, 1, 1, 1]}}, {"type": "Feature", "geometry": {"type": "Point", "coordinates": [3.63286, 41.745098]}, "properties": {"var_data": [0.024, -0.433, 0.008, 0.016, 0.707, 0.0, 1, 1, 1, 1, 1]}}, {"type": "Feature", "geometry": {"type": "Point", "coordinates": [3.6682, 41.745098]}, "properties": {"var_data": [-0.059, -0.702, 0.016, 0.027, 1.316, 0.0, 4, 4, 1, 1, 1]}}, {"type": "Feature", "geometry": {"type": "Point", "coordinates": [3.70354, 41.745098]}, "properties": {"var_data": [-0.026, -0.597, 0.022, 0.035, 1.464, 0.001, 4, 4, 1, 1, 1]}}, {"type": "Feature", "geometry": {"type": "Point", "coordinates": [3.73888, 41.745098]}, "properties": {"var_data": [0.141, -0.289, 0.035, 0.059, 1.449, 0.002, 1, 1, 1, 1, 1]}}, {"type": "Feature", "geometry": {"type": "Point", "coordinates": [3.77422, 41.745098]}, "properties": {"var_data": [0.231, -0.277, 0.005, 0.014, 0.762, 0.0, 1, 1, 1, 1, 1]}}, {"type": "Feature", "geometry": {"type": "Point", "coordinates": [3.80956, 41.745098]}, "properties": {"var_data": [0.257, -0.351, 0.004, 0.014, 0.65, 0.0, 1, 1, 1, 1, 1]}}, {"type": "Feature", "geometry": {"type": "Point", "coordinates": [3.8449, 41.745098]}, "properties": {"var_data": [0.261, -0.402, 0.004, 0.013, 0.62, 0.0, 1, 1, 1, 1, 1]}}, {"type": "Feature", "geometry": {"type": "Point", "coordinates": [3.88024, 41.745098]}, "properties": {"var_data": [0.249, -0.389, 0.005, 0.014, 0.632, 0.0, 1, 1, 1, 1, 1]}}, {"type": "Feature", "geometry": {"type": "Point", "coordinates": [3.91558, 41.745098]}, "properties": {"var_data": [0.227, -0.4, 0.014, 0.036, 0.687, 0.0, 1, 1, 1, 1, 1]}}, {"type": "Feature", "geometry": {"type": "Point", "coordinates": [3.95092, 41.745098]}, "properties": {"var_data": [0.197, -0.197, 0.017, 0.045, 1.233, 0.001, 1, 1, 1, 1, 1]}}, {"type": "Feature", "geometry": {"type": "Point", "coordinates": [3.98626, 41.745098]}, "properties": {"var_data": [0.257, -0.172, 0.014, 0.037, 1.055, 0.0, 1, 1, 1, 1, 1]}}, {"type": "Feature", "geometry": {"type": "Point", "coordinates": [4.0216, 41.745098]}, "properties": {"var_data": [0.291, -0.166, 0.009, 0.079, 0.921, 0.0, 1, 1, 1, 1, 1]}}, {"type": "Feature", "geometry": {"type": "Point", "coordinates": [4.05694, 41.745098]}, "properties": {"var_data": [0.278, -0.247, 0.021, 0.073, 1.022, 0.001, 1, 1, 1, 1, 1]}}, {"type": "Feature", "geometry": {"type": "Point", "coordinates": [4.09228, 41.745098]}, "properties": {"var_data": [0.286, -0.229, 0.035, 0.084, 0.984, 0.002, 1, 1, 1, 1, 1]}}, {"type": "Feature", "geometry": {"type": "Point", "coordinates": [3.1381, 41.772099]}, "properties": {"var_data": [0.294, -0.172, 0.02, 0.093, 1.053, -0.002, 1, 1, 1, 1, 1]}}, {"type": "Feature", "geometry": {"type": "Point", "coordinates": [3.17344, 41.772099]}, "properties": {"var_data": [0.316, -0.267, 0.015, 0.065, 0.496, -0.001, 1, 1, 1, 1, 1]}}, {"type": "Feature", "geometry": {"type": "Point", "coordinates": [3.20878, 41.772099]}, "properties": {"var_data": [0.306, -0.273, 0.013, 0.058, 0.439, -0.001, 1, 1, 1, 1, 1]}}, {"type": "Feature", "geometry": {"type": "Point", "coordinates": [3.24412, 41.772099]}, "properties": {"var_data": [0.255, -0.28, 0.012, 0.01, 0.38, 0.0, 1, 1, 1, 1, 1]}}, {"type": "Feature", "geometry": {"type": "Point", "coordinates": [3.27946, 41.772099]}, "properties": {"var_data": [0.199, -0.255, 0.013, 0.01, 0.341, 0.0, 1, 1, 1, 1, 1]}}, {"type": "Feature", "geometry": {"type": "Point", "coordinates": [3.3148, 41.772099]}, "properties": {"var_data": [0.223, -0.266, 0.013, 0.01, 0.344, 0.0, 1, 1, 1, 1, 1]}}, {"type": "Feature", "geometry": {"type": "Point", "coordinates": [3.35014, 41.772099]}, "properties": {"var_data": [0.238, -0.287, 0.014, 0.018, 0.355, 0.0, 1, 1, 1, 1, 1]}}, {"type": "Feature", "geometry": {"type": "Point", "coordinates": [3.38548, 41.772099]}, "properties": {"var_data": [0.263, -0.31, 0.011, 0.018, 0.343, -0.0, 1, 1, 1, 1, 1]}}, {"type": "Feature", "geometry": {"type": "Point", "coordinates": [3.42082, 41.772099]}, "properties": {"var_data": [0.219, -0.365, 0.008, 0.024, 0.39, -0.0, 1, 1, 1, 1, 1]}}, {"type": "Feature", "geometry": {"type": "Point", "coordinates": [3.45616, 41.772099]}, "properties": {"var_data": [0.188, -0.383, 0.007, 0.026, 0.425, -0.0, 1, 1, 1, 1, 1]}}, {"type": "Feature", "geometry": {"type": "Point", "coordinates": [3.4915, 41.772099]}, "properties": {"var_data": [0.123, -0.379, 0.006, 0.019, 0.435, -0.0, 1, 1, 1, 1, 1]}}, {"type": "Feature", "geometry": {"type": "Point", "coordinates": [3.52684, 41.772099]}, "properties": {"var_data": [0.028, -0.388, 0.007, 0.023, 0.478, -0.0, 1, 1, 1, 1, 1]}}, {"type": "Feature", "geometry": {"type": "Point", "coordinates": [3.56218, 41.772099]}, "properties": {"var_data": [0.021, -0.38, 0.006, 0.02, 0.514, 0.0, 1, 1, 1, 1, 1]}}, {"type": "Feature", "geometry": {"type": "Point", "coordinates": [3.59752, 41.772099]}, "properties": {"var_data": [0.041, -0.423, 0.006, 0.018, 0.579, 0.0, 1, 1, 1, 1, 1]}}, {"type": "Feature", "geometry": {"type": "Point", "coordinates": [3.63286, 41.772099]}, "properties": {"var_data": [0.056, -0.511, 0.007, 0.025, 0.739, 0.0, 1, 1, 1, 1, 1]}}, {"type": "Feature", "geometry": {"type": "Point", "coordinates": [3.6682, 41.772099]}, "properties": {"var_data": [0.078, -0.662, 0.042, 0.073, 1.09, 0.003, 4, 4, 1, 1, 1]}}, {"type": "Feature", "geometry": {"type": "Point", "coordinates": [3.70354, 41.772099]}, "properties": {"var_data": [0.063, -0.708, 0.039, 0.073, 1.186, 0.002, 4, 4, 1, 1, 1]}}, {"type": "Feature", "geometry": {"type": "Point", "coordinates": [3.73888, 41.772099]}, "properties": {"var_data": [0.086, -0.541, 0.046, 0.245, 1.015, -0.005, 1, 1, 1, 1, 1]}}, {"type": "Feature", "geometry": {"type": "Point", "coordinates": [3.77422, 41.772099]}, "properties": {"var_data": [0.163, -0.404, 0.005, 0.014, 0.805, 0.0, 1, 1, 1, 1, 1]}}, {"type": "Feature", "geometry": {"type": "Point", "coordinates": [3.80956, 41.772099]}, "properties": {"var_data": [0.244, -0.365, 0.005, 0.014, 0.773, 0.0, 1, 1, 1, 1, 1]}}, {"type": "Feature", "geometry": {"type": "Point", "coordinates": [3.8449, 41.772099]}, "properties": {"var_data": [0.234, -0.439, 0.005, 0.014, 0.684, 0.0, 1, 1, 1, 1, 1]}}, {"type": "Feature", "geometry": {"type": "Point", "coordinates": [3.88024, 41.772099]}, "properties": {"var_data": [0.278, -0.376, 0.005, 0.015, 0.792, 0.0, 1, 1, 1, 1, 1]}}, {"type": "Feature", "geometry": {"type": "Point", "coordinates": [3.91558, 41.772099]}, "properties": {"var_data": [0.232, -0.391, 0.042, 0.653, 1.405, -0.024, 1, 1, 1, 1, 1]}}, {"type": "Feature", "geometry": {"type": "Point", "coordinates": [3.95092, 41.772099]}, "properties": {"var_data": [0.132, -0.326, 0.023, 0.176, 1.145, -0.001, 1, 1, 1, 1, 1]}}, {"type": "Feature", "geometry": {"type": "Point", "coordinates": [3.98626, 41.772099]}, "properties": {"var_data": [0.191, -0.206, 0.023, 0.182, 1.234, -0.001, 1, 1, 1, 1, 1]}}, {"type": "Feature", "geometry": {"type": "Point", "coordinates": [4.0216, 41.772099]}, "properties": {"var_data": [0.219, -0.317, 0.019, 0.077, 1.209, 0.0, 1, 1, 1, 1, 1]}}, {"type": "Feature", "geometry": {"type": "Point", "coordinates": [4.05694, 41.772099]}, "properties": {"var_data": [0.236, -0.22, 0.039, 0.107, 1.209, 0.003, 1, 1, 1, 1, 1]}}, {"type": "Feature", "geometry": {"type": "Point", "coordinates": [4.09228, 41.772099]}, "properties": {"var_data": [0.27, -0.335, 0.015, 0.036, 1.117, 0.0, 1, 1, 1, 1, 1]}}, {"type": "Feature", "geometry": {"type": "Point", "coordinates": [3.17344, 41.799099]}, "properties": {"var_data": [0.305, -0.253, 0.02, 0.071, 0.534, -0.001, 1, 1, 1, 1, 1]}}, {"type": "Feature", "geometry": {"type": "Point", "coordinates": [3.20878, 41.799099]}, "properties": {"var_data": [0.257, -0.169, 0.009, 0.009, 0.436, 0.0, 1, 1, 1, 1, 1]}}, {"type": "Feature", "geometry": {"type": "Point", "coordinates": [3.24412, 41.799099]}, "properties": {"var_data": [0.182, -0.194, 0.012, 0.008, 0.351, 0.0, 1, 1, 1, 1, 1]}}, {"type": "Feature", "geometry": {"type": "Point", "coordinates": [3.27946, 41.799099]}, "properties": {"var_data": [0.172, -0.22, 0.007, 0.007, 0.336, 0.0, 1, 1, 1, 1, 1]}}, {"type": "Feature", "geometry": {"type": "Point", "coordinates": [3.3148, 41.799099]}, "properties": {"var_data": [0.213, -0.244, 0.007, 0.008, 0.327, -0.0, 1, 1, 1, 1, 1]}}, {"type": "Feature", "geometry": {"type": "Point", "coordinates": [3.35014, 41.799099]}, "properties": {"var_data": [0.247, -0.263, 0.008, 0.014, 0.329, -0.0, 1, 1, 1, 1, 1]}}, {"type": "Feature", "geometry": {"type": "Point", "coordinates": [3.38548, 41.799099]}, "properties": {"var_data": [0.236, -0.259, 0.008, 0.017, 0.349, -0.0, 1, 1, 1, 1, 1]}}, {"type": "Feature", "geometry": {"type": "Point", "coordinates": [3.42082, 41.799099]}, "properties": {"var_data": [0.194, -0.322, 0.007, 0.02, 0.392, -0.0, 1, 1, 1, 1, 1]}}, {"type": "Feature", "geometry": {"type": "Point", "coordinates": [3.45616, 41.799099]}, "properties": {"var_data": [0.148, -0.33, 0.008, 0.023, 0.43, -0.0, 1, 1, 1, 1, 1]}}, {"type": "Feature", "geometry": {"type": "Point", "coordinates": [3.4915, 41.799099]}, "properties": {"var_data": [0.101, -0.306, 0.008, 0.025, 0.417, -0.0, 1, 1, 1, 1, 1]}}, {"type": "Feature", "geometry": {"type": "Point", "coordinates": [3.52684, 41.799099]}, "properties": {"var_data": [0.09, -0.323, 0.009, 0.033, 0.418, -0.0, 1, 1, 1, 1, 1]}}, {"type": "Feature", "geometry": {"type": "Point", "coordinates": [3.56218, 41.799099]}, "properties": {"var_data": [0.033, -0.378, 0.007, 0.032, 0.466, -0.0, 1, 1, 1, 1, 1]}}, {"type": "Feature", "geometry": {"type": "Point", "coordinates": [3.59752, 41.799099]}, "properties": {"var_data": [0.049, -0.403, 0.007, 0.027, 0.558, -0.0, 1, 1, 1, 1, 1]}}, {"type": "Feature", "geometry": {"type": "Point", "coordinates": [3.63286, 41.799099]}, "properties": {"var_data": [0.062, -0.559, 0.009, 0.028, 0.852, 0.0, 1, 1, 1, 1, 1]}}, {"type": "Feature", "geometry": {"type": "Point", "coordinates": [3.6682, 41.799099]}, "properties": {"var_data": [0.073, -0.632, 0.043, 0.077, 1.294, 0.003, 1, 1, 1, 1, 1]}}, {"type": "Feature", "geometry": {"type": "Point", "coordinates": [3.70354, 41.799099]}, "properties": {"var_data": [0.098, -0.778, 0.034, 0.064, 1.261, 0.002, 4, 4, 1, 1, 1]}}, {"type": "Feature", "geometry": {"type": "Point", "coordinates": [3.73888, 41.799099]}, "properties": {"var_data": [0.105, -0.718, 0.069, 0.477, 1.238, -0.027, 4, 4, 1, 1, 1]}}, {"type": "Feature", "geometry": {"type": "Point", "coordinates": [3.77422, 41.799099]}, "properties": {"var_data": [0.191, -0.673, 0.025, 0.408, 1.235, -0.01, 4, 4, 1, 1, 1]}}, {"type": "Feature", "geometry": {"type": "Point", "coordinates": [3.80956, 41.799099]}, "properties": {"var_data": [0.239, -0.465, 0.004, 0.023, 0.773, -0.0, 1, 1, 1, 1, 1]}}, {"type": "Feature", "geometry": {"type": "Point", "coordinates": [3.8449, 41.799099]}, "properties": {"var_data": [0.285, -0.404, 0.004, 0.023, 0.719, -0.0, 1, 1, 1, 1, 1]}}, {"type": "Feature", "geometry": {"type": "Point", "coordinates": [3.88024, 41.799099]}, "properties": {"var_data": [0.266, -0.372, 0.055, 0.381, 1.318, -0.021, 1, 1, 1, 1, 1]}}, {"type": "Feature", "geometry": {"type": "Point", "coordinates": [3.91558, 41.799099]}, "properties": {"var_data": [0.236, -0.249, 0.025, 0.165, 0.804, -0.004, 1, 1, 1, 1, 1]}}, {"type": "Feature", "geometry": {"type": "Point", "coordinates": [3.95092, 41.799099]}, "properties": {"var_data": [0.185, -0.273, 0.022, 0.157, 0.771, -0.001, 1, 1, 1, 1, 1]}}, {"type": "Feature", "geometry": {"type": "Point", "coordinates": [3.98626, 41.799099]}, "properties": {"var_data": [0.215, -0.194, 0.022, 0.165, 0.865, -0.002, 1, 1, 1, 1, 1]}}, {"type": "Feature", "geometry": {"type": "Point", "coordinates": [4.0216, 41.799099]}, "properties": {"var_data": [0.189, -0.181, 0.02, 0.104, 0.799, -0.0, 1, 1, 1, 1, 1]}}, {"type": "Feature", "geometry": {"type": "Point", "coordinates": [4.05694, 41.799099]}, "properties": {"var_data": [0.166, -0.332, 0.036, 0.052, 0.869, 0.001, 1, 1, 1, 1, 1]}}, {"type": "Feature", "geometry": {"type": "Point", "coordinates": [4.09228, 41.799099]}, "properties": {"var_data": [0.225, -0.268, 0.008, 0.034, 0.979, 0.0, 1, 1, 1, 1, 1]}}, {"type": "Feature", "geometry": {"type": "Point", "coordinates": [4.12762, 41.799099]}, "properties": {"var_data": [0.28, -0.33, 0.008, 0.037, 1.262, 0.0, 1, 1, 1, 1, 1]}}, {"type": "Feature", "geometry": {"type": "Point", "coordinates": [3.17344, 41.826099]}, "properties": {"var_data": [0.403, -0.227, 0.056, 0.07, 0.645, -0.004, 1, 1, 1, 1, 1]}}, {"type": "Feature", "geometry": {"type": "Point", "coordinates": [3.20878, 41.826099]}, "properties": {"var_data": [0.125, -0.09, 0.025, 0.009, 0.437, 0.0, 1, 1, 1, 1, 1]}}, {"type": "Feature", "geometry": {"type": "Point", "coordinates": [3.24412, 41.826099]}, "properties": {"var_data": [0.085, -0.135, 0.013, 0.005, 0.386, 0.0, 1, 1, 1, 1, 1]}}, {"type": "Feature", "geometry": {"type": "Point", "coordinates": [3.27946, 41.826099]}, "properties": {"var_data": [0.087, -0.149, 0.007, 0.003, 0.36, 0.0, 1, 1, 1, 1, 1]}}, {"type": "Feature", "geometry": {"type": "Point", "coordinates": [3.3148, 41.826099]}, "properties": {"var_data": [0.161, -0.164, 0.006, 0.005, 0.318, 0.0, 1, 1, 1, 1, 1]}}, {"type": "Feature", "geometry": {"type": "Point", "coordinates": [3.35014, 41.826099]}, "properties": {"var_data": [0.16, -0.214, 0.007, 0.01, 0.319, 0.0, 1, 1, 1, 1, 1]}}, {"type": "Feature", "geometry": {"type": "Point", "coordinates": [3.38548, 41.826099]}, "properties": {"var_data": [0.198, -0.207, 0.006, 0.012, 0.345, -0.0, 1, 1, 1, 1, 1]}}, {"type": "Feature", "geometry": {"type": "Point", "coordinates": [3.42082, 41.826099]}, "properties": {"var_data": [0.139, -0.26, 0.007, 0.018, 0.411, -0.0, 1, 1, 1, 1, 1]}}, {"type": "Feature", "geometry": {"type": "Point", "coordinates": [3.45616, 41.826099]}, "properties": {"var_data": [0.11, -0.286, 0.007, 0.021, 0.42, -0.0, 1, 1, 1, 1, 1]}}, {"type": "Feature", "geometry": {"type": "Point", "coordinates": [3.4915, 41.826099]}, "properties": {"var_data": [0.078, -0.329, 0.008, 0.025, 0.388, -0.0, 1, 1, 1, 1, 1]}}, {"type": "Feature", "geometry": {"type": "Point", "coordinates": [3.52684, 41.826099]}, "properties": {"var_data": [0.075, -0.332, 0.008, 0.028, 0.42, -0.0, 1, 1, 1, 1, 1]}}, {"type": "Feature", "geometry": {"type": "Point", "coordinates": [3.56218, 41.826099]}, "properties": {"var_data": [0.065, -0.353, 0.01, 0.032, 0.523, -0.0, 1, 1, 1, 1, 1]}}, {"type": "Feature", "geometry": {"type": "Point", "coordinates": [3.59752, 41.826099]}, "properties": {"var_data": [0.061, -0.378, 0.01, 0.028, 0.547, -0.0, 1, 1, 1, 1, 1]}}, {"type": "Feature", "geometry": {"type": "Point", "coordinates": [3.63286, 41.826099]}, "properties": {"var_data": [0.089, -0.422, 0.029, 0.04, 0.844, 0.001, 1, 1, 1, 1, 1]}}, {"type": "Feature", "geometry": {"type": "Point", "coordinates": [3.6682, 41.826099]}, "properties": {"var_data": [0.174, -0.826, 0.044, 0.183, 1.757, -0.006, 4, 4, 1, 1, 1]}}, {"type": "Feature", "geometry": {"type": "Point", "coordinates": [3.70354, 41.826099]}, "properties": {"var_data": [0.15, -0.591, 0.04, 0.161, 1.043, -0.004, 1, 1, 1, 1, 1]}}, {"type": "Feature", "geometry": {"type": "Point", "coordinates": [3.73888, 41.826099]}, "properties": {"var_data": [0.202, -0.546, 0.061, 0.26, 0.896, -0.014, 1, 1, 1, 1, 1]}}, {"type": "Feature", "geometry": {"type": "Point", "coordinates": [3.77422, 41.826099]}, "properties": {"var_data": [0.152, -0.547, 0.075, 0.344, 0.943, -0.022, 1, 1, 1, 1, 1]}}, {"type": "Feature", "geometry": {"type": "Point", "coordinates": [3.80956, 41.826099]}, "properties": {"var_data": [0.244, -0.478, 0.058, 0.391, 1.051, -0.022, 1, 1, 1, 1, 1]}}, {"type": "Feature", "geometry": {"type": "Point", "coordinates": [3.8449, 41.826099]}, "properties": {"var_data": [0.324, -0.416, 0.058, 0.391, 1.151, -0.022, 1, 1, 1, 1, 1]}}, {"type": "Feature", "geometry": {"type": "Point", "coordinates": [3.88024, 41.826099]}, "properties": {"var_data": [0.218, -0.323, 0.008, 0.032, 1.022, -0.0, 1, 1, 1, 1, 1]}}, {"type": "Feature", "geometry": {"type": "Point", "coordinates": [3.91558, 41.826099]}, "properties": {"var_data": [0.215, -0.233, 0.008, 0.032, 0.904, -0.0, 1, 1, 1, 1, 1]}}, {"type": "Feature", "geometry": {"type": "Point", "coordinates": [3.95092, 41.826099]}, "properties": {"var_data": [0.209, -0.214, 0.032, 0.145, 0.889, 0.003, 1, 1, 1, 1, 1]}}, {"type": "Feature", "geometry": {"type": "Point", "coordinates": [3.98626, 41.826099]}, "properties": {"var_data": [0.184, -0.287, 0.027, 0.124, 0.737, 0.002, 1, 1, 1, 1, 1]}}, {"type": "Feature", "geometry": {"type": "Point", "coordinates": [4.0216, 41.826099]}, "properties": {"var_data": [0.207, -0.207, 0.028, 0.126, 0.775, 0.002, 1, 1, 1, 1, 1]}}, {"type": "Feature", "geometry": {"type": "Point", "coordinates": [4.05694, 41.826099]}, "properties": {"var_data": [0.199, -0.3, 0.01, 0.039, 0.832, 0.0, 1, 1, 1, 1, 1]}}, {"type": "Feature", "geometry": {"type": "Point", "coordinates": [4.09228, 41.826099]}, "properties": {"var_data": [0.173, -0.409, 0.008, 0.039, 0.951, 0.0, 1, 1, 1, 1, 1]}}, {"type": "Feature", "geometry": {"type": "Point", "coordinates": [4.12762, 41.826099]}, "properties": {"var_data": [0.221, -0.354, 0.009, 0.041, 1.312, 0.0, 1, 1, 1, 1, 1]}}, {"type": "Feature", "geometry": {"type": "Point", "coordinates": [3.17344, 41.8531]}, "properties": {"var_data": [0.489, -0.197, 0.005, 0.002, 0.652, 0.0, 1, 1, 1, 1, 1]}}, {"type": "Feature", "geometry": {"type": "Point", "coordinates": [3.20878, 41.8531]}, "properties": {"var_data": [0.239, 0.012, 0.005, 0.002, 0.443, 0.0, 1, 1, 1, 1, 1]}}, {"type": "Feature", "geometry": {"type": "Point", "coordinates": [3.24412, 41.8531]}, "properties": {"var_data": [0.062, -0.069, 0.012, 0.005, 0.379, 0.0, 1, 1, 1, 1, 1]}}, {"type": "Feature", "geometry": {"type": "Point", "coordinates": [3.27946, 41.8531]}, "properties": {"var_data": [0.139, -0.077, 0.005, 0.003, 0.315, 0.0, 1, 1, 1, 1, 1]}}, {"type": "Feature", "geometry": {"type": "Point", "coordinates": [3.3148, 41.8531]}, "properties": {"var_data": [0.151, -0.098, 0.006, 0.005, 0.307, 0.0, 1, 1, 1, 1, 1]}}, {"type": "Feature", "geometry": {"type": "Point", "coordinates": [3.35014, 41.8531]}, "properties": {"var_data": [0.151, -0.203, 0.005, 0.006, 0.302, 0.0, 1, 1, 1, 1, 1]}}, {"type": "Feature", "geometry": {"type": "Point", "coordinates": [3.38548, 41.8531]}, "properties": {"var_data": [0.124, -0.255, 0.005, 0.011, 0.339, 0.0, 1, 1, 1, 1, 1]}}, {"type": "Feature", "geometry": {"type": "Point", "coordinates": [3.42082, 41.8531]}, "properties": {"var_data": [0.076, -0.296, 0.004, 0.01, 0.357, 0.0, 1, 1, 1, 1, 1]}}, {"type": "Feature", "geometry": {"type": "Point", "coordinates": [3.45616, 41.8531]}, "properties": {"var_data": [0.072, -0.298, 0.005, 0.014, 0.367, -0.0, 1, 1, 1, 1, 1]}}, {"type": "Feature", "geometry": {"type": "Point", "coordinates": [3.4915, 41.8531]}, "properties": {"var_data": [0.059, -0.339, 0.006, 0.016, 0.414, -0.0, 1, 1, 1, 1, 1]}}, {"type": "Feature", "geometry": {"type": "Point", "coordinates": [3.52684, 41.8531]}, "properties": {"var_data": [0.088, -0.346, 0.01, 0.029, 0.462, -0.0, 1, 1, 1, 1, 1]}}, {"type": "Feature", "geometry": {"type": "Point", "coordinates": [3.56218, 41.8531]}, "properties": {"var_data": [0.095, -0.352, 0.041, 0.045, 0.566, 0.001, 1, 1, 1, 1, 1]}}, {"type": "Feature", "geometry": {"type": "Point", "coordinates": [3.59752, 41.8531]}, "properties": {"var_data": [0.046, -0.32, 0.026, 0.037, 0.726, 0.0, 1, 1, 1, 1, 1]}}, {"type": "Feature", "geometry": {"type": "Point", "coordinates": [3.63286, 41.8531]}, "properties": {"var_data": [0.156, -0.399, 0.025, 0.039, 0.945, -0.0, 1, 1, 1, 1, 1]}}, {"type": "Feature", "geometry": {"type": "Point", "coordinates": [3.6682, 41.8531]}, "properties": {"var_data": [0.137, -0.577, 0.027, 0.026, 0.666, 0.0, 1, 1, 1, 1, 1]}}, {"type": "Feature", "geometry": {"type": "Point", "coordinates": [3.70354, 41.8531]}, "properties": {"var_data": [0.121, -0.537, 0.024, 0.024, 0.74, 0.0, 1, 1, 1, 1, 1]}}, {"type": "Feature", "geometry": {"type": "Point", "coordinates": [3.73888, 41.8531]}, "properties": {"var_data": [0.191, -0.49, 0.026, 0.026, 0.777, 0.0, 1, 1, 1, 1, 1]}}, {"type": "Feature", "geometry": {"type": "Point", "coordinates": [3.77422, 41.8531]}, "properties": {"var_data": [0.151, -0.451, 0.063, 0.271, 0.972, -0.014, 1, 1, 1, 1, 1]}}, {"type": "Feature", "geometry": {"type": "Point", "coordinates": [3.80956, 41.8531]}, "properties": {"var_data": [0.243, -0.338, 0.066, 0.441, 1.282, -0.029, 1, 1, 1, 1, 1]}}, {"type": "Feature", "geometry": {"type": "Point", "coordinates": [3.8449, 41.8531]}, "properties": {"var_data": [0.263, -0.272, 0.008, 0.032, 0.923, -0.0, 1, 1, 1, 1, 1]}}, {"type": "Feature", "geometry": {"type": "Point", "coordinates": [3.88024, 41.8531]}, "properties": {"var_data": [0.208, -0.312, 0.008, 0.032, 0.886, -0.0, 1, 1, 1, 1, 1]}}, {"type": "Feature", "geometry": {"type": "Point", "coordinates": [3.91558, 41.8531]}, "properties": {"var_data": [0.225, -0.266, 0.008, 0.032, 0.96, -0.0, 1, 1, 1, 1, 1]}}, {"type": "Feature", "geometry": {"type": "Point", "coordinates": [3.95092, 41.8531]}, "properties": {"var_data": [0.193, -0.291, 0.019, 0.038, 0.789, 0.0, 1, 1, 1, 1, 1]}}, {"type": "Feature", "geometry": {"type": "Point", "coordinates": [3.98626, 41.8531]}, "properties": {"var_data": [0.188, -0.32, 0.027, 0.131, 0.745, 0.002, 1, 1, 1, 1, 1]}}, {"type": "Feature", "geometry": {"type": "Point", "coordinates": [4.0216, 41.8531]}, "properties": {"var_data": [0.21, -0.236, 0.028, 0.133, 0.783, 0.002, 1, 1, 1, 1, 1]}}, {"type": "Feature", "geometry": {"type": "Point", "coordinates": [4.05694, 41.8531]}, "properties": {"var_data": [0.246, -0.222, 0.015, 0.083, 0.911, 0.001, 1, 1, 1, 1, 1]}}, {"type": "Feature", "geometry": {"type": "Point", "coordinates": [4.09228, 41.8531]}, "properties": {"var_data": [0.196, -0.353, 0.009, 0.04, 0.897, 0.0, 1, 1, 1, 1, 1]}}, {"type": "Feature", "geometry": {"type": "Point", "coordinates": [4.12762, 41.8531]}, "properties": {"var_data": [0.297, -0.244, 0.008, 0.038, 1.083, 0.0, 1, 1, 1, 1, 1]}}, {"type": "Feature", "geometry": {"type": "Point", "coordinates": [3.20878, 41.8801]}, "properties": {"var_data": [0.131, 0.087, 0.005, 0.002, 0.427, 0.0, 1, 1, 1, 1, 1]}}, {"type": "Feature", "geometry": {"type": "Point", "coordinates": [3.24412, 41.8801]}, "properties": {"var_data": [0.046, -0.001, 0.006, 0.003, 0.311, 0.0, 1, 1, 1, 1, 1]}}, {"type": "Feature", "geometry": {"type": "Point", "coordinates": [3.27946, 41.8801]}, "properties": {"var_data": [0.139, -0.008, 0.005, 0.003, 0.269, 0.0, 1, 1, 1, 1, 1]}}, {"type": "Feature", "geometry": {"type": "Point", "coordinates": [3.3148, 41.8801]}, "properties": {"var_data": [0.146, -0.062, 0.005, 0.003, 0.27, 0.0, 1, 1, 1, 1, 1]}}, {"type": "Feature", "geometry": {"type": "Point", "coordinates": [3.35014, 41.8801]}, "properties": {"var_data": [0.131, -0.21, 0.004, 0.005, 0.282, 0.0, 1, 1, 1, 1, 1]}}, {"type": "Feature", "geometry": {"type": "Point", "coordinates": [3.38548, 41.8801]}, "properties": {"var_data": [0.109, -0.279, 0.004, 0.01, 0.314, 0.0, 1, 1, 1, 1, 1]}}, {"type": "Feature", "geometry": {"type": "Point", "coordinates": [3.42082, 41.8801]}, "properties": {"var_data": [0.06, -0.326, 0.005, 0.012, 0.36, 0.0, 1, 1, 1, 1, 1]}}, {"type": "Feature", "geometry": {"type": "Point", "coordinates": [3.45616, 41.8801]}, "properties": {"var_data": [0.037, -0.401, 0.006, 0.016, 0.394, 0.0, 1, 1, 1, 1, 1]}}, {"type": "Feature", "geometry": {"type": "Point", "coordinates": [3.4915, 41.8801]}, "properties": {"var_data": [0.046, -0.348, 0.008, 0.021, 0.412, 0.0, 1, 1, 1, 1, 1]}}, {"type": "Feature", "geometry": {"type": "Point", "coordinates": [3.52684, 41.8801]}, "properties": {"var_data": [0.056, -0.345, 0.016, 0.035, 0.475, 0.0, 1, 1, 1, 1, 1]}}, {"type": "Feature", "geometry": {"type": "Point", "coordinates": [3.56218, 41.8801]}, "properties": {"var_data": [0.07, -0.298, 0.026, 0.036, 0.61, 0.0, 1, 1, 1, 1, 1]}}, {"type": "Feature", "geometry": {"type": "Point", "coordinates": [3.59752, 41.8801]}, "properties": {"var_data": [0.021, -0.199, 0.021, 0.035, 0.949, -0.0, 1, 1, 1, 1, 1]}}, {"type": "Feature", "geometry": {"type": "Point", "coordinates": [3.63286, 41.8801]}, "properties": {"var_data": [0.163, -0.454, 0.014, 0.017, 0.641, 0.0, 1, 1, 1, 1, 1]}}, {"type": "Feature", "geometry": {"type": "Point", "coordinates": [3.6682, 41.8801]}, "properties": {"var_data": [0.161, -0.531, 0.014, 0.019, 0.652, 0.0, 1, 1, 1, 1, 1]}}, {"type": "Feature", "geometry": {"type": "Point", "coordinates": [3.70354, 41.8801]}, "properties": {"var_data": [0.319, -0.491, 0.014, 0.019, 0.638, 0.0, 1, 1, 1, 1, 1]}}, {"type": "Feature", "geometry": {"type": "Point", "coordinates": [3.73888, 41.8801]}, "properties": {"var_data": [0.502, -0.366, 0.02, 0.022, 0.682, 0.0, 1, 1, 1, 1, 1]}}, {"type": "Feature", "geometry": {"type": "Point", "coordinates": [3.77422, 41.8801]}, "properties": {"var_data": [0.568, -0.312, 0.024, 0.065, 0.811, -0.0, 1, 1, 1, 1, 1]}}, {"type": "Feature", "geometry": {"type": "Point", "coordinates": [3.80956, 41.8801]}, "properties": {"var_data": [0.49, -0.264, 0.047, 0.084, 0.868, 0.001, 1, 1, 1, 1, 1]}}, {"type": "Feature", "geometry": {"type": "Point", "coordinates": [3.8449, 41.8801]}, "properties": {"var_data": [0.498, -0.126, 0.04, 0.057, 0.999, 0.002, 1, 1, 1, 1, 1]}}, {"type": "Feature", "geometry": {"type": "Point", "coordinates": [3.88024, 41.8801]}, "properties": {"var_data": [0.536, -0.082, 0.008, 0.031, 0.825, -0.0, 1, 1, 1, 1, 1]}}, {"type": "Feature", "geometry": {"type": "Point", "coordinates": [3.91558, 41.8801]}, "properties": {"var_data": [0.366, -0.271, 0.017, 0.038, 0.7, 0.0, 1, 1, 1, 1, 1]}}, {"type": "Feature", "geometry": {"type": "Point", "coordinates": [3.95092, 41.8801]}, "properties": {"var_data": [0.297, -0.267, 0.015, 0.038, 0.7, 0.0, 1, 1, 1, 1, 1]}}, {"type": "Feature", "geometry": {"type": "Point", "coordinates": [3.98626, 41.8801]}, "properties": {"var_data": [0.276, -0.347, 0.018, 0.089, 0.787, 0.0, 1, 1, 1, 1, 1]}}, {"type": "Feature", "geometry": {"type": "Point", "coordinates": [4.0216, 41.8801]}, "properties": {"var_data": [0.28, -0.212, 0.023, 0.155, 0.851, 0.003, 1, 1, 1, 1, 1]}}, {"type": "Feature", "geometry": {"type": "Point", "coordinates": [4.05694, 41.8801]}, "properties": {"var_data": [0.254, -0.205, 0.015, 0.085, 0.863, 0.001, 1, 1, 1, 1, 1]}}, {"type": "Feature", "geometry": {"type": "Point", "coordinates": [4.09228, 41.8801]}, "properties": {"var_data": [0.283, -0.167, 0.015, 0.085, 0.894, 0.001, 1, 1, 1, 1, 1]}}, {"type": "Feature", "geometry": {"type": "Point", "coordinates": [4.12762, 41.8801]}, "properties": {"var_data": [0.361, -0.296, 0.014, 0.074, 1.382, 0.001, 1, 1, 1, 1, 1]}}, {"type": "Feature", "geometry": {"type": "Point", "coordinates": [3.24412, 41.907101]}, "properties": {"var_data": [0.153, 0.106, 0.003, 0.002, 0.275, 0.0, 1, 1, 1, 1, 1]}}, {"type": "Feature", "geometry": {"type": "Point", "coordinates": [3.27946, 41.907101]}, "properties": {"var_data": [0.143, 0.019, 0.004, 0.003, 0.257, 0.0, 1, 1, 1, 1, 1]}}, {"type": "Feature", "geometry": {"type": "Point", "coordinates": [3.3148, 41.907101]}, "properties": {"var_data": [0.148, -0.085, 0.004, 0.005, 0.263, 0.0, 1, 1, 1, 1, 1]}}, {"type": "Feature", "geometry": {"type": "Point", "coordinates": [3.35014, 41.907101]}, "properties": {"var_data": [0.114, -0.23, 0.004, 0.006, 0.276, 0.0, 1, 1, 1, 1, 1]}}, {"type": "Feature", "geometry": {"type": "Point", "coordinates": [3.38548, 41.907101]}, "properties": {"var_data": [0.115, -0.308, 0.004, 0.008, 0.301, 0.0, 1, 1, 1, 1, 1]}}, {"type": "Feature", "geometry": {"type": "Point", "coordinates": [3.42082, 41.907101]}, "properties": {"var_data": [0.088, -0.381, 0.006, 0.014, 0.343, 0.0, 1, 1, 1, 1, 1]}}, {"type": "Feature", "geometry": {"type": "Point", "coordinates": [3.45616, 41.907101]}, "properties": {"var_data": [0.123, -0.402, 0.006, 0.015, 0.348, 0.0, 1, 1, 1, 1, 1]}}, {"type": "Feature", "geometry": {"type": "Point", "coordinates": [3.4915, 41.907101]}, "properties": {"var_data": [0.143, -0.384, 0.01, 0.026, 0.408, 0.0, 1, 1, 1, 1, 1]}}, {"type": "Feature", "geometry": {"type": "Point", "coordinates": [3.52684, 41.907101]}, "properties": {"var_data": [0.144, -0.423, 0.026, 0.068, 0.544, 0.002, 1, 1, 1, 1, 1]}}, {"type": "Feature", "geometry": {"type": "Point", "coordinates": [3.56218, 41.907101]}, "properties": {"var_data": [0.122, -0.412, 0.034, 0.038, 0.672, 0.0, 1, 1, 1, 1, 1]}}, {"type": "Feature", "geometry": {"type": "Point", "coordinates": [3.59752, 41.907101]}, "properties": {"var_data": [0.328, -0.408, 0.027, 0.038, 1.094, -0.0, 1, 1, 1, 1, 1]}}, {"type": "Feature", "geometry": {"type": "Point", "coordinates": [3.63286, 41.907101]}, "properties": {"var_data": [0.459, -0.737, 0.014, 0.019, 0.823, 0.0, 4, 4, 1, 1, 1]}}, {"type": "Feature", "geometry": {"type": "Point", "coordinates": [3.6682, 41.907101]}, "properties": {"var_data": [0.406, -0.524, 0.014, 0.019, 0.644, 0.0, 1, 1, 1, 1, 1]}}, {"type": "Feature", "geometry": {"type": "Point", "coordinates": [3.70354, 41.907101]}, "properties": {"var_data": [0.489, -0.452, 0.013, 0.018, 0.588, 0.0, 1, 1, 1, 1, 1]}}, {"type": "Feature", "geometry": {"type": "Point", "coordinates": [3.73888, 41.907101]}, "properties": {"var_data": [0.584, -0.389, 0.014, 0.019, 0.598, 0.0, 1, 1, 1, 1, 1]}}, {"type": "Feature", "geometry": {"type": "Point", "coordinates": [3.77422, 41.907101]}, "properties": {"var_data": [0.525, -0.37, 0.023, 0.064, 0.72, -0.0, 1, 1, 1, 1, 1]}}, {"type": "Feature", "geometry": {"type": "Point", "coordinates": [3.80956, 41.907101]}, "properties": {"var_data": [0.563, -0.296, 0.02, 0.062, 0.672, -0.0, 1, 1, 1, 1, 1]}}, {"type": "Feature", "geometry": {"type": "Point", "coordinates": [3.8449, 41.907101]}, "properties": {"var_data": [0.552, -0.254, 0.023, 0.173, 0.799, 0.002, 1, 1, 1, 1, 1]}}, {"type": "Feature", "geometry": {"type": "Point", "coordinates": [3.88024, 41.907101]}, "properties": {"var_data": [0.396, -0.263, 0.015, 0.034, 0.71, 0.0, 1, 1, 1, 1, 1]}}, {"type": "Feature", "geometry": {"type": "Point", "coordinates": [3.91558, 41.907101]}, "properties": {"var_data": [0.42, -0.215, 0.017, 0.038, 0.724, 0.0, 1, 1, 1, 1, 1]}}, {"type": "Feature", "geometry": {"type": "Point", "coordinates": [3.95092, 41.907101]}, "properties": {"var_data": [0.381, -0.239, 0.018, 0.038, 0.878, 0.0, 1, 1, 1, 1, 1]}}, {"type": "Feature", "geometry": {"type": "Point", "coordinates": [3.98626, 41.907101]}, "properties": {"var_data": [0.359, -0.248, 0.015, 0.092, 0.849, 0.001, 1, 1, 1, 1, 1]}}, {"type": "Feature", "geometry": {"type": "Point", "coordinates": [4.0216, 41.907101]}, "properties": {"var_data": [0.303, -0.296, 0.015, 0.088, 0.874, 0.001, 1, 1, 1, 1, 1]}}, {"type": "Feature", "geometry": {"type": "Point", "coordinates": [4.05694, 41.907101]}, "properties": {"var_data": [0.388, -0.084, 0.028, 0.242, 1.12, 0.005, 1, 1, 1, 1, 1]}}, {"type": "Feature", "geometry": {"type": "Point", "coordinates": [4.09228, 41.907101]}, "properties": {"var_data": [0.382, 0.017, 0.029, 0.261, 1.461, 0.006, 1, 1, 1, 1, 1]}}, {"type": "Feature", "geometry": {"type": "Point", "coordinates": [4.12762, 41.907101]}, "properties": {"var_data": [0.434, -0.05, 0.03, 0.272, 1.777, 0.006, 1, 1, 1, 1, 1]}}, {"type": "Feature", "geometry": {"type": "Point", "coordinates": [3.24412, 41.934101]}, "properties": {"var_data": [0.25, 0.164, 0.002, 0.003, 0.223, 0.0, 1, 1, 1, 1, 1]}}, {"type": "Feature", "geometry": {"type": "Point", "coordinates": [3.27946, 41.934101]}, "properties": {"var_data": [0.227, 0.095, 0.002, 0.003, 0.21, 0.0, 1, 1, 1, 1, 1]}}, {"type": "Feature", "geometry": {"type": "Point", "coordinates": [3.3148, 41.934101]}, "properties": {"var_data": [0.174, -0.125, 0.003, 0.005, 0.24, 0.0, 1, 1, 1, 1, 1]}}, {"type": "Feature", "geometry": {"type": "Point", "coordinates": [3.35014, 41.934101]}, "properties": {"var_data": [0.141, -0.256, 0.004, 0.007, 0.273, 0.0, 1, 1, 1, 1, 1]}}, {"type": "Feature", "geometry": {"type": "Point", "coordinates": [3.38548, 41.934101]}, "properties": {"var_data": [0.137, -0.326, 0.003, 0.007, 0.3, 0.0, 1, 1, 1, 1, 1]}}, {"type": "Feature", "geometry": {"type": "Point", "coordinates": [3.42082, 41.934101]}, "properties": {"var_data": [0.146, -0.356, 0.003, 0.008, 0.301, 0.0, 1, 1, 1, 1, 1]}}, {"type": "Feature", "geometry": {"type": "Point", "coordinates": [3.45616, 41.934101]}, "properties": {"var_data": [0.194, -0.32, 0.007, 0.017, 0.365, 0.0, 1, 1, 1, 1, 1]}}, {"type": "Feature", "geometry": {"type": "Point", "coordinates": [3.4915, 41.934101]}, "properties": {"var_data": [0.266, -0.371, 0.01, 0.025, 0.423, 0.0, 1, 1, 1, 1, 1]}}, {"type": "Feature", "geometry": {"type": "Point", "coordinates": [3.52684, 41.934101]}, "properties": {"var_data": [0.301, -0.445, 0.035, 0.065, 0.5, -0.002, 1, 1, 1, 1, 1]}}, {"type": "Feature", "geometry": {"type": "Point", "coordinates": [3.56218, 41.934101]}, "properties": {"var_data": [0.79, -1.517, 0.056, 0.105, 1.398, -0.006, 4, 4, 1, 1, 4]}}, {"type": "Feature", "geometry": {"type": "Point", "coordinates": [3.59752, 41.934101]}, "properties": {"var_data": [0.916, -2.384, 0.023, 0.087, 1.751, -0.001, 4, 4, 1, 1, 4]}}, {"type": "Feature", "geometry": {"type": "Point", "coordinates": [3.63286, 41.934101]}, "properties": {"var_data": [0.656, -1.069, 0.021, 0.068, 0.94, -0.001, 4, 4, 1, 1, 1]}}, {"type": "Feature", "geometry": {"type": "Point", "coordinates": [3.6682, 41.934101]}, "properties": {"var_data": [0.568, -0.682, 0.002, 0.017, 0.593, 0.0, 4, 4, 1, 1, 1]}}, {"type": "Feature", "geometry": {"type": "Point", "coordinates": [3.70354, 41.934101]}, "properties": {"var_data": [0.641, -0.476, 0.002, 0.017, 0.528, 0.0, 1, 1, 1, 1, 1]}}, {"type": "Feature", "geometry": {"type": "Point", "coordinates": [3.73888, 41.934101]}, "properties": {"var_data": [0.667, -0.336, 0.002, 0.018, 0.52, 0.0, 4, 4, 1, 1, 1]}}, {"type": "Feature", "geometry": {"type": "Point", "coordinates": [3.77422, 41.934101]}, "properties": {"var_data": [0.72, -0.199, 0.021, 0.064, 0.689, -0.0, 4, 4, 1, 1, 1]}}, {"type": "Feature", "geometry": {"type": "Point", "coordinates": [3.80956, 41.934101]}, "properties": {"var_data": [0.604, -0.29, 0.017, 0.058, 0.653, -0.0, 1, 1, 1, 1, 1]}}, {"type": "Feature", "geometry": {"type": "Point", "coordinates": [3.8449, 41.934101]}, "properties": {"var_data": [0.535, -0.262, 0.017, 0.083, 0.712, 0.0, 1, 1, 1, 1, 1]}}, {"type": "Feature", "geometry": {"type": "Point", "coordinates": [3.88024, 41.934101]}, "properties": {"var_data": [0.426, -0.278, 0.017, 0.076, 0.659, -0.0, 1, 1, 1, 1, 1]}}, {"type": "Feature", "geometry": {"type": "Point", "coordinates": [3.91558, 41.934101]}, "properties": {"var_data": [0.41, -0.334, 0.016, 0.072, 0.72, -0.0, 1, 1, 1, 1, 1]}}, {"type": "Feature", "geometry": {"type": "Point", "coordinates": [3.95092, 41.934101]}, "properties": {"var_data": [0.346, -0.307, 0.018, 0.086, 0.708, -0.0, 1, 1, 1, 1, 1]}}, {"type": "Feature", "geometry": {"type": "Point", "coordinates": [3.98626, 41.934101]}, "properties": {"var_data": [0.239, -0.391, 0.005, 0.06, 0.758, -0.0, 1, 1, 1, 1, 1]}}, {"type": "Feature", "geometry": {"type": "Point", "coordinates": [4.0216, 41.934101]}, "properties": {"var_data": [0.308, -0.232, 0.004, 0.169, 0.96, 0.0, 1, 1, 1, 1, 1]}}, {"type": "Feature", "geometry": {"type": "Point", "coordinates": [4.05694, 41.934101]}, "properties": {"var_data": [0.333, -0.26, 0.004, 0.171, 1.052, 0.0, 1, 1, 1, 1, 1]}}, {"type": "Feature", "geometry": {"type": "Point", "coordinates": [4.09228, 41.934101]}, "properties": {"var_data": [0.372, -0.144, 0.006, 0.18, 1.208, 0.001, 1, 1, 1, 1, 1]}}, {"type": "Feature", "geometry": {"type": "Point", "coordinates": [4.12762, 41.934101]}, "properties": {"var_data": [0.416, -0.238, 0.006, 0.219, 1.395, 0.001, 1, 1, 1, 1, 1]}}, {"type": "Feature", "geometry": {"type": "Point", "coordinates": [3.24412, 41.961102]}, "properties": {"var_data": [0.325, 0.275, 0.002, 0.003, 0.197, 0.0, 1, 1, 1, 1, 1]}}, {"type": "Feature", "geometry": {"type": "Point", "coordinates": [3.27946, 41.961102]}, "properties": {"var_data": [0.29, 0.134, 0.002, 0.004, 0.194, 0.0, 1, 1, 1, 1, 1]}}, {"type": "Feature", "geometry": {"type": "Point", "coordinates": [3.3148, 41.961102]}, "properties": {"var_data": [0.25, -0.086, 0.002, 0.006, 0.229, -0.0, 1, 1, 1, 1, 1]}}, {"type": "Feature", "geometry": {"type": "Point", "coordinates": [3.35014, 41.961102]}, "properties": {"var_data": [0.187, -0.183, 0.002, 0.006, 0.262, -0.0, 1, 1, 1, 1, 1]}}, {"type": "Feature", "geometry": {"type": "Point", "coordinates": [3.38548, 41.961102]}, "properties": {"var_data": [0.195, -0.262, 0.003, 0.007, 0.3, -0.0, 1, 1, 1, 1, 1]}}, {"type": "Feature", "geometry": {"type": "Point", "coordinates": [3.42082, 41.961102]}, "properties": {"var_data": [0.205, -0.288, 0.003, 0.008, 0.321, -0.0, 1, 1, 1, 1, 1]}}, {"type": "Feature", "geometry": {"type": "Point", "coordinates": [3.45616, 41.961102]}, "properties": {"var_data": [0.271, -0.357, 0.005, 0.013, 0.378, -0.0, 1, 1, 1, 1, 1]}}, {"type": "Feature", "geometry": {"type": "Point", "coordinates": [3.4915, 41.961102]}, "properties": {"var_data": [0.304, -0.39, 0.015, 0.026, 0.382, -0.0, 1, 1, 1, 1, 1]}}, {"type": "Feature", "geometry": {"type": "Point", "coordinates": [3.52684, 41.961102]}, "properties": {"var_data": [0.365, -0.44, 0.019, 0.041, 0.524, -0.001, 1, 1, 1, 1, 1]}}, {"type": "Feature", "geometry": {"type": "Point", "coordinates": [3.56218, 41.961102]}, "properties": {"var_data": [0.797, -1.52, 0.035, 0.069, 1.24, -0.002, 4, 4, 1, 1, 4]}}, {"type": "Feature", "geometry": {"type": "Point", "coordinates": [3.59752, 41.961102]}, "properties": {"var_data": [0.913, -1.769, 0.022, 0.046, 1.218, -0.001, 4, 4, 1, 1, 4]}}, {"type": "Feature", "geometry": {"type": "Point", "coordinates": [3.63286, 41.961102]}, "properties": {"var_data": [0.696, -0.638, 0.002, 0.019, 0.768, 0.0, 4, 4, 1, 1, 1]}}, {"type": "Feature", "geometry": {"type": "Point", "coordinates": [3.6682, 41.961102]}, "properties": {"var_data": [0.707, -0.924, 0.002, 0.029, 0.726, -0.0, 4, 4, 1, 1, 1]}}, {"type": "Feature", "geometry": {"type": "Point", "coordinates": [3.70354, 41.961102]}, "properties": {"var_data": [0.626, -0.598, 0.002, 0.029, 0.587, -0.0, 4, 4, 1, 1, 1]}}, {"type": "Feature", "geometry": {"type": "Point", "coordinates": [3.73888, 41.961102]}, "properties": {"var_data": [0.642, -0.369, 0.002, 0.032, 0.501, -0.0, 1, 1, 1, 1, 1]}}, {"type": "Feature", "geometry": {"type": "Point", "coordinates": [3.77422, 41.961102]}, "properties": {"var_data": [0.596, -0.353, 0.018, 0.051, 0.56, -0.0, 1, 1, 1, 1, 1]}}, {"type": "Feature", "geometry": {"type": "Point", "coordinates": [3.80956, 41.961102]}, "properties": {"var_data": [0.581, -0.379, 0.024, 0.097, 0.773, -0.001, 1, 1, 1, 1, 1]}}, {"type": "Feature", "geometry": {"type": "Point", "coordinates": [3.8449, 41.961102]}, "properties": {"var_data": [0.472, -0.357, 0.024, 0.091, 0.727, -0.001, 1, 1, 1, 1, 1]}}, {"type": "Feature", "geometry": {"type": "Point", "coordinates": [3.88024, 41.961102]}, "properties": {"var_data": [0.444, -0.492, 0.016, 0.078, 0.948, -0.0, 1, 1, 1, 1, 1]}}, {"type": "Feature", "geometry": {"type": "Point", "coordinates": [3.91558, 41.961102]}, "properties": {"var_data": [0.421, -0.281, 0.017, 0.08, 0.819, -0.0, 1, 1, 1, 1, 1]}}, {"type": "Feature", "geometry": {"type": "Point", "coordinates": [3.95092, 41.961102]}, "properties": {"var_data": [0.306, -0.373, 0.004, 0.053, 0.683, -0.0, 1, 1, 1, 1, 1]}}, {"type": "Feature", "geometry": {"type": "Point", "coordinates": [3.98626, 41.961102]}, "properties": {"var_data": [0.3, -0.271, 0.005, 0.065, 0.98, -0.0, 1, 1, 1, 1, 1]}}, {"type": "Feature", "geometry": {"type": "Point", "coordinates": [4.0216, 41.961102]}, "properties": {"var_data": [0.243, -0.432, 0.004, 0.066, 1.0, 0.0, 1, 1, 1, 1, 1]}}, {"type": "Feature", "geometry": {"type": "Point", "coordinates": [4.05694, 41.961102]}, "properties": {"var_data": [0.315, -0.447, 0.004, 0.192, 1.044, 0.0, 1, 1, 1, 1, 1]}}, {"type": "Feature", "geometry": {"type": "Point", "coordinates": [4.09228, 41.961102]}, "properties": {"var_data": [0.371, -0.343, 0.006, 0.259, 1.26, 0.001, 1, 1, 1, 1, 1]}}, {"type": "Feature", "geometry": {"type": "Point", "coordinates": [4.12762, 41.961102]}, "properties": {"var_data": [0.394, -0.527, 0.006, 0.308, 1.911, 0.001, 1, 1, 1, 1, 1]}}, {"type": "Feature", "geometry": {"type": "Point", "coordinates": [3.24412, 41.988098]}, "properties": {"var_data": [0.349, 0.316, 0.002, 0.004, 0.202, -0.0, 1, 0, 1, 1, 1]}}, {"type": "Feature", "geometry": {"type": "Point", "coordinates": [3.27946, 41.988098]}, "properties": {"var_data": [0.368, 0.179, 0.002, 0.006, 0.211, -0.0, 1, 1, 1, 1, 1]}}, {"type": "Feature", "geometry": {"type": "Point", "coordinates": [3.3148, 41.988098]}, "properties": {"var_data": [0.308, 0.035, 0.003, 0.009, 0.249, -0.0, 1, 1, 1, 1, 1]}}, {"type": "Feature", "geometry": {"type": "Point", "coordinates": [3.35014, 41.988098]}, "properties": {"var_data": [0.207, -0.046, 0.003, 0.008, 0.278, -0.0, 1, 1, 1, 1, 1]}}, {"type": "Feature", "geometry": {"type": "Point", "coordinates": [3.38548, 41.988098]}, "properties": {"var_data": [0.208, -0.169, 0.003, 0.008, 0.291, -0.0, 1, 1, 1, 1, 1]}}, {"type": "Feature", "geometry": {"type": "Point", "coordinates": [3.42082, 41.988098]}, "properties": {"var_data": [0.185, -0.213, 0.003, 0.008, 0.33, -0.0, 1, 1, 1, 1, 1]}}, {"type": "Feature", "geometry": {"type": "Point", "coordinates": [3.45616, 41.988098]}, "properties": {"var_data": [0.223, -0.318, 0.004, 0.012, 0.364, -0.0, 1, 1, 1, 1, 1]}}, {"type": "Feature", "geometry": {"type": "Point", "coordinates": [3.4915, 41.988098]}, "properties": {"var_data": [0.29, -0.381, 0.009, 0.019, 0.417, -0.0, 1, 1, 1, 1, 1]}}, {"type": "Feature", "geometry": {"type": "Point", "coordinates": [3.52684, 41.988098]}, "properties": {"var_data": [0.294, -0.449, 0.016, 0.028, 0.769, -0.0, 1, 1, 1, 1, 1]}}, {"type": "Feature", "geometry": {"type": "Point", "coordinates": [3.56218, 41.988098]}, "properties": {"var_data": [0.531, -0.764, 0.022, 0.049, 0.803, -0.001, 4, 4, 1, 1, 1]}}, {"type": "Feature", "geometry": {"type": "Point", "coordinates": [3.59752, 41.988098]}, "properties": {"var_data": [0.582, -0.795, 0.009, 0.016, 0.875, -0.0, 4, 4, 1, 1, 1]}}, {"type": "Feature", "geometry": {"type": "Point", "coordinates": [3.63286, 41.988098]}, "properties": {"var_data": [0.597, -0.752, 0.002, 0.018, 0.683, 0.0, 4, 4, 1, 1, 1]}}, {"type": "Feature", "geometry": {"type": "Point", "coordinates": [3.6682, 41.988098]}, "properties": {"var_data": [0.519, -0.517, 0.002, 0.016, 0.561, 0.0, 4, 4, 1, 1, 1]}}, {"type": "Feature", "geometry": {"type": "Point", "coordinates": [3.70354, 41.988098]}, "properties": {"var_data": [0.514, -0.465, 0.002, 0.024, 0.55, -0.0, 4, 4, 1, 1, 1]}}, {"type": "Feature", "geometry": {"type": "Point", "coordinates": [3.73888, 41.988098]}, "properties": {"var_data": [0.554, -0.227, 0.002, 0.027, 0.55, -0.0, 1, 1, 1, 1, 1]}}, {"type": "Feature", "geometry": {"type": "Point", "coordinates": [3.77422, 41.988098]}, "properties": {"var_data": [0.495, -0.31, 0.031, 0.08, 0.608, -0.002, 1, 1, 1, 1, 1]}}, {"type": "Feature", "geometry": {"type": "Point", "coordinates": [3.80956, 41.988098]}, "properties": {"var_data": [0.427, -0.347, 0.033, 0.089, 0.659, -0.003, 1, 1, 1, 1, 1]}}, {"type": "Feature", "geometry": {"type": "Point", "coordinates": [3.8449, 41.988098]}, "properties": {"var_data": [0.397, -0.771, 0.053, 0.136, 2.275, -0.007, 4, 4, 4, 1, 1]}}, {"type": "Feature", "geometry": {"type": "Point", "coordinates": [3.88024, 41.988098]}, "properties": {"var_data": [0.309, -0.393, 0.037, 0.115, 1.206, -0.003, 1, 1, 1, 1, 1]}}, {"type": "Feature", "geometry": {"type": "Point", "coordinates": [3.91558, 41.988098]}, "properties": {"var_data": [0.269, -0.327, 0.034, 0.106, 1.001, -0.003, 1, 1, 1, 1, 1]}}, {"type": "Feature", "geometry": {"type": "Point", "coordinates": [3.95092, 41.988098]}, "properties": {"var_data": [0.287, -0.57, 0.05, 0.163, 0.891, -0.008, 1, 1, 1, 1, 1]}}, {"type": "Feature", "geometry": {"type": "Point", "coordinates": [3.98626, 41.988098]}, "properties": {"var_data": [0.247, -0.577, 0.005, 0.064, 0.815, -0.0, 1, 1, 1, 1, 1]}}, {"type": "Feature", "geometry": {"type": "Point", "coordinates": [4.0216, 41.988098]}, "properties": {"var_data": [0.249, -0.563, 0.003, 0.044, 0.896, -0.0, 1, 1, 1, 1, 1]}}, {"type": "Feature", "geometry": {"type": "Point", "coordinates": [4.05694, 41.988098]}, "properties": {"var_data": [0.28, -0.655, 0.003, 0.052, 0.954, -0.0, 1, 1, 1, 1, 1]}}, {"type": "Feature", "geometry": {"type": "Point", "coordinates": [4.09228, 41.988098]}, "properties": {"var_data": [0.339, -0.662, 0.005, 0.067, 1.067, -0.0, 1, 1, 1, 1, 1]}}, {"type": "Feature", "geometry": {"type": "Point", "coordinates": [4.12762, 41.988098]}, "properties": {"var_data": [0.323, -0.309, 0.005, 0.155, 1.119, 0.0, 1, 1, 1, 1, 1]}}, {"type": "Feature", "geometry": {"type": "Point", "coordinates": [3.24412, 42.015099]}, "properties": {"var_data": [0.392, 0.312, 0.003, 0.006, 0.241, -0.0, 1, 0, 1, 1, 1]}}, {"type": "Feature", "geometry": {"type": "Point", "coordinates": [3.27946, 42.015099]}, "properties": {"var_data": [0.367, 0.237, 0.003, 0.007, 0.237, -0.0, 1, 0, 1, 1, 1]}}, {"type": "Feature", "geometry": {"type": "Point", "coordinates": [3.3148, 42.015099]}, "properties": {"var_data": [0.323, 0.117, 0.004, 0.009, 0.253, -0.0, 1, 1, 1, 1, 1]}}, {"type": "Feature", "geometry": {"type": "Point", "coordinates": [3.35014, 42.015099]}, "properties": {"var_data": [0.238, 0.092, 0.004, 0.01, 0.268, -0.0, 1, 1, 1, 1, 1]}}, {"type": "Feature", "geometry": {"type": "Point", "coordinates": [3.38548, 42.015099]}, "properties": {"var_data": [0.154, 0.016, 0.004, 0.01, 0.292, -0.0, 1, 1, 1, 1, 1]}}, {"type": "Feature", "geometry": {"type": "Point", "coordinates": [3.42082, 42.015099]}, "properties": {"var_data": [0.16, -0.073, 0.004, 0.011, 0.335, -0.0, 1, 1, 1, 1, 1]}}, {"type": "Feature", "geometry": {"type": "Point", "coordinates": [3.45616, 42.015099]}, "properties": {"var_data": [0.172, -0.182, 0.007, 0.015, 0.4, -0.0, 1, 1, 1, 1, 1]}}, {"type": "Feature", "geometry": {"type": "Point", "coordinates": [3.4915, 42.015099]}, "properties": {"var_data": [0.212, -0.278, 0.007, 0.014, 0.423, -0.0, 1, 1, 1, 1, 1]}}, {"type": "Feature", "geometry": {"type": "Point", "coordinates": [3.52684, 42.015099]}, "properties": {"var_data": [0.316, -0.488, 0.014, 0.025, 0.81, -0.0, 1, 1, 1, 1, 1]}}, {"type": "Feature", "geometry": {"type": "Point", "coordinates": [3.56218, 42.015099]}, "properties": {"var_data": [0.367, -0.527, 0.017, 0.042, 0.81, -0.001, 4, 4, 1, 1, 1]}}, {"type": "Feature", "geometry": {"type": "Point", "coordinates": [3.59752, 42.015099]}, "properties": {"var_data": [0.399, -0.404, 0.007, 0.016, 0.558, -0.0, 1, 1, 1, 1, 1]}}, {"type": "Feature", "geometry": {"type": "Point", "coordinates": [3.63286, 42.015099]}, "properties": {"var_data": [0.372, -0.34, 0.006, 0.016, 0.525, -0.0, 1, 1, 1, 1, 1]}}, {"type": "Feature", "geometry": {"type": "Point", "coordinates": [3.6682, 42.015099]}, "properties": {"var_data": [0.381, -0.373, 0.002, 0.013, 0.454, -0.0, 1, 1, 1, 1, 1]}}, {"type": "Feature", "geometry": {"type": "Point", "coordinates": [3.70354, 42.015099]}, "properties": {"var_data": [0.4, -0.298, 0.002, 0.013, 0.442, -0.0, 1, 1, 1, 1, 1]}}, {"type": "Feature", "geometry": {"type": "Point", "coordinates": [3.73888, 42.015099]}, "properties": {"var_data": [0.476, -0.355, 0.01, 0.038, 0.587, -0.0, 1, 1, 1, 1, 1]}}, {"type": "Feature", "geometry": {"type": "Point", "coordinates": [3.77422, 42.015099]}, "properties": {"var_data": [0.404, -0.296, 0.011, 0.041, 0.582, -0.0, 1, 1, 1, 1, 1]}}, {"type": "Feature", "geometry": {"type": "Point", "coordinates": [3.80956, 42.015099]}, "properties": {"var_data": [0.335, -0.296, 0.023, 0.081, 0.848, -0.002, 1, 1, 1, 1, 1]}}, {"type": "Feature", "geometry": {"type": "Point", "coordinates": [3.8449, 42.015099]}, "properties": {"var_data": [0.332, -0.465, 0.014, 0.071, 1.317, -0.001, 1, 1, 1, 1, 1]}}, {"type": "Feature", "geometry": {"type": "Point", "coordinates": [3.88024, 42.015099]}, "properties": {"var_data": [0.275, -0.42, 0.013, 0.07, 2.399, -0.001, 4, 1, 4, 1, 1]}}, {"type": "Feature", "geometry": {"type": "Point", "coordinates": [3.91558, 42.015099]}, "properties": {"var_data": [0.374, -0.777, 0.044, 0.263, 1.516, -0.012, 4, 4, 1, 1, 1]}}, {"type": "Feature", "geometry": {"type": "Point", "coordinates": [3.95092, 42.015099]}, "properties": {"var_data": [0.269, -0.481, 0.029, 0.132, 0.921, -0.004, 1, 1, 1, 1, 1]}}, {"type": "Feature", "geometry": {"type": "Point", "coordinates": [3.98626, 42.015099]}, "properties": {"var_data": [0.239, -0.607, 0.008, 0.086, 0.89, -0.001, 1, 1, 1, 1, 1]}}, {"type": "Feature", "geometry": {"type": "Point", "coordinates": [4.0216, 42.015099]}, "properties": {"var_data": [0.242, -0.71, 0.004, 0.047, 0.941, -0.0, 1, 1, 1, 1, 1]}}, {"type": "Feature", "geometry": {"type": "Point", "coordinates": [4.05694, 42.015099]}, "properties": {"var_data": [0.302, -0.625, 0.004, 0.061, 0.884, -0.0, 1, 1, 1, 1, 1]}}, {"type": "Feature", "geometry": {"type": "Point", "coordinates": [4.09228, 42.015099]}, "properties": {"var_data": [0.323, -0.521, 0.004, 0.06, 0.913, -0.0, 1, 1, 1, 1, 1]}}, {"type": "Feature", "geometry": {"type": "Point", "coordinates": [4.12762, 42.015099]}, "properties": {"var_data": [0.308, -0.416, 0.016, 0.198, 0.987, -0.003, 1, 1, 1, 1, 1]}}, {"type": "Feature", "geometry": {"type": "Point", "coordinates": [3.24412, 42.042099]}, "properties": {"var_data": [0.408, 0.334, 0.012, 0.006, 0.356, -0.0, 1, 0, 1, 1, 1]}}, {"type": "Feature", "geometry": {"type": "Point", "coordinates": [3.27946, 42.042099]}, "properties": {"var_data": [0.38, 0.269, 0.008, 0.007, 0.301, -0.0, 1, 0, 1, 1, 1]}}, {"type": "Feature", "geometry": {"type": "Point", "coordinates": [3.3148, 42.042099]}, "properties": {"var_data": [0.377, 0.138, 0.006, 0.009, 0.284, -0.0, 1, 0, 1, 1, 1]}}, {"type": "Feature", "geometry": {"type": "Point", "coordinates": [3.35014, 42.042099]}, "properties": {"var_data": [0.288, 0.113, 0.005, 0.009, 0.271, -0.0, 1, 1, 1, 1, 1]}}, {"type": "Feature", "geometry": {"type": "Point", "coordinates": [3.38548, 42.042099]}, "properties": {"var_data": [0.247, 0.104, 0.005, 0.01, 0.293, -0.0, 1, 1, 1, 1, 1]}}, {"type": "Feature", "geometry": {"type": "Point", "coordinates": [3.42082, 42.042099]}, "properties": {"var_data": [0.274, 0.085, 0.006, 0.012, 0.342, -0.0, 1, 1, 1, 1, 1]}}, {"type": "Feature", "geometry": {"type": "Point", "coordinates": [3.45616, 42.042099]}, "properties": {"var_data": [0.232, 0.006, 0.006, 0.012, 0.403, -0.0, 1, 1, 1, 1, 1]}}, {"type": "Feature", "geometry": {"type": "Point", "coordinates": [3.4915, 42.042099]}, "properties": {"var_data": [0.259, -0.178, 0.009, 0.015, 0.537, -0.0, 1, 1, 1, 1, 1]}}, {"type": "Feature", "geometry": {"type": "Point", "coordinates": [3.52684, 42.042099]}, "properties": {"var_data": [0.243, -0.218, 0.009, 0.02, 0.654, -0.0, 1, 1, 1, 1, 1]}}, {"type": "Feature", "geometry": {"type": "Point", "coordinates": [3.56218, 42.042099]}, "properties": {"var_data": [0.204, -0.242, 0.009, 0.02, 0.543, -0.0, 1, 1, 1, 1, 1]}}, {"type": "Feature", "geometry": {"type": "Point", "coordinates": [3.59752, 42.042099]}, "properties": {"var_data": [0.271, -0.296, 0.006, 0.015, 0.461, -0.0, 1, 1, 1, 1, 1]}}, {"type": "Feature", "geometry": {"type": "Point", "coordinates": [3.63286, 42.042099]}, "properties": {"var_data": [0.26, -0.274, 0.006, 0.015, 0.455, -0.0, 1, 1, 1, 1, 1]}}, {"type": "Feature", "geometry": {"type": "Point", "coordinates": [3.6682, 42.042099]}, "properties": {"var_data": [0.27, -0.314, 0.005, 0.014, 0.448, -0.0, 1, 1, 1, 1, 1]}}, {"type": "Feature", "geometry": {"type": "Point", "coordinates": [3.70354, 42.042099]}, "properties": {"var_data": [0.326, -0.297, 0.007, 0.024, 0.487, -0.0, 1, 1, 1, 1, 1]}}, {"type": "Feature", "geometry": {"type": "Point", "coordinates": [3.73888, 42.042099]}, "properties": {"var_data": [0.362, -0.261, 0.007, 0.015, 0.497, -0.0, 1, 1, 1, 1, 1]}}, {"type": "Feature", "geometry": {"type": "Point", "coordinates": [3.77422, 42.042099]}, "properties": {"var_data": [0.334, -0.312, 0.009, 0.02, 0.585, -0.0, 1, 1, 1, 1, 1]}}, {"type": "Feature", "geometry": {"type": "Point", "coordinates": [3.80956, 42.042099]}, "properties": {"var_data": [0.265, -0.304, 0.019, 0.036, 0.655, -0.001, 1, 1, 1, 1, 1]}}, {"type": "Feature", "geometry": {"type": "Point", "coordinates": [3.8449, 42.042099]}, "properties": {"var_data": [0.241, -0.341, 0.013, 0.062, 0.866, -0.001, 1, 1, 1, 1, 1]}}, {"type": "Feature", "geometry": {"type": "Point", "coordinates": [3.88024, 42.042099]}, "properties": {"var_data": [0.287, -0.438, 0.013, 0.071, 1.312, -0.001, 1, 1, 1, 1, 1]}}, {"type": "Feature", "geometry": {"type": "Point", "coordinates": [3.91558, 42.042099]}, "properties": {"var_data": [0.308, -0.686, 0.077, 0.461, 1.75, -0.036, 1, 1, 1, 1, 1]}}, {"type": "Feature", "geometry": {"type": "Point", "coordinates": [3.95092, 42.042099]}, "properties": {"var_data": [0.298, -0.713, 0.053, 0.316, 1.163, -0.017, 1, 0, 1, 1, 1]}}, {"type": "Feature", "geometry": {"type": "Point", "coordinates": [3.98626, 42.042099]}, "properties": {"var_data": [0.28, -0.67, 0.054, 0.174, 0.937, -0.009, 1, 1, 1, 1, 1]}}, {"type": "Feature", "geometry": {"type": "Point", "coordinates": [4.0216, 42.042099]}, "properties": {"var_data": [0.315, -0.603, 0.009, 0.115, 0.897, -0.001, 1, 1, 1, 1, 1]}}, {"type": "Feature", "geometry": {"type": "Point", "coordinates": [4.05694, 42.042099]}, "properties": {"var_data": [0.319, -0.629, 0.004, 0.033, 0.773, -0.0, 1, 1, 1, 1, 1]}}, {"type": "Feature", "geometry": {"type": "Point", "coordinates": [4.09228, 42.042099]}, "properties": {"var_data": [0.338, -0.561, 0.007, 0.064, 0.951, -0.0, 1, 1, 1, 1, 1]}}, {"type": "Feature", "geometry": {"type": "Point", "coordinates": [4.12762, 42.042099]}, "properties": {"var_data": [0.304, -0.389, 0.012, 0.08, 0.88, -0.001, 1, 1, 1, 1, 1]}}, {"type": "Feature", "geometry": {"type": "Point", "coordinates": [3.24412, 42.069099]}, "properties": {"var_data": [0.438, 0.337, 0.015, 0.004, 0.468, -0.0, 1, 0, 1, 1, 1]}}, {"type": "Feature", "geometry": {"type": "Point", "coordinates": [3.27946, 42.069099]}, "properties": {"var_data": [0.419, 0.259, 0.015, 0.006, 0.355, -0.0, 1, 0, 1, 1, 1]}}, {"type": "Feature", "geometry": {"type": "Point", "coordinates": [3.3148, 42.069099]}, "properties": {"var_data": [0.419, 0.159, 0.008, 0.007, 0.306, -0.0, 1, 0, 1, 1, 1]}}, {"type": "Feature", "geometry": {"type": "Point", "coordinates": [3.35014, 42.069099]}, "properties": {"var_data": [0.392, 0.113, 0.007, 0.007, 0.29, -0.0, 1, 0, 1, 1, 1]}}, {"type": "Feature", "geometry": {"type": "Point", "coordinates": [3.38548, 42.069099]}, "properties": {"var_data": [0.421, 0.125, 0.009, 0.011, 0.303, -0.0, 1, 1, 1, 1, 1]}}, {"type": "Feature", "geometry": {"type": "Point", "coordinates": [3.42082, 42.069099]}, "properties": {"var_data": [0.382, 0.155, 0.011, 0.014, 0.372, -0.0, 1, 1, 1, 1, 1]}}, {"type": "Feature", "geometry": {"type": "Point", "coordinates": [3.45616, 42.069099]}, "properties": {"var_data": [0.343, 0.196, 0.012, 0.014, 0.481, -0.0, 1, 1, 1, 1, 1]}}, {"type": "Feature", "geometry": {"type": "Point", "coordinates": [3.4915, 42.069099]}, "properties": {"var_data": [0.308, -0.004, 0.011, 0.019, 0.518, -0.0, 1, 1, 1, 1, 1]}}, {"type": "Feature", "geometry": {"type": "Point", "coordinates": [3.52684, 42.069099]}, "properties": {"var_data": [0.282, -0.02, 0.01, 0.02, 0.456, -0.0, 1, 1, 1, 1, 1]}}, {"type": "Feature", "geometry": {"type": "Point", "coordinates": [3.56218, 42.069099]}, "properties": {"var_data": [0.243, -0.101, 0.008, 0.018, 0.419, -0.0, 1, 1, 1, 1, 1]}}, {"type": "Feature", "geometry": {"type": "Point", "coordinates": [3.59752, 42.069099]}, "properties": {"var_data": [0.257, -0.257, 0.012, 0.03, 0.412, -0.0, 1, 1, 1, 1, 1]}}, {"type": "Feature", "geometry": {"type": "Point", "coordinates": [3.63286, 42.069099]}, "properties": {"var_data": [0.243, -0.29, 0.008, 0.02, 0.393, -0.0, 1, 1, 1, 1, 1]}}, {"type": "Feature", "geometry": {"type": "Point", "coordinates": [3.6682, 42.069099]}, "properties": {"var_data": [0.266, -0.329, 0.007, 0.022, 0.414, -0.0, 1, 1, 1, 1, 1]}}, {"type": "Feature", "geometry": {"type": "Point", "coordinates": [3.70354, 42.069099]}, "properties": {"var_data": [0.256, -0.293, 0.007, 0.021, 0.426, -0.0, 1, 1, 1, 1, 1]}}, {"type": "Feature", "geometry": {"type": "Point", "coordinates": [3.73888, 42.069099]}, "properties": {"var_data": [0.256, -0.297, 0.008, 0.018, 0.514, -0.0, 1, 1, 1, 1, 1]}}, {"type": "Feature", "geometry": {"type": "Point", "coordinates": [3.77422, 42.069099]}, "properties": {"var_data": [0.232, -0.334, 0.012, 0.025, 0.543, -0.0, 1, 1, 1, 1, 1]}}, {"type": "Feature", "geometry": {"type": "Point", "coordinates": [3.80956, 42.069099]}, "properties": {"var_data": [0.217, -0.3, 0.009, 0.021, 0.648, -0.0, 1, 1, 1, 1, 1]}}, {"type": "Feature", "geometry": {"type": "Point", "coordinates": [3.8449, 42.069099]}, "properties": {"var_data": [0.236, -0.309, 0.006, 0.016, 0.741, -0.0, 1, 1, 1, 1, 1]}}, {"type": "Feature", "geometry": {"type": "Point", "coordinates": [3.88024, 42.069099]}, "properties": {"var_data": [0.27, -0.417, 0.009, 0.041, 0.819, -0.0, 1, 1, 1, 1, 1]}}, {"type": "Feature", "geometry": {"type": "Point", "coordinates": [3.91558, 42.069099]}, "properties": {"var_data": [0.323, -0.489, 0.009, 0.043, 1.008, -0.0, 1, 0, 1, 1, 1]}}, {"type": "Feature", "geometry": {"type": "Point", "coordinates": [3.95092, 42.069099]}, "properties": {"var_data": [0.349, -0.563, 0.013, 0.067, 1.009, -0.001, 1, 0, 1, 1, 1]}}, {"type": "Feature", "geometry": {"type": "Point", "coordinates": [3.98626, 42.069099]}, "properties": {"var_data": [0.342, -0.713, 0.07, 0.274, 1.118, -0.019, 4, 4, 1, 1, 1]}}, {"type": "Feature", "geometry": {"type": "Point", "coordinates": [4.0216, 42.069099]}, "properties": {"var_data": [0.332, -0.619, 0.026, 0.065, 0.924, -0.002, 1, 1, 1, 1, 1]}}, {"type": "Feature", "geometry": {"type": "Point", "coordinates": [4.05694, 42.069099]}, "properties": {"var_data": [0.316, -0.492, 0.004, 0.031, 0.866, -0.0, 1, 1, 1, 1, 1]}}, {"type": "Feature", "geometry": {"type": "Point", "coordinates": [4.09228, 42.069099]}, "properties": {"var_data": [0.301, -0.456, 0.011, 0.043, 0.839, -0.0, 1, 1, 1, 1, 1]}}, {"type": "Feature", "geometry": {"type": "Point", "coordinates": [4.12762, 42.069099]}, "properties": {"var_data": [0.323, -0.418, 0.014, 0.085, 0.916, -0.001, 1, 1, 1, 1, 1]}}, {"type": "Feature", "geometry": {"type": "Point", "coordinates": [3.24412, 42.0961]}, "properties": {"var_data": [0.45, 0.36, 0.021, 0.005, 0.615, -0.0, 1, 0, 1, 1, 1]}}, {"type": "Feature", "geometry": {"type": "Point", "coordinates": [3.27946, 42.0961]}, "properties": {"var_data": [0.484, 0.258, 0.012, 0.004, 0.423, -0.0, 1, 0, 1, 1, 1]}}, {"type": "Feature", "geometry": {"type": "Point", "coordinates": [3.3148, 42.0961]}, "properties": {"var_data": [0.438, 0.166, 0.01, 0.007, 0.339, -0.0, 1, 0, 1, 1, 1]}}, {"type": "Feature", "geometry": {"type": "Point", "coordinates": [3.35014, 42.0961]}, "properties": {"var_data": [0.471, 0.143, 0.007, 0.007, 0.305, -0.0, 1, 0, 1, 1, 1]}}, {"type": "Feature", "geometry": {"type": "Point", "coordinates": [3.38548, 42.0961]}, "properties": {"var_data": [0.498, 0.152, 0.008, 0.008, 0.324, -0.0, 1, 0, 1, 1, 1]}}, {"type": "Feature", "geometry": {"type": "Point", "coordinates": [3.42082, 42.0961]}, "properties": {"var_data": [0.481, 0.185, 0.01, 0.012, 0.342, -0.0, 1, 1, 1, 1, 1]}}, {"type": "Feature", "geometry": {"type": "Point", "coordinates": [3.45616, 42.0961]}, "properties": {"var_data": [0.516, 0.183, 0.013, 0.013, 0.383, -0.0, 1, 1, 1, 1, 1]}}, {"type": "Feature", "geometry": {"type": "Point", "coordinates": [3.4915, 42.0961]}, "properties": {"var_data": [0.385, 0.21, 0.012, 0.017, 0.37, -0.0, 1, 1, 1, 1, 1]}}, {"type": "Feature", "geometry": {"type": "Point", "coordinates": [3.52684, 42.0961]}, "properties": {"var_data": [0.284, 0.095, 0.009, 0.018, 0.385, -0.0, 1, 1, 1, 1, 1]}}, {"type": "Feature", "geometry": {"type": "Point", "coordinates": [3.56218, 42.0961]}, "properties": {"var_data": [0.26, 0.024, 0.015, 0.032, 0.361, -0.0, 1, 1, 1, 1, 1]}}, {"type": "Feature", "geometry": {"type": "Point", "coordinates": [3.59752, 42.0961]}, "properties": {"var_data": [0.255, -0.181, 0.013, 0.03, 0.378, -0.0, 1, 1, 1, 1, 1]}}, {"type": "Feature", "geometry": {"type": "Point", "coordinates": [3.63286, 42.0961]}, "properties": {"var_data": [0.26, -0.249, 0.011, 0.026, 0.386, -0.0, 1, 1, 1, 1, 1]}}, {"type": "Feature", "geometry": {"type": "Point", "coordinates": [3.6682, 42.0961]}, "properties": {"var_data": [0.273, -0.285, 0.011, 0.026, 0.43, -0.0, 1, 1, 1, 1, 1]}}, {"type": "Feature", "geometry": {"type": "Point", "coordinates": [3.70354, 42.0961]}, "properties": {"var_data": [0.299, -0.322, 0.006, 0.015, 0.46, -0.0, 1, 1, 1, 1, 1]}}, {"type": "Feature", "geometry": {"type": "Point", "coordinates": [3.73888, 42.0961]}, "properties": {"var_data": [0.254, -0.301, 0.006, 0.013, 0.457, -0.0, 1, 1, 1, 1, 1]}}, {"type": "Feature", "geometry": {"type": "Point", "coordinates": [3.77422, 42.0961]}, "properties": {"var_data": [0.223, -0.268, 0.013, 0.028, 0.579, -0.0, 1, 1, 1, 1, 1]}}, {"type": "Feature", "geometry": {"type": "Point", "coordinates": [3.80956, 42.0961]}, "properties": {"var_data": [0.199, -0.244, 0.008, 0.021, 0.611, -0.0, 1, 1, 1, 1, 1]}}, {"type": "Feature", "geometry": {"type": "Point", "coordinates": [3.8449, 42.0961]}, "properties": {"var_data": [0.237, -0.297, 0.005, 0.015, 0.679, -0.0, 1, 1, 1, 1, 1]}}, {"type": "Feature", "geometry": {"type": "Point", "coordinates": [3.88024, 42.0961]}, "properties": {"var_data": [0.246, -0.236, 0.009, 0.04, 0.76, -0.0, 1, 1, 1, 1, 1]}}, {"type": "Feature", "geometry": {"type": "Point", "coordinates": [3.91558, 42.0961]}, "properties": {"var_data": [0.291, -0.325, 0.009, 0.042, 1.041, -0.0, 1, 1, 1, 1, 1]}}, {"type": "Feature", "geometry": {"type": "Point", "coordinates": [3.95092, 42.0961]}, "properties": {"var_data": [0.336, -0.449, 0.013, 0.051, 1.009, -0.001, 1, 0, 1, 1, 1]}}, {"type": "Feature", "geometry": {"type": "Point", "coordinates": [3.98626, 42.0961]}, "properties": {"var_data": [0.288, -0.438, 0.027, 0.082, 1.054, -0.002, 1, 1, 1, 1, 1]}}, {"type": "Feature", "geometry": {"type": "Point", "coordinates": [4.0216, 42.0961]}, "properties": {"var_data": [0.285, -0.331, 0.023, 0.073, 0.945, -0.002, 1, 1, 1, 1, 1]}}, {"type": "Feature", "geometry": {"type": "Point", "coordinates": [4.05694, 42.0961]}, "properties": {"var_data": [0.31, -0.391, 0.011, 0.044, 0.807, -0.0, 1, 1, 1, 1, 1]}}, {"type": "Feature", "geometry": {"type": "Point", "coordinates": [4.09228, 42.0961]}, "properties": {"var_data": [0.303, -0.371, 0.011, 0.043, 0.809, -0.0, 1, 1, 1, 1, 1]}}, {"type": "Feature", "geometry": {"type": "Point", "coordinates": [4.12762, 42.0961]}, "properties": {"var_data": [0.286, -0.413, 0.012, 0.047, 0.899, -0.001, 1, 1, 1, 1, 1]}}, {"type": "Feature", "geometry": {"type": "Point", "coordinates": [3.27946, 42.1231]}, "properties": {"var_data": [0.552, 0.253, 0.012, 0.004, 0.497, -0.0, 1, 0, 1, 1, 1]}}, {"type": "Feature", "geometry": {"type": "Point", "coordinates": [3.3148, 42.1231]}, "properties": {"var_data": [0.453, 0.189, 0.01, 0.006, 0.359, -0.0, 1, 0, 1, 1, 1]}}, {"type": "Feature", "geometry": {"type": "Point", "coordinates": [3.35014, 42.1231]}, "properties": {"var_data": [0.465, 0.17, 0.006, 0.004, 0.317, -0.0, 1, 0, 1, 1, 1]}}, {"type": "Feature", "geometry": {"type": "Point", "coordinates": [3.38548, 42.1231]}, "properties": {"var_data": [0.492, 0.162, 0.006, 0.004, 0.306, -0.0, 1, 1, 1, 1, 1]}}, {"type": "Feature", "geometry": {"type": "Point", "coordinates": [3.42082, 42.1231]}, "properties": {"var_data": [0.488, 0.195, 0.007, 0.005, 0.32, -0.0, 1, 1, 1, 1, 1]}}, {"type": "Feature", "geometry": {"type": "Point", "coordinates": [3.45616, 42.1231]}, "properties": {"var_data": [0.48, 0.261, 0.017, 0.018, 0.343, -0.0, 1, 1, 1, 1, 1]}}, {"type": "Feature", "geometry": {"type": "Point", "coordinates": [3.4915, 42.1231]}, "properties": {"var_data": [0.415, 0.261, 0.021, 0.026, 0.346, -0.0, 1, 1, 1, 1, 1]}}, {"type": "Feature", "geometry": {"type": "Point", "coordinates": [3.52684, 42.1231]}, "properties": {"var_data": [0.3, 0.154, 0.013, 0.026, 0.336, -0.0, 1, 1, 1, 1, 1]}}, {"type": "Feature", "geometry": {"type": "Point", "coordinates": [3.56218, 42.1231]}, "properties": {"var_data": [0.263, 0.019, 0.015, 0.029, 0.354, -0.0, 1, 1, 1, 1, 1]}}, {"type": "Feature", "geometry": {"type": "Point", "coordinates": [3.59752, 42.1231]}, "properties": {"var_data": [0.25, -0.084, 0.014, 0.03, 0.345, -0.0, 1, 1, 1, 1, 1]}}, {"type": "Feature", "geometry": {"type": "Point", "coordinates": [3.63286, 42.1231]}, "properties": {"var_data": [0.306, -0.205, 0.016, 0.036, 0.417, -0.001, 1, 1, 1, 1, 1]}}, {"type": "Feature", "geometry": {"type": "Point", "coordinates": [3.6682, 42.1231]}, "properties": {"var_data": [0.354, -0.235, 0.007, 0.016, 0.45, -0.0, 1, 1, 1, 1, 1]}}, {"type": "Feature", "geometry": {"type": "Point", "coordinates": [3.70354, 42.1231]}, "properties": {"var_data": [0.335, -0.295, 0.007, 0.016, 0.508, -0.0, 1, 1, 1, 1, 1]}}, {"type": "Feature", "geometry": {"type": "Point", "coordinates": [3.73888, 42.1231]}, "properties": {"var_data": [0.278, -0.272, 0.006, 0.015, 0.571, -0.0, 1, 1, 1, 1, 1]}}, {"type": "Feature", "geometry": {"type": "Point", "coordinates": [3.77422, 42.1231]}, "properties": {"var_data": [0.223, -0.261, 0.006, 0.013, 0.575, -0.0, 1, 1, 1, 1, 1]}}, {"type": "Feature", "geometry": {"type": "Point", "coordinates": [3.80956, 42.1231]}, "properties": {"var_data": [0.207, -0.164, 0.007, 0.018, 0.646, -0.0, 1, 1, 1, 1, 1]}}, {"type": "Feature", "geometry": {"type": "Point", "coordinates": [3.8449, 42.1231]}, "properties": {"var_data": [0.202, -0.059, 0.004, 0.012, 0.613, -0.0, 1, 1, 1, 1, 1]}}, {"type": "Feature", "geometry": {"type": "Point", "coordinates": [3.88024, 42.1231]}, "properties": {"var_data": [0.293, -0.181, 0.011, 0.041, 0.705, -0.0, 1, 1, 1, 1, 1]}}, {"type": "Feature", "geometry": {"type": "Point", "coordinates": [3.91558, 42.1231]}, "properties": {"var_data": [0.341, -0.156, 0.013, 0.05, 0.73, -0.001, 1, 1, 1, 1, 1]}}, {"type": "Feature", "geometry": {"type": "Point", "coordinates": [3.95092, 42.1231]}, "properties": {"var_data": [0.392, -0.127, 0.014, 0.051, 0.888, -0.001, 1, 0, 1, 1, 1]}}, {"type": "Feature", "geometry": {"type": "Point", "coordinates": [3.98626, 42.1231]}, "properties": {"var_data": [0.333, -0.412, 0.077, 0.299, 1.181, -0.023, 1, 1, 1, 1, 1]}}, {"type": "Feature", "geometry": {"type": "Point", "coordinates": [4.0216, 42.1231]}, "properties": {"var_data": [0.288, -0.325, 0.025, 0.075, 0.832, -0.002, 1, 1, 1, 1, 1]}}, {"type": "Feature", "geometry": {"type": "Point", "coordinates": [4.05694, 42.1231]}, "properties": {"var_data": [0.274, -0.255, 0.022, 0.069, 0.897, -0.001, 1, 1, 1, 1, 1]}}, {"type": "Feature", "geometry": {"type": "Point", "coordinates": [4.09228, 42.1231]}, "properties": {"var_data": [0.271, -0.308, 0.012, 0.048, 0.79, -0.001, 1, 1, 1, 1, 1]}}, {"type": "Feature", "geometry": {"type": "Point", "coordinates": [4.12762, 42.1231]}, "properties": {"var_data": [0.288, -0.386, 0.018, 0.086, 0.881, -0.001, 1, 1, 1, 1, 1]}}, {"type": "Feature", "geometry": {"type": "Point", "coordinates": [3.27946, 42.150101]}, "properties": {"var_data": [0.605, 0.267, 0.014, 0.007, 0.51, -0.0, 1, 0, 1, 1, 1]}}, {"type": "Feature", "geometry": {"type": "Point", "coordinates": [3.3148, 42.150101]}, "properties": {"var_data": [0.479, 0.218, 0.007, 0.004, 0.377, -0.0, 1, 0, 1, 1, 1]}}, {"type": "Feature", "geometry": {"type": "Point", "coordinates": [3.35014, 42.150101]}, "properties": {"var_data": [0.421, 0.178, 0.007, 0.004, 0.332, -0.0, 1, 1, 1, 1, 1]}}, {"type": "Feature", "geometry": {"type": "Point", "coordinates": [3.38548, 42.150101]}, "properties": {"var_data": [0.394, 0.174, 0.007, 0.004, 0.305, -0.0, 1, 1, 1, 1, 1]}}, {"type": "Feature", "geometry": {"type": "Point", "coordinates": [3.42082, 42.150101]}, "properties": {"var_data": [0.398, 0.202, 0.008, 0.005, 0.301, -0.0, 1, 1, 1, 1, 1]}}, {"type": "Feature", "geometry": {"type": "Point", "coordinates": [3.45616, 42.150101]}, "properties": {"var_data": [0.379, 0.222, 0.011, 0.007, 0.306, 0.0, 1, 1, 1, 1, 1]}}, {"type": "Feature", "geometry": {"type": "Point", "coordinates": [3.4915, 42.150101]}, "properties": {"var_data": [0.373, 0.231, 0.019, 0.02, 0.299, -0.0, 1, 1, 1, 1, 1]}}, {"type": "Feature", "geometry": {"type": "Point", "coordinates": [3.52684, 42.150101]}, "properties": {"var_data": [0.264, 0.136, 0.015, 0.02, 0.305, -0.0, 1, 1, 1, 1, 1]}}, {"type": "Feature", "geometry": {"type": "Point", "coordinates": [3.56218, 42.150101]}, "properties": {"var_data": [0.23, 0.048, 0.005, 0.009, 0.32, -0.0, 1, 1, 1, 1, 1]}}, {"type": "Feature", "geometry": {"type": "Point", "coordinates": [3.59752, 42.150101]}, "properties": {"var_data": [0.243, -0.01, 0.016, 0.03, 0.36, -0.0, 1, 1, 1, 1, 1]}}, {"type": "Feature", "geometry": {"type": "Point", "coordinates": [3.63286, 42.150101]}, "properties": {"var_data": [0.263, -0.09, 0.023, 0.047, 0.41, -0.001, 1, 1, 1, 1, 1]}}, {"type": "Feature", "geometry": {"type": "Point", "coordinates": [3.6682, 42.150101]}, "properties": {"var_data": [0.302, -0.152, 0.008, 0.015, 0.456, -0.0, 1, 1, 1, 1, 1]}}, {"type": "Feature", "geometry": {"type": "Point", "coordinates": [3.70354, 42.150101]}, "properties": {"var_data": [0.305, -0.195, 0.007, 0.012, 0.48, -0.0, 1, 1, 1, 1, 1]}}, {"type": "Feature", "geometry": {"type": "Point", "coordinates": [3.73888, 42.150101]}, "properties": {"var_data": [0.259, -0.28, 0.006, 0.012, 0.513, -0.0, 1, 1, 1, 1, 1]}}, {"type": "Feature", "geometry": {"type": "Point", "coordinates": [3.77422, 42.150101]}, "properties": {"var_data": [0.262, -0.128, 0.006, 0.015, 0.58, -0.0, 1, 1, 1, 1, 1]}}, {"type": "Feature", "geometry": {"type": "Point", "coordinates": [3.80956, 42.150101]}, "properties": {"var_data": [0.259, 0.085, 0.005, 0.012, 0.58, -0.0, 1, 1, 1, 1, 1]}}, {"type": "Feature", "geometry": {"type": "Point", "coordinates": [3.8449, 42.150101]}, "properties": {"var_data": [0.243, 0.1, 0.004, 0.012, 0.559, -0.0, 1, 1, 1, 1, 1]}}, {"type": "Feature", "geometry": {"type": "Point", "coordinates": [3.88024, 42.150101]}, "properties": {"var_data": [0.317, 0.091, 0.012, 0.018, 0.633, 0.0, 1, 1, 1, 1, 1]}}, {"type": "Feature", "geometry": {"type": "Point", "coordinates": [3.91558, 42.150101]}, "properties": {"var_data": [0.35, -0.092, 0.012, 0.042, 0.741, -0.0, 1, 1, 1, 1, 1]}}, {"type": "Feature", "geometry": {"type": "Point", "coordinates": [3.95092, 42.150101]}, "properties": {"var_data": [0.358, -0.265, 0.02, 0.072, 0.877, -0.001, 1, 0, 1, 1, 1]}}, {"type": "Feature", "geometry": {"type": "Point", "coordinates": [3.98626, 42.150101]}, "properties": {"var_data": [0.36, -0.235, 0.043, 0.163, 0.843, -0.007, 1, 0, 1, 1, 1]}}, {"type": "Feature", "geometry": {"type": "Point", "coordinates": [4.0216, 42.150101]}, "properties": {"var_data": [0.268, -0.298, 0.043, 0.162, 0.895, -0.007, 1, 0, 1, 1, 1]}}, {"type": "Feature", "geometry": {"type": "Point", "coordinates": [4.05694, 42.150101]}, "properties": {"var_data": [0.277, -0.346, 0.025, 0.073, 0.853, -0.002, 1, 0, 1, 1, 1]}}, {"type": "Feature", "geometry": {"type": "Point", "coordinates": [4.09228, 42.150101]}, "properties": {"var_data": [0.258, -0.362, 0.026, 0.075, 0.906, -0.002, 1, 1, 1, 1, 1]}}, {"type": "Feature", "geometry": {"type": "Point", "coordinates": [4.12762, 42.150101]}, "properties": {"var_data": [0.29, -0.463, 0.043, 0.167, 1.035, -0.007, 1, 1, 1, 1, 1]}}, {"type": "Feature", "geometry": {"type": "Point", "coordinates": [3.27946, 42.177101]}, "properties": {"var_data": [0.617, 0.281, 0.011, 0.003, 0.518, -0.0, 1, 0, 1, 1, 1]}}, {"type": "Feature", "geometry": {"type": "Point", "coordinates": [3.3148, 42.177101]}, "properties": {"var_data": [0.497, 0.249, 0.01, 0.004, 0.423, -0.0, 1, 0, 1, 1, 1]}}, {"type": "Feature", "geometry": {"type": "Point", "coordinates": [3.35014, 42.177101]}, "properties": {"var_data": [0.377, 0.213, 0.007, 0.003, 0.335, -0.0, 1, 1, 1, 1, 1]}}, {"type": "Feature", "geometry": {"type": "Point", "coordinates": [3.38548, 42.177101]}, "properties": {"var_data": [0.328, 0.227, 0.008, 0.004, 0.302, -0.0, 1, 1, 1, 1, 1]}}, {"type": "Feature", "geometry": {"type": "Point", "coordinates": [3.42082, 42.177101]}, "properties": {"var_data": [0.377, 0.215, 0.008, 0.005, 0.304, -0.0, 1, 1, 1, 1, 1]}}, {"type": "Feature", "geometry": {"type": "Point", "coordinates": [3.45616, 42.177101]}, "properties": {"var_data": [0.368, 0.199, 0.016, 0.012, 0.308, -0.0, 1, 1, 1, 1, 1]}}, {"type": "Feature", "geometry": {"type": "Point", "coordinates": [3.4915, 42.177101]}, "properties": {"var_data": [0.332, 0.198, 0.016, 0.016, 0.303, -0.0, 1, 1, 1, 1, 1]}}, {"type": "Feature", "geometry": {"type": "Point", "coordinates": [3.52684, 42.177101]}, "properties": {"var_data": [0.277, 0.114, 0.008, 0.009, 0.306, -0.0, 4, 4, 1, 1, 1]}}, {"type": "Feature", "geometry": {"type": "Point", "coordinates": [3.56218, 42.177101]}, "properties": {"var_data": [0.19, 0.058, 0.007, 0.009, 0.317, -0.0, 1, 1, 1, 1, 1]}}, {"type": "Feature", "geometry": {"type": "Point", "coordinates": [3.59752, 42.177101]}, "properties": {"var_data": [0.194, 0.03, 0.008, 0.01, 0.376, -0.0, 1, 1, 1, 1, 1]}}, {"type": "Feature", "geometry": {"type": "Point", "coordinates": [3.63286, 42.177101]}, "properties": {"var_data": [0.202, 0.026, 0.008, 0.01, 0.373, -0.0, 1, 1, 1, 1, 1]}}, {"type": "Feature", "geometry": {"type": "Point", "coordinates": [3.6682, 42.177101]}, "properties": {"var_data": [0.254, -0.022, 0.033, 0.058, 0.403, -0.002, 1, 1, 1, 1, 1]}}, {"type": "Feature", "geometry": {"type": "Point", "coordinates": [3.70354, 42.177101]}, "properties": {"var_data": [0.259, -0.117, 0.008, 0.013, 0.425, -0.0, 1, 1, 1, 1, 1]}}, {"type": "Feature", "geometry": {"type": "Point", "coordinates": [3.73888, 42.177101]}, "properties": {"var_data": [0.275, -0.164, 0.007, 0.012, 0.453, -0.0, 1, 1, 1, 1, 1]}}, {"type": "Feature", "geometry": {"type": "Point", "coordinates": [3.77422, 42.177101]}, "properties": {"var_data": [0.259, -0.01, 0.005, 0.01, 0.446, -0.0, 1, 1, 1, 1, 1]}}, {"type": "Feature", "geometry": {"type": "Point", "coordinates": [3.80956, 42.177101]}, "properties": {"var_data": [0.291, 0.183, 0.014, 0.019, 0.537, 0.0, 1, 1, 1, 1, 1]}}, {"type": "Feature", "geometry": {"type": "Point", "coordinates": [3.8449, 42.177101]}, "properties": {"var_data": [0.268, 0.207, 0.016, 0.021, 0.613, 0.0, 1, 1, 1, 1, 1]}}, {"type": "Feature", "geometry": {"type": "Point", "coordinates": [3.88024, 42.177101]}, "properties": {"var_data": [0.315, 0.147, 0.016, 0.022, 0.633, 0.0, 1, 1, 1, 1, 1]}}, {"type": "Feature", "geometry": {"type": "Point", "coordinates": [3.91558, 42.177101]}, "properties": {"var_data": [0.337, 0.018, 0.018, 0.024, 0.732, 0.0, 1, 1, 1, 1, 1]}}, {"type": "Feature", "geometry": {"type": "Point", "coordinates": [3.95092, 42.177101]}, "properties": {"var_data": [0.332, -0.314, 0.061, 0.154, 0.783, -0.008, 1, 1, 1, 1, 1]}}, {"type": "Feature", "geometry": {"type": "Point", "coordinates": [3.98626, 42.177101]}, "properties": {"var_data": [0.344, -0.393, 0.077, 0.168, 1.037, -0.01, 1, 0, 1, 1, 1]}}, {"type": "Feature", "geometry": {"type": "Point", "coordinates": [4.0216, 42.177101]}, "properties": {"var_data": [0.26, -0.385, 0.048, 0.137, 0.935, -0.007, 1, 0, 1, 1, 1]}}, {"type": "Feature", "geometry": {"type": "Point", "coordinates": [4.05694, 42.177101]}, "properties": {"var_data": [0.283, -0.478, 0.026, 0.075, 0.892, -0.002, 1, 1, 1, 1, 1]}}, {"type": "Feature", "geometry": {"type": "Point", "coordinates": [4.09228, 42.177101]}, "properties": {"var_data": [0.264, -0.374, 0.026, 0.076, 0.898, -0.002, 1, 1, 1, 1, 1]}}, {"type": "Feature", "geometry": {"type": "Point", "coordinates": [3.27946, 42.204102]}, "properties": {"var_data": [0.657, 0.315, 0.014, 0.003, 0.507, 0.0, 1, 0, 1, 1, 1]}}, {"type": "Feature", "geometry": {"type": "Point", "coordinates": [3.3148, 42.204102]}, "properties": {"var_data": [0.468, 0.306, 0.01, 0.003, 0.379, 0.0, 1, 1, 1, 1, 1]}}, {"type": "Feature", "geometry": {"type": "Point", "coordinates": [3.35014, 42.204102]}, "properties": {"var_data": [0.328, 0.273, 0.008, 0.003, 0.307, 0.0, 1, 1, 1, 1, 1]}}, {"type": "Feature", "geometry": {"type": "Point", "coordinates": [3.38548, 42.204102]}, "properties": {"var_data": [0.251, 0.277, 0.006, 0.004, 0.283, 0.0, 1, 1, 1, 1, 1]}}, {"type": "Feature", "geometry": {"type": "Point", "coordinates": [3.42082, 42.204102]}, "properties": {"var_data": [0.256, 0.257, 0.006, 0.004, 0.282, -0.0, 1, 1, 1, 1, 1]}}, {"type": "Feature", "geometry": {"type": "Point", "coordinates": [3.45616, 42.204102]}, "properties": {"var_data": [0.267, 0.199, 0.008, 0.006, 0.283, -0.0, 1, 1, 1, 1, 1]}}, {"type": "Feature", "geometry": {"type": "Point", "coordinates": [3.4915, 42.204102]}, "properties": {"var_data": [0.234, 0.176, 0.015, 0.012, 0.3, -0.0, 1, 1, 1, 1, 1]}}, {"type": "Feature", "geometry": {"type": "Point", "coordinates": [3.52684, 42.204102]}, "properties": {"var_data": [0.218, 0.106, 0.008, 0.008, 0.294, -0.0, 1, 1, 1, 1, 1]}}, {"type": "Feature", "geometry": {"type": "Point", "coordinates": [3.56218, 42.204102]}, "properties": {"var_data": [0.172, 0.03, 0.009, 0.009, 0.334, -0.0, 1, 0, 1, 1, 1]}}, {"type": "Feature", "geometry": {"type": "Point", "coordinates": [3.59752, 42.204102]}, "properties": {"var_data": [0.152, 0.002, 0.009, 0.01, 0.344, -0.0, 1, 1, 1, 1, 1]}}, {"type": "Feature", "geometry": {"type": "Point", "coordinates": [3.63286, 42.204102]}, "properties": {"var_data": [0.19, 0.031, 0.009, 0.01, 0.354, -0.0, 1, 1, 1, 1, 1]}}, {"type": "Feature", "geometry": {"type": "Point", "coordinates": [3.6682, 42.204102]}, "properties": {"var_data": [0.201, -0.02, 0.028, 0.049, 0.382, -0.001, 1, 1, 1, 1, 1]}}, {"type": "Feature", "geometry": {"type": "Point", "coordinates": [3.70354, 42.204102]}, "properties": {"var_data": [0.229, -0.014, 0.023, 0.04, 0.372, -0.001, 1, 1, 1, 1, 1]}}, {"type": "Feature", "geometry": {"type": "Point", "coordinates": [3.73888, 42.204102]}, "properties": {"var_data": [0.251, -0.026, 0.025, 0.043, 0.428, -0.001, 1, 1, 1, 1, 1]}}, {"type": "Feature", "geometry": {"type": "Point", "coordinates": [3.77422, 42.204102]}, "properties": {"var_data": [0.311, 0.032, 0.014, 0.025, 0.456, -0.0, 1, 1, 1, 1, 1]}}, {"type": "Feature", "geometry": {"type": "Point", "coordinates": [3.80956, 42.204102]}, "properties": {"var_data": [0.278, 0.184, 0.006, 0.01, 0.509, -0.0, 1, 1, 1, 1, 1]}}, {"type": "Feature", "geometry": {"type": "Point", "coordinates": [3.8449, 42.204102]}, "properties": {"var_data": [0.323, 0.322, 0.02, 0.025, 0.61, 0.0, 1, 1, 1, 1, 1]}}, {"type": "Feature", "geometry": {"type": "Point", "coordinates": [3.88024, 42.204102]}, "properties": {"var_data": [0.354, 0.27, 0.016, 0.022, 0.604, 0.0, 1, 1, 1, 1, 1]}}, {"type": "Feature", "geometry": {"type": "Point", "coordinates": [3.91558, 42.204102]}, "properties": {"var_data": [0.317, -0.144, 0.049, 0.127, 0.838, -0.005, 1, 1, 1, 1, 1]}}, {"type": "Feature", "geometry": {"type": "Point", "coordinates": [3.95092, 42.204102]}, "properties": {"var_data": [0.32, -0.314, 0.06, 0.133, 0.858, -0.008, 1, 1, 1, 1, 1]}}, {"type": "Feature", "geometry": {"type": "Point", "coordinates": [3.98626, 42.204102]}, "properties": {"var_data": [0.307, -0.449, 0.057, 0.127, 0.893, -0.007, 1, 1, 1, 1, 1]}}, {"type": "Feature", "geometry": {"type": "Point", "coordinates": [4.0216, 42.204102]}, "properties": {"var_data": [0.278, -0.378, 0.027, 0.077, 0.829, -0.002, 1, 0, 1, 1, 1]}}, {"type": "Feature", "geometry": {"type": "Point", "coordinates": [4.05694, 42.204102]}, "properties": {"var_data": [0.308, -0.284, 0.031, 0.087, 0.922, -0.003, 1, 1, 1, 1, 1]}}, {"type": "Feature", "geometry": {"type": "Point", "coordinates": [4.09228, 42.204102]}, "properties": {"var_data": [0.228, -0.576, 0.055, 0.156, 1.473, -0.009, 1, 1, 1, 1, 1]}}, {"type": "Feature", "geometry": {"type": "Point", "coordinates": [3.27946, 42.231098]}, "properties": {"var_data": [0.633, 0.348, 0.015, 0.004, 0.443, 0.0, 1, 0, 1, 1, 1]}}, {"type": "Feature", "geometry": {"type": "Point", "coordinates": [3.3148, 42.231098]}, "properties": {"var_data": [0.378, 0.366, 0.009, 0.003, 0.301, 0.0, 1, 1, 1, 1, 1]}}, {"type": "Feature", "geometry": {"type": "Point", "coordinates": [3.35014, 42.231098]}, "properties": {"var_data": [0.201, 0.339, 0.007, 0.003, 0.264, 0.0, 1, 1, 1, 1, 1]}}, {"type": "Feature", "geometry": {"type": "Point", "coordinates": [3.38548, 42.231098]}, "properties": {"var_data": [0.174, 0.339, 0.006, 0.004, 0.26, 0.0, 1, 1, 1, 1, 1]}}, {"type": "Feature", "geometry": {"type": "Point", "coordinates": [3.42082, 42.231098]}, "properties": {"var_data": [0.186, 0.315, 0.006, 0.005, 0.262, -0.0, 1, 1, 1, 1, 1]}}, {"type": "Feature", "geometry": {"type": "Point", "coordinates": [3.45616, 42.231098]}, "properties": {"var_data": [0.223, 0.268, 0.007, 0.006, 0.276, -0.0, 1, 1, 1, 1, 1]}}, {"type": "Feature", "geometry": {"type": "Point", "coordinates": [3.4915, 42.231098]}, "properties": {"var_data": [0.222, 0.17, 0.015, 0.012, 0.3, -0.0, 1, 1, 1, 1, 1]}}, {"type": "Feature", "geometry": {"type": "Point", "coordinates": [3.52684, 42.231098]}, "properties": {"var_data": [0.186, 0.104, 0.009, 0.008, 0.299, -0.0, 1, 1, 1, 1, 1]}}, {"type": "Feature", "geometry": {"type": "Point", "coordinates": [3.56218, 42.231098]}, "properties": {"var_data": [0.193, 0.074, 0.009, 0.008, 0.323, -0.0, 1, 1, 1, 1, 1]}}, {"type": "Feature", "geometry": {"type": "Point", "coordinates": [3.59752, 42.231098]}, "properties": {"var_data": [0.174, 0.032, 0.01, 0.01, 0.34, 0.0, 1, 1, 1, 1, 1]}}, {"type": "Feature", "geometry": {"type": "Point", "coordinates": [3.63286, 42.231098]}, "properties": {"var_data": [0.182, 0.015, 0.026, 0.032, 0.364, -0.001, 1, 1, 1, 1, 1]}}, {"type": "Feature", "geometry": {"type": "Point", "coordinates": [3.6682, 42.231098]}, "properties": {"var_data": [0.194, -0.043, 0.025, 0.036, 0.376, -0.001, 1, 1, 1, 1, 1]}}, {"type": "Feature", "geometry": {"type": "Point", "coordinates": [3.70354, 42.231098]}, "properties": {"var_data": [0.231, -0.011, 0.018, 0.03, 0.35, -0.001, 1, 1, 1, 1, 1]}}, {"type": "Feature", "geometry": {"type": "Point", "coordinates": [3.73888, 42.231098]}, "properties": {"var_data": [0.28, 0.074, 0.025, 0.043, 0.43, -0.001, 1, 1, 1, 1, 1]}}, {"type": "Feature", "geometry": {"type": "Point", "coordinates": [3.77422, 42.231098]}, "properties": {"var_data": [0.318, 0.143, 0.025, 0.043, 0.443, -0.001, 1, 1, 1, 1, 1]}}, {"type": "Feature", "geometry": {"type": "Point", "coordinates": [3.80956, 42.231098]}, "properties": {"var_data": [0.351, 0.304, 0.042, 0.065, 0.5, -0.002, 1, 1, 1, 1, 1]}}, {"type": "Feature", "geometry": {"type": "Point", "coordinates": [3.8449, 42.231098]}, "properties": {"var_data": [0.353, 0.309, 0.064, 0.119, 0.706, -0.007, 1, 1, 1, 1, 1]}}, {"type": "Feature", "geometry": {"type": "Point", "coordinates": [3.88024, 42.231098]}, "properties": {"var_data": [0.368, 0.113, 0.062, 0.116, 0.743, -0.006, 1, 1, 1, 1, 1]}}, {"type": "Feature", "geometry": {"type": "Point", "coordinates": [3.91558, 42.231098]}, "properties": {"var_data": [0.318, -0.108, 0.056, 0.113, 0.703, -0.005, 1, 1, 1, 1, 1]}}, {"type": "Feature", "geometry": {"type": "Point", "coordinates": [3.95092, 42.231098]}, "properties": {"var_data": [0.328, -0.253, 0.055, 0.12, 0.735, -0.006, 1, 1, 1, 1, 1]}}, {"type": "Feature", "geometry": {"type": "Point", "coordinates": [3.98626, 42.231098]}, "properties": {"var_data": [0.281, -0.367, 0.053, 0.118, 0.922, -0.006, 1, 1, 1, 1, 1]}}, {"type": "Feature", "geometry": {"type": "Point", "coordinates": [4.0216, 42.231098]}, "properties": {"var_data": [0.274, -0.39, 0.027, 0.076, 0.843, -0.002, 1, 1, 1, 1, 1]}}, {"type": "Feature", "geometry": {"type": "Point", "coordinates": [4.05694, 42.231098]}, "properties": {"var_data": [0.252, -0.275, 0.029, 0.08, 0.937, -0.002, 1, 1, 1, 1, 1]}}, {"type": "Feature", "geometry": {"type": "Point", "coordinates": [4.09228, 42.231098]}, "properties": {"var_data": [0.219, -0.329, 0.031, 0.088, 1.06, -0.003, 1, 1, 1, 1, 1]}}, {"type": "Feature", "geometry": {"type": "Point", "coordinates": [3.27946, 42.258099]}, "properties": {"var_data": [0.355, 0.407, 0.01, 0.004, 0.311, 0.0, 1, 1, 1, 1, 1]}}, {"type": "Feature", "geometry": {"type": "Point", "coordinates": [3.3148, 42.258099]}, "properties": {"var_data": [0.178, 0.396, 0.009, 0.004, 0.223, 0.0, 1, 1, 1, 1, 1]}}, {"type": "Feature", "geometry": {"type": "Point", "coordinates": [3.35014, 42.258099]}, "properties": {"var_data": [0.137, 0.367, 0.006, 0.003, 0.214, 0.0, 1, 1, 1, 1, 1]}}, {"type": "Feature", "geometry": {"type": "Point", "coordinates": [3.38548, 42.258099]}, "properties": {"var_data": [0.164, 0.391, 0.005, 0.003, 0.229, 0.0, 1, 1, 1, 1, 1]}}, {"type": "Feature", "geometry": {"type": "Point", "coordinates": [3.42082, 42.258099]}, "properties": {"var_data": [0.155, 0.372, 0.005, 0.004, 0.251, 0.0, 1, 1, 1, 1, 1]}}, {"type": "Feature", "geometry": {"type": "Point", "coordinates": [3.45616, 42.258099]}, "properties": {"var_data": [0.18, 0.309, 0.006, 0.005, 0.266, -0.0, 1, 1, 1, 1, 1]}}, {"type": "Feature", "geometry": {"type": "Point", "coordinates": [3.4915, 42.258099]}, "properties": {"var_data": [0.191, 0.212, 0.011, 0.008, 0.285, -0.0, 1, 1, 1, 1, 1]}}, {"type": "Feature", "geometry": {"type": "Point", "coordinates": [3.52684, 42.258099]}, "properties": {"var_data": [0.195, 0.163, 0.013, 0.012, 0.29, -0.0, 1, 1, 1, 1, 1]}}, {"type": "Feature", "geometry": {"type": "Point", "coordinates": [3.56218, 42.258099]}, "properties": {"var_data": [0.173, 0.114, 0.013, 0.013, 0.315, -0.0, 1, 1, 1, 1, 1]}}, {"type": "Feature", "geometry": {"type": "Point", "coordinates": [3.59752, 42.258099]}, "properties": {"var_data": [0.174, 0.075, 0.014, 0.016, 0.318, -0.0, 1, 1, 1, 1, 1]}}, {"type": "Feature", "geometry": {"type": "Point", "coordinates": [3.63286, 42.258099]}, "properties": {"var_data": [0.208, 0.009, 0.016, 0.019, 0.34, -0.0, 1, 1, 1, 1, 1]}}, {"type": "Feature", "geometry": {"type": "Point", "coordinates": [3.6682, 42.258099]}, "properties": {"var_data": [0.221, 0.016, 0.015, 0.018, 0.338, -0.0, 1, 1, 1, 1, 1]}}, {"type": "Feature", "geometry": {"type": "Point", "coordinates": [3.70354, 42.258099]}, "properties": {"var_data": [0.268, 0.054, 0.026, 0.033, 0.4, -0.001, 1, 1, 1, 1, 1]}}, {"type": "Feature", "geometry": {"type": "Point", "coordinates": [3.73888, 42.258099]}, "properties": {"var_data": [0.314, 0.134, 0.019, 0.025, 0.389, -0.0, 1, 1, 1, 1, 1]}}, {"type": "Feature", "geometry": {"type": "Point", "coordinates": [3.77422, 42.258099]}, "properties": {"var_data": [0.35, 0.237, 0.02, 0.03, 0.425, -0.0, 1, 1, 1, 1, 1]}}, {"type": "Feature", "geometry": {"type": "Point", "coordinates": [3.80956, 42.258099]}, "properties": {"var_data": [0.362, 0.321, 0.024, 0.038, 0.486, -0.001, 1, 1, 1, 1, 1]}}, {"type": "Feature", "geometry": {"type": "Point", "coordinates": [3.8449, 42.258099]}, "properties": {"var_data": [0.334, 0.347, 0.051, 0.081, 0.579, -0.004, 1, 1, 1, 1, 1]}}, {"type": "Feature", "geometry": {"type": "Point", "coordinates": [3.88024, 42.258099]}, "properties": {"var_data": [0.337, 0.092, 0.062, 0.105, 0.64, -0.006, 1, 1, 1, 1, 1]}}, {"type": "Feature", "geometry": {"type": "Point", "coordinates": [3.91558, 42.258099]}, "properties": {"var_data": [0.294, -0.134, 0.016, 0.028, 0.635, 0.0, 1, 1, 1, 1, 1]}}, {"type": "Feature", "geometry": {"type": "Point", "coordinates": [3.95092, 42.258099]}, "properties": {"var_data": [0.273, -0.238, 0.008, 0.014, 0.706, 0.0, 1, 1, 1, 1, 1]}}, {"type": "Feature", "geometry": {"type": "Point", "coordinates": [3.98626, 42.258099]}, "properties": {"var_data": [0.271, -0.332, 0.052, 0.112, 0.735, -0.006, 1, 1, 1, 1, 1]}}, {"type": "Feature", "geometry": {"type": "Point", "coordinates": [4.0216, 42.258099]}, "properties": {"var_data": [0.235, -0.239, 0.051, 0.111, 0.813, -0.006, 1, 1, 1, 1, 1]}}, {"type": "Feature", "geometry": {"type": "Point", "coordinates": [4.05694, 42.258099]}, "properties": {"var_data": [0.236, -0.152, 0.058, 0.128, 1.003, -0.007, 1, 1, 1, 1, 1]}}, {"type": "Feature", "geometry": {"type": "Point", "coordinates": [3.3148, 42.285099]}, "properties": {"var_data": [0.233, 0.43, 0.009, 0.006, 0.195, 0.0, 1, 1, 1, 1, 1]}}, {"type": "Feature", "geometry": {"type": "Point", "coordinates": [3.35014, 42.285099]}, "properties": {"var_data": [0.245, 0.448, 0.006, 0.004, 0.19, 0.0, 1, 1, 1, 1, 1]}}, {"type": "Feature", "geometry": {"type": "Point", "coordinates": [3.38548, 42.285099]}, "properties": {"var_data": [0.238, 0.505, 0.005, 0.004, 0.21, 0.0, 1, 1, 1, 1, 1]}}, {"type": "Feature", "geometry": {"type": "Point", "coordinates": [3.42082, 42.285099]}, "properties": {"var_data": [0.201, 0.454, 0.005, 0.004, 0.226, 0.0, 1, 1, 1, 1, 1]}}, {"type": "Feature", "geometry": {"type": "Point", "coordinates": [3.45616, 42.285099]}, "properties": {"var_data": [0.208, 0.361, 0.005, 0.004, 0.255, 0.0, 1, 1, 1, 1, 1]}}, {"type": "Feature", "geometry": {"type": "Point", "coordinates": [3.4915, 42.285099]}, "properties": {"var_data": [0.226, 0.281, 0.01, 0.009, 0.271, -0.0, 1, 1, 1, 1, 1]}}, {"type": "Feature", "geometry": {"type": "Point", "coordinates": [3.52684, 42.285099]}, "properties": {"var_data": [0.209, 0.216, 0.011, 0.01, 0.285, -0.0, 1, 1, 1, 1, 1]}}, {"type": "Feature", "geometry": {"type": "Point", "coordinates": [3.56218, 42.285099]}, "properties": {"var_data": [0.222, 0.152, 0.01, 0.011, 0.299, 0.0, 1, 1, 1, 1, 1]}}, {"type": "Feature", "geometry": {"type": "Point", "coordinates": [3.59752, 42.285099]}, "properties": {"var_data": [0.201, 0.087, 0.009, 0.01, 0.312, 0.0, 1, 1, 1, 1, 1]}}, {"type": "Feature", "geometry": {"type": "Point", "coordinates": [3.63286, 42.285099]}, "properties": {"var_data": [0.214, 0.043, 0.008, 0.009, 0.326, -0.0, 1, 1, 1, 1, 1]}}, {"type": "Feature", "geometry": {"type": "Point", "coordinates": [3.6682, 42.285099]}, "properties": {"var_data": [0.24, 0.105, 0.015, 0.018, 0.395, -0.0, 1, 1, 1, 1, 1]}}, {"type": "Feature", "geometry": {"type": "Point", "coordinates": [3.70354, 42.285099]}, "properties": {"var_data": [0.292, 0.087, 0.015, 0.018, 0.375, -0.0, 1, 1, 1, 1, 1]}}, {"type": "Feature", "geometry": {"type": "Point", "coordinates": [3.73888, 42.285099]}, "properties": {"var_data": [0.356, 0.192, 0.019, 0.024, 0.415, -0.0, 1, 1, 1, 1, 1]}}, {"type": "Feature", "geometry": {"type": "Point", "coordinates": [3.77422, 42.285099]}, "properties": {"var_data": [0.387, 0.262, 0.02, 0.025, 0.452, -0.0, 1, 1, 1, 1, 1]}}, {"type": "Feature", "geometry": {"type": "Point", "coordinates": [3.80956, 42.285099]}, "properties": {"var_data": [0.383, 0.289, 0.023, 0.036, 0.511, -0.0, 1, 1, 1, 1, 1]}}, {"type": "Feature", "geometry": {"type": "Point", "coordinates": [3.8449, 42.285099]}, "properties": {"var_data": [0.312, 0.16, 0.015, 0.025, 0.531, -0.0, 1, 1, 1, 1, 1]}}, {"type": "Feature", "geometry": {"type": "Point", "coordinates": [3.88024, 42.285099]}, "properties": {"var_data": [0.297, -0.032, 0.011, 0.019, 0.552, 0.0, 1, 1, 1, 1, 1]}}, {"type": "Feature", "geometry": {"type": "Point", "coordinates": [3.91558, 42.285099]}, "properties": {"var_data": [0.26, -0.105, 0.01, 0.017, 0.57, 0.0, 1, 1, 1, 1, 1]}}, {"type": "Feature", "geometry": {"type": "Point", "coordinates": [3.95092, 42.285099]}, "properties": {"var_data": [0.246, -0.159, 0.014, 0.023, 0.69, 0.0, 1, 1, 1, 1, 1]}}, {"type": "Feature", "geometry": {"type": "Point", "coordinates": [3.98626, 42.285099]}, "properties": {"var_data": [0.24, -0.208, 0.005, 0.01, 0.698, 0.0, 1, 1, 1, 1, 1]}}, {"type": "Feature", "geometry": {"type": "Point", "coordinates": [4.0216, 42.285099]}, "properties": {"var_data": [0.194, -0.103, 0.056, 0.12, 0.836, -0.007, 1, 1, 1, 1, 1]}}, {"type": "Feature", "geometry": {"type": "Point", "coordinates": [4.05694, 42.285099]}, "properties": {"var_data": [0.168, -0.014, 0.057, 0.124, 0.853, -0.007, 1, 1, 1, 1, 1]}}, {"type": "Feature", "geometry": {"type": "Point", "coordinates": [3.3148, 42.312099]}, "properties": {"var_data": [0.239, 0.372, 0.009, 0.006, 0.197, 0.0, 1, 1, 1, 1, 1]}}, {"type": "Feature", "geometry": {"type": "Point", "coordinates": [3.35014, 42.312099]}, "properties": {"var_data": [0.27, 0.494, 0.005, 0.004, 0.195, 0.0, 1, 1, 1, 1, 1]}}, {"type": "Feature", "geometry": {"type": "Point", "coordinates": [3.38548, 42.312099]}, "properties": {"var_data": [0.284, 0.602, 0.005, 0.003, 0.201, 0.0, 1, 1, 1, 1, 1]}}, {"type": "Feature", "geometry": {"type": "Point", "coordinates": [3.42082, 42.312099]}, "properties": {"var_data": [0.287, 0.538, 0.005, 0.004, 0.22, 0.0, 1, 1, 1, 1, 1]}}, {"type": "Feature", "geometry": {"type": "Point", "coordinates": [3.45616, 42.312099]}, "properties": {"var_data": [0.276, 0.403, 0.005, 0.004, 0.241, 0.0, 1, 1, 1, 1, 1]}}, {"type": "Feature", "geometry": {"type": "Point", "coordinates": [3.4915, 42.312099]}, "properties": {"var_data": [0.261, 0.319, 0.009, 0.008, 0.274, 0.0, 1, 1, 1, 1, 1]}}, {"type": "Feature", "geometry": {"type": "Point", "coordinates": [3.52684, 42.312099]}, "properties": {"var_data": [0.243, 0.257, 0.011, 0.01, 0.272, 0.0, 1, 1, 1, 1, 1]}}, {"type": "Feature", "geometry": {"type": "Point", "coordinates": [3.56218, 42.312099]}, "properties": {"var_data": [0.23, 0.168, 0.01, 0.011, 0.29, 0.0, 1, 1, 1, 1, 1]}}, {"type": "Feature", "geometry": {"type": "Point", "coordinates": [3.59752, 42.312099]}, "properties": {"var_data": [0.231, 0.123, 0.009, 0.01, 0.293, 0.0, 1, 1, 1, 1, 1]}}, {"type": "Feature", "geometry": {"type": "Point", "coordinates": [3.63286, 42.312099]}, "properties": {"var_data": [0.263, 0.091, 0.009, 0.012, 0.339, 0.0, 1, 1, 1, 1, 1]}}, {"type": "Feature", "geometry": {"type": "Point", "coordinates": [3.6682, 42.312099]}, "properties": {"var_data": [0.268, 0.084, 0.006, 0.008, 0.35, 0.0, 1, 1, 1, 1, 1]}}, {"type": "Feature", "geometry": {"type": "Point", "coordinates": [3.70354, 42.312099]}, "properties": {"var_data": [0.324, 0.143, 0.006, 0.008, 0.373, 0.0, 1, 1, 1, 1, 1]}}, {"type": "Feature", "geometry": {"type": "Point", "coordinates": [3.73888, 42.312099]}, "properties": {"var_data": [0.381, 0.15, 0.006, 0.008, 0.441, 0.0, 1, 1, 1, 1, 1]}}, {"type": "Feature", "geometry": {"type": "Point", "coordinates": [3.77422, 42.312099]}, "properties": {"var_data": [0.39, 0.222, 0.008, 0.014, 0.462, 0.0, 1, 1, 1, 1, 1]}}, {"type": "Feature", "geometry": {"type": "Point", "coordinates": [3.80956, 42.312099]}, "properties": {"var_data": [0.367, 0.174, 0.007, 0.012, 0.455, 0.0, 1, 1, 1, 1, 1]}}, {"type": "Feature", "geometry": {"type": "Point", "coordinates": [3.8449, 42.312099]}, "properties": {"var_data": [0.292, -0.008, 0.014, 0.02, 0.521, -0.0, 1, 1, 1, 1, 1]}}, {"type": "Feature", "geometry": {"type": "Point", "coordinates": [3.88024, 42.312099]}, "properties": {"var_data": [0.255, 0.032, 0.011, 0.018, 0.572, 0.0, 1, 1, 1, 1, 1]}}, {"type": "Feature", "geometry": {"type": "Point", "coordinates": [3.91558, 42.312099]}, "properties": {"var_data": [0.244, -0.156, 0.009, 0.015, 0.598, 0.0, 1, 1, 1, 1, 1]}}, {"type": "Feature", "geometry": {"type": "Point", "coordinates": [3.95092, 42.312099]}, "properties": {"var_data": [0.207, -0.206, 0.011, 0.019, 0.579, 0.0, 1, 1, 1, 1, 1]}}, {"type": "Feature", "geometry": {"type": "Point", "coordinates": [3.98626, 42.312099]}, "properties": {"var_data": [0.205, -0.247, 0.013, 0.021, 0.66, 0.0, 1, 1, 1, 1, 1]}}, {"type": "Feature", "geometry": {"type": "Point", "coordinates": [4.0216, 42.312099]}, "properties": {"var_data": [0.207, -0.19, 0.061, 0.116, 0.896, -0.007, 1, 1, 1, 1, 1]}}, {"type": "Feature", "geometry": {"type": "Point", "coordinates": [4.05694, 42.312099]}, "properties": {"var_data": [0.207, -0.17, 0.058, 0.116, 0.855, -0.006, 1, 0, 1, 1, 1]}}, {"type": "Feature", "geometry": {"type": "Point", "coordinates": [4.09228, 42.312099]}, "properties": {"var_data": [0.186, -0.078, 0.068, 0.133, 0.951, -0.008, 1, 0, 1, 1, 1]}}, {"type": "Feature", "geometry": {"type": "Point", "coordinates": [3.27946, 42.3391]}, "properties": {"var_data": [0.171, 0.147, 0.022, 0.013, 0.255, 0.0, 1, 1, 1, 1, 1]}}, {"type": "Feature", "geometry": {"type": "Point", "coordinates": [3.3148, 42.3391]}, "properties": {"var_data": [0.239, 0.244, 0.01, 0.006, 0.215, 0.0, 1, 1, 1, 1, 1]}}, {"type": "Feature", "geometry": {"type": "Point", "coordinates": [3.35014, 42.3391]}, "properties": {"var_data": [0.262, 0.404, 0.007, 0.005, 0.214, 0.0, 1, 1, 1, 1, 1]}}, {"type": "Feature", "geometry": {"type": "Point", "coordinates": [3.38548, 42.3391]}, "properties": {"var_data": [0.339, 0.595, 0.005, 0.004, 0.24, 0.0, 4, 4, 1, 1, 1]}}, {"type": "Feature", "geometry": {"type": "Point", "coordinates": [3.42082, 42.3391]}, "properties": {"var_data": [0.346, 0.516, 0.005, 0.004, 0.223, 0.0, 1, 1, 1, 1, 1]}}, {"type": "Feature", "geometry": {"type": "Point", "coordinates": [3.45616, 42.3391]}, "properties": {"var_data": [0.343, 0.47, 0.006, 0.005, 0.251, -0.0, 1, 1, 1, 1, 1]}}, {"type": "Feature", "geometry": {"type": "Point", "coordinates": [3.4915, 42.3391]}, "properties": {"var_data": [0.324, 0.376, 0.007, 0.005, 0.25, -0.0, 1, 1, 1, 1, 1]}}, {"type": "Feature", "geometry": {"type": "Point", "coordinates": [3.52684, 42.3391]}, "properties": {"var_data": [0.288, 0.296, 0.01, 0.01, 0.277, 0.0, 1, 1, 1, 1, 1]}}, {"type": "Feature", "geometry": {"type": "Point", "coordinates": [3.56218, 42.3391]}, "properties": {"var_data": [0.272, 0.212, 0.011, 0.012, 0.283, 0.0, 1, 1, 1, 1, 1]}}, {"type": "Feature", "geometry": {"type": "Point", "coordinates": [3.59752, 42.3391]}, "properties": {"var_data": [0.268, 0.138, 0.01, 0.012, 0.314, 0.0, 1, 1, 1, 1, 1]}}, {"type": "Feature", "geometry": {"type": "Point", "coordinates": [3.63286, 42.3391]}, "properties": {"var_data": [0.285, 0.138, 0.009, 0.012, 0.321, 0.0, 1, 1, 1, 1, 1]}}, {"type": "Feature", "geometry": {"type": "Point", "coordinates": [3.6682, 42.3391]}, "properties": {"var_data": [0.306, 0.082, 0.01, 0.014, 0.361, 0.0, 1, 1, 1, 1, 1]}}, {"type": "Feature", "geometry": {"type": "Point", "coordinates": [3.70354, 42.3391]}, "properties": {"var_data": [0.325, 0.175, 0.01, 0.014, 0.408, 0.0, 1, 1, 1, 1, 1]}}, {"type": "Feature", "geometry": {"type": "Point", "coordinates": [3.73888, 42.3391]}, "properties": {"var_data": [0.347, 0.158, 0.01, 0.015, 0.42, 0.0, 1, 1, 1, 1, 1]}}, {"type": "Feature", "geometry": {"type": "Point", "coordinates": [3.77422, 42.3391]}, "properties": {"var_data": [0.34, 0.094, 0.01, 0.016, 0.425, 0.0, 1, 1, 1, 1, 1]}}, {"type": "Feature", "geometry": {"type": "Point", "coordinates": [3.80956, 42.3391]}, "properties": {"var_data": [0.357, 0.08, 0.008, 0.014, 0.45, 0.0, 1, 1, 1, 1, 1]}}, {"type": "Feature", "geometry": {"type": "Point", "coordinates": [3.8449, 42.3391]}, "properties": {"var_data": [0.308, -0.045, 0.008, 0.014, 0.496, 0.0, 1, 1, 1, 1, 1]}}, {"type": "Feature", "geometry": {"type": "Point", "coordinates": [3.88024, 42.3391]}, "properties": {"var_data": [0.271, -0.105, 0.009, 0.016, 0.515, 0.0, 1, 1, 1, 1, 1]}}, {"type": "Feature", "geometry": {"type": "Point", "coordinates": [3.91558, 42.3391]}, "properties": {"var_data": [0.244, -0.144, 0.011, 0.019, 0.57, 0.0, 1, 1, 1, 1, 1]}}, {"type": "Feature", "geometry": {"type": "Point", "coordinates": [3.95092, 42.3391]}, "properties": {"var_data": [0.226, -0.2, 0.011, 0.019, 0.571, 0.0, 1, 1, 1, 1, 1]}}, {"type": "Feature", "geometry": {"type": "Point", "coordinates": [3.98626, 42.3391]}, "properties": {"var_data": [0.224, -0.152, 0.017, 0.031, 0.666, -0.0, 1, 1, 1, 1, 1]}}, {"type": "Feature", "geometry": {"type": "Point", "coordinates": [4.0216, 42.3391]}, "properties": {"var_data": [0.239, -0.202, 0.031, 0.056, 0.733, -0.001, 1, 1, 1, 1, 1]}}, {"type": "Feature", "geometry": {"type": "Point", "coordinates": [4.05694, 42.3391]}, "properties": {"var_data": [0.288, -0.292, 0.066, 0.132, 1.014, -0.008, 1, 0, 1, 1, 1]}}, {"type": "Feature", "geometry": {"type": "Point", "coordinates": [4.09228, 42.3391]}, "properties": {"var_data": [0.262, -0.169, 0.074, 0.142, 1.094, -0.01, 1, 0, 1, 1, 1]}}, {"type": "Feature", "geometry": {"type": "Point", "coordinates": [3.20878, 42.3661]}, "properties": {"var_data": [0.112, 0.04, 0.142, 0.081, 1.064, 0.011, 1, 1, 1, 1, 1]}}, {"type": "Feature", "geometry": {"type": "Point", "coordinates": [3.24412, 42.3661]}, "properties": {"var_data": [-0.446, -0.192, 0.035, 0.02, 0.553, 0.001, 1, 1, 1, 1, 1]}}, {"type": "Feature", "geometry": {"type": "Point", "coordinates": [3.27946, 42.3661]}, "properties": {"var_data": [0.062, -0.031, 0.033, 0.019, 0.377, 0.001, 1, 1, 1, 1, 1]}}, {"type": "Feature", "geometry": {"type": "Point", "coordinates": [3.3148, 42.3661]}, "properties": {"var_data": [0.311, 0.088, 0.013, 0.008, 0.249, 0.0, 1, 1, 1, 1, 1]}}, {"type": "Feature", "geometry": {"type": "Point", "coordinates": [3.35014, 42.3661]}, "properties": {"var_data": [0.4, 0.166, 0.01, 0.008, 0.271, -0.0, 1, 1, 1, 1, 1]}}, {"type": "Feature", "geometry": {"type": "Point", "coordinates": [3.38548, 42.3661]}, "properties": {"var_data": [0.408, 0.51, 0.007, 0.005, 0.256, -0.0, 4, 4, 1, 1, 1]}}, {"type": "Feature", "geometry": {"type": "Point", "coordinates": [3.42082, 42.3661]}, "properties": {"var_data": [0.392, 0.524, 0.007, 0.005, 0.261, -0.0, 1, 1, 1, 1, 1]}}, {"type": "Feature", "geometry": {"type": "Point", "coordinates": [3.45616, 42.3661]}, "properties": {"var_data": [0.367, 0.489, 0.007, 0.005, 0.252, -0.0, 1, 1, 1, 1, 1]}}, {"type": "Feature", "geometry": {"type": "Point", "coordinates": [3.4915, 42.3661]}, "properties": {"var_data": [0.32, 0.39, 0.008, 0.005, 0.266, -0.0, 1, 1, 1, 1, 1]}}, {"type": "Feature", "geometry": {"type": "Point", "coordinates": [3.52684, 42.3661]}, "properties": {"var_data": [0.289, 0.333, 0.009, 0.01, 0.272, 0.0, 1, 1, 1, 1, 1]}}, {"type": "Feature", "geometry": {"type": "Point", "coordinates": [3.56218, 42.3661]}, "properties": {"var_data": [0.29, 0.239, 0.01, 0.011, 0.295, 0.0, 1, 1, 1, 1, 1]}}, {"type": "Feature", "geometry": {"type": "Point", "coordinates": [3.59752, 42.3661]}, "properties": {"var_data": [0.301, 0.201, 0.012, 0.014, 0.312, 0.0, 1, 1, 1, 1, 1]}}, {"type": "Feature", "geometry": {"type": "Point", "coordinates": [3.63286, 42.3661]}, "properties": {"var_data": [0.318, 0.138, 0.011, 0.014, 0.324, 0.0, 1, 1, 1, 1, 1]}}, {"type": "Feature", "geometry": {"type": "Point", "coordinates": [3.6682, 42.3661]}, "properties": {"var_data": [0.324, 0.097, 0.012, 0.017, 0.379, 0.0, 1, 1, 1, 1, 1]}}, {"type": "Feature", "geometry": {"type": "Point", "coordinates": [3.70354, 42.3661]}, "properties": {"var_data": [0.323, 0.116, 0.013, 0.018, 0.384, 0.0, 1, 1, 1, 1, 1]}}, {"type": "Feature", "geometry": {"type": "Point", "coordinates": [3.73888, 42.3661]}, "properties": {"var_data": [0.33, 0.108, 0.008, 0.012, 0.408, 0.0, 1, 1, 1, 1, 1]}}, {"type": "Feature", "geometry": {"type": "Point", "coordinates": [3.77422, 42.3661]}, "properties": {"var_data": [0.328, 0.054, 0.008, 0.013, 0.443, 0.0, 1, 1, 1, 1, 1]}}, {"type": "Feature", "geometry": {"type": "Point", "coordinates": [3.80956, 42.3661]}, "properties": {"var_data": [0.315, 0.046, 0.008, 0.013, 0.427, 0.0, 1, 1, 1, 1, 1]}}, {"type": "Feature", "geometry": {"type": "Point", "coordinates": [3.8449, 42.3661]}, "properties": {"var_data": [0.303, -0.052, 0.008, 0.014, 0.477, 0.0, 1, 1, 1, 1, 1]}}, {"type": "Feature", "geometry": {"type": "Point", "coordinates": [3.88024, 42.3661]}, "properties": {"var_data": [0.301, -0.11, 0.013, 0.022, 0.488, 0.0, 1, 1, 1, 1, 1]}}, {"type": "Feature", "geometry": {"type": "Point", "coordinates": [3.91558, 42.3661]}, "properties": {"var_data": [0.261, -0.172, 0.019, 0.032, 0.544, -0.0, 1, 1, 1, 1, 1]}}, {"type": "Feature", "geometry": {"type": "Point", "coordinates": [3.95092, 42.3661]}, "properties": {"var_data": [0.273, -0.162, 0.02, 0.036, 0.664, 0.0, 1, 1, 1, 1, 1]}}, {"type": "Feature", "geometry": {"type": "Point", "coordinates": [3.98626, 42.3661]}, "properties": {"var_data": [0.248, -0.195, 0.019, 0.035, 0.692, -0.0, 1, 1, 1, 1, 1]}}, {"type": "Feature", "geometry": {"type": "Point", "coordinates": [4.0216, 42.3661]}, "properties": {"var_data": [0.225, -0.168, 0.018, 0.034, 0.673, -0.0, 1, 1, 1, 1, 1]}}, {"type": "Feature", "geometry": {"type": "Point", "coordinates": [4.05694, 42.3661]}, "properties": {"var_data": [0.279, -0.198, 0.067, 0.119, 0.854, -0.007, 1, 0, 1, 1, 1]}}, {"type": "Feature", "geometry": {"type": "Point", "coordinates": [4.09228, 42.3661]}, "properties": {"var_data": [0.295, -0.186, 0.071, 0.13, 0.983, -0.009, 1, 0, 1, 1, 1]}}, {"type": "Feature", "geometry": {"type": "Point", "coordinates": [4.12762, 42.3661]}, "properties": {"var_data": [0.271, -0.072, 0.08, 0.154, 1.195, -0.011, 1, 0, 1, 1, 1]}}, {"type": "Feature", "geometry": {"type": "Point", "coordinates": [3.17344, 42.393101]}, "properties": {"var_data": [-0.102, -0.117, 0.328, 0.187, 3.523, 0.061, 4, 4, 4, 1, 1]}}, {"type": "Feature", "geometry": {"type": "Point", "coordinates": [3.20878, 42.393101]}, "properties": {"var_data": [0.187, 0.034, 0.063, 0.039, 0.935, 0.002, 1, 1, 1, 1, 1]}}, {"type": "Feature", "geometry": {"type": "Point", "coordinates": [3.24412, 42.393101]}, "properties": {"var_data": [-0.241, -0.12, 0.03, 0.018, 0.568, 0.001, 4, 4, 1, 1, 1]}}, {"type": "Feature", "geometry": {"type": "Point", "coordinates": [3.27946, 42.393101]}, "properties": {"var_data": [-0.401, -0.174, 0.023, 0.014, 0.445, 0.0, 1, 1, 1, 1, 1]}}, {"type": "Feature", "geometry": {"type": "Point", "coordinates": [3.3148, 42.393101]}, "properties": {"var_data": [-0.3, -0.131, 0.02, 0.012, 0.386, 0.0, 1, 1, 1, 1, 1]}}, {"type": "Feature", "geometry": {"type": "Point", "coordinates": [3.35014, 42.393101]}, "properties": {"var_data": [0.181, 0.087, 0.017, 0.008, 0.331, -0.0, 1, 1, 1, 1, 1]}}, {"type": "Feature", "geometry": {"type": "Point", "coordinates": [3.38548, 42.393101]}, "properties": {"var_data": [0.349, 0.364, 0.012, 0.008, 0.304, -0.0, 1, 1, 1, 1, 1]}}, {"type": "Feature", "geometry": {"type": "Point", "coordinates": [3.42082, 42.393101]}, "properties": {"var_data": [0.342, 0.504, 0.008, 0.005, 0.278, -0.0, 1, 1, 1, 1, 1]}}, {"type": "Feature", "geometry": {"type": "Point", "coordinates": [3.45616, 42.393101]}, "properties": {"var_data": [0.299, 0.452, 0.008, 0.005, 0.276, -0.0, 1, 1, 1, 1, 1]}}, {"type": "Feature", "geometry": {"type": "Point", "coordinates": [3.4915, 42.393101]}, "properties": {"var_data": [0.25, 0.405, 0.008, 0.006, 0.27, -0.0, 1, 1, 1, 1, 1]}}, {"type": "Feature", "geometry": {"type": "Point", "coordinates": [3.52684, 42.393101]}, "properties": {"var_data": [0.233, 0.308, 0.009, 0.007, 0.288, -0.0, 1, 1, 1, 1, 1]}}, {"type": "Feature", "geometry": {"type": "Point", "coordinates": [3.56218, 42.393101]}, "properties": {"var_data": [0.239, 0.233, 0.012, 0.012, 0.31, 0.0, 1, 1, 1, 1, 1]}}, {"type": "Feature", "geometry": {"type": "Point", "coordinates": [3.59752, 42.393101]}, "properties": {"var_data": [0.293, 0.171, 0.011, 0.012, 0.307, 0.0, 1, 1, 1, 1, 1]}}, {"type": "Feature", "geometry": {"type": "Point", "coordinates": [3.63286, 42.393101]}, "properties": {"var_data": [0.346, 0.113, 0.013, 0.016, 0.345, 0.0, 1, 1, 1, 1, 1]}}, {"type": "Feature", "geometry": {"type": "Point", "coordinates": [3.6682, 42.393101]}, "properties": {"var_data": [0.321, 0.141, 0.013, 0.016, 0.354, 0.0, 1, 1, 1, 1, 1]}}, {"type": "Feature", "geometry": {"type": "Point", "coordinates": [3.70354, 42.393101]}, "properties": {"var_data": [0.314, 0.143, 0.014, 0.02, 0.385, 0.0, 1, 1, 1, 1, 1]}}, {"type": "Feature", "geometry": {"type": "Point", "coordinates": [3.73888, 42.393101]}, "properties": {"var_data": [0.275, 0.09, 0.01, 0.017, 0.387, 0.0, 1, 1, 1, 1, 1]}}, {"type": "Feature", "geometry": {"type": "Point", "coordinates": [3.77422, 42.393101]}, "properties": {"var_data": [0.29, 0.102, 0.01, 0.016, 0.399, 0.0, 1, 1, 1, 1, 1]}}, {"type": "Feature", "geometry": {"type": "Point", "coordinates": [3.80956, 42.393101]}, "properties": {"var_data": [0.287, 0.049, 0.007, 0.012, 0.387, 0.0, 1, 1, 1, 1, 1]}}, {"type": "Feature", "geometry": {"type": "Point", "coordinates": [3.8449, 42.393101]}, "properties": {"var_data": [0.329, -0.009, 0.009, 0.015, 0.425, 0.0, 1, 1, 1, 1, 1]}}, {"type": "Feature", "geometry": {"type": "Point", "coordinates": [3.88024, 42.393101]}, "properties": {"var_data": [0.321, -0.099, 0.029, 0.047, 0.608, -0.0, 1, 1, 1, 1, 1]}}, {"type": "Feature", "geometry": {"type": "Point", "coordinates": [3.91558, 42.393101]}, "properties": {"var_data": [0.271, -0.168, 0.018, 0.031, 0.552, 0.0, 1, 1, 1, 1, 1]}}, {"type": "Feature", "geometry": {"type": "Point", "coordinates": [3.95092, 42.393101]}, "properties": {"var_data": [0.257, -0.175, 0.016, 0.024, 0.577, -0.0, 1, 1, 1, 1, 1]}}, {"type": "Feature", "geometry": {"type": "Point", "coordinates": [3.98626, 42.393101]}, "properties": {"var_data": [0.28, -0.235, 0.017, 0.025, 0.671, -0.0, 1, 1, 1, 1, 1]}}, {"type": "Feature", "geometry": {"type": "Point", "coordinates": [4.0216, 42.393101]}, "properties": {"var_data": [0.291, -0.137, 0.035, 0.063, 0.899, -0.001, 1, 1, 1, 1, 1]}}, {"type": "Feature", "geometry": {"type": "Point", "coordinates": [4.05694, 42.393101]}, "properties": {"var_data": [0.333, -0.219, 0.085, 0.14, 1.031, -0.011, 1, 0, 1, 1, 1]}}, {"type": "Feature", "geometry": {"type": "Point", "coordinates": [4.09228, 42.393101]}, "properties": {"var_data": [0.316, -0.106, 0.085, 0.139, 1.016, -0.011, 1, 0, 1, 1, 1]}}, {"type": "Feature", "geometry": {"type": "Point", "coordinates": [4.12762, 42.393101]}, "properties": {"var_data": [0.288, 0.139, 0.088, 0.142, 1.187, -0.012, 1, 0, 1, 1, 1]}}, {"type": "Feature", "geometry": {"type": "Point", "coordinates": [3.17344, 42.420101]}, "properties": {"var_data": [0.068, 0.025, 0.143, 0.072, 2.312, 0.01, 4, 1, 4, 1, 1]}}, {"type": "Feature", "geometry": {"type": "Point", "coordinates": [3.20878, 42.420101]}, "properties": {"var_data": [0.267, 0.101, 0.059, 0.037, 0.849, 0.002, 1, 1, 1, 1, 1]}}, {"type": "Feature", "geometry": {"type": "Point", "coordinates": [3.24412, 42.420101]}, "properties": {"var_data": [0.096, 0.02, 0.043, 0.029, 0.612, 0.001, 4, 4, 1, 1, 1]}}, {"type": "Feature", "geometry": {"type": "Point", "coordinates": [3.27946, 42.420101]}, "properties": {"var_data": [-0.267, -0.141, 0.018, 0.013, 0.432, 0.0, 1, 1, 1, 1, 1]}}, {"type": "Feature", "geometry": {"type": "Point", "coordinates": [3.3148, 42.420101]}, "properties": {"var_data": [-0.216, -0.116, 0.016, 0.012, 0.402, 0.0, 1, 1, 1, 1, 1]}}, {"type": "Feature", "geometry": {"type": "Point", "coordinates": [3.35014, 42.420101]}, "properties": {"var_data": [-0.155, -0.064, 0.013, 0.009, 0.368, 0.0, 1, 1, 1, 1, 1]}}, {"type": "Feature", "geometry": {"type": "Point", "coordinates": [3.38548, 42.420101]}, "properties": {"var_data": [-0.114, 0.091, 0.014, 0.008, 0.358, 0.0, 1, 1, 1, 1, 1]}}, {"type": "Feature", "geometry": {"type": "Point", "coordinates": [3.42082, 42.420101]}, "properties": {"var_data": [0.134, 0.37, 0.012, 0.007, 0.314, -0.0, 1, 1, 1, 1, 1]}}, {"type": "Feature", "geometry": {"type": "Point", "coordinates": [3.45616, 42.420101]}, "properties": {"var_data": [0.151, 0.408, 0.012, 0.007, 0.292, -0.0, 1, 1, 1, 1, 1]}}, {"type": "Feature", "geometry": {"type": "Point", "coordinates": [3.4915, 42.420101]}, "properties": {"var_data": [0.085, 0.32, 0.011, 0.007, 0.298, -0.0, 1, 1, 1, 1, 1]}}, {"type": "Feature", "geometry": {"type": "Point", "coordinates": [3.52684, 42.420101]}, "properties": {"var_data": [0.137, 0.271, 0.011, 0.007, 0.299, -0.0, 1, 1, 1, 1, 1]}}, {"type": "Feature", "geometry": {"type": "Point", "coordinates": [3.56218, 42.420101]}, "properties": {"var_data": [0.17, 0.199, 0.013, 0.013, 0.304, 0.0, 1, 1, 1, 1, 1]}}, {"type": "Feature", "geometry": {"type": "Point", "coordinates": [3.59752, 42.420101]}, "properties": {"var_data": [0.258, 0.185, 0.013, 0.014, 0.32, 0.0, 1, 1, 1, 1, 1]}}, {"type": "Feature", "geometry": {"type": "Point", "coordinates": [3.63286, 42.420101]}, "properties": {"var_data": [0.295, 0.113, 0.014, 0.017, 0.352, 0.0, 1, 1, 1, 1, 1]}}, {"type": "Feature", "geometry": {"type": "Point", "coordinates": [3.6682, 42.420101]}, "properties": {"var_data": [0.309, 0.124, 0.012, 0.017, 0.355, 0.0, 1, 1, 1, 1, 1]}}, {"type": "Feature", "geometry": {"type": "Point", "coordinates": [3.70354, 42.420101]}, "properties": {"var_data": [0.254, 0.138, 0.012, 0.014, 0.354, -0.0, 1, 1, 1, 1, 1]}}, {"type": "Feature", "geometry": {"type": "Point", "coordinates": [3.73888, 42.420101]}, "properties": {"var_data": [0.252, 0.123, 0.012, 0.015, 0.382, -0.0, 1, 1, 1, 1, 1]}}, {"type": "Feature", "geometry": {"type": "Point", "coordinates": [3.77422, 42.420101]}, "properties": {"var_data": [0.265, 0.097, 0.013, 0.014, 0.372, -0.0, 1, 1, 1, 1, 1]}}, {"type": "Feature", "geometry": {"type": "Point", "coordinates": [3.80956, 42.420101]}, "properties": {"var_data": [0.287, 0.067, 0.018, 0.025, 0.502, -0.0, 1, 1, 1, 1, 1]}}, {"type": "Feature", "geometry": {"type": "Point", "coordinates": [3.8449, 42.420101]}, "properties": {"var_data": [0.288, 0.028, 0.008, 0.018, 0.432, 0.0, 1, 1, 1, 1, 1]}}, {"type": "Feature", "geometry": {"type": "Point", "coordinates": [3.88024, 42.420101]}, "properties": {"var_data": [0.268, -0.051, 0.011, 0.028, 0.481, 0.0, 1, 1, 1, 1, 1]}}, {"type": "Feature", "geometry": {"type": "Point", "coordinates": [3.91558, 42.420101]}, "properties": {"var_data": [0.285, -0.044, 0.007, 0.017, 0.591, 0.0, 1, 1, 1, 1, 1]}}, {"type": "Feature", "geometry": {"type": "Point", "coordinates": [3.95092, 42.420101]}, "properties": {"var_data": [0.284, -0.122, 0.017, 0.025, 0.656, -0.0, 1, 1, 1, 1, 1]}}, {"type": "Feature", "geometry": {"type": "Point", "coordinates": [3.98626, 42.420101]}, "properties": {"var_data": [0.299, -0.194, 0.049, 0.064, 0.762, -0.003, 1, 0, 1, 1, 1]}}, {"type": "Feature", "geometry": {"type": "Point", "coordinates": [4.0216, 42.420101]}, "properties": {"var_data": [0.339, -0.233, 0.084, 0.109, 0.95, -0.009, 1, 0, 1, 1, 1]}}, {"type": "Feature", "geometry": {"type": "Point", "coordinates": [4.05694, 42.420101]}, "properties": {"var_data": [0.367, -0.179, 0.089, 0.138, 1.072, -0.012, 1, 0, 1, 1, 1]}}, {"type": "Feature", "geometry": {"type": "Point", "coordinates": [4.09228, 42.420101]}, "properties": {"var_data": [0.341, -0.052, 0.096, 0.149, 1.125, -0.014, 1, 0, 1, 1, 1]}}, {"type": "Feature", "geometry": {"type": "Point", "coordinates": [4.12762, 42.420101]}, "properties": {"var_data": [0.31, 0.107, 0.093, 0.149, 1.096, -0.013, 1, 0, 1, 1, 1]}}, {"type": "Feature", "geometry": {"type": "Point", "coordinates": [3.17344, 42.447102]}, "properties": {"var_data": [0.078, 0.068, 0.097, 0.054, 1.438, 0.005, 1, 1, 1, 1, 1]}}, {"type": "Feature", "geometry": {"type": "Point", "coordinates": [3.20878, 42.447102]}, "properties": {"var_data": [0.166, 0.087, 0.049, 0.031, 0.737, 0.001, 1, 1, 1, 1, 1]}}, {"type": "Feature", "geometry": {"type": "Point", "coordinates": [3.24412, 42.447102]}, "properties": {"var_data": [0.067, 0.011, 0.038, 0.026, 0.587, 0.001, 1, 1, 1, 1, 1]}}, {"type": "Feature", "geometry": {"type": "Point", "coordinates": [3.27946, 42.447102]}, "properties": {"var_data": [-0.157, -0.126, 0.02, 0.015, 0.433, 0.0, 1, 1, 1, 1, 1]}}, {"type": "Feature", "geometry": {"type": "Point", "coordinates": [3.3148, 42.447102]}, "properties": {"var_data": [-0.098, -0.085, 0.014, 0.011, 0.359, 0.0, 1, 1, 1, 1, 1]}}, {"type": "Feature", "geometry": {"type": "Point", "coordinates": [3.35014, 42.447102]}, "properties": {"var_data": [-0.173, -0.142, 0.015, 0.012, 0.377, 0.0, 1, 1, 1, 1, 1]}}, {"type": "Feature", "geometry": {"type": "Point", "coordinates": [3.38548, 42.447102]}, "properties": {"var_data": [-0.106, 0.028, 0.013, 0.009, 0.327, 0.0, 1, 1, 1, 1, 1]}}, {"type": "Feature", "geometry": {"type": "Point", "coordinates": [3.42082, 42.447102]}, "properties": {"var_data": [-0.084, 0.186, 0.012, 0.007, 0.318, -0.0, 1, 1, 1, 1, 1]}}, {"type": "Feature", "geometry": {"type": "Point", "coordinates": [3.45616, 42.447102]}, "properties": {"var_data": [-0.097, 0.258, 0.014, 0.008, 0.331, -0.0, 1, 1, 1, 1, 1]}}, {"type": "Feature", "geometry": {"type": "Point", "coordinates": [3.4915, 42.447102]}, "properties": {"var_data": [-0.061, 0.261, 0.015, 0.008, 0.309, -0.0, 1, 1, 1, 1, 1]}}, {"type": "Feature", "geometry": {"type": "Point", "coordinates": [3.52684, 42.447102]}, "properties": {"var_data": [-0.027, 0.187, 0.017, 0.01, 0.335, -0.0, 1, 1, 1, 1, 1]}}, {"type": "Feature", "geometry": {"type": "Point", "coordinates": [3.56218, 42.447102]}, "properties": {"var_data": [0.108, 0.175, 0.017, 0.011, 0.327, -0.0, 1, 1, 1, 1, 1]}}, {"type": "Feature", "geometry": {"type": "Point", "coordinates": [3.59752, 42.447102]}, "properties": {"var_data": [0.151, 0.106, 0.013, 0.015, 0.307, 0.0, 1, 1, 1, 1, 1]}}, {"type": "Feature", "geometry": {"type": "Point", "coordinates": [3.63286, 42.447102]}, "properties": {"var_data": [0.194, 0.097, 0.012, 0.017, 0.329, 0.0, 1, 1, 1, 1, 1]}}, {"type": "Feature", "geometry": {"type": "Point", "coordinates": [3.6682, 42.447102]}, "properties": {"var_data": [0.209, 0.099, 0.011, 0.013, 0.35, -0.0, 1, 1, 1, 1, 1]}}, {"type": "Feature", "geometry": {"type": "Point", "coordinates": [3.70354, 42.447102]}, "properties": {"var_data": [0.211, 0.085, 0.009, 0.01, 0.355, -0.0, 1, 1, 1, 1, 1]}}, {"type": "Feature", "geometry": {"type": "Point", "coordinates": [3.73888, 42.447102]}, "properties": {"var_data": [0.238, 0.135, 0.01, 0.014, 0.411, -0.0, 1, 1, 1, 1, 1]}}, {"type": "Feature", "geometry": {"type": "Point", "coordinates": [3.77422, 42.447102]}, "properties": {"var_data": [0.258, 0.068, 0.01, 0.012, 0.396, -0.0, 1, 1, 1, 1, 1]}}, {"type": "Feature", "geometry": {"type": "Point", "coordinates": [3.80956, 42.447102]}, "properties": {"var_data": [0.26, 0.03, 0.009, 0.012, 0.4, -0.0, 1, 1, 1, 1, 1]}}, {"type": "Feature", "geometry": {"type": "Point", "coordinates": [3.8449, 42.447102]}, "properties": {"var_data": [0.279, 0.082, 0.004, 0.006, 0.441, -0.0, 1, 1, 1, 1, 1]}}, {"type": "Feature", "geometry": {"type": "Point", "coordinates": [3.88024, 42.447102]}, "properties": {"var_data": [0.271, 0.008, 0.004, 0.006, 0.44, -0.0, 1, 1, 1, 1, 1]}}, {"type": "Feature", "geometry": {"type": "Point", "coordinates": [3.91558, 42.447102]}, "properties": {"var_data": [0.299, -0.108, 0.004, 0.006, 0.573, -0.0, 1, 1, 1, 1, 1]}}, {"type": "Feature", "geometry": {"type": "Point", "coordinates": [3.95092, 42.447102]}, "properties": {"var_data": [0.279, -0.122, 0.004, 0.006, 0.697, -0.0, 1, 1, 1, 1, 1]}}, {"type": "Feature", "geometry": {"type": "Point", "coordinates": [3.98626, 42.447102]}, "properties": {"var_data": [0.316, -0.127, 0.053, 0.067, 0.945, -0.003, 1, 1, 1, 1, 1]}}, {"type": "Feature", "geometry": {"type": "Point", "coordinates": [4.0216, 42.447102]}, "properties": {"var_data": [0.313, -0.097, 0.052, 0.068, 0.871, -0.003, 1, 0, 1, 1, 1]}}, {"type": "Feature", "geometry": {"type": "Point", "coordinates": [4.05694, 42.447102]}, "properties": {"var_data": [0.368, -0.098, 0.108, 0.153, 1.051, -0.016, 1, 0, 1, 1, 1]}}, {"type": "Feature", "geometry": {"type": "Point", "coordinates": [4.09228, 42.447102]}, "properties": {"var_data": [0.411, -0.096, 0.13, 0.199, 1.401, -0.025, 1, 0, 1, 1, 1]}}, {"type": "Feature", "geometry": {"type": "Point", "coordinates": [4.12762, 42.447102]}, "properties": {"var_data": [0.43, -0.051, 0.141, 0.215, 1.517, -0.03, 1, 0, 1, 1, 1]}}, {"type": "Feature", "geometry": {"type": "Point", "coordinates": [4.16296, 42.447102]}, "properties": {"var_data": [0.445, -0.164, 0.128, 0.2, 1.39, -0.025, 1, 0, 1, 1, 1]}}, {"type": "Feature", "geometry": {"type": "Point", "coordinates": [3.17344, 42.474098]}, "properties": {"var_data": [-0.045, 0.045, 0.066, 0.038, 1.151, 0.002, 1, 1, 1, 1, 1]}}, {"type": "Feature", "geometry": {"type": "Point", "coordinates": [3.20878, 42.474098]}, "properties": {"var_data": [0.041, 0.053, 0.042, 0.027, 0.653, 0.001, 1, 1, 1, 1, 1]}}, {"type": "Feature", "geometry": {"type": "Point", "coordinates": [3.24412, 42.474098]}, "properties": {"var_data": [0.046, 0.024, 0.035, 0.026, 0.539, 0.001, 1, 1, 1, 1, 1]}}, {"type": "Feature", "geometry": {"type": "Point", "coordinates": [3.27946, 42.474098]}, "properties": {"var_data": [-0.083, -0.084, 0.036, 0.029, 0.426, 0.001, 1, 1, 1, 1, 1]}}, {"type": "Feature", "geometry": {"type": "Point", "coordinates": [3.3148, 42.474098]}, "properties": {"var_data": [-0.14, -0.15, 0.013, 0.014, 0.344, 0.0, 1, 1, 1, 1, 1]}}, {"type": "Feature", "geometry": {"type": "Point", "coordinates": [3.35014, 42.474098]}, "properties": {"var_data": [-0.192, -0.215, 0.012, 0.013, 0.325, 0.0, 1, 1, 1, 1, 1]}}, {"type": "Feature", "geometry": {"type": "Point", "coordinates": [3.38548, 42.474098]}, "properties": {"var_data": [-0.098, -0.038, 0.012, 0.01, 0.315, 0.0, 1, 1, 1, 1, 1]}}, {"type": "Feature", "geometry": {"type": "Point", "coordinates": [3.42082, 42.474098]}, "properties": {"var_data": [-0.119, 0.055, 0.012, 0.011, 0.327, 0.0, 1, 1, 1, 1, 1]}}, {"type": "Feature", "geometry": {"type": "Point", "coordinates": [3.45616, 42.474098]}, "properties": {"var_data": [-0.079, 0.194, 0.011, 0.008, 0.326, -0.0, 1, 1, 1, 1, 1]}}, {"type": "Feature", "geometry": {"type": "Point", "coordinates": [3.4915, 42.474098]}, "properties": {"var_data": [-0.044, 0.237, 0.012, 0.008, 0.329, -0.0, 1, 1, 1, 1, 1]}}, {"type": "Feature", "geometry": {"type": "Point", "coordinates": [3.52684, 42.474098]}, "properties": {"var_data": [-0.025, 0.155, 0.018, 0.011, 0.326, -0.0, 1, 1, 1, 1, 1]}}, {"type": "Feature", "geometry": {"type": "Point", "coordinates": [3.56218, 42.474098]}, "properties": {"var_data": [0.058, 0.142, 0.023, 0.013, 0.325, -0.0, 1, 1, 1, 1, 1]}}, {"type": "Feature", "geometry": {"type": "Point", "coordinates": [3.59752, 42.474098]}, "properties": {"var_data": [0.089, 0.05, 0.012, 0.013, 0.338, -0.0, 1, 1, 1, 1, 1]}}, {"type": "Feature", "geometry": {"type": "Point", "coordinates": [3.63286, 42.474098]}, "properties": {"var_data": [0.133, 0.066, 0.011, 0.011, 0.322, -0.0, 1, 1, 1, 1, 1]}}, {"type": "Feature", "geometry": {"type": "Point", "coordinates": [3.6682, 42.474098]}, "properties": {"var_data": [0.098, 0.037, 0.01, 0.011, 0.346, -0.0, 1, 1, 1, 1, 1]}}, {"type": "Feature", "geometry": {"type": "Point", "coordinates": [3.70354, 42.474098]}, "properties": {"var_data": [0.136, 0.042, 0.011, 0.012, 0.364, -0.0, 1, 1, 1, 1, 1]}}, {"type": "Feature", "geometry": {"type": "Point", "coordinates": [3.73888, 42.474098]}, "properties": {"var_data": [0.16, 0.041, 0.008, 0.01, 0.372, -0.0, 1, 1, 1, 1, 1]}}, {"type": "Feature", "geometry": {"type": "Point", "coordinates": [3.77422, 42.474098]}, "properties": {"var_data": [0.236, 0.045, 0.01, 0.013, 0.407, -0.0, 1, 1, 1, 1, 1]}}, {"type": "Feature", "geometry": {"type": "Point", "coordinates": [3.80956, 42.474098]}, "properties": {"var_data": [0.255, 0.035, 0.009, 0.012, 0.401, -0.0, 1, 1, 1, 1, 1]}}, {"type": "Feature", "geometry": {"type": "Point", "coordinates": [3.8449, 42.474098]}, "properties": {"var_data": [0.292, 0.013, 0.004, 0.006, 0.456, -0.0, 1, 1, 1, 1, 1]}}, {"type": "Feature", "geometry": {"type": "Point", "coordinates": [3.88024, 42.474098]}, "properties": {"var_data": [0.262, 0.051, 0.004, 0.006, 0.54, -0.0, 1, 1, 1, 1, 1]}}, {"type": "Feature", "geometry": {"type": "Point", "coordinates": [3.91558, 42.474098]}, "properties": {"var_data": [0.288, -0.0, 0.004, 0.006, 0.546, -0.0, 1, 1, 1, 1, 1]}}, {"type": "Feature", "geometry": {"type": "Point", "coordinates": [3.95092, 42.474098]}, "properties": {"var_data": [0.289, -0.018, 0.004, 0.006, 0.576, -0.0, 1, 1, 1, 1, 1]}}, {"type": "Feature", "geometry": {"type": "Point", "coordinates": [3.98626, 42.474098]}, "properties": {"var_data": [0.309, 0.028, 0.034, 0.044, 0.794, -0.001, 1, 0, 1, 1, 1]}}, {"type": "Feature", "geometry": {"type": "Point", "coordinates": [4.0216, 42.474098]}, "properties": {"var_data": [0.328, -0.017, 0.04, 0.052, 0.974, -0.002, 1, 0, 1, 1, 1]}}, {"type": "Feature", "geometry": {"type": "Point", "coordinates": [4.05694, 42.474098]}, "properties": {"var_data": [0.33, 0.064, 0.125, 0.183, 1.153, -0.022, 1, 0, 1, 1, 1]}}, {"type": "Feature", "geometry": {"type": "Point", "coordinates": [4.09228, 42.474098]}, "properties": {"var_data": [0.395, -0.024, 0.13, 0.19, 1.06, -0.024, 1, 0, 1, 1, 1]}}, {"type": "Feature", "geometry": {"type": "Point", "coordinates": [4.12762, 42.474098]}, "properties": {"var_data": [0.453, -0.169, 0.146, 0.219, 1.218, -0.031, 1, 0, 1, 1, 1]}}, {"type": "Feature", "geometry": {"type": "Point", "coordinates": [4.16296, 42.474098]}, "properties": {"var_data": [0.541, -0.367, 0.132, 0.208, 1.425, -0.027, 1, 0, 1, 1, 1]}}, {"type": "Feature", "geometry": {"type": "Point", "coordinates": [3.1381, 42.501099]}, "properties": {"var_data": [-0.34, -0.033, 0.052, 0.031, 1.591, 0.002, 1, 1, 1, 1, 1]}}, {"type": "Feature", "geometry": {"type": "Point", "coordinates": [3.17344, 42.501099]}, "properties": {"var_data": [-0.075, 0.069, 0.046, 0.028, 0.871, 0.001, 1, 1, 1, 1, 1]}}, {"type": "Feature", "geometry": {"type": "Point", "coordinates": [3.20878, 42.501099]}, "properties": {"var_data": [-0.156, -0.022, 0.041, 0.026, 0.615, 0.001, 1, 1, 1, 1, 1]}}, {"type": "Feature", "geometry": {"type": "Point", "coordinates": [3.24412, 42.501099]}, "properties": {"var_data": [-0.105, -0.049, 0.036, 0.029, 0.462, 0.001, 1, 1, 1, 1, 1]}}, {"type": "Feature", "geometry": {"type": "Point", "coordinates": [3.27946, 42.501099]}, "properties": {"var_data": [-0.145, -0.129, 0.031, 0.029, 0.394, 0.001, 1, 1, 1, 1, 1]}}, {"type": "Feature", "geometry": {"type": "Point", "coordinates": [3.3148, 42.501099]}, "properties": {"var_data": [-0.222, -0.239, 0.023, 0.025, 0.34, 0.001, 1, 1, 1, 1, 1]}}, {"type": "Feature", "geometry": {"type": "Point", "coordinates": [3.35014, 42.501099]}, "properties": {"var_data": [-0.263, -0.303, 0.011, 0.012, 0.319, 0.0, 1, 1, 1, 1, 1]}}, {"type": "Feature", "geometry": {"type": "Point", "coordinates": [3.38548, 42.501099]}, "properties": {"var_data": [-0.212, -0.201, 0.009, 0.01, 0.323, 0.0, 1, 1, 1, 1, 1]}}, {"type": "Feature", "geometry": {"type": "Point", "coordinates": [3.42082, 42.501099]}, "properties": {"var_data": [-0.186, -0.077, 0.011, 0.01, 0.302, 0.0, 1, 1, 1, 1, 1]}}, {"type": "Feature", "geometry": {"type": "Point", "coordinates": [3.45616, 42.501099]}, "properties": {"var_data": [-0.101, 0.09, 0.012, 0.009, 0.321, -0.0, 1, 1, 1, 1, 1]}}, {"type": "Feature", "geometry": {"type": "Point", "coordinates": [3.4915, 42.501099]}, "properties": {"var_data": [-0.001, 0.239, 0.012, 0.008, 0.339, -0.0, 1, 1, 1, 1, 1]}}, {"type": "Feature", "geometry": {"type": "Point", "coordinates": [3.52684, 42.501099]}, "properties": {"var_data": [-0.001, 0.201, 0.024, 0.013, 0.368, -0.0, 1, 1, 1, 1, 1]}}, {"type": "Feature", "geometry": {"type": "Point", "coordinates": [3.56218, 42.501099]}, "properties": {"var_data": [0.04, 0.147, 0.021, 0.014, 0.334, -0.0, 1, 1, 1, 1, 1]}}, {"type": "Feature", "geometry": {"type": "Point", "coordinates": [3.59752, 42.501099]}, "properties": {"var_data": [0.017, 0.082, 0.019, 0.014, 0.336, -0.0, 1, 1, 1, 1, 1]}}, {"type": "Feature", "geometry": {"type": "Point", "coordinates": [3.63286, 42.501099]}, "properties": {"var_data": [0.043, 0.031, 0.011, 0.012, 0.355, -0.0, 1, 1, 1, 1, 1]}}, {"type": "Feature", "geometry": {"type": "Point", "coordinates": [3.6682, 42.501099]}, "properties": {"var_data": [0.056, 0.03, 0.011, 0.012, 0.356, -0.0, 1, 1, 1, 1, 1]}}, {"type": "Feature", "geometry": {"type": "Point", "coordinates": [3.70354, 42.501099]}, "properties": {"var_data": [0.09, 0.025, 0.011, 0.014, 0.4, -0.0, 1, 1, 1, 1, 1]}}, {"type": "Feature", "geometry": {"type": "Point", "coordinates": [3.73888, 42.501099]}, "properties": {"var_data": [0.179, 0.025, 0.01, 0.011, 0.372, -0.0, 1, 1, 1, 1, 1]}}, {"type": "Feature", "geometry": {"type": "Point", "coordinates": [3.77422, 42.501099]}, "properties": {"var_data": [0.235, 0.006, 0.01, 0.011, 0.432, -0.0, 1, 1, 1, 1, 1]}}, {"type": "Feature", "geometry": {"type": "Point", "coordinates": [3.80956, 42.501099]}, "properties": {"var_data": [0.259, 0.04, 0.009, 0.007, 0.465, -0.0, 1, 1, 1, 1, 1]}}, {"type": "Feature", "geometry": {"type": "Point", "coordinates": [3.8449, 42.501099]}, "properties": {"var_data": [0.246, 0.001, 0.004, 0.004, 0.466, -0.0, 1, 1, 1, 1, 1]}}, {"type": "Feature", "geometry": {"type": "Point", "coordinates": [3.88024, 42.501099]}, "properties": {"var_data": [0.29, 0.013, 0.004, 0.004, 0.483, -0.0, 1, 1, 1, 1, 1]}}, {"type": "Feature", "geometry": {"type": "Point", "coordinates": [3.91558, 42.501099]}, "properties": {"var_data": [0.314, 0.071, 0.004, 0.006, 0.585, -0.0, 1, 1, 1, 1, 1]}}, {"type": "Feature", "geometry": {"type": "Point", "coordinates": [3.95092, 42.501099]}, "properties": {"var_data": [0.364, -0.015, 0.039, 0.04, 0.752, -0.002, 1, 1, 1, 1, 1]}}, {"type": "Feature", "geometry": {"type": "Point", "coordinates": [3.98626, 42.501099]}, "properties": {"var_data": [0.339, 0.036, 0.038, 0.05, 0.772, -0.001, 1, 0, 1, 1, 1]}}, {"type": "Feature", "geometry": {"type": "Point", "coordinates": [4.0216, 42.501099]}, "properties": {"var_data": [0.274, 0.106, 0.042, 0.057, 0.948, -0.002, 1, 0, 1, 1, 1]}}, {"type": "Feature", "geometry": {"type": "Point", "coordinates": [4.05694, 42.501099]}, "properties": {"var_data": [0.458, -0.131, 0.191, 0.233, 1.276, -0.045, 1, 0, 1, 1, 1]}}, {"type": "Feature", "geometry": {"type": "Point", "coordinates": [4.09228, 42.501099]}, "properties": {"var_data": [0.513, -0.209, 0.193, 0.235, 1.275, -0.045, 1, 0, 1, 1, 1]}}, {"type": "Feature", "geometry": {"type": "Point", "coordinates": [4.12762, 42.501099]}, "properties": {"var_data": [0.59, -0.386, 0.162, 0.198, 1.262, -0.032, 1, 0, 1, 1, 1]}}, {"type": "Feature", "geometry": {"type": "Point", "coordinates": [4.16296, 42.501099]}, "properties": {"var_data": [0.657, -0.52, 0.157, 0.192, 1.397, -0.03, 1, 0, 1, 1, 1]}}, {"type": "Feature", "geometry": {"type": "Point", "coordinates": [3.10276, 42.528099]}, "properties": {"var_data": [-0.319, 0.042, 0.064, 0.033, 1.73, 0.002, 1, 1, 1, 1, 1]}}, {"type": "Feature", "geometry": {"type": "Point", "coordinates": [3.1381, 42.528099]}, "properties": {"var_data": [-0.287, 0.013, 0.033, 0.018, 1.076, 0.001, 1, 1, 1, 1, 1]}}, {"type": "Feature", "geometry": {"type": "Point", "coordinates": [3.17344, 42.528099]}, "properties": {"var_data": [-0.099, 0.087, 0.036, 0.024, 0.727, 0.001, 1, 1, 1, 1, 1]}}, {"type": "Feature", "geometry": {"type": "Point", "coordinates": [3.20878, 42.528099]}, "properties": {"var_data": [-0.198, -0.038, 0.034, 0.025, 0.504, 0.001, 1, 1, 1, 1, 1]}}, {"type": "Feature", "geometry": {"type": "Point", "coordinates": [3.24412, 42.528099]}, "properties": {"var_data": [-0.177, -0.064, 0.027, 0.025, 0.4, 0.001, 1, 1, 1, 1, 1]}}, {"type": "Feature", "geometry": {"type": "Point", "coordinates": [3.27946, 42.528099]}, "properties": {"var_data": [-0.208, -0.173, 0.026, 0.032, 0.338, 0.001, 1, 1, 1, 1, 1]}}, {"type": "Feature", "geometry": {"type": "Point", "coordinates": [3.3148, 42.528099]}, "properties": {"var_data": [-0.27, -0.276, 0.015, 0.018, 0.315, 0.0, 1, 1, 1, 1, 1]}}, {"type": "Feature", "geometry": {"type": "Point", "coordinates": [3.35014, 42.528099]}, "properties": {"var_data": [-0.29, -0.325, 0.013, 0.016, 0.309, 0.0, 1, 1, 1, 1, 1]}}, {"type": "Feature", "geometry": {"type": "Point", "coordinates": [3.38548, 42.528099]}, "properties": {"var_data": [-0.298, -0.348, 0.013, 0.016, 0.306, 0.0, 1, 1, 1, 1, 1]}}, {"type": "Feature", "geometry": {"type": "Point", "coordinates": [3.42082, 42.528099]}, "properties": {"var_data": [-0.219, -0.184, 0.008, 0.009, 0.303, 0.0, 1, 1, 1, 1, 1]}}, {"type": "Feature", "geometry": {"type": "Point", "coordinates": [3.45616, 42.528099]}, "properties": {"var_data": [-0.148, -0.01, 0.012, 0.01, 0.314, 0.0, 1, 1, 1, 1, 1]}}, {"type": "Feature", "geometry": {"type": "Point", "coordinates": [3.4915, 42.528099]}, "properties": {"var_data": [0.01, 0.281, 0.012, 0.009, 0.344, -0.0, 1, 1, 1, 1, 1]}}, {"type": "Feature", "geometry": {"type": "Point", "coordinates": [3.52684, 42.528099]}, "properties": {"var_data": [0.08, 0.299, 0.02, 0.012, 0.357, -0.0, 1, 1, 1, 1, 1]}}, {"type": "Feature", "geometry": {"type": "Point", "coordinates": [3.56218, 42.528099]}, "properties": {"var_data": [0.027, 0.14, 0.021, 0.015, 0.374, -0.0, 1, 1, 1, 1, 1]}}, {"type": "Feature", "geometry": {"type": "Point", "coordinates": [3.59752, 42.528099]}, "properties": {"var_data": [0.041, 0.133, 0.015, 0.014, 0.357, -0.0, 1, 1, 1, 1, 1]}}, {"type": "Feature", "geometry": {"type": "Point", "coordinates": [3.63286, 42.528099]}, "properties": {"var_data": [0.037, -0.024, 0.013, 0.014, 0.38, -0.0, 1, 1, 1, 1, 1]}}, {"type": "Feature", "geometry": {"type": "Point", "coordinates": [3.6682, 42.528099]}, "properties": {"var_data": [0.08, 0.011, 0.007, 0.01, 0.363, -0.0, 1, 1, 1, 1, 1]}}, {"type": "Feature", "geometry": {"type": "Point", "coordinates": [3.70354, 42.528099]}, "properties": {"var_data": [0.148, 0.056, 0.008, 0.01, 0.401, -0.0, 1, 1, 1, 1, 1]}}, {"type": "Feature", "geometry": {"type": "Point", "coordinates": [3.73888, 42.528099]}, "properties": {"var_data": [0.195, 0.026, 0.007, 0.012, 0.426, 0.0, 1, 1, 1, 1, 1]}}, {"type": "Feature", "geometry": {"type": "Point", "coordinates": [3.77422, 42.528099]}, "properties": {"var_data": [0.227, 0.031, 0.01, 0.008, 0.42, -0.0, 1, 1, 1, 1, 1]}}, {"type": "Feature", "geometry": {"type": "Point", "coordinates": [3.80956, 42.528099]}, "properties": {"var_data": [0.247, 0.015, 0.01, 0.008, 0.492, -0.0, 1, 1, 1, 1, 1]}}, {"type": "Feature", "geometry": {"type": "Point", "coordinates": [3.8449, 42.528099]}, "properties": {"var_data": [0.29, -0.042, 0.018, 0.015, 0.602, -0.0, 1, 1, 1, 1, 1]}}, {"type": "Feature", "geometry": {"type": "Point", "coordinates": [3.88024, 42.528099]}, "properties": {"var_data": [0.451, -0.194, 0.038, 0.032, 0.837, -0.001, 1, 1, 1, 1, 1]}}, {"type": "Feature", "geometry": {"type": "Point", "coordinates": [3.91558, 42.528099]}, "properties": {"var_data": [0.351, 0.008, 0.027, 0.023, 0.623, -0.001, 1, 1, 1, 1, 1]}}, {"type": "Feature", "geometry": {"type": "Point", "coordinates": [3.95092, 42.528099]}, "properties": {"var_data": [0.311, 0.132, 0.037, 0.051, 0.694, -0.001, 1, 1, 1, 1, 1]}}, {"type": "Feature", "geometry": {"type": "Point", "coordinates": [3.98626, 42.528099]}, "properties": {"var_data": [0.347, 0.064, 0.04, 0.053, 0.751, -0.001, 1, 1, 1, 1, 1]}}, {"type": "Feature", "geometry": {"type": "Point", "coordinates": [4.0216, 42.528099]}, "properties": {"var_data": [0.317, 0.064, 0.042, 0.055, 0.788, -0.002, 1, 1, 1, 1, 1]}}, {"type": "Feature", "geometry": {"type": "Point", "coordinates": [4.05694, 42.528099]}, "properties": {"var_data": [0.612, -0.345, 0.22, 0.268, 1.244, -0.059, 1, 0, 1, 1, 1]}}, {"type": "Feature", "geometry": {"type": "Point", "coordinates": [4.09228, 42.528099]}, "properties": {"var_data": [0.542, -0.275, 0.188, 0.23, 1.3, -0.043, 1, 0, 1, 1, 1]}}, {"type": "Feature", "geometry": {"type": "Point", "coordinates": [4.12762, 42.528099]}, "properties": {"var_data": [0.724, -0.556, 0.156, 0.19, 1.228, -0.03, 1, 0, 1, 1, 1]}}, {"type": "Feature", "geometry": {"type": "Point", "coordinates": [4.16296, 42.528099]}, "properties": {"var_data": [0.714, -0.575, 0.143, 0.174, 1.256, -0.025, 1, 0, 1, 1, 1]}}, {"type": "Feature", "geometry": {"type": "Point", "coordinates": [3.06742, 42.555099]}, "properties": {"var_data": [-0.313, 0.118, 0.059, 0.029, 1.844, 0.002, 1, 1, 1, 1, 1]}}, {"type": "Feature", "geometry": {"type": "Point", "coordinates": [3.10276, 42.555099]}, "properties": {"var_data": [-0.281, 0.064, 0.041, 0.021, 1.24, 0.001, 1, 1, 1, 1, 1]}}, {"type": "Feature", "geometry": {"type": "Point", "coordinates": [3.1381, 42.555099]}, "properties": {"var_data": [-0.174, 0.092, 0.026, 0.015, 0.795, 0.0, 1, 1, 1, 1, 1]}}, {"type": "Feature", "geometry": {"type": "Point", "coordinates": [3.17344, 42.555099]}, "properties": {"var_data": [-0.063, 0.119, 0.023, 0.018, 0.545, 0.0, 1, 1, 1, 1, 1]}}, {"type": "Feature", "geometry": {"type": "Point", "coordinates": [3.20878, 42.555099]}, "properties": {"var_data": [-0.125, 0.024, 0.019, 0.022, 0.42, 0.0, 1, 1, 1, 1, 1]}}, {"type": "Feature", "geometry": {"type": "Point", "coordinates": [3.24412, 42.555099]}, "properties": {"var_data": [-0.157, -0.049, 0.021, 0.026, 0.358, 0.001, 1, 1, 1, 1, 1]}}, {"type": "Feature", "geometry": {"type": "Point", "coordinates": [3.27946, 42.555099]}, "properties": {"var_data": [-0.193, -0.137, 0.023, 0.034, 0.32, 0.001, 1, 1, 1, 1, 1]}}, {"type": "Feature", "geometry": {"type": "Point", "coordinates": [3.3148, 42.555099]}, "properties": {"var_data": [-0.257, -0.254, 0.012, 0.016, 0.296, 0.0, 1, 1, 1, 1, 1]}}, {"type": "Feature", "geometry": {"type": "Point", "coordinates": [3.35014, 42.555099]}, "properties": {"var_data": [-0.279, -0.331, 0.012, 0.016, 0.283, 0.0, 1, 1, 1, 1, 1]}}, {"type": "Feature", "geometry": {"type": "Point", "coordinates": [3.38548, 42.555099]}, "properties": {"var_data": [-0.287, -0.35, 0.011, 0.016, 0.293, 0.0, 1, 1, 1, 1, 1]}}, {"type": "Feature", "geometry": {"type": "Point", "coordinates": [3.42082, 42.555099]}, "properties": {"var_data": [-0.256, -0.17, 0.01, 0.01, 0.305, 0.0, 1, 1, 1, 1, 1]}}, {"type": "Feature", "geometry": {"type": "Point", "coordinates": [3.45616, 42.555099]}, "properties": {"var_data": [-0.167, -0.017, 0.01, 0.01, 0.313, 0.0, 1, 1, 1, 1, 1]}}, {"type": "Feature", "geometry": {"type": "Point", "coordinates": [3.4915, 42.555099]}, "properties": {"var_data": [-0.095, 0.146, 0.012, 0.012, 0.33, 0.0, 1, 1, 1, 1, 1]}}, {"type": "Feature", "geometry": {"type": "Point", "coordinates": [3.52684, 42.555099]}, "properties": {"var_data": [0.015, 0.295, 0.017, 0.013, 0.357, -0.0, 1, 1, 1, 1, 1]}}, {"type": "Feature", "geometry": {"type": "Point", "coordinates": [3.56218, 42.555099]}, "properties": {"var_data": [0.076, 0.238, 0.013, 0.013, 0.4, -0.0, 1, 1, 1, 1, 1]}}, {"type": "Feature", "geometry": {"type": "Point", "coordinates": [3.59752, 42.555099]}, "properties": {"var_data": [0.072, 0.199, 0.013, 0.01, 0.41, -0.0, 1, 1, 1, 1, 1]}}, {"type": "Feature", "geometry": {"type": "Point", "coordinates": [3.63286, 42.555099]}, "properties": {"var_data": [0.08, 0.126, 0.007, 0.01, 0.408, -0.0, 1, 1, 1, 1, 1]}}, {"type": "Feature", "geometry": {"type": "Point", "coordinates": [3.6682, 42.555099]}, "properties": {"var_data": [0.162, 0.067, 0.008, 0.014, 0.428, 0.0, 1, 1, 1, 1, 1]}}, {"type": "Feature", "geometry": {"type": "Point", "coordinates": [3.70354, 42.555099]}, "properties": {"var_data": [0.155, 0.084, 0.008, 0.013, 0.408, 0.0, 1, 1, 1, 1, 1]}}, {"type": "Feature", "geometry": {"type": "Point", "coordinates": [3.73888, 42.555099]}, "properties": {"var_data": [0.239, 0.058, 0.008, 0.017, 0.438, 0.0, 1, 1, 1, 1, 1]}}, {"type": "Feature", "geometry": {"type": "Point", "coordinates": [3.77422, 42.555099]}, "properties": {"var_data": [0.276, 0.014, 0.016, 0.012, 0.487, -0.0, 1, 1, 1, 1, 1]}}, {"type": "Feature", "geometry": {"type": "Point", "coordinates": [3.80956, 42.555099]}, "properties": {"var_data": [0.288, 0.001, 0.015, 0.013, 0.531, -0.0, 1, 1, 1, 1, 1]}}, {"type": "Feature", "geometry": {"type": "Point", "coordinates": [3.8449, 42.555099]}, "properties": {"var_data": [0.285, 0.061, 0.016, 0.013, 0.532, -0.0, 1, 1, 1, 1, 1]}}, {"type": "Feature", "geometry": {"type": "Point", "coordinates": [3.88024, 42.555099]}, "properties": {"var_data": [0.239, 0.118, 0.025, 0.021, 0.589, -0.001, 1, 1, 1, 1, 1]}}, {"type": "Feature", "geometry": {"type": "Point", "coordinates": [3.91558, 42.555099]}, "properties": {"var_data": [0.286, 0.1, 0.025, 0.021, 0.553, -0.001, 1, 1, 1, 1, 1]}}, {"type": "Feature", "geometry": {"type": "Point", "coordinates": [3.95092, 42.555099]}, "properties": {"var_data": [0.279, 0.173, 0.022, 0.027, 0.569, -0.0, 1, 1, 1, 1, 1]}}, {"type": "Feature", "geometry": {"type": "Point", "coordinates": [3.98626, 42.555099]}, "properties": {"var_data": [0.274, 0.107, 0.039, 0.049, 0.752, -0.001, 1, 1, 1, 1, 1]}}, {"type": "Feature", "geometry": {"type": "Point", "coordinates": [4.0216, 42.555099]}, "properties": {"var_data": [0.374, -0.025, 0.154, 0.165, 1.026, -0.025, 1, 1, 1, 1, 1]}}, {"type": "Feature", "geometry": {"type": "Point", "coordinates": [4.05694, 42.555099]}, "properties": {"var_data": [0.675, -0.499, 0.17, 0.206, 1.368, -0.035, 1, 1, 1, 1, 1]}}, {"type": "Feature", "geometry": {"type": "Point", "coordinates": [4.09228, 42.555099]}, "properties": {"var_data": [0.796, -0.648, 0.169, 0.205, 1.468, -0.035, 1, 0, 1, 1, 1]}}, {"type": "Feature", "geometry": {"type": "Point", "coordinates": [4.12762, 42.555099]}, "properties": {"var_data": [0.931, -0.842, 0.244, 0.297, 1.714, -0.072, 1, 0, 1, 1, 1]}}, {"type": "Feature", "geometry": {"type": "Point", "coordinates": [4.16296, 42.555099]}, "properties": {"var_data": [0.738, -0.613, 0.174, 0.212, 1.54, -0.037, 1, 0, 1, 1, 1]}}, {"type": "Feature", "geometry": {"type": "Point", "coordinates": [4.1983, 42.555099]}, "properties": {"var_data": [0.642, -0.475, 0.163, 0.297, 1.565, -0.044, 1, 0, 1, 1, 1]}}, {"type": "Feature", "geometry": {"type": "Point", "coordinates": [3.06742, 42.5821]}, "properties": {"var_data": [-0.185, 0.222, 0.025, 0.012, 1.167, 0.0, 1, 1, 1, 1, 1]}}, {"type": "Feature", "geometry": {"type": "Point", "coordinates": [3.10276, 42.5821]}, "properties": {"var_data": [-0.058, 0.248, 0.019, 0.012, 0.777, 0.0, 1, 1, 1, 1, 1]}}, {"type": "Feature", "geometry": {"type": "Point", "coordinates": [3.1381, 42.5821]}, "properties": {"var_data": [-0.065, 0.202, 0.013, 0.009, 0.569, 0.0, 1, 1, 1, 1, 1]}}, {"type": "Feature", "geometry": {"type": "Point", "coordinates": [3.17344, 42.5821]}, "properties": {"var_data": [-0.044, 0.175, 0.014, 0.015, 0.444, 0.0, 1, 1, 1, 1, 1]}}, {"type": "Feature", "geometry": {"type": "Point", "coordinates": [3.20878, 42.5821]}, "properties": {"var_data": [-0.052, 0.116, 0.02, 0.029, 0.359, 0.001, 1, 1, 1, 1, 1]}}, {"type": "Feature", "geometry": {"type": "Point", "coordinates": [3.24412, 42.5821]}, "properties": {"var_data": [-0.108, 0.019, 0.022, 0.032, 0.32, 0.001, 1, 1, 1, 1, 1]}}, {"type": "Feature", "geometry": {"type": "Point", "coordinates": [3.27946, 42.5821]}, "properties": {"var_data": [-0.162, -0.096, 0.016, 0.027, 0.299, 0.0, 1, 1, 1, 1, 1]}}, {"type": "Feature", "geometry": {"type": "Point", "coordinates": [3.3148, 42.5821]}, "properties": {"var_data": [-0.211, -0.169, 0.011, 0.019, 0.294, 0.0, 1, 1, 1, 1, 1]}}, {"type": "Feature", "geometry": {"type": "Point", "coordinates": [3.35014, 42.5821]}, "properties": {"var_data": [-0.256, -0.268, 0.012, 0.017, 0.299, 0.0, 1, 1, 1, 1, 1]}}, {"type": "Feature", "geometry": {"type": "Point", "coordinates": [3.38548, 42.5821]}, "properties": {"var_data": [-0.282, -0.298, 0.01, 0.014, 0.294, 0.0, 1, 1, 1, 1, 1]}}, {"type": "Feature", "geometry": {"type": "Point", "coordinates": [3.42082, 42.5821]}, "properties": {"var_data": [-0.276, -0.205, 0.01, 0.013, 0.295, 0.0, 1, 1, 1, 1, 1]}}, {"type": "Feature", "geometry": {"type": "Point", "coordinates": [3.45616, 42.5821]}, "properties": {"var_data": [-0.212, -0.042, 0.009, 0.01, 0.295, 0.0, 1, 1, 1, 1, 1]}}, {"type": "Feature", "geometry": {"type": "Point", "coordinates": [3.4915, 42.5821]}, "properties": {"var_data": [-0.15, 0.103, 0.012, 0.009, 0.334, -0.0, 1, 1, 1, 1, 1]}}, {"type": "Feature", "geometry": {"type": "Point", "coordinates": [3.52684, 42.5821]}, "properties": {"var_data": [-0.005, 0.294, 0.011, 0.009, 0.374, -0.0, 1, 1, 1, 1, 1]}}, {"type": "Feature", "geometry": {"type": "Point", "coordinates": [3.56218, 42.5821]}, "properties": {"var_data": [0.068, 0.269, 0.012, 0.011, 0.391, -0.0, 1, 1, 1, 1, 1]}}, {"type": "Feature", "geometry": {"type": "Point", "coordinates": [3.59752, 42.5821]}, "properties": {"var_data": [0.097, 0.17, 0.011, 0.01, 0.387, -0.0, 1, 1, 1, 1, 1]}}, {"type": "Feature", "geometry": {"type": "Point", "coordinates": [3.63286, 42.5821]}, "properties": {"var_data": [0.128, 0.146, 0.007, 0.009, 0.387, -0.0, 1, 1, 1, 1, 1]}}, {"type": "Feature", "geometry": {"type": "Point", "coordinates": [3.6682, 42.5821]}, "properties": {"var_data": [0.177, 0.103, 0.008, 0.014, 0.478, 0.0, 1, 1, 1, 1, 1]}}, {"type": "Feature", "geometry": {"type": "Point", "coordinates": [3.70354, 42.5821]}, "properties": {"var_data": [0.206, 0.142, 0.008, 0.013, 0.442, 0.0, 1, 1, 1, 1, 1]}}, {"type": "Feature", "geometry": {"type": "Point", "coordinates": [3.73888, 42.5821]}, "properties": {"var_data": [0.264, 0.093, 0.008, 0.006, 0.437, -0.0, 1, 1, 1, 1, 1]}}, {"type": "Feature", "geometry": {"type": "Point", "coordinates": [3.77422, 42.5821]}, "properties": {"var_data": [0.25, 0.06, 0.017, 0.012, 0.486, -0.0, 1, 1, 1, 1, 1]}}, {"type": "Feature", "geometry": {"type": "Point", "coordinates": [3.80956, 42.5821]}, "properties": {"var_data": [0.256, 0.043, 0.015, 0.013, 0.498, -0.0, 1, 1, 1, 1, 1]}}, {"type": "Feature", "geometry": {"type": "Point", "coordinates": [3.8449, 42.5821]}, "properties": {"var_data": [0.237, 0.071, 0.014, 0.011, 0.517, -0.0, 1, 1, 1, 1, 1]}}, {"type": "Feature", "geometry": {"type": "Point", "coordinates": [3.88024, 42.5821]}, "properties": {"var_data": [0.207, 0.16, 0.02, 0.017, 0.584, -0.0, 1, 1, 1, 1, 1]}}, {"type": "Feature", "geometry": {"type": "Point", "coordinates": [3.91558, 42.5821]}, "properties": {"var_data": [0.224, 0.191, 0.025, 0.027, 0.593, -0.0, 1, 1, 1, 1, 1]}}, {"type": "Feature", "geometry": {"type": "Point", "coordinates": [3.95092, 42.5821]}, "properties": {"var_data": [0.208, 0.186, 0.022, 0.022, 0.615, -0.0, 1, 1, 1, 1, 1]}}, {"type": "Feature", "geometry": {"type": "Point", "coordinates": [3.98626, 42.5821]}, "properties": {"var_data": [0.235, 0.076, 0.036, 0.034, 0.646, -0.001, 1, 1, 1, 1, 1]}}, {"type": "Feature", "geometry": {"type": "Point", "coordinates": [4.0216, 42.5821]}, "properties": {"var_data": [0.252, 0.081, 0.025, 0.05, 0.836, -0.0, 1, 1, 1, 1, 1]}}, {"type": "Feature", "geometry": {"type": "Point", "coordinates": [4.05694, 42.5821]}, "properties": {"var_data": [0.468, -0.18, 0.026, 0.051, 1.12, -0.001, 1, 1, 1, 1, 1]}}, {"type": "Feature", "geometry": {"type": "Point", "coordinates": [4.09228, 42.5821]}, "properties": {"var_data": [0.71, -0.532, 0.16, 0.194, 1.388, -0.031, 1, 0, 1, 1, 1]}}, {"type": "Feature", "geometry": {"type": "Point", "coordinates": [4.12762, 42.5821]}, "properties": {"var_data": [0.835, -0.706, 0.215, 0.262, 1.622, -0.056, 1, 0, 1, 1, 1]}}, {"type": "Feature", "geometry": {"type": "Point", "coordinates": [4.16296, 42.5821]}, "properties": {"var_data": [0.667, -0.487, 0.256, 0.397, 1.913, -0.096, 1, 0, 1, 1, 1]}}, {"type": "Feature", "geometry": {"type": "Point", "coordinates": [4.1983, 42.5821]}, "properties": {"var_data": [0.655, -0.493, 0.239, 0.427, 2.082, -0.095, 4, 0, 4, 1, 1]}}, {"type": "Feature", "geometry": {"type": "Point", "coordinates": [3.06742, 42.6091]}, "properties": {"var_data": [-0.012, 0.37, 0.011, 0.007, 0.702, 0.0, 1, 1, 1, 1, 1]}}, {"type": "Feature", "geometry": {"type": "Point", "coordinates": [3.10276, 42.6091]}, "properties": {"var_data": [0.05, 0.387, 0.006, 0.005, 0.503, 0.0, 1, 1, 1, 1, 1]}}, {"type": "Feature", "geometry": {"type": "Point", "coordinates": [3.1381, 42.6091]}, "properties": {"var_data": [0.054, 0.343, 0.009, 0.011, 0.411, 0.0, 1, 1, 1, 1, 1]}}, {"type": "Feature", "geometry": {"type": "Point", "coordinates": [3.17344, 42.6091]}, "properties": {"var_data": [0.038, 0.285, 0.012, 0.018, 0.365, 0.0, 1, 1, 1, 1, 1]}}, {"type": "Feature", "geometry": {"type": "Point", "coordinates": [3.20878, 42.6091]}, "properties": {"var_data": [0.01, 0.207, 0.013, 0.022, 0.322, 0.0, 1, 1, 1, 1, 1]}}, {"type": "Feature", "geometry": {"type": "Point", "coordinates": [3.24412, 42.6091]}, "properties": {"var_data": [-0.041, 0.105, 0.015, 0.027, 0.301, 0.0, 1, 1, 1, 1, 1]}}, {"type": "Feature", "geometry": {"type": "Point", "coordinates": [3.27946, 42.6091]}, "properties": {"var_data": [-0.095, -0.001, 0.016, 0.032, 0.295, 0.0, 1, 1, 1, 1, 1]}}, {"type": "Feature", "geometry": {"type": "Point", "coordinates": [3.3148, 42.6091]}, "properties": {"var_data": [-0.177, -0.144, 0.017, 0.035, 0.3, 0.001, 1, 1, 1, 1, 1]}}, {"type": "Feature", "geometry": {"type": "Point", "coordinates": [3.35014, 42.6091]}, "properties": {"var_data": [-0.22, -0.2, 0.017, 0.039, 0.307, 0.001, 1, 1, 1, 1, 1]}}, {"type": "Feature", "geometry": {"type": "Point", "coordinates": [3.38548, 42.6091]}, "properties": {"var_data": [-0.262, -0.246, 0.01, 0.019, 0.305, 0.0, 1, 1, 1, 1, 1]}}, {"type": "Feature", "geometry": {"type": "Point", "coordinates": [3.42082, 42.6091]}, "properties": {"var_data": [-0.296, -0.247, 0.009, 0.02, 0.309, 0.0, 1, 1, 1, 1, 1]}}, {"type": "Feature", "geometry": {"type": "Point", "coordinates": [3.45616, 42.6091]}, "properties": {"var_data": [-0.271, -0.028, 0.009, 0.009, 0.321, -0.0, 1, 1, 1, 1, 1]}}, {"type": "Feature", "geometry": {"type": "Point", "coordinates": [3.4915, 42.6091]}, "properties": {"var_data": [-0.169, 0.048, 0.012, 0.009, 0.336, -0.0, 1, 1, 1, 1, 1]}}, {"type": "Feature", "geometry": {"type": "Point", "coordinates": [3.52684, 42.6091]}, "properties": {"var_data": [-0.076, 0.179, 0.011, 0.008, 0.363, -0.0, 1, 1, 1, 1, 1]}}, {"type": "Feature", "geometry": {"type": "Point", "coordinates": [3.56218, 42.6091]}, "properties": {"var_data": [0.07, 0.246, 0.013, 0.009, 0.411, -0.0, 1, 1, 1, 1, 1]}}, {"type": "Feature", "geometry": {"type": "Point", "coordinates": [3.59752, 42.6091]}, "properties": {"var_data": [0.132, 0.193, 0.012, 0.011, 0.453, -0.0, 1, 1, 1, 1, 1]}}, {"type": "Feature", "geometry": {"type": "Point", "coordinates": [3.63286, 42.6091]}, "properties": {"var_data": [0.151, 0.165, 0.003, 0.005, 0.398, -0.0, 1, 1, 1, 1, 1]}}, {"type": "Feature", "geometry": {"type": "Point", "coordinates": [3.6682, 42.6091]}, "properties": {"var_data": [0.169, 0.163, 0.003, 0.009, 0.408, 0.0, 1, 1, 1, 1, 1]}}, {"type": "Feature", "geometry": {"type": "Point", "coordinates": [3.70354, 42.6091]}, "properties": {"var_data": [0.213, 0.193, 0.009, 0.019, 0.486, 0.0, 1, 1, 1, 1, 1]}}, {"type": "Feature", "geometry": {"type": "Point", "coordinates": [3.73888, 42.6091]}, "properties": {"var_data": [0.253, 0.101, 0.017, 0.012, 0.43, -0.0, 1, 1, 1, 1, 1]}}, {"type": "Feature", "geometry": {"type": "Point", "coordinates": [3.77422, 42.6091]}, "properties": {"var_data": [0.23, 0.135, 0.019, 0.014, 0.473, -0.0, 1, 1, 1, 1, 1]}}, {"type": "Feature", "geometry": {"type": "Point", "coordinates": [3.80956, 42.6091]}, "properties": {"var_data": [0.235, 0.083, 0.018, 0.013, 0.508, -0.0, 1, 1, 1, 1, 1]}}, {"type": "Feature", "geometry": {"type": "Point", "coordinates": [3.8449, 42.6091]}, "properties": {"var_data": [0.231, 0.151, 0.016, 0.012, 0.491, -0.0, 1, 1, 1, 1, 1]}}, {"type": "Feature", "geometry": {"type": "Point", "coordinates": [3.88024, 42.6091]}, "properties": {"var_data": [0.204, 0.169, 0.01, 0.018, 0.472, -0.0, 1, 1, 1, 1, 1]}}, {"type": "Feature", "geometry": {"type": "Point", "coordinates": [3.91558, 42.6091]}, "properties": {"var_data": [0.201, 0.114, 0.011, 0.014, 0.509, -0.0, 1, 1, 1, 1, 1]}}, {"type": "Feature", "geometry": {"type": "Point", "coordinates": [3.95092, 42.6091]}, "properties": {"var_data": [0.222, 0.125, 0.011, 0.013, 0.529, -0.0, 1, 1, 1, 1, 1]}}, {"type": "Feature", "geometry": {"type": "Point", "coordinates": [3.98626, 42.6091]}, "properties": {"var_data": [0.241, 0.049, 0.016, 0.017, 0.567, -0.0, 1, 1, 1, 1, 1]}}, {"type": "Feature", "geometry": {"type": "Point", "coordinates": [4.0216, 42.6091]}, "properties": {"var_data": [0.27, 0.002, 0.022, 0.025, 0.7, -0.0, 1, 1, 1, 1, 1]}}, {"type": "Feature", "geometry": {"type": "Point", "coordinates": [4.05694, 42.6091]}, "properties": {"var_data": [0.312, 0.021, 0.023, 0.049, 0.895, -0.0, 1, 0, 1, 1, 1]}}, {"type": "Feature", "geometry": {"type": "Point", "coordinates": [4.09228, 42.6091]}, "properties": {"var_data": [0.388, -0.042, 0.026, 0.06, 1.365, -0.0, 1, 0, 1, 1, 1]}}, {"type": "Feature", "geometry": {"type": "Point", "coordinates": [4.12762, 42.6091]}, "properties": {"var_data": [0.692, -0.46, 0.266, 0.405, 1.846, -0.101, 1, 0, 1, 1, 1]}}, {"type": "Feature", "geometry": {"type": "Point", "coordinates": [4.16296, 42.6091]}, "properties": {"var_data": [0.641, -0.486, 0.323, 0.547, 2.561, -0.167, 4, 0, 4, 1, 1]}}, {"type": "Feature", "geometry": {"type": "Point", "coordinates": [4.1983, 42.6091]}, "properties": {"var_data": [0.635, -0.51, 0.551, 1.309, 3.223, -0.709, 4, 0, 4, 1, 1]}}, {"type": "Feature", "geometry": {"type": "Point", "coordinates": [3.06742, 42.636101]}, "properties": {"var_data": [0.003, 0.42, 0.005, 0.006, 0.395, 0.0, 1, 1, 1, 1, 1]}}, {"type": "Feature", "geometry": {"type": "Point", "coordinates": [3.10276, 42.636101]}, "properties": {"var_data": [0.069, 0.465, 0.004, 0.006, 0.355, 0.0, 1, 1, 1, 1, 1]}}, {"type": "Feature", "geometry": {"type": "Point", "coordinates": [3.1381, 42.636101]}, "properties": {"var_data": [0.082, 0.433, 0.006, 0.012, 0.336, 0.0, 1, 1, 1, 1, 1]}}, {"type": "Feature", "geometry": {"type": "Point", "coordinates": [3.17344, 42.636101]}, "properties": {"var_data": [0.074, 0.38, 0.007, 0.014, 0.315, 0.0, 1, 1, 1, 1, 1]}}, {"type": "Feature", "geometry": {"type": "Point", "coordinates": [3.20878, 42.636101]}, "properties": {"var_data": [0.03, 0.274, 0.006, 0.014, 0.291, 0.0, 1, 1, 1, 1, 1]}}, {"type": "Feature", "geometry": {"type": "Point", "coordinates": [3.24412, 42.636101]}, "properties": {"var_data": [-0.013, 0.158, 0.006, 0.016, 0.295, 0.0, 1, 1, 1, 1, 1]}}, {"type": "Feature", "geometry": {"type": "Point", "coordinates": [3.27946, 42.636101]}, "properties": {"var_data": [-0.048, 0.045, 0.017, 0.036, 0.296, 0.001, 1, 1, 1, 1, 1]}}, {"type": "Feature", "geometry": {"type": "Point", "coordinates": [3.3148, 42.636101]}, "properties": {"var_data": [-0.123, -0.048, 0.018, 0.042, 0.306, 0.001, 1, 1, 1, 1, 1]}}, {"type": "Feature", "geometry": {"type": "Point", "coordinates": [3.35014, 42.636101]}, "properties": {"var_data": [-0.172, -0.101, 0.013, 0.035, 0.318, 0.0, 1, 1, 1, 1, 1]}}, {"type": "Feature", "geometry": {"type": "Point", "coordinates": [3.38548, 42.636101]}, "properties": {"var_data": [-0.215, -0.134, 0.009, 0.019, 0.333, 0.0, 1, 1, 1, 1, 1]}}, {"type": "Feature", "geometry": {"type": "Point", "coordinates": [3.42082, 42.636101]}, "properties": {"var_data": [-0.26, -0.108, 0.007, 0.005, 0.303, -0.0, 1, 1, 1, 1, 1]}}, {"type": "Feature", "geometry": {"type": "Point", "coordinates": [3.45616, 42.636101]}, "properties": {"var_data": [-0.189, 0.022, 0.007, 0.005, 0.314, -0.0, 1, 1, 1, 1, 1]}}, {"type": "Feature", "geometry": {"type": "Point", "coordinates": [3.4915, 42.636101]}, "properties": {"var_data": [-0.099, 0.104, 0.008, 0.005, 0.324, -0.0, 1, 1, 1, 1, 1]}}, {"type": "Feature", "geometry": {"type": "Point", "coordinates": [3.52684, 42.636101]}, "properties": {"var_data": [0.002, 0.156, 0.008, 0.007, 0.362, -0.0, 1, 1, 1, 1, 1]}}, {"type": "Feature", "geometry": {"type": "Point", "coordinates": [3.56218, 42.636101]}, "properties": {"var_data": [0.144, 0.22, 0.009, 0.007, 0.373, -0.0, 1, 1, 1, 1, 1]}}, {"type": "Feature", "geometry": {"type": "Point", "coordinates": [3.59752, 42.636101]}, "properties": {"var_data": [0.185, 0.197, 0.003, 0.004, 0.412, -0.0, 1, 1, 1, 1, 1]}}, {"type": "Feature", "geometry": {"type": "Point", "coordinates": [3.63286, 42.636101]}, "properties": {"var_data": [0.194, 0.188, 0.003, 0.005, 0.45, -0.0, 1, 1, 1, 1, 1]}}, {"type": "Feature", "geometry": {"type": "Point", "coordinates": [3.6682, 42.636101]}, "properties": {"var_data": [0.189, 0.188, 0.003, 0.005, 0.395, -0.0, 1, 1, 1, 1, 1]}}, {"type": "Feature", "geometry": {"type": "Point", "coordinates": [3.70354, 42.636101]}, "properties": {"var_data": [0.204, 0.198, 0.004, 0.028, 0.484, 0.0, 1, 1, 1, 1, 1]}}, {"type": "Feature", "geometry": {"type": "Point", "coordinates": [3.73888, 42.636101]}, "properties": {"var_data": [0.224, 0.169, 0.017, 0.03, 0.502, -0.0, 1, 0, 1, 1, 1]}}, {"type": "Feature", "geometry": {"type": "Point", "coordinates": [3.77422, 42.636101]}, "properties": {"var_data": [0.248, 0.105, 0.018, 0.013, 0.486, -0.0, 1, 1, 1, 1, 1]}}, {"type": "Feature", "geometry": {"type": "Point", "coordinates": [3.80956, 42.636101]}, "properties": {"var_data": [0.252, 0.115, 0.018, 0.013, 0.607, -0.0, 1, 1, 1, 1, 1]}}, {"type": "Feature", "geometry": {"type": "Point", "coordinates": [3.8449, 42.636101]}, "properties": {"var_data": [0.218, 0.076, 0.018, 0.013, 0.571, -0.0, 1, 1, 1, 1, 1]}}, {"type": "Feature", "geometry": {"type": "Point", "coordinates": [3.88024, 42.636101]}, "properties": {"var_data": [0.19, 0.112, 0.011, 0.013, 0.484, -0.0, 1, 1, 1, 1, 1]}}, {"type": "Feature", "geometry": {"type": "Point", "coordinates": [3.91558, 42.636101]}, "properties": {"var_data": [0.207, 0.081, 0.012, 0.013, 0.554, -0.0, 1, 1, 1, 1, 1]}}, {"type": "Feature", "geometry": {"type": "Point", "coordinates": [3.95092, 42.636101]}, "properties": {"var_data": [0.213, -0.019, 0.012, 0.014, 0.601, -0.0, 1, 1, 1, 1, 1]}}, {"type": "Feature", "geometry": {"type": "Point", "coordinates": [3.98626, 42.636101]}, "properties": {"var_data": [0.248, -0.067, 0.011, 0.014, 0.649, -0.0, 1, 1, 1, 1, 1]}}, {"type": "Feature", "geometry": {"type": "Point", "coordinates": [4.0216, 42.636101]}, "properties": {"var_data": [0.283, -0.027, 0.02, 0.02, 0.74, -0.0, 1, 0, 1, 1, 1]}}, {"type": "Feature", "geometry": {"type": "Point", "coordinates": [4.05694, 42.636101]}, "properties": {"var_data": [0.289, 0.037, 0.023, 0.055, 0.963, -0.0, 1, 0, 1, 1, 1]}}, {"type": "Feature", "geometry": {"type": "Point", "coordinates": [4.09228, 42.636101]}, "properties": {"var_data": [0.375, 0.004, 0.029, 0.143, 1.461, 0.001, 1, 0, 1, 1, 1]}}, {"type": "Feature", "geometry": {"type": "Point", "coordinates": [4.12762, 42.636101]}, "properties": {"var_data": [0.503, -0.22, 0.486, 0.84, 3.219, -0.393, 4, 0, 4, 1, 1]}}, {"type": "Feature", "geometry": {"type": "Point", "coordinates": [3.06742, 42.663101]}, "properties": {"var_data": [-0.036, 0.399, 0.004, 0.005, 0.245, 0.0, 1, 1, 1, 1, 1]}}, {"type": "Feature", "geometry": {"type": "Point", "coordinates": [3.10276, 42.663101]}, "properties": {"var_data": [-0.002, 0.411, 0.004, 0.008, 0.257, 0.0, 1, 1, 1, 1, 1]}}, {"type": "Feature", "geometry": {"type": "Point", "coordinates": [3.1381, 42.663101]}, "properties": {"var_data": [0.031, 0.408, 0.005, 0.01, 0.285, 0.0, 1, 1, 1, 1, 1]}}, {"type": "Feature", "geometry": {"type": "Point", "coordinates": [3.17344, 42.663101]}, "properties": {"var_data": [0.053, 0.379, 0.004, 0.011, 0.279, 0.0, 1, 1, 1, 1, 1]}}, {"type": "Feature", "geometry": {"type": "Point", "coordinates": [3.20878, 42.663101]}, "properties": {"var_data": [0.049, 0.324, 0.003, 0.013, 0.273, 0.0, 1, 1, 1, 1, 1]}}, {"type": "Feature", "geometry": {"type": "Point", "coordinates": [3.24412, 42.663101]}, "properties": {"var_data": [0.027, 0.216, 0.004, 0.021, 0.284, 0.0, 1, 1, 1, 1, 1]}}, {"type": "Feature", "geometry": {"type": "Point", "coordinates": [3.27946, 42.663101]}, "properties": {"var_data": [0.003, 0.12, 0.004, 0.021, 0.305, 0.0, 1, 1, 1, 1, 1]}}, {"type": "Feature", "geometry": {"type": "Point", "coordinates": [3.3148, 42.663101]}, "properties": {"var_data": [-0.067, 0.048, 0.016, 0.044, 0.318, 0.001, 1, 1, 1, 1, 1]}}, {"type": "Feature", "geometry": {"type": "Point", "coordinates": [3.35014, 42.663101]}, "properties": {"var_data": [-0.081, -0.007, 0.013, 0.054, 0.335, 0.0, 1, 1, 1, 1, 1]}}, {"type": "Feature", "geometry": {"type": "Point", "coordinates": [3.38548, 42.663101]}, "properties": {"var_data": [-0.136, -0.015, 0.009, 0.006, 0.332, -0.0, 1, 1, 1, 1, 1]}}, {"type": "Feature", "geometry": {"type": "Point", "coordinates": [3.42082, 42.663101]}, "properties": {"var_data": [-0.179, -0.028, 0.008, 0.006, 0.319, -0.0, 1, 1, 1, 1, 1]}}, {"type": "Feature", "geometry": {"type": "Point", "coordinates": [3.45616, 42.663101]}, "properties": {"var_data": [-0.164, -0.018, 0.008, 0.006, 0.326, -0.0, 1, 1, 1, 1, 1]}}, {"type": "Feature", "geometry": {"type": "Point", "coordinates": [3.4915, 42.663101]}, "properties": {"var_data": [-0.018, 0.106, 0.012, 0.006, 0.351, -0.0, 1, 1, 1, 1, 1]}}, {"type": "Feature", "geometry": {"type": "Point", "coordinates": [3.52684, 42.663101]}, "properties": {"var_data": [0.096, 0.165, 0.008, 0.007, 0.367, -0.0, 1, 1, 1, 1, 1]}}, {"type": "Feature", "geometry": {"type": "Point", "coordinates": [3.56218, 42.663101]}, "properties": {"var_data": [0.207, 0.19, 0.009, 0.006, 0.379, -0.0, 1, 1, 1, 1, 1]}}, {"type": "Feature", "geometry": {"type": "Point", "coordinates": [3.59752, 42.663101]}, "properties": {"var_data": [0.191, 0.199, 0.003, 0.004, 0.382, -0.0, 1, 1, 1, 1, 1]}}, {"type": "Feature", "geometry": {"type": "Point", "coordinates": [3.63286, 42.663101]}, "properties": {"var_data": [0.188, 0.188, 0.003, 0.005, 0.431, -0.0, 1, 0, 1, 1, 1]}}, {"type": "Feature", "geometry": {"type": "Point", "coordinates": [3.6682, 42.663101]}, "properties": {"var_data": [0.201, 0.218, 0.003, 0.005, 0.405, -0.0, 1, 1, 1, 1, 1]}}, {"type": "Feature", "geometry": {"type": "Point", "coordinates": [3.70354, 42.663101]}, "properties": {"var_data": [0.216, 0.193, 0.003, 0.005, 0.433, -0.0, 1, 1, 1, 1, 1]}}, {"type": "Feature", "geometry": {"type": "Point", "coordinates": [3.73888, 42.663101]}, "properties": {"var_data": [0.226, 0.163, 0.015, 0.034, 0.528, -0.0, 1, 1, 1, 1, 1]}}, {"type": "Feature", "geometry": {"type": "Point", "coordinates": [3.77422, 42.663101]}, "properties": {"var_data": [0.252, 0.151, 0.019, 0.033, 0.506, -0.0, 1, 1, 1, 1, 1]}}, {"type": "Feature", "geometry": {"type": "Point", "coordinates": [3.80956, 42.663101]}, "properties": {"var_data": [0.265, 0.142, 0.017, 0.024, 0.52, -0.0, 1, 1, 1, 1, 1]}}, {"type": "Feature", "geometry": {"type": "Point", "coordinates": [3.8449, 42.663101]}, "properties": {"var_data": [0.239, 0.08, 0.017, 0.023, 0.565, -0.0, 1, 1, 1, 1, 1]}}, {"type": "Feature", "geometry": {"type": "Point", "coordinates": [3.88024, 42.663101]}, "properties": {"var_data": [0.221, 0.031, 0.011, 0.019, 0.544, -0.0, 1, 1, 1, 1, 1]}}, {"type": "Feature", "geometry": {"type": "Point", "coordinates": [3.91558, 42.663101]}, "properties": {"var_data": [0.236, 0.01, 0.009, 0.012, 0.493, -0.0, 1, 1, 1, 1, 1]}}, {"type": "Feature", "geometry": {"type": "Point", "coordinates": [3.95092, 42.663101]}, "properties": {"var_data": [0.226, -0.08, 0.009, 0.013, 0.583, -0.0, 1, 1, 1, 1, 1]}}, {"type": "Feature", "geometry": {"type": "Point", "coordinates": [3.98626, 42.663101]}, "properties": {"var_data": [0.237, -0.12, 0.008, 0.013, 0.615, -0.0, 1, 1, 1, 1, 1]}}, {"type": "Feature", "geometry": {"type": "Point", "coordinates": [4.0216, 42.663101]}, "properties": {"var_data": [0.237, -0.043, 0.011, 0.02, 0.742, -0.0, 1, 1, 1, 1, 1]}}, {"type": "Feature", "geometry": {"type": "Point", "coordinates": [4.05694, 42.663101]}, "properties": {"var_data": [0.184, 0.191, 0.012, 0.136, 0.985, 0.0, 1, 1, 1, 1, 1]}}, {"type": "Feature", "geometry": {"type": "Point", "coordinates": [4.09228, 42.663101]}, "properties": {"var_data": [0.2, 0.212, 0.012, 0.156, 1.24, 0.0, 1, 1, 1, 1, 1]}}, {"type": "Feature", "geometry": {"type": "Point", "coordinates": [4.12762, 42.663101]}, "properties": {"var_data": [0.23, 0.137, 0.029, 0.136, 1.611, -0.001, 1, 0, 1, 1, 1]}}, {"type": "Feature", "geometry": {"type": "Point", "coordinates": [4.16296, 42.663101]}, "properties": {"var_data": [0.289, -0.052, 0.032, 0.135, 2.096, -0.002, 4, 0, 4, 1, 1]}}, {"type": "Feature", "geometry": {"type": "Point", "coordinates": [3.06742, 42.690102]}, "properties": {"var_data": [-0.042, 0.402, 0.003, 0.006, 0.189, 0.0, 1, 1, 1, 1, 1]}}, {"type": "Feature", "geometry": {"type": "Point", "coordinates": [3.10276, 42.690102]}, "properties": {"var_data": [-0.03, 0.39, 0.003, 0.006, 0.21, 0.0, 1, 1, 1, 1, 1]}}, {"type": "Feature", "geometry": {"type": "Point", "coordinates": [3.1381, 42.690102]}, "properties": {"var_data": [0.006, 0.385, 0.003, 0.006, 0.244, 0.0, 1, 1, 1, 1, 1]}}, {"type": "Feature", "geometry": {"type": "Point", "coordinates": [3.17344, 42.690102]}, "properties": {"var_data": [0.034, 0.362, 0.003, 0.009, 0.262, 0.0, 1, 1, 1, 1, 1]}}, {"type": "Feature", "geometry": {"type": "Point", "coordinates": [3.20878, 42.690102]}, "properties": {"var_data": [0.046, 0.329, 0.003, 0.013, 0.262, 0.0, 1, 1, 1, 1, 1]}}, {"type": "Feature", "geometry": {"type": "Point", "coordinates": [3.24412, 42.690102]}, "properties": {"var_data": [0.054, 0.267, 0.003, 0.023, 0.278, 0.0, 1, 1, 1, 1, 1]}}, {"type": "Feature", "geometry": {"type": "Point", "coordinates": [3.27946, 42.690102]}, "properties": {"var_data": [0.05, 0.184, 0.004, 0.041, 0.303, 0.0, 1, 1, 1, 1, 1]}}, {"type": "Feature", "geometry": {"type": "Point", "coordinates": [3.3148, 42.690102]}, "properties": {"var_data": [0.019, 0.089, 0.004, 0.058, 0.306, 0.0, 1, 1, 1, 1, 1]}}, {"type": "Feature", "geometry": {"type": "Point", "coordinates": [3.35014, 42.690102]}, "properties": {"var_data": [-0.006, 0.046, 0.015, 0.06, 0.325, 0.0, 1, 1, 1, 1, 1]}}, {"type": "Feature", "geometry": {"type": "Point", "coordinates": [3.38548, 42.690102]}, "properties": {"var_data": [-0.057, 0.071, 0.009, 0.006, 0.321, -0.0, 1, 1, 1, 1, 1]}}, {"type": "Feature", "geometry": {"type": "Point", "coordinates": [3.42082, 42.690102]}, "properties": {"var_data": [-0.076, 0.109, 0.008, 0.006, 0.327, -0.0, 1, 1, 1, 1, 1]}}, {"type": "Feature", "geometry": {"type": "Point", "coordinates": [3.45616, 42.690102]}, "properties": {"var_data": [-0.028, 0.109, 0.011, 0.006, 0.342, -0.0, 1, 1, 1, 1, 1]}}, {"type": "Feature", "geometry": {"type": "Point", "coordinates": [3.4915, 42.690102]}, "properties": {"var_data": [0.02, 0.191, 0.012, 0.006, 0.328, -0.0, 1, 1, 1, 1, 1]}}, {"type": "Feature", "geometry": {"type": "Point", "coordinates": [3.52684, 42.690102]}, "properties": {"var_data": [0.134, 0.235, 0.009, 0.008, 0.361, -0.0, 1, 1, 1, 1, 1]}}, {"type": "Feature", "geometry": {"type": "Point", "coordinates": [3.56218, 42.690102]}, "properties": {"var_data": [0.214, 0.243, 0.01, 0.008, 0.377, -0.0, 1, 1, 1, 1, 1]}}, {"type": "Feature", "geometry": {"type": "Point", "coordinates": [3.59752, 42.690102]}, "properties": {"var_data": [0.211, 0.226, 0.003, 0.004, 0.382, -0.0, 1, 1, 1, 1, 1]}}, {"type": "Feature", "geometry": {"type": "Point", "coordinates": [3.63286, 42.690102]}, "properties": {"var_data": [0.193, 0.223, 0.003, 0.005, 0.439, -0.0, 1, 1, 1, 1, 1]}}, {"type": "Feature", "geometry": {"type": "Point", "coordinates": [3.6682, 42.690102]}, "properties": {"var_data": [0.197, 0.218, 0.003, 0.005, 0.433, -0.0, 1, 1, 1, 1, 1]}}, {"type": "Feature", "geometry": {"type": "Point", "coordinates": [3.70354, 42.690102]}, "properties": {"var_data": [0.213, 0.205, 0.003, 0.01, 0.412, 0.0, 1, 1, 1, 1, 1]}}, {"type": "Feature", "geometry": {"type": "Point", "coordinates": [3.73888, 42.690102]}, "properties": {"var_data": [0.244, 0.175, 0.016, 0.034, 0.517, -0.0, 1, 1, 1, 1, 1]}}, {"type": "Feature", "geometry": {"type": "Point", "coordinates": [3.77422, 42.690102]}, "properties": {"var_data": [0.245, 0.182, 0.018, 0.045, 0.551, -0.0, 1, 1, 1, 1, 1]}}, {"type": "Feature", "geometry": {"type": "Point", "coordinates": [3.80956, 42.690102]}, "properties": {"var_data": [0.254, 0.136, 0.02, 0.023, 0.506, -0.0, 1, 1, 1, 1, 1]}}, {"type": "Feature", "geometry": {"type": "Point", "coordinates": [3.8449, 42.690102]}, "properties": {"var_data": [0.256, 0.12, 0.021, 0.024, 0.543, -0.0, 1, 1, 1, 1, 1]}}, {"type": "Feature", "geometry": {"type": "Point", "coordinates": [3.88024, 42.690102]}, "properties": {"var_data": [0.214, -0.007, 0.011, 0.022, 0.576, -0.0, 1, 1, 1, 1, 1]}}, {"type": "Feature", "geometry": {"type": "Point", "coordinates": [3.91558, 42.690102]}, "properties": {"var_data": [0.209, -0.07, 0.009, 0.021, 0.599, -0.0, 1, 1, 1, 1, 1]}}, {"type": "Feature", "geometry": {"type": "Point", "coordinates": [3.95092, 42.690102]}, "properties": {"var_data": [0.214, -0.06, 0.011, 0.018, 0.613, -0.0, 1, 1, 1, 1, 1]}}, {"type": "Feature", "geometry": {"type": "Point", "coordinates": [3.98626, 42.690102]}, "properties": {"var_data": [0.213, 0.001, 0.009, 0.02, 0.825, -0.0, 1, 1, 1, 1, 1]}}, {"type": "Feature", "geometry": {"type": "Point", "coordinates": [4.0216, 42.690102]}, "properties": {"var_data": [0.202, 0.093, 0.013, 0.021, 0.862, -0.0, 1, 1, 1, 1, 1]}}, {"type": "Feature", "geometry": {"type": "Point", "coordinates": [4.05694, 42.690102]}, "properties": {"var_data": [0.184, 0.245, 0.012, 0.018, 1.008, -0.0, 1, 1, 1, 1, 1]}}, {"type": "Feature", "geometry": {"type": "Point", "coordinates": [4.09228, 42.690102]}, "properties": {"var_data": [0.171, 0.207, 0.012, 0.018, 1.156, -0.0, 1, 1, 1, 1, 1]}}, {"type": "Feature", "geometry": {"type": "Point", "coordinates": [4.12762, 42.690102]}, "properties": {"var_data": [0.179, -0.089, 0.029, 0.083, 1.578, -0.001, 1, 0, 1, 1, 1]}}, {"type": "Feature", "geometry": {"type": "Point", "coordinates": [4.16296, 42.690102]}, "properties": {"var_data": [0.192, -0.012, 0.029, 0.082, 1.541, -0.001, 1, 0, 1, 1, 1]}}, {"type": "Feature", "geometry": {"type": "Point", "coordinates": [4.1983, 42.690102]}, "properties": {"var_data": [0.319, -0.134, 0.032, 0.084, 2.07, -0.002, 4, 0, 4, 1, 1]}}, {"type": "Feature", "geometry": {"type": "Point", "coordinates": [3.06742, 42.717098]}, "properties": {"var_data": [-0.047, 0.415, 0.003, 0.005, 0.178, 0.0, 1, 1, 1, 1, 1]}}, {"type": "Feature", "geometry": {"type": "Point", "coordinates": [3.10276, 42.717098]}, "properties": {"var_data": [-0.031, 0.374, 0.002, 0.006, 0.203, 0.0, 1, 1, 1, 1, 1]}}, {"type": "Feature", "geometry": {"type": "Point", "coordinates": [3.1381, 42.717098]}, "properties": {"var_data": [-0.005, 0.348, 0.003, 0.01, 0.24, -0.0, 1, 1, 1, 1, 1]}}, {"type": "Feature", "geometry": {"type": "Point", "coordinates": [3.17344, 42.717098]}, "properties": {"var_data": [0.016, 0.353, 0.003, 0.011, 0.264, -0.0, 1, 1, 1, 1, 1]}}, {"type": "Feature", "geometry": {"type": "Point", "coordinates": [3.20878, 42.717098]}, "properties": {"var_data": [0.034, 0.343, 0.003, 0.017, 0.273, -0.0, 1, 1, 1, 1, 1]}}, {"type": "Feature", "geometry": {"type": "Point", "coordinates": [3.24412, 42.717098]}, "properties": {"var_data": [0.049, 0.341, 0.003, 0.024, 0.276, -0.0, 1, 1, 1, 1, 1]}}, {"type": "Feature", "geometry": {"type": "Point", "coordinates": [3.27946, 42.717098]}, "properties": {"var_data": [0.061, 0.287, 0.003, 0.032, 0.297, 0.0, 1, 1, 1, 1, 1]}}, {"type": "Feature", "geometry": {"type": "Point", "coordinates": [3.3148, 42.717098]}, "properties": {"var_data": [0.086, 0.176, 0.005, 0.055, 0.303, -0.0, 1, 1, 1, 1, 1]}}, {"type": "Feature", "geometry": {"type": "Point", "coordinates": [3.35014, 42.717098]}, "properties": {"var_data": [0.083, 0.137, 0.015, 0.068, 0.335, -0.0, 1, 1, 1, 1, 1]}}, {"type": "Feature", "geometry": {"type": "Point", "coordinates": [3.38548, 42.717098]}, "properties": {"var_data": [0.034, 0.176, 0.013, 0.064, 0.337, -0.0, 1, 1, 1, 1, 1]}}, {"type": "Feature", "geometry": {"type": "Point", "coordinates": [3.42082, 42.717098]}, "properties": {"var_data": [0.021, 0.184, 0.009, 0.006, 0.332, -0.0, 1, 1, 1, 1, 1]}}, {"type": "Feature", "geometry": {"type": "Point", "coordinates": [3.45616, 42.717098]}, "properties": {"var_data": [0.047, 0.254, 0.011, 0.006, 0.341, -0.0, 1, 1, 1, 1, 1]}}, {"type": "Feature", "geometry": {"type": "Point", "coordinates": [3.4915, 42.717098]}, "properties": {"var_data": [0.091, 0.259, 0.015, 0.007, 0.367, -0.0, 1, 1, 1, 1, 1]}}, {"type": "Feature", "geometry": {"type": "Point", "coordinates": [3.52684, 42.717098]}, "properties": {"var_data": [0.205, 0.21, 0.028, 0.013, 0.359, -0.0, 1, 1, 1, 1, 1]}}, {"type": "Feature", "geometry": {"type": "Point", "coordinates": [3.56218, 42.717098]}, "properties": {"var_data": [0.215, 0.25, 0.01, 0.008, 0.378, -0.0, 1, 1, 1, 1, 1]}}, {"type": "Feature", "geometry": {"type": "Point", "coordinates": [3.59752, 42.717098]}, "properties": {"var_data": [0.219, 0.24, 0.025, 0.014, 0.407, -0.0, 1, 1, 1, 1, 1]}}, {"type": "Feature", "geometry": {"type": "Point", "coordinates": [3.63286, 42.717098]}, "properties": {"var_data": [0.206, 0.262, 0.02, 0.014, 0.417, -0.0, 1, 1, 1, 1, 1]}}, {"type": "Feature", "geometry": {"type": "Point", "coordinates": [3.6682, 42.717098]}, "properties": {"var_data": [0.215, 0.23, 0.019, 0.014, 0.48, -0.0, 1, 1, 1, 1, 1]}}, {"type": "Feature", "geometry": {"type": "Point", "coordinates": [3.70354, 42.717098]}, "properties": {"var_data": [0.237, 0.178, 0.021, 0.014, 0.464, -0.0, 1, 1, 1, 1, 1]}}, {"type": "Feature", "geometry": {"type": "Point", "coordinates": [3.73888, 42.717098]}, "properties": {"var_data": [0.253, 0.184, 0.018, 0.02, 0.492, -0.0, 1, 1, 1, 1, 1]}}, {"type": "Feature", "geometry": {"type": "Point", "coordinates": [3.77422, 42.717098]}, "properties": {"var_data": [0.273, 0.126, 0.02, 0.034, 0.591, -0.0, 1, 1, 1, 1, 1]}}, {"type": "Feature", "geometry": {"type": "Point", "coordinates": [3.80956, 42.717098]}, "properties": {"var_data": [0.274, 0.126, 0.019, 0.034, 0.589, -0.0, 1, 1, 1, 1, 1]}}, {"type": "Feature", "geometry": {"type": "Point", "coordinates": [3.8449, 42.717098]}, "properties": {"var_data": [0.267, 0.086, 0.018, 0.022, 0.517, -0.0, 1, 1, 1, 1, 1]}}, {"type": "Feature", "geometry": {"type": "Point", "coordinates": [3.88024, 42.717098]}, "properties": {"var_data": [0.263, 0.034, 0.011, 0.022, 0.641, -0.0, 1, 1, 1, 1, 1]}}, {"type": "Feature", "geometry": {"type": "Point", "coordinates": [3.91558, 42.717098]}, "properties": {"var_data": [0.242, -0.05, 0.011, 0.022, 0.625, -0.0, 1, 1, 1, 1, 1]}}, {"type": "Feature", "geometry": {"type": "Point", "coordinates": [3.95092, 42.717098]}, "properties": {"var_data": [0.229, -0.058, 0.012, 0.041, 0.71, -0.0, 1, 1, 1, 1, 1]}}, {"type": "Feature", "geometry": {"type": "Point", "coordinates": [3.98626, 42.717098]}, "properties": {"var_data": [0.229, -0.034, 0.009, 0.193, 1.005, 0.0, 1, 1, 1, 1, 1]}}, {"type": "Feature", "geometry": {"type": "Point", "coordinates": [4.0216, 42.717098]}, "properties": {"var_data": [0.219, 0.121, 0.012, 0.018, 1.02, -0.0, 1, 1, 1, 1, 1]}}, {"type": "Feature", "geometry": {"type": "Point", "coordinates": [4.05694, 42.717098]}, "properties": {"var_data": [0.199, 0.258, 0.012, 0.018, 1.057, -0.0, 1, 1, 1, 1, 1]}}, {"type": "Feature", "geometry": {"type": "Point", "coordinates": [4.09228, 42.717098]}, "properties": {"var_data": [0.188, 0.172, 0.012, 0.018, 1.139, -0.0, 1, 1, 1, 1, 1]}}, {"type": "Feature", "geometry": {"type": "Point", "coordinates": [4.12762, 42.717098]}, "properties": {"var_data": [0.158, 0.048, 0.029, 0.042, 1.508, -0.001, 1, 0, 1, 1, 1]}}, {"type": "Feature", "geometry": {"type": "Point", "coordinates": [4.16296, 42.717098]}, "properties": {"var_data": [0.182, -0.083, 0.032, 0.085, 2.066, -0.002, 4, 0, 4, 1, 1]}}, {"type": "Feature", "geometry": {"type": "Point", "coordinates": [3.06742, 42.744099]}, "properties": {"var_data": [-0.06, 0.456, 0.005, 0.006, 0.212, -0.0, 1, 1, 1, 1, 1]}}, {"type": "Feature", "geometry": {"type": "Point", "coordinates": [3.10276, 42.744099]}, "properties": {"var_data": [-0.042, 0.417, 0.005, 0.01, 0.222, -0.0, 1, 1, 1, 1, 1]}}, {"type": "Feature", "geometry": {"type": "Point", "coordinates": [3.1381, 42.744099]}, "properties": {"var_data": [-0.015, 0.359, 0.005, 0.013, 0.262, -0.0, 1, 1, 1, 1, 1]}}, {"type": "Feature", "geometry": {"type": "Point", "coordinates": [3.17344, 42.744099]}, "properties": {"var_data": [-0.003, 0.353, 0.006, 0.022, 0.264, -0.0, 1, 1, 1, 1, 1]}}, {"type": "Feature", "geometry": {"type": "Point", "coordinates": [3.20878, 42.744099]}, "properties": {"var_data": [0.011, 0.365, 0.007, 0.028, 0.276, -0.0, 1, 1, 1, 1, 1]}}, {"type": "Feature", "geometry": {"type": "Point", "coordinates": [3.24412, 42.744099]}, "properties": {"var_data": [0.038, 0.361, 0.004, 0.024, 0.297, -0.0, 1, 1, 1, 1, 1]}}, {"type": "Feature", "geometry": {"type": "Point", "coordinates": [3.27946, 42.744099]}, "properties": {"var_data": [0.058, 0.336, 0.004, 0.031, 0.289, -0.0, 1, 1, 1, 1, 1]}}, {"type": "Feature", "geometry": {"type": "Point", "coordinates": [3.3148, 42.744099]}, "properties": {"var_data": [0.089, 0.242, 0.017, 0.052, 0.313, -0.001, 1, 1, 1, 1, 1]}}, {"type": "Feature", "geometry": {"type": "Point", "coordinates": [3.35014, 42.744099]}, "properties": {"var_data": [0.101, 0.2, 0.017, 0.064, 0.355, -0.001, 1, 1, 1, 1, 1]}}, {"type": "Feature", "geometry": {"type": "Point", "coordinates": [3.38548, 42.744099]}, "properties": {"var_data": [0.093, 0.201, 0.02, 0.076, 0.349, -0.001, 1, 1, 1, 1, 1]}}, {"type": "Feature", "geometry": {"type": "Point", "coordinates": [3.42082, 42.744099]}, "properties": {"var_data": [0.078, 0.18, 0.02, 0.048, 0.352, -0.0, 1, 1, 1, 1, 1]}}, {"type": "Feature", "geometry": {"type": "Point", "coordinates": [3.45616, 42.744099]}, "properties": {"var_data": [0.112, 0.232, 0.022, 0.045, 0.381, -0.0, 1, 1, 1, 1, 1]}}, {"type": "Feature", "geometry": {"type": "Point", "coordinates": [3.4915, 42.744099]}, "properties": {"var_data": [0.177, 0.218, 0.02, 0.029, 0.36, -0.0, 1, 1, 1, 1, 1]}}, {"type": "Feature", "geometry": {"type": "Point", "coordinates": [3.52684, 42.744099]}, "properties": {"var_data": [0.262, 0.202, 0.022, 0.014, 0.35, -0.0, 1, 1, 1, 1, 1]}}, {"type": "Feature", "geometry": {"type": "Point", "coordinates": [3.56218, 42.744099]}, "properties": {"var_data": [0.281, 0.226, 0.017, 0.014, 0.394, -0.0, 1, 1, 1, 1, 1]}}, {"type": "Feature", "geometry": {"type": "Point", "coordinates": [3.59752, 42.744099]}, "properties": {"var_data": [0.282, 0.208, 0.015, 0.014, 0.385, -0.0, 1, 1, 1, 1, 1]}}, {"type": "Feature", "geometry": {"type": "Point", "coordinates": [3.63286, 42.744099]}, "properties": {"var_data": [0.274, 0.219, 0.015, 0.017, 0.395, -0.0, 1, 1, 1, 1, 1]}}, {"type": "Feature", "geometry": {"type": "Point", "coordinates": [3.6682, 42.744099]}, "properties": {"var_data": [0.274, 0.194, 0.016, 0.016, 0.43, -0.0, 1, 1, 1, 1, 1]}}, {"type": "Feature", "geometry": {"type": "Point", "coordinates": [3.70354, 42.744099]}, "properties": {"var_data": [0.285, 0.173, 0.017, 0.017, 0.478, -0.0, 1, 1, 1, 1, 1]}}, {"type": "Feature", "geometry": {"type": "Point", "coordinates": [3.73888, 42.744099]}, "properties": {"var_data": [0.271, 0.159, 0.018, 0.016, 0.465, -0.0, 1, 1, 1, 1, 1]}}, {"type": "Feature", "geometry": {"type": "Point", "coordinates": [3.77422, 42.744099]}, "properties": {"var_data": [0.283, 0.12, 0.02, 0.034, 0.598, -0.0, 1, 1, 1, 1, 1]}}, {"type": "Feature", "geometry": {"type": "Point", "coordinates": [3.80956, 42.744099]}, "properties": {"var_data": [0.271, 0.076, 0.018, 0.017, 0.593, -0.0, 1, 1, 1, 1, 1]}}, {"type": "Feature", "geometry": {"type": "Point", "coordinates": [3.8449, 42.744099]}, "properties": {"var_data": [0.266, 0.103, 0.019, 0.037, 0.621, -0.0, 1, 1, 1, 1, 1]}}, {"type": "Feature", "geometry": {"type": "Point", "coordinates": [3.88024, 42.744099]}, "properties": {"var_data": [0.261, 0.08, 0.023, 0.045, 0.675, -0.0, 1, 1, 1, 1, 1]}}, {"type": "Feature", "geometry": {"type": "Point", "coordinates": [3.91558, 42.744099]}, "properties": {"var_data": [0.26, 0.099, 0.012, 0.042, 0.741, -0.0, 1, 1, 1, 1, 1]}}, {"type": "Feature", "geometry": {"type": "Point", "coordinates": [3.95092, 42.744099]}, "properties": {"var_data": [0.255, 0.036, 0.012, 0.077, 1.069, -0.0, 1, 0, 1, 1, 1]}}, {"type": "Feature", "geometry": {"type": "Point", "coordinates": [3.98626, 42.744099]}, "properties": {"var_data": [0.227, 0.206, 0.028, 0.306, 1.383, -0.006, 1, 1, 1, 1, 1]}}, {"type": "Feature", "geometry": {"type": "Point", "coordinates": [4.0216, 42.744099]}, "properties": {"var_data": [0.211, 0.302, 0.012, 0.018, 1.182, -0.0, 1, 1, 1, 1, 1]}}, {"type": "Feature", "geometry": {"type": "Point", "coordinates": [4.05694, 42.744099]}, "properties": {"var_data": [0.21, 0.446, 0.012, 0.018, 1.43, -0.0, 1, 1, 1, 1, 1]}}, {"type": "Feature", "geometry": {"type": "Point", "coordinates": [4.09228, 42.744099]}, "properties": {"var_data": [0.201, 0.452, 0.021, 0.03, 1.514, -0.001, 1, 1, 1, 1, 1]}}, {"type": "Feature", "geometry": {"type": "Point", "coordinates": [4.12762, 42.744099]}, "properties": {"var_data": [0.195, -0.067, 0.026, 0.037, 1.427, -0.001, 1, 0, 1, 1, 1]}}, {"type": "Feature", "geometry": {"type": "Point", "coordinates": [4.16296, 42.744099]}, "properties": {"var_data": [0.182, -0.127, 0.032, 0.085, 2.088, -0.002, 4, 0, 4, 1, 1]}}, {"type": "Feature", "geometry": {"type": "Point", "coordinates": [3.06742, 42.771099]}, "properties": {"var_data": [-0.069, 0.483, 0.01, 0.006, 0.284, -0.0, 1, 1, 1, 1, 1]}}, {"type": "Feature", "geometry": {"type": "Point", "coordinates": [3.10276, 42.771099]}, "properties": {"var_data": [-0.054, 0.447, 0.009, 0.01, 0.261, -0.0, 1, 1, 1, 1, 1]}}, {"type": "Feature", "geometry": {"type": "Point", "coordinates": [3.1381, 42.771099]}, "properties": {"var_data": [-0.044, 0.403, 0.007, 0.013, 0.289, -0.0, 1, 1, 1, 1, 1]}}, {"type": "Feature", "geometry": {"type": "Point", "coordinates": [3.17344, 42.771099]}, "properties": {"var_data": [-0.02, 0.364, 0.008, 0.02, 0.282, -0.0, 1, 1, 1, 1, 1]}}, {"type": "Feature", "geometry": {"type": "Point", "coordinates": [3.20878, 42.771099]}, "properties": {"var_data": [-0.011, 0.362, 0.011, 0.035, 0.29, -0.0, 1, 1, 1, 1, 1]}}, {"type": "Feature", "geometry": {"type": "Point", "coordinates": [3.24412, 42.771099]}, "properties": {"var_data": [0.032, 0.335, 0.017, 0.047, 0.317, -0.001, 1, 1, 1, 1, 1]}}, {"type": "Feature", "geometry": {"type": "Point", "coordinates": [3.27946, 42.771099]}, "properties": {"var_data": [0.058, 0.3, 0.018, 0.046, 0.32, -0.001, 1, 1, 1, 1, 1]}}, {"type": "Feature", "geometry": {"type": "Point", "coordinates": [3.3148, 42.771099]}, "properties": {"var_data": [0.092, 0.257, 0.019, 0.053, 0.326, -0.001, 1, 1, 1, 1, 1]}}, {"type": "Feature", "geometry": {"type": "Point", "coordinates": [3.35014, 42.771099]}, "properties": {"var_data": [0.117, 0.177, 0.021, 0.06, 0.358, -0.001, 1, 1, 1, 1, 1]}}, {"type": "Feature", "geometry": {"type": "Point", "coordinates": [3.38548, 42.771099]}, "properties": {"var_data": [0.116, 0.209, 0.023, 0.063, 0.353, -0.001, 1, 1, 1, 1, 1]}}, {"type": "Feature", "geometry": {"type": "Point", "coordinates": [3.42082, 42.771099]}, "properties": {"var_data": [0.139, 0.211, 0.022, 0.042, 0.358, -0.0, 1, 1, 1, 1, 1]}}, {"type": "Feature", "geometry": {"type": "Point", "coordinates": [3.45616, 42.771099]}, "properties": {"var_data": [0.175, 0.199, 0.021, 0.028, 0.379, -0.0, 1, 1, 1, 1, 1]}}, {"type": "Feature", "geometry": {"type": "Point", "coordinates": [3.4915, 42.771099]}, "properties": {"var_data": [0.258, 0.17, 0.017, 0.028, 0.36, -0.0, 1, 1, 1, 1, 1]}}, {"type": "Feature", "geometry": {"type": "Point", "coordinates": [3.52684, 42.771099]}, "properties": {"var_data": [0.32, 0.169, 0.018, 0.021, 0.369, -0.0, 1, 1, 1, 1, 1]}}, {"type": "Feature", "geometry": {"type": "Point", "coordinates": [3.56218, 42.771099]}, "properties": {"var_data": [0.351, 0.159, 0.015, 0.021, 0.378, -0.0, 1, 1, 1, 1, 1]}}, {"type": "Feature", "geometry": {"type": "Point", "coordinates": [3.59752, 42.771099]}, "properties": {"var_data": [0.365, 0.133, 0.014, 0.009, 0.406, -0.0, 1, 1, 1, 1, 1]}}, {"type": "Feature", "geometry": {"type": "Point", "coordinates": [3.63286, 42.771099]}, "properties": {"var_data": [0.348, 0.102, 0.015, 0.01, 0.415, -0.0, 1, 1, 1, 1, 1]}}, {"type": "Feature", "geometry": {"type": "Point", "coordinates": [3.6682, 42.771099]}, "properties": {"var_data": [0.339, 0.085, 0.016, 0.01, 0.458, -0.0, 1, 1, 1, 1, 1]}}, {"type": "Feature", "geometry": {"type": "Point", "coordinates": [3.70354, 42.771099]}, "properties": {"var_data": [0.339, 0.108, 0.02, 0.012, 0.51, -0.0, 1, 1, 1, 1, 1]}}, {"type": "Feature", "geometry": {"type": "Point", "coordinates": [3.73888, 42.771099]}, "properties": {"var_data": [0.329, 0.069, 0.02, 0.017, 0.591, -0.0, 1, 0, 1, 1, 1]}}, {"type": "Feature", "geometry": {"type": "Point", "coordinates": [3.77422, 42.771099]}, "properties": {"var_data": [0.309, 0.054, 0.021, 0.018, 0.574, -0.0, 1, 1, 1, 1, 1]}}, {"type": "Feature", "geometry": {"type": "Point", "coordinates": [3.80956, 42.771099]}, "properties": {"var_data": [0.313, -0.028, 0.02, 0.018, 0.77, -0.0, 1, 1, 1, 1, 1]}}, {"type": "Feature", "geometry": {"type": "Point", "coordinates": [3.8449, 42.771099]}, "properties": {"var_data": [0.289, 0.03, 0.021, 0.018, 0.732, -0.0, 1, 1, 1, 1, 1]}}, {"type": "Feature", "geometry": {"type": "Point", "coordinates": [3.88024, 42.771099]}, "properties": {"var_data": [0.268, 0.09, 0.032, 0.233, 0.913, -0.006, 1, 1, 1, 1, 1]}}, {"type": "Feature", "geometry": {"type": "Point", "coordinates": [3.91558, 42.771099]}, "properties": {"var_data": [0.253, 0.111, 0.036, 0.221, 1.04, -0.008, 1, 0, 1, 1, 1]}}, {"type": "Feature", "geometry": {"type": "Point", "coordinates": [3.95092, 42.771099]}, "properties": {"var_data": [0.213, 0.273, 0.057, 0.358, 1.594, -0.02, 1, 0, 1, 1, 1]}}, {"type": "Feature", "geometry": {"type": "Point", "coordinates": [4.0216, 42.771099]}, "properties": {"var_data": [0.215, 0.428, 0.026, 0.037, 1.549, -0.001, 1, 1, 1, 1, 1]}}, {"type": "Feature", "geometry": {"type": "Point", "coordinates": [4.05694, 42.771099]}, "properties": {"var_data": [0.228, 0.411, 0.026, 0.037, 1.616, -0.001, 1, 1, 1, 1, 1]}}, {"type": "Feature", "geometry": {"type": "Point", "coordinates": [4.09228, 42.771099]}, "properties": {"var_data": [0.213, 0.435, 0.029, 0.041, 2.23, -0.001, 4, 1, 4, 1, 1]}}, {"type": "Feature", "geometry": {"type": "Point", "coordinates": [4.12762, 42.771099]}, "properties": {"var_data": [0.273, 0.193, 0.055, 0.077, 2.368, -0.004, 4, 0, 4, 4, 1]}}, {"type": "Feature", "geometry": {"type": "Point", "coordinates": [3.06742, 42.7981]}, "properties": {"var_data": [-0.059, 0.494, 0.016, 0.009, 0.377, -0.0, 1, 1, 1, 1, 1]}}, {"type": "Feature", "geometry": {"type": "Point", "coordinates": [3.10276, 42.7981]}, "properties": {"var_data": [-0.054, 0.452, 0.022, 0.017, 0.33, -0.0, 1, 1, 1, 1, 1]}}, {"type": "Feature", "geometry": {"type": "Point", "coordinates": [3.1381, 42.7981]}, "properties": {"var_data": [-0.039, 0.394, 0.022, 0.021, 0.32, -0.0, 1, 1, 1, 1, 1]}}, {"type": "Feature", "geometry": {"type": "Point", "coordinates": [3.17344, 42.7981]}, "properties": {"var_data": [-0.016, 0.322, 0.026, 0.034, 0.342, -0.001, 1, 1, 1, 1, 1]}}, {"type": "Feature", "geometry": {"type": "Point", "coordinates": [3.20878, 42.7981]}, "properties": {"var_data": [-0.011, 0.305, 0.025, 0.04, 0.317, -0.001, 1, 1, 1, 1, 1]}}, {"type": "Feature", "geometry": {"type": "Point", "coordinates": [3.24412, 42.7981]}, "properties": {"var_data": [0.05, 0.256, 0.021, 0.043, 0.333, -0.001, 1, 1, 1, 1, 1]}}, {"type": "Feature", "geometry": {"type": "Point", "coordinates": [3.27946, 42.7981]}, "properties": {"var_data": [0.075, 0.233, 0.02, 0.041, 0.335, -0.001, 1, 1, 1, 1, 1]}}, {"type": "Feature", "geometry": {"type": "Point", "coordinates": [3.3148, 42.7981]}, "properties": {"var_data": [0.079, 0.222, 0.026, 0.049, 0.362, -0.001, 1, 1, 1, 1, 1]}}, {"type": "Feature", "geometry": {"type": "Point", "coordinates": [3.35014, 42.7981]}, "properties": {"var_data": [0.085, 0.188, 0.03, 0.058, 0.38, -0.001, 1, 1, 1, 1, 1]}}, {"type": "Feature", "geometry": {"type": "Point", "coordinates": [3.38548, 42.7981]}, "properties": {"var_data": [0.067, 0.205, 0.023, 0.051, 0.365, -0.001, 1, 1, 1, 1, 1]}}, {"type": "Feature", "geometry": {"type": "Point", "coordinates": [3.42082, 42.7981]}, "properties": {"var_data": [0.096, 0.169, 0.023, 0.05, 0.392, -0.001, 1, 1, 1, 1, 1]}}, {"type": "Feature", "geometry": {"type": "Point", "coordinates": [3.45616, 42.7981]}, "properties": {"var_data": [0.148, 0.176, 0.021, 0.026, 0.368, -0.0, 1, 1, 1, 1, 1]}}, {"type": "Feature", "geometry": {"type": "Point", "coordinates": [3.4915, 42.7981]}, "properties": {"var_data": [0.255, 0.13, 0.025, 0.027, 0.393, -0.0, 1, 1, 1, 1, 1]}}, {"type": "Feature", "geometry": {"type": "Point", "coordinates": [3.52684, 42.7981]}, "properties": {"var_data": [0.312, 0.146, 0.018, 0.025, 0.403, -0.0, 1, 1, 1, 1, 1]}}, {"type": "Feature", "geometry": {"type": "Point", "coordinates": [3.56218, 42.7981]}, "properties": {"var_data": [0.383, 0.138, 0.016, 0.021, 0.401, -0.0, 1, 1, 1, 1, 1]}}, {"type": "Feature", "geometry": {"type": "Point", "coordinates": [3.59752, 42.7981]}, "properties": {"var_data": [0.416, 0.079, 0.015, 0.01, 0.448, -0.0, 1, 1, 1, 1, 1]}}, {"type": "Feature", "geometry": {"type": "Point", "coordinates": [3.63286, 42.7981]}, "properties": {"var_data": [0.406, 0.054, 0.016, 0.01, 0.456, -0.0, 1, 1, 1, 1, 1]}}, {"type": "Feature", "geometry": {"type": "Point", "coordinates": [3.6682, 42.7981]}, "properties": {"var_data": [0.402, 0.031, 0.019, 0.012, 0.494, -0.0, 1, 1, 1, 1, 1]}}, {"type": "Feature", "geometry": {"type": "Point", "coordinates": [3.70354, 42.7981]}, "properties": {"var_data": [0.387, -0.023, 0.021, 0.013, 0.547, -0.0, 1, 1, 1, 1, 1]}}, {"type": "Feature", "geometry": {"type": "Point", "coordinates": [3.73888, 42.7981]}, "properties": {"var_data": [0.358, -0.002, 0.024, 0.021, 0.713, -0.0, 1, 0, 1, 1, 1]}}, {"type": "Feature", "geometry": {"type": "Point", "coordinates": [3.77422, 42.7981]}, "properties": {"var_data": [0.327, -0.005, 0.021, 0.019, 0.719, -0.0, 1, 0, 1, 1, 1]}}, {"type": "Feature", "geometry": {"type": "Point", "coordinates": [3.80956, 42.7981]}, "properties": {"var_data": [0.309, -0.024, 0.024, 0.021, 0.795, -0.0, 1, 0, 1, 1, 1]}}, {"type": "Feature", "geometry": {"type": "Point", "coordinates": [3.8449, 42.7981]}, "properties": {"var_data": [0.289, -0.003, 0.023, 0.02, 0.833, -0.0, 1, 1, 1, 1, 1]}}, {"type": "Feature", "geometry": {"type": "Point", "coordinates": [3.88024, 42.7981]}, "properties": {"var_data": [0.268, 0.137, 0.045, 0.281, 1.215, -0.012, 1, 0, 1, 1, 1]}}, {"type": "Feature", "geometry": {"type": "Point", "coordinates": [3.91558, 42.7981]}, "properties": {"var_data": [0.227, 0.177, 0.055, 0.337, 1.214, -0.018, 1, 1, 1, 1, 1]}}, {"type": "Feature", "geometry": {"type": "Point", "coordinates": [3.95092, 42.7981]}, "properties": {"var_data": [0.216, 0.294, 0.066, 0.407, 1.614, -0.026, 1, 1, 1, 1, 1]}}, {"type": "Feature", "geometry": {"type": "Point", "coordinates": [4.05694, 42.7981]}, "properties": {"var_data": [0.218, 0.054, 0.03, 0.182, 1.86, -0.005, 1, 1, 1, 1, 1]}}, {"type": "Feature", "geometry": {"type": "Point", "coordinates": [4.09228, 42.7981]}, "properties": {"var_data": [0.201, 0.056, 0.032, 0.195, 1.946, -0.006, 1, 1, 1, 1, 1]}}, {"type": "Feature", "geometry": {"type": "Point", "coordinates": [4.12762, 42.7981]}, "properties": {"var_data": [0.158, 0.153, 0.032, 0.166, 1.718, -0.005, 1, 1, 1, 1, 1]}}, {"type": "Feature", "geometry": {"type": "Point", "coordinates": [3.06742, 42.8251]}, "properties": {"var_data": [-0.005, 0.486, 0.026, 0.01, 0.516, -0.0, 1, 1, 1, 1, 1]}}, {"type": "Feature", "geometry": {"type": "Point", "coordinates": [3.10276, 42.8251]}, "properties": {"var_data": [-0.017, 0.43, 0.031, 0.018, 0.386, -0.001, 1, 1, 1, 1, 1]}}, {"type": "Feature", "geometry": {"type": "Point", "coordinates": [3.1381, 42.8251]}, "properties": {"var_data": [-0.011, 0.376, 0.039, 0.027, 0.351, -0.001, 1, 1, 1, 1, 1]}}, {"type": "Feature", "geometry": {"type": "Point", "coordinates": [3.17344, 42.8251]}, "properties": {"var_data": [0.015, 0.305, 0.031, 0.028, 0.361, -0.001, 1, 1, 1, 1, 1]}}, {"type": "Feature", "geometry": {"type": "Point", "coordinates": [3.20878, 42.8251]}, "properties": {"var_data": [0.047, 0.232, 0.03, 0.039, 0.339, -0.001, 1, 1, 1, 1, 1]}}, {"type": "Feature", "geometry": {"type": "Point", "coordinates": [3.24412, 42.8251]}, "properties": {"var_data": [0.094, 0.189, 0.033, 0.048, 0.365, -0.001, 1, 1, 1, 1, 1]}}, {"type": "Feature", "geometry": {"type": "Point", "coordinates": [3.27946, 42.8251]}, "properties": {"var_data": [0.101, 0.148, 0.025, 0.035, 0.361, -0.001, 1, 1, 1, 1, 1]}}, {"type": "Feature", "geometry": {"type": "Point", "coordinates": [3.3148, 42.8251]}, "properties": {"var_data": [0.05, 0.186, 0.027, 0.036, 0.37, -0.001, 1, 1, 1, 1, 1]}}, {"type": "Feature", "geometry": {"type": "Point", "coordinates": [3.35014, 42.8251]}, "properties": {"var_data": [0.021, 0.206, 0.031, 0.037, 0.394, -0.001, 1, 1, 1, 1, 1]}}, {"type": "Feature", "geometry": {"type": "Point", "coordinates": [3.38548, 42.8251]}, "properties": {"var_data": [-0.001, 0.18, 0.036, 0.037, 0.388, -0.001, 1, 1, 1, 1, 1]}}, {"type": "Feature", "geometry": {"type": "Point", "coordinates": [3.42082, 42.8251]}, "properties": {"var_data": [0.009, 0.166, 0.04, 0.056, 0.413, -0.001, 1, 1, 1, 1, 1]}}, {"type": "Feature", "geometry": {"type": "Point", "coordinates": [3.45616, 42.8251]}, "properties": {"var_data": [0.089, 0.155, 0.034, 0.029, 0.386, -0.001, 1, 1, 1, 1, 1]}}, {"type": "Feature", "geometry": {"type": "Point", "coordinates": [3.4915, 42.8251]}, "properties": {"var_data": [0.199, 0.125, 0.028, 0.03, 0.42, -0.0, 1, 1, 1, 1, 1]}}, {"type": "Feature", "geometry": {"type": "Point", "coordinates": [3.52684, 42.8251]}, "properties": {"var_data": [0.232, 0.119, 0.022, 0.031, 0.446, -0.0, 1, 1, 1, 1, 1]}}, {"type": "Feature", "geometry": {"type": "Point", "coordinates": [3.56218, 42.8251]}, "properties": {"var_data": [0.301, 0.145, 0.019, 0.038, 0.432, -0.0, 1, 1, 1, 1, 1]}}, {"type": "Feature", "geometry": {"type": "Point", "coordinates": [3.59752, 42.8251]}, "properties": {"var_data": [0.311, 0.092, 0.017, 0.011, 0.462, -0.0, 1, 1, 1, 1, 1]}}, {"type": "Feature", "geometry": {"type": "Point", "coordinates": [3.63286, 42.8251]}, "properties": {"var_data": [0.327, 0.063, 0.017, 0.011, 0.461, -0.0, 1, 1, 1, 1, 1]}}, {"type": "Feature", "geometry": {"type": "Point", "coordinates": [3.6682, 42.8251]}, "properties": {"var_data": [0.364, 0.029, 0.023, 0.014, 0.534, -0.0, 1, 1, 1, 1, 1]}}, {"type": "Feature", "geometry": {"type": "Point", "coordinates": [3.70354, 42.8251]}, "properties": {"var_data": [0.421, -0.15, 0.025, 0.015, 0.674, -0.0, 1, 1, 1, 1, 1]}}, {"type": "Feature", "geometry": {"type": "Point", "coordinates": [3.73888, 42.8251]}, "properties": {"var_data": [0.381, -0.123, 0.029, 0.02, 0.742, -0.001, 1, 0, 1, 1, 1]}}, {"type": "Feature", "geometry": {"type": "Point", "coordinates": [3.77422, 42.8251]}, "properties": {"var_data": [0.362, -0.183, 0.024, 0.019, 0.89, -0.0, 1, 0, 1, 1, 1]}}, {"type": "Feature", "geometry": {"type": "Point", "coordinates": [3.80956, 42.8251]}, "properties": {"var_data": [0.399, -0.387, 0.026, 0.02, 1.122, -0.001, 1, 0, 1, 1, 1]}}, {"type": "Feature", "geometry": {"type": "Point", "coordinates": [3.8449, 42.8251]}, "properties": {"var_data": [0.305, -0.036, 0.028, 0.024, 1.245, -0.001, 1, 0, 1, 1, 1]}}, {"type": "Feature", "geometry": {"type": "Point", "coordinates": [3.88024, 42.8251]}, "properties": {"var_data": [0.205, 0.331, 0.064, 0.371, 1.779, -0.024, 1, 0, 1, 1, 1]}}, {"type": "Feature", "geometry": {"type": "Point", "coordinates": [3.91558, 42.8251]}, "properties": {"var_data": [0.194, 0.334, 0.135, 0.815, 1.79, -0.11, 1, 1, 1, 1, 1]}}, {"type": "Feature", "geometry": {"type": "Point", "coordinates": [4.05694, 42.8251]}, "properties": {"var_data": [0.19, 0.114, 0.039, 0.237, 2.05, -0.009, 4, 0, 4, 1, 1]}}, {"type": "Feature", "geometry": {"type": "Point", "coordinates": [4.09228, 42.8251]}, "properties": {"var_data": [0.152, 0.159, 0.039, 0.237, 2.087, -0.009, 4, 1, 4, 1, 1]}}, {"type": "Feature", "geometry": {"type": "Point", "coordinates": [4.12762, 42.8251]}, "properties": {"var_data": [0.095, 0.25, 0.029, 0.174, 1.798, -0.005, 1, 1, 1, 1, 1]}}, {"type": "Feature", "geometry": {"type": "Point", "coordinates": [4.16296, 42.8251]}, "properties": {"var_data": [0.072, 0.208, 0.026, 0.075, 1.941, -0.002, 1, 0, 1, 1, 1]}}, {"type": "Feature", "geometry": {"type": "Point", "coordinates": [3.06742, 42.8521]}, "properties": {"var_data": [0.103, 0.445, 0.035, 0.012, 0.623, -0.0, 1, 1, 1, 1, 1]}}, {"type": "Feature", "geometry": {"type": "Point", "coordinates": [3.10276, 42.8521]}, "properties": {"var_data": [0.047, 0.415, 0.038, 0.019, 0.485, -0.001, 1, 1, 1, 1, 1]}}, {"type": "Feature", "geometry": {"type": "Point", "coordinates": [3.1381, 42.8521]}, "properties": {"var_data": [0.051, 0.345, 0.048, 0.03, 0.421, -0.001, 1, 1, 1, 1, 1]}}, {"type": "Feature", "geometry": {"type": "Point", "coordinates": [3.17344, 42.8521]}, "properties": {"var_data": [0.078, 0.279, 0.051, 0.035, 0.401, -0.002, 1, 1, 1, 1, 1]}}, {"type": "Feature", "geometry": {"type": "Point", "coordinates": [3.20878, 42.8521]}, "properties": {"var_data": [0.144, 0.163, 0.042, 0.042, 0.391, -0.002, 1, 1, 1, 1, 1]}}, {"type": "Feature", "geometry": {"type": "Point", "coordinates": [3.24412, 42.8521]}, "properties": {"var_data": [0.144, 0.139, 0.042, 0.048, 0.401, -0.002, 1, 1, 1, 1, 1]}}, {"type": "Feature", "geometry": {"type": "Point", "coordinates": [3.27946, 42.8521]}, "properties": {"var_data": [0.093, 0.16, 0.032, 0.037, 0.397, -0.001, 1, 1, 1, 1, 1]}}, {"type": "Feature", "geometry": {"type": "Point", "coordinates": [3.3148, 42.8521]}, "properties": {"var_data": [0.047, 0.115, 0.033, 0.039, 0.403, -0.001, 1, 1, 1, 1, 1]}}, {"type": "Feature", "geometry": {"type": "Point", "coordinates": [3.35014, 42.8521]}, "properties": {"var_data": [-0.046, 0.194, 0.034, 0.039, 0.413, -0.001, 1, 1, 1, 1, 1]}}, {"type": "Feature", "geometry": {"type": "Point", "coordinates": [3.38548, 42.8521]}, "properties": {"var_data": [-0.058, 0.191, 0.034, 0.039, 0.408, -0.001, 1, 1, 1, 1, 1]}}, {"type": "Feature", "geometry": {"type": "Point", "coordinates": [3.42082, 42.8521]}, "properties": {"var_data": [-0.067, 0.145, 0.044, 0.051, 0.432, -0.002, 1, 1, 1, 1, 1]}}, {"type": "Feature", "geometry": {"type": "Point", "coordinates": [3.45616, 42.8521]}, "properties": {"var_data": [0.006, 0.137, 0.048, 0.047, 0.44, -0.001, 1, 1, 1, 1, 1]}}, {"type": "Feature", "geometry": {"type": "Point", "coordinates": [3.4915, 42.8521]}, "properties": {"var_data": [0.111, 0.096, 0.035, 0.044, 0.448, -0.001, 1, 1, 1, 1, 1]}}, {"type": "Feature", "geometry": {"type": "Point", "coordinates": [3.52684, 42.8521]}, "properties": {"var_data": [0.208, 0.074, 0.026, 0.046, 0.459, -0.001, 1, 1, 1, 1, 1]}}, {"type": "Feature", "geometry": {"type": "Point", "coordinates": [3.56218, 42.8521]}, "properties": {"var_data": [0.218, 0.13, 0.028, 0.06, 0.47, -0.001, 1, 1, 1, 1, 1]}}, {"type": "Feature", "geometry": {"type": "Point", "coordinates": [3.59752, 42.8521]}, "properties": {"var_data": [0.212, 0.142, 0.029, 0.063, 0.495, -0.001, 1, 1, 1, 1, 1]}}, {"type": "Feature", "geometry": {"type": "Point", "coordinates": [3.63286, 42.8521]}, "properties": {"var_data": [0.293, 0.017, 0.038, 0.022, 0.54, -0.001, 1, 1, 1, 1, 1]}}, {"type": "Feature", "geometry": {"type": "Point", "coordinates": [3.6682, 42.8521]}, "properties": {"var_data": [0.316, -0.052, 0.034, 0.02, 0.564, -0.001, 1, 1, 1, 1, 1]}}, {"type": "Feature", "geometry": {"type": "Point", "coordinates": [3.70354, 42.8521]}, "properties": {"var_data": [0.408, -0.253, 0.034, 0.027, 0.814, -0.001, 1, 1, 1, 1, 1]}}, {"type": "Feature", "geometry": {"type": "Point", "coordinates": [3.73888, 42.8521]}, "properties": {"var_data": [0.4, -0.282, 0.033, 0.024, 0.832, -0.001, 1, 0, 1, 1, 1]}}, {"type": "Feature", "geometry": {"type": "Point", "coordinates": [3.77422, 42.8521]}, "properties": {"var_data": [0.44, -0.399, 0.03, 0.022, 1.495, -0.001, 1, 0, 1, 1, 1]}}, {"type": "Feature", "geometry": {"type": "Point", "coordinates": [3.80956, 42.8521]}, "properties": {"var_data": [0.407, -0.443, 0.029, 0.021, 1.497, -0.001, 1, 0, 1, 1, 1]}}, {"type": "Feature", "geometry": {"type": "Point", "coordinates": [3.8449, 42.8521]}, "properties": {"var_data": [0.395, -0.436, 0.029, 0.022, 1.485, -0.001, 1, 0, 1, 1, 1]}}, {"type": "Feature", "geometry": {"type": "Point", "coordinates": [3.98626, 42.8521]}, "properties": {"var_data": [0.286, -0.141, 0.015, 0.056, 1.799, -0.001, 1, 1, 1, 1, 1]}}, {"type": "Feature", "geometry": {"type": "Point", "coordinates": [4.0216, 42.8521]}, "properties": {"var_data": [0.277, -0.149, 0.011, 0.055, 1.798, -0.001, 1, 1, 1, 1, 1]}}, {"type": "Feature", "geometry": {"type": "Point", "coordinates": [4.05694, 42.8521]}, "properties": {"var_data": [0.196, 0.006, 0.01, 0.053, 1.433, -0.0, 1, 1, 1, 1, 1]}}, {"type": "Feature", "geometry": {"type": "Point", "coordinates": [4.09228, 42.8521]}, "properties": {"var_data": [0.142, 0.171, 0.039, 0.237, 2.116, -0.009, 4, 1, 4, 1, 1]}}, {"type": "Feature", "geometry": {"type": "Point", "coordinates": [4.12762, 42.8521]}, "properties": {"var_data": [0.099, 0.22, 0.039, 0.237, 2.159, -0.009, 4, 1, 4, 1, 1]}}, {"type": "Feature", "geometry": {"type": "Point", "coordinates": [4.16296, 42.8521]}, "properties": {"var_data": [0.078, 0.154, 0.026, 0.077, 2.072, -0.002, 4, 0, 4, 1, 1]}}, {"type": "Feature", "geometry": {"type": "Point", "coordinates": [3.06742, 42.879101]}, "properties": {"var_data": [0.133, 0.434, 0.047, 0.017, 0.765, -0.001, 1, 1, 1, 1, 1]}}, {"type": "Feature", "geometry": {"type": "Point", "coordinates": [3.10276, 42.879101]}, "properties": {"var_data": [0.085, 0.42, 0.04, 0.017, 0.593, -0.001, 1, 1, 1, 1, 1]}}, {"type": "Feature", "geometry": {"type": "Point", "coordinates": [3.1381, 42.879101]}, "properties": {"var_data": [0.131, 0.345, 0.05, 0.026, 0.531, -0.001, 1, 1, 1, 1, 1]}}, {"type": "Feature", "geometry": {"type": "Point", "coordinates": [3.17344, 42.879101]}, "properties": {"var_data": [0.119, 0.289, 0.061, 0.038, 0.468, -0.002, 1, 1, 1, 1, 1]}}, {"type": "Feature", "geometry": {"type": "Point", "coordinates": [3.20878, 42.879101]}, "properties": {"var_data": [0.16, 0.221, 0.053, 0.037, 0.467, -0.002, 1, 1, 1, 1, 1]}}, {"type": "Feature", "geometry": {"type": "Point", "coordinates": [3.24412, 42.879101]}, "properties": {"var_data": [0.103, 0.197, 0.04, 0.039, 0.424, -0.001, 1, 1, 1, 1, 1]}}, {"type": "Feature", "geometry": {"type": "Point", "coordinates": [3.27946, 42.879101]}, "properties": {"var_data": [0.107, 0.134, 0.038, 0.036, 0.45, -0.001, 1, 1, 1, 1, 1]}}, {"type": "Feature", "geometry": {"type": "Point", "coordinates": [3.3148, 42.879101]}, "properties": {"var_data": [-0.001, 0.161, 0.036, 0.038, 0.426, -0.001, 1, 1, 1, 1, 1]}}, {"type": "Feature", "geometry": {"type": "Point", "coordinates": [3.35014, 42.879101]}, "properties": {"var_data": [-0.086, 0.17, 0.034, 0.038, 0.436, -0.001, 1, 1, 1, 1, 1]}}, {"type": "Feature", "geometry": {"type": "Point", "coordinates": [3.38548, 42.879101]}, "properties": {"var_data": [-0.121, 0.159, 0.032, 0.034, 0.432, -0.001, 1, 1, 1, 1, 1]}}, {"type": "Feature", "geometry": {"type": "Point", "coordinates": [3.42082, 42.879101]}, "properties": {"var_data": [-0.121, 0.136, 0.039, 0.042, 0.471, -0.001, 1, 1, 1, 1, 1]}}, {"type": "Feature", "geometry": {"type": "Point", "coordinates": [3.45616, 42.879101]}, "properties": {"var_data": [-0.055, 0.087, 0.045, 0.05, 0.469, -0.002, 1, 1, 1, 1, 1]}}, {"type": "Feature", "geometry": {"type": "Point", "coordinates": [3.4915, 42.879101]}, "properties": {"var_data": [0.058, 0.066, 0.048, 0.049, 0.483, -0.002, 1, 1, 1, 1, 1]}}, {"type": "Feature", "geometry": {"type": "Point", "coordinates": [3.52684, 42.879101]}, "properties": {"var_data": [0.11, 0.056, 0.046, 0.053, 0.5, -0.002, 1, 1, 1, 1, 1]}}, {"type": "Feature", "geometry": {"type": "Point", "coordinates": [3.56218, 42.879101]}, "properties": {"var_data": [0.106, 0.097, 0.054, 0.086, 0.548, -0.004, 1, 1, 1, 1, 1]}}, {"type": "Feature", "geometry": {"type": "Point", "coordinates": [3.59752, 42.879101]}, "properties": {"var_data": [0.114, 0.086, 0.055, 0.083, 0.542, -0.003, 1, 1, 1, 1, 1]}}, {"type": "Feature", "geometry": {"type": "Point", "coordinates": [3.63286, 42.879101]}, "properties": {"var_data": [0.146, 0.093, 0.032, 0.029, 0.601, -0.001, 1, 1, 1, 1, 1]}}, {"type": "Feature", "geometry": {"type": "Point", "coordinates": [3.6682, 42.879101]}, "properties": {"var_data": [0.277, -0.069, 0.028, 0.027, 0.617, -0.001, 1, 1, 1, 1, 1]}}, {"type": "Feature", "geometry": {"type": "Point", "coordinates": [3.70354, 42.879101]}, "properties": {"var_data": [0.426, -0.25, 0.035, 0.029, 0.934, -0.001, 1, 1, 1, 1, 1]}}, {"type": "Feature", "geometry": {"type": "Point", "coordinates": [3.73888, 42.879101]}, "properties": {"var_data": [0.393, -0.276, 0.034, 0.024, 0.94, -0.001, 1, 1, 1, 1, 1]}}, {"type": "Feature", "geometry": {"type": "Point", "coordinates": [3.77422, 42.879101]}, "properties": {"var_data": [0.377, -0.262, 0.019, 0.015, 0.94, -0.0, 1, 1, 1, 1, 1]}}, {"type": "Feature", "geometry": {"type": "Point", "coordinates": [3.80956, 42.879101]}, "properties": {"var_data": [0.424, -0.44, 0.019, 0.016, 1.59, -0.0, 1, 0, 1, 1, 1]}}, {"type": "Feature", "geometry": {"type": "Point", "coordinates": [3.8449, 42.879101]}, "properties": {"var_data": [0.395, -0.448, 0.02, 0.016, 1.619, -0.0, 1, 0, 1, 1, 1]}}, {"type": "Feature", "geometry": {"type": "Point", "coordinates": [3.98626, 42.879101]}, "properties": {"var_data": [0.322, -0.206, 0.038, 0.07, 1.957, -0.002, 1, 1, 1, 1, 1]}}, {"type": "Feature", "geometry": {"type": "Point", "coordinates": [4.0216, 42.879101]}, "properties": {"var_data": [0.275, -0.141, 0.011, 0.054, 1.858, -0.001, 1, 1, 1, 1, 1]}}, {"type": "Feature", "geometry": {"type": "Point", "coordinates": [4.05694, 42.879101]}, "properties": {"var_data": [0.182, 0.022, 0.011, 0.046, 1.492, -0.0, 1, 1, 1, 1, 1]}}, {"type": "Feature", "geometry": {"type": "Point", "coordinates": [4.09228, 42.879101]}, "properties": {"var_data": [0.099, 0.286, 0.01, 0.046, 1.26, -0.0, 1, 1, 1, 1, 1]}}, {"type": "Feature", "geometry": {"type": "Point", "coordinates": [4.12762, 42.879101]}, "properties": {"var_data": [0.086, 0.246, 0.041, 0.165, 2.286, -0.007, 4, 0, 4, 1, 1]}}, {"type": "Feature", "geometry": {"type": "Point", "coordinates": [3.06742, 42.906101]}, "properties": {"var_data": [0.128, 0.458, 0.087, 0.024, 0.974, -0.002, 1, 1, 1, 1, 1]}}, {"type": "Feature", "geometry": {"type": "Point", "coordinates": [3.10276, 42.906101]}, "properties": {"var_data": [0.144, 0.424, 0.044, 0.017, 0.791, -0.001, 1, 1, 1, 1, 1]}}, {"type": "Feature", "geometry": {"type": "Point", "coordinates": [3.1381, 42.906101]}, "properties": {"var_data": [0.197, 0.348, 0.052, 0.026, 0.596, -0.001, 1, 1, 1, 1, 1]}}, {"type": "Feature", "geometry": {"type": "Point", "coordinates": [3.17344, 42.906101]}, "properties": {"var_data": [0.124, 0.334, 0.055, 0.032, 0.529, -0.002, 1, 1, 1, 1, 1]}}, {"type": "Feature", "geometry": {"type": "Point", "coordinates": [3.20878, 42.906101]}, "properties": {"var_data": [0.166, 0.255, 0.054, 0.034, 0.504, -0.002, 1, 1, 1, 1, 1]}}, {"type": "Feature", "geometry": {"type": "Point", "coordinates": [3.24412, 42.906101]}, "properties": {"var_data": [0.117, 0.212, 0.047, 0.036, 0.478, -0.002, 1, 1, 1, 1, 1]}}, {"type": "Feature", "geometry": {"type": "Point", "coordinates": [3.27946, 42.906101]}, "properties": {"var_data": [0.062, 0.184, 0.048, 0.044, 0.484, -0.002, 1, 1, 1, 1, 1]}}, {"type": "Feature", "geometry": {"type": "Point", "coordinates": [3.3148, 42.906101]}, "properties": {"var_data": [-0.012, 0.177, 0.038, 0.035, 0.473, -0.001, 1, 1, 1, 1, 1]}}, {"type": "Feature", "geometry": {"type": "Point", "coordinates": [3.35014, 42.906101]}, "properties": {"var_data": [-0.082, 0.156, 0.034, 0.034, 0.488, -0.001, 1, 1, 1, 1, 1]}}, {"type": "Feature", "geometry": {"type": "Point", "coordinates": [3.38548, 42.906101]}, "properties": {"var_data": [-0.155, 0.157, 0.038, 0.042, 0.465, -0.001, 1, 1, 1, 1, 1]}}, {"type": "Feature", "geometry": {"type": "Point", "coordinates": [3.42082, 42.906101]}, "properties": {"var_data": [-0.138, 0.106, 0.041, 0.042, 0.516, -0.001, 1, 1, 1, 1, 1]}}, {"type": "Feature", "geometry": {"type": "Point", "coordinates": [3.45616, 42.906101]}, "properties": {"var_data": [-0.037, 0.052, 0.043, 0.043, 0.497, -0.001, 1, 1, 1, 1, 1]}}, {"type": "Feature", "geometry": {"type": "Point", "coordinates": [3.4915, 42.906101]}, "properties": {"var_data": [-0.005, 0.046, 0.054, 0.055, 0.524, -0.002, 1, 1, 1, 1, 1]}}, {"type": "Feature", "geometry": {"type": "Point", "coordinates": [3.52684, 42.906101]}, "properties": {"var_data": [0.053, 0.056, 0.067, 0.059, 0.548, -0.003, 1, 1, 1, 1, 1]}}, {"type": "Feature", "geometry": {"type": "Point", "coordinates": [3.56218, 42.906101]}, "properties": {"var_data": [0.068, 0.083, 0.05, 0.087, 0.568, -0.004, 1, 1, 1, 1, 1]}}, {"type": "Feature", "geometry": {"type": "Point", "coordinates": [3.59752, 42.906101]}, "properties": {"var_data": [0.114, 0.033, 0.044, 0.077, 0.538, -0.003, 1, 1, 1, 1, 1]}}, {"type": "Feature", "geometry": {"type": "Point", "coordinates": [3.63286, 42.906101]}, "properties": {"var_data": [0.19, -0.031, 0.049, 0.089, 0.632, -0.004, 1, 1, 1, 1, 1]}}, {"type": "Feature", "geometry": {"type": "Point", "coordinates": [3.6682, 42.906101]}, "properties": {"var_data": [0.248, -0.081, 0.039, 0.06, 0.696, -0.002, 1, 1, 1, 1, 1]}}, {"type": "Feature", "geometry": {"type": "Point", "coordinates": [3.70354, 42.906101]}, "properties": {"var_data": [0.316, -0.159, 0.038, 0.061, 0.778, -0.002, 1, 1, 1, 1, 1]}}, {"type": "Feature", "geometry": {"type": "Point", "coordinates": [3.73888, 42.906101]}, "properties": {"var_data": [0.346, -0.264, 0.02, 0.016, 1.034, -0.0, 1, 1, 1, 1, 1]}}, {"type": "Feature", "geometry": {"type": "Point", "coordinates": [3.77422, 42.906101]}, "properties": {"var_data": [0.361, -0.29, 0.021, 0.016, 1.0, -0.0, 1, 1, 1, 1, 1]}}, {"type": "Feature", "geometry": {"type": "Point", "coordinates": [3.80956, 42.906101]}, "properties": {"var_data": [0.418, -0.447, 0.02, 0.016, 1.63, -0.0, 1, 1, 1, 1, 1]}}, {"type": "Feature", "geometry": {"type": "Point", "coordinates": [3.98626, 42.906101]}, "properties": {"var_data": [0.288, -0.182, 0.024, 0.067, 2.102, -0.002, 4, 1, 4, 1, 1]}}, {"type": "Feature", "geometry": {"type": "Point", "coordinates": [4.0216, 42.906101]}, "properties": {"var_data": [0.154, 0.252, 0.017, 0.061, 1.577, -0.001, 1, 1, 1, 1, 1]}}, {"type": "Feature", "geometry": {"type": "Point", "coordinates": [4.05694, 42.906101]}, "properties": {"var_data": [0.12, 0.285, 0.017, 0.061, 1.616, -0.001, 1, 0, 1, 1, 1]}}, {"type": "Feature", "geometry": {"type": "Point", "coordinates": [4.09228, 42.906101]}, "properties": {"var_data": [0.11, 0.295, 0.017, 0.061, 1.672, -0.001, 1, 0, 1, 1, 1]}}, {"type": "Feature", "geometry": {"type": "Point", "coordinates": [4.12762, 42.906101]}, "properties": {"var_data": [0.015, 0.674, 0.164, 0.646, 2.23, -0.106, 4, 0, 4, 1, 1]}}, {"type": "Feature", "geometry": {"type": "Point", "coordinates": [3.06742, 42.933102]}, "properties": {"var_data": [0.22, 0.443, 0.095, 0.024, 1.128, -0.002, 1, 1, 1, 1, 1]}}, {"type": "Feature", "geometry": {"type": "Point", "coordinates": [3.10276, 42.933102]}, "properties": {"var_data": [0.148, 0.445, 0.058, 0.018, 0.805, -0.001, 1, 1, 1, 1, 1]}}, {"type": "Feature", "geometry": {"type": "Point", "coordinates": [3.1381, 42.933102]}, "properties": {"var_data": [0.162, 0.39, 0.048, 0.022, 0.592, -0.001, 1, 1, 1, 1, 1]}}, {"type": "Feature", "geometry": {"type": "Point", "coordinates": [3.17344, 42.933102]}, "properties": {"var_data": [0.122, 0.356, 0.055, 0.031, 0.554, -0.002, 1, 1, 1, 1, 1]}}, {"type": "Feature", "geometry": {"type": "Point", "coordinates": [3.20878, 42.933102]}, "properties": {"var_data": [0.155, 0.283, 0.057, 0.035, 0.554, -0.002, 1, 1, 1, 1, 1]}}, {"type": "Feature", "geometry": {"type": "Point", "coordinates": [3.24412, 42.933102]}, "properties": {"var_data": [0.07, 0.262, 0.053, 0.035, 0.515, -0.002, 1, 1, 1, 1, 1]}}, {"type": "Feature", "geometry": {"type": "Point", "coordinates": [3.27946, 42.933102]}, "properties": {"var_data": [0.065, 0.173, 0.048, 0.041, 0.521, -0.002, 1, 1, 1, 1, 1]}}, {"type": "Feature", "geometry": {"type": "Point", "coordinates": [3.3148, 42.933102]}, "properties": {"var_data": [-0.026, 0.174, 0.047, 0.043, 0.514, -0.002, 1, 1, 1, 1, 1]}}, {"type": "Feature", "geometry": {"type": "Point", "coordinates": [3.35014, 42.933102]}, "properties": {"var_data": [-0.077, 0.137, 0.039, 0.038, 0.515, -0.001, 1, 1, 1, 1, 1]}}, {"type": "Feature", "geometry": {"type": "Point", "coordinates": [3.38548, 42.933102]}, "properties": {"var_data": [-0.134, 0.122, 0.039, 0.04, 0.506, -0.001, 1, 1, 1, 1, 1]}}, {"type": "Feature", "geometry": {"type": "Point", "coordinates": [3.42082, 42.933102]}, "properties": {"var_data": [-0.156, 0.114, 0.042, 0.043, 0.522, -0.001, 1, 1, 1, 1, 1]}}, {"type": "Feature", "geometry": {"type": "Point", "coordinates": [3.45616, 42.933102]}, "properties": {"var_data": [-0.136, 0.083, 0.041, 0.04, 0.513, -0.001, 1, 1, 1, 1, 1]}}, {"type": "Feature", "geometry": {"type": "Point", "coordinates": [3.4915, 42.933102]}, "properties": {"var_data": [-0.08, 0.044, 0.058, 0.058, 0.608, -0.003, 1, 1, 1, 1, 1]}}, {"type": "Feature", "geometry": {"type": "Point", "coordinates": [3.52684, 42.933102]}, "properties": {"var_data": [0.006, 0.036, 0.033, 0.057, 0.546, -0.002, 1, 1, 1, 1, 1]}}, {"type": "Feature", "geometry": {"type": "Point", "coordinates": [3.56218, 42.933102]}, "properties": {"var_data": [0.043, 0.024, 0.04, 0.07, 0.579, -0.003, 1, 1, 1, 1, 1]}}, {"type": "Feature", "geometry": {"type": "Point", "coordinates": [3.59752, 42.933102]}, "properties": {"var_data": [0.131, -0.002, 0.04, 0.07, 0.594, -0.003, 1, 1, 1, 1, 1]}}, {"type": "Feature", "geometry": {"type": "Point", "coordinates": [3.63286, 42.933102]}, "properties": {"var_data": [0.151, 0.015, 0.046, 0.081, 0.606, -0.004, 1, 1, 1, 1, 1]}}, {"type": "Feature", "geometry": {"type": "Point", "coordinates": [3.6682, 42.933102]}, "properties": {"var_data": [0.19, -0.027, 0.052, 0.099, 0.699, -0.005, 1, 1, 1, 1, 1]}}, {"type": "Feature", "geometry": {"type": "Point", "coordinates": [3.70354, 42.933102]}, "properties": {"var_data": [0.237, -0.066, 0.034, 0.044, 0.678, -0.001, 1, 1, 1, 1, 1]}}, {"type": "Feature", "geometry": {"type": "Point", "coordinates": [3.73888, 42.933102]}, "properties": {"var_data": [0.328, -0.203, 0.023, 0.037, 1.014, -0.001, 1, 1, 1, 1, 1]}}, {"type": "Feature", "geometry": {"type": "Point", "coordinates": [3.77422, 42.933102]}, "properties": {"var_data": [0.322, -0.167, 0.023, 0.033, 1.006, -0.001, 1, 1, 1, 1, 1]}}, {"type": "Feature", "geometry": {"type": "Point", "coordinates": [3.80956, 42.933102]}, "properties": {"var_data": [0.291, -0.15, 0.024, 0.037, 1.19, -0.001, 1, 1, 1, 1, 1]}}, {"type": "Feature", "geometry": {"type": "Point", "coordinates": [4.0216, 42.933102]}, "properties": {"var_data": [0.123, 0.271, 0.023, 0.066, 1.618, -0.002, 1, 1, 1, 1, 1]}}, {"type": "Feature", "geometry": {"type": "Point", "coordinates": [4.05694, 42.933102]}, "properties": {"var_data": [0.097, 0.301, 0.017, 0.061, 1.637, -0.001, 1, 1, 1, 1, 1]}}, {"type": "Feature", "geometry": {"type": "Point", "coordinates": [4.09228, 42.933102]}, "properties": {"var_data": [0.129, 0.209, 0.02, 0.074, 1.654, -0.001, 1, 0, 1, 1, 1]}}, {"type": "Feature", "geometry": {"type": "Point", "coordinates": [4.12762, 42.933102]}, "properties": {"var_data": [0.11, 0.229, 0.02, 0.074, 1.932, -0.001, 1, 0, 1, 1, 1]}}, {"type": "Feature", "geometry": {"type": "Point", "coordinates": [3.06742, 42.960098]}, "properties": {"var_data": [0.373, 0.414, 0.086, 0.019, 1.04, -0.002, 1, 1, 1, 1, 1]}}, {"type": "Feature", "geometry": {"type": "Point", "coordinates": [3.10276, 42.960098]}, "properties": {"var_data": [0.275, 0.411, 0.061, 0.016, 0.859, -0.001, 1, 1, 1, 1, 1]}}, {"type": "Feature", "geometry": {"type": "Point", "coordinates": [3.1381, 42.960098]}, "properties": {"var_data": [0.24, 0.389, 0.041, 0.017, 0.658, -0.001, 1, 1, 1, 1, 1]}}, {"type": "Feature", "geometry": {"type": "Point", "coordinates": [3.17344, 42.960098]}, "properties": {"var_data": [0.206, 0.35, 0.046, 0.022, 0.602, -0.001, 1, 1, 1, 1, 1]}}, {"type": "Feature", "geometry": {"type": "Point", "coordinates": [3.20878, 42.960098]}, "properties": {"var_data": [0.234, 0.263, 0.054, 0.032, 0.586, -0.002, 1, 1, 1, 1, 1]}}, {"type": "Feature", "geometry": {"type": "Point", "coordinates": [3.24412, 42.960098]}, "properties": {"var_data": [0.122, 0.249, 0.052, 0.033, 0.568, -0.002, 1, 1, 1, 1, 1]}}, {"type": "Feature", "geometry": {"type": "Point", "coordinates": [3.27946, 42.960098]}, "properties": {"var_data": [0.106, 0.181, 0.048, 0.032, 0.585, -0.001, 1, 1, 1, 1, 1]}}, {"type": "Feature", "geometry": {"type": "Point", "coordinates": [3.3148, 42.960098]}, "properties": {"var_data": [0.002, 0.17, 0.044, 0.036, 0.537, -0.001, 1, 1, 1, 1, 1]}}, {"type": "Feature", "geometry": {"type": "Point", "coordinates": [3.35014, 42.960098]}, "properties": {"var_data": [-0.08, 0.159, 0.051, 0.047, 0.596, -0.002, 1, 1, 1, 1, 1]}}, {"type": "Feature", "geometry": {"type": "Point", "coordinates": [3.38548, 42.960098]}, "properties": {"var_data": [-0.187, 0.184, 0.039, 0.035, 0.535, -0.001, 1, 1, 1, 1, 1]}}, {"type": "Feature", "geometry": {"type": "Point", "coordinates": [3.42082, 42.960098]}, "properties": {"var_data": [-0.225, 0.174, 0.045, 0.044, 0.627, -0.002, 1, 1, 1, 1, 1]}}, {"type": "Feature", "geometry": {"type": "Point", "coordinates": [3.45616, 42.960098]}, "properties": {"var_data": [-0.23, 0.148, 0.043, 0.04, 0.582, -0.001, 1, 1, 1, 1, 1]}}, {"type": "Feature", "geometry": {"type": "Point", "coordinates": [3.4915, 42.960098]}, "properties": {"var_data": [-0.15, 0.112, 0.06, 0.062, 0.607, -0.003, 1, 1, 1, 1, 1]}}, {"type": "Feature", "geometry": {"type": "Point", "coordinates": [3.52684, 42.960098]}, "properties": {"var_data": [-0.073, 0.106, 0.033, 0.056, 0.577, -0.002, 1, 1, 1, 1, 1]}}, {"type": "Feature", "geometry": {"type": "Point", "coordinates": [3.56218, 42.960098]}, "properties": {"var_data": [0.019, 0.061, 0.038, 0.065, 0.606, -0.002, 1, 1, 1, 1, 1]}}, {"type": "Feature", "geometry": {"type": "Point", "coordinates": [3.59752, 42.960098]}, "properties": {"var_data": [0.079, 0.017, 0.029, 0.049, 0.598, -0.001, 1, 1, 1, 1, 1]}}, {"type": "Feature", "geometry": {"type": "Point", "coordinates": [3.63286, 42.960098]}, "properties": {"var_data": [0.14, -0.002, 0.041, 0.072, 0.619, -0.003, 1, 1, 1, 1, 1]}}, {"type": "Feature", "geometry": {"type": "Point", "coordinates": [3.6682, 42.960098]}, "properties": {"var_data": [0.147, 0.003, 0.055, 0.097, 0.731, -0.005, 1, 1, 1, 1, 1]}}, {"type": "Feature", "geometry": {"type": "Point", "coordinates": [3.70354, 42.960098]}, "properties": {"var_data": [0.142, 0.0, 0.035, 0.04, 0.718, -0.001, 1, 1, 1, 1, 1]}}, {"type": "Feature", "geometry": {"type": "Point", "coordinates": [3.73888, 42.960098]}, "properties": {"var_data": [0.146, 0.008, 0.05, 0.043, 0.771, -0.002, 1, 1, 1, 1, 1]}}, {"type": "Feature", "geometry": {"type": "Point", "coordinates": [3.77422, 42.960098]}, "properties": {"var_data": [0.251, -0.112, 0.023, 0.033, 1.06, -0.001, 1, 1, 1, 1, 1]}}, {"type": "Feature", "geometry": {"type": "Point", "coordinates": [3.80956, 42.960098]}, "properties": {"var_data": [0.246, -0.11, 0.023, 0.033, 1.013, -0.001, 1, 1, 1, 1, 1]}}, {"type": "Feature", "geometry": {"type": "Point", "coordinates": [3.8449, 42.960098]}, "properties": {"var_data": [0.273, -0.127, 0.052, 0.048, 1.231, -0.002, 1, 1, 1, 1, 1]}}, {"type": "Feature", "geometry": {"type": "Point", "coordinates": [4.05694, 42.960098]}, "properties": {"var_data": [0.132, 0.202, 0.048, 0.087, 1.941, -0.003, 1, 1, 1, 1, 1]}}, {"type": "Feature", "geometry": {"type": "Point", "coordinates": [4.09228, 42.960098]}, "properties": {"var_data": [0.102, 0.235, 0.02, 0.074, 1.787, -0.001, 1, 1, 1, 1, 1]}}, {"type": "Feature", "geometry": {"type": "Point", "coordinates": [3.10276, 42.987099]}, "properties": {"var_data": [0.377, 0.385, 0.058, 0.016, 1.003, -0.001, 1, 1, 1, 1, 1]}}, {"type": "Feature", "geometry": {"type": "Point", "coordinates": [3.1381, 42.987099]}, "properties": {"var_data": [0.417, 0.342, 0.054, 0.015, 0.769, -0.001, 1, 1, 1, 1, 1]}}, {"type": "Feature", "geometry": {"type": "Point", "coordinates": [3.17344, 42.987099]}, "properties": {"var_data": [0.288, 0.337, 0.052, 0.023, 0.697, -0.001, 1, 1, 1, 1, 1]}}, {"type": "Feature", "geometry": {"type": "Point", "coordinates": [3.20878, 42.987099]}, "properties": {"var_data": [0.267, 0.258, 0.049, 0.024, 0.632, -0.001, 1, 1, 1, 1, 1]}}, {"type": "Feature", "geometry": {"type": "Point", "coordinates": [3.24412, 42.987099]}, "properties": {"var_data": [0.144, 0.248, 0.059, 0.036, 0.608, -0.002, 1, 1, 1, 1, 1]}}, {"type": "Feature", "geometry": {"type": "Point", "coordinates": [3.27946, 42.987099]}, "properties": {"var_data": [0.082, 0.214, 0.055, 0.036, 0.624, -0.002, 1, 1, 1, 1, 1]}}, {"type": "Feature", "geometry": {"type": "Point", "coordinates": [3.3148, 42.987099]}, "properties": {"var_data": [-0.004, 0.182, 0.051, 0.038, 0.574, -0.002, 1, 1, 1, 1, 1]}}, {"type": "Feature", "geometry": {"type": "Point", "coordinates": [3.35014, 42.987099]}, "properties": {"var_data": [-0.117, 0.211, 0.058, 0.048, 0.663, -0.003, 1, 1, 1, 1, 1]}}, {"type": "Feature", "geometry": {"type": "Point", "coordinates": [3.38548, 42.987099]}, "properties": {"var_data": [-0.236, 0.214, 0.048, 0.042, 0.577, -0.002, 1, 1, 1, 1, 1]}}, {"type": "Feature", "geometry": {"type": "Point", "coordinates": [3.42082, 42.987099]}, "properties": {"var_data": [-0.299, 0.231, 0.062, 0.058, 0.724, -0.004, 1, 1, 1, 1, 1]}}, {"type": "Feature", "geometry": {"type": "Point", "coordinates": [3.45616, 42.987099]}, "properties": {"var_data": [-0.277, 0.224, 0.053, 0.053, 0.583, -0.003, 1, 1, 1, 1, 1]}}, {"type": "Feature", "geometry": {"type": "Point", "coordinates": [3.4915, 42.987099]}, "properties": {"var_data": [-0.303, 0.269, 0.053, 0.056, 0.603, -0.003, 1, 1, 1, 1, 1]}}, {"type": "Feature", "geometry": {"type": "Point", "coordinates": [3.52684, 42.987099]}, "properties": {"var_data": [-0.199, 0.195, 0.066, 0.075, 0.655, -0.005, 1, 1, 1, 1, 1]}}, {"type": "Feature", "geometry": {"type": "Point", "coordinates": [3.56218, 42.987099]}, "properties": {"var_data": [-0.066, 0.148, 0.028, 0.048, 0.595, -0.001, 1, 1, 1, 1, 1]}}, {"type": "Feature", "geometry": {"type": "Point", "coordinates": [3.59752, 42.987099]}, "properties": {"var_data": [0.066, 0.036, 0.032, 0.054, 0.731, -0.002, 1, 1, 1, 1, 1]}}, {"type": "Feature", "geometry": {"type": "Point", "coordinates": [3.63286, 42.987099]}, "properties": {"var_data": [0.065, 0.04, 0.046, 0.054, 0.655, -0.002, 1, 1, 1, 1, 1]}}, {"type": "Feature", "geometry": {"type": "Point", "coordinates": [3.6682, 42.987099]}, "properties": {"var_data": [0.13, 0.004, 0.047, 0.053, 0.69, -0.002, 1, 1, 1, 1, 1]}}, {"type": "Feature", "geometry": {"type": "Point", "coordinates": [3.70354, 42.987099]}, "properties": {"var_data": [0.133, 0.005, 0.046, 0.043, 0.716, -0.002, 1, 1, 1, 1, 1]}}, {"type": "Feature", "geometry": {"type": "Point", "coordinates": [3.73888, 42.987099]}, "properties": {"var_data": [0.18, -0.048, 0.046, 0.041, 0.734, -0.002, 1, 1, 1, 1, 1]}}, {"type": "Feature", "geometry": {"type": "Point", "coordinates": [3.77422, 42.987099]}, "properties": {"var_data": [0.226, -0.093, 0.052, 0.044, 1.12, -0.002, 1, 1, 1, 1, 1]}}, {"type": "Feature", "geometry": {"type": "Point", "coordinates": [3.80956, 42.987099]}, "properties": {"var_data": [0.263, -0.111, 0.047, 0.042, 1.125, -0.002, 1, 1, 1, 1, 1]}}, {"type": "Feature", "geometry": {"type": "Point", "coordinates": [3.8449, 42.987099]}, "properties": {"var_data": [0.256, -0.117, 0.054, 0.049, 1.337, -0.002, 1, 1, 1, 1, 1]}}, {"type": "Feature", "geometry": {"type": "Point", "coordinates": [4.09228, 42.987099]}, "properties": {"var_data": [0.278, -0.29, 0.106, 0.131, 2.783, -0.013, 4, 4, 4, 4, 1]}}, {"type": "Feature", "geometry": {"type": "Point", "coordinates": [3.10276, 43.014099]}, "properties": {"var_data": [0.306, 0.381, 0.064, 0.017, 1.17, -0.001, 1, 1, 1, 1, 1]}}, {"type": "Feature", "geometry": {"type": "Point", "coordinates": [3.1381, 43.014099]}, "properties": {"var_data": [0.361, 0.326, 0.057, 0.016, 0.816, -0.001, 1, 1, 1, 1, 1]}}, {"type": "Feature", "geometry": {"type": "Point", "coordinates": [3.17344, 43.014099]}, "properties": {"var_data": [0.334, 0.291, 0.066, 0.025, 0.845, -0.002, 1, 1, 1, 1, 1]}}, {"type": "Feature", "geometry": {"type": "Point", "coordinates": [3.20878, 43.014099]}, "properties": {"var_data": [0.272, 0.259, 0.054, 0.026, 0.732, -0.001, 1, 1, 1, 1, 1]}}, {"type": "Feature", "geometry": {"type": "Point", "coordinates": [3.24412, 43.014099]}, "properties": {"var_data": [0.165, 0.226, 0.065, 0.037, 0.673, -0.002, 1, 1, 1, 1, 1]}}, {"type": "Feature", "geometry": {"type": "Point", "coordinates": [3.27946, 43.014099]}, "properties": {"var_data": [-0.004, 0.256, 0.058, 0.035, 0.671, -0.002, 1, 1, 1, 1, 1]}}, {"type": "Feature", "geometry": {"type": "Point", "coordinates": [3.3148, 43.014099]}, "properties": {"var_data": [-0.087, 0.25, 0.051, 0.034, 0.629, -0.002, 1, 1, 1, 1, 1]}}, {"type": "Feature", "geometry": {"type": "Point", "coordinates": [3.35014, 43.014099]}, "properties": {"var_data": [-0.172, 0.231, 0.05, 0.041, 0.696, -0.002, 1, 1, 1, 1, 1]}}, {"type": "Feature", "geometry": {"type": "Point", "coordinates": [3.38548, 43.014099]}, "properties": {"var_data": [-0.262, 0.256, 0.053, 0.045, 0.644, -0.002, 1, 1, 1, 1, 1]}}, {"type": "Feature", "geometry": {"type": "Point", "coordinates": [3.42082, 43.014099]}, "properties": {"var_data": [-0.339, 0.266, 0.053, 0.048, 0.694, -0.002, 1, 1, 1, 1, 1]}}, {"type": "Feature", "geometry": {"type": "Point", "coordinates": [3.45616, 43.014099]}, "properties": {"var_data": [-0.348, 0.283, 0.051, 0.049, 0.63, -0.002, 1, 1, 1, 1, 1]}}, {"type": "Feature", "geometry": {"type": "Point", "coordinates": [3.4915, 43.014099]}, "properties": {"var_data": [-0.315, 0.275, 0.058, 0.058, 0.646, -0.003, 1, 1, 1, 1, 1]}}, {"type": "Feature", "geometry": {"type": "Point", "coordinates": [3.52684, 43.014099]}, "properties": {"var_data": [-0.233, 0.265, 0.072, 0.083, 0.734, -0.006, 1, 1, 1, 1, 1]}}, {"type": "Feature", "geometry": {"type": "Point", "coordinates": [3.56218, 43.014099]}, "properties": {"var_data": [-0.15, 0.204, 0.049, 0.052, 0.661, -0.002, 1, 1, 1, 1, 1]}}, {"type": "Feature", "geometry": {"type": "Point", "coordinates": [3.59752, 43.014099]}, "properties": {"var_data": [0.015, 0.056, 0.051, 0.058, 0.781, -0.003, 1, 1, 1, 1, 1]}}, {"type": "Feature", "geometry": {"type": "Point", "coordinates": [3.63286, 43.014099]}, "properties": {"var_data": [0.058, 0.029, 0.047, 0.054, 0.709, -0.002, 1, 1, 1, 1, 1]}}, {"type": "Feature", "geometry": {"type": "Point", "coordinates": [3.6682, 43.014099]}, "properties": {"var_data": [0.009, 0.102, 0.048, 0.054, 0.66, -0.002, 1, 1, 1, 1, 1]}}, {"type": "Feature", "geometry": {"type": "Point", "coordinates": [3.70354, 43.014099]}, "properties": {"var_data": [0.015, 0.116, 0.073, 0.1, 0.821, -0.007, 1, 1, 1, 1, 1]}}, {"type": "Feature", "geometry": {"type": "Point", "coordinates": [3.73888, 43.014099]}, "properties": {"var_data": [0.058, 0.091, 0.052, 0.048, 0.817, -0.002, 1, 1, 1, 1, 1]}}, {"type": "Feature", "geometry": {"type": "Point", "coordinates": [3.77422, 43.014099]}, "properties": {"var_data": [0.177, 0.04, 0.056, 0.045, 0.808, -0.002, 1, 1, 1, 1, 1]}}, {"type": "Feature", "geometry": {"type": "Point", "coordinates": [3.80956, 43.014099]}, "properties": {"var_data": [0.251, -0.117, 0.05, 0.049, 1.347, -0.002, 1, 1, 1, 1, 1]}}, {"type": "Feature", "geometry": {"type": "Point", "coordinates": [3.8449, 43.014099]}, "properties": {"var_data": [0.232, -0.098, 0.056, 0.073, 1.786, -0.003, 1, 1, 1, 1, 1]}}, {"type": "Feature", "geometry": {"type": "Point", "coordinates": [3.1381, 43.0411]}, "properties": {"var_data": [0.374, 0.295, 0.096, 0.031, 0.962, -0.003, 1, 1, 1, 1, 1]}}, {"type": "Feature", "geometry": {"type": "Point", "coordinates": [3.17344, 43.0411]}, "properties": {"var_data": [0.293, 0.275, 0.099, 0.034, 0.916, -0.003, 1, 1, 1, 1, 1]}}, {"type": "Feature", "geometry": {"type": "Point", "coordinates": [3.20878, 43.0411]}, "properties": {"var_data": [0.152, 0.278, 0.062, 0.028, 0.73, -0.002, 1, 1, 1, 1, 1]}}, {"type": "Feature", "geometry": {"type": "Point", "coordinates": [3.24412, 43.0411]}, "properties": {"var_data": [0.057, 0.281, 0.063, 0.034, 0.744, -0.002, 1, 1, 1, 1, 1]}}, {"type": "Feature", "geometry": {"type": "Point", "coordinates": [3.27946, 43.0411]}, "properties": {"var_data": [-0.025, 0.265, 0.072, 0.041, 0.751, -0.003, 1, 1, 1, 1, 1]}}, {"type": "Feature", "geometry": {"type": "Point", "coordinates": [3.3148, 43.0411]}, "properties": {"var_data": [-0.165, 0.278, 0.051, 0.033, 0.662, -0.002, 1, 1, 1, 1, 1]}}, {"type": "Feature", "geometry": {"type": "Point", "coordinates": [3.35014, 43.0411]}, "properties": {"var_data": [-0.199, 0.257, 0.059, 0.042, 0.817, -0.002, 1, 1, 1, 1, 1]}}, {"type": "Feature", "geometry": {"type": "Point", "coordinates": [3.38548, 43.0411]}, "properties": {"var_data": [-0.306, 0.25, 0.043, 0.033, 0.658, -0.001, 1, 1, 1, 1, 1]}}, {"type": "Feature", "geometry": {"type": "Point", "coordinates": [3.42082, 43.0411]}, "properties": {"var_data": [-0.313, 0.235, 0.054, 0.047, 0.724, -0.002, 1, 1, 1, 1, 1]}}, {"type": "Feature", "geometry": {"type": "Point", "coordinates": [3.45616, 43.0411]}, "properties": {"var_data": [-0.295, 0.235, 0.049, 0.044, 0.684, -0.002, 1, 1, 1, 1, 1]}}, {"type": "Feature", "geometry": {"type": "Point", "coordinates": [3.4915, 43.0411]}, "properties": {"var_data": [-0.228, 0.224, 0.056, 0.055, 0.673, -0.003, 1, 1, 1, 1, 1]}}, {"type": "Feature", "geometry": {"type": "Point", "coordinates": [3.52684, 43.0411]}, "properties": {"var_data": [-0.21, 0.24, 0.059, 0.057, 0.815, -0.003, 1, 1, 1, 1, 1]}}, {"type": "Feature", "geometry": {"type": "Point", "coordinates": [3.56218, 43.0411]}, "properties": {"var_data": [-0.106, 0.169, 0.044, 0.043, 0.662, -0.002, 1, 1, 1, 1, 1]}}, {"type": "Feature", "geometry": {"type": "Point", "coordinates": [3.59752, 43.0411]}, "properties": {"var_data": [-0.047, 0.131, 0.045, 0.032, 0.736, -0.001, 1, 1, 1, 1, 1]}}, {"type": "Feature", "geometry": {"type": "Point", "coordinates": [3.63286, 43.0411]}, "properties": {"var_data": [-0.044, 0.116, 0.042, 0.032, 0.821, -0.001, 1, 1, 1, 1, 1]}}, {"type": "Feature", "geometry": {"type": "Point", "coordinates": [3.6682, 43.0411]}, "properties": {"var_data": [-0.064, 0.155, 0.047, 0.032, 0.707, -0.001, 1, 1, 1, 1, 1]}}, {"type": "Feature", "geometry": {"type": "Point", "coordinates": [3.70354, 43.0411]}, "properties": {"var_data": [-0.034, 0.164, 0.047, 0.025, 0.836, -0.001, 1, 1, 1, 1, 1]}}, {"type": "Feature", "geometry": {"type": "Point", "coordinates": [3.73888, 43.0411]}, "properties": {"var_data": [0.016, 0.168, 0.044, 0.024, 0.872, -0.001, 1, 1, 1, 1, 1]}}, {"type": "Feature", "geometry": {"type": "Point", "coordinates": [3.77422, 43.0411]}, "properties": {"var_data": [0.016, 0.213, 0.049, 0.026, 1.009, -0.001, 1, 1, 1, 1, 1]}}, {"type": "Feature", "geometry": {"type": "Point", "coordinates": [3.1381, 43.0681]}, "properties": {"var_data": [0.355, 0.244, 0.147, 0.045, 1.19, -0.006, 1, 1, 1, 1, 1]}}, {"type": "Feature", "geometry": {"type": "Point", "coordinates": [3.17344, 43.0681]}, "properties": {"var_data": [0.207, 0.261, 0.116, 0.038, 0.974, -0.004, 1, 1, 1, 1, 1]}}, {"type": "Feature", "geometry": {"type": "Point", "coordinates": [3.20878, 43.0681]}, "properties": {"var_data": [0.114, 0.259, 0.055, 0.024, 0.783, -0.001, 1, 1, 1, 1, 1]}}, {"type": "Feature", "geometry": {"type": "Point", "coordinates": [3.24412, 43.0681]}, "properties": {"var_data": [0.013, 0.273, 0.052, 0.026, 0.796, -0.001, 1, 1, 1, 1, 1]}}, {"type": "Feature", "geometry": {"type": "Point", "coordinates": [3.27946, 43.0681]}, "properties": {"var_data": [-0.052, 0.254, 0.047, 0.026, 0.791, -0.001, 1, 1, 1, 1, 1]}}, {"type": "Feature", "geometry": {"type": "Point", "coordinates": [3.3148, 43.0681]}, "properties": {"var_data": [-0.079, 0.223, 0.042, 0.024, 0.747, -0.001, 1, 1, 1, 1, 1]}}, {"type": "Feature", "geometry": {"type": "Point", "coordinates": [3.35014, 43.0681]}, "properties": {"var_data": [-0.14, 0.195, 0.056, 0.039, 0.825, -0.002, 1, 1, 1, 1, 1]}}, {"type": "Feature", "geometry": {"type": "Point", "coordinates": [3.38548, 43.0681]}, "properties": {"var_data": [-0.209, 0.18, 0.049, 0.035, 0.743, -0.002, 1, 1, 1, 1, 1]}}, {"type": "Feature", "geometry": {"type": "Point", "coordinates": [3.42082, 43.0681]}, "properties": {"var_data": [-0.294, 0.208, 0.048, 0.036, 0.717, -0.002, 1, 1, 1, 1, 1]}}, {"type": "Feature", "geometry": {"type": "Point", "coordinates": [3.45616, 43.0681]}, "properties": {"var_data": [-0.247, 0.181, 0.059, 0.049, 0.81, -0.003, 1, 1, 1, 1, 1]}}, {"type": "Feature", "geometry": {"type": "Point", "coordinates": [3.4915, 43.0681]}, "properties": {"var_data": [-0.234, 0.206, 0.049, 0.039, 0.707, -0.002, 1, 1, 1, 1, 1]}}, {"type": "Feature", "geometry": {"type": "Point", "coordinates": [3.52684, 43.0681]}, "properties": {"var_data": [-0.139, 0.203, 0.062, 0.057, 0.822, -0.003, 1, 1, 1, 1, 1]}}, {"type": "Feature", "geometry": {"type": "Point", "coordinates": [3.56218, 43.0681]}, "properties": {"var_data": [-0.168, 0.222, 0.066, 0.055, 0.79, -0.003, 1, 1, 1, 1, 1]}}, {"type": "Feature", "geometry": {"type": "Point", "coordinates": [3.59752, 43.0681]}, "properties": {"var_data": [-0.096, 0.185, 0.044, 0.031, 0.732, -0.001, 1, 1, 1, 1, 1]}}, {"type": "Feature", "geometry": {"type": "Point", "coordinates": [3.63286, 43.0681]}, "properties": {"var_data": [-0.119, 0.215, 0.043, 0.033, 0.836, -0.001, 1, 1, 1, 1, 1]}}, {"type": "Feature", "geometry": {"type": "Point", "coordinates": [3.6682, 43.0681]}, "properties": {"var_data": [-0.193, 0.276, 0.045, 0.023, 0.78, -0.001, 1, 1, 1, 1, 1]}}, {"type": "Feature", "geometry": {"type": "Point", "coordinates": [3.70354, 43.0681]}, "properties": {"var_data": [-0.197, 0.291, 0.045, 0.024, 0.843, -0.001, 1, 1, 1, 1, 1]}}, {"type": "Feature", "geometry": {"type": "Point", "coordinates": [3.73888, 43.0681]}, "properties": {"var_data": [-0.058, 0.225, 0.046, 0.025, 0.937, -0.001, 1, 1, 1, 1, 1]}}, {"type": "Feature", "geometry": {"type": "Point", "coordinates": [3.77422, 43.0681]}, "properties": {"var_data": [-0.034, 0.225, 0.044, 0.024, 0.938, -0.001, 1, 1, 1, 1, 1]}}, {"type": "Feature", "geometry": {"type": "Point", "coordinates": [3.80956, 43.0681]}, "properties": {"var_data": [0.059, 0.154, 0.053, 0.027, 1.333, -0.001, 1, 1, 1, 1, 1]}}, {"type": "Feature", "geometry": {"type": "Point", "coordinates": [3.1381, 43.0951]}, "properties": {"var_data": [0.19, 0.249, 0.169, 0.05, 1.319, -0.008, 1, 1, 1, 1, 1]}}, {"type": "Feature", "geometry": {"type": "Point", "coordinates": [3.17344, 43.0951]}, "properties": {"var_data": [0.137, 0.238, 0.151, 0.05, 1.138, -0.007, 1, 1, 1, 1, 1]}}, {"type": "Feature", "geometry": {"type": "Point", "coordinates": [3.20878, 43.0951]}, "properties": {"var_data": [0.113, 0.238, 0.076, 0.027, 0.909, -0.002, 1, 1, 1, 1, 1]}}, {"type": "Feature", "geometry": {"type": "Point", "coordinates": [3.24412, 43.0951]}, "properties": {"var_data": [-0.023, 0.264, 0.062, 0.026, 0.912, -0.001, 1, 1, 1, 1, 1]}}, {"type": "Feature", "geometry": {"type": "Point", "coordinates": [3.27946, 43.0951]}, "properties": {"var_data": [-0.079, 0.267, 0.055, 0.028, 0.933, -0.001, 1, 1, 1, 1, 1]}}, {"type": "Feature", "geometry": {"type": "Point", "coordinates": [3.3148, 43.0951]}, "properties": {"var_data": [-0.091, 0.215, 0.043, 0.025, 0.766, -0.001, 1, 1, 1, 1, 1]}}, {"type": "Feature", "geometry": {"type": "Point", "coordinates": [3.35014, 43.0951]}, "properties": {"var_data": [-0.144, 0.197, 0.067, 0.042, 0.933, -0.003, 1, 1, 1, 1, 1]}}, {"type": "Feature", "geometry": {"type": "Point", "coordinates": [3.38548, 43.0951]}, "properties": {"var_data": [-0.237, 0.194, 0.052, 0.033, 0.737, -0.002, 1, 1, 1, 1, 1]}}, {"type": "Feature", "geometry": {"type": "Point", "coordinates": [3.42082, 43.0951]}, "properties": {"var_data": [-0.247, 0.17, 0.034, 0.019, 0.799, -0.001, 1, 1, 1, 1, 1]}}, {"type": "Feature", "geometry": {"type": "Point", "coordinates": [3.45616, 43.0951]}, "properties": {"var_data": [-0.257, 0.202, 0.04, 0.02, 0.805, -0.001, 1, 1, 1, 1, 1]}}, {"type": "Feature", "geometry": {"type": "Point", "coordinates": [3.4915, 43.0951]}, "properties": {"var_data": [-0.206, 0.198, 0.039, 0.019, 0.78, -0.001, 1, 1, 1, 1, 1]}}, {"type": "Feature", "geometry": {"type": "Point", "coordinates": [3.52684, 43.0951]}, "properties": {"var_data": [-0.198, 0.195, 0.078, 0.063, 1.059, -0.005, 1, 1, 1, 1, 1]}}, {"type": "Feature", "geometry": {"type": "Point", "coordinates": [3.56218, 43.0951]}, "properties": {"var_data": [-0.135, 0.174, 0.048, 0.014, 0.938, -0.001, 1, 1, 1, 1, 1]}}, {"type": "Feature", "geometry": {"type": "Point", "coordinates": [3.59752, 43.0951]}, "properties": {"var_data": [-0.173, 0.237, 0.054, 0.033, 0.862, -0.002, 1, 1, 1, 1, 1]}}, {"type": "Feature", "geometry": {"type": "Point", "coordinates": [3.63286, 43.0951]}, "properties": {"var_data": [-0.215, 0.263, 0.056, 0.036, 0.958, -0.002, 1, 1, 1, 1, 1]}}, {"type": "Feature", "geometry": {"type": "Point", "coordinates": [3.6682, 43.0951]}, "properties": {"var_data": [-0.201, 0.258, 0.041, 0.033, 0.852, -0.001, 1, 1, 1, 1, 1]}}, {"type": "Feature", "geometry": {"type": "Point", "coordinates": [3.70354, 43.0951]}, "properties": {"var_data": [-0.189, 0.282, 0.037, 0.02, 0.791, -0.001, 1, 1, 1, 1, 1]}}, {"type": "Feature", "geometry": {"type": "Point", "coordinates": [3.73888, 43.0951]}, "properties": {"var_data": [-0.232, 0.342, 0.041, 0.023, 0.951, -0.001, 1, 1, 1, 1, 1]}}, {"type": "Feature", "geometry": {"type": "Point", "coordinates": [3.77422, 43.0951]}, "properties": {"var_data": [-0.092, 0.25, 0.059, 0.03, 1.042, -0.002, 1, 1, 1, 1, 1]}}, {"type": "Feature", "geometry": {"type": "Point", "coordinates": [3.80956, 43.0951]}, "properties": {"var_data": [-0.013, 0.215, 0.121, 0.169, 1.053, -0.02, 1, 1, 1, 1, 1]}}, {"type": "Feature", "geometry": {"type": "Point", "coordinates": [3.17344, 43.122101]}, "properties": {"var_data": [0.103, 0.207, 0.234, 0.081, 1.54, -0.019, 1, 1, 1, 1, 1]}}, {"type": "Feature", "geometry": {"type": "Point", "coordinates": [3.20878, 43.122101]}, "properties": {"var_data": [0.054, 0.223, 0.081, 0.028, 1.038, -0.002, 1, 1, 1, 1, 1]}}, {"type": "Feature", "geometry": {"type": "Point", "coordinates": [3.24412, 43.122101]}, "properties": {"var_data": [0.058, 0.208, 0.083, 0.03, 1.109, -0.002, 1, 1, 1, 1, 1]}}, {"type": "Feature", "geometry": {"type": "Point", "coordinates": [3.27946, 43.122101]}, "properties": {"var_data": [-0.052, 0.213, 0.065, 0.029, 0.958, -0.002, 1, 1, 1, 1, 1]}}, {"type": "Feature", "geometry": {"type": "Point", "coordinates": [3.3148, 43.122101]}, "properties": {"var_data": [-0.128, 0.222, 0.048, 0.026, 0.83, -0.001, 1, 1, 1, 1, 1]}}, {"type": "Feature", "geometry": {"type": "Point", "coordinates": [3.35014, 43.122101]}, "properties": {"var_data": [-0.198, 0.211, 0.064, 0.039, 0.944, -0.002, 1, 1, 1, 1, 1]}}, {"type": "Feature", "geometry": {"type": "Point", "coordinates": [3.38548, 43.122101]}, "properties": {"var_data": [-0.225, 0.208, 0.037, 0.019, 0.876, -0.001, 1, 1, 1, 1, 1]}}, {"type": "Feature", "geometry": {"type": "Point", "coordinates": [3.42082, 43.122101]}, "properties": {"var_data": [-0.266, 0.197, 0.035, 0.019, 0.79, -0.001, 1, 1, 1, 1, 1]}}, {"type": "Feature", "geometry": {"type": "Point", "coordinates": [3.45616, 43.122101]}, "properties": {"var_data": [-0.295, 0.22, 0.033, 0.02, 0.944, -0.001, 1, 1, 1, 1, 1]}}, {"type": "Feature", "geometry": {"type": "Point", "coordinates": [3.4915, 43.122101]}, "properties": {"var_data": [-0.227, 0.213, 0.033, 0.019, 0.855, -0.001, 1, 1, 1, 1, 1]}}, {"type": "Feature", "geometry": {"type": "Point", "coordinates": [3.52684, 43.122101]}, "properties": {"var_data": [-0.151, 0.162, 0.03, 0.01, 0.911, -0.0, 1, 1, 1, 1, 1]}}, {"type": "Feature", "geometry": {"type": "Point", "coordinates": [3.56218, 43.122101]}, "properties": {"var_data": [-0.094, 0.121, 0.032, 0.011, 1.064, -0.0, 1, 1, 1, 1, 1]}}, {"type": "Feature", "geometry": {"type": "Point", "coordinates": [3.59752, 43.122101]}, "properties": {"var_data": [-0.165, 0.198, 0.043, 0.013, 0.831, -0.001, 1, 1, 1, 1, 1]}}, {"type": "Feature", "geometry": {"type": "Point", "coordinates": [3.63286, 43.122101]}, "properties": {"var_data": [-0.257, 0.28, 0.046, 0.035, 0.955, -0.001, 1, 1, 1, 1, 1]}}, {"type": "Feature", "geometry": {"type": "Point", "coordinates": [3.6682, 43.122101]}, "properties": {"var_data": [-0.223, 0.251, 0.045, 0.034, 1.006, -0.001, 1, 1, 1, 1, 1]}}, {"type": "Feature", "geometry": {"type": "Point", "coordinates": [3.70354, 43.122101]}, "properties": {"var_data": [-0.178, 0.25, 0.064, 0.067, 0.902, -0.004, 1, 1, 1, 1, 1]}}, {"type": "Feature", "geometry": {"type": "Point", "coordinates": [3.73888, 43.122101]}, "properties": {"var_data": [-0.233, 0.326, 0.036, 0.022, 1.016, -0.001, 1, 1, 1, 1, 1]}}, {"type": "Feature", "geometry": {"type": "Point", "coordinates": [3.77422, 43.122101]}, "properties": {"var_data": [-0.152, 0.292, 0.133, 0.165, 1.081, -0.021, 1, 1, 1, 1, 1]}}, {"type": "Feature", "geometry": {"type": "Point", "coordinates": [3.80956, 43.122101]}, "properties": {"var_data": [-0.058, 0.267, 0.129, 0.169, 1.13, -0.021, 1, 1, 1, 1, 1]}}, {"type": "Feature", "geometry": {"type": "Point", "coordinates": [3.20878, 43.149101]}, "properties": {"var_data": [-0.052, 0.196, 0.166, 0.063, 1.243, -0.01, 1, 1, 1, 1, 1]}}, {"type": "Feature", "geometry": {"type": "Point", "coordinates": [3.24412, 43.149101]}, "properties": {"var_data": [-0.123, 0.227, 0.085, 0.03, 1.128, -0.002, 1, 1, 1, 1, 1]}}, {"type": "Feature", "geometry": {"type": "Point", "coordinates": [3.27946, 43.149101]}, "properties": {"var_data": [-0.188, 0.226, 0.07, 0.029, 1.02, -0.002, 1, 1, 1, 1, 1]}}, {"type": "Feature", "geometry": {"type": "Point", "coordinates": [3.3148, 43.149101]}, "properties": {"var_data": [-0.161, 0.213, 0.085, 0.042, 0.905, -0.003, 1, 1, 1, 1, 1]}}, {"type": "Feature", "geometry": {"type": "Point", "coordinates": [3.35014, 43.149101]}, "properties": {"var_data": [-0.213, 0.202, 0.06, 0.029, 0.955, -0.002, 1, 1, 1, 1, 1]}}, {"type": "Feature", "geometry": {"type": "Point", "coordinates": [3.38548, 43.149101]}, "properties": {"var_data": [-0.288, 0.242, 0.036, 0.018, 0.911, -0.001, 1, 1, 1, 1, 1]}}, {"type": "Feature", "geometry": {"type": "Point", "coordinates": [3.42082, 43.149101]}, "properties": {"var_data": [-0.337, 0.258, 0.037, 0.019, 0.875, -0.001, 1, 1, 1, 1, 1]}}, {"type": "Feature", "geometry": {"type": "Point", "coordinates": [3.45616, 43.149101]}, "properties": {"var_data": [-0.343, 0.262, 0.034, 0.02, 0.954, -0.001, 1, 1, 1, 1, 1]}}, {"type": "Feature", "geometry": {"type": "Point", "coordinates": [3.4915, 43.149101]}, "properties": {"var_data": [-0.301, 0.247, 0.026, 0.01, 0.963, -0.0, 1, 1, 1, 1, 1]}}, {"type": "Feature", "geometry": {"type": "Point", "coordinates": [3.52684, 43.149101]}, "properties": {"var_data": [-0.191, 0.201, 0.031, 0.01, 0.921, -0.0, 1, 1, 1, 1, 1]}}, {"type": "Feature", "geometry": {"type": "Point", "coordinates": [3.56218, 43.149101]}, "properties": {"var_data": [-0.1, 0.11, 0.03, 0.011, 1.297, -0.0, 1, 1, 1, 1, 1]}}, {"type": "Feature", "geometry": {"type": "Point", "coordinates": [3.59752, 43.149101]}, "properties": {"var_data": [-0.124, 0.109, 0.039, 0.012, 1.264, -0.0, 1, 1, 1, 1, 1]}}, {"type": "Feature", "geometry": {"type": "Point", "coordinates": [3.63286, 43.149101]}, "properties": {"var_data": [-0.172, 0.196, 0.033, 0.011, 0.928, -0.0, 1, 1, 1, 1, 1]}}, {"type": "Feature", "geometry": {"type": "Point", "coordinates": [3.6682, 43.149101]}, "properties": {"var_data": [-0.249, 0.278, 0.036, 0.014, 0.954, -0.0, 1, 1, 1, 1, 1]}}, {"type": "Feature", "geometry": {"type": "Point", "coordinates": [3.70354, 43.149101]}, "properties": {"var_data": [-0.261, 0.28, 0.033, 0.013, 0.969, -0.0, 1, 1, 1, 1, 1]}}, {"type": "Feature", "geometry": {"type": "Point", "coordinates": [3.73888, 43.149101]}, "properties": {"var_data": [-0.241, 0.297, 0.036, 0.014, 1.055, -0.0, 1, 1, 1, 1, 1]}}, {"type": "Feature", "geometry": {"type": "Point", "coordinates": [3.24412, 43.176102]}, "properties": {"var_data": [-0.35, 0.267, 0.215, 0.086, 1.322, -0.018, 1, 1, 1, 1, 1]}}, {"type": "Feature", "geometry": {"type": "Point", "coordinates": [3.27946, 43.176102]}, "properties": {"var_data": [-0.296, 0.259, 0.197, 0.088, 1.275, -0.017, 1, 1, 1, 1, 1]}}, {"type": "Feature", "geometry": {"type": "Point", "coordinates": [3.3148, 43.176102]}, "properties": {"var_data": [-0.273, 0.253, 0.054, 0.021, 0.947, -0.001, 1, 1, 1, 1, 1]}}, {"type": "Feature", "geometry": {"type": "Point", "coordinates": [3.35014, 43.176102]}, "properties": {"var_data": [-0.29, 0.264, 0.048, 0.021, 1.119, -0.001, 1, 1, 1, 1, 1]}}, {"type": "Feature", "geometry": {"type": "Point", "coordinates": [3.38548, 43.176102]}, "properties": {"var_data": [-0.336, 0.279, 0.039, 0.02, 0.98, -0.001, 1, 1, 1, 1, 1]}}, {"type": "Feature", "geometry": {"type": "Point", "coordinates": [3.42082, 43.176102]}, "properties": {"var_data": [-0.381, 0.287, 0.035, 0.017, 0.928, -0.001, 1, 1, 1, 1, 1]}}, {"type": "Feature", "geometry": {"type": "Point", "coordinates": [3.45616, 43.176102]}, "properties": {"var_data": [-0.393, 0.31, 0.033, 0.019, 1.077, -0.001, 1, 1, 1, 1, 1]}}, {"type": "Feature", "geometry": {"type": "Point", "coordinates": [3.4915, 43.176102]}, "properties": {"var_data": [-0.376, 0.311, 0.032, 0.019, 0.999, -0.001, 1, 1, 1, 1, 1]}}, {"type": "Feature", "geometry": {"type": "Point", "coordinates": [3.52684, 43.176102]}, "properties": {"var_data": [-0.289, 0.237, 0.031, 0.011, 1.049, -0.0, 1, 1, 1, 1, 1]}}, {"type": "Feature", "geometry": {"type": "Point", "coordinates": [3.56218, 43.176102]}, "properties": {"var_data": [-0.04, 0.044, 0.032, 0.011, 1.567, -0.0, 1, 1, 1, 1, 1]}}, {"type": "Feature", "geometry": {"type": "Point", "coordinates": [3.59752, 43.176102]}, "properties": {"var_data": [-0.046, 0.046, 0.036, 0.012, 1.526, -0.0, 1, 1, 1, 1, 1]}}, {"type": "Feature", "geometry": {"type": "Point", "coordinates": [3.63286, 43.176102]}, "properties": {"var_data": [-0.186, 0.189, 0.046, 0.017, 1.151, -0.001, 1, 1, 1, 1, 1]}}, {"type": "Feature", "geometry": {"type": "Point", "coordinates": [3.27946, 43.203098]}, "properties": {"var_data": [-0.193, 0.204, 0.32, 0.146, 1.536, -0.046, 1, 1, 1, 1, 1]}}, {"type": "Feature", "geometry": {"type": "Point", "coordinates": [3.3148, 43.203098]}, "properties": {"var_data": [-0.336, 0.247, 0.059, 0.022, 1.197, -0.001, 1, 1, 1, 1, 1]}}, {"type": "Feature", "geometry": {"type": "Point", "coordinates": [3.35014, 43.203098]}, "properties": {"var_data": [-0.394, 0.274, 0.048, 0.021, 1.128, -0.001, 1, 1, 1, 1, 1]}}, {"type": "Feature", "geometry": {"type": "Point", "coordinates": [3.38548, 43.203098]}, "properties": {"var_data": [-0.379, 0.283, 0.048, 0.021, 1.125, -0.001, 1, 1, 1, 1, 1]}}, {"type": "Feature", "geometry": {"type": "Point", "coordinates": [3.42082, 43.203098]}, "properties": {"var_data": [-0.388, 0.284, 0.037, 0.017, 0.944, -0.001, 1, 1, 1, 1, 1]}}, {"type": "Feature", "geometry": {"type": "Point", "coordinates": [3.45616, 43.203098]}, "properties": {"var_data": [-0.409, 0.291, 0.053, 0.03, 1.183, -0.001, 1, 1, 1, 1, 1]}}, {"type": "Feature", "geometry": {"type": "Point", "coordinates": [3.4915, 43.203098]}, "properties": {"var_data": [-0.334, 0.282, 0.049, 0.029, 1.059, -0.001, 1, 1, 1, 1, 1]}}], "metadata": {"acknowledgment": "ICATMAR HF Radar Network has been established with the support of the European Maritime and Fisheries Fund, the European Maritime, Fisheries and Aquaculture Fund, the Government of Catalonia and funds from the Interreg POCTEFA AFLE program through the OPALE project (EFA146/03, 2025-2027). The network has been designed, implemented and managed through the efforts of: the Direcci\u00f3 General de Pol\u00edtica Mar\u00edtima i Pesca Sostenible (Government of Catalonia), the Institut de Ci\u00e8ncies del Mar (CSIC, Barcelona), and Centre de Formation et de Recherche sur l'Environnement Marin (CEFREM, Perpignan).", "area": "Mediterranean Sea", "citation": "These data were collected and made freely available by ICATMAR and the programs that contribute to it. Data was collected by the Government of Catalonia and CEFREM (France), and processed by ICATMAR with the support of the European Maritime, Fisheries and Aquaculture Fund (EMFAF) and the Climatic Funds Program of the Government of Catalonia.", "Conventions": "CF-1.10", "date_created": "2026-08-24T03:53:08Z", "date_modified": "2026-08-24T03:53:08Z", "distribution_statement": "These data follow Copernicus standards; they are public and free of charge. User assumes all risk for use of data. User must display citation in any publication or product using data. User must contact ICATMAR prior to any commercial use of data.", "doi": "https://doi.org/10.20350/digitalCSIC/18102", "dataset_version": "v2", "geospatial_lat_min": "39.5851", "geospatial_lat_max": "43.4731", "geospatial_lat_resolution": "0.027", "geospatial_lat_units": "degrees_north", "geospatial_lon_min": "0.06352", "geospatial_lon_max": "4.26898", "geospatial_lon_resolution": "0.03534", "geospatial_lon_units": "degrees_east", "geospatial_vertical_min": "0", "geospatial_vertical_max": "0.75", "geospatial_vertical_units": "m", "history": "2026-08-24T03:53:08Z data collected.2026-08-24T03:53:08Z NetCDF file created", "id": "HFR_ICATMAR_Total_2026-08-24T03:53:08Z", "institution": "Catalan Institute of Research for the Governance of the Sea", "institution_edmo_code": "5801", "L2_source_files": "RDLm_CREU_2026_08_24_0100_l2b.ruv; RDLm_BEGU_2026_08_24_0100_l2b.ruv; RDLm_AREN_2026_08_24_0100_l2b.ruv; RDLm_GNST_2026_08_24_0100_l2b.ruv; RDLm_TOSS_2026_08_24_0100_l2b.ruv; RDLm_SCAL_2026_08_24_0100_l2b.ruv; RDLm_CNET_2026_08_24_0100_l2b.ruv", "license": "HF radar sea surface current velocity dataset by ICATMAR is licensed under a Creative Commons Attribution 4.0 International License. You should have received a copy of the license along with this work. If not, see http://creativecommons.org/licenses/by/4.0/.", "processing_level": "3B", "publisher_name": "ICATMAR", "publisher_email": "info@icatmar.cat", "publisher_url": "https://icatmar.cat", "references": "Quir\u00f3s-Collazos, L.; Bueno-Herrero, C.; Mart\u00ednez, J.; Llorach-T\u00f3, G.; Gonz\u00e1lez-Haro, C.; Ribera-Altamir, J.; Ballabrera, J.; Garc\u00eda-Ladona, E.; Isern-Fontanet, J.: Level 3 velocity products from ICATMAR High-Frequency Radar network. 2024, ICATMAR Technical Report, number 3, pp:27. https://doi.org/10.20350/digitalCSIC/17191", "radials_combination_software": "merge_radials version 0.6 release 2026-02-23", "radials_combination_method": "unweighted least squares", "radials_combination_averaging_radius": "6100 m", "radials_combination_distance_method": "haversine version 1.0 release 2023-02-27 as defined in merge_radials 0.6", "radials_combination_grid": "hfradar_totals_grid_icatmar.nc version 2.1 release 2026-03-05", "source": "Surface ocean velocity field from HF-radar", "time_coverage_start": "2026-08-24T00:25:00Z", "time_coverage_end": "2026-08-24T01:40:00Z", "time_coverage_resolution": "PT1H", "title": "Near Real Time Surface Ocean Velocity", "var_names": ["u", "v", "stdu", "stdv", "gdop", "cov", "qcflag", "vart_qc", "gdop_qc", "ddns_qc", "cspd_qc"], "var_lnames": ["Surface Eastward Sea Water Velocity", "Surface Nortward Sea Water Velocity", "Standard Deviation Of Surface Eastward Sea Water Velocity", "Standard Deviation Of Surface Northward Sea Water Velocity", "Geometrical Dilution Of Precision", "Covariance Of Surface Sea Water Velocity", "Overall quality flag", "Variance threshold quality flag", "GDOP threshold quality flag", "Data density threshold quality flag", "Velocity threshold quality flag"], "var_units": ["m s-1", "m s-1", "m s-1", "m s-1", "1", "m2 s-2", "1", "1", "1", "1", "1"], "var_time": "2026-08-24T01:00:00Z"}}