{"type": "FeatureCollection", "features": [{"type": "Feature", "geometry": {"type": "Point", "coordinates": [1.75984, 40.584099]}, "properties": {"var_data": [-1.033, -0.049, 0.159, 0.03, 2.798, -0.0, 4, 0, 4, 1, 1]}}, {"type": "Feature", "geometry": {"type": "Point", "coordinates": [1.79518, 40.584099]}, "properties": {"var_data": [-1.114, -0.024, 0.263, 0.042, 2.641, -0.006, 4, 0, 4, 1, 1]}}, {"type": "Feature", "geometry": {"type": "Point", "coordinates": [1.7245, 40.611099]}, "properties": {"var_data": [-0.605, 0.023, 0.154, 0.027, 2.25, -0.001, 4, 0, 4, 1, 1]}}, {"type": "Feature", "geometry": {"type": "Point", "coordinates": [1.75984, 40.611099]}, "properties": {"var_data": [-0.768, 0.002, 0.154, 0.027, 2.141, -0.001, 4, 0, 4, 1, 1]}}, {"type": "Feature", "geometry": {"type": "Point", "coordinates": [1.79518, 40.611099]}, "properties": {"var_data": [-0.778, -0.011, 0.16, 0.029, 2.051, -0.001, 4, 0, 4, 1, 1]}}, {"type": "Feature", "geometry": {"type": "Point", "coordinates": [1.83052, 40.611099]}, "properties": {"var_data": [-0.797, -0.111, 0.282, 0.045, 2.743, -0.008, 4, 0, 4, 1, 1]}}, {"type": "Feature", "geometry": {"type": "Point", "coordinates": [1.58314, 40.6381]}, "properties": {"var_data": [0.226, 0.055, 0.285, 0.067, 3.288, -0.011, 4, 0, 4, 1, 1]}}, {"type": "Feature", "geometry": {"type": "Point", "coordinates": [1.61848, 40.6381]}, "properties": {"var_data": [0.428, -0.044, 0.287, 0.068, 3.368, -0.011, 4, 0, 4, 1, 1]}}, {"type": "Feature", "geometry": {"type": "Point", "coordinates": [1.65382, 40.6381]}, "properties": {"var_data": [-0.465, 0.15, 0.225, 0.054, 2.312, -0.004, 4, 0, 4, 1, 1]}}, {"type": "Feature", "geometry": {"type": "Point", "coordinates": [1.68916, 40.6381]}, "properties": {"var_data": [-0.402, 0.133, 0.223, 0.053, 2.287, -0.004, 4, 0, 4, 1, 1]}}, {"type": "Feature", "geometry": {"type": "Point", "coordinates": [1.7245, 40.6381]}, "properties": {"var_data": [-0.86, 0.048, 0.154, 0.027, 2.249, -0.001, 4, 0, 4, 1, 1]}}, {"type": "Feature", "geometry": {"type": "Point", "coordinates": [1.75984, 40.6381]}, "properties": {"var_data": [-0.702, 0.026, 0.155, 0.027, 2.197, -0.001, 4, 0, 4, 1, 1]}}, {"type": "Feature", "geometry": {"type": "Point", "coordinates": [1.79518, 40.6381]}, "properties": {"var_data": [-0.711, -0.0, 0.144, 0.022, 1.795, -0.002, 1, 0, 1, 1, 1]}}, {"type": "Feature", "geometry": {"type": "Point", "coordinates": [1.83052, 40.6381]}, "properties": {"var_data": [-0.586, -0.021, 0.065, 0.025, 1.726, 0.001, 1, 0, 1, 1, 1]}}, {"type": "Feature", "geometry": {"type": "Point", "coordinates": [1.58314, 40.6651]}, "properties": {"var_data": [-0.835, 0.344, 0.974, 0.302, 3.761, -0.285, 4, 0, 4, 1, 1]}}, {"type": "Feature", "geometry": {"type": "Point", "coordinates": [1.61848, 40.6651]}, "properties": {"var_data": [-0.839, 0.339, 1.144, 0.36, 3.77, -0.403, 4, 0, 4, 1, 1]}}, {"type": "Feature", "geometry": {"type": "Point", "coordinates": [1.65382, 40.6651]}, "properties": {"var_data": [-0.421, 0.204, 0.383, 0.116, 2.295, -0.036, 4, 0, 4, 1, 1]}}, {"type": "Feature", "geometry": {"type": "Point", "coordinates": [1.68916, 40.6651]}, "properties": {"var_data": [-0.457, 0.206, 0.366, 0.111, 2.198, -0.032, 4, 0, 4, 1, 1]}}, {"type": "Feature", "geometry": {"type": "Point", "coordinates": [1.7245, 40.6651]}, "properties": {"var_data": [-0.992, 0.077, 0.161, 0.024, 1.943, -0.003, 4, 4, 1, 1, 1]}}, {"type": "Feature", "geometry": {"type": "Point", "coordinates": [1.75984, 40.6651]}, "properties": {"var_data": [-0.738, 0.037, 0.144, 0.021, 1.743, -0.002, 1, 1, 1, 1, 1]}}, {"type": "Feature", "geometry": {"type": "Point", "coordinates": [1.79518, 40.6651]}, "properties": {"var_data": [-0.684, 0.01, 0.147, 0.022, 1.971, -0.003, 1, 0, 1, 1, 1]}}, {"type": "Feature", "geometry": {"type": "Point", "coordinates": [1.83052, 40.6651]}, "properties": {"var_data": [-0.74, 0.034, 0.045, 0.012, 1.312, 0.0, 1, 1, 1, 1, 1]}}, {"type": "Feature", "geometry": {"type": "Point", "coordinates": [1.86586, 40.6651]}, "properties": {"var_data": [-0.689, -0.008, 0.115, 0.049, 2.311, 0.005, 4, 0, 4, 1, 1]}}, {"type": "Feature", "geometry": {"type": "Point", "coordinates": [1.47712, 40.692101]}, "properties": {"var_data": [-0.69, 0.355, 0.726, 0.466, 3.038, -0.338, 4, 0, 4, 4, 1]}}, {"type": "Feature", "geometry": {"type": "Point", "coordinates": [1.58314, 40.692101]}, "properties": {"var_data": [-0.207, 0.229, 0.515, 0.149, 3.217, -0.068, 4, 0, 4, 1, 1]}}, {"type": "Feature", "geometry": {"type": "Point", "coordinates": [1.61848, 40.692101]}, "properties": {"var_data": [-0.326, 0.267, 0.49, 0.148, 2.383, -0.064, 4, 0, 4, 1, 1]}}, {"type": "Feature", "geometry": {"type": "Point", "coordinates": [1.65382, 40.692101]}, "properties": {"var_data": [-0.576, 0.206, 0.288, 0.082, 2.287, -0.015, 4, 4, 4, 1, 1]}}, {"type": "Feature", "geometry": {"type": "Point", "coordinates": [1.68916, 40.692101]}, "properties": {"var_data": [-0.457, 0.173, 0.27, 0.065, 1.714, -0.016, 1, 1, 1, 1, 1]}}, {"type": "Feature", "geometry": {"type": "Point", "coordinates": [1.7245, 40.692101]}, "properties": {"var_data": [-0.868, 0.127, 0.283, 0.046, 1.793, -0.012, 4, 4, 1, 1, 1]}}, {"type": "Feature", "geometry": {"type": "Point", "coordinates": [1.75984, 40.692101]}, "properties": {"var_data": [-0.402, 0.018, 0.329, 0.052, 1.566, -0.017, 1, 1, 1, 1, 1]}}, {"type": "Feature", "geometry": {"type": "Point", "coordinates": [1.79518, 40.692101]}, "properties": {"var_data": [-0.593, 0.012, 0.394, 0.054, 1.517, -0.021, 1, 1, 1, 1, 1]}}, {"type": "Feature", "geometry": {"type": "Point", "coordinates": [1.83052, 40.692101]}, "properties": {"var_data": [-0.777, 0.015, 0.248, 0.035, 1.392, -0.008, 1, 1, 1, 1, 1]}}, {"type": "Feature", "geometry": {"type": "Point", "coordinates": [1.86586, 40.692101]}, "properties": {"var_data": [-0.832, -0.026, 0.115, 0.049, 2.399, 0.005, 4, 1, 4, 1, 1]}}, {"type": "Feature", "geometry": {"type": "Point", "coordinates": [1.9012, 40.692101]}, "properties": {"var_data": [-0.401, 0.026, 0.082, 0.046, 2.081, 0.004, 4, 1, 4, 1, 1]}}, {"type": "Feature", "geometry": {"type": "Point", "coordinates": [1.47712, 40.719101]}, "properties": {"var_data": [-0.69, 0.355, 0.726, 0.466, 3.038, -0.338, 4, 0, 4, 4, 1]}}, {"type": "Feature", "geometry": {"type": "Point", "coordinates": [1.61848, 40.719101]}, "properties": {"var_data": [-0.217, 0.206, 0.226, 0.011, 2.252, -0.0, 4, 1, 4, 1, 1]}}, {"type": "Feature", "geometry": {"type": "Point", "coordinates": [1.65382, 40.719101]}, "properties": {"var_data": [-0.477, 0.152, 0.198, 0.064, 1.742, -0.013, 1, 1, 1, 1, 1]}}, {"type": "Feature", "geometry": {"type": "Point", "coordinates": [1.68916, 40.719101]}, "properties": {"var_data": [-0.481, 0.108, 0.178, 0.057, 1.671, -0.01, 1, 1, 1, 1, 1]}}, {"type": "Feature", "geometry": {"type": "Point", "coordinates": [1.7245, 40.719101]}, "properties": {"var_data": [-0.47, 0.083, 0.078, 0.024, 1.267, -0.002, 1, 1, 1, 1, 1]}}, {"type": "Feature", "geometry": {"type": "Point", "coordinates": [1.75984, 40.719101]}, "properties": {"var_data": [-0.434, 0.023, 0.231, 0.035, 1.295, -0.008, 1, 1, 1, 1, 1]}}, {"type": "Feature", "geometry": {"type": "Point", "coordinates": [1.79518, 40.719101]}, "properties": {"var_data": [-0.465, 0.009, 0.199, 0.03, 1.121, -0.006, 1, 1, 1, 1, 1]}}, {"type": "Feature", "geometry": {"type": "Point", "coordinates": [1.83052, 40.719101]}, "properties": {"var_data": [-0.633, 0.019, 0.264, 0.037, 1.203, -0.009, 1, 1, 1, 1, 1]}}, {"type": "Feature", "geometry": {"type": "Point", "coordinates": [1.86586, 40.719101]}, "properties": {"var_data": [-0.527, 0.043, 0.294, 0.029, 1.862, 0.002, 1, 1, 1, 1, 1]}}, {"type": "Feature", "geometry": {"type": "Point", "coordinates": [1.9012, 40.719101]}, "properties": {"var_data": [-0.403, 0.062, 0.051, 0.029, 1.719, 0.001, 1, 1, 1, 1, 1]}}, {"type": "Feature", "geometry": {"type": "Point", "coordinates": [1.93654, 40.719101]}, "properties": {"var_data": [-0.021, 0.088, 0.053, 0.03, 1.667, 0.002, 1, 1, 1, 1, 1]}}, {"type": "Feature", "geometry": {"type": "Point", "coordinates": [1.97188, 40.719101]}, "properties": {"var_data": [-0.092, 0.076, 0.053, 0.03, 1.599, 0.002, 1, 1, 1, 1, 1]}}, {"type": "Feature", "geometry": {"type": "Point", "coordinates": [2.00722, 40.719101]}, "properties": {"var_data": [0.268, 0.261, 0.173, 0.056, 2.009, 0.007, 4, 1, 4, 1, 1]}}, {"type": "Feature", "geometry": {"type": "Point", "coordinates": [1.3711, 40.746101]}, "properties": {"var_data": [-0.263, 0.08, 0.649, 0.417, 8.928, -0.271, 4, 0, 4, 4, 1]}}, {"type": "Feature", "geometry": {"type": "Point", "coordinates": [1.40644, 40.746101]}, "properties": {"var_data": [-0.253, 0.074, 1.062, 0.682, 4.635, -0.724, 4, 0, 4, 4, 1]}}, {"type": "Feature", "geometry": {"type": "Point", "coordinates": [1.44178, 40.746101]}, "properties": {"var_data": [-0.253, 0.074, 1.062, 0.682, 4.635, -0.724, 4, 0, 4, 4, 1]}}, {"type": "Feature", "geometry": {"type": "Point", "coordinates": [1.47712, 40.746101]}, "properties": {"var_data": [-0.037, -0.04, 0.115, 0.074, 2.613, -0.008, 4, 0, 4, 1, 1]}}, {"type": "Feature", "geometry": {"type": "Point", "coordinates": [1.51246, 40.746101]}, "properties": {"var_data": [-0.427, 0.062, 0.132, 0.011, 2.382, -0.0, 4, 1, 4, 1, 1]}}, {"type": "Feature", "geometry": {"type": "Point", "coordinates": [1.5478, 40.746101]}, "properties": {"var_data": [-0.462, 0.111, 0.023, 0.011, 1.737, -0.0, 1, 1, 1, 1, 1]}}, {"type": "Feature", "geometry": {"type": "Point", "coordinates": [1.58314, 40.746101]}, "properties": {"var_data": [-0.414, 0.103, 0.023, 0.011, 1.605, -0.0, 1, 1, 1, 1, 1]}}, {"type": "Feature", "geometry": {"type": "Point", "coordinates": [1.61848, 40.746101]}, "properties": {"var_data": [-0.364, 0.122, 0.037, 0.011, 2.157, -0.0, 4, 1, 4, 1, 1]}}, {"type": "Feature", "geometry": {"type": "Point", "coordinates": [1.65382, 40.746101]}, "properties": {"var_data": [-0.411, 0.098, 0.166, 0.053, 2.172, -0.009, 4, 1, 4, 1, 1]}}, {"type": "Feature", "geometry": {"type": "Point", "coordinates": [1.68916, 40.746101]}, "properties": {"var_data": [-0.49, 0.083, 0.143, 0.046, 1.359, -0.007, 1, 1, 1, 1, 1]}}, {"type": "Feature", "geometry": {"type": "Point", "coordinates": [1.7245, 40.746101]}, "properties": {"var_data": [-0.34, 0.058, 0.089, 0.027, 1.222, -0.002, 1, 1, 1, 1, 1]}}, {"type": "Feature", "geometry": {"type": "Point", "coordinates": [1.75984, 40.746101]}, "properties": {"var_data": [-0.32, 0.001, 0.228, 0.034, 1.232, -0.008, 1, 1, 1, 1, 1]}}, {"type": "Feature", "geometry": {"type": "Point", "coordinates": [1.79518, 40.746101]}, "properties": {"var_data": [-0.391, 0.0, 0.186, 0.027, 0.975, -0.005, 1, 1, 1, 1, 1]}}, {"type": "Feature", "geometry": {"type": "Point", "coordinates": [1.83052, 40.746101]}, "properties": {"var_data": [-0.401, 0.0, 0.205, 0.029, 0.978, -0.006, 1, 1, 1, 1, 1]}}, {"type": "Feature", "geometry": {"type": "Point", "coordinates": [1.86586, 40.746101]}, "properties": {"var_data": [-0.383, 0.016, 0.367, 0.026, 1.641, 0.001, 1, 1, 1, 1, 1]}}, {"type": "Feature", "geometry": {"type": "Point", "coordinates": [1.9012, 40.746101]}, "properties": {"var_data": [-0.065, 0.031, 0.042, 0.023, 1.417, 0.001, 1, 1, 1, 1, 1]}}, {"type": "Feature", "geometry": {"type": "Point", "coordinates": [1.93654, 40.746101]}, "properties": {"var_data": [0.004, 0.088, 0.053, 0.03, 1.719, 0.002, 1, 1, 1, 1, 1]}}, {"type": "Feature", "geometry": {"type": "Point", "coordinates": [1.97188, 40.746101]}, "properties": {"var_data": [0.08, 0.107, 0.053, 0.029, 1.426, 0.002, 1, 1, 1, 1, 1]}}, {"type": "Feature", "geometry": {"type": "Point", "coordinates": [2.00722, 40.746101]}, "properties": {"var_data": [0.187, 0.191, 0.162, 0.055, 1.976, 0.006, 1, 1, 1, 1, 1]}}, {"type": "Feature", "geometry": {"type": "Point", "coordinates": [2.28994, 40.746101]}, "properties": {"var_data": [0.015, -0.254, 0.142, 0.069, 1.252, -0.01, 4, 1, 1, 4, 1]}}, {"type": "Feature", "geometry": {"type": "Point", "coordinates": [2.32528, 40.746101]}, "properties": {"var_data": [-0.066, -0.223, 0.139, 0.067, 1.176, -0.009, 1, 1, 1, 1, 1]}}, {"type": "Feature", "geometry": {"type": "Point", "coordinates": [1.40644, 40.773102]}, "properties": {"var_data": [-0.394, 0.164, 0.338, 0.217, 4.011, -0.073, 4, 0, 4, 4, 1]}}, {"type": "Feature", "geometry": {"type": "Point", "coordinates": [1.44178, 40.773102]}, "properties": {"var_data": [-0.394, 0.164, 0.338, 0.217, 4.011, -0.073, 4, 0, 4, 4, 1]}}, {"type": "Feature", "geometry": {"type": "Point", "coordinates": [1.47712, 40.773102]}, "properties": {"var_data": [-0.061, 0.014, 0.125, 0.07, 2.428, -0.008, 4, 0, 4, 1, 1]}}, {"type": "Feature", "geometry": {"type": "Point", "coordinates": [1.51246, 40.773102]}, "properties": {"var_data": [-0.161, -0.018, 0.023, 0.011, 1.515, -0.0, 1, 1, 1, 1, 1]}}, {"type": "Feature", "geometry": {"type": "Point", "coordinates": [1.5478, 40.773102]}, "properties": {"var_data": [-0.261, 0.029, 0.023, 0.011, 1.4, -0.0, 1, 1, 1, 1, 1]}}, {"type": "Feature", "geometry": {"type": "Point", "coordinates": [1.58314, 40.773102]}, "properties": {"var_data": [-0.463, 0.11, 0.023, 0.011, 1.641, -0.0, 1, 1, 1, 1, 1]}}, {"type": "Feature", "geometry": {"type": "Point", "coordinates": [1.61848, 40.773102]}, "properties": {"var_data": [-0.332, 0.052, 0.023, 0.009, 1.102, -0.0, 1, 1, 1, 1, 1]}}, {"type": "Feature", "geometry": {"type": "Point", "coordinates": [1.65382, 40.773102]}, "properties": {"var_data": [-0.475, 0.091, 0.137, 0.044, 1.258, -0.006, 1, 1, 1, 1, 1]}}, {"type": "Feature", "geometry": {"type": "Point", "coordinates": [1.68916, 40.773102]}, "properties": {"var_data": [-0.47, 0.072, 0.119, 0.037, 1.256, -0.004, 1, 1, 1, 1, 1]}}, {"type": "Feature", "geometry": {"type": "Point", "coordinates": [1.7245, 40.773102]}, "properties": {"var_data": [-0.409, 0.048, 0.076, 0.023, 1.028, -0.002, 1, 1, 1, 1, 1]}}, {"type": "Feature", "geometry": {"type": "Point", "coordinates": [1.75984, 40.773102]}, "properties": {"var_data": [-0.438, 0.023, 0.147, 0.023, 0.906, -0.003, 1, 1, 1, 1, 1]}}, {"type": "Feature", "geometry": {"type": "Point", "coordinates": [1.79518, 40.773102]}, "properties": {"var_data": [-0.413, -0.0, 0.159, 0.024, 0.93, -0.004, 1, 1, 1, 1, 1]}}, {"type": "Feature", "geometry": {"type": "Point", "coordinates": [1.83052, 40.773102]}, "properties": {"var_data": [-0.328, -0.005, 0.092, 0.013, 0.906, -0.001, 1, 1, 1, 1, 1]}}, {"type": "Feature", "geometry": {"type": "Point", "coordinates": [1.86586, 40.773102]}, "properties": {"var_data": [-0.321, 0.01, 0.089, 0.012, 1.002, -0.001, 1, 1, 1, 1, 1]}}, {"type": "Feature", "geometry": {"type": "Point", "coordinates": [1.9012, 40.773102]}, "properties": {"var_data": [-0.144, 0.011, 0.116, 0.012, 1.198, 0.0, 1, 1, 1, 1, 1]}}, {"type": "Feature", "geometry": {"type": "Point", "coordinates": [1.93654, 40.773102]}, "properties": {"var_data": [-0.054, 0.051, 0.204, 0.018, 1.203, 0.003, 1, 1, 1, 1, 1]}}, {"type": "Feature", "geometry": {"type": "Point", "coordinates": [1.97188, 40.773102]}, "properties": {"var_data": [0.048, 0.062, 0.161, 0.026, 1.082, 0.003, 1, 1, 1, 1, 1]}}, {"type": "Feature", "geometry": {"type": "Point", "coordinates": [2.00722, 40.773102]}, "properties": {"var_data": [0.089, 0.067, 0.161, 0.036, 1.33, 0.004, 1, 1, 1, 1, 1]}}, {"type": "Feature", "geometry": {"type": "Point", "coordinates": [2.04256, 40.773102]}, "properties": {"var_data": [0.091, -0.008, 0.071, 0.059, 2.032, 0.004, 4, 1, 4, 1, 1]}}, {"type": "Feature", "geometry": {"type": "Point", "coordinates": [2.2546, 40.773102]}, "properties": {"var_data": [-0.161, -0.149, 0.14, 0.067, 1.252, -0.009, 4, 0, 1, 4, 1]}}, {"type": "Feature", "geometry": {"type": "Point", "coordinates": [2.28994, 40.773102]}, "properties": {"var_data": [-0.161, -0.149, 0.14, 0.067, 1.252, -0.009, 4, 1, 1, 4, 1]}}, {"type": "Feature", "geometry": {"type": "Point", "coordinates": [2.32528, 40.773102]}, "properties": {"var_data": [-0.174, -0.144, 0.14, 0.068, 1.243, -0.009, 4, 1, 1, 4, 1]}}, {"type": "Feature", "geometry": {"type": "Point", "coordinates": [2.36062, 40.773102]}, "properties": {"var_data": [-0.174, -0.144, 0.14, 0.068, 1.243, -0.009, 4, 0, 1, 4, 1]}}, {"type": "Feature", "geometry": {"type": "Point", "coordinates": [1.44178, 40.800098]}, "properties": {"var_data": [-0.365, 0.157, 0.349, 0.218, 4.002, -0.075, 4, 0, 4, 4, 1]}}, {"type": "Feature", "geometry": {"type": "Point", "coordinates": [1.47712, 40.800098]}, "properties": {"var_data": [0.103, -0.063, 0.123, 0.068, 2.325, -0.008, 4, 0, 4, 1, 1]}}, {"type": "Feature", "geometry": {"type": "Point", "coordinates": [1.51246, 40.800098]}, "properties": {"var_data": [-0.337, 0.065, 0.118, 0.062, 1.515, -0.007, 1, 1, 1, 1, 1]}}, {"type": "Feature", "geometry": {"type": "Point", "coordinates": [1.5478, 40.800098]}, "properties": {"var_data": [-0.434, 0.11, 0.023, 0.011, 1.4, -0.0, 1, 1, 1, 1, 1]}}, {"type": "Feature", "geometry": {"type": "Point", "coordinates": [1.58314, 40.800098]}, "properties": {"var_data": [-0.535, 0.134, 0.024, 0.011, 1.574, -0.0, 1, 1, 1, 1, 1]}}, {"type": "Feature", "geometry": {"type": "Point", "coordinates": [1.61848, 40.800098]}, "properties": {"var_data": [-0.506, 0.161, 0.046, 0.023, 1.08, -0.001, 1, 1, 1, 1, 1]}}, {"type": "Feature", "geometry": {"type": "Point", "coordinates": [1.65382, 40.800098]}, "properties": {"var_data": [-0.453, 0.099, 0.059, 0.02, 1.108, -0.001, 1, 1, 1, 1, 1]}}, {"type": "Feature", "geometry": {"type": "Point", "coordinates": [1.68916, 40.800098]}, "properties": {"var_data": [-0.437, 0.073, 0.058, 0.019, 0.975, -0.001, 1, 1, 1, 1, 1]}}, {"type": "Feature", "geometry": {"type": "Point", "coordinates": [1.7245, 40.800098]}, "properties": {"var_data": [-0.499, 0.045, 0.158, 0.042, 1.392, -0.006, 1, 1, 1, 1, 1]}}, {"type": "Feature", "geometry": {"type": "Point", "coordinates": [1.75984, 40.800098]}, "properties": {"var_data": [-0.446, 0.028, 0.111, 0.019, 0.901, -0.002, 1, 1, 1, 1, 1]}}, {"type": "Feature", "geometry": {"type": "Point", "coordinates": [1.79518, 40.800098]}, "properties": {"var_data": [-0.381, -0.002, 0.079, 0.012, 0.772, -0.001, 1, 1, 1, 1, 1]}}, {"type": "Feature", "geometry": {"type": "Point", "coordinates": [1.83052, 40.800098]}, "properties": {"var_data": [-0.314, -0.015, 0.089, 0.013, 0.861, -0.001, 1, 1, 1, 1, 1]}}, {"type": "Feature", "geometry": {"type": "Point", "coordinates": [1.86586, 40.800098]}, "properties": {"var_data": [-0.291, -0.007, 0.072, 0.009, 0.841, -0.0, 1, 1, 1, 1, 1]}}, {"type": "Feature", "geometry": {"type": "Point", "coordinates": [1.9012, 40.800098]}, "properties": {"var_data": [-0.224, 0.003, 0.106, 0.011, 0.999, 0.0, 1, 1, 1, 1, 1]}}, {"type": "Feature", "geometry": {"type": "Point", "coordinates": [1.93654, 40.800098]}, "properties": {"var_data": [0.025, 0.033, 0.098, 0.016, 1.087, 0.001, 1, 0, 1, 1, 1]}}, {"type": "Feature", "geometry": {"type": "Point", "coordinates": [1.97188, 40.800098]}, "properties": {"var_data": [0.043, 0.046, 0.107, 0.016, 1.066, 0.001, 1, 1, 1, 1, 1]}}, {"type": "Feature", "geometry": {"type": "Point", "coordinates": [2.00722, 40.800098]}, "properties": {"var_data": [0.12, 0.033, 0.046, 0.029, 1.214, 0.001, 1, 1, 1, 1, 1]}}, {"type": "Feature", "geometry": {"type": "Point", "coordinates": [2.04256, 40.800098]}, "properties": {"var_data": [0.064, -0.018, 0.071, 0.059, 2.003, 0.004, 4, 1, 4, 1, 1]}}, {"type": "Feature", "geometry": {"type": "Point", "coordinates": [2.0779, 40.800098]}, "properties": {"var_data": [0.079, -0.0, 0.071, 0.059, 2.041, 0.004, 4, 1, 4, 1, 1]}}, {"type": "Feature", "geometry": {"type": "Point", "coordinates": [2.2546, 40.800098]}, "properties": {"var_data": [-0.135, -0.139, 0.02, 0.012, 1.13, -0.0, 1, 1, 1, 1, 1]}}, {"type": "Feature", "geometry": {"type": "Point", "coordinates": [2.28994, 40.800098]}, "properties": {"var_data": [-0.125, -0.144, 0.02, 0.012, 1.172, -0.0, 1, 1, 1, 1, 1]}}, {"type": "Feature", "geometry": {"type": "Point", "coordinates": [2.32528, 40.800098]}, "properties": {"var_data": [-0.18, -0.132, 0.024, 0.013, 1.172, -0.0, 1, 1, 1, 1, 1]}}, {"type": "Feature", "geometry": {"type": "Point", "coordinates": [2.36062, 40.800098]}, "properties": {"var_data": [-0.079, -0.172, 0.122, 0.059, 1.124, -0.007, 1, 1, 1, 1, 1]}}, {"type": "Feature", "geometry": {"type": "Point", "coordinates": [1.44178, 40.827099]}, "properties": {"var_data": [-0.365, 0.157, 0.349, 0.218, 4.002, -0.075, 4, 0, 4, 4, 1]}}, {"type": "Feature", "geometry": {"type": "Point", "coordinates": [1.47712, 40.827099]}, "properties": {"var_data": [-0.143, 0.061, 0.159, 0.122, 1.79, -0.019, 1, 0, 1, 1, 1]}}, {"type": "Feature", "geometry": {"type": "Point", "coordinates": [1.51246, 40.827099]}, "properties": {"var_data": [-0.568, 0.261, 0.032, 0.022, 1.317, -0.001, 1, 1, 1, 1, 1]}}, {"type": "Feature", "geometry": {"type": "Point", "coordinates": [1.5478, 40.827099]}, "properties": {"var_data": [-0.694, 0.254, 0.192, 0.102, 1.429, -0.02, 1, 1, 1, 1, 1]}}, {"type": "Feature", "geometry": {"type": "Point", "coordinates": [1.58314, 40.827099]}, "properties": {"var_data": [-0.797, 0.27, 0.048, 0.024, 1.17, -0.001, 4, 4, 1, 1, 1]}}, {"type": "Feature", "geometry": {"type": "Point", "coordinates": [1.61848, 40.827099]}, "properties": {"var_data": [-0.595, 0.234, 0.047, 0.024, 1.032, -0.001, 1, 1, 1, 1, 1]}}, {"type": "Feature", "geometry": {"type": "Point", "coordinates": [1.65382, 40.827099]}, "properties": {"var_data": [-0.486, 0.114, 0.058, 0.023, 0.977, -0.001, 1, 1, 1, 1, 1]}}, {"type": "Feature", "geometry": {"type": "Point", "coordinates": [1.68916, 40.827099]}, "properties": {"var_data": [-0.556, 0.112, 0.057, 0.019, 0.865, -0.001, 1, 1, 1, 1, 1]}}, {"type": "Feature", "geometry": {"type": "Point", "coordinates": [1.7245, 40.827099]}, "properties": {"var_data": [-0.403, 0.073, 0.061, 0.019, 0.939, -0.001, 1, 1, 1, 1, 1]}}, {"type": "Feature", "geometry": {"type": "Point", "coordinates": [1.75984, 40.827099]}, "properties": {"var_data": [-0.433, 0.021, 0.058, 0.015, 0.894, -0.001, 1, 1, 1, 1, 1]}}, {"type": "Feature", "geometry": {"type": "Point", "coordinates": [1.79518, 40.827099]}, "properties": {"var_data": [-0.403, -0.003, 0.079, 0.013, 0.792, -0.001, 1, 1, 1, 1, 1]}}, {"type": "Feature", "geometry": {"type": "Point", "coordinates": [1.83052, 40.827099]}, "properties": {"var_data": [-0.37, -0.017, 0.085, 0.013, 0.762, -0.001, 1, 1, 1, 1, 1]}}, {"type": "Feature", "geometry": {"type": "Point", "coordinates": [1.86586, 40.827099]}, "properties": {"var_data": [-0.352, -0.012, 0.075, 0.01, 0.81, -0.0, 1, 1, 1, 1, 1]}}, {"type": "Feature", "geometry": {"type": "Point", "coordinates": [1.9012, 40.827099]}, "properties": {"var_data": [-0.109, 0.032, 0.074, 0.012, 0.851, 0.0, 1, 1, 1, 1, 1]}}, {"type": "Feature", "geometry": {"type": "Point", "coordinates": [1.93654, 40.827099]}, "properties": {"var_data": [-0.007, 0.042, 0.096, 0.016, 0.922, 0.001, 1, 0, 1, 1, 1]}}, {"type": "Feature", "geometry": {"type": "Point", "coordinates": [1.97188, 40.827099]}, "properties": {"var_data": [0.03, 0.063, 0.064, 0.015, 0.851, 0.001, 1, 1, 1, 1, 1]}}, {"type": "Feature", "geometry": {"type": "Point", "coordinates": [2.00722, 40.827099]}, "properties": {"var_data": [0.184, 0.109, 0.043, 0.023, 0.988, 0.001, 1, 1, 1, 1, 1]}}, {"type": "Feature", "geometry": {"type": "Point", "coordinates": [2.04256, 40.827099]}, "properties": {"var_data": [0.217, 0.142, 0.055, 0.037, 1.328, 0.002, 1, 1, 1, 1, 1]}}, {"type": "Feature", "geometry": {"type": "Point", "coordinates": [2.0779, 40.827099]}, "properties": {"var_data": [0.081, 0.059, 0.063, 0.051, 1.506, 0.003, 1, 0, 1, 1, 1]}}, {"type": "Feature", "geometry": {"type": "Point", "coordinates": [2.2546, 40.827099]}, "properties": {"var_data": [-0.167, -0.135, 0.019, 0.011, 1.121, -0.0, 1, 1, 1, 1, 1]}}, {"type": "Feature", "geometry": {"type": "Point", "coordinates": [2.28994, 40.827099]}, "properties": {"var_data": [-0.125, -0.144, 0.02, 0.012, 1.172, -0.0, 1, 1, 1, 1, 1]}}, {"type": "Feature", "geometry": {"type": "Point", "coordinates": [2.32528, 40.827099]}, "properties": {"var_data": [-0.098, -0.142, 0.024, 0.013, 1.155, -0.0, 1, 1, 1, 1, 1]}}, {"type": "Feature", "geometry": {"type": "Point", "coordinates": [2.36062, 40.827099]}, "properties": {"var_data": [-0.031, -0.155, 0.024, 0.013, 1.142, -0.0, 1, 1, 1, 1, 1]}}, {"type": "Feature", "geometry": {"type": "Point", "coordinates": [1.44178, 40.854099]}, "properties": {"var_data": [-0.303, 0.193, 0.264, 0.204, 3.645, -0.054, 4, 0, 4, 4, 1]}}, {"type": "Feature", "geometry": {"type": "Point", "coordinates": [1.47712, 40.854099]}, "properties": {"var_data": [-0.529, 0.307, 0.186, 0.143, 2.248, -0.027, 4, 0, 4, 1, 1]}}, {"type": "Feature", "geometry": {"type": "Point", "coordinates": [1.51246, 40.854099]}, "properties": {"var_data": [-0.71, 0.387, 0.162, 0.125, 1.509, -0.02, 1, 0, 1, 1, 1]}}, {"type": "Feature", "geometry": {"type": "Point", "coordinates": [1.5478, 40.854099]}, "properties": {"var_data": [-0.656, 0.321, 0.102, 0.078, 1.305, -0.008, 1, 1, 1, 1, 1]}}, {"type": "Feature", "geometry": {"type": "Point", "coordinates": [1.58314, 40.854099]}, "properties": {"var_data": [-0.676, 0.298, 0.274, 0.143, 1.466, -0.039, 4, 4, 1, 1, 1]}}, {"type": "Feature", "geometry": {"type": "Point", "coordinates": [1.61848, 40.854099]}, "properties": {"var_data": [-0.754, 0.253, 0.055, 0.023, 0.877, -0.001, 1, 1, 1, 1, 1]}}, {"type": "Feature", "geometry": {"type": "Point", "coordinates": [1.65382, 40.854099]}, "properties": {"var_data": [-0.647, 0.162, 0.053, 0.019, 0.809, -0.001, 1, 1, 1, 1, 1]}}, {"type": "Feature", "geometry": {"type": "Point", "coordinates": [1.68916, 40.854099]}, "properties": {"var_data": [-0.732, 0.171, 0.059, 0.02, 0.85, -0.001, 1, 1, 1, 1, 1]}}, {"type": "Feature", "geometry": {"type": "Point", "coordinates": [1.7245, 40.854099]}, "properties": {"var_data": [-0.548, 0.086, 0.106, 0.034, 0.812, -0.004, 1, 1, 1, 1, 1]}}, {"type": "Feature", "geometry": {"type": "Point", "coordinates": [1.75984, 40.854099]}, "properties": {"var_data": [-0.563, 0.03, 0.06, 0.015, 0.748, -0.001, 1, 1, 1, 1, 1]}}, {"type": "Feature", "geometry": {"type": "Point", "coordinates": [1.79518, 40.854099]}, "properties": {"var_data": [-0.517, 0.008, 0.08, 0.018, 0.806, -0.001, 1, 1, 1, 1, 1]}}, {"type": "Feature", "geometry": {"type": "Point", "coordinates": [1.83052, 40.854099]}, "properties": {"var_data": [-0.402, -0.024, 0.083, 0.012, 0.728, -0.001, 1, 1, 1, 1, 1]}}, {"type": "Feature", "geometry": {"type": "Point", "coordinates": [1.86586, 40.854099]}, "properties": {"var_data": [-0.233, -0.013, 0.072, 0.008, 0.678, -0.0, 1, 1, 1, 1, 1]}}, {"type": "Feature", "geometry": {"type": "Point", "coordinates": [1.9012, 40.854099]}, "properties": {"var_data": [-0.116, 0.026, 0.085, 0.011, 0.767, 0.0, 1, 1, 1, 1, 1]}}, {"type": "Feature", "geometry": {"type": "Point", "coordinates": [1.93654, 40.854099]}, "properties": {"var_data": [-0.046, 0.058, 0.057, 0.012, 0.759, 0.0, 1, 1, 1, 1, 1]}}, {"type": "Feature", "geometry": {"type": "Point", "coordinates": [1.97188, 40.854099]}, "properties": {"var_data": [0.043, 0.052, 0.037, 0.009, 0.745, -0.0, 1, 1, 1, 1, 1]}}, {"type": "Feature", "geometry": {"type": "Point", "coordinates": [2.00722, 40.854099]}, "properties": {"var_data": [0.071, 0.097, 0.027, 0.008, 0.761, 0.0, 1, 1, 1, 1, 1]}}, {"type": "Feature", "geometry": {"type": "Point", "coordinates": [2.04256, 40.854099]}, "properties": {"var_data": [0.13, 0.125, 0.023, 0.008, 0.941, 0.0, 1, 0, 1, 1, 1]}}, {"type": "Feature", "geometry": {"type": "Point", "coordinates": [2.0779, 40.854099]}, "properties": {"var_data": [0.011, -0.007, 0.053, 0.042, 0.947, 0.002, 1, 0, 1, 1, 1]}}, {"type": "Feature", "geometry": {"type": "Point", "coordinates": [2.11324, 40.854099]}, "properties": {"var_data": [-0.112, -0.118, 0.077, 0.076, 1.155, 0.002, 1, 0, 1, 1, 1]}}, {"type": "Feature", "geometry": {"type": "Point", "coordinates": [2.14858, 40.854099]}, "properties": {"var_data": [-0.22, -0.058, 0.064, 0.073, 1.225, 0.003, 4, 0, 1, 4, 1]}}, {"type": "Feature", "geometry": {"type": "Point", "coordinates": [2.2546, 40.854099]}, "properties": {"var_data": [-0.095, -0.035, 0.085, 0.08, 3.996, 0.007, 4, 1, 4, 4, 1]}}, {"type": "Feature", "geometry": {"type": "Point", "coordinates": [2.28994, 40.854099]}, "properties": {"var_data": [0.194, 0.181, 0.095, 0.086, 4.617, 0.008, 4, 1, 4, 4, 1]}}, {"type": "Feature", "geometry": {"type": "Point", "coordinates": [2.36062, 40.854099]}, "properties": {"var_data": [-0.216, -0.214, 0.518, 0.389, 2.746, 0.201, 4, 1, 4, 1, 1]}}, {"type": "Feature", "geometry": {"type": "Point", "coordinates": [1.47712, 40.8811]}, "properties": {"var_data": [-0.503, 0.348, 1.586, 1.228, 2.613, -1.948, 4, 0, 4, 4, 1]}}, {"type": "Feature", "geometry": {"type": "Point", "coordinates": [1.51246, 40.8811]}, "properties": {"var_data": [-0.589, 0.353, 0.325, 0.252, 1.914, -0.082, 1, 0, 1, 1, 1]}}, {"type": "Feature", "geometry": {"type": "Point", "coordinates": [1.5478, 40.8811]}, "properties": {"var_data": [-0.487, 0.203, 0.107, 0.082, 1.245, -0.009, 1, 0, 1, 1, 1]}}, {"type": "Feature", "geometry": {"type": "Point", "coordinates": [1.58314, 40.8811]}, "properties": {"var_data": [-0.618, 0.195, 0.145, 0.076, 1.068, -0.011, 1, 1, 1, 1, 1]}}, {"type": "Feature", "geometry": {"type": "Point", "coordinates": [1.61848, 40.8811]}, "properties": {"var_data": [-0.703, 0.209, 0.131, 0.067, 0.761, -0.009, 1, 1, 1, 1, 1]}}, {"type": "Feature", "geometry": {"type": "Point", "coordinates": [1.65382, 40.8811]}, "properties": {"var_data": [-0.669, 0.152, 0.051, 0.019, 0.721, -0.001, 1, 1, 1, 1, 1]}}, {"type": "Feature", "geometry": {"type": "Point", "coordinates": [1.68916, 40.8811]}, "properties": {"var_data": [-0.735, 0.167, 0.066, 0.023, 0.647, -0.001, 1, 1, 1, 1, 1]}}, {"type": "Feature", "geometry": {"type": "Point", "coordinates": [1.7245, 40.8811]}, "properties": {"var_data": [-0.758, 0.134, 0.059, 0.015, 0.7, -0.001, 1, 1, 1, 1, 1]}}, {"type": "Feature", "geometry": {"type": "Point", "coordinates": [1.75984, 40.8811]}, "properties": {"var_data": [-0.714, 0.063, 0.057, 0.014, 0.706, -0.001, 4, 4, 1, 1, 1]}}, {"type": "Feature", "geometry": {"type": "Point", "coordinates": [1.79518, 40.8811]}, "properties": {"var_data": [-0.635, 0.011, 0.047, 0.009, 0.626, -0.0, 1, 1, 1, 1, 1]}}, {"type": "Feature", "geometry": {"type": "Point", "coordinates": [1.83052, 40.8811]}, "properties": {"var_data": [-0.51, -0.014, 0.047, 0.009, 0.583, -0.0, 1, 1, 1, 1, 1]}}, {"type": "Feature", "geometry": {"type": "Point", "coordinates": [1.86586, 40.8811]}, "properties": {"var_data": [-0.353, 0.003, 0.082, 0.011, 0.624, -0.001, 1, 1, 1, 1, 1]}}, {"type": "Feature", "geometry": {"type": "Point", "coordinates": [1.9012, 40.8811]}, "properties": {"var_data": [-0.125, 0.022, 0.078, 0.011, 0.69, 0.0, 1, 1, 1, 1, 1]}}, {"type": "Feature", "geometry": {"type": "Point", "coordinates": [1.93654, 40.8811]}, "properties": {"var_data": [0.035, 0.068, 0.064, 0.017, 0.76, 0.001, 1, 1, 1, 1, 1]}}, {"type": "Feature", "geometry": {"type": "Point", "coordinates": [1.97188, 40.8811]}, "properties": {"var_data": [0.091, 0.109, 0.027, 0.007, 0.718, 0.0, 1, 1, 1, 1, 1]}}, {"type": "Feature", "geometry": {"type": "Point", "coordinates": [2.00722, 40.8811]}, "properties": {"var_data": [0.069, 0.127, 0.027, 0.008, 0.772, 0.0, 1, 1, 1, 1, 1]}}, {"type": "Feature", "geometry": {"type": "Point", "coordinates": [2.04256, 40.8811]}, "properties": {"var_data": [0.015, 0.071, 0.027, 0.008, 0.688, 0.0, 1, 1, 1, 1, 1]}}, {"type": "Feature", "geometry": {"type": "Point", "coordinates": [2.0779, 40.8811]}, "properties": {"var_data": [-0.007, 0.042, 0.031, 0.008, 0.852, 0.0, 1, 1, 1, 1, 1]}}, {"type": "Feature", "geometry": {"type": "Point", "coordinates": [2.11324, 40.8811]}, "properties": {"var_data": [-0.069, -0.033, 0.118, 0.057, 1.102, 0.0, 1, 0, 1, 1, 1]}}, {"type": "Feature", "geometry": {"type": "Point", "coordinates": [2.14858, 40.8811]}, "properties": {"var_data": [-0.123, -0.124, 0.07, 0.079, 1.225, 0.002, 4, 0, 1, 4, 1]}}, {"type": "Feature", "geometry": {"type": "Point", "coordinates": [2.18392, 40.8811]}, "properties": {"var_data": [-0.396, -0.201, 0.044, 0.016, 1.84, 0.0, 1, 0, 1, 1, 1]}}, {"type": "Feature", "geometry": {"type": "Point", "coordinates": [2.21926, 40.8811]}, "properties": {"var_data": [-0.231, -0.138, 0.033, 0.015, 1.624, 0.0, 1, 0, 1, 1, 1]}}, {"type": "Feature", "geometry": {"type": "Point", "coordinates": [2.2546, 40.8811]}, "properties": {"var_data": [-0.218, -0.182, 0.039, 0.015, 1.646, 0.0, 1, 1, 1, 1, 1]}}, {"type": "Feature", "geometry": {"type": "Point", "coordinates": [2.32528, 40.8811]}, "properties": {"var_data": [-0.691, -0.48, 1.354, 1.011, 3.039, 1.369, 4, 0, 4, 4, 1]}}, {"type": "Feature", "geometry": {"type": "Point", "coordinates": [2.50198, 40.8811]}, "properties": {"var_data": [0.267, -0.057, 0.056, 0.029, 1.22, 0.0, 1, 0, 1, 1, 1]}}, {"type": "Feature", "geometry": {"type": "Point", "coordinates": [2.53732, 40.8811]}, "properties": {"var_data": [0.016, -0.1, 0.058, 0.029, 1.22, 0.0, 1, 0, 1, 1, 1]}}, {"type": "Feature", "geometry": {"type": "Point", "coordinates": [2.57266, 40.8811]}, "properties": {"var_data": [-0.296, -0.046, 0.085, 0.029, 1.21, 0.0, 1, 0, 1, 1, 1]}}, {"type": "Feature", "geometry": {"type": "Point", "coordinates": [1.44178, 40.9081]}, "properties": {"var_data": [-0.481, 0.535, 0.381, 0.294, 6.268, -0.112, 4, 0, 4, 1, 1]}}, {"type": "Feature", "geometry": {"type": "Point", "coordinates": [1.47712, 40.9081]}, "properties": {"var_data": [0.003, -0.044, 0.411, 0.318, 2.613, -0.131, 4, 0, 4, 4, 1]}}, {"type": "Feature", "geometry": {"type": "Point", "coordinates": [1.51246, 40.9081]}, "properties": {"var_data": [-0.163, 0.101, 0.194, 0.15, 1.849, -0.029, 1, 0, 1, 1, 1]}}, {"type": "Feature", "geometry": {"type": "Point", "coordinates": [1.5478, 40.9081]}, "properties": {"var_data": [-0.378, 0.155, 0.163, 0.126, 1.363, -0.021, 1, 1, 1, 1, 1]}}, {"type": "Feature", "geometry": {"type": "Point", "coordinates": [1.58314, 40.9081]}, "properties": {"var_data": [-0.521, 0.117, 0.126, 0.065, 0.935, -0.008, 1, 1, 1, 1, 1]}}, {"type": "Feature", "geometry": {"type": "Point", "coordinates": [1.61848, 40.9081]}, "properties": {"var_data": [-0.584, 0.113, 0.116, 0.06, 0.686, -0.007, 1, 1, 1, 1, 1]}}, {"type": "Feature", "geometry": {"type": "Point", "coordinates": [1.65382, 40.9081]}, "properties": {"var_data": [-0.585, 0.108, 0.072, 0.03, 0.619, -0.002, 1, 1, 1, 1, 1]}}, {"type": "Feature", "geometry": {"type": "Point", "coordinates": [1.68916, 40.9081]}, "properties": {"var_data": [-0.704, 0.137, 0.058, 0.024, 0.598, -0.001, 1, 1, 1, 1, 1]}}, {"type": "Feature", "geometry": {"type": "Point", "coordinates": [1.7245, 40.9081]}, "properties": {"var_data": [-0.767, 0.113, 0.023, 0.008, 0.63, -0.0, 4, 4, 1, 1, 1]}}, {"type": "Feature", "geometry": {"type": "Point", "coordinates": [1.75984, 40.9081]}, "properties": {"var_data": [-0.711, 0.061, 0.016, 0.005, 0.554, -0.0, 1, 1, 1, 1, 1]}}, {"type": "Feature", "geometry": {"type": "Point", "coordinates": [1.79518, 40.9081]}, "properties": {"var_data": [-0.697, 0.028, 0.042, 0.009, 0.546, -0.0, 4, 4, 1, 1, 1]}}, {"type": "Feature", "geometry": {"type": "Point", "coordinates": [1.83052, 40.9081]}, "properties": {"var_data": [-0.661, -0.011, 0.047, 0.009, 0.581, -0.0, 4, 4, 1, 1, 1]}}, {"type": "Feature", "geometry": {"type": "Point", "coordinates": [1.86586, 40.9081]}, "properties": {"var_data": [-0.294, -0.012, 0.082, 0.011, 0.553, -0.001, 1, 1, 1, 1, 1]}}, {"type": "Feature", "geometry": {"type": "Point", "coordinates": [1.9012, 40.9081]}, "properties": {"var_data": [-0.107, 0.007, 0.092, 0.011, 0.697, -0.0, 1, 1, 1, 1, 1]}}, {"type": "Feature", "geometry": {"type": "Point", "coordinates": [1.93654, 40.9081]}, "properties": {"var_data": [0.068, 0.034, 0.055, 0.014, 0.766, 0.0, 1, 1, 1, 1, 1]}}, {"type": "Feature", "geometry": {"type": "Point", "coordinates": [1.97188, 40.9081]}, "properties": {"var_data": [0.15, 0.072, 0.026, 0.007, 0.616, 0.0, 1, 1, 1, 1, 1]}}, {"type": "Feature", "geometry": {"type": "Point", "coordinates": [2.00722, 40.9081]}, "properties": {"var_data": [0.104, 0.103, 0.026, 0.007, 0.678, 0.0, 1, 1, 1, 1, 1]}}, {"type": "Feature", "geometry": {"type": "Point", "coordinates": [2.04256, 40.9081]}, "properties": {"var_data": [0.105, 0.072, 0.029, 0.008, 0.664, 0.0, 1, 1, 1, 1, 1]}}, {"type": "Feature", "geometry": {"type": "Point", "coordinates": [2.0779, 40.9081]}, "properties": {"var_data": [0.002, 0.048, 0.03, 0.008, 0.696, 0.0, 1, 1, 1, 1, 1]}}, {"type": "Feature", "geometry": {"type": "Point", "coordinates": [2.11324, 40.9081]}, "properties": {"var_data": [-0.099, -0.147, 0.123, 0.082, 0.927, -0.004, 1, 0, 1, 1, 1]}}, {"type": "Feature", "geometry": {"type": "Point", "coordinates": [2.14858, 40.9081]}, "properties": {"var_data": [-0.162, -0.111, 0.041, 0.015, 0.896, 0.0, 1, 1, 1, 1, 1]}}, {"type": "Feature", "geometry": {"type": "Point", "coordinates": [2.18392, 40.9081]}, "properties": {"var_data": [-0.296, -0.152, 0.043, 0.016, 1.329, 0.001, 1, 1, 1, 1, 1]}}, {"type": "Feature", "geometry": {"type": "Point", "coordinates": [2.21926, 40.9081]}, "properties": {"var_data": [-0.266, -0.149, 0.043, 0.013, 1.195, 0.0, 1, 0, 1, 1, 1]}}, {"type": "Feature", "geometry": {"type": "Point", "coordinates": [2.2546, 40.9081]}, "properties": {"var_data": [-0.24, -0.148, 0.05, 0.014, 1.402, 0.001, 1, 0, 1, 1, 1]}}, {"type": "Feature", "geometry": {"type": "Point", "coordinates": [2.28994, 40.9081]}, "properties": {"var_data": [-0.186, -0.17, 0.121, 0.025, 1.439, 0.003, 1, 0, 1, 1, 1]}}, {"type": "Feature", "geometry": {"type": "Point", "coordinates": [2.46664, 40.9081]}, "properties": {"var_data": [0.272, -0.058, 0.064, 0.029, 1.254, 0.0, 1, 0, 1, 1, 1]}}, {"type": "Feature", "geometry": {"type": "Point", "coordinates": [2.50198, 40.9081]}, "properties": {"var_data": [0.272, -0.058, 0.064, 0.029, 1.254, 0.0, 1, 0, 1, 1, 1]}}, {"type": "Feature", "geometry": {"type": "Point", "coordinates": [2.53732, 40.9081]}, "properties": {"var_data": [0.038, -0.064, 0.082, 0.029, 1.242, 0.0, 1, 0, 1, 1, 1]}}, {"type": "Feature", "geometry": {"type": "Point", "coordinates": [2.57266, 40.9081]}, "properties": {"var_data": [-0.215, -0.069, 0.086, 0.029, 1.242, 0.0, 1, 0, 1, 1, 1]}}, {"type": "Feature", "geometry": {"type": "Point", "coordinates": [2.608, 40.9081]}, "properties": {"var_data": [-0.215, -0.069, 0.086, 0.029, 1.242, 0.0, 1, 0, 1, 1, 1]}}, {"type": "Feature", "geometry": {"type": "Point", "coordinates": [1.5478, 40.935101]}, "properties": {"var_data": [-0.478, 0.025, 0.243, 0.107, 1.864, -0.02, 1, 1, 1, 1, 1]}}, {"type": "Feature", "geometry": {"type": "Point", "coordinates": [1.58314, 40.935101]}, "properties": {"var_data": [-0.521, 0.075, 0.129, 0.066, 0.942, -0.007, 1, 1, 1, 1, 1]}}, {"type": "Feature", "geometry": {"type": "Point", "coordinates": [1.61848, 40.935101]}, "properties": {"var_data": [-0.485, 0.065, 0.1, 0.056, 0.685, -0.005, 1, 1, 1, 1, 1]}}, {"type": "Feature", "geometry": {"type": "Point", "coordinates": [1.65382, 40.935101]}, "properties": {"var_data": [-0.445, 0.066, 0.014, 0.006, 0.574, -0.0, 1, 1, 1, 1, 1]}}, {"type": "Feature", "geometry": {"type": "Point", "coordinates": [1.68916, 40.935101]}, "properties": {"var_data": [-0.509, 0.078, 0.014, 0.006, 0.496, -0.0, 1, 1, 1, 1, 1]}}, {"type": "Feature", "geometry": {"type": "Point", "coordinates": [1.7245, 40.935101]}, "properties": {"var_data": [-0.569, 0.066, 0.022, 0.008, 0.484, -0.0, 1, 1, 1, 1, 1]}}, {"type": "Feature", "geometry": {"type": "Point", "coordinates": [1.75984, 40.935101]}, "properties": {"var_data": [-0.593, 0.007, 0.016, 0.005, 0.489, -0.0, 1, 1, 1, 1, 1]}}, {"type": "Feature", "geometry": {"type": "Point", "coordinates": [1.79518, 40.935101]}, "properties": {"var_data": [-0.689, -0.002, 0.038, 0.008, 0.498, -0.0, 1, 1, 1, 1, 1]}}, {"type": "Feature", "geometry": {"type": "Point", "coordinates": [1.83052, 40.935101]}, "properties": {"var_data": [-0.493, -0.041, 0.045, 0.009, 0.498, -0.0, 1, 1, 1, 1, 1]}}, {"type": "Feature", "geometry": {"type": "Point", "coordinates": [1.86586, 40.935101]}, "properties": {"var_data": [-0.317, -0.052, 0.062, 0.008, 0.542, -0.0, 1, 1, 1, 1, 1]}}, {"type": "Feature", "geometry": {"type": "Point", "coordinates": [1.9012, 40.935101]}, "properties": {"var_data": [-0.167, -0.043, 0.103, 0.011, 0.642, 0.0, 1, 1, 1, 1, 1]}}, {"type": "Feature", "geometry": {"type": "Point", "coordinates": [1.93654, 40.935101]}, "properties": {"var_data": [0.046, -0.02, 0.049, 0.012, 0.631, 0.0, 1, 1, 1, 1, 1]}}, {"type": "Feature", "geometry": {"type": "Point", "coordinates": [1.97188, 40.935101]}, "properties": {"var_data": [0.146, 0.046, 0.036, 0.01, 0.696, -0.0, 1, 1, 1, 1, 1]}}, {"type": "Feature", "geometry": {"type": "Point", "coordinates": [2.00722, 40.935101]}, "properties": {"var_data": [0.172, 0.048, 0.028, 0.008, 0.713, 0.0, 1, 1, 1, 1, 1]}}, {"type": "Feature", "geometry": {"type": "Point", "coordinates": [2.04256, 40.935101]}, "properties": {"var_data": [0.113, 0.065, 0.028, 0.008, 0.706, 0.0, 1, 1, 1, 1, 1]}}, {"type": "Feature", "geometry": {"type": "Point", "coordinates": [2.0779, 40.935101]}, "properties": {"var_data": [-0.022, -0.028, 0.093, 0.03, 0.902, 0.003, 1, 1, 1, 1, 1]}}, {"type": "Feature", "geometry": {"type": "Point", "coordinates": [2.11324, 40.935101]}, "properties": {"var_data": [-0.067, -0.106, 0.123, 0.065, 0.877, -0.002, 1, 1, 1, 1, 1]}}, {"type": "Feature", "geometry": {"type": "Point", "coordinates": [2.14858, 40.935101]}, "properties": {"var_data": [-0.06, -0.007, 0.097, 0.073, 0.93, 0.007, 1, 1, 1, 1, 1]}}, {"type": "Feature", "geometry": {"type": "Point", "coordinates": [2.18392, 40.935101]}, "properties": {"var_data": [-0.155, -0.064, 0.024, 0.015, 0.885, 0.0, 1, 1, 1, 1, 1]}}, {"type": "Feature", "geometry": {"type": "Point", "coordinates": [2.21926, 40.935101]}, "properties": {"var_data": [-0.182, -0.115, 0.024, 0.011, 0.992, 0.0, 1, 1, 1, 1, 1]}}, {"type": "Feature", "geometry": {"type": "Point", "coordinates": [2.2546, 40.935101]}, "properties": {"var_data": [-0.259, -0.142, 0.024, 0.011, 1.32, 0.0, 1, 1, 1, 1, 1]}}, {"type": "Feature", "geometry": {"type": "Point", "coordinates": [2.28994, 40.935101]}, "properties": {"var_data": [-0.121, -0.124, 0.025, 0.014, 1.444, 0.0, 1, 0, 1, 1, 1]}}, {"type": "Feature", "geometry": {"type": "Point", "coordinates": [2.32528, 40.935101]}, "properties": {"var_data": [-0.374, -0.234, 0.031, 0.014, 1.406, 0.0, 1, 0, 1, 1, 1]}}, {"type": "Feature", "geometry": {"type": "Point", "coordinates": [2.50198, 40.935101]}, "properties": {"var_data": [0.287, -0.06, 0.083, 0.029, 1.317, 0.0, 4, 0, 1, 4, 1]}}, {"type": "Feature", "geometry": {"type": "Point", "coordinates": [2.53732, 40.935101]}, "properties": {"var_data": [0.083, -0.053, 0.014, 0.029, 1.19, 0.0, 1, 0, 1, 1, 1]}}, {"type": "Feature", "geometry": {"type": "Point", "coordinates": [2.57266, 40.935101]}, "properties": {"var_data": [-0.032, -0.045, 0.014, 0.029, 1.226, 0.0, 1, 0, 1, 1, 1]}}, {"type": "Feature", "geometry": {"type": "Point", "coordinates": [1.5478, 40.962101]}, "properties": {"var_data": [-0.601, 0.034, 0.19, 0.041, 1.437, -0.006, 1, 1, 1, 1, 1]}}, {"type": "Feature", "geometry": {"type": "Point", "coordinates": [1.58314, 40.962101]}, "properties": {"var_data": [-0.513, 0.061, 0.069, 0.033, 0.842, -0.002, 1, 1, 1, 1, 1]}}, {"type": "Feature", "geometry": {"type": "Point", "coordinates": [1.61848, 40.962101]}, "properties": {"var_data": [-0.453, 0.068, 0.021, 0.009, 0.657, 0.0, 1, 1, 1, 1, 1]}}, {"type": "Feature", "geometry": {"type": "Point", "coordinates": [1.65382, 40.962101]}, "properties": {"var_data": [-0.385, 0.052, 0.014, 0.006, 0.596, -0.0, 1, 1, 1, 1, 1]}}, {"type": "Feature", "geometry": {"type": "Point", "coordinates": [1.68916, 40.962101]}, "properties": {"var_data": [-0.404, 0.028, 0.014, 0.006, 0.517, -0.0, 1, 1, 1, 1, 1]}}, {"type": "Feature", "geometry": {"type": "Point", "coordinates": [1.7245, 40.962101]}, "properties": {"var_data": [-0.418, -0.013, 0.014, 0.006, 0.478, -0.0, 1, 1, 1, 1, 1]}}, {"type": "Feature", "geometry": {"type": "Point", "coordinates": [1.75984, 40.962101]}, "properties": {"var_data": [-0.444, -0.052, 0.027, 0.01, 0.441, -0.0, 1, 1, 1, 1, 1]}}, {"type": "Feature", "geometry": {"type": "Point", "coordinates": [1.79518, 40.962101]}, "properties": {"var_data": [-0.398, -0.084, 0.04, 0.008, 0.412, -0.0, 1, 1, 1, 1, 1]}}, {"type": "Feature", "geometry": {"type": "Point", "coordinates": [1.83052, 40.962101]}, "properties": {"var_data": [-0.365, -0.097, 0.027, 0.004, 0.429, -0.0, 1, 1, 1, 1, 1]}}, {"type": "Feature", "geometry": {"type": "Point", "coordinates": [1.86586, 40.962101]}, "properties": {"var_data": [-0.341, -0.11, 0.032, 0.004, 0.508, -0.0, 1, 1, 1, 1, 1]}}, {"type": "Feature", "geometry": {"type": "Point", "coordinates": [1.9012, 40.962101]}, "properties": {"var_data": [-0.162, -0.085, 0.03, 0.003, 0.516, -0.0, 1, 1, 1, 1, 1]}}, {"type": "Feature", "geometry": {"type": "Point", "coordinates": [1.93654, 40.962101]}, "properties": {"var_data": [-0.057, -0.099, 0.024, 0.009, 0.554, -0.0, 1, 1, 1, 1, 1]}}, {"type": "Feature", "geometry": {"type": "Point", "coordinates": [1.97188, 40.962101]}, "properties": {"var_data": [0.101, -0.07, 0.021, 0.008, 0.513, -0.0, 1, 1, 1, 1, 1]}}, {"type": "Feature", "geometry": {"type": "Point", "coordinates": [2.00722, 40.962101]}, "properties": {"var_data": [0.192, -0.06, 0.036, 0.011, 0.587, -0.0, 1, 1, 1, 1, 1]}}, {"type": "Feature", "geometry": {"type": "Point", "coordinates": [2.04256, 40.962101]}, "properties": {"var_data": [0.077, -0.073, 0.045, 0.015, 0.57, -0.001, 1, 1, 1, 1, 1]}}, {"type": "Feature", "geometry": {"type": "Point", "coordinates": [2.11324, 40.962101]}, "properties": {"var_data": [-0.007, -0.031, 0.079, 0.061, 0.89, 0.005, 1, 1, 1, 1, 1]}}, {"type": "Feature", "geometry": {"type": "Point", "coordinates": [2.14858, 40.962101]}, "properties": {"var_data": [-0.033, 0.019, 0.079, 0.062, 0.898, 0.005, 1, 1, 1, 1, 1]}}, {"type": "Feature", "geometry": {"type": "Point", "coordinates": [2.18392, 40.962101]}, "properties": {"var_data": [-0.121, -0.048, 0.024, 0.015, 0.818, 0.0, 1, 1, 1, 1, 1]}}, {"type": "Feature", "geometry": {"type": "Point", "coordinates": [2.21926, 40.962101]}, "properties": {"var_data": [-0.159, -0.079, 0.022, 0.011, 0.828, 0.0, 1, 1, 1, 1, 1]}}, {"type": "Feature", "geometry": {"type": "Point", "coordinates": [2.2546, 40.962101]}, "properties": {"var_data": [-0.157, -0.07, 0.02, 0.01, 0.999, 0.0, 1, 1, 1, 1, 1]}}, {"type": "Feature", "geometry": {"type": "Point", "coordinates": [2.28994, 40.962101]}, "properties": {"var_data": [-0.084, -0.05, 0.025, 0.013, 1.149, 0.0, 1, 0, 1, 1, 1]}}, {"type": "Feature", "geometry": {"type": "Point", "coordinates": [2.32528, 40.962101]}, "properties": {"var_data": [-0.338, -0.136, 0.031, 0.013, 1.04, 0.0, 1, 0, 1, 1, 1]}}, {"type": "Feature", "geometry": {"type": "Point", "coordinates": [2.50198, 40.962101]}, "properties": {"var_data": [0.254, -0.066, 0.014, 0.029, 1.226, 0.0, 1, 0, 1, 1, 1]}}, {"type": "Feature", "geometry": {"type": "Point", "coordinates": [2.53732, 40.962101]}, "properties": {"var_data": [0.254, -0.066, 0.014, 0.029, 1.226, 0.0, 1, 0, 1, 1, 1]}}, {"type": "Feature", "geometry": {"type": "Point", "coordinates": [2.57266, 40.962101]}, "properties": {"var_data": [0.166, -0.06, 0.014, 0.029, 1.295, 0.0, 4, 0, 1, 4, 1]}}, {"type": "Feature", "geometry": {"type": "Point", "coordinates": [1.51246, 40.989101]}, "properties": {"var_data": [-0.29, 0.002, 0.052, 0.017, 1.297, -0.001, 1, 0, 1, 1, 1]}}, {"type": "Feature", "geometry": {"type": "Point", "coordinates": [1.5478, 40.989101]}, "properties": {"var_data": [-0.562, 0.031, 0.167, 0.03, 1.282, -0.005, 1, 1, 1, 1, 1]}}, {"type": "Feature", "geometry": {"type": "Point", "coordinates": [1.58314, 40.989101]}, "properties": {"var_data": [-0.513, 0.062, 0.059, 0.016, 0.895, -0.001, 1, 1, 1, 1, 1]}}, {"type": "Feature", "geometry": {"type": "Point", "coordinates": [1.61848, 40.989101]}, "properties": {"var_data": [-0.441, 0.071, 0.028, 0.011, 0.769, 0.0, 1, 1, 1, 1, 1]}}, {"type": "Feature", "geometry": {"type": "Point", "coordinates": [1.65382, 40.989101]}, "properties": {"var_data": [-0.377, 0.061, 0.022, 0.009, 0.563, 0.0, 1, 1, 1, 1, 1]}}, {"type": "Feature", "geometry": {"type": "Point", "coordinates": [1.68916, 40.989101]}, "properties": {"var_data": [-0.297, -0.007, 0.013, 0.006, 0.48, -0.0, 1, 1, 1, 1, 1]}}, {"type": "Feature", "geometry": {"type": "Point", "coordinates": [1.7245, 40.989101]}, "properties": {"var_data": [-0.284, -0.07, 0.013, 0.005, 0.393, -0.0, 1, 1, 1, 1, 1]}}, {"type": "Feature", "geometry": {"type": "Point", "coordinates": [1.75984, 40.989101]}, "properties": {"var_data": [-0.253, -0.113, 0.029, 0.009, 0.373, -0.0, 1, 1, 1, 1, 1]}}, {"type": "Feature", "geometry": {"type": "Point", "coordinates": [1.79518, 40.989101]}, "properties": {"var_data": [-0.236, -0.143, 0.035, 0.009, 0.369, -0.0, 1, 1, 1, 1, 1]}}, {"type": "Feature", "geometry": {"type": "Point", "coordinates": [1.83052, 40.989101]}, "properties": {"var_data": [-0.228, -0.143, 0.026, 0.004, 0.391, -0.0, 1, 1, 1, 1, 1]}}, {"type": "Feature", "geometry": {"type": "Point", "coordinates": [1.86586, 40.989101]}, "properties": {"var_data": [-0.13, -0.132, 0.022, 0.003, 0.416, -0.0, 1, 1, 1, 1, 1]}}, {"type": "Feature", "geometry": {"type": "Point", "coordinates": [1.9012, 40.989101]}, "properties": {"var_data": [-0.116, -0.093, 0.025, 0.003, 0.473, -0.0, 1, 1, 1, 1, 1]}}, {"type": "Feature", "geometry": {"type": "Point", "coordinates": [1.93654, 40.989101]}, "properties": {"var_data": [0.01, -0.07, 0.014, 0.002, 0.469, -0.0, 1, 1, 1, 1, 1]}}, {"type": "Feature", "geometry": {"type": "Point", "coordinates": [1.97188, 40.989101]}, "properties": {"var_data": [0.066, -0.072, 0.014, 0.004, 0.465, 0.0, 1, 1, 1, 1, 1]}}, {"type": "Feature", "geometry": {"type": "Point", "coordinates": [2.00722, 40.989101]}, "properties": {"var_data": [0.079, -0.072, 0.014, 0.007, 0.493, -0.0, 1, 1, 1, 1, 1]}}, {"type": "Feature", "geometry": {"type": "Point", "coordinates": [2.04256, 40.989101]}, "properties": {"var_data": [0.094, -0.079, 0.015, 0.008, 0.566, -0.0, 1, 1, 1, 1, 1]}}, {"type": "Feature", "geometry": {"type": "Point", "coordinates": [2.0779, 40.989101]}, "properties": {"var_data": [0.034, -0.014, 0.024, 0.041, 0.923, 0.001, 1, 1, 1, 1, 1]}}, {"type": "Feature", "geometry": {"type": "Point", "coordinates": [2.11324, 40.989101]}, "properties": {"var_data": [-0.053, 0.007, 0.053, 0.045, 0.908, 0.002, 1, 1, 1, 1, 1]}}, {"type": "Feature", "geometry": {"type": "Point", "coordinates": [2.14858, 40.989101]}, "properties": {"var_data": [-0.094, -0.05, 0.05, 0.043, 0.821, 0.002, 1, 1, 1, 1, 1]}}, {"type": "Feature", "geometry": {"type": "Point", "coordinates": [2.18392, 40.989101]}, "properties": {"var_data": [-0.144, -0.046, 0.081, 0.066, 0.882, 0.005, 1, 1, 1, 1, 1]}}, {"type": "Feature", "geometry": {"type": "Point", "coordinates": [2.21926, 40.989101]}, "properties": {"var_data": [-0.132, -0.032, 0.026, 0.015, 0.829, 0.0, 1, 1, 1, 1, 1]}}, {"type": "Feature", "geometry": {"type": "Point", "coordinates": [2.2546, 40.989101]}, "properties": {"var_data": [-0.097, -0.044, 0.023, 0.013, 1.131, 0.0, 1, 1, 1, 1, 1]}}, {"type": "Feature", "geometry": {"type": "Point", "coordinates": [2.28994, 40.989101]}, "properties": {"var_data": [0.004, -0.011, 0.024, 0.013, 0.916, 0.0, 1, 0, 1, 1, 1]}}, {"type": "Feature", "geometry": {"type": "Point", "coordinates": [2.32528, 40.989101]}, "properties": {"var_data": [-0.137, 0.003, 0.033, 0.027, 1.067, 0.001, 1, 0, 1, 1, 1]}}, {"type": "Feature", "geometry": {"type": "Point", "coordinates": [2.36062, 40.989101]}, "properties": {"var_data": [-0.236, -0.043, 0.024, 0.006, 0.911, -0.0, 1, 0, 1, 1, 1]}}, {"type": "Feature", "geometry": {"type": "Point", "coordinates": [2.39596, 40.989101]}, "properties": {"var_data": [-0.621, 0.069, 0.278, 0.044, 1.239, -0.012, 4, 0, 1, 4, 1]}}, {"type": "Feature", "geometry": {"type": "Point", "coordinates": [2.4313, 40.989101]}, "properties": {"var_data": [-0.621, 0.069, 0.278, 0.044, 1.239, -0.012, 4, 0, 1, 4, 1]}}, {"type": "Feature", "geometry": {"type": "Point", "coordinates": [2.50198, 40.989101]}, "properties": {"var_data": [0.158, -0.013, 0.016, 0.027, 1.354, 0.0, 4, 1, 1, 4, 1]}}, {"type": "Feature", "geometry": {"type": "Point", "coordinates": [2.53732, 40.989101]}, "properties": {"var_data": [0.158, -0.013, 0.016, 0.027, 1.354, 0.0, 4, 1, 1, 4, 1]}}, {"type": "Feature", "geometry": {"type": "Point", "coordinates": [2.57266, 40.989101]}, "properties": {"var_data": [0.2, -0.053, 0.019, 0.057, 1.476, 0.001, 4, 0, 1, 4, 1]}}, {"type": "Feature", "geometry": {"type": "Point", "coordinates": [1.3711, 41.016102]}, "properties": {"var_data": [-0.166, 0.169, 0.222, 0.428, 2.615, -0.095, 4, 0, 4, 4, 1]}}, {"type": "Feature", "geometry": {"type": "Point", "coordinates": [1.51246, 41.016102]}, "properties": {"var_data": [-0.227, -0.016, 0.051, 0.017, 1.263, -0.001, 1, 0, 1, 1, 1]}}, {"type": "Feature", "geometry": {"type": "Point", "coordinates": [1.5478, 41.016102]}, "properties": {"var_data": [-0.463, 0.004, 0.172, 0.031, 1.255, -0.005, 1, 0, 1, 1, 1]}}, {"type": "Feature", "geometry": {"type": "Point", "coordinates": [1.58314, 41.016102]}, "properties": {"var_data": [-0.447, 0.046, 0.153, 0.028, 1.16, -0.004, 1, 1, 1, 1, 1]}}, {"type": "Feature", "geometry": {"type": "Point", "coordinates": [1.61848, 41.016102]}, "properties": {"var_data": [-0.439, 0.044, 0.061, 0.034, 0.749, -0.002, 1, 1, 1, 1, 1]}}, {"type": "Feature", "geometry": {"type": "Point", "coordinates": [1.65382, 41.016102]}, "properties": {"var_data": [-0.27, 0.002, 0.015, 0.007, 0.547, -0.0, 1, 1, 1, 1, 1]}}, {"type": "Feature", "geometry": {"type": "Point", "coordinates": [1.68916, 41.016102]}, "properties": {"var_data": [-0.228, -0.066, 0.012, 0.007, 0.419, -0.0, 1, 1, 1, 1, 1]}}, {"type": "Feature", "geometry": {"type": "Point", "coordinates": [1.7245, 41.016102]}, "properties": {"var_data": [-0.229, -0.109, 0.018, 0.01, 0.345, -0.0, 1, 1, 1, 1, 1]}}, {"type": "Feature", "geometry": {"type": "Point", "coordinates": [1.75984, 41.016102]}, "properties": {"var_data": [-0.195, -0.15, 0.014, 0.006, 0.311, -0.0, 1, 1, 1, 1, 1]}}, {"type": "Feature", "geometry": {"type": "Point", "coordinates": [1.79518, 41.016102]}, "properties": {"var_data": [-0.159, -0.166, 0.019, 0.006, 0.314, -0.0, 1, 1, 1, 1, 1]}}, {"type": "Feature", "geometry": {"type": "Point", "coordinates": [1.83052, 41.016102]}, "properties": {"var_data": [-0.095, -0.163, 0.019, 0.003, 0.347, -0.0, 1, 1, 1, 1, 1]}}, {"type": "Feature", "geometry": {"type": "Point", "coordinates": [1.86586, 41.016102]}, "properties": {"var_data": [-0.096, -0.122, 0.019, 0.003, 0.374, -0.0, 1, 1, 1, 1, 1]}}, {"type": "Feature", "geometry": {"type": "Point", "coordinates": [1.9012, 41.016102]}, "properties": {"var_data": [-0.16, -0.062, 0.016, 0.002, 0.441, 0.0, 1, 1, 1, 1, 1]}}, {"type": "Feature", "geometry": {"type": "Point", "coordinates": [1.93654, 41.016102]}, "properties": {"var_data": [-0.101, -0.042, 0.014, 0.002, 0.422, -0.0, 1, 1, 1, 1, 1]}}, {"type": "Feature", "geometry": {"type": "Point", "coordinates": [1.97188, 41.016102]}, "properties": {"var_data": [-0.044, -0.036, 0.006, 0.003, 0.439, -0.0, 1, 1, 1, 1, 1]}}, {"type": "Feature", "geometry": {"type": "Point", "coordinates": [2.00722, 41.016102]}, "properties": {"var_data": [0.023, -0.084, 0.007, 0.004, 0.472, -0.0, 1, 1, 1, 1, 1]}}, {"type": "Feature", "geometry": {"type": "Point", "coordinates": [2.04256, 41.016102]}, "properties": {"var_data": [-0.023, -0.104, 0.01, 0.008, 0.5, -0.0, 1, 1, 1, 1, 1]}}, {"type": "Feature", "geometry": {"type": "Point", "coordinates": [2.0779, 41.016102]}, "properties": {"var_data": [0.004, -0.02, 0.015, 0.015, 0.678, 0.0, 1, 1, 1, 1, 1]}}, {"type": "Feature", "geometry": {"type": "Point", "coordinates": [2.11324, 41.016102]}, "properties": {"var_data": [-0.079, -0.089, 0.022, 0.018, 0.843, 0.0, 1, 1, 1, 1, 1]}}, {"type": "Feature", "geometry": {"type": "Point", "coordinates": [2.14858, 41.016102]}, "properties": {"var_data": [-0.075, -0.038, 0.028, 0.017, 0.732, 0.0, 1, 1, 1, 1, 1]}}, {"type": "Feature", "geometry": {"type": "Point", "coordinates": [2.18392, 41.016102]}, "properties": {"var_data": [-0.113, -0.033, 0.026, 0.018, 0.766, 0.0, 1, 1, 1, 1, 1]}}, {"type": "Feature", "geometry": {"type": "Point", "coordinates": [2.21926, 41.016102]}, "properties": {"var_data": [-0.066, 0.063, 0.083, 0.07, 1.179, 0.006, 1, 1, 1, 1, 1]}}, {"type": "Feature", "geometry": {"type": "Point", "coordinates": [2.2546, 41.016102]}, "properties": {"var_data": [0.061, 0.079, 0.048, 0.035, 1.055, 0.002, 1, 1, 1, 1, 1]}}, {"type": "Feature", "geometry": {"type": "Point", "coordinates": [2.28994, 41.016102]}, "properties": {"var_data": [0.057, 0.045, 0.033, 0.027, 1.114, 0.001, 1, 1, 1, 1, 1]}}, {"type": "Feature", "geometry": {"type": "Point", "coordinates": [2.32528, 41.016102]}, "properties": {"var_data": [0.057, 0.045, 0.033, 0.027, 1.114, 0.001, 1, 0, 1, 1, 1]}}, {"type": "Feature", "geometry": {"type": "Point", "coordinates": [2.36062, 41.016102]}, "properties": {"var_data": [-0.223, 0.024, 0.026, 0.007, 1.104, -0.0, 1, 0, 1, 1, 1]}}, {"type": "Feature", "geometry": {"type": "Point", "coordinates": [2.39596, 41.016102]}, "properties": {"var_data": [-0.204, -0.049, 0.025, 0.006, 0.935, -0.0, 1, 0, 1, 1, 1]}}, {"type": "Feature", "geometry": {"type": "Point", "coordinates": [2.4313, 41.016102]}, "properties": {"var_data": [-0.439, -0.051, 0.025, 0.006, 1.02, -0.0, 1, 0, 1, 1, 1]}}, {"type": "Feature", "geometry": {"type": "Point", "coordinates": [2.46664, 41.016102]}, "properties": {"var_data": [-0.327, -0.107, 0.016, 0.005, 0.86, -0.0, 1, 1, 1, 1, 1]}}, {"type": "Feature", "geometry": {"type": "Point", "coordinates": [2.50198, 41.016102]}, "properties": {"var_data": [-0.059, -0.042, 0.012, 0.008, 1.023, 0.0, 1, 1, 1, 1, 1]}}, {"type": "Feature", "geometry": {"type": "Point", "coordinates": [2.53732, 41.016102]}, "properties": {"var_data": [0.08, -0.012, 0.009, 0.009, 1.016, 0.0, 1, 1, 1, 1, 1]}}, {"type": "Feature", "geometry": {"type": "Point", "coordinates": [2.57266, 41.016102]}, "properties": {"var_data": [0.08, -0.012, 0.009, 0.009, 1.016, 0.0, 1, 1, 1, 1, 1]}}, {"type": "Feature", "geometry": {"type": "Point", "coordinates": [2.67868, 41.016102]}, "properties": {"var_data": [-2.079, -6.402, 0.901, 2.686, 10.4, 2.418, 4, 0, 4, 4, 4]}}, {"type": "Feature", "geometry": {"type": "Point", "coordinates": [2.71402, 41.016102]}, "properties": {"var_data": [-2.079, -6.402, 0.901, 2.686, 10.4, 2.418, 4, 0, 4, 4, 4]}}, {"type": "Feature", "geometry": {"type": "Point", "coordinates": [2.74936, 41.016102]}, "properties": {"var_data": [-2.079, -6.402, 0.901, 2.686, 10.4, 2.418, 4, 0, 4, 4, 4]}}, {"type": "Feature", "geometry": {"type": "Point", "coordinates": [1.40644, 41.043098]}, "properties": {"var_data": [-0.057, -0.01, 0.044, 0.079, 1.947, -0.003, 1, 0, 1, 1, 1]}}, {"type": "Feature", "geometry": {"type": "Point", "coordinates": [1.44178, 41.043098]}, "properties": {"var_data": [-0.034, 0.036, 0.018, 0.017, 1.775, -0.0, 1, 0, 1, 1, 1]}}, {"type": "Feature", "geometry": {"type": "Point", "coordinates": [1.47712, 41.043098]}, "properties": {"var_data": [0.123, -0.096, 0.015, 0.01, 1.484, -0.0, 1, 0, 1, 1, 1]}}, {"type": "Feature", "geometry": {"type": "Point", "coordinates": [1.5478, 41.043098]}, "properties": {"var_data": [-0.256, 0.097, 0.112, 0.023, 0.931, -0.002, 1, 0, 1, 1, 1]}}, {"type": "Feature", "geometry": {"type": "Point", "coordinates": [1.58314, 41.043098]}, "properties": {"var_data": [-0.309, 0.064, 0.016, 0.013, 0.787, -0.0, 1, 1, 1, 1, 1]}}, {"type": "Feature", "geometry": {"type": "Point", "coordinates": [1.61848, 41.043098]}, "properties": {"var_data": [-0.313, 0.034, 0.036, 0.037, 0.581, -0.001, 1, 1, 1, 1, 1]}}, {"type": "Feature", "geometry": {"type": "Point", "coordinates": [1.65382, 41.043098]}, "properties": {"var_data": [-0.207, -0.011, 0.021, 0.018, 0.503, -0.0, 1, 1, 1, 1, 1]}}, {"type": "Feature", "geometry": {"type": "Point", "coordinates": [1.68916, 41.043098]}, "properties": {"var_data": [-0.213, -0.075, 0.015, 0.01, 0.389, -0.0, 1, 1, 1, 1, 1]}}, {"type": "Feature", "geometry": {"type": "Point", "coordinates": [1.7245, 41.043098]}, "properties": {"var_data": [-0.186, -0.122, 0.012, 0.009, 0.304, -0.0, 1, 1, 1, 1, 1]}}, {"type": "Feature", "geometry": {"type": "Point", "coordinates": [1.75984, 41.043098]}, "properties": {"var_data": [-0.124, -0.153, 0.011, 0.007, 0.28, -0.0, 1, 1, 1, 1, 1]}}, {"type": "Feature", "geometry": {"type": "Point", "coordinates": [1.79518, 41.043098]}, "properties": {"var_data": [-0.084, -0.168, 0.013, 0.007, 0.279, -0.0, 1, 1, 1, 1, 1]}}, {"type": "Feature", "geometry": {"type": "Point", "coordinates": [1.83052, 41.043098]}, "properties": {"var_data": [-0.054, -0.16, 0.015, 0.003, 0.304, -0.0, 1, 1, 1, 1, 1]}}, {"type": "Feature", "geometry": {"type": "Point", "coordinates": [1.86586, 41.043098]}, "properties": {"var_data": [-0.114, -0.1, 0.019, 0.003, 0.365, -0.0, 1, 1, 1, 1, 1]}}, {"type": "Feature", "geometry": {"type": "Point", "coordinates": [1.9012, 41.043098]}, "properties": {"var_data": [-0.146, -0.047, 0.013, 0.002, 0.377, 0.0, 1, 1, 1, 1, 1]}}, {"type": "Feature", "geometry": {"type": "Point", "coordinates": [1.93654, 41.043098]}, "properties": {"var_data": [-0.223, -0.022, 0.007, 0.003, 0.469, -0.0, 1, 1, 1, 1, 1]}}, {"type": "Feature", "geometry": {"type": "Point", "coordinates": [1.97188, 41.043098]}, "properties": {"var_data": [-0.122, -0.033, 0.006, 0.003, 0.422, -0.0, 1, 1, 1, 1, 1]}}, {"type": "Feature", "geometry": {"type": "Point", "coordinates": [2.00722, 41.043098]}, "properties": {"var_data": [-0.02, -0.054, 0.006, 0.003, 0.43, -0.0, 1, 1, 1, 1, 1]}}, {"type": "Feature", "geometry": {"type": "Point", "coordinates": [2.04256, 41.043098]}, "properties": {"var_data": [-0.054, -0.079, 0.007, 0.005, 0.446, -0.0, 1, 1, 1, 1, 1]}}, {"type": "Feature", "geometry": {"type": "Point", "coordinates": [2.0779, 41.043098]}, "properties": {"var_data": [-0.048, -0.117, 0.006, 0.005, 0.603, 0.0, 1, 1, 1, 1, 1]}}, {"type": "Feature", "geometry": {"type": "Point", "coordinates": [2.11324, 41.043098]}, "properties": {"var_data": [-0.077, -0.115, 0.012, 0.012, 0.736, 0.0, 1, 1, 1, 1, 1]}}, {"type": "Feature", "geometry": {"type": "Point", "coordinates": [2.14858, 41.043098]}, "properties": {"var_data": [-0.128, -0.134, 0.012, 0.013, 0.833, 0.0, 1, 1, 1, 1, 1]}}, {"type": "Feature", "geometry": {"type": "Point", "coordinates": [2.18392, 41.043098]}, "properties": {"var_data": [-0.145, -0.107, 0.038, 0.018, 1.052, 0.0, 1, 1, 1, 1, 1]}}, {"type": "Feature", "geometry": {"type": "Point", "coordinates": [2.21926, 41.043098]}, "properties": {"var_data": [-0.127, -0.117, 0.162, 0.02, 1.164, 0.001, 1, 1, 1, 1, 1]}}, {"type": "Feature", "geometry": {"type": "Point", "coordinates": [2.2546, 41.043098]}, "properties": {"var_data": [0.01, 0.102, 0.163, 0.073, 1.383, 0.009, 1, 1, 1, 1, 1]}}, {"type": "Feature", "geometry": {"type": "Point", "coordinates": [2.28994, 41.043098]}, "properties": {"var_data": [0.121, 0.062, 0.154, 0.055, 1.094, 0.008, 1, 1, 1, 1, 1]}}, {"type": "Feature", "geometry": {"type": "Point", "coordinates": [2.32528, 41.043098]}, "properties": {"var_data": [0.115, 0.137, 0.16, 0.072, 1.469, 0.009, 4, 1, 1, 4, 1]}}, {"type": "Feature", "geometry": {"type": "Point", "coordinates": [2.36062, 41.043098]}, "properties": {"var_data": [-0.152, -0.041, 0.029, 0.006, 0.863, -0.0, 1, 0, 1, 1, 1]}}, {"type": "Feature", "geometry": {"type": "Point", "coordinates": [2.39596, 41.043098]}, "properties": {"var_data": [-0.126, -0.053, 0.019, 0.005, 0.842, -0.0, 1, 1, 1, 1, 1]}}, {"type": "Feature", "geometry": {"type": "Point", "coordinates": [2.4313, 41.043098]}, "properties": {"var_data": [-0.221, -0.088, 0.016, 0.005, 0.707, -0.0, 1, 1, 1, 1, 1]}}, {"type": "Feature", "geometry": {"type": "Point", "coordinates": [2.46664, 41.043098]}, "properties": {"var_data": [-0.234, -0.086, 0.009, 0.004, 0.668, 0.0, 1, 1, 1, 1, 1]}}, {"type": "Feature", "geometry": {"type": "Point", "coordinates": [2.50198, 41.043098]}, "properties": {"var_data": [-0.058, -0.074, 0.008, 0.007, 0.774, 0.0, 1, 0, 1, 1, 1]}}, {"type": "Feature", "geometry": {"type": "Point", "coordinates": [2.53732, 41.043098]}, "properties": {"var_data": [-0.059, -0.07, 0.01, 0.008, 0.731, 0.0, 1, 0, 1, 1, 1]}}, {"type": "Feature", "geometry": {"type": "Point", "coordinates": [2.57266, 41.043098]}, "properties": {"var_data": [-0.023, -0.035, 0.011, 0.009, 0.943, 0.0, 1, 0, 1, 1, 1]}}, {"type": "Feature", "geometry": {"type": "Point", "coordinates": [2.608, 41.043098]}, "properties": {"var_data": [0.035, 0.058, 0.111, 0.038, 1.416, -0.003, 4, 0, 1, 4, 1]}}, {"type": "Feature", "geometry": {"type": "Point", "coordinates": [2.64334, 41.043098]}, "properties": {"var_data": [-0.251, 0.055, 0.016, 0.022, 1.15, 0.0, 1, 0, 1, 1, 1]}}, {"type": "Feature", "geometry": {"type": "Point", "coordinates": [2.67868, 41.043098]}, "properties": {"var_data": [-0.377, 0.11, 0.016, 0.022, 1.222, 0.0, 4, 0, 1, 4, 1]}}, {"type": "Feature", "geometry": {"type": "Point", "coordinates": [2.71402, 41.043098]}, "properties": {"var_data": [-2.079, -6.402, 0.901, 2.686, 10.4, 2.418, 4, 0, 4, 4, 4]}}, {"type": "Feature", "geometry": {"type": "Point", "coordinates": [2.74936, 41.043098]}, "properties": {"var_data": [-2.079, -6.402, 0.901, 2.686, 10.4, 2.418, 4, 0, 4, 4, 4]}}, {"type": "Feature", "geometry": {"type": "Point", "coordinates": [2.99674, 41.043098]}, "properties": {"var_data": [0.158, 0.016, 0.042, 0.03, 2.484, 0.001, 4, 0, 4, 4, 1]}}, {"type": "Feature", "geometry": {"type": "Point", "coordinates": [3.03208, 41.043098]}, "properties": {"var_data": [0.225, 0.058, 0.268, 0.192, 3.141, 0.051, 4, 0, 4, 4, 1]}}, {"type": "Feature", "geometry": {"type": "Point", "coordinates": [3.06742, 41.043098]}, "properties": {"var_data": [0.156, 0.043, 0.209, 0.15, 2.484, 0.032, 4, 0, 4, 4, 1]}}, {"type": "Feature", "geometry": {"type": "Point", "coordinates": [3.10276, 41.043098]}, "properties": {"var_data": [0.077, -0.019, 0.112, 0.08, 2.936, 0.009, 4, 0, 4, 4, 1]}}, {"type": "Feature", "geometry": {"type": "Point", "coordinates": [3.1381, 41.043098]}, "properties": {"var_data": [0.043, -0.023, 0.12, 0.081, 3.142, 0.009, 4, 0, 4, 4, 1]}}, {"type": "Feature", "geometry": {"type": "Point", "coordinates": [1.30042, 41.070099]}, "properties": {"var_data": [1.332, -2.14, 0.067, 0.141, 10.997, -0.009, 4, 0, 4, 4, 4]}}, {"type": "Feature", "geometry": {"type": "Point", "coordinates": [1.33576, 41.070099]}, "properties": {"var_data": [1.332, -2.14, 0.067, 0.141, 10.997, -0.009, 4, 0, 4, 4, 4]}}, {"type": "Feature", "geometry": {"type": "Point", "coordinates": [1.3711, 41.070099]}, "properties": {"var_data": [8.952, 0.0, 1.3, 2.515, 0.0, -3.269, 4, 0, 4, 4, 4]}}, {"type": "Feature", "geometry": {"type": "Point", "coordinates": [1.40644, 41.070099]}, "properties": {"var_data": [-3.851, 7.333, 8.152, 0.0, 0.0, 0.0, 4, 0, 4, 4, 4]}}, {"type": "Feature", "geometry": {"type": "Point", "coordinates": [1.44178, 41.070099]}, "properties": {"var_data": [0.066, 0.035, 0.025, 0.041, 1.21, -0.001, 1, 0, 1, 1, 1]}}, {"type": "Feature", "geometry": {"type": "Point", "coordinates": [1.47712, 41.070099]}, "properties": {"var_data": [-0.122, 0.122, 0.021, 0.035, 1.104, -0.001, 1, 0, 1, 1, 1]}}, {"type": "Feature", "geometry": {"type": "Point", "coordinates": [1.51246, 41.070099]}, "properties": {"var_data": [-0.112, 0.142, 0.01, 0.012, 0.776, -0.0, 1, 0, 1, 1, 1]}}, {"type": "Feature", "geometry": {"type": "Point", "coordinates": [1.5478, 41.070099]}, "properties": {"var_data": [-0.031, 0.09, 0.027, 0.013, 0.734, -0.0, 1, 0, 1, 1, 1]}}, {"type": "Feature", "geometry": {"type": "Point", "coordinates": [1.58314, 41.070099]}, "properties": {"var_data": [-0.303, 0.071, 0.047, 0.051, 0.828, -0.002, 1, 0, 1, 1, 1]}}, {"type": "Feature", "geometry": {"type": "Point", "coordinates": [1.61848, 41.070099]}, "properties": {"var_data": [-0.153, 0.061, 0.011, 0.011, 0.509, -0.0, 1, 1, 1, 1, 1]}}, {"type": "Feature", "geometry": {"type": "Point", "coordinates": [1.65382, 41.070099]}, "properties": {"var_data": [-0.18, -0.006, 0.009, 0.007, 0.376, -0.0, 1, 1, 1, 1, 1]}}, {"type": "Feature", "geometry": {"type": "Point", "coordinates": [1.68916, 41.070099]}, "properties": {"var_data": [-0.158, -0.075, 0.008, 0.006, 0.309, -0.0, 1, 1, 1, 1, 1]}}, {"type": "Feature", "geometry": {"type": "Point", "coordinates": [1.7245, 41.070099]}, "properties": {"var_data": [-0.128, -0.113, 0.011, 0.008, 0.275, -0.0, 1, 1, 1, 1, 1]}}, {"type": "Feature", "geometry": {"type": "Point", "coordinates": [1.75984, 41.070099]}, "properties": {"var_data": [-0.093, -0.136, 0.01, 0.007, 0.262, -0.0, 1, 1, 1, 1, 1]}}, {"type": "Feature", "geometry": {"type": "Point", "coordinates": [1.79518, 41.070099]}, "properties": {"var_data": [-0.077, -0.139, 0.011, 0.007, 0.252, -0.0, 1, 1, 1, 1, 1]}}, {"type": "Feature", "geometry": {"type": "Point", "coordinates": [1.83052, 41.070099]}, "properties": {"var_data": [-0.05, -0.136, 0.013, 0.008, 0.281, -0.0, 1, 1, 1, 1, 1]}}, {"type": "Feature", "geometry": {"type": "Point", "coordinates": [1.86586, 41.070099]}, "properties": {"var_data": [-0.074, -0.079, 0.016, 0.006, 0.319, -0.0, 1, 1, 1, 1, 1]}}, {"type": "Feature", "geometry": {"type": "Point", "coordinates": [1.9012, 41.070099]}, "properties": {"var_data": [-0.097, -0.02, 0.015, 0.004, 0.319, 0.0, 1, 1, 1, 1, 1]}}, {"type": "Feature", "geometry": {"type": "Point", "coordinates": [1.93654, 41.070099]}, "properties": {"var_data": [-0.105, 0.01, 0.007, 0.003, 0.368, -0.0, 1, 1, 1, 1, 1]}}, {"type": "Feature", "geometry": {"type": "Point", "coordinates": [1.97188, 41.070099]}, "properties": {"var_data": [-0.193, -0.02, 0.006, 0.003, 0.47, -0.0, 1, 1, 1, 1, 1]}}, {"type": "Feature", "geometry": {"type": "Point", "coordinates": [2.00722, 41.070099]}, "properties": {"var_data": [-0.066, -0.025, 0.006, 0.004, 0.438, -0.0, 1, 1, 1, 1, 1]}}, {"type": "Feature", "geometry": {"type": "Point", "coordinates": [2.04256, 41.070099]}, "properties": {"var_data": [-0.012, -0.071, 0.004, 0.003, 0.477, -0.0, 1, 1, 1, 1, 1]}}, {"type": "Feature", "geometry": {"type": "Point", "coordinates": [2.0779, 41.070099]}, "properties": {"var_data": [0.015, -0.04, 0.006, 0.003, 0.532, -0.0, 1, 1, 1, 1, 1]}}, {"type": "Feature", "geometry": {"type": "Point", "coordinates": [2.11324, 41.070099]}, "properties": {"var_data": [-0.008, -0.049, 0.012, 0.012, 0.692, 0.0, 1, 1, 1, 1, 1]}}, {"type": "Feature", "geometry": {"type": "Point", "coordinates": [2.14858, 41.070099]}, "properties": {"var_data": [-0.093, -0.128, 0.01, 0.012, 0.763, 0.0, 1, 1, 1, 1, 1]}}, {"type": "Feature", "geometry": {"type": "Point", "coordinates": [2.18392, 41.070099]}, "properties": {"var_data": [-0.043, -0.114, 0.013, 0.015, 0.925, 0.0, 1, 1, 1, 1, 1]}}, {"type": "Feature", "geometry": {"type": "Point", "coordinates": [2.21926, 41.070099]}, "properties": {"var_data": [-0.002, -0.068, 0.012, 0.014, 0.931, 0.0, 1, 1, 1, 1, 1]}}, {"type": "Feature", "geometry": {"type": "Point", "coordinates": [2.2546, 41.070099]}, "properties": {"var_data": [0.039, 0.046, 0.266, 0.088, 1.353, 0.023, 1, 1, 1, 1, 1]}}, {"type": "Feature", "geometry": {"type": "Point", "coordinates": [2.28994, 41.070099]}, "properties": {"var_data": [0.091, -0.048, 0.406, 0.96, 8.565, 0.388, 4, 1, 4, 1, 1]}}, {"type": "Feature", "geometry": {"type": "Point", "coordinates": [2.32528, 41.070099]}, "properties": {"var_data": [0.024, -0.068, 0.022, 0.015, 1.07, -0.0, 1, 1, 1, 1, 1]}}, {"type": "Feature", "geometry": {"type": "Point", "coordinates": [2.36062, 41.070099]}, "properties": {"var_data": [0.023, -0.022, 0.017, 0.005, 0.767, -0.0, 1, 1, 1, 1, 1]}}, {"type": "Feature", "geometry": {"type": "Point", "coordinates": [2.39596, 41.070099]}, "properties": {"var_data": [-0.036, -0.035, 0.014, 0.004, 0.751, -0.0, 1, 1, 1, 1, 1]}}, {"type": "Feature", "geometry": {"type": "Point", "coordinates": [2.4313, 41.070099]}, "properties": {"var_data": [-0.052, -0.06, 0.012, 0.004, 0.565, -0.0, 1, 1, 1, 1, 1]}}, {"type": "Feature", "geometry": {"type": "Point", "coordinates": [2.46664, 41.070099]}, "properties": {"var_data": [-0.063, -0.059, 0.006, 0.005, 0.531, 0.0, 1, 1, 1, 1, 1]}}, {"type": "Feature", "geometry": {"type": "Point", "coordinates": [2.50198, 41.070099]}, "properties": {"var_data": [-0.05, -0.062, 0.006, 0.005, 0.504, 0.0, 1, 1, 1, 1, 1]}}, {"type": "Feature", "geometry": {"type": "Point", "coordinates": [2.53732, 41.070099]}, "properties": {"var_data": [-0.041, -0.066, 0.006, 0.005, 0.519, 0.0, 1, 1, 1, 1, 1]}}, {"type": "Feature", "geometry": {"type": "Point", "coordinates": [2.57266, 41.070099]}, "properties": {"var_data": [-0.062, -0.064, 0.01, 0.008, 0.672, 0.0, 1, 0, 1, 1, 1]}}, {"type": "Feature", "geometry": {"type": "Point", "coordinates": [2.608, 41.070099]}, "properties": {"var_data": [-0.053, 0.054, 0.022, 0.022, 1.143, 0.0, 1, 0, 1, 1, 1]}}, {"type": "Feature", "geometry": {"type": "Point", "coordinates": [2.64334, 41.070099]}, "properties": {"var_data": [-0.416, 0.06, 0.106, 0.035, 1.0, -0.003, 1, 0, 1, 1, 1]}}, {"type": "Feature", "geometry": {"type": "Point", "coordinates": [2.67868, 41.070099]}, "properties": {"var_data": [-0.527, 0.068, 0.015, 0.018, 0.913, 0.0, 1, 0, 1, 1, 1]}}, {"type": "Feature", "geometry": {"type": "Point", "coordinates": [2.71402, 41.070099]}, "properties": {"var_data": [-0.527, 0.068, 0.015, 0.018, 0.913, 0.0, 1, 1, 1, 1, 1]}}, {"type": "Feature", "geometry": {"type": "Point", "coordinates": [2.74936, 41.070099]}, "properties": {"var_data": [-0.724, -2.367, 0.139, 0.418, 5.54, 0.058, 4, 4, 4, 4, 4]}}, {"type": "Feature", "geometry": {"type": "Point", "coordinates": [2.82004, 41.070099]}, "properties": {"var_data": [-0.162, 0.003, 0.098, 0.065, 1.42, 0.0, 4, 1, 1, 4, 1]}}, {"type": "Feature", "geometry": {"type": "Point", "coordinates": [2.99674, 41.070099]}, "properties": {"var_data": [0.081, -0.054, 0.04, 0.029, 2.397, 0.001, 4, 0, 4, 1, 1]}}, {"type": "Feature", "geometry": {"type": "Point", "coordinates": [3.03208, 41.070099]}, "properties": {"var_data": [0.024, -0.086, 0.133, 0.095, 2.721, 0.013, 4, 0, 4, 4, 1]}}, {"type": "Feature", "geometry": {"type": "Point", "coordinates": [3.06742, 41.070099]}, "properties": {"var_data": [0.017, -0.06, 0.066, 0.047, 1.892, 0.003, 1, 0, 1, 1, 1]}}, {"type": "Feature", "geometry": {"type": "Point", "coordinates": [3.10276, 41.070099]}, "properties": {"var_data": [0.088, 0.01, 0.095, 0.052, 2.397, 0.004, 4, 0, 4, 1, 1]}}, {"type": "Feature", "geometry": {"type": "Point", "coordinates": [3.1381, 41.070099]}, "properties": {"var_data": [0.057, -0.004, 0.095, 0.05, 2.681, 0.004, 4, 0, 4, 1, 1]}}, {"type": "Feature", "geometry": {"type": "Point", "coordinates": [3.17344, 41.070099]}, "properties": {"var_data": [0.118, 0.042, 0.144, 0.101, 3.852, 0.014, 4, 0, 4, 4, 1]}}, {"type": "Feature", "geometry": {"type": "Point", "coordinates": [1.33576, 41.097099]}, "properties": {"var_data": [1.332, -2.14, 0.067, 0.141, 10.997, -0.009, 4, 0, 4, 4, 4]}}, {"type": "Feature", "geometry": {"type": "Point", "coordinates": [1.40644, 41.097099]}, "properties": {"var_data": [0.573, -0.368, 0.039, 0.057, 3.884, -0.002, 4, 0, 4, 1, 1]}}, {"type": "Feature", "geometry": {"type": "Point", "coordinates": [1.44178, 41.097099]}, "properties": {"var_data": [0.342, -0.037, 0.024, 0.04, 1.161, -0.001, 1, 0, 1, 1, 1]}}, {"type": "Feature", "geometry": {"type": "Point", "coordinates": [1.47712, 41.097099]}, "properties": {"var_data": [0.415, -0.114, 0.023, 0.038, 0.869, -0.001, 1, 0, 1, 1, 1]}}, {"type": "Feature", "geometry": {"type": "Point", "coordinates": [1.51246, 41.097099]}, "properties": {"var_data": [-0.101, 0.112, 0.02, 0.032, 0.635, -0.001, 1, 0, 1, 1, 1]}}, {"type": "Feature", "geometry": {"type": "Point", "coordinates": [1.5478, 41.097099]}, "properties": {"var_data": [-0.01, 0.073, 0.022, 0.037, 0.532, -0.001, 1, 0, 1, 1, 1]}}, {"type": "Feature", "geometry": {"type": "Point", "coordinates": [1.58314, 41.097099]}, "properties": {"var_data": [-0.085, 0.075, 0.015, 0.016, 0.445, -0.0, 1, 1, 1, 1, 1]}}, {"type": "Feature", "geometry": {"type": "Point", "coordinates": [1.61848, 41.097099]}, "properties": {"var_data": [-0.116, 0.037, 0.008, 0.008, 0.381, -0.0, 1, 1, 1, 1, 1]}}, {"type": "Feature", "geometry": {"type": "Point", "coordinates": [1.65382, 41.097099]}, "properties": {"var_data": [-0.141, -0.003, 0.007, 0.006, 0.351, -0.0, 1, 1, 1, 1, 1]}}, {"type": "Feature", "geometry": {"type": "Point", "coordinates": [1.68916, 41.097099]}, "properties": {"var_data": [-0.129, -0.041, 0.006, 0.006, 0.296, -0.0, 1, 1, 1, 1, 1]}}, {"type": "Feature", "geometry": {"type": "Point", "coordinates": [1.7245, 41.097099]}, "properties": {"var_data": [-0.126, -0.11, 0.006, 0.006, 0.249, -0.0, 1, 1, 1, 1, 1]}}, {"type": "Feature", "geometry": {"type": "Point", "coordinates": [1.75984, 41.097099]}, "properties": {"var_data": [-0.094, -0.123, 0.009, 0.007, 0.243, -0.0, 1, 1, 1, 1, 1]}}, {"type": "Feature", "geometry": {"type": "Point", "coordinates": [1.79518, 41.097099]}, "properties": {"var_data": [-0.068, -0.131, 0.01, 0.007, 0.249, -0.0, 1, 1, 1, 1, 1]}}, {"type": "Feature", "geometry": {"type": "Point", "coordinates": [1.83052, 41.097099]}, "properties": {"var_data": [-0.041, -0.119, 0.01, 0.006, 0.249, -0.0, 1, 1, 1, 1, 1]}}, {"type": "Feature", "geometry": {"type": "Point", "coordinates": [1.86586, 41.097099]}, "properties": {"var_data": [-0.034, -0.068, 0.009, 0.005, 0.263, -0.0, 1, 1, 1, 1, 1]}}, {"type": "Feature", "geometry": {"type": "Point", "coordinates": [1.9012, 41.097099]}, "properties": {"var_data": [-0.06, -0.019, 0.014, 0.005, 0.287, 0.0, 1, 1, 1, 1, 1]}}, {"type": "Feature", "geometry": {"type": "Point", "coordinates": [1.93654, 41.097099]}, "properties": {"var_data": [-0.057, 0.01, 0.02, 0.006, 0.331, 0.0, 1, 1, 1, 1, 1]}}, {"type": "Feature", "geometry": {"type": "Point", "coordinates": [1.97188, 41.097099]}, "properties": {"var_data": [-0.118, -0.01, 0.007, 0.003, 0.358, -0.0, 1, 1, 1, 1, 1]}}, {"type": "Feature", "geometry": {"type": "Point", "coordinates": [2.00722, 41.097099]}, "properties": {"var_data": [-0.053, -0.031, 0.006, 0.003, 0.413, -0.0, 1, 1, 1, 1, 1]}}, {"type": "Feature", "geometry": {"type": "Point", "coordinates": [2.04256, 41.097099]}, "properties": {"var_data": [0.025, -0.03, 0.005, 0.004, 0.446, -0.0, 1, 1, 1, 1, 1]}}, {"type": "Feature", "geometry": {"type": "Point", "coordinates": [2.0779, 41.097099]}, "properties": {"var_data": [0.037, 0.002, 0.005, 0.003, 0.461, -0.0, 1, 1, 1, 1, 1]}}, {"type": "Feature", "geometry": {"type": "Point", "coordinates": [2.11324, 41.097099]}, "properties": {"var_data": [0.061, 0.002, 0.015, 0.016, 0.949, 0.0, 1, 1, 1, 1, 1]}}, {"type": "Feature", "geometry": {"type": "Point", "coordinates": [2.14858, 41.097099]}, "properties": {"var_data": [-0.018, -0.122, 0.01, 0.013, 0.821, 0.0, 1, 1, 1, 1, 1]}}, {"type": "Feature", "geometry": {"type": "Point", "coordinates": [2.18392, 41.097099]}, "properties": {"var_data": [-0.055, -0.105, 0.011, 0.013, 0.837, 0.0, 1, 1, 1, 1, 1]}}, {"type": "Feature", "geometry": {"type": "Point", "coordinates": [2.21926, 41.097099]}, "properties": {"var_data": [-0.005, -0.044, 0.013, 0.017, 0.778, 0.0, 1, 1, 1, 1, 1]}}, {"type": "Feature", "geometry": {"type": "Point", "coordinates": [2.2546, 41.097099]}, "properties": {"var_data": [0.088, -0.015, 0.009, 0.01, 0.748, 0.0, 1, 1, 1, 1, 1]}}, {"type": "Feature", "geometry": {"type": "Point", "coordinates": [2.28994, 41.097099]}, "properties": {"var_data": [0.038, -0.04, 0.017, 0.01, 0.679, 0.0, 1, 1, 1, 1, 1]}}, {"type": "Feature", "geometry": {"type": "Point", "coordinates": [2.32528, 41.097099]}, "properties": {"var_data": [0.005, -0.059, 0.01, 0.007, 0.594, 0.0, 1, 1, 1, 1, 1]}}, {"type": "Feature", "geometry": {"type": "Point", "coordinates": [2.36062, 41.097099]}, "properties": {"var_data": [-0.009, -0.038, 0.006, 0.004, 0.487, 0.0, 1, 1, 1, 1, 1]}}, {"type": "Feature", "geometry": {"type": "Point", "coordinates": [2.39596, 41.097099]}, "properties": {"var_data": [-0.016, -0.016, 0.006, 0.004, 0.442, 0.0, 1, 1, 1, 1, 1]}}, {"type": "Feature", "geometry": {"type": "Point", "coordinates": [2.4313, 41.097099]}, "properties": {"var_data": [-0.041, -0.046, 0.005, 0.004, 0.427, 0.0, 1, 1, 1, 1, 1]}}, {"type": "Feature", "geometry": {"type": "Point", "coordinates": [2.46664, 41.097099]}, "properties": {"var_data": [-0.042, -0.051, 0.004, 0.004, 0.426, 0.0, 1, 1, 1, 1, 1]}}, {"type": "Feature", "geometry": {"type": "Point", "coordinates": [2.50198, 41.097099]}, "properties": {"var_data": [-0.051, -0.056, 0.006, 0.005, 0.453, 0.0, 1, 1, 1, 1, 1]}}, {"type": "Feature", "geometry": {"type": "Point", "coordinates": [2.53732, 41.097099]}, "properties": {"var_data": [-0.052, -0.059, 0.006, 0.005, 0.45, 0.0, 1, 1, 1, 1, 1]}}, {"type": "Feature", "geometry": {"type": "Point", "coordinates": [2.57266, 41.097099]}, "properties": {"var_data": [-0.032, -0.047, 0.007, 0.006, 0.563, 0.0, 1, 0, 1, 1, 1]}}, {"type": "Feature", "geometry": {"type": "Point", "coordinates": [2.608, 41.097099]}, "properties": {"var_data": [-0.045, -0.027, 0.017, 0.018, 0.833, 0.0, 1, 1, 1, 1, 1]}}, {"type": "Feature", "geometry": {"type": "Point", "coordinates": [2.64334, 41.097099]}, "properties": {"var_data": [-0.046, -0.027, 0.026, 0.019, 0.865, -0.0, 1, 1, 1, 1, 1]}}, {"type": "Feature", "geometry": {"type": "Point", "coordinates": [2.67868, 41.097099]}, "properties": {"var_data": [-0.37, 0.047, 0.028, 0.02, 1.006, -0.0, 1, 1, 1, 1, 1]}}, {"type": "Feature", "geometry": {"type": "Point", "coordinates": [2.71402, 41.097099]}, "properties": {"var_data": [-0.301, 0.016, 0.015, 0.018, 0.915, 0.0, 1, 0, 1, 1, 1]}}, {"type": "Feature", "geometry": {"type": "Point", "coordinates": [2.74936, 41.097099]}, "properties": {"var_data": [-0.724, -2.367, 0.139, 0.418, 5.54, 0.058, 4, 0, 4, 4, 4]}}, {"type": "Feature", "geometry": {"type": "Point", "coordinates": [2.82004, 41.097099]}, "properties": {"var_data": [-0.161, -0.089, 0.097, 0.054, 1.225, -0.0, 4, 1, 1, 4, 1]}}, {"type": "Feature", "geometry": {"type": "Point", "coordinates": [3.03208, 41.097099]}, "properties": {"var_data": [0.03, -0.07, 0.077, 0.055, 2.552, 0.004, 4, 0, 4, 1, 1]}}, {"type": "Feature", "geometry": {"type": "Point", "coordinates": [3.06742, 41.097099]}, "properties": {"var_data": [-0.021, -0.063, 0.089, 0.045, 2.232, 0.003, 4, 0, 4, 1, 1]}}, {"type": "Feature", "geometry": {"type": "Point", "coordinates": [3.10276, 41.097099]}, "properties": {"var_data": [0.043, -0.023, 0.094, 0.05, 2.566, 0.004, 4, 0, 4, 1, 1]}}, {"type": "Feature", "geometry": {"type": "Point", "coordinates": [3.1381, 41.097099]}, "properties": {"var_data": [0.043, -0.014, 0.092, 0.043, 2.544, 0.003, 4, 0, 4, 1, 1]}}, {"type": "Feature", "geometry": {"type": "Point", "coordinates": [1.40644, 41.1241]}, "properties": {"var_data": [0.73, -0.609, 0.039, 0.057, 3.419, -0.002, 4, 0, 4, 1, 1]}}, {"type": "Feature", "geometry": {"type": "Point", "coordinates": [1.44178, 41.1241]}, "properties": {"var_data": [0.739, -0.551, 0.029, 0.049, 2.022, -0.001, 4, 0, 4, 1, 1]}}, {"type": "Feature", "geometry": {"type": "Point", "coordinates": [1.47712, 41.1241]}, "properties": {"var_data": [0.579, -0.228, 0.022, 0.036, 0.735, -0.001, 1, 0, 1, 1, 1]}}, {"type": "Feature", "geometry": {"type": "Point", "coordinates": [1.51246, 41.1241]}, "properties": {"var_data": [0.426, -0.018, 0.02, 0.032, 0.475, -0.001, 1, 0, 1, 1, 1]}}, {"type": "Feature", "geometry": {"type": "Point", "coordinates": [1.5478, 41.1241]}, "properties": {"var_data": [0.162, 0.097, 0.022, 0.023, 0.383, -0.0, 1, 1, 1, 1, 1]}}, {"type": "Feature", "geometry": {"type": "Point", "coordinates": [1.58314, 41.1241]}, "properties": {"var_data": [0.001, 0.086, 0.012, 0.015, 0.312, -0.0, 1, 1, 1, 1, 1]}}, {"type": "Feature", "geometry": {"type": "Point", "coordinates": [1.61848, 41.1241]}, "properties": {"var_data": [-0.052, 0.034, 0.006, 0.007, 0.29, -0.0, 1, 1, 1, 1, 1]}}, {"type": "Feature", "geometry": {"type": "Point", "coordinates": [1.65382, 41.1241]}, "properties": {"var_data": [-0.075, -0.007, 0.005, 0.006, 0.275, -0.0, 1, 1, 1, 1, 1]}}, {"type": "Feature", "geometry": {"type": "Point", "coordinates": [1.68916, 41.1241]}, "properties": {"var_data": [-0.093, -0.046, 0.005, 0.005, 0.266, -0.0, 1, 1, 1, 1, 1]}}, {"type": "Feature", "geometry": {"type": "Point", "coordinates": [1.7245, 41.1241]}, "properties": {"var_data": [-0.092, -0.095, 0.005, 0.005, 0.253, -0.0, 1, 1, 1, 1, 1]}}, {"type": "Feature", "geometry": {"type": "Point", "coordinates": [1.75984, 41.1241]}, "properties": {"var_data": [-0.065, -0.122, 0.007, 0.007, 0.236, -0.0, 1, 1, 1, 1, 1]}}, {"type": "Feature", "geometry": {"type": "Point", "coordinates": [1.79518, 41.1241]}, "properties": {"var_data": [-0.028, -0.12, 0.008, 0.006, 0.234, -0.0, 1, 1, 1, 1, 1]}}, {"type": "Feature", "geometry": {"type": "Point", "coordinates": [1.83052, 41.1241]}, "properties": {"var_data": [-0.018, -0.099, 0.008, 0.005, 0.239, -0.0, 1, 1, 1, 1, 1]}}, {"type": "Feature", "geometry": {"type": "Point", "coordinates": [1.86586, 41.1241]}, "properties": {"var_data": [0.006, -0.064, 0.008, 0.005, 0.238, -0.0, 1, 1, 1, 1, 1]}}, {"type": "Feature", "geometry": {"type": "Point", "coordinates": [1.9012, 41.1241]}, "properties": {"var_data": [-0.006, -0.029, 0.011, 0.005, 0.261, 0.0, 1, 1, 1, 1, 1]}}, {"type": "Feature", "geometry": {"type": "Point", "coordinates": [1.93654, 41.1241]}, "properties": {"var_data": [0.002, 0.008, 0.018, 0.007, 0.307, 0.0, 1, 1, 1, 1, 1]}}, {"type": "Feature", "geometry": {"type": "Point", "coordinates": [1.97188, 41.1241]}, "properties": {"var_data": [0.003, 0.007, 0.011, 0.006, 0.319, 0.0, 1, 1, 1, 1, 1]}}, {"type": "Feature", "geometry": {"type": "Point", "coordinates": [2.00722, 41.1241]}, "properties": {"var_data": [0.004, -0.014, 0.008, 0.004, 0.353, -0.0, 1, 1, 1, 1, 1]}}, {"type": "Feature", "geometry": {"type": "Point", "coordinates": [2.04256, 41.1241]}, "properties": {"var_data": [0.025, 0.003, 0.007, 0.004, 0.382, -0.0, 1, 1, 1, 1, 1]}}, {"type": "Feature", "geometry": {"type": "Point", "coordinates": [2.0779, 41.1241]}, "properties": {"var_data": [0.037, 0.018, 0.007, 0.004, 0.439, -0.0, 1, 1, 1, 1, 1]}}, {"type": "Feature", "geometry": {"type": "Point", "coordinates": [2.11324, 41.1241]}, "properties": {"var_data": [-0.006, -0.042, 0.009, 0.009, 0.523, 0.0, 1, 1, 1, 1, 1]}}, {"type": "Feature", "geometry": {"type": "Point", "coordinates": [2.14858, 41.1241]}, "properties": {"var_data": [-0.093, -0.253, 0.013, 0.018, 1.009, 0.0, 1, 1, 1, 1, 1]}}, {"type": "Feature", "geometry": {"type": "Point", "coordinates": [2.18392, 41.1241]}, "properties": {"var_data": [0.011, -0.083, 0.01, 0.012, 0.623, 0.0, 1, 1, 1, 1, 1]}}, {"type": "Feature", "geometry": {"type": "Point", "coordinates": [2.21926, 41.1241]}, "properties": {"var_data": [0.029, -0.024, 0.012, 0.016, 0.604, 0.0, 1, 1, 1, 1, 1]}}, {"type": "Feature", "geometry": {"type": "Point", "coordinates": [2.2546, 41.1241]}, "properties": {"var_data": [0.042, -0.057, 0.007, 0.007, 0.501, 0.0, 1, 1, 1, 1, 1]}}, {"type": "Feature", "geometry": {"type": "Point", "coordinates": [2.28994, 41.1241]}, "properties": {"var_data": [0.021, -0.012, 0.008, 0.006, 0.45, 0.0, 1, 1, 1, 1, 1]}}, {"type": "Feature", "geometry": {"type": "Point", "coordinates": [2.32528, 41.1241]}, "properties": {"var_data": [-0.004, -0.021, 0.005, 0.005, 0.418, 0.0, 1, 1, 1, 1, 1]}}, {"type": "Feature", "geometry": {"type": "Point", "coordinates": [2.36062, 41.1241]}, "properties": {"var_data": [-0.008, -0.021, 0.004, 0.003, 0.366, 0.0, 1, 1, 1, 1, 1]}}, {"type": "Feature", "geometry": {"type": "Point", "coordinates": [2.39596, 41.1241]}, "properties": {"var_data": [-0.015, -0.017, 0.004, 0.004, 0.381, 0.0, 1, 1, 1, 1, 1]}}, {"type": "Feature", "geometry": {"type": "Point", "coordinates": [2.4313, 41.1241]}, "properties": {"var_data": [-0.026, -0.025, 0.004, 0.004, 0.37, 0.0, 1, 1, 1, 1, 1]}}, {"type": "Feature", "geometry": {"type": "Point", "coordinates": [2.46664, 41.1241]}, "properties": {"var_data": [-0.026, -0.031, 0.004, 0.003, 0.394, 0.0, 1, 1, 1, 1, 1]}}, {"type": "Feature", "geometry": {"type": "Point", "coordinates": [2.50198, 41.1241]}, "properties": {"var_data": [-0.025, -0.022, 0.006, 0.006, 0.436, 0.0, 1, 1, 1, 1, 1]}}, {"type": "Feature", "geometry": {"type": "Point", "coordinates": [2.53732, 41.1241]}, "properties": {"var_data": [-0.042, -0.033, 0.007, 0.006, 0.459, 0.0, 1, 1, 1, 1, 1]}}, {"type": "Feature", "geometry": {"type": "Point", "coordinates": [2.57266, 41.1241]}, "properties": {"var_data": [-0.032, -0.025, 0.013, 0.006, 0.517, -0.0, 1, 0, 1, 1, 1]}}, {"type": "Feature", "geometry": {"type": "Point", "coordinates": [2.608, 41.1241]}, "properties": {"var_data": [-0.048, -0.067, 0.024, 0.01, 0.838, -0.0, 1, 1, 1, 1, 1]}}, {"type": "Feature", "geometry": {"type": "Point", "coordinates": [2.64334, 41.1241]}, "properties": {"var_data": [-0.06, -0.011, 0.026, 0.011, 0.822, -0.0, 1, 1, 1, 1, 1]}}, {"type": "Feature", "geometry": {"type": "Point", "coordinates": [2.67868, 41.1241]}, "properties": {"var_data": [-0.171, -0.034, 0.021, 0.015, 0.758, 0.0, 1, 1, 1, 1, 1]}}, {"type": "Feature", "geometry": {"type": "Point", "coordinates": [2.71402, 41.1241]}, "properties": {"var_data": [-0.247, -0.071, 0.031, 0.02, 0.82, 0.0, 1, 0, 1, 1, 1]}}, {"type": "Feature", "geometry": {"type": "Point", "coordinates": [2.74936, 41.1241]}, "properties": {"var_data": [-0.298, -0.248, 0.037, 0.028, 1.301, 0.001, 1, 0, 1, 1, 1]}}, {"type": "Feature", "geometry": {"type": "Point", "coordinates": [2.7847, 41.1241]}, "properties": {"var_data": [-0.459, -0.112, 0.054, 0.017, 0.912, 0.0, 1, 0, 1, 1, 1]}}, {"type": "Feature", "geometry": {"type": "Point", "coordinates": [2.82004, 41.1241]}, "properties": {"var_data": [-0.168, -0.093, 0.096, 0.02, 1.093, -0.001, 1, 1, 1, 1, 1]}}, {"type": "Feature", "geometry": {"type": "Point", "coordinates": [1.47712, 41.1511]}, "properties": {"var_data": [0.588, -0.202, 0.029, 0.045, 0.973, -0.001, 1, 0, 1, 1, 1]}}, {"type": "Feature", "geometry": {"type": "Point", "coordinates": [1.51246, 41.1511]}, "properties": {"var_data": [0.49, -0.022, 0.044, 0.054, 0.477, -0.002, 1, 0, 1, 1, 1]}}, {"type": "Feature", "geometry": {"type": "Point", "coordinates": [1.5478, 41.1511]}, "properties": {"var_data": [0.268, 0.097, 0.018, 0.021, 0.334, -0.0, 1, 1, 1, 1, 1]}}, {"type": "Feature", "geometry": {"type": "Point", "coordinates": [1.58314, 41.1511]}, "properties": {"var_data": [0.047, 0.066, 0.012, 0.016, 0.275, -0.0, 1, 1, 1, 1, 1]}}, {"type": "Feature", "geometry": {"type": "Point", "coordinates": [1.61848, 41.1511]}, "properties": {"var_data": [0.041, 0.077, 0.008, 0.015, 0.273, 0.0, 1, 1, 1, 1, 1]}}, {"type": "Feature", "geometry": {"type": "Point", "coordinates": [1.65382, 41.1511]}, "properties": {"var_data": [-0.029, 0.004, 0.004, 0.006, 0.255, -0.0, 1, 1, 1, 1, 1]}}, {"type": "Feature", "geometry": {"type": "Point", "coordinates": [1.68916, 41.1511]}, "properties": {"var_data": [-0.054, -0.058, 0.004, 0.006, 0.271, -0.0, 1, 1, 1, 1, 1]}}, {"type": "Feature", "geometry": {"type": "Point", "coordinates": [1.7245, 41.1511]}, "properties": {"var_data": [-0.057, -0.11, 0.004, 0.007, 0.286, -0.0, 1, 1, 1, 1, 1]}}, {"type": "Feature", "geometry": {"type": "Point", "coordinates": [1.75984, 41.1511]}, "properties": {"var_data": [-0.036, -0.129, 0.006, 0.008, 0.275, -0.0, 1, 1, 1, 1, 1]}}, {"type": "Feature", "geometry": {"type": "Point", "coordinates": [1.79518, 41.1511]}, "properties": {"var_data": [-0.017, -0.109, 0.007, 0.006, 0.241, -0.0, 1, 1, 1, 1, 1]}}, {"type": "Feature", "geometry": {"type": "Point", "coordinates": [1.83052, 41.1511]}, "properties": {"var_data": [0.005, -0.093, 0.007, 0.005, 0.233, -0.0, 1, 1, 1, 1, 1]}}, {"type": "Feature", "geometry": {"type": "Point", "coordinates": [1.86586, 41.1511]}, "properties": {"var_data": [0.005, -0.051, 0.008, 0.004, 0.232, -0.0, 1, 1, 1, 1, 1]}}, {"type": "Feature", "geometry": {"type": "Point", "coordinates": [1.9012, 41.1511]}, "properties": {"var_data": [0.003, -0.03, 0.009, 0.004, 0.244, -0.0, 1, 1, 1, 1, 1]}}, {"type": "Feature", "geometry": {"type": "Point", "coordinates": [1.93654, 41.1511]}, "properties": {"var_data": [0.003, 0.001, 0.011, 0.006, 0.264, 0.0, 1, 1, 1, 1, 1]}}, {"type": "Feature", "geometry": {"type": "Point", "coordinates": [1.97188, 41.1511]}, "properties": {"var_data": [-0.012, 0.003, 0.012, 0.007, 0.317, 0.0, 1, 1, 1, 1, 1]}}, {"type": "Feature", "geometry": {"type": "Point", "coordinates": [2.00722, 41.1511]}, "properties": {"var_data": [-0.002, -0.022, 0.003, 0.004, 0.36, 0.0, 1, 1, 1, 1, 1]}}, {"type": "Feature", "geometry": {"type": "Point", "coordinates": [2.04256, 41.1511]}, "properties": {"var_data": [-0.012, -0.036, 0.003, 0.004, 0.352, 0.0, 1, 1, 1, 1, 1]}}, {"type": "Feature", "geometry": {"type": "Point", "coordinates": [2.0779, 41.1511]}, "properties": {"var_data": [-0.018, -0.05, 0.004, 0.007, 0.368, 0.0, 1, 1, 1, 1, 1]}}, {"type": "Feature", "geometry": {"type": "Point", "coordinates": [2.11324, 41.1511]}, "properties": {"var_data": [-0.049, -0.076, 0.003, 0.006, 0.411, 0.0, 1, 1, 1, 1, 1]}}, {"type": "Feature", "geometry": {"type": "Point", "coordinates": [2.14858, 41.1511]}, "properties": {"var_data": [-0.039, -0.114, 0.006, 0.007, 0.411, 0.0, 1, 1, 1, 1, 1]}}, {"type": "Feature", "geometry": {"type": "Point", "coordinates": [2.18392, 41.1511]}, "properties": {"var_data": [-0.011, -0.09, 0.004, 0.004, 0.395, -0.0, 1, 1, 1, 1, 1]}}, {"type": "Feature", "geometry": {"type": "Point", "coordinates": [2.21926, 41.1511]}, "properties": {"var_data": [-0.004, -0.085, 0.005, 0.005, 0.397, 0.0, 1, 1, 1, 1, 1]}}, {"type": "Feature", "geometry": {"type": "Point", "coordinates": [2.2546, 41.1511]}, "properties": {"var_data": [-0.015, -0.06, 0.008, 0.005, 0.417, -0.0, 1, 1, 1, 1, 1]}}, {"type": "Feature", "geometry": {"type": "Point", "coordinates": [2.28994, 41.1511]}, "properties": {"var_data": [0.0, -0.018, 0.004, 0.004, 0.367, 0.0, 1, 1, 1, 1, 1]}}, {"type": "Feature", "geometry": {"type": "Point", "coordinates": [2.32528, 41.1511]}, "properties": {"var_data": [-0.024, -0.019, 0.004, 0.004, 0.341, 0.0, 1, 1, 1, 1, 1]}}, {"type": "Feature", "geometry": {"type": "Point", "coordinates": [2.36062, 41.1511]}, "properties": {"var_data": [-0.021, -0.012, 0.004, 0.004, 0.321, 0.0, 1, 1, 1, 1, 1]}}, {"type": "Feature", "geometry": {"type": "Point", "coordinates": [2.39596, 41.1511]}, "properties": {"var_data": [-0.021, -0.004, 0.004, 0.003, 0.305, 0.0, 1, 1, 1, 1, 1]}}, {"type": "Feature", "geometry": {"type": "Point", "coordinates": [2.4313, 41.1511]}, "properties": {"var_data": [-0.032, -0.018, 0.004, 0.003, 0.33, 0.0, 1, 1, 1, 1, 1]}}, {"type": "Feature", "geometry": {"type": "Point", "coordinates": [2.46664, 41.1511]}, "properties": {"var_data": [-0.027, -0.01, 0.004, 0.003, 0.373, 0.0, 1, 1, 1, 1, 1]}}, {"type": "Feature", "geometry": {"type": "Point", "coordinates": [2.50198, 41.1511]}, "properties": {"var_data": [-0.013, -0.001, 0.007, 0.006, 0.447, 0.0, 1, 1, 1, 1, 1]}}, {"type": "Feature", "geometry": {"type": "Point", "coordinates": [2.53732, 41.1511]}, "properties": {"var_data": [-0.014, -0.01, 0.011, 0.008, 0.494, -0.0, 1, 1, 1, 1, 1]}}, {"type": "Feature", "geometry": {"type": "Point", "coordinates": [2.57266, 41.1511]}, "properties": {"var_data": [-0.051, -0.014, 0.017, 0.008, 0.529, -0.0, 1, 1, 1, 1, 1]}}, {"type": "Feature", "geometry": {"type": "Point", "coordinates": [2.608, 41.1511]}, "properties": {"var_data": [-0.041, -0.021, 0.021, 0.009, 0.745, -0.0, 1, 1, 1, 1, 1]}}, {"type": "Feature", "geometry": {"type": "Point", "coordinates": [2.64334, 41.1511]}, "properties": {"var_data": [-0.187, -0.033, 0.021, 0.009, 0.68, -0.0, 1, 1, 1, 1, 1]}}, {"type": "Feature", "geometry": {"type": "Point", "coordinates": [2.67868, 41.1511]}, "properties": {"var_data": [-0.347, -0.032, 0.018, 0.008, 0.668, -0.0, 1, 1, 1, 1, 1]}}, {"type": "Feature", "geometry": {"type": "Point", "coordinates": [2.71402, 41.1511]}, "properties": {"var_data": [-0.473, -0.036, 0.03, 0.019, 0.758, 0.0, 1, 1, 1, 1, 1]}}, {"type": "Feature", "geometry": {"type": "Point", "coordinates": [2.74936, 41.1511]}, "properties": {"var_data": [-0.408, -0.051, 0.034, 0.026, 0.774, 0.0, 1, 0, 1, 1, 1]}}, {"type": "Feature", "geometry": {"type": "Point", "coordinates": [2.7847, 41.1511]}, "properties": {"var_data": [-0.142, -0.093, 0.054, 0.017, 1.065, 0.0, 1, 0, 1, 1, 1]}}, {"type": "Feature", "geometry": {"type": "Point", "coordinates": [2.82004, 41.1511]}, "properties": {"var_data": [-0.346, -0.052, 0.116, 0.022, 1.093, -0.001, 1, 0, 1, 1, 1]}}, {"type": "Feature", "geometry": {"type": "Point", "coordinates": [2.85538, 41.1511]}, "properties": {"var_data": [-0.334, -0.101, 0.113, 0.018, 1.055, -0.001, 1, 0, 1, 1, 1]}}, {"type": "Feature", "geometry": {"type": "Point", "coordinates": [2.89072, 41.1511]}, "properties": {"var_data": [-0.33, -0.117, 0.109, 0.017, 1.04, -0.001, 1, 0, 1, 1, 1]}}, {"type": "Feature", "geometry": {"type": "Point", "coordinates": [2.92606, 41.1511]}, "properties": {"var_data": [-0.345, -0.114, 0.112, 0.012, 1.064, 0.001, 1, 0, 1, 1, 1]}}, {"type": "Feature", "geometry": {"type": "Point", "coordinates": [1.58314, 41.178101]}, "properties": {"var_data": [0.079, 0.078, 0.012, 0.019, 0.314, 0.0, 1, 1, 1, 1, 1]}}, {"type": "Feature", "geometry": {"type": "Point", "coordinates": [1.61848, 41.178101]}, "properties": {"var_data": [0.039, 0.067, 0.008, 0.017, 0.313, 0.0, 1, 1, 1, 1, 1]}}, {"type": "Feature", "geometry": {"type": "Point", "coordinates": [1.65382, 41.178101]}, "properties": {"var_data": [-0.018, -0.011, 0.005, 0.008, 0.335, -0.0, 1, 1, 1, 1, 1]}}, {"type": "Feature", "geometry": {"type": "Point", "coordinates": [1.68916, 41.178101]}, "properties": {"var_data": [-0.034, -0.097, 0.005, 0.008, 0.385, -0.0, 1, 1, 1, 1, 1]}}, {"type": "Feature", "geometry": {"type": "Point", "coordinates": [1.7245, 41.178101]}, "properties": {"var_data": [-0.041, -0.131, 0.005, 0.009, 0.419, -0.0, 1, 1, 1, 1, 1]}}, {"type": "Feature", "geometry": {"type": "Point", "coordinates": [1.75984, 41.178101]}, "properties": {"var_data": [-0.032, -0.166, 0.006, 0.009, 0.356, -0.0, 1, 1, 1, 1, 1]}}, {"type": "Feature", "geometry": {"type": "Point", "coordinates": [1.79518, 41.178101]}, "properties": {"var_data": [0.003, -0.123, 0.006, 0.006, 0.273, -0.0, 1, 1, 1, 1, 1]}}, {"type": "Feature", "geometry": {"type": "Point", "coordinates": [1.83052, 41.178101]}, "properties": {"var_data": [-0.021, -0.08, 0.005, 0.004, 0.24, -0.0, 1, 1, 1, 1, 1]}}, {"type": "Feature", "geometry": {"type": "Point", "coordinates": [1.86586, 41.178101]}, "properties": {"var_data": [-0.047, -0.043, 0.006, 0.004, 0.231, -0.0, 1, 1, 1, 1, 1]}}, {"type": "Feature", "geometry": {"type": "Point", "coordinates": [1.9012, 41.178101]}, "properties": {"var_data": [-0.043, -0.026, 0.008, 0.004, 0.233, -0.0, 1, 1, 1, 1, 1]}}, {"type": "Feature", "geometry": {"type": "Point", "coordinates": [1.93654, 41.178101]}, "properties": {"var_data": [-0.008, -0.006, 0.006, 0.004, 0.276, -0.0, 1, 1, 1, 1, 1]}}, {"type": "Feature", "geometry": {"type": "Point", "coordinates": [1.97188, 41.178101]}, "properties": {"var_data": [-0.019, -0.004, 0.006, 0.006, 0.334, -0.0, 1, 1, 1, 1, 1]}}, {"type": "Feature", "geometry": {"type": "Point", "coordinates": [2.00722, 41.178101]}, "properties": {"var_data": [-0.056, -0.035, 0.003, 0.004, 0.331, 0.0, 1, 1, 1, 1, 1]}}, {"type": "Feature", "geometry": {"type": "Point", "coordinates": [2.04256, 41.178101]}, "properties": {"var_data": [-0.062, -0.049, 0.004, 0.006, 0.308, 0.0, 1, 1, 1, 1, 1]}}, {"type": "Feature", "geometry": {"type": "Point", "coordinates": [2.0779, 41.178101]}, "properties": {"var_data": [-0.081, -0.063, 0.004, 0.007, 0.349, 0.0, 1, 1, 1, 1, 1]}}, {"type": "Feature", "geometry": {"type": "Point", "coordinates": [2.11324, 41.178101]}, "properties": {"var_data": [-0.072, -0.083, 0.003, 0.006, 0.352, 0.0, 1, 1, 1, 1, 1]}}, {"type": "Feature", "geometry": {"type": "Point", "coordinates": [2.14858, 41.178101]}, "properties": {"var_data": [-0.082, -0.106, 0.006, 0.005, 0.348, -0.0, 1, 1, 1, 1, 1]}}, {"type": "Feature", "geometry": {"type": "Point", "coordinates": [2.18392, 41.178101]}, "properties": {"var_data": [-0.036, -0.098, 0.006, 0.005, 0.359, -0.0, 1, 1, 1, 1, 1]}}, {"type": "Feature", "geometry": {"type": "Point", "coordinates": [2.21926, 41.178101]}, "properties": {"var_data": [-0.041, -0.097, 0.005, 0.004, 0.317, -0.0, 1, 1, 1, 1, 1]}}, {"type": "Feature", "geometry": {"type": "Point", "coordinates": [2.2546, 41.178101]}, "properties": {"var_data": [-0.015, -0.082, 0.004, 0.005, 0.341, 0.0, 1, 1, 1, 1, 1]}}, {"type": "Feature", "geometry": {"type": "Point", "coordinates": [2.28994, 41.178101]}, "properties": {"var_data": [-0.006, -0.043, 0.003, 0.004, 0.328, 0.0, 1, 1, 1, 1, 1]}}, {"type": "Feature", "geometry": {"type": "Point", "coordinates": [2.32528, 41.178101]}, "properties": {"var_data": [-0.029, -0.025, 0.004, 0.004, 0.321, 0.0, 1, 1, 1, 1, 1]}}, {"type": "Feature", "geometry": {"type": "Point", "coordinates": [2.36062, 41.178101]}, "properties": {"var_data": [-0.023, -0.008, 0.004, 0.004, 0.31, 0.0, 1, 1, 1, 1, 1]}}, {"type": "Feature", "geometry": {"type": "Point", "coordinates": [2.39596, 41.178101]}, "properties": {"var_data": [-0.027, 0.01, 0.004, 0.004, 0.289, 0.0, 1, 1, 1, 1, 1]}}, {"type": "Feature", "geometry": {"type": "Point", "coordinates": [2.4313, 41.178101]}, "properties": {"var_data": [-0.037, -0.0, 0.004, 0.005, 0.314, 0.0, 1, 1, 1, 1, 1]}}, {"type": "Feature", "geometry": {"type": "Point", "coordinates": [2.46664, 41.178101]}, "properties": {"var_data": [-0.031, 0.022, 0.005, 0.004, 0.385, 0.0, 1, 1, 1, 1, 1]}}, {"type": "Feature", "geometry": {"type": "Point", "coordinates": [2.50198, 41.178101]}, "properties": {"var_data": [-0.022, 0.009, 0.011, 0.005, 0.459, -0.0, 1, 1, 1, 1, 1]}}, {"type": "Feature", "geometry": {"type": "Point", "coordinates": [2.53732, 41.178101]}, "properties": {"var_data": [-0.027, -0.006, 0.013, 0.005, 0.579, -0.0, 1, 1, 1, 1, 1]}}, {"type": "Feature", "geometry": {"type": "Point", "coordinates": [2.57266, 41.178101]}, "properties": {"var_data": [-0.048, -0.014, 0.028, 0.011, 0.628, -0.0, 1, 1, 1, 1, 1]}}, {"type": "Feature", "geometry": {"type": "Point", "coordinates": [2.608, 41.178101]}, "properties": {"var_data": [-0.009, -0.042, 0.022, 0.01, 0.746, -0.0, 1, 1, 1, 1, 1]}}, {"type": "Feature", "geometry": {"type": "Point", "coordinates": [2.64334, 41.178101]}, "properties": {"var_data": [-0.365, 0.055, 0.033, 0.014, 0.891, -0.0, 1, 1, 1, 1, 1]}}, {"type": "Feature", "geometry": {"type": "Point", "coordinates": [2.67868, 41.178101]}, "properties": {"var_data": [-0.313, -0.038, 0.023, 0.009, 0.766, -0.0, 1, 1, 1, 1, 1]}}, {"type": "Feature", "geometry": {"type": "Point", "coordinates": [2.71402, 41.178101]}, "properties": {"var_data": [-0.334, -0.078, 0.029, 0.017, 0.808, 0.0, 1, 1, 1, 1, 1]}}, {"type": "Feature", "geometry": {"type": "Point", "coordinates": [2.74936, 41.178101]}, "properties": {"var_data": [-0.337, -0.087, 0.029, 0.017, 0.842, 0.0, 1, 0, 1, 1, 1]}}, {"type": "Feature", "geometry": {"type": "Point", "coordinates": [2.7847, 41.178101]}, "properties": {"var_data": [0.013, -0.091, 0.056, 0.012, 2.313, 0.0, 4, 0, 4, 1, 1]}}, {"type": "Feature", "geometry": {"type": "Point", "coordinates": [2.82004, 41.178101]}, "properties": {"var_data": [-0.23, -0.109, 0.048, 0.013, 0.935, -0.0, 1, 0, 1, 1, 1]}}, {"type": "Feature", "geometry": {"type": "Point", "coordinates": [2.85538, 41.178101]}, "properties": {"var_data": [-0.229, -0.091, 0.047, 0.012, 0.821, -0.0, 1, 0, 1, 1, 1]}}, {"type": "Feature", "geometry": {"type": "Point", "coordinates": [2.89072, 41.178101]}, "properties": {"var_data": [-0.253, -0.119, 0.049, 0.01, 0.825, 0.0, 1, 0, 1, 1, 1]}}, {"type": "Feature", "geometry": {"type": "Point", "coordinates": [2.92606, 41.178101]}, "properties": {"var_data": [-0.247, -0.117, 0.042, 0.011, 0.837, 0.0, 1, 0, 1, 1, 1]}}, {"type": "Feature", "geometry": {"type": "Point", "coordinates": [3.20878, 41.178101]}, "properties": {"var_data": [0.102, 0.035, 0.025, 0.015, 1.236, 0.0, 1, 0, 1, 1, 1]}}, {"type": "Feature", "geometry": {"type": "Point", "coordinates": [3.24412, 41.178101]}, "properties": {"var_data": [0.108, -0.003, 0.027, 0.016, 1.557, 0.0, 1, 0, 1, 1, 1]}}, {"type": "Feature", "geometry": {"type": "Point", "coordinates": [3.27946, 41.178101]}, "properties": {"var_data": [0.076, -0.038, 0.029, 0.022, 1.633, 0.001, 1, 0, 1, 1, 1]}}, {"type": "Feature", "geometry": {"type": "Point", "coordinates": [1.7245, 41.205101]}, "properties": {"var_data": [-0.011, -0.28, 0.007, 0.014, 0.707, -0.0, 1, 1, 1, 1, 1]}}, {"type": "Feature", "geometry": {"type": "Point", "coordinates": [1.75984, 41.205101]}, "properties": {"var_data": [-0.002, -0.219, 0.007, 0.013, 0.604, -0.0, 1, 1, 1, 1, 1]}}, {"type": "Feature", "geometry": {"type": "Point", "coordinates": [1.79518, 41.205101]}, "properties": {"var_data": [-0.013, -0.11, 0.006, 0.007, 0.362, -0.0, 1, 1, 1, 1, 1]}}, {"type": "Feature", "geometry": {"type": "Point", "coordinates": [1.83052, 41.205101]}, "properties": {"var_data": [-0.076, -0.051, 0.005, 0.004, 0.28, -0.0, 1, 1, 1, 1, 1]}}, {"type": "Feature", "geometry": {"type": "Point", "coordinates": [1.86586, 41.205101]}, "properties": {"var_data": [-0.097, -0.033, 0.007, 0.004, 0.274, -0.0, 1, 1, 1, 1, 1]}}, {"type": "Feature", "geometry": {"type": "Point", "coordinates": [1.9012, 41.205101]}, "properties": {"var_data": [-0.121, -0.032, 0.005, 0.003, 0.227, -0.0, 1, 1, 1, 1, 1]}}, {"type": "Feature", "geometry": {"type": "Point", "coordinates": [1.93654, 41.205101]}, "properties": {"var_data": [-0.152, -0.055, 0.005, 0.004, 0.24, -0.0, 1, 1, 1, 1, 1]}}, {"type": "Feature", "geometry": {"type": "Point", "coordinates": [1.97188, 41.205101]}, "properties": {"var_data": [-0.112, -0.056, 0.005, 0.006, 0.316, -0.0, 1, 1, 1, 1, 1]}}, {"type": "Feature", "geometry": {"type": "Point", "coordinates": [2.00722, 41.205101]}, "properties": {"var_data": [-0.109, -0.083, 0.003, 0.005, 0.325, 0.0, 1, 1, 1, 1, 1]}}, {"type": "Feature", "geometry": {"type": "Point", "coordinates": [2.04256, 41.205101]}, "properties": {"var_data": [-0.087, -0.096, 0.004, 0.007, 0.326, 0.0, 1, 1, 1, 1, 1]}}, {"type": "Feature", "geometry": {"type": "Point", "coordinates": [2.0779, 41.205101]}, "properties": {"var_data": [-0.126, -0.118, 0.003, 0.004, 0.329, 0.0, 1, 1, 1, 1, 1]}}, {"type": "Feature", "geometry": {"type": "Point", "coordinates": [2.11324, 41.205101]}, "properties": {"var_data": [-0.092, -0.126, 0.003, 0.004, 0.323, 0.0, 1, 1, 1, 1, 1]}}, {"type": "Feature", "geometry": {"type": "Point", "coordinates": [2.14858, 41.205101]}, "properties": {"var_data": [-0.04, -0.107, 0.005, 0.004, 0.302, -0.0, 1, 1, 1, 1, 1]}}, {"type": "Feature", "geometry": {"type": "Point", "coordinates": [2.18392, 41.205101]}, "properties": {"var_data": [-0.026, -0.104, 0.005, 0.005, 0.313, -0.0, 1, 1, 1, 1, 1]}}, {"type": "Feature", "geometry": {"type": "Point", "coordinates": [2.21926, 41.205101]}, "properties": {"var_data": [-0.019, -0.088, 0.005, 0.004, 0.302, -0.0, 1, 1, 1, 1, 1]}}, {"type": "Feature", "geometry": {"type": "Point", "coordinates": [2.2546, 41.205101]}, "properties": {"var_data": [-0.02, -0.08, 0.004, 0.004, 0.284, -0.0, 1, 1, 1, 1, 1]}}, {"type": "Feature", "geometry": {"type": "Point", "coordinates": [2.28994, 41.205101]}, "properties": {"var_data": [-0.026, -0.051, 0.003, 0.004, 0.296, 0.0, 1, 1, 1, 1, 1]}}, {"type": "Feature", "geometry": {"type": "Point", "coordinates": [2.32528, 41.205101]}, "properties": {"var_data": [-0.038, -0.033, 0.004, 0.004, 0.298, 0.0, 1, 1, 1, 1, 1]}}, {"type": "Feature", "geometry": {"type": "Point", "coordinates": [2.36062, 41.205101]}, "properties": {"var_data": [-0.048, -0.012, 0.004, 0.005, 0.299, 0.0, 1, 1, 1, 1, 1]}}, {"type": "Feature", "geometry": {"type": "Point", "coordinates": [2.39596, 41.205101]}, "properties": {"var_data": [-0.074, 0.004, 0.005, 0.006, 0.307, 0.0, 1, 1, 1, 1, 1]}}, {"type": "Feature", "geometry": {"type": "Point", "coordinates": [2.4313, 41.205101]}, "properties": {"var_data": [-0.093, -0.005, 0.005, 0.004, 0.314, 0.0, 1, 1, 1, 1, 1]}}, {"type": "Feature", "geometry": {"type": "Point", "coordinates": [2.46664, 41.205101]}, "properties": {"var_data": [-0.112, 0.012, 0.006, 0.004, 0.347, 0.0, 1, 1, 1, 1, 1]}}, {"type": "Feature", "geometry": {"type": "Point", "coordinates": [2.50198, 41.205101]}, "properties": {"var_data": [-0.11, 0.006, 0.008, 0.005, 0.425, 0.0, 1, 1, 1, 1, 1]}}, {"type": "Feature", "geometry": {"type": "Point", "coordinates": [2.53732, 41.205101]}, "properties": {"var_data": [-0.145, -0.0, 0.013, 0.005, 0.58, -0.0, 1, 1, 1, 1, 1]}}, {"type": "Feature", "geometry": {"type": "Point", "coordinates": [2.57266, 41.205101]}, "properties": {"var_data": [-0.234, -0.008, 0.006, 0.01, 0.568, 0.0, 1, 1, 1, 1, 1]}}, {"type": "Feature", "geometry": {"type": "Point", "coordinates": [2.608, 41.205101]}, "properties": {"var_data": [-0.236, 0.025, 0.005, 0.005, 0.641, -0.0, 1, 1, 1, 1, 1]}}, {"type": "Feature", "geometry": {"type": "Point", "coordinates": [2.64334, 41.205101]}, "properties": {"var_data": [-0.419, 0.074, 0.005, 0.005, 0.687, -0.0, 1, 1, 1, 1, 1]}}, {"type": "Feature", "geometry": {"type": "Point", "coordinates": [2.67868, 41.205101]}, "properties": {"var_data": [-0.576, 0.081, 0.033, 0.016, 0.643, -0.0, 4, 4, 1, 1, 1]}}, {"type": "Feature", "geometry": {"type": "Point", "coordinates": [2.71402, 41.205101]}, "properties": {"var_data": [-0.455, -0.035, 0.028, 0.015, 0.666, 0.0, 1, 1, 1, 1, 1]}}, {"type": "Feature", "geometry": {"type": "Point", "coordinates": [2.74936, 41.205101]}, "properties": {"var_data": [-0.331, -0.071, 0.028, 0.015, 0.754, 0.0, 1, 0, 1, 1, 1]}}, {"type": "Feature", "geometry": {"type": "Point", "coordinates": [2.82004, 41.205101]}, "properties": {"var_data": [-0.189, -0.11, 0.037, 0.012, 0.754, 0.0, 1, 0, 1, 1, 1]}}, {"type": "Feature", "geometry": {"type": "Point", "coordinates": [2.85538, 41.205101]}, "properties": {"var_data": [-0.193, -0.117, 0.037, 0.011, 0.766, 0.0, 1, 0, 1, 1, 1]}}, {"type": "Feature", "geometry": {"type": "Point", "coordinates": [2.89072, 41.205101]}, "properties": {"var_data": [-0.192, -0.104, 0.034, 0.009, 0.731, 0.0, 1, 0, 1, 1, 1]}}, {"type": "Feature", "geometry": {"type": "Point", "coordinates": [2.92606, 41.205101]}, "properties": {"var_data": [-0.243, -0.106, 0.041, 0.011, 0.777, 0.0, 1, 0, 1, 1, 1]}}, {"type": "Feature", "geometry": {"type": "Point", "coordinates": [2.9614, 41.205101]}, "properties": {"var_data": [-0.157, -0.084, 0.03, 0.012, 1.262, 0.0, 1, 0, 1, 1, 1]}}, {"type": "Feature", "geometry": {"type": "Point", "coordinates": [2.99674, 41.205101]}, "properties": {"var_data": [-0.141, -0.082, 0.033, 0.012, 1.603, 0.0, 1, 0, 1, 1, 1]}}, {"type": "Feature", "geometry": {"type": "Point", "coordinates": [3.03208, 41.205101]}, "properties": {"var_data": [0.045, -0.054, 0.033, 0.035, 1.231, 0.001, 1, 0, 1, 1, 1]}}, {"type": "Feature", "geometry": {"type": "Point", "coordinates": [3.06742, 41.205101]}, "properties": {"var_data": [0.031, -0.066, 0.032, 0.033, 1.285, 0.001, 1, 1, 1, 1, 1]}}, {"type": "Feature", "geometry": {"type": "Point", "coordinates": [3.10276, 41.205101]}, "properties": {"var_data": [0.002, -0.043, 0.027, 0.026, 1.943, 0.001, 1, 1, 1, 1, 1]}}, {"type": "Feature", "geometry": {"type": "Point", "coordinates": [3.1381, 41.205101]}, "properties": {"var_data": [0.117, 0.044, 0.021, 0.014, 1.347, 0.0, 1, 1, 1, 1, 1]}}, {"type": "Feature", "geometry": {"type": "Point", "coordinates": [3.17344, 41.205101]}, "properties": {"var_data": [0.092, 0.031, 0.025, 0.015, 1.192, 0.0, 1, 1, 1, 1, 1]}}, {"type": "Feature", "geometry": {"type": "Point", "coordinates": [3.20878, 41.205101]}, "properties": {"var_data": [0.111, 0.032, 0.025, 0.015, 1.269, 0.0, 1, 0, 1, 1, 1]}}, {"type": "Feature", "geometry": {"type": "Point", "coordinates": [3.24412, 41.205101]}, "properties": {"var_data": [0.106, 0.033, 0.025, 0.015, 1.303, 0.0, 1, 0, 1, 1, 1]}}, {"type": "Feature", "geometry": {"type": "Point", "coordinates": [3.27946, 41.205101]}, "properties": {"var_data": [0.025, -0.097, 0.037, 0.038, 1.848, 0.001, 1, 0, 1, 1, 1]}}, {"type": "Feature", "geometry": {"type": "Point", "coordinates": [3.3148, 41.205101]}, "properties": {"var_data": [0.051, -0.055, 0.046, 0.036, 2.417, 0.002, 4, 0, 4, 1, 1]}}, {"type": "Feature", "geometry": {"type": "Point", "coordinates": [1.83052, 41.232101]}, "properties": {"var_data": [-0.201, -0.0, 0.007, 0.005, 0.388, -0.0, 1, 1, 1, 1, 1]}}, {"type": "Feature", "geometry": {"type": "Point", "coordinates": [1.86586, 41.232101]}, "properties": {"var_data": [-0.174, -0.028, 0.007, 0.004, 0.302, -0.0, 1, 1, 1, 1, 1]}}, {"type": "Feature", "geometry": {"type": "Point", "coordinates": [1.9012, 41.232101]}, "properties": {"var_data": [-0.179, -0.046, 0.005, 0.004, 0.251, -0.0, 1, 1, 1, 1, 1]}}, {"type": "Feature", "geometry": {"type": "Point", "coordinates": [1.93654, 41.232101]}, "properties": {"var_data": [-0.183, -0.076, 0.004, 0.004, 0.266, -0.0, 1, 1, 1, 1, 1]}}, {"type": "Feature", "geometry": {"type": "Point", "coordinates": [1.97188, 41.232101]}, "properties": {"var_data": [-0.2, -0.236, 0.004, 0.006, 0.397, -0.0, 1, 1, 1, 1, 1]}}, {"type": "Feature", "geometry": {"type": "Point", "coordinates": [2.00722, 41.232101]}, "properties": {"var_data": [-0.156, -0.176, 0.005, 0.008, 0.421, -0.0, 1, 1, 1, 1, 1]}}, {"type": "Feature", "geometry": {"type": "Point", "coordinates": [2.04256, 41.232101]}, "properties": {"var_data": [-0.137, -0.15, 0.004, 0.007, 0.38, 0.0, 1, 1, 1, 1, 1]}}, {"type": "Feature", "geometry": {"type": "Point", "coordinates": [2.0779, 41.232101]}, "properties": {"var_data": [-0.122, -0.134, 0.003, 0.004, 0.321, 0.0, 1, 1, 1, 1, 1]}}, {"type": "Feature", "geometry": {"type": "Point", "coordinates": [2.11324, 41.232101]}, "properties": {"var_data": [-0.09, -0.118, 0.005, 0.005, 0.296, -0.0, 1, 1, 1, 1, 1]}}, {"type": "Feature", "geometry": {"type": "Point", "coordinates": [2.14858, 41.232101]}, "properties": {"var_data": [-0.063, -0.108, 0.004, 0.004, 0.271, -0.0, 1, 1, 1, 1, 1]}}, {"type": "Feature", "geometry": {"type": "Point", "coordinates": [2.18392, 41.232101]}, "properties": {"var_data": [-0.049, -0.113, 0.004, 0.004, 0.281, -0.0, 1, 1, 1, 1, 1]}}, {"type": "Feature", "geometry": {"type": "Point", "coordinates": [2.21926, 41.232101]}, "properties": {"var_data": [-0.027, -0.084, 0.004, 0.004, 0.254, -0.0, 1, 1, 1, 1, 1]}}, {"type": "Feature", "geometry": {"type": "Point", "coordinates": [2.2546, 41.232101]}, "properties": {"var_data": [-0.009, -0.068, 0.004, 0.004, 0.268, 0.0, 1, 1, 1, 1, 1]}}, {"type": "Feature", "geometry": {"type": "Point", "coordinates": [2.28994, 41.232101]}, "properties": {"var_data": [-0.013, -0.059, 0.003, 0.004, 0.275, 0.0, 1, 1, 1, 1, 1]}}, {"type": "Feature", "geometry": {"type": "Point", "coordinates": [2.32528, 41.232101]}, "properties": {"var_data": [-0.04, -0.041, 0.003, 0.004, 0.287, 0.0, 1, 1, 1, 1, 1]}}, {"type": "Feature", "geometry": {"type": "Point", "coordinates": [2.36062, 41.232101]}, "properties": {"var_data": [-0.076, -0.015, 0.005, 0.005, 0.317, 0.0, 1, 1, 1, 1, 1]}}, {"type": "Feature", "geometry": {"type": "Point", "coordinates": [2.39596, 41.232101]}, "properties": {"var_data": [-0.152, 0.001, 0.007, 0.006, 0.34, 0.0, 1, 1, 1, 1, 1]}}, {"type": "Feature", "geometry": {"type": "Point", "coordinates": [2.4313, 41.232101]}, "properties": {"var_data": [-0.143, 0.022, 0.007, 0.004, 0.325, 0.0, 1, 1, 1, 1, 1]}}, {"type": "Feature", "geometry": {"type": "Point", "coordinates": [2.46664, 41.232101]}, "properties": {"var_data": [-0.128, -0.009, 0.007, 0.004, 0.36, 0.0, 1, 1, 1, 1, 1]}}, {"type": "Feature", "geometry": {"type": "Point", "coordinates": [2.50198, 41.232101]}, "properties": {"var_data": [-0.143, -0.025, 0.008, 0.005, 0.405, -0.0, 1, 1, 1, 1, 1]}}, {"type": "Feature", "geometry": {"type": "Point", "coordinates": [2.53732, 41.232101]}, "properties": {"var_data": [-0.206, -0.016, 0.012, 0.005, 0.515, -0.0, 1, 1, 1, 1, 1]}}, {"type": "Feature", "geometry": {"type": "Point", "coordinates": [2.57266, 41.232101]}, "properties": {"var_data": [-0.177, -0.038, 0.005, 0.01, 0.462, 0.0, 1, 1, 1, 1, 1]}}, {"type": "Feature", "geometry": {"type": "Point", "coordinates": [2.608, 41.232101]}, "properties": {"var_data": [-0.227, -0.001, 0.005, 0.01, 0.522, 0.0, 1, 1, 1, 1, 1]}}, {"type": "Feature", "geometry": {"type": "Point", "coordinates": [2.64334, 41.232101]}, "properties": {"var_data": [-0.396, 0.031, 0.005, 0.009, 0.516, 0.0, 1, 1, 1, 1, 1]}}, {"type": "Feature", "geometry": {"type": "Point", "coordinates": [2.67868, 41.232101]}, "properties": {"var_data": [-0.463, 0.021, 0.006, 0.01, 0.515, 0.0, 1, 0, 1, 1, 1]}}, {"type": "Feature", "geometry": {"type": "Point", "coordinates": [2.71402, 41.232101]}, "properties": {"var_data": [-0.833, 0.144, 0.093, 0.032, 0.679, -0.003, 1, 0, 1, 1, 1]}}, {"type": "Feature", "geometry": {"type": "Point", "coordinates": [2.74936, 41.232101]}, "properties": {"var_data": [-0.762, 0.09, 0.324, 0.092, 1.109, -0.029, 1, 0, 1, 1, 1]}}, {"type": "Feature", "geometry": {"type": "Point", "coordinates": [2.7847, 41.232101]}, "properties": {"var_data": [-0.374, -0.061, 0.051, 0.015, 0.737, -0.0, 1, 0, 1, 1, 1]}}, {"type": "Feature", "geometry": {"type": "Point", "coordinates": [2.82004, 41.232101]}, "properties": {"var_data": [-0.331, -0.118, 0.039, 0.013, 0.653, 0.0, 1, 0, 1, 1, 1]}}, {"type": "Feature", "geometry": {"type": "Point", "coordinates": [2.85538, 41.232101]}, "properties": {"var_data": [-0.323, -0.122, 0.034, 0.013, 0.638, 0.0, 1, 1, 1, 1, 1]}}, {"type": "Feature", "geometry": {"type": "Point", "coordinates": [2.89072, 41.232101]}, "properties": {"var_data": [-0.249, -0.095, 0.033, 0.011, 0.544, 0.0, 1, 0, 1, 1, 1]}}, {"type": "Feature", "geometry": {"type": "Point", "coordinates": [2.92606, 41.232101]}, "properties": {"var_data": [-0.146, -0.073, 0.026, 0.01, 0.636, 0.0, 1, 0, 1, 1, 1]}}, {"type": "Feature", "geometry": {"type": "Point", "coordinates": [2.9614, 41.232101]}, "properties": {"var_data": [-0.139, -0.074, 0.029, 0.01, 0.921, 0.0, 1, 0, 1, 1, 1]}}, {"type": "Feature", "geometry": {"type": "Point", "coordinates": [2.99674, 41.232101]}, "properties": {"var_data": [-0.053, -0.067, 0.014, 0.01, 0.76, 0.0, 1, 0, 1, 1, 1]}}, {"type": "Feature", "geometry": {"type": "Point", "coordinates": [3.03208, 41.232101]}, "properties": {"var_data": [0.037, -0.062, 0.029, 0.029, 1.203, 0.001, 1, 0, 1, 1, 1]}}, {"type": "Feature", "geometry": {"type": "Point", "coordinates": [3.06742, 41.232101]}, "properties": {"var_data": [0.037, -0.061, 0.028, 0.028, 1.265, 0.001, 1, 1, 1, 1, 1]}}, {"type": "Feature", "geometry": {"type": "Point", "coordinates": [3.10276, 41.232101]}, "properties": {"var_data": [0.111, -0.022, 0.028, 0.035, 0.999, 0.001, 1, 1, 1, 1, 1]}}, {"type": "Feature", "geometry": {"type": "Point", "coordinates": [3.1381, 41.232101]}, "properties": {"var_data": [0.155, 0.049, 0.021, 0.014, 1.084, 0.0, 1, 1, 1, 1, 1]}}, {"type": "Feature", "geometry": {"type": "Point", "coordinates": [3.17344, 41.232101]}, "properties": {"var_data": [0.18, 0.073, 0.019, 0.013, 1.093, 0.0, 1, 1, 1, 1, 1]}}, {"type": "Feature", "geometry": {"type": "Point", "coordinates": [3.20878, 41.232101]}, "properties": {"var_data": [0.162, 0.077, 0.018, 0.014, 1.146, 0.0, 1, 1, 1, 1, 1]}}, {"type": "Feature", "geometry": {"type": "Point", "coordinates": [3.24412, 41.232101]}, "properties": {"var_data": [0.146, 0.055, 0.026, 0.017, 1.339, 0.0, 1, 0, 1, 1, 1]}}, {"type": "Feature", "geometry": {"type": "Point", "coordinates": [3.27946, 41.232101]}, "properties": {"var_data": [0.112, -0.001, 0.036, 0.035, 1.842, 0.001, 1, 0, 1, 1, 1]}}, {"type": "Feature", "geometry": {"type": "Point", "coordinates": [1.93654, 41.259102]}, "properties": {"var_data": [-0.208, -0.155, 0.005, 0.006, 0.378, -0.0, 1, 1, 1, 1, 1]}}, {"type": "Feature", "geometry": {"type": "Point", "coordinates": [1.97188, 41.259102]}, "properties": {"var_data": [-0.225, -0.358, 0.005, 0.007, 0.513, -0.0, 1, 1, 1, 1, 1]}}, {"type": "Feature", "geometry": {"type": "Point", "coordinates": [2.00722, 41.259102]}, "properties": {"var_data": [-0.204, -0.388, 0.009, 0.029, 0.616, 0.0, 1, 1, 1, 1, 1]}}, {"type": "Feature", "geometry": {"type": "Point", "coordinates": [2.04256, 41.259102]}, "properties": {"var_data": [-0.144, -0.122, 0.006, 0.01, 0.434, -0.0, 1, 1, 1, 1, 1]}}, {"type": "Feature", "geometry": {"type": "Point", "coordinates": [2.0779, 41.259102]}, "properties": {"var_data": [-0.141, -0.106, 0.007, 0.005, 0.363, -0.0, 1, 1, 1, 1, 1]}}, {"type": "Feature", "geometry": {"type": "Point", "coordinates": [2.11324, 41.259102]}, "properties": {"var_data": [-0.103, -0.107, 0.005, 0.004, 0.296, -0.0, 1, 1, 1, 1, 1]}}, {"type": "Feature", "geometry": {"type": "Point", "coordinates": [2.14858, 41.259102]}, "properties": {"var_data": [-0.086, -0.097, 0.005, 0.004, 0.26, -0.0, 1, 1, 1, 1, 1]}}, {"type": "Feature", "geometry": {"type": "Point", "coordinates": [2.18392, 41.259102]}, "properties": {"var_data": [-0.036, -0.083, 0.004, 0.003, 0.238, -0.0, 1, 1, 1, 1, 1]}}, {"type": "Feature", "geometry": {"type": "Point", "coordinates": [2.21926, 41.259102]}, "properties": {"var_data": [-0.017, -0.064, 0.004, 0.004, 0.234, 0.0, 1, 1, 1, 1, 1]}}, {"type": "Feature", "geometry": {"type": "Point", "coordinates": [2.2546, 41.259102]}, "properties": {"var_data": [-0.01, -0.064, 0.003, 0.004, 0.242, 0.0, 1, 1, 1, 1, 1]}}, {"type": "Feature", "geometry": {"type": "Point", "coordinates": [2.28994, 41.259102]}, "properties": {"var_data": [0.001, -0.065, 0.003, 0.004, 0.264, 0.0, 1, 1, 1, 1, 1]}}, {"type": "Feature", "geometry": {"type": "Point", "coordinates": [2.32528, 41.259102]}, "properties": {"var_data": [-0.06, -0.045, 0.004, 0.004, 0.285, 0.0, 1, 1, 1, 1, 1]}}, {"type": "Feature", "geometry": {"type": "Point", "coordinates": [2.36062, 41.259102]}, "properties": {"var_data": [-0.181, 0.003, 0.007, 0.005, 0.349, -0.0, 1, 1, 1, 1, 1]}}, {"type": "Feature", "geometry": {"type": "Point", "coordinates": [2.39596, 41.259102]}, "properties": {"var_data": [-0.34, 0.067, 0.01, 0.007, 0.382, -0.0, 1, 1, 1, 1, 1]}}, {"type": "Feature", "geometry": {"type": "Point", "coordinates": [2.4313, 41.259102]}, "properties": {"var_data": [-0.232, 0.013, 0.008, 0.007, 0.331, 0.0, 1, 1, 1, 1, 1]}}, {"type": "Feature", "geometry": {"type": "Point", "coordinates": [2.46664, 41.259102]}, "properties": {"var_data": [-0.228, -0.012, 0.009, 0.004, 0.337, -0.0, 1, 1, 1, 1, 1]}}, {"type": "Feature", "geometry": {"type": "Point", "coordinates": [2.50198, 41.259102]}, "properties": {"var_data": [-0.193, -0.021, 0.008, 0.004, 0.339, -0.0, 1, 1, 1, 1, 1]}}, {"type": "Feature", "geometry": {"type": "Point", "coordinates": [2.53732, 41.259102]}, "properties": {"var_data": [-0.182, -0.024, 0.01, 0.005, 0.372, -0.0, 1, 1, 1, 1, 1]}}, {"type": "Feature", "geometry": {"type": "Point", "coordinates": [2.57266, 41.259102]}, "properties": {"var_data": [-0.131, -0.049, 0.005, 0.01, 0.41, 0.0, 1, 1, 1, 1, 1]}}, {"type": "Feature", "geometry": {"type": "Point", "coordinates": [2.608, 41.259102]}, "properties": {"var_data": [-0.196, 0.016, 0.005, 0.009, 0.428, 0.0, 1, 1, 1, 1, 1]}}, {"type": "Feature", "geometry": {"type": "Point", "coordinates": [2.64334, 41.259102]}, "properties": {"var_data": [-0.253, 0.013, 0.005, 0.01, 0.458, 0.0, 1, 0, 1, 1, 1]}}, {"type": "Feature", "geometry": {"type": "Point", "coordinates": [2.67868, 41.259102]}, "properties": {"var_data": [-0.236, -0.002, 0.005, 0.009, 0.465, 0.0, 1, 0, 1, 1, 1]}}, {"type": "Feature", "geometry": {"type": "Point", "coordinates": [2.71402, 41.259102]}, "properties": {"var_data": [-0.457, 0.041, 0.014, 0.011, 0.629, -0.0, 1, 0, 1, 1, 1]}}, {"type": "Feature", "geometry": {"type": "Point", "coordinates": [2.74936, 41.259102]}, "properties": {"var_data": [-0.424, -0.008, 0.014, 0.009, 0.573, -0.0, 1, 0, 1, 1, 1]}}, {"type": "Feature", "geometry": {"type": "Point", "coordinates": [2.7847, 41.259102]}, "properties": {"var_data": [-0.292, -0.069, 0.045, 0.015, 0.661, -0.0, 1, 0, 1, 1, 1]}}, {"type": "Feature", "geometry": {"type": "Point", "coordinates": [2.82004, 41.259102]}, "properties": {"var_data": [-0.307, -0.136, 0.046, 0.014, 0.619, -0.0, 1, 1, 1, 1, 1]}}, {"type": "Feature", "geometry": {"type": "Point", "coordinates": [2.85538, 41.259102]}, "properties": {"var_data": [-0.296, -0.148, 0.038, 0.013, 0.609, 0.0, 1, 1, 1, 1, 1]}}, {"type": "Feature", "geometry": {"type": "Point", "coordinates": [2.89072, 41.259102]}, "properties": {"var_data": [-0.277, -0.105, 0.035, 0.012, 0.501, 0.0, 1, 1, 1, 1, 1]}}, {"type": "Feature", "geometry": {"type": "Point", "coordinates": [2.92606, 41.259102]}, "properties": {"var_data": [-0.172, -0.085, 0.03, 0.012, 0.663, 0.0, 1, 1, 1, 1, 1]}}, {"type": "Feature", "geometry": {"type": "Point", "coordinates": [2.9614, 41.259102]}, "properties": {"var_data": [-0.119, -0.064, 0.023, 0.012, 0.757, 0.0, 1, 1, 1, 1, 1]}}, {"type": "Feature", "geometry": {"type": "Point", "coordinates": [2.99674, 41.259102]}, "properties": {"var_data": [-0.059, -0.057, 0.016, 0.012, 0.707, 0.0, 1, 1, 1, 1, 1]}}, {"type": "Feature", "geometry": {"type": "Point", "coordinates": [3.03208, 41.259102]}, "properties": {"var_data": [-0.02, -0.074, 0.017, 0.014, 0.79, 0.0, 1, 1, 1, 1, 1]}}, {"type": "Feature", "geometry": {"type": "Point", "coordinates": [3.06742, 41.259102]}, "properties": {"var_data": [0.094, -0.046, 0.03, 0.036, 0.896, 0.001, 1, 0, 1, 1, 1]}}, {"type": "Feature", "geometry": {"type": "Point", "coordinates": [3.10276, 41.259102]}, "properties": {"var_data": [0.105, -0.034, 0.013, 0.009, 0.852, 0.0, 1, 1, 1, 1, 1]}}, {"type": "Feature", "geometry": {"type": "Point", "coordinates": [3.1381, 41.259102]}, "properties": {"var_data": [0.135, 0.016, 0.016, 0.009, 0.913, 0.0, 1, 1, 1, 1, 1]}}, {"type": "Feature", "geometry": {"type": "Point", "coordinates": [3.17344, 41.259102]}, "properties": {"var_data": [0.155, 0.051, 0.02, 0.011, 1.1, 0.0, 1, 1, 1, 1, 1]}}, {"type": "Feature", "geometry": {"type": "Point", "coordinates": [3.20878, 41.259102]}, "properties": {"var_data": [0.173, 0.076, 0.019, 0.013, 1.294, 0.0, 1, 1, 1, 1, 1]}}, {"type": "Feature", "geometry": {"type": "Point", "coordinates": [3.24412, 41.259102]}, "properties": {"var_data": [0.123, 0.018, 0.03, 0.024, 1.405, 0.001, 1, 0, 1, 1, 1]}}, {"type": "Feature", "geometry": {"type": "Point", "coordinates": [3.3148, 41.259102]}, "properties": {"var_data": [0.016, -0.063, 0.012, 0.026, 1.153, 0.0, 1, 1, 1, 1, 1]}}, {"type": "Feature", "geometry": {"type": "Point", "coordinates": [3.35014, 41.259102]}, "properties": {"var_data": [0.028, -0.055, 0.016, 0.036, 1.251, 0.001, 1, 1, 1, 1, 1]}}, {"type": "Feature", "geometry": {"type": "Point", "coordinates": [2.11324, 41.286098]}, "properties": {"var_data": [-0.127, -0.097, 0.007, 0.004, 0.329, -0.0, 1, 1, 1, 1, 1]}}, {"type": "Feature", "geometry": {"type": "Point", "coordinates": [2.14858, 41.286098]}, "properties": {"var_data": [-0.068, -0.096, 0.005, 0.004, 0.262, 0.0, 1, 1, 1, 1, 1]}}, {"type": "Feature", "geometry": {"type": "Point", "coordinates": [2.18392, 41.286098]}, "properties": {"var_data": [-0.016, -0.079, 0.005, 0.004, 0.239, 0.0, 1, 1, 1, 1, 1]}}, {"type": "Feature", "geometry": {"type": "Point", "coordinates": [2.21926, 41.286098]}, "properties": {"var_data": [-0.0, -0.065, 0.004, 0.004, 0.237, 0.0, 1, 1, 1, 1, 1]}}, {"type": "Feature", "geometry": {"type": "Point", "coordinates": [2.2546, 41.286098]}, "properties": {"var_data": [-0.011, -0.051, 0.003, 0.004, 0.248, 0.0, 1, 1, 1, 1, 1]}}, {"type": "Feature", "geometry": {"type": "Point", "coordinates": [2.28994, 41.286098]}, "properties": {"var_data": [-0.022, -0.05, 0.003, 0.004, 0.257, 0.0, 1, 1, 1, 1, 1]}}, {"type": "Feature", "geometry": {"type": "Point", "coordinates": [2.32528, 41.286098]}, "properties": {"var_data": [-0.058, -0.047, 0.004, 0.004, 0.3, 0.0, 1, 1, 1, 1, 1]}}, {"type": "Feature", "geometry": {"type": "Point", "coordinates": [2.36062, 41.286098]}, "properties": {"var_data": [-0.204, 0.017, 0.009, 0.008, 0.4, -0.0, 1, 1, 1, 1, 1]}}, {"type": "Feature", "geometry": {"type": "Point", "coordinates": [2.39596, 41.286098]}, "properties": {"var_data": [-0.218, 0.021, 0.028, 0.013, 0.394, -0.0, 1, 1, 1, 1, 1]}}, {"type": "Feature", "geometry": {"type": "Point", "coordinates": [2.4313, 41.286098]}, "properties": {"var_data": [-0.279, 0.013, 0.019, 0.009, 0.352, -0.0, 1, 1, 1, 1, 1]}}, {"type": "Feature", "geometry": {"type": "Point", "coordinates": [2.46664, 41.286098]}, "properties": {"var_data": [-0.203, -0.023, 0.001, 0.008, 0.325, 0.0, 1, 1, 1, 1, 1]}}, {"type": "Feature", "geometry": {"type": "Point", "coordinates": [2.50198, 41.286098]}, "properties": {"var_data": [-0.199, -0.029, 0.008, 0.009, 0.319, -0.0, 1, 1, 1, 1, 1]}}, {"type": "Feature", "geometry": {"type": "Point", "coordinates": [2.53732, 41.286098]}, "properties": {"var_data": [-0.139, -0.037, 0.006, 0.009, 0.315, -0.0, 1, 1, 1, 1, 1]}}, {"type": "Feature", "geometry": {"type": "Point", "coordinates": [2.57266, 41.286098]}, "properties": {"var_data": [-0.112, -0.047, 0.006, 0.01, 0.352, -0.0, 1, 1, 1, 1, 1]}}, {"type": "Feature", "geometry": {"type": "Point", "coordinates": [2.608, 41.286098]}, "properties": {"var_data": [-0.112, -0.017, 0.004, 0.009, 0.364, 0.0, 1, 1, 1, 1, 1]}}, {"type": "Feature", "geometry": {"type": "Point", "coordinates": [2.64334, 41.286098]}, "properties": {"var_data": [-0.172, 0.001, 0.004, 0.009, 0.381, 0.0, 1, 1, 1, 1, 1]}}, {"type": "Feature", "geometry": {"type": "Point", "coordinates": [2.67868, 41.286098]}, "properties": {"var_data": [-0.271, 0.029, 0.011, 0.011, 0.39, -0.0, 1, 1, 1, 1, 1]}}, {"type": "Feature", "geometry": {"type": "Point", "coordinates": [2.71402, 41.286098]}, "properties": {"var_data": [-0.478, 0.075, 0.014, 0.007, 0.478, -0.0, 1, 1, 1, 1, 1]}}, {"type": "Feature", "geometry": {"type": "Point", "coordinates": [2.74936, 41.286098]}, "properties": {"var_data": [-0.314, -0.013, 0.014, 0.007, 0.457, -0.0, 1, 1, 1, 1, 1]}}, {"type": "Feature", "geometry": {"type": "Point", "coordinates": [2.7847, 41.286098]}, "properties": {"var_data": [-0.253, -0.067, 0.031, 0.008, 0.485, -0.0, 1, 1, 1, 1, 1]}}, {"type": "Feature", "geometry": {"type": "Point", "coordinates": [2.82004, 41.286098]}, "properties": {"var_data": [-0.236, -0.11, 0.026, 0.007, 0.565, -0.0, 1, 1, 1, 1, 1]}}, {"type": "Feature", "geometry": {"type": "Point", "coordinates": [2.85538, 41.286098]}, "properties": {"var_data": [-0.244, -0.115, 0.027, 0.014, 0.565, 0.0, 1, 1, 1, 1, 1]}}, {"type": "Feature", "geometry": {"type": "Point", "coordinates": [2.89072, 41.286098]}, "properties": {"var_data": [-0.241, -0.102, 0.027, 0.012, 0.56, 0.0, 1, 1, 1, 1, 1]}}, {"type": "Feature", "geometry": {"type": "Point", "coordinates": [2.92606, 41.286098]}, "properties": {"var_data": [-0.168, -0.093, 0.022, 0.011, 0.607, 0.0, 1, 1, 1, 1, 1]}}, {"type": "Feature", "geometry": {"type": "Point", "coordinates": [2.9614, 41.286098]}, "properties": {"var_data": [-0.147, -0.09, 0.019, 0.01, 0.728, 0.0, 1, 1, 1, 1, 1]}}, {"type": "Feature", "geometry": {"type": "Point", "coordinates": [2.99674, 41.286098]}, "properties": {"var_data": [-0.072, -0.08, 0.013, 0.01, 0.618, 0.0, 1, 1, 1, 1, 1]}}, {"type": "Feature", "geometry": {"type": "Point", "coordinates": [3.03208, 41.286098]}, "properties": {"var_data": [-0.009, -0.071, 0.013, 0.013, 0.653, 0.0, 1, 1, 1, 1, 1]}}, {"type": "Feature", "geometry": {"type": "Point", "coordinates": [3.06742, 41.286098]}, "properties": {"var_data": [0.03, -0.06, 0.018, 0.022, 0.803, 0.0, 1, 1, 1, 1, 1]}}, {"type": "Feature", "geometry": {"type": "Point", "coordinates": [3.10276, 41.286098]}, "properties": {"var_data": [0.113, -0.025, 0.013, 0.009, 0.789, 0.0, 1, 0, 1, 1, 1]}}, {"type": "Feature", "geometry": {"type": "Point", "coordinates": [3.1381, 41.286098]}, "properties": {"var_data": [0.131, -0.016, 0.015, 0.009, 0.864, 0.0, 1, 1, 1, 1, 1]}}, {"type": "Feature", "geometry": {"type": "Point", "coordinates": [3.17344, 41.286098]}, "properties": {"var_data": [0.167, 0.023, 0.019, 0.011, 1.102, 0.0, 1, 1, 1, 1, 1]}}, {"type": "Feature", "geometry": {"type": "Point", "coordinates": [3.20878, 41.286098]}, "properties": {"var_data": [0.02, -0.063, 0.015, 0.009, 0.993, 0.0, 1, 1, 1, 1, 1]}}, {"type": "Feature", "geometry": {"type": "Point", "coordinates": [3.24412, 41.286098]}, "properties": {"var_data": [0.012, -0.086, 0.014, 0.016, 0.955, 0.0, 1, 1, 1, 1, 1]}}, {"type": "Feature", "geometry": {"type": "Point", "coordinates": [3.27946, 41.286098]}, "properties": {"var_data": [0.019, -0.094, 0.011, 0.019, 0.935, 0.0, 1, 1, 1, 1, 1]}}, {"type": "Feature", "geometry": {"type": "Point", "coordinates": [3.3148, 41.286098]}, "properties": {"var_data": [0.015, -0.094, 0.013, 0.027, 1.119, 0.0, 1, 1, 1, 1, 1]}}, {"type": "Feature", "geometry": {"type": "Point", "coordinates": [3.35014, 41.286098]}, "properties": {"var_data": [0.015, -0.115, 0.019, 0.041, 1.221, 0.001, 1, 1, 1, 1, 1]}}, {"type": "Feature", "geometry": {"type": "Point", "coordinates": [3.38548, 41.286098]}, "properties": {"var_data": [0.052, -0.038, 0.017, 0.037, 1.378, 0.001, 1, 1, 1, 1, 1]}}, {"type": "Feature", "geometry": {"type": "Point", "coordinates": [3.42082, 41.286098]}, "properties": {"var_data": [0.081, -0.029, 0.013, 0.028, 1.824, 0.0, 1, 0, 1, 1, 1]}}, {"type": "Feature", "geometry": {"type": "Point", "coordinates": [3.45616, 41.286098]}, "properties": {"var_data": [0.03, -0.098, 0.135, 0.136, 2.873, 0.018, 4, 1, 4, 1, 1]}}, {"type": "Feature", "geometry": {"type": "Point", "coordinates": [2.18392, 41.313099]}, "properties": {"var_data": [-0.006, -0.067, 0.003, 0.003, 0.248, -0.0, 1, 1, 1, 1, 1]}}, {"type": "Feature", "geometry": {"type": "Point", "coordinates": [2.21926, 41.313099]}, "properties": {"var_data": [0.007, -0.051, 0.002, 0.003, 0.231, -0.0, 1, 1, 1, 1, 1]}}, {"type": "Feature", "geometry": {"type": "Point", "coordinates": [2.2546, 41.313099]}, "properties": {"var_data": [-0.002, -0.048, 0.003, 0.004, 0.246, 0.0, 1, 1, 1, 1, 1]}}, {"type": "Feature", "geometry": {"type": "Point", "coordinates": [2.28994, 41.313099]}, "properties": {"var_data": [-0.011, -0.043, 0.003, 0.004, 0.287, 0.0, 1, 1, 1, 1, 1]}}, {"type": "Feature", "geometry": {"type": "Point", "coordinates": [2.32528, 41.313099]}, "properties": {"var_data": [-0.042, -0.039, 0.005, 0.005, 0.324, -0.0, 1, 1, 1, 1, 1]}}, {"type": "Feature", "geometry": {"type": "Point", "coordinates": [2.36062, 41.313099]}, "properties": {"var_data": [-0.06, -0.042, 0.006, 0.007, 0.32, -0.0, 1, 1, 1, 1, 1]}}, {"type": "Feature", "geometry": {"type": "Point", "coordinates": [2.39596, 41.313099]}, "properties": {"var_data": [-0.082, -0.027, 0.01, 0.008, 0.336, -0.0, 1, 1, 1, 1, 1]}}, {"type": "Feature", "geometry": {"type": "Point", "coordinates": [2.4313, 41.313099]}, "properties": {"var_data": [-0.087, -0.026, 0.001, 0.007, 0.295, 0.0, 1, 1, 1, 1, 1]}}, {"type": "Feature", "geometry": {"type": "Point", "coordinates": [2.46664, 41.313099]}, "properties": {"var_data": [-0.106, -0.025, 0.001, 0.007, 0.289, 0.0, 1, 1, 1, 1, 1]}}, {"type": "Feature", "geometry": {"type": "Point", "coordinates": [2.50198, 41.313099]}, "properties": {"var_data": [-0.117, -0.023, 0.001, 0.007, 0.28, 0.0, 1, 1, 1, 1, 1]}}, {"type": "Feature", "geometry": {"type": "Point", "coordinates": [2.53732, 41.313099]}, "properties": {"var_data": [-0.089, -0.045, 0.001, 0.007, 0.29, 0.0, 1, 1, 1, 1, 1]}}, {"type": "Feature", "geometry": {"type": "Point", "coordinates": [2.57266, 41.313099]}, "properties": {"var_data": [-0.05, -0.035, 0.005, 0.007, 0.316, -0.0, 1, 1, 1, 1, 1]}}, {"type": "Feature", "geometry": {"type": "Point", "coordinates": [2.608, 41.313099]}, "properties": {"var_data": [-0.063, -0.028, 0.005, 0.008, 0.388, -0.0, 1, 1, 1, 1, 1]}}, {"type": "Feature", "geometry": {"type": "Point", "coordinates": [2.64334, 41.313099]}, "properties": {"var_data": [-0.087, -0.005, 0.007, 0.007, 0.362, -0.0, 1, 1, 1, 1, 1]}}, {"type": "Feature", "geometry": {"type": "Point", "coordinates": [2.67868, 41.313099]}, "properties": {"var_data": [-0.17, 0.014, 0.007, 0.004, 0.376, 0.0, 1, 1, 1, 1, 1]}}, {"type": "Feature", "geometry": {"type": "Point", "coordinates": [2.71402, 41.313099]}, "properties": {"var_data": [-0.26, 0.021, 0.006, 0.004, 0.378, 0.0, 1, 1, 1, 1, 1]}}, {"type": "Feature", "geometry": {"type": "Point", "coordinates": [2.74936, 41.313099]}, "properties": {"var_data": [-0.352, 0.01, 0.006, 0.003, 0.391, 0.0, 1, 1, 1, 1, 1]}}, {"type": "Feature", "geometry": {"type": "Point", "coordinates": [2.7847, 41.313099]}, "properties": {"var_data": [-0.338, -0.029, 0.021, 0.006, 0.396, -0.0, 1, 1, 1, 1, 1]}}, {"type": "Feature", "geometry": {"type": "Point", "coordinates": [2.82004, 41.313099]}, "properties": {"var_data": [-0.354, -0.053, 0.02, 0.006, 0.392, -0.0, 1, 1, 1, 1, 1]}}, {"type": "Feature", "geometry": {"type": "Point", "coordinates": [2.85538, 41.313099]}, "properties": {"var_data": [-0.288, -0.079, 0.02, 0.006, 0.441, -0.0, 1, 1, 1, 1, 1]}}, {"type": "Feature", "geometry": {"type": "Point", "coordinates": [2.89072, 41.313099]}, "properties": {"var_data": [-0.23, -0.098, 0.019, 0.015, 0.503, 0.0, 1, 1, 1, 1, 1]}}, {"type": "Feature", "geometry": {"type": "Point", "coordinates": [2.92606, 41.313099]}, "properties": {"var_data": [-0.158, -0.095, 0.016, 0.009, 0.47, 0.0, 1, 1, 1, 1, 1]}}, {"type": "Feature", "geometry": {"type": "Point", "coordinates": [2.9614, 41.313099]}, "properties": {"var_data": [-0.061, -0.075, 0.011, 0.009, 0.533, 0.0, 1, 1, 1, 1, 1]}}, {"type": "Feature", "geometry": {"type": "Point", "coordinates": [2.99674, 41.313099]}, "properties": {"var_data": [-0.077, -0.075, 0.012, 0.011, 0.611, 0.0, 1, 1, 1, 1, 1]}}, {"type": "Feature", "geometry": {"type": "Point", "coordinates": [3.03208, 41.313099]}, "properties": {"var_data": [-0.015, -0.047, 0.01, 0.01, 0.585, 0.0, 1, 1, 1, 1, 1]}}, {"type": "Feature", "geometry": {"type": "Point", "coordinates": [3.06742, 41.313099]}, "properties": {"var_data": [0.035, -0.04, 0.015, 0.019, 0.662, 0.0, 1, 1, 1, 1, 1]}}, {"type": "Feature", "geometry": {"type": "Point", "coordinates": [3.10276, 41.313099]}, "properties": {"var_data": [0.062, -0.058, 0.011, 0.008, 0.744, 0.0, 1, 1, 1, 1, 1]}}, {"type": "Feature", "geometry": {"type": "Point", "coordinates": [3.1381, 41.313099]}, "properties": {"var_data": [0.112, -0.018, 0.015, 0.009, 0.723, 0.0, 1, 1, 1, 1, 1]}}, {"type": "Feature", "geometry": {"type": "Point", "coordinates": [3.17344, 41.313099]}, "properties": {"var_data": [0.06, -0.042, 0.018, 0.01, 0.84, 0.0, 1, 1, 1, 1, 1]}}, {"type": "Feature", "geometry": {"type": "Point", "coordinates": [3.20878, 41.313099]}, "properties": {"var_data": [-0.01, -0.111, 0.012, 0.008, 0.87, 0.0, 1, 1, 1, 1, 1]}}, {"type": "Feature", "geometry": {"type": "Point", "coordinates": [3.24412, 41.313099]}, "properties": {"var_data": [0.003, -0.104, 0.013, 0.016, 0.89, 0.0, 1, 1, 1, 1, 1]}}, {"type": "Feature", "geometry": {"type": "Point", "coordinates": [3.27946, 41.313099]}, "properties": {"var_data": [-0.037, -0.178, 0.013, 0.024, 1.017, 0.0, 1, 1, 1, 1, 1]}}, {"type": "Feature", "geometry": {"type": "Point", "coordinates": [3.3148, 41.313099]}, "properties": {"var_data": [-0.001, -0.124, 0.011, 0.023, 1.008, 0.0, 1, 1, 1, 1, 1]}}, {"type": "Feature", "geometry": {"type": "Point", "coordinates": [3.35014, 41.313099]}, "properties": {"var_data": [0.039, -0.07, 0.014, 0.03, 1.168, 0.0, 1, 1, 1, 1, 1]}}, {"type": "Feature", "geometry": {"type": "Point", "coordinates": [3.38548, 41.313099]}, "properties": {"var_data": [0.044, -0.054, 0.018, 0.038, 1.244, 0.001, 1, 1, 1, 1, 1]}}, {"type": "Feature", "geometry": {"type": "Point", "coordinates": [3.42082, 41.313099]}, "properties": {"var_data": [0.055, -0.041, 0.016, 0.035, 1.556, 0.001, 1, 0, 1, 1, 1]}}, {"type": "Feature", "geometry": {"type": "Point", "coordinates": [3.45616, 41.313099]}, "properties": {"var_data": [-0.017, -0.157, 0.12, 0.122, 2.805, 0.015, 4, 0, 4, 1, 1]}}, {"type": "Feature", "geometry": {"type": "Point", "coordinates": [2.18392, 41.340099]}, "properties": {"var_data": [0.013, -0.052, 0.003, 0.003, 0.278, -0.0, 1, 1, 1, 1, 1]}}, {"type": "Feature", "geometry": {"type": "Point", "coordinates": [2.21926, 41.340099]}, "properties": {"var_data": [0.014, -0.045, 0.003, 0.004, 0.278, -0.0, 1, 1, 1, 1, 1]}}, {"type": "Feature", "geometry": {"type": "Point", "coordinates": [2.2546, 41.340099]}, "properties": {"var_data": [0.018, -0.059, 0.003, 0.005, 0.307, -0.0, 1, 1, 1, 1, 1]}}, {"type": "Feature", "geometry": {"type": "Point", "coordinates": [2.28994, 41.340099]}, "properties": {"var_data": [0.03, -0.066, 0.004, 0.006, 0.318, -0.0, 1, 1, 1, 1, 1]}}, {"type": "Feature", "geometry": {"type": "Point", "coordinates": [2.32528, 41.340099]}, "properties": {"var_data": [0.043, -0.077, 0.005, 0.007, 0.317, -0.0, 1, 1, 1, 1, 1]}}, {"type": "Feature", "geometry": {"type": "Point", "coordinates": [2.36062, 41.340099]}, "properties": {"var_data": [0.005, -0.058, 0.006, 0.008, 0.309, -0.0, 1, 1, 1, 1, 1]}}, {"type": "Feature", "geometry": {"type": "Point", "coordinates": [2.39596, 41.340099]}, "properties": {"var_data": [0.004, -0.062, 0.006, 0.008, 0.312, -0.0, 1, 1, 1, 1, 1]}}, {"type": "Feature", "geometry": {"type": "Point", "coordinates": [2.4313, 41.340099]}, "properties": {"var_data": [-0.005, -0.045, 0.001, 0.007, 0.286, 0.0, 1, 1, 1, 1, 1]}}, {"type": "Feature", "geometry": {"type": "Point", "coordinates": [2.46664, 41.340099]}, "properties": {"var_data": [-0.053, -0.018, 0.001, 0.008, 0.262, 0.0, 1, 1, 1, 1, 1]}}, {"type": "Feature", "geometry": {"type": "Point", "coordinates": [2.50198, 41.340099]}, "properties": {"var_data": [-0.077, -0.022, 0.001, 0.008, 0.258, 0.0, 1, 1, 1, 1, 1]}}, {"type": "Feature", "geometry": {"type": "Point", "coordinates": [2.53732, 41.340099]}, "properties": {"var_data": [-0.069, -0.022, 0.001, 0.007, 0.269, 0.0, 1, 1, 1, 1, 1]}}, {"type": "Feature", "geometry": {"type": "Point", "coordinates": [2.57266, 41.340099]}, "properties": {"var_data": [-0.044, -0.034, 0.005, 0.008, 0.312, -0.0, 1, 1, 1, 1, 1]}}, {"type": "Feature", "geometry": {"type": "Point", "coordinates": [2.608, 41.340099]}, "properties": {"var_data": [-0.073, 0.016, 0.005, 0.007, 0.35, -0.0, 1, 1, 1, 1, 1]}}, {"type": "Feature", "geometry": {"type": "Point", "coordinates": [2.64334, 41.340099]}, "properties": {"var_data": [-0.074, 0.018, 0.006, 0.004, 0.335, 0.0, 1, 1, 1, 1, 1]}}, {"type": "Feature", "geometry": {"type": "Point", "coordinates": [2.67868, 41.340099]}, "properties": {"var_data": [-0.12, 0.02, 0.007, 0.005, 0.329, 0.0, 1, 1, 1, 1, 1]}}, {"type": "Feature", "geometry": {"type": "Point", "coordinates": [2.71402, 41.340099]}, "properties": {"var_data": [-0.203, 0.028, 0.006, 0.004, 0.313, 0.0, 1, 1, 1, 1, 1]}}, {"type": "Feature", "geometry": {"type": "Point", "coordinates": [2.74936, 41.340099]}, "properties": {"var_data": [-0.249, 0.018, 0.006, 0.003, 0.328, 0.0, 1, 1, 1, 1, 1]}}, {"type": "Feature", "geometry": {"type": "Point", "coordinates": [2.7847, 41.340099]}, "properties": {"var_data": [-0.245, 0.007, 0.008, 0.004, 0.323, -0.0, 1, 1, 1, 1, 1]}}, {"type": "Feature", "geometry": {"type": "Point", "coordinates": [2.82004, 41.340099]}, "properties": {"var_data": [-0.202, -0.003, 0.004, 0.004, 0.346, 0.0, 1, 1, 1, 1, 1]}}, {"type": "Feature", "geometry": {"type": "Point", "coordinates": [2.85538, 41.340099]}, "properties": {"var_data": [-0.21, -0.041, 0.004, 0.004, 0.354, 0.0, 1, 1, 1, 1, 1]}}, {"type": "Feature", "geometry": {"type": "Point", "coordinates": [2.89072, 41.340099]}, "properties": {"var_data": [-0.114, -0.075, 0.006, 0.012, 0.384, 0.0, 1, 1, 1, 1, 1]}}, {"type": "Feature", "geometry": {"type": "Point", "coordinates": [2.92606, 41.340099]}, "properties": {"var_data": [-0.123, -0.081, 0.017, 0.012, 0.51, 0.0, 1, 1, 1, 1, 1]}}, {"type": "Feature", "geometry": {"type": "Point", "coordinates": [2.9614, 41.340099]}, "properties": {"var_data": [-0.075, -0.069, 0.01, 0.012, 0.471, 0.0, 1, 1, 1, 1, 1]}}, {"type": "Feature", "geometry": {"type": "Point", "coordinates": [2.99674, 41.340099]}, "properties": {"var_data": [-0.044, -0.059, 0.009, 0.01, 0.469, 0.0, 1, 1, 1, 1, 1]}}, {"type": "Feature", "geometry": {"type": "Point", "coordinates": [3.03208, 41.340099]}, "properties": {"var_data": [-0.033, -0.046, 0.011, 0.013, 0.565, 0.0, 1, 1, 1, 1, 1]}}, {"type": "Feature", "geometry": {"type": "Point", "coordinates": [3.06742, 41.340099]}, "properties": {"var_data": [0.021, -0.049, 0.013, 0.016, 0.541, 0.0, 1, 1, 1, 1, 1]}}, {"type": "Feature", "geometry": {"type": "Point", "coordinates": [3.10276, 41.340099]}, "properties": {"var_data": [0.078, -0.011, 0.014, 0.018, 0.669, 0.0, 1, 1, 1, 1, 1]}}, {"type": "Feature", "geometry": {"type": "Point", "coordinates": [3.1381, 41.340099]}, "properties": {"var_data": [0.076, -0.027, 0.017, 0.01, 0.741, 0.0, 1, 1, 1, 1, 1]}}, {"type": "Feature", "geometry": {"type": "Point", "coordinates": [3.17344, 41.340099]}, "properties": {"var_data": [0.022, -0.081, 0.018, 0.01, 0.664, 0.0, 1, 1, 1, 1, 1]}}, {"type": "Feature", "geometry": {"type": "Point", "coordinates": [3.20878, 41.340099]}, "properties": {"var_data": [0.001, -0.106, 0.015, 0.021, 0.7, 0.0, 1, 1, 1, 1, 1]}}, {"type": "Feature", "geometry": {"type": "Point", "coordinates": [3.24412, 41.340099]}, "properties": {"var_data": [0.017, -0.109, 0.013, 0.017, 0.742, 0.0, 1, 1, 1, 1, 1]}}, {"type": "Feature", "geometry": {"type": "Point", "coordinates": [3.27946, 41.340099]}, "properties": {"var_data": [-0.014, -0.166, 0.016, 0.024, 0.924, 0.0, 1, 1, 1, 1, 1]}}, {"type": "Feature", "geometry": {"type": "Point", "coordinates": [3.3148, 41.340099]}, "properties": {"var_data": [0.008, -0.141, 0.013, 0.026, 1.012, 0.0, 1, 1, 1, 1, 1]}}, {"type": "Feature", "geometry": {"type": "Point", "coordinates": [3.35014, 41.340099]}, "properties": {"var_data": [0.025, -0.122, 0.014, 0.031, 1.096, 0.0, 1, 1, 1, 1, 1]}}, {"type": "Feature", "geometry": {"type": "Point", "coordinates": [3.38548, 41.340099]}, "properties": {"var_data": [0.006, -0.177, 0.018, 0.038, 1.568, 0.001, 1, 0, 1, 1, 1]}}, {"type": "Feature", "geometry": {"type": "Point", "coordinates": [3.42082, 41.340099]}, "properties": {"var_data": [0.025, -0.148, 0.036, 0.048, 2.335, 0.002, 4, 0, 4, 1, 1]}}, {"type": "Feature", "geometry": {"type": "Point", "coordinates": [3.45616, 41.340099]}, "properties": {"var_data": [-0.042, -0.232, 0.036, 0.049, 2.456, 0.002, 4, 0, 4, 1, 1]}}, {"type": "Feature", "geometry": {"type": "Point", "coordinates": [3.63286, 41.340099]}, "properties": {"var_data": [-0.196, -0.578, 0.176, 0.242, 2.296, 0.042, 4, 0, 4, 1, 1]}}, {"type": "Feature", "geometry": {"type": "Point", "coordinates": [3.6682, 41.340099]}, "properties": {"var_data": [-0.169, -0.567, 0.194, 0.266, 2.352, 0.052, 4, 0, 4, 1, 1]}}, {"type": "Feature", "geometry": {"type": "Point", "coordinates": [2.21926, 41.3671]}, "properties": {"var_data": [0.036, -0.074, 0.004, 0.005, 0.4, -0.0, 1, 1, 1, 1, 1]}}, {"type": "Feature", "geometry": {"type": "Point", "coordinates": [2.2546, 41.3671]}, "properties": {"var_data": [0.042, -0.092, 0.005, 0.01, 0.394, -0.0, 1, 1, 1, 1, 1]}}, {"type": "Feature", "geometry": {"type": "Point", "coordinates": [2.28994, 41.3671]}, "properties": {"var_data": [0.05, -0.117, 0.004, 0.009, 0.361, -0.0, 1, 1, 1, 1, 1]}}, {"type": "Feature", "geometry": {"type": "Point", "coordinates": [2.32528, 41.3671]}, "properties": {"var_data": [0.046, -0.099, 0.005, 0.009, 0.326, -0.0, 1, 1, 1, 1, 1]}}, {"type": "Feature", "geometry": {"type": "Point", "coordinates": [2.36062, 41.3671]}, "properties": {"var_data": [0.07, -0.099, 0.005, 0.008, 0.317, -0.0, 1, 1, 1, 1, 1]}}, {"type": "Feature", "geometry": {"type": "Point", "coordinates": [2.39596, 41.3671]}, "properties": {"var_data": [0.058, -0.077, 0.005, 0.008, 0.293, -0.0, 1, 1, 1, 1, 1]}}, {"type": "Feature", "geometry": {"type": "Point", "coordinates": [2.4313, 41.3671]}, "properties": {"var_data": [0.053, -0.06, 0.001, 0.007, 0.274, 0.0, 1, 1, 1, 1, 1]}}, {"type": "Feature", "geometry": {"type": "Point", "coordinates": [2.46664, 41.3671]}, "properties": {"var_data": [0.029, -0.044, 0.001, 0.007, 0.258, 0.0, 1, 1, 1, 1, 1]}}, {"type": "Feature", "geometry": {"type": "Point", "coordinates": [2.50198, 41.3671]}, "properties": {"var_data": [0.026, -0.048, 0.001, 0.007, 0.264, 0.0, 1, 1, 1, 1, 1]}}, {"type": "Feature", "geometry": {"type": "Point", "coordinates": [2.53732, 41.3671]}, "properties": {"var_data": [0.019, -0.046, 0.001, 0.007, 0.278, 0.0, 1, 1, 1, 1, 1]}}, {"type": "Feature", "geometry": {"type": "Point", "coordinates": [2.57266, 41.3671]}, "properties": {"var_data": [-0.033, -0.023, 0.005, 0.008, 0.304, -0.0, 1, 1, 1, 1, 1]}}, {"type": "Feature", "geometry": {"type": "Point", "coordinates": [2.608, 41.3671]}, "properties": {"var_data": [-0.041, -0.014, 0.005, 0.008, 0.342, -0.0, 1, 1, 1, 1, 1]}}, {"type": "Feature", "geometry": {"type": "Point", "coordinates": [2.64334, 41.3671]}, "properties": {"var_data": [-0.069, -0.013, 0.005, 0.004, 0.309, 0.0, 1, 1, 1, 1, 1]}}, {"type": "Feature", "geometry": {"type": "Point", "coordinates": [2.67868, 41.3671]}, "properties": {"var_data": [-0.111, 0.009, 0.006, 0.005, 0.286, 0.0, 1, 1, 1, 1, 1]}}, {"type": "Feature", "geometry": {"type": "Point", "coordinates": [2.71402, 41.3671]}, "properties": {"var_data": [-0.132, 0.007, 0.006, 0.004, 0.28, 0.0, 1, 1, 1, 1, 1]}}, {"type": "Feature", "geometry": {"type": "Point", "coordinates": [2.74936, 41.3671]}, "properties": {"var_data": [-0.144, 0.014, 0.005, 0.003, 0.275, 0.0, 1, 1, 1, 1, 1]}}, {"type": "Feature", "geometry": {"type": "Point", "coordinates": [2.7847, 41.3671]}, "properties": {"var_data": [-0.135, 0.019, 0.003, 0.003, 0.27, 0.0, 1, 1, 1, 1, 1]}}, {"type": "Feature", "geometry": {"type": "Point", "coordinates": [2.82004, 41.3671]}, "properties": {"var_data": [-0.133, 0.034, 0.004, 0.004, 0.29, 0.0, 1, 1, 1, 1, 1]}}, {"type": "Feature", "geometry": {"type": "Point", "coordinates": [2.85538, 41.3671]}, "properties": {"var_data": [-0.112, 0.014, 0.004, 0.004, 0.319, 0.0, 1, 1, 1, 1, 1]}}, {"type": "Feature", "geometry": {"type": "Point", "coordinates": [2.89072, 41.3671]}, "properties": {"var_data": [-0.102, -0.024, 0.006, 0.008, 0.379, 0.0, 1, 1, 1, 1, 1]}}, {"type": "Feature", "geometry": {"type": "Point", "coordinates": [2.92606, 41.3671]}, "properties": {"var_data": [-0.038, -0.023, 0.006, 0.011, 0.406, 0.0, 1, 1, 1, 1, 1]}}, {"type": "Feature", "geometry": {"type": "Point", "coordinates": [2.9614, 41.3671]}, "properties": {"var_data": [-0.006, -0.012, 0.012, 0.013, 0.448, 0.0, 1, 1, 1, 1, 1]}}, {"type": "Feature", "geometry": {"type": "Point", "coordinates": [2.99674, 41.3671]}, "properties": {"var_data": [-0.007, -0.024, 0.01, 0.012, 0.429, 0.0, 1, 1, 1, 1, 1]}}, {"type": "Feature", "geometry": {"type": "Point", "coordinates": [3.03208, 41.3671]}, "properties": {"var_data": [-0.012, -0.031, 0.009, 0.011, 0.447, 0.0, 1, 1, 1, 1, 1]}}, {"type": "Feature", "geometry": {"type": "Point", "coordinates": [3.06742, 41.3671]}, "properties": {"var_data": [0.006, -0.043, 0.014, 0.018, 0.568, 0.0, 1, 1, 1, 1, 1]}}, {"type": "Feature", "geometry": {"type": "Point", "coordinates": [3.10276, 41.3671]}, "properties": {"var_data": [0.069, 0.007, 0.013, 0.014, 0.622, 0.0, 1, 1, 1, 1, 1]}}, {"type": "Feature", "geometry": {"type": "Point", "coordinates": [3.1381, 41.3671]}, "properties": {"var_data": [0.036, -0.076, 0.017, 0.016, 0.637, 0.0, 1, 1, 1, 1, 1]}}, {"type": "Feature", "geometry": {"type": "Point", "coordinates": [3.17344, 41.3671]}, "properties": {"var_data": [0.032, -0.096, 0.018, 0.018, 0.633, 0.0, 1, 1, 1, 1, 1]}}, {"type": "Feature", "geometry": {"type": "Point", "coordinates": [3.20878, 41.3671]}, "properties": {"var_data": [0.028, -0.117, 0.023, 0.038, 0.689, 0.001, 1, 1, 1, 1, 1]}}, {"type": "Feature", "geometry": {"type": "Point", "coordinates": [3.24412, 41.3671]}, "properties": {"var_data": [0.011, -0.156, 0.018, 0.031, 0.685, 0.001, 1, 1, 1, 1, 1]}}, {"type": "Feature", "geometry": {"type": "Point", "coordinates": [3.27946, 41.3671]}, "properties": {"var_data": [0.025, -0.175, 0.021, 0.035, 0.835, 0.001, 1, 1, 1, 1, 1]}}, {"type": "Feature", "geometry": {"type": "Point", "coordinates": [3.3148, 41.3671]}, "properties": {"var_data": [0.1, -0.107, 0.04, 0.042, 0.922, 0.002, 1, 1, 1, 1, 1]}}, {"type": "Feature", "geometry": {"type": "Point", "coordinates": [3.35014, 41.3671]}, "properties": {"var_data": [0.08, -0.127, 0.029, 0.035, 1.065, 0.001, 1, 0, 1, 1, 1]}}, {"type": "Feature", "geometry": {"type": "Point", "coordinates": [3.38548, 41.3671]}, "properties": {"var_data": [-0.036, -0.256, 0.034, 0.045, 1.304, 0.001, 1, 0, 1, 1, 1]}}, {"type": "Feature", "geometry": {"type": "Point", "coordinates": [3.42082, 41.3671]}, "properties": {"var_data": [-0.063, -0.265, 0.034, 0.046, 1.263, 0.001, 1, 0, 1, 1, 1]}}, {"type": "Feature", "geometry": {"type": "Point", "coordinates": [3.45616, 41.3671]}, "properties": {"var_data": [-0.071, -0.273, 0.04, 0.062, 2.805, 0.002, 4, 0, 4, 1, 1]}}, {"type": "Feature", "geometry": {"type": "Point", "coordinates": [3.4915, 41.3671]}, "properties": {"var_data": [-0.053, -0.221, 0.106, 0.125, 1.555, 0.013, 1, 0, 1, 1, 1]}}, {"type": "Feature", "geometry": {"type": "Point", "coordinates": [3.52684, 41.3671]}, "properties": {"var_data": [-0.039, -0.209, 0.101, 0.125, 1.52, 0.012, 1, 0, 1, 1, 1]}}, {"type": "Feature", "geometry": {"type": "Point", "coordinates": [3.56218, 41.3671]}, "properties": {"var_data": [-0.001, -0.212, 0.091, 0.124, 1.448, 0.011, 1, 0, 1, 1, 1]}}, {"type": "Feature", "geometry": {"type": "Point", "coordinates": [3.63286, 41.3671]}, "properties": {"var_data": [-0.202, -0.568, 0.165, 0.229, 2.224, 0.038, 4, 0, 4, 1, 1]}}, {"type": "Feature", "geometry": {"type": "Point", "coordinates": [3.6682, 41.3671]}, "properties": {"var_data": [-0.23, -0.558, 0.342, 0.554, 2.319, 0.189, 4, 0, 4, 1, 1]}}, {"type": "Feature", "geometry": {"type": "Point", "coordinates": [3.70354, 41.3671]}, "properties": {"var_data": [0.005, -0.368, 0.164, 0.304, 1.989, 0.05, 1, 0, 1, 1, 1]}}, {"type": "Feature", "geometry": {"type": "Point", "coordinates": [2.21926, 41.3941]}, "properties": {"var_data": [0.062, -0.136, 0.005, 0.007, 0.559, -0.0, 1, 1, 1, 1, 1]}}, {"type": "Feature", "geometry": {"type": "Point", "coordinates": [2.2546, 41.3941]}, "properties": {"var_data": [0.078, -0.161, 0.006, 0.012, 0.5, -0.0, 1, 1, 1, 1, 1]}}, {"type": "Feature", "geometry": {"type": "Point", "coordinates": [2.28994, 41.3941]}, "properties": {"var_data": [0.092, -0.181, 0.005, 0.01, 0.444, -0.0, 1, 1, 1, 1, 1]}}, {"type": "Feature", "geometry": {"type": "Point", "coordinates": [2.32528, 41.3941]}, "properties": {"var_data": [0.08, -0.152, 0.005, 0.01, 0.386, -0.0, 1, 1, 1, 1, 1]}}, {"type": "Feature", "geometry": {"type": "Point", "coordinates": [2.36062, 41.3941]}, "properties": {"var_data": [0.057, -0.104, 0.005, 0.009, 0.354, -0.0, 1, 1, 1, 1, 1]}}, {"type": "Feature", "geometry": {"type": "Point", "coordinates": [2.39596, 41.3941]}, "properties": {"var_data": [0.058, -0.067, 0.005, 0.008, 0.318, -0.0, 1, 1, 1, 1, 1]}}, {"type": "Feature", "geometry": {"type": "Point", "coordinates": [2.4313, 41.3941]}, "properties": {"var_data": [0.053, -0.044, 0.005, 0.007, 0.3, -0.0, 1, 1, 1, 1, 1]}}, {"type": "Feature", "geometry": {"type": "Point", "coordinates": [2.46664, 41.3941]}, "properties": {"var_data": [0.041, -0.043, 0.005, 0.006, 0.267, -0.0, 1, 1, 1, 1, 1]}}, {"type": "Feature", "geometry": {"type": "Point", "coordinates": [2.50198, 41.3941]}, "properties": {"var_data": [0.063, -0.052, 0.005, 0.006, 0.263, -0.0, 1, 1, 1, 1, 1]}}, {"type": "Feature", "geometry": {"type": "Point", "coordinates": [2.53732, 41.3941]}, "properties": {"var_data": [0.043, -0.056, 0.005, 0.009, 0.286, -0.0, 1, 1, 1, 1, 1]}}, {"type": "Feature", "geometry": {"type": "Point", "coordinates": [2.57266, 41.3941]}, "properties": {"var_data": [0.004, -0.043, 0.005, 0.008, 0.307, -0.0, 1, 1, 1, 1, 1]}}, {"type": "Feature", "geometry": {"type": "Point", "coordinates": [2.608, 41.3941]}, "properties": {"var_data": [0.006, 0.007, 0.007, 0.019, 0.393, -0.0, 1, 1, 1, 1, 1]}}, {"type": "Feature", "geometry": {"type": "Point", "coordinates": [2.64334, 41.3941]}, "properties": {"var_data": [-0.012, 0.021, 0.006, 0.005, 0.303, 0.0, 1, 1, 1, 1, 1]}}, {"type": "Feature", "geometry": {"type": "Point", "coordinates": [2.67868, 41.3941]}, "properties": {"var_data": [-0.006, 0.024, 0.007, 0.005, 0.277, 0.0, 1, 1, 1, 1, 1]}}, {"type": "Feature", "geometry": {"type": "Point", "coordinates": [2.71402, 41.3941]}, "properties": {"var_data": [0.042, 0.044, 0.006, 0.005, 0.261, 0.0, 1, 1, 1, 1, 1]}}, {"type": "Feature", "geometry": {"type": "Point", "coordinates": [2.74936, 41.3941]}, "properties": {"var_data": [0.016, 0.054, 0.006, 0.005, 0.267, 0.0, 1, 1, 1, 1, 1]}}, {"type": "Feature", "geometry": {"type": "Point", "coordinates": [2.7847, 41.3941]}, "properties": {"var_data": [-0.032, 0.056, 0.006, 0.008, 0.271, 0.0, 1, 1, 1, 1, 1]}}, {"type": "Feature", "geometry": {"type": "Point", "coordinates": [2.82004, 41.3941]}, "properties": {"var_data": [-0.029, 0.065, 0.003, 0.006, 0.274, 0.0, 1, 1, 1, 1, 1]}}, {"type": "Feature", "geometry": {"type": "Point", "coordinates": [2.85538, 41.3941]}, "properties": {"var_data": [-0.017, 0.079, 0.003, 0.006, 0.296, 0.0, 1, 1, 1, 1, 1]}}, {"type": "Feature", "geometry": {"type": "Point", "coordinates": [2.89072, 41.3941]}, "properties": {"var_data": [0.009, 0.071, 0.004, 0.006, 0.336, 0.0, 1, 1, 1, 1, 1]}}, {"type": "Feature", "geometry": {"type": "Point", "coordinates": [2.92606, 41.3941]}, "properties": {"var_data": [0.013, 0.072, 0.004, 0.012, 0.375, 0.0, 1, 1, 1, 1, 1]}}, {"type": "Feature", "geometry": {"type": "Point", "coordinates": [2.9614, 41.3941]}, "properties": {"var_data": [0.045, 0.062, 0.013, 0.017, 0.422, 0.0, 1, 1, 1, 1, 1]}}, {"type": "Feature", "geometry": {"type": "Point", "coordinates": [2.99674, 41.3941]}, "properties": {"var_data": [0.041, 0.031, 0.012, 0.017, 0.437, 0.0, 1, 1, 1, 1, 1]}}, {"type": "Feature", "geometry": {"type": "Point", "coordinates": [3.03208, 41.3941]}, "properties": {"var_data": [-0.004, -0.014, 0.009, 0.01, 0.467, 0.0, 1, 1, 1, 1, 1]}}, {"type": "Feature", "geometry": {"type": "Point", "coordinates": [3.06742, 41.3941]}, "properties": {"var_data": [-0.007, -0.036, 0.009, 0.009, 0.508, 0.0, 1, 1, 1, 1, 1]}}, {"type": "Feature", "geometry": {"type": "Point", "coordinates": [3.10276, 41.3941]}, "properties": {"var_data": [0.049, -0.013, 0.012, 0.01, 0.604, 0.0, 1, 1, 1, 1, 1]}}, {"type": "Feature", "geometry": {"type": "Point", "coordinates": [3.1381, 41.3941]}, "properties": {"var_data": [0.027, -0.06, 0.021, 0.016, 0.652, 0.0, 1, 1, 1, 1, 1]}}, {"type": "Feature", "geometry": {"type": "Point", "coordinates": [3.17344, 41.3941]}, "properties": {"var_data": [0.072, -0.068, 0.026, 0.021, 0.705, 0.0, 1, 1, 1, 1, 1]}}, {"type": "Feature", "geometry": {"type": "Point", "coordinates": [3.20878, 41.3941]}, "properties": {"var_data": [0.07, -0.092, 0.028, 0.041, 0.752, 0.001, 1, 1, 1, 1, 1]}}, {"type": "Feature", "geometry": {"type": "Point", "coordinates": [3.24412, 41.3941]}, "properties": {"var_data": [0.133, -0.119, 0.05, 0.043, 0.751, 0.002, 1, 1, 1, 1, 1]}}, {"type": "Feature", "geometry": {"type": "Point", "coordinates": [3.27946, 41.3941]}, "properties": {"var_data": [0.147, -0.106, 0.048, 0.047, 0.884, 0.002, 1, 1, 1, 1, 1]}}, {"type": "Feature", "geometry": {"type": "Point", "coordinates": [3.3148, 41.3941]}, "properties": {"var_data": [0.153, -0.101, 0.054, 0.052, 0.949, 0.003, 1, 0, 1, 1, 1]}}, {"type": "Feature", "geometry": {"type": "Point", "coordinates": [3.35014, 41.3941]}, "properties": {"var_data": [0.071, -0.199, 0.029, 0.045, 0.728, 0.001, 1, 0, 1, 1, 1]}}, {"type": "Feature", "geometry": {"type": "Point", "coordinates": [3.38548, 41.3941]}, "properties": {"var_data": [-0.035, -0.287, 0.034, 0.048, 0.982, 0.002, 1, 0, 1, 1, 1]}}, {"type": "Feature", "geometry": {"type": "Point", "coordinates": [3.42082, 41.3941]}, "properties": {"var_data": [-0.066, -0.299, 0.036, 0.055, 0.987, 0.002, 1, 0, 1, 1, 1]}}, {"type": "Feature", "geometry": {"type": "Point", "coordinates": [3.45616, 41.3941]}, "properties": {"var_data": [-0.05, -0.251, 0.07, 0.082, 0.833, 0.006, 1, 0, 1, 1, 1]}}, {"type": "Feature", "geometry": {"type": "Point", "coordinates": [3.4915, 41.3941]}, "properties": {"var_data": [0.043, -0.126, 0.04, 0.05, 0.912, 0.002, 1, 0, 1, 1, 1]}}, {"type": "Feature", "geometry": {"type": "Point", "coordinates": [3.52684, 41.3941]}, "properties": {"var_data": [0.051, -0.127, 0.041, 0.051, 0.898, 0.002, 1, 0, 1, 1, 1]}}, {"type": "Feature", "geometry": {"type": "Point", "coordinates": [3.56218, 41.3941]}, "properties": {"var_data": [0.034, -0.178, 0.069, 0.097, 0.928, 0.006, 1, 0, 1, 1, 1]}}, {"type": "Feature", "geometry": {"type": "Point", "coordinates": [3.59752, 41.3941]}, "properties": {"var_data": [0.049, -0.146, 0.094, 0.132, 1.178, 0.012, 1, 0, 1, 1, 1]}}, {"type": "Feature", "geometry": {"type": "Point", "coordinates": [3.63286, 41.3941]}, "properties": {"var_data": [0.032, -0.149, 0.076, 0.126, 1.091, 0.009, 1, 0, 1, 1, 1]}}, {"type": "Feature", "geometry": {"type": "Point", "coordinates": [3.6682, 41.3941]}, "properties": {"var_data": [0.047, -0.161, 0.096, 0.161, 1.437, 0.015, 1, 0, 1, 1, 1]}}, {"type": "Feature", "geometry": {"type": "Point", "coordinates": [2.2546, 41.421101]}, "properties": {"var_data": [0.07, -0.19, 0.009, 0.017, 0.87, -0.0, 1, 1, 1, 1, 1]}}, {"type": "Feature", "geometry": {"type": "Point", "coordinates": [2.28994, 41.421101]}, "properties": {"var_data": [0.08, -0.198, 0.008, 0.014, 0.699, -0.0, 1, 1, 1, 1, 1]}}, {"type": "Feature", "geometry": {"type": "Point", "coordinates": [2.32528, 41.421101]}, "properties": {"var_data": [0.079, -0.169, 0.008, 0.011, 0.567, -0.0, 1, 1, 1, 1, 1]}}, {"type": "Feature", "geometry": {"type": "Point", "coordinates": [2.36062, 41.421101]}, "properties": {"var_data": [0.049, -0.102, 0.007, 0.01, 0.449, -0.0, 1, 1, 1, 1, 1]}}, {"type": "Feature", "geometry": {"type": "Point", "coordinates": [2.39596, 41.421101]}, "properties": {"var_data": [0.024, -0.042, 0.006, 0.008, 0.388, -0.0, 1, 1, 1, 1, 1]}}, {"type": "Feature", "geometry": {"type": "Point", "coordinates": [2.4313, 41.421101]}, "properties": {"var_data": [0.048, -0.039, 0.005, 0.006, 0.322, -0.0, 1, 1, 1, 1, 1]}}, {"type": "Feature", "geometry": {"type": "Point", "coordinates": [2.46664, 41.421101]}, "properties": {"var_data": [0.094, -0.064, 0.005, 0.006, 0.291, -0.0, 1, 1, 1, 1, 1]}}, {"type": "Feature", "geometry": {"type": "Point", "coordinates": [2.50198, 41.421101]}, "properties": {"var_data": [0.084, -0.065, 0.005, 0.002, 0.277, -0.0, 1, 1, 1, 1, 1]}}, {"type": "Feature", "geometry": {"type": "Point", "coordinates": [2.53732, 41.421101]}, "properties": {"var_data": [0.101, -0.066, 0.005, 0.004, 0.3, -0.0, 1, 1, 1, 1, 1]}}, {"type": "Feature", "geometry": {"type": "Point", "coordinates": [2.57266, 41.421101]}, "properties": {"var_data": [0.047, -0.056, 0.007, 0.004, 0.341, -0.0, 1, 1, 1, 1, 1]}}, {"type": "Feature", "geometry": {"type": "Point", "coordinates": [2.608, 41.421101]}, "properties": {"var_data": [0.042, 0.009, 0.008, 0.013, 0.358, -0.0, 1, 1, 1, 1, 1]}}, {"type": "Feature", "geometry": {"type": "Point", "coordinates": [2.64334, 41.421101]}, "properties": {"var_data": [0.024, 0.032, 0.006, 0.005, 0.287, 0.0, 1, 1, 1, 1, 1]}}, {"type": "Feature", "geometry": {"type": "Point", "coordinates": [2.67868, 41.421101]}, "properties": {"var_data": [0.041, 0.039, 0.005, 0.005, 0.262, 0.0, 1, 1, 1, 1, 1]}}, {"type": "Feature", "geometry": {"type": "Point", "coordinates": [2.71402, 41.421101]}, "properties": {"var_data": [0.062, 0.05, 0.006, 0.005, 0.251, 0.0, 1, 1, 1, 1, 1]}}, {"type": "Feature", "geometry": {"type": "Point", "coordinates": [2.74936, 41.421101]}, "properties": {"var_data": [0.042, 0.064, 0.005, 0.005, 0.245, 0.0, 1, 1, 1, 1, 1]}}, {"type": "Feature", "geometry": {"type": "Point", "coordinates": [2.7847, 41.421101]}, "properties": {"var_data": [0.062, 0.084, 0.005, 0.007, 0.253, 0.0, 1, 1, 1, 1, 1]}}, {"type": "Feature", "geometry": {"type": "Point", "coordinates": [2.82004, 41.421101]}, "properties": {"var_data": [0.061, 0.101, 0.003, 0.005, 0.246, 0.0, 1, 1, 1, 1, 1]}}, {"type": "Feature", "geometry": {"type": "Point", "coordinates": [2.85538, 41.421101]}, "properties": {"var_data": [0.046, 0.134, 0.003, 0.006, 0.271, 0.0, 1, 1, 1, 1, 1]}}, {"type": "Feature", "geometry": {"type": "Point", "coordinates": [2.89072, 41.421101]}, "properties": {"var_data": [0.072, 0.151, 0.005, 0.011, 0.327, 0.0, 1, 1, 1, 1, 1]}}, {"type": "Feature", "geometry": {"type": "Point", "coordinates": [2.92606, 41.421101]}, "properties": {"var_data": [0.073, 0.151, 0.005, 0.013, 0.372, -0.0, 1, 1, 1, 1, 1]}}, {"type": "Feature", "geometry": {"type": "Point", "coordinates": [2.9614, 41.421101]}, "properties": {"var_data": [0.059, 0.109, 0.014, 0.017, 0.428, 0.0, 1, 1, 1, 1, 1]}}, {"type": "Feature", "geometry": {"type": "Point", "coordinates": [2.99674, 41.421101]}, "properties": {"var_data": [0.045, 0.092, 0.01, 0.01, 0.461, 0.0, 1, 1, 1, 1, 1]}}, {"type": "Feature", "geometry": {"type": "Point", "coordinates": [3.03208, 41.421101]}, "properties": {"var_data": [0.02, 0.043, 0.01, 0.01, 0.503, 0.0, 1, 1, 1, 1, 1]}}, {"type": "Feature", "geometry": {"type": "Point", "coordinates": [3.06742, 41.421101]}, "properties": {"var_data": [0.014, -0.013, 0.011, 0.009, 0.551, 0.0, 1, 1, 1, 1, 1]}}, {"type": "Feature", "geometry": {"type": "Point", "coordinates": [3.10276, 41.421101]}, "properties": {"var_data": [0.02, -0.011, 0.011, 0.01, 0.67, 0.0, 1, 1, 1, 1, 1]}}, {"type": "Feature", "geometry": {"type": "Point", "coordinates": [3.1381, 41.421101]}, "properties": {"var_data": [0.019, -0.102, 0.021, 0.013, 0.781, 0.0, 1, 1, 1, 1, 1]}}, {"type": "Feature", "geometry": {"type": "Point", "coordinates": [3.17344, 41.421101]}, "properties": {"var_data": [0.094, -0.07, 0.06, 0.035, 0.943, 0.002, 1, 1, 1, 1, 1]}}, {"type": "Feature", "geometry": {"type": "Point", "coordinates": [3.20878, 41.421101]}, "properties": {"var_data": [0.12, -0.109, 0.054, 0.047, 0.917, 0.002, 1, 1, 1, 1, 1]}}, {"type": "Feature", "geometry": {"type": "Point", "coordinates": [3.24412, 41.421101]}, "properties": {"var_data": [0.15, -0.138, 0.043, 0.037, 0.736, 0.001, 1, 1, 1, 1, 1]}}, {"type": "Feature", "geometry": {"type": "Point", "coordinates": [3.27946, 41.421101]}, "properties": {"var_data": [0.158, -0.143, 0.044, 0.04, 0.736, 0.001, 1, 1, 1, 1, 1]}}, {"type": "Feature", "geometry": {"type": "Point", "coordinates": [3.3148, 41.421101]}, "properties": {"var_data": [0.145, -0.159, 0.038, 0.038, 0.722, 0.001, 1, 0, 1, 1, 1]}}, {"type": "Feature", "geometry": {"type": "Point", "coordinates": [3.35014, 41.421101]}, "properties": {"var_data": [0.14, -0.149, 0.041, 0.039, 0.66, 0.001, 1, 0, 1, 1, 1]}}, {"type": "Feature", "geometry": {"type": "Point", "coordinates": [3.38548, 41.421101]}, "properties": {"var_data": [0.083, -0.197, 0.066, 0.079, 0.888, 0.005, 1, 0, 1, 1, 1]}}, {"type": "Feature", "geometry": {"type": "Point", "coordinates": [3.42082, 41.421101]}, "properties": {"var_data": [0.061, -0.194, 0.039, 0.056, 0.774, 0.002, 1, 0, 1, 1, 1]}}, {"type": "Feature", "geometry": {"type": "Point", "coordinates": [3.45616, 41.421101]}, "properties": {"var_data": [0.053, -0.165, 0.029, 0.038, 0.635, 0.001, 1, 0, 1, 1, 1]}}, {"type": "Feature", "geometry": {"type": "Point", "coordinates": [3.4915, 41.421101]}, "properties": {"var_data": [0.116, -0.073, 0.027, 0.036, 0.753, 0.001, 1, 0, 1, 1, 1]}}, {"type": "Feature", "geometry": {"type": "Point", "coordinates": [3.52684, 41.421101]}, "properties": {"var_data": [0.092, -0.071, 0.034, 0.04, 0.804, 0.001, 1, 0, 1, 1, 1]}}, {"type": "Feature", "geometry": {"type": "Point", "coordinates": [3.56218, 41.421101]}, "properties": {"var_data": [0.085, -0.126, 0.032, 0.047, 0.721, 0.001, 1, 0, 1, 1, 1]}}, {"type": "Feature", "geometry": {"type": "Point", "coordinates": [3.59752, 41.421101]}, "properties": {"var_data": [0.072, -0.163, 0.059, 0.104, 0.902, 0.006, 1, 0, 1, 1, 1]}}, {"type": "Feature", "geometry": {"type": "Point", "coordinates": [3.63286, 41.421101]}, "properties": {"var_data": [0.03, -0.175, 0.06, 0.106, 0.896, 0.006, 1, 0, 1, 1, 1]}}, {"type": "Feature", "geometry": {"type": "Point", "coordinates": [3.6682, 41.421101]}, "properties": {"var_data": [0.072, -0.134, 0.071, 0.128, 1.07, 0.009, 1, 0, 1, 1, 1]}}, {"type": "Feature", "geometry": {"type": "Point", "coordinates": [3.70354, 41.421101]}, "properties": {"var_data": [0.08, -0.199, 0.083, 0.159, 1.575, 0.013, 1, 0, 1, 1, 1]}}, {"type": "Feature", "geometry": {"type": "Point", "coordinates": [3.73888, 41.421101]}, "properties": {"var_data": [0.077, -0.195, 0.06, 0.133, 1.534, 0.008, 1, 0, 1, 1, 1]}}, {"type": "Feature", "geometry": {"type": "Point", "coordinates": [2.28994, 41.448101]}, "properties": {"var_data": [0.027, -0.152, 0.014, 0.02, 1.223, -0.0, 1, 1, 1, 1, 1]}}, {"type": "Feature", "geometry": {"type": "Point", "coordinates": [2.32528, 41.448101]}, "properties": {"var_data": [0.006, -0.1, 0.015, 0.021, 0.966, -0.0, 1, 1, 1, 1, 1]}}, {"type": "Feature", "geometry": {"type": "Point", "coordinates": [2.36062, 41.448101]}, "properties": {"var_data": [-0.011, -0.04, 0.009, 0.013, 0.681, -0.0, 1, 1, 1, 1, 1]}}, {"type": "Feature", "geometry": {"type": "Point", "coordinates": [2.39596, 41.448101]}, "properties": {"var_data": [-0.023, 0.002, 0.007, 0.009, 0.487, -0.0, 1, 1, 1, 1, 1]}}, {"type": "Feature", "geometry": {"type": "Point", "coordinates": [2.4313, 41.448101]}, "properties": {"var_data": [0.027, -0.027, 0.005, 0.005, 0.37, -0.0, 1, 1, 1, 1, 1]}}, {"type": "Feature", "geometry": {"type": "Point", "coordinates": [2.46664, 41.448101]}, "properties": {"var_data": [0.088, -0.062, 0.005, 0.002, 0.32, -0.0, 1, 1, 1, 1, 1]}}, {"type": "Feature", "geometry": {"type": "Point", "coordinates": [2.50198, 41.448101]}, "properties": {"var_data": [0.14, -0.088, 0.006, 0.002, 0.306, -0.0, 1, 1, 1, 1, 1]}}, {"type": "Feature", "geometry": {"type": "Point", "coordinates": [2.53732, 41.448101]}, "properties": {"var_data": [0.137, -0.094, 0.006, 0.002, 0.326, -0.0, 1, 1, 1, 1, 1]}}, {"type": "Feature", "geometry": {"type": "Point", "coordinates": [2.57266, 41.448101]}, "properties": {"var_data": [0.145, -0.054, 0.008, 0.004, 0.405, -0.0, 1, 1, 1, 1, 1]}}, {"type": "Feature", "geometry": {"type": "Point", "coordinates": [2.608, 41.448101]}, "properties": {"var_data": [0.127, 0.005, 0.007, 0.011, 0.319, -0.0, 1, 1, 1, 1, 1]}}, {"type": "Feature", "geometry": {"type": "Point", "coordinates": [2.64334, 41.448101]}, "properties": {"var_data": [0.073, 0.038, 0.006, 0.006, 0.276, 0.0, 1, 1, 1, 1, 1]}}, {"type": "Feature", "geometry": {"type": "Point", "coordinates": [2.67868, 41.448101]}, "properties": {"var_data": [0.102, 0.052, 0.006, 0.005, 0.248, 0.0, 1, 1, 1, 1, 1]}}, {"type": "Feature", "geometry": {"type": "Point", "coordinates": [2.71402, 41.448101]}, "properties": {"var_data": [0.099, 0.058, 0.005, 0.004, 0.235, 0.0, 1, 1, 1, 1, 1]}}, {"type": "Feature", "geometry": {"type": "Point", "coordinates": [2.74936, 41.448101]}, "properties": {"var_data": [0.118, 0.077, 0.005, 0.006, 0.237, 0.0, 1, 1, 1, 1, 1]}}, {"type": "Feature", "geometry": {"type": "Point", "coordinates": [2.7847, 41.448101]}, "properties": {"var_data": [0.105, 0.086, 0.006, 0.006, 0.248, -0.0, 1, 1, 1, 1, 1]}}, {"type": "Feature", "geometry": {"type": "Point", "coordinates": [2.82004, 41.448101]}, "properties": {"var_data": [0.093, 0.105, 0.004, 0.006, 0.251, -0.0, 1, 1, 1, 1, 1]}}, {"type": "Feature", "geometry": {"type": "Point", "coordinates": [2.85538, 41.448101]}, "properties": {"var_data": [0.08, 0.14, 0.004, 0.007, 0.267, 0.0, 1, 1, 1, 1, 1]}}, {"type": "Feature", "geometry": {"type": "Point", "coordinates": [2.89072, 41.448101]}, "properties": {"var_data": [0.075, 0.149, 0.004, 0.009, 0.297, 0.0, 1, 1, 1, 1, 1]}}, {"type": "Feature", "geometry": {"type": "Point", "coordinates": [2.92606, 41.448101]}, "properties": {"var_data": [0.077, 0.163, 0.004, 0.011, 0.382, 0.0, 1, 1, 1, 1, 1]}}, {"type": "Feature", "geometry": {"type": "Point", "coordinates": [2.9614, 41.448101]}, "properties": {"var_data": [0.113, 0.148, 0.034, 0.017, 0.477, 0.0, 1, 1, 1, 1, 1]}}, {"type": "Feature", "geometry": {"type": "Point", "coordinates": [2.99674, 41.448101]}, "properties": {"var_data": [0.03, 0.114, 0.013, 0.015, 0.549, 0.0, 1, 1, 1, 1, 1]}}, {"type": "Feature", "geometry": {"type": "Point", "coordinates": [3.03208, 41.448101]}, "properties": {"var_data": [0.034, 0.061, 0.012, 0.011, 0.601, 0.0, 1, 1, 1, 1, 1]}}, {"type": "Feature", "geometry": {"type": "Point", "coordinates": [3.06742, 41.448101]}, "properties": {"var_data": [-0.002, -0.006, 0.012, 0.011, 0.666, 0.0, 1, 1, 1, 1, 1]}}, {"type": "Feature", "geometry": {"type": "Point", "coordinates": [3.10276, 41.448101]}, "properties": {"var_data": [0.021, 0.03, 0.013, 0.011, 0.882, 0.0, 1, 1, 1, 1, 1]}}, {"type": "Feature", "geometry": {"type": "Point", "coordinates": [3.1381, 41.448101]}, "properties": {"var_data": [0.158, 0.041, 0.048, 0.031, 1.533, 0.001, 1, 0, 1, 1, 1]}}, {"type": "Feature", "geometry": {"type": "Point", "coordinates": [3.20878, 41.448101]}, "properties": {"var_data": [0.302, 0.014, 0.089, 0.092, 1.611, 0.008, 1, 1, 1, 1, 1]}}, {"type": "Feature", "geometry": {"type": "Point", "coordinates": [3.24412, 41.448101]}, "properties": {"var_data": [0.171, -0.147, 0.051, 0.044, 0.886, 0.002, 1, 0, 1, 1, 1]}}, {"type": "Feature", "geometry": {"type": "Point", "coordinates": [3.27946, 41.448101]}, "properties": {"var_data": [0.187, -0.138, 0.047, 0.043, 0.751, 0.002, 1, 0, 1, 1, 1]}}, {"type": "Feature", "geometry": {"type": "Point", "coordinates": [3.3148, 41.448101]}, "properties": {"var_data": [0.174, -0.155, 0.045, 0.043, 0.727, 0.002, 1, 0, 1, 1, 1]}}, {"type": "Feature", "geometry": {"type": "Point", "coordinates": [3.35014, 41.448101]}, "properties": {"var_data": [0.098, -0.168, 0.041, 0.041, 0.671, 0.001, 1, 0, 1, 1, 1]}}, {"type": "Feature", "geometry": {"type": "Point", "coordinates": [3.38548, 41.448101]}, "properties": {"var_data": [0.037, -0.214, 0.036, 0.056, 0.769, 0.002, 1, 0, 1, 1, 1]}}, {"type": "Feature", "geometry": {"type": "Point", "coordinates": [3.42082, 41.448101]}, "properties": {"var_data": [0.038, -0.189, 0.036, 0.058, 0.776, 0.002, 1, 0, 1, 1, 1]}}, {"type": "Feature", "geometry": {"type": "Point", "coordinates": [3.45616, 41.448101]}, "properties": {"var_data": [0.066, -0.117, 0.019, 0.026, 0.6, 0.0, 1, 0, 1, 1, 1]}}, {"type": "Feature", "geometry": {"type": "Point", "coordinates": [3.4915, 41.448101]}, "properties": {"var_data": [0.147, -0.068, 0.022, 0.027, 0.654, 0.0, 1, 0, 1, 1, 1]}}, {"type": "Feature", "geometry": {"type": "Point", "coordinates": [3.52684, 41.448101]}, "properties": {"var_data": [0.168, -0.064, 0.024, 0.029, 0.684, 0.001, 1, 0, 1, 1, 1]}}, {"type": "Feature", "geometry": {"type": "Point", "coordinates": [3.56218, 41.448101]}, "properties": {"var_data": [0.113, -0.103, 0.026, 0.037, 0.626, 0.001, 1, 1, 1, 1, 1]}}, {"type": "Feature", "geometry": {"type": "Point", "coordinates": [3.59752, 41.448101]}, "properties": {"var_data": [0.091, -0.157, 0.059, 0.104, 0.896, 0.006, 1, 1, 1, 1, 1]}}, {"type": "Feature", "geometry": {"type": "Point", "coordinates": [3.63286, 41.448101]}, "properties": {"var_data": [0.072, -0.163, 0.047, 0.099, 0.865, 0.004, 1, 1, 1, 1, 1]}}, {"type": "Feature", "geometry": {"type": "Point", "coordinates": [3.6682, 41.448101]}, "properties": {"var_data": [0.072, -0.174, 0.039, 0.083, 0.761, 0.003, 1, 0, 1, 1, 1]}}, {"type": "Feature", "geometry": {"type": "Point", "coordinates": [3.70354, 41.448101]}, "properties": {"var_data": [0.053, -0.207, 0.066, 0.143, 1.479, 0.009, 1, 0, 1, 1, 1]}}, {"type": "Feature", "geometry": {"type": "Point", "coordinates": [3.73888, 41.448101]}, "properties": {"var_data": [0.091, -0.205, 0.059, 0.132, 1.489, 0.008, 1, 0, 1, 1, 1]}}, {"type": "Feature", "geometry": {"type": "Point", "coordinates": [3.77422, 41.448101]}, "properties": {"var_data": [0.141, -0.198, 0.06, 0.135, 1.542, 0.008, 1, 0, 1, 1, 1]}}, {"type": "Feature", "geometry": {"type": "Point", "coordinates": [2.32528, 41.475101]}, "properties": {"var_data": [-0.017, -0.068, 0.027, 0.039, 1.551, -0.001, 1, 1, 1, 1, 1]}}, {"type": "Feature", "geometry": {"type": "Point", "coordinates": [2.36062, 41.475101]}, "properties": {"var_data": [-0.136, 0.112, 0.015, 0.021, 0.973, -0.0, 1, 1, 1, 1, 1]}}, {"type": "Feature", "geometry": {"type": "Point", "coordinates": [2.39596, 41.475101]}, "properties": {"var_data": [-0.078, 0.054, 0.009, 0.012, 0.666, -0.0, 1, 1, 1, 1, 1]}}, {"type": "Feature", "geometry": {"type": "Point", "coordinates": [2.4313, 41.475101]}, "properties": {"var_data": [0.015, -0.024, 0.006, 0.002, 0.427, -0.0, 1, 1, 1, 1, 1]}}, {"type": "Feature", "geometry": {"type": "Point", "coordinates": [2.46664, 41.475101]}, "properties": {"var_data": [0.076, -0.066, 0.006, 0.002, 0.323, -0.0, 1, 1, 1, 1, 1]}}, {"type": "Feature", "geometry": {"type": "Point", "coordinates": [2.50198, 41.475101]}, "properties": {"var_data": [0.083, -0.07, 0.006, 0.002, 0.31, -0.0, 1, 1, 1, 1, 1]}}, {"type": "Feature", "geometry": {"type": "Point", "coordinates": [2.53732, 41.475101]}, "properties": {"var_data": [0.074, -0.068, 0.005, 0.002, 0.324, -0.0, 1, 1, 1, 1, 1]}}, {"type": "Feature", "geometry": {"type": "Point", "coordinates": [2.57266, 41.475101]}, "properties": {"var_data": [0.109, -0.049, 0.006, 0.002, 0.308, -0.0, 1, 1, 1, 1, 1]}}, {"type": "Feature", "geometry": {"type": "Point", "coordinates": [2.608, 41.475101]}, "properties": {"var_data": [0.122, 0.001, 0.007, 0.008, 0.292, 0.0, 1, 1, 1, 1, 1]}}, {"type": "Feature", "geometry": {"type": "Point", "coordinates": [2.64334, 41.475101]}, "properties": {"var_data": [0.147, 0.035, 0.006, 0.007, 0.253, 0.0, 1, 1, 1, 1, 1]}}, {"type": "Feature", "geometry": {"type": "Point", "coordinates": [2.67868, 41.475101]}, "properties": {"var_data": [0.16, 0.063, 0.005, 0.007, 0.233, 0.0, 1, 1, 1, 1, 1]}}, {"type": "Feature", "geometry": {"type": "Point", "coordinates": [2.71402, 41.475101]}, "properties": {"var_data": [0.17, 0.074, 0.005, 0.007, 0.235, 0.0, 1, 1, 1, 1, 1]}}, {"type": "Feature", "geometry": {"type": "Point", "coordinates": [2.74936, 41.475101]}, "properties": {"var_data": [0.181, 0.081, 0.005, 0.006, 0.239, 0.0, 1, 1, 1, 1, 1]}}, {"type": "Feature", "geometry": {"type": "Point", "coordinates": [2.7847, 41.475101]}, "properties": {"var_data": [0.166, 0.092, 0.005, 0.006, 0.248, -0.0, 1, 1, 1, 1, 1]}}, {"type": "Feature", "geometry": {"type": "Point", "coordinates": [2.82004, 41.475101]}, "properties": {"var_data": [0.156, 0.106, 0.005, 0.006, 0.253, -0.0, 1, 1, 1, 1, 1]}}, {"type": "Feature", "geometry": {"type": "Point", "coordinates": [2.85538, 41.475101]}, "properties": {"var_data": [0.123, 0.122, 0.004, 0.007, 0.279, -0.0, 1, 1, 1, 1, 1]}}, {"type": "Feature", "geometry": {"type": "Point", "coordinates": [2.89072, 41.475101]}, "properties": {"var_data": [0.09, 0.126, 0.006, 0.008, 0.302, 0.0, 1, 1, 1, 1, 1]}}, {"type": "Feature", "geometry": {"type": "Point", "coordinates": [2.92606, 41.475101]}, "properties": {"var_data": [0.09, 0.121, 0.007, 0.009, 0.374, 0.0, 1, 1, 1, 1, 1]}}, {"type": "Feature", "geometry": {"type": "Point", "coordinates": [2.9614, 41.475101]}, "properties": {"var_data": [0.046, 0.113, 0.011, 0.014, 0.485, 0.0, 1, 1, 1, 1, 1]}}, {"type": "Feature", "geometry": {"type": "Point", "coordinates": [2.99674, 41.475101]}, "properties": {"var_data": [0.023, 0.098, 0.014, 0.016, 0.649, 0.0, 1, 1, 1, 1, 1]}}, {"type": "Feature", "geometry": {"type": "Point", "coordinates": [3.03208, 41.475101]}, "properties": {"var_data": [0.055, 0.086, 0.013, 0.01, 0.77, 0.0, 1, 1, 1, 1, 1]}}, {"type": "Feature", "geometry": {"type": "Point", "coordinates": [3.06742, 41.475101]}, "properties": {"var_data": [0.018, 0.048, 0.013, 0.012, 0.875, 0.0, 1, 1, 1, 1, 1]}}, {"type": "Feature", "geometry": {"type": "Point", "coordinates": [3.10276, 41.475101]}, "properties": {"var_data": [0.02, 0.043, 0.013, 0.012, 0.933, 0.0, 1, 1, 1, 1, 1]}}, {"type": "Feature", "geometry": {"type": "Point", "coordinates": [3.17344, 41.475101]}, "properties": {"var_data": [0.178, 0.032, 0.056, 0.048, 1.267, 0.002, 1, 0, 1, 1, 1]}}, {"type": "Feature", "geometry": {"type": "Point", "coordinates": [3.20878, 41.475101]}, "properties": {"var_data": [0.22, -0.071, 0.053, 0.05, 1.283, 0.002, 1, 0, 1, 1, 1]}}, {"type": "Feature", "geometry": {"type": "Point", "coordinates": [3.24412, 41.475101]}, "properties": {"var_data": [0.178, -0.169, 0.036, 0.035, 0.807, 0.001, 1, 0, 1, 1, 1]}}, {"type": "Feature", "geometry": {"type": "Point", "coordinates": [3.27946, 41.475101]}, "properties": {"var_data": [0.188, -0.157, 0.031, 0.027, 0.811, 0.001, 1, 0, 1, 1, 1]}}, {"type": "Feature", "geometry": {"type": "Point", "coordinates": [3.3148, 41.475101]}, "properties": {"var_data": [0.16, -0.178, 0.031, 0.027, 0.769, 0.001, 1, 0, 1, 1, 1]}}, {"type": "Feature", "geometry": {"type": "Point", "coordinates": [3.35014, 41.475101]}, "properties": {"var_data": [0.121, -0.165, 0.03, 0.043, 0.784, 0.001, 1, 0, 1, 1, 1]}}, {"type": "Feature", "geometry": {"type": "Point", "coordinates": [3.38548, 41.475101]}, "properties": {"var_data": [0.083, -0.169, 0.04, 0.065, 0.886, 0.003, 1, 1, 1, 1, 1]}}, {"type": "Feature", "geometry": {"type": "Point", "coordinates": [3.42082, 41.475101]}, "properties": {"var_data": [0.079, -0.161, 0.04, 0.064, 0.871, 0.002, 1, 0, 1, 1, 1]}}, {"type": "Feature", "geometry": {"type": "Point", "coordinates": [3.45616, 41.475101]}, "properties": {"var_data": [0.141, -0.025, 0.011, 0.021, 0.734, 0.0, 1, 0, 1, 1, 1]}}, {"type": "Feature", "geometry": {"type": "Point", "coordinates": [3.4915, 41.475101]}, "properties": {"var_data": [0.188, -0.016, 0.023, 0.028, 0.792, 0.0, 1, 0, 1, 1, 1]}}, {"type": "Feature", "geometry": {"type": "Point", "coordinates": [3.52684, 41.475101]}, "properties": {"var_data": [0.209, -0.027, 0.024, 0.029, 0.729, 0.001, 1, 1, 1, 1, 1]}}, {"type": "Feature", "geometry": {"type": "Point", "coordinates": [3.56218, 41.475101]}, "properties": {"var_data": [0.191, -0.061, 0.032, 0.054, 0.742, 0.002, 1, 1, 1, 1, 1]}}, {"type": "Feature", "geometry": {"type": "Point", "coordinates": [3.59752, 41.475101]}, "properties": {"var_data": [0.126, -0.138, 0.046, 0.098, 0.746, 0.004, 1, 1, 1, 1, 1]}}, {"type": "Feature", "geometry": {"type": "Point", "coordinates": [3.63286, 41.475101]}, "properties": {"var_data": [0.119, -0.139, 0.044, 0.097, 0.742, 0.004, 1, 1, 1, 1, 1]}}, {"type": "Feature", "geometry": {"type": "Point", "coordinates": [3.6682, 41.475101]}, "properties": {"var_data": [0.048, -0.18, 0.044, 0.097, 0.873, 0.004, 1, 1, 1, 1, 1]}}, {"type": "Feature", "geometry": {"type": "Point", "coordinates": [3.70354, 41.475101]}, "properties": {"var_data": [0.035, -0.194, 0.062, 0.147, 1.463, 0.009, 1, 0, 1, 1, 1]}}, {"type": "Feature", "geometry": {"type": "Point", "coordinates": [3.73888, 41.475101]}, "properties": {"var_data": [0.074, -0.201, 0.062, 0.151, 1.511, 0.009, 1, 0, 1, 1, 1]}}, {"type": "Feature", "geometry": {"type": "Point", "coordinates": [3.77422, 41.475101]}, "properties": {"var_data": [0.071, -0.146, 0.058, 0.138, 1.405, 0.008, 1, 0, 1, 1, 1]}}, {"type": "Feature", "geometry": {"type": "Point", "coordinates": [2.39596, 41.502102]}, "properties": {"var_data": [-0.09, 0.079, 0.022, 0.021, 0.863, -0.0, 1, 1, 1, 1, 1]}}, {"type": "Feature", "geometry": {"type": "Point", "coordinates": [2.4313, 41.502102]}, "properties": {"var_data": [0.003, -0.021, 0.012, 0.008, 0.524, -0.0, 1, 1, 1, 1, 1]}}, {"type": "Feature", "geometry": {"type": "Point", "coordinates": [2.46664, 41.502102]}, "properties": {"var_data": [0.076, -0.072, 0.006, 0.002, 0.335, -0.0, 1, 1, 1, 1, 1]}}, {"type": "Feature", "geometry": {"type": "Point", "coordinates": [2.50198, 41.502102]}, "properties": {"var_data": [0.06, -0.079, 0.006, 0.002, 0.318, -0.0, 1, 1, 1, 1, 1]}}, {"type": "Feature", "geometry": {"type": "Point", "coordinates": [2.53732, 41.502102]}, "properties": {"var_data": [0.034, -0.058, 0.005, 0.002, 0.251, -0.0, 1, 1, 1, 1, 1]}}, {"type": "Feature", "geometry": {"type": "Point", "coordinates": [2.57266, 41.502102]}, "properties": {"var_data": [0.05, -0.03, 0.005, 0.004, 0.245, 0.0, 1, 1, 1, 1, 1]}}, {"type": "Feature", "geometry": {"type": "Point", "coordinates": [2.608, 41.502102]}, "properties": {"var_data": [0.109, 0.007, 0.005, 0.007, 0.247, 0.0, 1, 1, 1, 1, 1]}}, {"type": "Feature", "geometry": {"type": "Point", "coordinates": [2.64334, 41.502102]}, "properties": {"var_data": [0.152, 0.024, 0.002, 0.005, 0.238, 0.0, 1, 1, 1, 1, 1]}}, {"type": "Feature", "geometry": {"type": "Point", "coordinates": [2.67868, 41.502102]}, "properties": {"var_data": [0.177, 0.051, 0.002, 0.006, 0.242, 0.0, 1, 1, 1, 1, 1]}}, {"type": "Feature", "geometry": {"type": "Point", "coordinates": [2.71402, 41.502102]}, "properties": {"var_data": [0.217, 0.08, 0.003, 0.006, 0.248, 0.0, 1, 1, 1, 1, 1]}}, {"type": "Feature", "geometry": {"type": "Point", "coordinates": [2.74936, 41.502102]}, "properties": {"var_data": [0.223, 0.087, 0.002, 0.006, 0.243, 0.0, 1, 1, 1, 1, 1]}}, {"type": "Feature", "geometry": {"type": "Point", "coordinates": [2.7847, 41.502102]}, "properties": {"var_data": [0.222, 0.082, 0.005, 0.006, 0.246, -0.0, 1, 1, 1, 1, 1]}}, {"type": "Feature", "geometry": {"type": "Point", "coordinates": [2.82004, 41.502102]}, "properties": {"var_data": [0.199, 0.09, 0.006, 0.006, 0.267, -0.0, 1, 1, 1, 1, 1]}}, {"type": "Feature", "geometry": {"type": "Point", "coordinates": [2.85538, 41.502102]}, "properties": {"var_data": [0.163, 0.092, 0.006, 0.006, 0.289, 0.0, 1, 1, 1, 1, 1]}}, {"type": "Feature", "geometry": {"type": "Point", "coordinates": [2.89072, 41.502102]}, "properties": {"var_data": [0.106, 0.074, 0.006, 0.007, 0.316, 0.0, 1, 1, 1, 1, 1]}}, {"type": "Feature", "geometry": {"type": "Point", "coordinates": [2.92606, 41.502102]}, "properties": {"var_data": [0.075, 0.057, 0.008, 0.008, 0.433, 0.0, 1, 1, 1, 1, 1]}}, {"type": "Feature", "geometry": {"type": "Point", "coordinates": [2.9614, 41.502102]}, "properties": {"var_data": [0.007, 0.049, 0.007, 0.009, 0.503, 0.0, 1, 0, 1, 1, 1]}}, {"type": "Feature", "geometry": {"type": "Point", "coordinates": [2.99674, 41.502102]}, "properties": {"var_data": [0.068, 0.049, 0.011, 0.011, 0.733, 0.0, 1, 0, 1, 1, 1]}}, {"type": "Feature", "geometry": {"type": "Point", "coordinates": [3.03208, 41.502102]}, "properties": {"var_data": [0.083, 0.09, 0.042, 0.022, 0.815, 0.001, 1, 1, 1, 1, 1]}}, {"type": "Feature", "geometry": {"type": "Point", "coordinates": [3.06742, 41.502102]}, "properties": {"var_data": [0.056, 0.103, 0.041, 0.032, 0.897, 0.001, 1, 1, 1, 1, 1]}}, {"type": "Feature", "geometry": {"type": "Point", "coordinates": [3.10276, 41.502102]}, "properties": {"var_data": [0.048, 0.047, 0.044, 0.046, 1.017, 0.002, 1, 1, 1, 1, 1]}}, {"type": "Feature", "geometry": {"type": "Point", "coordinates": [3.1381, 41.502102]}, "properties": {"var_data": [-0.025, -0.033, 0.043, 0.04, 0.984, 0.001, 1, 1, 1, 1, 1]}}, {"type": "Feature", "geometry": {"type": "Point", "coordinates": [3.17344, 41.502102]}, "properties": {"var_data": [0.105, 0.003, 0.048, 0.048, 1.198, 0.002, 1, 1, 1, 1, 1]}}, {"type": "Feature", "geometry": {"type": "Point", "coordinates": [3.20878, 41.502102]}, "properties": {"var_data": [0.207, 0.016, 0.046, 0.048, 1.163, 0.002, 1, 0, 1, 1, 1]}}, {"type": "Feature", "geometry": {"type": "Point", "coordinates": [3.24412, 41.502102]}, "properties": {"var_data": [0.217, -0.088, 0.03, 0.028, 0.882, 0.001, 1, 0, 1, 1, 1]}}, {"type": "Feature", "geometry": {"type": "Point", "coordinates": [3.27946, 41.502102]}, "properties": {"var_data": [0.183, -0.167, 0.03, 0.027, 0.763, 0.001, 1, 0, 1, 1, 1]}}, {"type": "Feature", "geometry": {"type": "Point", "coordinates": [3.3148, 41.502102]}, "properties": {"var_data": [0.182, -0.166, 0.03, 0.027, 0.747, 0.001, 1, 0, 1, 1, 1]}}, {"type": "Feature", "geometry": {"type": "Point", "coordinates": [3.35014, 41.502102]}, "properties": {"var_data": [0.132, -0.183, 0.021, 0.032, 0.869, 0.001, 1, 1, 1, 1, 1]}}, {"type": "Feature", "geometry": {"type": "Point", "coordinates": [3.38548, 41.502102]}, "properties": {"var_data": [0.204, -0.031, 0.053, 0.09, 1.223, 0.005, 1, 1, 1, 1, 1]}}, {"type": "Feature", "geometry": {"type": "Point", "coordinates": [3.42082, 41.502102]}, "properties": {"var_data": [0.119, -0.077, 0.011, 0.023, 0.84, 0.0, 1, 1, 1, 1, 1]}}, {"type": "Feature", "geometry": {"type": "Point", "coordinates": [3.45616, 41.502102]}, "properties": {"var_data": [0.156, -0.048, 0.01, 0.019, 0.733, 0.0, 1, 0, 1, 1, 1]}}, {"type": "Feature", "geometry": {"type": "Point", "coordinates": [3.4915, 41.502102]}, "properties": {"var_data": [0.181, -0.051, 0.01, 0.021, 0.732, 0.0, 1, 0, 1, 1, 1]}}, {"type": "Feature", "geometry": {"type": "Point", "coordinates": [3.52684, 41.502102]}, "properties": {"var_data": [0.219, -0.009, 0.02, 0.023, 0.666, 0.0, 1, 1, 1, 1, 1]}}, {"type": "Feature", "geometry": {"type": "Point", "coordinates": [3.56218, 41.502102]}, "properties": {"var_data": [0.191, -0.077, 0.023, 0.032, 0.739, 0.001, 1, 1, 1, 1, 1]}}, {"type": "Feature", "geometry": {"type": "Point", "coordinates": [3.59752, 41.502102]}, "properties": {"var_data": [0.163, -0.083, 0.027, 0.049, 0.84, 0.001, 1, 1, 1, 1, 1]}}, {"type": "Feature", "geometry": {"type": "Point", "coordinates": [3.63286, 41.502102]}, "properties": {"var_data": [0.12, -0.158, 0.069, 0.164, 0.993, 0.011, 1, 1, 1, 1, 1]}}, {"type": "Feature", "geometry": {"type": "Point", "coordinates": [3.6682, 41.502102]}, "properties": {"var_data": [0.093, -0.193, 0.04, 0.119, 1.391, 0.005, 1, 0, 1, 1, 1]}}, {"type": "Feature", "geometry": {"type": "Point", "coordinates": [3.70354, 41.502102]}, "properties": {"var_data": [0.077, -0.196, 0.04, 0.12, 1.399, 0.005, 1, 0, 1, 1, 1]}}, {"type": "Feature", "geometry": {"type": "Point", "coordinates": [3.73888, 41.502102]}, "properties": {"var_data": [0.086, -0.139, 0.06, 0.137, 1.189, 0.007, 1, 0, 1, 1, 1]}}, {"type": "Feature", "geometry": {"type": "Point", "coordinates": [3.77422, 41.502102]}, "properties": {"var_data": [0.106, -0.066, 0.138, 0.344, 1.803, 0.047, 4, 0, 1, 4, 1]}}, {"type": "Feature", "geometry": {"type": "Point", "coordinates": [3.80956, 41.502102]}, "properties": {"var_data": [0.182, -0.029, 0.138, 0.344, 2.083, 0.047, 4, 0, 4, 4, 1]}}, {"type": "Feature", "geometry": {"type": "Point", "coordinates": [2.46664, 41.529099]}, "properties": {"var_data": [0.061, -0.081, 0.008, 0.005, 0.369, -0.0, 1, 1, 1, 1, 1]}}, {"type": "Feature", "geometry": {"type": "Point", "coordinates": [2.50198, 41.529099]}, "properties": {"var_data": [0.007, -0.056, 0.004, 0.003, 0.264, -0.0, 1, 1, 1, 1, 1]}}, {"type": "Feature", "geometry": {"type": "Point", "coordinates": [2.53732, 41.529099]}, "properties": {"var_data": [-0.014, -0.06, 0.004, 0.003, 0.216, 0.0, 1, 1, 1, 1, 1]}}, {"type": "Feature", "geometry": {"type": "Point", "coordinates": [2.57266, 41.529099]}, "properties": {"var_data": [0.03, -0.046, 0.003, 0.003, 0.214, 0.0, 1, 1, 1, 1, 1]}}, {"type": "Feature", "geometry": {"type": "Point", "coordinates": [2.608, 41.529099]}, "properties": {"var_data": [0.08, 0.015, 0.003, 0.004, 0.234, 0.0, 1, 1, 1, 1, 1]}}, {"type": "Feature", "geometry": {"type": "Point", "coordinates": [2.64334, 41.529099]}, "properties": {"var_data": [0.138, 0.028, 0.002, 0.004, 0.238, 0.0, 1, 1, 1, 1, 1]}}, {"type": "Feature", "geometry": {"type": "Point", "coordinates": [2.67868, 41.529099]}, "properties": {"var_data": [0.172, 0.025, 0.002, 0.005, 0.244, 0.0, 1, 1, 1, 1, 1]}}, {"type": "Feature", "geometry": {"type": "Point", "coordinates": [2.71402, 41.529099]}, "properties": {"var_data": [0.207, 0.049, 0.002, 0.005, 0.242, 0.0, 1, 1, 1, 1, 1]}}, {"type": "Feature", "geometry": {"type": "Point", "coordinates": [2.74936, 41.529099]}, "properties": {"var_data": [0.254, 0.046, 0.003, 0.007, 0.272, 0.0, 1, 1, 1, 1, 1]}}, {"type": "Feature", "geometry": {"type": "Point", "coordinates": [2.7847, 41.529099]}, "properties": {"var_data": [0.293, 0.063, 0.006, 0.007, 0.265, -0.0, 1, 1, 1, 1, 1]}}, {"type": "Feature", "geometry": {"type": "Point", "coordinates": [2.82004, 41.529099]}, "properties": {"var_data": [0.279, 0.065, 0.003, 0.005, 0.277, 0.0, 1, 1, 1, 1, 1]}}, {"type": "Feature", "geometry": {"type": "Point", "coordinates": [2.85538, 41.529099]}, "properties": {"var_data": [0.215, 0.062, 0.003, 0.005, 0.309, 0.0, 1, 1, 1, 1, 1]}}, {"type": "Feature", "geometry": {"type": "Point", "coordinates": [2.89072, 41.529099]}, "properties": {"var_data": [0.153, 0.036, 0.003, 0.007, 0.326, 0.0, 1, 1, 1, 1, 1]}}, {"type": "Feature", "geometry": {"type": "Point", "coordinates": [2.92606, 41.529099]}, "properties": {"var_data": [0.022, -0.004, 0.003, 0.007, 0.373, 0.0, 1, 1, 1, 1, 1]}}, {"type": "Feature", "geometry": {"type": "Point", "coordinates": [2.9614, 41.529099]}, "properties": {"var_data": [0.046, -0.017, 0.008, 0.008, 0.519, 0.0, 1, 1, 1, 1, 1]}}, {"type": "Feature", "geometry": {"type": "Point", "coordinates": [2.99674, 41.529099]}, "properties": {"var_data": [0.057, -0.015, 0.011, 0.008, 0.598, 0.0, 1, 1, 1, 1, 1]}}, {"type": "Feature", "geometry": {"type": "Point", "coordinates": [3.03208, 41.529099]}, "properties": {"var_data": [0.049, -0.016, 0.009, 0.009, 0.597, 0.0, 1, 1, 1, 1, 1]}}, {"type": "Feature", "geometry": {"type": "Point", "coordinates": [3.06742, 41.529099]}, "properties": {"var_data": [0.083, 0.016, 0.04, 0.027, 0.938, 0.001, 1, 1, 1, 1, 1]}}, {"type": "Feature", "geometry": {"type": "Point", "coordinates": [3.10276, 41.529099]}, "properties": {"var_data": [-0.021, 0.016, 0.058, 0.055, 1.238, 0.003, 1, 1, 1, 1, 1]}}, {"type": "Feature", "geometry": {"type": "Point", "coordinates": [3.1381, 41.529099]}, "properties": {"var_data": [0.012, 0.037, 0.039, 0.038, 0.907, 0.001, 1, 1, 1, 1, 1]}}, {"type": "Feature", "geometry": {"type": "Point", "coordinates": [3.17344, 41.529099]}, "properties": {"var_data": [0.061, 0.009, 0.048, 0.049, 1.113, 0.002, 1, 1, 1, 1, 1]}}, {"type": "Feature", "geometry": {"type": "Point", "coordinates": [3.20878, 41.529099]}, "properties": {"var_data": [0.137, -0.031, 0.044, 0.048, 1.097, 0.002, 1, 1, 1, 1, 1]}}, {"type": "Feature", "geometry": {"type": "Point", "coordinates": [3.24412, 41.529099]}, "properties": {"var_data": [0.184, -0.089, 0.029, 0.028, 0.862, 0.001, 1, 0, 1, 1, 1]}}, {"type": "Feature", "geometry": {"type": "Point", "coordinates": [3.27946, 41.529099]}, "properties": {"var_data": [0.251, -0.081, 0.031, 0.033, 1.12, 0.001, 1, 0, 1, 1, 1]}}, {"type": "Feature", "geometry": {"type": "Point", "coordinates": [3.3148, 41.529099]}, "properties": {"var_data": [0.267, -0.057, 0.034, 0.033, 1.155, 0.001, 1, 0, 1, 1, 1]}}, {"type": "Feature", "geometry": {"type": "Point", "coordinates": [3.35014, 41.529099]}, "properties": {"var_data": [0.235, -0.053, 0.014, 0.032, 1.109, 0.0, 1, 1, 1, 1, 1]}}, {"type": "Feature", "geometry": {"type": "Point", "coordinates": [3.38548, 41.529099]}, "properties": {"var_data": [0.118, -0.185, 0.012, 0.03, 2.189, 0.0, 4, 1, 4, 1, 1]}}, {"type": "Feature", "geometry": {"type": "Point", "coordinates": [3.42082, 41.529099]}, "properties": {"var_data": [0.11, -0.097, 0.011, 0.023, 1.121, 0.0, 1, 1, 1, 1, 1]}}, {"type": "Feature", "geometry": {"type": "Point", "coordinates": [3.45616, 41.529099]}, "properties": {"var_data": [0.16, -0.027, 0.009, 0.01, 0.762, 0.0, 1, 1, 1, 1, 1]}}, {"type": "Feature", "geometry": {"type": "Point", "coordinates": [3.4915, 41.529099]}, "properties": {"var_data": [0.182, -0.019, 0.01, 0.01, 0.768, 0.0, 1, 0, 1, 1, 1]}}, {"type": "Feature", "geometry": {"type": "Point", "coordinates": [3.52684, 41.529099]}, "properties": {"var_data": [0.198, -0.051, 0.01, 0.021, 0.68, 0.0, 1, 1, 1, 1, 1]}}, {"type": "Feature", "geometry": {"type": "Point", "coordinates": [3.56218, 41.529099]}, "properties": {"var_data": [0.208, -0.017, 0.029, 0.051, 0.962, 0.001, 1, 1, 1, 1, 1]}}, {"type": "Feature", "geometry": {"type": "Point", "coordinates": [3.59752, 41.529099]}, "properties": {"var_data": [0.201, -0.021, 0.036, 0.051, 0.985, 0.001, 1, 1, 1, 1, 1]}}, {"type": "Feature", "geometry": {"type": "Point", "coordinates": [3.63286, 41.529099]}, "properties": {"var_data": [0.153, -0.023, 0.018, 0.045, 0.835, 0.001, 1, 1, 1, 1, 1]}}, {"type": "Feature", "geometry": {"type": "Point", "coordinates": [3.6682, 41.529099]}, "properties": {"var_data": [0.185, 0.022, 0.035, 0.104, 1.4, 0.004, 1, 0, 1, 1, 1]}}, {"type": "Feature", "geometry": {"type": "Point", "coordinates": [3.73888, 41.529099]}, "properties": {"var_data": [0.138, -0.05, 0.097, 0.325, 1.653, 0.031, 4, 0, 1, 4, 1]}}, {"type": "Feature", "geometry": {"type": "Point", "coordinates": [3.77422, 41.529099]}, "properties": {"var_data": [0.118, -0.06, 0.138, 0.328, 1.909, 0.036, 4, 0, 1, 4, 1]}}, {"type": "Feature", "geometry": {"type": "Point", "coordinates": [2.53732, 41.556099]}, "properties": {"var_data": [-0.007, -0.062, 0.004, 0.003, 0.231, 0.0, 1, 1, 1, 1, 1]}}, {"type": "Feature", "geometry": {"type": "Point", "coordinates": [2.57266, 41.556099]}, "properties": {"var_data": [0.024, -0.056, 0.003, 0.003, 0.238, 0.0, 1, 1, 1, 1, 1]}}, {"type": "Feature", "geometry": {"type": "Point", "coordinates": [2.608, 41.556099]}, "properties": {"var_data": [0.074, 0.011, 0.003, 0.004, 0.249, 0.0, 1, 1, 1, 1, 1]}}, {"type": "Feature", "geometry": {"type": "Point", "coordinates": [2.64334, 41.556099]}, "properties": {"var_data": [0.105, 0.015, 0.002, 0.005, 0.257, 0.0, 1, 1, 1, 1, 1]}}, {"type": "Feature", "geometry": {"type": "Point", "coordinates": [2.67868, 41.556099]}, "properties": {"var_data": [0.153, -0.012, 0.002, 0.005, 0.269, 0.0, 1, 1, 1, 1, 1]}}, {"type": "Feature", "geometry": {"type": "Point", "coordinates": [2.71402, 41.556099]}, "properties": {"var_data": [0.196, 0.006, 0.002, 0.006, 0.277, 0.0, 1, 1, 1, 1, 1]}}, {"type": "Feature", "geometry": {"type": "Point", "coordinates": [2.74936, 41.556099]}, "properties": {"var_data": [0.246, 0.003, 0.003, 0.008, 0.277, 0.0, 1, 1, 1, 1, 1]}}, {"type": "Feature", "geometry": {"type": "Point", "coordinates": [2.7847, 41.556099]}, "properties": {"var_data": [0.295, 0.012, 0.006, 0.007, 0.281, -0.0, 1, 1, 1, 1, 1]}}, {"type": "Feature", "geometry": {"type": "Point", "coordinates": [2.82004, 41.556099]}, "properties": {"var_data": [0.286, 0.034, 0.003, 0.006, 0.282, 0.0, 1, 1, 1, 1, 1]}}, {"type": "Feature", "geometry": {"type": "Point", "coordinates": [2.85538, 41.556099]}, "properties": {"var_data": [0.193, 0.035, 0.003, 0.006, 0.313, -0.0, 1, 1, 1, 1, 1]}}, {"type": "Feature", "geometry": {"type": "Point", "coordinates": [2.89072, 41.556099]}, "properties": {"var_data": [0.141, -0.009, 0.003, 0.005, 0.298, 0.0, 1, 1, 1, 1, 1]}}, {"type": "Feature", "geometry": {"type": "Point", "coordinates": [2.92606, 41.556099]}, "properties": {"var_data": [0.049, -0.048, 0.002, 0.006, 0.342, 0.0, 1, 1, 1, 1, 1]}}, {"type": "Feature", "geometry": {"type": "Point", "coordinates": [2.9614, 41.556099]}, "properties": {"var_data": [0.017, -0.096, 0.004, 0.006, 0.403, 0.0, 1, 1, 1, 1, 1]}}, {"type": "Feature", "geometry": {"type": "Point", "coordinates": [2.99674, 41.556099]}, "properties": {"var_data": [0.055, -0.106, 0.004, 0.007, 0.483, 0.0, 1, 1, 1, 1, 1]}}, {"type": "Feature", "geometry": {"type": "Point", "coordinates": [3.03208, 41.556099]}, "properties": {"var_data": [0.056, -0.124, 0.007, 0.008, 0.516, 0.0, 1, 1, 1, 1, 1]}}, {"type": "Feature", "geometry": {"type": "Point", "coordinates": [3.06742, 41.556099]}, "properties": {"var_data": [0.065, -0.1, 0.009, 0.009, 0.688, 0.0, 1, 1, 1, 1, 1]}}, {"type": "Feature", "geometry": {"type": "Point", "coordinates": [3.10276, 41.556099]}, "properties": {"var_data": [0.065, -0.026, 0.012, 0.012, 0.92, 0.0, 1, 1, 1, 1, 1]}}, {"type": "Feature", "geometry": {"type": "Point", "coordinates": [3.1381, 41.556099]}, "properties": {"var_data": [0.096, 0.106, 0.01, 0.025, 0.846, 0.0, 1, 1, 1, 1, 1]}}, {"type": "Feature", "geometry": {"type": "Point", "coordinates": [3.17344, 41.556099]}, "properties": {"var_data": [0.08, 0.038, 0.019, 0.029, 0.887, 0.0, 1, 1, 1, 1, 1]}}, {"type": "Feature", "geometry": {"type": "Point", "coordinates": [3.20878, 41.556099]}, "properties": {"var_data": [0.12, 0.013, 0.017, 0.03, 0.82, 0.0, 1, 1, 1, 1, 1]}}, {"type": "Feature", "geometry": {"type": "Point", "coordinates": [3.24412, 41.556099]}, "properties": {"var_data": [0.115, -0.118, 0.014, 0.022, 0.665, 0.0, 1, 1, 1, 1, 1]}}, {"type": "Feature", "geometry": {"type": "Point", "coordinates": [3.27946, 41.556099]}, "properties": {"var_data": [0.154, -0.221, 0.014, 0.026, 0.817, 0.0, 1, 1, 1, 1, 1]}}, {"type": "Feature", "geometry": {"type": "Point", "coordinates": [3.3148, 41.556099]}, "properties": {"var_data": [0.17, -0.21, 0.01, 0.026, 0.858, 0.0, 1, 1, 1, 1, 1]}}, {"type": "Feature", "geometry": {"type": "Point", "coordinates": [3.35014, 41.556099]}, "properties": {"var_data": [0.183, -0.18, 0.011, 0.026, 0.993, 0.0, 1, 1, 1, 1, 1]}}, {"type": "Feature", "geometry": {"type": "Point", "coordinates": [3.38548, 41.556099]}, "properties": {"var_data": [0.009, -0.509, 0.017, 0.044, 2.051, 0.001, 4, 1, 4, 1, 1]}}, {"type": "Feature", "geometry": {"type": "Point", "coordinates": [3.42082, 41.556099]}, "properties": {"var_data": [0.15, -0.033, 0.006, 0.011, 0.815, 0.0, 1, 1, 1, 1, 1]}}, {"type": "Feature", "geometry": {"type": "Point", "coordinates": [3.45616, 41.556099]}, "properties": {"var_data": [0.148, -0.017, 0.008, 0.011, 0.819, 0.0, 1, 1, 1, 1, 1]}}, {"type": "Feature", "geometry": {"type": "Point", "coordinates": [3.4915, 41.556099]}, "properties": {"var_data": [0.136, -0.011, 0.009, 0.011, 0.843, 0.0, 1, 1, 1, 1, 1]}}, {"type": "Feature", "geometry": {"type": "Point", "coordinates": [3.52684, 41.556099]}, "properties": {"var_data": [0.213, 0.047, 0.021, 0.01, 0.728, 0.0, 1, 1, 1, 1, 1]}}, {"type": "Feature", "geometry": {"type": "Point", "coordinates": [3.56218, 41.556099]}, "properties": {"var_data": [0.216, 0.004, 0.02, 0.017, 0.828, 0.0, 1, 1, 1, 1, 1]}}, {"type": "Feature", "geometry": {"type": "Point", "coordinates": [3.59752, 41.556099]}, "properties": {"var_data": [0.21, -0.019, 0.032, 0.018, 0.762, 0.0, 1, 1, 1, 1, 1]}}, {"type": "Feature", "geometry": {"type": "Point", "coordinates": [3.63286, 41.556099]}, "properties": {"var_data": [0.14, -0.064, 0.008, 0.013, 0.777, 0.0, 1, 1, 1, 1, 1]}}, {"type": "Feature", "geometry": {"type": "Point", "coordinates": [3.6682, 41.556099]}, "properties": {"var_data": [0.059, -0.113, 0.008, 0.014, 0.954, 0.0, 1, 0, 1, 1, 1]}}, {"type": "Feature", "geometry": {"type": "Point", "coordinates": [3.70354, 41.556099]}, "properties": {"var_data": [0.056, -0.13, 0.01, 0.047, 1.06, 0.0, 1, 0, 1, 1, 1]}}, {"type": "Feature", "geometry": {"type": "Point", "coordinates": [3.8449, 41.556099]}, "properties": {"var_data": [0.152, -0.146, 0.089, 0.18, 1.911, 0.01, 4, 0, 1, 4, 1]}}, {"type": "Feature", "geometry": {"type": "Point", "coordinates": [3.88024, 41.556099]}, "properties": {"var_data": [0.152, -0.146, 0.089, 0.18, 1.911, 0.01, 4, 0, 1, 4, 1]}}, {"type": "Feature", "geometry": {"type": "Point", "coordinates": [2.608, 41.583099]}, "properties": {"var_data": [0.047, 0.034, 0.003, 0.005, 0.315, 0.0, 1, 1, 1, 1, 1]}}, {"type": "Feature", "geometry": {"type": "Point", "coordinates": [2.64334, 41.583099]}, "properties": {"var_data": [0.097, -0.029, 0.003, 0.007, 0.368, -0.0, 1, 1, 1, 1, 1]}}, {"type": "Feature", "geometry": {"type": "Point", "coordinates": [2.67868, 41.583099]}, "properties": {"var_data": [0.149, -0.119, 0.002, 0.005, 0.388, 0.0, 1, 1, 1, 1, 1]}}, {"type": "Feature", "geometry": {"type": "Point", "coordinates": [2.71402, 41.583099]}, "properties": {"var_data": [0.173, -0.1, 0.003, 0.008, 0.336, 0.0, 1, 1, 1, 1, 1]}}, {"type": "Feature", "geometry": {"type": "Point", "coordinates": [2.74936, 41.583099]}, "properties": {"var_data": [0.207, -0.075, 0.005, 0.011, 0.321, -0.0, 1, 1, 1, 1, 1]}}, {"type": "Feature", "geometry": {"type": "Point", "coordinates": [2.7847, 41.583099]}, "properties": {"var_data": [0.247, -0.021, 0.006, 0.007, 0.297, -0.0, 1, 1, 1, 1, 1]}}, {"type": "Feature", "geometry": {"type": "Point", "coordinates": [2.82004, 41.583099]}, "properties": {"var_data": [0.245, 0.012, 0.003, 0.006, 0.278, -0.0, 1, 1, 1, 1, 1]}}, {"type": "Feature", "geometry": {"type": "Point", "coordinates": [2.85538, 41.583099]}, "properties": {"var_data": [0.222, -0.018, 0.003, 0.005, 0.281, -0.0, 1, 1, 1, 1, 1]}}, {"type": "Feature", "geometry": {"type": "Point", "coordinates": [2.89072, 41.583099]}, "properties": {"var_data": [0.181, -0.062, 0.003, 0.005, 0.286, 0.0, 1, 1, 1, 1, 1]}}, {"type": "Feature", "geometry": {"type": "Point", "coordinates": [2.92606, 41.583099]}, "properties": {"var_data": [0.095, -0.113, 0.003, 0.006, 0.314, 0.0, 1, 1, 1, 1, 1]}}, {"type": "Feature", "geometry": {"type": "Point", "coordinates": [2.9614, 41.583099]}, "properties": {"var_data": [0.05, -0.193, 0.004, 0.007, 0.367, 0.0, 1, 1, 1, 1, 1]}}, {"type": "Feature", "geometry": {"type": "Point", "coordinates": [2.99674, 41.583099]}, "properties": {"var_data": [0.074, -0.214, 0.004, 0.007, 0.418, 0.0, 1, 1, 1, 1, 1]}}, {"type": "Feature", "geometry": {"type": "Point", "coordinates": [3.03208, 41.583099]}, "properties": {"var_data": [0.08, -0.213, 0.007, 0.008, 0.448, 0.0, 1, 1, 1, 1, 1]}}, {"type": "Feature", "geometry": {"type": "Point", "coordinates": [3.06742, 41.583099]}, "properties": {"var_data": [0.09, -0.174, 0.009, 0.01, 0.505, 0.0, 1, 1, 1, 1, 1]}}, {"type": "Feature", "geometry": {"type": "Point", "coordinates": [3.10276, 41.583099]}, "properties": {"var_data": [0.106, -0.097, 0.011, 0.023, 0.664, 0.0, 1, 1, 1, 1, 1]}}, {"type": "Feature", "geometry": {"type": "Point", "coordinates": [3.1381, 41.583099]}, "properties": {"var_data": [0.085, -0.017, 0.01, 0.025, 0.772, 0.0, 1, 1, 1, 1, 1]}}, {"type": "Feature", "geometry": {"type": "Point", "coordinates": [3.17344, 41.583099]}, "properties": {"var_data": [0.165, 0.142, 0.019, 0.034, 0.796, 0.0, 1, 1, 1, 1, 1]}}, {"type": "Feature", "geometry": {"type": "Point", "coordinates": [3.20878, 41.583099]}, "properties": {"var_data": [0.165, 0.12, 0.016, 0.035, 0.715, 0.0, 1, 1, 1, 1, 1]}}, {"type": "Feature", "geometry": {"type": "Point", "coordinates": [3.24412, 41.583099]}, "properties": {"var_data": [0.158, -0.004, 0.011, 0.038, 0.714, 0.0, 1, 1, 1, 1, 1]}}, {"type": "Feature", "geometry": {"type": "Point", "coordinates": [3.27946, 41.583099]}, "properties": {"var_data": [0.102, -0.395, 0.013, 0.058, 1.136, 0.0, 1, 1, 1, 1, 1]}}, {"type": "Feature", "geometry": {"type": "Point", "coordinates": [3.3148, 41.583099]}, "properties": {"var_data": [0.101, -0.416, 0.015, 0.041, 1.327, 0.001, 1, 1, 1, 1, 1]}}, {"type": "Feature", "geometry": {"type": "Point", "coordinates": [3.35014, 41.583099]}, "properties": {"var_data": [0.075, -0.56, 0.016, 0.044, 1.789, 0.001, 1, 1, 1, 1, 1]}}, {"type": "Feature", "geometry": {"type": "Point", "coordinates": [3.38548, 41.583099]}, "properties": {"var_data": [0.048, -0.545, 0.017, 0.044, 2.281, 0.001, 4, 1, 4, 1, 1]}}, {"type": "Feature", "geometry": {"type": "Point", "coordinates": [3.42082, 41.583099]}, "properties": {"var_data": [0.189, 0.024, 0.006, 0.01, 0.848, 0.0, 1, 1, 1, 1, 1]}}, {"type": "Feature", "geometry": {"type": "Point", "coordinates": [3.45616, 41.583099]}, "properties": {"var_data": [0.135, -0.004, 0.013, 0.01, 0.751, 0.0, 1, 1, 1, 1, 1]}}, {"type": "Feature", "geometry": {"type": "Point", "coordinates": [3.4915, 41.583099]}, "properties": {"var_data": [0.159, -0.011, 0.013, 0.008, 0.687, 0.0, 1, 1, 1, 1, 1]}}, {"type": "Feature", "geometry": {"type": "Point", "coordinates": [3.52684, 41.583099]}, "properties": {"var_data": [0.228, 0.043, 0.022, 0.01, 0.865, 0.0, 1, 1, 1, 1, 1]}}, {"type": "Feature", "geometry": {"type": "Point", "coordinates": [3.56218, 41.583099]}, "properties": {"var_data": [0.199, 0.007, 0.029, 0.015, 0.965, 0.0, 1, 1, 1, 1, 1]}}, {"type": "Feature", "geometry": {"type": "Point", "coordinates": [3.59752, 41.583099]}, "properties": {"var_data": [0.089, -0.063, 0.011, 0.009, 0.809, 0.0, 1, 1, 1, 1, 1]}}, {"type": "Feature", "geometry": {"type": "Point", "coordinates": [3.63286, 41.583099]}, "properties": {"var_data": [0.086, -0.075, 0.011, 0.011, 0.883, 0.0, 1, 0, 1, 1, 1]}}, {"type": "Feature", "geometry": {"type": "Point", "coordinates": [3.6682, 41.583099]}, "properties": {"var_data": [0.059, -0.113, 0.008, 0.014, 0.954, 0.0, 1, 0, 1, 1, 1]}}, {"type": "Feature", "geometry": {"type": "Point", "coordinates": [3.70354, 41.583099]}, "properties": {"var_data": [0.087, -0.118, 0.008, 0.012, 0.888, 0.0, 1, 0, 1, 1, 1]}}, {"type": "Feature", "geometry": {"type": "Point", "coordinates": [3.73888, 41.583099]}, "properties": {"var_data": [0.17, -0.093, 0.072, 0.044, 1.851, 0.003, 4, 0, 1, 4, 1]}}, {"type": "Feature", "geometry": {"type": "Point", "coordinates": [3.88024, 41.583099]}, "properties": {"var_data": [0.182, -0.126, 0.083, 0.177, 1.588, 0.009, 4, 0, 1, 4, 1]}}, {"type": "Feature", "geometry": {"type": "Point", "coordinates": [3.91558, 41.583099]}, "properties": {"var_data": [0.195, -0.005, 0.079, 0.112, 1.245, 0.006, 1, 0, 1, 1, 1]}}, {"type": "Feature", "geometry": {"type": "Point", "coordinates": [3.95092, 41.583099]}, "properties": {"var_data": [0.165, -0.026, 0.085, 0.115, 1.641, 0.007, 1, 0, 1, 1, 1]}}, {"type": "Feature", "geometry": {"type": "Point", "coordinates": [2.67868, 41.6101]}, "properties": {"var_data": [0.146, -0.232, 0.005, 0.015, 0.546, -0.0, 1, 1, 1, 1, 1]}}, {"type": "Feature", "geometry": {"type": "Point", "coordinates": [2.71402, 41.6101]}, "properties": {"var_data": [0.155, -0.184, 0.012, 0.027, 0.463, -0.0, 1, 1, 1, 1, 1]}}, {"type": "Feature", "geometry": {"type": "Point", "coordinates": [2.74936, 41.6101]}, "properties": {"var_data": [0.169, -0.101, 0.009, 0.017, 0.383, -0.0, 1, 1, 1, 1, 1]}}, {"type": "Feature", "geometry": {"type": "Point", "coordinates": [2.7847, 41.6101]}, "properties": {"var_data": [0.171, -0.037, 0.008, 0.009, 0.332, -0.0, 1, 1, 1, 1, 1]}}, {"type": "Feature", "geometry": {"type": "Point", "coordinates": [2.82004, 41.6101]}, "properties": {"var_data": [0.215, -0.02, 0.006, 0.006, 0.282, -0.0, 1, 1, 1, 1, 1]}}, {"type": "Feature", "geometry": {"type": "Point", "coordinates": [2.85538, 41.6101]}, "properties": {"var_data": [0.247, -0.061, 0.006, 0.005, 0.281, -0.0, 1, 1, 1, 1, 1]}}, {"type": "Feature", "geometry": {"type": "Point", "coordinates": [2.89072, 41.6101]}, "properties": {"var_data": [0.21, -0.097, 0.003, 0.004, 0.261, 0.0, 1, 1, 1, 1, 1]}}, {"type": "Feature", "geometry": {"type": "Point", "coordinates": [2.92606, 41.6101]}, "properties": {"var_data": [0.159, -0.153, 0.004, 0.005, 0.292, 0.0, 1, 1, 1, 1, 1]}}, {"type": "Feature", "geometry": {"type": "Point", "coordinates": [2.9614, 41.6101]}, "properties": {"var_data": [0.084, -0.24, 0.004, 0.007, 0.315, 0.0, 1, 1, 1, 1, 1]}}, {"type": "Feature", "geometry": {"type": "Point", "coordinates": [2.99674, 41.6101]}, "properties": {"var_data": [0.065, -0.271, 0.004, 0.007, 0.343, 0.0, 1, 1, 1, 1, 1]}}, {"type": "Feature", "geometry": {"type": "Point", "coordinates": [3.03208, 41.6101]}, "properties": {"var_data": [0.083, -0.271, 0.004, 0.007, 0.365, 0.0, 1, 1, 1, 1, 1]}}, {"type": "Feature", "geometry": {"type": "Point", "coordinates": [3.06742, 41.6101]}, "properties": {"var_data": [0.114, -0.225, 0.004, 0.008, 0.44, 0.0, 1, 1, 1, 1, 1]}}, {"type": "Feature", "geometry": {"type": "Point", "coordinates": [3.10276, 41.6101]}, "properties": {"var_data": [0.137, -0.191, 0.005, 0.017, 0.493, -0.0, 1, 1, 1, 1, 1]}}, {"type": "Feature", "geometry": {"type": "Point", "coordinates": [3.1381, 41.6101]}, "properties": {"var_data": [0.13, -0.082, 0.009, 0.024, 0.652, 0.0, 1, 1, 1, 1, 1]}}, {"type": "Feature", "geometry": {"type": "Point", "coordinates": [3.17344, 41.6101]}, "properties": {"var_data": [0.146, 0.004, 0.013, 0.029, 0.662, 0.0, 1, 1, 1, 1, 1]}}, {"type": "Feature", "geometry": {"type": "Point", "coordinates": [3.20878, 41.6101]}, "properties": {"var_data": [0.155, 0.057, 0.014, 0.046, 0.752, 0.0, 1, 1, 1, 1, 1]}}, {"type": "Feature", "geometry": {"type": "Point", "coordinates": [3.24412, 41.6101]}, "properties": {"var_data": [0.148, -0.035, 0.011, 0.047, 0.741, 0.0, 1, 1, 1, 1, 1]}}, {"type": "Feature", "geometry": {"type": "Point", "coordinates": [3.27946, 41.6101]}, "properties": {"var_data": [0.182, -0.066, 0.012, 0.05, 0.819, 0.0, 1, 1, 1, 1, 1]}}, {"type": "Feature", "geometry": {"type": "Point", "coordinates": [3.3148, 41.6101]}, "properties": {"var_data": [0.129, -0.481, 0.013, 0.035, 1.234, 0.0, 1, 1, 1, 1, 1]}}, {"type": "Feature", "geometry": {"type": "Point", "coordinates": [3.35014, 41.6101]}, "properties": {"var_data": [0.135, -0.527, 0.016, 0.043, 1.951, 0.001, 1, 1, 1, 1, 1]}}, {"type": "Feature", "geometry": {"type": "Point", "coordinates": [3.38548, 41.6101]}, "properties": {"var_data": [0.119, -0.439, 0.007, 0.021, 1.663, 0.0, 1, 1, 1, 1, 1]}}, {"type": "Feature", "geometry": {"type": "Point", "coordinates": [3.42082, 41.6101]}, "properties": {"var_data": [0.178, -0.106, 0.006, 0.014, 1.019, 0.0, 1, 1, 1, 1, 1]}}, {"type": "Feature", "geometry": {"type": "Point", "coordinates": [3.45616, 41.6101]}, "properties": {"var_data": [0.126, -0.107, 0.008, 0.009, 0.773, 0.0, 1, 1, 1, 1, 1]}}, {"type": "Feature", "geometry": {"type": "Point", "coordinates": [3.4915, 41.6101]}, "properties": {"var_data": [0.178, -0.086, 0.014, 0.009, 0.857, 0.0, 1, 1, 1, 1, 1]}}, {"type": "Feature", "geometry": {"type": "Point", "coordinates": [3.52684, 41.6101]}, "properties": {"var_data": [0.329, -0.045, 0.028, 0.013, 0.989, 0.0, 1, 1, 1, 1, 1]}}, {"type": "Feature", "geometry": {"type": "Point", "coordinates": [3.56218, 41.6101]}, "properties": {"var_data": [0.095, -0.075, 0.028, 0.015, 0.877, 0.0, 1, 1, 1, 1, 1]}}, {"type": "Feature", "geometry": {"type": "Point", "coordinates": [3.59752, 41.6101]}, "properties": {"var_data": [0.026, -0.12, 0.011, 0.009, 0.798, 0.0, 1, 1, 1, 1, 1]}}, {"type": "Feature", "geometry": {"type": "Point", "coordinates": [3.63286, 41.6101]}, "properties": {"var_data": [-0.039, -0.137, 0.011, 0.014, 1.233, 0.0, 1, 0, 1, 1, 1]}}, {"type": "Feature", "geometry": {"type": "Point", "coordinates": [3.6682, 41.6101]}, "properties": {"var_data": [0.048, -0.133, 0.011, 0.012, 1.123, 0.0, 1, 0, 1, 1, 1]}}, {"type": "Feature", "geometry": {"type": "Point", "coordinates": [3.70354, 41.6101]}, "properties": {"var_data": [0.048, -0.133, 0.011, 0.012, 1.123, 0.0, 1, 0, 1, 1, 1]}}, {"type": "Feature", "geometry": {"type": "Point", "coordinates": [3.73888, 41.6101]}, "properties": {"var_data": [0.318, 0.002, 0.038, 0.029, 1.589, 0.001, 4, 0, 1, 4, 1]}}, {"type": "Feature", "geometry": {"type": "Point", "coordinates": [3.77422, 41.6101]}, "properties": {"var_data": [0.318, 0.002, 0.038, 0.029, 1.589, 0.001, 4, 0, 1, 4, 1]}}, {"type": "Feature", "geometry": {"type": "Point", "coordinates": [3.91558, 41.6101]}, "properties": {"var_data": [0.203, 0.005, 0.083, 0.165, 1.717, 0.009, 4, 0, 1, 4, 1]}}, {"type": "Feature", "geometry": {"type": "Point", "coordinates": [3.95092, 41.6101]}, "properties": {"var_data": [0.214, 0.075, 0.081, 0.134, 1.404, 0.007, 1, 0, 1, 1, 1]}}, {"type": "Feature", "geometry": {"type": "Point", "coordinates": [2.74936, 41.6371]}, "properties": {"var_data": [0.123, -0.13, 0.012, 0.023, 0.598, -0.0, 1, 1, 1, 1, 1]}}, {"type": "Feature", "geometry": {"type": "Point", "coordinates": [2.7847, 41.6371]}, "properties": {"var_data": [0.056, 0.02, 0.014, 0.017, 0.443, -0.0, 1, 1, 1, 1, 1]}}, {"type": "Feature", "geometry": {"type": "Point", "coordinates": [2.82004, 41.6371]}, "properties": {"var_data": [0.076, -0.004, 0.015, 0.01, 0.339, -0.0, 1, 1, 1, 1, 1]}}, {"type": "Feature", "geometry": {"type": "Point", "coordinates": [2.85538, 41.6371]}, "properties": {"var_data": [0.144, -0.08, 0.013, 0.005, 0.279, -0.0, 1, 1, 1, 1, 1]}}, {"type": "Feature", "geometry": {"type": "Point", "coordinates": [2.89072, 41.6371]}, "properties": {"var_data": [0.239, -0.114, 0.011, 0.004, 0.244, 0.0, 1, 1, 1, 1, 1]}}, {"type": "Feature", "geometry": {"type": "Point", "coordinates": [2.92606, 41.6371]}, "properties": {"var_data": [0.268, -0.133, 0.009, 0.004, 0.25, 0.0, 1, 1, 1, 1, 1]}}, {"type": "Feature", "geometry": {"type": "Point", "coordinates": [2.9614, 41.6371]}, "properties": {"var_data": [0.132, -0.23, 0.007, 0.004, 0.307, 0.0, 1, 1, 1, 1, 1]}}, {"type": "Feature", "geometry": {"type": "Point", "coordinates": [2.99674, 41.6371]}, "properties": {"var_data": [0.106, -0.269, 0.007, 0.009, 0.342, 0.0, 1, 1, 1, 1, 1]}}, {"type": "Feature", "geometry": {"type": "Point", "coordinates": [3.03208, 41.6371]}, "properties": {"var_data": [0.09, -0.321, 0.005, 0.013, 0.385, -0.0, 1, 1, 1, 1, 1]}}, {"type": "Feature", "geometry": {"type": "Point", "coordinates": [3.06742, 41.6371]}, "properties": {"var_data": [0.122, -0.282, 0.005, 0.016, 0.444, -0.0, 1, 1, 1, 1, 1]}}, {"type": "Feature", "geometry": {"type": "Point", "coordinates": [3.10276, 41.6371]}, "properties": {"var_data": [0.15, -0.231, 0.005, 0.015, 0.453, -0.0, 1, 1, 1, 1, 1]}}, {"type": "Feature", "geometry": {"type": "Point", "coordinates": [3.1381, 41.6371]}, "properties": {"var_data": [0.133, -0.205, 0.005, 0.016, 0.496, -0.0, 1, 1, 1, 1, 1]}}, {"type": "Feature", "geometry": {"type": "Point", "coordinates": [3.17344, 41.6371]}, "properties": {"var_data": [0.119, -0.106, 0.009, 0.021, 0.514, 0.0, 1, 1, 1, 1, 1]}}, {"type": "Feature", "geometry": {"type": "Point", "coordinates": [3.20878, 41.6371]}, "properties": {"var_data": [0.121, -0.068, 0.009, 0.027, 0.584, 0.0, 1, 1, 1, 1, 1]}}, {"type": "Feature", "geometry": {"type": "Point", "coordinates": [3.24412, 41.6371]}, "properties": {"var_data": [0.162, -0.053, 0.011, 0.044, 0.75, 0.0, 1, 1, 1, 1, 1]}}, {"type": "Feature", "geometry": {"type": "Point", "coordinates": [3.27946, 41.6371]}, "properties": {"var_data": [0.186, -0.048, 0.011, 0.05, 0.84, 0.0, 1, 1, 1, 1, 1]}}, {"type": "Feature", "geometry": {"type": "Point", "coordinates": [3.3148, 41.6371]}, "properties": {"var_data": [0.156, -0.507, 0.013, 0.097, 1.767, 0.001, 1, 1, 1, 1, 1]}}, {"type": "Feature", "geometry": {"type": "Point", "coordinates": [3.35014, 41.6371]}, "properties": {"var_data": [0.159, -0.611, 0.008, 0.061, 1.949, -0.0, 4, 4, 1, 1, 1]}}, {"type": "Feature", "geometry": {"type": "Point", "coordinates": [3.38548, 41.6371]}, "properties": {"var_data": [0.168, -0.535, 0.008, 0.06, 2.253, -0.0, 4, 1, 4, 1, 1]}}, {"type": "Feature", "geometry": {"type": "Point", "coordinates": [3.42082, 41.6371]}, "properties": {"var_data": [0.191, -0.122, 0.008, 0.018, 1.046, 0.0, 1, 1, 1, 1, 1]}}, {"type": "Feature", "geometry": {"type": "Point", "coordinates": [3.45616, 41.6371]}, "properties": {"var_data": [0.15, -0.247, 0.007, 0.016, 0.907, 0.0, 1, 1, 1, 1, 1]}}, {"type": "Feature", "geometry": {"type": "Point", "coordinates": [3.4915, 41.6371]}, "properties": {"var_data": [1.199, 0.247, 0.075, 0.025, 3.15, 0.002, 4, 4, 4, 1, 1]}}, {"type": "Feature", "geometry": {"type": "Point", "coordinates": [3.52684, 41.6371]}, "properties": {"var_data": [0.018, -0.135, 0.071, 0.024, 1.149, 0.001, 1, 1, 1, 1, 1]}}, {"type": "Feature", "geometry": {"type": "Point", "coordinates": [3.56218, 41.6371]}, "properties": {"var_data": [0.013, -0.106, 0.079, 0.028, 1.15, 0.002, 1, 1, 1, 1, 1]}}, {"type": "Feature", "geometry": {"type": "Point", "coordinates": [3.59752, 41.6371]}, "properties": {"var_data": [-0.129, -0.13, 0.154, 0.055, 1.227, 0.008, 1, 1, 1, 1, 1]}}, {"type": "Feature", "geometry": {"type": "Point", "coordinates": [3.63286, 41.6371]}, "properties": {"var_data": [-0.08, -0.136, 0.011, 0.014, 0.999, 0.0, 1, 0, 1, 1, 1]}}, {"type": "Feature", "geometry": {"type": "Point", "coordinates": [3.6682, 41.6371]}, "properties": {"var_data": [0.037, -0.171, 0.011, 0.012, 1.172, 0.0, 1, 0, 1, 1, 1]}}, {"type": "Feature", "geometry": {"type": "Point", "coordinates": [3.70354, 41.6371]}, "properties": {"var_data": [0.467, 0.094, 0.083, 0.037, 2.72, 0.003, 4, 0, 4, 4, 1]}}, {"type": "Feature", "geometry": {"type": "Point", "coordinates": [3.73888, 41.6371]}, "properties": {"var_data": [0.318, 0.002, 0.038, 0.029, 1.589, 0.001, 4, 0, 1, 4, 1]}}, {"type": "Feature", "geometry": {"type": "Point", "coordinates": [3.77422, 41.6371]}, "properties": {"var_data": [0.318, 0.002, 0.038, 0.029, 1.589, 0.001, 4, 0, 1, 4, 1]}}, {"type": "Feature", "geometry": {"type": "Point", "coordinates": [3.88024, 41.6371]}, "properties": {"var_data": [0.235, 0.133, 0.211, 0.21, 1.91, 0.034, 4, 0, 1, 4, 1]}}, {"type": "Feature", "geometry": {"type": "Point", "coordinates": [3.91558, 41.6371]}, "properties": {"var_data": [0.228, 0.074, 0.211, 0.183, 1.654, 0.033, 4, 0, 1, 4, 1]}}, {"type": "Feature", "geometry": {"type": "Point", "coordinates": [3.95092, 41.6371]}, "properties": {"var_data": [0.231, 0.101, 0.211, 0.175, 1.559, 0.033, 1, 0, 1, 1, 1]}}, {"type": "Feature", "geometry": {"type": "Point", "coordinates": [2.82004, 41.664101]}, "properties": {"var_data": [-0.029, 0.032, 0.021, 0.014, 0.421, -0.0, 1, 1, 1, 1, 1]}}, {"type": "Feature", "geometry": {"type": "Point", "coordinates": [2.85538, 41.664101]}, "properties": {"var_data": [0.097, -0.08, 0.011, 0.004, 0.279, 0.0, 1, 1, 1, 1, 1]}}, {"type": "Feature", "geometry": {"type": "Point", "coordinates": [2.89072, 41.664101]}, "properties": {"var_data": [0.193, -0.137, 0.008, 0.004, 0.212, 0.0, 1, 1, 1, 1, 1]}}, {"type": "Feature", "geometry": {"type": "Point", "coordinates": [2.92606, 41.664101]}, "properties": {"var_data": [0.223, -0.147, 0.008, 0.004, 0.215, 0.0, 1, 1, 1, 1, 1]}}, {"type": "Feature", "geometry": {"type": "Point", "coordinates": [2.9614, 41.664101]}, "properties": {"var_data": [0.204, -0.173, 0.005, 0.004, 0.268, 0.0, 1, 1, 1, 1, 1]}}, {"type": "Feature", "geometry": {"type": "Point", "coordinates": [2.99674, 41.664101]}, "properties": {"var_data": [0.133, -0.28, 0.006, 0.009, 0.376, 0.0, 1, 1, 1, 1, 1]}}, {"type": "Feature", "geometry": {"type": "Point", "coordinates": [3.03208, 41.664101]}, "properties": {"var_data": [0.133, -0.306, 0.004, 0.013, 0.432, -0.0, 1, 1, 1, 1, 1]}}, {"type": "Feature", "geometry": {"type": "Point", "coordinates": [3.06742, 41.664101]}, "properties": {"var_data": [0.151, -0.254, 0.005, 0.023, 0.562, -0.0, 1, 1, 1, 1, 1]}}, {"type": "Feature", "geometry": {"type": "Point", "coordinates": [3.10276, 41.664101]}, "properties": {"var_data": [0.169, -0.236, 0.005, 0.017, 0.497, -0.0, 1, 1, 1, 1, 1]}}, {"type": "Feature", "geometry": {"type": "Point", "coordinates": [3.1381, 41.664101]}, "properties": {"var_data": [0.167, -0.271, 0.005, 0.018, 0.549, -0.0, 1, 1, 1, 1, 1]}}, {"type": "Feature", "geometry": {"type": "Point", "coordinates": [3.17344, 41.664101]}, "properties": {"var_data": [0.149, -0.222, 0.009, 0.023, 0.592, 0.0, 1, 1, 1, 1, 1]}}, {"type": "Feature", "geometry": {"type": "Point", "coordinates": [3.20878, 41.664101]}, "properties": {"var_data": [0.128, -0.127, 0.008, 0.021, 0.524, 0.0, 1, 1, 1, 1, 1]}}, {"type": "Feature", "geometry": {"type": "Point", "coordinates": [3.24412, 41.664101]}, "properties": {"var_data": [0.182, -0.032, 0.005, 0.041, 0.691, 0.0, 1, 1, 1, 1, 1]}}, {"type": "Feature", "geometry": {"type": "Point", "coordinates": [3.27946, 41.664101]}, "properties": {"var_data": [0.185, -0.392, 0.005, 0.067, 1.675, 0.0, 1, 1, 1, 1, 1]}}, {"type": "Feature", "geometry": {"type": "Point", "coordinates": [3.3148, 41.664101]}, "properties": {"var_data": [0.182, -0.531, 0.016, 0.095, 2.183, 0.0, 4, 1, 4, 1, 1]}}, {"type": "Feature", "geometry": {"type": "Point", "coordinates": [3.35014, 41.664101]}, "properties": {"var_data": [0.156, -0.745, 0.008, 0.063, 2.624, -0.0, 4, 4, 4, 1, 1]}}, {"type": "Feature", "geometry": {"type": "Point", "coordinates": [3.38548, 41.664101]}, "properties": {"var_data": [0.149, -0.995, 0.007, 0.07, 2.664, -0.0, 4, 4, 4, 1, 1]}}, {"type": "Feature", "geometry": {"type": "Point", "coordinates": [3.42082, 41.664101]}, "properties": {"var_data": [0.14, -1.209, 0.007, 0.073, 4.035, -0.0, 4, 4, 4, 1, 1]}}, {"type": "Feature", "geometry": {"type": "Point", "coordinates": [3.45616, 41.664101]}, "properties": {"var_data": [0.232, -0.1, 0.007, 0.015, 0.803, 0.0, 1, 1, 1, 1, 1]}}, {"type": "Feature", "geometry": {"type": "Point", "coordinates": [3.4915, 41.664101]}, "properties": {"var_data": [0.334, 0.11, 0.042, 0.039, 1.162, 0.001, 1, 1, 1, 1, 1]}}, {"type": "Feature", "geometry": {"type": "Point", "coordinates": [3.52684, 41.664101]}, "properties": {"var_data": [0.123, 0.012, 0.038, 0.021, 0.896, 0.001, 1, 1, 1, 1, 1]}}, {"type": "Feature", "geometry": {"type": "Point", "coordinates": [3.56218, 41.664101]}, "properties": {"var_data": [0.123, 0.018, 0.038, 0.021, 0.875, 0.001, 1, 1, 1, 1, 1]}}, {"type": "Feature", "geometry": {"type": "Point", "coordinates": [3.59752, 41.664101]}, "properties": {"var_data": [-0.116, -0.058, 0.201, 0.084, 1.261, 0.012, 1, 1, 1, 1, 1]}}, {"type": "Feature", "geometry": {"type": "Point", "coordinates": [3.63286, 41.664101]}, "properties": {"var_data": [-0.113, -0.041, 0.205, 0.235, 1.592, 0.021, 4, 0, 1, 4, 1]}}, {"type": "Feature", "geometry": {"type": "Point", "coordinates": [3.6682, 41.664101]}, "properties": {"var_data": [-0.061, -0.078, 0.083, 0.045, 1.348, 0.003, 4, 0, 1, 4, 1]}}, {"type": "Feature", "geometry": {"type": "Point", "coordinates": [3.70354, 41.664101]}, "properties": {"var_data": [-0.001, -0.228, 0.064, 0.039, 1.492, 0.002, 4, 0, 1, 4, 1]}}, {"type": "Feature", "geometry": {"type": "Point", "coordinates": [3.73888, 41.664101]}, "properties": {"var_data": [0.123, -0.151, 0.034, 0.027, 1.297, 0.001, 1, 0, 1, 1, 1]}}, {"type": "Feature", "geometry": {"type": "Point", "coordinates": [3.77422, 41.664101]}, "properties": {"var_data": [0.318, 0.002, 0.038, 0.029, 1.589, 0.001, 4, 1, 1, 4, 1]}}, {"type": "Feature", "geometry": {"type": "Point", "coordinates": [3.8449, 41.664101]}, "properties": {"var_data": [0.273, 0.16, 0.044, 0.149, 1.654, 0.004, 4, 1, 1, 4, 1]}}, {"type": "Feature", "geometry": {"type": "Point", "coordinates": [3.88024, 41.664101]}, "properties": {"var_data": [0.235, 0.133, 0.211, 0.21, 1.91, 0.034, 4, 1, 1, 4, 1]}}, {"type": "Feature", "geometry": {"type": "Point", "coordinates": [3.91558, 41.664101]}, "properties": {"var_data": [0.235, 0.133, 0.211, 0.21, 1.91, 0.034, 4, 0, 1, 4, 1]}}, {"type": "Feature", "geometry": {"type": "Point", "coordinates": [3.95092, 41.664101]}, "properties": {"var_data": [0.228, 0.074, 0.211, 0.183, 1.654, 0.033, 4, 0, 1, 4, 1]}}, {"type": "Feature", "geometry": {"type": "Point", "coordinates": [2.85538, 41.691101]}, "properties": {"var_data": [0.068, -0.083, 0.011, 0.004, 0.316, 0.0, 1, 0, 1, 1, 1]}}, {"type": "Feature", "geometry": {"type": "Point", "coordinates": [2.89072, 41.691101]}, "properties": {"var_data": [0.189, -0.134, 0.007, 0.004, 0.23, 0.0, 1, 0, 1, 1, 1]}}, {"type": "Feature", "geometry": {"type": "Point", "coordinates": [2.9614, 41.691101]}, "properties": {"var_data": [0.18, -0.178, 0.006, 0.005, 0.258, 0.0, 1, 1, 1, 1, 1]}}, {"type": "Feature", "geometry": {"type": "Point", "coordinates": [2.99674, 41.691101]}, "properties": {"var_data": [0.088, -0.354, 0.006, 0.01, 0.362, 0.0, 1, 1, 1, 1, 1]}}, {"type": "Feature", "geometry": {"type": "Point", "coordinates": [3.03208, 41.691101]}, "properties": {"var_data": [0.096, -0.384, 0.005, 0.018, 0.502, -0.0, 1, 1, 1, 1, 1]}}, {"type": "Feature", "geometry": {"type": "Point", "coordinates": [3.06742, 41.691101]}, "properties": {"var_data": [0.135, -0.344, 0.005, 0.024, 0.649, -0.0, 1, 1, 1, 1, 1]}}, {"type": "Feature", "geometry": {"type": "Point", "coordinates": [3.10276, 41.691101]}, "properties": {"var_data": [0.139, -0.336, 0.007, 0.026, 0.572, -0.0, 1, 1, 1, 1, 1]}}, {"type": "Feature", "geometry": {"type": "Point", "coordinates": [3.1381, 41.691101]}, "properties": {"var_data": [0.127, -0.334, 0.009, 0.023, 0.615, 0.0, 4, 4, 1, 1, 1]}}, {"type": "Feature", "geometry": {"type": "Point", "coordinates": [3.17344, 41.691101]}, "properties": {"var_data": [0.147, -0.214, 0.009, 0.023, 0.582, 0.0, 1, 1, 1, 1, 1]}}, {"type": "Feature", "geometry": {"type": "Point", "coordinates": [3.20878, 41.691101]}, "properties": {"var_data": [0.151, -0.219, 0.005, 0.025, 0.709, 0.0, 1, 1, 1, 1, 1]}}, {"type": "Feature", "geometry": {"type": "Point", "coordinates": [3.24412, 41.691101]}, "properties": {"var_data": [0.168, -0.132, 0.005, 0.033, 0.743, 0.0, 1, 1, 1, 1, 1]}}, {"type": "Feature", "geometry": {"type": "Point", "coordinates": [3.27946, 41.691101]}, "properties": {"var_data": [0.173, -0.131, 0.005, 0.033, 0.723, 0.0, 1, 1, 1, 1, 1]}}, {"type": "Feature", "geometry": {"type": "Point", "coordinates": [3.3148, 41.691101]}, "properties": {"var_data": [0.182, -0.208, 0.005, 0.034, 0.759, 0.0, 1, 1, 1, 1, 1]}}, {"type": "Feature", "geometry": {"type": "Point", "coordinates": [3.35014, 41.691101]}, "properties": {"var_data": [0.169, -0.197, 0.01, 0.036, 0.785, 0.0, 1, 1, 1, 1, 1]}}, {"type": "Feature", "geometry": {"type": "Point", "coordinates": [3.38548, 41.691101]}, "properties": {"var_data": [0.185, -0.304, 0.007, 0.057, 1.126, -0.0, 1, 1, 1, 1, 1]}}, {"type": "Feature", "geometry": {"type": "Point", "coordinates": [3.42082, 41.691101]}, "properties": {"var_data": [0.21, -0.744, 0.007, 0.073, 3.171, -0.0, 4, 4, 4, 1, 1]}}, {"type": "Feature", "geometry": {"type": "Point", "coordinates": [3.45616, 41.691101]}, "properties": {"var_data": [0.285, 0.147, 0.01, 0.034, 1.135, 0.0, 1, 1, 1, 1, 1]}}, {"type": "Feature", "geometry": {"type": "Point", "coordinates": [3.4915, 41.691101]}, "properties": {"var_data": [0.175, 0.042, 0.012, 0.027, 0.892, -0.0, 1, 1, 1, 1, 1]}}, {"type": "Feature", "geometry": {"type": "Point", "coordinates": [3.52684, 41.691101]}, "properties": {"var_data": [0.175, 0.042, 0.012, 0.027, 0.892, -0.0, 1, 1, 1, 1, 1]}}, {"type": "Feature", "geometry": {"type": "Point", "coordinates": [3.56218, 41.691101]}, "properties": {"var_data": [0.037, 0.114, 0.015, 0.053, 0.796, -0.0, 1, 1, 1, 1, 1]}}, {"type": "Feature", "geometry": {"type": "Point", "coordinates": [3.59752, 41.691101]}, "properties": {"var_data": [0.05, 0.037, 0.042, 0.214, 1.348, 0.002, 4, 1, 1, 4, 1]}}, {"type": "Feature", "geometry": {"type": "Point", "coordinates": [3.63286, 41.691101]}, "properties": {"var_data": [-0.088, -0.029, 0.077, 0.217, 1.348, 0.004, 4, 1, 1, 4, 1]}}, {"type": "Feature", "geometry": {"type": "Point", "coordinates": [3.6682, 41.691101]}, "properties": {"var_data": [-0.065, -0.022, 0.083, 0.217, 1.53, 0.004, 4, 0, 1, 4, 1]}}, {"type": "Feature", "geometry": {"type": "Point", "coordinates": [3.70354, 41.691101]}, "properties": {"var_data": [-0.082, -0.654, 0.086, 0.17, 2.932, 0.013, 4, 0, 4, 4, 1]}}, {"type": "Feature", "geometry": {"type": "Point", "coordinates": [3.73888, 41.691101]}, "properties": {"var_data": [-0.082, -0.654, 0.086, 0.17, 2.932, 0.013, 4, 0, 4, 4, 1]}}, {"type": "Feature", "geometry": {"type": "Point", "coordinates": [3.77422, 41.691101]}, "properties": {"var_data": [0.287, -0.024, 0.049, 0.131, 3.508, 0.005, 4, 0, 4, 4, 1]}}, {"type": "Feature", "geometry": {"type": "Point", "coordinates": [3.80956, 41.691101]}, "properties": {"var_data": [0.311, 0.181, 0.042, 0.072, 1.909, 0.002, 4, 0, 1, 4, 1]}}, {"type": "Feature", "geometry": {"type": "Point", "coordinates": [3.1381, 41.718102]}, "properties": {"var_data": [0.083, -0.488, 0.009, 0.033, 0.845, -0.0, 1, 1, 1, 1, 1]}}, {"type": "Feature", "geometry": {"type": "Point", "coordinates": [3.17344, 41.718102]}, "properties": {"var_data": [0.019, -0.257, 0.018, 0.083, 0.925, -0.001, 4, 4, 1, 1, 1]}}, {"type": "Feature", "geometry": {"type": "Point", "coordinates": [3.20878, 41.718102]}, "properties": {"var_data": [0.078, -0.147, 0.005, 0.02, 0.737, -0.0, 1, 1, 1, 1, 1]}}, {"type": "Feature", "geometry": {"type": "Point", "coordinates": [3.24412, 41.718102]}, "properties": {"var_data": [0.124, -0.123, 0.005, 0.018, 0.646, -0.0, 1, 1, 1, 1, 1]}}, {"type": "Feature", "geometry": {"type": "Point", "coordinates": [3.27946, 41.718102]}, "properties": {"var_data": [0.119, -0.157, 0.005, 0.033, 0.658, 0.0, 1, 0, 1, 1, 1]}}, {"type": "Feature", "geometry": {"type": "Point", "coordinates": [3.3148, 41.718102]}, "properties": {"var_data": [0.124, -0.221, 0.005, 0.036, 0.785, 0.0, 1, 0, 1, 1, 1]}}, {"type": "Feature", "geometry": {"type": "Point", "coordinates": [3.35014, 41.718102]}, "properties": {"var_data": [0.122, -0.237, 0.01, 0.036, 0.775, 0.0, 1, 1, 1, 1, 1]}}, {"type": "Feature", "geometry": {"type": "Point", "coordinates": [3.38548, 41.718102]}, "properties": {"var_data": [0.152, -0.289, 0.01, 0.067, 0.886, 0.0, 1, 1, 1, 1, 1]}}, {"type": "Feature", "geometry": {"type": "Point", "coordinates": [3.42082, 41.718102]}, "properties": {"var_data": [0.178, -0.279, 0.011, 0.101, 1.375, 0.0, 1, 1, 1, 1, 1]}}, {"type": "Feature", "geometry": {"type": "Point", "coordinates": [3.45616, 41.718102]}, "properties": {"var_data": [0.229, 0.076, 0.008, 0.045, 0.849, -0.0, 1, 1, 1, 1, 1]}}, {"type": "Feature", "geometry": {"type": "Point", "coordinates": [3.4915, 41.718102]}, "properties": {"var_data": [0.209, 0.061, 0.013, 0.049, 0.924, -0.0, 1, 1, 1, 1, 1]}}, {"type": "Feature", "geometry": {"type": "Point", "coordinates": [3.52684, 41.718102]}, "properties": {"var_data": [0.111, 0.277, 0.015, 0.058, 0.93, -0.001, 1, 1, 1, 1, 1]}}, {"type": "Feature", "geometry": {"type": "Point", "coordinates": [3.56218, 41.718102]}, "properties": {"var_data": [0.111, 0.277, 0.015, 0.058, 0.93, -0.001, 1, 1, 1, 1, 1]}}, {"type": "Feature", "geometry": {"type": "Point", "coordinates": [3.59752, 41.718102]}, "properties": {"var_data": [0.188, 0.073, 0.039, 0.21, 1.3, 0.001, 4, 1, 1, 4, 1]}}, {"type": "Feature", "geometry": {"type": "Point", "coordinates": [3.63286, 41.718102]}, "properties": {"var_data": [-0.065, -0.022, 0.083, 0.217, 1.53, 0.004, 4, 1, 1, 4, 1]}}, {"type": "Feature", "geometry": {"type": "Point", "coordinates": [3.70354, 41.718102]}, "properties": {"var_data": [-0.082, -0.654, 0.086, 0.17, 2.932, 0.013, 4, 0, 4, 4, 1]}}, {"type": "Feature", "geometry": {"type": "Point", "coordinates": [3.73888, 41.718102]}, "properties": {"var_data": [-0.082, -0.654, 0.086, 0.17, 2.932, 0.013, 4, 0, 4, 4, 1]}}, {"type": "Feature", "geometry": {"type": "Point", "coordinates": [3.80956, 41.718102]}, "properties": {"var_data": [0.477, 0.299, 0.103, 0.12, 3.475, 0.011, 4, 1, 4, 4, 1]}}, {"type": "Feature", "geometry": {"type": "Point", "coordinates": [3.88024, 41.718102]}, "properties": {"var_data": [0.18, 0.09, 0.011, 0.053, 1.448, -0.0, 4, 1, 1, 4, 1]}}, {"type": "Feature", "geometry": {"type": "Point", "coordinates": [3.91558, 41.718102]}, "properties": {"var_data": [0.18, 0.093, 0.013, 0.129, 1.672, -0.001, 4, 0, 1, 4, 1]}}, {"type": "Feature", "geometry": {"type": "Point", "coordinates": [3.17344, 41.745098]}, "properties": {"var_data": [-0.039, -0.124, 0.01, 0.021, 0.736, -0.0, 1, 1, 1, 1, 1]}}, {"type": "Feature", "geometry": {"type": "Point", "coordinates": [3.20878, 41.745098]}, "properties": {"var_data": [-0.019, -0.157, 0.005, 0.018, 0.732, -0.0, 1, 1, 1, 1, 1]}}, {"type": "Feature", "geometry": {"type": "Point", "coordinates": [3.24412, 41.745098]}, "properties": {"var_data": [0.026, -0.156, 0.005, 0.017, 0.579, 0.0, 1, 1, 1, 1, 1]}}, {"type": "Feature", "geometry": {"type": "Point", "coordinates": [3.27946, 41.745098]}, "properties": {"var_data": [0.03, -0.173, 0.005, 0.014, 0.481, 0.0, 1, 1, 1, 1, 1]}}, {"type": "Feature", "geometry": {"type": "Point", "coordinates": [3.3148, 41.745098]}, "properties": {"var_data": [0.009, -0.188, 0.005, 0.018, 0.503, 0.0, 1, 1, 1, 1, 1]}}, {"type": "Feature", "geometry": {"type": "Point", "coordinates": [3.35014, 41.745098]}, "properties": {"var_data": [0.016, -0.159, 0.026, 0.035, 0.66, -0.0, 1, 1, 1, 1, 1]}}, {"type": "Feature", "geometry": {"type": "Point", "coordinates": [3.38548, 41.745098]}, "properties": {"var_data": [0.08, -0.212, 0.01, 0.058, 0.716, 0.0, 1, 1, 1, 1, 1]}}, {"type": "Feature", "geometry": {"type": "Point", "coordinates": [3.42082, 41.745098]}, "properties": {"var_data": [0.116, -0.266, 0.01, 0.052, 0.725, 0.0, 1, 1, 1, 1, 1]}}, {"type": "Feature", "geometry": {"type": "Point", "coordinates": [3.45616, 41.745098]}, "properties": {"var_data": [0.213, -0.194, 0.01, 0.052, 0.817, 0.0, 1, 1, 1, 1, 1]}}, {"type": "Feature", "geometry": {"type": "Point", "coordinates": [3.4915, 41.745098]}, "properties": {"var_data": [0.119, -0.005, 0.013, 0.049, 0.822, -0.0, 1, 1, 1, 1, 1]}}, {"type": "Feature", "geometry": {"type": "Point", "coordinates": [3.52684, 41.745098]}, "properties": {"var_data": [0.174, 0.043, 0.012, 0.045, 0.899, -0.0, 1, 1, 1, 1, 1]}}, {"type": "Feature", "geometry": {"type": "Point", "coordinates": [3.56218, 41.745098]}, "properties": {"var_data": [0.198, -0.891, 0.036, 0.209, 6.896, -0.007, 4, 4, 4, 4, 1]}}, {"type": "Feature", "geometry": {"type": "Point", "coordinates": [3.70354, 41.745098]}, "properties": {"var_data": [-0.082, -0.654, 0.086, 0.17, 2.932, 0.013, 4, 0, 4, 4, 1]}}, {"type": "Feature", "geometry": {"type": "Point", "coordinates": [3.73888, 41.745098]}, "properties": {"var_data": [-0.082, -0.654, 0.086, 0.17, 2.932, 0.013, 4, 0, 4, 4, 1]}}, {"type": "Feature", "geometry": {"type": "Point", "coordinates": [3.77422, 41.745098]}, "properties": {"var_data": [0.477, 0.299, 0.103, 0.12, 3.475, 0.011, 4, 1, 4, 4, 1]}}, {"type": "Feature", "geometry": {"type": "Point", "coordinates": [3.80956, 41.745098]}, "properties": {"var_data": [0.477, 0.299, 0.103, 0.12, 3.475, 0.011, 4, 1, 4, 4, 1]}}, {"type": "Feature", "geometry": {"type": "Point", "coordinates": [3.8449, 41.745098]}, "properties": {"var_data": [0.18, 0.087, 0.011, 0.058, 1.673, -0.0, 4, 1, 1, 4, 1]}}, {"type": "Feature", "geometry": {"type": "Point", "coordinates": [3.88024, 41.745098]}, "properties": {"var_data": [0.18, 0.087, 0.011, 0.058, 1.673, -0.0, 4, 0, 1, 4, 1]}}, {"type": "Feature", "geometry": {"type": "Point", "coordinates": [3.91558, 41.745098]}, "properties": {"var_data": [0.18, 0.087, 0.011, 0.058, 1.673, -0.0, 4, 0, 1, 4, 1]}}, {"type": "Feature", "geometry": {"type": "Point", "coordinates": [3.17344, 41.772099]}, "properties": {"var_data": [-0.084, -0.043, 0.01, 0.021, 0.964, -0.0, 1, 1, 1, 1, 1]}}, {"type": "Feature", "geometry": {"type": "Point", "coordinates": [3.20878, 41.772099]}, "properties": {"var_data": [-0.066, -0.183, 0.011, 0.022, 0.985, -0.0, 1, 1, 1, 1, 1]}}, {"type": "Feature", "geometry": {"type": "Point", "coordinates": [3.24412, 41.772099]}, "properties": {"var_data": [-0.035, -0.173, 0.009, 0.009, 0.432, -0.0, 1, 1, 1, 1, 1]}}, {"type": "Feature", "geometry": {"type": "Point", "coordinates": [3.27946, 41.772099]}, "properties": {"var_data": [-0.042, -0.166, 0.014, 0.012, 0.424, -0.0, 1, 1, 1, 1, 1]}}, {"type": "Feature", "geometry": {"type": "Point", "coordinates": [3.3148, 41.772099]}, "properties": {"var_data": [-0.026, -0.186, 0.017, 0.016, 0.433, 0.0, 1, 1, 1, 1, 1]}}, {"type": "Feature", "geometry": {"type": "Point", "coordinates": [3.35014, 41.772099]}, "properties": {"var_data": [0.035, -0.168, 0.023, 0.019, 0.469, 0.0, 1, 1, 1, 1, 1]}}, {"type": "Feature", "geometry": {"type": "Point", "coordinates": [3.38548, 41.772099]}, "properties": {"var_data": [0.043, -0.204, 0.024, 0.038, 0.565, 0.0, 1, 1, 1, 1, 1]}}, {"type": "Feature", "geometry": {"type": "Point", "coordinates": [3.42082, 41.772099]}, "properties": {"var_data": [0.096, -0.271, 0.013, 0.043, 0.655, -0.0, 1, 1, 1, 1, 1]}}, {"type": "Feature", "geometry": {"type": "Point", "coordinates": [3.45616, 41.772099]}, "properties": {"var_data": [0.112, -0.326, 0.012, 0.04, 0.612, -0.0, 1, 1, 1, 1, 1]}}, {"type": "Feature", "geometry": {"type": "Point", "coordinates": [3.4915, 41.772099]}, "properties": {"var_data": [0.117, -0.335, 0.022, 0.042, 0.666, 0.0, 1, 1, 1, 1, 1]}}, {"type": "Feature", "geometry": {"type": "Point", "coordinates": [3.52684, 41.772099]}, "properties": {"var_data": [0.098, -0.489, 0.01, 0.028, 1.006, 0.0, 1, 1, 1, 1, 1]}}, {"type": "Feature", "geometry": {"type": "Point", "coordinates": [3.56218, 41.772099]}, "properties": {"var_data": [0.129, -0.461, 0.026, 0.051, 1.373, 0.001, 1, 1, 1, 1, 1]}}, {"type": "Feature", "geometry": {"type": "Point", "coordinates": [3.59752, 41.772099]}, "properties": {"var_data": [0.193, -0.135, 0.088, 0.154, 2.54, 0.013, 4, 1, 4, 4, 1]}}, {"type": "Feature", "geometry": {"type": "Point", "coordinates": [3.73888, 41.772099]}, "properties": {"var_data": [0.085, -0.369, 0.037, 0.09, 1.955, 0.002, 4, 1, 1, 4, 1]}}, {"type": "Feature", "geometry": {"type": "Point", "coordinates": [3.77422, 41.772099]}, "properties": {"var_data": [0.195, -0.181, 0.016, 0.069, 1.843, -0.0, 1, 1, 1, 1, 1]}}, {"type": "Feature", "geometry": {"type": "Point", "coordinates": [3.80956, 41.772099]}, "properties": {"var_data": [0.239, 0.129, 0.017, 0.056, 1.377, -0.0, 4, 1, 1, 4, 1]}}, {"type": "Feature", "geometry": {"type": "Point", "coordinates": [3.8449, 41.772099]}, "properties": {"var_data": [0.18, 0.087, 0.011, 0.058, 1.673, -0.0, 4, 1, 1, 4, 1]}}, {"type": "Feature", "geometry": {"type": "Point", "coordinates": [3.88024, 41.772099]}, "properties": {"var_data": [0.18, 0.087, 0.011, 0.058, 1.673, -0.0, 4, 0, 1, 4, 1]}}, {"type": "Feature", "geometry": {"type": "Point", "coordinates": [3.95092, 41.772099]}, "properties": {"var_data": [0.182, 0.066, 0.011, 0.045, 1.908, -0.0, 4, 0, 1, 4, 1]}}, {"type": "Feature", "geometry": {"type": "Point", "coordinates": [3.17344, 41.799099]}, "properties": {"var_data": [-0.066, -0.099, 0.009, 0.01, 0.608, -0.0, 1, 1, 1, 1, 1]}}, {"type": "Feature", "geometry": {"type": "Point", "coordinates": [3.20878, 41.799099]}, "properties": {"var_data": [-0.088, -0.167, 0.009, 0.01, 0.502, -0.0, 1, 1, 1, 1, 1]}}, {"type": "Feature", "geometry": {"type": "Point", "coordinates": [3.24412, 41.799099]}, "properties": {"var_data": [-0.071, -0.173, 0.009, 0.008, 0.386, -0.0, 1, 1, 1, 1, 1]}}, {"type": "Feature", "geometry": {"type": "Point", "coordinates": [3.27946, 41.799099]}, "properties": {"var_data": [-0.063, -0.166, 0.014, 0.008, 0.374, -0.0, 1, 1, 1, 1, 1]}}, {"type": "Feature", "geometry": {"type": "Point", "coordinates": [3.3148, 41.799099]}, "properties": {"var_data": [-0.035, -0.169, 0.009, 0.01, 0.382, -0.0, 1, 1, 1, 1, 1]}}, {"type": "Feature", "geometry": {"type": "Point", "coordinates": [3.35014, 41.799099]}, "properties": {"var_data": [0.004, -0.175, 0.006, 0.008, 0.396, -0.0, 1, 1, 1, 1, 1]}}, {"type": "Feature", "geometry": {"type": "Point", "coordinates": [3.38548, 41.799099]}, "properties": {"var_data": [0.017, -0.181, 0.007, 0.013, 0.493, -0.0, 1, 1, 1, 1, 1]}}, {"type": "Feature", "geometry": {"type": "Point", "coordinates": [3.42082, 41.799099]}, "properties": {"var_data": [0.077, -0.216, 0.012, 0.035, 0.445, -0.0, 1, 1, 1, 1, 1]}}, {"type": "Feature", "geometry": {"type": "Point", "coordinates": [3.45616, 41.799099]}, "properties": {"var_data": [0.104, -0.289, 0.011, 0.033, 0.471, -0.0, 1, 1, 1, 1, 1]}}, {"type": "Feature", "geometry": {"type": "Point", "coordinates": [3.4915, 41.799099]}, "properties": {"var_data": [0.108, -0.326, 0.011, 0.035, 0.552, -0.0, 1, 1, 1, 1, 1]}}, {"type": "Feature", "geometry": {"type": "Point", "coordinates": [3.52684, 41.799099]}, "properties": {"var_data": [0.126, -0.282, 0.017, 0.036, 0.649, 0.0, 1, 1, 1, 1, 1]}}, {"type": "Feature", "geometry": {"type": "Point", "coordinates": [3.56218, 41.799099]}, "properties": {"var_data": [0.124, -0.323, 0.021, 0.04, 0.96, 0.0, 1, 1, 1, 1, 1]}}, {"type": "Feature", "geometry": {"type": "Point", "coordinates": [3.59752, 41.799099]}, "properties": {"var_data": [0.082, -0.399, 0.031, 0.06, 1.717, 0.001, 1, 1, 1, 1, 1]}}, {"type": "Feature", "geometry": {"type": "Point", "coordinates": [3.63286, 41.799099]}, "properties": {"var_data": [0.064, -0.293, 0.032, 0.06, 1.853, 0.001, 4, 1, 1, 4, 1]}}, {"type": "Feature", "geometry": {"type": "Point", "coordinates": [3.91558, 41.799099]}, "properties": {"var_data": [0.208, -0.217, 0.019, 0.274, 1.588, -0.004, 4, 0, 1, 4, 1]}}, {"type": "Feature", "geometry": {"type": "Point", "coordinates": [3.95092, 41.799099]}, "properties": {"var_data": [0.194, -0.077, 0.011, 0.045, 1.298, -0.0, 1, 0, 1, 1, 1]}}, {"type": "Feature", "geometry": {"type": "Point", "coordinates": [3.98626, 41.799099]}, "properties": {"var_data": [0.194, -0.05, 0.104, 0.106, 1.45, 0.011, 1, 0, 1, 1, 1]}}, {"type": "Feature", "geometry": {"type": "Point", "coordinates": [4.0216, 41.799099]}, "properties": {"var_data": [0.124, -0.029, 0.01, 0.011, 1.539, 0.0, 4, 0, 1, 4, 1]}}, {"type": "Feature", "geometry": {"type": "Point", "coordinates": [4.05694, 41.799099]}, "properties": {"var_data": [0.121, -0.023, 0.01, 0.011, 1.478, 0.0, 1, 0, 1, 1, 1]}}, {"type": "Feature", "geometry": {"type": "Point", "coordinates": [3.17344, 41.826099]}, "properties": {"var_data": [-0.091, -0.104, 0.009, 0.011, 0.634, -0.0, 1, 1, 1, 1, 1]}}, {"type": "Feature", "geometry": {"type": "Point", "coordinates": [3.20878, 41.826099]}, "properties": {"var_data": [-0.122, -0.156, 0.009, 0.01, 0.479, -0.0, 1, 1, 1, 1, 1]}}, {"type": "Feature", "geometry": {"type": "Point", "coordinates": [3.24412, 41.826099]}, "properties": {"var_data": [-0.109, -0.151, 0.009, 0.009, 0.367, -0.0, 1, 1, 1, 1, 1]}}, {"type": "Feature", "geometry": {"type": "Point", "coordinates": [3.27946, 41.826099]}, "properties": {"var_data": [-0.064, -0.181, 0.013, 0.007, 0.341, -0.0, 1, 1, 1, 1, 1]}}, {"type": "Feature", "geometry": {"type": "Point", "coordinates": [3.3148, 41.826099]}, "properties": {"var_data": [-0.019, -0.173, 0.008, 0.007, 0.339, 0.0, 1, 1, 1, 1, 1]}}, {"type": "Feature", "geometry": {"type": "Point", "coordinates": [3.35014, 41.826099]}, "properties": {"var_data": [0.038, -0.136, 0.006, 0.007, 0.361, -0.0, 1, 1, 1, 1, 1]}}, {"type": "Feature", "geometry": {"type": "Point", "coordinates": [3.38548, 41.826099]}, "properties": {"var_data": [0.04, -0.194, 0.004, 0.006, 0.426, 0.0, 1, 1, 1, 1, 1]}}, {"type": "Feature", "geometry": {"type": "Point", "coordinates": [3.42082, 41.826099]}, "properties": {"var_data": [0.075, -0.162, 0.004, 0.008, 0.404, 0.0, 1, 1, 1, 1, 1]}}, {"type": "Feature", "geometry": {"type": "Point", "coordinates": [3.45616, 41.826099]}, "properties": {"var_data": [0.104, -0.181, 0.005, 0.01, 0.422, 0.0, 1, 1, 1, 1, 1]}}, {"type": "Feature", "geometry": {"type": "Point", "coordinates": [3.4915, 41.826099]}, "properties": {"var_data": [0.106, -0.254, 0.006, 0.013, 0.479, 0.0, 1, 1, 1, 1, 1]}}, {"type": "Feature", "geometry": {"type": "Point", "coordinates": [3.52684, 41.826099]}, "properties": {"var_data": [0.132, -0.271, 0.015, 0.032, 0.554, 0.0, 1, 1, 1, 1, 1]}}, {"type": "Feature", "geometry": {"type": "Point", "coordinates": [3.56218, 41.826099]}, "properties": {"var_data": [0.114, -0.337, 0.018, 0.036, 0.854, 0.0, 1, 1, 1, 1, 1]}}, {"type": "Feature", "geometry": {"type": "Point", "coordinates": [3.59752, 41.826099]}, "properties": {"var_data": [0.082, -0.399, 0.031, 0.06, 1.717, 0.001, 1, 1, 1, 1, 1]}}, {"type": "Feature", "geometry": {"type": "Point", "coordinates": [3.63286, 41.826099]}, "properties": {"var_data": [0.064, -0.293, 0.032, 0.06, 1.853, 0.001, 4, 1, 1, 4, 1]}}, {"type": "Feature", "geometry": {"type": "Point", "coordinates": [3.88024, 41.826099]}, "properties": {"var_data": [0.329, -0.095, 0.041, 0.258, 1.538, -0.01, 4, 0, 1, 4, 1]}}, {"type": "Feature", "geometry": {"type": "Point", "coordinates": [3.91558, 41.826099]}, "properties": {"var_data": [0.217, -0.21, 0.111, 0.279, 1.777, 0.001, 4, 0, 1, 4, 1]}}, {"type": "Feature", "geometry": {"type": "Point", "coordinates": [3.95092, 41.826099]}, "properties": {"var_data": [0.217, -0.21, 0.111, 0.279, 1.777, 0.001, 4, 0, 1, 4, 1]}}, {"type": "Feature", "geometry": {"type": "Point", "coordinates": [3.98626, 41.826099]}, "properties": {"var_data": [0.168, -0.104, 0.011, 0.041, 1.257, -0.0, 1, 0, 1, 1, 1]}}, {"type": "Feature", "geometry": {"type": "Point", "coordinates": [4.0216, 41.826099]}, "properties": {"var_data": [0.124, -0.029, 0.01, 0.011, 1.539, 0.0, 4, 0, 1, 4, 1]}}, {"type": "Feature", "geometry": {"type": "Point", "coordinates": [4.05694, 41.826099]}, "properties": {"var_data": [0.121, -0.023, 0.01, 0.011, 1.478, 0.0, 1, 0, 1, 1, 1]}}, {"type": "Feature", "geometry": {"type": "Point", "coordinates": [4.09228, 41.826099]}, "properties": {"var_data": [0.126, -0.043, 0.01, 0.023, 1.653, 0.0, 4, 0, 1, 4, 1]}}, {"type": "Feature", "geometry": {"type": "Point", "coordinates": [3.17344, 41.8531]}, "properties": {"var_data": [-0.119, -0.107, 0.012, 0.011, 0.563, -0.0, 1, 1, 1, 1, 1]}}, {"type": "Feature", "geometry": {"type": "Point", "coordinates": [3.20878, 41.8531]}, "properties": {"var_data": [-0.149, -0.135, 0.01, 0.007, 0.474, -0.0, 1, 1, 1, 1, 1]}}, {"type": "Feature", "geometry": {"type": "Point", "coordinates": [3.24412, 41.8531]}, "properties": {"var_data": [-0.088, -0.157, 0.011, 0.007, 0.36, 0.0, 1, 1, 1, 1, 1]}}, {"type": "Feature", "geometry": {"type": "Point", "coordinates": [3.27946, 41.8531]}, "properties": {"var_data": [-0.024, -0.149, 0.009, 0.006, 0.328, 0.0, 1, 1, 1, 1, 1]}}, {"type": "Feature", "geometry": {"type": "Point", "coordinates": [3.3148, 41.8531]}, "properties": {"var_data": [0.02, -0.136, 0.007, 0.007, 0.341, 0.0, 1, 1, 1, 1, 1]}}, {"type": "Feature", "geometry": {"type": "Point", "coordinates": [3.35014, 41.8531]}, "properties": {"var_data": [0.064, -0.123, 0.006, 0.006, 0.333, -0.0, 1, 1, 1, 1, 1]}}, {"type": "Feature", "geometry": {"type": "Point", "coordinates": [3.38548, 41.8531]}, "properties": {"var_data": [0.045, -0.11, 0.005, 0.006, 0.365, 0.0, 1, 1, 1, 1, 1]}}, {"type": "Feature", "geometry": {"type": "Point", "coordinates": [3.42082, 41.8531]}, "properties": {"var_data": [0.06, -0.145, 0.004, 0.006, 0.379, 0.0, 1, 1, 1, 1, 1]}}, {"type": "Feature", "geometry": {"type": "Point", "coordinates": [3.45616, 41.8531]}, "properties": {"var_data": [0.079, -0.144, 0.005, 0.007, 0.382, 0.0, 1, 1, 1, 1, 1]}}, {"type": "Feature", "geometry": {"type": "Point", "coordinates": [3.4915, 41.8531]}, "properties": {"var_data": [0.109, -0.163, 0.006, 0.009, 0.421, 0.0, 1, 1, 1, 1, 1]}}, {"type": "Feature", "geometry": {"type": "Point", "coordinates": [3.52684, 41.8531]}, "properties": {"var_data": [0.163, -0.175, 0.022, 0.021, 0.525, 0.0, 1, 1, 1, 1, 1]}}, {"type": "Feature", "geometry": {"type": "Point", "coordinates": [3.56218, 41.8531]}, "properties": {"var_data": [0.117, -0.227, 0.017, 0.029, 0.684, 0.0, 1, 1, 1, 1, 1]}}, {"type": "Feature", "geometry": {"type": "Point", "coordinates": [3.59752, 41.8531]}, "properties": {"var_data": [0.075, -0.271, 0.026, 0.051, 1.445, 0.001, 1, 1, 1, 1, 1]}}, {"type": "Feature", "geometry": {"type": "Point", "coordinates": [3.63286, 41.8531]}, "properties": {"var_data": [0.053, -0.236, 0.06, 0.184, 1.85, -0.011, 4, 0, 1, 4, 1]}}, {"type": "Feature", "geometry": {"type": "Point", "coordinates": [3.6682, 41.8531]}, "properties": {"var_data": [0.003, 0.128, 0.07, 0.26, 1.324, -0.015, 4, 0, 1, 4, 1]}}, {"type": "Feature", "geometry": {"type": "Point", "coordinates": [3.88024, 41.8531]}, "properties": {"var_data": [0.217, -0.21, 0.111, 0.279, 1.777, 0.001, 4, 0, 1, 4, 1]}}, {"type": "Feature", "geometry": {"type": "Point", "coordinates": [3.91558, 41.8531]}, "properties": {"var_data": [0.217, -0.21, 0.111, 0.279, 1.777, 0.001, 4, 0, 1, 4, 1]}}, {"type": "Feature", "geometry": {"type": "Point", "coordinates": [3.95092, 41.8531]}, "properties": {"var_data": [0.217, -0.21, 0.111, 0.279, 1.777, 0.001, 4, 0, 1, 4, 1]}}, {"type": "Feature", "geometry": {"type": "Point", "coordinates": [3.98626, 41.8531]}, "properties": {"var_data": [0.188, -0.239, 0.039, 0.258, 1.539, -0.01, 4, 0, 1, 4, 1]}}, {"type": "Feature", "geometry": {"type": "Point", "coordinates": [4.09228, 41.8531]}, "properties": {"var_data": [0.12, -0.003, 0.013, 0.059, 1.909, -0.0, 4, 0, 1, 4, 1]}}, {"type": "Feature", "geometry": {"type": "Point", "coordinates": [4.12762, 41.8531]}, "properties": {"var_data": [0.009, -0.137, 0.102, 0.136, 1.911, 0.012, 4, 0, 1, 4, 1]}}, {"type": "Feature", "geometry": {"type": "Point", "coordinates": [3.20878, 41.8801]}, "properties": {"var_data": [-0.116, -0.137, 0.012, 0.008, 0.454, 0.0, 1, 1, 1, 1, 1]}}, {"type": "Feature", "geometry": {"type": "Point", "coordinates": [3.24412, 41.8801]}, "properties": {"var_data": [-0.055, -0.15, 0.01, 0.006, 0.337, 0.0, 1, 1, 1, 1, 1]}}, {"type": "Feature", "geometry": {"type": "Point", "coordinates": [3.27946, 41.8801]}, "properties": {"var_data": [0.041, -0.134, 0.01, 0.007, 0.304, 0.0, 1, 1, 1, 1, 1]}}, {"type": "Feature", "geometry": {"type": "Point", "coordinates": [3.3148, 41.8801]}, "properties": {"var_data": [0.06, -0.11, 0.007, 0.006, 0.321, 0.0, 1, 1, 1, 1, 1]}}, {"type": "Feature", "geometry": {"type": "Point", "coordinates": [3.35014, 41.8801]}, "properties": {"var_data": [0.06, -0.105, 0.005, 0.006, 0.322, -0.0, 1, 1, 1, 1, 1]}}, {"type": "Feature", "geometry": {"type": "Point", "coordinates": [3.38548, 41.8801]}, "properties": {"var_data": [0.056, -0.096, 0.004, 0.006, 0.342, 0.0, 1, 1, 1, 1, 1]}}, {"type": "Feature", "geometry": {"type": "Point", "coordinates": [3.42082, 41.8801]}, "properties": {"var_data": [0.064, -0.11, 0.005, 0.007, 0.393, 0.0, 1, 1, 1, 1, 1]}}, {"type": "Feature", "geometry": {"type": "Point", "coordinates": [3.45616, 41.8801]}, "properties": {"var_data": [0.074, -0.105, 0.007, 0.008, 0.42, 0.0, 1, 1, 1, 1, 1]}}, {"type": "Feature", "geometry": {"type": "Point", "coordinates": [3.4915, 41.8801]}, "properties": {"var_data": [0.092, -0.113, 0.007, 0.01, 0.431, 0.0, 1, 1, 1, 1, 1]}}, {"type": "Feature", "geometry": {"type": "Point", "coordinates": [3.52684, 41.8801]}, "properties": {"var_data": [0.13, -0.192, 0.027, 0.021, 0.654, 0.0, 1, 1, 1, 1, 1]}}, {"type": "Feature", "geometry": {"type": "Point", "coordinates": [3.56218, 41.8801]}, "properties": {"var_data": [0.057, -0.132, 0.023, 0.021, 0.691, 0.0, 1, 1, 1, 1, 1]}}, {"type": "Feature", "geometry": {"type": "Point", "coordinates": [3.59752, 41.8801]}, "properties": {"var_data": [0.058, -0.224, 0.06, 0.184, 1.717, -0.011, 1, 1, 1, 1, 1]}}, {"type": "Feature", "geometry": {"type": "Point", "coordinates": [3.63286, 41.8801]}, "properties": {"var_data": [-0.038, 0.097, 0.072, 0.219, 1.219, -0.015, 1, 0, 1, 1, 1]}}, {"type": "Feature", "geometry": {"type": "Point", "coordinates": [3.6682, 41.8801]}, "properties": {"var_data": [-0.007, 0.118, 0.07, 0.215, 1.184, -0.015, 1, 0, 1, 1, 1]}}, {"type": "Feature", "geometry": {"type": "Point", "coordinates": [3.70354, 41.8801]}, "properties": {"var_data": [-0.001, 0.121, 0.08, 0.237, 1.218, -0.018, 1, 0, 1, 1, 1]}}, {"type": "Feature", "geometry": {"type": "Point", "coordinates": [3.73888, 41.8801]}, "properties": {"var_data": [0.026, 0.144, 0.086, 0.247, 1.3, -0.016, 4, 0, 1, 4, 1]}}, {"type": "Feature", "geometry": {"type": "Point", "coordinates": [3.77422, 41.8801]}, "properties": {"var_data": [0.219, -0.63, 0.03, 0.275, 4.375, 0.006, 4, 0, 4, 4, 1]}}, {"type": "Feature", "geometry": {"type": "Point", "coordinates": [3.80956, 41.8801]}, "properties": {"var_data": [0.299, 0.217, 0.025, 0.057, 2.249, 0.001, 4, 0, 4, 4, 1]}}, {"type": "Feature", "geometry": {"type": "Point", "coordinates": [3.91558, 41.8801]}, "properties": {"var_data": [0.217, -0.21, 0.111, 0.279, 1.777, 0.001, 4, 0, 1, 4, 1]}}, {"type": "Feature", "geometry": {"type": "Point", "coordinates": [3.95092, 41.8801]}, "properties": {"var_data": [0.217, -0.21, 0.111, 0.279, 1.777, 0.001, 4, 0, 1, 4, 1]}}, {"type": "Feature", "geometry": {"type": "Point", "coordinates": [3.98626, 41.8801]}, "properties": {"var_data": [0.138, -0.304, 0.064, 0.24, 1.488, -0.011, 4, 0, 1, 4, 1]}}, {"type": "Feature", "geometry": {"type": "Point", "coordinates": [3.24412, 41.907101]}, "properties": {"var_data": [0.014, -0.146, 0.004, 0.007, 0.317, 0.0, 1, 1, 1, 1, 1]}}, {"type": "Feature", "geometry": {"type": "Point", "coordinates": [3.27946, 41.907101]}, "properties": {"var_data": [0.072, -0.104, 0.007, 0.006, 0.304, 0.0, 1, 1, 1, 1, 1]}}, {"type": "Feature", "geometry": {"type": "Point", "coordinates": [3.3148, 41.907101]}, "properties": {"var_data": [0.051, -0.101, 0.006, 0.006, 0.296, 0.0, 1, 1, 1, 1, 1]}}, {"type": "Feature", "geometry": {"type": "Point", "coordinates": [3.35014, 41.907101]}, "properties": {"var_data": [0.039, -0.074, 0.007, 0.007, 0.31, -0.0, 1, 1, 1, 1, 1]}}, {"type": "Feature", "geometry": {"type": "Point", "coordinates": [3.38548, 41.907101]}, "properties": {"var_data": [0.047, -0.068, 0.007, 0.008, 0.341, -0.0, 1, 1, 1, 1, 1]}}, {"type": "Feature", "geometry": {"type": "Point", "coordinates": [3.42082, 41.907101]}, "properties": {"var_data": [0.042, -0.079, 0.006, 0.007, 0.411, 0.0, 1, 1, 1, 1, 1]}}, {"type": "Feature", "geometry": {"type": "Point", "coordinates": [3.45616, 41.907101]}, "properties": {"var_data": [0.036, -0.09, 0.007, 0.007, 0.434, 0.0, 1, 1, 1, 1, 1]}}, {"type": "Feature", "geometry": {"type": "Point", "coordinates": [3.4915, 41.907101]}, "properties": {"var_data": [0.054, -0.065, 0.012, 0.008, 0.485, 0.0, 1, 1, 1, 1, 1]}}, {"type": "Feature", "geometry": {"type": "Point", "coordinates": [3.52684, 41.907101]}, "properties": {"var_data": [0.087, -0.123, 0.021, 0.012, 0.7, 0.0, 1, 1, 1, 1, 1]}}, {"type": "Feature", "geometry": {"type": "Point", "coordinates": [3.56218, 41.907101]}, "properties": {"var_data": [0.165, -0.105, 0.018, 0.02, 0.82, 0.0, 1, 1, 1, 1, 1]}}, {"type": "Feature", "geometry": {"type": "Point", "coordinates": [3.59752, 41.907101]}, "properties": {"var_data": [0.195, -0.357, 0.026, 0.077, 2.473, -0.002, 4, 1, 4, 1, 1]}}, {"type": "Feature", "geometry": {"type": "Point", "coordinates": [3.63286, 41.907101]}, "properties": {"var_data": [0.06, 0.184, 0.072, 0.196, 1.265, -0.014, 4, 0, 1, 4, 1]}}, {"type": "Feature", "geometry": {"type": "Point", "coordinates": [3.6682, 41.907101]}, "properties": {"var_data": [-0.001, 0.121, 0.08, 0.237, 1.218, -0.018, 1, 0, 1, 1, 1]}}, {"type": "Feature", "geometry": {"type": "Point", "coordinates": [3.70354, 41.907101]}, "properties": {"var_data": [-0.001, 0.121, 0.08, 0.237, 1.218, -0.018, 1, 0, 1, 1, 1]}}, {"type": "Feature", "geometry": {"type": "Point", "coordinates": [3.73888, 41.907101]}, "properties": {"var_data": [0.109, 0.118, 0.022, 0.14, 1.238, 0.001, 1, 0, 1, 1, 1]}}, {"type": "Feature", "geometry": {"type": "Point", "coordinates": [3.77422, 41.907101]}, "properties": {"var_data": [0.158, -0.004, 0.022, 0.053, 1.491, 0.001, 4, 0, 1, 4, 1]}}, {"type": "Feature", "geometry": {"type": "Point", "coordinates": [3.80956, 41.907101]}, "properties": {"var_data": [0.299, 0.217, 0.025, 0.057, 2.249, 0.001, 4, 0, 4, 4, 1]}}, {"type": "Feature", "geometry": {"type": "Point", "coordinates": [3.8449, 41.907101]}, "properties": {"var_data": [0.299, 0.217, 0.025, 0.057, 2.249, 0.001, 4, 0, 4, 4, 1]}}, {"type": "Feature", "geometry": {"type": "Point", "coordinates": [3.95092, 41.907101]}, "properties": {"var_data": [0.009, -0.133, 0.035, 0.045, 1.778, 0.001, 4, 0, 1, 4, 1]}}, {"type": "Feature", "geometry": {"type": "Point", "coordinates": [3.24412, 41.934101]}, "properties": {"var_data": [0.094, -0.09, 0.004, 0.007, 0.315, 0.0, 1, 1, 1, 1, 1]}}, {"type": "Feature", "geometry": {"type": "Point", "coordinates": [3.27946, 41.934101]}, "properties": {"var_data": [0.084, -0.077, 0.003, 0.005, 0.28, 0.0, 1, 1, 1, 1, 1]}}, {"type": "Feature", "geometry": {"type": "Point", "coordinates": [3.3148, 41.934101]}, "properties": {"var_data": [0.054, -0.06, 0.004, 0.007, 0.275, 0.0, 1, 1, 1, 1, 1]}}, {"type": "Feature", "geometry": {"type": "Point", "coordinates": [3.35014, 41.934101]}, "properties": {"var_data": [0.041, -0.028, 0.004, 0.009, 0.296, -0.0, 1, 1, 1, 1, 1]}}, {"type": "Feature", "geometry": {"type": "Point", "coordinates": [3.38548, 41.934101]}, "properties": {"var_data": [0.004, -0.042, 0.004, 0.011, 0.331, -0.0, 1, 1, 1, 1, 1]}}, {"type": "Feature", "geometry": {"type": "Point", "coordinates": [3.42082, 41.934101]}, "properties": {"var_data": [-0.006, -0.047, 0.005, 0.008, 0.358, 0.0, 1, 1, 1, 1, 1]}}, {"type": "Feature", "geometry": {"type": "Point", "coordinates": [3.45616, 41.934101]}, "properties": {"var_data": [0.032, -0.053, 0.007, 0.008, 0.418, 0.0, 1, 1, 1, 1, 1]}}, {"type": "Feature", "geometry": {"type": "Point", "coordinates": [3.4915, 41.934101]}, "properties": {"var_data": [0.067, -0.073, 0.013, 0.01, 0.5, 0.0, 1, 1, 1, 1, 1]}}, {"type": "Feature", "geometry": {"type": "Point", "coordinates": [3.52684, 41.934101]}, "properties": {"var_data": [0.129, -0.075, 0.018, 0.012, 0.64, 0.0, 1, 1, 1, 1, 1]}}, {"type": "Feature", "geometry": {"type": "Point", "coordinates": [3.56218, 41.934101]}, "properties": {"var_data": [0.211, -0.32, 0.027, 0.082, 2.5, -0.001, 4, 1, 4, 1, 1]}}, {"type": "Feature", "geometry": {"type": "Point", "coordinates": [3.59752, 41.934101]}, "properties": {"var_data": [0.122, -0.041, 0.024, 0.069, 1.113, -0.001, 1, 1, 1, 1, 1]}}, {"type": "Feature", "geometry": {"type": "Point", "coordinates": [3.63286, 41.934101]}, "properties": {"var_data": [0.09, 0.105, 0.045, 0.119, 1.034, -0.005, 1, 0, 1, 1, 1]}}, {"type": "Feature", "geometry": {"type": "Point", "coordinates": [3.6682, 41.934101]}, "properties": {"var_data": [-0.018, 0.113, 0.083, 0.244, 1.282, -0.02, 4, 0, 1, 4, 1]}}, {"type": "Feature", "geometry": {"type": "Point", "coordinates": [3.70354, 41.934101]}, "properties": {"var_data": [0.021, 0.141, 0.101, 0.248, 1.481, -0.017, 4, 0, 1, 4, 1]}}, {"type": "Feature", "geometry": {"type": "Point", "coordinates": [3.73888, 41.934101]}, "properties": {"var_data": [0.149, 0.125, 0.023, 0.137, 1.183, 0.001, 1, 0, 1, 1, 1]}}, {"type": "Feature", "geometry": {"type": "Point", "coordinates": [3.77422, 41.934101]}, "properties": {"var_data": [0.186, 0.059, 0.01, 0.046, 1.177, 0.0, 1, 0, 1, 1, 1]}}, {"type": "Feature", "geometry": {"type": "Point", "coordinates": [3.80956, 41.934101]}, "properties": {"var_data": [0.278, 0.204, 0.01, 0.048, 1.353, 0.0, 1, 0, 1, 1, 1]}}, {"type": "Feature", "geometry": {"type": "Point", "coordinates": [3.8449, 41.934101]}, "properties": {"var_data": [0.278, 0.193, 0.01, 0.02, 1.418, 0.0, 1, 0, 1, 1, 1]}}, {"type": "Feature", "geometry": {"type": "Point", "coordinates": [3.88024, 41.934101]}, "properties": {"var_data": [0.272, 0.188, 0.075, 0.091, 1.842, 0.007, 4, 0, 1, 4, 1]}}, {"type": "Feature", "geometry": {"type": "Point", "coordinates": [3.91558, 41.934101]}, "properties": {"var_data": [0.256, 0.332, 0.078, 0.096, 2.047, 0.007, 4, 0, 4, 4, 1]}}, {"type": "Feature", "geometry": {"type": "Point", "coordinates": [3.95092, 41.934101]}, "properties": {"var_data": [-0.024, -0.036, 0.035, 0.045, 1.589, 0.001, 4, 0, 1, 4, 1]}}, {"type": "Feature", "geometry": {"type": "Point", "coordinates": [3.98626, 41.934101]}, "properties": {"var_data": [-0.045, 0.098, 0.053, 0.181, 1.911, -0.005, 4, 0, 1, 4, 1]}}, {"type": "Feature", "geometry": {"type": "Point", "coordinates": [3.24412, 41.961102]}, "properties": {"var_data": [0.161, -0.011, 0.002, 0.001, 0.29, -0.0, 1, 1, 1, 1, 1]}}, {"type": "Feature", "geometry": {"type": "Point", "coordinates": [3.27946, 41.961102]}, "properties": {"var_data": [0.123, -0.009, 0.003, 0.006, 0.268, 0.0, 1, 1, 1, 1, 1]}}, {"type": "Feature", "geometry": {"type": "Point", "coordinates": [3.3148, 41.961102]}, "properties": {"var_data": [0.051, -0.031, 0.004, 0.008, 0.281, -0.0, 1, 1, 1, 1, 1]}}, {"type": "Feature", "geometry": {"type": "Point", "coordinates": [3.35014, 41.961102]}, "properties": {"var_data": [0.018, -0.002, 0.002, 0.009, 0.296, -0.0, 1, 1, 1, 1, 1]}}, {"type": "Feature", "geometry": {"type": "Point", "coordinates": [3.38548, 41.961102]}, "properties": {"var_data": [0.005, -0.018, 0.003, 0.009, 0.31, -0.0, 1, 1, 1, 1, 1]}}, {"type": "Feature", "geometry": {"type": "Point", "coordinates": [3.42082, 41.961102]}, "properties": {"var_data": [0.016, -0.02, 0.003, 0.008, 0.329, -0.0, 1, 1, 1, 1, 1]}}, {"type": "Feature", "geometry": {"type": "Point", "coordinates": [3.45616, 41.961102]}, "properties": {"var_data": [0.029, -0.045, 0.004, 0.01, 0.413, -0.0, 1, 1, 1, 1, 1]}}, {"type": "Feature", "geometry": {"type": "Point", "coordinates": [3.4915, 41.961102]}, "properties": {"var_data": [0.058, -0.054, 0.004, 0.01, 0.475, -0.0, 1, 1, 1, 1, 1]}}, {"type": "Feature", "geometry": {"type": "Point", "coordinates": [3.52684, 41.961102]}, "properties": {"var_data": [0.094, -0.004, 0.012, 0.011, 0.674, 0.0, 1, 1, 1, 1, 1]}}, {"type": "Feature", "geometry": {"type": "Point", "coordinates": [3.56218, 41.961102]}, "properties": {"var_data": [0.175, -0.039, 0.021, 0.07, 1.055, -0.001, 1, 1, 1, 1, 1]}}, {"type": "Feature", "geometry": {"type": "Point", "coordinates": [3.59752, 41.961102]}, "properties": {"var_data": [0.191, -0.004, 0.021, 0.072, 1.13, -0.001, 1, 1, 1, 1, 1]}}, {"type": "Feature", "geometry": {"type": "Point", "coordinates": [3.63286, 41.961102]}, "properties": {"var_data": [0.265, 0.091, 0.029, 0.086, 1.09, -0.002, 4, 4, 1, 1, 1]}}, {"type": "Feature", "geometry": {"type": "Point", "coordinates": [3.6682, 41.961102]}, "properties": {"var_data": [0.173, 0.004, 0.029, 0.127, 1.115, -0.001, 1, 0, 1, 1, 1]}}, {"type": "Feature", "geometry": {"type": "Point", "coordinates": [3.70354, 41.961102]}, "properties": {"var_data": [0.161, 0.031, 0.042, 0.143, 1.019, -0.002, 1, 0, 1, 1, 1]}}, {"type": "Feature", "geometry": {"type": "Point", "coordinates": [3.73888, 41.961102]}, "properties": {"var_data": [0.181, 0.06, 0.02, 0.134, 1.249, 0.001, 1, 0, 1, 1, 1]}}, {"type": "Feature", "geometry": {"type": "Point", "coordinates": [3.77422, 41.961102]}, "properties": {"var_data": [0.231, 0.132, 0.01, 0.168, 1.325, 0.001, 1, 1, 1, 1, 1]}}, {"type": "Feature", "geometry": {"type": "Point", "coordinates": [3.80956, 41.961102]}, "properties": {"var_data": [0.243, 0.156, 0.01, 0.047, 1.239, 0.0, 1, 1, 1, 1, 1]}}, {"type": "Feature", "geometry": {"type": "Point", "coordinates": [3.8449, 41.961102]}, "properties": {"var_data": [0.243, 0.155, 0.01, 0.02, 1.127, 0.0, 1, 1, 1, 1, 1]}}, {"type": "Feature", "geometry": {"type": "Point", "coordinates": [3.88024, 41.961102]}, "properties": {"var_data": [0.269, 0.186, 0.011, 0.021, 1.507, 0.0, 1, 0, 1, 1, 1]}}, {"type": "Feature", "geometry": {"type": "Point", "coordinates": [3.91558, 41.961102]}, "properties": {"var_data": [0.228, 0.291, 0.016, 0.025, 1.419, 0.0, 1, 0, 1, 1, 1]}}, {"type": "Feature", "geometry": {"type": "Point", "coordinates": [3.95092, 41.961102]}, "properties": {"var_data": [0.239, 0.31, 0.02, 0.029, 1.842, 0.0, 4, 0, 1, 4, 1]}}, {"type": "Feature", "geometry": {"type": "Point", "coordinates": [3.98626, 41.961102]}, "properties": {"var_data": [-0.045, 0.098, 0.053, 0.181, 1.911, -0.005, 4, 0, 1, 4, 1]}}, {"type": "Feature", "geometry": {"type": "Point", "coordinates": [4.0216, 41.961102]}, "properties": {"var_data": [-0.045, 0.098, 0.053, 0.181, 1.911, -0.005, 4, 0, 1, 4, 1]}}, {"type": "Feature", "geometry": {"type": "Point", "coordinates": [3.24412, 41.988098]}, "properties": {"var_data": [0.192, 0.003, 0.002, 0.001, 0.31, -0.0, 1, 1, 1, 1, 1]}}, {"type": "Feature", "geometry": {"type": "Point", "coordinates": [3.27946, 41.988098]}, "properties": {"var_data": [0.134, 0.025, 0.002, 0.001, 0.274, -0.0, 1, 1, 1, 1, 1]}}, {"type": "Feature", "geometry": {"type": "Point", "coordinates": [3.3148, 41.988098]}, "properties": {"var_data": [0.063, 0.044, 0.003, 0.008, 0.292, -0.0, 1, 1, 1, 1, 1]}}, {"type": "Feature", "geometry": {"type": "Point", "coordinates": [3.35014, 41.988098]}, "properties": {"var_data": [0.006, 0.027, 0.003, 0.011, 0.294, -0.0, 1, 1, 1, 1, 1]}}, {"type": "Feature", "geometry": {"type": "Point", "coordinates": [3.38548, 41.988098]}, "properties": {"var_data": [0.016, 0.002, 0.003, 0.01, 0.292, -0.0, 1, 1, 1, 1, 1]}}, {"type": "Feature", "geometry": {"type": "Point", "coordinates": [3.42082, 41.988098]}, "properties": {"var_data": [0.026, 0.011, 0.003, 0.012, 0.323, -0.0, 1, 1, 1, 1, 1]}}, {"type": "Feature", "geometry": {"type": "Point", "coordinates": [3.45616, 41.988098]}, "properties": {"var_data": [0.037, -0.012, 0.003, 0.009, 0.372, -0.0, 1, 1, 1, 1, 1]}}, {"type": "Feature", "geometry": {"type": "Point", "coordinates": [3.4915, 41.988098]}, "properties": {"var_data": [0.042, -0.007, 0.004, 0.01, 0.49, -0.0, 1, 1, 1, 1, 1]}}, {"type": "Feature", "geometry": {"type": "Point", "coordinates": [3.52684, 41.988098]}, "properties": {"var_data": [0.054, 0.036, 0.012, 0.046, 0.878, -0.0, 1, 1, 1, 1, 1]}}, {"type": "Feature", "geometry": {"type": "Point", "coordinates": [3.56218, 41.988098]}, "properties": {"var_data": [0.193, -0.028, 0.018, 0.059, 1.039, -0.001, 1, 1, 1, 1, 1]}}, {"type": "Feature", "geometry": {"type": "Point", "coordinates": [3.59752, 41.988098]}, "properties": {"var_data": [0.264, 0.094, 0.019, 0.044, 0.853, -0.0, 1, 1, 1, 1, 1]}}, {"type": "Feature", "geometry": {"type": "Point", "coordinates": [3.63286, 41.988098]}, "properties": {"var_data": [0.258, 0.09, 0.012, 0.044, 0.818, -0.0, 1, 0, 1, 1, 1]}}, {"type": "Feature", "geometry": {"type": "Point", "coordinates": [3.6682, 41.988098]}, "properties": {"var_data": [0.243, 0.081, 0.012, 0.049, 0.854, -0.0, 1, 0, 1, 1, 1]}}, {"type": "Feature", "geometry": {"type": "Point", "coordinates": [3.70354, 41.988098]}, "properties": {"var_data": [0.224, 0.038, 0.034, 0.195, 1.274, -0.006, 1, 0, 1, 1, 1]}}, {"type": "Feature", "geometry": {"type": "Point", "coordinates": [3.73888, 41.988098]}, "properties": {"var_data": [0.142, 0.025, 0.041, 0.075, 1.005, 0.002, 1, 1, 1, 1, 1]}}, {"type": "Feature", "geometry": {"type": "Point", "coordinates": [3.77422, 41.988098]}, "properties": {"var_data": [0.166, 0.038, 0.01, 0.065, 0.939, 0.0, 1, 1, 1, 1, 1]}}, {"type": "Feature", "geometry": {"type": "Point", "coordinates": [3.80956, 41.988098]}, "properties": {"var_data": [0.235, 0.076, 0.011, 0.06, 1.024, 0.0, 1, 1, 1, 1, 1]}}, {"type": "Feature", "geometry": {"type": "Point", "coordinates": [3.8449, 41.988098]}, "properties": {"var_data": [0.227, 0.154, 0.011, 0.115, 1.561, 0.0, 1, 1, 1, 1, 1]}}, {"type": "Feature", "geometry": {"type": "Point", "coordinates": [3.88024, 41.988098]}, "properties": {"var_data": [0.23, 0.091, 0.009, 0.02, 1.307, 0.0, 1, 1, 1, 1, 1]}}, {"type": "Feature", "geometry": {"type": "Point", "coordinates": [3.91558, 41.988098]}, "properties": {"var_data": [0.182, 0.225, 0.016, 0.025, 1.335, 0.0, 1, 0, 1, 1, 1]}}, {"type": "Feature", "geometry": {"type": "Point", "coordinates": [3.95092, 41.988098]}, "properties": {"var_data": [0.148, 0.379, 0.023, 0.211, 1.836, -0.003, 1, 0, 1, 1, 1]}}, {"type": "Feature", "geometry": {"type": "Point", "coordinates": [3.98626, 41.988098]}, "properties": {"var_data": [0.138, 0.366, 0.025, 0.212, 1.948, -0.003, 4, 0, 1, 4, 1]}}, {"type": "Feature", "geometry": {"type": "Point", "coordinates": [4.0216, 41.988098]}, "properties": {"var_data": [0.039, 0.221, 0.121, 0.273, 2.25, 0.017, 4, 0, 4, 4, 1]}}, {"type": "Feature", "geometry": {"type": "Point", "coordinates": [3.24412, 42.015099]}, "properties": {"var_data": [0.239, -0.001, 0.007, 0.003, 0.34, -0.0, 1, 1, 1, 1, 1]}}, {"type": "Feature", "geometry": {"type": "Point", "coordinates": [3.27946, 42.015099]}, "properties": {"var_data": [0.203, 0.013, 0.008, 0.004, 0.323, -0.0, 1, 1, 1, 1, 1]}}, {"type": "Feature", "geometry": {"type": "Point", "coordinates": [3.3148, 42.015099]}, "properties": {"var_data": [0.107, 0.052, 0.003, 0.008, 0.302, -0.0, 1, 1, 1, 1, 1]}}, {"type": "Feature", "geometry": {"type": "Point", "coordinates": [3.35014, 42.015099]}, "properties": {"var_data": [0.043, 0.03, 0.003, 0.008, 0.299, -0.0, 1, 1, 1, 1, 1]}}, {"type": "Feature", "geometry": {"type": "Point", "coordinates": [3.38548, 42.015099]}, "properties": {"var_data": [0.023, 0.041, 0.003, 0.011, 0.323, -0.0, 1, 1, 1, 1, 1]}}, {"type": "Feature", "geometry": {"type": "Point", "coordinates": [3.42082, 42.015099]}, "properties": {"var_data": [0.017, 0.035, 0.003, 0.011, 0.325, -0.0, 1, 1, 1, 1, 1]}}, {"type": "Feature", "geometry": {"type": "Point", "coordinates": [3.45616, 42.015099]}, "properties": {"var_data": [0.033, 0.024, 0.006, 0.022, 0.438, -0.0, 1, 1, 1, 1, 1]}}, {"type": "Feature", "geometry": {"type": "Point", "coordinates": [3.4915, 42.015099]}, "properties": {"var_data": [0.044, -0.039, 0.006, 0.021, 0.522, -0.0, 1, 1, 1, 1, 1]}}, {"type": "Feature", "geometry": {"type": "Point", "coordinates": [3.52684, 42.015099]}, "properties": {"var_data": [0.094, -0.208, 0.013, 0.038, 0.752, -0.0, 1, 1, 1, 1, 1]}}, {"type": "Feature", "geometry": {"type": "Point", "coordinates": [3.56218, 42.015099]}, "properties": {"var_data": [0.157, -0.077, 0.015, 0.034, 0.7, -0.0, 1, 1, 1, 1, 1]}}, {"type": "Feature", "geometry": {"type": "Point", "coordinates": [3.59752, 42.015099]}, "properties": {"var_data": [0.181, -0.016, 0.02, 0.044, 0.791, -0.0, 1, 0, 1, 1, 1]}}, {"type": "Feature", "geometry": {"type": "Point", "coordinates": [3.63286, 42.015099]}, "properties": {"var_data": [0.226, 0.057, 0.012, 0.049, 0.836, -0.0, 1, 0, 1, 1, 1]}}, {"type": "Feature", "geometry": {"type": "Point", "coordinates": [3.6682, 42.015099]}, "properties": {"var_data": [0.245, 0.065, 0.012, 0.051, 0.996, -0.0, 1, 0, 1, 1, 1]}}, {"type": "Feature", "geometry": {"type": "Point", "coordinates": [3.70354, 42.015099]}, "properties": {"var_data": [0.169, 0.005, 0.013, 0.055, 0.927, -0.0, 1, 0, 1, 1, 1]}}, {"type": "Feature", "geometry": {"type": "Point", "coordinates": [3.73888, 42.015099]}, "properties": {"var_data": [0.167, 0.023, 0.013, 0.056, 1.09, -0.0, 1, 1, 1, 1, 1]}}, {"type": "Feature", "geometry": {"type": "Point", "coordinates": [3.77422, 42.015099]}, "properties": {"var_data": [0.14, 0.048, 0.035, 0.071, 0.912, 0.001, 1, 1, 1, 1, 1]}}, {"type": "Feature", "geometry": {"type": "Point", "coordinates": [3.80956, 42.015099]}, "properties": {"var_data": [0.174, 0.047, 0.01, 0.056, 0.91, 0.0, 1, 1, 1, 1, 1]}}, {"type": "Feature", "geometry": {"type": "Point", "coordinates": [3.8449, 42.015099]}, "properties": {"var_data": [0.216, 0.136, 0.01, 0.095, 1.341, -0.0, 1, 1, 1, 1, 1]}}, {"type": "Feature", "geometry": {"type": "Point", "coordinates": [3.88024, 42.015099]}, "properties": {"var_data": [0.217, 0.143, 0.016, 0.099, 1.318, -0.001, 1, 1, 1, 1, 1]}}, {"type": "Feature", "geometry": {"type": "Point", "coordinates": [3.91558, 42.015099]}, "properties": {"var_data": [0.2, 0.246, 0.014, 0.081, 1.27, -0.001, 1, 0, 1, 1, 1]}}, {"type": "Feature", "geometry": {"type": "Point", "coordinates": [3.95092, 42.015099]}, "properties": {"var_data": [0.175, 0.44, 0.023, 0.147, 1.61, -0.003, 1, 0, 1, 1, 1]}}, {"type": "Feature", "geometry": {"type": "Point", "coordinates": [3.98626, 42.015099]}, "properties": {"var_data": [0.153, 0.392, 0.023, 0.171, 1.72, -0.003, 1, 0, 1, 1, 1]}}, {"type": "Feature", "geometry": {"type": "Point", "coordinates": [3.24412, 42.042099]}, "properties": {"var_data": [0.251, 0.02, 0.009, 0.004, 0.419, -0.0, 1, 1, 1, 1, 1]}}, {"type": "Feature", "geometry": {"type": "Point", "coordinates": [3.27946, 42.042099]}, "properties": {"var_data": [0.21, 0.043, 0.009, 0.004, 0.372, -0.0, 1, 1, 1, 1, 1]}}, {"type": "Feature", "geometry": {"type": "Point", "coordinates": [3.3148, 42.042099]}, "properties": {"var_data": [0.13, 0.061, 0.012, 0.006, 0.371, -0.0, 1, 1, 1, 1, 1]}}, {"type": "Feature", "geometry": {"type": "Point", "coordinates": [3.35014, 42.042099]}, "properties": {"var_data": [0.09, 0.044, 0.003, 0.008, 0.333, -0.0, 1, 1, 1, 1, 1]}}, {"type": "Feature", "geometry": {"type": "Point", "coordinates": [3.38548, 42.042099]}, "properties": {"var_data": [0.062, 0.044, 0.003, 0.011, 0.325, -0.0, 1, 1, 1, 1, 1]}}, {"type": "Feature", "geometry": {"type": "Point", "coordinates": [3.42082, 42.042099]}, "properties": {"var_data": [0.026, 0.019, 0.005, 0.018, 0.363, -0.0, 1, 1, 1, 1, 1]}}, {"type": "Feature", "geometry": {"type": "Point", "coordinates": [3.45616, 42.042099]}, "properties": {"var_data": [0.016, -0.011, 0.007, 0.021, 0.473, -0.0, 1, 1, 1, 1, 1]}}, {"type": "Feature", "geometry": {"type": "Point", "coordinates": [3.4915, 42.042099]}, "properties": {"var_data": [0.057, -0.2, 0.007, 0.022, 0.601, -0.0, 1, 1, 1, 1, 1]}}, {"type": "Feature", "geometry": {"type": "Point", "coordinates": [3.52684, 42.042099]}, "properties": {"var_data": [0.041, -0.21, 0.016, 0.041, 0.656, -0.001, 1, 1, 1, 1, 1]}}, {"type": "Feature", "geometry": {"type": "Point", "coordinates": [3.56218, 42.042099]}, "properties": {"var_data": [0.081, -0.157, 0.016, 0.032, 0.572, -0.0, 1, 1, 1, 1, 1]}}, {"type": "Feature", "geometry": {"type": "Point", "coordinates": [3.59752, 42.042099]}, "properties": {"var_data": [0.156, -0.051, 0.019, 0.035, 0.706, -0.0, 1, 1, 1, 1, 1]}}, {"type": "Feature", "geometry": {"type": "Point", "coordinates": [3.63286, 42.042099]}, "properties": {"var_data": [0.218, 0.095, 0.012, 0.05, 0.866, -0.0, 1, 0, 1, 1, 1]}}, {"type": "Feature", "geometry": {"type": "Point", "coordinates": [3.6682, 42.042099]}, "properties": {"var_data": [0.257, 0.072, 0.013, 0.051, 1.066, -0.0, 1, 0, 1, 1, 1]}}, {"type": "Feature", "geometry": {"type": "Point", "coordinates": [3.70354, 42.042099]}, "properties": {"var_data": [0.139, -0.036, 0.013, 0.057, 1.239, -0.0, 1, 0, 1, 1, 1]}}, {"type": "Feature", "geometry": {"type": "Point", "coordinates": [3.73888, 42.042099]}, "properties": {"var_data": [0.167, 0.023, 0.013, 0.056, 1.09, -0.0, 1, 0, 1, 1, 1]}}, {"type": "Feature", "geometry": {"type": "Point", "coordinates": [3.77422, 42.042099]}, "properties": {"var_data": [0.142, 0.016, 0.04, 0.072, 0.995, 0.002, 1, 1, 1, 1, 1]}}, {"type": "Feature", "geometry": {"type": "Point", "coordinates": [3.80956, 42.042099]}, "properties": {"var_data": [0.128, -0.019, 0.025, 0.058, 1.08, 0.0, 1, 1, 1, 1, 1]}}, {"type": "Feature", "geometry": {"type": "Point", "coordinates": [3.8449, 42.042099]}, "properties": {"var_data": [0.193, 0.068, 0.022, 0.08, 1.204, -0.001, 1, 1, 1, 1, 1]}}, {"type": "Feature", "geometry": {"type": "Point", "coordinates": [3.88024, 42.042099]}, "properties": {"var_data": [0.231, 0.133, 0.014, 0.081, 1.099, -0.001, 1, 0, 1, 1, 1]}}, {"type": "Feature", "geometry": {"type": "Point", "coordinates": [3.91558, 42.042099]}, "properties": {"var_data": [0.225, 0.045, 0.014, 0.081, 1.255, -0.001, 1, 0, 1, 1, 1]}}, {"type": "Feature", "geometry": {"type": "Point", "coordinates": [3.95092, 42.042099]}, "properties": {"var_data": [0.218, 0.096, 0.025, 0.165, 2.024, -0.004, 4, 0, 4, 1, 1]}}, {"type": "Feature", "geometry": {"type": "Point", "coordinates": [3.98626, 42.042099]}, "properties": {"var_data": [0.222, 0.086, 0.027, 0.166, 1.717, -0.004, 1, 0, 1, 1, 1]}}, {"type": "Feature", "geometry": {"type": "Point", "coordinates": [4.0216, 42.042099]}, "properties": {"var_data": [0.179, 0.047, 0.039, 0.208, 1.781, -0.007, 1, 0, 1, 1, 1]}}, {"type": "Feature", "geometry": {"type": "Point", "coordinates": [3.24412, 42.069099]}, "properties": {"var_data": [0.192, 0.076, 0.009, 0.004, 0.509, -0.0, 1, 1, 1, 1, 1]}}, {"type": "Feature", "geometry": {"type": "Point", "coordinates": [3.27946, 42.069099]}, "properties": {"var_data": [0.17, 0.079, 0.011, 0.005, 0.393, -0.0, 1, 1, 1, 1, 1]}}, {"type": "Feature", "geometry": {"type": "Point", "coordinates": [3.3148, 42.069099]}, "properties": {"var_data": [0.112, 0.116, 0.008, 0.004, 0.357, -0.0, 1, 1, 1, 1, 1]}}, {"type": "Feature", "geometry": {"type": "Point", "coordinates": [3.35014, 42.069099]}, "properties": {"var_data": [0.102, 0.09, 0.009, 0.007, 0.351, -0.0, 1, 1, 1, 1, 1]}}, {"type": "Feature", "geometry": {"type": "Point", "coordinates": [3.38548, 42.069099]}, "properties": {"var_data": [0.074, 0.071, 0.007, 0.007, 0.339, -0.0, 1, 1, 1, 1, 1]}}, {"type": "Feature", "geometry": {"type": "Point", "coordinates": [3.42082, 42.069099]}, "properties": {"var_data": [-0.004, 0.069, 0.007, 0.008, 0.431, -0.0, 1, 1, 1, 1, 1]}}, {"type": "Feature", "geometry": {"type": "Point", "coordinates": [3.45616, 42.069099]}, "properties": {"var_data": [0.027, -0.11, 0.011, 0.017, 0.586, -0.0, 1, 1, 1, 1, 1]}}, {"type": "Feature", "geometry": {"type": "Point", "coordinates": [3.4915, 42.069099]}, "properties": {"var_data": [0.054, -0.254, 0.016, 0.031, 0.71, -0.0, 1, 1, 1, 1, 1]}}, {"type": "Feature", "geometry": {"type": "Point", "coordinates": [3.52684, 42.069099]}, "properties": {"var_data": [0.016, -0.234, 0.017, 0.036, 0.579, -0.001, 1, 1, 1, 1, 1]}}, {"type": "Feature", "geometry": {"type": "Point", "coordinates": [3.56218, 42.069099]}, "properties": {"var_data": [0.006, -0.21, 0.023, 0.039, 0.555, -0.001, 1, 1, 1, 1, 1]}}, {"type": "Feature", "geometry": {"type": "Point", "coordinates": [3.59752, 42.069099]}, "properties": {"var_data": [0.08, -0.127, 0.02, 0.027, 0.563, 0.0, 1, 1, 1, 1, 1]}}, {"type": "Feature", "geometry": {"type": "Point", "coordinates": [3.63286, 42.069099]}, "properties": {"var_data": [0.131, -0.009, 0.01, 0.027, 0.711, -0.0, 1, 1, 1, 1, 1]}}, {"type": "Feature", "geometry": {"type": "Point", "coordinates": [3.6682, 42.069099]}, "properties": {"var_data": [0.26, 0.015, 0.01, 0.031, 1.625, -0.0, 4, 1, 1, 4, 1]}}, {"type": "Feature", "geometry": {"type": "Point", "coordinates": [3.70354, 42.069099]}, "properties": {"var_data": [0.091, -0.011, 0.032, 0.177, 1.439, -0.005, 1, 0, 1, 1, 1]}}, {"type": "Feature", "geometry": {"type": "Point", "coordinates": [3.73888, 42.069099]}, "properties": {"var_data": [0.048, -0.137, 0.125, 0.16, 1.232, 0.018, 1, 0, 1, 1, 1]}}, {"type": "Feature", "geometry": {"type": "Point", "coordinates": [3.77422, 42.069099]}, "properties": {"var_data": [0.085, -0.045, 0.025, 0.057, 1.028, -0.0, 1, 0, 1, 1, 1]}}, {"type": "Feature", "geometry": {"type": "Point", "coordinates": [3.80956, 42.069099]}, "properties": {"var_data": [0.148, -0.035, 0.019, 0.05, 1.062, -0.0, 1, 0, 1, 1, 1]}}, {"type": "Feature", "geometry": {"type": "Point", "coordinates": [3.8449, 42.069099]}, "properties": {"var_data": [0.205, 0.082, 0.023, 0.081, 1.291, -0.001, 1, 0, 1, 1, 1]}}, {"type": "Feature", "geometry": {"type": "Point", "coordinates": [3.88024, 42.069099]}, "properties": {"var_data": [0.21, 0.195, 0.014, 0.065, 0.955, -0.001, 1, 0, 1, 1, 1]}}, {"type": "Feature", "geometry": {"type": "Point", "coordinates": [3.91558, 42.069099]}, "properties": {"var_data": [0.22, 0.224, 0.016, 0.067, 1.07, -0.001, 1, 0, 1, 1, 1]}}, {"type": "Feature", "geometry": {"type": "Point", "coordinates": [3.95092, 42.069099]}, "properties": {"var_data": [0.215, 0.204, 0.016, 0.067, 1.006, -0.001, 1, 0, 1, 1, 1]}}, {"type": "Feature", "geometry": {"type": "Point", "coordinates": [3.98626, 42.069099]}, "properties": {"var_data": [0.213, 0.088, 0.036, 0.207, 1.726, -0.007, 1, 0, 1, 1, 1]}}, {"type": "Feature", "geometry": {"type": "Point", "coordinates": [4.0216, 42.069099]}, "properties": {"var_data": [0.155, 0.245, 0.037, 0.192, 1.572, -0.006, 1, 0, 1, 1, 1]}}, {"type": "Feature", "geometry": {"type": "Point", "coordinates": [4.05694, 42.069099]}, "properties": {"var_data": [0.132, 0.269, 0.058, 0.165, 1.804, 0.01, 4, 0, 1, 4, 1]}}, {"type": "Feature", "geometry": {"type": "Point", "coordinates": [3.24412, 42.0961]}, "properties": {"var_data": [0.186, 0.134, 0.017, 0.007, 0.746, -0.0, 1, 1, 1, 1, 1]}}, {"type": "Feature", "geometry": {"type": "Point", "coordinates": [3.27946, 42.0961]}, "properties": {"var_data": [0.197, 0.137, 0.012, 0.005, 0.467, -0.0, 1, 1, 1, 1, 1]}}, {"type": "Feature", "geometry": {"type": "Point", "coordinates": [3.3148, 42.0961]}, "properties": {"var_data": [0.151, 0.146, 0.009, 0.005, 0.358, -0.0, 1, 1, 1, 1, 1]}}, {"type": "Feature", "geometry": {"type": "Point", "coordinates": [3.35014, 42.0961]}, "properties": {"var_data": [0.173, 0.119, 0.008, 0.006, 0.343, -0.0, 1, 1, 1, 1, 1]}}, {"type": "Feature", "geometry": {"type": "Point", "coordinates": [3.38548, 42.0961]}, "properties": {"var_data": [0.128, 0.107, 0.008, 0.007, 0.373, -0.0, 1, 1, 1, 1, 1]}}, {"type": "Feature", "geometry": {"type": "Point", "coordinates": [3.42082, 42.0961]}, "properties": {"var_data": [0.04, 0.095, 0.008, 0.008, 0.435, -0.0, 1, 1, 1, 1, 1]}}, {"type": "Feature", "geometry": {"type": "Point", "coordinates": [3.45616, 42.0961]}, "properties": {"var_data": [-0.033, 0.018, 0.025, 0.032, 0.604, -0.001, 1, 1, 1, 1, 1]}}, {"type": "Feature", "geometry": {"type": "Point", "coordinates": [3.4915, 42.0961]}, "properties": {"var_data": [0.052, -0.121, 0.019, 0.028, 0.915, -0.001, 1, 1, 1, 1, 1]}}, {"type": "Feature", "geometry": {"type": "Point", "coordinates": [3.52684, 42.0961]}, "properties": {"var_data": [0.016, -0.179, 0.023, 0.036, 0.519, -0.001, 1, 1, 1, 1, 1]}}, {"type": "Feature", "geometry": {"type": "Point", "coordinates": [3.56218, 42.0961]}, "properties": {"var_data": [0.012, -0.16, 0.012, 0.019, 0.462, -0.0, 1, 1, 1, 1, 1]}}, {"type": "Feature", "geometry": {"type": "Point", "coordinates": [3.59752, 42.0961]}, "properties": {"var_data": [0.008, -0.135, 0.008, 0.013, 0.577, -0.0, 1, 1, 1, 1, 1]}}, {"type": "Feature", "geometry": {"type": "Point", "coordinates": [3.63286, 42.0961]}, "properties": {"var_data": [-0.042, -0.186, 0.013, 0.019, 0.853, 0.0, 1, 1, 1, 1, 1]}}, {"type": "Feature", "geometry": {"type": "Point", "coordinates": [3.6682, 42.0961]}, "properties": {"var_data": [0.126, 0.027, 0.058, 0.091, 0.962, 0.005, 1, 1, 1, 1, 1]}}, {"type": "Feature", "geometry": {"type": "Point", "coordinates": [3.70354, 42.0961]}, "properties": {"var_data": [0.033, -0.025, 0.045, 0.081, 1.454, 0.004, 1, 0, 1, 1, 1]}}, {"type": "Feature", "geometry": {"type": "Point", "coordinates": [3.73888, 42.0961]}, "properties": {"var_data": [-0.025, -0.149, 0.048, 0.085, 1.562, 0.004, 4, 0, 1, 4, 1]}}, {"type": "Feature", "geometry": {"type": "Point", "coordinates": [3.77422, 42.0961]}, "properties": {"var_data": [0.151, -0.019, 0.048, 0.15, 1.706, -0.007, 1, 0, 1, 1, 1]}}, {"type": "Feature", "geometry": {"type": "Point", "coordinates": [3.80956, 42.0961]}, "properties": {"var_data": [0.19, 0.077, 0.032, 0.11, 1.437, -0.003, 1, 0, 1, 1, 1]}}, {"type": "Feature", "geometry": {"type": "Point", "coordinates": [3.8449, 42.0961]}, "properties": {"var_data": [0.175, 0.165, 0.027, 0.091, 1.088, -0.002, 1, 0, 1, 1, 1]}}, {"type": "Feature", "geometry": {"type": "Point", "coordinates": [3.88024, 42.0961]}, "properties": {"var_data": [0.213, 0.229, 0.02, 0.076, 1.079, -0.001, 1, 0, 1, 1, 1]}}, {"type": "Feature", "geometry": {"type": "Point", "coordinates": [3.91558, 42.0961]}, "properties": {"var_data": [0.223, 0.229, 0.016, 0.068, 1.104, -0.001, 1, 0, 1, 1, 1]}}, {"type": "Feature", "geometry": {"type": "Point", "coordinates": [3.95092, 42.0961]}, "properties": {"var_data": [0.213, 0.232, 0.016, 0.067, 1.061, -0.001, 1, 0, 1, 1, 1]}}, {"type": "Feature", "geometry": {"type": "Point", "coordinates": [3.98626, 42.0961]}, "properties": {"var_data": [0.2, 0.18, 0.016, 0.067, 1.072, -0.001, 1, 0, 1, 1, 1]}}, {"type": "Feature", "geometry": {"type": "Point", "coordinates": [4.0216, 42.0961]}, "properties": {"var_data": [0.192, 0.169, 0.014, 0.04, 1.263, 0.0, 1, 0, 1, 1, 1]}}, {"type": "Feature", "geometry": {"type": "Point", "coordinates": [4.05694, 42.0961]}, "properties": {"var_data": [0.196, 0.152, 0.029, 0.081, 1.388, 0.002, 1, 0, 1, 1, 1]}}, {"type": "Feature", "geometry": {"type": "Point", "coordinates": [3.27946, 42.1231]}, "properties": {"var_data": [0.217, 0.171, 0.015, 0.007, 0.551, -0.0, 1, 1, 1, 1, 1]}}, {"type": "Feature", "geometry": {"type": "Point", "coordinates": [3.3148, 42.1231]}, "properties": {"var_data": [0.192, 0.192, 0.01, 0.005, 0.396, -0.0, 1, 1, 1, 1, 1]}}, {"type": "Feature", "geometry": {"type": "Point", "coordinates": [3.35014, 42.1231]}, "properties": {"var_data": [0.172, 0.181, 0.008, 0.006, 0.36, -0.0, 1, 1, 1, 1, 1]}}, {"type": "Feature", "geometry": {"type": "Point", "coordinates": [3.38548, 42.1231]}, "properties": {"var_data": [0.127, 0.164, 0.009, 0.008, 0.378, -0.0, 1, 1, 1, 1, 1]}}, {"type": "Feature", "geometry": {"type": "Point", "coordinates": [3.42082, 42.1231]}, "properties": {"var_data": [0.021, 0.158, 0.008, 0.009, 0.446, -0.0, 1, 1, 1, 1, 1]}}, {"type": "Feature", "geometry": {"type": "Point", "coordinates": [3.45616, 42.1231]}, "properties": {"var_data": [0.006, 0.123, 0.022, 0.028, 0.479, -0.001, 1, 1, 1, 1, 1]}}, {"type": "Feature", "geometry": {"type": "Point", "coordinates": [3.4915, 42.1231]}, "properties": {"var_data": [-0.052, 0.092, 0.022, 0.029, 0.525, -0.001, 1, 1, 1, 1, 1]}}, {"type": "Feature", "geometry": {"type": "Point", "coordinates": [3.52684, 42.1231]}, "properties": {"var_data": [-0.015, -0.036, 0.025, 0.033, 0.548, -0.001, 1, 1, 1, 1, 1]}}, {"type": "Feature", "geometry": {"type": "Point", "coordinates": [3.56218, 42.1231]}, "properties": {"var_data": [0.012, -0.118, 0.006, 0.009, 0.43, -0.0, 1, 1, 1, 1, 1]}}, {"type": "Feature", "geometry": {"type": "Point", "coordinates": [3.59752, 42.1231]}, "properties": {"var_data": [0.024, -0.157, 0.005, 0.008, 0.505, -0.0, 1, 1, 1, 1, 1]}}, {"type": "Feature", "geometry": {"type": "Point", "coordinates": [3.63286, 42.1231]}, "properties": {"var_data": [0.031, -0.163, 0.005, 0.008, 0.577, -0.0, 1, 1, 1, 1, 1]}}, {"type": "Feature", "geometry": {"type": "Point", "coordinates": [3.6682, 42.1231]}, "properties": {"var_data": [0.047, -0.144, 0.005, 0.009, 0.661, -0.0, 1, 1, 1, 1, 1]}}, {"type": "Feature", "geometry": {"type": "Point", "coordinates": [3.70354, 42.1231]}, "properties": {"var_data": [0.032, -0.17, 0.016, 0.029, 0.992, 0.0, 1, 0, 1, 1, 1]}}, {"type": "Feature", "geometry": {"type": "Point", "coordinates": [3.73888, 42.1231]}, "properties": {"var_data": [0.051, -0.115, 0.021, 0.038, 1.087, 0.001, 1, 0, 1, 1, 1]}}, {"type": "Feature", "geometry": {"type": "Point", "coordinates": [3.77422, 42.1231]}, "properties": {"var_data": [0.075, -0.2, 0.043, 0.093, 1.139, -0.004, 1, 0, 1, 1, 1]}}, {"type": "Feature", "geometry": {"type": "Point", "coordinates": [3.80956, 42.1231]}, "properties": {"var_data": [0.144, -0.044, 0.036, 0.079, 1.304, -0.003, 1, 0, 1, 1, 1]}}, {"type": "Feature", "geometry": {"type": "Point", "coordinates": [3.8449, 42.1231]}, "properties": {"var_data": [0.127, 0.288, 0.024, 0.074, 1.163, -0.001, 1, 1, 1, 1, 1]}}, {"type": "Feature", "geometry": {"type": "Point", "coordinates": [3.88024, 42.1231]}, "properties": {"var_data": [0.165, 0.155, 0.015, 0.056, 0.9, -0.001, 1, 1, 1, 1, 1]}}, {"type": "Feature", "geometry": {"type": "Point", "coordinates": [3.91558, 42.1231]}, "properties": {"var_data": [0.151, 0.278, 0.025, 0.094, 1.292, -0.002, 1, 0, 1, 1, 1]}}, {"type": "Feature", "geometry": {"type": "Point", "coordinates": [3.95092, 42.1231]}, "properties": {"var_data": [0.181, 0.184, 0.02, 0.075, 1.163, -0.001, 1, 0, 1, 1, 1]}}, {"type": "Feature", "geometry": {"type": "Point", "coordinates": [3.98626, 42.1231]}, "properties": {"var_data": [0.192, 0.187, 0.02, 0.075, 1.153, -0.001, 1, 0, 1, 1, 1]}}, {"type": "Feature", "geometry": {"type": "Point", "coordinates": [4.0216, 42.1231]}, "properties": {"var_data": [0.196, 0.151, 0.028, 0.081, 1.328, 0.002, 1, 0, 1, 1, 1]}}, {"type": "Feature", "geometry": {"type": "Point", "coordinates": [4.05694, 42.1231]}, "properties": {"var_data": [0.199, 0.149, 0.027, 0.078, 1.337, 0.002, 1, 0, 1, 1, 1]}}, {"type": "Feature", "geometry": {"type": "Point", "coordinates": [4.09228, 42.1231]}, "properties": {"var_data": [0.203, 0.215, 0.031, 0.089, 2.024, 0.003, 4, 0, 4, 1, 1]}}, {"type": "Feature", "geometry": {"type": "Point", "coordinates": [3.27946, 42.150101]}, "properties": {"var_data": [0.14, 0.217, 0.017, 0.005, 0.556, -0.0, 1, 1, 1, 1, 1]}}, {"type": "Feature", "geometry": {"type": "Point", "coordinates": [3.3148, 42.150101]}, "properties": {"var_data": [0.182, 0.234, 0.009, 0.005, 0.42, -0.0, 1, 1, 1, 1, 1]}}, {"type": "Feature", "geometry": {"type": "Point", "coordinates": [3.35014, 42.150101]}, "properties": {"var_data": [0.184, 0.233, 0.008, 0.005, 0.396, -0.0, 1, 1, 1, 1, 1]}}, {"type": "Feature", "geometry": {"type": "Point", "coordinates": [3.38548, 42.150101]}, "properties": {"var_data": [0.135, 0.24, 0.007, 0.006, 0.385, -0.0, 1, 1, 1, 1, 1]}}, {"type": "Feature", "geometry": {"type": "Point", "coordinates": [3.42082, 42.150101]}, "properties": {"var_data": [0.084, 0.218, 0.024, 0.029, 0.471, -0.001, 1, 1, 1, 1, 1]}}, {"type": "Feature", "geometry": {"type": "Point", "coordinates": [3.45616, 42.150101]}, "properties": {"var_data": [0.054, 0.165, 0.016, 0.02, 0.403, -0.0, 1, 1, 1, 1, 1]}}, {"type": "Feature", "geometry": {"type": "Point", "coordinates": [3.4915, 42.150101]}, "properties": {"var_data": [0.014, 0.131, 0.016, 0.02, 0.401, -0.0, 1, 1, 1, 1, 1]}}, {"type": "Feature", "geometry": {"type": "Point", "coordinates": [3.52684, 42.150101]}, "properties": {"var_data": [0.03, 0.028, 0.007, 0.009, 0.439, -0.0, 1, 1, 1, 1, 1]}}, {"type": "Feature", "geometry": {"type": "Point", "coordinates": [3.56218, 42.150101]}, "properties": {"var_data": [0.049, -0.063, 0.005, 0.007, 0.424, -0.0, 1, 1, 1, 1, 1]}}, {"type": "Feature", "geometry": {"type": "Point", "coordinates": [3.59752, 42.150101]}, "properties": {"var_data": [0.042, -0.14, 0.005, 0.007, 0.482, -0.0, 1, 1, 1, 1, 1]}}, {"type": "Feature", "geometry": {"type": "Point", "coordinates": [3.63286, 42.150101]}, "properties": {"var_data": [0.017, -0.122, 0.004, 0.007, 0.477, -0.0, 1, 1, 1, 1, 1]}}, {"type": "Feature", "geometry": {"type": "Point", "coordinates": [3.6682, 42.150101]}, "properties": {"var_data": [0.015, -0.121, 0.005, 0.007, 0.531, -0.0, 1, 1, 1, 1, 1]}}, {"type": "Feature", "geometry": {"type": "Point", "coordinates": [3.70354, 42.150101]}, "properties": {"var_data": [0.008, -0.072, 0.005, 0.009, 0.695, -0.0, 1, 0, 1, 1, 1]}}, {"type": "Feature", "geometry": {"type": "Point", "coordinates": [3.73888, 42.150101]}, "properties": {"var_data": [-0.015, 0.002, 0.005, 0.011, 0.763, -0.0, 1, 0, 1, 1, 1]}}, {"type": "Feature", "geometry": {"type": "Point", "coordinates": [3.77422, 42.150101]}, "properties": {"var_data": [0.022, -0.038, 0.005, 0.011, 0.803, -0.0, 1, 1, 1, 1, 1]}}, {"type": "Feature", "geometry": {"type": "Point", "coordinates": [3.80956, 42.150101]}, "properties": {"var_data": [0.051, 0.002, 0.013, 0.03, 0.95, -0.0, 1, 1, 1, 1, 1]}}, {"type": "Feature", "geometry": {"type": "Point", "coordinates": [3.8449, 42.150101]}, "properties": {"var_data": [0.078, 0.071, 0.013, 0.03, 0.971, -0.0, 1, 1, 1, 1, 1]}}, {"type": "Feature", "geometry": {"type": "Point", "coordinates": [3.88024, 42.150101]}, "properties": {"var_data": [0.119, 0.245, 0.026, 0.073, 1.098, -0.001, 1, 0, 1, 1, 1]}}, {"type": "Feature", "geometry": {"type": "Point", "coordinates": [3.91558, 42.150101]}, "properties": {"var_data": [0.153, 0.278, 0.018, 0.067, 1.192, -0.001, 1, 0, 1, 1, 1]}}, {"type": "Feature", "geometry": {"type": "Point", "coordinates": [3.95092, 42.150101]}, "properties": {"var_data": [0.168, 0.229, 0.02, 0.078, 1.191, -0.002, 1, 0, 1, 1, 1]}}, {"type": "Feature", "geometry": {"type": "Point", "coordinates": [3.98626, 42.150101]}, "properties": {"var_data": [0.164, 0.23, 0.023, 0.089, 1.281, -0.002, 1, 0, 1, 1, 1]}}, {"type": "Feature", "geometry": {"type": "Point", "coordinates": [4.0216, 42.150101]}, "properties": {"var_data": [0.201, 0.236, 0.031, 0.088, 2.018, 0.003, 4, 0, 4, 1, 1]}}, {"type": "Feature", "geometry": {"type": "Point", "coordinates": [4.05694, 42.150101]}, "properties": {"var_data": [0.201, 0.236, 0.031, 0.088, 2.018, 0.003, 4, 0, 4, 1, 1]}}, {"type": "Feature", "geometry": {"type": "Point", "coordinates": [4.09228, 42.150101]}, "properties": {"var_data": [0.21, 0.208, 0.031, 0.088, 2.017, 0.003, 4, 0, 4, 1, 1]}}, {"type": "Feature", "geometry": {"type": "Point", "coordinates": [3.27946, 42.177101]}, "properties": {"var_data": [0.046, 0.245, 0.013, 0.003, 0.542, -0.0, 1, 1, 1, 1, 1]}}, {"type": "Feature", "geometry": {"type": "Point", "coordinates": [3.3148, 42.177101]}, "properties": {"var_data": [0.172, 0.248, 0.013, 0.005, 0.459, -0.0, 1, 1, 1, 1, 1]}}, {"type": "Feature", "geometry": {"type": "Point", "coordinates": [3.35014, 42.177101]}, "properties": {"var_data": [0.181, 0.269, 0.01, 0.005, 0.406, -0.0, 1, 1, 1, 1, 1]}}, {"type": "Feature", "geometry": {"type": "Point", "coordinates": [3.38548, 42.177101]}, "properties": {"var_data": [0.091, 0.316, 0.01, 0.006, 0.356, 0.0, 1, 1, 1, 1, 1]}}, {"type": "Feature", "geometry": {"type": "Point", "coordinates": [3.42082, 42.177101]}, "properties": {"var_data": [0.032, 0.344, 0.009, 0.009, 0.396, -0.0, 1, 1, 1, 1, 1]}}, {"type": "Feature", "geometry": {"type": "Point", "coordinates": [3.45616, 42.177101]}, "properties": {"var_data": [0.065, 0.24, 0.015, 0.014, 0.358, -0.0, 1, 1, 1, 1, 1]}}, {"type": "Feature", "geometry": {"type": "Point", "coordinates": [3.4915, 42.177101]}, "properties": {"var_data": [0.033, 0.176, 0.014, 0.014, 0.358, -0.0, 1, 1, 1, 1, 1]}}, {"type": "Feature", "geometry": {"type": "Point", "coordinates": [3.52684, 42.177101]}, "properties": {"var_data": [0.04, 0.104, 0.014, 0.014, 0.417, -0.0, 1, 1, 1, 1, 1]}}, {"type": "Feature", "geometry": {"type": "Point", "coordinates": [3.56218, 42.177101]}, "properties": {"var_data": [0.055, -0.034, 0.007, 0.009, 0.43, -0.0, 1, 0, 1, 1, 1]}}, {"type": "Feature", "geometry": {"type": "Point", "coordinates": [3.59752, 42.177101]}, "properties": {"var_data": [0.058, -0.128, 0.005, 0.008, 0.513, -0.0, 1, 0, 1, 1, 1]}}, {"type": "Feature", "geometry": {"type": "Point", "coordinates": [3.63286, 42.177101]}, "properties": {"var_data": [0.039, -0.125, 0.005, 0.007, 0.491, -0.0, 1, 0, 1, 1, 1]}}, {"type": "Feature", "geometry": {"type": "Point", "coordinates": [3.6682, 42.177101]}, "properties": {"var_data": [0.022, -0.125, 0.005, 0.008, 0.519, -0.0, 1, 0, 1, 1, 1]}}, {"type": "Feature", "geometry": {"type": "Point", "coordinates": [3.70354, 42.177101]}, "properties": {"var_data": [-0.013, -0.064, 0.005, 0.009, 0.567, -0.0, 1, 0, 1, 1, 1]}}, {"type": "Feature", "geometry": {"type": "Point", "coordinates": [3.73888, 42.177101]}, "properties": {"var_data": [-0.034, -0.055, 0.005, 0.009, 0.672, -0.0, 1, 1, 1, 1, 1]}}, {"type": "Feature", "geometry": {"type": "Point", "coordinates": [3.77422, 42.177101]}, "properties": {"var_data": [0.039, 0.024, 0.006, 0.012, 0.707, -0.0, 1, 1, 1, 1, 1]}}, {"type": "Feature", "geometry": {"type": "Point", "coordinates": [3.80956, 42.177101]}, "properties": {"var_data": [0.056, -0.017, 0.006, 0.012, 0.694, -0.0, 1, 1, 1, 1, 1]}}, {"type": "Feature", "geometry": {"type": "Point", "coordinates": [3.8449, 42.177101]}, "properties": {"var_data": [0.086, 0.041, 0.012, 0.027, 0.907, -0.0, 1, 1, 1, 1, 1]}}, {"type": "Feature", "geometry": {"type": "Point", "coordinates": [3.88024, 42.177101]}, "properties": {"var_data": [0.088, 0.1, 0.017, 0.045, 1.227, 0.0, 1, 1, 1, 1, 1]}}, {"type": "Feature", "geometry": {"type": "Point", "coordinates": [3.91558, 42.177101]}, "properties": {"var_data": [0.131, 0.114, 0.076, 0.251, 1.827, 0.017, 1, 0, 1, 1, 1]}}, {"type": "Feature", "geometry": {"type": "Point", "coordinates": [3.95092, 42.177101]}, "properties": {"var_data": [0.129, 0.095, 0.089, 0.302, 1.921, 0.012, 1, 0, 1, 1, 1]}}, {"type": "Feature", "geometry": {"type": "Point", "coordinates": [4.0216, 42.177101]}, "properties": {"var_data": [0.163, 0.148, 0.03, 0.116, 2.129, 0.003, 4, 0, 4, 1, 1]}}, {"type": "Feature", "geometry": {"type": "Point", "coordinates": [4.05694, 42.177101]}, "properties": {"var_data": [0.153, 0.202, 0.024, 0.118, 2.288, 0.002, 4, 0, 4, 1, 1]}}, {"type": "Feature", "geometry": {"type": "Point", "coordinates": [3.27946, 42.204102]}, "properties": {"var_data": [0.169, 0.234, 0.014, 0.003, 0.528, -0.0, 1, 1, 1, 1, 1]}}, {"type": "Feature", "geometry": {"type": "Point", "coordinates": [3.3148, 42.204102]}, "properties": {"var_data": [0.233, 0.259, 0.01, 0.004, 0.437, -0.0, 1, 1, 1, 1, 1]}}, {"type": "Feature", "geometry": {"type": "Point", "coordinates": [3.35014, 42.204102]}, "properties": {"var_data": [0.199, 0.302, 0.008, 0.004, 0.362, 0.0, 1, 1, 1, 1, 1]}}, {"type": "Feature", "geometry": {"type": "Point", "coordinates": [3.38548, 42.204102]}, "properties": {"var_data": [0.131, 0.347, 0.006, 0.004, 0.331, -0.0, 1, 1, 1, 1, 1]}}, {"type": "Feature", "geometry": {"type": "Point", "coordinates": [3.42082, 42.204102]}, "properties": {"var_data": [0.059, 0.375, 0.008, 0.005, 0.334, -0.0, 1, 1, 1, 1, 1]}}, {"type": "Feature", "geometry": {"type": "Point", "coordinates": [3.45616, 42.204102]}, "properties": {"var_data": [0.059, 0.33, 0.007, 0.006, 0.326, -0.0, 1, 1, 1, 1, 1]}}, {"type": "Feature", "geometry": {"type": "Point", "coordinates": [3.4915, 42.204102]}, "properties": {"var_data": [0.022, 0.25, 0.012, 0.01, 0.332, -0.0, 1, 1, 1, 1, 1]}}, {"type": "Feature", "geometry": {"type": "Point", "coordinates": [3.52684, 42.204102]}, "properties": {"var_data": [-0.043, 0.188, 0.014, 0.014, 0.345, -0.0, 1, 1, 1, 1, 1]}}, {"type": "Feature", "geometry": {"type": "Point", "coordinates": [3.56218, 42.204102]}, "properties": {"var_data": [-0.027, 0.073, 0.007, 0.009, 0.429, -0.0, 1, 1, 1, 1, 1]}}, {"type": "Feature", "geometry": {"type": "Point", "coordinates": [3.59752, 42.204102]}, "properties": {"var_data": [0.018, -0.003, 0.007, 0.009, 0.448, -0.0, 1, 1, 1, 1, 1]}}, {"type": "Feature", "geometry": {"type": "Point", "coordinates": [3.63286, 42.204102]}, "properties": {"var_data": [-0.0, -0.058, 0.006, 0.009, 0.437, -0.0, 1, 1, 1, 1, 1]}}, {"type": "Feature", "geometry": {"type": "Point", "coordinates": [3.6682, 42.204102]}, "properties": {"var_data": [-0.014, -0.051, 0.012, 0.016, 0.477, -0.0, 1, 1, 1, 1, 1]}}, {"type": "Feature", "geometry": {"type": "Point", "coordinates": [3.70354, 42.204102]}, "properties": {"var_data": [-0.01, -0.064, 0.006, 0.011, 0.5, -0.0, 1, 1, 1, 1, 1]}}, {"type": "Feature", "geometry": {"type": "Point", "coordinates": [3.73888, 42.204102]}, "properties": {"var_data": [-0.0, -0.031, 0.007, 0.012, 0.563, -0.0, 1, 1, 1, 1, 1]}}, {"type": "Feature", "geometry": {"type": "Point", "coordinates": [3.77422, 42.204102]}, "properties": {"var_data": [0.033, 0.016, 0.006, 0.012, 0.641, -0.0, 1, 1, 1, 1, 1]}}, {"type": "Feature", "geometry": {"type": "Point", "coordinates": [3.80956, 42.204102]}, "properties": {"var_data": [0.055, 0.01, 0.005, 0.011, 0.754, -0.0, 1, 1, 1, 1, 1]}}, {"type": "Feature", "geometry": {"type": "Point", "coordinates": [3.8449, 42.204102]}, "properties": {"var_data": [0.07, 0.009, 0.008, 0.019, 0.969, -0.0, 1, 1, 1, 1, 1]}}, {"type": "Feature", "geometry": {"type": "Point", "coordinates": [3.88024, 42.204102]}, "properties": {"var_data": [0.085, 0.106, 0.016, 0.044, 1.234, 0.0, 1, 1, 1, 1, 1]}}, {"type": "Feature", "geometry": {"type": "Point", "coordinates": [3.91558, 42.204102]}, "properties": {"var_data": [0.104, 0.022, 0.055, 0.262, 1.791, 0.012, 1, 0, 1, 1, 1]}}, {"type": "Feature", "geometry": {"type": "Point", "coordinates": [3.95092, 42.204102]}, "properties": {"var_data": [0.104, 0.111, 0.059, 0.3, 2.018, 0.015, 4, 0, 4, 1, 1]}}, {"type": "Feature", "geometry": {"type": "Point", "coordinates": [3.27946, 42.231098]}, "properties": {"var_data": [0.255, 0.238, 0.013, 0.004, 0.516, 0.0, 1, 1, 1, 1, 1]}}, {"type": "Feature", "geometry": {"type": "Point", "coordinates": [3.3148, 42.231098]}, "properties": {"var_data": [0.228, 0.258, 0.008, 0.004, 0.341, 0.0, 1, 1, 1, 1, 1]}}, {"type": "Feature", "geometry": {"type": "Point", "coordinates": [3.35014, 42.231098]}, "properties": {"var_data": [0.188, 0.294, 0.005, 0.003, 0.306, -0.0, 1, 1, 1, 1, 1]}}, {"type": "Feature", "geometry": {"type": "Point", "coordinates": [3.38548, 42.231098]}, "properties": {"var_data": [0.11, 0.356, 0.005, 0.003, 0.297, -0.0, 1, 1, 1, 1, 1]}}, {"type": "Feature", "geometry": {"type": "Point", "coordinates": [3.42082, 42.231098]}, "properties": {"var_data": [0.027, 0.391, 0.005, 0.003, 0.288, -0.0, 1, 1, 1, 1, 1]}}, {"type": "Feature", "geometry": {"type": "Point", "coordinates": [3.45616, 42.231098]}, "properties": {"var_data": [-0.028, 0.388, 0.007, 0.005, 0.307, -0.0, 1, 1, 1, 1, 1]}}, {"type": "Feature", "geometry": {"type": "Point", "coordinates": [3.4915, 42.231098]}, "properties": {"var_data": [-0.053, 0.318, 0.012, 0.01, 0.351, -0.0, 1, 1, 1, 1, 1]}}, {"type": "Feature", "geometry": {"type": "Point", "coordinates": [3.52684, 42.231098]}, "properties": {"var_data": [-0.053, 0.225, 0.012, 0.011, 0.359, -0.0, 1, 1, 1, 1, 1]}}, {"type": "Feature", "geometry": {"type": "Point", "coordinates": [3.56218, 42.231098]}, "properties": {"var_data": [-0.083, 0.228, 0.022, 0.024, 0.419, -0.0, 1, 1, 1, 1, 1]}}, {"type": "Feature", "geometry": {"type": "Point", "coordinates": [3.59752, 42.231098]}, "properties": {"var_data": [-0.011, 0.086, 0.019, 0.023, 0.418, -0.0, 1, 1, 1, 1, 1]}}, {"type": "Feature", "geometry": {"type": "Point", "coordinates": [3.63286, 42.231098]}, "properties": {"var_data": [-0.016, 0.057, 0.02, 0.024, 0.412, -0.0, 1, 1, 1, 1, 1]}}, {"type": "Feature", "geometry": {"type": "Point", "coordinates": [3.6682, 42.231098]}, "properties": {"var_data": [-0.006, -0.029, 0.02, 0.025, 0.456, -0.0, 1, 1, 1, 1, 1]}}, {"type": "Feature", "geometry": {"type": "Point", "coordinates": [3.70354, 42.231098]}, "properties": {"var_data": [-0.012, 0.045, 0.007, 0.011, 0.446, -0.0, 1, 1, 1, 1, 1]}}, {"type": "Feature", "geometry": {"type": "Point", "coordinates": [3.73888, 42.231098]}, "properties": {"var_data": [0.007, -0.009, 0.007, 0.012, 0.549, -0.0, 1, 1, 1, 1, 1]}}, {"type": "Feature", "geometry": {"type": "Point", "coordinates": [3.77422, 42.231098]}, "properties": {"var_data": [0.064, 0.01, 0.006, 0.011, 0.602, -0.0, 1, 1, 1, 1, 1]}}, {"type": "Feature", "geometry": {"type": "Point", "coordinates": [3.80956, 42.231098]}, "properties": {"var_data": [0.079, 0.055, 0.006, 0.011, 0.653, -0.0, 1, 1, 1, 1, 1]}}, {"type": "Feature", "geometry": {"type": "Point", "coordinates": [3.8449, 42.231098]}, "properties": {"var_data": [0.099, -0.037, 0.01, 0.026, 1.198, -0.0, 1, 1, 1, 1, 1]}}, {"type": "Feature", "geometry": {"type": "Point", "coordinates": [3.27946, 42.258099]}, "properties": {"var_data": [0.212, 0.237, 0.009, 0.003, 0.383, -0.0, 1, 1, 1, 1, 1]}}, {"type": "Feature", "geometry": {"type": "Point", "coordinates": [3.3148, 42.258099]}, "properties": {"var_data": [0.146, 0.249, 0.006, 0.003, 0.256, -0.0, 1, 1, 1, 1, 1]}}, {"type": "Feature", "geometry": {"type": "Point", "coordinates": [3.35014, 42.258099]}, "properties": {"var_data": [0.129, 0.275, 0.005, 0.003, 0.246, -0.0, 1, 1, 1, 1, 1]}}, {"type": "Feature", "geometry": {"type": "Point", "coordinates": [3.38548, 42.258099]}, "properties": {"var_data": [0.087, 0.353, 0.005, 0.003, 0.263, -0.0, 1, 1, 1, 1, 1]}}, {"type": "Feature", "geometry": {"type": "Point", "coordinates": [3.42082, 42.258099]}, "properties": {"var_data": [0.009, 0.409, 0.005, 0.003, 0.296, -0.0, 1, 1, 1, 1, 1]}}, {"type": "Feature", "geometry": {"type": "Point", "coordinates": [3.45616, 42.258099]}, "properties": {"var_data": [-0.039, 0.437, 0.007, 0.005, 0.31, -0.0, 1, 1, 1, 1, 1]}}, {"type": "Feature", "geometry": {"type": "Point", "coordinates": [3.4915, 42.258099]}, "properties": {"var_data": [-0.08, 0.382, 0.013, 0.01, 0.354, -0.0, 1, 1, 1, 1, 1]}}, {"type": "Feature", "geometry": {"type": "Point", "coordinates": [3.52684, 42.258099]}, "properties": {"var_data": [-0.065, 0.333, 0.014, 0.013, 0.388, -0.0, 1, 1, 1, 1, 1]}}, {"type": "Feature", "geometry": {"type": "Point", "coordinates": [3.56218, 42.258099]}, "properties": {"var_data": [-0.054, 0.227, 0.015, 0.016, 0.388, -0.0, 1, 1, 1, 1, 1]}}, {"type": "Feature", "geometry": {"type": "Point", "coordinates": [3.59752, 42.258099]}, "properties": {"var_data": [-0.064, 0.2, 0.019, 0.022, 0.409, -0.0, 1, 1, 1, 1, 1]}}, {"type": "Feature", "geometry": {"type": "Point", "coordinates": [3.63286, 42.258099]}, "properties": {"var_data": [-0.038, 0.107, 0.019, 0.023, 0.412, -0.0, 1, 1, 1, 1, 1]}}, {"type": "Feature", "geometry": {"type": "Point", "coordinates": [3.6682, 42.258099]}, "properties": {"var_data": [0.013, 0.047, 0.019, 0.024, 0.405, -0.0, 1, 1, 1, 1, 1]}}, {"type": "Feature", "geometry": {"type": "Point", "coordinates": [3.70354, 42.258099]}, "properties": {"var_data": [0.008, 0.026, 0.022, 0.028, 0.472, -0.001, 1, 1, 1, 1, 1]}}, {"type": "Feature", "geometry": {"type": "Point", "coordinates": [3.73888, 42.258099]}, "properties": {"var_data": [0.023, 0.061, 0.016, 0.026, 0.495, -0.0, 1, 1, 1, 1, 1]}}, {"type": "Feature", "geometry": {"type": "Point", "coordinates": [3.77422, 42.258099]}, "properties": {"var_data": [0.073, 0.031, 0.003, 0.008, 0.584, -0.0, 1, 1, 1, 1, 1]}}, {"type": "Feature", "geometry": {"type": "Point", "coordinates": [3.80956, 42.258099]}, "properties": {"var_data": [0.085, 0.041, 0.003, 0.009, 0.687, -0.0, 1, 0, 1, 1, 1]}}, {"type": "Feature", "geometry": {"type": "Point", "coordinates": [3.8449, 42.258099]}, "properties": {"var_data": [0.094, 0.013, 0.005, 0.037, 1.042, 0.0, 1, 0, 1, 1, 1]}}, {"type": "Feature", "geometry": {"type": "Point", "coordinates": [3.88024, 42.258099]}, "properties": {"var_data": [0.061, -0.161, 0.036, 0.209, 1.425, 0.007, 1, 0, 1, 1, 1]}}, {"type": "Feature", "geometry": {"type": "Point", "coordinates": [3.3148, 42.285099]}, "properties": {"var_data": [0.017, 0.191, 0.007, 0.003, 0.221, -0.0, 1, 1, 1, 1, 1]}}, {"type": "Feature", "geometry": {"type": "Point", "coordinates": [3.35014, 42.285099]}, "properties": {"var_data": [0.016, 0.206, 0.006, 0.004, 0.22, -0.0, 1, 1, 1, 1, 1]}}, {"type": "Feature", "geometry": {"type": "Point", "coordinates": [3.38548, 42.285099]}, "properties": {"var_data": [0.037, 0.318, 0.006, 0.003, 0.263, -0.0, 1, 1, 1, 1, 1]}}, {"type": "Feature", "geometry": {"type": "Point", "coordinates": [3.42082, 42.285099]}, "properties": {"var_data": [-0.011, 0.375, 0.007, 0.004, 0.301, -0.0, 1, 1, 1, 1, 1]}}, {"type": "Feature", "geometry": {"type": "Point", "coordinates": [3.45616, 42.285099]}, "properties": {"var_data": [-0.037, 0.437, 0.008, 0.005, 0.355, -0.0, 1, 1, 1, 1, 1]}}, {"type": "Feature", "geometry": {"type": "Point", "coordinates": [3.4915, 42.285099]}, "properties": {"var_data": [-0.065, 0.433, 0.014, 0.01, 0.437, -0.0, 1, 1, 1, 1, 1]}}, {"type": "Feature", "geometry": {"type": "Point", "coordinates": [3.52684, 42.285099]}, "properties": {"var_data": [-0.059, 0.396, 0.01, 0.014, 0.483, -0.0, 1, 1, 1, 1, 1]}}, {"type": "Feature", "geometry": {"type": "Point", "coordinates": [3.56218, 42.285099]}, "properties": {"var_data": [-0.053, 0.271, 0.023, 0.025, 0.441, -0.001, 1, 1, 1, 1, 1]}}, {"type": "Feature", "geometry": {"type": "Point", "coordinates": [3.59752, 42.285099]}, "properties": {"var_data": [-0.051, 0.194, 0.018, 0.022, 0.416, -0.0, 1, 1, 1, 1, 1]}}, {"type": "Feature", "geometry": {"type": "Point", "coordinates": [3.63286, 42.285099]}, "properties": {"var_data": [-0.03, 0.148, 0.019, 0.022, 0.411, -0.0, 1, 1, 1, 1, 1]}}, {"type": "Feature", "geometry": {"type": "Point", "coordinates": [3.6682, 42.285099]}, "properties": {"var_data": [-0.015, 0.137, 0.021, 0.024, 0.457, -0.0, 1, 1, 1, 1, 1]}}, {"type": "Feature", "geometry": {"type": "Point", "coordinates": [3.70354, 42.285099]}, "properties": {"var_data": [-0.003, 0.113, 0.032, 0.037, 0.448, -0.001, 1, 1, 1, 1, 1]}}, {"type": "Feature", "geometry": {"type": "Point", "coordinates": [3.73888, 42.285099]}, "properties": {"var_data": [0.032, 0.102, 0.004, 0.013, 0.547, -0.0, 1, 1, 1, 1, 1]}}, {"type": "Feature", "geometry": {"type": "Point", "coordinates": [3.77422, 42.285099]}, "properties": {"var_data": [0.044, 0.072, 0.004, 0.016, 0.606, 0.0, 1, 1, 1, 1, 1]}}, {"type": "Feature", "geometry": {"type": "Point", "coordinates": [3.80956, 42.285099]}, "properties": {"var_data": [0.066, -0.01, 0.004, 0.025, 0.756, 0.0, 1, 1, 1, 1, 1]}}, {"type": "Feature", "geometry": {"type": "Point", "coordinates": [3.8449, 42.285099]}, "properties": {"var_data": [0.076, -0.109, 0.003, 0.008, 0.965, -0.0, 1, 0, 1, 1, 1]}}, {"type": "Feature", "geometry": {"type": "Point", "coordinates": [3.88024, 42.285099]}, "properties": {"var_data": [0.039, -0.294, 0.008, 0.013, 0.965, -0.0, 1, 1, 1, 1, 1]}}, {"type": "Feature", "geometry": {"type": "Point", "coordinates": [3.91558, 42.285099]}, "properties": {"var_data": [0.022, -0.418, 0.01, 0.016, 1.147, -0.0, 1, 1, 1, 1, 1]}}, {"type": "Feature", "geometry": {"type": "Point", "coordinates": [4.0216, 42.285099]}, "properties": {"var_data": [0.055, 0.814, 0.061, 0.826, 1.917, 0.02, 1, 0, 1, 1, 1]}}, {"type": "Feature", "geometry": {"type": "Point", "coordinates": [4.05694, 42.285099]}, "properties": {"var_data": [0.04, 0.881, 0.079, 0.893, 1.898, 0.035, 1, 0, 1, 1, 1]}}, {"type": "Feature", "geometry": {"type": "Point", "coordinates": [3.3148, 42.312099]}, "properties": {"var_data": [-0.066, 0.056, 0.009, 0.004, 0.223, -0.0, 1, 1, 1, 1, 1]}}, {"type": "Feature", "geometry": {"type": "Point", "coordinates": [3.35014, 42.312099]}, "properties": {"var_data": [-0.055, 0.099, 0.006, 0.004, 0.24, -0.0, 1, 1, 1, 1, 1]}}, {"type": "Feature", "geometry": {"type": "Point", "coordinates": [3.38548, 42.312099]}, "properties": {"var_data": [-0.056, 0.093, 0.007, 0.005, 0.279, -0.0, 1, 1, 1, 1, 1]}}, {"type": "Feature", "geometry": {"type": "Point", "coordinates": [3.42082, 42.312099]}, "properties": {"var_data": [-0.056, 0.34, 0.008, 0.006, 0.347, -0.0, 1, 1, 1, 1, 1]}}, {"type": "Feature", "geometry": {"type": "Point", "coordinates": [3.45616, 42.312099]}, "properties": {"var_data": [-0.049, 0.468, 0.007, 0.007, 0.429, -0.0, 1, 1, 1, 1, 1]}}, {"type": "Feature", "geometry": {"type": "Point", "coordinates": [3.4915, 42.312099]}, "properties": {"var_data": [-0.031, 0.501, 0.01, 0.042, 0.6, -0.0, 1, 1, 1, 1, 1]}}, {"type": "Feature", "geometry": {"type": "Point", "coordinates": [3.52684, 42.312099]}, "properties": {"var_data": [-0.03, 0.326, 0.011, 0.036, 0.565, -0.0, 1, 1, 1, 1, 1]}}, {"type": "Feature", "geometry": {"type": "Point", "coordinates": [3.56218, 42.312099]}, "properties": {"var_data": [-0.014, 0.226, 0.011, 0.02, 0.539, -0.0, 1, 1, 1, 1, 1]}}, {"type": "Feature", "geometry": {"type": "Point", "coordinates": [3.59752, 42.312099]}, "properties": {"var_data": [-0.05, 0.209, 0.03, 0.033, 0.489, -0.001, 1, 1, 1, 1, 1]}}, {"type": "Feature", "geometry": {"type": "Point", "coordinates": [3.63286, 42.312099]}, "properties": {"var_data": [-0.037, 0.144, 0.036, 0.037, 0.513, -0.001, 1, 1, 1, 1, 1]}}, {"type": "Feature", "geometry": {"type": "Point", "coordinates": [3.6682, 42.312099]}, "properties": {"var_data": [-0.049, 0.143, 0.042, 0.046, 0.491, -0.002, 1, 1, 1, 1, 1]}}, {"type": "Feature", "geometry": {"type": "Point", "coordinates": [3.70354, 42.312099]}, "properties": {"var_data": [-0.036, 0.124, 0.04, 0.044, 0.506, -0.002, 1, 1, 1, 1, 1]}}, {"type": "Feature", "geometry": {"type": "Point", "coordinates": [3.73888, 42.312099]}, "properties": {"var_data": [0.014, 0.06, 0.004, 0.01, 0.517, -0.0, 1, 1, 1, 1, 1]}}, {"type": "Feature", "geometry": {"type": "Point", "coordinates": [3.77422, 42.312099]}, "properties": {"var_data": [0.029, 0.034, 0.004, 0.017, 0.64, 0.0, 1, 1, 1, 1, 1]}}, {"type": "Feature", "geometry": {"type": "Point", "coordinates": [3.80956, 42.312099]}, "properties": {"var_data": [0.058, -0.065, 0.004, 0.008, 0.694, -0.0, 1, 1, 1, 1, 1]}}, {"type": "Feature", "geometry": {"type": "Point", "coordinates": [3.8449, 42.312099]}, "properties": {"var_data": [0.056, -0.171, 0.003, 0.007, 0.718, -0.0, 1, 1, 1, 1, 1]}}, {"type": "Feature", "geometry": {"type": "Point", "coordinates": [3.88024, 42.312099]}, "properties": {"var_data": [0.02, -0.261, 0.01, 0.016, 1.065, -0.0, 1, 1, 1, 1, 1]}}, {"type": "Feature", "geometry": {"type": "Point", "coordinates": [3.91558, 42.312099]}, "properties": {"var_data": [0.011, -0.39, 0.011, 0.017, 1.254, -0.0, 1, 1, 1, 1, 1]}}, {"type": "Feature", "geometry": {"type": "Point", "coordinates": [3.95092, 42.312099]}, "properties": {"var_data": [-0.022, -0.363, 0.011, 0.019, 1.694, -0.0, 1, 1, 1, 1, 1]}}, {"type": "Feature", "geometry": {"type": "Point", "coordinates": [3.98626, 42.312099]}, "properties": {"var_data": [0.002, 0.76, 0.049, 0.805, 1.915, 0.01, 1, 0, 1, 1, 1]}}, {"type": "Feature", "geometry": {"type": "Point", "coordinates": [4.0216, 42.312099]}, "properties": {"var_data": [0.043, 0.809, 0.059, 0.822, 1.913, 0.019, 1, 0, 1, 1, 1]}}, {"type": "Feature", "geometry": {"type": "Point", "coordinates": [4.05694, 42.312099]}, "properties": {"var_data": [0.04, 0.871, 0.06, 0.863, 1.937, 0.013, 1, 0, 1, 1, 1]}}, {"type": "Feature", "geometry": {"type": "Point", "coordinates": [4.09228, 42.312099]}, "properties": {"var_data": [0.027, 0.877, 0.075, 0.918, 1.966, 0.018, 1, 0, 1, 1, 1]}}, {"type": "Feature", "geometry": {"type": "Point", "coordinates": [3.3148, 42.3391]}, "properties": {"var_data": [-0.101, -0.136, 0.014, 0.011, 0.235, 0.0, 1, 1, 1, 1, 1]}}, {"type": "Feature", "geometry": {"type": "Point", "coordinates": [3.35014, 42.3391]}, "properties": {"var_data": [-0.07, -0.175, 0.009, 0.016, 0.278, 0.0, 1, 1, 1, 1, 1]}}, {"type": "Feature", "geometry": {"type": "Point", "coordinates": [3.38548, 42.3391]}, "properties": {"var_data": [-0.05, -0.111, 0.009, 0.026, 0.379, 0.0, 1, 1, 1, 1, 1]}}, {"type": "Feature", "geometry": {"type": "Point", "coordinates": [3.42082, 42.3391]}, "properties": {"var_data": [-0.057, 0.025, 0.01, 0.032, 0.453, 0.0, 1, 1, 1, 1, 1]}}, {"type": "Feature", "geometry": {"type": "Point", "coordinates": [3.45616, 42.3391]}, "properties": {"var_data": [-0.045, 0.168, 0.007, 0.038, 0.574, 0.0, 1, 1, 1, 1, 1]}}, {"type": "Feature", "geometry": {"type": "Point", "coordinates": [3.4915, 42.3391]}, "properties": {"var_data": [-0.018, 0.393, 0.012, 0.061, 0.737, -0.0, 1, 1, 1, 1, 1]}}, {"type": "Feature", "geometry": {"type": "Point", "coordinates": [3.52684, 42.3391]}, "properties": {"var_data": [-0.012, 0.389, 0.014, 0.08, 0.859, -0.001, 1, 1, 1, 1, 1]}}, {"type": "Feature", "geometry": {"type": "Point", "coordinates": [3.56218, 42.3391]}, "properties": {"var_data": [-0.016, 0.216, 0.012, 0.048, 0.732, -0.0, 1, 1, 1, 1, 1]}}, {"type": "Feature", "geometry": {"type": "Point", "coordinates": [3.59752, 42.3391]}, "properties": {"var_data": [-0.039, 0.089, 0.035, 0.032, 0.672, -0.001, 1, 1, 1, 1, 1]}}, {"type": "Feature", "geometry": {"type": "Point", "coordinates": [3.63286, 42.3391]}, "properties": {"var_data": [-0.066, 0.095, 0.035, 0.032, 0.586, -0.001, 1, 1, 1, 1, 1]}}, {"type": "Feature", "geometry": {"type": "Point", "coordinates": [3.6682, 42.3391]}, "properties": {"var_data": [-0.051, 0.06, 0.036, 0.034, 0.563, -0.001, 1, 1, 1, 1, 1]}}, {"type": "Feature", "geometry": {"type": "Point", "coordinates": [3.70354, 42.3391]}, "properties": {"var_data": [-0.027, 0.058, 0.029, 0.028, 0.55, -0.001, 1, 1, 1, 1, 1]}}, {"type": "Feature", "geometry": {"type": "Point", "coordinates": [3.73888, 42.3391]}, "properties": {"var_data": [-0.008, -0.01, 0.025, 0.029, 0.593, -0.001, 1, 1, 1, 1, 1]}}, {"type": "Feature", "geometry": {"type": "Point", "coordinates": [3.77422, 42.3391]}, "properties": {"var_data": [0.05, -0.102, 0.004, 0.017, 0.614, 0.0, 1, 1, 1, 1, 1]}}, {"type": "Feature", "geometry": {"type": "Point", "coordinates": [3.80956, 42.3391]}, "properties": {"var_data": [0.06, -0.095, 0.004, 0.008, 0.708, -0.0, 1, 1, 1, 1, 1]}}, {"type": "Feature", "geometry": {"type": "Point", "coordinates": [3.8449, 42.3391]}, "properties": {"var_data": [0.052, -0.114, 0.01, 0.015, 0.689, -0.0, 1, 1, 1, 1, 1]}}, {"type": "Feature", "geometry": {"type": "Point", "coordinates": [3.88024, 42.3391]}, "properties": {"var_data": [0.039, -0.061, 0.01, 0.016, 0.739, -0.0, 1, 1, 1, 1, 1]}}, {"type": "Feature", "geometry": {"type": "Point", "coordinates": [3.91558, 42.3391]}, "properties": {"var_data": [-0.004, -0.305, 0.011, 0.017, 1.359, -0.0, 1, 1, 1, 1, 1]}}, {"type": "Feature", "geometry": {"type": "Point", "coordinates": [3.95092, 42.3391]}, "properties": {"var_data": [-0.014, -0.296, 0.011, 0.019, 1.892, -0.0, 1, 1, 1, 1, 1]}}, {"type": "Feature", "geometry": {"type": "Point", "coordinates": [3.98626, 42.3391]}, "properties": {"var_data": [-0.099, 0.883, 0.052, 0.551, 1.515, -0.017, 1, 0, 1, 1, 1]}}, {"type": "Feature", "geometry": {"type": "Point", "coordinates": [4.0216, 42.3391]}, "properties": {"var_data": [-0.047, 0.741, 0.062, 0.579, 1.514, -0.024, 1, 0, 1, 1, 1]}}, {"type": "Feature", "geometry": {"type": "Point", "coordinates": [4.05694, 42.3391]}, "properties": {"var_data": [-0.018, 0.716, 0.069, 0.792, 2.156, -0.044, 4, 0, 4, 1, 1]}}, {"type": "Feature", "geometry": {"type": "Point", "coordinates": [4.09228, 42.3391]}, "properties": {"var_data": [-0.053, 0.838, 0.085, 0.922, 2.181, -0.063, 4, 0, 4, 1, 1]}}, {"type": "Feature", "geometry": {"type": "Point", "coordinates": [3.38548, 42.3661]}, "properties": {"var_data": [0.033, -0.359, 0.037, 0.052, 0.542, -0.002, 1, 1, 1, 1, 1]}}, {"type": "Feature", "geometry": {"type": "Point", "coordinates": [3.42082, 42.3661]}, "properties": {"var_data": [-0.021, -0.11, 0.037, 0.056, 0.687, -0.002, 1, 1, 1, 1, 1]}}, {"type": "Feature", "geometry": {"type": "Point", "coordinates": [3.45616, 42.3661]}, "properties": {"var_data": [0.022, -0.066, 0.037, 0.065, 0.745, -0.002, 1, 1, 1, 1, 1]}}, {"type": "Feature", "geometry": {"type": "Point", "coordinates": [3.56218, 42.3661]}, "properties": {"var_data": [0.038, -0.055, 0.012, 0.036, 0.87, -0.0, 1, 1, 1, 1, 1]}}, {"type": "Feature", "geometry": {"type": "Point", "coordinates": [3.59752, 42.3661]}, "properties": {"var_data": [-0.01, -0.071, 0.039, 0.034, 0.755, -0.001, 1, 1, 1, 1, 1]}}, {"type": "Feature", "geometry": {"type": "Point", "coordinates": [3.63286, 42.3661]}, "properties": {"var_data": [-0.066, 0.007, 0.034, 0.031, 0.651, -0.001, 1, 1, 1, 1, 1]}}, {"type": "Feature", "geometry": {"type": "Point", "coordinates": [3.6682, 42.3661]}, "properties": {"var_data": [-0.064, 0.029, 0.032, 0.03, 0.578, -0.001, 1, 1, 1, 1, 1]}}, {"type": "Feature", "geometry": {"type": "Point", "coordinates": [3.70354, 42.3661]}, "properties": {"var_data": [-0.029, -0.035, 0.03, 0.028, 0.593, -0.001, 1, 1, 1, 1, 1]}}, {"type": "Feature", "geometry": {"type": "Point", "coordinates": [3.73888, 42.3661]}, "properties": {"var_data": [-0.001, -0.052, 0.028, 0.037, 0.611, -0.001, 1, 1, 1, 1, 1]}}, {"type": "Feature", "geometry": {"type": "Point", "coordinates": [3.77422, 42.3661]}, "properties": {"var_data": [0.042, -0.126, 0.025, 0.042, 0.678, -0.001, 1, 1, 1, 1, 1]}}, {"type": "Feature", "geometry": {"type": "Point", "coordinates": [3.80956, 42.3661]}, "properties": {"var_data": [0.054, -0.095, 0.019, 0.042, 0.667, -0.0, 1, 1, 1, 1, 1]}}, {"type": "Feature", "geometry": {"type": "Point", "coordinates": [3.8449, 42.3661]}, "properties": {"var_data": [0.05, -0.053, 0.01, 0.016, 0.799, -0.0, 1, 1, 1, 1, 1]}}, {"type": "Feature", "geometry": {"type": "Point", "coordinates": [3.88024, 42.3661]}, "properties": {"var_data": [0.032, -0.004, 0.011, 0.016, 0.777, -0.0, 1, 1, 1, 1, 1]}}, {"type": "Feature", "geometry": {"type": "Point", "coordinates": [3.91558, 42.3661]}, "properties": {"var_data": [-0.023, 0.09, 0.011, 0.018, 0.858, -0.0, 1, 1, 1, 1, 1]}}, {"type": "Feature", "geometry": {"type": "Point", "coordinates": [3.95092, 42.3661]}, "properties": {"var_data": [-0.084, 0.327, 0.033, 0.048, 1.164, -0.002, 1, 1, 1, 1, 1]}}, {"type": "Feature", "geometry": {"type": "Point", "coordinates": [3.98626, 42.3661]}, "properties": {"var_data": [-0.087, 0.595, 0.064, 0.537, 1.871, -0.027, 1, 0, 1, 1, 1]}}, {"type": "Feature", "geometry": {"type": "Point", "coordinates": [4.0216, 42.3661]}, "properties": {"var_data": [-0.06, 0.76, 0.063, 0.582, 1.554, -0.025, 1, 0, 1, 1, 1]}}, {"type": "Feature", "geometry": {"type": "Point", "coordinates": [4.05694, 42.3661]}, "properties": {"var_data": [-0.059, 0.734, 0.062, 0.584, 1.529, -0.027, 1, 0, 1, 1, 1]}}, {"type": "Feature", "geometry": {"type": "Point", "coordinates": [4.09228, 42.3661]}, "properties": {"var_data": [-0.067, 0.836, 0.098, 1.005, 2.24, -0.084, 4, 0, 4, 1, 1]}}, {"type": "Feature", "geometry": {"type": "Point", "coordinates": [3.52684, 42.393101]}, "properties": {"var_data": [0.194, -0.429, 0.047, 0.061, 1.073, -0.002, 1, 1, 1, 1, 1]}}, {"type": "Feature", "geometry": {"type": "Point", "coordinates": [3.56218, 42.393101]}, "properties": {"var_data": [0.048, -0.19, 0.045, 0.055, 0.919, -0.002, 1, 1, 1, 1, 1]}}, {"type": "Feature", "geometry": {"type": "Point", "coordinates": [3.59752, 42.393101]}, "properties": {"var_data": [-0.02, -0.123, 0.032, 0.028, 0.819, -0.001, 1, 1, 1, 1, 1]}}, {"type": "Feature", "geometry": {"type": "Point", "coordinates": [3.63286, 42.393101]}, "properties": {"var_data": [-0.075, -0.049, 0.031, 0.026, 0.712, -0.001, 1, 1, 1, 1, 1]}}, {"type": "Feature", "geometry": {"type": "Point", "coordinates": [3.6682, 42.393101]}, "properties": {"var_data": [-0.058, -0.043, 0.033, 0.028, 0.637, -0.001, 1, 1, 1, 1, 1]}}, {"type": "Feature", "geometry": {"type": "Point", "coordinates": [3.70354, 42.393101]}, "properties": {"var_data": [-0.032, -0.066, 0.032, 0.029, 0.622, -0.001, 1, 1, 1, 1, 1]}}, {"type": "Feature", "geometry": {"type": "Point", "coordinates": [3.73888, 42.393101]}, "properties": {"var_data": [0.035, -0.144, 0.027, 0.034, 0.64, -0.001, 1, 1, 1, 1, 1]}}, {"type": "Feature", "geometry": {"type": "Point", "coordinates": [3.77422, 42.393101]}, "properties": {"var_data": [0.07, -0.167, 0.028, 0.04, 0.732, -0.001, 1, 1, 1, 1, 1]}}, {"type": "Feature", "geometry": {"type": "Point", "coordinates": [3.80956, 42.393101]}, "properties": {"var_data": [0.057, -0.093, 0.027, 0.045, 0.709, -0.001, 1, 1, 1, 1, 1]}}, {"type": "Feature", "geometry": {"type": "Point", "coordinates": [3.8449, 42.393101]}, "properties": {"var_data": [0.019, 0.016, 0.029, 0.044, 0.738, -0.001, 1, 1, 1, 1, 1]}}, {"type": "Feature", "geometry": {"type": "Point", "coordinates": [3.88024, 42.393101]}, "properties": {"var_data": [-0.016, 0.124, 0.029, 0.059, 0.921, -0.001, 1, 1, 1, 1, 1]}}, {"type": "Feature", "geometry": {"type": "Point", "coordinates": [3.91558, 42.393101]}, "properties": {"var_data": [-0.037, 0.187, 0.037, 0.065, 1.071, -0.002, 1, 1, 1, 1, 1]}}, {"type": "Feature", "geometry": {"type": "Point", "coordinates": [3.95092, 42.393101]}, "properties": {"var_data": [-0.071, 0.362, 0.041, 0.07, 1.131, -0.002, 1, 0, 1, 1, 1]}}, {"type": "Feature", "geometry": {"type": "Point", "coordinates": [3.98626, 42.393101]}, "properties": {"var_data": [-0.096, 0.355, 0.042, 0.157, 1.253, -0.005, 1, 0, 1, 1, 1]}}, {"type": "Feature", "geometry": {"type": "Point", "coordinates": [4.0216, 42.393101]}, "properties": {"var_data": [-0.16, 0.773, 0.102, 0.611, 2.176, -0.058, 4, 0, 4, 1, 1]}}, {"type": "Feature", "geometry": {"type": "Point", "coordinates": [4.05694, 42.393101]}, "properties": {"var_data": [-0.18, 0.832, 0.091, 0.575, 2.177, -0.049, 4, 0, 4, 1, 1]}}, {"type": "Feature", "geometry": {"type": "Point", "coordinates": [3.45616, 42.420101]}, "properties": {"var_data": [0.15, -0.403, 0.082, 0.114, 1.206, -0.008, 1, 1, 1, 1, 1]}}, {"type": "Feature", "geometry": {"type": "Point", "coordinates": [3.52684, 42.420101]}, "properties": {"var_data": [0.094, -0.311, 0.077, 0.127, 1.254, -0.009, 1, 1, 1, 1, 1]}}, {"type": "Feature", "geometry": {"type": "Point", "coordinates": [3.56218, 42.420101]}, "properties": {"var_data": [-0.046, -0.198, 0.048, 0.061, 1.134, -0.003, 1, 1, 1, 1, 1]}}, {"type": "Feature", "geometry": {"type": "Point", "coordinates": [3.59752, 42.420101]}, "properties": {"var_data": [-0.145, -0.003, 0.041, 0.034, 1.022, -0.001, 1, 1, 1, 1, 1]}}, {"type": "Feature", "geometry": {"type": "Point", "coordinates": [3.63286, 42.420101]}, "properties": {"var_data": [-0.134, -0.008, 0.034, 0.029, 0.705, -0.001, 1, 1, 1, 1, 1]}}, {"type": "Feature", "geometry": {"type": "Point", "coordinates": [3.6682, 42.420101]}, "properties": {"var_data": [-0.097, 0.001, 0.031, 0.027, 0.679, -0.001, 1, 1, 1, 1, 1]}}, {"type": "Feature", "geometry": {"type": "Point", "coordinates": [3.70354, 42.420101]}, "properties": {"var_data": [-0.049, -0.038, 0.03, 0.026, 0.649, -0.001, 1, 1, 1, 1, 1]}}, {"type": "Feature", "geometry": {"type": "Point", "coordinates": [3.73888, 42.420101]}, "properties": {"var_data": [0.027, -0.134, 0.036, 0.04, 0.722, -0.001, 1, 1, 1, 1, 1]}}, {"type": "Feature", "geometry": {"type": "Point", "coordinates": [3.77422, 42.420101]}, "properties": {"var_data": [0.023, -0.121, 0.031, 0.034, 0.7, -0.001, 1, 1, 1, 1, 1]}}, {"type": "Feature", "geometry": {"type": "Point", "coordinates": [3.80956, 42.420101]}, "properties": {"var_data": [0.02, -0.124, 0.038, 0.056, 0.983, -0.002, 1, 1, 1, 1, 1]}}, {"type": "Feature", "geometry": {"type": "Point", "coordinates": [3.8449, 42.420101]}, "properties": {"var_data": [-0.043, 0.07, 0.031, 0.044, 0.86, -0.001, 1, 1, 1, 1, 1]}}, {"type": "Feature", "geometry": {"type": "Point", "coordinates": [3.88024, 42.420101]}, "properties": {"var_data": [-0.067, 0.127, 0.031, 0.046, 0.911, -0.001, 1, 1, 1, 1, 1]}}, {"type": "Feature", "geometry": {"type": "Point", "coordinates": [3.91558, 42.420101]}, "properties": {"var_data": [-0.098, 0.259, 0.035, 0.067, 1.209, -0.002, 1, 0, 1, 1, 1]}}, {"type": "Feature", "geometry": {"type": "Point", "coordinates": [3.95092, 42.420101]}, "properties": {"var_data": [-0.097, 0.31, 0.041, 0.053, 1.088, -0.002, 1, 0, 1, 1, 1]}}, {"type": "Feature", "geometry": {"type": "Point", "coordinates": [3.98626, 42.420101]}, "properties": {"var_data": [-0.092, 0.262, 0.036, 0.049, 1.057, -0.002, 1, 0, 1, 1, 1]}}, {"type": "Feature", "geometry": {"type": "Point", "coordinates": [4.0216, 42.420101]}, "properties": {"var_data": [-0.124, 0.345, 0.041, 0.054, 1.162, -0.002, 1, 0, 1, 1, 1]}}, {"type": "Feature", "geometry": {"type": "Point", "coordinates": [4.05694, 42.420101]}, "properties": {"var_data": [-0.174, 0.8, 0.099, 0.596, 2.238, -0.056, 4, 0, 4, 1, 1]}}, {"type": "Feature", "geometry": {"type": "Point", "coordinates": [3.38548, 42.447102]}, "properties": {"var_data": [-1.961, 0.721, 0.833, 0.342, 2.86, -0.283, 4, 1, 4, 1, 4]}}, {"type": "Feature", "geometry": {"type": "Point", "coordinates": [3.42082, 42.447102]}, "properties": {"var_data": [-0.166, -0.041, 0.224, 0.117, 1.556, -0.024, 4, 4, 1, 1, 1]}}, {"type": "Feature", "geometry": {"type": "Point", "coordinates": [3.45616, 42.447102]}, "properties": {"var_data": [-0.129, -0.106, 0.104, 0.122, 1.616, -0.011, 1, 1, 1, 1, 1]}}, {"type": "Feature", "geometry": {"type": "Point", "coordinates": [3.4915, 42.447102]}, "properties": {"var_data": [-0.108, -0.082, 0.098, 0.12, 1.43, -0.01, 1, 1, 1, 1, 1]}}, {"type": "Feature", "geometry": {"type": "Point", "coordinates": [3.52684, 42.447102]}, "properties": {"var_data": [-0.085, -0.152, 0.086, 0.131, 1.512, -0.01, 1, 1, 1, 1, 1]}}, {"type": "Feature", "geometry": {"type": "Point", "coordinates": [3.56218, 42.447102]}, "properties": {"var_data": [-0.012, -0.345, 0.073, 0.129, 1.487, -0.009, 1, 1, 1, 1, 1]}}, {"type": "Feature", "geometry": {"type": "Point", "coordinates": [3.59752, 42.447102]}, "properties": {"var_data": [-0.213, 0.014, 0.043, 0.035, 1.066, -0.001, 1, 1, 1, 1, 1]}}, {"type": "Feature", "geometry": {"type": "Point", "coordinates": [3.63286, 42.447102]}, "properties": {"var_data": [-0.203, 0.051, 0.037, 0.031, 0.961, -0.001, 1, 1, 1, 1, 1]}}, {"type": "Feature", "geometry": {"type": "Point", "coordinates": [3.6682, 42.447102]}, "properties": {"var_data": [-0.142, 0.028, 0.033, 0.029, 0.785, -0.001, 1, 1, 1, 1, 1]}}, {"type": "Feature", "geometry": {"type": "Point", "coordinates": [3.70354, 42.447102]}, "properties": {"var_data": [-0.084, 0.005, 0.036, 0.03, 0.715, -0.001, 1, 1, 1, 1, 1]}}, {"type": "Feature", "geometry": {"type": "Point", "coordinates": [3.73888, 42.447102]}, "properties": {"var_data": [-0.01, -0.033, 0.042, 0.038, 0.829, -0.002, 1, 1, 1, 1, 1]}}, {"type": "Feature", "geometry": {"type": "Point", "coordinates": [3.77422, 42.447102]}, "properties": {"var_data": [-0.007, -0.037, 0.04, 0.036, 0.795, -0.001, 1, 1, 1, 1, 1]}}, {"type": "Feature", "geometry": {"type": "Point", "coordinates": [3.80956, 42.447102]}, "properties": {"var_data": [-0.027, -0.021, 0.035, 0.032, 0.799, -0.001, 1, 1, 1, 1, 1]}}, {"type": "Feature", "geometry": {"type": "Point", "coordinates": [3.8449, 42.447102]}, "properties": {"var_data": [-0.052, 0.057, 0.036, 0.052, 0.991, -0.002, 1, 1, 1, 1, 1]}}, {"type": "Feature", "geometry": {"type": "Point", "coordinates": [3.88024, 42.447102]}, "properties": {"var_data": [-0.12, 0.247, 0.032, 0.049, 0.94, -0.001, 1, 1, 1, 1, 1]}}, {"type": "Feature", "geometry": {"type": "Point", "coordinates": [3.91558, 42.447102]}, "properties": {"var_data": [-0.139, 0.3, 0.032, 0.043, 0.96, -0.001, 1, 0, 1, 1, 1]}}, {"type": "Feature", "geometry": {"type": "Point", "coordinates": [3.95092, 42.447102]}, "properties": {"var_data": [-0.134, 0.334, 0.036, 0.049, 1.068, -0.002, 1, 0, 1, 1, 1]}}, {"type": "Feature", "geometry": {"type": "Point", "coordinates": [3.98626, 42.447102]}, "properties": {"var_data": [-0.112, 0.229, 0.048, 0.063, 1.394, -0.003, 1, 0, 1, 1, 1]}}, {"type": "Feature", "geometry": {"type": "Point", "coordinates": [4.0216, 42.447102]}, "properties": {"var_data": [-0.091, 0.194, 0.031, 0.044, 1.418, -0.001, 1, 0, 1, 1, 1]}}, {"type": "Feature", "geometry": {"type": "Point", "coordinates": [4.05694, 42.447102]}, "properties": {"var_data": [-0.097, 0.113, 0.029, 0.042, 1.638, -0.001, 1, 0, 1, 1, 1]}}, {"type": "Feature", "geometry": {"type": "Point", "coordinates": [3.35014, 42.474098]}, "properties": {"var_data": [0.005, -0.139, 0.129, 0.033, 1.664, -0.004, 1, 1, 1, 1, 1]}}, {"type": "Feature", "geometry": {"type": "Point", "coordinates": [3.38548, 42.474098]}, "properties": {"var_data": [-1.293, 0.32, 0.166, 0.048, 2.072, -0.008, 4, 4, 4, 1, 1]}}, {"type": "Feature", "geometry": {"type": "Point", "coordinates": [3.42082, 42.474098]}, "properties": {"var_data": [-1.057, 0.378, 0.215, 0.067, 2.015, -0.014, 4, 4, 4, 1, 1]}}, {"type": "Feature", "geometry": {"type": "Point", "coordinates": [3.45616, 42.474098]}, "properties": {"var_data": [-0.527, 0.221, 0.2, 0.092, 1.72, -0.017, 1, 0, 1, 1, 1]}}, {"type": "Feature", "geometry": {"type": "Point", "coordinates": [3.4915, 42.474098]}, "properties": {"var_data": [-0.575, 0.309, 0.102, 0.063, 1.231, -0.005, 1, 1, 1, 1, 1]}}, {"type": "Feature", "geometry": {"type": "Point", "coordinates": [3.52684, 42.474098]}, "properties": {"var_data": [-0.518, 0.283, 0.108, 0.08, 1.294, -0.008, 1, 1, 1, 1, 1]}}, {"type": "Feature", "geometry": {"type": "Point", "coordinates": [3.56218, 42.474098]}, "properties": {"var_data": [-0.401, 0.16, 0.053, 0.061, 1.141, -0.003, 1, 1, 1, 1, 1]}}, {"type": "Feature", "geometry": {"type": "Point", "coordinates": [3.59752, 42.474098]}, "properties": {"var_data": [-0.362, 0.173, 0.045, 0.036, 1.191, -0.002, 1, 1, 1, 1, 1]}}, {"type": "Feature", "geometry": {"type": "Point", "coordinates": [3.63286, 42.474098]}, "properties": {"var_data": [-0.29, 0.176, 0.038, 0.028, 0.934, -0.001, 1, 1, 1, 1, 1]}}, {"type": "Feature", "geometry": {"type": "Point", "coordinates": [3.6682, 42.474098]}, "properties": {"var_data": [-0.204, 0.074, 0.052, 0.041, 1.105, -0.002, 1, 1, 1, 1, 1]}}, {"type": "Feature", "geometry": {"type": "Point", "coordinates": [3.70354, 42.474098]}, "properties": {"var_data": [-0.048, -0.022, 0.045, 0.039, 0.877, -0.002, 1, 1, 1, 1, 1]}}, {"type": "Feature", "geometry": {"type": "Point", "coordinates": [3.73888, 42.474098]}, "properties": {"var_data": [-0.041, -0.001, 0.046, 0.04, 0.862, -0.002, 1, 1, 1, 1, 1]}}, {"type": "Feature", "geometry": {"type": "Point", "coordinates": [3.77422, 42.474098]}, "properties": {"var_data": [-0.015, -0.02, 0.044, 0.04, 0.89, -0.002, 1, 1, 1, 1, 1]}}, {"type": "Feature", "geometry": {"type": "Point", "coordinates": [3.80956, 42.474098]}, "properties": {"var_data": [-0.037, 0.021, 0.043, 0.039, 0.851, -0.002, 1, 1, 1, 1, 1]}}, {"type": "Feature", "geometry": {"type": "Point", "coordinates": [3.8449, 42.474098]}, "properties": {"var_data": [-0.125, 0.175, 0.036, 0.033, 0.852, -0.001, 1, 1, 1, 1, 1]}}, {"type": "Feature", "geometry": {"type": "Point", "coordinates": [3.88024, 42.474098]}, "properties": {"var_data": [-0.174, 0.289, 0.044, 0.06, 1.178, -0.002, 1, 1, 1, 1, 1]}}, {"type": "Feature", "geometry": {"type": "Point", "coordinates": [3.91558, 42.474098]}, "properties": {"var_data": [-0.151, 0.275, 0.043, 0.053, 1.116, -0.002, 1, 0, 1, 1, 1]}}, {"type": "Feature", "geometry": {"type": "Point", "coordinates": [3.95092, 42.474098]}, "properties": {"var_data": [-0.169, 0.298, 0.068, 0.081, 1.116, -0.005, 1, 0, 1, 1, 1]}}, {"type": "Feature", "geometry": {"type": "Point", "coordinates": [3.98626, 42.474098]}, "properties": {"var_data": [-0.103, 0.145, 0.033, 0.042, 1.22, -0.001, 1, 0, 1, 1, 1]}}, {"type": "Feature", "geometry": {"type": "Point", "coordinates": [4.0216, 42.474098]}, "properties": {"var_data": [-0.156, 0.266, 0.033, 0.047, 1.499, -0.001, 1, 0, 1, 1, 1]}}, {"type": "Feature", "geometry": {"type": "Point", "coordinates": [4.05694, 42.474098]}, "properties": {"var_data": [-0.134, 0.235, 0.06, 0.203, 2.282, -0.011, 4, 0, 4, 1, 1]}}, {"type": "Feature", "geometry": {"type": "Point", "coordinates": [3.35014, 42.501099]}, "properties": {"var_data": [-0.177, -0.067, 0.157, 0.042, 1.667, -0.006, 1, 1, 1, 1, 1]}}, {"type": "Feature", "geometry": {"type": "Point", "coordinates": [3.38548, 42.501099]}, "properties": {"var_data": [-0.584, 0.082, 0.255, 0.076, 3.13, -0.019, 4, 1, 4, 1, 1]}}, {"type": "Feature", "geometry": {"type": "Point", "coordinates": [3.42082, 42.501099]}, "properties": {"var_data": [-0.187, -0.006, 0.202, 0.065, 2.463, -0.013, 4, 4, 4, 1, 1]}}, {"type": "Feature", "geometry": {"type": "Point", "coordinates": [3.45616, 42.501099]}, "properties": {"var_data": [-0.241, 0.083, 0.209, 0.066, 2.561, -0.014, 4, 4, 4, 1, 1]}}, {"type": "Feature", "geometry": {"type": "Point", "coordinates": [3.4915, 42.501099]}, "properties": {"var_data": [-0.773, 0.42, 0.262, 0.108, 1.59, -0.028, 1, 1, 1, 1, 1]}}, {"type": "Feature", "geometry": {"type": "Point", "coordinates": [3.52684, 42.501099]}, "properties": {"var_data": [-0.924, 0.473, 0.125, 0.059, 1.338, -0.007, 1, 1, 1, 1, 1]}}, {"type": "Feature", "geometry": {"type": "Point", "coordinates": [3.56218, 42.501099]}, "properties": {"var_data": [-0.628, 0.298, 0.087, 0.042, 1.214, -0.004, 1, 1, 1, 1, 1]}}, {"type": "Feature", "geometry": {"type": "Point", "coordinates": [3.59752, 42.501099]}, "properties": {"var_data": [-0.494, 0.22, 0.07, 0.035, 1.127, -0.002, 1, 1, 1, 1, 1]}}, {"type": "Feature", "geometry": {"type": "Point", "coordinates": [3.63286, 42.501099]}, "properties": {"var_data": [-0.328, 0.206, 0.062, 0.041, 1.283, -0.002, 1, 1, 1, 1, 1]}}, {"type": "Feature", "geometry": {"type": "Point", "coordinates": [3.6682, 42.501099]}, "properties": {"var_data": [-0.198, 0.101, 0.055, 0.037, 1.063, -0.002, 1, 1, 1, 1, 1]}}, {"type": "Feature", "geometry": {"type": "Point", "coordinates": [3.70354, 42.501099]}, "properties": {"var_data": [-0.02, -0.054, 0.063, 0.051, 1.078, -0.003, 1, 1, 1, 1, 1]}}, {"type": "Feature", "geometry": {"type": "Point", "coordinates": [3.73888, 42.501099]}, "properties": {"var_data": [-0.001, -0.058, 0.05, 0.043, 0.864, -0.002, 1, 1, 1, 1, 1]}}, {"type": "Feature", "geometry": {"type": "Point", "coordinates": [3.77422, 42.501099]}, "properties": {"var_data": [-0.017, -0.021, 0.057, 0.048, 0.898, -0.003, 1, 1, 1, 1, 1]}}, {"type": "Feature", "geometry": {"type": "Point", "coordinates": [3.80956, 42.501099]}, "properties": {"var_data": [-0.029, 0.043, 0.05, 0.045, 1.042, -0.002, 1, 1, 1, 1, 1]}}, {"type": "Feature", "geometry": {"type": "Point", "coordinates": [3.8449, 42.501099]}, "properties": {"var_data": [-0.108, 0.177, 0.054, 0.048, 1.024, -0.003, 1, 1, 1, 1, 1]}}, {"type": "Feature", "geometry": {"type": "Point", "coordinates": [3.88024, 42.501099]}, "properties": {"var_data": [-0.121, 0.186, 0.062, 0.065, 1.022, -0.004, 1, 0, 1, 1, 1]}}, {"type": "Feature", "geometry": {"type": "Point", "coordinates": [3.91558, 42.501099]}, "properties": {"var_data": [-0.149, 0.261, 0.053, 0.063, 1.228, -0.003, 1, 0, 1, 1, 1]}}, {"type": "Feature", "geometry": {"type": "Point", "coordinates": [3.95092, 42.501099]}, "properties": {"var_data": [-0.16, 0.256, 0.06, 0.072, 1.193, -0.004, 1, 0, 1, 1, 1]}}, {"type": "Feature", "geometry": {"type": "Point", "coordinates": [3.98626, 42.501099]}, "properties": {"var_data": [-0.107, 0.11, 0.065, 0.077, 1.385, -0.005, 1, 0, 1, 1, 1]}}, {"type": "Feature", "geometry": {"type": "Point", "coordinates": [4.0216, 42.501099]}, "properties": {"var_data": [-0.162, 0.214, 0.035, 0.049, 1.994, -0.002, 1, 0, 1, 1, 1]}}, {"type": "Feature", "geometry": {"type": "Point", "coordinates": [4.05694, 42.501099]}, "properties": {"var_data": [-0.222, 0.377, 0.069, 0.215, 2.617, -0.014, 4, 0, 4, 1, 1]}}, {"type": "Feature", "geometry": {"type": "Point", "coordinates": [3.35014, 42.528099]}, "properties": {"var_data": [-0.445, 0.019, 0.178, 0.046, 1.861, -0.008, 1, 1, 1, 1, 1]}}, {"type": "Feature", "geometry": {"type": "Point", "coordinates": [3.38548, 42.528099]}, "properties": {"var_data": [-0.683, 0.095, 0.228, 0.061, 2.542, -0.014, 4, 1, 4, 1, 1]}}, {"type": "Feature", "geometry": {"type": "Point", "coordinates": [3.42082, 42.528099]}, "properties": {"var_data": [-1.176, 0.346, 0.221, 0.07, 3.25, -0.015, 4, 1, 4, 1, 1]}}, {"type": "Feature", "geometry": {"type": "Point", "coordinates": [3.45616, 42.528099]}, "properties": {"var_data": [-2.028, 0.737, 0.226, 0.072, 4.935, -0.016, 4, 1, 4, 1, 4]}}, {"type": "Feature", "geometry": {"type": "Point", "coordinates": [3.4915, 42.528099]}, "properties": {"var_data": [-1.394, 0.677, 0.218, 0.102, 2.134, -0.022, 4, 1, 4, 1, 1]}}, {"type": "Feature", "geometry": {"type": "Point", "coordinates": [3.52684, 42.528099]}, "properties": {"var_data": [-1.124, 0.585, 0.205, 0.096, 1.586, -0.02, 1, 0, 1, 1, 1]}}, {"type": "Feature", "geometry": {"type": "Point", "coordinates": [3.56218, 42.528099]}, "properties": {"var_data": [-0.849, 0.469, 0.087, 0.043, 1.42, -0.004, 1, 0, 1, 1, 1]}}, {"type": "Feature", "geometry": {"type": "Point", "coordinates": [3.59752, 42.528099]}, "properties": {"var_data": [-0.691, 0.378, 0.082, 0.041, 1.318, -0.003, 1, 0, 1, 1, 1]}}, {"type": "Feature", "geometry": {"type": "Point", "coordinates": [3.63286, 42.528099]}, "properties": {"var_data": [-0.034, -0.273, 0.121, 0.073, 2.037, -0.009, 4, 1, 4, 1, 1]}}, {"type": "Feature", "geometry": {"type": "Point", "coordinates": [3.6682, 42.528099]}, "properties": {"var_data": [-0.129, 0.038, 0.018, 0.021, 1.465, -0.0, 1, 1, 1, 1, 1]}}, {"type": "Feature", "geometry": {"type": "Point", "coordinates": [3.70354, 42.528099]}, "properties": {"var_data": [-0.004, -0.076, 0.018, 0.02, 1.137, -0.0, 1, 1, 1, 1, 1]}}, {"type": "Feature", "geometry": {"type": "Point", "coordinates": [3.73888, 42.528099]}, "properties": {"var_data": [0.052, -0.116, 0.028, 0.035, 1.091, -0.001, 1, 0, 1, 1, 1]}}, {"type": "Feature", "geometry": {"type": "Point", "coordinates": [3.77422, 42.528099]}, "properties": {"var_data": [0.039, -0.067, 0.021, 0.023, 0.956, -0.0, 1, 1, 1, 1, 1]}}, {"type": "Feature", "geometry": {"type": "Point", "coordinates": [3.80956, 42.528099]}, "properties": {"var_data": [0.033, -0.039, 0.081, 0.07, 1.083, -0.006, 1, 1, 1, 1, 1]}}, {"type": "Feature", "geometry": {"type": "Point", "coordinates": [3.8449, 42.528099]}, "properties": {"var_data": [-0.03, 0.058, 0.06, 0.061, 1.121, -0.003, 1, 0, 1, 1, 1]}}, {"type": "Feature", "geometry": {"type": "Point", "coordinates": [3.88024, 42.528099]}, "properties": {"var_data": [-0.085, 0.158, 0.055, 0.062, 1.091, -0.003, 1, 0, 1, 1, 1]}}, {"type": "Feature", "geometry": {"type": "Point", "coordinates": [3.91558, 42.528099]}, "properties": {"var_data": [-0.14, 0.212, 0.071, 0.078, 1.182, -0.005, 1, 0, 1, 1, 1]}}, {"type": "Feature", "geometry": {"type": "Point", "coordinates": [3.95092, 42.528099]}, "properties": {"var_data": [-0.187, 0.242, 0.075, 0.086, 1.707, -0.006, 1, 0, 1, 1, 1]}}, {"type": "Feature", "geometry": {"type": "Point", "coordinates": [3.98626, 42.528099]}, "properties": {"var_data": [-0.152, 0.126, 0.061, 0.073, 1.961, -0.004, 1, 0, 1, 1, 1]}}, {"type": "Feature", "geometry": {"type": "Point", "coordinates": [3.35014, 42.555099]}, "properties": {"var_data": [-0.557, 0.045, 0.16, 0.04, 1.778, -0.006, 1, 1, 1, 1, 1]}}, {"type": "Feature", "geometry": {"type": "Point", "coordinates": [3.38548, 42.555099]}, "properties": {"var_data": [-0.804, 0.15, 0.224, 0.06, 2.312, -0.013, 4, 1, 4, 1, 1]}}, {"type": "Feature", "geometry": {"type": "Point", "coordinates": [3.42082, 42.555099]}, "properties": {"var_data": [-1.106, 0.324, 0.156, 0.044, 2.734, -0.007, 4, 1, 4, 1, 1]}}, {"type": "Feature", "geometry": {"type": "Point", "coordinates": [3.45616, 42.555099]}, "properties": {"var_data": [-1.361, 0.445, 0.458, 0.174, 4.436, -0.079, 4, 1, 4, 1, 1]}}, {"type": "Feature", "geometry": {"type": "Point", "coordinates": [3.4915, 42.555099]}, "properties": {"var_data": [-1.065, 0.44, 0.077, 0.032, 2.25, -0.002, 4, 1, 4, 1, 1]}}, {"type": "Feature", "geometry": {"type": "Point", "coordinates": [3.52684, 42.555099]}, "properties": {"var_data": [-1.4, 0.694, 0.075, 0.032, 1.984, -0.002, 1, 1, 1, 1, 1]}}, {"type": "Feature", "geometry": {"type": "Point", "coordinates": [3.56218, 42.555099]}, "properties": {"var_data": [-1.506, 0.824, 0.378, 0.178, 2.1, -0.067, 4, 0, 4, 1, 4]}}, {"type": "Feature", "geometry": {"type": "Point", "coordinates": [3.59752, 42.555099]}, "properties": {"var_data": [-1.18, 0.666, 0.118, 0.058, 1.993, -0.007, 1, 0, 1, 1, 1]}}, {"type": "Feature", "geometry": {"type": "Point", "coordinates": [3.63286, 42.555099]}, "properties": {"var_data": [-0.491, 0.326, 0.105, 0.058, 1.506, -0.006, 1, 0, 1, 1, 1]}}, {"type": "Feature", "geometry": {"type": "Point", "coordinates": [3.6682, 42.555099]}, "properties": {"var_data": [-0.212, 0.065, 0.018, 0.02, 1.875, -0.0, 1, 0, 1, 1, 1]}}, {"type": "Feature", "geometry": {"type": "Point", "coordinates": [3.70354, 42.555099]}, "properties": {"var_data": [-0.055, -0.045, 0.029, 0.037, 1.347, -0.001, 1, 0, 1, 1, 1]}}, {"type": "Feature", "geometry": {"type": "Point", "coordinates": [3.73888, 42.555099]}, "properties": {"var_data": [-0.003, -0.074, 0.028, 0.035, 1.316, -0.001, 1, 0, 1, 1, 1]}}, {"type": "Feature", "geometry": {"type": "Point", "coordinates": [3.77422, 42.555099]}, "properties": {"var_data": [0.011, -0.056, 0.038, 0.051, 1.244, -0.002, 1, 0, 1, 1, 1]}}, {"type": "Feature", "geometry": {"type": "Point", "coordinates": [3.80956, 42.555099]}, "properties": {"var_data": [0.071, -0.087, 0.08, 0.073, 1.121, -0.006, 1, 0, 1, 1, 1]}}, {"type": "Feature", "geometry": {"type": "Point", "coordinates": [3.8449, 42.555099]}, "properties": {"var_data": [0.002, 0.026, 0.092, 0.098, 1.393, -0.009, 1, 0, 1, 1, 1]}}, {"type": "Feature", "geometry": {"type": "Point", "coordinates": [3.88024, 42.555099]}, "properties": {"var_data": [-0.036, 0.07, 0.065, 0.055, 1.424, -0.004, 1, 0, 1, 1, 1]}}, {"type": "Feature", "geometry": {"type": "Point", "coordinates": [3.91558, 42.555099]}, "properties": {"var_data": [-0.087, 0.088, 0.063, 0.054, 1.339, -0.003, 1, 0, 1, 1, 1]}}, {"type": "Feature", "geometry": {"type": "Point", "coordinates": [3.95092, 42.555099]}, "properties": {"var_data": [-0.147, 0.102, 0.058, 0.05, 1.446, -0.003, 1, 0, 1, 1, 1]}}, {"type": "Feature", "geometry": {"type": "Point", "coordinates": [3.98626, 42.555099]}, "properties": {"var_data": [-0.106, 0.026, 0.062, 0.08, 2.614, -0.005, 4, 0, 4, 1, 1]}}, {"type": "Feature", "geometry": {"type": "Point", "coordinates": [3.38548, 42.5821]}, "properties": {"var_data": [-0.589, 0.088, 0.4, 0.103, 2.409, -0.041, 4, 1, 4, 1, 1]}}, {"type": "Feature", "geometry": {"type": "Point", "coordinates": [3.42082, 42.5821]}, "properties": {"var_data": [-0.904, 0.218, 0.245, 0.065, 2.768, -0.016, 4, 1, 4, 1, 1]}}, {"type": "Feature", "geometry": {"type": "Point", "coordinates": [3.45616, 42.5821]}, "properties": {"var_data": [-1.562, 0.539, 0.21, 0.077, 3.438, -0.016, 4, 4, 4, 1, 1]}}, {"type": "Feature", "geometry": {"type": "Point", "coordinates": [3.4915, 42.5821]}, "properties": {"var_data": [-1.349, 0.534, 0.292, 0.108, 3.111, -0.032, 4, 1, 4, 1, 1]}}, {"type": "Feature", "geometry": {"type": "Point", "coordinates": [3.52684, 42.5821]}, "properties": {"var_data": [-1.606, 0.773, 0.076, 0.032, 2.373, -0.002, 4, 4, 4, 1, 4]}}, {"type": "Feature", "geometry": {"type": "Point", "coordinates": [3.56218, 42.5821]}, "properties": {"var_data": [-1.444, 0.775, 0.075, 0.032, 1.987, -0.002, 1, 0, 1, 1, 1]}}, {"type": "Feature", "geometry": {"type": "Point", "coordinates": [3.59752, 42.5821]}, "properties": {"var_data": [-1.267, 0.753, 0.784, 0.371, 2.055, -0.29, 4, 0, 4, 1, 1]}}, {"type": "Feature", "geometry": {"type": "Point", "coordinates": [3.63286, 42.5821]}, "properties": {"var_data": [-0.609, 0.446, 0.039, 0.028, 2.042, -0.001, 4, 0, 4, 1, 1]}}, {"type": "Feature", "geometry": {"type": "Point", "coordinates": [3.6682, 42.5821]}, "properties": {"var_data": [-0.159, 0.055, 0.04, 0.051, 2.926, -0.002, 4, 0, 4, 1, 1]}}, {"type": "Feature", "geometry": {"type": "Point", "coordinates": [3.70354, 42.5821]}, "properties": {"var_data": [0.092, -0.113, 0.034, 0.043, 2.25, -0.001, 4, 0, 4, 1, 1]}}, {"type": "Feature", "geometry": {"type": "Point", "coordinates": [3.73888, 42.5821]}, "properties": {"var_data": [0.014, -0.076, 0.039, 0.052, 1.603, -0.002, 1, 0, 1, 1, 1]}}, {"type": "Feature", "geometry": {"type": "Point", "coordinates": [3.77422, 42.5821]}, "properties": {"var_data": [0.132, -0.182, 0.017, 0.017, 1.553, -0.0, 1, 0, 1, 1, 1]}}, {"type": "Feature", "geometry": {"type": "Point", "coordinates": [3.80956, 42.5821]}, "properties": {"var_data": [0.135, -0.147, 0.094, 0.067, 1.454, -0.006, 1, 0, 1, 1, 1]}}, {"type": "Feature", "geometry": {"type": "Point", "coordinates": [3.8449, 42.5821]}, "properties": {"var_data": [0.016, -0.049, 0.042, 0.035, 1.488, -0.001, 1, 0, 1, 1, 1]}}, {"type": "Feature", "geometry": {"type": "Point", "coordinates": [3.88024, 42.5821]}, "properties": {"var_data": [-0.096, 0.079, 0.065, 0.055, 1.596, -0.004, 1, 0, 1, 1, 1]}}, {"type": "Feature", "geometry": {"type": "Point", "coordinates": [3.91558, 42.5821]}, "properties": {"var_data": [-0.125, 0.112, 0.069, 0.059, 1.704, -0.004, 1, 0, 1, 1, 1]}}, {"type": "Feature", "geometry": {"type": "Point", "coordinates": [3.95092, 42.5821]}, "properties": {"var_data": [-0.172, 0.132, 0.069, 0.059, 2.03, -0.004, 4, 0, 4, 1, 1]}}, {"type": "Feature", "geometry": {"type": "Point", "coordinates": [3.38548, 42.6091]}, "properties": {"var_data": [-0.463, 0.052, 0.367, 0.095, 2.423, -0.035, 4, 0, 4, 1, 1]}}, {"type": "Feature", "geometry": {"type": "Point", "coordinates": [3.42082, 42.6091]}, "properties": {"var_data": [-0.705, 0.15, 0.249, 0.066, 3.023, -0.016, 4, 0, 4, 1, 1]}}, {"type": "Feature", "geometry": {"type": "Point", "coordinates": [3.45616, 42.6091]}, "properties": {"var_data": [-1.414, 0.485, 0.211, 0.077, 3.579, -0.016, 4, 0, 4, 1, 1]}}, {"type": "Feature", "geometry": {"type": "Point", "coordinates": [3.4915, 42.6091]}, "properties": {"var_data": [-1.682, 0.631, 0.21, 0.077, 3.733, -0.016, 4, 0, 4, 1, 4]}}, {"type": "Feature", "geometry": {"type": "Point", "coordinates": [3.52684, 42.6091]}, "properties": {"var_data": [-2.437, 1.077, 0.179, 0.067, 5.159, -0.012, 4, 0, 4, 1, 4]}}, {"type": "Feature", "geometry": {"type": "Point", "coordinates": [3.56218, 42.6091]}, "properties": {"var_data": [-1.356, 0.704, 0.128, 0.048, 2.611, -0.006, 4, 0, 4, 1, 1]}}, {"type": "Feature", "geometry": {"type": "Point", "coordinates": [3.59752, 42.6091]}, "properties": {"var_data": [-1.468, 0.863, 1.959, 0.925, 3.371, -1.811, 4, 0, 4, 1, 4]}}, {"type": "Feature", "geometry": {"type": "Point", "coordinates": [3.63286, 42.6091]}, "properties": {"var_data": [-0.567, 0.437, 0.041, 0.031, 2.656, -0.001, 4, 0, 4, 1, 1]}}, {"type": "Feature", "geometry": {"type": "Point", "coordinates": [3.6682, 42.6091]}, "properties": {"var_data": [-0.574, 0.443, 0.05, 0.042, 3.006, -0.002, 4, 0, 4, 1, 1]}}, {"type": "Feature", "geometry": {"type": "Point", "coordinates": [3.70354, 42.6091]}, "properties": {"var_data": [0.165, -0.041, 0.095, 0.088, 2.894, -0.008, 4, 0, 4, 1, 1]}}, {"type": "Feature", "geometry": {"type": "Point", "coordinates": [3.73888, 42.6091]}, "properties": {"var_data": [0.103, -0.098, 0.017, 0.016, 1.983, -0.0, 1, 0, 1, 1, 1]}}, {"type": "Feature", "geometry": {"type": "Point", "coordinates": [3.77422, 42.6091]}, "properties": {"var_data": [0.055, -0.086, 0.173, 0.123, 2.41, -0.021, 4, 0, 4, 1, 1]}}, {"type": "Feature", "geometry": {"type": "Point", "coordinates": [3.80956, 42.6091]}, "properties": {"var_data": [0.148, -0.196, 0.098, 0.07, 1.679, -0.007, 1, 0, 1, 1, 1]}}, {"type": "Feature", "geometry": {"type": "Point", "coordinates": [3.8449, 42.6091]}, "properties": {"var_data": [-0.021, -0.019, 0.044, 0.037, 1.706, -0.002, 1, 0, 1, 1, 1]}}, {"type": "Feature", "geometry": {"type": "Point", "coordinates": [3.88024, 42.6091]}, "properties": {"var_data": [-0.154, 0.087, 0.045, 0.037, 1.659, -0.002, 1, 0, 1, 1, 1]}}, {"type": "Feature", "geometry": {"type": "Point", "coordinates": [3.91558, 42.6091]}, "properties": {"var_data": [-0.172, 0.1, 0.13, 0.111, 2.461, -0.014, 4, 0, 4, 1, 1]}}, {"type": "Feature", "geometry": {"type": "Point", "coordinates": [3.95092, 42.6091]}, "properties": {"var_data": [-0.194, 0.16, 0.122, 0.104, 2.803, -0.013, 4, 0, 4, 1, 1]}}, {"type": "Feature", "geometry": {"type": "Point", "coordinates": [3.38548, 42.636101]}, "properties": {"var_data": [-0.241, 0.036, 0.288, 0.068, 4.328, -0.019, 4, 0, 4, 1, 1]}}, {"type": "Feature", "geometry": {"type": "Point", "coordinates": [3.42082, 42.636101]}, "properties": {"var_data": [-0.85, 0.202, 0.265, 0.064, 3.239, -0.016, 4, 0, 4, 1, 1]}}, {"type": "Feature", "geometry": {"type": "Point", "coordinates": [3.45616, 42.636101]}, "properties": {"var_data": [-1.057, 0.396, 0.226, 0.083, 3.539, -0.019, 4, 0, 4, 1, 1]}}, {"type": "Feature", "geometry": {"type": "Point", "coordinates": [3.4915, 42.636101]}, "properties": {"var_data": [-1.944, 0.829, 0.233, 0.085, 5.122, -0.02, 4, 0, 4, 1, 4]}}, {"type": "Feature", "geometry": {"type": "Point", "coordinates": [3.52684, 42.636101]}, "properties": {"var_data": [-2.643, 1.19, 1.979, 0.729, 6.791, -1.442, 4, 0, 4, 1, 4]}}, {"type": "Feature", "geometry": {"type": "Point", "coordinates": [3.56218, 42.636101]}, "properties": {"var_data": [-2.178, 1.047, 0.171, 0.064, 6.272, -0.011, 4, 0, 4, 1, 4]}}, {"type": "Feature", "geometry": {"type": "Point", "coordinates": [3.63286, 42.636101]}, "properties": {"var_data": [0.315, 0.065, 0.051, 0.042, 3.764, -0.002, 4, 0, 4, 4, 1]}}, {"type": "Feature", "geometry": {"type": "Point", "coordinates": [3.6682, 42.636101]}, "properties": {"var_data": [-0.188, 0.227, 0.049, 0.039, 2.955, -0.002, 4, 0, 4, 1, 1]}}, {"type": "Feature", "geometry": {"type": "Point", "coordinates": [3.70354, 42.636101]}, "properties": {"var_data": [0.173, -0.09, 0.096, 0.088, 4.155, -0.008, 4, 0, 4, 1, 1]}}, {"type": "Feature", "geometry": {"type": "Point", "coordinates": [3.73888, 42.636101]}, "properties": {"var_data": [0.124, -0.042, 0.105, 0.098, 5.091, -0.01, 4, 0, 4, 4, 1]}}, {"type": "Feature", "geometry": {"type": "Point", "coordinates": [3.77422, 42.636101]}, "properties": {"var_data": [-0.084, 0.016, 0.178, 0.126, 3.082, -0.022, 4, 0, 4, 1, 1]}}, {"type": "Feature", "geometry": {"type": "Point", "coordinates": [3.80956, 42.636101]}, "properties": {"var_data": [-0.228, 0.11, 0.174, 0.124, 3.082, -0.022, 4, 0, 4, 1, 1]}}, {"type": "Feature", "geometry": {"type": "Point", "coordinates": [3.8449, 42.636101]}, "properties": {"var_data": [-0.228, 0.11, 0.174, 0.124, 3.082, -0.022, 4, 0, 4, 1, 1]}}, {"type": "Feature", "geometry": {"type": "Point", "coordinates": [3.88024, 42.636101]}, "properties": {"var_data": [-0.27, 0.158, 0.045, 0.038, 1.97, -0.002, 1, 0, 1, 1, 1]}}, {"type": "Feature", "geometry": {"type": "Point", "coordinates": [3.91558, 42.636101]}, "properties": {"var_data": [-0.18, 0.111, 0.142, 0.121, 3.29, -0.017, 4, 0, 4, 1, 1]}}, {"type": "Feature", "geometry": {"type": "Point", "coordinates": [3.95092, 42.636101]}, "properties": {"var_data": [-0.28, 0.255, 0.145, 0.123, 3.283, -0.018, 4, 0, 4, 1, 1]}}, {"type": "Feature", "geometry": {"type": "Point", "coordinates": [3.42082, 42.663101]}, "properties": {"var_data": [-0.824, 0.237, 0.297, 0.071, 6.783, -0.02, 4, 0, 4, 1, 1]}}, {"type": "Feature", "geometry": {"type": "Point", "coordinates": [3.45616, 42.663101]}, "properties": {"var_data": [0.392, -0.008, 0.818, 0.228, 7.234, -0.185, 4, 0, 4, 1, 1]}}, {"type": "Feature", "geometry": {"type": "Point", "coordinates": [3.4915, 42.663101]}, "properties": {"var_data": [-3.01, 1.382, 1.992, 0.734, 7.296, -1.463, 4, 0, 4, 1, 4]}}, {"type": "Feature", "geometry": {"type": "Point", "coordinates": [3.52684, 42.663101]}, "properties": {"var_data": [-3.01, 1.382, 1.992, 0.734, 7.296, -1.463, 4, 0, 4, 1, 4]}}, {"type": "Feature", "geometry": {"type": "Point", "coordinates": [3.56218, 42.663101]}, "properties": {"var_data": [0.698, -0.052, 1.312, 0.484, 12.588, -0.635, 4, 0, 4, 1, 1]}}, {"type": "Feature", "geometry": {"type": "Point", "coordinates": [3.59752, 42.663101]}, "properties": {"var_data": [-1.299, 0.773, 0.215, 0.084, 5.712, -0.018, 4, 0, 4, 1, 1]}}, {"type": "Feature", "geometry": {"type": "Point", "coordinates": [3.63286, 42.663101]}, "properties": {"var_data": [-0.263, 0.246, 0.051, 0.042, 3.439, -0.002, 4, 0, 4, 1, 1]}}, {"type": "Feature", "geometry": {"type": "Point", "coordinates": [3.6682, 42.663101]}, "properties": {"var_data": [-0.272, 0.159, 0.101, 0.093, 3.317, -0.009, 4, 0, 4, 1, 1]}}, {"type": "Feature", "geometry": {"type": "Point", "coordinates": [3.70354, 42.663101]}, "properties": {"var_data": [0.102, -0.151, 0.105, 0.098, 5.074, -0.01, 4, 0, 4, 1, 1]}}, {"type": "Feature", "geometry": {"type": "Point", "coordinates": [3.73888, 42.663101]}, "properties": {"var_data": [-0.509, 0.262, 0.478, 0.293, 5.061, -0.139, 4, 0, 4, 1, 1]}}, {"type": "Feature", "geometry": {"type": "Point", "coordinates": [3.77422, 42.663101]}, "properties": {"var_data": [-0.478, 0.298, 0.292, 0.207, 4.688, -0.061, 4, 0, 4, 1, 1]}}, {"type": "Feature", "geometry": {"type": "Point", "coordinates": [3.80956, 42.663101]}, "properties": {"var_data": [-0.514, 0.327, 0.273, 0.195, 3.717, -0.053, 4, 0, 4, 1, 1]}}, {"type": "Feature", "geometry": {"type": "Point", "coordinates": [3.8449, 42.663101]}, "properties": {"var_data": [-0.544, 0.335, 0.277, 0.197, 3.769, -0.055, 4, 0, 4, 4, 1]}}, {"type": "Feature", "geometry": {"type": "Point", "coordinates": [3.88024, 42.663101]}, "properties": {"var_data": [-0.588, 0.397, 0.278, 0.199, 4.355, -0.055, 4, 0, 4, 4, 1]}}, {"type": "Feature", "geometry": {"type": "Point", "coordinates": [3.4915, 42.690102]}, "properties": {"var_data": [2.789, -0.839, 2.249, 0.829, 17.929, -1.864, 4, 0, 4, 4, 4]}}, {"type": "Feature", "geometry": {"type": "Point", "coordinates": [3.52684, 42.690102]}, "properties": {"var_data": [2.789, -0.839, 2.249, 0.829, 17.929, -1.864, 4, 0, 4, 4, 4]}}, {"type": "Feature", "geometry": {"type": "Point", "coordinates": [3.56218, 42.690102]}, "properties": {"var_data": [-1.127, 0.685, 0.757, 0.279, 5.044, -0.211, 4, 0, 4, 1, 1]}}, {"type": "Feature", "geometry": {"type": "Point", "coordinates": [3.70354, 42.690102]}, "properties": {"var_data": [-0.441, 0.195, 0.473, 0.291, 4.658, -0.136, 4, 0, 4, 1, 1]}}, {"type": "Feature", "geometry": {"type": "Point", "coordinates": [3.73888, 42.690102]}, "properties": {"var_data": [-0.509, 0.262, 0.478, 0.293, 5.061, -0.139, 4, 0, 4, 1, 1]}}, {"type": "Feature", "geometry": {"type": "Point", "coordinates": [3.77422, 42.690102]}, "properties": {"var_data": [-0.907, 0.552, 0.583, 0.351, 4.745, -0.203, 4, 0, 4, 1, 1]}}], "metadata": {"acknowledgment": "ICATMAR HF Radar Network has been established with the support of the European Maritime and Fisheries Fund, the European Maritime, Fisheries and Aquaculture Fund, the Government of Catalonia and funds from the Interreg POCTEFA AFLE program through the OPALE project (EFA146/03, 2025-2027). The network has been designed, implemented and managed through the efforts of: the Direcci\u00f3 General de Pol\u00edtica Mar\u00edtima i Pesca Sostenible (Government of Catalonia), the Institut de Ci\u00e8ncies del Mar (CSIC, Barcelona), and Centre de Formation et de Recherche sur l'Environnement Marin (CEFREM, Perpignan).", "area": "Mediterranean Sea", "citation": "These data were collected and made freely available by ICATMAR and the programs that contribute to it. Data was collected by the Government of Catalonia and CEFREM (France), and processed by ICATMAR with the support of the European Maritime, Fisheries and Aquaculture Fund (EMFAF) and the Climatic Funds Program of the Government of Catalonia.", "Conventions": "CF-1.10", "date_created": "2026-06-15T01:56:31Z", "date_modified": "2026-06-15T01:56:31Z", "distribution_statement": "These data follow Copernicus standards; they are public and free of charge. User assumes all risk for use of data. User must display citation in any publication or product using data. User must contact ICATMAR prior to any commercial use of data.", "doi": "https://doi.org/10.20350/digitalCSIC/18102", "dataset_version": "v2", "geospatial_lat_min": "39.5851", "geospatial_lat_max": "43.4731", "geospatial_lat_resolution": "0.027", "geospatial_lat_units": "degrees_north", "geospatial_lon_min": "0.06352", "geospatial_lon_max": "4.26898", "geospatial_lon_resolution": "0.03534", "geospatial_lon_units": "degrees_east", "geospatial_vertical_min": "0", "geospatial_vertical_max": "0.75", "geospatial_vertical_units": "m", "history": "2026-06-15T01:56:31Z data collected.2026-06-15T01:56:31Z NetCDF file created", "id": "HFR_ICATMAR_Total_2026-06-15T01:56:31Z", "institution": "Catalan Institute of Research for the Governance of the Sea", "institution_edmo_code": "5801", "L2_source_files": "RDLm_CREU_2026_06_14_2000_l2b.ruv; RDLm_BEGU_2026_06_14_2000_l2b.ruv; RDLm_AREN_2026_06_14_2000_l2b.ruv; RDLm_PBCN_2026_06_14_2000_l2b.ruv; RDLm_GNST_2026_06_14_2000_l2b.ruv; RDLm_TOSS_2026_06_14_2000_l2b.ruv; RDLm_SCAL_2026_06_14_2000_l2b.ruv", "license": "HF radar sea surface current velocity dataset by ICATMAR is licensed under a Creative Commons Attribution 4.0 International License. You should have received a copy of the license along with this work. If not, see http://creativecommons.org/licenses/by/4.0/.", "processing_level": "3B", "publisher_name": "ICATMAR", "publisher_email": "info@icatmar.cat", "publisher_url": "https://icatmar.cat", "references": "Quir\u00f3s-Collazos, L.; Bueno-Herrero, C.; Mart\u00ednez, J.; Llorach-T\u00f3, G.; Gonz\u00e1lez-Haro, C.; Ribera-Altamir, J.; Ballabrera, J.; Garc\u00eda-Ladona, E.; Isern-Fontanet, J.: Level 3 velocity products from ICATMAR High-Frequency Radar network. 2024, ICATMAR Technical Report, number 3, pp:27. https://doi.org/10.20350/digitalCSIC/17191", "radials_combination_software": "merge_radials version 0.6 release 2026-02-23", "radials_combination_method": "unweighted least squares", "radials_combination_averaging_radius": "6100 m", "radials_combination_distance_method": "haversine version 1.0 release 2023-02-27 as defined in merge_radials 0.6", "radials_combination_grid": "hfradar_totals_grid_icatmar.nc version 2.1 release 2026-03-05", "source": "Surface ocean velocity field from HF-radar", "time_coverage_start": "2026-06-14T19:25:00Z", "time_coverage_end": "2026-06-14T20:40:00Z", "time_coverage_resolution": "PT1H", "title": "Near Real Time Surface Ocean Velocity", "var_names": ["u", "v", "stdu", "stdv", "gdop", "cov", "qcflag", "vart_qc", "gdop_qc", "ddns_qc", "cspd_qc"], "var_lnames": ["Surface Eastward Sea Water Velocity", "Surface Nortward Sea Water Velocity", "Standard Deviation Of Surface Eastward Sea Water Velocity", "Standard Deviation Of Surface Northward Sea Water Velocity", "Geometrical Dilution Of Precision", "Covariance Of Surface Sea Water Velocity", "Overall quality flag", "Variance threshold quality flag", "GDOP threshold quality flag", "Data density threshold quality flag", "Velocity threshold quality flag"], "var_units": ["m s-1", "m s-1", "m s-1", "m s-1", "1", "m2 s-2", "1", "1", "1", "1", "1"], "var_time": "2026-06-14T20:00:00Z"}}